sim_time_s,wall_time,truck_id,x_m,y_m,speed_kmh,accel_ms2,cargo_kg,op_state,current_node,target_node,fuel_L_step,co2_kg_step
2.01,2026-05-23T13:13:29.164,1,650.063,315.96,7.236,1.0,0.0,GOING_TO_ENDPOINT,dump_zone_9,load_zone_26,0.006705,0.017969
2.01,2026-05-23T13:13:29.164,2,-49.783,735.966,7.236,1.0,0.0,GOING_TO_ENDPOINT,dump_zone_18,load_zone_22,0.006705,0.017969
2.01,2026-05-23T13:13:29.164,3,699.937,184.04,7.236,1.0,0.0,GOING_TO_ENDPOINT,dump_zone_4,load_zone_26,0.006705,0.017969
3.06,2026-05-23T13:13:30.127,1,650.86,313.451,10.882,1.0,0.0,GOING_TO_ENDPOINT,dump_zone_9,load_zone_26,0.000291,0.00078
3.06,2026-05-23T13:13:30.127,2,-49.188,733.344,11.016,1.0,0.0,GOING_TO_ENDPOINT,dump_zone_18,load_zone_22,0.000291,0.00078
3.06,2026-05-23T13:13:30.127,3,699.13,186.544,10.882,1.0,0.0,GOING_TO_ENDPOINT,dump_zone_4,load_zone_26,0.000291,0.00078
4.064,2026-05-23T13:13:31.191,1,652.131,310.17,13.864,0.442,0.0,GOING_TO_ENDPOINT,dump_zone_9,load_zone_26,5.3e-05,0.000142
4.064,2026-05-23T13:13:31.191,2,-48.225,729.867,14.63,1.0,0.0,GOING_TO_ENDPOINT,dump_zone_18,load_zone_22,5.9e-05,0.000158
4.064,2026-05-23T13:13:31.191,3,697.875,189.807,13.637,0.34,0.0,GOING_TO_ENDPOINT,dump_zone_4,load_zone_26,5.3e-05,0.000142
5.12,2026-05-23T13:13:32.187,1,652.523,306.096,13.477,-0.5,0.0,GOING_TO_ENDPOINT,dump_zone_9,load_zone_26,0.00018,0.000482
5.12,2026-05-23T13:13:32.187,2,-47.589,725.041,18.432,1.0,0.0,GOING_TO_ENDPOINT,dump_zone_18,load_zone_22,0.000231,0.000619
5.12,2026-05-23T13:13:32.187,3,697.48,193.757,12.931,-0.5,0.0,GOING_TO_ENDPOINT,dump_zone_4,load_zone_26,0.00018,0.000482
6.14,2026-05-23T13:13:33.281,1,652.506,302.551,11.641,-0.5,0.0,GOING_TO_ENDPOINT,dump_zone_9,load_zone_26,0.000312,0.000836
6.14,2026-05-23T13:13:33.281,2,-47.493,719.329,21.425,0.453,0.0,GOING_TO_ENDPOINT,dump_zone_18,load_zone_22,0.000368,0.000986
6.14,2026-05-23T13:13:33.281,3,697.48,197.147,11.095,-0.5,0.0,GOING_TO_ENDPOINT,dump_zone_4,load_zone_26,0.000312,0.000836
7.166,2026-05-23T13:13:34.233,1,651.91,299.591,9.966,-0.214,0.0,GOING_TO_ENDPOINT,dump_zone_9,load_zone_26,0.000183,0.00049
7.166,2026-05-23T13:13:34.233,2,-47.499,713.18,21.125,-0.5,0.0,GOING_TO_ENDPOINT,dump_zone_18,load_zone_22,0.000183,0.00049
7.166,2026-05-23T13:13:34.233,3,696.818,200.016,10.562,0.33,0.0,GOING_TO_ENDPOINT,dump_zone_4,load_zone_26,0.000196,0.000525
8.17,2026-05-23T13:13:35.237,1,649.963,297.805,9.037,-0.5,0.0,GOING_TO_ENDPOINT,dump_zone_9,load_zone_26,0.000267,0.000716
8.17,2026-05-23T13:13:35.237,2,-47.5,707.553,19.318,-0.5,0.0,GOING_TO_ENDPOINT,dump_zone_18,load_zone_22,0.000267,0.000716
8.17,2026-05-23T13:13:35.237,3,694.118,201.748,13.423,1.0,0.0,GOING_TO_ENDPOINT,dump_zone_4,load_zone_26,0.000322,0.000863
9.237,2026-05-23T13:13:36.304,1,647.546,297.445,8.189,0.24,0.0,GOING_TO_ENDPOINT,dump_zone_9,load_zone_26,0.000273,0.000732
9.237,2026-05-23T13:13:36.304,2,-47.502,702.127,17.397,-0.5,0.0,GOING_TO_ENDPOINT,dump_zone_18,load_zone_22,0.000261,0.000699
9.237,2026-05-23T13:13:36.304,3,689.875,200.349,17.264,1.0,0.0,GOING_TO_ENDPOINT,dump_zone_4,load_zone_26,0.000331,0.000887
10.246,2026-05-23T13:13:37.313,1,644.947,297.674,10.835,1.0,0.0,GOING_TO_ENDPOINT,dump_zone_9,load_zone_26,0.000179,0.00048
10.246,2026-05-23T13:13:37.313,2,-47.25,697.526,15.581,-0.5,0.0,GOING_TO_ENDPOINT,dump_zone_18,load_zone_22,0.000153,0.00041
10.246,2026-05-23T13:13:37.313,3,684.818,198.562,20.896,1.0,0.0,GOING_TO_ENDPOINT,dump_zone_4,load_zone_26,0.000202,0.000541
11.249,2026-05-23T13:13:38.316,1,641.413,298.045,14.445,1.0,0.0,GOING_TO_ENDPOINT,dump_zone_9,load_zone_26,0.000286,0.000766
11.249,2026-05-23T13:13:38.316,2,-46.272,693.577,13.775,-0.5,0.0,GOING_TO_ENDPOINT,dump_zone_18,load_zone_22,0.000234,0.000627
11.249,2026-05-23T13:13:38.316,3,678.551,197.608,24.405,0.792,0.0,GOING_TO_ENDPOINT,dump_zone_4,load_zone_26,0.000307,0.000823
12.263,2026-05-23T13:13:39.401,1,636.831,298.595,18.096,1.0,0.0,GOING_TO_ENDPOINT,dump_zone_9,load_zone_26,6.5e-05,0.000174
12.263,2026-05-23T13:13:39.401,2,-44.886,690.202,12.512,-0.044,0.0,GOING_TO_ENDPOINT,dump_zone_18,load_zone_22,5.2e-05,0.000139
12.263,2026-05-23T13:13:39.401,3,671.353,197.493,26.029,-0.022,0.0,GOING_TO_ENDPOINT,dump_zone_4,load_zone_26,5.4e-05,0.000145
13.306,2026-05-23T13:13:40.374,1,631.09,299.382,21.428,0.6114,0.0,GOING_TO_ENDPOINT,dump_zone_9,load_zone_26,0.000261,0.000699
13.306,2026-05-23T13:13:40.374,2,-43.145,686.958,12.983,0.2804,0.0,GOING_TO_ENDPOINT,dump_zone_18,load_zone_22,0.00023,0.000616
13.306,2026-05-23T13:13:40.374,3,664.015,197.5,24.499,-0.5,0.0,GOING_TO_ENDPOINT,dump_zone_4,load_zone_26,0.000213,0.000571
14.306,2026-05-23T13:13:41.429,1,625.071,300.21,21.706,-0.3886,0.0,GOING_TO_ENDPOINT,dump_zone_9,load_zone_26,0.000303,0.000812
14.306,2026-05-23T13:13:41.429,2,-41.16,683.837,13.399,-0.0661,0.0,GOING_TO_ENDPOINT,dump_zone_18,load_zone_22,0.00031,0.000831
14.306,2026-05-23T13:13:41.429,3,657.475,197.501,22.722,-0.5,0.0,GOING_TO_ENDPOINT,dump_zone_4,load_zone_26,0.000303,0.000812
15.374,2026-05-23T13:13:42.441,1,618.972,300.903,19.797,-0.5,0.0,GOING_TO_ENDPOINT,dump_zone_9,load_zone_26,0.000258,0.000691
15.374,2026-05-23T13:13:42.441,2,-38.782,680.599,13.786,0.229,0.0,GOING_TO_ENDPOINT,dump_zone_18,load_zone_22,0.000278,0.000745
15.374,2026-05-23T13:13:42.441,3,651.034,197.494,20.854,-0.5,0.0,GOING_TO_ENDPOINT,dump_zone_4,load_zone_26,0.000258,0.000691
16.413,2026-05-23T13:13:43.480,1,613.554,301.187,17.927,-0.5,0.0,GOING_TO_ENDPOINT,dump_zone_9,load_zone_26,0.000228,0.000611
16.413,2026-05-23T13:13:43.480,2,-36.024,677.307,16.122,0.856,0.0,GOING_TO_ENDPOINT,dump_zone_18,load_zone_22,0.000278,0.000745
16.413,2026-05-23T13:13:43.480,3,645.29,197.289,19.237,-0.192,0.0,GOING_TO_ENDPOINT,dump_zone_4,load_zone_26,0.000228,0.000611
17.481,2026-05-23T13:13:44.548,1,608.551,300.921,16.004,-0.5,0.0,GOING_TO_ENDPOINT,dump_zone_9,load_zone_26,0.000249,0.000667
17.481,2026-05-23T13:13:44.548,2,-32.477,673.547,18.017,0.018,0.0,GOING_TO_ENDPOINT,dump_zone_18,load_zone_22,0.000261,0.000699
17.481,2026-05-23T13:13:44.548,3,639.557,196.716,19.813,0.1397,0.0,GOING_TO_ENDPOINT,dump_zone_4,load_zone_26,0.00027,0.000724
18.566,2026-05-23T13:13:45.632,1,604.207,299.767,14.051,-0.5,0.0,GOING_TO_ENDPOINT,dump_zone_9,load_zone_26,0.000267,0.000716
18.566,2026-05-23T13:13:45.632,2,-28.514,669.834,18.001,-0.0869,0.0,GOING_TO_ENDPOINT,dump_zone_18,load_zone_22,0.000274,0.000734
18.566,2026-05-23T13:13:45.632,3,633.758,195.947,18.688,-0.498,0.0,GOING_TO_ENDPOINT,dump_zone_4,load_zone_26,0.000267,0.000716
19.568,2026-05-23T13:13:46.724,1,601.334,297.586,12.248,-0.5,0.0,GOING_TO_ENDPOINT,dump_zone_9,load_zone_26,4.8e-05,0.000129
19.568,2026-05-23T13:13:46.724,2,-24.77,666.694,17.312,-0.2049,0.0,GOING_TO_ENDPOINT,dump_zone_18,load_zone_22,4.8e-05,0.000129
19.568,2026-05-23T13:13:46.724,3,628.828,195.252,17.355,-0.3853,0.0,GOING_TO_ENDPOINT,dump_zone_4,load_zone_26,4.8e-05,0.000129
20.581,2026-05-23T13:13:47.647,1,599.901,294.779,10.424,-0.5,0.0,GOING_TO_ENDPOINT,dump_zone_9,load_zone_26,0.000231,0.000619
20.581,2026-05-23T13:13:47.647,2,-20.989,663.83,16.549,-0.3359,0.0,GOING_TO_ENDPOINT,dump_zone_18,load_zone_22,0.000231,0.000619
20.581,2026-05-23T13:13:47.647,3,624.248,194.648,15.611,-0.5,0.0,GOING_TO_ENDPOINT,dump_zone_4,load_zone_26,0.000231,0.000619
21.668,2026-05-23T13:13:48.735,1,599.237,291.933,9.598,0.253,0.0,GOING_TO_ENDPOINT,dump_zone_9,load_zone_26,0.000291,0.00078
21.668,2026-05-23T13:13:48.735,2,-17.057,661.146,15.289,-0.3707,0.0,GOING_TO_ENDPOINT,dump_zone_18,load_zone_22,0.000276,0.00074
21.668,2026-05-23T13:13:48.735,3,619.798,194.169,14.302,-0.3008,0.0,GOING_TO_ENDPOINT,dump_zone_4,load_zone_26,0.000276,0.00074
22.705,2026-05-23T13:13:49.772,1,598.905,288.82,12.39,0.897,0.0,GOING_TO_ENDPOINT,dump_zone_9,load_zone_26,0.000303,0.000812
22.705,2026-05-23T13:13:49.772,2,-13.283,658.847,15.985,0.6663,0.0,GOING_TO_ENDPOINT,dump_zone_18,load_zone_22,0.000304,0.000815
22.705,2026-05-23T13:13:49.772,3,615.836,193.9,13.157,-0.5,0.0,GOING_TO_ENDPOINT,dump_zone_4,load_zone_26,0.000258,0.000691
23.77,2026-05-23T13:13:50.836,1,598.814,284.651,15.523,0.8011,0.0,GOING_TO_ENDPOINT,dump_zone_9,load_zone_26,0.000302,0.000809
23.77,2026-05-23T13:13:50.836,2,-8.921,656.483,16.997,-0.1547,0.0,GOING_TO_ENDPOINT,dump_zone_18,load_zone_22,0.000254,0.000681
23.77,2026-05-23T13:13:50.836,3,612.25,193.838,11.24,-0.5,0.0,GOING_TO_ENDPOINT,dump_zone_4,load_zone_26,0.000252,0.000675
24.777,2026-05-23T13:13:51.932,1,598.998,279.835,18.78,0.8278,0.0,GOING_TO_ENDPOINT,dump_zone_9,load_zone_26,6e-05,0.000161
24.777,2026-05-23T13:13:51.932,2,-4.771,654.537,15.92,-0.308,0.0,GOING_TO_ENDPOINT,dump_zone_18,load_zone_22,4.8e-05,0.000129
24.777,2026-05-23T13:13:51.932,3,609.415,194.21,9.428,-0.5,0.0,GOING_TO_ENDPOINT,dump_zone_4,load_zone_26,4.8e-05,0.000129
25.848,2026-05-23T13:13:53.002,1,599.522,273.776,21.398,0.2597,0.0,GOING_TO_ENDPOINT,dump_zone_9,load_zone_26,0.000365,0.000978
25.848,2026-05-23T13:13:53.002,2,-0.646,652.907,14.027,-0.5,0.0,GOING_TO_ENDPOINT,dump_zone_18,load_zone_22,0.000324,0.000868
25.848,2026-05-23T13:13:53.002,3,607.182,195.306,7.543,-0.392,0.0,GOING_TO_ENDPOINT,dump_zone_4,load_zone_26,0.000324,0.000868
26.887,2026-05-23T13:13:53.954,1,600.269,267.721,20.458,-0.5,0.0,GOING_TO_ENDPOINT,dump_zone_9,load_zone_26,0.000252,0.000675
26.887,2026-05-23T13:13:53.954,2,2.953,651.767,12.429,-0.189,0.0,GOING_TO_ENDPOINT,dump_zone_18,load_zone_22,0.000252,0.000675
26.887,2026-05-23T13:13:53.954,3,605.5,196.248,5.956,-0.389,0.0,GOING_TO_ENDPOINT,dump_zone_4,load_zone_26,0.000252,0.000675
27.963,2026-05-23T13:13:55.107,1,601.087,261.976,18.521,-0.5,0.0,GOING_TO_ENDPOINT,dump_zone_9,load_zone_26,0.000324,0.000868
27.963,2026-05-23T13:13:55.107,2,6.653,650.885,13.414,0.651,0.0,GOING_TO_ENDPOINT,dump_zone_18,load_zone_22,0.000372,0.000997
27.963,2026-05-23T13:13:55.107,3,604.04,196.944,5.168,-0.0585,0.0,GOING_TO_ENDPOINT,dump_zone_4,load_zone_26,0.000327,0.000876
29.033,2026-05-23T13:13:56.196,1,601.824,256.831,16.632,-0.5,0.0,GOING_TO_ENDPOINT,dump_zone_9,load_zone_26,0.000321,0.00086
29.033,2026-05-23T13:13:56.196,2,10.913,650.145,15.535,0.7121,0.0,GOING_TO_ENDPOINT,dump_zone_18,load_zone_22,0.00038,0.001018
29.033,2026-05-23T13:13:56.196,3,602.63,197.622,5.513,0.0988,0.0,GOING_TO_ENDPOINT,dump_zone_4,load_zone_26,0.000328,0.000879
30.112,2026-05-23T13:13:57.240,1,602.336,252.187,14.814,-0.286,0.0,GOING_TO_ENDPOINT,dump_zone_9,load_zone_26,0.000321,0.00086
30.112,2026-05-23T13:13:57.240,2,15.856,649.551,17.427,0.5311,0.0,GOING_TO_ENDPOINT,dump_zone_18,load_zone_22,0.000374,0.001002
30.112,2026-05-23T13:13:57.240,3,601.144,198.292,5.141,-0.428,0.0,GOING_TO_ENDPOINT,dump_zone_4,load_zone_26,0.000321,0.00086
31.157,2026-05-23T13:13:58.224,1,602.357,248.035,13.873,-0.069,0.0,GOING_TO_ENDPOINT,dump_zone_9,load_zone_26,0.000236,0.000632
31.157,2026-05-23T13:13:58.224,2,21.186,649.139,18.896,0.2881,0.0,GOING_TO_ENDPOINT,dump_zone_18,load_zone_22,0.000258,0.000691
31.157,2026-05-23T13:13:58.224,3,599.938,198.531,3.828,0.02,0.0,GOING_TO_ENDPOINT,dump_zone_4,load_zone_26,0.000233,0.000624
32.203,2026-05-23T13:13:59.270,1,601.939,243.838,15.702,0.977,0.0,GOING_TO_ENDPOINT,dump_zone_9,load_zone_26,0.000297,0.000796
32.203,2026-05-23T13:13:59.270,2,27.01,648.896,21.208,0.7201,0.0,GOING_TO_ENDPOINT,dump_zone_18,load_zone_22,0.0003,0.000804
32.203,2026-05-23T13:13:59.270,3,598.604,198.368,5.974,1.0,0.0,GOING_TO_ENDPOINT,dump_zone_4,load_zone_26,0.000262,0.000702
33.211,2026-05-23T13:14:00.278,1,601.235,238.965,19.331,1.0,0.0,GOING_TO_ENDPOINT,dump_zone_9,load_zone_26,6.6e-05,0.000177
33.211,2026-05-23T13:14:00.278,2,33.4,648.813,24.474,0.887,0.0,GOING_TO_ENDPOINT,dump_zone_18,load_zone_22,6.8e-05,0.000182
33.211,2026-05-23T13:14:00.278,3,596.771,197.203,9.603,1.0,0.0,GOING_TO_ENDPOINT,dump_zone_4,load_zone_26,5.9e-05,0.000158
34.284,2026-05-23T13:14:01.351,1,600.343,232.787,21.761,0.142,0.0,GOING_TO_ENDPOINT,dump_zone_9,load_zone_26,0.000289,0.000775
34.284,2026-05-23T13:14:01.351,2,41.159,648.907,27.08,0.5298,0.0,GOING_TO_ENDPOINT,dump_zone_18,load_zone_22,0.000331,0.000887
34.284,2026-05-23T13:14:01.351,3,595.85,193.967,13.466,1.0,0.0,GOING_TO_ENDPOINT,dump_zone_4,load_zone_26,0.000319,0.000855
35.371,2026-05-23T13:14:02.437,1,599.544,226.415,20.464,-0.5,0.0,GOING_TO_ENDPOINT,dump_zone_9,load_zone_26,0.000279,0.000748
35.371,2026-05-23T13:14:02.437,2,49.628,649.215,28.848,0.2648,0.0,GOING_TO_ENDPOINT,dump_zone_18,load_zone_22,0.000327,0.000876
35.371,2026-05-23T13:14:02.437,3,598.221,189.966,17.379,1.0,0.0,GOING_TO_ENDPOINT,dump_zone_4,load_zone_26,0.000354,0.000949
36.442,2026-05-23T13:14:03.510,1,599.031,220.659,18.536,-0.5,0.0,GOING_TO_ENDPOINT,dump_zone_9,load_zone_26,0.000243,0.000651
36.442,2026-05-23T13:14:03.510,2,58.228,649.678,28.735,-0.1872,0.0,GOING_TO_ENDPOINT,dump_zone_18,load_zone_22,0.000244,0.000654
36.442,2026-05-23T13:14:03.510,3,600.91,184.853,21.235,1.0,0.0,GOING_TO_ENDPOINT,dump_zone_4,load_zone_26,0.000323,0.000866
37.501,2026-05-23T13:14:04.568,1,598.822,215.507,16.63,-0.5,0.0,GOING_TO_ENDPOINT,dump_zone_9,load_zone_26,0.000189,0.000507
37.501,2026-05-23T13:14:04.568,2,66.464,650.226,27.207,-0.5,0.0,GOING_TO_ENDPOINT,dump_zone_18,load_zone_22,0.000189,0.000507
37.501,2026-05-23T13:14:04.568,3,602.329,178.2,25.047,1.0,0.0,GOING_TO_ENDPOINT,dump_zone_4,load_zone_26,0.000262,0.000702
38.518,2026-05-23T13:14:05.585,1,598.947,211.085,14.799,-0.5,0.0,GOING_TO_ENDPOINT,dump_zone_9,load_zone_26,5.4e-05,0.000145
38.518,2026-05-23T13:14:05.585,2,73.857,650.78,25.376,-0.5,0.0,GOING_TO_ENDPOINT,dump_zone_18,load_zone_22,5.4e-05,0.000145
38.518,2026-05-23T13:14:05.585,3,602.5,170.582,28.708,1.0,0.0,GOING_TO_ENDPOINT,dump_zone_4,load_zone_26,7.8e-05,0.000209
39.559,2026-05-23T13:14:06.626,1,599.478,207.128,12.926,-0.5,0.0,GOING_TO_ENDPOINT,dump_zone_9,load_zone_26,0.000213,0.000571
39.559,2026-05-23T13:14:06.626,2,80.888,651.337,23.502,-0.5,0.0,GOING_TO_ENDPOINT,dump_zone_18,load_zone_22,0.000213,0.000571
39.559,2026-05-23T13:14:06.626,3,602.5,161.967,30.0,0.071,0.0,GOING_TO_ENDPOINT,dump_zone_4,load_zone_26,0.000235,0.00063
40.635,2026-05-23T13:14:07.702,1,600.556,203.746,10.989,-0.5,0.0,GOING_TO_ENDPOINT,dump_zone_9,load_zone_26,0.000231,0.000619
40.635,2026-05-23T13:14:07.702,2,87.588,651.855,21.566,-0.5,0.0,GOING_TO_ENDPOINT,dump_zone_18,load_zone_22,0.000231,0.000619
40.635,2026-05-23T13:14:07.702,3,602.5,153.054,29.498,-0.339,0.0,GOING_TO_ENDPOINT,dump_zone_4,load_zone_26,0.000231,0.000619
41.64,2026-05-23T13:14:08.778,1,601.812,201.242,9.216,-0.484,0.0,GOING_TO_ENDPOINT,dump_zone_9,load_zone_26,4.8e-05,0.000129
41.64,2026-05-23T13:14:08.778,2,93.328,652.252,19.757,-0.5,0.0,GOING_TO_ENDPOINT,dump_zone_18,load_zone_22,4.8e-05,0.000129
41.64,2026-05-23T13:14:08.778,3,602.5,145.027,28.143,-0.2244,0.0,GOING_TO_ENDPOINT,dump_zone_4,load_zone_26,4.8e-05,0.000129
42.68,2026-05-23T13:14:09.747,1,602.403,198.899,7.712,-0.193,0.0,GOING_TO_ENDPOINT,dump_zone_9,load_zone_26,0.000237,0.000635
42.68,2026-05-23T13:14:09.747,2,98.742,652.418,17.885,-0.5,0.0,GOING_TO_ENDPOINT,dump_zone_18,load_zone_22,0.000237,0.000635
42.68,2026-05-23T13:14:09.747,3,602.5,136.85,28.66,0.2116,0.0,GOING_TO_ENDPOINT,dump_zone_4,load_zone_26,0.000273,0.000732
43.688,2026-05-23T13:14:10.755,1,602.548,196.641,8.974,0.815,0.0,GOING_TO_ENDPOINT,dump_zone_9,load_zone_26,5.7e-05,0.000153
43.688,2026-05-23T13:14:10.755,2,103.33,651.364,16.07,-0.5,0.0,GOING_TO_ENDPOINT,dump_zone_18,load_zone_22,5.1e-05,0.000137
43.688,2026-05-23T13:14:10.755,3,602.5,128.702,29.204,-0.148,0.0,GOING_TO_ENDPOINT,dump_zone_4,load_zone_26,5.2e-05,0.000139
44.764,2026-05-23T13:14:11.831,1,602.527,193.364,12.801,1.0,0.0,GOING_TO_ENDPOINT,dump_zone_9,load_zone_26,0.000295,0.000791
44.764,2026-05-23T13:14:11.831,2,107.61,649.986,14.164,-0.401,0.0,GOING_TO_ENDPOINT,dump_zone_18,load_zone_22,0.000246,0.000659
44.764,2026-05-23T13:14:11.831,3,602.5,120.005,29.13,0.0148,0.0,GOING_TO_ENDPOINT,dump_zone_4,load_zone_26,0.000266,0.000713
45.772,2026-05-23T13:14:12.905,1,602.51,189.243,16.43,1.0,0.0,GOING_TO_ENDPOINT,dump_zone_9,load_zone_26,6e-05,0.000161
45.772,2026-05-23T13:14:12.905,2,111.329,649.273,13.244,-0.001,0.0,GOING_TO_ENDPOINT,dump_zone_18,load_zone_22,5e-05,0.000134
45.772,2026-05-23T13:14:12.905,3,602.5,111.86,29.259,0.2477,0.0,GOING_TO_ENDPOINT,dump_zone_4,load_zone_26,5.6e-05,0.00015
46.832,2026-05-23T13:14:13.899,1,602.501,183.813,20.246,1.0,0.0,GOING_TO_ENDPOINT,dump_zone_9,load_zone_26,0.000382,0.001024
46.832,2026-05-23T13:14:13.899,2,115.43,648.901,15.148,0.859,0.0,GOING_TO_ENDPOINT,dump_zone_18,load_zone_22,0.000351,0.000941
46.832,2026-05-23T13:14:13.899,3,602.5,103.117,29.762,-0.1963,0.0,GOING_TO_ENDPOINT,dump_zone_4,load_zone_26,0.000291,0.00078
47.906,2026-05-23T13:14:15.050,1,602.5,177.154,24.113,1.0,0.0,GOING_TO_ENDPOINT,dump_zone_9,load_zone_26,0.000445,0.001193
47.906,2026-05-23T13:14:15.050,2,120.499,648.85,18.138,0.346,0.0,GOING_TO_ENDPOINT,dump_zone_18,load_zone_22,0.000365,0.000978
47.906,2026-05-23T13:14:15.050,3,602.5,94.396,28.877,-0.1395,0.0,GOING_TO_ENDPOINT,dump_zone_4,load_zone_26,0.000331,0.000887
48.953,2026-05-23T13:14:16.094,1,602.5,169.559,27.79,0.877,0.0,GOING_TO_ENDPOINT,dump_zone_9,load_zone_26,0.000445,0.001193
48.953,2026-05-23T13:14:16.094,2,125.739,649.159,17.547,-0.285,0.0,GOING_TO_ENDPOINT,dump_zone_18,load_zone_22,0.000321,0.00086
48.953,2026-05-23T13:14:16.094,3,602.5,85.988,28.828,-0.1071,0.0,GOING_TO_ENDPOINT,dump_zone_4,load_zone_26,0.000332,0.00089
49.993,2026-05-23T13:14:17.137,1,602.5,161.251,29.049,0.0515,0.0,GOING_TO_ENDPOINT,dump_zone_9,load_zone_26,0.000351,0.000941
49.993,2026-05-23T13:14:17.137,2,130.546,649.699,15.947,-0.382,0.0,GOING_TO_ENDPOINT,dump_zone_18,load_zone_22,0.000321,0.00086
49.993,2026-05-23T13:14:17.137,3,602.5,77.78,27.898,-0.3224,0.0,GOING_TO_ENDPOINT,dump_zone_4,load_zone_26,0.000321,0.00086
51.026,2026-05-23T13:14:18.093,1,602.5,152.935,28.73,-0.3026,0.0,GOING_TO_ENDPOINT,dump_zone_9,load_zone_26,0.00024,0.000643
51.026,2026-05-23T13:14:18.093,2,134.804,650.32,14.136,-0.5,0.0,GOING_TO_ENDPOINT,dump_zone_18,load_zone_22,0.00024,0.000643
51.026,2026-05-23T13:14:18.093,3,602.5,69.739,28.57,0.3166,0.0,GOING_TO_ENDPOINT,dump_zone_4,load_zone_26,0.000285,0.000764
52.13,2026-05-23T13:14:19.283,1,602.5,144.357,27.349,-0.4206,0.0,GOING_TO_ENDPOINT,dump_zone_9,load_zone_26,0.000321,0.00086
52.13,2026-05-23T13:14:19.283,2,138.766,650.976,12.254,-0.426,0.0,GOING_TO_ENDPOINT,dump_zone_18,load_zone_22,0.000321,0.00086
52.13,2026-05-23T13:14:19.283,3,602.5,60.834,29.366,0.0626,0.0,GOING_TO_ENDPOINT,dump_zone_4,load_zone_26,0.000353,0.000946
53.195,2026-05-23T13:14:20.262,1,602.5,136.479,26.435,0.152,0.0,GOING_TO_ENDPOINT,dump_zone_9,load_zone_26,0.000285,0.000764
53.195,2026-05-23T13:14:20.262,2,142.081,651.54,10.548,-0.5,0.0,GOING_TO_ENDPOINT,dump_zone_18,load_zone_22,0.000255,0.000683
53.195,2026-05-23T13:14:20.262,3,602.5,52.193,29.228,0.0726,0.0,GOING_TO_ENDPOINT,dump_zone_4,load_zone_26,0.000281,0.000753
54.28,2026-05-23T13:14:21.445,1,602.5,128.172,28.793,0.559,0.0,GOING_TO_ENDPOINT,dump_zone_9,load_zone_26,0.000411,0.001101
54.28,2026-05-23T13:14:21.445,2,144.922,651.99,8.722,-0.393,0.0,GOING_TO_ENDPOINT,dump_zone_18,load_zone_22,0.000321,0.00086
54.28,2026-05-23T13:14:21.445,3,602.5,43.375,29.335,-0.0255,0.0,GOING_TO_ENDPOINT,dump_zone_4,load_zone_26,0.000342,0.000917
55.332,2026-05-23T13:14:22.399,1,602.5,119.642,29.211,-0.065,0.0,GOING_TO_ENDPOINT,dump_zone_9,load_zone_26,0.000246,0.000659
55.332,2026-05-23T13:14:22.399,2,147.164,652.276,6.964,-0.302,0.0,GOING_TO_ENDPOINT,dump_zone_18,load_zone_22,0.000234,0.000627
55.332,2026-05-23T13:14:22.399,3,602.5,34.961,28.147,-0.4148,0.0,GOING_TO_ENDPOINT,dump_zone_4,load_zone_26,0.000234,0.000627
56.423,2026-05-23T13:14:23.557,1,602.5,110.85,28.798,0.0862,0.0,GOING_TO_ENDPOINT,dump_zone_9,load_zone_26,0.000361,0.000967
56.423,2026-05-23T13:14:23.557,2,149.083,652.246,6.111,0.157,0.0,GOING_TO_ENDPOINT,dump_zone_18,load_zone_22,0.000336,0.0009
56.423,2026-05-23T13:14:23.557,3,602.5,26.586,27.579,0.2602,0.0,GOING_TO_ENDPOINT,dump_zone_4,load_zone_26,0.00038,0.001018
57.473,2026-05-23T13:14:24.540,1,602.5,102.311,29.492,-0.055,0.0,GOING_TO_ENDPOINT,dump_zone_9,load_zone_26,0.000278,0.000745
57.473,2026-05-23T13:14:24.540,2,150.98,651.372,8.73,1.0,0.0,GOING_TO_ENDPOINT,dump_zone_18,load_zone_22,0.0003,0.000804
57.473,2026-05-23T13:14:24.540,3,602.5,18.254,29.474,0.4332,0.0,GOING_TO_ENDPOINT,dump_zone_4,load_zone_26,0.000327,0.000876
58.564,2026-05-23T13:14:25.723,1,602.5,93.415,29.034,-0.086,0.0,GOING_TO_ENDPOINT,dump_zone_9,load_zone_26,0.000341,0.000914
58.564,2026-05-23T13:14:25.723,2,152.441,648.798,10.356,-0.091,0.0,GOING_TO_ENDPOINT,dump_zone_18,load_zone_22,0.000332,0.00089
58.564,2026-05-23T13:14:25.723,3,602.5,9.179,29.971,-0.0741,0.0,GOING_TO_ENDPOINT,dump_zone_4,load_zone_26,0.000342,0.000917
59.592,2026-05-23T13:14:26.658,1,602.5,85.306,27.768,-0.3467,0.0,GOING_TO_ENDPOINT,dump_zone_9,load_zone_26,0.000219,0.000587
59.592,2026-05-23T13:14:26.658,2,152.62,645.882,10.676,0.547,0.0,GOING_TO_ENDPOINT,dump_zone_18,load_zone_22,0.000241,0.000646
59.592,2026-05-23T13:14:26.658,3,602.5,0.77,28.973,-0.2701,0.0,GOING_TO_ENDPOINT,dump_zone_4,load_zone_26,0.000219,0.000587
60.602,2026-05-23T13:14:27.669,1,602.5,77.503,28.433,0.6633,0.0,GOING_TO_ENDPOINT,dump_zone_9,load_zone_26,6.7e-05,0.00018
60.602,2026-05-23T13:14:27.669,2,152.567,642.436,13.974,1.0,0.0,GOING_TO_ENDPOINT,dump_zone_18,load_zone_22,6.2e-05,0.000166
60.602,2026-05-23T13:14:27.669,3,602.5,-7.404,29.683,0.2879,0.0,GOING_TO_ENDPOINT,dump_zone_4,load_zone_26,6e-05,0.000161
61.617,2026-05-23T13:14:28.739,1,602.5,69.172,30.0,0.3413,0.0,GOING_TO_ENDPOINT,dump_zone_9,load_zone_26,6.2e-05,0.000166
61.617,2026-05-23T13:14:28.739,2,152.52,637.952,17.628,1.0,0.0,GOING_TO_ENDPOINT,dump_zone_18,load_zone_22,6.5e-05,0.000174
61.617,2026-05-23T13:14:28.739,3,602.5,-15.747,29.298,-0.0211,0.0,GOING_TO_ENDPOINT,dump_zone_4,load_zone_26,5.4e-05,0.000145
62.652,2026-05-23T13:14:29.719,1,602.5,60.618,29.219,-0.3226,0.0,GOING_TO_ENDPOINT,dump_zone_9,load_zone_26,0.000255,0.000683
62.652,2026-05-23T13:14:29.719,2,152.502,632.309,21.354,1.0,0.0,GOING_TO_ENDPOINT,dump_zone_18,load_zone_22,0.000339,0.000909
62.652,2026-05-23T13:14:29.719,3,602.5,-24.177,29.203,-0.1774,0.0,GOING_TO_ENDPOINT,dump_zone_4,load_zone_26,0.000257,0.000689
63.719,2026-05-23T13:14:30.866,1,602.5,52.105,28.427,-0.1978,0.0,GOING_TO_ENDPOINT,dump_zone_9,load_zone_26,0.000324,0.000868
63.719,2026-05-23T13:14:30.866,2,152.5,625.369,25.182,0.9652,0.0,GOING_TO_ENDPOINT,dump_zone_18,load_zone_22,0.000447,0.001198
63.719,2026-05-23T13:14:30.866,3,602.5,-32.734,28.7,-0.0783,0.0,GOING_TO_ENDPOINT,dump_zone_4,load_zone_26,0.000338,0.000906
64.777,2026-05-23T13:14:31.844,1,602.5,43.856,28.044,-0.0716,0.0,GOING_TO_ENDPOINT,dump_zone_9,load_zone_26,0.000285,0.000764
64.777,2026-05-23T13:14:31.844,2,152.5,617.469,28.012,0.4412,0.0,GOING_TO_ENDPOINT,dump_zone_18,load_zone_22,0.000336,0.0009
64.777,2026-05-23T13:14:31.844,3,602.5,-40.994,27.536,-0.3223,0.0,GOING_TO_ENDPOINT,dump_zone_4,load_zone_26,0.000273,0.000732
65.863,2026-05-23T13:14:32.930,1,602.5,35.351,28.479,0.1404,0.0,GOING_TO_ENDPOINT,dump_zone_9,load_zone_26,0.00033,0.000884
65.863,2026-05-23T13:14:32.930,2,152.5,608.802,28.951,-0.0475,0.0,GOING_TO_ENDPOINT,dump_zone_18,load_zone_22,0.00031,0.000831
65.863,2026-05-23T13:14:32.930,3,602.5,-49.233,27.756,0.5557,0.0,GOING_TO_ENDPOINT,dump_zone_4,load_zone_26,0.000373,0.001
66.965,2026-05-23T13:14:34.131,1,602.5,26.606,28.654,0.062,0.0,GOING_TO_ENDPOINT,dump_zone_9,load_zone_26,0.000352,0.000943
66.965,2026-05-23T13:14:34.131,2,152.5,600.07,28.047,-0.2495,0.0,GOING_TO_ENDPOINT,dump_zone_18,load_zone_22,0.000321,0.00086
66.965,2026-05-23T13:14:34.131,3,602.5,-58.113,29.775,0.1969,0.0,GOING_TO_ENDPOINT,dump_zone_4,load_zone_26,0.00037,0.000992
67.992,2026-05-23T13:14:35.059,1,602.5,18.459,28.778,0.275,0.0,GOING_TO_ENDPOINT,dump_zone_9,load_zone_26,0.000247,0.000662
67.992,2026-05-23T13:14:35.059,2,152.5,592.266,27.09,0.104,0.0,GOING_TO_ENDPOINT,dump_zone_18,load_zone_22,0.000232,0.000622
67.992,2026-05-23T13:14:35.059,3,602.5,-66.506,28.699,-0.5,0.0,GOING_TO_ENDPOINT,dump_zone_4,load_zone_26,0.00021,0.000563
68.993,2026-05-23T13:14:36.061,1,602.5,10.243,30.0,0.4,0.0,GOING_TO_ENDPOINT,dump_zone_9,load_zone_26,5.9e-05,0.000158
68.993,2026-05-23T13:14:36.061,2,152.5,584.745,26.513,-0.5,0.0,GOING_TO_ENDPOINT,dump_zone_18,load_zone_22,4.8e-05,0.000129
68.993,2026-05-23T13:14:36.061,3,602.5,-74.224,26.898,-0.5,0.0,GOING_TO_ENDPOINT,dump_zone_4,load_zone_26,4.8e-05,0.000129
70.005,2026-05-23T13:14:37.072,1,602.5,1.813,29.888,-0.2252,0.0,GOING_TO_ENDPOINT,dump_zone_9,load_zone_26,5.1e-05,0.000137
70.005,2026-05-23T13:14:37.072,2,152.5,577.559,24.692,-0.5,0.0,GOING_TO_ENDPOINT,dump_zone_18,load_zone_22,5.1e-05,0.000137
70.005,2026-05-23T13:14:37.072,3,602.5,-81.518,25.076,-0.5,0.0,GOING_TO_ENDPOINT,dump_zone_4,load_zone_26,5.1e-05,0.000137
71.064,2026-05-23T13:14:38.131,1,602.5,-6.884,29.072,-0.2522,0.0,GOING_TO_ENDPOINT,dump_zone_9,load_zone_26,0.000204,0.000547
71.064,2026-05-23T13:14:38.131,2,152.5,570.59,22.785,-0.5,0.0,GOING_TO_ENDPOINT,dump_zone_18,load_zone_22,0.000204,0.000547
71.064,2026-05-23T13:14:38.131,3,602.5,-88.6,23.17,-0.5,0.0,GOING_TO_ENDPOINT,dump_zone_4,load_zone_26,0.000204,0.000547
72.067,2026-05-23T13:14:39.196,1,602.5,-14.985,29.243,0.1599,0.0,GOING_TO_ENDPOINT,dump_zone_9,load_zone_26,5.4e-05,0.000145
72.067,2026-05-23T13:14:39.196,2,152.5,564.506,20.98,-0.5,0.0,GOING_TO_ENDPOINT,dump_zone_18,load_zone_22,4.8e-05,0.000129
72.067,2026-05-23T13:14:39.196,3,602.5,-94.791,21.364,-0.5,0.0,GOING_TO_ENDPOINT,dump_zone_4,load_zone_26,4.8e-05,0.000129
73.075,2026-05-23T13:14:40.198,1,602.5,-23.19,29.159,-0.1681,0.0,GOING_TO_ENDPOINT,dump_zone_9,load_zone_26,4.9e-05,0.000131
73.075,2026-05-23T13:14:40.198,2,152.5,558.897,19.166,-0.5,0.0,GOING_TO_ENDPOINT,dump_zone_18,load_zone_22,4.8e-05,0.000129
73.075,2026-05-23T13:14:40.198,3,603.648,-100.25,20.185,0.072,0.0,GOING_TO_ENDPOINT,dump_zone_4,load_zone_26,5.1e-05,0.000137
74.093,2026-05-23T13:14:41.161,1,602.5,-31.344,28.739,0.0539,0.0,GOING_TO_ENDPOINT,dump_zone_9,load_zone_26,0.000249,0.000667
74.093,2026-05-23T13:14:41.161,2,152.5,553.75,17.333,-0.5,0.0,GOING_TO_ENDPOINT,dump_zone_18,load_zone_22,0.000228,0.000611
74.093,2026-05-23T13:14:41.161,3,609.09,-100.548,22.386,1.0,0.0,GOING_TO_ENDPOINT,dump_zone_4,load_zone_26,0.000307,0.000823
75.106,2026-05-23T13:14:42.228,1,602.5,-39.337,28.058,-0.0224,0.0,GOING_TO_ENDPOINT,dump_zone_9,load_zone_26,5.4e-05,0.000145
75.106,2026-05-23T13:14:42.228,2,151.767,549.27,15.51,-0.5,0.0,GOING_TO_ENDPOINT,dump_zone_18,load_zone_22,5.1e-05,0.000137
75.106,2026-05-23T13:14:42.228,3,615.129,-97.672,24.826,0.217,0.0,GOING_TO_ENDPOINT,dump_zone_4,load_zone_26,5.8e-05,0.000155
76.136,2026-05-23T13:14:43.203,1,602.5,-47.443,28.625,0.1576,0.0,GOING_TO_ENDPOINT,dump_zone_9,load_zone_26,0.000305,0.000817
76.136,2026-05-23T13:14:43.203,2,148.343,547.261,13.656,-0.5,0.0,GOING_TO_ENDPOINT,dump_zone_18,load_zone_22,0.00027,0.000724
76.136,2026-05-23T13:14:43.203,3,622.129,-97.448,23.814,-0.5,0.0,GOING_TO_ENDPOINT,dump_zone_4,load_zone_26,0.00027,0.000724
77.181,2026-05-23T13:14:44.248,1,602.5,-55.731,28.633,0.254,0.0,GOING_TO_ENDPOINT,dump_zone_9,load_zone_26,0.000221,0.000592
77.181,2026-05-23T13:14:44.248,2,144.457,547.54,13.846,0.545,0.0,GOING_TO_ENDPOINT,dump_zone_18,load_zone_22,0.000214,0.000574
77.181,2026-05-23T13:14:44.248,3,628.753,-97.501,21.933,-0.5,0.0,GOING_TO_ENDPOINT,dump_zone_4,load_zone_26,0.000189,0.000507
78.181,2026-05-23T13:14:45.248,1,602.5,-63.889,29.831,-0.0,0.0,GOING_TO_ENDPOINT,dump_zone_9,load_zone_26,5.2e-05,0.000139
78.181,2026-05-23T13:14:45.248,2,140.195,547.949,17.108,1.0,0.0,GOING_TO_ENDPOINT,dump_zone_18,load_zone_22,6.1e-05,0.000163
78.181,2026-05-23T13:14:45.248,3,634.587,-97.5,20.133,-0.5,0.0,GOING_TO_ENDPOINT,dump_zone_4,load_zone_26,4.8e-05,0.000129
79.216,2026-05-23T13:14:46.283,1,602.5,-72.294,28.394,-0.5,0.0,GOING_TO_ENDPOINT,dump_zone_9,load_zone_26,0.000108,0.000289
79.216,2026-05-23T13:14:46.283,2,134.748,548.447,20.834,1.0,0.0,GOING_TO_ENDPOINT,dump_zone_18,load_zone_22,0.000143,0.000383
79.216,2026-05-23T13:14:46.283,3,640.099,-97.5,18.27,-0.5,0.0,GOING_TO_ENDPOINT,dump_zone_4,load_zone_26,0.000108,0.000289
80.219,2026-05-23T13:14:47.286,1,602.5,-79.943,26.588,-0.5,0.0,GOING_TO_ENDPOINT,dump_zone_9,load_zone_26,0.000249,0.000667
80.219,2026-05-23T13:14:47.286,2,128.449,549.05,24.444,1.0,0.0,GOING_TO_ENDPOINT,dump_zone_18,load_zone_22,0.000343,0.000919
80.219,2026-05-23T13:14:47.286,3,644.928,-97.5,16.464,-0.5,0.0,GOING_TO_ENDPOINT,dump_zone_4,load_zone_26,0.000249,0.000667
81.226,2026-05-23T13:14:48.378,1,602.5,-87.116,24.776,-0.5,0.0,GOING_TO_ENDPOINT,dump_zone_9,load_zone_26,4.8e-05,0.000129
81.226,2026-05-23T13:14:48.378,2,121.124,549.788,28.015,0.984,0.0,GOING_TO_ENDPOINT,dump_zone_18,load_zone_22,6.9e-05,0.000185
81.226,2026-05-23T13:14:48.378,3,649.263,-97.639,14.652,-0.5,0.0,GOING_TO_ENDPOINT,dump_zone_4,load_zone_26,4.8e-05,0.000129
82.272,2026-05-23T13:14:49.339,1,602.5,-94.026,22.893,-0.5,0.0,GOING_TO_ENDPOINT,dump_zone_9,load_zone_26,0.000207,0.000555
82.272,2026-05-23T13:14:49.339,2,112.656,550.657,30.0,0.3091,0.0,GOING_TO_ENDPOINT,dump_zone_18,load_zone_22,0.000248,0.000665
82.272,2026-05-23T13:14:49.339,3,652.805,-99.31,12.791,-0.415,0.0,GOING_TO_ENDPOINT,dump_zone_4,load_zone_26,0.000207,0.000555
83.313,2026-05-23T13:14:50.380,1,602.142,-100.334,21.105,-0.308,0.0,GOING_TO_ENDPOINT,dump_zone_9,load_zone_26,0.000195,0.000523
83.313,2026-05-23T13:14:50.380,2,104.059,551.519,29.544,-0.3764,0.0,GOING_TO_ENDPOINT,dump_zone_18,load_zone_22,0.000195,0.000523
83.313,2026-05-23T13:14:50.380,3,655.454,-101.862,13.286,0.626,0.0,GOING_TO_ENDPOINT,dump_zone_4,load_zone_26,0.000223,0.000598
84.322,2026-05-23T13:14:51.444,1,605.989,-104.17,21.915,0.701,0.0,GOING_TO_ENDPOINT,dump_zone_9,load_zone_26,6.4e-05,0.000172
84.322,2026-05-23T13:14:51.444,2,96.0,552.283,28.292,-0.156,0.0,GOING_TO_ENDPOINT,dump_zone_18,load_zone_22,5.2e-05,0.000139
84.322,2026-05-23T13:14:51.444,3,658.407,-104.857,16.708,1.0,0.0,GOING_TO_ENDPOINT,dump_zone_4,load_zone_26,6.4e-05,0.000172
85.38,2026-05-23T13:14:52.447,1,611.529,-100.355,25.585,1.0,0.0,GOING_TO_ENDPOINT,dump_zone_9,load_zone_26,0.000385,0.001032
85.38,2026-05-23T13:14:52.447,2,87.615,553.01,29.358,0.6302,0.0,GOING_TO_ENDPOINT,dump_zone_18,load_zone_22,0.000363,0.000973
85.38,2026-05-23T13:14:52.447,3,662.288,-108.752,20.517,1.0,0.0,GOING_TO_ENDPOINT,dump_zone_4,load_zone_26,0.000364,0.000976
86.438,2026-05-23T13:14:53.505,1,618.518,-97.236,27.238,-0.058,0.0,GOING_TO_ENDPOINT,dump_zone_9,load_zone_26,0.000249,0.000667
86.438,2026-05-23T13:14:53.505,2,78.877,553.682,29.602,-0.4278,0.0,GOING_TO_ENDPOINT,dump_zone_18,load_zone_22,0.000237,0.000635
86.438,2026-05-23T13:14:53.505,3,666.975,-113.439,24.326,1.0,0.0,GOING_TO_ENDPOINT,dump_zone_4,load_zone_26,0.000326,0.000874
87.442,2026-05-23T13:14:54.510,1,625.762,-97.387,25.709,-0.5,0.0,GOING_TO_ENDPOINT,dump_zone_9,load_zone_26,0.000267,0.000716
87.442,2026-05-23T13:14:54.510,2,70.911,554.187,27.8,-0.5,0.0,GOING_TO_ENDPOINT,dump_zone_18,load_zone_22,0.000267,0.000716
87.442,2026-05-23T13:14:54.510,3,672.153,-118.618,27.774,0.781,0.0,GOING_TO_ENDPOINT,dump_zone_4,load_zone_26,0.000361,0.000967
88.519,2026-05-23T13:14:55.586,1,632.975,-96.984,23.771,-0.5,0.0,GOING_TO_ENDPOINT,dump_zone_9,load_zone_26,0.000261,0.000699
88.519,2026-05-23T13:14:55.586,2,62.91,554.575,25.903,-0.5,0.0,GOING_TO_ENDPOINT,dump_zone_18,load_zone_22,0.000261,0.000699
88.519,2026-05-23T13:14:55.586,3,678.191,-124.655,28.561,-0.296,0.0,GOING_TO_ENDPOINT,dump_zone_4,load_zone_26,0.000261,0.000699
89.59,2026-05-23T13:14:56.657,1,639.252,-97.524,21.843,-0.5,0.0,GOING_TO_ENDPOINT,dump_zone_9,load_zone_26,0.000261,0.000699
89.59,2026-05-23T13:14:56.657,2,55.511,554.8,23.975,-0.5,0.0,GOING_TO_ENDPOINT,dump_zone_18,load_zone_22,0.000261,0.000699
89.59,2026-05-23T13:14:56.657,3,683.996,-130.461,26.692,-0.5,0.0,GOING_TO_ENDPOINT,dump_zone_4,load_zone_26,0.000261,0.000699
90.67,2026-05-23T13:14:57.737,1,645.0,-98.176,19.899,-0.5,0.0,GOING_TO_ENDPOINT,dump_zone_9,load_zone_26,0.000276,0.00074
90.67,2026-05-23T13:14:57.737,2,48.626,554.881,22.031,-0.5,0.0,GOING_TO_ENDPOINT,dump_zone_18,load_zone_22,0.000276,0.00074
90.67,2026-05-23T13:14:57.737,3,689.442,-135.906,24.748,-0.5,0.0,GOING_TO_ENDPOINT,dump_zone_4,load_zone_26,0.000276,0.00074
91.713,2026-05-23T13:14:58.780,1,650.005,-96.568,18.021,-0.5,0.0,GOING_TO_ENDPOINT,dump_zone_9,load_zone_26,0.00021,0.000563
91.713,2026-05-23T13:14:58.780,2,42.518,554.827,20.283,-0.48,0.0,GOING_TO_ENDPOINT,dump_zone_18,load_zone_22,0.00021,0.000563
91.713,2026-05-23T13:14:58.780,3,694.308,-140.772,22.871,-0.5,0.0,GOING_TO_ENDPOINT,dump_zone_4,load_zone_26,0.00021,0.000563
92.726,2026-05-23T13:14:59.843,1,653.465,-99.745,16.239,-0.368,0.0,GOING_TO_ENDPOINT,dump_zone_9,load_zone_26,5.1e-05,0.000137
92.726,2026-05-23T13:14:59.843,2,37.076,554.649,18.551,-0.483,0.0,GOING_TO_ENDPOINT,dump_zone_18,load_zone_22,5.1e-05,0.000137
92.726,2026-05-23T13:14:59.843,3,698.665,-145.131,21.047,-0.5,0.0,GOING_TO_ENDPOINT,dump_zone_4,load_zone_26,5.1e-05,0.000137
93.779,2026-05-23T13:15:00.846,1,656.754,-103.188,16.949,0.685,0.0,GOING_TO_ENDPOINT,dump_zone_9,load_zone_26,0.000272,0.000729
93.779,2026-05-23T13:15:00.846,2,31.824,554.354,17.309,-0.5,0.0,GOING_TO_ENDPOINT,dump_zone_18,load_zone_22,0.000228,0.000611
93.779,2026-05-23T13:15:00.846,3,702.531,-149.53,19.152,-0.5,0.0,GOING_TO_ENDPOINT,dump_zone_4,load_zone_26,0.000228,0.000611
94.867,2026-05-23T13:15:02.035,1,660.781,-107.243,20.719,1.0,0.0,GOING_TO_ENDPOINT,dump_zone_9,load_zone_26,0.000412,0.001104
94.867,2026-05-23T13:15:02.035,2,26.912,553.944,15.43,-0.5,0.0,GOING_TO_ENDPOINT,dump_zone_18,load_zone_22,0.000312,0.000836
94.867,2026-05-23T13:15:02.035,3,703.022,-154.841,18.048,0.138,0.0,GOING_TO_ENDPOINT,dump_zone_4,load_zone_26,0.000336,0.0009
95.932,2026-05-23T13:15:02.999,1,665.547,-112.012,24.553,1.0,0.0,GOING_TO_ENDPOINT,dump_zone_9,load_zone_26,0.000393,0.001053
95.932,2026-05-23T13:15:02.999,2,22.588,553.444,14.635,0.252,0.0,GOING_TO_ENDPOINT,dump_zone_18,load_zone_22,0.000309,0.000828
95.932,2026-05-23T13:15:02.999,3,702.513,-160.239,18.779,0.3866,0.0,GOING_TO_ENDPOINT,dump_zone_4,load_zone_26,0.000325,0.000871
96.948,2026-05-23T13:15:04.100,1,670.813,-117.278,27.846,1.0,0.0,GOING_TO_ENDPOINT,dump_zone_9,load_zone_26,0.000494,0.001324
96.948,2026-05-23T13:15:04.100,2,18.436,552.827,14.68,-0.3898,0.0,GOING_TO_ENDPOINT,dump_zone_18,load_zone_22,0.000345,0.000925
96.948,2026-05-23T13:15:04.100,3,702.492,-165.536,18.253,-0.5,0.0,GOING_TO_ENDPOINT,dump_zone_4,load_zone_26,0.000345,0.000925
98.014,2026-05-23T13:15:05.081,1,676.941,-123.405,29.837,0.031,0.0,GOING_TO_ENDPOINT,dump_zone_9,load_zone_26,0.000281,0.000753
98.014,2026-05-23T13:15:05.081,2,14.446,552.064,12.865,-0.5,0.0,GOING_TO_ENDPOINT,dump_zone_18,load_zone_22,0.000258,0.000691
98.014,2026-05-23T13:15:05.081,3,702.5,-170.632,16.334,-0.5,0.0,GOING_TO_ENDPOINT,dump_zone_4,load_zone_26,0.000258,0.000691
99.071,2026-05-23T13:15:06.138,1,683.006,-129.471,28.38,-0.5,0.0,GOING_TO_ENDPOINT,dump_zone_9,load_zone_26,0.000246,0.000659
99.071,2026-05-23T13:15:06.138,2,10.953,551.242,12.001,0.0131,0.0,GOING_TO_ENDPOINT,dump_zone_18,load_zone_22,0.000254,0.000681
99.071,2026-05-23T13:15:06.138,3,702.5,-175.137,14.5,-0.484,0.0,GOING_TO_ENDPOINT,dump_zone_4,load_zone_26,0.000246,0.000659
100.15,2026-05-23T13:15:07.217,1,688.803,-135.268,26.438,-0.5,0.0,GOING_TO_ENDPOINT,dump_zone_9,load_zone_26,0.000252,0.000675
100.15,2026-05-23T13:15:07.217,2,7.531,550.251,11.685,-0.2753,0.0,GOING_TO_ENDPOINT,dump_zone_18,load_zone_22,0.000252,0.000675
100.15,2026-05-23T13:15:07.217,3,702.5,-179.183,12.595,-0.5,0.0,GOING_TO_ENDPOINT,dump_zone_4,load_zone_26,0.000252,0.000675
101.203,2026-05-23T13:15:08.270,1,694.064,-140.528,24.542,-0.5,0.0,GOING_TO_ENDPOINT,dump_zone_9,load_zone_26,0.000252,0.000675
101.203,2026-05-23T13:15:08.270,2,4.414,549.131,11.292,-0.0037,0.0,GOING_TO_ENDPOINT,dump_zone_18,load_zone_22,0.000259,0.000694
101.203,2026-05-23T13:15:08.270,3,702.5,-182.603,10.853,-0.5,0.0,GOING_TO_ENDPOINT,dump_zone_4,load_zone_26,0.000252,0.000675
102.264,2026-05-23T13:15:09.331,1,698.966,-145.436,22.632,-0.5,0.0,GOING_TO_ENDPOINT,dump_zone_9,load_zone_26,0.000201,0.000539
102.264,2026-05-23T13:15:09.331,2,1.446,547.834,10.349,-0.417,0.0,GOING_TO_ENDPOINT,dump_zone_18,load_zone_22,0.000201,0.000539
102.264,2026-05-23T13:15:09.331,3,702.5,-185.508,8.974,-0.5,0.0,GOING_TO_ENDPOINT,dump_zone_4,load_zone_26,0.000201,0.000539
103.271,2026-05-23T13:15:10.415,1,703.406,-149.53,20.82,-0.5,0.0,GOING_TO_ENDPOINT,dump_zone_9,load_zone_26,4.8e-05,0.000129
103.271,2026-05-23T13:15:10.415,2,-0.923,546.564,9.26,-0.213,0.0,GOING_TO_ENDPOINT,dump_zone_18,load_zone_22,4.8e-05,0.000129
103.271,2026-05-23T13:15:10.415,3,702.5,-187.743,7.161,-0.5,0.0,GOING_TO_ENDPOINT,dump_zone_4,load_zone_26,4.8e-05,0.000129
104.301,2026-05-23T13:15:11.368,1,703.187,-155.023,19.649,-0.009,0.0,GOING_TO_ENDPOINT,dump_zone_9,load_zone_26,0.00028,0.00075
104.301,2026-05-23T13:15:11.368,2,-3.22,545.118,9.767,-0.021,0.0,GOING_TO_ENDPOINT,dump_zone_18,load_zone_22,0.000273,0.000732
104.301,2026-05-23T13:15:11.368,3,702.5,-189.505,5.307,-0.5,0.0,GOING_TO_ENDPOINT,dump_zone_4,load_zone_26,0.000267,0.000716
105.365,2026-05-23T13:15:12.499,1,702.503,-160.84,19.666,-0.411,0.0,GOING_TO_ENDPOINT,dump_zone_9,load_zone_26,0.000321,0.00086
105.365,2026-05-23T13:15:12.499,2,-5.613,543.342,10.771,0.395,0.0,GOING_TO_ENDPOINT,dump_zone_18,load_zone_22,0.000347,0.00093
105.365,2026-05-23T13:15:12.499,3,702.652,-190.759,3.392,-0.5,0.0,LOADING,dump_zone_4,load_zone_26,0.000321,0.00086
106.4,2026-05-23T13:15:13.466,1,702.492,-166.217,17.879,-0.406,0.0,GOING_TO_ENDPOINT,dump_zone_9,load_zone_26,0.000234,0.000627
106.4,2026-05-23T13:15:13.466,2,-8.009,541.295,10.902,-0.04,0.0,GOING_TO_ENDPOINT,dump_zone_18,load_zone_22,0.000239,0.000641
106.4,2026-05-23T13:15:13.466,3,702.894,-191.404,1.529,-0.5,0.0,LOADING,dump_zone_4,load_zone_26,0.000234,0.000627
107.462,2026-05-23T13:15:14.530,1,702.5,-171.211,16.141,-0.4098,0.0,GOING_TO_ENDPOINT,dump_zone_9,load_zone_26,0.000249,0.000667
107.462,2026-05-23T13:15:14.530,2,-10.436,538.896,12.464,0.389,0.0,GOING_TO_ENDPOINT,dump_zone_18,load_zone_22,0.000272,0.000729
107.462,2026-05-23T13:15:14.530,3,702.968,-191.553,0.0,-0.5,0.0,LOADING,dump_zone_4,load_zone_26,0.000249,0.000667
108.492,2026-05-23T13:15:15.558,1,702.5,-175.572,14.416,-0.5,0.0,GOING_TO_ENDPOINT,dump_zone_9,load_zone_26,0.000225,0.000603
108.492,2026-05-23T13:15:15.558,2,-12.86,536.187,12.851,0.2145,0.0,GOING_TO_ENDPOINT,dump_zone_18,load_zone_22,0.00024,0.000643
108.492,2026-05-23T13:15:15.558,3,703.058,-191.711,7.2,0.0,1000.0,TURNING_AROUND,load_zone_26,dump_zone_3,0.000232,0.000622
109.492,2026-05-23T13:15:16.559,1,702.5,-179.324,12.659,-0.5,0.0,GOING_TO_ENDPOINT,dump_zone_9,load_zone_26,4.8e-05,0.000129
109.492,2026-05-23T13:15:16.559,2,-15.113,533.342,13.413,0.1573,0.0,GOING_TO_ENDPOINT,dump_zone_18,load_zone_22,5.1e-05,0.000137
109.492,2026-05-23T13:15:16.559,3,704.461,-193.106,7.2,0.0,1000.0,TURNING_AROUND,load_zone_26,dump_zone_3,4.9e-05,0.000131
110.502,2026-05-23T13:15:17.568,1,702.537,-182.649,11.36,-0.1099,0.0,GOING_TO_ENDPOINT,dump_zone_9,load_zone_26,5.2e-05,0.000139
110.502,2026-05-23T13:15:17.568,2,-17.336,530.192,14.083,0.1022,0.0,GOING_TO_ENDPOINT,dump_zone_18,load_zone_22,5.4e-05,0.000145
110.502,2026-05-23T13:15:17.568,3,704.405,-193.28,5.4,0.0,1000.0,TURNING_AROUND,load_zone_26,dump_zone_3,5.2e-05,0.000139
111.505,2026-05-23T13:15:18.637,1,702.021,-185.795,11.667,-0.2129,0.0,GOING_TO_ENDPOINT,dump_zone_9,load_zone_26,4.8e-05,0.000129
111.505,2026-05-23T13:15:18.637,2,-19.479,526.84,14.35,0.1629,0.0,GOING_TO_ENDPOINT,dump_zone_18,load_zone_22,5.1e-05,0.000137
111.505,2026-05-23T13:15:18.637,3,704.865,-193.035,7.2,0.0,1000.0,TURNING_AROUND,load_zone_26,dump_zone_3,4.9e-05,0.000131
112.518,2026-05-23T13:15:19.654,1,700.561,-188.463,9.961,-0.5,0.0,GOING_TO_ENDPOINT,dump_zone_9,load_zone_26,4.8e-05,0.000129
112.518,2026-05-23T13:15:19.654,2,-21.582,523.202,15.456,0.2379,0.0,GOING_TO_ENDPOINT,dump_zone_18,load_zone_22,5.2e-05,0.000139
112.518,2026-05-23T13:15:19.654,3,706.438,-191.983,5.4,0.0,1000.0,TURNING_AROUND,load_zone_26,dump_zone_3,4.9e-05,0.000131
113.56,2026-05-23T13:15:20.626,1,699.581,-190.858,8.085,-0.5,0.0,GOING_TO_ENDPOINT,dump_zone_9,load_zone_26,0.00015,0.000402
113.56,2026-05-23T13:15:20.626,2,-23.715,519.126,16.48,0.4048,0.0,GOING_TO_ENDPOINT,dump_zone_18,load_zone_22,0.000169,0.000453
113.56,2026-05-23T13:15:20.626,3,705.736,-193.105,7.2,0.0,1000.0,TURNING_AROUND,load_zone_26,dump_zone_3,0.000155,0.000415
114.566,2026-05-23T13:15:21.633,1,699.605,-192.835,6.274,-0.5,0.0,GOING_TO_ENDPOINT,dump_zone_9,load_zone_26,5.1e-05,0.000137
114.566,2026-05-23T13:15:21.633,2,-25.781,514.793,17.918,0.6005,0.0,GOING_TO_ENDPOINT,dump_zone_18,load_zone_22,6e-05,0.000161
114.566,2026-05-23T13:15:21.633,3,705.821,-192.812,0.234,0.342,1000.0,RETURNING_TO_START,load_zone_26,dump_zone_3,5.1e-05,0.000137
115.615,2026-05-23T13:15:22.682,1,700.277,-194.211,4.386,-0.5,0.0,GOING_TO_ENDPOINT,dump_zone_9,load_zone_26,0.000219,0.000587
115.615,2026-05-23T13:15:22.682,2,-28.02,509.649,20.213,0.3434,0.0,GOING_TO_ENDPOINT,dump_zone_18,load_zone_22,0.00025,0.00067
115.615,2026-05-23T13:15:22.682,3,705.792,-192.343,3.286,1.0,1000.0,RETURNING_TO_START,load_zone_26,dump_zone_3,0.000238,0.000638
116.668,2026-05-23T13:15:23.735,1,700.964,-194.922,2.491,-0.5,0.0,LOADING,dump_zone_9,load_zone_26,0.000201,0.000539
116.668,2026-05-23T13:15:23.735,2,-30.232,504.033,20.944,0.1058,0.0,GOING_TO_ENDPOINT,dump_zone_18,load_zone_22,0.000217,0.000582
116.668,2026-05-23T13:15:23.735,3,705.32,-190.884,7.077,1.0,1000.0,RETURNING_TO_START,load_zone_26,dump_zone_3,0.000238,0.000638
117.737,2026-05-23T13:15:24.804,1,701.321,-195.182,0.567,-0.5,0.0,LOADING,dump_zone_9,load_zone_26,0.00021,0.000563
117.737,2026-05-23T13:15:24.804,2,-32.424,497.944,22.855,0.6703,0.0,GOING_TO_ENDPOINT,dump_zone_18,load_zone_22,0.000264,0.000708
117.737,2026-05-23T13:15:24.804,3,703.427,-188.998,10.926,1.0,1000.0,RETURNING_TO_START,load_zone_26,dump_zone_3,0.000269,0.000721
118.738,2026-05-23T13:15:25.804,1,701.339,-195.193,0.0,-0.5,0.0,LOADING,dump_zone_9,load_zone_26,5.1e-05,0.000137
118.738,2026-05-23T13:15:25.804,2,-34.556,491.493,25.958,1.0,0.0,GOING_TO_ENDPOINT,dump_zone_18,load_zone_22,7.1e-05,0.00019
118.738,2026-05-23T13:15:25.804,3,700.877,-186.516,14.529,1.0,1000.0,RETURNING_TO_START,load_zone_26,dump_zone_3,7e-05,0.000188
119.739,2026-05-23T13:15:26.854,1,702.394,-195.675,7.2,0.0,1000.0,TURNING_AROUND,load_zone_26,dump_zone_3,5.3e-05,0.000142
119.739,2026-05-23T13:15:26.854,2,-36.793,484.228,28.053,0.103,0.0,GOING_TO_ENDPOINT,dump_zone_18,load_zone_22,5.7e-05,0.000153
119.739,2026-05-23T13:15:26.854,3,698.413,-182.728,18.133,1.0,1000.0,RETURNING_TO_START,load_zone_26,dump_zone_3,7.5e-05,0.000201
120.749,2026-05-23T13:15:27.816,1,704.103,-195.791,5.4,0.0,1000.0,TURNING_AROUND,load_zone_26,dump_zone_3,4.9e-05,0.000131
120.749,2026-05-23T13:15:27.816,2,-38.952,476.788,26.845,-0.5,0.0,GOING_TO_ENDPOINT,dump_zone_18,load_zone_22,4.8e-05,0.000129
120.749,2026-05-23T13:15:27.816,3,697.516,-177.304,20.549,0.195,1000.0,RETURNING_TO_START,load_zone_26,dump_zone_3,5.6e-05,0.00015
121.751,2026-05-23T13:15:28.818,1,702.933,-196.232,7.2,0.0,1000.0,TURNING_AROUND,load_zone_26,dump_zone_3,4.9e-05,0.000131
121.751,2026-05-23T13:15:28.818,2,-40.903,469.842,25.041,-0.5,0.0,GOING_TO_ENDPOINT,dump_zone_18,load_zone_22,4.8e-05,0.000129
121.751,2026-05-23T13:15:28.818,3,697.48,-171.66,19.582,-0.5,1000.0,RETURNING_TO_START,load_zone_26,dump_zone_3,4.8e-05,0.000129
122.795,2026-05-23T13:15:29.862,1,704.285,-194.672,7.2,0.0,1000.0,TURNING_AROUND,load_zone_26,dump_zone_3,0.000148,0.000397
122.795,2026-05-23T13:15:29.862,2,-42.769,463.115,23.162,-0.5,0.0,GOING_TO_ENDPOINT,dump_zone_18,load_zone_22,0.000144,0.000386
122.795,2026-05-23T13:15:29.862,3,697.5,-166.262,17.703,-0.5,1000.0,RETURNING_TO_START,load_zone_26,dump_zone_3,0.000144,0.000386
123.799,2026-05-23T13:15:30.866,1,704.551,-193.967,0.014,0.069,1000.0,RETURNING_TO_START,load_zone_26,dump_zone_3,4.8e-05,0.000129
123.799,2026-05-23T13:15:30.866,2,-44.645,457.218,21.355,-0.5,0.0,GOING_TO_ENDPOINT,dump_zone_18,load_zone_22,4.8e-05,0.000129
123.799,2026-05-23T13:15:30.866,3,697.5,-161.586,15.896,-0.5,1000.0,RETURNING_TO_START,load_zone_26,dump_zone_3,4.8e-05,0.000129
124.835,2026-05-23T13:15:31.990,1,704.546,-193.707,2.27,1.0,1000.0,RETURNING_TO_START,load_zone_26,dump_zone_3,0.00034,0.000911
124.835,2026-05-23T13:15:31.990,2,-47.774,452.286,19.49,-0.5,0.0,GOING_TO_ENDPOINT,dump_zone_18,load_zone_22,0.000321,0.00086
124.835,2026-05-23T13:15:31.990,3,697.5,-157.295,14.031,-0.5,1000.0,RETURNING_TO_START,load_zone_26,dump_zone_3,0.000321,0.00086
125.839,2026-05-23T13:15:32.906,1,704.317,-192.563,5.885,1.0,1000.0,RETURNING_TO_START,load_zone_26,dump_zone_3,0.000155,0.000415
125.839,2026-05-23T13:15:32.906,2,-48.668,447.263,17.683,-0.5,0.0,GOING_TO_ENDPOINT,dump_zone_18,load_zone_22,0.000135,0.000362
125.839,2026-05-23T13:15:32.906,3,697.5,-153.651,12.224,-0.5,1000.0,RETURNING_TO_START,load_zone_26,dump_zone_3,0.000135,0.000362
126.851,2026-05-23T13:15:33.918,1,703.17,-190.717,9.528,1.0,1000.0,RETURNING_TO_START,load_zone_26,dump_zone_3,6e-05,0.000161
126.851,2026-05-23T13:15:33.918,2,-52.607,445.198,15.95,-0.295,0.0,GOING_TO_ENDPOINT,dump_zone_18,load_zone_22,4.8e-05,0.000129
126.851,2026-05-23T13:15:33.918,3,697.329,-150.496,10.428,-0.396,1000.0,RETURNING_TO_START,load_zone_26,dump_zone_3,4.8e-05,0.000129
127.878,2026-05-23T13:15:34.945,1,700.977,-188.286,13.225,1.0,1000.0,RETURNING_TO_START,load_zone_26,dump_zone_3,0.000181,0.000485
127.878,2026-05-23T13:15:34.945,2,-57.026,446.445,16.877,0.732,0.0,GOING_TO_ENDPOINT,dump_zone_18,load_zone_22,0.000162,0.000434
127.878,2026-05-23T13:15:34.945,3,695.605,-148.141,10.983,0.631,1000.0,RETURNING_TO_START,load_zone_26,dump_zone_3,0.000161,0.000431
128.901,2026-05-23T13:15:35.968,1,698.654,-184.675,16.908,1.0,1000.0,RETURNING_TO_START,load_zone_26,dump_zone_3,0.000349,0.000935
128.901,2026-05-23T13:15:35.968,2,-62.28,447.201,20.232,0.688,0.0,GOING_TO_ENDPOINT,dump_zone_18,load_zone_22,0.000299,0.000801
128.901,2026-05-23T13:15:35.968,3,692.835,-145.818,14.443,1.0,1000.0,RETURNING_TO_START,load_zone_26,dump_zone_3,0.000333,0.000892
129.974,2026-05-23T13:15:37.041,1,697.554,-179.216,19.987,0.372,1000.0,RETURNING_TO_START,load_zone_26,dump_zone_3,0.000336,0.0009
129.974,2026-05-23T13:15:37.041,2,-68.577,447.51,21.448,-0.157,0.0,GOING_TO_ENDPOINT,dump_zone_18,load_zone_22,0.000273,0.000732
129.974,2026-05-23T13:15:37.041,3,689.153,-142.563,18.306,1.0,1000.0,RETURNING_TO_START,load_zone_26,dump_zone_3,0.000397,0.001064
131.051,2026-05-23T13:15:38.118,1,697.482,-173.252,19.324,-0.5,1000.0,RETURNING_TO_START,load_zone_26,dump_zone_3,0.000261,0.000699
131.051,2026-05-23T13:15:38.118,2,-74.747,447.504,19.737,-0.5,0.0,GOING_TO_ENDPOINT,dump_zone_18,load_zone_22,0.000261,0.000699
131.051,2026-05-23T13:15:38.118,3,684.785,-138.32,22.183,1.0,1000.0,RETURNING_TO_START,load_zone_26,dump_zone_3,0.00041,0.001099
132.105,2026-05-23T13:15:39.172,1,697.499,-167.893,17.427,-0.5,1000.0,RETURNING_TO_START,load_zone_26,dump_zone_3,0.000198,0.000531
132.105,2026-05-23T13:15:39.172,2,-80.226,447.5,17.84,-0.5,0.0,GOING_TO_ENDPOINT,dump_zone_18,load_zone_22,0.000198,0.000531
132.105,2026-05-23T13:15:39.172,3,679.869,-133.405,24.841,0.4085,1000.0,RETURNING_TO_START,load_zone_26,dump_zone_3,0.000262,0.000702
133.108,2026-05-23T13:15:40.237,1,697.5,-163.305,15.622,-0.5,1000.0,RETURNING_TO_START,load_zone_26,dump_zone_3,5.1e-05,0.000137
133.108,2026-05-23T13:15:40.237,2,-84.929,447.5,16.034,-0.5,0.0,GOING_TO_ENDPOINT,dump_zone_18,load_zone_22,5.1e-05,0.000137
133.108,2026-05-23T13:15:40.237,3,674.963,-128.498,24.419,-0.5,1000.0,RETURNING_TO_START,load_zone_26,dump_zone_3,5.1e-05,0.000137
134.155,2026-05-23T13:15:41.222,1,697.5,-159.053,13.737,-0.5,1000.0,RETURNING_TO_START,load_zone_26,dump_zone_3,0.000252,0.000675
134.155,2026-05-23T13:15:41.222,2,-89.302,447.5,14.15,-0.5,0.0,GOING_TO_ENDPOINT,dump_zone_18,load_zone_22,0.000252,0.000675
134.155,2026-05-23T13:15:41.222,3,670.147,-123.682,22.535,-0.5,1000.0,RETURNING_TO_START,load_zone_26,dump_zone_3,0.000252,0.000675
135.201,2026-05-23T13:15:42.268,1,697.5,-155.353,11.854,-0.5,1000.0,RETURNING_TO_START,load_zone_26,dump_zone_3,0.000162,0.000434
135.201,2026-05-23T13:15:42.268,2,-93.121,447.5,12.267,-0.5,0.0,GOING_TO_ENDPOINT,dump_zone_18,load_zone_22,0.000162,0.000434
135.201,2026-05-23T13:15:42.268,3,665.723,-119.258,20.652,-0.5,1000.0,RETURNING_TO_START,load_zone_26,dump_zone_3,0.000162,0.000434
136.214,2026-05-23T13:15:43.373,1,697.514,-152.291,10.031,-0.5,1000.0,RETURNING_TO_START,load_zone_26,dump_zone_3,0.000324,0.000868
136.214,2026-05-23T13:15:43.373,2,-96.299,447.5,10.443,-0.5,0.0,GOING_TO_ENDPOINT,dump_zone_18,load_zone_22,0.000324,0.000868
136.214,2026-05-23T13:15:43.373,3,661.807,-115.343,18.829,-0.5,1000.0,RETURNING_TO_START,load_zone_26,dump_zone_3,0.000324,0.000868
137.268,2026-05-23T13:15:44.335,1,696.952,-149.71,8.738,0.046,1000.0,RETURNING_TO_START,load_zone_26,dump_zone_3,0.000254,0.000681
137.268,2026-05-23T13:15:44.335,2,-99.055,447.414,8.546,-0.5,0.0,GOING_TO_ENDPOINT,dump_zone_18,load_zone_22,0.000243,0.000651
137.268,2026-05-23T13:15:44.335,3,658.12,-111.655,16.931,-0.5,1000.0,RETURNING_TO_START,load_zone_26,dump_zone_3,0.000243,0.000651
138.3,2026-05-23T13:15:45.367,1,695.056,-147.753,10.901,1.0,1000.0,RETURNING_TO_START,load_zone_26,dump_zone_3,0.000154,0.000413
138.3,2026-05-23T13:15:45.367,2,-101.095,446.388,8.238,0.404,0.0,GOING_TO_ENDPOINT,dump_zone_18,load_zone_22,0.000128,0.000343
138.3,2026-05-23T13:15:45.367,3,654.885,-108.42,15.074,-0.5,1000.0,RETURNING_TO_START,load_zone_26,dump_zone_3,0.00012,0.000322
139.351,2026-05-23T13:15:46.418,1,692.168,-145.353,14.685,1.0,1000.0,RETURNING_TO_START,load_zone_26,dump_zone_3,0.000215,0.000576
139.351,2026-05-23T13:15:46.418,2,-102.906,444.215,11.42,1.0,0.0,GOING_TO_ENDPOINT,dump_zone_18,load_zone_22,0.000184,0.000493
139.351,2026-05-23T13:15:46.418,3,651.976,-105.511,13.182,-0.5,1000.0,RETURNING_TO_START,load_zone_26,dump_zone_3,0.000156,0.000418
140.381,2026-05-23T13:15:47.448,1,688.67,-142.141,18.393,1.0,1000.0,RETURNING_TO_START,load_zone_26,dump_zone_3,0.000181,0.000485
140.381,2026-05-23T13:15:47.448,2,-105.343,441.278,15.128,1.0,0.0,GOING_TO_ENDPOINT,dump_zone_18,load_zone_22,0.000152,0.000407
140.381,2026-05-23T13:15:47.448,3,649.517,-103.024,11.328,-0.5,1000.0,RETURNING_TO_START,load_zone_26,dump_zone_3,0.000123,0.00033
141.382,2026-05-23T13:15:48.449,1,684.652,-138.186,21.976,0.912,1000.0,RETURNING_TO_START,load_zone_26,dump_zone_3,7.8e-05,0.000209
141.382,2026-05-23T13:15:48.449,2,-108.441,437.705,18.732,1.0,0.0,GOING_TO_ENDPOINT,dump_zone_18,load_zone_22,6.6e-05,0.000177
141.382,2026-05-23T13:15:48.449,3,646.982,-101.662,10.172,0.012,1000.0,RETURNING_TO_START,load_zone_26,dump_zone_3,5.3e-05,0.000142
142.383,2026-05-23T13:15:49.531,1,680.0,-133.536,24.866,0.552,1000.0,RETURNING_TO_START,load_zone_26,dump_zone_3,6.7e-05,0.00018
142.383,2026-05-23T13:15:49.531,2,-112.3,433.46,22.335,1.0,0.0,GOING_TO_ENDPOINT,dump_zone_18,load_zone_22,6.5e-05,0.000174
142.383,2026-05-23T13:15:49.531,3,643.97,-101.9,12.114,1.0,1000.0,RETURNING_TO_START,load_zone_26,dump_zone_3,6.3e-05,0.000169
143.449,2026-05-23T13:15:50.516,1,674.719,-128.254,24.937,-0.469,1000.0,RETURNING_TO_START,load_zone_26,dump_zone_3,0.000252,0.000675
143.449,2026-05-23T13:15:50.516,2,-117.242,428.204,26.173,1.0,0.0,GOING_TO_ENDPOINT,dump_zone_18,load_zone_22,0.000354,0.000949
143.449,2026-05-23T13:15:50.516,3,639.8,-102.276,15.952,1.0,1000.0,RETURNING_TO_START,load_zone_26,dump_zone_3,0.000356,0.000954
144.514,2026-05-23T13:15:51.581,1,669.717,-123.253,23.021,-0.5,1000.0,RETURNING_TO_START,load_zone_26,dump_zone_3,0.000243,0.000651
144.514,2026-05-23T13:15:51.581,2,-122.883,422.298,28.229,0.045,0.0,GOING_TO_ENDPOINT,dump_zone_18,load_zone_22,0.000264,0.000708
144.514,2026-05-23T13:15:51.581,3,634.481,-102.47,19.677,0.79,1000.0,RETURNING_TO_START,load_zone_26,dump_zone_3,0.000345,0.000925
145.558,2026-05-23T13:15:52.625,1,665.202,-118.738,21.142,-0.5,1000.0,RETURNING_TO_START,load_zone_26,dump_zone_3,0.000156,0.000418
145.558,2026-05-23T13:15:52.625,2,-128.468,416.553,26.814,-0.5,0.0,GOING_TO_ENDPOINT,dump_zone_18,load_zone_22,0.000156,0.000418
145.558,2026-05-23T13:15:52.625,3,628.527,-102.502,20.67,-0.222,1000.0,RETURNING_TO_START,load_zone_26,dump_zone_3,0.000156,0.000418
146.565,2026-05-23T13:15:53.632,1,661.209,-114.745,19.329,-0.5,1000.0,RETURNING_TO_START,load_zone_26,dump_zone_3,5.1e-05,0.000137
146.565,2026-05-23T13:15:53.632,2,-133.57,411.425,25.002,-0.5,0.0,GOING_TO_ENDPOINT,dump_zone_18,load_zone_22,5.1e-05,0.000137
146.565,2026-05-23T13:15:53.632,3,622.985,-102.5,18.959,-0.5,1000.0,RETURNING_TO_START,load_zone_26,dump_zone_3,5.1e-05,0.000137
147.566,2026-05-23T13:15:54.687,1,657.595,-111.13,17.528,-0.5,1000.0,RETURNING_TO_START,load_zone_26,dump_zone_3,4.8e-05,0.000129
147.566,2026-05-23T13:15:54.687,2,-138.368,406.764,23.2,-0.5,0.0,GOING_TO_ENDPOINT,dump_zone_18,load_zone_22,4.8e-05,0.000129
147.566,2026-05-23T13:15:54.687,3,617.976,-102.5,17.157,-0.5,1000.0,RETURNING_TO_START,load_zone_26,dump_zone_3,4.8e-05,0.000129
148.587,2026-05-23T13:15:55.654,1,654.274,-107.809,15.69,-0.5,1000.0,RETURNING_TO_START,load_zone_26,dump_zone_3,0.000198,0.000531
148.587,2026-05-23T13:15:55.654,2,-143.009,402.497,21.362,-0.5,0.0,GOING_TO_ENDPOINT,dump_zone_18,load_zone_22,0.000198,0.000531
148.587,2026-05-23T13:15:55.654,3,613.385,-102.5,15.32,-0.5,1000.0,RETURNING_TO_START,load_zone_26,dump_zone_3,0.000198,0.000531
149.589,2026-05-23T13:15:56.707,1,651.372,-104.907,13.886,-0.5,1000.0,RETURNING_TO_START,load_zone_26,dump_zone_3,4.8e-05,0.000129
149.589,2026-05-23T13:15:56.707,2,-147.381,398.869,19.558,-0.5,0.0,GOING_TO_ENDPOINT,dump_zone_18,load_zone_22,4.8e-05,0.000129
149.589,2026-05-23T13:15:56.707,3,609.384,-102.5,13.516,-0.5,1000.0,RETURNING_TO_START,load_zone_26,dump_zone_3,4.8e-05,0.000129
150.615,2026-05-23T13:15:57.682,1,648.716,-102.361,12.122,-0.312,1000.0,RETURNING_TO_START,load_zone_26,dump_zone_3,0.000198,0.000531
150.615,2026-05-23T13:15:57.682,2,-151.823,395.994,17.712,-0.5,0.0,GOING_TO_ENDPOINT,dump_zone_18,load_zone_22,0.000198,0.000531
150.615,2026-05-23T13:15:57.682,3,605.808,-102.5,11.669,-0.5,1000.0,RETURNING_TO_START,load_zone_26,dump_zone_3,0.000198,0.000531
151.666,2026-05-23T13:15:58.732,1,645.278,-101.772,13.013,0.739,1000.0,RETURNING_TO_START,load_zone_26,dump_zone_3,0.000227,0.000608
151.666,2026-05-23T13:15:58.732,2,-156.361,394.23,15.82,-0.5,0.0,GOING_TO_ENDPOINT,dump_zone_18,load_zone_22,0.00018,0.000482
151.666,2026-05-23T13:15:58.732,3,602.689,-102.497,9.777,-0.5,1000.0,RETURNING_TO_START,load_zone_26,dump_zone_3,0.00018,0.000482
152.673,2026-05-23T13:15:59.740,1,641.159,-102.23,16.539,1.0,1000.0,RETURNING_TO_START,load_zone_26,dump_zone_3,0.000304,0.000815
152.673,2026-05-23T13:15:59.740,2,-160.388,393.191,14.007,-0.5,0.0,GOING_TO_ENDPOINT,dump_zone_18,load_zone_22,0.000213,0.000571
152.673,2026-05-23T13:15:59.740,3,600.243,-102.181,8.177,-0.181,1000.0,RETURNING_TO_START,load_zone_26,dump_zone_3,0.000214,0.000574
153.682,2026-05-23T13:16:00.815,1,635.995,-102.469,20.091,0.884,1000.0,RETURNING_TO_START,load_zone_26,dump_zone_3,0.00044,0.001179
153.682,2026-05-23T13:16:00.815,2,-163.942,392.508,12.191,-0.5,0.0,GOING_TO_ENDPOINT,dump_zone_18,load_zone_22,0.0003,0.000804
153.682,2026-05-23T13:16:00.815,3,598.364,-100.783,9.056,0.2796,1000.0,RETURNING_TO_START,load_zone_26,dump_zone_3,0.000328,0.000879
154.72,2026-05-23T13:16:01.787,1,629.921,-102.502,21.322,-0.154,1000.0,RETURNING_TO_START,load_zone_26,dump_zone_3,0.00026,0.000697
154.72,2026-05-23T13:16:01.787,2,-166.965,393.598,10.323,-0.5,0.0,GOING_TO_ENDPOINT,dump_zone_18,load_zone_22,0.000255,0.000683
154.72,2026-05-23T13:16:01.787,3,597.524,-98.409,8.227,-0.399,1000.0,RETURNING_TO_START,load_zone_26,dump_zone_3,0.000255,0.000683
155.724,2026-05-23T13:16:02.791,1,624.193,-102.5,19.694,-0.5,1000.0,RETURNING_TO_START,load_zone_26,dump_zone_3,5.1e-05,0.000137
155.724,2026-05-23T13:16:02.791,2,-169.265,394.841,8.515,-0.5,0.0,GOING_TO_ENDPOINT,dump_zone_18,load_zone_22,5.1e-05,0.000137
155.724,2026-05-23T13:16:02.791,3,597.418,-96.134,8.689,0.605,1000.0,RETURNING_TO_START,load_zone_26,dump_zone_3,5.9e-05,0.000158
156.732,2026-05-23T13:16:03.857,1,618.945,-102.5,17.879,-0.5,1000.0,RETURNING_TO_START,load_zone_26,dump_zone_3,4.8e-05,0.000129
156.732,2026-05-23T13:16:03.857,2,-171.066,395.958,6.79,-0.368,0.0,GOING_TO_ENDPOINT,dump_zone_18,load_zone_22,4.8e-05,0.000129
156.732,2026-05-23T13:16:03.857,3,597.441,-93.232,12.067,1.0,1000.0,RETURNING_TO_START,load_zone_26,dump_zone_3,6.3e-05,0.000169
157.765,2026-05-23T13:16:04.832,1,614.093,-102.5,16.02,-0.5,1000.0,RETURNING_TO_START,load_zone_26,dump_zone_3,0.000204,0.000547
157.765,2026-05-23T13:16:04.832,2,-172.186,397.502,6.951,0.1452,0.0,GOING_TO_ENDPOINT,dump_zone_18,load_zone_22,0.00021,0.000563
157.765,2026-05-23T13:16:04.832,3,597.485,-89.213,15.785,1.0,1000.0,RETURNING_TO_START,load_zone_26,dump_zone_3,0.000287,0.000769
158.767,2026-05-23T13:16:05.887,1,609.895,-102.5,14.216,-0.5,1000.0,RETURNING_TO_START,load_zone_26,dump_zone_3,5.1e-05,0.000137
158.767,2026-05-23T13:16:05.887,2,-172.471,399.347,6.168,-0.5,0.0,GOING_TO_ENDPOINT,dump_zone_18,load_zone_22,5.1e-05,0.000137
158.767,2026-05-23T13:16:05.887,3,597.5,-84.297,19.393,1.0,1000.0,RETURNING_TO_START,load_zone_26,dump_zone_3,7.6e-05,0.000204
159.811,2026-05-23T13:16:06.877,1,606.058,-102.5,12.337,-0.5,1000.0,RETURNING_TO_START,load_zone_26,dump_zone_3,0.000192,0.000515
159.811,2026-05-23T13:16:06.877,2,-172.071,400.787,4.289,-0.5,0.0,GOING_TO_ENDPOINT,dump_zone_18,load_zone_22,0.000192,0.000515
159.811,2026-05-23T13:16:06.877,3,597.5,-78.103,23.151,1.0,1000.0,RETURNING_TO_START,load_zone_26,dump_zone_3,0.000307,0.000823
160.816,2026-05-23T13:16:07.883,1,602.877,-102.5,10.528,-0.5,1000.0,RETURNING_TO_START,load_zone_26,dump_zone_3,4.8e-05,0.000129
160.816,2026-05-23T13:16:07.883,2,-171.567,401.571,2.48,-0.5,0.0,LOADING,dump_zone_18,load_zone_22,4.8e-05,0.000129
160.816,2026-05-23T13:16:07.883,3,597.5,-71.213,25.603,0.235,1000.0,RETURNING_TO_START,load_zone_26,dump_zone_3,5.9e-05,0.000158
161.865,2026-05-23T13:16:08.932,1,600.122,-102.152,8.876,-0.207,1000.0,RETURNING_TO_START,load_zone_26,dump_zone_3,0.000159,0.000426
161.865,2026-05-23T13:16:08.932,2,-171.277,401.893,0.592,-0.5,0.0,LOADING,dump_zone_18,load_zone_22,0.000159,0.000426
161.865,2026-05-23T13:16:08.932,3,597.5,-63.791,25.057,-0.398,1000.0,RETURNING_TO_START,load_zone_26,dump_zone_3,0.000159,0.000426
162.881,2026-05-23T13:16:09.948,1,598.184,-100.556,9.302,-0.057,1000.0,RETURNING_TO_START,load_zone_26,dump_zone_3,0.000247,0.000662
162.881,2026-05-23T13:16:09.948,2,-171.261,401.91,0.0,-0.5,0.0,LOADING,dump_zone_18,load_zone_22,0.00024,0.000643
162.881,2026-05-23T13:16:09.948,3,597.5,-56.867,24.291,0.0938,1000.0,RETURNING_TO_START,load_zone_26,dump_zone_3,0.000276,0.00074
163.889,2026-05-23T13:16:11.022,1,597.455,-98.257,8.121,-0.273,1000.0,RETURNING_TO_START,load_zone_26,dump_zone_3,4.8e-05,0.000129
163.889,2026-05-23T13:16:11.022,2,-170.224,402.662,7.2,0.0,1000.0,TURNING_AROUND,load_zone_22,dump_zone_22,4.9e-05,0.000131
163.889,2026-05-23T13:16:11.022,3,597.5,-50.081,24.227,-0.0048,1000.0,RETURNING_TO_START,load_zone_26,dump_zone_3,5.3e-05,0.000142
164.932,2026-05-23T13:16:11.998,1,597.335,-95.85,9.132,0.77,1000.0,RETURNING_TO_START,load_zone_26,dump_zone_3,0.0002,0.000536
164.932,2026-05-23T13:16:11.998,2,-168.884,403.069,0.0,-0.178,1000.0,RETURNING_TO_START,load_zone_22,dump_zone_22,0.000168,0.00045
164.932,2026-05-23T13:16:11.998,3,597.5,-42.974,25.117,0.3288,1000.0,RETURNING_TO_START,load_zone_26,dump_zone_3,0.000216,0.000579
165.932,2026-05-23T13:16:12.999,1,597.395,-92.814,12.656,1.0,1000.0,RETURNING_TO_START,load_zone_26,dump_zone_3,6.4e-05,0.000172
165.932,2026-05-23T13:16:12.999,2,-168.778,403.056,1.276,0.822,1000.0,RETURNING_TO_START,load_zone_22,dump_zone_22,4.9e-05,0.000131
165.932,2026-05-23T13:16:12.999,3,597.5,-35.976,24.844,-0.2537,1000.0,RETURNING_TO_START,load_zone_26,dump_zone_3,4.8e-05,0.000129
166.978,2026-05-23T13:16:14.044,1,597.473,-88.562,16.422,1.0,1000.0,RETURNING_TO_START,load_zone_26,dump_zone_3,0.000256,0.000686
166.978,2026-05-23T13:16:14.044,2,-167.876,402.823,4.997,1.0,1000.0,RETURNING_TO_START,load_zone_22,dump_zone_22,0.000203,0.000544
166.978,2026-05-23T13:16:14.044,3,597.5,-28.954,23.625,-0.2414,1000.0,RETURNING_TO_START,load_zone_26,dump_zone_3,0.00018,0.000482
168.0,2026-05-23T13:16:15.141,1,597.498,-83.341,20.101,1.0,1000.0,RETURNING_TO_START,load_zone_26,dump_zone_3,0.000455,0.001219
168.0,2026-05-23T13:16:15.141,2,-166.177,401.82,8.676,1.0,1000.0,RETURNING_TO_START,load_zone_22,dump_zone_22,0.000367,0.000984
168.0,2026-05-23T13:16:15.141,3,597.5,-22.23,23.987,0.1926,1000.0,RETURNING_TO_START,load_zone_26,dump_zone_3,0.00036,0.000965
169.065,2026-05-23T13:16:16.213,1,597.5,-76.813,23.503,0.579,1000.0,RETURNING_TO_START,load_zone_26,dump_zone_3,0.000443,0.001187
169.065,2026-05-23T13:16:16.213,2,-163.632,400.043,11.62,0.3552,1000.0,RETURNING_TO_START,load_zone_22,dump_zone_22,0.000362,0.00097
169.065,2026-05-23T13:16:16.213,3,597.5,-15.046,24.357,-0.0209,1000.0,RETURNING_TO_START,load_zone_26,dump_zone_3,0.000347,0.00093
170.108,2026-05-23T13:16:17.174,1,597.5,-69.815,24.581,0.122,1000.0,RETURNING_TO_START,load_zone_26,dump_zone_3,0.000337,0.000903
170.108,2026-05-23T13:16:17.174,2,-160.504,398.925,10.94,-0.5,1000.0,RETURNING_TO_START,load_zone_22,dump_zone_22,0.000288,0.000772
170.108,2026-05-23T13:16:17.174,3,597.5,-7.995,24.406,0.2124,1000.0,RETURNING_TO_START,load_zone_26,dump_zone_3,0.00035,0.000938
171.203,2026-05-23T13:16:18.367,1,597.5,-62.459,23.57,-0.442,1000.0,RETURNING_TO_START,load_zone_26,dump_zone_3,0.000321,0.00086
171.203,2026-05-23T13:16:18.367,2,-157.49,399.057,9.175,-0.484,1000.0,RETURNING_TO_START,load_zone_22,dump_zone_22,0.000321,0.00086
171.203,2026-05-23T13:16:18.367,3,597.5,-0.646,23.678,-0.2106,1000.0,RETURNING_TO_START,load_zone_26,dump_zone_3,0.000321,0.00086
172.25,2026-05-23T13:16:19.317,1,597.5,-55.786,22.794,-0.098,1000.0,RETURNING_TO_START,load_zone_26,dump_zone_3,0.000261,0.000699
172.25,2026-05-23T13:16:19.317,2,-155.088,399.873,8.848,0.345,1000.0,RETURNING_TO_START,load_zone_22,dump_zone_22,0.000275,0.000737
172.25,2026-05-23T13:16:19.317,3,597.5,6.054,22.786,0.033,1000.0,RETURNING_TO_START,load_zone_26,dump_zone_3,0.000277,0.000742
173.255,2026-05-23T13:16:20.407,1,597.5,-49.325,23.61,0.3517,1000.0,RETURNING_TO_START,load_zone_26,dump_zone_3,0.000414,0.00111
173.255,2026-05-23T13:16:20.407,2,-152.627,401.23,11.239,0.8014,1000.0,RETURNING_TO_START,load_zone_22,dump_zone_22,0.000402,0.001077
173.255,2026-05-23T13:16:20.407,3,597.5,12.604,24.175,0.3504,1000.0,RETURNING_TO_START,load_zone_26,dump_zone_3,0.000416,0.001115
174.334,2026-05-23T13:16:21.401,1,597.5,-42.1,24.513,0.3447,1000.0,RETURNING_TO_START,load_zone_26,dump_zone_3,0.000347,0.00093
174.334,2026-05-23T13:16:21.401,2,-149.457,403.558,14.776,1.0,1000.0,RETURNING_TO_START,load_zone_22,dump_zone_22,0.000373,0.001
174.334,2026-05-23T13:16:21.401,3,597.5,19.978,24.648,-0.2336,1000.0,RETURNING_TO_START,load_zone_26,dump_zone_3,0.00027,0.000724
175.4,2026-05-23T13:16:22.467,1,597.5,-34.722,25.049,-0.0075,1000.0,RETURNING_TO_START,load_zone_26,dump_zone_3,0.000278,0.000745
175.4,2026-05-23T13:16:22.467,2,-145.686,406.81,18.613,1.0,1000.0,RETURNING_TO_START,load_zone_22,dump_zone_22,0.000373,0.001
175.4,2026-05-23T13:16:22.467,3,597.5,27.055,23.215,-0.3488,1000.0,RETURNING_TO_START,load_zone_26,dump_zone_3,0.000252,0.000675
176.489,2026-05-23T13:16:23.623,1,597.5,-27.357,23.499,-0.5,1000.0,RETURNING_TO_START,load_zone_26,dump_zone_3,0.000321,0.00086
176.489,2026-05-23T13:16:23.623,2,-141.107,411.067,22.361,1.0,1000.0,RETURNING_TO_START,load_zone_22,dump_zone_22,0.000506,0.001356
176.489,2026-05-23T13:16:23.623,3,597.5,34.034,23.457,0.4922,1000.0,RETURNING_TO_START,load_zone_26,dump_zone_3,0.000433,0.00116
177.546,2026-05-23T13:16:24.678,1,597.5,-20.568,23.413,0.461,1000.0,RETURNING_TO_START,load_zone_26,dump_zone_3,0.000399,0.001069
177.546,2026-05-23T13:16:24.678,2,-136.107,415.954,24.576,0.243,1000.0,RETURNING_TO_START,load_zone_22,dump_zone_22,0.00037,0.000992
177.546,2026-05-23T13:16:24.678,3,597.5,41.144,24.319,-0.234,1000.0,RETURNING_TO_START,load_zone_26,dump_zone_3,0.0003,0.000804
178.627,2026-05-23T13:16:25.778,1,597.5,-13.272,24.671,0.1141,1000.0,RETURNING_TO_START,load_zone_26,dump_zone_3,0.000377,0.00101
178.627,2026-05-23T13:16:25.778,2,-130.981,421.131,23.523,-0.5,1000.0,RETURNING_TO_START,load_zone_22,dump_zone_22,0.000324,0.000868
178.627,2026-05-23T13:16:25.778,3,597.5,48.324,23.737,0.027,1000.0,RETURNING_TO_START,load_zone_26,dump_zone_3,0.000361,0.000967
179.66,2026-05-23T13:16:26.727,1,597.5,-6.169,24.365,-0.5,1000.0,RETURNING_TO_START,load_zone_26,dump_zone_3,0.000243,0.000651
179.66,2026-05-23T13:16:26.727,2,-126.481,425.768,21.663,-0.5,1000.0,RETURNING_TO_START,load_zone_22,dump_zone_22,0.000243,0.000651
179.66,2026-05-23T13:16:26.727,3,597.5,55.07,23.214,0.014,1000.0,RETURNING_TO_START,load_zone_26,dump_zone_3,0.000269,0.000721
180.661,2026-05-23T13:16:27.822,1,597.5,0.37,22.842,-0.3681,1000.0,RETURNING_TO_START,load_zone_26,dump_zone_3,0.000312,0.000836
180.661,2026-05-23T13:16:27.822,2,-122.503,429.922,19.862,-0.5,1000.0,RETURNING_TO_START,load_zone_22,dump_zone_22,0.000312,0.000836
180.661,2026-05-23T13:16:27.822,3,597.5,61.618,23.928,0.3934,1000.0,RETURNING_TO_START,load_zone_26,dump_zone_3,0.000407,0.001091
181.713,2026-05-23T13:16:28.780,1,597.5,7.045,23.255,0.4539,1000.0,RETURNING_TO_START,load_zone_26,dump_zone_3,0.000346,0.000927
181.713,2026-05-23T13:16:28.780,2,-118.713,433.915,17.968,-0.5,1000.0,RETURNING_TO_START,load_zone_22,dump_zone_22,0.000261,0.000699
181.713,2026-05-23T13:16:28.780,3,597.5,68.81,24.819,-0.1247,1000.0,RETURNING_TO_START,load_zone_26,dump_zone_3,0.000271,0.000726
182.757,2026-05-23T13:16:29.824,1,597.5,14.097,25.186,0.2519,1000.0,RETURNING_TO_START,load_zone_26,dump_zone_3,0.000257,0.000689
182.757,2026-05-23T13:16:29.824,2,-115.335,437.493,16.089,-0.5,1000.0,RETURNING_TO_START,load_zone_22,dump_zone_22,0.000207,0.000555
182.757,2026-05-23T13:16:29.824,3,597.5,75.801,23.38,-0.312,1000.0,RETURNING_TO_START,load_zone_26,dump_zone_3,0.000207,0.000555
183.856,2026-05-23T13:16:31.018,1,597.5,21.841,25.233,-0.0969,1000.0,RETURNING_TO_START,load_zone_26,dump_zone_3,0.000338,0.000906
183.856,2026-05-23T13:16:31.018,2,-112.186,440.829,14.111,-0.5,1000.0,RETURNING_TO_START,load_zone_22,dump_zone_22,0.000321,0.00086
183.856,2026-05-23T13:16:31.018,3,597.5,82.842,23.193,0.339,1000.0,RETURNING_TO_START,load_zone_26,dump_zone_3,0.000407,0.001091
184.946,2026-05-23T13:16:32.087,1,597.5,29.321,24.476,0.1134,1000.0,RETURNING_TO_START,load_zone_26,dump_zone_3,0.000359,0.000962
184.946,2026-05-23T13:16:32.087,2,-109.024,443.144,12.149,-0.5,1000.0,RETURNING_TO_START,load_zone_22,dump_zone_22,0.000309,0.000828
184.946,2026-05-23T13:16:32.087,3,597.5,90.158,24.818,0.3227,1000.0,RETURNING_TO_START,load_zone_26,dump_zone_3,0.000395,0.001059
185.962,2026-05-23T13:16:33.029,1,597.5,36.321,24.666,-0.3624,1000.0,RETURNING_TO_START,load_zone_26,dump_zone_3,0.000219,0.000587
185.962,2026-05-23T13:16:33.029,2,-106.207,444.536,10.32,-0.5,1000.0,RETURNING_TO_START,load_zone_22,dump_zone_22,0.000219,0.000587
185.962,2026-05-23T13:16:33.029,3,597.5,97.239,25.071,-0.2253,1000.0,RETURNING_TO_START,load_zone_26,dump_zone_3,0.000219,0.000587
187.056,2026-05-23T13:16:34.215,1,597.5,43.57,23.294,-0.06,1000.0,RETURNING_TO_START,load_zone_26,dump_zone_3,0.000343,0.000919
187.056,2026-05-23T13:16:34.215,2,-104.127,446.429,8.351,-0.5,1000.0,RETURNING_TO_START,load_zone_22,dump_zone_22,0.000321,0.00086
187.056,2026-05-23T13:16:34.215,3,597.5,104.736,24.305,-0.2911,1000.0,RETURNING_TO_START,load_zone_26,dump_zone_3,0.000321,0.00086
188.114,2026-05-23T13:16:35.261,1,597.5,50.42,23.265,-0.1502,1000.0,RETURNING_TO_START,load_zone_26,dump_zone_3,0.000313,0.000839
188.114,2026-05-23T13:16:35.261,2,-102.655,447.994,6.446,-0.5,1000.0,RETURNING_TO_START,load_zone_22,dump_zone_22,0.000306,0.00082
188.114,2026-05-23T13:16:35.261,3,597.5,111.734,23.748,-0.0631,1000.0,RETURNING_TO_START,load_zone_26,dump_zone_3,0.000327,0.000876
189.192,2026-05-23T13:16:36.259,1,597.5,57.25,22.466,-0.0313,1000.0,RETURNING_TO_START,load_zone_26,dump_zone_3,0.000269,0.000721
189.192,2026-05-23T13:16:36.259,2,-101.723,449.31,4.506,-0.5,1000.0,RETURNING_TO_START,load_zone_22,dump_zone_22,0.000249,0.000667
189.192,2026-05-23T13:16:36.259,3,597.5,118.856,24.079,0.2364,1000.0,RETURNING_TO_START,load_zone_26,dump_zone_3,0.000305,0.000817
190.273,2026-05-23T13:16:37.339,1,597.5,64.204,24.239,0.8237,1000.0,RETURNING_TO_START,load_zone_26,dump_zone_3,0.000382,0.001024
190.273,2026-05-23T13:16:37.339,2,-101.378,450.293,2.56,-0.5,1000.0,RETURNING_TO_START,load_zone_22,dump_zone_22,0.000249,0.000667
190.273,2026-05-23T13:16:37.339,3,597.5,126.27,25.289,0.434,1000.0,RETURNING_TO_START,load_zone_26,dump_zone_3,0.000335,0.000898
191.282,2026-05-23T13:16:38.432,1,597.5,71.255,25.394,-0.1533,1000.0,RETURNING_TO_START,load_zone_26,dump_zone_3,5.2e-05,0.000139
191.282,2026-05-23T13:16:38.432,2,-101.31,450.734,0.744,-0.5,1000.0,RETURNING_TO_START,load_zone_22,dump_zone_22,5.1e-05,0.000137
191.282,2026-05-23T13:16:38.432,3,597.5,133.45,25.468,-0.3335,1000.0,RETURNING_TO_START,load_zone_26,dump_zone_3,5.1e-05,0.000137
192.358,2026-05-23T13:16:39.424,1,597.5,78.616,23.957,-0.394,1000.0,RETURNING_TO_START,load_zone_26,dump_zone_3,0.000273,0.000732
192.358,2026-05-23T13:16:39.424,2,-101.306,450.768,0.0,-0.5,1000.0,RETURNING_TO_START,load_zone_22,dump_zone_22,0.000273,0.000732
192.358,2026-05-23T13:16:39.424,3,597.5,140.806,23.829,-0.283,1000.0,RETURNING_TO_START,load_zone_26,dump_zone_3,0.000273,0.000732
193.361,2026-05-23T13:16:40.512,1,597.5,85.117,22.854,-0.1105,1000.0,RETURNING_TO_START,load_zone_26,dump_zone_3,0.000347,0.00093
193.361,2026-05-23T13:16:40.512,2,-101.306,450.768,0.0,-0.5,1000.0,RETURNING_TO_START,load_zone_22,dump_zone_22,0.000333,0.000892
193.361,2026-05-23T13:16:40.512,3,597.5,147.352,23.411,0.0078,1000.0,RETURNING_TO_START,load_zone_26,dump_zone_3,0.000367,0.000984
194.361,2026-05-23T13:16:41.506,1,597.5,91.541,23.538,0.4273,1000.0,RETURNING_TO_START,load_zone_26,dump_zone_3,6.3e-05,0.000169
194.361,2026-05-23T13:16:41.506,2,-101.306,450.768,0.0,-0.5,1000.0,RETURNING_TO_START,load_zone_22,dump_zone_22,4.8e-05,0.000129
194.361,2026-05-23T13:16:41.506,3,597.5,153.813,22.764,-0.5,1000.0,RETURNING_TO_START,load_zone_26,dump_zone_3,4.8e-05,0.000129
195.402,2026-05-23T13:16:42.469,1,597.5,98.53,24.534,0.1118,1000.0,RETURNING_TO_START,load_zone_26,dump_zone_3,0.000262,0.000702
195.402,2026-05-23T13:16:42.469,2,-101.306,450.768,0.0,-0.5,1000.0,RETURNING_TO_START,load_zone_22,dump_zone_22,0.000225,0.000603
195.402,2026-05-23T13:16:42.469,3,597.5,160.114,20.934,-0.5,1000.0,RETURNING_TO_START,load_zone_26,dump_zone_3,0.000225,0.000603
196.406,2026-05-23T13:16:43.473,1,597.5,105.361,24.098,-0.3297,1000.0,RETURNING_TO_START,load_zone_26,dump_zone_3,0.000288,0.000772
196.406,2026-05-23T13:16:43.473,2,-101.306,450.768,0.0,-0.5,1000.0,RETURNING_TO_START,load_zone_22,dump_zone_22,0.000288,0.000772
196.406,2026-05-23T13:16:43.473,3,597.5,165.687,19.168,-0.5,1000.0,RETURNING_TO_START,load_zone_26,dump_zone_3,0.000288,0.000772
197.406,2026-05-23T13:16:44.473,1,597.5,111.887,23.118,0.0043,1000.0,RETURNING_TO_START,load_zone_26,dump_zone_3,0.000271,0.000726
197.406,2026-05-23T13:16:44.473,2,-101.306,450.768,0.0,-0.5,1000.0,RETURNING_TO_START,load_zone_22,dump_zone_22,0.000246,0.000659
197.406,2026-05-23T13:16:44.473,3,597.5,170.743,17.368,-0.5,1000.0,RETURNING_TO_START,load_zone_26,dump_zone_3,0.000246,0.000659
198.483,2026-05-23T13:16:45.550,1,597.5,118.943,24.032,0.2554,1000.0,RETURNING_TO_START,load_zone_26,dump_zone_3,0.000289,0.000775
198.483,2026-05-23T13:16:45.550,2,-101.306,450.768,0.0,-0.5,1000.0,RETURNING_TO_START,load_zone_22,dump_zone_22,0.000234,0.000627
198.483,2026-05-23T13:16:45.550,3,597.5,175.628,15.429,-0.5,1000.0,RETURNING_TO_START,load_zone_26,dump_zone_3,0.000234,0.000627
199.514,2026-05-23T13:16:46.679,1,597.5,125.78,23.373,-0.2546,1000.0,RETURNING_TO_START,load_zone_26,dump_zone_3,0.000321,0.00086
199.514,2026-05-23T13:16:46.679,2,-101.305,450.786,0.33,0.385,1000.0,RETURNING_TO_START,load_zone_22,dump_zone_22,0.000322,0.000863
199.514,2026-05-23T13:16:46.679,3,597.5,179.759,13.573,-0.5,1000.0,RETURNING_TO_START,load_zone_26,dump_zone_3,0.000321,0.00086
200.596,2026-05-23T13:16:47.764,1,597.5,132.823,23.629,0.0331,1000.0,RETURNING_TO_START,load_zone_26,dump_zone_3,0.000369,0.000989
200.596,2026-05-23T13:16:47.764,2,-101.299,451.364,3.595,0.89,1000.0,RETURNING_TO_START,load_zone_22,dump_zone_22,0.000358,0.000959
200.596,2026-05-23T13:16:47.764,3,597.5,183.522,11.626,-0.5,1000.0,RETURNING_TO_START,load_zone_26,dump_zone_3,0.00033,0.000884
201.599,2026-05-23T13:16:48.724,1,597.5,139.395,23.66,-0.0399,1000.0,RETURNING_TO_START,load_zone_26,dump_zone_3,5.2e-05,0.000139
201.599,2026-05-23T13:16:48.724,2,-101.657,452.766,6.826,1.0,1000.0,RETURNING_TO_START,load_zone_22,dump_zone_22,5.6e-05,0.00015
201.599,2026-05-23T13:16:48.724,3,597.453,186.489,9.82,-0.5,1000.0,RETURNING_TO_START,load_zone_26,dump_zone_3,4.8e-05,0.000129
202.669,2026-05-23T13:16:49.737,1,597.5,146.465,23.897,0.0677,1000.0,RETURNING_TO_START,load_zone_26,dump_zone_3,0.000293,0.000785
202.669,2026-05-23T13:16:49.737,2,-103.456,454.624,10.678,1.0,1000.0,RETURNING_TO_START,load_zone_22,dump_zone_22,0.000329,0.000882
202.669,2026-05-23T13:16:49.737,3,596.875,189.064,8.068,-0.5,1000.0,RETURNING_TO_START,load_zone_26,dump_zone_3,0.000258,0.000691
203.741,2026-05-23T13:16:50.897,1,597.5,153.504,22.973,-0.497,1000.0,RETURNING_TO_START,load_zone_26,dump_zone_3,0.000324,0.000868
203.741,2026-05-23T13:16:50.897,2,-107.107,454.551,14.537,1.0,1000.0,RETURNING_TO_START,load_zone_22,dump_zone_22,0.000445,0.001193
203.741,2026-05-23T13:16:50.897,3,596.084,191.001,6.139,-0.5,1000.0,RETURNING_TO_START,load_zone_26,dump_zone_3,0.000324,0.000868
204.762,2026-05-23T13:16:51.829,1,597.5,159.738,21.135,-0.5,1000.0,RETURNING_TO_START,load_zone_26,dump_zone_3,0.000231,0.000619
204.762,2026-05-23T13:16:51.829,2,-110.258,451.132,18.213,1.0,1000.0,RETURNING_TO_START,load_zone_22,dump_zone_22,0.000339,0.000909
204.762,2026-05-23T13:16:51.829,3,595.733,192.437,4.489,-0.489,1000.0,RETURNING_TO_START,load_zone_26,dump_zone_3,0.000231,0.000619
205.766,2026-05-23T13:16:52.921,1,597.5,165.363,19.372,-0.39,1000.0,RETURNING_TO_START,load_zone_26,dump_zone_3,0.00033,0.000884
205.766,2026-05-23T13:16:52.921,2,-114.968,448.174,21.827,1.0,1000.0,RETURNING_TO_START,load_zone_22,dump_zone_22,0.000516,0.001383
205.766,2026-05-23T13:16:52.921,3,595.588,193.605,4.47,0.235,1000.0,RETURNING_TO_START,load_zone_26,dump_zone_3,0.000344,0.000922
206.832,2026-05-23T13:16:53.899,1,597.5,170.823,17.571,-0.5,1000.0,RETURNING_TO_START,load_zone_26,dump_zone_3,0.000237,0.000635
206.832,2026-05-23T13:16:53.899,2,-121.91,447.485,24.586,0.271,1000.0,RETURNING_TO_START,load_zone_22,dump_zone_22,0.000296,0.000793
206.832,2026-05-23T13:16:53.899,3,595.535,195.031,4.942,0.003,1000.0,RETURNING_TO_START,load_zone_26,dump_zone_3,0.000242,0.000649
207.836,2026-05-23T13:16:54.903,1,597.5,175.453,15.764,-0.5,1000.0,RETURNING_TO_START,load_zone_26,dump_zone_3,0.000231,0.000619
207.836,2026-05-23T13:16:54.903,2,-128.711,447.495,23.75,-0.5,1000.0,RETURNING_TO_START,load_zone_22,dump_zone_22,0.000231,0.000619
207.836,2026-05-23T13:16:54.903,3,595.791,196.375,5.267,0.4022,1000.0,RETURNING_TO_START,load_zone_26,dump_zone_3,0.000247,0.000662
208.849,2026-05-23T13:16:55.979,1,597.5,179.615,13.941,-0.5,1000.0,RETURNING_TO_START,load_zone_26,dump_zone_3,5.1e-05,0.000137
208.849,2026-05-23T13:16:55.979,2,-135.12,447.501,21.927,-0.5,1000.0,RETURNING_TO_START,load_zone_22,dump_zone_22,5.1e-05,0.000137
208.849,2026-05-23T13:16:55.979,3,596.524,197.982,7.12,0.5112,1000.0,RETURNING_TO_START,load_zone_26,dump_zone_3,5.7e-05,0.000153
209.877,2026-05-23T13:16:56.944,1,597.5,183.313,12.09,-0.5,1000.0,RETURNING_TO_START,load_zone_26,dump_zone_3,0.000171,0.000458
209.877,2026-05-23T13:16:56.944,2,-141.098,447.5,20.076,-0.5,1000.0,RETURNING_TO_START,load_zone_22,dump_zone_22,0.000171,0.000458
209.877,2026-05-23T13:16:56.944,3,597.728,199.964,8.809,0.4765,1000.0,RETURNING_TO_START,load_zone_26,dump_zone_3,0.000193,0.000517
210.887,2026-05-23T13:16:58.009,1,597.383,186.431,10.294,-0.5,1000.0,RETURNING_TO_START,load_zone_26,dump_zone_3,5.1e-05,0.000137
210.887,2026-05-23T13:16:58.009,2,-146.459,447.5,18.258,-0.5,1000.0,RETURNING_TO_START,load_zone_22,dump_zone_22,5.1e-05,0.000137
210.887,2026-05-23T13:16:58.009,3,600.182,201.352,11.573,0.55,1000.0,RETURNING_TO_START,load_zone_26,dump_zone_3,6e-05,0.000161
211.934,2026-05-23T13:16:59.001,1,596.75,189.052,8.409,-0.5,1000.0,RETURNING_TO_START,load_zone_26,dump_zone_3,0.000273,0.000732
211.934,2026-05-23T13:16:59.001,2,-151.477,447.5,16.374,-0.5,1000.0,RETURNING_TO_START,load_zone_22,dump_zone_22,0.000273,0.000732
211.934,2026-05-23T13:16:59.001,3,603.499,200.653,11.545,-0.497,1000.0,RETURNING_TO_START,load_zone_26,dump_zone_3,0.000273,0.000732
213.015,2026-05-23T13:17:00.141,1,595.997,191.132,6.464,-0.5,1000.0,RETURNING_TO_START,load_zone_26,dump_zone_3,0.000306,0.00082
213.015,2026-05-23T13:17:00.141,2,-156.081,447.481,14.428,-0.5,1000.0,RETURNING_TO_START,load_zone_22,dump_zone_22,0.000306,0.00082
213.015,2026-05-23T13:17:00.141,3,606.462,199.516,9.947,-0.262,1000.0,RETURNING_TO_START,load_zone_26,dump_zone_3,0.000306,0.00082
214.089,2026-05-23T13:17:01.156,1,595.669,192.766,4.857,-0.5,1000.0,RETURNING_TO_START,load_zone_26,dump_zone_3,0.000297,0.000796
214.089,2026-05-23T13:17:01.156,2,-159.915,446.591,12.495,-0.5,1000.0,RETURNING_TO_START,load_zone_22,dump_zone_22,0.000297,0.000796
214.089,2026-05-23T13:17:01.156,3,609.36,198.967,10.475,0.5825,1000.0,RETURNING_TO_START,load_zone_26,dump_zone_3,0.000349,0.000935
215.186,2026-05-23T13:17:02.352,1,595.548,194.12,4.74,0.3353,1000.0,RETURNING_TO_START,load_zone_26,dump_zone_3,0.000323,0.000866
215.186,2026-05-23T13:17:02.352,2,-163.199,445.546,10.52,-0.5,1000.0,RETURNING_TO_START,load_zone_22,dump_zone_22,0.000306,0.00082
215.186,2026-05-23T13:17:02.352,3,613.105,198.803,14.073,1.0,1000.0,RETURNING_TO_START,load_zone_26,dump_zone_3,0.000417,0.001118
216.247,2026-05-23T13:17:03.313,1,595.594,195.565,5.047,0.1383,1000.0,RETURNING_TO_START,load_zone_26,dump_zone_3,0.000286,0.000766
216.247,2026-05-23T13:17:03.313,2,-165.995,445.485,8.61,-0.5,1000.0,RETURNING_TO_START,load_zone_22,dump_zone_22,0.000276,0.00074
216.247,2026-05-23T13:17:03.313,3,617.802,199.008,17.572,1.0,1000.0,RETURNING_TO_START,load_zone_26,dump_zone_3,0.000401,0.001075
217.346,2026-05-23T13:17:04.495,1,596.052,196.983,4.539,-0.0687,1000.0,RETURNING_TO_START,load_zone_26,dump_zone_3,0.000322,0.000863
217.346,2026-05-23T13:17:04.495,2,-168.293,445.586,6.632,-0.5,1000.0,RETURNING_TO_START,load_zone_22,dump_zone_22,0.000318,0.000852
217.346,2026-05-23T13:17:04.495,3,623.511,199.586,19.185,-0.099,1000.0,RETURNING_TO_START,load_zone_26,dump_zone_3,0.000331,0.000887
218.373,2026-05-23T13:17:05.440,1,596.664,198.308,5.937,0.5997,1000.0,RETURNING_TO_START,load_zone_26,dump_zone_3,0.000188,0.000504
218.373,2026-05-23T13:17:05.440,2,-169.842,446.011,4.862,-0.326,1000.0,RETURNING_TO_START,load_zone_22,dump_zone_22,0.000171,0.000458
218.373,2026-05-23T13:17:05.440,3,628.714,200.278,17.568,-0.5,1000.0,RETURNING_TO_START,load_zone_26,dump_zone_3,0.000171,0.000458
219.377,2026-05-23T13:17:06.444,1,597.838,200.083,9.307,1.0,1000.0,RETURNING_TO_START,load_zone_26,dump_zone_3,0.000324,0.000868
219.377,2026-05-23T13:17:06.444,2,-170.987,446.778,5.556,0.5133,1000.0,RETURNING_TO_START,load_zone_22,dump_zone_22,0.000283,0.000758
219.377,2026-05-23T13:17:06.444,3,633.297,200.927,15.761,-0.5,1000.0,RETURNING_TO_START,load_zone_26,dump_zone_3,0.000261,0.000699
220.469,2026-05-23T13:17:07.580,1,600.873,201.37,12.373,0.34,1000.0,RETURNING_TO_START,load_zone_26,dump_zone_3,0.000367,0.000984
220.469,2026-05-23T13:17:07.580,2,-172.055,448.552,7.712,0.1331,1000.0,RETURNING_TO_START,load_zone_22,dump_zone_22,0.000339,0.000909
220.469,2026-05-23T13:17:07.580,3,637.728,201.526,13.848,-0.5,1000.0,RETURNING_TO_START,load_zone_26,dump_zone_3,0.000321,0.00086
221.519,2026-05-23T13:17:08.586,1,604.269,200.341,11.68,-0.5,1000.0,RETURNING_TO_START,load_zone_26,dump_zone_3,0.000246,0.000659
221.519,2026-05-23T13:17:08.586,2,-172.094,450.649,6.491,-0.5,1000.0,RETURNING_TO_START,load_zone_22,dump_zone_22,0.000246,0.000659
221.519,2026-05-23T13:17:08.586,3,641.458,201.964,11.98,-0.5,1000.0,RETURNING_TO_START,load_zone_26,dump_zone_3,0.000246,0.000659
222.519,2026-05-23T13:17:09.586,1,607.103,199.359,10.145,-0.373,1000.0,RETURNING_TO_START,load_zone_26,dump_zone_3,4.8e-05,0.000129
222.519,2026-05-23T13:17:09.586,2,-171.445,452.033,4.691,-0.5,1000.0,RETURNING_TO_START,load_zone_22,dump_zone_22,4.8e-05,0.000129
222.519,2026-05-23T13:17:09.586,3,644.507,202.245,10.18,-0.5,1000.0,RETURNING_TO_START,load_zone_26,dump_zone_3,4.8e-05,0.000129
223.523,2026-05-23T13:17:10.590,1,609.878,198.913,10.602,0.599,1000.0,RETURNING_TO_START,load_zone_26,dump_zone_3,5.7e-05,0.000153
223.523,2026-05-23T13:17:10.590,2,-170.742,452.798,2.884,-0.5,1000.0,UNLOADING,load_zone_22,dump_zone_22,4.8e-05,0.000129
223.523,2026-05-23T13:17:10.590,3,647.079,202.4,8.452,-0.384,1000.0,RETURNING_TO_START,load_zone_26,dump_zone_3,4.8e-05,0.000129
224.595,2026-05-23T13:17:11.662,1,613.572,198.799,14.21,1.0,1000.0,RETURNING_TO_START,load_zone_26,dump_zone_3,0.000361,0.000967
224.595,2026-05-23T13:17:11.662,2,-170.367,453.207,0.955,-0.5,1000.0,UNLOADING,load_zone_22,dump_zone_22,0.000264,0.000708
224.595,2026-05-23T13:17:11.662,3,649.327,202.242,7.169,0.037,1000.0,RETURNING_TO_START,load_zone_26,dump_zone_3,0.000274,0.000734
225.684,2026-05-23T13:17:12.750,1,618.475,199.067,18.05,0.889,1000.0,RETURNING_TO_START,load_zone_26,dump_zone_3,0.000405,0.001085
225.684,2026-05-23T13:17:12.750,2,-170.325,453.255,0.0,-0.5,1000.0,UNLOADING,load_zone_22,dump_zone_22,0.000285,0.000764
225.684,2026-05-23T13:17:12.750,3,651.358,200.969,9.331,0.69,1000.0,RETURNING_TO_START,load_zone_26,dump_zone_3,0.000336,0.0009
226.707,2026-05-23T13:17:13.774,1,623.857,199.63,19.347,-0.134,1000.0,RETURNING_TO_START,load_zone_26,dump_zone_3,0.000142,0.000381
226.707,2026-05-23T13:17:13.774,2,-169.559,453.902,7.2,0.0,0.0,TURNING_AROUND,dump_zone_22,load_zone_22,0.000141,0.000378
226.707,2026-05-23T13:17:13.774,3,652.478,198.405,10.222,0.219,1000.0,RETURNING_TO_START,load_zone_26,dump_zone_3,0.000151,0.000405
227.743,2026-05-23T13:17:14.810,1,629.15,200.34,17.697,-0.5,1000.0,RETURNING_TO_START,load_zone_26,dump_zone_3,0.000264,0.000708
227.743,2026-05-23T13:17:14.810,2,-168.336,454.43,0.0,-0.15,0.0,GOING_TO_ENDPOINT,dump_zone_22,load_zone_22,0.000264,0.000708
227.743,2026-05-23T13:17:14.810,3,652.617,195.153,12.622,0.674,1000.0,RETURNING_TO_START,load_zone_26,dump_zone_3,0.000326,0.000874
228.815,2026-05-23T13:17:15.881,1,634.066,201.035,15.767,-0.5,1000.0,RETURNING_TO_START,load_zone_26,dump_zone_3,0.000222,0.000595
228.815,2026-05-23T13:17:15.881,2,-168.175,454.429,1.641,0.922,0.0,GOING_TO_ENDPOINT,dump_zone_22,load_zone_22,0.000227,0.000608
228.815,2026-05-23T13:17:15.881,3,652.527,191.145,13.711,-0.168,1000.0,RETURNING_TO_START,load_zone_26,dump_zone_3,0.000224,0.0006
229.823,2026-05-23T13:17:16.890,1,638.176,201.582,13.953,-0.5,1000.0,RETURNING_TO_START,load_zone_26,dump_zone_3,4.8e-05,0.000129
229.823,2026-05-23T13:17:16.890,2,-167.184,454.356,5.264,1.0,0.0,GOING_TO_ENDPOINT,dump_zone_22,load_zone_22,5.2e-05,0.000139
229.823,2026-05-23T13:17:16.890,3,652.499,187.533,12.059,-0.5,1000.0,RETURNING_TO_START,load_zone_26,dump_zone_3,4.8e-05,0.000129
230.864,2026-05-23T13:17:17.931,1,641.904,202.009,12.09,-0.5,1000.0,RETURNING_TO_START,load_zone_26,dump_zone_3,0.00018,0.000482
230.864,2026-05-23T13:17:17.931,2,-165.121,454.005,9.011,1.0,0.0,GOING_TO_ENDPOINT,dump_zone_22,load_zone_22,0.000205,0.000549
230.864,2026-05-23T13:17:17.931,3,652.498,184.331,10.185,-0.5,1000.0,RETURNING_TO_START,load_zone_26,dump_zone_3,0.00018,0.000482
231.881,2026-05-23T13:17:18.948,1,645.036,202.285,10.259,-0.5,1000.0,RETURNING_TO_START,load_zone_26,dump_zone_3,0.000249,0.000667
231.881,2026-05-23T13:17:18.948,2,-162.087,453.432,12.673,1.0,0.0,GOING_TO_ENDPOINT,dump_zone_22,load_zone_22,0.000298,0.000799
231.881,2026-05-23T13:17:18.948,3,652.5,181.725,8.355,-0.5,1000.0,RETURNING_TO_START,load_zone_26,dump_zone_3,0.000249,0.000667
232.883,2026-05-23T13:17:20.002,1,647.625,202.426,8.456,-0.5,1000.0,RETURNING_TO_START,load_zone_26,dump_zone_3,5.1e-05,0.000137
232.883,2026-05-23T13:17:20.002,2,-158.063,452.96,16.28,1.0,0.0,GOING_TO_ENDPOINT,dump_zone_22,load_zone_22,6.4e-05,0.000172
232.883,2026-05-23T13:17:20.002,3,652.488,179.662,6.551,-0.5,1000.0,RETURNING_TO_START,load_zone_26,dump_zone_3,5.1e-05,0.000137
233.888,2026-05-23T13:17:20.955,1,649.739,202.168,7.118,-0.101,1000.0,RETURNING_TO_START,load_zone_26,dump_zone_3,0.000198,0.000531
233.888,2026-05-23T13:17:20.955,2,-153.006,452.619,19.898,1.0,0.0,GOING_TO_ENDPOINT,dump_zone_22,load_zone_22,0.000255,0.000683
233.888,2026-05-23T13:17:20.955,3,652.816,178.14,4.742,-0.5,1000.0,RETURNING_TO_START,load_zone_26,dump_zone_3,0.000195,0.000523
234.902,2026-05-23T13:17:21.969,1,651.496,200.987,8.56,0.6131,1000.0,RETURNING_TO_START,load_zone_26,dump_zone_3,5.5e-05,0.000147
234.902,2026-05-23T13:17:21.969,2,-146.889,452.508,23.15,0.556,0.0,GOING_TO_ENDPOINT,dump_zone_22,load_zone_22,5.9e-05,0.000158
234.902,2026-05-23T13:17:21.969,3,653.364,177.226,2.917,-0.5,1000.0,UNLOADING,load_zone_26,dump_zone_3,4.8e-05,0.000129
235.912,2026-05-23T13:17:22.979,1,652.492,198.695,8.942,-0.1669,1000.0,RETURNING_TO_START,load_zone_26,dump_zone_3,5.1e-05,0.000137
235.912,2026-05-23T13:17:22.979,2,-140.294,452.499,23.251,-0.454,0.0,GOING_TO_ENDPOINT,dump_zone_22,load_zone_22,5.1e-05,0.000137
235.912,2026-05-23T13:17:22.979,3,653.736,176.82,1.099,-0.5,1000.0,UNLOADING,load_zone_26,dump_zone_3,5.1e-05,0.000137
236.918,2026-05-23T13:17:24.012,1,652.666,196.102,10.228,0.8391,1000.0,RETURNING_TO_START,load_zone_26,dump_zone_3,6.3e-05,0.000169
236.918,2026-05-23T13:17:24.012,2,-134.059,452.5,21.441,-0.5,0.0,GOING_TO_ENDPOINT,dump_zone_22,load_zone_22,5.1e-05,0.000137
236.918,2026-05-23T13:17:24.012,3,653.8,176.759,0.0,-0.5,1000.0,UNLOADING,load_zone_26,dump_zone_3,5.1e-05,0.000137
237.96,2026-05-23T13:17:25.026,1,652.577,192.62,13.399,0.475,1000.0,RETURNING_TO_START,load_zone_26,dump_zone_3,0.000244,0.000654
237.96,2026-05-23T13:17:25.026,2,-128.136,452.5,19.566,-0.5,0.0,GOING_TO_ENDPOINT,dump_zone_22,load_zone_22,0.000204,0.000547
237.96,2026-05-23T13:17:25.026,3,654.331,176.358,7.2,0.0,0.0,TURNING_AROUND,dump_zone_3,load_zone_26,0.000208,0.000557
238.991,2026-05-23T13:17:26.057,1,652.505,188.725,13.191,-0.5,1000.0,RETURNING_TO_START,load_zone_26,dump_zone_3,0.000165,0.000442
238.991,2026-05-23T13:17:26.057,2,-122.807,452.5,17.71,-0.5,0.0,GOING_TO_ENDPOINT,dump_zone_22,load_zone_22,0.000165,0.000442
238.991,2026-05-23T13:17:26.057,3,656.272,175.733,7.2,0.0,0.0,TURNING_AROUND,dump_zone_3,load_zone_26,0.000168,0.00045
239.997,2026-05-23T13:17:27.063,1,652.487,185.29,11.707,-0.2581,1000.0,RETURNING_TO_START,load_zone_26,dump_zone_3,5.1e-05,0.000137
239.997,2026-05-23T13:17:27.063,2,-118.124,452.5,15.899,-0.5,0.0,GOING_TO_ENDPOINT,dump_zone_22,load_zone_22,5.1e-05,0.000137
239.997,2026-05-23T13:17:27.063,3,655.289,175.497,5.4,0.0,0.0,TURNING_AROUND,dump_zone_3,load_zone_26,5.2e-05,0.000139
241.045,2026-05-23T13:17:28.111,1,651.684,182.249,9.911,-0.5,1000.0,RETURNING_TO_START,load_zone_26,dump_zone_3,0.000231,0.000619
241.045,2026-05-23T13:17:28.111,2,-113.783,452.537,14.013,-0.5,0.0,GOING_TO_ENDPOINT,dump_zone_22,load_zone_22,0.000231,0.000619
241.045,2026-05-23T13:17:28.111,3,656.438,176.414,7.2,0.0,0.0,TURNING_AROUND,dump_zone_3,load_zone_26,0.000235,0.00063
242.097,2026-05-23T13:17:29.163,1,651.063,179.724,8.017,-0.5,1000.0,RETURNING_TO_START,load_zone_26,dump_zone_3,0.00018,0.000482
242.097,2026-05-23T13:17:29.163,2,-110.136,453.556,12.119,-0.5,0.0,GOING_TO_ENDPOINT,dump_zone_22,load_zone_22,0.00018,0.000482
242.097,2026-05-23T13:17:29.163,3,656.918,176.911,5.4,0.0,0.0,TURNING_AROUND,dump_zone_3,load_zone_26,0.000182,0.000488
243.109,2026-05-23T13:17:30.176,1,651.443,177.794,6.196,-0.5,1000.0,RETURNING_TO_START,load_zone_26,dump_zone_3,4.8e-05,0.000129
243.109,2026-05-23T13:17:30.176,2,-107.132,454.412,10.298,-0.5,0.0,GOING_TO_ENDPOINT,dump_zone_22,load_zone_22,4.8e-05,0.000129
243.109,2026-05-23T13:17:30.176,3,656.918,176.936,0.478,0.496,0.0,GOING_TO_ENDPOINT,dump_zone_3,load_zone_26,4.8e-05,0.000129
244.139,2026-05-23T13:17:31.206,1,652.315,176.587,4.342,-0.5,1000.0,RETURNING_TO_START,load_zone_26,dump_zone_3,0.000117,0.000314
244.139,2026-05-23T13:17:31.206,2,-104.464,454.522,8.444,-0.5,0.0,GOING_TO_ENDPOINT,dump_zone_22,load_zone_22,0.000117,0.000314
244.139,2026-05-23T13:17:31.206,3,656.871,177.516,3.767,1.0,0.0,GOING_TO_ENDPOINT,dump_zone_3,load_zone_26,0.000124,0.000332
245.158,2026-05-23T13:17:32.225,1,653.082,176.016,2.508,-0.5,1000.0,UNLOADING,load_zone_26,dump_zone_3,0.000243,0.000651
245.158,2026-05-23T13:17:32.225,2,-102.347,454.453,6.609,-0.5,0.0,GOING_TO_ENDPOINT,dump_zone_22,load_zone_22,0.000243,0.000651
245.158,2026-05-23T13:17:32.225,3,656.305,179.009,7.435,1.0,0.0,GOING_TO_ENDPOINT,dump_zone_3,load_zone_26,0.000271,0.000726
246.16,2026-05-23T13:17:33.226,1,653.468,175.818,0.704,-0.5,1000.0,UNLOADING,load_zone_26,dump_zone_3,0.000243,0.000651
246.16,2026-05-23T13:17:33.226,2,-100.69,453.895,6.65,0.486,0.0,GOING_TO_ENDPOINT,dump_zone_22,load_zone_22,0.000257,0.000689
246.16,2026-05-23T13:17:33.226,3,654.383,180.718,11.042,1.0,0.0,GOING_TO_ENDPOINT,dump_zone_3,load_zone_26,0.000285,0.000764
247.163,2026-05-23T13:17:34.229,1,653.498,175.803,0.0,-0.5,1000.0,UNLOADING,load_zone_26,dump_zone_3,5.1e-05,0.000137
247.163,2026-05-23T13:17:34.229,2,-99.174,452.239,9.831,1.0,0.0,GOING_TO_ENDPOINT,dump_zone_22,load_zone_22,5.9e-05,0.000158
247.163,2026-05-23T13:17:34.229,3,650.968,181.828,14.653,1.0,0.0,GOING_TO_ENDPOINT,dump_zone_3,load_zone_26,6.3e-05,0.000169
248.208,2026-05-23T13:17:35.274,1,654.503,175.487,7.2,0.0,0.0,TURNING_AROUND,dump_zone_3,load_zone_26,0.000214,0.000574
248.208,2026-05-23T13:17:35.274,2,-98.763,448.946,12.695,0.3191,0.0,GOING_TO_ENDPOINT,dump_zone_22,load_zone_22,0.000228,0.000611
248.208,2026-05-23T13:17:35.274,3,647.904,185.242,17.596,0.3616,0.0,GOING_TO_ENDPOINT,dump_zone_3,load_zone_26,0.000237,0.000635
249.219,2026-05-23T13:17:36.301,1,656.388,175.605,5.4,0.0,0.0,TURNING_AROUND,dump_zone_3,load_zone_26,5.2e-05,0.000139
249.219,2026-05-23T13:17:36.301,2,-100.506,445.745,14.252,0.8761,0.0,GOING_TO_ENDPOINT,dump_zone_22,load_zone_22,6.1e-05,0.000163
249.219,2026-05-23T13:17:36.301,3,647.428,190.143,17.064,-0.5,0.0,GOING_TO_ENDPOINT,dump_zone_3,load_zone_26,5.1e-05,0.000137
250.232,2026-05-23T13:17:37.299,1,655.171,174.948,7.2,0.0,0.0,TURNING_AROUND,dump_zone_3,load_zone_26,0.000113,0.000303
250.232,2026-05-23T13:17:37.299,2,-103.661,442.498,17.875,1.0,0.0,GOING_TO_ENDPOINT,dump_zone_22,load_zone_22,0.000142,0.000381
250.232,2026-05-23T13:17:37.299,3,647.491,194.682,15.241,-0.5,0.0,GOING_TO_ENDPOINT,dump_zone_3,load_zone_26,0.000111,0.000297
251.245,2026-05-23T13:17:38.312,1,656.315,176.593,7.2,0.0,0.0,TURNING_AROUND,dump_zone_3,load_zone_26,5.2e-05,0.000139
251.245,2026-05-23T13:17:38.312,2,-107.507,438.487,21.522,1.0,0.0,GOING_TO_ENDPOINT,dump_zone_22,load_zone_22,6.8e-05,0.000182
251.245,2026-05-23T13:17:38.312,3,647.462,198.703,13.44,-0.401,0.0,GOING_TO_ENDPOINT,dump_zone_3,load_zone_26,5.1e-05,0.000137
252.252,2026-05-23T13:17:39.348,1,656.442,177.006,0.153,0.277,0.0,GOING_TO_ENDPOINT,dump_zone_3,load_zone_26,5.1e-05,0.000137
252.252,2026-05-23T13:17:39.348,2,-112.006,433.734,25.147,1.0,0.0,GOING_TO_ENDPOINT,dump_zone_22,load_zone_22,7.1e-05,0.00019
252.252,2026-05-23T13:17:39.348,3,645.286,201.576,13.877,0.606,0.0,GOING_TO_ENDPOINT,dump_zone_3,load_zone_26,5.8e-05,0.000155
253.28,2026-05-23T13:17:40.346,1,656.422,177.394,2.957,1.0,0.0,GOING_TO_ENDPOINT,dump_zone_3,load_zone_26,0.000179,0.00048
253.28,2026-05-23T13:17:40.346,2,-117.317,428.123,28.774,0.817,0.0,GOING_TO_ENDPOINT,dump_zone_22,load_zone_22,0.000235,0.00063
253.28,2026-05-23T13:17:40.346,3,641.092,201.144,17.325,1.0,0.0,GOING_TO_ENDPOINT,dump_zone_3,load_zone_26,0.000217,0.000582
254.28,2026-05-23T13:17:41.347,1,656.057,178.684,6.557,1.0,0.0,GOING_TO_ENDPOINT,dump_zone_3,load_zone_26,0.000274,0.000734
254.28,2026-05-23T13:17:41.347,2,-123.001,422.174,29.821,-0.183,0.0,GOING_TO_ENDPOINT,dump_zone_22,load_zone_22,0.00025,0.00067
254.28,2026-05-23T13:17:41.347,3,637.215,197.518,20.793,0.9029,0.0,GOING_TO_ENDPOINT,dump_zone_3,load_zone_26,0.000323,0.000866
255.285,2026-05-23T13:17:42.352,1,654.505,180.415,10.175,1.0,0.0,GOING_TO_ENDPOINT,dump_zone_3,load_zone_26,5.6e-05,0.00015
255.285,2026-05-23T13:17:42.352,2,-128.65,416.363,28.171,-0.5,0.0,GOING_TO_ENDPOINT,dump_zone_22,load_zone_22,4.8e-05,0.000129
255.285,2026-05-23T13:17:42.352,3,631.471,195.607,22.175,-0.1021,0.0,GOING_TO_ENDPOINT,dump_zone_3,load_zone_26,4.9e-05,0.000131
256.336,2026-05-23T13:17:43.403,1,651.481,182.259,13.958,1.0,0.0,GOING_TO_ENDPOINT,dump_zone_3,load_zone_26,0.000233,0.000624
256.336,2026-05-23T13:17:43.403,2,-134.259,410.746,26.279,-0.5,0.0,GOING_TO_ENDPOINT,dump_zone_22,load_zone_22,0.000192,0.000515
256.336,2026-05-23T13:17:43.403,3,625.277,194.752,20.532,-0.5,0.0,GOING_TO_ENDPOINT,dump_zone_3,load_zone_26,0.000192,0.000515
257.351,2026-05-23T13:17:44.492,1,648.431,185.436,17.009,0.447,0.0,GOING_TO_ENDPOINT,dump_zone_3,load_zone_26,5.5e-05,0.000147
257.351,2026-05-23T13:17:44.492,2,-139.396,405.788,24.452,-0.5,0.0,GOING_TO_ENDPOINT,dump_zone_22,load_zone_22,4.8e-05,0.000129
257.351,2026-05-23T13:17:44.492,3,619.79,194.159,18.705,-0.5,0.0,GOING_TO_ENDPOINT,dump_zone_3,load_zone_26,4.8e-05,0.000129
258.353,2026-05-23T13:17:45.420,1,647.433,190.064,16.758,-0.5,0.0,GOING_TO_ENDPOINT,dump_zone_3,load_zone_26,0.00015,0.000402
258.353,2026-05-23T13:17:45.420,2,-144.258,401.407,22.649,-0.5,0.0,GOING_TO_ENDPOINT,dump_zone_22,load_zone_22,0.00015,0.000402
258.353,2026-05-23T13:17:45.420,3,614.854,193.846,16.902,-0.5,0.0,GOING_TO_ENDPOINT,dump_zone_3,load_zone_26,0.00015,0.000402
259.356,2026-05-23T13:17:46.423,1,647.478,194.472,14.953,-0.5,0.0,GOING_TO_ENDPOINT,dump_zone_3,load_zone_26,5.1e-05,0.000137
259.356,2026-05-23T13:17:46.423,2,-149.01,397.666,20.843,-0.5,0.0,GOING_TO_ENDPOINT,dump_zone_22,load_zone_22,5.1e-05,0.000137
259.356,2026-05-23T13:17:46.423,3,610.41,193.951,15.096,-0.5,0.0,GOING_TO_ENDPOINT,dump_zone_3,load_zone_26,5.1e-05,0.000137
260.435,2026-05-23T13:17:47.502,1,647.492,198.65,13.011,-0.5,0.0,GOING_TO_ENDPOINT,dump_zone_3,load_zone_26,0.000252,0.000675
260.435,2026-05-23T13:17:47.502,2,-154.23,394.853,18.901,-0.5,0.0,GOING_TO_ENDPOINT,dump_zone_22,load_zone_22,0.000252,0.000675
260.435,2026-05-23T13:17:47.502,3,606.644,195.706,13.154,-0.5,0.0,GOING_TO_ENDPOINT,dump_zone_3,load_zone_26,0.000252,0.000675
261.44,2026-05-23T13:17:48.552,1,645.862,201.629,12.722,0.39,0.0,GOING_TO_ENDPOINT,dump_zone_3,load_zone_26,5.6e-05,0.00015
261.44,2026-05-23T13:17:48.552,2,-159.073,393.594,17.092,-0.5,0.0,GOING_TO_ENDPOINT,dump_zone_22,load_zone_22,5.1e-05,0.000137
261.44,2026-05-23T13:17:48.552,3,603.632,197.245,11.345,-0.5,0.0,GOING_TO_ENDPOINT,dump_zone_3,load_zone_26,5.1e-05,0.000137
262.5,2026-05-23T13:17:49.567,1,641.89,202.044,15.932,1.0,0.0,GOING_TO_ENDPOINT,dump_zone_3,load_zone_26,0.000299,0.000801
262.5,2026-05-23T13:17:49.567,2,-163.551,392.112,15.184,-0.5,0.0,GOING_TO_ENDPOINT,dump_zone_22,load_zone_22,0.00024,0.000643
262.5,2026-05-23T13:17:49.567,3,600.803,198.348,9.437,-0.5,0.0,GOING_TO_ENDPOINT,dump_zone_3,load_zone_26,0.00024,0.000643
263.56,2026-05-23T13:17:50.627,1,638.193,198.33,19.724,0.911,0.0,GOING_TO_ENDPOINT,dump_zone_3,load_zone_26,0.000277,0.000742
263.56,2026-05-23T13:17:50.627,2,-167.328,393.664,13.276,-0.5,0.0,GOING_TO_ENDPOINT,dump_zone_22,load_zone_22,0.000216,0.000579
263.56,2026-05-23T13:17:50.627,3,598.339,198.802,8.27,0.111,0.0,GOING_TO_ENDPOINT,dump_zone_3,load_zone_26,0.000223,0.000598
264.605,2026-05-23T13:17:51.672,1,632.821,195.798,21.1,-0.134,0.0,GOING_TO_ENDPOINT,dump_zone_3,load_zone_26,0.000192,0.000515
264.605,2026-05-23T13:17:51.672,2,-170.404,395.472,11.395,-0.5,0.0,GOING_TO_ENDPOINT,dump_zone_22,load_zone_22,0.000189,0.000507
264.605,2026-05-23T13:17:51.672,3,596.101,197.834,9.275,0.726,0.0,GOING_TO_ENDPOINT,dump_zone_3,load_zone_26,0.00021,0.000563
265.61,2026-05-23T13:17:52.743,1,627.198,195.001,19.506,-0.5,0.0,GOING_TO_ENDPOINT,dump_zone_3,load_zone_26,5.1e-05,0.000137
265.61,2026-05-23T13:17:52.743,2,-172.213,397.722,10.023,-0.3804,0.0,GOING_TO_ENDPOINT,dump_zone_22,load_zone_22,5.1e-05,0.000137
265.61,2026-05-23T13:17:52.743,3,594.758,195.142,12.777,1.0,0.0,GOING_TO_ENDPOINT,dump_zone_3,load_zone_26,6.1e-05,0.000163
266.677,2026-05-23T13:17:53.744,1,621.754,194.36,17.585,-0.5,0.0,GOING_TO_ENDPOINT,dump_zone_3,load_zone_26,0.000243,0.000651
266.677,2026-05-23T13:17:53.744,2,-172.139,400.348,8.116,-0.5,0.0,GOING_TO_ENDPOINT,dump_zone_22,load_zone_22,0.000243,0.000651
266.677,2026-05-23T13:17:53.744,3,596.524,191.272,16.618,1.0,0.0,GOING_TO_ENDPOINT,dump_zone_3,load_zone_26,0.000305,0.000817
267.732,2026-05-23T13:17:54.799,1,616.911,193.946,15.686,-0.5,0.0,GOING_TO_ENDPOINT,dump_zone_3,load_zone_26,0.000174,0.000466
267.732,2026-05-23T13:17:54.799,2,-170.944,402.03,6.217,-0.5,0.0,GOING_TO_ENDPOINT,dump_zone_22,load_zone_22,0.000174,0.000466
267.732,2026-05-23T13:17:54.799,3,599.663,186.823,20.416,1.0,0.0,GOING_TO_ENDPOINT,dump_zone_3,load_zone_26,0.000229,0.000614
268.741,2026-05-23T13:17:55.809,1,612.782,193.827,13.87,-0.5,0.0,GOING_TO_ENDPOINT,dump_zone_3,load_zone_26,4.8e-05,0.000129
268.741,2026-05-23T13:17:55.809,2,-169.664,402.749,4.401,-0.5,0.0,GOING_TO_ENDPOINT,dump_zone_22,load_zone_22,4.8e-05,0.000129
268.741,2026-05-23T13:17:55.809,3,601.808,180.982,24.049,1.0,0.0,GOING_TO_ENDPOINT,dump_zone_3,load_zone_26,6.6e-05,0.000177
269.779,2026-05-23T13:17:56.845,1,609.126,194.349,12.002,-0.5,0.0,GOING_TO_ENDPOINT,dump_zone_3,load_zone_26,0.000192,0.000515
269.779,2026-05-23T13:17:56.845,2,-168.726,403.053,2.532,-0.5,0.0,LOADING,dump_zone_22,load_zone_22,0.000192,0.000515
269.779,2026-05-23T13:17:56.845,3,602.487,173.53,27.738,1.0,0.0,GOING_TO_ENDPOINT,dump_zone_3,load_zone_26,0.000274,0.000734
270.788,2026-05-23T13:17:57.855,1,606.411,195.82,10.185,-0.5,0.0,GOING_TO_ENDPOINT,dump_zone_3,load_zone_26,0.000243,0.000651
270.788,2026-05-23T13:17:57.855,2,-168.331,403.249,0.716,-0.5,0.0,LOADING,dump_zone_22,load_zone_22,0.000243,0.000651
270.788,2026-05-23T13:17:57.855,3,602.502,165.353,29.908,0.125,0.0,GOING_TO_ENDPOINT,dump_zone_3,load_zone_26,0.000273,0.000732
271.791,2026-05-23T13:17:58.858,1,604.109,196.965,8.38,-0.5,0.0,GOING_TO_ENDPOINT,dump_zone_3,load_zone_26,0.000246,0.000659
271.791,2026-05-23T13:17:58.858,2,-168.301,403.265,0.0,-0.5,0.0,LOADING,dump_zone_22,load_zone_22,0.000246,0.000659
271.791,2026-05-23T13:17:58.858,3,602.5,157.041,29.64,0.0238,0.0,GOING_TO_ENDPOINT,dump_zone_3,load_zone_26,0.000267,0.000716
272.807,2026-05-23T13:17:59.874,1,602.206,197.838,6.551,-0.5,0.0,GOING_TO_ENDPOINT,dump_zone_3,load_zone_26,5.1e-05,0.000137
272.807,2026-05-23T13:17:59.874,2,-167.42,403.624,7.2,0.0,1000.0,TURNING_AROUND,load_zone_22,dump_zone_22,5.3e-05,0.000142
272.807,2026-05-23T13:17:59.874,3,602.5,148.66,29.839,0.0788,0.0,GOING_TO_ENDPOINT,dump_zone_3,load_zone_26,5.6e-05,0.00015
273.81,2026-05-23T13:18:00.877,1,600.732,198.352,4.776,-0.5,0.0,GOING_TO_ENDPOINT,dump_zone_3,load_zone_26,0.000264,0.000708
273.81,2026-05-23T13:18:00.877,2,-166.806,403.739,0.08,0.175,1000.0,RETURNING_TO_START,load_zone_22,dump_zone_22,0.000264,0.000708
273.81,2026-05-23T13:18:00.877,3,602.5,140.468,28.735,-0.5,0.0,GOING_TO_ENDPOINT,dump_zone_3,load_zone_26,0.000264,0.000708
274.873,2026-05-23T13:18:01.940,1,599.536,198.438,3.813,0.132,0.0,GOING_TO_ENDPOINT,dump_zone_3,load_zone_26,0.000265,0.00071
274.873,2026-05-23T13:18:01.940,2,-166.445,403.678,2.782,1.0,1000.0,RETURNING_TO_START,load_zone_22,dump_zone_22,0.00028,0.00075
274.873,2026-05-23T13:18:01.940,3,602.5,132.224,27.326,-0.3484,0.0,GOING_TO_ENDPOINT,dump_zone_3,load_zone_26,0.000261,0.000699
275.899,2026-05-23T13:18:02.966,1,598.219,198.106,6.23,1.0,0.0,GOING_TO_ENDPOINT,dump_zone_3,load_zone_26,0.000112,0.0003
275.899,2026-05-23T13:18:02.966,2,-165.204,403.181,6.475,1.0,1000.0,RETURNING_TO_START,load_zone_22,dump_zone_22,0.000119,0.000319
275.899,2026-05-23T13:18:02.966,3,602.5,124.422,28.02,0.6776,0.0,GOING_TO_ENDPOINT,dump_zone_3,load_zone_26,0.000134,0.000359
276.92,2026-05-23T13:18:03.987,1,596.497,196.615,9.905,1.0,0.0,GOING_TO_ENDPOINT,dump_zone_3,load_zone_26,0.000256,0.000686
276.92,2026-05-23T13:18:03.987,2,-163.591,401.459,10.126,0.91,1000.0,RETURNING_TO_START,load_zone_22,dump_zone_22,0.000276,0.00074
276.92,2026-05-23T13:18:03.987,3,602.5,116.139,29.854,0.1803,0.0,GOING_TO_ENDPOINT,dump_zone_3,load_zone_26,0.000254,0.000681
277.933,2026-05-23T13:18:05.077,1,596.052,193.409,13.552,1.0,0.0,GOING_TO_ENDPOINT,dump_zone_3,load_zone_26,5.8e-05,0.000155
277.933,2026-05-23T13:18:05.077,2,-161.249,399.267,12.316,0.1807,1000.0,RETURNING_TO_START,load_zone_22,dump_zone_22,5.3e-05,0.000142
277.933,2026-05-23T13:18:05.077,3,602.5,107.776,29.192,-0.484,0.0,GOING_TO_ENDPOINT,dump_zone_3,load_zone_26,4.8e-05,0.000129
279.003,2026-05-23T13:18:06.161,1,598.62,189.577,17.404,1.0,0.0,GOING_TO_ENDPOINT,dump_zone_3,load_zone_26,0.000407,0.001091
279.003,2026-05-23T13:18:06.161,2,-157.789,398.936,11.145,-0.5,1000.0,RETURNING_TO_START,load_zone_22,dump_zone_22,0.000321,0.00086
279.003,2026-05-23T13:18:06.161,3,602.5,99.308,28.071,-0.0683,0.0,GOING_TO_ENDPOINT,dump_zone_3,load_zone_26,0.000336,0.0009
280.034,2026-05-23T13:18:07.101,1,601.157,184.644,21.116,1.0,0.0,GOING_TO_ENDPOINT,dump_zone_3,load_zone_26,0.000298,0.000799
280.034,2026-05-23T13:18:07.101,2,-154.981,399.897,10.147,0.1229,1000.0,RETURNING_TO_START,load_zone_22,dump_zone_22,0.000241,0.000646
280.034,2026-05-23T13:18:07.101,3,602.5,91.268,28.199,0.274,0.0,GOING_TO_ENDPOINT,dump_zone_3,load_zone_26,0.000264,0.000708
281.083,2026-05-23T13:18:08.150,1,602.368,178.036,24.892,1.0,0.0,GOING_TO_ENDPOINT,dump_zone_3,load_zone_26,0.000349,0.000935
281.083,2026-05-23T13:18:08.150,2,-152.261,401.462,11.485,0.5119,1000.0,RETURNING_TO_START,load_zone_22,dump_zone_22,0.000296,0.000793
281.083,2026-05-23T13:18:08.150,3,602.5,82.882,28.94,-0.157,0.0,GOING_TO_ENDPOINT,dump_zone_3,load_zone_26,0.000256,0.000686
282.154,2026-05-23T13:18:09.316,1,602.503,170.057,28.105,0.448,0.0,GOING_TO_ENDPOINT,dump_zone_3,load_zone_26,0.000389,0.001043
282.154,2026-05-23T13:18:09.316,2,-149.122,403.823,14.884,1.0,1000.0,RETURNING_TO_START,load_zone_22,dump_zone_22,0.000436,0.001168
282.154,2026-05-23T13:18:09.316,3,602.5,74.385,28.209,-0.1682,0.0,GOING_TO_ENDPOINT,dump_zone_3,load_zone_26,0.000318,0.000852
283.174,2026-05-23T13:18:10.241,1,602.5,161.954,29.281,0.67,0.0,GOING_TO_ENDPOINT,dump_zone_3,load_zone_26,0.000247,0.000662
283.174,2026-05-23T13:18:10.241,2,-145.57,406.91,18.257,1.0,1000.0,RETURNING_TO_START,load_zone_22,dump_zone_22,0.000274,0.000734
283.174,2026-05-23T13:18:10.241,3,602.5,66.344,28.858,0.2758,0.0,GOING_TO_ENDPOINT,dump_zone_3,load_zone_26,0.000219,0.000587
284.19,2026-05-23T13:18:11.339,1,602.5,153.509,30.0,0.16,0.0,GOING_TO_ENDPOINT,dump_zone_3,load_zone_26,0.000362,0.00097
284.19,2026-05-23T13:18:11.339,2,-141.398,410.797,21.915,1.0,1000.0,RETURNING_TO_START,load_zone_22,dump_zone_22,0.000498,0.001335
284.19,2026-05-23T13:18:11.339,3,602.5,58.1,29.244,-0.0106,0.0,GOING_TO_ENDPOINT,dump_zone_3,load_zone_26,0.00034,0.000911
285.226,2026-05-23T13:18:12.293,1,602.5,144.933,29.334,-0.4998,0.0,GOING_TO_ENDPOINT,dump_zone_3,load_zone_26,0.000252,0.000675
285.226,2026-05-23T13:18:12.293,2,-136.589,415.473,23.9,0.058,1000.0,RETURNING_TO_START,load_zone_22,dump_zone_22,0.000285,0.000764
285.226,2026-05-23T13:18:12.293,3,602.5,49.758,28.577,-0.3771,0.0,GOING_TO_ENDPOINT,dump_zone_3,load_zone_26,0.000252,0.000675
286.268,2026-05-23T13:18:13.335,1,602.5,136.671,28.161,-0.1167,0.0,GOING_TO_ENDPOINT,dump_zone_3,load_zone_26,0.000219,0.000587
286.268,2026-05-23T13:18:13.335,2,-131.833,420.259,22.509,-0.5,1000.0,RETURNING_TO_START,load_zone_22,dump_zone_22,0.000213,0.000571
286.268,2026-05-23T13:18:13.335,3,602.5,41.664,27.576,-0.2401,0.0,GOING_TO_ENDPOINT,dump_zone_3,load_zone_26,0.000213,0.000571
287.347,2026-05-23T13:18:14.413,1,602.5,128.303,27.826,0.1466,0.0,GOING_TO_ENDPOINT,dump_zone_3,load_zone_26,0.000313,0.000839
287.347,2026-05-23T13:18:14.413,2,-127.349,424.87,20.566,-0.5,1000.0,RETURNING_TO_START,load_zone_22,dump_zone_22,0.000279,0.000748
287.347,2026-05-23T13:18:14.413,3,602.5,33.501,27.212,0.2049,0.0,GOING_TO_ENDPOINT,dump_zone_3,load_zone_26,0.000318,0.000852
288.412,2026-05-23T13:18:15.479,1,602.5,119.94,28.951,0.5668,0.0,GOING_TO_ENDPOINT,dump_zone_3,load_zone_26,0.000355,0.000951
288.412,2026-05-23T13:18:15.479,2,-123.347,429.039,18.649,-0.5,1000.0,RETURNING_TO_START,load_zone_22,dump_zone_22,0.000276,0.00074
288.412,2026-05-23T13:18:15.479,3,602.5,25.321,28.206,0.3688,0.0,GOING_TO_ENDPOINT,dump_zone_3,load_zone_26,0.000333,0.000892
289.486,2026-05-23T13:18:16.632,1,602.5,111.186,29.261,-0.1752,0.0,GOING_TO_ENDPOINT,dump_zone_3,load_zone_26,0.000318,0.000852
289.486,2026-05-23T13:18:16.632,2,-119.726,432.846,16.716,-0.5,1000.0,RETURNING_TO_START,load_zone_22,dump_zone_22,0.000315,0.000844
289.486,2026-05-23T13:18:16.632,3,602.5,16.632,29.6,0.1123,0.0,GOING_TO_ENDPOINT,dump_zone_3,load_zone_26,0.000352,0.000943
290.54,2026-05-23T13:18:17.607,1,602.5,102.857,27.804,-0.173,0.0,GOING_TO_ENDPOINT,dump_zone_3,load_zone_26,0.000296,0.000793
290.54,2026-05-23T13:18:17.607,2,-116.569,436.184,14.819,-0.5,1000.0,RETURNING_TO_START,load_zone_22,dump_zone_22,0.000294,0.000788
290.54,2026-05-23T13:18:17.607,3,602.5,8.058,28.835,-0.3077,0.0,GOING_TO_ENDPOINT,dump_zone_3,load_zone_26,0.000294,0.000788
291.605,2026-05-23T13:18:18.672,1,602.5,94.515,28.857,0.2633,0.0,GOING_TO_ENDPOINT,dump_zone_3,load_zone_26,0.000257,0.000689
291.605,2026-05-23T13:18:18.672,2,-113.77,439.154,12.902,-0.5,1000.0,RETURNING_TO_START,load_zone_22,dump_zone_22,0.000219,0.000587
291.605,2026-05-23T13:18:18.672,3,602.5,-0.353,28.49,0.3033,0.0,GOING_TO_ENDPOINT,dump_zone_3,load_zone_26,0.000259,0.000694
292.651,2026-05-23T13:18:19.718,1,602.5,86.003,29.264,-0.2506,0.0,GOING_TO_ENDPOINT,dump_zone_3,load_zone_26,0.000222,0.000595
292.651,2026-05-23T13:18:19.718,2,-111.383,441.652,11.019,-0.5,1000.0,RETURNING_TO_START,load_zone_22,dump_zone_22,0.000222,0.000595
292.651,2026-05-23T13:18:19.718,3,602.5,-8.739,28.923,-0.0767,0.0,GOING_TO_ENDPOINT,dump_zone_3,load_zone_26,0.000232,0.000622
293.75,2026-05-23T13:18:20.902,1,602.5,77.236,28.333,-0.0136,0.0,GOING_TO_ENDPOINT,dump_zone_3,load_zone_26,0.000349,0.000935
293.75,2026-05-23T13:18:20.902,2,-108.867,443.317,9.041,-0.5,1000.0,RETURNING_TO_START,load_zone_22,dump_zone_22,0.000327,0.000876
293.75,2026-05-23T13:18:20.902,3,602.5,-17.571,29.147,0.0843,0.0,GOING_TO_ENDPOINT,dump_zone_3,load_zone_26,0.000362,0.00097
294.797,2026-05-23T13:18:21.865,1,602.5,68.975,28.656,0.2847,0.0,GOING_TO_ENDPOINT,dump_zone_3,load_zone_26,0.000329,0.000882
294.797,2026-05-23T13:18:21.865,2,-106.774,444.344,7.156,-0.5,1000.0,RETURNING_TO_START,load_zone_22,dump_zone_22,0.000279,0.000748
294.797,2026-05-23T13:18:21.865,3,602.5,-26.001,28.888,0.0668,0.0,GOING_TO_ENDPOINT,dump_zone_3,load_zone_26,0.000306,0.00082
295.88,2026-05-23T13:18:23.045,1,602.5,60.28,28.83,-0.1223,0.0,GOING_TO_ENDPOINT,dump_zone_3,load_zone_26,0.00033,0.000884
295.88,2026-05-23T13:18:23.045,2,-105.258,445.444,5.497,-0.271,1000.0,RETURNING_TO_START,load_zone_22,dump_zone_22,0.000321,0.00086
295.88,2026-05-23T13:18:23.045,3,602.5,-34.677,28.704,-0.1262,0.0,GOING_TO_ENDPOINT,dump_zone_3,load_zone_26,0.000329,0.000882
296.941,2026-05-23T13:18:24.008,1,602.5,51.857,28.041,-0.431,0.0,GOING_TO_ENDPOINT,dump_zone_3,load_zone_26,0.000243,0.000651
296.941,2026-05-23T13:18:24.008,2,-104.048,446.56,5.686,-0.1565,1000.0,RETURNING_TO_START,load_zone_22,dump_zone_22,0.000244,0.000654
296.941,2026-05-23T13:18:24.008,3,602.5,-42.93,27.529,-0.065,0.0,GOING_TO_ENDPOINT,dump_zone_3,load_zone_26,0.000254,0.000681
297.943,2026-05-23T13:18:25.080,1,602.5,44.163,27.656,0.0723,0.0,GOING_TO_ENDPOINT,dump_zone_3,load_zone_26,5.3e-05,0.000142
297.943,2026-05-23T13:18:25.080,2,-103.088,447.527,4.29,-0.172,1000.0,RETURNING_TO_START,load_zone_22,dump_zone_22,4.8e-05,0.000129
297.943,2026-05-23T13:18:25.080,3,602.5,-50.672,28.105,0.057,0.0,GOING_TO_ENDPOINT,dump_zone_3,load_zone_26,5.2e-05,0.000139
299.013,2026-05-23T13:18:26.178,1,602.5,35.888,27.912,0.0923,0.0,GOING_TO_ENDPOINT,dump_zone_3,load_zone_26,0.000354,0.000949
299.013,2026-05-23T13:18:26.178,2,-102.23,448.517,4.374,-0.0959,1000.0,RETURNING_TO_START,load_zone_22,dump_zone_22,0.000324,0.000868
299.013,2026-05-23T13:18:26.178,3,602.5,-59.19,29.048,0.273,0.0,GOING_TO_ENDPOINT,dump_zone_3,load_zone_26,0.000378,0.001013
300.034,2026-05-23T13:18:27.101,1,602.5,27.957,28.328,0.4916,0.0,GOING_TO_ENDPOINT,dump_zone_3,load_zone_26,0.000237,0.000635
300.034,2026-05-23T13:18:27.101,2,-101.602,449.452,3.251,-0.5,1000.0,RETURNING_TO_START,load_zone_22,dump_zone_22,0.000189,0.000507
300.034,2026-05-23T13:18:27.101,3,602.5,-67.37,28.187,-0.5,0.0,GOING_TO_ENDPOINT,dump_zone_3,load_zone_26,0.000189,0.000507
301.106,2026-05-23T13:18:28.173,1,602.5,19.17,30.0,0.3196,0.0,GOING_TO_ENDPOINT,dump_zone_3,load_zone_26,0.000299,0.000801
301.106,2026-05-23T13:18:28.173,2,-101.353,450.07,1.321,-0.5,1000.0,RETURNING_TO_START,load_zone_22,dump_zone_22,0.000249,0.000667
301.106,2026-05-23T13:18:28.173,3,602.5,-75.463,26.257,-0.5,0.0,GOING_TO_ENDPOINT,dump_zone_3,load_zone_26,0.000249,0.000667
302.184,2026-05-23T13:18:29.251,1,602.5,10.188,29.952,-0.1312,0.0,GOING_TO_ENDPOINT,dump_zone_3,load_zone_26,0.000246,0.000659
302.184,2026-05-23T13:18:29.251,2,-101.317,450.192,0.0,-0.5,1000.0,RETURNING_TO_START,load_zone_22,dump_zone_22,0.00024,0.000643
302.184,2026-05-23T13:18:29.251,3,602.5,-83.023,24.317,-0.5,0.0,GOING_TO_ENDPOINT,dump_zone_3,load_zone_26,0.00024,0.000643
303.219,2026-05-23T13:18:30.286,1,602.5,1.688,29.037,-0.1984,0.0,GOING_TO_ENDPOINT,dump_zone_3,load_zone_26,0.000162,0.000434
303.219,2026-05-23T13:18:30.286,2,-101.317,450.192,0.0,-0.5,1000.0,RETURNING_TO_START,load_zone_22,dump_zone_22,0.000162,0.000434
303.219,2026-05-23T13:18:30.286,3,602.5,-89.733,22.454,-0.5,0.0,GOING_TO_ENDPOINT,dump_zone_3,load_zone_26,0.000162,0.000434
304.285,2026-05-23T13:18:31.352,1,602.5,-6.848,28.808,0.2236,0.0,GOING_TO_ENDPOINT,dump_zone_3,load_zone_26,0.000239,0.000641
304.285,2026-05-23T13:18:31.352,2,-101.317,450.192,0.0,-0.5,1000.0,RETURNING_TO_START,load_zone_22,dump_zone_22,0.000207,0.000555
304.285,2026-05-23T13:18:31.352,3,602.501,-96.085,20.535,-0.5,0.0,GOING_TO_ENDPOINT,dump_zone_3,load_zone_26,0.000207,0.000555
305.296,2026-05-23T13:18:32.411,1,602.5,-15.097,29.783,0.0865,0.0,GOING_TO_ENDPOINT,dump_zone_3,load_zone_26,5.7e-05,0.000153
305.296,2026-05-23T13:18:32.411,2,-101.317,450.192,0.0,-0.5,1000.0,RETURNING_TO_START,load_zone_22,dump_zone_22,5.1e-05,0.000137
305.296,2026-05-23T13:18:32.411,3,604.693,-100.85,19.849,0.27,0.0,GOING_TO_ENDPOINT,dump_zone_3,load_zone_26,5.7e-05,0.000153
306.344,2026-05-23T13:18:33.411,1,602.5,-23.8,29.877,-0.1115,0.0,GOING_TO_ENDPOINT,dump_zone_3,load_zone_26,0.000217,0.000582
306.344,2026-05-23T13:18:33.411,2,-101.317,450.192,0.0,-0.5,1000.0,RETURNING_TO_START,load_zone_22,dump_zone_22,0.00021,0.000563
306.344,2026-05-23T13:18:33.411,3,610.339,-99.606,22.727,1.0,0.0,GOING_TO_ENDPOINT,dump_zone_3,load_zone_26,0.000284,0.000761
307.347,2026-05-23T13:18:34.474,1,602.5,-32.074,29.547,-0.0494,0.0,GOING_TO_ENDPOINT,dump_zone_3,load_zone_26,5.1e-05,0.000137
307.347,2026-05-23T13:18:34.474,2,-101.317,450.192,0.0,-0.5,1000.0,RETURNING_TO_START,load_zone_22,dump_zone_22,4.8e-05,0.000129
307.347,2026-05-23T13:18:34.474,3,616.575,-97.48,24.486,0.013,0.0,GOING_TO_ENDPOINT,dump_zone_3,load_zone_26,5.1e-05,0.000137
308.378,2026-05-23T13:18:35.445,1,602.5,-40.513,29.422,-0.0102,0.0,GOING_TO_ENDPOINT,dump_zone_3,load_zone_26,0.000193,0.000517
308.378,2026-05-23T13:18:35.445,2,-101.317,450.192,0.0,-0.5,1000.0,RETURNING_TO_START,load_zone_22,dump_zone_22,0.00018,0.000482
308.378,2026-05-23T13:18:35.445,3,623.414,-97.469,23.058,-0.5,0.0,GOING_TO_ENDPOINT,dump_zone_3,load_zone_26,0.00018,0.000482
309.389,2026-05-23T13:18:36.456,1,602.5,-48.738,29.315,0.0722,0.0,GOING_TO_ENDPOINT,dump_zone_3,load_zone_26,0.000268,0.000718
309.389,2026-05-23T13:18:36.456,2,-101.317,450.192,0.0,-0.5,1000.0,RETURNING_TO_START,load_zone_22,dump_zone_22,0.000243,0.000651
309.389,2026-05-23T13:18:36.456,3,629.621,-97.501,21.238,-0.5,0.0,GOING_TO_ENDPOINT,dump_zone_3,load_zone_26,0.000243,0.000651
310.394,2026-05-23T13:18:37.460,1,602.5,-57.024,30.0,0.1193,0.0,GOING_TO_ENDPOINT,dump_zone_3,load_zone_26,5.7e-05,0.000153
310.394,2026-05-23T13:18:37.460,2,-101.317,450.192,0.0,-0.5,1000.0,RETURNING_TO_START,load_zone_22,dump_zone_22,5.1e-05,0.000137
310.394,2026-05-23T13:18:37.460,3,635.287,-97.5,19.429,-0.5,0.0,GOING_TO_ENDPOINT,dump_zone_3,load_zone_26,5.1e-05,0.000137
311.402,2026-05-23T13:18:38.500,1,602.5,-65.311,28.848,-0.5,0.0,GOING_TO_ENDPOINT,dump_zone_3,load_zone_26,5.1e-05,0.000137
311.402,2026-05-23T13:18:38.500,2,-101.317,450.192,0.0,-0.5,1000.0,RETURNING_TO_START,load_zone_22,dump_zone_22,5.1e-05,0.000137
311.402,2026-05-23T13:18:38.500,3,640.465,-97.5,17.615,-0.5,0.0,GOING_TO_ENDPOINT,dump_zone_3,load_zone_26,5.1e-05,0.000137
312.422,2026-05-23T13:18:39.489,1,602.5,-73.216,27.012,-0.5,0.0,GOING_TO_ENDPOINT,dump_zone_3,load_zone_26,0.000174,0.000466
312.422,2026-05-23T13:18:39.489,2,-101.317,450.192,0.0,-0.5,1000.0,RETURNING_TO_START,load_zone_22,dump_zone_22,0.000174,0.000466
312.422,2026-05-23T13:18:39.489,3,645.188,-97.5,15.779,-0.5,0.0,GOING_TO_ENDPOINT,dump_zone_3,load_zone_26,0.000174,0.000466
313.443,2026-05-23T13:18:40.510,1,602.5,-80.606,25.174,-0.5,0.0,GOING_TO_ENDPOINT,dump_zone_3,load_zone_26,0.000111,0.000297
313.443,2026-05-23T13:18:40.510,2,-101.317,450.192,0.0,-0.5,1000.0,RETURNING_TO_START,load_zone_22,dump_zone_22,0.000111,0.000297
313.443,2026-05-23T13:18:40.510,3,649.385,-97.649,13.941,-0.5,0.0,GOING_TO_ENDPOINT,dump_zone_3,load_zone_26,0.000111,0.000297
314.447,2026-05-23T13:18:41.514,1,602.5,-87.365,23.367,-0.5,0.0,GOING_TO_ENDPOINT,dump_zone_3,load_zone_26,5.1e-05,0.000137
314.447,2026-05-23T13:18:41.514,2,-101.317,450.192,0.0,-0.5,1000.0,RETURNING_TO_START,load_zone_22,dump_zone_22,5.1e-05,0.000137
314.447,2026-05-23T13:18:41.514,3,652.641,-99.138,12.156,-0.403,0.0,GOING_TO_ENDPOINT,dump_zone_3,load_zone_26,5.1e-05,0.000137
315.457,2026-05-23T13:18:42.554,1,602.5,-93.658,21.549,-0.5,0.0,GOING_TO_ENDPOINT,dump_zone_3,load_zone_26,5.1e-05,0.000137
315.457,2026-05-23T13:18:42.554,2,-101.317,450.192,0.0,-0.5,1000.0,RETURNING_TO_START,load_zone_22,dump_zone_22,5.1e-05,0.000137
315.457,2026-05-23T13:18:42.554,3,655.092,-101.471,12.582,0.607,0.0,GOING_TO_ENDPOINT,dump_zone_3,load_zone_26,5.8e-05,0.000155
316.472,2026-05-23T13:18:43.539,1,602.957,-99.408,20.005,-0.117,0.0,GOING_TO_ENDPOINT,dump_zone_3,load_zone_26,9.8e-05,0.000263
316.472,2026-05-23T13:18:43.539,2,-101.317,450.192,0.0,-0.5,1000.0,RETURNING_TO_START,load_zone_22,dump_zone_22,9.6e-05,0.000257
316.472,2026-05-23T13:18:43.539,3,657.907,-104.331,15.979,1.0,0.0,GOING_TO_ENDPOINT,dump_zone_3,load_zone_26,0.00012,0.000322
317.484,2026-05-23T13:18:44.551,1,607.855,-101.309,21.477,0.895,0.0,GOING_TO_ENDPOINT,dump_zone_3,load_zone_26,6.3e-05,0.000169
317.484,2026-05-23T13:18:44.551,2,-101.317,450.192,0.0,-0.5,1000.0,RETURNING_TO_START,load_zone_22,dump_zone_22,4.8e-05,0.000129
317.484,2026-05-23T13:18:44.551,3,661.442,-107.894,19.622,1.0,0.0,GOING_TO_ENDPOINT,dump_zone_3,load_zone_26,6.3e-05,0.000169
318.495,2026-05-23T13:18:45.562,1,613.53,-98.111,24.512,0.452,0.0,GOING_TO_ENDPOINT,dump_zone_3,load_zone_26,6.1e-05,0.000163
318.495,2026-05-23T13:18:45.562,2,-101.317,450.192,0.0,-0.5,1000.0,RETURNING_TO_START,load_zone_22,dump_zone_22,5.1e-05,0.000137
318.495,2026-05-23T13:18:45.562,3,665.712,-112.176,23.261,1.0,0.0,GOING_TO_ENDPOINT,dump_zone_3,load_zone_26,6.9e-05,0.000185
319.547,2026-05-23T13:18:46.614,1,620.648,-97.402,24.163,-0.5,0.0,GOING_TO_ENDPOINT,dump_zone_3,load_zone_26,0.000159,0.000426
319.547,2026-05-23T13:18:46.614,2,-101.317,450.192,0.0,-0.5,1000.0,RETURNING_TO_START,load_zone_22,dump_zone_22,0.000159,0.000426
319.547,2026-05-23T13:18:46.614,3,670.929,-117.393,27.049,1.0,0.0,GOING_TO_ENDPOINT,dump_zone_3,load_zone_26,0.000226,0.000606
320.552,2026-05-23T13:18:47.651,1,627.129,-97.494,22.354,-0.5,0.0,GOING_TO_ENDPOINT,dump_zone_3,load_zone_26,5.1e-05,0.000137
320.552,2026-05-23T13:18:47.651,2,-101.317,450.192,0.0,-0.5,1000.0,RETURNING_TO_START,load_zone_22,dump_zone_22,5.1e-05,0.000137
320.552,2026-05-23T13:18:47.651,3,676.58,-123.045,29.575,0.242,0.0,GOING_TO_ENDPOINT,dump_zone_3,load_zone_26,6e-05,0.000161
321.552,2026-05-23T13:18:48.619,1,633.082,-97.501,20.554,-0.5,0.0,GOING_TO_ENDPOINT,dump_zone_3,load_zone_26,4.8e-05,0.000129
321.552,2026-05-23T13:18:48.619,2,-101.317,450.192,0.0,-0.5,1000.0,RETURNING_TO_START,load_zone_22,dump_zone_22,4.8e-05,0.000129
321.552,2026-05-23T13:18:48.619,3,682.352,-128.817,28.732,-0.5,0.0,GOING_TO_ENDPOINT,dump_zone_3,load_zone_26,4.8e-05,0.000129
322.559,2026-05-23T13:18:49.654,1,638.571,-97.5,18.741,-0.5,0.0,GOING_TO_ENDPOINT,dump_zone_3,load_zone_26,5.1e-05,0.000137
322.559,2026-05-23T13:18:49.654,2,-101.317,450.192,0.0,-0.5,1000.0,RETURNING_TO_START,load_zone_22,dump_zone_22,5.1e-05,0.000137
322.559,2026-05-23T13:18:49.654,3,687.851,-134.316,26.92,-0.5,0.0,GOING_TO_ENDPOINT,dump_zone_3,load_zone_26,5.1e-05,0.000137
323.568,2026-05-23T13:18:50.635,1,643.563,-97.5,16.925,-0.5,0.0,GOING_TO_ENDPOINT,dump_zone_3,load_zone_26,4.8e-05,0.000129
323.568,2026-05-23T13:18:50.635,2,-101.317,450.192,0.0,-0.5,1000.0,RETURNING_TO_START,load_zone_22,dump_zone_22,4.8e-05,0.000129
323.568,2026-05-23T13:18:50.635,3,693.002,-139.467,25.104,-0.5,0.0,GOING_TO_ENDPOINT,dump_zone_3,load_zone_26,4.8e-05,0.000129
324.583,2026-05-23T13:18:51.650,1,648.069,-97.522,15.098,-0.5,0.0,GOING_TO_ENDPOINT,dump_zone_3,load_zone_26,5.1e-05,0.000137
324.583,2026-05-23T13:18:51.650,2,-101.317,450.192,0.0,-0.5,1000.0,RETURNING_TO_START,load_zone_22,dump_zone_22,5.1e-05,0.000137
324.583,2026-05-23T13:18:51.650,3,697.82,-144.283,23.277,-0.5,0.0,GOING_TO_ENDPOINT,dump_zone_3,load_zone_26,5.1e-05,0.000137
325.615,2026-05-23T13:18:52.682,1,651.914,-98.615,13.24,-0.5,0.0,GOING_TO_ENDPOINT,dump_zone_3,load_zone_26,0.000117,0.000314
325.615,2026-05-23T13:18:52.682,2,-101.317,450.192,0.0,-0.5,1000.0,RETURNING_TO_START,load_zone_22,dump_zone_22,0.000117,0.000314
325.615,2026-05-23T13:18:52.682,3,702.558,-148.552,21.419,-0.5,0.0,GOING_TO_ENDPOINT,dump_zone_3,load_zone_26,0.000117,0.000314
326.62,2026-05-23T13:18:53.687,1,654.573,-100.959,12.802,0.352,0.0,GOING_TO_ENDPOINT,dump_zone_3,load_zone_26,5.6e-05,0.00015
326.62,2026-05-23T13:18:53.687,2,-101.317,450.192,0.0,-0.5,1000.0,RETURNING_TO_START,load_zone_22,dump_zone_22,5.1e-05,0.000137
326.62,2026-05-23T13:18:53.687,3,703.735,-153.958,19.955,-0.082,0.0,GOING_TO_ENDPOINT,dump_zone_3,load_zone_26,5.3e-05,0.000142
327.659,2026-05-23T13:18:54.726,1,657.433,-103.878,15.829,1.0,0.0,GOING_TO_ENDPOINT,dump_zone_3,load_zone_26,0.000164,0.00044
327.659,2026-05-23T13:18:54.726,2,-101.317,450.192,0.0,-0.5,1000.0,RETURNING_TO_START,load_zone_22,dump_zone_22,0.000132,0.000354
327.659,2026-05-23T13:18:54.726,3,702.599,-159.625,20.044,-0.2709,0.0,GOING_TO_ENDPOINT,dump_zone_3,load_zone_26,0.000132,0.000354
328.673,2026-05-23T13:18:55.805,1,660.953,-107.417,19.48,1.0,0.0,GOING_TO_ENDPOINT,dump_zone_3,load_zone_26,6.2e-05,0.000166
328.673,2026-05-23T13:18:55.805,2,-101.317,450.192,0.0,-0.5,1000.0,RETURNING_TO_START,load_zone_22,dump_zone_22,4.8e-05,0.000129
328.673,2026-05-23T13:18:55.805,3,702.483,-165.058,18.486,-0.484,0.0,GOING_TO_ENDPOINT,dump_zone_3,load_zone_26,4.8e-05,0.000129
329.7,2026-05-23T13:18:56.766,1,665.275,-111.74,23.177,1.0,0.0,GOING_TO_ENDPOINT,dump_zone_3,load_zone_26,0.000249,0.000667
329.7,2026-05-23T13:18:56.766,2,-101.317,450.192,0.0,-0.5,1000.0,RETURNING_TO_START,load_zone_22,dump_zone_22,0.000183,0.00049
329.7,2026-05-23T13:18:56.766,3,702.497,-170.071,16.72,-0.5,0.0,GOING_TO_ENDPOINT,dump_zone_3,load_zone_26,0.000183,0.00049
330.702,2026-05-23T13:18:57.769,1,670.208,-116.673,26.784,1.0,0.0,GOING_TO_ENDPOINT,dump_zone_3,load_zone_26,7.2e-05,0.000193
330.702,2026-05-23T13:18:57.769,2,-101.317,450.192,0.0,-0.5,1000.0,RETURNING_TO_START,load_zone_22,dump_zone_22,5.1e-05,0.000137
330.702,2026-05-23T13:18:57.769,3,702.5,-174.497,15.074,-0.5,0.0,GOING_TO_ENDPOINT,dump_zone_3,load_zone_26,5.1e-05,0.000137
331.779,2026-05-23T13:18:58.846,1,676.235,-122.699,29.537,0.258,0.0,GOING_TO_ENDPOINT,dump_zone_3,load_zone_26,0.000285,0.000764
331.779,2026-05-23T13:18:58.846,2,-101.317,450.192,0.0,-0.5,1000.0,RETURNING_TO_START,load_zone_22,dump_zone_22,0.000243,0.000651
331.779,2026-05-23T13:18:58.846,3,702.5,-178.701,13.164,-0.403,0.0,GOING_TO_ENDPOINT,dump_zone_3,load_zone_26,0.000243,0.000651
332.847,2026-05-23T13:18:59.914,1,682.384,-128.848,28.595,-0.5,0.0,GOING_TO_ENDPOINT,dump_zone_3,load_zone_26,0.00021,0.000563
332.847,2026-05-23T13:18:59.914,2,-101.317,450.192,0.0,-0.5,1000.0,RETURNING_TO_START,load_zone_22,dump_zone_22,0.00021,0.000563
332.847,2026-05-23T13:18:59.914,3,702.5,-182.318,11.27,-0.5,0.0,GOING_TO_ENDPOINT,dump_zone_3,load_zone_26,0.00021,0.000563
333.85,2026-05-23T13:19:00.917,1,687.833,-134.297,26.79,-0.5,0.0,GOING_TO_ENDPOINT,dump_zone_3,load_zone_26,4.8e-05,0.000129
333.85,2026-05-23T13:19:00.917,2,-101.317,450.192,0.0,-0.5,1000.0,RETURNING_TO_START,load_zone_22,dump_zone_22,4.8e-05,0.000129
333.85,2026-05-23T13:19:00.917,3,702.5,-185.197,9.464,-0.5,0.0,GOING_TO_ENDPOINT,dump_zone_3,load_zone_26,4.8e-05,0.000129
334.864,2026-05-23T13:19:01.931,1,692.98,-139.445,24.965,-0.5,0.0,GOING_TO_ENDPOINT,dump_zone_3,load_zone_26,5.1e-05,0.000137
334.864,2026-05-23T13:19:01.931,2,-101.317,450.192,0.0,-0.5,1000.0,RETURNING_TO_START,load_zone_22,dump_zone_22,5.1e-05,0.000137
334.864,2026-05-23T13:19:01.931,3,702.5,-187.596,7.639,-0.5,0.0,GOING_TO_ENDPOINT,dump_zone_3,load_zone_26,5.1e-05,0.000137
335.895,2026-05-23T13:19:02.962,1,697.841,-144.306,23.109,-0.5,0.0,GOING_TO_ENDPOINT,dump_zone_3,load_zone_26,0.000162,0.000434
335.895,2026-05-23T13:19:02.962,2,-101.317,450.192,0.0,-0.5,1000.0,RETURNING_TO_START,load_zone_22,dump_zone_22,0.000162,0.000434
335.895,2026-05-23T13:19:02.962,3,702.5,-189.509,5.783,-0.5,0.0,GOING_TO_ENDPOINT,dump_zone_3,load_zone_26,0.000162,0.000434
336.896,2026-05-23T13:19:03.963,1,702.205,-148.659,21.307,-0.5,0.0,GOING_TO_ENDPOINT,dump_zone_3,load_zone_26,4.8e-05,0.000129
336.896,2026-05-23T13:19:03.963,2,-101.317,450.192,0.0,-0.5,1000.0,RETURNING_TO_START,load_zone_22,dump_zone_22,4.8e-05,0.000129
336.896,2026-05-23T13:19:03.963,3,702.691,-190.838,3.981,-0.5,0.0,GOING_TO_ENDPOINT,dump_zone_3,load_zone_26,4.8e-05,0.000129
337.952,2026-05-23T13:19:05.019,1,703.302,-154.235,19.908,0.008,0.0,GOING_TO_ENDPOINT,dump_zone_3,load_zone_26,0.000196,0.000525
337.952,2026-05-23T13:19:05.019,2,-101.317,450.192,0.0,-0.5,1000.0,RETURNING_TO_START,load_zone_22,dump_zone_22,0.000186,0.000498
337.952,2026-05-23T13:19:05.019,3,703.046,-191.64,2.081,-0.5,0.0,LOADING,dump_zone_3,load_zone_26,0.000186,0.000498
338.961,2026-05-23T13:19:06.077,1,702.549,-159.819,20.1,-0.2822,0.0,GOING_TO_ENDPOINT,dump_zone_3,load_zone_26,5.4e-05,0.000145
338.961,2026-05-23T13:19:06.077,2,-101.317,450.192,0.0,-0.5,1000.0,RETURNING_TO_START,load_zone_22,dump_zone_22,5.4e-05,0.000145
338.961,2026-05-23T13:19:06.077,3,703.216,-191.909,0.264,-0.5,0.0,LOADING,dump_zone_3,load_zone_26,5.4e-05,0.000145
339.987,2026-05-23T13:19:07.053,1,702.486,-165.296,18.398,-0.464,0.0,GOING_TO_ENDPOINT,dump_zone_3,load_zone_26,0.000168,0.00045
339.987,2026-05-23T13:19:07.053,2,-101.317,450.192,0.0,-0.5,1000.0,RETURNING_TO_START,load_zone_22,dump_zone_22,0.000168,0.00045
339.987,2026-05-23T13:19:07.053,3,703.218,-191.912,0.0,-0.5,0.0,LOADING,dump_zone_3,load_zone_26,0.000168,0.00045
341.001,2026-05-23T13:19:08.069,1,702.498,-170.223,16.642,-0.4197,0.0,GOING_TO_ENDPOINT,dump_zone_3,load_zone_26,4.8e-05,0.000129
341.001,2026-05-23T13:19:08.069,2,-101.317,450.192,0.0,-0.5,1000.0,RETURNING_TO_START,load_zone_22,dump_zone_22,4.8e-05,0.000129
341.001,2026-05-23T13:19:08.069,3,704.469,-193.07,7.2,0.0,1000.0,TURNING_AROUND,load_zone_26,dump_zone_3,4.9e-05,0.000131
342.014,2026-05-23T13:19:09.081,1,702.5,-174.68,15.013,-0.5,0.0,GOING_TO_ENDPOINT,dump_zone_3,load_zone_26,4.8e-05,0.000129
342.014,2026-05-23T13:19:09.081,2,-101.317,450.192,0.0,-0.5,1000.0,RETURNING_TO_START,load_zone_22,dump_zone_22,4.8e-05,0.000129
342.014,2026-05-23T13:19:09.081,3,705.127,-193.458,5.4,0.0,1000.0,TURNING_AROUND,load_zone_26,dump_zone_3,4.9e-05,0.000131
343.063,2026-05-23T13:19:10.129,1,702.5,-178.776,13.166,-0.5,0.0,GOING_TO_ENDPOINT,dump_zone_3,load_zone_26,0.000174,0.000466
343.063,2026-05-23T13:19:10.129,2,-101.317,450.192,0.0,-0.5,1000.0,RETURNING_TO_START,load_zone_22,dump_zone_22,0.000174,0.000466
343.063,2026-05-23T13:19:10.129,3,704.943,-193.285,7.2,0.0,1000.0,TURNING_AROUND,load_zone_26,dump_zone_3,0.000179,0.00048
344.104,2026-05-23T13:19:11.171,1,702.524,-182.303,11.355,-0.331,0.0,GOING_TO_ENDPOINT,dump_zone_3,load_zone_26,0.00015,0.000402
344.104,2026-05-23T13:19:11.171,2,-101.317,450.192,0.0,-0.5,1000.0,RETURNING_TO_START,load_zone_22,dump_zone_22,0.00015,0.000402
344.104,2026-05-23T13:19:11.171,3,706.6,-192.063,7.2,0.0,1000.0,TURNING_AROUND,load_zone_26,dump_zone_3,0.000155,0.000415
345.141,2026-05-23T13:19:12.207,1,702.384,-185.511,11.248,-0.2467,0.0,GOING_TO_ENDPOINT,dump_zone_3,load_zone_26,0.000153,0.00041
345.141,2026-05-23T13:19:12.207,2,-101.317,450.192,0.0,-0.5,1000.0,RETURNING_TO_START,load_zone_22,dump_zone_22,0.000153,0.00041
345.141,2026-05-23T13:19:12.207,3,706.124,-193.146,5.4,0.0,1000.0,TURNING_AROUND,load_zone_26,dump_zone_3,0.000156,0.000418
346.15,2026-05-23T13:19:13.297,1,701.753,-188.313,9.525,-0.5,0.0,GOING_TO_ENDPOINT,dump_zone_3,load_zone_26,5.1e-05,0.000137
346.15,2026-05-23T13:19:13.297,2,-101.317,450.192,0.0,-0.5,1000.0,RETURNING_TO_START,load_zone_22,dump_zone_22,5.1e-05,0.000137
346.15,2026-05-23T13:19:13.297,3,706.086,-193.271,0.343,0.394,1000.0,RETURNING_TO_START,load_zone_26,dump_zone_3,5.1e-05,0.000137
347.231,2026-05-23T13:19:14.298,1,702.48,-190.713,7.579,-0.5,0.0,GOING_TO_ENDPOINT,dump_zone_3,load_zone_26,0.000279,0.000748
347.231,2026-05-23T13:19:14.298,2,-101.317,450.192,0.0,-0.5,1000.0,RETURNING_TO_START,load_zone_22,dump_zone_22,0.000279,0.000748
347.231,2026-05-23T13:19:14.298,3,706.038,-192.701,3.408,0.669,1000.0,RETURNING_TO_START,load_zone_26,dump_zone_3,0.000297,0.000796
348.236,2026-05-23T13:19:15.303,1,703.55,-192.208,5.77,-0.5,0.0,GOING_TO_ENDPOINT,dump_zone_3,load_zone_26,0.000291,0.00078
348.236,2026-05-23T13:19:15.303,2,-101.317,450.192,0.0,-0.5,1000.0,RETURNING_TO_START,load_zone_22,dump_zone_22,0.000291,0.00078
348.236,2026-05-23T13:19:15.303,3,705.748,-191.641,3.837,-0.336,1000.0,RETURNING_TO_START,load_zone_26,dump_zone_3,0.000291,0.00078
349.249,2026-05-23T13:19:16.401,1,704.46,-193.262,4.644,0.08,0.0,GOING_TO_ENDPOINT,dump_zone_3,load_zone_26,0.000366,0.000981
349.249,2026-05-23T13:19:16.401,2,-101.317,450.192,0.0,-0.5,1000.0,RETURNING_TO_START,load_zone_22,dump_zone_22,0.00036,0.000965
349.249,2026-05-23T13:19:16.401,3,705.254,-190.643,4.624,0.677,1000.0,RETURNING_TO_START,load_zone_26,dump_zone_3,0.000391,0.001048
350.329,2026-05-23T13:19:17.489,1,705.525,-194.308,5.155,-0.065,0.0,GOING_TO_ENDPOINT,dump_zone_3,load_zone_26,0.000312,0.000836
350.329,2026-05-23T13:19:17.489,2,-101.317,450.192,0.0,-0.5,1000.0,RETURNING_TO_START,load_zone_22,dump_zone_22,0.000309,0.000828
350.329,2026-05-23T13:19:17.489,3,704.016,-189.18,7.854,0.6623,1000.0,RETURNING_TO_START,load_zone_26,dump_zone_3,0.000354,0.000949
351.383,2026-05-23T13:19:18.450,1,706.609,-195.003,3.555,-0.5,0.0,GOING_TO_ENDPOINT,dump_zone_3,load_zone_26,0.000291,0.00078
351.383,2026-05-23T13:19:18.450,2,-101.317,450.192,0.0,-0.5,1000.0,RETURNING_TO_START,load_zone_22,dump_zone_22,0.000291,0.00078
351.383,2026-05-23T13:19:18.450,3,701.694,-187.551,11.479,1.0,1000.0,RETURNING_TO_START,load_zone_26,dump_zone_3,0.000377,0.00101
352.411,2026-05-23T13:19:19.477,1,707.301,-195.261,1.705,-0.5,0.0,LOADING,dump_zone_3,load_zone_26,0.000189,0.000507
352.411,2026-05-23T13:19:19.477,2,-101.317,450.192,0.0,-0.5,1000.0,RETURNING_TO_START,load_zone_22,dump_zone_22,0.000189,0.000507
352.411,2026-05-23T13:19:19.477,3,699.316,-184.568,15.18,1.0,1000.0,RETURNING_TO_START,load_zone_26,dump_zone_3,0.000263,0.000705
353.425,2026-05-23T13:19:20.492,1,707.5,-195.326,0.0,-0.5,0.0,LOADING,dump_zone_3,load_zone_26,5.1e-05,0.000137
353.425,2026-05-23T13:19:20.492,2,-101.317,450.192,0.0,-0.5,1000.0,RETURNING_TO_START,load_zone_22,dump_zone_22,5.1e-05,0.000137
353.425,2026-05-23T13:19:20.492,3,697.778,-180.033,18.709,0.774,1000.0,RETURNING_TO_START,load_zone_26,dump_zone_3,7.1e-05,0.00019
354.434,2026-05-23T13:19:21.501,1,707.533,-195.336,7.2,0.0,1000.0,TURNING_AROUND,load_zone_26,dump_zone_3,5.3e-05,0.000142
354.434,2026-05-23T13:19:21.501,2,-101.317,450.192,0.0,-0.5,1000.0,RETURNING_TO_START,load_zone_22,dump_zone_22,5.1e-05,0.000137
354.434,2026-05-23T13:19:21.501,3,697.484,-174.536,20.105,-0.015,1000.0,RETURNING_TO_START,load_zone_26,dump_zone_3,5.5e-05,0.000147
355.444,2026-05-23T13:19:22.548,1,709.53,-195.419,7.2,0.0,1000.0,TURNING_AROUND,load_zone_26,dump_zone_3,4.9e-05,0.000131
355.444,2026-05-23T13:19:22.548,2,-101.317,450.192,0.0,-0.5,1000.0,RETURNING_TO_START,load_zone_22,dump_zone_22,4.8e-05,0.000129
355.444,2026-05-23T13:19:22.548,3,697.496,-169.061,18.686,-0.5,1000.0,RETURNING_TO_START,load_zone_26,dump_zone_3,4.8e-05,0.000129
356.485,2026-05-23T13:19:23.552,1,709.728,-195.548,5.4,0.0,1000.0,TURNING_AROUND,load_zone_26,dump_zone_3,0.000147,0.000394
356.485,2026-05-23T13:19:23.552,2,-101.317,450.192,0.0,-0.5,1000.0,RETURNING_TO_START,load_zone_22,dump_zone_22,0.000144,0.000386
356.485,2026-05-23T13:19:23.552,3,697.5,-163.935,16.813,-0.5,1000.0,RETURNING_TO_START,load_zone_26,dump_zone_3,0.000144,0.000386
357.501,2026-05-23T13:19:24.568,1,709.868,-195.073,7.2,0.0,1000.0,TURNING_AROUND,load_zone_26,dump_zone_3,5.3e-05,0.000142
357.501,2026-05-23T13:19:24.568,2,-101.317,450.192,0.0,-0.5,1000.0,RETURNING_TO_START,load_zone_22,dump_zone_22,5.1e-05,0.000137
357.501,2026-05-23T13:19:24.568,3,697.5,-159.454,14.984,-0.5,1000.0,RETURNING_TO_START,load_zone_26,dump_zone_3,5.1e-05,0.000137
358.512,2026-05-23T13:19:25.579,1,710.154,-194.299,0.017,0.082,1000.0,RETURNING_TO_START,load_zone_26,dump_zone_3,5.1e-05,0.000137
358.512,2026-05-23T13:19:25.579,2,-101.317,450.192,0.0,-0.5,1000.0,RETURNING_TO_START,load_zone_22,dump_zone_22,5.1e-05,0.000137
358.512,2026-05-23T13:19:25.579,3,697.5,-155.509,13.164,-0.5,1000.0,RETURNING_TO_START,load_zone_26,dump_zone_3,5.1e-05,0.000137
359.52,2026-05-23T13:19:26.586,1,710.147,-194.065,2.181,1.0,1000.0,RETURNING_TO_START,load_zone_26,dump_zone_3,8.9e-05,0.000239
359.52,2026-05-23T13:19:26.586,2,-101.317,450.192,0.0,-0.5,1000.0,RETURNING_TO_START,load_zone_22,dump_zone_22,8.4e-05,0.000225
359.52,2026-05-23T13:19:26.586,3,697.515,-152.085,11.35,-0.5,1000.0,RETURNING_TO_START,load_zone_26,dump_zone_3,8.4e-05,0.000225
360.526,2026-05-23T13:19:27.593,1,709.918,-192.961,5.803,1.0,1000.0,RETURNING_TO_START,load_zone_26,dump_zone_3,0.000176,0.000472
360.526,2026-05-23T13:19:27.593,2,-101.317,450.192,0.0,-0.5,1000.0,RETURNING_TO_START,load_zone_22,dump_zone_22,0.000153,0.00041
360.526,2026-05-23T13:19:27.593,3,696.737,-149.269,10.493,0.212,1000.0,RETURNING_TO_START,load_zone_26,dump_zone_3,0.000167,0.000448
361.527,2026-05-23T13:19:28.594,1,708.71,-191.239,9.407,1.0,1000.0,RETURNING_TO_START,load_zone_26,dump_zone_3,6.3e-05,0.000169
361.527,2026-05-23T13:19:28.594,2,-101.317,450.192,0.0,-0.5,1000.0,RETURNING_TO_START,load_zone_22,dump_zone_22,5.1e-05,0.000137
361.527,2026-05-23T13:19:28.594,3,694.352,-147.143,13.017,1.0,1000.0,RETURNING_TO_START,load_zone_26,dump_zone_3,6.8e-05,0.000182
362.544,2026-05-23T13:19:29.611,1,705.985,-189.574,13.068,1.0,1000.0,RETURNING_TO_START,load_zone_26,dump_zone_3,0.000209,0.00056
362.544,2026-05-23T13:19:29.611,2,-101.317,450.192,0.0,-0.5,1000.0,RETURNING_TO_START,load_zone_22,dump_zone_22,0.000156,0.000418
362.544,2026-05-23T13:19:29.611,3,691.119,-144.439,16.678,1.0,1000.0,RETURNING_TO_START,load_zone_26,dump_zone_3,0.000223,0.000598
363.554,2026-05-23T13:19:30.621,1,702.334,-187.517,16.704,1.0,1000.0,RETURNING_TO_START,load_zone_26,dump_zone_3,7.3e-05,0.000196
363.554,2026-05-23T13:19:30.621,2,-101.317,450.192,0.0,-0.5,1000.0,RETURNING_TO_START,load_zone_22,dump_zone_22,5.1e-05,0.000137
363.554,2026-05-23T13:19:30.621,3,687.342,-140.855,20.314,1.0,1000.0,RETURNING_TO_START,load_zone_26,dump_zone_3,7.8e-05,0.000209
364.561,2026-05-23T13:19:31.700,1,698.876,-183.685,20.328,0.983,1000.0,RETURNING_TO_START,load_zone_26,dump_zone_3,7.7e-05,0.000206
364.561,2026-05-23T13:19:31.700,2,-101.317,450.192,0.0,-0.5,1000.0,RETURNING_TO_START,load_zone_22,dump_zone_22,5.1e-05,0.000137
364.561,2026-05-23T13:19:31.700,3,682.94,-136.476,23.776,0.76,1000.0,RETURNING_TO_START,load_zone_26,dump_zone_3,7.6e-05,0.000204
365.565,2026-05-23T13:19:32.689,1,697.516,-177.909,21.957,-0.021,1000.0,RETURNING_TO_START,load_zone_26,dump_zone_3,5.5e-05,0.000147
365.565,2026-05-23T13:19:32.689,2,-101.317,450.192,0.0,-0.5,1000.0,RETURNING_TO_START,load_zone_22,dump_zone_22,5.1e-05,0.000137
365.565,2026-05-23T13:19:32.689,3,678.101,-131.637,24.775,-0.014,1000.0,RETURNING_TO_START,load_zone_26,dump_zone_3,5.6e-05,0.00015
366.57,2026-05-23T13:19:33.671,1,697.483,-171.955,20.514,-0.5,1000.0,RETURNING_TO_START,load_zone_26,dump_zone_3,4.8e-05,0.000129
366.57,2026-05-23T13:19:33.671,2,-101.317,450.192,0.0,-0.5,1000.0,RETURNING_TO_START,load_zone_22,dump_zone_22,4.8e-05,0.000129
366.57,2026-05-23T13:19:33.671,3,673.285,-126.82,23.702,-0.5,1000.0,RETURNING_TO_START,load_zone_26,dump_zone_3,4.8e-05,0.000129
367.582,2026-05-23T13:19:34.720,1,697.501,-166.455,18.693,-0.5,1000.0,RETURNING_TO_START,load_zone_26,dump_zone_3,5.1e-05,0.000137
367.582,2026-05-23T13:19:34.720,2,-101.317,450.192,0.0,-0.5,1000.0,RETURNING_TO_START,load_zone_22,dump_zone_22,5.1e-05,0.000137
367.582,2026-05-23T13:19:34.720,3,668.762,-122.298,21.881,-0.5,1000.0,RETURNING_TO_START,load_zone_26,dump_zone_3,5.1e-05,0.000137
368.597,2026-05-23T13:19:35.664,1,697.5,-161.454,16.866,-0.5,1000.0,RETURNING_TO_START,load_zone_26,dump_zone_3,0.000114,0.000306
368.597,2026-05-23T13:19:35.664,2,-101.317,450.192,0.0,-0.5,1000.0,RETURNING_TO_START,load_zone_22,dump_zone_22,0.000114,0.000306
368.597,2026-05-23T13:19:35.664,3,664.591,-118.126,20.054,-0.5,1000.0,RETURNING_TO_START,load_zone_26,dump_zone_3,0.000114,0.000306
369.611,2026-05-23T13:19:36.678,1,697.5,-156.97,15.041,-0.5,1000.0,RETURNING_TO_START,load_zone_26,dump_zone_3,5.1e-05,0.000137
369.611,2026-05-23T13:19:36.678,2,-101.317,450.192,0.0,-0.5,1000.0,RETURNING_TO_START,load_zone_22,dump_zone_22,5.1e-05,0.000137
369.611,2026-05-23T13:19:36.678,3,660.785,-114.32,18.229,-0.5,1000.0,RETURNING_TO_START,load_zone_26,dump_zone_3,5.1e-05,0.000137
370.615,2026-05-23T13:19:37.711,1,697.512,-153.038,13.233,-0.5,1000.0,RETURNING_TO_START,load_zone_26,dump_zone_3,4.8e-05,0.000129
370.615,2026-05-23T13:19:37.711,2,-101.317,450.192,0.0,-0.5,1000.0,RETURNING_TO_START,load_zone_22,dump_zone_22,4.8e-05,0.000129
370.615,2026-05-23T13:19:37.711,3,657.375,-110.911,16.421,-0.5,1000.0,RETURNING_TO_START,load_zone_26,dump_zone_3,4.8e-05,0.000129
371.617,2026-05-23T13:19:38.684,1,696.852,-149.734,11.626,-0.23,1000.0,RETURNING_TO_START,load_zone_26,dump_zone_3,0.000126,0.000338
371.617,2026-05-23T13:19:38.684,2,-101.317,450.192,0.0,-0.5,1000.0,RETURNING_TO_START,load_zone_22,dump_zone_22,0.000126,0.000338
371.617,2026-05-23T13:19:38.684,3,654.328,-107.864,14.618,-0.5,1000.0,RETURNING_TO_START,load_zone_26,dump_zone_3,0.000126,0.000338
372.622,2026-05-23T13:19:39.689,1,694.479,-147.434,12.684,0.775,1000.0,RETURNING_TO_START,load_zone_26,dump_zone_3,0.000285,0.000764
372.622,2026-05-23T13:19:39.689,2,-101.317,450.192,0.0,-0.5,1000.0,RETURNING_TO_START,load_zone_22,dump_zone_22,0.000225,0.000603
372.622,2026-05-23T13:19:39.689,3,651.628,-105.164,12.809,-0.5,1000.0,RETURNING_TO_START,load_zone_26,dump_zone_3,0.000225,0.000603
373.664,2026-05-23T13:19:40.731,1,691.331,-144.637,16.357,1.0,1000.0,RETURNING_TO_START,load_zone_26,dump_zone_3,0.00023,0.000616
373.664,2026-05-23T13:19:40.731,2,-101.317,450.192,0.0,-0.5,1000.0,RETURNING_TO_START,load_zone_22,dump_zone_22,0.000162,0.000434
373.664,2026-05-23T13:19:40.731,3,649.208,-102.738,10.933,-0.5,1000.0,RETURNING_TO_START,load_zone_26,dump_zone_3,0.000162,0.000434
374.665,2026-05-23T13:19:41.733,1,687.652,-141.157,19.961,1.0,1000.0,RETURNING_TO_START,load_zone_26,dump_zone_3,7.3e-05,0.000196
374.665,2026-05-23T13:19:41.733,2,-101.317,450.192,0.0,-0.5,1000.0,RETURNING_TO_START,load_zone_22,dump_zone_22,4.8e-05,0.000129
374.665,2026-05-23T13:19:41.733,3,646.648,-101.663,9.93,0.149,1000.0,RETURNING_TO_START,load_zone_26,dump_zone_3,5.2e-05,0.000139
375.713,2026-05-23T13:19:42.780,1,683.126,-136.663,23.647,0.804,1000.0,RETURNING_TO_START,load_zone_26,dump_zone_3,0.000335,0.000898
375.713,2026-05-23T13:19:42.780,2,-101.317,450.192,0.0,-0.5,1000.0,RETURNING_TO_START,load_zone_22,dump_zone_22,0.000222,0.000595
375.713,2026-05-23T13:19:42.780,3,643.48,-101.963,12.454,1.0,1000.0,RETURNING_TO_START,load_zone_26,dump_zone_3,0.000293,0.000785
376.718,2026-05-23T13:19:43.853,1,678.235,-131.771,25.385,0.0523,1000.0,RETURNING_TO_START,load_zone_26,dump_zone_3,5.5e-05,0.000147
376.718,2026-05-23T13:19:43.853,2,-101.317,450.192,0.0,-0.5,1000.0,RETURNING_TO_START,load_zone_22,dump_zone_22,4.8e-05,0.000129
376.718,2026-05-23T13:19:43.853,3,639.493,-102.329,16.072,1.0,1000.0,RETURNING_TO_START,load_zone_26,dump_zone_3,6.8e-05,0.000182
377.784,2026-05-23T13:19:44.851,1,673.041,-126.577,23.963,-0.5,1000.0,RETURNING_TO_START,load_zone_26,dump_zone_3,0.00024,0.000643
377.784,2026-05-23T13:19:44.851,2,-101.317,450.192,0.0,-0.5,1000.0,RETURNING_TO_START,load_zone_22,dump_zone_22,0.00024,0.000643
377.784,2026-05-23T13:19:44.851,3,634.147,-102.486,19.785,0.797,1000.0,RETURNING_TO_START,load_zone_26,dump_zone_3,0.000342,0.000917
378.839,2026-05-23T13:19:45.906,1,668.283,-121.818,22.064,-0.5,1000.0,RETURNING_TO_START,load_zone_26,dump_zone_3,0.000195,0.000523
378.839,2026-05-23T13:19:45.906,2,-101.317,450.192,0.0,-0.5,1000.0,RETURNING_TO_START,load_zone_22,dump_zone_22,0.000195,0.000523
378.839,2026-05-23T13:19:45.906,3,628.11,-102.502,20.705,-0.258,1000.0,RETURNING_TO_START,load_zone_26,dump_zone_3,0.000195,0.000523
379.849,2026-05-23T13:19:46.948,1,664.095,-117.63,20.246,-0.5,1000.0,RETURNING_TO_START,load_zone_26,dump_zone_3,4.8e-05,0.000129
379.849,2026-05-23T13:19:46.948,2,-101.317,450.192,0.0,-0.5,1000.0,RETURNING_TO_START,load_zone_22,dump_zone_22,4.8e-05,0.000129
379.849,2026-05-23T13:19:46.948,3,622.545,-102.5,18.974,-0.5,1000.0,RETURNING_TO_START,load_zone_26,dump_zone_3,4.8e-05,0.000129
380.916,2026-05-23T13:19:47.983,1,660.061,-113.597,18.326,-0.5,1000.0,RETURNING_TO_START,load_zone_26,dump_zone_3,0.000243,0.000651
380.916,2026-05-23T13:19:47.983,2,-101.317,450.192,0.0,-0.5,1000.0,RETURNING_TO_START,load_zone_22,dump_zone_22,0.000243,0.000651
380.916,2026-05-23T13:19:47.983,3,617.218,-102.5,17.054,-0.5,1000.0,RETURNING_TO_START,load_zone_26,dump_zone_3,0.000243,0.000651
381.927,2026-05-23T13:19:48.994,1,656.611,-110.147,16.506,-0.5,1000.0,RETURNING_TO_START,load_zone_26,dump_zone_3,5.1e-05,0.000137
381.927,2026-05-23T13:19:48.994,2,-101.317,450.192,0.0,-0.5,1000.0,RETURNING_TO_START,load_zone_22,dump_zone_22,5.1e-05,0.000137
381.927,2026-05-23T13:19:48.994,3,612.697,-102.5,15.234,-0.5,1000.0,RETURNING_TO_START,load_zone_26,dump_zone_3,5.1e-05,0.000137
382.929,2026-05-23T13:19:50.038,1,653.548,-107.083,14.702,-0.5,1000.0,RETURNING_TO_START,load_zone_26,dump_zone_3,5.1e-05,0.000137
382.929,2026-05-23T13:19:50.038,2,-101.317,450.192,0.0,-0.5,1000.0,RETURNING_TO_START,load_zone_22,dump_zone_22,5.1e-05,0.000137
382.929,2026-05-23T13:19:50.038,3,608.718,-102.5,13.43,-0.5,1000.0,RETURNING_TO_START,load_zone_26,dump_zone_3,5.1e-05,0.000137
384.008,2026-05-23T13:19:51.075,1,650.648,-104.179,12.76,-0.5,1000.0,RETURNING_TO_START,load_zone_26,dump_zone_3,0.000255,0.000683
384.008,2026-05-23T13:19:51.075,2,-101.317,450.192,0.0,-0.5,1000.0,RETURNING_TO_START,load_zone_22,dump_zone_22,0.000255,0.000683
384.008,2026-05-23T13:19:51.075,3,604.995,-102.5,11.488,-0.5,1000.0,RETURNING_TO_START,load_zone_26,dump_zone_3,0.000255,0.000683
385.029,2026-05-23T13:19:52.096,1,648.075,-102.081,10.935,-0.433,1000.0,RETURNING_TO_START,load_zone_26,dump_zone_3,0.00015,0.000402
385.029,2026-05-23T13:19:52.096,2,-101.317,450.192,0.0,-0.5,1000.0,RETURNING_TO_START,load_zone_22,dump_zone_22,0.00015,0.000402
385.029,2026-05-23T13:19:52.096,3,602.009,-102.477,9.65,-0.5,1000.0,RETURNING_TO_START,load_zone_26,dump_zone_3,0.00015,0.000402
386.042,2026-05-23T13:19:53.140,1,645.077,-101.873,11.278,0.58,1000.0,RETURNING_TO_START,load_zone_26,dump_zone_3,6.1e-05,0.000163
386.042,2026-05-23T13:19:53.140,2,-101.317,450.192,0.0,-0.5,1000.0,RETURNING_TO_START,load_zone_22,dump_zone_22,5.1e-05,0.000137
386.042,2026-05-23T13:19:53.140,3,599.579,-101.851,8.936,0.265,1000.0,RETURNING_TO_START,load_zone_26,dump_zone_3,5.6e-05,0.00015
387.048,2026-05-23T13:19:54.115,1,641.494,-102.242,14.608,1.0,1000.0,RETURNING_TO_START,load_zone_26,dump_zone_3,0.000173,0.000464
387.048,2026-05-23T13:19:54.115,2,-101.317,450.192,0.0,-0.5,1000.0,RETURNING_TO_START,load_zone_22,dump_zone_22,0.000126,0.000338
387.048,2026-05-23T13:19:54.115,3,597.862,-99.833,9.962,-0.115,1000.0,RETURNING_TO_START,load_zone_26,dump_zone_3,0.000128,0.000343
388.054,2026-05-23T13:19:55.121,1,636.892,-102.452,18.23,1.0,1000.0,RETURNING_TO_START,load_zone_26,dump_zone_3,7.5e-05,0.000201
388.054,2026-05-23T13:19:55.121,2,-101.317,450.192,0.0,-0.5,1000.0,RETURNING_TO_START,load_zone_22,dump_zone_22,5.1e-05,0.000137
388.054,2026-05-23T13:19:55.121,3,597.396,-97.191,9.803,0.383,1000.0,RETURNING_TO_START,load_zone_26,dump_zone_3,5.7e-05,0.000153
389.095,2026-05-23T13:19:56.162,1,631.103,-102.501,21.39,0.517,1000.0,RETURNING_TO_START,load_zone_26,dump_zone_3,0.000271,0.000726
389.095,2026-05-23T13:19:56.162,2,-101.317,450.192,0.0,-0.5,1000.0,RETURNING_TO_START,load_zone_22,dump_zone_22,0.000204,0.000547
389.095,2026-05-23T13:19:56.162,3,597.445,-93.949,12.903,1.0,1000.0,RETURNING_TO_START,load_zone_26,dump_zone_3,0.000272,0.000729
390.135,2026-05-23T13:19:57.202,1,624.844,-102.501,21.305,-0.5,1000.0,RETURNING_TO_START,load_zone_26,dump_zone_3,0.000171,0.000458
390.135,2026-05-23T13:19:57.202,2,-101.317,450.192,0.0,-0.5,1000.0,RETURNING_TO_START,load_zone_22,dump_zone_22,0.000171,0.000458
390.135,2026-05-23T13:19:57.202,3,597.484,-89.659,16.647,1.0,1000.0,RETURNING_TO_START,load_zone_26,dump_zone_3,0.000244,0.000654
391.15,2026-05-23T13:19:58.265,1,619.102,-102.5,19.478,-0.5,1000.0,RETURNING_TO_START,load_zone_26,dump_zone_3,4.8e-05,0.000129
391.15,2026-05-23T13:19:58.265,2,-101.317,450.192,0.0,-0.5,1000.0,RETURNING_TO_START,load_zone_22,dump_zone_22,4.8e-05,0.000129
391.15,2026-05-23T13:19:58.265,3,597.498,-84.435,20.301,1.0,1000.0,RETURNING_TO_START,load_zone_26,dump_zone_3,7.3e-05,0.000196
392.191,2026-05-23T13:19:59.258,1,613.753,-102.5,17.604,-0.5,1000.0,RETURNING_TO_START,load_zone_26,dump_zone_3,0.000195,0.000523
392.191,2026-05-23T13:19:59.258,2,-101.317,450.192,0.0,-0.5,1000.0,RETURNING_TO_START,load_zone_22,dump_zone_22,0.000195,0.000523
392.191,2026-05-23T13:19:59.258,3,597.5,-77.999,24.049,1.0,1000.0,RETURNING_TO_START,load_zone_26,dump_zone_3,0.000316,0.000847
393.206,2026-05-23T13:20:00.273,1,609.058,-102.5,15.777,-0.5,1000.0,RETURNING_TO_START,load_zone_26,dump_zone_3,4.8e-05,0.000129
393.206,2026-05-23T13:20:00.273,2,-101.317,450.192,0.0,-0.5,1000.0,RETURNING_TO_START,load_zone_22,dump_zone_22,4.8e-05,0.000129
393.206,2026-05-23T13:20:00.273,3,597.5,-70.851,26.026,0.0956,1000.0,RETURNING_TO_START,load_zone_26,dump_zone_3,5.6e-05,0.00015
394.218,2026-05-23T13:20:01.286,1,604.889,-102.5,13.955,-0.5,1000.0,RETURNING_TO_START,load_zone_26,dump_zone_3,4.8e-05,0.000129
394.218,2026-05-23T13:20:01.286,2,-101.317,450.192,0.0,-0.5,1000.0,RETURNING_TO_START,load_zone_22,dump_zone_22,4.8e-05,0.000129
394.218,2026-05-23T13:20:01.286,3,597.5,-63.588,25.268,-0.388,1000.0,RETURNING_TO_START,load_zone_26,dump_zone_3,4.8e-05,0.000129
395.269,2026-05-23T13:20:02.337,1,601.109,-102.402,12.064,-0.5,1000.0,RETURNING_TO_START,load_zone_26,dump_zone_3,0.000204,0.000547
395.269,2026-05-23T13:20:02.337,2,-101.317,450.192,0.0,-0.5,1000.0,RETURNING_TO_START,load_zone_22,dump_zone_22,0.000204,0.000547
395.269,2026-05-23T13:20:02.337,3,597.5,-56.397,24.229,-0.267,1000.0,RETURNING_TO_START,load_zone_26,dump_zone_3,0.000204,0.000547
396.274,2026-05-23T13:20:03.342,1,598.447,-100.853,10.635,-0.5,1000.0,RETURNING_TO_START,load_zone_26,dump_zone_3,5.1e-05,0.000137
396.274,2026-05-23T13:20:03.342,2,-101.317,450.192,0.0,-0.5,1000.0,RETURNING_TO_START,load_zone_22,dump_zone_22,5.1e-05,0.000137
396.274,2026-05-23T13:20:03.342,3,597.5,-49.764,23.739,0.274,1000.0,RETURNING_TO_START,load_zone_26,dump_zone_3,6.3e-05,0.000169
397.283,2026-05-23T13:20:04.412,1,597.498,-98.35,8.859,-0.381,1000.0,RETURNING_TO_START,load_zone_26,dump_zone_3,4.8e-05,0.000129
397.283,2026-05-23T13:20:04.412,2,-101.317,450.192,0.0,-0.5,1000.0,RETURNING_TO_START,load_zone_22,dump_zone_22,4.8e-05,0.000129
397.283,2026-05-23T13:20:04.412,3,597.5,-42.883,25.049,0.0462,1000.0,RETURNING_TO_START,load_zone_26,dump_zone_3,5.4e-05,0.000145
398.294,2026-05-23T13:20:05.361,1,597.372,-95.875,9.393,0.63,1000.0,RETURNING_TO_START,load_zone_26,dump_zone_3,6e-05,0.000161
398.294,2026-05-23T13:20:05.361,2,-101.317,450.192,0.0,-0.5,1000.0,RETURNING_TO_START,load_zone_22,dump_zone_22,5.1e-05,0.000137
398.294,2026-05-23T13:20:05.361,3,597.5,-35.948,24.308,-0.1768,1000.0,RETURNING_TO_START,load_zone_26,dump_zone_3,5.2e-05,0.000139
399.325,2026-05-23T13:20:06.392,1,597.432,-92.692,12.881,1.0,1000.0,RETURNING_TO_START,load_zone_26,dump_zone_3,0.00022,0.00059
399.325,2026-05-23T13:20:06.392,2,-101.317,450.192,0.0,-0.5,1000.0,RETURNING_TO_START,load_zone_22,dump_zone_22,0.000165,0.000442
399.325,2026-05-23T13:20:06.392,3,597.5,-28.96,24.797,0.4402,1000.0,RETURNING_TO_START,load_zone_26,dump_zone_3,0.000221,0.000592
400.329,2026-05-23T13:20:07.443,1,597.483,-88.572,16.496,1.0,1000.0,RETURNING_TO_START,load_zone_26,dump_zone_3,6.8e-05,0.000182
400.329,2026-05-23T13:20:07.443,2,-101.317,450.192,0.0,-0.5,1000.0,RETURNING_TO_START,load_zone_22,dump_zone_22,4.8e-05,0.000129
400.329,2026-05-23T13:20:07.443,3,597.5,-21.942,25.236,-0.0261,1000.0,RETURNING_TO_START,load_zone_26,dump_zone_3,5.2e-05,0.000139
401.373,2026-05-23T13:20:08.440,1,597.499,-83.218,20.254,1.0,1000.0,RETURNING_TO_START,load_zone_26,dump_zone_3,0.000315,0.000844
401.373,2026-05-23T13:20:08.440,2,-101.317,450.192,0.0,-0.5,1000.0,RETURNING_TO_START,load_zone_22,dump_zone_22,0.000207,0.000555
401.373,2026-05-23T13:20:08.440,3,597.5,-14.67,24.704,-0.314,1000.0,RETURNING_TO_START,load_zone_26,dump_zone_3,0.000207,0.000555
402.408,2026-05-23T13:20:09.475,1,597.5,-76.832,23.959,1.0,1000.0,RETURNING_TO_START,load_zone_26,dump_zone_3,0.000204,0.000547
402.408,2026-05-23T13:20:09.475,2,-101.317,450.192,0.0,-0.5,1000.0,RETURNING_TO_START,load_zone_22,dump_zone_22,0.000126,0.000338
402.408,2026-05-23T13:20:09.475,3,597.5,-7.714,24.081,0.1992,1000.0,RETURNING_TO_START,load_zone_26,dump_zone_3,0.000152,0.000407
403.423,2026-05-23T13:20:10.490,1,597.5,-69.712,25.83,0.034,1000.0,RETURNING_TO_START,load_zone_26,dump_zone_3,5.4e-05,0.000145
403.423,2026-05-23T13:20:10.490,2,-101.317,450.192,0.0,-0.5,1000.0,RETURNING_TO_START,load_zone_22,dump_zone_22,4.8e-05,0.000129
403.423,2026-05-23T13:20:10.490,3,597.5,-0.826,24.685,-0.0498,1000.0,RETURNING_TO_START,load_zone_26,dump_zone_3,5.2e-05,0.000139
404.493,2026-05-23T13:20:11.560,1,597.5,-62.215,24.41,-0.5,1000.0,RETURNING_TO_START,load_zone_26,dump_zone_3,0.000234,0.000627
404.493,2026-05-23T13:20:11.560,2,-101.317,450.192,0.0,-0.5,1000.0,RETURNING_TO_START,load_zone_22,dump_zone_22,0.000234,0.000627
404.493,2026-05-23T13:20:11.560,3,597.5,6.37,23.711,-0.3891,1000.0,RETURNING_TO_START,load_zone_26,dump_zone_3,0.000234,0.000627
405.494,2026-05-23T13:20:12.561,1,597.5,-55.55,23.738,-0.1995,1000.0,RETURNING_TO_START,load_zone_26,dump_zone_3,5.1e-05,0.000137
405.494,2026-05-23T13:20:12.561,2,-101.317,450.192,0.0,-0.5,1000.0,RETURNING_TO_START,load_zone_22,dump_zone_22,5.1e-05,0.000137
405.494,2026-05-23T13:20:12.561,3,597.5,12.905,23.641,0.1511,1000.0,RETURNING_TO_START,load_zone_26,dump_zone_3,6e-05,0.000161
406.51,2026-05-23T13:20:13.647,1,597.5,-48.861,24.234,0.5785,1000.0,RETURNING_TO_START,load_zone_26,dump_zone_3,7.2e-05,0.000193
406.51,2026-05-23T13:20:13.647,2,-101.317,450.192,0.0,-0.5,1000.0,RETURNING_TO_START,load_zone_22,dump_zone_22,5.1e-05,0.000137
406.51,2026-05-23T13:20:13.647,3,597.5,19.733,24.642,0.1637,1000.0,RETURNING_TO_START,load_zone_26,dump_zone_3,6.1e-05,0.000163
407.549,2026-05-23T13:20:14.617,1,597.5,-41.585,25.67,-0.0325,1000.0,RETURNING_TO_START,load_zone_26,dump_zone_3,0.000209,0.00056
407.549,2026-05-23T13:20:14.617,2,-101.317,450.192,0.0,-0.5,1000.0,RETURNING_TO_START,load_zone_22,dump_zone_22,0.000192,0.000515
407.549,2026-05-23T13:20:14.617,3,597.5,26.862,24.655,0.0758,1000.0,RETURNING_TO_START,load_zone_26,dump_zone_3,0.00022,0.00059
408.549,2026-05-23T13:20:15.616,1,597.5,-34.626,24.356,-0.3118,1000.0,RETURNING_TO_START,load_zone_26,dump_zone_3,0.000213,0.000571
408.549,2026-05-23T13:20:15.616,2,-101.317,450.192,0.0,-0.5,1000.0,RETURNING_TO_START,load_zone_22,dump_zone_22,0.000213,0.000571
408.549,2026-05-23T13:20:15.616,3,597.5,33.796,25.013,-0.1762,1000.0,RETURNING_TO_START,load_zone_26,dump_zone_3,0.000215,0.000576
409.556,2026-05-23T13:20:16.683,1,597.5,-27.911,23.577,-0.1808,1000.0,RETURNING_TO_START,load_zone_26,dump_zone_3,4.8e-05,0.000129
409.556,2026-05-23T13:20:16.683,2,-101.317,450.192,0.0,-0.5,1000.0,RETURNING_TO_START,load_zone_22,dump_zone_22,4.8e-05,0.000129
409.556,2026-05-23T13:20:16.683,3,597.5,40.695,24.12,-0.484,1000.0,RETURNING_TO_START,load_zone_26,dump_zone_3,4.8e-05,0.000129
410.561,2026-05-23T13:20:17.702,1,597.5,-21.305,23.698,-0.0681,1000.0,RETURNING_TO_START,load_zone_26,dump_zone_3,5.4e-05,0.000145
410.561,2026-05-23T13:20:17.702,2,-101.317,450.192,0.0,-0.5,1000.0,RETURNING_TO_START,load_zone_22,dump_zone_22,5.1e-05,0.000137
410.561,2026-05-23T13:20:17.702,3,597.5,47.357,24.03,0.261,1000.0,RETURNING_TO_START,load_zone_26,dump_zone_3,6.3e-05,0.000169
411.613,2026-05-23T13:20:18.680,1,597.5,-14.284,24.37,0.2202,1000.0,RETURNING_TO_START,load_zone_26,dump_zone_3,0.000212,0.000568
411.613,2026-05-23T13:20:18.680,2,-101.317,450.192,0.0,-0.5,1000.0,RETURNING_TO_START,load_zone_22,dump_zone_22,0.000174,0.000466
411.613,2026-05-23T13:20:18.680,3,597.5,54.581,25.402,0.555,1000.0,RETURNING_TO_START,load_zone_26,dump_zone_3,0.000246,0.000659
412.628,2026-05-23T13:20:19.772,1,597.5,-7.377,24.469,0.0666,1000.0,RETURNING_TO_START,load_zone_26,dump_zone_3,5.8e-05,0.000155
412.628,2026-05-23T13:20:19.772,2,-101.317,450.192,0.0,-0.5,1000.0,RETURNING_TO_START,load_zone_22,dump_zone_22,5.1e-05,0.000137
412.628,2026-05-23T13:20:19.772,3,597.5,61.839,25.468,-0.426,1000.0,RETURNING_TO_START,load_zone_26,dump_zone_3,5.1e-05,0.000137
413.643,2026-05-23T13:20:20.709,1,597.5,-0.506,24.076,-0.2497,1000.0,RETURNING_TO_START,load_zone_26,dump_zone_3,0.00021,0.000563
413.643,2026-05-23T13:20:20.709,2,-101.317,450.192,0.0,-0.5,1000.0,RETURNING_TO_START,load_zone_22,dump_zone_22,0.00021,0.000563
413.643,2026-05-23T13:20:20.709,3,597.5,68.781,24.019,-0.27,1000.0,RETURNING_TO_START,load_zone_26,dump_zone_3,0.00021,0.000563
414.725,2026-05-23T13:20:21.791,1,597.5,6.564,23.387,0.2221,1000.0,RETURNING_TO_START,load_zone_26,dump_zone_3,0.000323,0.000866
414.725,2026-05-23T13:20:21.791,2,-101.317,450.192,0.0,-0.5,1000.0,RETURNING_TO_START,load_zone_22,dump_zone_22,0.000267,0.000716
414.725,2026-05-23T13:20:21.791,3,597.5,75.845,23.596,0.37,1000.0,RETURNING_TO_START,load_zone_26,dump_zone_3,0.000344,0.000922
415.797,2026-05-23T13:20:22.864,1,597.5,13.555,23.567,0.0121,1000.0,RETURNING_TO_START,load_zone_26,dump_zone_3,0.000259,0.000694
415.797,2026-05-23T13:20:22.864,2,-101.317,450.192,0.0,-0.5,1000.0,RETURNING_TO_START,load_zone_22,dump_zone_22,0.000234,0.000627
415.797,2026-05-23T13:20:22.864,3,597.5,83.067,24.598,-0.022,1000.0,RETURNING_TO_START,load_zone_26,dump_zone_3,0.000256,0.000686
416.805,2026-05-23T13:20:23.932,1,597.5,20.252,24.286,0.1094,1000.0,RETURNING_TO_START,load_zone_26,dump_zone_3,5.9e-05,0.000158
416.805,2026-05-23T13:20:23.932,2,-101.317,450.192,0.0,-0.5,1000.0,RETURNING_TO_START,load_zone_22,dump_zone_22,5.1e-05,0.000137
416.805,2026-05-23T13:20:23.932,3,597.5,89.88,24.195,-0.16,1000.0,RETURNING_TO_START,load_zone_26,dump_zone_3,5.2e-05,0.000139
417.859,2026-05-23T13:20:24.926,1,597.5,27.328,23.876,-0.0806,1000.0,RETURNING_TO_START,load_zone_26,dump_zone_3,0.000308,0.000825
417.859,2026-05-23T13:20:24.926,2,-101.317,450.192,0.0,-0.5,1000.0,RETURNING_TO_START,load_zone_22,dump_zone_22,0.000291,0.00078
417.859,2026-05-23T13:20:24.926,3,597.5,96.946,24.111,-0.0926,1000.0,RETURNING_TO_START,load_zone_26,dump_zone_3,0.000307,0.000823
418.919,2026-05-23T13:20:25.986,1,597.5,34.29,23.604,-0.0871,1000.0,RETURNING_TO_START,load_zone_26,dump_zone_3,0.000228,0.000611
418.919,2026-05-23T13:20:25.986,2,-101.317,450.192,0.0,-0.5,1000.0,RETURNING_TO_START,load_zone_22,dump_zone_22,0.000216,0.000579
418.919,2026-05-23T13:20:25.986,3,597.5,103.951,23.609,-0.0906,1000.0,RETURNING_TO_START,load_zone_26,dump_zone_3,0.000228,0.000611
419.978,2026-05-23T13:20:27.044,1,597.5,41.203,23.381,0.0979,1000.0,RETURNING_TO_START,load_zone_26,dump_zone_3,0.000282,0.000756
419.978,2026-05-23T13:20:27.044,2,-101.317,450.192,0.0,-0.5,1000.0,RETURNING_TO_START,load_zone_22,dump_zone_22,0.000246,0.000659
419.978,2026-05-23T13:20:27.044,3,597.5,110.984,24.506,0.4773,1000.0,RETURNING_TO_START,load_zone_26,dump_zone_3,0.000334,0.000895
420.979,2026-05-23T13:20:28.117,1,597.5,47.86,24.244,-0.0681,1000.0,RETURNING_TO_START,load_zone_26,dump_zone_3,5.4e-05,0.000145
420.979,2026-05-23T13:20:28.117,2,-101.317,450.192,0.0,-0.5,1000.0,RETURNING_TO_START,load_zone_22,dump_zone_22,5.1e-05,0.000137
420.979,2026-05-23T13:20:28.117,3,597.5,117.884,24.65,-0.3093,1000.0,RETURNING_TO_START,load_zone_26,dump_zone_3,5.1e-05,0.000137
422.04,2026-05-23T13:20:29.107,1,597.5,54.953,24.243,0.3849,1000.0,RETURNING_TO_START,load_zone_26,dump_zone_3,0.000317,0.00085
422.04,2026-05-23T13:20:29.107,2,-101.317,450.192,0.0,-0.5,1000.0,RETURNING_TO_START,load_zone_22,dump_zone_22,0.000243,0.000651
422.04,2026-05-23T13:20:29.107,3,597.5,125.043,24.025,-0.0883,1000.0,RETURNING_TO_START,load_zone_26,dump_zone_3,0.000257,0.000689
423.04,2026-05-23T13:20:30.160,1,597.5,61.745,24.447,0.1492,1000.0,RETURNING_TO_START,load_zone_26,dump_zone_3,6e-05,0.000161
423.04,2026-05-23T13:20:30.160,2,-101.317,450.192,0.0,-0.5,1000.0,RETURNING_TO_START,load_zone_22,dump_zone_22,5.1e-05,0.000137
423.04,2026-05-23T13:20:30.160,3,597.5,131.67,23.532,-0.1603,1000.0,RETURNING_TO_START,load_zone_26,dump_zone_3,5.2e-05,0.000139
424.1,2026-05-23T13:20:31.167,1,597.5,69.056,24.782,-0.3123,1000.0,RETURNING_TO_START,load_zone_26,dump_zone_3,0.000255,0.000683
424.1,2026-05-23T13:20:31.167,2,-101.317,450.192,0.0,-0.5,1000.0,RETURNING_TO_START,load_zone_22,dump_zone_22,0.000255,0.000683
424.1,2026-05-23T13:20:31.167,3,597.5,138.725,24.733,0.4517,1000.0,RETURNING_TO_START,load_zone_26,dump_zone_3,0.000343,0.000919
425.153,2026-05-23T13:20:32.221,1,597.5,76.149,23.882,-0.2893,1000.0,RETURNING_TO_START,load_zone_26,dump_zone_3,0.000249,0.000667
425.153,2026-05-23T13:20:32.221,2,-101.317,450.192,0.0,-0.5,1000.0,RETURNING_TO_START,load_zone_22,dump_zone_22,0.000249,0.000667
425.153,2026-05-23T13:20:32.221,3,597.5,146.034,24.777,-0.342,1000.0,RETURNING_TO_START,load_zone_26,dump_zone_3,0.000249,0.000667
426.225,2026-05-23T13:20:33.292,1,597.5,83.205,24.16,0.5729,1000.0,RETURNING_TO_START,load_zone_26,dump_zone_3,0.000345,0.000925
426.225,2026-05-23T13:20:33.292,2,-101.317,450.192,0.0,-0.5,1000.0,RETURNING_TO_START,load_zone_22,dump_zone_22,0.000246,0.000659
426.225,2026-05-23T13:20:33.292,3,597.5,153.175,23.169,-0.401,1000.0,RETURNING_TO_START,load_zone_26,dump_zone_3,0.000246,0.000659
427.237,2026-05-23T13:20:34.304,1,597.5,90.152,24.797,-0.2008,1000.0,RETURNING_TO_START,load_zone_26,dump_zone_3,0.000294,0.000788
427.237,2026-05-23T13:20:34.304,2,-101.317,450.192,0.0,-0.5,1000.0,RETURNING_TO_START,load_zone_22,dump_zone_22,0.000294,0.000788
427.237,2026-05-23T13:20:34.304,3,597.5,159.419,21.36,-0.5,1000.0,RETURNING_TO_START,load_zone_26,dump_zone_3,0.000294,0.000788
428.239,2026-05-23T13:20:35.343,1,597.5,96.983,24.348,-0.1153,1000.0,RETURNING_TO_START,load_zone_26,dump_zone_3,5.3e-05,0.000142
428.239,2026-05-23T13:20:35.343,2,-101.317,450.192,0.0,-0.5,1000.0,RETURNING_TO_START,load_zone_22,dump_zone_22,5.1e-05,0.000137
428.239,2026-05-23T13:20:35.343,3,597.5,165.104,19.596,-0.5,1000.0,RETURNING_TO_START,load_zone_26,dump_zone_3,5.1e-05,0.000137
429.303,2026-05-23T13:20:36.371,1,597.5,104.207,24.4,-0.1361,1000.0,RETURNING_TO_START,load_zone_26,dump_zone_3,0.000223,0.000598
429.303,2026-05-23T13:20:36.371,2,-101.317,450.192,0.0,-0.5,1000.0,RETURNING_TO_START,load_zone_22,dump_zone_22,0.000216,0.000579
429.303,2026-05-23T13:20:36.371,3,597.5,170.597,17.681,-0.5,1000.0,RETURNING_TO_START,load_zone_26,dump_zone_3,0.000216,0.000579
430.31,2026-05-23T13:20:37.436,1,597.5,110.991,24.069,-0.0291,1000.0,RETURNING_TO_START,load_zone_26,dump_zone_3,5.5e-05,0.000147
430.31,2026-05-23T13:20:37.436,2,-101.317,450.192,0.0,-0.5,1000.0,RETURNING_TO_START,load_zone_22,dump_zone_22,5.1e-05,0.000137
430.31,2026-05-23T13:20:37.436,3,597.5,175.276,15.869,-0.5,1000.0,RETURNING_TO_START,load_zone_26,dump_zone_3,5.1e-05,0.000137
431.339,2026-05-23T13:20:38.406,1,597.5,117.896,24.234,0.1092,1000.0,RETURNING_TO_START,load_zone_26,dump_zone_3,0.000257,0.000689
431.339,2026-05-23T13:20:38.406,2,-101.317,450.192,0.0,-0.5,1000.0,RETURNING_TO_START,load_zone_22,dump_zone_22,0.000222,0.000595
431.339,2026-05-23T13:20:38.406,3,597.5,179.532,14.016,-0.5,1000.0,RETURNING_TO_START,load_zone_26,dump_zone_3,0.000222,0.000595
432.344,2026-05-23T13:20:39.482,1,597.5,124.622,23.805,-0.1272,1000.0,RETURNING_TO_START,load_zone_26,dump_zone_3,5.3e-05,0.000142
432.344,2026-05-23T13:20:39.482,2,-101.317,450.192,0.0,-0.5,1000.0,RETURNING_TO_START,load_zone_22,dump_zone_22,5.1e-05,0.000137
432.344,2026-05-23T13:20:39.482,3,597.5,183.176,12.207,-0.5,1000.0,RETURNING_TO_START,load_zone_26,dump_zone_3,5.1e-05,0.000137
433.384,2026-05-23T13:20:40.450,1,597.5,131.558,24.212,0.0808,1000.0,RETURNING_TO_START,load_zone_26,dump_zone_3,0.000285,0.000764
433.384,2026-05-23T13:20:40.450,2,-101.317,450.192,0.0,-0.5,1000.0,RETURNING_TO_START,load_zone_22,dump_zone_22,0.000249,0.000667
433.384,2026-05-23T13:20:40.450,3,597.452,186.414,10.335,-0.5,1000.0,RETURNING_TO_START,load_zone_26,dump_zone_3,0.000249,0.000667
434.393,2026-05-23T13:20:41.460,1,597.5,138.404,24.288,-0.2469,1000.0,RETURNING_TO_START,load_zone_26,dump_zone_3,0.000291,0.00078
434.393,2026-05-23T13:20:41.460,2,-101.317,450.192,0.0,-0.5,1000.0,RETURNING_TO_START,load_zone_22,dump_zone_22,0.000291,0.00078
434.393,2026-05-23T13:20:41.460,3,596.827,188.956,8.519,-0.5,1000.0,RETURNING_TO_START,load_zone_26,dump_zone_3,0.000291,0.00078
435.396,2026-05-23T13:20:42.536,1,597.5,145.022,23.318,-0.2186,1000.0,RETURNING_TO_START,load_zone_26,dump_zone_3,5.1e-05,0.000137
435.396,2026-05-23T13:20:42.536,2,-101.317,450.192,0.0,-0.5,1000.0,RETURNING_TO_START,load_zone_22,dump_zone_22,5.1e-05,0.000137
435.396,2026-05-23T13:20:42.536,3,596.099,190.932,6.714,-0.5,1000.0,RETURNING_TO_START,load_zone_26,dump_zone_3,5.1e-05,0.000137
436.442,2026-05-23T13:20:43.509,1,597.5,151.86,23.857,-0.0126,1000.0,RETURNING_TO_START,load_zone_26,dump_zone_3,0.000269,0.000721
436.442,2026-05-23T13:20:43.509,2,-101.317,450.192,0.0,-0.5,1000.0,RETURNING_TO_START,load_zone_22,dump_zone_22,0.000246,0.000659
436.442,2026-05-23T13:20:43.509,3,595.719,192.549,4.889,-0.3609,1000.0,RETURNING_TO_START,load_zone_26,dump_zone_3,0.000246,0.000659
437.46,2026-05-23T13:20:44.600,1,597.5,158.424,22.403,-0.5,1000.0,RETURNING_TO_START,load_zone_26,dump_zone_3,0.0003,0.000804
437.46,2026-05-23T13:20:44.600,2,-101.317,450.192,0.0,-0.5,1000.0,RETURNING_TO_START,load_zone_22,dump_zone_22,0.0003,0.000804
437.46,2026-05-23T13:20:44.600,3,595.575,193.808,4.15,-0.1416,1000.0,RETURNING_TO_START,load_zone_26,dump_zone_3,0.000301,0.000807
438.504,2026-05-23T13:20:45.571,1,597.5,164.632,20.523,-0.5,1000.0,RETURNING_TO_START,load_zone_26,dump_zone_3,0.000264,0.000708
438.504,2026-05-23T13:20:45.571,2,-101.317,450.192,0.0,-0.5,1000.0,RETURNING_TO_START,load_zone_22,dump_zone_22,0.000264,0.000708
438.504,2026-05-23T13:20:45.571,3,595.582,195.115,5.0,0.2282,1000.0,RETURNING_TO_START,load_zone_26,dump_zone_3,0.000276,0.00074
439.511,2026-05-23T13:20:46.664,1,597.5,170.106,18.711,-0.5,1000.0,RETURNING_TO_START,load_zone_26,dump_zone_3,4.8e-05,0.000129
439.511,2026-05-23T13:20:46.664,2,-101.317,450.192,0.0,-0.5,1000.0,RETURNING_TO_START,load_zone_22,dump_zone_22,4.8e-05,0.000129
439.511,2026-05-23T13:20:46.664,3,595.883,196.529,5.284,-0.0828,1000.0,RETURNING_TO_START,load_zone_26,dump_zone_3,4.9e-05,0.000131
440.568,2026-05-23T13:20:47.635,1,597.5,175.304,16.808,-0.5,1000.0,RETURNING_TO_START,load_zone_26,dump_zone_3,0.000246,0.000659
440.568,2026-05-23T13:20:47.635,2,-101.317,450.192,0.0,-0.5,1000.0,RETURNING_TO_START,load_zone_22,dump_zone_22,0.000246,0.000659
440.568,2026-05-23T13:20:47.635,3,596.542,198.072,6.253,0.1621,1000.0,RETURNING_TO_START,load_zone_26,dump_zone_3,0.000258,0.000691
441.609,2026-05-23T13:20:48.675,1,597.5,179.879,14.934,-0.5,1000.0,RETURNING_TO_START,load_zone_26,dump_zone_3,0.000132,0.000354
441.609,2026-05-23T13:20:48.675,2,-101.317,450.192,0.0,-0.5,1000.0,RETURNING_TO_START,load_zone_22,dump_zone_22,0.000132,0.000354
441.609,2026-05-23T13:20:48.675,3,597.552,199.747,7.633,0.7591,1000.0,RETURNING_TO_START,load_zone_26,dump_zone_3,0.000153,0.00041
442.633,2026-05-23T13:20:49.701,1,597.5,183.853,13.091,-0.5,1000.0,RETURNING_TO_START,load_zone_26,dump_zone_3,0.000273,0.000732
442.633,2026-05-23T13:20:49.701,2,-101.317,450.192,0.0,-0.5,1000.0,RETURNING_TO_START,load_zone_22,dump_zone_22,0.000273,0.000732
442.633,2026-05-23T13:20:49.701,3,599.844,201.058,11.013,0.679,1000.0,RETURNING_TO_START,load_zone_26,dump_zone_3,0.00033,0.000884
443.696,2026-05-23T13:20:50.763,1,597.334,187.414,11.178,-0.5,1000.0,RETURNING_TO_START,load_zone_26,dump_zone_3,0.00021,0.000563
443.696,2026-05-23T13:20:50.763,2,-101.317,450.192,0.0,-0.5,1000.0,RETURNING_TO_START,load_zone_22,dump_zone_22,0.00021,0.000563
443.696,2026-05-23T13:20:50.763,3,603.186,200.779,11.477,-0.384,1000.0,RETURNING_TO_START,load_zone_26,dump_zone_3,0.00021,0.000563
444.711,2026-05-23T13:20:51.850,1,596.444,190.143,9.351,-0.5,1000.0,RETURNING_TO_START,load_zone_26,dump_zone_3,5.1e-05,0.000137
444.711,2026-05-23T13:20:51.850,2,-101.317,450.192,0.0,-0.5,1000.0,RETURNING_TO_START,load_zone_22,dump_zone_22,5.1e-05,0.000137
444.711,2026-05-23T13:20:51.850,3,605.983,199.669,10.164,-0.324,1000.0,RETURNING_TO_START,load_zone_26,dump_zone_3,5.1e-05,0.000137
445.76,2026-05-23T13:20:52.827,1,595.731,192.465,7.463,-0.5,1000.0,RETURNING_TO_START,load_zone_26,dump_zone_3,0.000246,0.000659
445.76,2026-05-23T13:20:52.827,2,-101.317,450.192,0.0,-0.5,1000.0,RETURNING_TO_START,load_zone_22,dump_zone_22,0.000246,0.000659
445.76,2026-05-23T13:20:52.827,3,608.766,199.043,9.895,0.327,1000.0,RETURNING_TO_START,load_zone_26,dump_zone_3,0.000273,0.000732
446.767,2026-05-23T13:20:53.925,1,595.536,194.288,5.779,-0.402,1000.0,RETURNING_TO_START,load_zone_26,dump_zone_3,5.1e-05,0.000137
446.767,2026-05-23T13:20:53.925,2,-101.317,450.192,0.0,-0.5,1000.0,RETURNING_TO_START,load_zone_22,dump_zone_22,5.1e-05,0.000137
446.767,2026-05-23T13:20:53.925,3,611.883,198.806,12.722,0.876,1000.0,RETURNING_TO_START,load_zone_26,dump_zone_3,6.6e-05,0.000177
447.812,2026-05-23T13:20:54.879,1,595.62,195.724,4.581,0.03,1000.0,RETURNING_TO_START,load_zone_26,dump_zone_3,0.00027,0.000724
447.812,2026-05-23T13:20:54.879,2,-101.317,450.192,0.0,-0.5,1000.0,RETURNING_TO_START,load_zone_22,dump_zone_22,0.000264,0.000708
447.812,2026-05-23T13:20:54.879,3,616.146,198.893,16.438,1.0,1000.0,RETURNING_TO_START,load_zone_26,dump_zone_3,0.000376,0.001008
448.884,2026-05-23T13:20:55.950,1,596.06,197.028,4.58,0.1194,1000.0,RETURNING_TO_START,load_zone_26,dump_zone_3,0.000251,0.000673
448.884,2026-05-23T13:20:55.950,2,-101.317,450.192,0.0,-0.5,1000.0,RETURNING_TO_START,load_zone_22,dump_zone_22,0.000243,0.000651
448.884,2026-05-23T13:20:55.950,3,621.531,199.357,19.338,0.369,1000.0,RETURNING_TO_START,load_zone_26,dump_zone_3,0.0003,0.000804
449.885,2026-05-23T13:20:57.010,1,596.688,198.401,6.526,0.6764,1000.0,RETURNING_TO_START,load_zone_26,dump_zone_3,5.7e-05,0.000153
449.885,2026-05-23T13:20:57.010,2,-101.317,450.192,0.0,-0.5,1000.0,RETURNING_TO_START,load_zone_22,dump_zone_22,5.1e-05,0.000137
449.885,2026-05-23T13:20:57.010,3,626.866,200.024,18.806,-0.5,1000.0,RETURNING_TO_START,load_zone_26,dump_zone_3,5.1e-05,0.000137
450.935,2026-05-23T13:20:58.003,1,597.996,200.381,9.871,1.0,1000.0,RETURNING_TO_START,load_zone_26,dump_zone_3,0.000226,0.000606
450.935,2026-05-23T13:20:58.003,2,-101.317,450.192,0.0,-0.5,1000.0,RETURNING_TO_START,load_zone_22,dump_zone_22,0.00018,0.000482
450.935,2026-05-23T13:20:58.003,3,632.01,200.746,16.916,-0.5,1000.0,RETURNING_TO_START,load_zone_26,dump_zone_3,0.00018,0.000482
451.945,2026-05-23T13:20:59.011,1,600.888,201.569,12.388,0.234,1000.0,RETURNING_TO_START,load_zone_26,dump_zone_3,5.7e-05,0.000153
451.945,2026-05-23T13:20:59.011,2,-101.317,450.192,0.0,-0.5,1000.0,RETURNING_TO_START,load_zone_22,dump_zone_22,5.1e-05,0.000137
451.945,2026-05-23T13:20:59.011,3,636.448,201.359,15.098,-0.5,1000.0,RETURNING_TO_START,load_zone_26,dump_zone_3,5.1e-05,0.000137
453.03,2026-05-23T13:21:00.097,1,604.276,200.329,11.388,-0.387,1000.0,RETURNING_TO_START,load_zone_26,dump_zone_3,0.000291,0.00078
453.03,2026-05-23T13:21:00.097,2,-101.317,450.192,0.0,-0.5,1000.0,RETURNING_TO_START,load_zone_22,dump_zone_22,0.000291,0.00078
453.03,2026-05-23T13:21:00.097,3,640.659,201.877,13.148,-0.4926,1000.0,RETURNING_TO_START,load_zone_26,dump_zone_3,0.000291,0.00078
454.086,2026-05-23T13:21:01.226,1,607.18,199.319,9.87,-0.18,1000.0,RETURNING_TO_START,load_zone_26,dump_zone_3,0.000307,0.000823
454.086,2026-05-23T13:21:01.226,2,-101.317,450.192,0.0,-0.5,1000.0,RETURNING_TO_START,load_zone_22,dump_zone_22,0.000306,0.00082
454.086,2026-05-23T13:21:01.226,3,644.202,202.221,11.248,-0.5,1000.0,RETURNING_TO_START,load_zone_26,dump_zone_3,0.000306,0.00082
455.107,2026-05-23T13:21:02.174,1,610.056,198.892,11.196,0.841,1000.0,RETURNING_TO_START,load_zone_26,dump_zone_3,0.000206,0.000552
455.107,2026-05-23T13:21:02.174,2,-101.317,450.192,0.0,-0.5,1000.0,RETURNING_TO_START,load_zone_22,dump_zone_22,0.000165,0.000442
455.107,2026-05-23T13:21:02.174,3,647.11,202.41,9.41,-0.5,1000.0,RETURNING_TO_START,load_zone_26,dump_zone_3,0.000165,0.000442
456.115,2026-05-23T13:21:03.182,1,613.715,198.809,14.785,1.0,1000.0,RETURNING_TO_START,load_zone_26,dump_zone_3,6.6e-05,0.000177
456.115,2026-05-23T13:21:03.182,2,-101.317,450.192,0.0,-0.5,1000.0,RETURNING_TO_START,load_zone_22,dump_zone_22,4.8e-05,0.000129
456.115,2026-05-23T13:21:03.182,3,649.486,202.23,8.075,-0.0347,1000.0,RETURNING_TO_START,load_zone_26,dump_zone_3,4.9e-05,0.000131
457.18,2026-05-23T13:21:04.247,1,618.656,199.08,18.268,0.589,1000.0,RETURNING_TO_START,load_zone_26,dump_zone_3,0.000275,0.000737
457.18,2026-05-23T13:21:04.247,2,-101.317,450.192,0.0,-0.5,1000.0,RETURNING_TO_START,load_zone_22,dump_zone_22,0.00021,0.000563
457.18,2026-05-23T13:21:04.247,3,651.556,200.767,9.662,0.4103,1000.0,RETURNING_TO_START,load_zone_26,dump_zone_3,0.000237,0.000635
458.194,2026-05-23T13:21:05.332,1,623.989,199.649,19.356,-0.0906,1000.0,RETURNING_TO_START,load_zone_26,dump_zone_3,5e-05,0.000134
458.194,2026-05-23T13:21:05.332,2,-101.317,450.192,0.0,-0.5,1000.0,RETURNING_TO_START,load_zone_22,dump_zone_22,4.8e-05,0.000129
458.194,2026-05-23T13:21:05.332,3,652.512,198.214,9.62,-0.0246,1000.0,RETURNING_TO_START,load_zone_26,dump_zone_3,5e-05,0.000134
459.207,2026-05-23T13:21:06.274,1,629.187,200.345,17.796,-0.5,1000.0,RETURNING_TO_START,load_zone_26,dump_zone_3,0.000156,0.000418
459.207,2026-05-23T13:21:06.274,2,-101.317,450.192,0.0,-0.5,1000.0,RETURNING_TO_START,load_zone_22,dump_zone_22,0.000156,0.000418
459.207,2026-05-23T13:21:06.274,3,652.631,195.324,11.47,0.9884,1000.0,RETURNING_TO_START,load_zone_26,dump_zone_3,0.000202,0.000541
460.243,2026-05-23T13:21:07.310,1,633.979,201.023,15.931,-0.5,1000.0,RETURNING_TO_START,load_zone_26,dump_zone_3,0.000126,0.000338
460.243,2026-05-23T13:21:07.310,2,-101.317,450.192,0.0,-0.5,1000.0,RETURNING_TO_START,load_zone_22,dump_zone_22,0.000126,0.000338
460.243,2026-05-23T13:21:07.310,3,652.541,191.601,13.686,0.109,1000.0,RETURNING_TO_START,load_zone_26,dump_zone_3,0.000137,0.000367
461.248,2026-05-23T13:21:08.315,1,638.125,201.575,14.147,-0.5,1000.0,RETURNING_TO_START,load_zone_26,dump_zone_3,0.000195,0.000523
461.248,2026-05-23T13:21:08.315,2,-101.317,450.192,0.0,-0.5,1000.0,RETURNING_TO_START,load_zone_22,dump_zone_22,0.000195,0.000523
461.248,2026-05-23T13:21:08.315,3,652.5,187.905,12.485,-0.5,1000.0,RETURNING_TO_START,load_zone_26,dump_zone_3,0.000195,0.000523
462.248,2026-05-23T13:21:09.315,1,641.768,201.995,12.347,-0.5,1000.0,RETURNING_TO_START,load_zone_26,dump_zone_3,0.000189,0.000507
462.248,2026-05-23T13:21:09.315,2,-101.317,450.192,0.0,-0.5,1000.0,RETURNING_TO_START,load_zone_22,dump_zone_22,0.000189,0.000507
462.248,2026-05-23T13:21:09.315,3,652.498,184.7,10.685,-0.5,1000.0,RETURNING_TO_START,load_zone_26,dump_zone_3,0.000189,0.000507
463.248,2026-05-23T13:21:10.315,1,644.923,202.276,10.547,-0.5,1000.0,RETURNING_TO_START,load_zone_26,dump_zone_3,4.8e-05,0.000129
463.248,2026-05-23T13:21:10.315,2,-101.317,450.192,0.0,-0.5,1000.0,RETURNING_TO_START,load_zone_22,dump_zone_22,4.8e-05,0.000129
463.248,2026-05-23T13:21:10.315,3,652.499,181.994,8.885,-0.5,1000.0,RETURNING_TO_START,load_zone_26,dump_zone_3,4.8e-05,0.000129
464.316,2026-05-23T13:21:11.383,1,647.748,202.429,8.625,-0.5,1000.0,RETURNING_TO_START,load_zone_26,dump_zone_3,0.000243,0.000651
464.316,2026-05-23T13:21:11.383,2,-101.317,450.192,0.0,-0.5,1000.0,RETURNING_TO_START,load_zone_22,dump_zone_22,0.000243,0.000651
464.316,2026-05-23T13:21:11.383,3,652.424,179.66,6.963,-0.5,1000.0,RETURNING_TO_START,load_zone_26,dump_zone_3,0.000243,0.000651
465.328,2026-05-23T13:21:12.428,1,649.912,202.066,7.358,-0.059,1000.0,RETURNING_TO_START,load_zone_26,dump_zone_3,5.2e-05,0.000139
465.328,2026-05-23T13:21:12.428,2,-101.317,450.192,0.0,-0.5,1000.0,RETURNING_TO_START,load_zone_22,dump_zone_22,5.1e-05,0.000137
465.328,2026-05-23T13:21:12.428,3,652.658,177.998,5.141,-0.5,1000.0,RETURNING_TO_START,load_zone_26,dump_zone_3,5.1e-05,0.000137
466.363,2026-05-23T13:21:13.430,1,651.642,200.631,8.773,0.382,1000.0,RETURNING_TO_START,load_zone_26,dump_zone_3,0.000226,0.000606
466.363,2026-05-23T13:21:13.430,2,-101.317,450.192,0.0,-0.5,1000.0,RETURNING_TO_START,load_zone_22,dump_zone_22,0.000204,0.000547
466.363,2026-05-23T13:21:13.430,3,653.229,176.95,3.278,-0.5,1000.0,UNLOADING,load_zone_26,dump_zone_3,0.000204,0.000547
467.433,2026-05-23T13:21:14.500,1,652.506,198.179,8.595,-0.056,1000.0,RETURNING_TO_START,load_zone_26,dump_zone_3,0.000231,0.000619
467.433,2026-05-23T13:21:14.500,2,-101.317,450.192,0.0,-0.5,1000.0,RETURNING_TO_START,load_zone_22,dump_zone_22,0.000225,0.000603
467.433,2026-05-23T13:21:14.500,3,653.672,176.447,1.352,-0.5,1000.0,UNLOADING,load_zone_26,dump_zone_3,0.000225,0.000603
468.434,2026-05-23T13:21:15.501,1,652.645,195.628,10.3,0.945,1000.0,RETURNING_TO_START,load_zone_26,dump_zone_3,0.000361,0.000967
468.434,2026-05-23T13:21:15.501,2,-101.317,450.192,0.0,-0.5,1000.0,RETURNING_TO_START,load_zone_22,dump_zone_22,0.000288,0.000772
468.434,2026-05-23T13:21:15.501,3,653.763,176.353,0.0,-0.5,1000.0,UNLOADING,load_zone_26,dump_zone_3,0.000288,0.000772
469.472,2026-05-23T13:21:16.539,1,652.552,192.135,13.305,0.405,1000.0,RETURNING_TO_START,load_zone_26,dump_zone_3,0.000172,0.000461
469.472,2026-05-23T13:21:16.539,2,-101.317,450.192,0.0,-0.5,1000.0,RETURNING_TO_START,load_zone_22,dump_zone_22,0.000147,0.000394
469.472,2026-05-23T13:21:16.539,3,653.998,176.138,7.2,0.0,0.0,TURNING_AROUND,dump_zone_3,load_zone_26,0.00015,0.000402
470.481,2026-05-23T13:21:17.589,1,652.501,188.382,12.907,-0.5,1000.0,RETURNING_TO_START,load_zone_26,dump_zone_3,5.1e-05,0.000137
470.481,2026-05-23T13:21:17.589,2,-101.317,450.192,0.0,-0.5,1000.0,RETURNING_TO_START,load_zone_22,dump_zone_22,5.1e-05,0.000137
470.481,2026-05-23T13:21:17.589,3,655.791,175.261,7.2,0.0,0.0,TURNING_AROUND,dump_zone_3,load_zone_26,5.2e-05,0.000139
471.485,2026-05-23T13:21:18.552,1,652.58,185.027,11.268,-0.5,1000.0,RETURNING_TO_START,load_zone_26,dump_zone_3,5.1e-05,0.000137
471.485,2026-05-23T13:21:18.552,2,-101.317,450.192,0.0,-0.5,1000.0,RETURNING_TO_START,load_zone_22,dump_zone_22,5.1e-05,0.000137
471.485,2026-05-23T13:21:18.552,3,655.546,175.089,5.4,0.0,0.0,TURNING_AROUND,dump_zone_3,load_zone_26,5.2e-05,0.000139
472.517,2026-05-23T13:21:19.584,1,651.956,182.155,9.41,-0.5,1000.0,RETURNING_TO_START,load_zone_26,dump_zone_3,0.000153,0.00041
472.517,2026-05-23T13:21:19.584,2,-101.317,450.192,0.0,-0.5,1000.0,RETURNING_TO_START,load_zone_22,dump_zone_22,0.000153,0.00041
472.517,2026-05-23T13:21:19.584,3,656.047,175.546,7.2,0.0,0.0,TURNING_AROUND,dump_zone_3,load_zone_26,0.000156,0.000418
473.565,2026-05-23T13:21:20.632,1,651.041,179.879,7.524,-0.5,1000.0,RETURNING_TO_START,load_zone_26,dump_zone_3,0.00021,0.000563
473.565,2026-05-23T13:21:20.632,2,-101.317,450.192,0.0,-0.5,1000.0,RETURNING_TO_START,load_zone_22,dump_zone_22,0.00021,0.000563
473.565,2026-05-23T13:21:20.632,3,657.021,176.682,5.4,0.0,0.0,TURNING_AROUND,dump_zone_3,load_zone_26,0.000213,0.000571
474.571,2026-05-23T13:21:21.663,1,650.702,178.08,5.713,-0.5,1000.0,RETURNING_TO_START,load_zone_26,dump_zone_3,5.1e-05,0.000137
474.571,2026-05-23T13:21:21.663,2,-101.317,450.192,0.0,-0.5,1000.0,RETURNING_TO_START,load_zone_22,dump_zone_22,5.1e-05,0.000137
474.571,2026-05-23T13:21:21.663,3,656.839,176.117,0.163,0.2884,0.0,GOING_TO_ENDPOINT,dump_zone_3,load_zone_26,5.1e-05,0.000137
475.577,2026-05-23T13:21:22.643,1,650.955,176.773,3.902,-0.5,1000.0,RETURNING_TO_START,load_zone_26,dump_zone_3,5.1e-05,0.000137
475.577,2026-05-23T13:21:22.643,2,-101.317,450.192,0.0,-0.5,1000.0,RETURNING_TO_START,load_zone_22,dump_zone_22,5.1e-05,0.000137
475.577,2026-05-23T13:21:22.643,3,656.821,176.489,2.906,1.0,0.0,GOING_TO_ENDPOINT,dump_zone_3,load_zone_26,5.3e-05,0.000142
476.586,2026-05-23T13:21:23.653,1,651.325,176.027,2.086,-0.5,1000.0,UNLOADING,load_zone_26,dump_zone_3,4.8e-05,0.000129
476.586,2026-05-23T13:21:23.653,2,-101.317,450.192,0.0,-0.5,1000.0,RETURNING_TO_START,load_zone_22,dump_zone_22,4.8e-05,0.000129
476.586,2026-05-23T13:21:23.653,3,656.473,177.771,6.539,1.0,0.0,GOING_TO_ENDPOINT,dump_zone_3,load_zone_26,5.3e-05,0.000142
477.65,2026-05-23T13:21:24.716,1,651.508,175.762,0.171,-0.5,1000.0,UNLOADING,load_zone_26,dump_zone_3,0.000195,0.000523
477.65,2026-05-23T13:21:24.716,2,-101.317,450.192,0.0,-0.5,1000.0,RETURNING_TO_START,load_zone_22,dump_zone_22,0.000195,0.000523
477.65,2026-05-23T13:21:24.716,3,654.79,179.595,10.369,1.0,0.0,GOING_TO_ENDPOINT,dump_zone_3,load_zone_26,0.000226,0.000606
478.653,2026-05-23T13:21:25.720,1,651.509,175.76,0.0,-0.5,1000.0,UNLOADING,load_zone_26,dump_zone_3,4.8e-05,0.000129
478.653,2026-05-23T13:21:25.720,2,-101.317,450.192,0.0,-0.5,1000.0,RETURNING_TO_START,load_zone_22,dump_zone_22,4.8e-05,0.000129
478.653,2026-05-23T13:21:25.720,3,651.818,181.268,13.98,1.0,0.0,GOING_TO_ENDPOINT,dump_zone_3,load_zone_26,5.8e-05,0.000155
479.675,2026-05-23T13:21:26.742,1,652.772,174.674,7.2,0.0,0.0,TURNING_AROUND,dump_zone_3,load_zone_26,0.000119,0.000319
479.675,2026-05-23T13:21:26.742,2,-101.317,450.192,0.0,-0.5,1000.0,RETURNING_TO_START,load_zone_22,dump_zone_22,0.000117,0.000314
479.675,2026-05-23T13:21:26.742,3,648.399,183.966,16.879,0.3618,0.0,GOING_TO_ENDPOINT,dump_zone_3,load_zone_26,0.000131,0.000351
480.685,2026-05-23T13:21:27.752,1,653.536,174.29,5.4,0.0,0.0,TURNING_AROUND,dump_zone_3,load_zone_26,4.9e-05,0.000131
480.685,2026-05-23T13:21:27.752,2,-101.317,450.192,0.0,-0.5,1000.0,RETURNING_TO_START,load_zone_22,dump_zone_22,4.8e-05,0.000129
480.685,2026-05-23T13:21:27.752,3,647.429,188.56,16.353,-0.5,0.0,GOING_TO_ENDPOINT,dump_zone_3,load_zone_26,4.8e-05,0.000129
481.686,2026-05-23T13:21:28.752,1,653.193,174.403,7.2,0.0,0.0,TURNING_AROUND,dump_zone_3,load_zone_26,5.2e-05,0.000139
481.686,2026-05-23T13:21:28.752,2,-101.317,450.192,0.0,-0.5,1000.0,RETURNING_TO_START,load_zone_22,dump_zone_22,5.1e-05,0.000137
481.686,2026-05-23T13:21:28.752,3,647.462,192.85,14.552,-0.5,0.0,GOING_TO_ENDPOINT,dump_zone_3,load_zone_26,5.1e-05,0.000137
482.715,2026-05-23T13:21:29.782,1,654.832,175.61,7.2,0.0,0.0,TURNING_AROUND,dump_zone_3,load_zone_26,9.5e-05,0.000255
482.715,2026-05-23T13:21:29.782,2,-101.317,450.192,0.0,-0.5,1000.0,RETURNING_TO_START,load_zone_22,dump_zone_22,9.3e-05,0.000249
482.715,2026-05-23T13:21:29.782,3,647.498,196.738,12.699,-0.5,0.0,GOING_TO_ENDPOINT,dump_zone_3,load_zone_26,9.3e-05,0.000249
483.72,2026-05-23T13:21:30.787,1,654.455,174.686,5.4,0.0,0.0,TURNING_AROUND,dump_zone_3,load_zone_26,5.2e-05,0.000139
483.72,2026-05-23T13:21:30.787,2,-101.317,450.192,0.0,-0.5,1000.0,RETURNING_TO_START,load_zone_22,dump_zone_22,5.1e-05,0.000137
483.72,2026-05-23T13:21:30.787,3,647.323,200.003,11.055,-0.211,0.0,GOING_TO_ENDPOINT,dump_zone_3,load_zone_26,5.1e-05,0.000137
484.725,2026-05-23T13:21:31.828,1,654.415,174.55,0.288,0.387,0.0,GOING_TO_ENDPOINT,dump_zone_3,load_zone_26,5.1e-05,0.000137
484.725,2026-05-23T13:21:31.828,2,-101.317,450.192,0.0,-0.5,1000.0,RETURNING_TO_START,load_zone_22,dump_zone_22,5.1e-05,0.000137
484.725,2026-05-23T13:21:31.828,3,645.24,202.284,12.189,0.794,0.0,GOING_TO_ENDPOINT,dump_zone_3,load_zone_26,5.9e-05,0.000158
485.761,2026-05-23T13:21:32.828,1,654.389,175.035,3.378,1.0,0.0,GOING_TO_ENDPOINT,dump_zone_3,load_zone_26,0.000186,0.000498
485.761,2026-05-23T13:21:32.828,2,-101.317,450.192,0.0,-0.5,1000.0,RETURNING_TO_START,load_zone_22,dump_zone_22,0.000177,0.000474
485.761,2026-05-23T13:21:32.828,3,641.379,202.007,15.853,1.0,0.0,GOING_TO_ENDPOINT,dump_zone_3,load_zone_26,0.00022,0.00059
486.764,2026-05-23T13:21:33.889,1,653.969,176.435,6.988,1.0,0.0,GOING_TO_ENDPOINT,dump_zone_3,load_zone_26,5.7e-05,0.000153
486.764,2026-05-23T13:21:33.889,2,-101.317,450.192,0.0,-0.5,1000.0,RETURNING_TO_START,load_zone_22,dump_zone_22,5.1e-05,0.000137
486.764,2026-05-23T13:21:33.889,3,638.056,198.367,19.464,1.0,0.0,GOING_TO_ENDPOINT,dump_zone_3,load_zone_26,6.6e-05,0.000177
487.768,2026-05-23T13:21:34.835,1,652.553,178.453,10.603,1.0,0.0,GOING_TO_ENDPOINT,dump_zone_3,load_zone_26,0.000178,0.000477
487.768,2026-05-23T13:21:34.835,2,-101.317,450.192,0.0,-0.5,1000.0,RETURNING_TO_START,load_zone_22,dump_zone_22,0.000153,0.00041
487.768,2026-05-23T13:21:34.835,3,632.874,195.908,21.482,0.082,0.0,GOING_TO_ENDPOINT,dump_zone_3,load_zone_26,0.000165,0.000442
488.776,2026-05-23T13:21:35.842,1,650.047,180.901,14.232,1.0,0.0,GOING_TO_ENDPOINT,dump_zone_3,load_zone_26,6.2e-05,0.000166
488.776,2026-05-23T13:21:35.842,2,-101.317,450.192,0.0,-0.5,1000.0,RETURNING_TO_START,load_zone_22,dump_zone_22,5.1e-05,0.000137
488.776,2026-05-23T13:21:35.842,3,627.071,194.986,20.224,-0.5,0.0,GOING_TO_ENDPOINT,dump_zone_3,load_zone_26,5.1e-05,0.000137
489.782,2026-05-23T13:21:36.911,1,647.857,184.702,16.926,0.321,0.0,GOING_TO_ENDPOINT,dump_zone_3,load_zone_26,5.7e-05,0.000153
489.782,2026-05-23T13:21:36.911,2,-101.317,450.192,0.0,-0.5,1000.0,RETURNING_TO_START,load_zone_22,dump_zone_22,5.1e-05,0.000137
489.782,2026-05-23T13:21:36.911,3,621.724,194.354,18.413,-0.5,0.0,GOING_TO_ENDPOINT,dump_zone_3,load_zone_26,5.1e-05,0.000137
490.824,2026-05-23T13:21:37.891,1,647.432,189.542,16.209,-0.5,0.0,GOING_TO_ENDPOINT,dump_zone_3,load_zone_26,0.000219,0.000587
490.824,2026-05-23T13:21:37.891,2,-101.317,450.192,0.0,-0.5,1000.0,RETURNING_TO_START,load_zone_22,dump_zone_22,0.000219,0.000587
490.824,2026-05-23T13:21:37.891,3,616.694,193.929,16.538,-0.5,0.0,GOING_TO_ENDPOINT,dump_zone_3,load_zone_26,0.000219,0.000587
492.435,2026-05-23T13:21:39.547,1,647.964,195.5,13.31,-0.5,0.0,GOING_TO_ENDPOINT,dump_zone_3,load_zone_26,0.004734,0.012687
492.435,2026-05-23T13:21:39.547,2,-101.317,450.192,0.0,-0.5,1000.0,RETURNING_TO_START,load_zone_22,dump_zone_22,0.004734,0.012687
492.435,2026-05-23T13:21:39.547,3,610.567,194.074,13.638,-0.5,0.0,GOING_TO_ENDPOINT,dump_zone_3,load_zone_26,0.004734,0.012687
496.83,2026-05-23T13:21:43.933,1,640.62,222.49,25.108,1.0,0.0,GOING_TO_ENDPOINT,dump_zone_3,load_zone_26,0.01517,0.040656
496.83,2026-05-23T13:21:43.933,2,-101.317,450.192,0.0,-0.5,1000.0,RETURNING_TO_START,load_zone_22,dump_zone_22,0.010926,0.029282
496.83,2026-05-23T13:21:43.933,3,605.96,200.223,5.727,-0.5,0.0,GOING_TO_ENDPOINT,dump_zone_3,load_zone_26,0.010926,0.029282
497.843,2026-05-23T13:21:44.910,1,634.368,224.387,28.755,1.0,0.0,GOING_TO_ENDPOINT,dump_zone_3,load_zone_26,0.000143,0.000383
497.843,2026-05-23T13:21:44.910,2,-101.317,450.192,0.0,-0.5,1000.0,RETURNING_TO_START,load_zone_22,dump_zone_22,9.9e-05,0.000265
497.843,2026-05-23T13:21:44.910,3,605.373,201.426,3.903,-0.5,0.0,GOING_TO_ENDPOINT,dump_zone_3,load_zone_26,9.9e-05,0.000265
498.847,2026-05-23T13:21:45.914,1,632.654,216.58,30.0,1.0,0.0,GOING_TO_ENDPOINT,dump_zone_3,load_zone_26,7e-05,0.000188
498.847,2026-05-23T13:21:45.914,2,-101.317,450.192,0.0,-0.5,1000.0,RETURNING_TO_START,load_zone_22,dump_zone_22,4.8e-05,0.000129
498.847,2026-05-23T13:21:45.914,3,604.824,202.055,2.239,-0.279,0.0,GOING_TO_ENDPOINT,dump_zone_3,load_zone_26,4.8e-05,0.000129
499.859,2026-05-23T13:21:46.962,1,631.922,208.18,30.0,1.0,0.0,GOING_TO_ENDPOINT,dump_zone_3,load_zone_26,7.5e-05,0.000201
499.859,2026-05-23T13:21:46.962,2,-101.317,450.192,0.0,-0.5,1000.0,RETURNING_TO_START,load_zone_22,dump_zone_22,5.1e-05,0.000137
499.859,2026-05-23T13:21:46.962,3,604.292,202.472,3.15,0.733,0.0,GOING_TO_ENDPOINT,dump_zone_3,load_zone_26,5.3e-05,0.000142
500.867,2026-05-23T13:21:47.934,1,630.368,199.937,30.0,0.607,0.0,GOING_TO_ENDPOINT,dump_zone_3,load_zone_26,0.000232,0.000622
500.867,2026-05-23T13:21:47.934,2,-101.317,450.192,0.0,-0.5,1000.0,RETURNING_TO_START,load_zone_22,dump_zone_22,0.000177,0.000474
500.867,2026-05-23T13:21:47.934,3,603.034,203.008,6.457,0.71,0.0,GOING_TO_ENDPOINT,dump_zone_3,load_zone_26,0.00019,0.000509
501.876,2026-05-23T13:21:48.943,1,626.393,192.624,29.661,-0.402,0.0,GOING_TO_ENDPOINT,dump_zone_3,load_zone_26,5.1e-05,0.000137
501.876,2026-05-23T13:21:48.943,2,-101.317,450.192,0.0,-0.5,1000.0,RETURNING_TO_START,load_zone_22,dump_zone_22,5.1e-05,0.000137
501.876,2026-05-23T13:21:48.943,3,601.066,202.959,7.142,-0.089,0.0,GOING_TO_ENDPOINT,dump_zone_3,load_zone_26,5.2e-05,0.000139
502.926,2026-05-23T13:21:49.993,1,619.209,193.79,27.777,-0.5,0.0,GOING_TO_ENDPOINT,dump_zone_3,load_zone_26,0.000228,0.000611
502.926,2026-05-23T13:21:49.993,2,-101.317,450.192,0.0,-0.5,1000.0,RETURNING_TO_START,load_zone_22,dump_zone_22,0.000228,0.000611
502.926,2026-05-23T13:21:49.993,3,599.173,201.782,8.906,0.961,0.0,GOING_TO_ENDPOINT,dump_zone_3,load_zone_26,0.000258,0.000691
503.989,2026-05-23T13:21:51.056,1,612.587,197.035,25.864,-0.5,0.0,GOING_TO_ENDPOINT,dump_zone_3,load_zone_26,0.000213,0.000571
503.989,2026-05-23T13:21:51.056,2,-101.317,450.192,0.0,-0.5,1000.0,RETURNING_TO_START,load_zone_22,dump_zone_22,0.000213,0.000571
503.989,2026-05-23T13:21:51.056,3,598.156,198.981,11.04,0.055,0.0,GOING_TO_ENDPOINT,dump_zone_3,load_zone_26,0.000221,0.000592
505.057,2026-05-23T13:21:52.124,1,606.001,194.415,23.942,-0.5,0.0,GOING_TO_ENDPOINT,dump_zone_3,load_zone_26,0.00027,0.000724
505.057,2026-05-23T13:21:52.124,2,-101.317,450.192,0.0,-0.5,1000.0,RETURNING_TO_START,load_zone_22,dump_zone_22,0.00027,0.000724
505.057,2026-05-23T13:21:52.124,3,599.417,195.719,13.287,1.0,0.0,GOING_TO_ENDPOINT,dump_zone_3,load_zone_26,0.000325,0.000871
506.136,2026-05-23T13:21:53.203,1,603.32,188.356,21.999,-0.5,0.0,GOING_TO_ENDPOINT,dump_zone_3,load_zone_26,0.000273,0.000732
506.136,2026-05-23T13:21:53.203,2,-101.317,450.192,0.0,-0.5,1000.0,RETURNING_TO_START,load_zone_22,dump_zone_22,0.000273,0.000732
506.136,2026-05-23T13:21:53.203,3,602.247,192.221,16.04,0.246,0.0,GOING_TO_ENDPOINT,dump_zone_3,load_zone_26,0.000298,0.000799
507.176,2026-05-23T13:21:54.243,1,598.021,185.791,20.132,-0.5,0.0,GOING_TO_ENDPOINT,dump_zone_3,load_zone_26,0.000186,0.000498
507.176,2026-05-23T13:21:54.243,2,-101.317,450.192,0.0,-0.5,1000.0,RETURNING_TO_START,load_zone_22,dump_zone_22,0.000186,0.000498
507.176,2026-05-23T13:21:54.243,3,605.005,188.565,16.904,0.64,0.0,GOING_TO_ENDPOINT,dump_zone_3,load_zone_26,0.00022,0.00059
508.18,2026-05-23T13:21:55.336,1,596.392,181.042,19.472,0.257,0.0,GOING_TO_ENDPOINT,dump_zone_3,load_zone_26,0.000348,0.000933
508.18,2026-05-23T13:21:55.336,2,-101.317,450.192,0.0,-0.5,1000.0,RETURNING_TO_START,load_zone_22,dump_zone_22,0.000312,0.000836
508.18,2026-05-23T13:21:55.336,3,603.122,183.907,20.327,1.0,0.0,GOING_TO_ENDPOINT,dump_zone_3,load_zone_26,0.00041,0.001099
509.225,2026-05-23T13:21:56.292,1,600.628,176.901,22.055,0.638,0.0,GOING_TO_ENDPOINT,dump_zone_3,load_zone_26,0.000323,0.000866
509.225,2026-05-23T13:21:56.292,2,-101.317,450.192,0.0,-0.5,1000.0,RETURNING_TO_START,load_zone_22,dump_zone_22,0.000261,0.000699
509.225,2026-05-23T13:21:56.292,3,598.72,179.476,21.964,-0.045,0.0,GOING_TO_ENDPOINT,dump_zone_3,load_zone_26,0.000272,0.000729
510.238,2026-05-23T13:21:57.387,1,604.232,171.896,23.089,0.061,0.0,GOING_TO_ENDPOINT,dump_zone_3,load_zone_26,5.2e-05,0.000139
510.238,2026-05-23T13:21:57.387,2,-101.317,450.192,0.0,-0.5,1000.0,RETURNING_TO_START,load_zone_22,dump_zone_22,4.8e-05,0.000129
510.238,2026-05-23T13:21:57.387,3,599.526,174.001,22.163,0.264,0.0,GOING_TO_ENDPOINT,dump_zone_3,load_zone_26,5.4e-05,0.000145
514.662,2026-05-23T13:22:01.804,1,620.39,174.519,15.644,-0.5,0.0,GOING_TO_ENDPOINT,dump_zone_3,load_zone_26,0.011739,0.031461
514.662,2026-05-23T13:22:01.804,2,-101.317,450.192,0.0,-0.5,1000.0,RETURNING_TO_START,load_zone_22,dump_zone_22,0.011739,0.031461
514.662,2026-05-23T13:22:01.804,3,586.12,175.697,15.062,-0.5,0.0,GOING_TO_ENDPOINT,dump_zone_3,load_zone_26,0.011739,0.031461
515.719,2026-05-23T13:22:02.786,1,624.647,174.458,13.954,-0.183,0.0,GOING_TO_ENDPOINT,dump_zone_3,load_zone_26,0.000226,0.000606
515.719,2026-05-23T13:22:02.786,2,-101.317,450.192,0.0,-0.5,1000.0,RETURNING_TO_START,load_zone_22,dump_zone_22,0.000225,0.000603
515.719,2026-05-23T13:22:02.786,3,582.357,174.471,13.372,-0.183,0.0,GOING_TO_ENDPOINT,dump_zone_3,load_zone_26,0.000226,0.000606
516.728,2026-05-23T13:22:03.795,1,627.702,176.777,15.172,0.826,0.0,GOING_TO_ENDPOINT,dump_zone_3,load_zone_26,5.8e-05,0.000155
516.728,2026-05-23T13:22:03.795,2,-101.317,450.192,0.0,-0.5,1000.0,RETURNING_TO_START,load_zone_22,dump_zone_22,4.8e-05,0.000129
516.728,2026-05-23T13:22:03.795,3,581.362,170.916,14.59,0.826,0.0,GOING_TO_ENDPOINT,dump_zone_3,load_zone_26,5.7e-05,0.000153
517.78,2026-05-23T13:22:04.846,1,627.146,181.592,18.917,1.0,0.0,GOING_TO_ENDPOINT,dump_zone_3,load_zone_26,0.000302,0.000809
517.78,2026-05-23T13:22:04.846,2,-101.317,450.192,0.0,-0.5,1000.0,RETURNING_TO_START,load_zone_22,dump_zone_22,0.000234,0.000627
517.78,2026-05-23T13:22:04.846,3,584.632,167.672,18.335,1.0,0.0,GOING_TO_ENDPOINT,dump_zone_3,load_zone_26,0.0003,0.000804
518.835,2026-05-23T13:22:05.902,1,624.763,187.226,22.715,1.0,0.0,GOING_TO_ENDPOINT,dump_zone_3,load_zone_26,0.000227,0.000608
518.835,2026-05-23T13:22:05.902,2,-101.317,450.192,0.0,-0.5,1000.0,RETURNING_TO_START,load_zone_22,dump_zone_22,0.000168,0.00045
518.835,2026-05-23T13:22:05.902,3,590.111,165.372,22.133,1.0,0.0,GOING_TO_ENDPOINT,dump_zone_3,load_zone_26,0.000226,0.000606
519.842,2026-05-23T13:22:06.909,1,620.865,192.777,25.553,0.36,0.0,GOING_TO_ENDPOINT,dump_zone_3,load_zone_26,0.00021,0.000563
519.842,2026-05-23T13:22:06.909,2,-101.317,450.192,0.0,-0.5,1000.0,RETURNING_TO_START,load_zone_22,dump_zone_22,0.000177,0.000474
519.842,2026-05-23T13:22:06.909,3,596.012,162.213,25.758,1.0,0.0,GOING_TO_ENDPOINT,dump_zone_3,load_zone_26,0.000248,0.000665
520.843,2026-05-23T13:22:07.910,1,614.954,196.42,25.005,-0.5,0.0,GOING_TO_ENDPOINT,dump_zone_3,load_zone_26,0.000267,0.000716
520.843,2026-05-23T13:22:07.910,2,-101.317,450.192,0.0,-0.5,1000.0,RETURNING_TO_START,load_zone_22,dump_zone_22,0.000267,0.000716
520.843,2026-05-23T13:22:07.910,3,601.007,156.444,29.326,0.894,0.0,GOING_TO_ENDPOINT,dump_zone_3,load_zone_26,0.000377,0.00101
521.855,2026-05-23T13:22:08.922,1,609.278,193.196,23.184,-0.5,0.0,GOING_TO_ENDPOINT,dump_zone_3,load_zone_26,0.000126,0.000338
521.855,2026-05-23T13:22:08.922,2,-101.317,450.192,0.0,-0.5,1000.0,RETURNING_TO_START,load_zone_22,dump_zone_22,0.000126,0.000338
521.855,2026-05-23T13:22:08.922,3,602.578,148.282,29.959,-0.118,0.0,GOING_TO_ENDPOINT,dump_zone_3,load_zone_26,0.00013,0.000348
522.861,2026-05-23T13:22:09.928,1,603.836,194.579,21.373,-0.5,0.0,GOING_TO_ENDPOINT,dump_zone_3,load_zone_26,0.000222,0.000595
522.861,2026-05-23T13:22:09.928,2,-101.317,450.192,0.0,-0.5,1000.0,RETURNING_TO_START,load_zone_22,dump_zone_22,0.000222,0.000595
522.861,2026-05-23T13:22:09.928,3,602.504,140.032,28.974,-0.3896,0.0,GOING_TO_ENDPOINT,dump_zone_3,load_zone_26,0.000222,0.000595
523.876,2026-05-23T13:22:10.942,1,601.294,199.59,19.546,-0.5,0.0,GOING_TO_ENDPOINT,dump_zone_3,load_zone_26,5.1e-05,0.000137
523.876,2026-05-23T13:22:10.942,2,-101.317,450.192,0.0,-0.5,1000.0,RETURNING_TO_START,load_zone_22,dump_zone_22,5.1e-05,0.000137
523.876,2026-05-23T13:22:10.942,3,602.5,132.054,27.867,-0.1035,0.0,GOING_TO_ENDPOINT,dump_zone_3,load_zone_26,5.3e-05,0.000142
524.93,2026-05-23T13:22:11.997,1,596.291,199.217,17.649,-0.5,0.0,GOING_TO_ENDPOINT,dump_zone_3,load_zone_26,0.000222,0.000595
524.93,2026-05-23T13:22:11.997,2,-101.317,450.192,0.0,-0.5,1000.0,RETURNING_TO_START,load_zone_22,dump_zone_22,0.000222,0.000595
524.93,2026-05-23T13:22:11.997,3,602.5,123.739,29.369,0.5545,0.0,GOING_TO_ENDPOINT,dump_zone_3,load_zone_26,0.000285,0.000764
525.999,2026-05-23T13:22:13.067,1,595.464,194.524,17.45,0.451,0.0,GOING_TO_ENDPOINT,dump_zone_3,load_zone_26,0.000285,0.000764
525.999,2026-05-23T13:22:13.067,2,-101.317,450.192,0.0,-0.5,1000.0,RETURNING_TO_START,load_zone_22,dump_zone_22,0.000249,0.000667
525.999,2026-05-23T13:22:13.067,3,602.5,114.899,29.706,-0.214,0.0,GOING_TO_ENDPOINT,dump_zone_3,load_zone_26,0.000249,0.000667
527.01,2026-05-23T13:22:14.150,1,598.864,190.451,20.606,1.0,0.0,GOING_TO_ENDPOINT,dump_zone_3,load_zone_26,6.7e-05,0.00018
527.01,2026-05-23T13:22:14.150,2,-101.317,450.192,0.0,-0.5,1000.0,RETURNING_TO_START,load_zone_22,dump_zone_22,5.1e-05,0.000137
527.01,2026-05-23T13:22:14.150,3,602.5,106.604,29.511,0.113,0.0,GOING_TO_ENDPOINT,dump_zone_3,load_zone_26,5.7e-05,0.000153
528.079,2026-05-23T13:22:15.146,1,601.831,184.496,24.454,1.0,0.0,GOING_TO_ENDPOINT,dump_zone_3,load_zone_26,0.000331,0.000887
528.079,2026-05-23T13:22:15.146,2,-101.317,450.192,0.0,-0.5,1000.0,RETURNING_TO_START,load_zone_22,dump_zone_22,0.00024,0.000643
528.079,2026-05-23T13:22:15.146,3,602.5,97.763,30.0,0.1225,0.0,GOING_TO_ENDPOINT,dump_zone_3,load_zone_26,0.00027,0.000724
529.085,2026-05-23T13:22:16.228,1,602.502,177.184,27.918,0.762,0.0,GOING_TO_ENDPOINT,dump_zone_3,load_zone_26,6.9e-05,0.000185
529.085,2026-05-23T13:22:16.228,2,-101.317,450.192,0.0,-0.5,1000.0,RETURNING_TO_START,load_zone_22,dump_zone_22,5.1e-05,0.000137
529.085,2026-05-23T13:22:16.228,3,602.5,89.402,29.852,-0.1415,0.0,GOING_TO_ENDPOINT,dump_zone_3,load_zone_26,5.2e-05,0.000139
530.148,2026-05-23T13:22:17.215,1,602.502,168.715,28.886,0.1001,0.0,GOING_TO_ENDPOINT,dump_zone_3,load_zone_26,0.000293,0.000785
530.148,2026-05-23T13:22:17.215,2,-101.317,450.192,0.0,-0.5,1000.0,RETURNING_TO_START,load_zone_22,dump_zone_22,0.000264,0.000708
530.148,2026-05-23T13:22:17.215,3,602.5,80.815,28.427,-0.172,0.0,GOING_TO_ENDPOINT,dump_zone_3,load_zone_26,0.000266,0.000713
531.149,2026-05-23T13:22:18.216,1,602.5,160.728,28.575,0.0621,0.0,GOING_TO_ENDPOINT,dump_zone_3,load_zone_26,5.9e-05,0.000158
531.149,2026-05-23T13:22:18.216,2,-101.317,450.192,0.0,-0.5,1000.0,RETURNING_TO_START,load_zone_22,dump_zone_22,5.4e-05,0.000145
531.149,2026-05-23T13:22:18.216,3,602.5,72.829,29.169,0.1186,0.0,GOING_TO_ENDPOINT,dump_zone_3,load_zone_26,6e-05,0.000161
532.153,2026-05-23T13:22:19.287,1,602.5,152.782,28.24,-0.0213,0.0,GOING_TO_ENDPOINT,dump_zone_3,load_zone_26,5.4e-05,0.000145
532.153,2026-05-23T13:22:19.287,2,-101.317,450.192,0.0,-0.5,1000.0,RETURNING_TO_START,load_zone_22,dump_zone_22,5.1e-05,0.000137
532.153,2026-05-23T13:22:19.287,3,602.5,64.711,28.837,-0.0915,0.0,GOING_TO_ENDPOINT,dump_zone_3,load_zone_26,5.3e-05,0.000142
533.208,2026-05-23T13:22:20.275,1,602.5,144.415,29.165,0.2377,0.0,GOING_TO_ENDPOINT,dump_zone_3,load_zone_26,0.000216,0.000579
533.208,2026-05-23T13:22:20.275,2,-101.317,450.192,0.0,-0.5,1000.0,RETURNING_TO_START,load_zone_22,dump_zone_22,0.000186,0.000498
533.208,2026-05-23T13:22:20.275,3,602.5,56.185,29.224,-0.0063,0.0,GOING_TO_ENDPOINT,dump_zone_3,load_zone_26,0.000199,0.000533
534.222,2026-05-23T13:22:21.346,1,602.5,136.165,29.411,0.1695,0.0,GOING_TO_ENDPOINT,dump_zone_3,load_zone_26,6.2e-05,0.000166
534.222,2026-05-23T13:22:21.346,2,-101.317,450.192,0.0,-0.5,1000.0,RETURNING_TO_START,load_zone_22,dump_zone_22,5.4e-05,0.000145
534.222,2026-05-23T13:22:21.346,3,602.5,47.95,29.103,-0.1802,0.0,GOING_TO_ENDPOINT,dump_zone_3,load_zone_26,5.4e-05,0.000145
535.262,2026-05-23T13:22:22.329,1,602.5,127.675,29.045,-0.4033,0.0,GOING_TO_ENDPOINT,dump_zone_3,load_zone_26,0.00021,0.000563
535.262,2026-05-23T13:22:22.329,2,-101.317,450.192,0.0,-0.5,1000.0,RETURNING_TO_START,load_zone_22,dump_zone_22,0.00021,0.000563
535.262,2026-05-23T13:22:22.329,3,602.5,39.648,28.626,-0.0917,0.0,GOING_TO_ENDPOINT,dump_zone_3,load_zone_26,0.000218,0.000584
536.323,2026-05-23T13:22:23.390,1,602.5,119.305,27.98,-0.1883,0.0,GOING_TO_ENDPOINT,dump_zone_3,load_zone_26,0.000229,0.000614
536.323,2026-05-23T13:22:23.390,2,-101.317,450.192,0.0,-0.5,1000.0,RETURNING_TO_START,load_zone_22,dump_zone_22,0.000228,0.000611
536.323,2026-05-23T13:22:23.390,3,602.5,31.299,27.886,-0.1345,0.0,GOING_TO_ENDPOINT,dump_zone_3,load_zone_26,0.000233,0.000624
537.327,2026-05-23T13:22:24.394,1,602.5,111.432,28.805,0.3577,0.0,GOING_TO_ENDPOINT,dump_zone_3,load_zone_26,0.000308,0.000825
537.327,2026-05-23T13:22:24.394,2,-101.317,450.192,0.0,-0.5,1000.0,RETURNING_TO_START,load_zone_22,dump_zone_22,0.000255,0.000683
537.327,2026-05-23T13:22:24.394,3,602.5,23.5,28.565,0.6495,0.0,GOING_TO_ENDPOINT,dump_zone_3,load_zone_26,0.000335,0.000898
538.33,2026-05-23T13:22:25.459,1,602.5,103.317,29.281,0.0183,0.0,GOING_TO_ENDPOINT,dump_zone_3,load_zone_26,0.000328,0.000879
538.33,2026-05-23T13:22:25.459,2,-101.317,450.192,0.0,-0.5,1000.0,RETURNING_TO_START,load_zone_22,dump_zone_22,0.000303,0.000812
538.33,2026-05-23T13:22:25.459,3,602.5,15.328,29.845,0.3045,0.0,GOING_TO_ENDPOINT,dump_zone_3,load_zone_26,0.000362,0.00097
539.364,2026-05-23T13:22:26.431,1,602.5,94.978,28.899,-0.0214,0.0,GOING_TO_ENDPOINT,dump_zone_3,load_zone_26,0.000262,0.000702
539.364,2026-05-23T13:22:26.431,2,-101.317,450.192,0.0,-0.5,1000.0,RETURNING_TO_START,load_zone_22,dump_zone_22,0.000246,0.000659
539.364,2026-05-23T13:22:26.431,3,602.5,6.75,29.441,-0.414,0.0,GOING_TO_ENDPOINT,dump_zone_3,load_zone_26,0.000246,0.000659
540.39,2026-05-23T13:22:27.457,1,602.5,86.766,28.625,-0.1394,0.0,GOING_TO_ENDPOINT,dump_zone_3,load_zone_26,0.000303,0.000812
540.39,2026-05-23T13:22:27.457,2,-101.317,450.192,0.0,-0.5,1000.0,RETURNING_TO_START,load_zone_22,dump_zone_22,0.000297,0.000796
540.39,2026-05-23T13:22:27.457,3,602.5,-1.493,28.454,-0.2065,0.0,GOING_TO_ENDPOINT,dump_zone_3,load_zone_26,0.000297,0.000796
541.464,2026-05-23T13:22:28.532,1,602.5,78.281,28.373,-0.0071,0.0,GOING_TO_ENDPOINT,dump_zone_3,load_zone_26,0.000263,0.000705
541.464,2026-05-23T13:22:28.532,2,-101.317,450.192,0.0,-0.5,1000.0,RETURNING_TO_START,load_zone_22,dump_zone_22,0.000246,0.000659
541.464,2026-05-23T13:22:28.532,3,602.5,-9.923,28.249,0.0295,0.0,GOING_TO_ENDPOINT,dump_zone_3,load_zone_26,0.000266,0.000713
542.533,2026-05-23T13:22:29.600,1,602.5,69.831,28.378,0.011,0.0,GOING_TO_ENDPOINT,dump_zone_3,load_zone_26,0.000261,0.000699
542.533,2026-05-23T13:22:29.600,2,-101.317,450.192,0.0,-0.5,1000.0,RETURNING_TO_START,load_zone_22,dump_zone_22,0.000243,0.000651
542.533,2026-05-23T13:22:29.600,3,602.5,-18.372,28.337,-0.1655,0.0,GOING_TO_ENDPOINT,dump_zone_3,load_zone_26,0.000246,0.000659
543.548,2026-05-23T13:22:30.615,1,602.5,61.814,28.633,0.2919,0.0,GOING_TO_ENDPOINT,dump_zone_3,load_zone_26,0.00029,0.000777
543.548,2026-05-23T13:22:30.615,2,-101.317,450.192,0.0,-0.5,1000.0,RETURNING_TO_START,load_zone_22,dump_zone_22,0.000246,0.000659
543.548,2026-05-23T13:22:30.615,3,602.5,-26.332,28.424,0.224,0.0,GOING_TO_ENDPOINT,dump_zone_3,load_zone_26,0.000284,0.000761
544.627,2026-05-23T13:22:31.694,1,602.5,52.984,29.811,-0.1151,0.0,GOING_TO_ENDPOINT,dump_zone_3,load_zone_26,0.000251,0.000673
544.627,2026-05-23T13:22:31.694,2,-101.317,450.192,0.0,-0.5,1000.0,RETURNING_TO_START,load_zone_22,dump_zone_22,0.000243,0.000651
544.627,2026-05-23T13:22:31.694,3,602.5,-35.033,29.62,0.176,0.0,GOING_TO_ENDPOINT,dump_zone_3,load_zone_26,0.000278,0.000745
545.637,2026-05-23T13:22:32.767,1,602.5,44.74,28.896,-0.23,0.0,GOING_TO_ENDPOINT,dump_zone_3,load_zone_26,5.1e-05,0.000137
545.637,2026-05-23T13:22:32.767,2,-101.317,450.192,0.0,-0.5,1000.0,RETURNING_TO_START,load_zone_22,dump_zone_22,5.1e-05,0.000137
545.637,2026-05-23T13:22:32.767,3,602.5,-43.295,29.085,-0.18,0.0,GOING_TO_ENDPOINT,dump_zone_3,load_zone_26,5.1e-05,0.000137
546.691,2026-05-23T13:22:33.758,1,602.5,36.365,28.377,-0.1815,0.0,GOING_TO_ENDPOINT,dump_zone_3,load_zone_26,0.000235,0.00063
546.691,2026-05-23T13:22:33.758,2,-101.317,450.192,0.0,-0.5,1000.0,RETURNING_TO_START,load_zone_22,dump_zone_22,0.000234,0.000627
546.691,2026-05-23T13:22:33.758,3,602.5,-51.718,28.862,0.042,0.0,GOING_TO_ENDPOINT,dump_zone_3,load_zone_26,0.000255,0.000683
547.753,2026-05-23T13:22:34.820,1,602.5,27.963,28.552,0.0215,0.0,GOING_TO_ENDPOINT,dump_zone_3,load_zone_26,0.000237,0.000635
547.753,2026-05-23T13:22:34.820,2,-101.317,450.192,0.0,-0.5,1000.0,RETURNING_TO_START,load_zone_22,dump_zone_22,0.000219,0.000587
547.753,2026-05-23T13:22:34.820,3,602.5,-60.322,29.188,-0.182,0.0,GOING_TO_ENDPOINT,dump_zone_3,load_zone_26,0.00022,0.00059
548.758,2026-05-23T13:22:35.873,1,602.5,19.856,29.561,0.1474,0.0,GOING_TO_ENDPOINT,dump_zone_3,load_zone_26,5.4e-05,0.000145
548.758,2026-05-23T13:22:35.873,2,-101.317,450.192,0.0,-0.5,1000.0,RETURNING_TO_START,load_zone_22,dump_zone_22,4.8e-05,0.000129
548.758,2026-05-23T13:22:35.873,3,602.5,-68.248,27.538,-0.5,0.0,GOING_TO_ENDPOINT,dump_zone_3,load_zone_26,4.8e-05,0.000129
549.813,2026-05-23T13:22:36.880,1,602.5,11.101,29.894,0.0124,0.0,GOING_TO_ENDPOINT,dump_zone_3,load_zone_26,0.000201,0.000539
549.813,2026-05-23T13:22:36.880,2,-101.317,450.192,0.0,-0.5,1000.0,RETURNING_TO_START,load_zone_22,dump_zone_22,0.000186,0.000498
549.813,2026-05-23T13:22:36.880,3,602.5,-76.029,25.639,-0.5,0.0,GOING_TO_ENDPOINT,dump_zone_3,load_zone_26,0.000186,0.000498
550.822,2026-05-23T13:22:37.889,1,602.5,2.743,29.581,-0.1933,0.0,GOING_TO_ENDPOINT,dump_zone_3,load_zone_26,5.1e-05,0.000137
550.822,2026-05-23T13:22:37.889,2,-101.317,450.192,0.0,-0.5,1000.0,RETURNING_TO_START,load_zone_22,dump_zone_22,5.1e-05,0.000137
550.822,2026-05-23T13:22:37.889,3,602.5,-82.952,23.823,-0.5,0.0,GOING_TO_ENDPOINT,dump_zone_3,load_zone_26,5.1e-05,0.000137
551.851,2026-05-23T13:22:38.919,1,602.5,-5.569,28.793,-0.0599,0.0,GOING_TO_ENDPOINT,dump_zone_3,load_zone_26,0.000221,0.000592
551.851,2026-05-23T13:22:38.919,2,-101.317,450.192,0.0,-0.5,1000.0,RETURNING_TO_START,load_zone_22,dump_zone_22,0.00021,0.000563
551.851,2026-05-23T13:22:38.919,3,602.5,-89.483,21.971,-0.5,0.0,GOING_TO_ENDPOINT,dump_zone_3,load_zone_26,0.00021,0.000563
552.91,2026-05-23T13:22:39.978,1,602.5,-14.085,29.248,0.0754,0.0,GOING_TO_ENDPOINT,dump_zone_3,load_zone_26,0.000255,0.000683
552.91,2026-05-23T13:22:39.978,2,-101.317,450.192,0.0,-0.5,1000.0,RETURNING_TO_START,load_zone_22,dump_zone_22,0.000231,0.000619
552.91,2026-05-23T13:22:39.978,3,602.5,-95.652,20.065,-0.5,0.0,GOING_TO_ENDPOINT,dump_zone_3,load_zone_26,0.000231,0.000619
553.99,2026-05-23T13:22:41.057,1,602.5,-22.83,29.148,0.0928,0.0,GOING_TO_ENDPOINT,dump_zone_3,load_zone_26,0.000269,0.000721
553.99,2026-05-23T13:22:41.057,2,-101.317,450.192,0.0,-0.5,1000.0,RETURNING_TO_START,load_zone_22,dump_zone_22,0.000243,0.000651
553.99,2026-05-23T13:22:41.057,3,601.798,-101.265,18.337,-0.183,0.0,GOING_TO_ENDPOINT,dump_zone_3,load_zone_26,0.000244,0.000654
554.997,2026-05-23T13:22:42.064,1,602.5,-30.999,28.948,-0.2162,0.0,GOING_TO_ENDPOINT,dump_zone_3,load_zone_26,5.1e-05,0.000137
554.997,2026-05-23T13:22:42.064,2,-101.317,450.192,0.0,-0.5,1000.0,RETURNING_TO_START,load_zone_22,dump_zone_22,5.1e-05,0.000137
554.997,2026-05-23T13:22:42.064,3,605.378,-104.565,19.587,0.824,0.0,GOING_TO_ENDPOINT,dump_zone_3,load_zone_26,6.4e-05,0.000172
555.998,2026-05-23T13:22:43.109,1,602.5,-39.031,28.795,-0.1431,0.0,GOING_TO_ENDPOINT,dump_zone_3,load_zone_26,4.9e-05,0.000131
555.998,2026-05-23T13:22:43.109,2,-101.317,450.192,0.0,-0.5,1000.0,RETURNING_TO_START,load_zone_22,dump_zone_22,4.8e-05,0.000129
555.998,2026-05-23T13:22:43.109,3,610.18,-101.533,23.145,1.0,0.0,GOING_TO_ENDPOINT,dump_zone_3,load_zone_26,6.5e-05,0.000174
557.049,2026-05-23T13:22:44.118,1,602.5,-47.284,27.638,-0.291,0.0,GOING_TO_ENDPOINT,dump_zone_3,load_zone_26,0.000228,0.000611
557.049,2026-05-23T13:22:44.118,2,-101.317,450.192,0.0,-0.5,1000.0,RETURNING_TO_START,load_zone_22,dump_zone_22,0.000228,0.000611
557.049,2026-05-23T13:22:44.118,3,616.148,-97.738,25.525,0.151,0.0,GOING_TO_ENDPOINT,dump_zone_3,load_zone_26,0.000254,0.000681
558.056,2026-05-23T13:22:45.186,1,602.5,-55.057,28.488,0.682,0.0,GOING_TO_ENDPOINT,dump_zone_3,load_zone_26,0.000429,0.00115
558.056,2026-05-23T13:22:45.186,2,-101.317,450.192,0.0,-0.5,1000.0,RETURNING_TO_START,load_zone_22,dump_zone_22,0.000324,0.000868
558.056,2026-05-23T13:22:45.186,3,623.146,-97.387,24.422,-0.5,0.0,GOING_TO_ENDPOINT,dump_zone_3,load_zone_26,0.000324,0.000868
559.063,2026-05-23T13:22:46.130,1,602.5,-63.324,30.0,0.0149,0.0,GOING_TO_ENDPOINT,dump_zone_3,load_zone_26,5.5e-05,0.000147
559.063,2026-05-23T13:22:46.130,2,-101.317,450.192,0.0,-0.5,1000.0,RETURNING_TO_START,load_zone_22,dump_zone_22,5.1e-05,0.000137
559.063,2026-05-23T13:22:46.130,3,629.712,-97.508,22.61,-0.5,0.0,GOING_TO_ENDPOINT,dump_zone_3,load_zone_26,5.1e-05,0.000137
560.111,2026-05-23T13:22:47.178,1,602.5,-71.888,28.567,-0.5,0.0,GOING_TO_ENDPOINT,dump_zone_3,load_zone_26,0.000168,0.00045
560.111,2026-05-23T13:22:47.178,2,-101.317,450.192,0.0,-0.5,1000.0,RETURNING_TO_START,load_zone_22,dump_zone_22,0.000168,0.00045
560.111,2026-05-23T13:22:47.178,3,636.012,-97.5,20.723,-0.5,0.0,GOING_TO_ENDPOINT,dump_zone_3,load_zone_26,0.000168,0.00045
561.124,2026-05-23T13:22:48.213,1,602.5,-79.662,26.744,-0.5,0.0,GOING_TO_ENDPOINT,dump_zone_3,load_zone_26,5.1e-05,0.000137
561.124,2026-05-23T13:22:48.213,2,-101.317,450.192,0.0,-0.5,1000.0,RETURNING_TO_START,load_zone_22,dump_zone_22,5.1e-05,0.000137
561.124,2026-05-23T13:22:48.213,3,641.579,-97.5,18.9,-0.5,0.0,GOING_TO_ENDPOINT,dump_zone_3,load_zone_26,5.1e-05,0.000137
562.153,2026-05-23T13:22:49.221,1,602.5,-87.035,24.891,-0.5,0.0,GOING_TO_ENDPOINT,dump_zone_3,load_zone_26,0.000144,0.000386
562.153,2026-05-23T13:22:49.221,2,-101.317,450.192,0.0,-0.5,1000.0,RETURNING_TO_START,load_zone_22,dump_zone_22,0.000144,0.000386
562.153,2026-05-23T13:22:49.221,3,646.71,-97.5,17.048,-0.5,0.0,GOING_TO_ENDPOINT,dump_zone_3,load_zone_26,0.000144,0.000386
563.164,2026-05-23T13:22:50.232,1,602.5,-93.762,23.072,-0.5,0.0,GOING_TO_ENDPOINT,dump_zone_3,load_zone_26,4.8e-05,0.000129
563.164,2026-05-23T13:22:50.232,2,-101.317,450.192,0.0,-0.5,1000.0,RETURNING_TO_START,load_zone_22,dump_zone_22,4.8e-05,0.000129
563.164,2026-05-23T13:22:50.232,3,651.148,-98.135,15.228,-0.5,0.0,GOING_TO_ENDPOINT,dump_zone_3,load_zone_26,4.8e-05,0.000129
564.205,2026-05-23T13:22:51.272,1,602.71,-100.126,21.491,-0.117,0.0,GOING_TO_ENDPOINT,dump_zone_3,load_zone_26,0.000159,0.000426
564.205,2026-05-23T13:22:51.272,2,-101.317,450.192,0.0,-0.5,1000.0,RETURNING_TO_START,load_zone_22,dump_zone_22,0.000156,0.000418
564.205,2026-05-23T13:22:51.272,3,654.382,-100.775,14.332,0.216,0.0,GOING_TO_ENDPOINT,dump_zone_3,load_zone_26,0.000168,0.00045
565.219,2026-05-23T13:22:52.286,1,607.824,-102.395,22.987,0.897,0.0,GOING_TO_ENDPOINT,dump_zone_3,load_zone_26,6.4e-05,0.000172
565.219,2026-05-23T13:22:52.286,2,-101.317,450.192,0.0,-0.5,1000.0,RETURNING_TO_START,load_zone_22,dump_zone_22,4.8e-05,0.000129
565.219,2026-05-23T13:22:52.286,3,657.432,-103.868,16.934,1.0,0.0,GOING_TO_ENDPOINT,dump_zone_3,load_zone_26,6.1e-05,0.000163
566.246,2026-05-23T13:22:53.313,1,613.508,-98.26,25.993,0.4165,0.0,GOING_TO_ENDPOINT,dump_zone_3,load_zone_26,0.000228,0.000611
566.246,2026-05-23T13:22:53.313,2,-101.317,450.192,0.0,-0.5,1000.0,RETURNING_TO_START,load_zone_22,dump_zone_22,0.000189,0.000507
566.246,2026-05-23T13:22:53.313,3,661.227,-107.685,20.631,1.0,0.0,GOING_TO_ENDPOINT,dump_zone_3,load_zone_26,0.000249,0.000667
567.251,2026-05-23T13:22:54.368,1,620.668,-97.344,25.611,-0.5,0.0,GOING_TO_ENDPOINT,dump_zone_3,load_zone_26,4.8e-05,0.000129
567.251,2026-05-23T13:22:54.368,2,-101.317,450.192,0.0,-0.5,1000.0,RETURNING_TO_START,load_zone_22,dump_zone_22,4.8e-05,0.000129
567.251,2026-05-23T13:22:54.368,3,665.672,-112.136,24.249,1.0,0.0,GOING_TO_ENDPOINT,dump_zone_3,load_zone_26,6.6e-05,0.000177
568.29,2026-05-23T13:22:55.357,1,627.774,-97.494,23.741,-0.5,0.0,GOING_TO_ENDPOINT,dump_zone_3,load_zone_26,0.000189,0.000507
568.29,2026-05-23T13:22:55.357,2,-101.317,450.192,0.0,-0.5,1000.0,RETURNING_TO_START,load_zone_22,dump_zone_22,0.000189,0.000507
568.29,2026-05-23T13:22:55.357,3,671.02,-117.484,27.948,0.97,0.0,GOING_TO_ENDPOINT,dump_zone_3,load_zone_26,0.000269,0.000721
569.3,2026-05-23T13:22:56.411,1,634.17,-97.5,21.923,-0.5,0.0,GOING_TO_ENDPOINT,dump_zone_3,load_zone_26,4.8e-05,0.000129
569.3,2026-05-23T13:22:56.411,2,-101.317,450.192,0.0,-0.5,1000.0,RETURNING_TO_START,load_zone_22,dump_zone_22,4.8e-05,0.000129
569.3,2026-05-23T13:22:56.411,3,676.85,-123.315,30.0,0.164,0.0,GOING_TO_ENDPOINT,dump_zone_3,load_zone_26,5.5e-05,0.000147
570.315,2026-05-23T13:22:57.382,1,640.087,-97.5,20.096,-0.5,0.0,GOING_TO_ENDPOINT,dump_zone_3,load_zone_26,4.8e-05,0.000129
570.315,2026-05-23T13:22:57.382,2,-101.317,450.192,0.0,-0.5,1000.0,RETURNING_TO_START,load_zone_22,dump_zone_22,4.8e-05,0.000129
570.315,2026-05-23T13:22:57.382,3,682.758,-129.222,28.893,-0.5,0.0,GOING_TO_ENDPOINT,dump_zone_3,load_zone_26,4.8e-05,0.000129
571.328,2026-05-23T13:22:58.417,1,645.479,-97.5,18.273,-0.5,0.0,GOING_TO_ENDPOINT,dump_zone_3,load_zone_26,5.1e-05,0.000137
571.328,2026-05-23T13:22:58.417,2,-101.317,450.192,0.0,-0.5,1000.0,RETURNING_TO_START,load_zone_22,dump_zone_22,5.1e-05,0.000137
571.328,2026-05-23T13:22:58.417,3,688.322,-134.786,27.07,-0.5,0.0,GOING_TO_ENDPOINT,dump_zone_3,load_zone_26,5.1e-05,0.000137
572.365,2026-05-23T13:22:59.432,1,650.435,-97.871,16.406,-0.5,0.0,GOING_TO_ENDPOINT,dump_zone_3,load_zone_26,0.000198,0.000531
572.365,2026-05-23T13:22:59.432,2,-101.317,450.192,0.0,-0.5,1000.0,RETURNING_TO_START,load_zone_22,dump_zone_22,0.000198,0.000531
572.365,2026-05-23T13:22:59.432,3,693.639,-140.103,25.203,-0.5,0.0,GOING_TO_ENDPOINT,dump_zone_3,load_zone_26,0.000198,0.000531
573.375,2026-05-23T13:23:00.472,1,654.157,-99.973,14.968,-0.059,0.0,GOING_TO_ENDPOINT,dump_zone_3,load_zone_26,4.9e-05,0.000131
573.375,2026-05-23T13:23:00.472,2,-101.317,450.192,0.0,-0.5,1000.0,RETURNING_TO_START,load_zone_22,dump_zone_22,4.8e-05,0.000129
573.375,2026-05-23T13:23:00.472,3,698.464,-144.901,23.385,-0.5,0.0,GOING_TO_ENDPOINT,dump_zone_3,load_zone_26,4.8e-05,0.000129
574.431,2026-05-23T13:23:01.498,1,657.205,-103.392,16.843,0.997,0.0,GOING_TO_ENDPOINT,dump_zone_3,load_zone_26,0.000242,0.000649
574.431,2026-05-23T13:23:01.498,2,-101.317,450.192,0.0,-0.5,1000.0,RETURNING_TO_START,load_zone_22,dump_zone_22,0.000192,0.000515
574.431,2026-05-23T13:23:01.498,3,703.476,-149.002,21.484,-0.5,0.0,GOING_TO_ENDPOINT,dump_zone_3,load_zone_26,0.000192,0.000515
575.442,2026-05-23T13:23:02.558,1,660.823,-107.221,20.483,1.0,0.0,GOING_TO_ENDPOINT,dump_zone_3,load_zone_26,6.3e-05,0.000169
575.442,2026-05-23T13:23:02.558,2,-101.317,450.192,0.0,-0.5,1000.0,RETURNING_TO_START,load_zone_22,dump_zone_22,4.8e-05,0.000129
575.442,2026-05-23T13:23:02.558,3,703.583,-154.586,20.27,0.05,0.0,GOING_TO_ENDPOINT,dump_zone_3,load_zone_26,5.1e-05,0.000137
576.493,2026-05-23T13:23:03.560,1,665.426,-111.887,24.266,1.0,0.0,GOING_TO_ENDPOINT,dump_zone_3,load_zone_26,0.000272,0.000729
576.493,2026-05-23T13:23:03.560,2,-101.317,450.192,0.0,-0.5,1000.0,RETURNING_TO_START,load_zone_22,dump_zone_22,0.000198,0.000531
576.493,2026-05-23T13:23:03.560,3,702.551,-160.52,20.861,-0.1916,0.0,GOING_TO_ENDPOINT,dump_zone_3,load_zone_26,0.000198,0.000531
577.499,2026-05-23T13:23:04.566,1,670.592,-117.056,27.85,0.899,0.0,GOING_TO_ENDPOINT,dump_zone_3,load_zone_26,6.7e-05,0.00018
577.499,2026-05-23T13:23:04.566,2,-101.317,450.192,0.0,-0.5,1000.0,RETURNING_TO_START,load_zone_22,dump_zone_22,4.8e-05,0.000129
577.499,2026-05-23T13:23:04.566,3,702.482,-166.122,19.198,-0.5,0.0,GOING_TO_ENDPOINT,dump_zone_3,load_zone_26,4.8e-05,0.000129
578.524,2026-05-23T13:23:05.591,1,676.484,-122.949,29.959,0.091,0.0,GOING_TO_ENDPOINT,dump_zone_3,load_zone_26,0.000133,0.000356
578.524,2026-05-23T13:23:05.591,2,-101.317,450.192,0.0,-0.5,1000.0,RETURNING_TO_START,load_zone_22,dump_zone_22,0.00012,0.000322
578.524,2026-05-23T13:23:05.591,3,702.499,-171.311,17.353,-0.5,0.0,GOING_TO_ENDPOINT,dump_zone_3,load_zone_26,0.00012,0.000322
579.535,2026-05-23T13:23:06.650,1,682.345,-128.809,28.735,-0.5,0.0,GOING_TO_ENDPOINT,dump_zone_3,load_zone_26,5.1e-05,0.000137
579.535,2026-05-23T13:23:06.650,2,-101.317,450.192,0.0,-0.5,1000.0,RETURNING_TO_START,load_zone_22,dump_zone_22,5.1e-05,0.000137
579.535,2026-05-23T13:23:06.650,3,702.501,-175.921,15.534,-0.5,0.0,GOING_TO_ENDPOINT,dump_zone_3,load_zone_26,5.1e-05,0.000137
580.553,2026-05-23T13:23:07.620,1,687.901,-134.366,26.902,-0.5,0.0,GOING_TO_ENDPOINT,dump_zone_3,load_zone_26,0.000165,0.000442
580.553,2026-05-23T13:23:07.620,2,-101.317,450.192,0.0,-0.5,1000.0,RETURNING_TO_START,load_zone_22,dump_zone_22,0.000165,0.000442
580.553,2026-05-23T13:23:07.620,3,702.5,-180.046,13.701,-0.5,0.0,GOING_TO_ENDPOINT,dump_zone_3,load_zone_26,0.000165,0.000442
581.558,2026-05-23T13:23:08.675,1,693.028,-139.491,25.093,-0.5,0.0,GOING_TO_ENDPOINT,dump_zone_3,load_zone_26,4.8e-05,0.000129
581.558,2026-05-23T13:23:08.675,2,-101.317,450.192,0.0,-0.5,1000.0,RETURNING_TO_START,load_zone_22,dump_zone_22,4.8e-05,0.000129
581.558,2026-05-23T13:23:08.675,3,702.5,-183.61,11.892,-0.5,0.0,GOING_TO_ENDPOINT,dump_zone_3,load_zone_26,4.8e-05,0.000129
582.619,2026-05-23T13:23:09.688,1,697.401,-144.994,23.183,-0.5,0.0,GOING_TO_ENDPOINT,dump_zone_3,load_zone_26,0.000246,0.000659
582.619,2026-05-23T13:23:09.688,2,-101.317,450.192,0.0,-0.5,1000.0,RETURNING_TO_START,load_zone_22,dump_zone_22,0.000246,0.000659
582.619,2026-05-23T13:23:09.688,3,702.5,-186.82,9.982,-0.5,0.0,GOING_TO_ENDPOINT,dump_zone_3,load_zone_26,0.000246,0.000659
583.625,2026-05-23T13:23:10.740,1,701.764,-148.859,21.373,-0.5,0.0,GOING_TO_ENDPOINT,dump_zone_3,load_zone_26,4.8e-05,0.000129
583.625,2026-05-23T13:23:10.740,2,-101.317,450.192,0.0,-0.5,1000.0,RETURNING_TO_START,load_zone_22,dump_zone_22,4.8e-05,0.000129
583.625,2026-05-23T13:23:10.740,3,702.465,-189.343,8.172,-0.5,0.0,GOING_TO_ENDPOINT,dump_zone_3,load_zone_26,4.8e-05,0.000129
584.682,2026-05-23T13:23:11.750,1,703.93,-153.87,19.708,-0.195,0.0,GOING_TO_ENDPOINT,dump_zone_3,load_zone_26,0.000234,0.000627
584.682,2026-05-23T13:23:11.750,2,-101.317,450.192,0.0,-0.5,1000.0,RETURNING_TO_START,load_zone_22,dump_zone_22,0.000234,0.000627
584.682,2026-05-23T13:23:11.750,3,702.247,-191.425,6.269,-0.5,0.0,GOING_TO_ENDPOINT,dump_zone_3,load_zone_26,0.000234,0.000627
585.754,2026-05-23T13:23:12.821,1,702.632,-159.638,20.101,0.019,0.0,GOING_TO_ENDPOINT,dump_zone_3,load_zone_26,0.000241,0.000646
585.754,2026-05-23T13:23:12.821,2,-101.317,450.192,0.0,-0.5,1000.0,RETURNING_TO_START,load_zone_22,dump_zone_22,0.000228,0.000611
585.754,2026-05-23T13:23:12.821,3,702.713,-192.907,4.339,-0.5,0.0,GOING_TO_ENDPOINT,dump_zone_3,load_zone_26,0.000228,0.000611
586.769,2026-05-23T13:23:13.895,1,702.484,-165.149,18.764,-0.5,0.0,GOING_TO_ENDPOINT,dump_zone_3,load_zone_26,5.1e-05,0.000137
586.769,2026-05-23T13:23:13.895,2,-101.317,450.192,0.0,-0.5,1000.0,RETURNING_TO_START,load_zone_22,dump_zone_22,5.1e-05,0.000137
586.769,2026-05-23T13:23:13.895,3,703.261,-193.683,2.512,-0.5,0.0,LOADING,dump_zone_3,load_zone_26,5.1e-05,0.000137
587.814,2026-05-23T13:23:14.881,1,702.497,-170.309,16.884,-0.5,0.0,GOING_TO_ENDPOINT,dump_zone_3,load_zone_26,0.000198,0.000531
587.814,2026-05-23T13:23:14.881,2,-101.317,450.192,0.0,-0.5,1000.0,RETURNING_TO_START,load_zone_22,dump_zone_22,0.000198,0.000531
587.814,2026-05-23T13:23:14.881,3,703.56,-194.01,0.631,-0.5,0.0,LOADING,dump_zone_3,load_zone_26,0.000198,0.000531
588.816,2026-05-23T13:23:15.883,1,702.5,-174.743,15.081,-0.5,0.0,GOING_TO_ENDPOINT,dump_zone_3,load_zone_26,5.1e-05,0.000137
588.816,2026-05-23T13:23:15.883,2,-101.317,450.192,0.0,-0.5,1000.0,RETURNING_TO_START,load_zone_22,dump_zone_22,5.1e-05,0.000137
588.816,2026-05-23T13:23:15.883,3,703.578,-194.029,0.0,-0.5,0.0,LOADING,dump_zone_3,load_zone_26,5.1e-05,0.000137
589.821,2026-05-23T13:23:16.888,1,702.5,-178.707,13.361,-0.5,0.0,GOING_TO_ENDPOINT,dump_zone_3,load_zone_26,5.1e-05,0.000137
589.821,2026-05-23T13:23:16.888,2,-101.317,450.192,0.0,-0.5,1000.0,RETURNING_TO_START,load_zone_22,dump_zone_22,5.1e-05,0.000137
589.821,2026-05-23T13:23:16.888,3,704.506,-194.758,7.2,0.0,1000.0,TURNING_AROUND,load_zone_26,dump_zone_3,5.3e-05,0.000142
590.822,2026-05-23T13:23:17.945,1,702.5,-182.177,11.607,-0.5,0.0,GOING_TO_ENDPOINT,dump_zone_3,load_zone_26,5.1e-05,0.000137
590.822,2026-05-23T13:23:17.945,2,-101.317,450.192,0.0,-0.5,1000.0,RETURNING_TO_START,load_zone_22,dump_zone_22,5.1e-05,0.000137
590.822,2026-05-23T13:23:17.945,3,706.241,-195.275,5.4,0.0,1000.0,TURNING_AROUND,load_zone_26,dump_zone_3,5.2e-05,0.000139
591.826,2026-05-23T13:23:18.893,1,702.436,-185.164,10.104,-0.11,0.0,GOING_TO_ENDPOINT,dump_zone_3,load_zone_26,0.000158,0.000423
591.826,2026-05-23T13:23:18.893,2,-101.317,450.192,0.0,-0.5,1000.0,RETURNING_TO_START,load_zone_22,dump_zone_22,0.000156,0.000418
591.826,2026-05-23T13:23:18.893,3,704.935,-195.458,7.2,0.0,1000.0,TURNING_AROUND,load_zone_26,dump_zone_3,0.000161,0.000431
592.852,2026-05-23T13:23:19.919,1,701.82,-187.856,8.956,-0.5,0.0,GOING_TO_ENDPOINT,dump_zone_3,load_zone_26,0.000156,0.000418
592.852,2026-05-23T13:23:19.919,2,-101.317,450.192,0.0,-0.5,1000.0,RETURNING_TO_START,load_zone_22,dump_zone_22,0.000156,0.000418
592.852,2026-05-23T13:23:19.919,3,706.589,-194.281,7.2,0.0,1000.0,TURNING_AROUND,load_zone_26,dump_zone_3,0.000161,0.000431
593.899,2026-05-23T13:23:20.966,1,701.096,-190.06,7.071,-0.5,0.0,GOING_TO_ENDPOINT,dump_zone_3,load_zone_26,0.000171,0.000458
593.899,2026-05-23T13:23:20.966,2,-101.317,450.192,0.0,-0.5,1000.0,RETURNING_TO_START,load_zone_22,dump_zone_22,0.000171,0.000458
593.899,2026-05-23T13:23:20.966,3,706.734,-194.429,5.4,0.0,1000.0,TURNING_AROUND,load_zone_26,dump_zone_3,0.000175,0.000469
594.913,2026-05-23T13:23:21.980,1,700.988,-191.772,5.246,-0.5,0.0,GOING_TO_ENDPOINT,dump_zone_3,load_zone_26,4.8e-05,0.000129
594.913,2026-05-23T13:23:21.980,2,-101.317,450.192,0.0,-0.5,1000.0,RETURNING_TO_START,load_zone_22,dump_zone_22,4.8e-05,0.000129
594.913,2026-05-23T13:23:21.980,3,706.734,-194.405,0.469,0.497,1000.0,RETURNING_TO_START,load_zone_26,dump_zone_3,4.8e-05,0.000129
595.954,2026-05-23T13:23:23.021,1,701.361,-192.947,3.372,-0.5,0.0,LOADING,dump_zone_3,load_zone_26,0.000129,0.000346
595.954,2026-05-23T13:23:23.021,2,-101.317,450.192,0.0,-0.5,1000.0,RETURNING_TO_START,load_zone_22,dump_zone_22,0.000129,0.000346
595.954,2026-05-23T13:23:23.021,3,706.689,-193.82,3.789,1.0,1000.0,RETURNING_TO_START,load_zone_26,dump_zone_3,0.000142,0.000381
596.961,2026-05-23T13:23:24.028,1,701.712,-193.527,1.559,-0.5,0.0,LOADING,dump_zone_3,load_zone_26,0.000231,0.000619
596.961,2026-05-23T13:23:24.028,2,-101.317,450.192,0.0,-0.5,1000.0,RETURNING_TO_START,load_zone_22,dump_zone_22,0.000231,0.000619
596.961,2026-05-23T13:23:24.028,3,706.15,-192.338,7.414,1.0,1000.0,RETURNING_TO_START,load_zone_26,dump_zone_3,0.000275,0.000737
597.976,2026-05-23T13:23:25.095,1,701.82,-193.668,0.0,-0.5,0.0,LOADING,dump_zone_3,load_zone_26,5.1e-05,0.000137
597.976,2026-05-23T13:23:25.095,2,-101.317,450.192,0.0,-0.5,1000.0,RETURNING_TO_START,load_zone_22,dump_zone_22,5.1e-05,0.000137
597.976,2026-05-23T13:23:25.095,3,704.445,-190.345,11.068,1.0,1000.0,RETURNING_TO_START,load_zone_26,dump_zone_3,6.6e-05,0.000177
599.011,2026-05-23T13:23:26.078,1,701.95,-193.822,7.2,0.0,1000.0,TURNING_AROUND,load_zone_26,dump_zone_3,0.000161,0.000431
599.011,2026-05-23T13:23:26.078,2,-101.317,450.192,0.0,-0.5,1000.0,RETURNING_TO_START,load_zone_22,dump_zone_22,0.000156,0.000418
599.011,2026-05-23T13:23:26.078,3,701.307,-188.392,14.794,1.0,1000.0,RETURNING_TO_START,load_zone_26,dump_zone_3,0.000216,0.000579
600.021,2026-05-23T13:23:27.087,1,703.608,-194.938,7.2,0.0,1000.0,TURNING_AROUND,load_zone_26,dump_zone_3,5.3e-05,0.000142
600.021,2026-05-23T13:23:27.087,2,-101.317,450.192,0.0,-0.5,1000.0,RETURNING_TO_START,load_zone_22,dump_zone_22,5.1e-05,0.000137
600.021,2026-05-23T13:23:27.087,3,697.467,-186.026,18.379,0.992,1000.0,RETURNING_TO_START,load_zone_26,dump_zone_3,7.5e-05,0.000201
601.052,2026-05-23T13:23:28.119,1,703.443,-195.107,5.4,0.0,1000.0,TURNING_AROUND,load_zone_26,dump_zone_3,0.000147,0.000394
601.052,2026-05-23T13:23:28.119,2,-101.317,450.192,0.0,-0.5,1000.0,RETURNING_TO_START,load_zone_22,dump_zone_22,0.000144,0.000386
601.052,2026-05-23T13:23:28.119,3,697.273,-180.453,20.485,0.073,1000.0,RETURNING_TO_START,load_zone_26,dump_zone_3,0.000161,0.000431
602.064,2026-05-23T13:23:29.131,1,704.036,-194.716,7.2,0.0,1000.0,TURNING_AROUND,load_zone_26,dump_zone_3,4.9e-05,0.000131
602.064,2026-05-23T13:23:29.131,2,-101.317,450.192,0.0,-0.5,1000.0,RETURNING_TO_START,load_zone_22,dump_zone_22,4.8e-05,0.000129
602.064,2026-05-23T13:23:29.131,3,697.502,-174.829,19.271,-0.5,1000.0,RETURNING_TO_START,load_zone_26,dump_zone_3,4.8e-05,0.000129
603.073,2026-05-23T13:23:30.140,1,705.177,-193.665,5.4,0.0,1000.0,TURNING_AROUND,load_zone_26,dump_zone_3,5.2e-05,0.000139
603.073,2026-05-23T13:23:30.140,2,-101.317,450.192,0.0,-0.5,1000.0,RETURNING_TO_START,load_zone_22,dump_zone_22,5.1e-05,0.000137
603.073,2026-05-23T13:23:30.140,3,697.505,-169.686,17.49,-0.5,1000.0,RETURNING_TO_START,load_zone_26,dump_zone_3,5.1e-05,0.000137
604.077,2026-05-23T13:23:31.144,1,704.753,-194.7,0.0,-0.261,1000.0,RETURNING_TO_START,load_zone_26,dump_zone_3,0.000159,0.000426
604.077,2026-05-23T13:23:31.144,2,-101.317,450.192,0.0,-0.5,1000.0,RETURNING_TO_START,load_zone_22,dump_zone_22,0.000159,0.000426
604.077,2026-05-23T13:23:31.144,3,697.5,-165.067,15.683,-0.5,1000.0,RETURNING_TO_START,load_zone_26,dump_zone_3,0.000159,0.000426
605.08,2026-05-23T13:23:32.148,1,704.752,-194.616,1.06,0.742,1000.0,RETURNING_TO_START,load_zone_26,dump_zone_3,0.000251,0.000673
605.08,2026-05-23T13:23:32.148,2,-101.317,450.192,0.0,-0.5,1000.0,RETURNING_TO_START,load_zone_22,dump_zone_22,0.000246,0.000659
605.08,2026-05-23T13:23:32.148,3,697.5,-160.961,13.877,-0.5,1000.0,RETURNING_TO_START,load_zone_26,dump_zone_3,0.000246,0.000659
606.088,2026-05-23T13:23:33.235,1,704.666,-193.814,4.596,1.0,1000.0,RETURNING_TO_START,load_zone_26,dump_zone_3,5.7e-05,0.000153
606.088,2026-05-23T13:23:33.235,2,-101.317,450.192,0.0,-0.5,1000.0,RETURNING_TO_START,load_zone_22,dump_zone_22,5.1e-05,0.000137
606.088,2026-05-23T13:23:33.235,3,697.5,-157.344,12.063,-0.5,1000.0,RETURNING_TO_START,load_zone_26,dump_zone_3,5.1e-05,0.000137
607.12,2026-05-23T13:23:34.188,1,703.93,-192.102,8.311,1.0,1000.0,RETURNING_TO_START,load_zone_26,dump_zone_3,0.000222,0.000595
607.12,2026-05-23T13:23:34.188,2,-101.317,450.192,0.0,-0.5,1000.0,RETURNING_TO_START,load_zone_22,dump_zone_22,0.000183,0.00049
607.12,2026-05-23T13:23:34.188,3,697.5,-154.164,10.205,-0.5,1000.0,RETURNING_TO_START,load_zone_26,dump_zone_3,0.000183,0.00049
608.123,2026-05-23T13:23:35.241,1,702.052,-189.974,11.922,1.0,1000.0,RETURNING_TO_START,load_zone_26,dump_zone_3,6.3e-05,0.000169
608.123,2026-05-23T13:23:35.241,2,-101.317,450.192,0.0,-0.5,1000.0,RETURNING_TO_START,load_zone_22,dump_zone_22,4.8e-05,0.000129
608.123,2026-05-23T13:23:35.241,3,697.482,-151.584,8.4,-0.5,1000.0,RETURNING_TO_START,load_zone_26,dump_zone_3,4.8e-05,0.000129
609.159,2026-05-23T13:23:36.226,1,699.54,-186.876,15.651,1.0,1000.0,RETURNING_TO_START,load_zone_26,dump_zone_3,0.000269,0.000721
609.159,2026-05-23T13:23:36.226,2,-101.317,450.192,0.0,-0.5,1000.0,RETURNING_TO_START,load_zone_22,dump_zone_22,0.000192,0.000515
609.159,2026-05-23T13:23:36.226,3,696.804,-149.492,7.608,0.234,1000.0,RETURNING_TO_START,load_zone_26,dump_zone_3,0.000206,0.000552
610.192,2026-05-23T13:23:37.259,1,697.817,-182.181,19.37,1.0,1000.0,RETURNING_TO_START,load_zone_26,dump_zone_3,0.000216,0.000579
610.192,2026-05-23T13:23:37.259,2,-101.317,450.192,0.0,-0.5,1000.0,RETURNING_TO_START,load_zone_22,dump_zone_22,0.000144,0.000386
610.192,2026-05-23T13:23:37.259,3,695.003,-147.75,10.326,1.0,1000.0,RETURNING_TO_START,load_zone_26,dump_zone_3,0.000182,0.000488
611.203,2026-05-23T13:23:38.316,1,697.488,-176.343,21.645,0.148,1000.0,RETURNING_TO_START,load_zone_26,dump_zone_3,5.9e-05,0.000158
611.203,2026-05-23T13:23:38.316,2,-101.317,450.192,0.0,-0.5,1000.0,RETURNING_TO_START,load_zone_22,dump_zone_22,5.1e-05,0.000137
611.203,2026-05-23T13:23:38.316,3,692.41,-145.507,13.966,1.0,1000.0,RETURNING_TO_START,load_zone_26,dump_zone_3,6.9e-05,0.000185
612.217,2026-05-23T13:23:39.284,1,697.495,-170.349,20.539,-0.5,1000.0,RETURNING_TO_START,load_zone_26,dump_zone_3,4.8e-05,0.000129
612.217,2026-05-23T13:23:39.284,2,-101.317,450.192,0.0,-0.5,1000.0,RETURNING_TO_START,load_zone_22,dump_zone_22,4.8e-05,0.000129
612.217,2026-05-23T13:23:39.284,3,689.103,-142.507,17.616,1.0,1000.0,RETURNING_TO_START,load_zone_26,dump_zone_3,7e-05,0.000188
613.231,2026-05-23T13:23:40.344,1,697.5,-164.829,18.714,-0.5,1000.0,RETURNING_TO_START,load_zone_26,dump_zone_3,5.1e-05,0.000137
613.231,2026-05-23T13:23:40.344,2,-101.317,450.192,0.0,-0.5,1000.0,RETURNING_TO_START,load_zone_22,dump_zone_22,5.1e-05,0.000137
613.231,2026-05-23T13:23:40.344,3,685.159,-138.683,21.266,1.0,1000.0,RETURNING_TO_START,load_zone_26,dump_zone_3,7.9e-05,0.000212
614.267,2026-05-23T13:23:41.335,1,697.5,-159.723,16.849,-0.5,1000.0,RETURNING_TO_START,load_zone_26,dump_zone_3,0.000165,0.000442
614.267,2026-05-23T13:23:41.335,2,-101.317,450.192,0.0,-0.5,1000.0,RETURNING_TO_START,load_zone_22,dump_zone_22,0.000165,0.000442
614.267,2026-05-23T13:23:41.335,3,680.444,-133.98,24.756,0.706,1000.0,RETURNING_TO_START,load_zone_26,dump_zone_3,0.000244,0.000654
615.273,2026-05-23T13:23:42.340,1,697.5,-155.277,15.039,-0.5,1000.0,RETURNING_TO_START,load_zone_26,dump_zone_3,5.1e-05,0.000137
615.273,2026-05-23T13:23:42.340,2,-101.317,450.192,0.0,-0.5,1000.0,RETURNING_TO_START,load_zone_22,dump_zone_22,5.1e-05,0.000137
615.273,2026-05-23T13:23:42.340,3,675.424,-128.959,25.427,-0.3,1000.0,RETURNING_TO_START,load_zone_26,dump_zone_3,5.1e-05,0.000137
616.296,2026-05-23T13:23:43.363,1,697.481,-151.277,13.197,-0.5,1000.0,RETURNING_TO_START,load_zone_26,dump_zone_3,0.000201,0.000539
616.296,2026-05-23T13:23:43.363,2,-101.317,450.192,0.0,-0.5,1000.0,RETURNING_TO_START,load_zone_22,dump_zone_22,0.000201,0.000539
616.296,2026-05-23T13:23:43.363,3,670.496,-124.032,23.644,-0.5,1000.0,RETURNING_TO_START,load_zone_26,dump_zone_3,0.000201,0.000539
617.339,2026-05-23T13:23:44.406,1,695.726,-148.23,12.319,0.21,1000.0,RETURNING_TO_START,load_zone_26,dump_zone_3,0.000199,0.000533
617.339,2026-05-23T13:23:44.406,2,-101.317,450.192,0.0,-0.5,1000.0,RETURNING_TO_START,load_zone_22,dump_zone_22,0.00018,0.000482
617.339,2026-05-23T13:23:44.406,3,665.853,-119.388,21.767,-0.5,1000.0,RETURNING_TO_START,load_zone_26,dump_zone_3,0.00018,0.000482
618.371,2026-05-23T13:23:45.465,1,692.722,-145.819,14.979,1.0,1000.0,RETURNING_TO_START,load_zone_26,dump_zone_3,0.000137,0.000367
618.371,2026-05-23T13:23:45.465,2,-101.317,450.192,0.0,-0.5,1000.0,RETURNING_TO_START,load_zone_22,dump_zone_22,9.9e-05,0.000265
618.371,2026-05-23T13:23:45.465,3,661.637,-115.173,19.909,-0.5,1000.0,RETURNING_TO_START,load_zone_26,dump_zone_3,9.9e-05,0.000265
619.375,2026-05-23T13:23:46.442,1,689.227,-142.68,18.593,1.0,1000.0,RETURNING_TO_START,load_zone_26,dump_zone_3,0.000226,0.000606
619.375,2026-05-23T13:23:46.442,2,-101.317,450.192,0.0,-0.5,1000.0,RETURNING_TO_START,load_zone_22,dump_zone_22,0.000153,0.00041
619.375,2026-05-23T13:23:46.442,3,657.895,-111.431,18.102,-0.5,1000.0,RETURNING_TO_START,load_zone_26,dump_zone_3,0.000153,0.00041
620.378,2026-05-23T13:23:47.446,1,685.155,-138.687,22.204,1.0,1000.0,RETURNING_TO_START,load_zone_26,dump_zone_3,7.5e-05,0.000201
620.378,2026-05-23T13:23:47.446,2,-101.317,450.192,0.0,-0.5,1000.0,RETURNING_TO_START,load_zone_22,dump_zone_22,4.8e-05,0.000129
620.378,2026-05-23T13:23:47.446,3,654.514,-108.049,16.297,-0.5,1000.0,RETURNING_TO_START,load_zone_26,dump_zone_3,4.8e-05,0.000129
621.38,2026-05-23T13:23:48.448,1,680.443,-133.979,25.188,0.455,1000.0,RETURNING_TO_START,load_zone_26,dump_zone_3,6.5e-05,0.000174
621.38,2026-05-23T13:23:48.448,2,-101.317,450.192,0.0,-0.5,1000.0,RETURNING_TO_START,load_zone_22,dump_zone_22,4.8e-05,0.000129
621.38,2026-05-23T13:23:48.448,3,651.491,-105.027,14.493,-0.5,1000.0,RETURNING_TO_START,load_zone_26,dump_zone_3,4.8e-05,0.000129
622.42,2026-05-23T13:23:49.488,1,675.229,-128.765,25.381,-0.371,1000.0,RETURNING_TO_START,load_zone_26,dump_zone_3,0.000183,0.00049
622.42,2026-05-23T13:23:49.488,2,-101.317,450.192,0.0,-0.5,1000.0,RETURNING_TO_START,load_zone_22,dump_zone_22,0.000183,0.00049
622.42,2026-05-23T13:23:49.488,3,648.759,-102.238,12.639,-0.422,1000.0,RETURNING_TO_START,load_zone_26,dump_zone_3,0.000183,0.00049
623.427,2026-05-23T13:23:50.494,1,670.39,-123.926,23.59,-0.5,1000.0,RETURNING_TO_START,load_zone_26,dump_zone_3,5.1e-05,0.000137
623.427,2026-05-23T13:23:50.494,2,-101.317,450.192,0.0,-0.5,1000.0,RETURNING_TO_START,load_zone_22,dump_zone_22,5.1e-05,0.000137
623.427,2026-05-23T13:23:50.494,3,645.637,-101.167,12.243,0.363,1000.0,RETURNING_TO_START,load_zone_26,dump_zone_3,5.9e-05,0.000158
624.442,2026-05-23T13:23:51.547,1,665.878,-119.414,21.763,-0.5,1000.0,RETURNING_TO_START,load_zone_26,dump_zone_3,4.8e-05,0.000129
624.442,2026-05-23T13:23:51.547,2,-101.317,450.192,0.0,-0.5,1000.0,RETURNING_TO_START,load_zone_22,dump_zone_22,4.8e-05,0.000129
624.442,2026-05-23T13:23:51.547,3,641.854,-101.793,15.222,1.0,1000.0,RETURNING_TO_START,load_zone_26,dump_zone_3,6.7e-05,0.00018
625.475,2026-05-23T13:23:52.542,1,661.66,-115.196,19.903,-0.5,1000.0,RETURNING_TO_START,load_zone_26,dump_zone_3,0.000171,0.000458
625.475,2026-05-23T13:23:52.542,2,-101.317,450.192,0.0,-0.5,1000.0,RETURNING_TO_START,load_zone_22,dump_zone_22,0.000171,0.000458
625.475,2026-05-23T13:23:52.542,3,636.956,-102.319,18.94,1.0,1000.0,RETURNING_TO_START,load_zone_26,dump_zone_3,0.000255,0.000683
626.475,2026-05-23T13:23:53.542,1,657.936,-111.472,18.103,-0.5,1000.0,RETURNING_TO_START,load_zone_26,dump_zone_3,4.8e-05,0.000129
626.475,2026-05-23T13:23:53.542,2,-101.317,450.192,0.0,-0.5,1000.0,RETURNING_TO_START,load_zone_22,dump_zone_22,4.8e-05,0.000129
626.475,2026-05-23T13:23:53.542,3,631.3,-102.5,21.135,0.14,1000.0,RETURNING_TO_START,load_zone_26,dump_zone_3,5.5e-05,0.000147
627.49,2026-05-23T13:23:54.605,1,654.516,-108.052,16.276,-0.5,1000.0,RETURNING_TO_START,load_zone_26,dump_zone_3,4.8e-05,0.000129
627.49,2026-05-23T13:23:54.605,2,-101.317,450.192,0.0,-0.5,1000.0,RETURNING_TO_START,load_zone_22,dump_zone_22,4.8e-05,0.000129
627.49,2026-05-23T13:23:54.605,3,625.449,-102.503,20.001,-0.5,1000.0,RETURNING_TO_START,load_zone_26,dump_zone_3,4.8e-05,0.000129
628.516,2026-05-23T13:23:55.583,1,651.43,-104.965,14.429,-0.5,1000.0,RETURNING_TO_START,load_zone_26,dump_zone_3,0.000195,0.000523
628.516,2026-05-23T13:23:55.583,2,-101.317,450.192,0.0,-0.5,1000.0,RETURNING_TO_START,load_zone_22,dump_zone_22,0.000195,0.000523
628.516,2026-05-23T13:23:55.583,3,620.023,-102.5,18.154,-0.5,1000.0,RETURNING_TO_START,load_zone_26,dump_zone_3,0.000195,0.000523
629.525,2026-05-23T13:23:56.652,1,648.75,-102.304,12.614,-0.484,1000.0,RETURNING_TO_START,load_zone_26,dump_zone_3,4.8e-05,0.000129
629.525,2026-05-23T13:23:56.652,2,-101.317,450.192,0.0,-0.5,1000.0,RETURNING_TO_START,load_zone_22,dump_zone_22,4.8e-05,0.000129
629.525,2026-05-23T13:23:56.652,3,615.201,-102.5,16.338,-0.5,1000.0,RETURNING_TO_START,load_zone_26,dump_zone_3,4.8e-05,0.000129
630.536,2026-05-23T13:23:57.604,1,645.486,-101.428,12.763,0.527,1000.0,RETURNING_TO_START,load_zone_26,dump_zone_3,0.000158,0.000423
630.536,2026-05-23T13:23:57.604,2,-101.317,450.192,0.0,-0.5,1000.0,RETURNING_TO_START,load_zone_22,dump_zone_22,0.000132,0.000354
630.536,2026-05-23T13:23:57.604,3,610.878,-102.5,14.518,-0.5,1000.0,RETURNING_TO_START,load_zone_26,dump_zone_3,0.000132,0.000354
631.546,2026-05-23T13:23:58.614,1,641.497,-101.983,16.044,1.0,1000.0,RETURNING_TO_START,load_zone_26,dump_zone_3,6.8e-05,0.000182
631.546,2026-05-23T13:23:58.614,2,-101.317,450.192,0.0,-0.5,1000.0,RETURNING_TO_START,load_zone_22,dump_zone_22,4.8e-05,0.000129
631.546,2026-05-23T13:23:58.614,3,607.072,-102.5,12.7,-0.5,1000.0,RETURNING_TO_START,load_zone_26,dump_zone_3,4.8e-05,0.000129
632.548,2026-05-23T13:23:59.660,1,636.523,-102.4,19.615,0.905,1000.0,RETURNING_TO_START,load_zone_26,dump_zone_3,7e-05,0.000188
632.548,2026-05-23T13:23:59.660,2,-101.317,450.192,0.0,-0.5,1000.0,RETURNING_TO_START,load_zone_22,dump_zone_22,4.8e-05,0.000129
632.548,2026-05-23T13:23:59.660,3,603.802,-102.5,10.897,-0.5,1000.0,RETURNING_TO_START,load_zone_26,dump_zone_3,4.8e-05,0.000129
633.586,2026-05-23T13:24:00.654,1,630.402,-102.502,22.211,0.251,1000.0,RETURNING_TO_START,load_zone_26,dump_zone_3,0.000273,0.000732
633.586,2026-05-23T13:24:00.654,2,-101.317,450.192,0.0,-0.5,1000.0,RETURNING_TO_START,load_zone_22,dump_zone_22,0.000225,0.000603
633.586,2026-05-23T13:24:00.654,3,600.951,-102.371,9.054,-0.408,1000.0,RETURNING_TO_START,load_zone_26,dump_zone_3,0.000225,0.000603
634.589,2026-05-23T13:24:01.657,1,624.268,-102.501,21.362,-0.5,1000.0,RETURNING_TO_START,load_zone_26,dump_zone_3,4.8e-05,0.000129
634.589,2026-05-23T13:24:01.657,2,-101.317,450.192,0.0,-0.5,1000.0,RETURNING_TO_START,load_zone_22,dump_zone_22,4.8e-05,0.000129
634.589,2026-05-23T13:24:01.657,3,598.864,-101.346,8.384,0.266,1000.0,RETURNING_TO_START,load_zone_26,dump_zone_3,5.2e-05,0.000139
635.599,2026-05-23T13:24:02.717,1,618.545,-102.5,19.544,-0.5,1000.0,RETURNING_TO_START,load_zone_26,dump_zone_3,4.8e-05,0.000129
635.599,2026-05-23T13:24:02.717,2,-101.317,450.192,0.0,-0.5,1000.0,RETURNING_TO_START,load_zone_22,dump_zone_22,4.8e-05,0.000129
635.599,2026-05-23T13:24:02.717,3,597.654,-99.298,8.212,-0.5,1000.0,RETURNING_TO_START,load_zone_26,dump_zone_3,4.8e-05,0.000129
636.637,2026-05-23T13:24:03.704,1,613.191,-102.5,17.675,-0.5,1000.0,RETURNING_TO_START,load_zone_26,dump_zone_3,0.000141,0.000378
636.637,2026-05-23T13:24:03.704,2,-101.317,450.192,0.0,-0.5,1000.0,RETURNING_TO_START,load_zone_22,dump_zone_22,0.000141,0.000378
636.637,2026-05-23T13:24:03.704,3,597.365,-97.122,7.648,0.328,1000.0,RETURNING_TO_START,load_zone_26,dump_zone_3,0.000153,0.00041
637.637,2026-05-23T13:24:04.705,1,608.538,-102.5,15.875,-0.5,1000.0,RETURNING_TO_START,load_zone_26,dump_zone_3,4.8e-05,0.000129
637.637,2026-05-23T13:24:04.705,2,-101.317,450.192,0.0,-0.5,1000.0,RETURNING_TO_START,load_zone_22,dump_zone_22,4.8e-05,0.000129
637.637,2026-05-23T13:24:04.705,3,597.371,-94.654,10.473,1.0,1000.0,RETURNING_TO_START,load_zone_26,dump_zone_3,6.1e-05,0.000163
638.672,2026-05-23T13:24:05.739,1,604.249,-102.5,14.012,-0.5,1000.0,RETURNING_TO_START,load_zone_26,dump_zone_3,0.000111,0.000297
638.672,2026-05-23T13:24:05.739,2,-101.317,450.192,0.0,-0.5,1000.0,RETURNING_TO_START,load_zone_22,dump_zone_22,0.000111,0.000297
638.672,2026-05-23T13:24:05.739,3,597.446,-91.094,14.199,1.0,1000.0,RETURNING_TO_START,load_zone_26,dump_zone_3,0.000152,0.000407
639.682,2026-05-23T13:24:06.749,1,600.602,-102.288,12.194,-0.5,1000.0,RETURNING_TO_START,load_zone_26,dump_zone_3,0.000237,0.000635
639.682,2026-05-23T13:24:06.749,2,-101.317,450.192,0.0,-0.5,1000.0,RETURNING_TO_START,load_zone_22,dump_zone_22,0.000237,0.000635
639.682,2026-05-23T13:24:06.749,3,597.492,-86.578,17.835,1.0,1000.0,RETURNING_TO_START,load_zone_26,dump_zone_3,0.000346,0.000927
640.682,2026-05-23T13:24:07.749,1,598.108,-100.518,10.444,-0.5,1000.0,RETURNING_TO_START,load_zone_26,dump_zone_3,5.1e-05,0.000137
640.682,2026-05-23T13:24:07.749,2,-101.317,450.192,0.0,-0.5,1000.0,RETURNING_TO_START,load_zone_22,dump_zone_22,5.1e-05,0.000137
640.682,2026-05-23T13:24:07.749,3,597.5,-81.103,21.435,1.0,1000.0,RETURNING_TO_START,load_zone_26,dump_zone_3,7.9e-05,0.000212
641.72,2026-05-23T13:24:08.787,1,597.407,-97.899,8.899,-0.099,1000.0,RETURNING_TO_START,load_zone_26,dump_zone_3,0.00018,0.000482
641.72,2026-05-23T13:24:08.787,2,-101.317,450.192,0.0,-0.5,1000.0,RETURNING_TO_START,load_zone_22,dump_zone_22,0.000177,0.000474
641.72,2026-05-23T13:24:08.787,3,597.5,-74.434,24.187,0.426,1000.0,RETURNING_TO_START,load_zone_26,dump_zone_3,0.000234,0.000627
642.73,2026-05-23T13:24:09.843,1,597.365,-95.264,10.444,0.911,1000.0,RETURNING_TO_START,load_zone_26,dump_zone_3,6e-05,0.000161
642.73,2026-05-23T13:24:09.843,2,-101.317,450.192,0.0,-0.5,1000.0,RETURNING_TO_START,load_zone_22,dump_zone_22,4.8e-05,0.000129
642.73,2026-05-23T13:24:09.843,3,597.5,-67.406,25.45,-0.062,1000.0,RETURNING_TO_START,load_zone_26,dump_zone_3,5.2e-05,0.000139
643.748,2026-05-23T13:24:10.816,1,597.44,-91.775,14.101,1.0,1000.0,RETURNING_TO_START,load_zone_26,dump_zone_3,0.000245,0.000657
643.748,2026-05-23T13:24:10.816,2,-101.317,450.192,0.0,-0.5,1000.0,RETURNING_TO_START,load_zone_22,dump_zone_22,0.00018,0.000482
643.748,2026-05-23T13:24:10.816,3,597.5,-60.341,24.556,-0.1266,1000.0,RETURNING_TO_START,load_zone_26,dump_zone_3,0.000187,0.000501
644.76,2026-05-23T13:24:11.827,1,597.489,-87.276,17.744,1.0,1000.0,RETURNING_TO_START,load_zone_26,dump_zone_3,7.4e-05,0.000198
644.76,2026-05-23T13:24:11.827,2,-101.317,450.192,0.0,-0.5,1000.0,RETURNING_TO_START,load_zone_22,dump_zone_22,5.1e-05,0.000137
644.76,2026-05-23T13:24:11.827,3,597.5,-53.545,23.861,0.0309,1000.0,RETURNING_TO_START,load_zone_26,dump_zone_3,5.7e-05,0.000153
645.818,2026-05-23T13:24:12.885,1,597.5,-81.468,21.553,1.0,1000.0,RETURNING_TO_START,load_zone_26,dump_zone_3,0.000462,0.001238
645.818,2026-05-23T13:24:12.885,2,-101.317,450.192,0.0,-0.5,1000.0,RETURNING_TO_START,load_zone_22,dump_zone_22,0.000297,0.000796
645.818,2026-05-23T13:24:12.885,3,597.5,-46.476,23.984,-0.213,1000.0,RETURNING_TO_START,load_zone_26,dump_zone_3,0.000297,0.000796
646.862,2026-05-23T13:24:13.929,1,597.5,-74.656,25.057,0.683,1000.0,RETURNING_TO_START,load_zone_26,dump_zone_3,0.000381,0.001021
646.862,2026-05-23T13:24:13.929,2,-101.317,450.192,0.0,-0.5,1000.0,RETURNING_TO_START,load_zone_22,dump_zone_22,0.000258,0.000691
646.862,2026-05-23T13:24:13.929,3,597.5,-39.694,23.012,-0.211,1000.0,RETURNING_TO_START,load_zone_26,dump_zone_3,0.000258,0.000691
647.893,2026-05-23T13:24:14.960,1,597.5,-67.312,25.618,-0.152,1000.0,RETURNING_TO_START,load_zone_26,dump_zone_3,0.000252,0.000675
647.893,2026-05-23T13:24:14.960,2,-101.317,450.192,0.0,-0.5,1000.0,RETURNING_TO_START,load_zone_22,dump_zone_22,0.000246,0.000659
647.893,2026-05-23T13:24:14.960,3,597.5,-33.106,23.419,0.402,1000.0,RETURNING_TO_START,load_zone_26,dump_zone_3,0.00032,0.000858
648.952,2026-05-23T13:24:16.019,1,597.5,-60.001,24.14,-0.2958,1000.0,RETURNING_TO_START,load_zone_26,dump_zone_3,0.000183,0.00049
648.952,2026-05-23T13:24:16.019,2,-101.317,450.192,0.0,-0.5,1000.0,RETURNING_TO_START,load_zone_22,dump_zone_22,0.000183,0.00049
648.952,2026-05-23T13:24:16.019,3,597.5,-25.984,24.391,-0.209,1000.0,RETURNING_TO_START,load_zone_26,dump_zone_3,0.000183,0.00049
649.958,2026-05-23T13:24:17.026,1,597.5,-53.348,23.884,0.2702,1000.0,RETURNING_TO_START,load_zone_26,dump_zone_3,6e-05,0.000161
649.958,2026-05-23T13:24:17.026,2,-101.317,450.192,0.0,-0.5,1000.0,RETURNING_TO_START,load_zone_22,dump_zone_22,4.8e-05,0.000129
649.958,2026-05-23T13:24:17.026,3,597.5,-19.132,24.875,0.077,1000.0,RETURNING_TO_START,load_zone_26,dump_zone_3,5.5e-05,0.000147
651.032,2026-05-23T13:24:18.100,1,597.5,-46.131,24.205,0.0466,1000.0,RETURNING_TO_START,load_zone_26,dump_zone_3,0.000331,0.000887
651.032,2026-05-23T13:24:18.100,2,-101.317,450.192,0.0,-0.5,1000.0,RETURNING_TO_START,load_zone_22,dump_zone_22,0.000294,0.000788
651.032,2026-05-23T13:24:18.100,3,597.5,-11.699,24.606,-0.4432,1000.0,RETURNING_TO_START,load_zone_26,dump_zone_3,0.000294,0.000788
652.105,2026-05-23T13:24:19.172,1,597.5,-38.95,23.84,-0.086,1000.0,RETURNING_TO_START,load_zone_26,dump_zone_3,0.000263,0.000705
652.105,2026-05-23T13:24:19.172,2,-101.317,450.192,0.0,-0.5,1000.0,RETURNING_TO_START,load_zone_22,dump_zone_22,0.000249,0.000667
652.105,2026-05-23T13:24:19.172,3,597.5,-4.634,23.069,-0.1494,1000.0,RETURNING_TO_START,load_zone_26,dump_zone_3,0.000255,0.000683
653.136,2026-05-23T13:24:20.203,1,597.5,-32.255,23.041,-0.089,1000.0,RETURNING_TO_START,load_zone_26,dump_zone_3,0.000256,0.000686
653.136,2026-05-23T13:24:20.203,2,-101.317,450.192,0.0,-0.5,1000.0,RETURNING_TO_START,load_zone_22,dump_zone_22,0.000243,0.000651
653.136,2026-05-23T13:24:20.203,3,597.5,1.965,23.201,0.2562,1000.0,RETURNING_TO_START,load_zone_26,dump_zone_3,0.000298,0.000799
654.138,2026-05-23T13:24:21.283,1,597.5,-25.773,23.908,0.471,1000.0,RETURNING_TO_START,load_zone_26,dump_zone_3,6.5e-05,0.000174
654.138,2026-05-23T13:24:21.283,2,-101.317,450.192,0.0,-0.5,1000.0,RETURNING_TO_START,load_zone_22,dump_zone_22,4.8e-05,0.000129
654.138,2026-05-23T13:24:21.283,3,597.5,8.579,23.851,-0.1907,1000.0,RETURNING_TO_START,load_zone_26,dump_zone_3,4.8e-05,0.000129
655.171,2026-05-23T13:24:22.238,1,597.5,-18.764,24.283,-0.38,1000.0,RETURNING_TO_START,load_zone_26,dump_zone_3,0.000192,0.000515
655.171,2026-05-23T13:24:22.238,2,-101.317,450.192,0.0,-0.5,1000.0,RETURNING_TO_START,load_zone_22,dump_zone_22,0.000192,0.000515
655.171,2026-05-23T13:24:22.238,3,597.5,15.398,23.607,-0.241,1000.0,RETURNING_TO_START,load_zone_26,dump_zone_3,0.000192,0.000515
656.19,2026-05-23T13:24:23.329,1,597.5,-11.978,23.92,0.1239,1000.0,RETURNING_TO_START,load_zone_26,dump_zone_3,0.000353,0.000946
656.19,2026-05-23T13:24:23.329,2,-101.317,450.192,0.0,-0.5,1000.0,RETURNING_TO_START,load_zone_22,dump_zone_22,0.000303,0.000812
656.19,2026-05-23T13:24:23.329,3,597.5,22.088,23.88,0.316,1000.0,RETURNING_TO_START,load_zone_26,dump_zone_3,0.000383,0.001026
657.256,2026-05-23T13:24:24.323,1,597.5,-4.876,23.885,0.0519,1000.0,RETURNING_TO_START,load_zone_26,dump_zone_3,0.000277,0.000742
657.256,2026-05-23T13:24:24.323,2,-101.317,450.192,0.0,-0.5,1000.0,RETURNING_TO_START,load_zone_22,dump_zone_22,0.000246,0.000659
657.256,2026-05-23T13:24:24.323,3,597.5,29.264,24.282,0.107,1000.0,RETURNING_TO_START,load_zone_26,dump_zone_3,0.000285,0.000764
658.328,2026-05-23T13:24:25.395,1,597.5,2.18,23.453,-0.0674,1000.0,RETURNING_TO_START,load_zone_26,dump_zone_3,0.000288,0.000772
658.328,2026-05-23T13:24:25.395,2,-101.317,450.192,0.0,-0.5,1000.0,RETURNING_TO_START,load_zone_22,dump_zone_22,0.00027,0.000724
658.328,2026-05-23T13:24:25.395,3,597.5,36.494,24.197,-0.087,1000.0,RETURNING_TO_START,load_zone_26,dump_zone_3,0.000285,0.000764
659.4,2026-05-23T13:24:26.467,1,597.5,9.133,23.73,0.3231,1000.0,RETURNING_TO_START,load_zone_26,dump_zone_3,0.000323,0.000866
659.4,2026-05-23T13:24:26.467,2,-101.317,450.192,0.0,-0.5,1000.0,RETURNING_TO_START,load_zone_22,dump_zone_22,0.000255,0.000683
659.4,2026-05-23T13:24:26.467,3,597.5,43.688,24.63,0.4034,1000.0,RETURNING_TO_START,load_zone_26,dump_zone_3,0.000336,0.0009
660.476,2026-05-23T13:24:27.543,1,597.5,16.362,24.326,-0.0525,1000.0,RETURNING_TO_START,load_zone_26,dump_zone_3,0.000306,0.00082
660.476,2026-05-23T13:24:27.543,2,-101.317,450.192,0.0,-0.5,1000.0,RETURNING_TO_START,load_zone_22,dump_zone_22,0.000285,0.000764
660.476,2026-05-23T13:24:27.543,3,597.5,51.12,24.664,-0.2188,1000.0,RETURNING_TO_START,load_zone_26,dump_zone_3,0.000285,0.000764
661.557,2026-05-23T13:24:28.625,1,597.5,23.504,23.551,0.1605,1000.0,RETURNING_TO_START,load_zone_26,dump_zone_3,0.000308,0.000825
661.557,2026-05-23T13:24:28.625,2,-101.317,450.192,0.0,-0.5,1000.0,RETURNING_TO_START,load_zone_22,dump_zone_22,0.000261,0.000699
661.557,2026-05-23T13:24:28.625,3,597.5,58.325,23.229,-0.3765,1000.0,RETURNING_TO_START,load_zone_26,dump_zone_3,0.000261,0.000699
662.597,2026-05-23T13:24:29.665,1,597.5,30.393,23.944,-0.0595,1000.0,RETURNING_TO_START,load_zone_26,dump_zone_3,0.000247,0.000662
662.597,2026-05-23T13:24:29.665,2,-101.317,450.192,0.0,-0.5,1000.0,RETURNING_TO_START,load_zone_22,dump_zone_22,0.000231,0.000619
662.597,2026-05-23T13:24:29.665,3,597.5,64.976,23.04,-0.0582,1000.0,RETURNING_TO_START,load_zone_26,dump_zone_3,0.000247,0.000662
663.646,2026-05-23T13:24:30.713,1,597.5,37.339,23.641,-0.0837,1000.0,RETURNING_TO_START,load_zone_26,dump_zone_3,0.000209,0.00056
663.646,2026-05-23T13:24:30.713,2,-101.317,450.192,0.0,-0.5,1000.0,RETURNING_TO_START,load_zone_22,dump_zone_22,0.000198,0.000531
663.646,2026-05-23T13:24:30.713,3,597.5,71.707,23.259,-0.0574,1000.0,RETURNING_TO_START,load_zone_26,dump_zone_3,0.000212,0.000568
664.709,2026-05-23T13:24:31.777,1,597.5,44.372,23.979,0.1573,1000.0,RETURNING_TO_START,load_zone_26,dump_zone_3,0.000259,0.000694
664.709,2026-05-23T13:24:31.777,2,-101.317,450.192,0.0,-0.5,1000.0,RETURNING_TO_START,load_zone_22,dump_zone_22,0.000219,0.000587
664.709,2026-05-23T13:24:31.777,3,597.5,78.659,24.081,0.4026,1000.0,RETURNING_TO_START,load_zone_26,dump_zone_3,0.000287,0.000769
665.771,2026-05-23T13:24:32.838,1,597.5,51.504,24.343,0.0768,1000.0,RETURNING_TO_START,load_zone_26,dump_zone_3,0.000292,0.000783
665.771,2026-05-23T13:24:32.838,2,-101.317,450.192,0.0,-0.5,1000.0,RETURNING_TO_START,load_zone_22,dump_zone_22,0.000255,0.000683
665.771,2026-05-23T13:24:32.838,3,597.5,85.787,23.832,-0.2494,1000.0,RETURNING_TO_START,load_zone_26,dump_zone_3,0.000255,0.000683
666.812,2026-05-23T13:24:33.879,1,597.5,58.424,23.441,-0.1342,1000.0,RETURNING_TO_START,load_zone_26,dump_zone_3,0.000244,0.000654
666.812,2026-05-23T13:24:33.879,2,-101.317,450.192,0.0,-0.5,1000.0,RETURNING_TO_START,load_zone_22,dump_zone_22,0.000237,0.000635
666.812,2026-05-23T13:24:33.879,3,597.5,92.608,23.733,0.2184,1000.0,RETURNING_TO_START,load_zone_26,dump_zone_3,0.000287,0.000769
667.817,2026-05-23T13:24:34.974,1,597.5,64.994,23.672,0.2143,1000.0,RETURNING_TO_START,load_zone_26,dump_zone_3,5.8e-05,0.000155
667.817,2026-05-23T13:24:34.974,2,-101.317,450.192,0.0,-0.5,1000.0,RETURNING_TO_START,load_zone_22,dump_zone_22,4.8e-05,0.000129
667.817,2026-05-23T13:24:34.974,3,597.5,99.374,24.552,0.0241,1000.0,RETURNING_TO_START,load_zone_26,dump_zone_3,5.4e-05,0.000145
668.871,2026-05-23T13:24:35.937,1,597.5,72.123,24.821,0.1194,1000.0,RETURNING_TO_START,load_zone_26,dump_zone_3,0.000221,0.000592
668.871,2026-05-23T13:24:35.937,2,-101.317,450.192,0.0,-0.5,1000.0,RETURNING_TO_START,load_zone_22,dump_zone_22,0.000189,0.000507
668.871,2026-05-23T13:24:35.937,3,597.5,106.51,24.066,-0.296,1000.0,RETURNING_TO_START,load_zone_26,dump_zone_3,0.000189,0.000507
669.88,2026-05-23T13:24:36.947,1,597.5,79.008,24.252,-0.1033,1000.0,RETURNING_TO_START,load_zone_26,dump_zone_3,0.000299,0.000801
669.88,2026-05-23T13:24:36.947,2,-101.317,450.192,0.0,-0.5,1000.0,RETURNING_TO_START,load_zone_22,dump_zone_22,0.000285,0.000764
669.88,2026-05-23T13:24:36.947,3,597.5,113.16,23.355,-0.245,1000.0,RETURNING_TO_START,load_zone_26,dump_zone_3,0.000285,0.000764
670.955,2026-05-23T13:24:38.022,1,597.5,86.157,23.581,-0.2653,1000.0,RETURNING_TO_START,load_zone_26,dump_zone_3,0.000252,0.000675
670.955,2026-05-23T13:24:38.022,2,-101.317,450.192,0.0,-0.5,1000.0,RETURNING_TO_START,load_zone_22,dump_zone_22,0.000252,0.000675
670.955,2026-05-23T13:24:38.022,3,597.5,120.205,24.069,0.1387,1000.0,RETURNING_TO_START,load_zone_26,dump_zone_3,0.000296,0.000793
671.962,2026-05-23T13:24:39.084,1,597.5,92.744,23.512,-0.0375,1000.0,RETURNING_TO_START,load_zone_26,dump_zone_3,5.5e-05,0.000147
671.962,2026-05-23T13:24:39.084,2,-101.317,450.192,0.0,-0.5,1000.0,RETURNING_TO_START,load_zone_22,dump_zone_22,5.1e-05,0.000137
671.962,2026-05-23T13:24:39.084,3,597.5,126.928,23.993,-0.0385,1000.0,RETURNING_TO_START,load_zone_26,dump_zone_3,5.5e-05,0.000147
672.983,2026-05-23T13:24:40.050,1,597.5,99.575,24.936,0.5695,1000.0,RETURNING_TO_START,load_zone_26,dump_zone_3,0.000296,0.000793
672.983,2026-05-23T13:24:40.050,2,-101.317,450.192,0.0,-0.5,1000.0,RETURNING_TO_START,load_zone_22,dump_zone_22,0.00021,0.000563
672.983,2026-05-23T13:24:40.050,3,597.5,133.846,24.776,0.0626,1000.0,RETURNING_TO_START,load_zone_26,dump_zone_3,0.000239,0.000641
673.991,2026-05-23T13:24:41.116,1,597.5,106.683,25.302,-0.3315,1000.0,RETURNING_TO_START,load_zone_26,dump_zone_3,4.8e-05,0.000129
673.991,2026-05-23T13:24:41.116,2,-101.317,450.192,0.0,-0.5,1000.0,RETURNING_TO_START,load_zone_22,dump_zone_22,4.8e-05,0.000129
673.991,2026-05-23T13:24:41.116,3,597.5,140.756,24.223,-0.3501,1000.0,RETURNING_TO_START,load_zone_26,dump_zone_3,4.8e-05,0.000129
675.063,2026-05-23T13:24:42.130,1,597.5,113.949,23.762,-0.1529,1000.0,RETURNING_TO_START,load_zone_26,dump_zone_3,0.000288,0.000772
675.063,2026-05-23T13:24:42.130,2,-101.317,450.192,0.0,-0.5,1000.0,RETURNING_TO_START,load_zone_22,dump_zone_22,0.000282,0.000756
675.063,2026-05-23T13:24:42.130,3,597.5,147.902,23.97,0.0591,1000.0,RETURNING_TO_START,load_zone_26,dump_zone_3,0.000319,0.000855
676.107,2026-05-23T13:24:43.174,1,597.5,120.74,23.139,0.0431,1000.0,RETURNING_TO_START,load_zone_26,dump_zone_3,0.000265,0.00071
676.107,2026-05-23T13:24:43.174,2,-101.317,450.192,0.0,-0.5,1000.0,RETURNING_TO_START,load_zone_22,dump_zone_22,0.000237,0.000635
676.107,2026-05-23T13:24:43.174,3,597.5,154.723,22.761,-0.5,1000.0,RETURNING_TO_START,load_zone_26,dump_zone_3,0.000237,0.000635
677.112,2026-05-23T13:24:44.179,1,597.5,127.347,24.541,0.6101,1000.0,RETURNING_TO_START,load_zone_26,dump_zone_3,7.3e-05,0.000196
677.112,2026-05-23T13:24:44.179,2,-101.317,450.192,0.0,-0.5,1000.0,RETURNING_TO_START,load_zone_22,dump_zone_22,5.1e-05,0.000137
677.112,2026-05-23T13:24:44.179,3,597.5,160.811,20.972,-0.5,1000.0,RETURNING_TO_START,load_zone_26,dump_zone_3,5.1e-05,0.000137
678.152,2026-05-23T13:24:45.219,1,597.5,134.658,25.387,-0.2624,1000.0,RETURNING_TO_START,load_zone_26,dump_zone_3,0.000165,0.000442
678.152,2026-05-23T13:24:45.219,2,-101.317,450.192,0.0,-0.5,1000.0,RETURNING_TO_START,load_zone_22,dump_zone_22,0.000165,0.000442
678.152,2026-05-23T13:24:45.219,3,597.5,166.584,19.1,-0.5,1000.0,RETURNING_TO_START,load_zone_26,dump_zone_3,0.000165,0.000442
679.179,2026-05-23T13:24:46.247,1,597.5,141.699,23.985,-0.369,1000.0,RETURNING_TO_START,load_zone_26,dump_zone_3,0.000162,0.000434
679.179,2026-05-23T13:24:46.247,2,-101.317,450.192,0.0,-0.5,1000.0,RETURNING_TO_START,load_zone_22,dump_zone_22,0.000162,0.000434
679.179,2026-05-23T13:24:46.247,3,597.5,171.753,17.251,-0.5,1000.0,RETURNING_TO_START,load_zone_26,dump_zone_3,0.000162,0.000434
680.181,2026-05-23T13:24:47.324,1,597.5,148.296,23.637,-0.1196,1000.0,RETURNING_TO_START,load_zone_26,dump_zone_3,5e-05,0.000134
680.181,2026-05-23T13:24:47.324,2,-101.317,450.192,0.0,-0.5,1000.0,RETURNING_TO_START,load_zone_22,dump_zone_22,4.8e-05,0.000129
680.181,2026-05-23T13:24:47.324,3,597.5,176.288,15.448,-0.484,1000.0,RETURNING_TO_START,load_zone_26,dump_zone_3,4.8e-05,0.000129
681.226,2026-05-23T13:24:48.293,1,597.5,155.152,23.202,-0.5,1000.0,RETURNING_TO_START,load_zone_26,dump_zone_3,0.000261,0.000699
681.226,2026-05-23T13:24:48.293,2,-101.317,450.192,0.0,-0.5,1000.0,RETURNING_TO_START,load_zone_22,dump_zone_22,0.000261,0.000699
681.226,2026-05-23T13:24:48.293,3,597.5,180.484,13.574,-0.5,1000.0,RETURNING_TO_START,load_zone_26,dump_zone_3,0.000261,0.000699
682.273,2026-05-23T13:24:49.340,1,597.5,161.609,21.317,-0.5,1000.0,RETURNING_TO_START,load_zone_26,dump_zone_3,0.000234,0.000627
682.273,2026-05-23T13:24:49.340,2,-101.317,450.192,0.0,-0.5,1000.0,RETURNING_TO_START,load_zone_22,dump_zone_22,0.000234,0.000627
682.273,2026-05-23T13:24:49.340,3,597.5,184.142,11.689,-0.5,1000.0,RETURNING_TO_START,load_zone_26,dump_zone_3,0.000234,0.000627
683.276,2026-05-23T13:24:50.431,1,597.5,167.282,19.512,-0.5,1000.0,RETURNING_TO_START,load_zone_26,dump_zone_3,4.8e-05,0.000129
683.276,2026-05-23T13:24:50.431,2,-101.317,450.192,0.0,-0.5,1000.0,RETURNING_TO_START,load_zone_22,dump_zone_22,4.8e-05,0.000129
683.276,2026-05-23T13:24:50.431,3,597.373,187.126,9.884,-0.5,1000.0,RETURNING_TO_START,load_zone_26,dump_zone_3,4.8e-05,0.000129
684.302,2026-05-23T13:24:51.369,1,597.5,172.562,17.665,-0.5,1000.0,RETURNING_TO_START,load_zone_26,dump_zone_3,0.000213,0.000571
684.302,2026-05-23T13:24:51.369,2,-101.317,450.192,0.0,-0.5,1000.0,RETURNING_TO_START,load_zone_22,dump_zone_22,0.000213,0.000571
684.302,2026-05-23T13:24:51.369,3,596.617,189.539,8.037,-0.5,1000.0,RETURNING_TO_START,load_zone_26,dump_zone_3,0.000213,0.000571
685.377,2026-05-23T13:24:52.444,1,597.5,177.529,15.73,-0.5,1000.0,RETURNING_TO_START,load_zone_26,dump_zone_3,0.000234,0.000627
685.377,2026-05-23T13:24:52.444,2,-101.317,450.192,0.0,-0.5,1000.0,RETURNING_TO_START,load_zone_22,dump_zone_22,0.000234,0.000627
685.377,2026-05-23T13:24:52.444,3,595.915,191.537,6.333,-0.485,1000.0,RETURNING_TO_START,load_zone_26,dump_zone_3,0.000234,0.000627
686.401,2026-05-23T13:24:53.470,1,597.5,181.724,13.887,-0.5,1000.0,RETURNING_TO_START,load_zone_26,dump_zone_3,0.000192,0.000515
686.401,2026-05-23T13:24:53.470,2,-101.317,450.192,0.0,-0.5,1000.0,RETURNING_TO_START,load_zone_22,dump_zone_22,0.000192,0.000515
686.401,2026-05-23T13:24:53.470,3,595.634,193.141,5.554,0.0992,1000.0,RETURNING_TO_START,load_zone_26,dump_zone_3,0.000199,0.000533
687.418,2026-05-23T13:24:54.544,1,597.494,185.371,12.056,-0.5,1000.0,RETURNING_TO_START,load_zone_26,dump_zone_3,0.0003,0.000804
687.418,2026-05-23T13:24:54.544,2,-101.317,450.192,0.0,-0.5,1000.0,RETURNING_TO_START,load_zone_22,dump_zone_22,0.0003,0.000804
687.418,2026-05-23T13:24:54.544,3,595.53,194.678,5.276,-0.2093,1000.0,RETURNING_TO_START,load_zone_26,dump_zone_3,0.0003,0.000804
688.51,2026-05-23T13:24:55.666,1,597.299,188.7,10.09,-0.5,1000.0,RETURNING_TO_START,load_zone_26,dump_zone_3,0.000339,0.000909
688.51,2026-05-23T13:24:55.666,2,-101.317,450.192,0.0,-0.5,1000.0,RETURNING_TO_START,load_zone_22,dump_zone_22,0.000339,0.000909
688.51,2026-05-23T13:24:55.666,3,595.776,196.121,4.934,0.3181,1000.0,RETURNING_TO_START,load_zone_26,dump_zone_3,0.000358,0.000959
689.564,2026-05-23T13:24:56.632,1,597.105,191.342,8.193,-0.5,1000.0,RETURNING_TO_START,load_zone_26,dump_zone_3,0.000297,0.000796
689.564,2026-05-23T13:24:56.632,2,-101.317,450.192,0.0,-0.5,1000.0,RETURNING_TO_START,load_zone_22,dump_zone_22,0.000297,0.000796
689.564,2026-05-23T13:24:56.632,3,596.364,197.457,4.611,-0.472,1000.0,RETURNING_TO_START,load_zone_26,dump_zone_3,0.000297,0.000796
690.643,2026-05-23T13:24:57.819,1,596.986,193.474,6.251,-0.5,1000.0,RETURNING_TO_START,load_zone_26,dump_zone_3,0.000303,0.000812
690.643,2026-05-23T13:24:57.819,2,-101.317,450.192,0.0,-0.5,1000.0,RETURNING_TO_START,load_zone_22,dump_zone_22,0.000303,0.000812
690.643,2026-05-23T13:24:57.819,3,596.727,198.455,2.669,-0.5,1000.0,RETURNING_TO_START,load_zone_26,dump_zone_3,0.000303,0.000812
691.728,2026-05-23T13:24:58.887,1,597.005,195.032,4.298,-0.5,1000.0,RETURNING_TO_START,load_zone_26,dump_zone_3,0.000306,0.00082
691.728,2026-05-23T13:24:58.887,2,-101.317,450.192,0.0,-0.5,1000.0,RETURNING_TO_START,load_zone_22,dump_zone_22,0.000306,0.00082
691.728,2026-05-23T13:24:58.887,3,596.851,198.919,0.716,-0.5,1000.0,RETURNING_TO_START,load_zone_26,dump_zone_3,0.000306,0.00082
692.83,2026-05-23T13:24:59.993,1,596.816,195.995,2.314,-0.5,1000.0,RETURNING_TO_START,load_zone_26,dump_zone_3,0.000309,0.000828
692.83,2026-05-23T13:24:59.993,2,-101.317,450.192,0.0,-0.5,1000.0,RETURNING_TO_START,load_zone_22,dump_zone_22,0.000309,0.000828
692.83,2026-05-23T13:24:59.993,3,596.858,198.948,0.0,-0.5,1000.0,RETURNING_TO_START,load_zone_26,dump_zone_3,0.000309,0.000828
693.903,2026-05-23T13:25:01.062,1,596.731,196.358,0.383,-0.5,1000.0,RETURNING_TO_START,load_zone_26,dump_zone_3,0.000312,0.000836
693.903,2026-05-23T13:25:01.062,2,-101.317,450.192,0.0,-0.5,1000.0,RETURNING_TO_START,load_zone_22,dump_zone_22,0.000312,0.000836
693.903,2026-05-23T13:25:01.062,3,596.858,198.948,0.0,-0.5,1000.0,RETURNING_TO_START,load_zone_26,dump_zone_3,0.000312,0.000836
694.987,2026-05-23T13:25:02.055,1,596.73,196.364,0.0,-0.0684,1000.0,RETURNING_TO_START,load_zone_26,dump_zone_3,0.000279,0.000748
694.987,2026-05-23T13:25:02.055,2,-101.317,450.192,0.0,-0.5,1000.0,RETURNING_TO_START,load_zone_22,dump_zone_22,0.000279,0.000748
694.987,2026-05-23T13:25:02.055,3,596.858,198.948,0.0,-0.5,1000.0,RETURNING_TO_START,load_zone_26,dump_zone_3,0.000279,0.000748
696.083,2026-05-23T13:25:03.151,1,596.73,196.364,0.0,-0.0399,1000.0,RETURNING_TO_START,load_zone_26,dump_zone_3,0.000294,0.000788
696.083,2026-05-23T13:25:03.151,2,-101.317,450.192,0.0,-0.5,1000.0,RETURNING_TO_START,load_zone_22,dump_zone_22,0.000294,0.000788
696.083,2026-05-23T13:25:03.151,3,596.858,198.948,0.0,-0.5,1000.0,RETURNING_TO_START,load_zone_26,dump_zone_3,0.000294,0.000788
697.164,2026-05-23T13:25:04.232,1,596.73,196.364,0.0,-0.0302,1000.0,RETURNING_TO_START,load_zone_26,dump_zone_3,0.000276,0.00074
697.164,2026-05-23T13:25:04.232,2,-101.317,450.192,0.0,-0.5,1000.0,RETURNING_TO_START,load_zone_22,dump_zone_22,0.000276,0.00074
697.164,2026-05-23T13:25:04.232,3,596.858,198.948,0.0,-0.5,1000.0,RETURNING_TO_START,load_zone_26,dump_zone_3,0.000276,0.00074
698.25,2026-05-23T13:25:05.317,1,596.73,196.364,0.0,-0.0325,1000.0,RETURNING_TO_START,load_zone_26,dump_zone_3,0.000279,0.000748
698.25,2026-05-23T13:25:05.317,2,-101.317,450.192,0.0,-0.5,1000.0,RETURNING_TO_START,load_zone_22,dump_zone_22,0.000279,0.000748
698.25,2026-05-23T13:25:05.317,3,596.858,198.948,0.0,-0.5,1000.0,RETURNING_TO_START,load_zone_26,dump_zone_3,0.000279,0.000748
699.256,2026-05-23T13:25:06.411,1,596.73,196.364,0.0,-0.0422,1000.0,RETURNING_TO_START,load_zone_26,dump_zone_3,5.1e-05,0.000137
699.256,2026-05-23T13:25:06.411,2,-101.317,450.192,0.0,-0.5,1000.0,RETURNING_TO_START,load_zone_22,dump_zone_22,5.1e-05,0.000137
699.256,2026-05-23T13:25:06.411,3,596.858,198.948,0.0,-0.5,1000.0,RETURNING_TO_START,load_zone_26,dump_zone_3,5.1e-05,0.000137
700.338,2026-05-23T13:25:07.405,1,596.73,196.364,0.0,-0.0286,1000.0,RETURNING_TO_START,load_zone_26,dump_zone_3,0.000294,0.000788
700.338,2026-05-23T13:25:07.405,2,-101.317,450.192,0.0,-0.5,1000.0,RETURNING_TO_START,load_zone_22,dump_zone_22,0.000294,0.000788
700.338,2026-05-23T13:25:07.405,3,596.858,198.948,0.0,-0.5,1000.0,RETURNING_TO_START,load_zone_26,dump_zone_3,0.000294,0.000788
701.348,2026-05-23T13:25:08.502,1,596.73,196.364,0.0,-0.0354,1000.0,RETURNING_TO_START,load_zone_26,dump_zone_3,5.1e-05,0.000137
701.348,2026-05-23T13:25:08.502,2,-101.317,450.192,0.0,-0.5,1000.0,RETURNING_TO_START,load_zone_22,dump_zone_22,5.1e-05,0.000137
701.348,2026-05-23T13:25:08.502,3,596.858,198.948,0.0,-0.5,1000.0,RETURNING_TO_START,load_zone_26,dump_zone_3,5.1e-05,0.000137
702.44,2026-05-23T13:25:09.594,1,596.73,196.364,0.0,-0.0068,1000.0,RETURNING_TO_START,load_zone_26,dump_zone_3,0.00033,0.000884
702.44,2026-05-23T13:25:09.594,2,-101.317,450.192,0.0,-0.5,1000.0,RETURNING_TO_START,load_zone_22,dump_zone_22,0.00033,0.000884
702.44,2026-05-23T13:25:09.594,3,596.858,198.948,0.0,-0.5,1000.0,RETURNING_TO_START,load_zone_26,dump_zone_3,0.00033,0.000884
703.52,2026-05-23T13:25:10.587,1,596.73,196.364,0.0,0.0006,1000.0,RETURNING_TO_START,load_zone_26,dump_zone_3,0.00027,0.000724
703.52,2026-05-23T13:25:10.587,2,-101.317,450.192,0.0,-0.5,1000.0,RETURNING_TO_START,load_zone_22,dump_zone_22,0.00027,0.000724
703.52,2026-05-23T13:25:10.587,3,596.858,198.948,0.0,-0.5,1000.0,RETURNING_TO_START,load_zone_26,dump_zone_3,0.00027,0.000724
704.536,2026-05-23T13:25:11.689,1,596.73,196.364,0.0,-0.0108,1000.0,RETURNING_TO_START,load_zone_26,dump_zone_3,0.000324,0.000868
704.536,2026-05-23T13:25:11.689,2,-101.317,450.192,0.0,-0.5,1000.0,RETURNING_TO_START,load_zone_22,dump_zone_22,0.000324,0.000868
704.536,2026-05-23T13:25:11.689,3,596.858,198.948,0.0,-0.5,1000.0,RETURNING_TO_START,load_zone_26,dump_zone_3,0.000324,0.000868
705.543,2026-05-23T13:25:12.691,1,596.73,196.364,0.0,-0.0157,1000.0,RETURNING_TO_START,load_zone_26,dump_zone_3,5.1e-05,0.000137
705.543,2026-05-23T13:25:12.691,2,-101.317,450.192,0.0,-0.5,1000.0,RETURNING_TO_START,load_zone_22,dump_zone_22,5.1e-05,0.000137
705.543,2026-05-23T13:25:12.691,3,596.858,198.948,0.0,-0.5,1000.0,RETURNING_TO_START,load_zone_26,dump_zone_3,5.1e-05,0.000137
706.629,2026-05-23T13:25:13.696,1,596.73,196.364,0.0,-0.0413,1000.0,RETURNING_TO_START,load_zone_26,dump_zone_3,0.000285,0.000764
706.629,2026-05-23T13:25:13.696,2,-101.317,450.192,0.0,-0.5,1000.0,RETURNING_TO_START,load_zone_22,dump_zone_22,0.000285,0.000764
706.629,2026-05-23T13:25:13.696,3,596.858,198.948,0.0,-0.5,1000.0,RETURNING_TO_START,load_zone_26,dump_zone_3,0.000285,0.000764
707.632,2026-05-23T13:25:14.794,1,596.73,196.364,0.0,-0.0369,1000.0,RETURNING_TO_START,load_zone_26,dump_zone_3,5.1e-05,0.000137
707.632,2026-05-23T13:25:14.794,2,-101.317,450.192,0.0,-0.5,1000.0,RETURNING_TO_START,load_zone_22,dump_zone_22,5.1e-05,0.000137
707.632,2026-05-23T13:25:14.794,3,596.858,198.948,0.0,-0.5,1000.0,RETURNING_TO_START,load_zone_26,dump_zone_3,5.1e-05,0.000137
708.704,2026-05-23T13:25:15.771,1,596.73,196.364,0.0,-0.0281,1000.0,RETURNING_TO_START,load_zone_26,dump_zone_3,0.000276,0.00074
708.704,2026-05-23T13:25:15.771,2,-101.317,450.192,0.0,-0.5,1000.0,RETURNING_TO_START,load_zone_22,dump_zone_22,0.000276,0.00074
708.704,2026-05-23T13:25:15.771,3,596.858,198.948,0.0,-0.5,1000.0,RETURNING_TO_START,load_zone_26,dump_zone_3,0.000276,0.00074
709.79,2026-05-23T13:25:16.857,1,596.73,196.364,0.0,-0.0318,1000.0,RETURNING_TO_START,load_zone_26,dump_zone_3,0.000291,0.00078
709.79,2026-05-23T13:25:16.857,2,-101.317,450.192,0.0,-0.5,1000.0,RETURNING_TO_START,load_zone_22,dump_zone_22,0.000291,0.00078
709.79,2026-05-23T13:25:16.857,3,596.858,198.948,0.0,-0.5,1000.0,RETURNING_TO_START,load_zone_26,dump_zone_3,0.000291,0.00078
710.883,2026-05-23T13:25:17.951,1,596.73,196.364,0.0,-0.0408,1000.0,RETURNING_TO_START,load_zone_26,dump_zone_3,0.000285,0.000764
710.883,2026-05-23T13:25:17.951,2,-101.317,450.192,0.0,-0.5,1000.0,RETURNING_TO_START,load_zone_22,dump_zone_22,0.000285,0.000764
710.883,2026-05-23T13:25:17.951,3,596.858,198.948,0.0,-0.5,1000.0,RETURNING_TO_START,load_zone_26,dump_zone_3,0.000285,0.000764
711.971,2026-05-23T13:25:19.038,1,596.73,196.364,0.0,-0.0355,1000.0,RETURNING_TO_START,load_zone_26,dump_zone_3,0.000279,0.000748
711.971,2026-05-23T13:25:19.038,2,-101.317,450.192,0.0,-0.5,1000.0,RETURNING_TO_START,load_zone_22,dump_zone_22,0.000279,0.000748
711.971,2026-05-23T13:25:19.038,3,596.858,198.948,0.0,-0.5,1000.0,RETURNING_TO_START,load_zone_26,dump_zone_3,0.000279,0.000748
713.081,2026-05-23T13:25:20.232,1,596.73,196.364,0.0,-0.0093,1000.0,RETURNING_TO_START,load_zone_26,dump_zone_3,0.000357,0.000957
713.081,2026-05-23T13:25:20.232,2,-101.317,450.192,0.0,-0.5,1000.0,RETURNING_TO_START,load_zone_22,dump_zone_22,0.000357,0.000957
713.081,2026-05-23T13:25:20.232,3,596.858,198.948,0.0,-0.5,1000.0,RETURNING_TO_START,load_zone_26,dump_zone_3,0.000357,0.000957
714.166,2026-05-23T13:25:21.233,1,596.73,196.364,0.0,-0.0335,1000.0,RETURNING_TO_START,load_zone_26,dump_zone_3,0.000285,0.000764
714.166,2026-05-23T13:25:21.233,2,-101.317,450.192,0.0,-0.5,1000.0,RETURNING_TO_START,load_zone_22,dump_zone_22,0.000285,0.000764
714.166,2026-05-23T13:25:21.233,3,596.858,198.948,0.0,-0.5,1000.0,RETURNING_TO_START,load_zone_26,dump_zone_3,0.000285,0.000764
715.252,2026-05-23T13:25:22.320,1,596.73,196.364,0.0,-0.033,1000.0,RETURNING_TO_START,load_zone_26,dump_zone_3,0.000294,0.000788
715.252,2026-05-23T13:25:22.320,2,-101.317,450.192,0.0,-0.5,1000.0,RETURNING_TO_START,load_zone_22,dump_zone_22,0.000294,0.000788
715.252,2026-05-23T13:25:22.320,3,596.858,198.948,0.0,-0.5,1000.0,RETURNING_TO_START,load_zone_26,dump_zone_3,0.000294,0.000788
716.254,2026-05-23T13:25:23.407,1,596.73,196.364,0.0,-0.0301,1000.0,RETURNING_TO_START,load_zone_26,dump_zone_3,4.8e-05,0.000129
716.254,2026-05-23T13:25:23.407,2,-101.317,450.192,0.0,-0.5,1000.0,RETURNING_TO_START,load_zone_22,dump_zone_22,4.8e-05,0.000129
716.254,2026-05-23T13:25:23.407,3,596.858,198.948,0.0,-0.5,1000.0,RETURNING_TO_START,load_zone_26,dump_zone_3,4.8e-05,0.000129
717.272,2026-05-23T13:25:24.434,1,596.73,196.364,0.0,-0.0135,1000.0,RETURNING_TO_START,load_zone_26,dump_zone_3,0.000339,0.000909
717.272,2026-05-23T13:25:24.434,2,-101.317,450.192,0.0,-0.5,1000.0,RETURNING_TO_START,load_zone_22,dump_zone_22,0.000339,0.000909
717.272,2026-05-23T13:25:24.434,3,596.858,198.948,0.0,-0.5,1000.0,RETURNING_TO_START,load_zone_26,dump_zone_3,0.000339,0.000909
718.358,2026-05-23T13:25:25.523,1,596.73,196.364,0.0,-0.0117,1000.0,RETURNING_TO_START,load_zone_26,dump_zone_3,0.000318,0.000852
718.358,2026-05-23T13:25:25.523,2,-101.317,450.192,0.0,-0.5,1000.0,RETURNING_TO_START,load_zone_22,dump_zone_22,0.000318,0.000852
718.358,2026-05-23T13:25:25.523,3,596.858,198.948,0.0,-0.5,1000.0,RETURNING_TO_START,load_zone_26,dump_zone_3,0.000318,0.000852
719.439,2026-05-23T13:25:26.506,1,596.73,196.364,0.0,-0.0355,1000.0,RETURNING_TO_START,load_zone_26,dump_zone_3,0.000285,0.000764
719.439,2026-05-23T13:25:26.506,2,-101.317,450.192,0.0,-0.5,1000.0,RETURNING_TO_START,load_zone_22,dump_zone_22,0.000285,0.000764
719.439,2026-05-23T13:25:26.506,3,596.858,198.948,0.0,-0.5,1000.0,RETURNING_TO_START,load_zone_26,dump_zone_3,0.000285,0.000764
720.532,2026-05-23T13:25:27.600,1,596.73,196.364,0.0,-0.034,1000.0,RETURNING_TO_START,load_zone_26,dump_zone_3,0.000297,0.000796
720.532,2026-05-23T13:25:27.600,2,-101.317,450.192,0.0,-0.5,1000.0,RETURNING_TO_START,load_zone_22,dump_zone_22,0.000297,0.000796
720.532,2026-05-23T13:25:27.600,3,596.858,198.948,0.0,-0.5,1000.0,RETURNING_TO_START,load_zone_26,dump_zone_3,0.000297,0.000796
721.613,2026-05-23T13:25:28.681,1,596.73,196.364,0.0,-0.034,1000.0,RETURNING_TO_START,load_zone_26,dump_zone_3,0.000282,0.000756
721.613,2026-05-23T13:25:28.681,2,-101.317,450.192,0.0,-0.5,1000.0,RETURNING_TO_START,load_zone_22,dump_zone_22,0.000282,0.000756
721.613,2026-05-23T13:25:28.681,3,596.858,198.948,0.0,-0.5,1000.0,RETURNING_TO_START,load_zone_26,dump_zone_3,0.000282,0.000756
722.617,2026-05-23T13:25:29.768,1,596.73,196.364,0.0,-0.0329,1000.0,RETURNING_TO_START,load_zone_26,dump_zone_3,0.000303,0.000812
722.617,2026-05-23T13:25:29.768,2,-101.317,450.192,0.0,-0.5,1000.0,RETURNING_TO_START,load_zone_22,dump_zone_22,0.000303,0.000812
722.617,2026-05-23T13:25:29.768,3,596.858,198.948,0.0,-0.5,1000.0,RETURNING_TO_START,load_zone_26,dump_zone_3,0.000303,0.000812
723.688,2026-05-23T13:25:30.840,1,596.73,196.364,0.0,-0.0251,1000.0,RETURNING_TO_START,load_zone_26,dump_zone_3,0.000315,0.000844
723.688,2026-05-23T13:25:30.840,2,-101.317,450.192,0.0,-0.5,1000.0,RETURNING_TO_START,load_zone_22,dump_zone_22,0.000315,0.000844
723.688,2026-05-23T13:25:30.840,3,596.858,198.948,0.0,-0.5,1000.0,RETURNING_TO_START,load_zone_26,dump_zone_3,0.000315,0.000844
724.778,2026-05-23T13:25:31.845,1,596.73,196.364,0.0,-0.0417,1000.0,RETURNING_TO_START,load_zone_26,dump_zone_3,0.000285,0.000764
724.778,2026-05-23T13:25:31.845,2,-101.317,450.192,0.0,-0.5,1000.0,RETURNING_TO_START,load_zone_22,dump_zone_22,0.000285,0.000764
724.778,2026-05-23T13:25:31.845,3,596.858,198.948,0.0,-0.5,1000.0,RETURNING_TO_START,load_zone_26,dump_zone_3,0.000285,0.000764
725.782,2026-05-23T13:25:32.934,1,596.73,196.364,0.0,-0.0383,1000.0,RETURNING_TO_START,load_zone_26,dump_zone_3,0.00033,0.000884
725.782,2026-05-23T13:25:32.934,2,-101.317,450.192,0.0,-0.5,1000.0,RETURNING_TO_START,load_zone_22,dump_zone_22,0.00033,0.000884
725.782,2026-05-23T13:25:32.934,3,596.858,198.948,0.0,-0.5,1000.0,RETURNING_TO_START,load_zone_26,dump_zone_3,0.00033,0.000884
726.87,2026-05-23T13:25:33.937,1,596.73,196.364,0.0,-0.0088,1000.0,RETURNING_TO_START,load_zone_26,dump_zone_3,0.000279,0.000748
726.87,2026-05-23T13:25:33.937,2,-101.317,450.192,0.0,-0.5,1000.0,RETURNING_TO_START,load_zone_22,dump_zone_22,0.000279,0.000748
726.87,2026-05-23T13:25:33.937,3,596.858,198.948,0.0,-0.5,1000.0,RETURNING_TO_START,load_zone_26,dump_zone_3,0.000279,0.000748
727.879,2026-05-23T13:25:35.032,1,596.73,196.364,0.0,-0.0362,1000.0,RETURNING_TO_START,load_zone_26,dump_zone_3,4.8e-05,0.000129
727.879,2026-05-23T13:25:35.032,2,-101.317,450.192,0.0,-0.5,1000.0,RETURNING_TO_START,load_zone_22,dump_zone_22,4.8e-05,0.000129
727.879,2026-05-23T13:25:35.032,3,596.858,198.948,0.0,-0.5,1000.0,RETURNING_TO_START,load_zone_26,dump_zone_3,4.8e-05,0.000129
728.954,2026-05-23T13:25:36.021,1,596.73,196.364,0.0,-0.0074,1000.0,RETURNING_TO_START,load_zone_26,dump_zone_3,0.000297,0.000796
728.954,2026-05-23T13:25:36.021,2,-101.317,450.192,0.0,-0.5,1000.0,RETURNING_TO_START,load_zone_22,dump_zone_22,0.000297,0.000796
728.954,2026-05-23T13:25:36.021,3,596.858,198.948,0.0,-0.5,1000.0,RETURNING_TO_START,load_zone_26,dump_zone_3,0.000297,0.000796
730.032,2026-05-23T13:25:37.099,1,596.73,196.364,0.0,-0.0437,1000.0,RETURNING_TO_START,load_zone_26,dump_zone_3,0.000282,0.000756
730.032,2026-05-23T13:25:37.099,2,-101.317,450.192,0.0,-0.5,1000.0,RETURNING_TO_START,load_zone_22,dump_zone_22,0.000282,0.000756
730.032,2026-05-23T13:25:37.099,3,596.858,198.948,0.0,-0.5,1000.0,RETURNING_TO_START,load_zone_26,dump_zone_3,0.000282,0.000756
731.122,2026-05-23T13:25:38.189,1,596.73,196.364,0.0,-0.0333,1000.0,RETURNING_TO_START,load_zone_26,dump_zone_3,0.000279,0.000748
731.122,2026-05-23T13:25:38.189,2,-101.317,450.192,0.0,-0.5,1000.0,RETURNING_TO_START,load_zone_22,dump_zone_22,0.000279,0.000748
731.122,2026-05-23T13:25:38.189,3,596.858,198.948,0.0,-0.5,1000.0,RETURNING_TO_START,load_zone_26,dump_zone_3,0.000279,0.000748
732.216,2026-05-23T13:25:39.283,1,596.73,196.364,0.0,-0.015,1000.0,RETURNING_TO_START,load_zone_26,dump_zone_3,0.000291,0.00078
732.216,2026-05-23T13:25:39.283,2,-101.317,450.192,0.0,-0.5,1000.0,RETURNING_TO_START,load_zone_22,dump_zone_22,0.000291,0.00078
732.216,2026-05-23T13:25:39.283,3,596.858,198.948,0.0,-0.5,1000.0,RETURNING_TO_START,load_zone_26,dump_zone_3,0.000291,0.00078
733.217,2026-05-23T13:25:40.284,1,596.73,196.364,0.0,-0.0312,1000.0,RETURNING_TO_START,load_zone_26,dump_zone_3,0.000276,0.00074
733.217,2026-05-23T13:25:40.284,2,-101.317,450.192,0.0,-0.5,1000.0,RETURNING_TO_START,load_zone_22,dump_zone_22,0.000276,0.00074
733.217,2026-05-23T13:25:40.284,3,596.858,198.948,0.0,-0.5,1000.0,RETURNING_TO_START,load_zone_26,dump_zone_3,0.000276,0.00074
734.222,2026-05-23T13:25:41.289,1,596.73,196.364,0.0,-0.0008,1000.0,RETURNING_TO_START,load_zone_26,dump_zone_3,0.000288,0.000772
734.222,2026-05-23T13:25:41.289,2,-101.317,450.192,0.0,-0.5,1000.0,RETURNING_TO_START,load_zone_22,dump_zone_22,0.000288,0.000772
734.222,2026-05-23T13:25:41.289,3,596.858,198.948,0.0,-0.5,1000.0,RETURNING_TO_START,load_zone_26,dump_zone_3,0.000288,0.000772
735.317,2026-05-23T13:25:42.384,1,596.73,196.364,0.0,-0.0384,1000.0,RETURNING_TO_START,load_zone_26,dump_zone_3,0.000294,0.000788
735.317,2026-05-23T13:25:42.384,2,-101.317,450.192,0.0,-0.5,1000.0,RETURNING_TO_START,load_zone_22,dump_zone_22,0.000294,0.000788
735.317,2026-05-23T13:25:42.384,3,596.858,198.948,0.0,-0.5,1000.0,RETURNING_TO_START,load_zone_26,dump_zone_3,0.000294,0.000788
736.413,2026-05-23T13:25:43.480,1,596.73,196.364,0.0,-0.0207,1000.0,RETURNING_TO_START,load_zone_26,dump_zone_3,0.000294,0.000788
736.413,2026-05-23T13:25:43.480,2,-101.317,450.192,0.0,-0.5,1000.0,RETURNING_TO_START,load_zone_22,dump_zone_22,0.000294,0.000788
736.413,2026-05-23T13:25:43.480,3,596.858,198.948,0.0,-0.5,1000.0,RETURNING_TO_START,load_zone_26,dump_zone_3,0.000294,0.000788
737.426,2026-05-23T13:25:44.573,1,596.73,196.364,0.0,-0.0036,1000.0,RETURNING_TO_START,load_zone_26,dump_zone_3,0.000318,0.000852
737.426,2026-05-23T13:25:44.573,2,-101.317,450.192,0.0,-0.5,1000.0,RETURNING_TO_START,load_zone_22,dump_zone_22,0.000318,0.000852
737.426,2026-05-23T13:25:44.573,3,596.858,198.948,0.0,-0.5,1000.0,RETURNING_TO_START,load_zone_26,dump_zone_3,0.000318,0.000852
738.514,2026-05-23T13:25:45.581,1,596.73,196.364,0.0,-0.0172,1000.0,RETURNING_TO_START,load_zone_26,dump_zone_3,0.000282,0.000756
738.514,2026-05-23T13:25:45.581,2,-101.317,450.192,0.0,-0.5,1000.0,RETURNING_TO_START,load_zone_22,dump_zone_22,0.000282,0.000756
738.514,2026-05-23T13:25:45.581,3,596.858,198.948,0.0,-0.5,1000.0,RETURNING_TO_START,load_zone_26,dump_zone_3,0.000282,0.000756
739.586,2026-05-23T13:25:46.653,1,596.73,196.364,0.0,0.0001,1000.0,RETURNING_TO_START,load_zone_26,dump_zone_3,0.000264,0.000708
739.586,2026-05-23T13:25:46.653,2,-101.317,450.192,0.0,-0.5,1000.0,RETURNING_TO_START,load_zone_22,dump_zone_22,0.000264,0.000708
739.586,2026-05-23T13:25:46.653,3,596.858,198.948,0.0,-0.5,1000.0,RETURNING_TO_START,load_zone_26,dump_zone_3,0.000264,0.000708
740.596,2026-05-23T13:25:47.765,1,596.73,196.364,0.0,-0.03,1000.0,RETURNING_TO_START,load_zone_26,dump_zone_3,5.1e-05,0.000137
740.596,2026-05-23T13:25:47.765,2,-101.317,450.192,0.0,-0.5,1000.0,RETURNING_TO_START,load_zone_22,dump_zone_22,5.1e-05,0.000137
740.596,2026-05-23T13:25:47.765,3,596.858,198.948,0.0,-0.5,1000.0,RETURNING_TO_START,load_zone_26,dump_zone_3,5.1e-05,0.000137
741.676,2026-05-23T13:25:48.743,1,596.73,196.364,0.0,-0.0354,1000.0,RETURNING_TO_START,load_zone_26,dump_zone_3,0.000282,0.000756
741.676,2026-05-23T13:25:48.743,2,-101.317,450.192,0.0,-0.5,1000.0,RETURNING_TO_START,load_zone_22,dump_zone_22,0.000282,0.000756
741.676,2026-05-23T13:25:48.743,3,596.858,198.948,0.0,-0.5,1000.0,RETURNING_TO_START,load_zone_26,dump_zone_3,0.000282,0.000756
742.763,2026-05-23T13:25:49.830,1,596.73,196.364,0.0,-0.0151,1000.0,RETURNING_TO_START,load_zone_26,dump_zone_3,0.000288,0.000772
742.763,2026-05-23T13:25:49.830,2,-101.317,450.192,0.0,-0.5,1000.0,RETURNING_TO_START,load_zone_22,dump_zone_22,0.000288,0.000772
742.763,2026-05-23T13:25:49.830,3,596.858,198.948,0.0,-0.5,1000.0,RETURNING_TO_START,load_zone_26,dump_zone_3,0.000288,0.000772
743.764,2026-05-23T13:25:50.919,1,596.73,196.364,0.0,-0.0341,1000.0,RETURNING_TO_START,load_zone_26,dump_zone_3,4.8e-05,0.000129
743.764,2026-05-23T13:25:50.919,2,-101.317,450.192,0.0,-0.5,1000.0,RETURNING_TO_START,load_zone_22,dump_zone_22,4.8e-05,0.000129
743.764,2026-05-23T13:25:50.919,3,596.858,198.948,0.0,-0.5,1000.0,RETURNING_TO_START,load_zone_26,dump_zone_3,4.8e-05,0.000129
744.849,2026-05-23T13:25:51.916,1,596.73,196.364,0.0,-0.0399,1000.0,RETURNING_TO_START,load_zone_26,dump_zone_3,0.000282,0.000756
744.849,2026-05-23T13:25:51.916,2,-101.317,450.192,0.0,-0.5,1000.0,RETURNING_TO_START,load_zone_22,dump_zone_22,0.000282,0.000756
744.849,2026-05-23T13:25:51.916,3,596.858,198.948,0.0,-0.5,1000.0,RETURNING_TO_START,load_zone_26,dump_zone_3,0.000282,0.000756
745.953,2026-05-23T13:25:53.115,1,596.73,196.364,0.0,-0.0308,1000.0,RETURNING_TO_START,load_zone_26,dump_zone_3,0.00033,0.000884
745.953,2026-05-23T13:25:53.115,2,-101.317,450.192,0.0,-0.5,1000.0,RETURNING_TO_START,load_zone_22,dump_zone_22,0.00033,0.000884
745.953,2026-05-23T13:25:53.115,3,596.858,198.948,0.0,-0.5,1000.0,RETURNING_TO_START,load_zone_26,dump_zone_3,0.00033,0.000884
747.046,2026-05-23T13:25:54.113,1,596.73,196.364,0.0,-0.0373,1000.0,RETURNING_TO_START,load_zone_26,dump_zone_3,0.000297,0.000796
747.046,2026-05-23T13:25:54.113,2,-101.317,450.192,0.0,-0.5,1000.0,RETURNING_TO_START,load_zone_22,dump_zone_22,0.000297,0.000796
747.046,2026-05-23T13:25:54.113,3,596.858,198.948,0.0,-0.5,1000.0,RETURNING_TO_START,load_zone_26,dump_zone_3,0.000297,0.000796
748.123,2026-05-23T13:25:55.190,1,596.73,196.364,0.0,-0.0157,1000.0,RETURNING_TO_START,load_zone_26,dump_zone_3,0.000285,0.000764
748.123,2026-05-23T13:25:55.190,2,-101.317,450.192,0.0,-0.5,1000.0,RETURNING_TO_START,load_zone_22,dump_zone_22,0.000285,0.000764
748.123,2026-05-23T13:25:55.190,3,596.858,198.948,0.0,-0.5,1000.0,RETURNING_TO_START,load_zone_26,dump_zone_3,0.000285,0.000764
749.139,2026-05-23T13:25:56.290,1,596.73,196.364,0.0,-0.0265,1000.0,RETURNING_TO_START,load_zone_26,dump_zone_3,5.1e-05,0.000137
749.139,2026-05-23T13:25:56.290,2,-101.317,450.192,0.0,-0.5,1000.0,RETURNING_TO_START,load_zone_22,dump_zone_22,5.1e-05,0.000137
749.139,2026-05-23T13:25:56.290,3,596.858,198.948,0.0,-0.5,1000.0,RETURNING_TO_START,load_zone_26,dump_zone_3,5.1e-05,0.000137
750.226,2026-05-23T13:25:57.293,1,596.73,196.364,0.0,-0.0259,1000.0,RETURNING_TO_START,load_zone_26,dump_zone_3,0.000276,0.00074
750.226,2026-05-23T13:25:57.293,2,-101.317,450.192,0.0,-0.5,1000.0,RETURNING_TO_START,load_zone_22,dump_zone_22,0.000276,0.00074
750.226,2026-05-23T13:25:57.293,3,596.858,198.948,0.0,-0.5,1000.0,RETURNING_TO_START,load_zone_26,dump_zone_3,0.000276,0.00074
751.315,2026-05-23T13:25:58.382,1,596.73,196.364,0.0,-0.0413,1000.0,RETURNING_TO_START,load_zone_26,dump_zone_3,0.000276,0.00074
751.315,2026-05-23T13:25:58.382,2,-101.317,450.192,0.0,-0.5,1000.0,RETURNING_TO_START,load_zone_22,dump_zone_22,0.000276,0.00074
751.315,2026-05-23T13:25:58.382,3,596.858,198.948,0.0,-0.5,1000.0,RETURNING_TO_START,load_zone_26,dump_zone_3,0.000276,0.00074
752.405,2026-05-23T13:25:59.472,1,596.73,196.364,0.0,-0.0117,1000.0,RETURNING_TO_START,load_zone_26,dump_zone_3,0.000282,0.000756
752.405,2026-05-23T13:25:59.472,2,-101.317,450.192,0.0,-0.5,1000.0,RETURNING_TO_START,load_zone_22,dump_zone_22,0.000282,0.000756
752.405,2026-05-23T13:25:59.472,3,596.858,198.948,0.0,-0.5,1000.0,RETURNING_TO_START,load_zone_26,dump_zone_3,0.000282,0.000756
753.406,2026-05-23T13:26:00.474,1,596.73,196.364,0.0,-0.0096,1000.0,RETURNING_TO_START,load_zone_26,dump_zone_3,0.000282,0.000756
753.406,2026-05-23T13:26:00.474,2,-101.317,450.192,0.0,-0.5,1000.0,RETURNING_TO_START,load_zone_22,dump_zone_22,0.000282,0.000756
753.406,2026-05-23T13:26:00.474,3,596.858,198.948,0.0,-0.5,1000.0,RETURNING_TO_START,load_zone_26,dump_zone_3,0.000282,0.000756
754.41,2026-05-23T13:26:01.478,1,596.73,196.364,0.0,-0.0079,1000.0,RETURNING_TO_START,load_zone_26,dump_zone_3,0.000276,0.00074
754.41,2026-05-23T13:26:01.478,2,-101.317,450.192,0.0,-0.5,1000.0,RETURNING_TO_START,load_zone_22,dump_zone_22,0.000276,0.00074
754.41,2026-05-23T13:26:01.478,3,596.858,198.948,0.0,-0.5,1000.0,RETURNING_TO_START,load_zone_26,dump_zone_3,0.000276,0.00074
755.413,2026-05-23T13:26:02.569,1,596.73,196.364,0.0,-0.0196,1000.0,RETURNING_TO_START,load_zone_26,dump_zone_3,5.1e-05,0.000137
755.413,2026-05-23T13:26:02.569,2,-101.317,450.192,0.0,-0.5,1000.0,RETURNING_TO_START,load_zone_22,dump_zone_22,5.1e-05,0.000137
755.413,2026-05-23T13:26:02.569,3,596.858,198.948,0.0,-0.5,1000.0,RETURNING_TO_START,load_zone_26,dump_zone_3,5.1e-05,0.000137
756.479,2026-05-23T13:26:03.546,1,596.73,196.364,0.0,-0.019,1000.0,RETURNING_TO_START,load_zone_26,dump_zone_3,0.000282,0.000756
756.479,2026-05-23T13:26:03.546,2,-101.317,450.192,0.0,-0.5,1000.0,RETURNING_TO_START,load_zone_22,dump_zone_22,0.000282,0.000756
756.479,2026-05-23T13:26:03.546,3,596.858,198.948,0.0,-0.5,1000.0,RETURNING_TO_START,load_zone_26,dump_zone_3,0.000282,0.000756
757.493,2026-05-23T13:26:04.646,1,596.73,196.364,0.0,-0.0329,1000.0,RETURNING_TO_START,load_zone_26,dump_zone_3,4.8e-05,0.000129
757.493,2026-05-23T13:26:04.646,2,-101.317,450.192,0.0,-0.5,1000.0,RETURNING_TO_START,load_zone_22,dump_zone_22,4.8e-05,0.000129
757.493,2026-05-23T13:26:04.646,3,596.858,198.948,0.0,-0.5,1000.0,RETURNING_TO_START,load_zone_26,dump_zone_3,4.8e-05,0.000129
758.585,2026-05-23T13:26:05.652,1,596.73,196.364,0.0,-0.0329,1000.0,RETURNING_TO_START,load_zone_26,dump_zone_3,0.000279,0.000748
758.585,2026-05-23T13:26:05.652,2,-101.317,450.192,0.0,-0.5,1000.0,RETURNING_TO_START,load_zone_22,dump_zone_22,0.000279,0.000748
758.585,2026-05-23T13:26:05.652,3,596.858,198.948,0.0,-0.5,1000.0,RETURNING_TO_START,load_zone_26,dump_zone_3,0.000279,0.000748
759.591,2026-05-23T13:26:06.658,1,596.73,196.364,0.0,-0.0328,1000.0,RETURNING_TO_START,load_zone_26,dump_zone_3,0.000297,0.000796
759.591,2026-05-23T13:26:06.658,2,-101.317,450.192,0.0,-0.5,1000.0,RETURNING_TO_START,load_zone_22,dump_zone_22,0.000297,0.000796
759.591,2026-05-23T13:26:06.658,3,596.858,198.948,0.0,-0.5,1000.0,RETURNING_TO_START,load_zone_26,dump_zone_3,0.000297,0.000796
760.7,2026-05-23T13:26:07.850,1,596.73,196.364,0.0,-0.0132,1000.0,RETURNING_TO_START,load_zone_26,dump_zone_3,0.00033,0.000884
760.7,2026-05-23T13:26:07.850,2,-101.317,450.192,0.0,-0.5,1000.0,RETURNING_TO_START,load_zone_22,dump_zone_22,0.00033,0.000884
760.7,2026-05-23T13:26:07.850,3,596.858,198.948,0.0,-0.5,1000.0,RETURNING_TO_START,load_zone_26,dump_zone_3,0.00033,0.000884
761.792,2026-05-23T13:26:08.945,1,596.73,196.364,0.0,-0.0305,1000.0,RETURNING_TO_START,load_zone_26,dump_zone_3,0.000303,0.000812
761.792,2026-05-23T13:26:08.945,2,-101.317,450.192,0.0,-0.5,1000.0,RETURNING_TO_START,load_zone_22,dump_zone_22,0.000303,0.000812
761.792,2026-05-23T13:26:08.945,3,596.858,198.948,0.0,-0.5,1000.0,RETURNING_TO_START,load_zone_26,dump_zone_3,0.000303,0.000812
762.876,2026-05-23T13:26:10.027,1,596.73,196.364,0.0,0.0003,1000.0,RETURNING_TO_START,load_zone_26,dump_zone_3,0.00033,0.000884
762.876,2026-05-23T13:26:10.027,2,-101.317,450.192,0.0,-0.5,1000.0,RETURNING_TO_START,load_zone_22,dump_zone_22,0.00033,0.000884
762.876,2026-05-23T13:26:10.027,3,596.858,198.948,0.0,-0.5,1000.0,RETURNING_TO_START,load_zone_26,dump_zone_3,0.00033,0.000884
763.957,2026-05-23T13:26:11.024,1,596.73,196.364,0.0,-0.0433,1000.0,RETURNING_TO_START,load_zone_26,dump_zone_3,0.000282,0.000756
763.957,2026-05-23T13:26:11.024,2,-101.317,450.192,0.0,-0.5,1000.0,RETURNING_TO_START,load_zone_22,dump_zone_22,0.000282,0.000756
763.957,2026-05-23T13:26:11.024,3,596.858,198.948,0.0,-0.5,1000.0,RETURNING_TO_START,load_zone_26,dump_zone_3,0.000282,0.000756
764.97,2026-05-23T13:26:12.116,1,596.73,196.364,0.0,-0.0163,1000.0,RETURNING_TO_START,load_zone_26,dump_zone_3,5.1e-05,0.000137
764.97,2026-05-23T13:26:12.116,2,-101.317,450.192,0.0,-0.5,1000.0,RETURNING_TO_START,load_zone_22,dump_zone_22,5.1e-05,0.000137
764.97,2026-05-23T13:26:12.116,3,596.858,198.948,0.0,-0.5,1000.0,RETURNING_TO_START,load_zone_26,dump_zone_3,5.1e-05,0.000137
766.056,2026-05-23T13:26:13.123,1,596.73,196.364,0.0,-0.046,1000.0,RETURNING_TO_START,load_zone_26,dump_zone_3,0.000282,0.000756
766.056,2026-05-23T13:26:13.123,2,-101.317,450.192,0.0,-0.5,1000.0,RETURNING_TO_START,load_zone_22,dump_zone_22,0.000282,0.000756
766.056,2026-05-23T13:26:13.123,3,596.858,198.948,0.0,-0.5,1000.0,RETURNING_TO_START,load_zone_26,dump_zone_3,0.000282,0.000756
767.071,2026-05-23T13:26:14.221,1,596.73,196.364,0.0,-0.0443,1000.0,RETURNING_TO_START,load_zone_26,dump_zone_3,4.8e-05,0.000129
767.071,2026-05-23T13:26:14.221,2,-101.317,450.192,0.0,-0.5,1000.0,RETURNING_TO_START,load_zone_22,dump_zone_22,4.8e-05,0.000129
767.071,2026-05-23T13:26:14.221,3,596.858,198.948,0.0,-0.5,1000.0,RETURNING_TO_START,load_zone_26,dump_zone_3,4.8e-05,0.000129
768.158,2026-05-23T13:26:15.225,1,596.73,196.364,0.0,-0.0323,1000.0,RETURNING_TO_START,load_zone_26,dump_zone_3,0.000282,0.000756
768.158,2026-05-23T13:26:15.225,2,-101.317,450.192,0.0,-0.5,1000.0,RETURNING_TO_START,load_zone_22,dump_zone_22,0.000282,0.000756
768.158,2026-05-23T13:26:15.225,3,596.858,198.948,0.0,-0.5,1000.0,RETURNING_TO_START,load_zone_26,dump_zone_3,0.000282,0.000756
769.174,2026-05-23T13:26:16.324,1,596.73,196.364,0.0,-0.0314,1000.0,RETURNING_TO_START,load_zone_26,dump_zone_3,5.1e-05,0.000137
769.174,2026-05-23T13:26:16.324,2,-101.317,450.192,0.0,-0.5,1000.0,RETURNING_TO_START,load_zone_22,dump_zone_22,5.1e-05,0.000137
769.174,2026-05-23T13:26:16.324,3,596.858,198.948,0.0,-0.5,1000.0,RETURNING_TO_START,load_zone_26,dump_zone_3,5.1e-05,0.000137
770.174,2026-05-23T13:26:17.322,1,596.73,196.364,0.0,-0.0177,1000.0,RETURNING_TO_START,load_zone_26,dump_zone_3,0.000342,0.000917
770.174,2026-05-23T13:26:17.322,2,-101.317,450.192,0.0,-0.5,1000.0,RETURNING_TO_START,load_zone_22,dump_zone_22,0.000342,0.000917
770.174,2026-05-23T13:26:17.322,3,596.858,198.948,0.0,-0.5,1000.0,RETURNING_TO_START,load_zone_26,dump_zone_3,0.000342,0.000917
771.263,2026-05-23T13:26:18.332,1,596.73,196.364,0.0,-0.0447,1000.0,RETURNING_TO_START,load_zone_26,dump_zone_3,0.000279,0.000748
771.263,2026-05-23T13:26:18.332,2,-101.317,450.192,0.0,-0.5,1000.0,RETURNING_TO_START,load_zone_22,dump_zone_22,0.000279,0.000748
771.263,2026-05-23T13:26:18.332,3,596.858,198.948,0.0,-0.5,1000.0,RETURNING_TO_START,load_zone_26,dump_zone_3,0.000279,0.000748
772.264,2026-05-23T13:26:19.420,1,596.73,196.364,0.0,-0.0435,1000.0,RETURNING_TO_START,load_zone_26,dump_zone_3,0.000315,0.000844
772.264,2026-05-23T13:26:19.420,2,-101.317,450.192,0.0,-0.5,1000.0,RETURNING_TO_START,load_zone_22,dump_zone_22,0.000315,0.000844
772.264,2026-05-23T13:26:19.420,3,596.858,198.948,0.0,-0.5,1000.0,RETURNING_TO_START,load_zone_26,dump_zone_3,0.000315,0.000844
773.34,2026-05-23T13:26:20.407,1,596.73,196.364,0.0,-0.0281,1000.0,RETURNING_TO_START,load_zone_26,dump_zone_3,0.000291,0.00078
773.34,2026-05-23T13:26:20.407,2,-101.317,450.192,0.0,-0.5,1000.0,RETURNING_TO_START,load_zone_22,dump_zone_22,0.000291,0.00078
773.34,2026-05-23T13:26:20.407,3,596.858,198.948,0.0,-0.5,1000.0,RETURNING_TO_START,load_zone_26,dump_zone_3,0.000291,0.00078
774.449,2026-05-23T13:26:21.600,1,596.73,196.364,0.0,-0.0415,1000.0,RETURNING_TO_START,load_zone_26,dump_zone_3,0.000333,0.000892
774.449,2026-05-23T13:26:21.600,2,-101.317,450.192,0.0,-0.5,1000.0,RETURNING_TO_START,load_zone_22,dump_zone_22,0.000333,0.000892
774.449,2026-05-23T13:26:21.600,3,596.858,198.948,0.0,-0.5,1000.0,RETURNING_TO_START,load_zone_26,dump_zone_3,0.000333,0.000892
775.519,2026-05-23T13:26:22.587,1,596.73,196.364,0.0,-0.0262,1000.0,RETURNING_TO_START,load_zone_26,dump_zone_3,0.000282,0.000756
775.519,2026-05-23T13:26:22.587,2,-101.317,450.192,0.0,-0.5,1000.0,RETURNING_TO_START,load_zone_22,dump_zone_22,0.000282,0.000756
775.519,2026-05-23T13:26:22.587,3,596.858,198.948,0.0,-0.5,1000.0,RETURNING_TO_START,load_zone_26,dump_zone_3,0.000282,0.000756
776.529,2026-05-23T13:26:23.684,1,596.73,196.364,0.0,-0.0243,1000.0,RETURNING_TO_START,load_zone_26,dump_zone_3,4.8e-05,0.000129
776.529,2026-05-23T13:26:23.684,2,-101.317,450.192,0.0,-0.5,1000.0,RETURNING_TO_START,load_zone_22,dump_zone_22,4.8e-05,0.000129
776.529,2026-05-23T13:26:23.684,3,596.858,198.948,0.0,-0.5,1000.0,RETURNING_TO_START,load_zone_26,dump_zone_3,4.8e-05,0.000129
777.596,2026-05-23T13:26:24.664,1,596.73,196.364,0.0,-0.018,1000.0,RETURNING_TO_START,load_zone_26,dump_zone_3,0.000273,0.000732
777.596,2026-05-23T13:26:24.664,2,-101.317,450.192,0.0,-0.5,1000.0,RETURNING_TO_START,load_zone_22,dump_zone_22,0.000273,0.000732
777.596,2026-05-23T13:26:24.664,3,596.858,198.948,0.0,-0.5,1000.0,RETURNING_TO_START,load_zone_26,dump_zone_3,0.000273,0.000732
778.609,2026-05-23T13:26:25.756,1,596.73,196.364,0.0,-0.0263,1000.0,RETURNING_TO_START,load_zone_26,dump_zone_3,4.8e-05,0.000129
778.609,2026-05-23T13:26:25.756,2,-101.317,450.192,0.0,-0.5,1000.0,RETURNING_TO_START,load_zone_22,dump_zone_22,4.8e-05,0.000129
778.609,2026-05-23T13:26:25.756,3,596.858,198.948,0.0,-0.5,1000.0,RETURNING_TO_START,load_zone_26,dump_zone_3,4.8e-05,0.000129
779.694,2026-05-23T13:26:26.761,1,596.73,196.364,0.0,-0.0306,1000.0,RETURNING_TO_START,load_zone_26,dump_zone_3,0.000279,0.000748
779.694,2026-05-23T13:26:26.761,2,-101.317,450.192,0.0,-0.5,1000.0,RETURNING_TO_START,load_zone_22,dump_zone_22,0.000279,0.000748
779.694,2026-05-23T13:26:26.761,3,596.858,198.948,0.0,-0.5,1000.0,RETURNING_TO_START,load_zone_26,dump_zone_3,0.000279,0.000748
780.701,2026-05-23T13:26:27.853,1,596.73,196.364,0.0,-0.0246,1000.0,RETURNING_TO_START,load_zone_26,dump_zone_3,4.8e-05,0.000129
780.701,2026-05-23T13:26:27.853,2,-101.317,450.192,0.0,-0.5,1000.0,RETURNING_TO_START,load_zone_22,dump_zone_22,4.8e-05,0.000129
780.701,2026-05-23T13:26:27.853,3,596.858,198.948,0.0,-0.5,1000.0,RETURNING_TO_START,load_zone_26,dump_zone_3,4.8e-05,0.000129
781.773,2026-05-23T13:26:28.841,1,596.73,196.364,0.0,-0.0051,1000.0,RETURNING_TO_START,load_zone_26,dump_zone_3,0.000288,0.000772
781.773,2026-05-23T13:26:28.841,2,-101.317,450.192,0.0,-0.5,1000.0,RETURNING_TO_START,load_zone_22,dump_zone_22,0.000288,0.000772
781.773,2026-05-23T13:26:28.841,3,596.858,198.948,0.0,-0.5,1000.0,RETURNING_TO_START,load_zone_26,dump_zone_3,0.000288,0.000772
782.775,2026-05-23T13:26:29.943,1,596.73,196.364,0.0,-0.0428,1000.0,RETURNING_TO_START,load_zone_26,dump_zone_3,5.1e-05,0.000137
782.775,2026-05-23T13:26:29.943,2,-101.317,450.192,0.0,-0.5,1000.0,RETURNING_TO_START,load_zone_22,dump_zone_22,5.1e-05,0.000137
782.775,2026-05-23T13:26:29.943,3,596.858,198.948,0.0,-0.5,1000.0,RETURNING_TO_START,load_zone_26,dump_zone_3,5.1e-05,0.000137
783.861,2026-05-23T13:26:31.026,1,596.73,196.364,0.0,-0.0368,1000.0,RETURNING_TO_START,load_zone_26,dump_zone_3,0.000321,0.00086
783.861,2026-05-23T13:26:31.026,2,-101.317,450.192,0.0,-0.5,1000.0,RETURNING_TO_START,load_zone_22,dump_zone_22,0.000321,0.00086
783.861,2026-05-23T13:26:31.026,3,596.858,198.948,0.0,-0.5,1000.0,RETURNING_TO_START,load_zone_26,dump_zone_3,0.000321,0.00086
784.938,2026-05-23T13:26:32.104,1,596.73,196.364,0.0,-0.0246,1000.0,RETURNING_TO_START,load_zone_26,dump_zone_3,0.0003,0.000804
784.938,2026-05-23T13:26:32.104,2,-101.317,450.192,0.0,-0.5,1000.0,RETURNING_TO_START,load_zone_22,dump_zone_22,0.0003,0.000804
784.938,2026-05-23T13:26:32.104,3,596.858,198.948,0.0,-0.5,1000.0,RETURNING_TO_START,load_zone_26,dump_zone_3,0.0003,0.000804
786.003,2026-05-23T13:26:33.070,1,596.73,196.364,0.0,-0.0089,1000.0,RETURNING_TO_START,load_zone_26,dump_zone_3,0.000279,0.000748
786.003,2026-05-23T13:26:33.070,2,-101.317,450.192,0.0,-0.5,1000.0,RETURNING_TO_START,load_zone_22,dump_zone_22,0.000279,0.000748
786.003,2026-05-23T13:26:33.070,3,596.858,198.948,0.0,-0.5,1000.0,RETURNING_TO_START,load_zone_26,dump_zone_3,0.000279,0.000748
787.008,2026-05-23T13:26:34.157,1,596.73,196.364,0.0,-0.0163,1000.0,RETURNING_TO_START,load_zone_26,dump_zone_3,5.1e-05,0.000137
787.008,2026-05-23T13:26:34.157,2,-101.317,450.192,0.0,-0.5,1000.0,RETURNING_TO_START,load_zone_22,dump_zone_22,5.1e-05,0.000137
787.008,2026-05-23T13:26:34.157,3,596.858,198.948,0.0,-0.5,1000.0,RETURNING_TO_START,load_zone_26,dump_zone_3,5.1e-05,0.000137
788.101,2026-05-23T13:26:35.169,1,596.73,196.364,0.0,-0.0215,1000.0,RETURNING_TO_START,load_zone_26,dump_zone_3,0.000288,0.000772
788.101,2026-05-23T13:26:35.169,2,-101.317,450.192,0.0,-0.5,1000.0,RETURNING_TO_START,load_zone_22,dump_zone_22,0.000288,0.000772
788.101,2026-05-23T13:26:35.169,3,596.858,198.948,0.0,-0.5,1000.0,RETURNING_TO_START,load_zone_26,dump_zone_3,0.000288,0.000772
789.103,2026-05-23T13:26:36.170,1,596.73,196.364,0.0,-0.0058,1000.0,RETURNING_TO_START,load_zone_26,dump_zone_3,0.00027,0.000724
789.103,2026-05-23T13:26:36.170,2,-101.317,450.192,0.0,-0.5,1000.0,RETURNING_TO_START,load_zone_22,dump_zone_22,0.00027,0.000724
789.103,2026-05-23T13:26:36.170,3,596.858,198.948,0.0,-0.5,1000.0,RETURNING_TO_START,load_zone_26,dump_zone_3,0.00027,0.000724
790.116,2026-05-23T13:26:37.268,1,596.73,196.364,0.0,-0.0462,1000.0,RETURNING_TO_START,load_zone_26,dump_zone_3,4.8e-05,0.000129
790.116,2026-05-23T13:26:37.268,2,-101.317,450.192,0.0,-0.5,1000.0,RETURNING_TO_START,load_zone_22,dump_zone_22,4.8e-05,0.000129
790.116,2026-05-23T13:26:37.268,3,596.858,198.948,0.0,-0.5,1000.0,RETURNING_TO_START,load_zone_26,dump_zone_3,4.8e-05,0.000129
791.207,2026-05-23T13:26:38.274,1,596.73,196.364,0.0,-0.016,1000.0,RETURNING_TO_START,load_zone_26,dump_zone_3,0.000279,0.000748
791.207,2026-05-23T13:26:38.274,2,-101.317,450.192,0.0,-0.5,1000.0,RETURNING_TO_START,load_zone_22,dump_zone_22,0.000279,0.000748
791.207,2026-05-23T13:26:38.274,3,596.858,198.948,0.0,-0.5,1000.0,RETURNING_TO_START,load_zone_26,dump_zone_3,0.000279,0.000748
792.297,2026-05-23T13:26:39.464,1,596.73,196.364,0.0,-0.0136,1000.0,RETURNING_TO_START,load_zone_26,dump_zone_3,0.000315,0.000844
792.297,2026-05-23T13:26:39.464,2,-101.317,450.192,0.0,-0.5,1000.0,RETURNING_TO_START,load_zone_22,dump_zone_22,0.000315,0.000844
792.297,2026-05-23T13:26:39.464,3,596.858,198.948,0.0,-0.5,1000.0,RETURNING_TO_START,load_zone_26,dump_zone_3,0.000315,0.000844
793.845,2026-05-23T13:26:40.994,1,596.73,196.364,0.0,-0.0227,1000.0,RETURNING_TO_START,load_zone_26,dump_zone_3,0.002337,0.006263
793.845,2026-05-23T13:26:40.994,2,-101.317,450.192,0.0,-0.5,1000.0,RETURNING_TO_START,load_zone_22,dump_zone_22,0.002337,0.006263
793.845,2026-05-23T13:26:40.994,3,596.858,198.948,0.0,-0.5,1000.0,RETURNING_TO_START,load_zone_26,dump_zone_3,0.002337,0.006263
795.908,2026-05-23T13:26:43.056,1,596.73,196.364,0.0,-0.009,1000.0,RETURNING_TO_START,load_zone_26,dump_zone_3,0.003339,0.008949
795.908,2026-05-23T13:26:43.056,2,-101.317,450.192,0.0,-0.5,1000.0,RETURNING_TO_START,load_zone_22,dump_zone_22,0.003339,0.008949
795.908,2026-05-23T13:26:43.056,3,596.858,198.948,0.0,-0.5,1000.0,RETURNING_TO_START,load_zone_26,dump_zone_3,0.003339,0.008949
796.985,2026-05-23T13:26:44.137,1,596.73,196.364,0.0,-0.0011,1000.0,RETURNING_TO_START,load_zone_26,dump_zone_3,0.000312,0.000836
796.985,2026-05-23T13:26:44.137,2,-101.317,450.192,0.0,-0.5,1000.0,RETURNING_TO_START,load_zone_22,dump_zone_22,0.000312,0.000836
796.985,2026-05-23T13:26:44.137,3,596.858,198.948,0.0,-0.5,1000.0,RETURNING_TO_START,load_zone_26,dump_zone_3,0.000312,0.000836
798.054,2026-05-23T13:26:45.216,1,596.73,196.364,0.0,-0.0327,1000.0,RETURNING_TO_START,load_zone_26,dump_zone_3,0.000318,0.000852
798.054,2026-05-23T13:26:45.216,2,-101.317,450.192,0.0,-0.5,1000.0,RETURNING_TO_START,load_zone_22,dump_zone_22,0.000318,0.000852
798.054,2026-05-23T13:26:45.216,3,596.858,198.948,0.0,-0.5,1000.0,RETURNING_TO_START,load_zone_26,dump_zone_3,0.000318,0.000852
799.114,2026-05-23T13:26:46.181,1,596.73,196.364,0.0,-0.0455,1000.0,RETURNING_TO_START,load_zone_26,dump_zone_3,0.000276,0.00074
799.114,2026-05-23T13:26:46.181,2,-101.317,450.192,0.0,-0.5,1000.0,RETURNING_TO_START,load_zone_22,dump_zone_22,0.000276,0.00074
799.114,2026-05-23T13:26:46.181,3,596.858,198.948,0.0,-0.5,1000.0,RETURNING_TO_START,load_zone_26,dump_zone_3,0.000276,0.00074
800.191,2026-05-23T13:26:47.258,1,596.73,196.364,0.0,-0.0278,1000.0,RETURNING_TO_START,load_zone_26,dump_zone_3,0.000282,0.000756
800.191,2026-05-23T13:26:47.258,2,-101.317,450.192,0.0,-0.5,1000.0,RETURNING_TO_START,load_zone_22,dump_zone_22,0.000282,0.000756
800.191,2026-05-23T13:26:47.258,3,596.858,198.948,0.0,-0.5,1000.0,RETURNING_TO_START,load_zone_26,dump_zone_3,0.000282,0.000756
801.279,2026-05-23T13:26:48.346,1,596.73,196.364,0.0,-0.006,1000.0,RETURNING_TO_START,load_zone_26,dump_zone_3,0.000279,0.000748
801.279,2026-05-23T13:26:48.346,2,-101.317,450.192,0.0,-0.5,1000.0,RETURNING_TO_START,load_zone_22,dump_zone_22,0.000279,0.000748
801.279,2026-05-23T13:26:48.346,3,596.858,198.948,0.0,-0.5,1000.0,RETURNING_TO_START,load_zone_26,dump_zone_3,0.000279,0.000748
802.377,2026-05-23T13:26:49.523,1,596.73,196.364,0.0,-0.0015,1000.0,RETURNING_TO_START,load_zone_26,dump_zone_3,0.000315,0.000844
802.377,2026-05-23T13:26:49.523,2,-101.317,450.192,0.0,-0.5,1000.0,RETURNING_TO_START,load_zone_22,dump_zone_22,0.000315,0.000844
802.377,2026-05-23T13:26:49.523,3,596.858,198.948,0.0,-0.5,1000.0,RETURNING_TO_START,load_zone_26,dump_zone_3,0.000315,0.000844
803.444,2026-05-23T13:26:50.511,1,596.73,196.364,0.0,-0.0206,1000.0,RETURNING_TO_START,load_zone_26,dump_zone_3,0.000276,0.00074
803.444,2026-05-23T13:26:50.511,2,-101.317,450.192,0.0,-0.5,1000.0,RETURNING_TO_START,load_zone_22,dump_zone_22,0.000276,0.00074
803.444,2026-05-23T13:26:50.511,3,596.858,198.948,0.0,-0.5,1000.0,RETURNING_TO_START,load_zone_26,dump_zone_3,0.000276,0.00074
804.524,2026-05-23T13:26:51.592,1,596.73,196.364,0.0,-0.0418,1000.0,RETURNING_TO_START,load_zone_26,dump_zone_3,0.000279,0.000748
804.524,2026-05-23T13:26:51.592,2,-101.317,450.192,0.0,-0.5,1000.0,RETURNING_TO_START,load_zone_22,dump_zone_22,0.000279,0.000748
804.524,2026-05-23T13:26:51.592,3,596.858,198.948,0.0,-0.5,1000.0,RETURNING_TO_START,load_zone_26,dump_zone_3,0.000279,0.000748
805.594,2026-05-23T13:26:52.661,1,596.73,196.364,0.0,-0.0176,1000.0,RETURNING_TO_START,load_zone_26,dump_zone_3,0.00027,0.000724
805.594,2026-05-23T13:26:52.661,2,-101.317,450.192,0.0,-0.5,1000.0,RETURNING_TO_START,load_zone_22,dump_zone_22,0.00027,0.000724
805.594,2026-05-23T13:26:52.661,3,596.858,198.948,0.0,-0.5,1000.0,RETURNING_TO_START,load_zone_26,dump_zone_3,0.00027,0.000724
806.676,2026-05-23T13:26:53.835,1,596.73,196.364,0.0,-0.0074,1000.0,RETURNING_TO_START,load_zone_26,dump_zone_3,0.0003,0.000804
806.676,2026-05-23T13:26:53.835,2,-101.317,450.192,0.0,-0.5,1000.0,RETURNING_TO_START,load_zone_22,dump_zone_22,0.0003,0.000804
806.676,2026-05-23T13:26:53.835,3,596.858,198.948,0.0,-0.5,1000.0,RETURNING_TO_START,load_zone_26,dump_zone_3,0.0003,0.000804
807.743,2026-05-23T13:26:54.810,1,596.73,196.364,0.0,-0.0186,1000.0,RETURNING_TO_START,load_zone_26,dump_zone_3,0.000282,0.000756
807.743,2026-05-23T13:26:54.810,2,-101.317,450.192,0.0,-0.5,1000.0,RETURNING_TO_START,load_zone_22,dump_zone_22,0.000282,0.000756
807.743,2026-05-23T13:26:54.810,3,596.858,198.948,0.0,-0.5,1000.0,RETURNING_TO_START,load_zone_26,dump_zone_3,0.000282,0.000756
808.811,2026-05-23T13:26:55.878,1,596.73,196.364,0.0,-0.0383,1000.0,RETURNING_TO_START,load_zone_26,dump_zone_3,0.00027,0.000724
808.811,2026-05-23T13:26:55.878,2,-101.317,450.192,0.0,-0.5,1000.0,RETURNING_TO_START,load_zone_22,dump_zone_22,0.00027,0.000724
808.811,2026-05-23T13:26:55.878,3,596.858,198.948,0.0,-0.5,1000.0,RETURNING_TO_START,load_zone_26,dump_zone_3,0.00027,0.000724
809.883,2026-05-23T13:26:56.950,1,596.73,196.364,0.0,-0.0156,1000.0,RETURNING_TO_START,load_zone_26,dump_zone_3,0.000279,0.000748
809.883,2026-05-23T13:26:56.950,2,-101.317,450.192,0.0,-0.5,1000.0,RETURNING_TO_START,load_zone_22,dump_zone_22,0.000279,0.000748
809.883,2026-05-23T13:26:56.950,3,596.858,198.948,0.0,-0.5,1000.0,RETURNING_TO_START,load_zone_26,dump_zone_3,0.000279,0.000748
810.964,2026-05-23T13:26:58.031,1,596.73,196.364,0.0,-0.0367,1000.0,RETURNING_TO_START,load_zone_26,dump_zone_3,0.000288,0.000772
810.964,2026-05-23T13:26:58.031,2,-101.317,450.192,0.0,-0.5,1000.0,RETURNING_TO_START,load_zone_22,dump_zone_22,0.000288,0.000772
810.964,2026-05-23T13:26:58.031,3,596.858,198.948,0.0,-0.5,1000.0,RETURNING_TO_START,load_zone_26,dump_zone_3,0.000288,0.000772
812.055,2026-05-23T13:26:59.203,1,596.73,196.364,0.0,-0.0234,1000.0,RETURNING_TO_START,load_zone_26,dump_zone_3,0.000318,0.000852
812.055,2026-05-23T13:26:59.203,2,-101.317,450.192,0.0,-0.5,1000.0,RETURNING_TO_START,load_zone_22,dump_zone_22,0.000318,0.000852
812.055,2026-05-23T13:26:59.203,3,596.858,198.948,0.0,-0.5,1000.0,RETURNING_TO_START,load_zone_26,dump_zone_3,0.000318,0.000852
813.112,2026-05-23T13:27:00.179,1,596.73,196.364,0.0,-0.033,1000.0,RETURNING_TO_START,load_zone_26,dump_zone_3,0.000273,0.000732
813.112,2026-05-23T13:27:00.179,2,-101.317,450.192,0.0,-0.5,1000.0,RETURNING_TO_START,load_zone_22,dump_zone_22,0.000273,0.000732
813.112,2026-05-23T13:27:00.179,3,596.858,198.948,0.0,-0.5,1000.0,RETURNING_TO_START,load_zone_26,dump_zone_3,0.000273,0.000732
814.192,2026-05-23T13:27:01.259,1,596.73,196.364,0.0,-0.0109,1000.0,RETURNING_TO_START,load_zone_26,dump_zone_3,0.000279,0.000748
814.192,2026-05-23T13:27:01.259,2,-101.317,450.192,0.0,-0.5,1000.0,RETURNING_TO_START,load_zone_22,dump_zone_22,0.000279,0.000748
814.192,2026-05-23T13:27:01.259,3,596.858,198.948,0.0,-0.5,1000.0,RETURNING_TO_START,load_zone_26,dump_zone_3,0.000279,0.000748
815.278,2026-05-23T13:27:02.345,1,596.73,196.364,0.0,-0.0358,1000.0,RETURNING_TO_START,load_zone_26,dump_zone_3,0.000288,0.000772
815.278,2026-05-23T13:27:02.345,2,-101.317,450.192,0.0,-0.5,1000.0,RETURNING_TO_START,load_zone_22,dump_zone_22,0.000288,0.000772
815.278,2026-05-23T13:27:02.345,3,596.858,198.948,0.0,-0.5,1000.0,RETURNING_TO_START,load_zone_26,dump_zone_3,0.000288,0.000772
816.348,2026-05-23T13:27:03.414,1,596.73,196.364,0.0,-0.0085,1000.0,RETURNING_TO_START,load_zone_26,dump_zone_3,0.000261,0.000699
816.348,2026-05-23T13:27:03.414,2,-101.317,450.192,0.0,-0.5,1000.0,RETURNING_TO_START,load_zone_22,dump_zone_22,0.000261,0.000699
816.348,2026-05-23T13:27:03.414,3,596.858,198.948,0.0,-0.5,1000.0,RETURNING_TO_START,load_zone_26,dump_zone_3,0.000261,0.000699
