sim_time_s,wall_time,event_type,truck_id,node,cargo_kg,coal_remaining_kg,extra,run_id,session_key
118.241,2026-05-23T13:01:14.480,ARRIVE_LOAD_ZONE,1,load_zone_26,0.0,10000.0,,1,20260523_125918
121.263,2026-05-23T13:01:17.503,LOAD_COMPLETE,1,dump_zone_3,1000.0,unlimited,trip_fuel_so_far_L=0.3927,1,20260523_125918
126.888,2026-05-23T13:01:23.210,DEPART_LOAD_ZONE,1,dump_zone_3,1000.0,unlimited,session_fuel_L=0.4101|session_co2_kg=1.09924,1,20260523_125918
137.476,2026-05-23T13:01:33.715,ARRIVE_LOAD_ZONE,2,load_zone_22,0.0,10000.0,,1,20260523_125918
140.519,2026-05-23T13:01:36.758,LOAD_COMPLETE,2,dump_zone_22,1000.0,unlimited,trip_fuel_so_far_L=0.454,1,20260523_125918
142.594,2026-05-23T13:01:38.839,DEPART_LOAD_ZONE,2,dump_zone_22,1000.0,unlimited,session_fuel_L=0.4604|session_co2_kg=1.234081,1,20260523_125918
166.811,2026-05-23T13:02:03.050,ARRIVE_LOAD_ZONE,3,load_zone_22,0.0,9000.0,,1,20260523_125918
169.831,2026-05-23T13:02:06.072,LOAD_COMPLETE,3,dump_zone_23,1000.0,unlimited,trip_fuel_so_far_L=0.5458,1,20260523_125918
170.802,2026-05-23T13:02:07.069,DEPART_LOAD_ZONE,3,dump_zone_23,1000.0,unlimited,session_fuel_L=0.5488|session_co2_kg=1.471115,1,20260523_125918
184.885,2026-05-23T13:02:21.127,ARRIVE_DUMP_ZONE,2,dump_zone_22,1000.0,unlimited,,1,20260523_125918
187.915,2026-05-23T13:02:24.155,UNLOAD_COMPLETE,2,load_zone_22,0.0,8000.0,trip_id=1|trip_duration_s=185.86|trip_fuel_L=0.6114|trip_co2_kg=1.639016,1,20260523_125918
188.979,2026-05-23T13:02:25.246,DEPART_DUMP_ZONE,2,load_zone_22,0.0,8000.0,session_fuel_L=0.6146|session_co2_kg=1.647721,1,20260523_125918
210.24,2026-05-23T13:02:46.480,ARRIVE_DUMP_ZONE,3,dump_zone_23,1000.0,unlimited,,1,20260523_125918
213.289,2026-05-23T13:02:49.529,UNLOAD_COMPLETE,3,load_zone_22,0.0,8000.0,trip_id=1|trip_duration_s=211.23|trip_fuel_L=0.6906|trip_co2_kg=1.851297,1,20260523_125918
215.554,2026-05-23T13:02:51.814,DEPART_DUMP_ZONE,3,load_zone_22,0.0,8000.0,session_fuel_L=0.6975|session_co2_kg=1.86981,1,20260523_125918
230.796,2026-05-23T13:03:07.037,ARRIVE_LOAD_ZONE,2,load_zone_22,0.0,8000.0,,1,20260523_125918
233.821,2026-05-23T13:03:10.110,LOAD_COMPLETE,2,dump_zone_22,1000.0,unlimited,trip_fuel_so_far_L=0.1471,1,20260523_125918
234.744,2026-05-23T13:03:11.012,DEPART_LOAD_ZONE,2,dump_zone_22,1000.0,unlimited,session_fuel_L=0.7614|session_co2_kg=2.041166,1,20260523_125918
243.946,2026-05-23T13:03:20.185,ARRIVE_DUMP_ZONE,1,dump_zone_3,1000.0,unlimited,,1,20260523_125918
247.049,2026-05-23T13:03:23.379,UNLOAD_COMPLETE,1,load_zone_26,0.0,9000.0,trip_id=1|trip_duration_s=244.99|trip_fuel_L=0.809|trip_co2_kg=2.168793,1,20260523_125918
250.693,2026-05-23T13:03:26.970,ARRIVE_LOAD_ZONE,3,load_zone_22,0.0,7000.0,,1,20260523_125918
251.727,2026-05-23T13:03:27.980,DEPART_DUMP_ZONE,1,load_zone_26,0.0,9000.0,session_fuel_L=0.8233|session_co2_kg=2.207065,1,20260523_125918
253.739,2026-05-23T13:03:29.979,LOAD_COMPLETE,3,dump_zone_23,1000.0,unlimited,trip_fuel_so_far_L=0.1309,1,20260523_125918
254.62,2026-05-23T13:03:30.889,DEPART_LOAD_ZONE,3,dump_zone_23,1000.0,unlimited,session_fuel_L=0.8242|session_co2_kg=2.209535,1,20260523_125918
284.299,2026-05-23T13:04:00.586,ARRIVE_DUMP_ZONE,2,dump_zone_22,1000.0,unlimited,,1,20260523_125918
287.326,2026-05-23T13:04:03.616,UNLOAD_COMPLETE,2,load_zone_22,0.0,6000.0,trip_id=2|trip_duration_s=99.41|trip_fuel_L=0.3229|trip_co2_kg=0.865792,1,20260523_125918
288.675,2026-05-23T13:04:04.942,DEPART_DUMP_ZONE,2,load_zone_22,0.0,6000.0,session_fuel_L=0.9384|session_co2_kg=2.515848,1,20260523_125918
295.306,2026-05-23T13:04:11.545,ARRIVE_DUMP_ZONE,3,dump_zone_23,1000.0,unlimited,,1,20260523_125918
298.339,2026-05-23T13:04:14.579,UNLOAD_COMPLETE,3,load_zone_22,0.0,6000.0,trip_id=2|trip_duration_s=85.05|trip_fuel_L=0.2791|trip_co2_kg=0.748243,1,20260523_125918
300.507,2026-05-23T13:04:16.766,DEPART_DUMP_ZONE,3,load_zone_22,0.0,6000.0,session_fuel_L=0.9762|session_co2_kg=2.617269,1,20260523_125918
331.831,2026-05-23T13:04:48.071,ARRIVE_LOAD_ZONE,2,load_zone_22,0.0,6000.0,,1,20260523_125918
335.003,2026-05-23T13:04:51.356,LOAD_COMPLETE,2,dump_zone_22,1000.0,unlimited,trip_fuel_so_far_L=0.1524,1,20260523_125918
335.793,2026-05-23T13:04:52.116,DEPART_LOAD_ZONE,2,dump_zone_22,1000.0,unlimited,session_fuel_L=1.0891|session_co2_kg=2.920028,1,20260523_125918
335.902,2026-05-23T13:04:52.227,ARRIVE_LOAD_ZONE,3,load_zone_22,0.0,5000.0,,1,20260523_125918
338.961,2026-05-23T13:04:55.200,LOAD_COMPLETE,3,dump_zone_23,1000.0,unlimited,trip_fuel_so_far_L=0.1314,1,20260523_125918
341.78,2026-05-23T13:04:58.035,DEPART_LOAD_ZONE,3,dump_zone_23,1000.0,unlimited,session_fuel_L=1.1097|session_co2_kg=2.97502,1,20260523_125918
345.554,2026-05-23T13:05:01.793,ARRIVE_LOAD_ZONE,1,load_zone_26,0.0,9000.0,,1,20260523_125918
348.646,2026-05-23T13:05:04.886,LOAD_COMPLETE,1,dump_zone_3,1000.0,unlimited,trip_fuel_so_far_L=0.3283,1,20260523_125918
353.835,2026-05-23T13:05:10.090,DEPART_LOAD_ZONE,1,dump_zone_3,1000.0,unlimited,session_fuel_L=1.1533|session_co2_kg=3.091783,1,20260523_125918
383.134,2026-05-23T13:05:39.373,ARRIVE_DUMP_ZONE,2,dump_zone_22,1000.0,unlimited,,1,20260523_125918
386.154,2026-05-23T13:05:42.394,UNLOAD_COMPLETE,2,load_zone_22,0.0,4000.0,trip_id=3|trip_duration_s=98.83|trip_fuel_L=0.3203|trip_co2_kg=0.858815,1,20260523_125918
391.002,2026-05-23T13:05:47.262,DEPART_DUMP_ZONE,2,load_zone_22,0.0,4000.0,session_fuel_L=1.2694|session_co2_kg=3.403276,1,20260523_125918
393.506,2026-05-23T13:05:49.746,ARRIVE_DUMP_ZONE,3,dump_zone_23,1000.0,unlimited,,1,20260523_125918
396.534,2026-05-23T13:05:52.832,UNLOAD_COMPLETE,3,load_zone_22,0.0,4000.0,trip_id=3|trip_duration_s=98.2|trip_fuel_L=0.3212|trip_co2_kg=0.861363,1,20260523_125918
397.358,2026-05-23T13:05:53.625,DEPART_DUMP_ZONE,3,load_zone_22,0.0,4000.0,session_fuel_L=1.2934|session_co2_kg=3.467645,1,20260523_125918
431.464,2026-05-23T13:06:27.783,ARRIVE_LOAD_ZONE,2,load_zone_22,0.0,4000.0,,1,20260523_125918
432.611,2026-05-23T13:06:28.850,ARRIVE_LOAD_ZONE,3,load_zone_22,0.0,4000.0,,1,20260523_125918
434.592,2026-05-23T13:06:30.832,LOAD_COMPLETE,2,dump_zone_22,1000.0,unlimited,trip_fuel_so_far_L=0.155,1,20260523_125918
435.621,2026-05-23T13:06:31.888,DEPART_LOAD_ZONE,2,dump_zone_22,1000.0,unlimited,session_fuel_L=1.4127|session_co2_kg=3.787546,1,20260523_125918
435.657,2026-05-23T13:06:31.979,LOAD_COMPLETE,3,dump_zone_23,1000.0,unlimited,trip_fuel_so_far_L=0.1261,1,20260523_125918
439.444,2026-05-23T13:06:35.710,DEPART_LOAD_ZONE,3,dump_zone_23,1000.0,unlimited,session_fuel_L=1.4286|session_co2_kg=3.830222,1,20260523_125918
471.578,2026-05-23T13:07:07.877,ARRIVE_DUMP_ZONE,1,dump_zone_3,1000.0,unlimited,,1,20260523_125918
474.658,2026-05-23T13:07:10.900,UNLOAD_COMPLETE,1,load_zone_26,0.0,8000.0,trip_id=2|trip_duration_s=227.61|trip_fuel_L=0.746|trip_co2_kg=1.99975,1,20260523_125918
480.416,2026-05-23T13:07:16.713,DEPART_DUMP_ZONE,1,load_zone_26,0.0,8000.0,session_fuel_L=1.5726|session_co2_kg=4.215628,1,20260523_125918
492.871,2026-05-23T13:07:29.110,ARRIVE_DUMP_ZONE,3,dump_zone_23,1000.0,unlimited,,1,20260523_125918
495.911,2026-05-23T13:07:32.151,UNLOAD_COMPLETE,3,load_zone_22,0.0,2000.0,trip_id=4|trip_duration_s=99.38|trip_fuel_L=0.3222|trip_co2_kg=0.863811,1,20260523_125918
498.415,2026-05-23T13:07:34.682,DEPART_DUMP_ZONE,3,load_zone_22,0.0,2000.0,session_fuel_L=1.6207|session_co2_kg=4.34519,1,20260523_125918
534.413,2026-05-23T13:08:10.652,ARRIVE_LOAD_ZONE,3,load_zone_22,0.0,2000.0,,1,20260523_125918
537.441,2026-05-23T13:08:13.681,LOAD_COMPLETE,3,dump_zone_23,1000.0,unlimited,trip_fuel_so_far_L=0.1343,1,20260523_125918
538.765,2026-05-23T13:08:15.033,DEPART_LOAD_ZONE,3,dump_zone_23,1000.0,unlimited,session_fuel_L=1.7515|session_co2_kg=4.695756,1,20260523_125918
576.188,2026-05-23T13:08:52.515,ARRIVE_LOAD_ZONE,1,load_zone_26,0.0,8000.0,,1,20260523_125918
579.21,2026-05-23T13:08:55.484,LOAD_COMPLETE,1,dump_zone_3,1000.0,unlimited,trip_fuel_so_far_L=0.3386,1,20260523_125918
583.781,2026-05-23T13:09:00.035,DEPART_LOAD_ZONE,1,dump_zone_3,1000.0,unlimited,session_fuel_L=1.9076|session_co2_kg=5.113966,1,20260523_125918
621.262,2026-05-23T13:09:37.502,ARRIVE_DUMP_ZONE,3,dump_zone_23,1000.0,unlimited,,1,20260523_125918
624.288,2026-05-23T13:09:40.528,UNLOAD_COMPLETE,3,load_zone_22,0.0,1000.0,trip_id=5|trip_duration_s=128.38|trip_fuel_L=0.4197|trip_co2_kg=1.125356,1,20260523_125918
625.111,2026-05-23T13:09:41.406,DEPART_DUMP_ZONE,3,load_zone_22,0.0,1000.0,session_fuel_L=2.0353|session_co2_kg=5.456809,1,20260523_125918
660.227,2026-05-23T13:10:16.466,ARRIVE_LOAD_ZONE,3,load_zone_22,0.0,1000.0,,1,20260523_125918
663.249,2026-05-23T13:10:19.535,LOAD_COMPLETE,3,dump_zone_23,1000.0,unlimited,trip_fuel_so_far_L=0.1263,1,20260523_125918
664.282,2026-05-23T13:10:20.532,DEPART_LOAD_ZONE,3,dump_zone_23,1000.0,unlimited,session_fuel_L=2.1623|session_co2_kg=5.797228,1,20260523_125918
683.089,2026-05-23T13:10:39.419,ARRIVE_DUMP_ZONE,2,dump_zone_22,1000.0,unlimited,,1,20260523_125918
686.152,2026-05-23T13:10:42.392,UNLOAD_COMPLETE,2,load_zone_23,0.0,10000.0,trip_id=4|trip_duration_s=300.0|trip_fuel_L=0.925|trip_co2_kg=2.480688,1,20260523_125918
687.421,2026-05-23T13:10:43.688,DEPART_DUMP_ZONE,2,load_zone_23,0.0,10000.0,session_fuel_L=2.1835|session_co2_kg=5.854691,1,20260523_125918
698.626,2026-05-23T13:10:54.865,ARRIVE_DUMP_ZONE,1,dump_zone_3,1000.0,unlimited,,1,20260523_125918
701.646,2026-05-23T13:10:57.932,UNLOAD_COMPLETE,1,load_zone_26,0.0,7000.0,trip_id=3|trip_duration_s=226.99|trip_fuel_L=0.7459|trip_co2_kg=1.999724,1,20260523_125918
704.904,2026-05-23T13:11:01.172,ARRIVE_DUMP_ZONE,3,dump_zone_23,1000.0,unlimited,,1,20260523_125918
706.35,2026-05-23T13:11:02.601,DEPART_DUMP_ZONE,1,load_zone_26,0.0,7000.0,session_fuel_L=2.3153|session_co2_kg=6.206746,1,20260523_125918
707.922,2026-05-23T13:11:04.162,UNLOAD_COMPLETE,3,load_zone_23,0.0,10000.0,trip_id=6|trip_duration_s=83.63|trip_fuel_L=0.2749|trip_co2_kg=0.737043,1,20260523_125918
709.187,2026-05-23T13:11:05.499,DEPART_DUMP_ZONE,3,load_zone_23,0.0,10000.0,session_fuel_L=2.3115|session_co2_kg=6.19747,1,20260523_125918
747.611,2026-05-23T13:11:43.919,ARRIVE_LOAD_ZONE,3,load_zone_23,0.0,10000.0,,1,20260523_125918
750.739,2026-05-23T13:11:47.078,LOAD_COMPLETE,3,dump_zone_22,1000.0,unlimited,trip_fuel_so_far_L=0.1379,1,20260523_125918
755.173,2026-05-23T13:11:51.427,DEPART_LOAD_ZONE,3,dump_zone_22,1000.0,unlimited,session_fuel_L=2.4592|session_co2_kg=6.593464,1,20260523_125918
759.292,2026-05-23T13:11:55.531,ARRIVE_LOAD_ZONE,2,load_zone_23,0.0,9000.0,,1,20260523_125918
762.311,2026-05-23T13:11:58.551,LOAD_COMPLETE,2,dump_zone_23,1000.0,unlimited,trip_fuel_so_far_L=0.2432,1,20260523_125918
768.098,2026-05-23T13:12:04.348,DEPART_LOAD_ZONE,2,dump_zone_23,1000.0,unlimited,session_fuel_L=2.4406|session_co2_kg=6.544186,1,20260523_125918
798.412,2026-05-23T13:12:34.651,ARRIVE_DUMP_ZONE,3,dump_zone_22,1000.0,unlimited,,1,20260523_125918
801.458,2026-05-23T13:12:37.700,UNLOAD_COMPLETE,3,load_zone_23,0.0,8000.0,trip_id=7|trip_duration_s=93.54|trip_fuel_L=0.3062|trip_co2_kg=0.820998,1,20260523_125918
802.644,2026-05-23T13:12:38.934,DEPART_DUMP_ZONE,3,load_zone_23,0.0,8000.0,session_fuel_L=2.6175|session_co2_kg=7.017816,1,20260523_125918
804.309,2026-05-23T13:12:40.548,ARRIVE_LOAD_ZONE,1,load_zone_26,0.0,7000.0,,1,20260523_125918
807.335,2026-05-23T13:12:43.603,LOAD_COMPLETE,1,dump_zone_3,1000.0,unlimited,trip_fuel_so_far_L=0.3419,1,20260523_125918
808.042,2026-05-23T13:12:44.281,ARRIVE_DUMP_ZONE,2,dump_zone_23,1000.0,unlimited,,1,20260523_125918
811.085,2026-05-23T13:12:47.325,UNLOAD_COMPLETE,2,load_zone_23,0.0,8000.0,trip_id=5|trip_duration_s=124.93|trip_fuel_L=0.4031|trip_co2_kg=1.080838,1,20260523_125918
812.62,2026-05-23T13:12:48.875,DEPART_LOAD_ZONE,1,dump_zone_3,1000.0,unlimited,session_fuel_L=2.659|session_co2_kg=7.128342,1,20260523_125918
813.765,2026-05-23T13:12:50.046,DEPART_DUMP_ZONE,2,load_zone_23,0.0,8000.0,session_fuel_L=2.5909|session_co2_kg=6.947065,1,20260523_125918
859.022,2026-05-23T13:13:35.324,ARRIVE_LOAD_ZONE,3,load_zone_23,0.0,8000.0,,1,20260523_125918
862.092,2026-05-23T13:13:38.332,LOAD_COMPLETE,3,dump_zone_22,1000.0,unlimited,trip_fuel_so_far_L=0.1949,1,20260523_125918
863.047,2026-05-23T13:13:39.299,DEPART_LOAD_ZONE,3,dump_zone_22,1000.0,unlimited,session_fuel_L=2.8117|session_co2_kg=7.538462,1,20260523_125918
872.182,2026-05-23T13:13:48.421,ARRIVE_LOAD_ZONE,2,load_zone_23,0.0,7000.0,,1,20260523_125918
875.252,2026-05-23T13:13:51.493,LOAD_COMPLETE,2,dump_zone_23,1000.0,unlimited,trip_fuel_so_far_L=0.2057,1,20260523_125918
880.906,2026-05-23T13:13:57.158,DEPART_LOAD_ZONE,2,dump_zone_23,1000.0,unlimited,session_fuel_L=2.8058|session_co2_kg=7.52312,1,20260523_125918
905.467,2026-05-23T13:14:21.803,ARRIVE_DUMP_ZONE,3,dump_zone_22,1000.0,unlimited,,1,20260523_125918
908.551,2026-05-23T13:14:24.791,UNLOAD_COMPLETE,3,load_zone_23,0.0,6000.0,trip_id=8|trip_duration_s=107.09|trip_fuel_L=0.3499|trip_co2_kg=0.937958,1,20260523_125918
913.773,2026-05-23T13:14:30.030,DEPART_DUMP_ZONE,3,load_zone_23,0.0,6000.0,session_fuel_L=2.9797|session_co2_kg=7.988763,1,20260523_125918
920.61,2026-05-23T13:14:36.900,ARRIVE_DUMP_ZONE,2,dump_zone_23,1000.0,unlimited,,1,20260523_125918
923.627,2026-05-23T13:14:39.867,UNLOAD_COMPLETE,2,load_zone_23,0.0,6000.0,trip_id=6|trip_duration_s=112.54|trip_fuel_L=0.3653|trip_co2_kg=0.97917,1,20260523_125918
926.351,2026-05-23T13:14:42.606,DEPART_DUMP_ZONE,2,load_zone_23,0.0,6000.0,session_fuel_L=2.9563|session_co2_kg=7.926592,1,20260523_125918
930.794,2026-05-23T13:14:47.094,ARRIVE_DUMP_ZONE,1,dump_zone_3,1000.0,unlimited,,1,20260523_125918
933.82,2026-05-23T13:14:50.060,UNLOAD_COMPLETE,1,load_zone_26,0.0,6000.0,trip_id=4|trip_duration_s=232.17|trip_fuel_L=0.7603|trip_co2_kg=2.038043,1,20260523_125918
938.077,2026-05-23T13:14:54.329,DEPART_DUMP_ZONE,1,load_zone_26,0.0,6000.0,session_fuel_L=3.0741|session_co2_kg=8.241129,1,20260523_125918
965.33,2026-05-23T13:15:21.683,ARRIVE_LOAD_ZONE,3,load_zone_23,0.0,6000.0,,1,20260523_125918
968.497,2026-05-23T13:15:24.737,LOAD_COMPLETE,3,dump_zone_22,1000.0,unlimited,trip_fuel_so_far_L=0.1927,1,20260523_125918
974.38,2026-05-23T13:15:30.646,DEPART_LOAD_ZONE,3,dump_zone_22,1000.0,unlimited,session_fuel_L=3.1746|session_co2_kg=8.511138,1,20260523_125918
977.23,2026-05-23T13:15:33.540,ARRIVE_LOAD_ZONE,2,load_zone_23,0.0,5000.0,,1,20260523_125918
980.284,2026-05-23T13:15:36.526,LOAD_COMPLETE,2,dump_zone_23,1000.0,unlimited,trip_fuel_so_far_L=0.1811,1,20260523_125918
985.41,2026-05-23T13:15:41.669,DEPART_LOAD_ZONE,2,dump_zone_23,1000.0,unlimited,session_fuel_L=3.1448|session_co2_kg=8.431948,1,20260523_125918
1018.856,2026-05-23T13:16:15.119,ARRIVE_DUMP_ZONE,3,dump_zone_22,1000.0,unlimited,,1,20260523_125918
1021.883,2026-05-23T13:16:18.155,UNLOAD_COMPLETE,3,load_zone_23,0.0,4000.0,trip_id=9|trip_duration_s=113.33|trip_fuel_L=0.369|trip_co2_kg=0.989179,1,20260523_125918
1022.89,2026-05-23T13:16:19.156,DEPART_DUMP_ZONE,3,load_zone_23,0.0,4000.0,session_fuel_L=3.3358|session_co2_kg=8.943489,1,20260523_125918
1024.683,2026-05-23T13:16:20.964,ARRIVE_DUMP_ZONE,2,dump_zone_23,1000.0,unlimited,,1,20260523_125918
1027.704,2026-05-23T13:16:23.943,UNLOAD_COMPLETE,2,load_zone_23,0.0,4000.0,trip_id=7|trip_duration_s=104.08|trip_fuel_L=0.3374|trip_co2_kg=0.904502,1,20260523_125918
1030.174,2026-05-23T13:16:26.430,DEPART_DUMP_ZONE,2,load_zone_23,0.0,4000.0,session_fuel_L=3.2929|session_co2_kg=8.829016,1,20260523_125918
1035.185,2026-05-23T13:16:31.465,ARRIVE_LOAD_ZONE,1,load_zone_26,0.0,6000.0,,1,20260523_125918
1038.25,2026-05-23T13:16:34.490,LOAD_COMPLETE,1,dump_zone_3,1000.0,unlimited,trip_fuel_so_far_L=0.3377,1,20260523_125918
1042.677,2026-05-23T13:16:38.932,DEPART_LOAD_ZONE,1,dump_zone_3,1000.0,unlimited,session_fuel_L=3.4125|session_co2_kg=9.148433,1,20260523_125918
1068.708,2026-05-23T13:17:04.949,ARRIVE_LOAD_ZONE,3,load_zone_23,0.0,4000.0,,1,20260523_125918
1071.734,2026-05-23T13:17:07.974,LOAD_COMPLETE,3,dump_zone_22,1000.0,unlimited,trip_fuel_so_far_L=0.1608,1,20260523_125918
1071.936,2026-05-23T13:17:08.176,ARRIVE_LOAD_ZONE,2,load_zone_23,0.0,3000.0,,1,20260523_125918
1074.52,2026-05-23T13:17:10.789,DEPART_LOAD_ZONE,3,dump_zone_22,1000.0,unlimited,session_fuel_L=3.5022|session_co2_kg=9.389501,1,20260523_125918
1074.968,2026-05-23T13:17:11.208,LOAD_COMPLETE,2,dump_zone_23,1000.0,unlimited,trip_fuel_so_far_L=0.1524,1,20260523_125918
1077.045,2026-05-23T13:17:13.296,DEPART_LOAD_ZONE,2,dump_zone_23,1000.0,unlimited,session_fuel_L=3.4442|session_co2_kg=9.234458,1,20260523_125918
1119.591,2026-05-23T13:17:55.831,ARRIVE_DUMP_ZONE,2,dump_zone_23,1000.0,unlimited,,1,20260523_125918
1119.72,2026-05-23T13:17:55.960,ARRIVE_DUMP_ZONE,3,dump_zone_22,1000.0,unlimited,,1,20260523_125918
1122.65,2026-05-23T13:17:58.890,UNLOAD_COMPLETE,2,load_zone_23,0.0,2000.0,trip_id=8|trip_duration_s=94.95|trip_fuel_L=0.3117|trip_co2_kg=0.835718,1,20260523_125918
1122.748,2026-05-23T13:17:58.988,UNLOAD_COMPLETE,3,load_zone_23,0.0,2000.0,trip_id=10|trip_duration_s=100.87|trip_fuel_L=0.3303|trip_co2_kg=0.885484,1,20260523_125918
1124.217,2026-05-23T13:18:00.485,DEPART_DUMP_ZONE,3,load_zone_23,0.0,2000.0,session_fuel_L=3.6675|session_co2_kg=9.832745,1,20260523_125918
1126.08,2026-05-23T13:18:02.347,DEPART_DUMP_ZONE,2,load_zone_23,0.0,2000.0,session_fuel_L=3.6076|session_co2_kg=9.672592,1,20260523_125918
1160.593,2026-05-23T13:18:36.832,ARRIVE_DUMP_ZONE,1,dump_zone_3,1000.0,unlimited,,1,20260523_125918
1163.664,2026-05-23T13:18:39.905,UNLOAD_COMPLETE,1,load_zone_26,0.0,5000.0,trip_id=5|trip_duration_s=229.84|trip_fuel_L=0.7534|trip_co2_kg=2.01981,1,20260523_125918
1168.319,2026-05-23T13:18:44.573,DEPART_DUMP_ZONE,1,load_zone_26,0.0,5000.0,session_fuel_L=3.8288|session_co2_kg=10.264189,1,20260523_125918
1177.293,2026-05-23T13:18:53.606,ARRIVE_LOAD_ZONE,2,load_zone_23,0.0,2000.0,,1,20260523_125918
1179.8,2026-05-23T13:18:56.117,ARRIVE_LOAD_ZONE,3,load_zone_23,0.0,2000.0,,1,20260523_125918
1180.318,2026-05-23T13:18:56.660,STATE_LOADING_TO_RETURNING_TO_START,2,dump_zone_22,1000.0,unlimited,,1,20260523_125918
1182.866,2026-05-23T13:18:59.106,LOAD_COMPLETE,3,dump_zone_23,1000.0,unlimited,trip_fuel_so_far_L=0.1933,1,20260523_125918
1187.966,2026-05-23T13:19:04.215,DEPART_LOAD_ZONE,3,dump_zone_23,1000.0,unlimited,session_fuel_L=3.8721|session_co2_kg=10.381123,1,20260523_125918
1223.391,2026-05-23T13:19:39.630,ARRIVE_DUMP_ZONE,2,dump_zone_22,1000.0,unlimited,,1,20260523_125918
1226.437,2026-05-23T13:19:42.677,UNLOAD_COMPLETE,2,load_zone_1,0.0,10000.0,trip_id=9|trip_duration_s=103.79|trip_fuel_L=0.339|trip_co2_kg=0.908702,1,20260523_125918
1228.147,2026-05-23T13:19:44.387,ARRIVE_DUMP_ZONE,3,dump_zone_23,1000.0,unlimited,,1,20260523_125918
1228.332,2026-05-23T13:19:44.594,DEPART_DUMP_ZONE,2,load_zone_1,0.0,10000.0,session_fuel_L=3.9419|session_co2_kg=10.568752,1,20260523_125918
1231.169,2026-05-23T13:19:47.444,UNLOAD_COMPLETE,3,load_zone_2,0.0,1000.0,trip_id=11|trip_duration_s=108.42|trip_fuel_L=0.3524|trip_co2_kg=0.944752,1,20260523_125918
1233.776,2026-05-23T13:19:50.030,DEPART_DUMP_ZONE,3,load_zone_2,0.0,1000.0,session_fuel_L=4.0234|session_co2_kg=10.78681,1,20260523_125918
1266.723,2026-05-23T13:20:22.963,ARRIVE_LOAD_ZONE,1,load_zone_26,0.0,5000.0,,1,20260523_125918
1269.755,2026-05-23T13:20:25.995,LOAD_COMPLETE,1,dump_zone_3,1000.0,unlimited,trip_fuel_so_far_L=0.3422,1,20260523_125918
1275.32,2026-05-23T13:20:31.622,DEPART_LOAD_ZONE,1,dump_zone_3,1000.0,unlimited,session_fuel_L=4.1738|session_co2_kg=11.189311,1,20260523_125918
1329.141,2026-05-23T13:21:25.380,ARRIVE_LOAD_ZONE,2,load_zone_1,0.0,10000.0,,1,20260523_125918
1332.164,2026-05-23T13:21:28.404,LOAD_COMPLETE,2,dump_zone_1,1000.0,unlimited,trip_fuel_so_far_L=0.3429,1,20260523_125918
1337.387,2026-05-23T13:21:33.638,DEPART_LOAD_ZONE,2,dump_zone_1,1000.0,unlimited,session_fuel_L=4.2951|session_co2_kg=11.51564,1,20260523_125918
1337.387,2026-05-23T13:21:33.638,ARRIVE_LOAD_ZONE,3,load_zone_2,0.0,1000.0,,1,20260523_125918
1340.413,2026-05-23T13:21:36.653,LOAD_COMPLETE,3,dump_zone_2,1000.0,unlimited,trip_fuel_so_far_L=0.353,1,20260523_125918
1345.705,2026-05-23T13:21:41.959,DEPART_LOAD_ZONE,3,dump_zone_2,1000.0,unlimited,session_fuel_L=4.3847|session_co2_kg=11.755479,1,20260523_125918
1391.3,2026-05-23T13:22:27.539,ARRIVE_DUMP_ZONE,1,dump_zone_3,1000.0,unlimited,,1,20260523_125918
1394.349,2026-05-23T13:22:30.589,UNLOAD_COMPLETE,1,load_zone_26,0.0,4000.0,trip_id=6|trip_duration_s=230.69|trip_fuel_L=0.7569|trip_co2_kg=2.029096,1,20260523_125918
1398.859,2026-05-23T13:22:35.113,DEPART_DUMP_ZONE,1,load_zone_26,0.0,4000.0,session_fuel_L=4.5852|session_co2_kg=12.292089,1,20260523_125918
1423.724,2026-05-23T13:22:59.963,ARRIVE_DUMP_ZONE,2,dump_zone_1,1000.0,unlimited,,1,20260523_125918
1426.752,2026-05-23T13:23:02.991,UNLOAD_COMPLETE,2,load_zone_1,0.0,9000.0,trip_id=10|trip_duration_s=200.32|trip_fuel_L=0.6531|trip_co2_kg=1.751011,1,20260523_125918
1429.142,2026-05-23T13:23:05.409,DEPART_DUMP_ZONE,2,load_zone_1,0.0,9000.0,session_fuel_L=4.5965|session_co2_kg=12.323798,1,20260523_125918
1429.62,2026-05-23T13:23:05.859,ARRIVE_DUMP_ZONE,3,dump_zone_2,1000.0,unlimited,,1,20260523_125918
1432.663,2026-05-23T13:23:08.905,UNLOAD_COMPLETE,3,load_zone_1,0.0,9000.0,trip_id=12|trip_duration_s=201.49|trip_fuel_L=0.658|trip_co2_kg=1.764153,1,20260523_125918
1437.468,2026-05-23T13:23:13.768,DEPART_DUMP_ZONE,3,load_zone_1,0.0,9000.0,session_fuel_L=4.6881|session_co2_kg=12.568924,1,20260523_125918
1494.591,2026-05-23T13:24:10.831,ARRIVE_LOAD_ZONE,1,load_zone_26,0.0,4000.0,,1,20260523_125918
1497.639,2026-05-23T13:24:13.879,LOAD_COMPLETE,1,dump_zone_3,1000.0,unlimited,trip_fuel_so_far_L=0.335,1,20260523_125918
1503.065,2026-05-23T13:24:19.319,DEPART_LOAD_ZONE,1,dump_zone_3,1000.0,unlimited,session_fuel_L=4.9232|session_co2_kg=13.19814,1,20260523_125918
1509.937,2026-05-23T13:24:26.228,ARRIVE_LOAD_ZONE,2,load_zone_1,0.0,9000.0,,1,20260523_125918
1513.117,2026-05-23T13:24:29.357,LOAD_COMPLETE,2,dump_zone_1,1000.0,unlimited,trip_fuel_so_far_L=0.2732,1,20260523_125918
1516.385,2026-05-23T13:24:32.624,ARRIVE_LOAD_ZONE,3,load_zone_1,0.0,8000.0,,1,20260523_125918
1517.969,2026-05-23T13:24:34.224,DEPART_LOAD_ZONE,2,dump_zone_1,1000.0,unlimited,session_fuel_L=4.8774|session_co2_kg=13.076781,1,20260523_125918
1519.503,2026-05-23T13:24:35.742,LOAD_COMPLETE,3,dump_zone_2,1000.0,unlimited,trip_fuel_so_far_L=0.2746,1,20260523_125918
1524.178,2026-05-23T13:24:40.477,DEPART_LOAD_ZONE,3,dump_zone_2,1000.0,unlimited,session_fuel_L=4.9625|session_co2_kg=13.304491,1,20260523_125918
1604.656,2026-05-23T13:26:00.969,ARRIVE_DUMP_ZONE,3,dump_zone_2,1000.0,unlimited,,1,20260523_125918
1607.699,2026-05-23T13:26:03.939,UNLOAD_COMPLETE,3,load_zone_1,0.0,7000.0,trip_id=13|trip_duration_s=175.04|trip_fuel_L=0.5631|trip_co2_kg=1.509522,1,20260523_125918
1611.737,2026-05-23T13:26:07.993,DEPART_DUMP_ZONE,3,load_zone_1,0.0,7000.0,session_fuel_L=5.2489|session_co2_kg=14.072198,1,20260523_125918
1616.906,2026-05-23T13:26:13.145,ARRIVE_DUMP_ZONE,2,dump_zone_1,1000.0,unlimited,,1,20260523_125918
1619.932,2026-05-23T13:26:16.172,UNLOAD_COMPLETE,2,load_zone_1,0.0,7000.0,trip_id=11|trip_duration_s=193.18|trip_fuel_L=0.6193|trip_co2_kg=1.660221,1,20260523_125918
1620.763,2026-05-23T13:26:17.002,ARRIVE_DUMP_ZONE,1,dump_zone_3,1000.0,unlimited,,1,20260523_125918
1622.47,2026-05-23T13:26:18.765,DEPART_DUMP_ZONE,2,load_zone_1,0.0,7000.0,session_fuel_L=5.2163|session_co2_kg=13.985227,1,20260523_125918
1623.831,2026-05-23T13:26:20.071,UNLOAD_COMPLETE,1,load_zone_26,0.0,3000.0,trip_id=7|trip_duration_s=229.48|trip_fuel_L=0.7527|trip_co2_kg=2.0178,1,20260523_125918
1627.936,2026-05-23T13:26:24.187,DEPART_DUMP_ZONE,1,load_zone_26,0.0,3000.0,session_fuel_L=5.3367|session_co2_kg=14.306593,1,20260523_125918
1836.564,2026-05-23T13:15:12.499,ARRIVE_LOAD_ZONE,3,load_zone_26,0.0,10000.0,,2,20260523_131329
1839.616,2026-05-23T13:15:15.547,LOAD_COMPLETE,3,dump_zone_3,1000.0,unlimited,trip_fuel_so_far_L=0.351,2,20260523_131329
1844.923,2026-05-23T13:15:20.842,DEPART_LOAD_ZONE,3,dump_zone_3,1000.0,unlimited,session_fuel_L=0.3674|session_co2_kg=0.98484,2,20260523_131329
1847.347,2026-05-23T13:15:23.213,ARRIVE_LOAD_ZONE,1,load_zone_26,0.0,9000.0,,2,20260523_131329
1850.373,2026-05-23T13:15:26.239,LOAD_COMPLETE,1,dump_zone_3,1000.0,unlimited,trip_fuel_so_far_L=0.3868,2,20260523_131329
1854.429,2026-05-23T13:15:30.308,DEPART_LOAD_ZONE,1,dump_zone_3,1000.0,unlimited,session_fuel_L=0.3993|session_co2_kg=1.07046,2,20260523_131329
1891.442,2026-05-23T13:16:07.308,ARRIVE_LOAD_ZONE,2,load_zone_22,0.0,10000.0,,2,20260523_131329
1894.51,2026-05-23T13:16:10.376,LOAD_COMPLETE,2,dump_zone_22,1000.0,unlimited,trip_fuel_so_far_L=0.5267,2,20260523_131329
1895.809,2026-05-23T13:16:11.703,DEPART_LOAD_ZONE,2,dump_zone_22,1000.0,unlimited,session_fuel_L=0.5307|session_co2_kg=1.422735,2,20260523_131329
1954.378,2026-05-23T13:17:10.245,ARRIVE_DUMP_ZONE,2,dump_zone_22,1000.0,unlimited,,2,20260523_131329
1957.42,2026-05-23T13:17:13.286,UNLOAD_COMPLETE,2,load_zone_22,0.0,9000.0,trip_id=1|trip_duration_s=224.21|trip_fuel_L=0.7306|trip_co2_kg=1.958566,2,20260523_131329
1958.592,2026-05-23T13:17:14.487,DEPART_DUMP_ZONE,2,load_zone_22,0.0,9000.0,session_fuel_L=0.7342|session_co2_kg=1.968155,2,20260523_131329
1965.772,2026-05-23T13:17:21.638,ARRIVE_DUMP_ZONE,3,dump_zone_3,1000.0,unlimited,,2,20260523_131329
1968.843,2026-05-23T13:17:24.709,UNLOAD_COMPLETE,3,load_zone_26,0.0,8000.0,trip_id=1|trip_duration_s=235.63|trip_fuel_L=0.7786|trip_co2_kg=2.087249,2,20260523_131329
1973.312,2026-05-23T13:17:29.193,DEPART_DUMP_ZONE,3,load_zone_26,0.0,8000.0,session_fuel_L=0.7922|session_co2_kg=2.123779,2,20260523_131329
1975.804,2026-05-23T13:17:31.670,ARRIVE_DUMP_ZONE,1,dump_zone_3,1000.0,unlimited,,2,20260523_131329
1978.896,2026-05-23T13:17:34.762,UNLOAD_COMPLETE,1,load_zone_26,0.0,8000.0,trip_id=1|trip_duration_s=245.69|trip_fuel_L=0.8129|trip_co2_kg=2.17925,2,20260523_131329
1982.674,2026-05-23T13:17:38.555,DEPART_DUMP_ZONE,1,load_zone_26,0.0,8000.0,session_fuel_L=0.8245|session_co2_kg=2.210162,2,20260523_131329
2000.463,2026-05-23T13:17:56.329,ARRIVE_LOAD_ZONE,2,load_zone_22,0.0,9000.0,,2,20260523_131329
2003.545,2026-05-23T13:17:59.411,LOAD_COMPLETE,2,dump_zone_22,1000.0,unlimited,trip_fuel_so_far_L=0.148,2,20260523_131329
2004.334,2026-05-23T13:18:00.228,DEPART_LOAD_ZONE,2,dump_zone_22,1000.0,unlimited,session_fuel_L=0.881|session_co2_kg=2.361889,2,20260523_131329
2068.339,2026-05-23T13:19:04.253,ARRIVE_LOAD_ZONE,3,load_zone_26,0.0,8000.0,,2,20260523_131329
2071.391,2026-05-23T13:19:07.258,LOAD_COMPLETE,3,dump_zone_3,1000.0,unlimited,trip_fuel_so_far_L=0.3316,2,20260523_131329
2076.455,2026-05-23T13:19:12.336,DEPART_LOAD_ZONE,3,dump_zone_3,1000.0,unlimited,session_fuel_L=1.1258|session_co2_kg=3.017958,2,20260523_131329
2082.599,2026-05-23T13:19:18.513,ARRIVE_LOAD_ZONE,1,load_zone_26,0.0,7000.0,,2,20260523_131329
2085.633,2026-05-23T13:19:21.501,LOAD_COMPLETE,1,dump_zone_3,1000.0,unlimited,trip_fuel_so_far_L=0.3449,2,20260523_131329
2089.129,2026-05-23T13:19:25.008,DEPART_LOAD_ZONE,1,dump_zone_3,1000.0,unlimited,session_fuel_L=1.1686|session_co2_kg=3.132697,2,20260523_131329
2197.461,2026-05-23T13:21:13.327,ARRIVE_DUMP_ZONE,3,dump_zone_3,1000.0,unlimited,,2,20260523_131329
2200.589,2026-05-23T13:21:16.455,UNLOAD_COMPLETE,3,load_zone_26,0.0,6000.0,trip_id=2|trip_duration_s=231.75|trip_fuel_L=0.7585|trip_co2_kg=2.033641,2,20260523_131329
2205.18,2026-05-23T13:21:21.058,DEPART_DUMP_ZONE,3,load_zone_26,0.0,6000.0,session_fuel_L=1.5512|session_co2_kg=4.158435,2,20260523_131329
2206.987,2026-05-23T13:21:22.854,ARRIVE_DUMP_ZONE,1,dump_zone_3,1000.0,unlimited,,2,20260523_131329
2210.051,2026-05-23T13:21:25.918,UNLOAD_COMPLETE,1,load_zone_26,0.0,6000.0,trip_id=2|trip_duration_s=231.16|trip_fuel_L=0.7577|trip_co2_kg=2.031462,2,20260523_131329
2215.037,2026-05-23T13:21:30.916,DEPART_DUMP_ZONE,1,load_zone_26,0.0,6000.0,session_fuel_L=1.5859|session_co2_kg=4.251495,2,20260523_131329
2317.402,2026-05-23T13:23:13.268,ARRIVE_LOAD_ZONE,3,load_zone_26,0.0,6000.0,,2,20260523_131329
2320.444,2026-05-23T13:23:16.311,LOAD_COMPLETE,3,dump_zone_3,1000.0,unlimited,trip_fuel_so_far_L=0.3869,2,20260523_131329
2325.115,2026-05-23T13:23:20.996,DEPART_LOAD_ZONE,3,dump_zone_3,1000.0,unlimited,session_fuel_L=1.9384|session_co2_kg=5.196599,2,20260523_131329
2327.061,2026-05-23T13:23:22.927,ARRIVE_LOAD_ZONE,1,load_zone_26,0.0,5000.0,,2,20260523_131329
2330.125,2026-05-23T13:23:25.992,LOAD_COMPLETE,1,dump_zone_3,1000.0,unlimited,trip_fuel_so_far_L=0.3946,2,20260523_131329
2335.037,2026-05-23T13:23:30.916,DEPART_LOAD_ZONE,1,dump_zone_3,1000.0,unlimited,session_fuel_L=1.9804|session_co2_kg=5.309025,2,20260523_131329
2719.842,2026-05-23T13:29:34.443,ARRIVE_LOAD_ZONE,2,load_zone_26,0.0,10000.0,,3,20260523_132744
2722.86,2026-05-23T13:29:37.462,LOAD_COMPLETE,2,dump_zone_3,1000.0,unlimited,trip_fuel_so_far_L=0.378,3,20260523_132744
2728.246,2026-05-23T13:29:42.861,DEPART_LOAD_ZONE,2,dump_zone_3,1000.0,unlimited,session_fuel_L=0.3946|session_co2_kg=1.057565,3,20260523_132744
2750.253,2026-05-23T13:30:04.896,ARRIVE_LOAD_ZONE,1,load_zone_22,0.0,10000.0,,3,20260523_132744
2753.272,2026-05-23T13:30:07.872,LOAD_COMPLETE,1,dump_zone_22,1000.0,unlimited,trip_fuel_so_far_L=0.4693,3,20260523_132744
2754.023,2026-05-23T13:30:08.651,DEPART_LOAD_ZONE,1,dump_zone_22,1000.0,unlimited,session_fuel_L=0.4717|session_co2_kg=1.264364,3,20260523_132744
2822.73,2026-05-23T13:31:17.330,ARRIVE_DUMP_ZONE,1,dump_zone_22,1000.0,unlimited,,3,20260523_132744
2823.383,2026-05-23T13:31:17.983,ARRIVE_LOAD_ZONE,3,load_zone_22,0.0,9000.0,,3,20260523_132744
2825.791,2026-05-23T13:31:20.392,UNLOAD_COMPLETE,1,load_zone_22,0.0,9000.0,trip_id=1|trip_duration_s=216.21|trip_fuel_L=0.7018|trip_co2_kg=1.881442,3,20260523_132744
2826.432,2026-05-23T13:31:21.032,LOAD_COMPLETE,3,dump_zone_22,1000.0,unlimited,trip_fuel_so_far_L=0.7074,3,20260523_132744
2827.186,2026-05-23T13:31:21.814,DEPART_LOAD_ZONE,3,dump_zone_22,1000.0,unlimited,session_fuel_L=0.7097|session_co2_kg=1.902587,3,20260523_132744
2827.395,2026-05-23T13:31:22.022,DEPART_DUMP_ZONE,1,load_zone_22,0.0,8000.0,session_fuel_L=0.7067|session_co2_kg=1.894559,3,20260523_132744
2846.01,2026-05-23T13:31:40.610,ARRIVE_DUMP_ZONE,2,dump_zone_3,1000.0,unlimited,,3,20260523_132744
2849.028,2026-05-23T13:31:43.629,UNLOAD_COMPLETE,2,load_zone_26,0.0,9000.0,trip_id=1|trip_duration_s=239.45|trip_fuel_L=0.7964|trip_co2_kg=2.134854,3,20260523_132744
2853.357,2026-05-23T13:31:48.010,DEPART_DUMP_ZONE,2,load_zone_26,0.0,9000.0,session_fuel_L=0.8096|session_co2_kg=2.170259,3,20260523_132744
2869.149,2026-05-23T13:32:03.750,ARRIVE_DUMP_ZONE,3,dump_zone_22,1000.0,unlimited,,3,20260523_132744
2871.886,2026-05-23T13:32:06.532,ARRIVE_LOAD_ZONE,1,load_zone_22,0.0,8000.0,,3,20260523_132744
2872.169,2026-05-23T13:32:06.770,UNLOAD_COMPLETE,3,load_zone_22,0.0,8000.0,trip_id=1|trip_duration_s=262.59|trip_fuel_L=0.8591|trip_co2_kg=2.303076,3,20260523_132744
2873.743,2026-05-23T13:32:08.371,DEPART_DUMP_ZONE,3,load_zone_22,0.0,8000.0,session_fuel_L=0.8639|session_co2_kg=2.315955,3,20260523_132744
2874.918,2026-05-23T13:32:09.519,LOAD_COMPLETE,1,dump_zone_22,1000.0,unlimited,trip_fuel_so_far_L=0.1568,3,20260523_132744
2875.569,2026-05-23T13:32:10.197,DEPART_LOAD_ZONE,1,dump_zone_22,1000.0,unlimited,session_fuel_L=0.8606|session_co2_kg=2.307341,3,20260523_132744
3150.832,2026-05-23T13:40:58.719,ARRIVE_LOAD_ZONE,3,load_zone_26,0.0,10000.0,,4,20260523_134009
3154.247,2026-05-23T13:40:59.432,LOAD_COMPLETE,3,dump_zone_3,1000.0,unlimited,trip_fuel_so_far_L=0.6257,4,20260523_134009
3159.762,2026-05-23T13:41:00.497,DEPART_LOAD_ZONE,3,dump_zone_3,1000.0,unlimited,session_fuel_L=0.6426|session_co2_kg=1.722288,4,20260523_134009
3162.967,2026-05-23T13:41:01.171,ARRIVE_LOAD_ZONE,1,load_zone_22,0.0,10000.0,,4,20260523_134009
3166.427,2026-05-23T13:41:01.845,LOAD_COMPLETE,1,dump_zone_22,1000.0,unlimited,trip_fuel_so_far_L=0.6582,4,20260523_134009
3171.937,2026-05-23T13:41:02.925,DEPART_LOAD_ZONE,1,dump_zone_22,1000.0,unlimited,session_fuel_L=0.6752|session_co2_kg=1.809508,4,20260523_134009
3213.572,2026-05-23T13:41:11.221,ARRIVE_LOAD_ZONE,2,load_zone_26,0.0,9000.0,,4,20260523_134009
3216.997,2026-05-23T13:41:11.938,LOAD_COMPLETE,2,dump_zone_3,1000.0,unlimited,trip_fuel_so_far_L=0.8263,4,20260523_134009
3222.942,2026-05-23T13:41:13.119,DEPART_LOAD_ZONE,2,dump_zone_3,1000.0,unlimited,session_fuel_L=0.8446|session_co2_kg=2.26351,4,20260523_134009
3324.382,2026-05-23T13:41:33.454,ARRIVE_DUMP_ZONE,3,dump_zone_3,1000.0,unlimited,,4,20260523_134009
3328.037,2026-05-23T13:41:34.161,UNLOAD_COMPLETE,3,load_zone_26,0.0,8000.0,trip_id=1|trip_duration_s=368.78|trip_fuel_L=1.1871|trip_co2_kg=3.181519,4,20260523_134009
3334.347,2026-05-23T13:41:35.415,DEPART_DUMP_ZONE,3,load_zone_26,0.0,8000.0,session_fuel_L=1.2064|session_co2_kg=3.233052,4,20260523_134009
3381.817,2026-05-23T13:41:44.913,ARRIVE_DUMP_ZONE,2,dump_zone_3,1000.0,unlimited,,4,20260523_134009
3385.307,2026-05-23T13:41:45.618,UNLOAD_COMPLETE,2,load_zone_26,0.0,8000.0,trip_id=1|trip_duration_s=426.05|trip_fuel_L=1.3726|trip_co2_kg=3.678656,4,20260523_134009
3391.517,2026-05-23T13:41:46.843,DEPART_DUMP_ZONE,2,load_zone_26,0.0,8000.0,session_fuel_L=1.3915|session_co2_kg=3.729372,4,20260523_134009
3467.342,2026-05-23T13:42:02.005,ARRIVE_LOAD_ZONE,3,load_zone_26,0.0,8000.0,,4,20260523_134009
3470.877,2026-05-23T13:42:02.731,LOAD_COMPLETE,3,dump_zone_3,1000.0,unlimited,trip_fuel_so_far_L=0.4549,4,20260523_134009
3477.002,2026-05-23T13:42:03.924,DEPART_LOAD_ZONE,3,dump_zone_3,1000.0,unlimited,session_fuel_L=1.6609|session_co2_kg=4.451217,4,20260523_134009
3532.032,2026-05-23T13:42:14.922,ARRIVE_LOAD_ZONE,2,load_zone_26,0.0,7000.0,,4,20260523_134009
3535.747,2026-05-23T13:42:15.703,LOAD_COMPLETE,2,dump_zone_3,1000.0,unlimited,trip_fuel_so_far_L=0.4769,4,20260523_134009
3541.352,2026-05-23T13:42:16.785,DEPART_LOAD_ZONE,2,dump_zone_3,1000.0,unlimited,session_fuel_L=1.8668|session_co2_kg=5.002924,4,20260523_134009
3637.237,2026-05-23T13:42:35.979,ARRIVE_DUMP_ZONE,3,dump_zone_3,1000.0,unlimited,,4,20260523_134009
3640.607,2026-05-23T13:42:36.654,UNLOAD_COMPLETE,3,load_zone_26,0.0,6000.0,trip_id=2|trip_duration_s=312.57|trip_fuel_L=1.0041|trip_co2_kg=2.691036,4,20260523_134009
3646.877,2026-05-23T13:42:37.917,DEPART_DUMP_ZONE,3,load_zone_26,0.0,6000.0,session_fuel_L=2.2104|session_co2_kg=5.923787,4,20260523_134009
3701.892,2026-05-23T13:42:48.912,ARRIVE_DUMP_ZONE,2,dump_zone_3,1000.0,unlimited,,4,20260523_134009
3705.372,2026-05-23T13:42:49.629,UNLOAD_COMPLETE,2,load_zone_26,0.0,6000.0,trip_id=2|trip_duration_s=320.06|trip_fuel_L=1.0273|trip_co2_kg=2.753201,4,20260523_134009
3711.607,2026-05-23T13:42:50.865,DEPART_DUMP_ZONE,2,load_zone_26,0.0,6000.0,session_fuel_L=2.4189|session_co2_kg=6.482789,4,20260523_134009
3782.507,2026-05-23T13:43:05.067,ARRIVE_LOAD_ZONE,3,load_zone_26,0.0,6000.0,,4,20260523_134009
3785.932,2026-05-23T13:43:05.721,LOAD_COMPLETE,3,dump_zone_3,1000.0,unlimited,trip_fuel_so_far_L=0.4623,4,20260523_134009
3792.072,2026-05-23T13:43:06.946,DEPART_LOAD_ZONE,3,dump_zone_3,1000.0,unlimited,session_fuel_L=2.6724|session_co2_kg=7.162179,4,20260523_134009
3895.147,2026-05-23T13:43:27.563,ARRIVE_LOAD_ZONE,2,load_zone_26,0.0,5000.0,,4,20260523_134009
3898.692,2026-05-23T13:43:28.274,LOAD_COMPLETE,2,dump_zone_3,1000.0,unlimited,trip_fuel_so_far_L=0.6066,4,20260523_134009
3904.137,2026-05-23T13:43:29.380,DEPART_LOAD_ZONE,2,dump_zone_3,1000.0,unlimited,session_fuel_L=3.0233|session_co2_kg=8.102467,4,20260523_134009
3952.757,2026-05-23T13:43:39.105,ARRIVE_DUMP_ZONE,3,dump_zone_3,1000.0,unlimited,,4,20260523_134009
3956.382,2026-05-23T13:43:39.860,UNLOAD_COMPLETE,3,load_zone_26,0.0,4000.0,trip_id=3|trip_duration_s=315.77|trip_fuel_L=1.0142|trip_co2_kg=2.718125,4,20260523_134009
3962.707,2026-05-23T13:43:41.082,DEPART_DUMP_ZONE,3,load_zone_26,0.0,4000.0,session_fuel_L=3.2247|session_co2_kg=8.642347,4,20260523_134009
4062.312,2026-05-23T13:44:01.006,ARRIVE_DUMP_ZONE,2,dump_zone_3,1000.0,unlimited,,4,20260523_134009
4065.657,2026-05-23T13:44:01.669,UNLOAD_COMPLETE,2,load_zone_26,0.0,4000.0,trip_id=3|trip_duration_s=360.28|trip_fuel_L=1.1469|trip_co2_kg=3.073819,4,20260523_134009
4071.932,2026-05-23T13:44:02.915,DEPART_DUMP_ZONE,2,load_zone_26,0.0,4000.0,session_fuel_L=3.566|session_co2_kg=9.556909,4,20260523_134009
4105.827,2026-05-23T13:44:09.738,ARRIVE_LOAD_ZONE,3,load_zone_26,0.0,4000.0,,4,20260523_134009
4109.162,2026-05-23T13:44:10.397,LOAD_COMPLETE,3,dump_zone_3,1000.0,unlimited,trip_fuel_so_far_L=0.4835,4,20260523_134009
4114.722,2026-05-23T13:44:11.464,DEPART_LOAD_ZONE,3,dump_zone_3,1000.0,unlimited,session_fuel_L=3.7061|session_co2_kg=9.932444,4,20260523_134009
4207.332,2026-05-23T13:44:30.005,ARRIVE_LOAD_ZONE,2,load_zone_26,0.0,3000.0,,4,20260523_134009
4210.782,2026-05-23T13:44:30.673,LOAD_COMPLETE,2,dump_zone_3,1000.0,unlimited,trip_fuel_so_far_L=0.4625,4,20260523_134009
4216.717,2026-05-23T13:44:31.879,DEPART_LOAD_ZONE,2,dump_zone_3,1000.0,unlimited,session_fuel_L=4.0277|session_co2_kg=10.794142,4,20260523_134009
4275.397,2026-05-23T13:44:43.624,ARRIVE_DUMP_ZONE,3,dump_zone_3,1000.0,unlimited,,4,20260523_134009
4278.737,2026-05-23T13:44:44.274,UNLOAD_COMPLETE,3,load_zone_26,0.0,2000.0,trip_id=4|trip_duration_s=322.35|trip_fuel_L=1.0327|trip_co2_kg=2.767561,4,20260523_134009
4285.042,2026-05-23T13:44:45.557,DEPART_DUMP_ZONE,3,load_zone_26,0.0,2000.0,session_fuel_L=4.2574|session_co2_kg=11.409749,4,20260523_134009
4369.012,2026-05-23T13:45:02.354,ARRIVE_DUMP_ZONE,2,dump_zone_3,1000.0,unlimited,,4,20260523_134009
4372.837,2026-05-23T13:45:03.140,UNLOAD_COMPLETE,2,load_zone_26,0.0,2000.0,trip_id=4|trip_duration_s=307.18|trip_fuel_L=0.9908|trip_co2_kg=2.655367,4,20260523_134009
4379.077,2026-05-23T13:45:04.364,DEPART_DUMP_ZONE,2,load_zone_26,0.0,2000.0,session_fuel_L=4.5567|session_co2_kg=12.212004,4,20260523_134009
4426.982,2026-05-23T13:45:13.934,ARRIVE_LOAD_ZONE,3,load_zone_26,0.0,2000.0,,4,20260523_134009
4430.342,2026-05-23T13:45:14.579,LOAD_COMPLETE,3,dump_zone_3,1000.0,unlimited,trip_fuel_so_far_L=0.4805,4,20260523_134009
4436.062,2026-05-23T13:45:15.780,DEPART_LOAD_ZONE,3,dump_zone_3,1000.0,unlimited,session_fuel_L=4.7363|session_co2_kg=12.693318,4,20260523_134009
4525.142,2026-05-23T13:45:33.538,ARRIVE_LOAD_ZONE,2,load_zone_26,0.0,1000.0,,4,20260523_134009
4528.542,2026-05-23T13:45:34.234,LOAD_COMPLETE,2,dump_zone_3,1000.0,unlimited,trip_fuel_so_far_L=0.4926,4,20260523_134009
4534.892,2026-05-23T13:45:35.513,DEPART_LOAD_ZONE,2,dump_zone_3,1000.0,unlimited,session_fuel_L=5.0499|session_co2_kg=13.533669,4,20260523_134009
4591.902,2026-05-23T13:45:46.954,ARRIVE_DUMP_ZONE,3,dump_zone_3,1000.0,unlimited,,4,20260523_134009
4595.762,2026-05-23T13:45:47.688,UNLOAD_COMPLETE,3,load_zone_29,0.0,10000.0,trip_id=5|trip_duration_s=317.03|trip_fuel_L=1.0162|trip_co2_kg=2.723468,4,20260523_134009
4601.947,2026-05-23T13:45:48.941,DEPART_DUMP_ZONE,3,load_zone_29,0.0,10000.0,session_fuel_L=5.2732|session_co2_kg=14.13222,4,20260523_134009
4691.467,2026-05-23T13:46:06.827,ARRIVE_DUMP_ZONE,2,dump_zone_3,1000.0,unlimited,,4,20260523_134009
4694.872,2026-05-23T13:46:07.537,UNLOAD_COMPLETE,2,load_zone_25,0.0,10000.0,trip_id=5|trip_duration_s=322.04|trip_fuel_L=1.0334|trip_co2_kg=2.769637,4,20260523_134009
4701.002,2026-05-23T13:46:08.721,DEPART_DUMP_ZONE,2,load_zone_25,0.0,10000.0,session_fuel_L=5.5898|session_co2_kg=14.980758,4,20260523_134009
4761.517,2026-05-23T13:46:20.854,ARRIVE_LOAD_ZONE,3,load_zone_29,0.0,10000.0,,4,20260523_134009
4765.072,2026-05-23T13:46:21.545,LOAD_COMPLETE,3,dump_zone_3,1000.0,unlimited,trip_fuel_so_far_L=0.535,4,20260523_134009
4771.262,2026-05-23T13:46:22.774,DEPART_LOAD_ZONE,3,dump_zone_3,1000.0,unlimited,session_fuel_L=5.8084|session_co2_kg=15.566467,4,20260523_134009
4872.102,2026-05-23T13:46:42.957,ARRIVE_LOAD_ZONE,2,load_zone_25,0.0,10000.0,,4,20260523_134009
4875.327,2026-05-23T13:46:43.596,LOAD_COMPLETE,2,dump_zone_3,1000.0,unlimited,trip_fuel_so_far_L=0.5725,4,20260523_134009
4881.197,2026-05-23T13:46:44.788,DEPART_LOAD_ZONE,2,dump_zone_3,1000.0,unlimited,session_fuel_L=6.1617|session_co2_kg=16.513446,4,20260523_134009
4935.612,2026-05-23T13:46:55.662,ARRIVE_DUMP_ZONE,3,dump_zone_3,1000.0,unlimited,,4,20260523_134009
4938.947,2026-05-23T13:46:56.321,UNLOAD_COMPLETE,3,load_zone_29,0.0,9000.0,trip_id=6|trip_duration_s=343.19|trip_fuel_L=1.1|trip_co2_kg=2.948095,4,20260523_134009
4945.247,2026-05-23T13:46:57.603,DEPART_DUMP_ZONE,3,load_zone_29,0.0,9000.0,session_fuel_L=6.3736|session_co2_kg=17.081259,4,20260523_134009
5078.802,2026-05-23T13:47:24.329,ARRIVE_DUMP_ZONE,2,dump_zone_3,1000.0,unlimited,,4,20260523_134009
5082.432,2026-05-23T13:47:25.034,UNLOAD_COMPLETE,2,load_zone_25,0.0,9000.0,trip_id=6|trip_duration_s=387.56|trip_fuel_L=1.2446|trip_co2_kg=3.335447,4,20260523_134009
5088.622,2026-05-23T13:47:26.247,DEPART_DUMP_ZONE,2,load_zone_25,0.0,9000.0,session_fuel_L=6.8346|session_co2_kg=18.31668,4,20260523_134009
5103.082,2026-05-23T13:47:29.164,ARRIVE_LOAD_ZONE,3,load_zone_29,0.0,9000.0,,4,20260523_134009
5106.427,2026-05-23T13:47:29.817,LOAD_COMPLETE,3,dump_zone_3,1000.0,unlimited,trip_fuel_so_far_L=0.5306,4,20260523_134009
5112.097,2026-05-23T13:47:30.958,DEPART_LOAD_ZONE,3,dump_zone_3,1000.0,unlimited,session_fuel_L=6.9024|session_co2_kg=18.498546,4,20260523_134009
5263.767,2026-05-23T13:48:01.310,ARRIVE_LOAD_ZONE,2,load_zone_25,0.0,9000.0,,4,20260523_134009
5267.262,2026-05-23T13:48:02.009,LOAD_COMPLETE,2,dump_zone_3,1000.0,unlimited,trip_fuel_so_far_L=0.5848,4,20260523_134009
5272.992,2026-05-23T13:48:03.150,DEPART_LOAD_ZONE,2,dump_zone_3,1000.0,unlimited,session_fuel_L=7.4181|session_co2_kg=19.880571,4,20260523_134009
5280.772,2026-05-23T13:48:04.701,ARRIVE_DUMP_ZONE,3,dump_zone_3,1000.0,unlimited,,4,20260523_134009
5284.457,2026-05-23T13:48:05.446,UNLOAD_COMPLETE,3,load_zone_29,0.0,8000.0,trip_id=7|trip_duration_s=345.51|trip_fuel_L=1.1076|trip_co2_kg=2.968329,4,20260523_134009
5290.587,2026-05-23T13:48:06.677,DEPART_DUMP_ZONE,3,load_zone_29,0.0,8000.0,session_fuel_L=7.4807|session_co2_kg=20.048217,4,20260523_134009
5445.357,2026-05-23T13:48:37.627,ARRIVE_LOAD_ZONE,3,load_zone_29,0.0,8000.0,,4,20260523_134009
5448.942,2026-05-23T13:48:38.320,LOAD_COMPLETE,3,dump_zone_3,1000.0,unlimited,trip_fuel_so_far_L=0.5212,4,20260523_134009
5455.157,2026-05-23T13:48:39.567,DEPART_LOAD_ZONE,3,dump_zone_3,1000.0,unlimited,session_fuel_L=8.0023|session_co2_kg=21.446222,4,20260523_134009
5461.972,2026-05-23T13:48:40.947,ARRIVE_DUMP_ZONE,2,dump_zone_3,1000.0,unlimited,,4,20260523_134009
5465.277,2026-05-23T13:48:41.594,UNLOAD_COMPLETE,2,load_zone_25,0.0,8000.0,trip_id=7|trip_duration_s=382.85|trip_fuel_L=1.2265|trip_co2_kg=3.287026,4,20260523_134009
5471.537,2026-05-23T13:48:42.859,DEPART_DUMP_ZONE,2,load_zone_25,0.0,8000.0,session_fuel_L=8.0613|session_co2_kg=21.604292,4,20260523_134009
5623.857,2026-05-23T13:49:13.315,ARRIVE_DUMP_ZONE,3,dump_zone_3,1000.0,unlimited,,4,20260523_134009
5627.707,2026-05-23T13:49:14.084,UNLOAD_COMPLETE,3,load_zone_29,0.0,7000.0,trip_id=8|trip_duration_s=343.25|trip_fuel_L=1.1016|trip_co2_kg=2.952369,4,20260523_134009
5634.057,2026-05-23T13:49:15.356,DEPART_DUMP_ZONE,3,load_zone_29,0.0,7000.0,session_fuel_L=8.5829|session_co2_kg=23.002362,4,20260523_134009
5640.152,2026-05-23T13:49:16.588,ARRIVE_LOAD_ZONE,2,load_zone_25,0.0,8000.0,,4,20260523_134009
5643.792,2026-05-23T13:49:17.315,LOAD_COMPLETE,2,dump_zone_3,1000.0,unlimited,trip_fuel_so_far_L=0.5664,4,20260523_134009
5649.677,2026-05-23T13:49:18.484,DEPART_LOAD_ZONE,2,dump_zone_3,1000.0,unlimited,session_fuel_L=8.6268|session_co2_kg=23.119769,4,20260523_134009
5803.627,2026-05-23T13:49:49.289,ARRIVE_LOAD_ZONE,3,load_zone_29,0.0,7000.0,,4,20260523_134009
5807.152,2026-05-23T13:49:49.967,LOAD_COMPLETE,3,dump_zone_3,1000.0,unlimited,trip_fuel_so_far_L=0.5673,4,20260523_134009
5812.987,2026-05-23T13:49:51.143,DEPART_LOAD_ZONE,3,dump_zone_3,1000.0,unlimited,session_fuel_L=9.1489|session_co2_kg=24.519073,4,20260523_134009
5840.767,2026-05-23T13:49:56.714,ARRIVE_DUMP_ZONE,2,dump_zone_3,1000.0,unlimited,,4,20260523_134009
5844.517,2026-05-23T13:49:57.449,UNLOAD_COMPLETE,2,load_zone_25,0.0,7000.0,trip_id=8|trip_duration_s=379.24|trip_fuel_L=1.2167|trip_co2_kg=3.260687,4,20260523_134009
5850.957,2026-05-23T13:49:58.742,DEPART_DUMP_ZONE,2,load_zone_25,0.0,7000.0,session_fuel_L=9.2785|session_co2_kg=24.866452,4,20260523_134009
5982.382,2026-05-23T13:50:25.010,ARRIVE_DUMP_ZONE,3,dump_zone_3,1000.0,unlimited,,4,20260523_134009
5986.037,2026-05-23T13:50:25.773,UNLOAD_COMPLETE,3,load_zone_29,0.0,6000.0,trip_id=9|trip_duration_s=358.33|trip_fuel_L=1.1478|trip_co2_kg=3.076117,4,20260523_134009
5992.287,2026-05-23T13:50:26.981,DEPART_DUMP_ZONE,3,load_zone_29,0.0,6000.0,session_fuel_L=9.7305|session_co2_kg=26.077685,4,20260523_134009
6030.367,2026-05-23T13:50:34.636,ARRIVE_LOAD_ZONE,2,load_zone_25,0.0,7000.0,,4,20260523_134009
6033.947,2026-05-23T13:50:35.346,LOAD_COMPLETE,2,dump_zone_3,1000.0,unlimited,trip_fuel_so_far_L=0.5998,4,20260523_134009
6039.587,2026-05-23T13:50:36.446,DEPART_LOAD_ZONE,2,dump_zone_3,1000.0,unlimited,session_fuel_L=9.876|session_co2_kg=26.467845,4,20260523_134009
6139.967,2026-05-23T13:50:56.517,ARRIVE_LOAD_ZONE,3,load_zone_29,0.0,6000.0,,4,20260523_134009
6143.447,2026-05-23T13:50:57.213,LOAD_COMPLETE,3,dump_zone_3,1000.0,unlimited,trip_fuel_so_far_L=0.5006,4,20260523_134009
6149.422,2026-05-23T13:50:58.427,DEPART_LOAD_ZONE,3,dump_zone_3,1000.0,unlimited,session_fuel_L=10.2304|session_co2_kg=27.417409,4,20260523_134009
6229.987,2026-05-23T13:51:14.549,ARRIVE_DUMP_ZONE,2,dump_zone_3,1000.0,unlimited,,4,20260523_134009
6233.397,2026-05-23T13:51:15.223,UNLOAD_COMPLETE,2,load_zone_25,0.0,6000.0,trip_id=9|trip_duration_s=388.88|trip_fuel_L=1.2455|trip_co2_kg=3.338003,4,20260523_134009
6239.637,2026-05-23T13:51:16.451,DEPART_DUMP_ZONE,2,load_zone_25,0.0,6000.0,session_fuel_L=10.5234|session_co2_kg=28.202827,4,20260523_134009
6326.122,2026-05-23T13:51:33.740,ARRIVE_DUMP_ZONE,3,dump_zone_3,1000.0,unlimited,,4,20260523_134009
6329.377,2026-05-23T13:51:34.420,UNLOAD_COMPLETE,3,load_zone_29,0.0,5000.0,trip_id=10|trip_duration_s=343.34|trip_fuel_L=1.101|trip_co2_kg=2.950579,4,20260523_134009
6335.882,2026-05-23T13:51:35.721,DEPART_DUMP_ZONE,3,load_zone_29,0.0,5000.0,session_fuel_L=10.8322|session_co2_kg=29.030337,4,20260523_134009
6426.872,2026-05-23T13:51:53.921,ARRIVE_LOAD_ZONE,2,load_zone_25,0.0,6000.0,,4,20260523_134009
6430.432,2026-05-23T13:51:54.620,LOAD_COMPLETE,2,dump_zone_3,1000.0,unlimited,trip_fuel_so_far_L=0.6219,4,20260523_134009
6436.532,2026-05-23T13:51:55.851,DEPART_LOAD_ZONE,2,dump_zone_3,1000.0,unlimited,session_fuel_L=11.1451|session_co2_kg=29.868874,4,20260523_134009
6477.142,2026-05-23T13:52:03.960,ARRIVE_LOAD_ZONE,3,load_zone_29,0.0,5000.0,,4,20260523_134009
6480.557,2026-05-23T13:52:04.645,LOAD_COMPLETE,3,dump_zone_3,1000.0,unlimited,trip_fuel_so_far_L=0.4819,4,20260523_134009
6486.922,2026-05-23T13:52:05.921,DEPART_LOAD_ZONE,3,dump_zone_3,1000.0,unlimited,session_fuel_L=11.3138|session_co2_kg=30.321072,4,20260523_134009
6629.087,2026-05-23T13:52:34.384,ARRIVE_DUMP_ZONE,2,dump_zone_3,1000.0,unlimited,,4,20260523_134009
6632.547,2026-05-23T13:52:35.068,UNLOAD_COMPLETE,2,load_zone_25,0.0,5000.0,trip_id=10|trip_duration_s=399.15|trip_fuel_L=1.2768|trip_co2_kg=3.421775,4,20260523_134009
6638.752,2026-05-23T13:52:36.298,DEPART_DUMP_ZONE,2,load_zone_25,0.0,5000.0,session_fuel_L=11.8001|session_co2_kg=31.624321,4,20260523_134009
6659.977,2026-05-23T13:52:40.501,ARRIVE_DUMP_ZONE,3,dump_zone_3,1000.0,unlimited,,4,20260523_134009
6663.227,2026-05-23T13:52:41.165,UNLOAD_COMPLETE,3,load_zone_29,0.0,4000.0,trip_id=11|trip_duration_s=333.85|trip_fuel_L=1.0749|trip_co2_kg=2.880658,4,20260523_134009
6664.277,2026-05-23T13:52:41.365,DEPART_DUMP_ZONE,3,load_zone_29,0.0,4000.0,session_fuel_L=11.8904|session_co2_kg=31.866413,4,20260523_134009
6813.852,2026-05-23T13:53:11.295,ARRIVE_LOAD_ZONE,3,load_zone_29,0.0,4000.0,,4,20260523_134009
6817.267,2026-05-23T13:53:11.965,LOAD_COMPLETE,3,dump_zone_3,1000.0,unlimited,trip_fuel_so_far_L=0.4906,4,20260523_134009
6823.262,2026-05-23T13:53:13.171,DEPART_LOAD_ZONE,3,dump_zone_3,1000.0,unlimited,session_fuel_L=12.3963|session_co2_kg=33.222065,4,20260523_134009
6989.117,2026-05-23T13:53:46.370,ARRIVE_DUMP_ZONE,3,dump_zone_3,1000.0,unlimited,,4,20260523_134009
6992.642,2026-05-23T13:53:47.056,UNLOAD_COMPLETE,3,load_zone_29,0.0,3000.0,trip_id=12|trip_duration_s=329.42|trip_fuel_L=1.0593|trip_co2_kg=2.839027,4,20260523_134009
6998.727,2026-05-23T13:53:48.270,DEPART_DUMP_ZONE,3,load_zone_29,0.0,3000.0,session_fuel_L=12.9651|session_co2_kg=34.746588,4,20260523_134009
7137.472,2026-05-23T13:54:16.025,ARRIVE_LOAD_ZONE,3,load_zone_29,0.0,3000.0,,4,20260523_134009
7140.657,2026-05-23T13:54:16.653,LOAD_COMPLETE,3,dump_zone_3,1000.0,unlimited,trip_fuel_so_far_L=0.4707,4,20260523_134009
7146.987,2026-05-23T13:54:17.912,DEPART_LOAD_ZONE,3,dump_zone_3,1000.0,unlimited,session_fuel_L=13.4368|session_co2_kg=36.010686,4,20260523_134009
7306.512,2026-05-23T13:54:49.820,ARRIVE_DUMP_ZONE,3,dump_zone_3,1000.0,unlimited,,4,20260523_134009
7309.892,2026-05-23T13:54:50.491,UNLOAD_COMPLETE,3,load_zone_29,0.0,2000.0,trip_id=13|trip_duration_s=317.25|trip_fuel_L=1.0202|trip_co2_kg=2.734149,4,20260523_134009
7316.112,2026-05-23T13:54:51.754,DEPART_DUMP_ZONE,3,load_zone_29,0.0,2000.0,session_fuel_L=13.9857|session_co2_kg=37.481848,4,20260523_134009
7450.067,2026-05-23T13:55:18.544,ARRIVE_LOAD_ZONE,3,load_zone_29,0.0,2000.0,,4,20260523_134009
7453.252,2026-05-23T13:55:19.170,LOAD_COMPLETE,3,dump_zone_3,1000.0,unlimited,trip_fuel_so_far_L=0.4573,4,20260523_134009
7459.227,2026-05-23T13:55:20.366,DEPART_LOAD_ZONE,3,dump_zone_3,1000.0,unlimited,session_fuel_L=14.4425|session_co2_kg=38.705986,4,20260523_134009
7622.762,2026-05-23T13:55:53.081,ARRIVE_DUMP_ZONE,3,dump_zone_3,1000.0,unlimited,,4,20260523_134009
7626.072,2026-05-23T13:55:53.744,UNLOAD_COMPLETE,3,load_zone_29,0.0,1000.0,trip_id=14|trip_duration_s=316.18|trip_fuel_L=1.0194|trip_co2_kg=2.732018,4,20260523_134009
7632.347,2026-05-23T13:55:54.992,DEPART_DUMP_ZONE,3,load_zone_29,0.0,1000.0,session_fuel_L=15.0053|session_co2_kg=40.214316,4,20260523_134009
7774.342,2026-05-23T13:56:23.394,ARRIVE_LOAD_ZONE,3,load_zone_29,0.0,1000.0,,4,20260523_134009
7777.637,2026-05-23T13:56:24.053,LOAD_COMPLETE,3,dump_zone_3,1000.0,unlimited,trip_fuel_so_far_L=0.4828,4,20260523_134009
7783.592,2026-05-23T13:56:25.235,DEPART_LOAD_ZONE,3,dump_zone_3,1000.0,unlimited,session_fuel_L=15.4873|session_co2_kg=41.506051,4,20260523_134009
7945.997,2026-05-23T13:56:57.720,ARRIVE_DUMP_ZONE,3,dump_zone_3,1000.0,unlimited,,4,20260523_134009
7949.357,2026-05-23T13:56:58.379,UNLOAD_COMPLETE,3,load_zone_24,0.0,10000.0,trip_id=15|trip_duration_s=323.29|trip_fuel_L=1.0401|trip_co2_kg=2.787484,4,20260523_134009
7955.617,2026-05-23T13:56:59.644,DEPART_DUMP_ZONE,3,load_zone_24,0.0,10000.0,session_fuel_L=16.0454|session_co2_kg=43.001677,4,20260523_134009
8120.352,2026-05-23T13:57:32.603,ARRIVE_LOAD_ZONE,2,load_zone_25,0.0,5000.0,,4,20260523_134009
8123.577,2026-05-23T13:57:33.244,LOAD_COMPLETE,2,dump_zone_3,1000.0,unlimited,trip_fuel_so_far_L=4.5048,4,20260523_134009
8129.377,2026-05-23T13:57:34.402,DEPART_LOAD_ZONE,2,dump_zone_3,1000.0,unlimited,session_fuel_L=16.3038|session_co2_kg=43.694231,4,20260523_134009
8318.177,2026-05-23T13:58:12.165,ARRIVE_DUMP_ZONE,2,dump_zone_3,1000.0,unlimited,,4,20260523_134009
8321.727,2026-05-23T13:58:12.901,UNLOAD_COMPLETE,2,load_zone_25,0.0,4000.0,trip_id=11|trip_duration_s=1689.18|trip_fuel_L=5.1458|trip_co2_kg=13.790703,4,20260523_134009
8327.857,2026-05-23T13:58:14.091,DEPART_DUMP_ZONE,2,load_zone_25,0.0,4000.0,session_fuel_L=16.9457|session_co2_kg=45.414407,4,20260523_134009
8499.702,2026-05-23T13:58:48.453,ARRIVE_LOAD_ZONE,2,load_zone_25,0.0,4000.0,,4,20260523_134009
8503.062,2026-05-23T13:58:49.124,LOAD_COMPLETE,2,dump_zone_3,1000.0,unlimited,trip_fuel_so_far_L=0.5757,4,20260523_134009
8509.222,2026-05-23T13:58:50.385,DEPART_LOAD_ZONE,2,dump_zone_3,1000.0,unlimited,session_fuel_L=17.5216|session_co2_kg=46.958038,4,20260523_134009
8693.452,2026-05-23T13:59:27.218,ARRIVE_DUMP_ZONE,2,dump_zone_3,1000.0,unlimited,,4,20260523_134009
8696.817,2026-05-23T13:59:27.865,UNLOAD_COMPLETE,2,load_zone_25,0.0,3000.0,trip_id=12|trip_duration_s=375.09|trip_fuel_L=1.2042|trip_co2_kg=3.227395,4,20260523_134009
8703.047,2026-05-23T13:59:29.133,DEPART_DUMP_ZONE,2,load_zone_25,0.0,3000.0,session_fuel_L=18.1502|session_co2_kg=48.642615,4,20260523_134009
8834.757,2026-05-23T13:59:55.482,ARRIVE_LOAD_ZONE,3,load_zone_24,0.0,10000.0,,4,20260523_134009
8838.157,2026-05-23T13:59:56.168,LOAD_COMPLETE,3,dump_zone_3,1000.0,unlimited,trip_fuel_so_far_L=2.6931,4,20260523_134009
8843.617,2026-05-23T13:59:57.238,DEPART_LOAD_ZONE,3,dump_zone_3,1000.0,unlimited,session_fuel_L=18.7362|session_co2_kg=50.213037,4,20260523_134009
8999.892,2026-05-23T14:00:28.532,ARRIVE_DUMP_ZONE,3,dump_zone_3,1000.0,unlimited,,4,20260523_134009
9003.337,2026-05-23T14:00:29.204,UNLOAD_COMPLETE,3,load_zone_24,0.0,9000.0,trip_id=16|trip_duration_s=1053.98|trip_fuel_L=3.2276|trip_co2_kg=8.650003,4,20260523_134009
9009.447,2026-05-23T14:00:30.407,DEPART_DUMP_ZONE,3,load_zone_24,0.0,9000.0,session_fuel_L=19.2725|session_co2_kg=51.650452,4,20260523_134009
9143.107,2026-05-23T14:00:57.166,ARRIVE_LOAD_ZONE,2,load_zone_25,0.0,3000.0,,4,20260523_134009
9146.722,2026-05-23T14:00:57.882,LOAD_COMPLETE,2,dump_zone_3,1000.0,unlimited,trip_fuel_so_far_L=1.3815,4,20260523_134009
9149.142,2026-05-23T14:00:58.339,ARRIVE_LOAD_ZONE,3,load_zone_24,0.0,9000.0,,4,20260523_134009
9152.412,2026-05-23T14:00:59.015,DEPART_LOAD_ZONE,2,dump_zone_3,1000.0,unlimited,session_fuel_L=19.5302|session_co2_kg=52.340974,4,20260523_134009
9152.412,2026-05-23T14:00:59.015,LOAD_COMPLETE,3,dump_zone_3,1000.0,unlimited,trip_fuel_so_far_L=0.4732,4,20260523_134009
9158.307,2026-05-23T14:01:00.198,DEPART_LOAD_ZONE,3,dump_zone_3,1000.0,unlimited,session_fuel_L=19.7453|session_co2_kg=52.917359,4,20260523_134009
9318.987,2026-05-23T14:01:32.354,ARRIVE_DUMP_ZONE,3,dump_zone_3,1000.0,unlimited,,4,20260523_134009
9322.492,2026-05-23T14:01:33.030,UNLOAD_COMPLETE,3,load_zone_24,0.0,8000.0,trip_id=17|trip_duration_s=319.15|trip_fuel_L=1.0247|trip_co2_kg=2.746119,4,20260523_134009
9328.987,2026-05-23T14:01:34.342,DEPART_DUMP_ZONE,3,load_zone_24,0.0,8000.0,session_fuel_L=20.2984|session_co2_kg=54.399699,4,20260523_134009
9364.407,2026-05-23T14:01:41.436,ARRIVE_DUMP_ZONE,2,dump_zone_3,1000.0,unlimited,,4,20260523_134009
9367.902,2026-05-23T14:01:42.119,UNLOAD_COMPLETE,2,load_zone_25,0.0,2000.0,trip_id=13|trip_duration_s=671.09|trip_fuel_L=2.0957|trip_co2_kg=5.616587,4,20260523_134009
9374.067,2026-05-23T14:01:43.341,DEPART_DUMP_ZONE,2,load_zone_25,0.0,2000.0,session_fuel_L=20.2458|session_co2_kg=54.258665,4,20260523_134009
9481.327,2026-05-23T14:02:04.797,ARRIVE_LOAD_ZONE,3,load_zone_24,0.0,8000.0,,4,20260523_134009
9484.877,2026-05-23T14:02:05.494,LOAD_COMPLETE,3,dump_zone_3,1000.0,unlimited,trip_fuel_so_far_L=0.5134,4,20260523_134009
9490.977,2026-05-23T14:02:06.713,DEPART_LOAD_ZONE,3,dump_zone_3,1000.0,unlimited,session_fuel_L=20.8107|session_co2_kg=55.772859,4,20260523_134009
9558.687,2026-05-23T14:02:20.277,ARRIVE_LOAD_ZONE,2,load_zone_25,0.0,2000.0,,4,20260523_134009
9562.072,2026-05-23T14:02:20.956,LOAD_COMPLETE,2,dump_zone_3,1000.0,unlimited,trip_fuel_so_far_L=0.615,4,20260523_134009
9568.007,2026-05-23T14:02:22.124,DEPART_LOAD_ZONE,2,dump_zone_3,1000.0,unlimited,session_fuel_L=20.8603|session_co2_kg=55.905539,4,20260523_134009
9645.837,2026-05-23T14:02:37.712,ARRIVE_DUMP_ZONE,3,dump_zone_3,1000.0,unlimited,,4,20260523_134009
9649.417,2026-05-23T14:02:38.405,UNLOAD_COMPLETE,3,load_zone_24,0.0,7000.0,trip_id=18|trip_duration_s=326.92|trip_fuel_L=1.0486|trip_co2_kg=2.810148,4,20260523_134009
9655.732,2026-05-23T14:02:39.680,DEPART_DUMP_ZONE,3,load_zone_24,0.0,7000.0,session_fuel_L=21.3464|session_co2_kg=57.208386,4,20260523_134009
9756.432,2026-05-23T14:02:59.829,ARRIVE_DUMP_ZONE,2,dump_zone_3,1000.0,unlimited,,4,20260523_134009
9759.972,2026-05-23T14:03:00.532,UNLOAD_COMPLETE,2,load_zone_25,0.0,1000.0,trip_id=14|trip_duration_s=392.07|trip_fuel_L=1.2554|trip_co2_kg=3.364374,4,20260523_134009
9766.452,2026-05-23T14:03:01.816,DEPART_DUMP_ZONE,2,load_zone_25,0.0,1000.0,session_fuel_L=21.5021|session_co2_kg=57.625604,4,20260523_134009
9797.362,2026-05-23T14:03:08.034,ARRIVE_LOAD_ZONE,3,load_zone_24,0.0,7000.0,,4,20260523_134009
9800.767,2026-05-23T14:03:08.692,LOAD_COMPLETE,3,dump_zone_3,1000.0,unlimited,trip_fuel_so_far_L=0.48,4,20260523_134009
9806.112,2026-05-23T14:03:09.761,DEPART_LOAD_ZONE,3,dump_zone_3,1000.0,unlimited,session_fuel_L=21.8236|session_co2_kg=58.487369,4,20260523_134009
9939.157,2026-05-23T14:03:36.402,ARRIVE_LOAD_ZONE,2,load_zone_25,0.0,1000.0,,4,20260523_134009
9942.587,2026-05-23T14:03:37.038,LOAD_COMPLETE,2,dump_zone_3,1000.0,unlimited,trip_fuel_so_far_L=0.5781,4,20260523_134009
9948.267,2026-05-23T14:03:38.227,DEPART_LOAD_ZONE,2,dump_zone_3,1000.0,unlimited,session_fuel_L=22.0779|session_co2_kg=59.168736,4,20260523_134009
9964.632,2026-05-23T14:03:41.459,ARRIVE_DUMP_ZONE,3,dump_zone_3,1000.0,unlimited,,4,20260523_134009
9968.157,2026-05-23T14:03:42.167,UNLOAD_COMPLETE,3,load_zone_24,0.0,6000.0,trip_id=19|trip_duration_s=318.74|trip_fuel_L=1.0222|trip_co2_kg=2.739409,4,20260523_134009
9974.627,2026-05-23T14:03:43.471,DEPART_DUMP_ZONE,3,load_zone_24,0.0,6000.0,session_fuel_L=22.369|session_co2_kg=59.949056,4,20260523_134009
10108.767,2026-05-23T14:04:10.323,ARRIVE_LOAD_ZONE,3,load_zone_24,0.0,6000.0,,4,20260523_134009
10112.327,2026-05-23T14:04:11.004,LOAD_COMPLETE,3,dump_zone_3,1000.0,unlimited,trip_fuel_so_far_L=0.4583,4,20260523_134009
10118.382,2026-05-23T14:04:12.215,DEPART_LOAD_ZONE,3,dump_zone_3,1000.0,unlimited,session_fuel_L=22.8263|session_co2_kg=61.174535,4,20260523_134009
10137.082,2026-05-23T14:04:15.964,ARRIVE_DUMP_ZONE,2,dump_zone_3,1000.0,unlimited,,4,20260523_134009
10140.417,2026-05-23T14:04:16.632,UNLOAD_COMPLETE,2,load_zone_24,0.0,5000.0,trip_id=15|trip_duration_s=380.45|trip_fuel_L=1.2187|trip_co2_kg=3.266142,4,20260523_134009
10146.777,2026-05-23T14:04:17.894,DEPART_DUMP_ZONE,2,load_zone_24,0.0,5000.0,session_fuel_L=22.7204|session_co2_kg=60.890763,4,20260523_134009
10275.992,2026-05-23T14:04:43.722,ARRIVE_DUMP_ZONE,3,dump_zone_3,1000.0,unlimited,,4,20260523_134009
10279.327,2026-05-23T14:04:44.372,ARRIVE_LOAD_ZONE,2,load_zone_24,0.0,5000.0,,4,20260523_134009
10279.327,2026-05-23T14:04:44.372,UNLOAD_COMPLETE,3,load_zone_24,0.0,5000.0,trip_id=20|trip_duration_s=311.17|trip_fuel_L=0.9991|trip_co2_kg=2.677463,4,20260523_134009
10282.587,2026-05-23T14:04:45.014,LOAD_COMPLETE,2,dump_zone_3,1000.0,unlimited,trip_fuel_so_far_L=0.4524,4,20260523_134009
10285.442,2026-05-23T14:04:45.587,DEPART_DUMP_ZONE,3,load_zone_24,0.0,4000.0,session_fuel_L=23.367|session_co2_kg=62.623646,4,20260523_134009
10288.287,2026-05-23T14:04:46.171,DEPART_LOAD_ZONE,2,dump_zone_3,1000.0,unlimited,session_fuel_L=23.171|session_co2_kg=62.098353,4,20260523_134009
10427.802,2026-05-23T14:05:14.117,ARRIVE_LOAD_ZONE,3,load_zone_24,0.0,4000.0,,4,20260523_134009
10431.317,2026-05-23T14:05:14.804,LOAD_COMPLETE,3,dump_zone_3,1000.0,unlimited,trip_fuel_so_far_L=0.4817,4,20260523_134009
10437.402,2026-05-23T14:05:16.023,DEPART_LOAD_ZONE,3,dump_zone_3,1000.0,unlimited,session_fuel_L=23.8488|session_co2_kg=63.914834,4,20260523_134009
10444.287,2026-05-23T14:05:17.383,ARRIVE_DUMP_ZONE,2,dump_zone_3,1000.0,unlimited,,4,20260523_134009
10447.787,2026-05-23T14:05:18.089,UNLOAD_COMPLETE,2,load_zone_24,0.0,3000.0,trip_id=16|trip_duration_s=307.37|trip_fuel_L=0.9877|trip_co2_kg=2.647049,4,20260523_134009
10454.162,2026-05-23T14:05:19.392,DEPART_DUMP_ZONE,2,load_zone_24,0.0,3000.0,session_fuel_L=23.7082|session_co2_kg=63.53794,4,20260523_134009
10595.562,2026-05-23T14:05:47.642,ARRIVE_LOAD_ZONE,2,load_zone_24,0.0,3000.0,,4,20260523_134009
10595.847,2026-05-23T14:05:47.679,ARRIVE_DUMP_ZONE,3,dump_zone_3,1000.0,unlimited,,4,20260523_134009
10599.097,2026-05-23T14:05:48.376,LOAD_COMPLETE,2,dump_zone_3,1000.0,unlimited,trip_fuel_so_far_L=0.4795,4,20260523_134009
10599.517,2026-05-23T14:05:48.426,UNLOAD_COMPLETE,3,load_zone_24,0.0,2000.0,trip_id=21|trip_duration_s=320.19|trip_fuel_L=1.0265|trip_co2_kg=2.750971,4,20260523_134009
10604.802,2026-05-23T14:05:49.492,DEPART_LOAD_ZONE,2,dump_zone_3,1000.0,unlimited,session_fuel_L=24.1859|session_co2_kg=64.81812,4,20260523_134009
10605.602,2026-05-23T14:05:49.645,DEPART_DUMP_ZONE,3,load_zone_24,0.0,2000.0,session_fuel_L=24.3934|session_co2_kg=65.374367,4,20260523_134009
10747.927,2026-05-23T14:06:18.113,ARRIVE_LOAD_ZONE,3,load_zone_24,0.0,2000.0,,4,20260523_134009
10751.432,2026-05-23T14:06:18.824,LOAD_COMPLETE,3,dump_zone_3,1000.0,unlimited,trip_fuel_so_far_L=0.4811,4,20260523_134009
10757.242,2026-05-23T14:06:19.978,DEPART_LOAD_ZONE,3,dump_zone_3,1000.0,unlimited,session_fuel_L=24.8739|session_co2_kg=66.661969,4,20260523_134009
10764.917,2026-05-23T14:06:21.555,ARRIVE_DUMP_ZONE,2,dump_zone_3,1000.0,unlimited,,4,20260523_134009
10768.657,2026-05-23T14:06:22.290,UNLOAD_COMPLETE,2,load_zone_24,0.0,1000.0,trip_id=17|trip_duration_s=320.87|trip_fuel_L=1.0283|trip_co2_kg=2.755833,4,20260523_134009
10774.932,2026-05-23T14:06:23.520,DEPART_DUMP_ZONE,2,load_zone_24,0.0,1000.0,session_fuel_L=24.7362|session_co2_kg=66.292956,4,20260523_134009
10916.992,2026-05-23T14:06:51.950,ARRIVE_DUMP_ZONE,3,dump_zone_3,1000.0,unlimited,,4,20260523_134009
10920.562,2026-05-23T14:06:52.668,UNLOAD_COMPLETE,3,load_zone_24,0.0,1000.0,trip_id=22|trip_duration_s=321.05|trip_fuel_L=1.0294|trip_co2_kg=2.758671,4,20260523_134009
10926.157,2026-05-23T14:06:53.759,ARRIVE_LOAD_ZONE,2,load_zone_24,0.0,1000.0,,4,20260523_134009
10926.707,2026-05-23T14:06:53.866,DEPART_DUMP_ZONE,3,load_zone_24,0.0,1000.0,session_fuel_L=25.4229|session_co2_kg=68.133532,4,20260523_134009
10929.437,2026-05-23T14:06:54.414,LOAD_COMPLETE,2,dump_zone_3,1000.0,unlimited,trip_fuel_so_far_L=0.5084,4,20260523_134009
10934.772,2026-05-23T14:06:55.492,DEPART_LOAD_ZONE,2,dump_zone_3,1000.0,unlimited,session_fuel_L=25.2419|session_co2_kg=67.648198,4,20260523_134009
11074.362,2026-05-23T14:07:23.410,ARRIVE_LOAD_ZONE,3,load_zone_24,0.0,0.0,,4,20260523_134009
11077.617,2026-05-23T14:07:24.056,LOAD_COMPLETE,3,load_zone_27,0.0,10000.0,trip_fuel_so_far_L=0.4971,4,20260523_134009
11083.482,2026-05-23T14:07:25.219,DEPART_LOAD_ZONE,3,load_zone_27,0.0,10000.0,session_fuel_L=25.9192|session_co2_kg=69.463546,4,20260523_134009
11091.432,2026-05-23T14:07:26.826,ARRIVE_DUMP_ZONE,2,dump_zone_3,1000.0,unlimited,,4,20260523_134009
11094.932,2026-05-23T14:07:27.524,UNLOAD_COMPLETE,2,load_zone_27,0.0,10000.0,trip_id=18|trip_duration_s=326.28|trip_fuel_L=1.0454|trip_co2_kg=2.801764,4,20260523_134009
11101.187,2026-05-23T14:07:28.781,DEPART_DUMP_ZONE,2,load_zone_27,0.0,10000.0,session_fuel_L=25.7815|session_co2_kg=69.094545,4,20260523_134009
11244.637,2026-05-23T14:07:57.457,ARRIVE_LOAD_ZONE,2,load_zone_27,0.0,10000.0,,4,20260523_134009
11247.817,2026-05-23T14:07:58.073,LOAD_COMPLETE,2,dump_zone_3,1000.0,unlimited,trip_fuel_so_far_L=0.4865,4,20260523_134009
11254.037,2026-05-23T14:07:59.351,DEPART_LOAD_ZONE,2,dump_zone_3,1000.0,unlimited,session_fuel_L=26.2682|session_co2_kg=70.398702,4,20260523_134009
11415.922,2026-05-23T14:08:31.714,ARRIVE_DUMP_ZONE,2,dump_zone_3,1000.0,unlimited,,4,20260523_134009
11419.312,2026-05-23T14:08:32.370,UNLOAD_COMPLETE,2,load_zone_27,0.0,9000.0,trip_id=19|trip_duration_s=324.38|trip_fuel_L=1.0438|trip_co2_kg=2.797434,4,20260523_134009
11425.677,2026-05-23T14:08:33.678,DEPART_DUMP_ZONE,2,load_zone_27,0.0,9000.0,session_fuel_L=26.8257|session_co2_kg=71.89289,4,20260523_134009
11556.792,2026-05-23T14:08:59.876,ARRIVE_LOAD_ZONE,2,load_zone_27,0.0,9000.0,,4,20260523_134009
11560.132,2026-05-23T14:09:00.549,LOAD_COMPLETE,2,dump_zone_3,1000.0,unlimited,trip_fuel_so_far_L=0.4504,4,20260523_134009
11566.287,2026-05-23T14:09:01.776,DEPART_LOAD_ZONE,2,dump_zone_3,1000.0,unlimited,session_fuel_L=27.2756|session_co2_kg=73.098744,4,20260523_134009
11730.452,2026-05-23T14:09:34.611,ARRIVE_DUMP_ZONE,2,dump_zone_3,1000.0,unlimited,,4,20260523_134009
11734.037,2026-05-23T14:09:35.333,UNLOAD_COMPLETE,2,load_zone_27,0.0,8000.0,trip_id=20|trip_duration_s=314.72|trip_fuel_L=1.0153|trip_co2_kg=2.721135,4,20260523_134009
11740.027,2026-05-23T14:09:36.522,DEPART_DUMP_ZONE,2,load_zone_27,0.0,8000.0,session_fuel_L=27.8399|session_co2_kg=74.610985,4,20260523_134009
11905.067,2026-05-23T14:10:09.526,ARRIVE_LOAD_ZONE,2,load_zone_27,0.0,8000.0,,4,20260523_134009
11908.397,2026-05-23T14:10:10.187,LOAD_COMPLETE,2,dump_zone_3,1000.0,unlimited,trip_fuel_so_far_L=0.5514,4,20260523_134009
11914.217,2026-05-23T14:10:11.360,DEPART_LOAD_ZONE,2,dump_zone_3,1000.0,unlimited,session_fuel_L=28.3909|session_co2_kg=76.087712,4,20260523_134009
62787.602,2026-07-02T11:45:06.421,ARRIVE_LOAD_ZONE,1,load_zone_26,0.0,10000.0,,6,20260702_114111
62790.685,2026-07-02T11:45:10.818,LOAD_COMPLETE,1,dump_zone_3,1000.0,unlimited,trip_fuel_so_far_L=0.4353,6,20260702_114111
62796.269,2026-07-02T11:45:17.503,DEPART_LOAD_ZONE,1,dump_zone_3,1000.0,unlimited,session_fuel_L=0.4526|session_co2_kg=1.212888,6,20260702_114111
62804.852,2026-07-02T11:45:31.153,ARRIVE_LOAD_ZONE,2,load_zone_22,0.0,10000.0,,6,20260702_114111
62807.935,2026-07-02T11:45:36.063,LOAD_COMPLETE,2,dump_zone_22,1000.0,unlimited,trip_fuel_so_far_L=0.4868,6,20260702_114111
62813.519,2026-07-02T11:45:41.577,DEPART_LOAD_ZONE,2,dump_zone_22,1000.0,unlimited,session_fuel_L=0.504|session_co2_kg=1.350817,6,20260702_114111
62823.435,2026-07-02T11:46:01.419,ARRIVE_LOAD_ZONE,3,load_zone_22,0.0,9000.0,,6,20260702_114111
62826.519,2026-07-02T11:46:07.248,LOAD_COMPLETE,3,dump_zone_23,1000.0,unlimited,trip_fuel_so_far_L=0.5472,6,20260702_114111
62831.602,2026-07-02T11:46:13.007,DEPART_LOAD_ZONE,3,dump_zone_23,1000.0,unlimited,session_fuel_L=0.5629|session_co2_kg=1.508643,6,20260702_114111
62875.019,2026-07-02T11:47:42.108,ARRIVE_DUMP_ZONE,2,dump_zone_22,1000.0,unlimited,,6,20260702_114111
62875.852,2026-07-02T11:47:43.715,ARRIVE_DUMP_ZONE,3,dump_zone_23,1000.0,unlimited,,6,20260702_114111
62878.102,2026-07-02T11:47:47.085,UNLOAD_COMPLETE,2,load_zone_22,0.0,8000.0,trip_id=1|trip_duration_s=222.17|trip_fuel_L=0.7115|trip_co2_kg=1.906767,6,20260702_114111
62878.935,2026-07-02T11:47:48.139,UNLOAD_COMPLETE,3,load_zone_22,0.0,8000.0,trip_id=1|trip_duration_s=223.0|trip_fuel_L=0.7183|trip_co2_kg=1.924928,6,20260702_114111
62883.185,2026-07-02T11:47:51.530,DEPART_DUMP_ZONE,2,load_zone_22,0.0,8000.0,session_fuel_L=0.727|session_co2_kg=1.948302,6,20260702_114111
62884.269,2026-07-02T11:47:52.882,DEPART_DUMP_ZONE,3,load_zone_22,0.0,8000.0,session_fuel_L=0.7345|session_co2_kg=1.968507,6,20260702_114111
62920.685,2026-07-02T11:48:51.512,ARRIVE_LOAD_ZONE,3,load_zone_22,0.0,8000.0,,6,20260702_114111
62921.269,2026-07-02T11:48:52.512,ARRIVE_DUMP_ZONE,1,dump_zone_3,1000.0,unlimited,,6,20260702_114111
62923.769,2026-07-02T11:48:57.977,LOAD_COMPLETE,3,dump_zone_22,1000.0,unlimited,trip_fuel_so_far_L=0.1434,6,20260702_114111
62924.269,2026-07-02T11:48:58.518,ARRIVE_LOAD_ZONE,2,load_zone_22,0.0,7000.0,,6,20260702_114111
62924.352,2026-07-02T11:48:58.681,UNLOAD_COMPLETE,1,load_zone_26,0.0,9000.0,trip_id=1|trip_duration_s=268.42|trip_fuel_L=0.876|trip_co2_kg=2.347569,6,20260702_114111
62927.352,2026-07-02T11:49:01.091,LOAD_COMPLETE,2,dump_zone_23,1000.0,unlimited,trip_fuel_so_far_L=0.1572,6,20260702_114111
62928.435,2026-07-02T11:49:01.208,DEPART_LOAD_ZONE,3,dump_zone_22,1000.0,unlimited,session_fuel_L=0.8761|session_co2_kg=2.347943,6,20260702_114111
62929.602,2026-07-02T11:49:01.632,DEPART_DUMP_ZONE,1,load_zone_26,0.0,9000.0,session_fuel_L=0.892|session_co2_kg=2.390465,6,20260702_114111
62931.519,2026-07-02T11:49:02.966,DEPART_LOAD_ZONE,2,dump_zone_23,1000.0,unlimited,session_fuel_L=0.8816|session_co2_kg=2.362619,6,20260702_114111
63006.769,2026-07-02T11:52:11.635,ARRIVE_DUMP_ZONE,2,dump_zone_23,1000.0,unlimited,,6,20260702_114111
63008.685,2026-07-02T11:52:13.135,ARRIVE_DUMP_ZONE,3,dump_zone_22,1000.0,unlimited,,6,20260702_114111
63009.852,2026-07-02T11:52:13.791,UNLOAD_COMPLETE,2,load_zone_22,0.0,6000.0,trip_id=2|trip_duration_s=131.75|trip_fuel_L=0.4201|trip_co2_kg=1.125817,6,20260702_114111
63011.769,2026-07-02T11:52:15.060,UNLOAD_COMPLETE,3,load_zone_22,0.0,6000.0,trip_id=2|trip_duration_s=132.83|trip_fuel_L=0.4263|trip_co2_kg=1.142398,6,20260702_114111
63013.102,2026-07-02T11:52:16.339,DEPART_DUMP_ZONE,3,load_zone_22,0.0,6000.0,session_fuel_L=1.1486|session_co2_kg=3.078241,6,20260702_114111
63013.519,2026-07-02T11:52:16.802,DEPART_DUMP_ZONE,2,load_zone_22,0.0,6000.0,session_fuel_L=1.1428|session_co2_kg=3.062563,6,20260702_114111
63031.019,2026-07-02T11:52:43.418,ARRIVE_LOAD_ZONE,1,load_zone_26,0.0,9000.0,,6,20260702_114111
63034.102,2026-07-02T11:52:48.639,LOAD_COMPLETE,1,dump_zone_3,1000.0,unlimited,trip_fuel_so_far_L=0.3534,6,20260702_114111
63039.769,2026-07-02T11:52:53.633,DEPART_LOAD_ZONE,1,dump_zone_3,1000.0,unlimited,session_fuel_L=1.2468|session_co2_kg=3.341454,6,20260702_114111
63049.852,2026-07-02T11:53:11.085,ARRIVE_LOAD_ZONE,2,load_zone_22,0.0,6000.0,,6,20260702_114111
63052.935,2026-07-02T11:53:16.337,LOAD_COMPLETE,2,dump_zone_22,1000.0,unlimited,trip_fuel_so_far_L=0.1383,6,20260702_114111
63058.019,2026-07-02T11:53:23.966,DEPART_LOAD_ZONE,2,dump_zone_22,1000.0,unlimited,session_fuel_L=1.2856|session_co2_kg=3.445234,6,20260702_114111
63068.685,2026-07-02T11:53:44.589,ARRIVE_LOAD_ZONE,3,load_zone_22,0.0,5000.0,,6,20260702_114111
63071.769,2026-07-02T11:53:49.259,LOAD_COMPLETE,3,dump_zone_23,1000.0,unlimited,trip_fuel_so_far_L=0.1901,6,20260702_114111
63077.185,2026-07-02T11:53:55.837,DEPART_LOAD_ZONE,3,dump_zone_23,1000.0,unlimited,session_fuel_L=1.3513|session_co2_kg=3.621519,6,20260702_114111
63119.519,2026-07-02T11:55:13.466,ARRIVE_DUMP_ZONE,3,dump_zone_23,1000.0,unlimited,,6,20260702_114111
63122.602,2026-07-02T11:55:18.533,UNLOAD_COMPLETE,3,load_zone_22,0.0,4000.0,trip_id=3|trip_duration_s=110.83|trip_fuel_L=0.3569|trip_co2_kg=0.956335,6,20260702_114111
63126.519,2026-07-02T11:55:23.975,DEPART_DUMP_ZONE,3,load_zone_22,0.0,4000.0,session_fuel_L=1.5134|session_co2_kg=4.055689,6,20260702_114111
63132.685,2026-07-02T11:55:34.076,ARRIVE_DUMP_ZONE,2,dump_zone_22,1000.0,unlimited,,6,20260702_114111
63135.769,2026-07-02T11:55:39.338,UNLOAD_COMPLETE,2,load_zone_22,0.0,4000.0,trip_id=3|trip_duration_s=125.92|trip_fuel_L=0.4013|trip_co2_kg=1.07539,6,20260702_114111
63140.602,2026-07-02T11:55:44.319,DEPART_DUMP_ZONE,2,load_zone_22,0.0,4000.0,session_fuel_L=1.5476|session_co2_kg=4.147475,6,20260702_114111
63161.602,2026-07-02T11:56:21.879,ARRIVE_LOAD_ZONE,3,load_zone_22,0.0,4000.0,,6,20260702_114111
63164.685,2026-07-02T11:56:29.645,LOAD_COMPLETE,3,dump_zone_22,1000.0,unlimited,trip_fuel_so_far_L=0.1355,6,20260702_114111
63166.519,2026-07-02T11:56:32.221,ARRIVE_DUMP_ZONE,1,dump_zone_3,1000.0,unlimited,,6,20260702_114111
63169.602,2026-07-02T11:56:36.799,UNLOAD_COMPLETE,1,load_zone_26,0.0,8000.0,trip_id=2|trip_duration_s=245.25|trip_fuel_L=0.8001|trip_co2_kg=2.144229,6,20260702_114111
63170.185,2026-07-02T11:56:37.354,DEPART_LOAD_ZONE,3,dump_zone_22,1000.0,unlimited,session_fuel_L=1.6538|session_co2_kg=4.432181,6,20260702_114111
63174.102,2026-07-02T11:56:41.444,DEPART_DUMP_ZONE,1,load_zone_26,0.0,8000.0,session_fuel_L=1.6898|session_co2_kg=4.528587,6,20260702_114111
63179.435,2026-07-02T11:56:50.255,ARRIVE_LOAD_ZONE,2,load_zone_22,0.0,3000.0,,6,20260702_114111
63182.519,2026-07-02T11:56:53.254,LOAD_COMPLETE,2,dump_zone_23,1000.0,unlimited,trip_fuel_so_far_L=0.1496,6,20260702_114111
63187.769,2026-07-02T11:56:57.720,DEPART_LOAD_ZONE,2,dump_zone_23,1000.0,unlimited,session_fuel_L=1.6987|session_co2_kg=4.552317,6,20260702_114111
63232.602,2026-07-02T11:58:37.086,ARRIVE_DUMP_ZONE,2,dump_zone_23,1000.0,unlimited,,6,20260702_114111
63234.435,2026-07-02T11:58:39.661,ARRIVE_DUMP_ZONE,3,dump_zone_22,1000.0,unlimited,,6,20260702_114111
63235.685,2026-07-02T11:58:41.201,UNLOAD_COMPLETE,2,load_zone_22,0.0,2000.0,trip_id=4|trip_duration_s=99.92|trip_fuel_L=0.3228|trip_co2_kg=0.865093,6,20260702_114111
63237.519,2026-07-02T11:58:42.451,UNLOAD_COMPLETE,3,load_zone_22,0.0,2000.0,trip_id=4|trip_duration_s=114.92|trip_fuel_L=0.3697|trip_co2_kg=0.990708,6,20260702_114111
63238.102,2026-07-02T11:58:42.705,DEPART_DUMP_ZONE,3,load_zone_22,0.0,2000.0,session_fuel_L=1.8729|session_co2_kg=5.019137,6,20260702_114111
63240.935,2026-07-02T11:58:45.006,DEPART_DUMP_ZONE,2,load_zone_22,0.0,2000.0,session_fuel_L=1.8717|session_co2_kg=5.015963,6,20260702_114111
63440.185,2026-07-02T12:06:24.257,ARRIVE_LOAD_ZONE,1,load_zone_26,0.0,10000.0,,7,20260702_115808
63443.269,2026-07-02T12:06:29.650,LOAD_COMPLETE,1,dump_zone_3,1000.0,unlimited,trip_fuel_so_far_L=0.4106,7,20260702_115808
63447.935,2026-07-02T12:06:36.316,DEPART_LOAD_ZONE,1,dump_zone_3,1000.0,unlimited,session_fuel_L=0.425|session_co2_kg=1.138973,7,20260702_115808
63471.852,2026-07-02T12:07:06.625,ARRIVE_LOAD_ZONE,3,load_zone_22,0.0,10000.0,,7,20260702_115808
63474.935,2026-07-02T12:07:10.218,LOAD_COMPLETE,3,dump_zone_22,1000.0,unlimited,trip_fuel_so_far_L=0.5093,7,20260702_115808
63479.269,2026-07-02T12:07:14.292,DEPART_LOAD_ZONE,3,dump_zone_22,1000.0,unlimited,session_fuel_L=0.5227|session_co2_kg=1.400834,7,20260702_115808
63483.269,2026-07-02T12:07:17.567,ARRIVE_LOAD_ZONE,2,load_zone_22,0.0,9000.0,,7,20260702_115808
63486.352,2026-07-02T12:07:20.335,LOAD_COMPLETE,2,dump_zone_23,1000.0,unlimited,trip_fuel_so_far_L=0.5439,7,20260702_115808
63491.102,2026-07-02T12:07:24.522,DEPART_LOAD_ZONE,2,dump_zone_23,1000.0,unlimited,session_fuel_L=0.5585|session_co2_kg=1.496836,7,20260702_115808
63530.602,2026-07-02T12:08:34.037,ARRIVE_DUMP_ZONE,3,dump_zone_22,1000.0,unlimited,,7,20260702_115808
63533.685,2026-07-02T12:08:40.426,UNLOAD_COMPLETE,3,load_zone_22,0.0,8000.0,trip_id=1|trip_duration_s=217.75|trip_fuel_L=0.7005|trip_co2_kg=1.87729,7,20260702_115808
63533.769,2026-07-02T12:08:40.428,ARRIVE_DUMP_ZONE,2,dump_zone_23,1000.0,unlimited,,7,20260702_115808
63536.852,2026-07-02T12:08:43.581,UNLOAD_COMPLETE,2,load_zone_22,0.0,8000.0,trip_id=1|trip_duration_s=220.92|trip_fuel_L=0.7099|trip_co2_kg=1.902571,7,20260702_115808
63538.852,2026-07-02T12:08:45.007,DEPART_DUMP_ZONE,3,load_zone_22,0.0,8000.0,session_fuel_L=0.7162|session_co2_kg=1.919503,7,20260702_115808
63541.769,2026-07-02T12:08:48.304,DEPART_DUMP_ZONE,2,load_zone_22,0.0,8000.0,session_fuel_L=0.7249|session_co2_kg=1.94275,7,20260702_115808
63577.685,2026-07-02T12:09:54.602,ARRIVE_DUMP_ZONE,1,dump_zone_3,1000.0,unlimited,,7,20260702_115808
63580.769,2026-07-02T12:10:01.205,UNLOAD_COMPLETE,1,load_zone_26,0.0,9000.0,trip_id=1|trip_duration_s=264.83|trip_fuel_L=0.8631|trip_co2_kg=2.313137,7,20260702_115808
63584.769,2026-07-02T12:10:07.406,ARRIVE_LOAD_ZONE,2,load_zone_22,0.0,8000.0,,7,20260702_115808
63585.519,2026-07-02T12:10:08.609,DEPART_DUMP_ZONE,1,load_zone_26,0.0,9000.0,session_fuel_L=0.8776|session_co2_kg=2.35196,7,20260702_115808
63586.269,2026-07-02T12:10:09.574,ARRIVE_LOAD_ZONE,3,load_zone_22,0.0,8000.0,,7,20260702_115808
63587.852,2026-07-02T12:10:11.636,LOAD_COMPLETE,2,dump_zone_22,1000.0,unlimited,trip_fuel_so_far_L=0.1636,7,20260702_115808
63589.352,2026-07-02T12:10:12.669,LOAD_COMPLETE,3,dump_zone_23,1000.0,unlimited,trip_fuel_so_far_L=0.1775,7,20260702_115808
63589.602,2026-07-02T12:10:12.926,DEPART_LOAD_ZONE,3,dump_zone_23,1000.0,unlimited,session_fuel_L=0.8787|session_co2_kg=2.354923,7,20260702_115808
63591.852,2026-07-02T12:10:16.195,DEPART_LOAD_ZONE,2,dump_zone_22,1000.0,unlimited,session_fuel_L=0.8859|session_co2_kg=2.374088,7,20260702_115808
63633.602,2026-07-02T12:11:47.990,ARRIVE_DUMP_ZONE,3,dump_zone_23,1000.0,unlimited,,7,20260702_115808
63636.685,2026-07-02T12:11:54.446,UNLOAD_COMPLETE,3,load_zone_22,0.0,6000.0,trip_id=2|trip_duration_s=103.0|trip_fuel_L=0.3326|trip_co2_kg=0.89132,7,20260702_115808
63640.352,2026-07-02T12:12:01.106,DEPART_DUMP_ZONE,3,load_zone_22,0.0,6000.0,session_fuel_L=1.0443|session_co2_kg=2.798589,7,20260702_115808
63645.435,2026-07-02T12:12:12.916,ARRIVE_DUMP_ZONE,2,dump_zone_22,1000.0,unlimited,,7,20260702_115808
63648.519,2026-07-02T12:12:18.557,UNLOAD_COMPLETE,2,load_zone_22,0.0,6000.0,trip_id=2|trip_duration_s=111.67|trip_fuel_L=0.3598|trip_co2_kg=0.964152,7,20260702_115808
63653.519,2026-07-02T12:12:23.723,DEPART_DUMP_ZONE,2,load_zone_22,0.0,6000.0,session_fuel_L=1.0849|session_co2_kg=2.90758,7,20260702_115808
63675.852,2026-07-02T12:13:25.015,ARRIVE_LOAD_ZONE,3,load_zone_22,0.0,6000.0,,7,20260702_115808
63678.935,2026-07-02T12:13:33.116,LOAD_COMPLETE,3,dump_zone_22,1000.0,unlimited,trip_fuel_so_far_L=0.1358,7,20260702_115808
63684.435,2026-07-02T12:13:40.313,DEPART_LOAD_ZONE,3,dump_zone_22,1000.0,unlimited,session_fuel_L=1.1859|session_co2_kg=3.178042,7,20260702_115808
63687.602,2026-07-02T12:13:45.866,ARRIVE_LOAD_ZONE,1,load_zone_26,0.0,9000.0,,7,20260702_115808
63690.685,2026-07-02T12:13:50.872,LOAD_COMPLETE,1,dump_zone_3,1000.0,unlimited,trip_fuel_so_far_L=0.3544,7,20260702_115808
63694.519,2026-07-02T12:13:55.922,ARRIVE_LOAD_ZONE,2,load_zone_22,0.0,5000.0,,7,20260702_115808
63695.935,2026-07-02T12:13:57.288,DEPART_LOAD_ZONE,1,dump_zone_3,1000.0,unlimited,session_fuel_L=1.2337|session_co2_kg=3.306248,7,20260702_115808
63697.602,2026-07-02T12:13:59.670,LOAD_COMPLETE,2,dump_zone_23,1000.0,unlimited,trip_fuel_so_far_L=0.1564,7,20260702_115808
63702.519,2026-07-02T12:14:06.975,DEPART_LOAD_ZONE,2,dump_zone_23,1000.0,unlimited,session_fuel_L=1.2413|session_co2_kg=3.326597,7,20260702_115808
63823.685,2026-07-02T12:17:53.931,ARRIVE_DUMP_ZONE,1,dump_zone_3,1000.0,unlimited,,7,20260702_115808
63826.769,2026-07-02T12:17:59.582,UNLOAD_COMPLETE,1,load_zone_26,0.0,8000.0,trip_id=2|trip_duration_s=246.0|trip_fuel_L=0.8026|trip_co2_kg=2.151038,7,20260702_115808
63831.602,2026-07-02T12:18:05.539,DEPART_DUMP_ZONE,1,load_zone_26,0.0,8000.0,session_fuel_L=1.6805|session_co2_kg=4.503676,7,20260702_115808
63930.435,2026-07-02T12:23:30.889,ARRIVE_LOAD_ZONE,1,load_zone_26,0.0,8000.0,,7,20260702_115808
63933.519,2026-07-02T12:23:38.096,LOAD_COMPLETE,1,dump_zone_3,1000.0,unlimited,trip_fuel_so_far_L=0.3441,7,20260702_115808
63938.935,2026-07-02T12:23:48.899,DEPART_LOAD_ZONE,1,dump_zone_3,1000.0,unlimited,session_fuel_L=2.0266|session_co2_kg=5.431195,7,20260702_115808
64063.685,2026-07-02T12:31:50.973,ARRIVE_DUMP_ZONE,1,dump_zone_3,1000.0,unlimited,,7,20260702_115808
64066.769,2026-07-02T12:31:58.335,UNLOAD_COMPLETE,1,load_zone_26,0.0,7000.0,trip_id=3|trip_duration_s=240.0|trip_fuel_L=0.7841|trip_co2_kg=2.101341,7,20260702_115808
64072.685,2026-07-02T12:32:09.292,DEPART_DUMP_ZONE,1,load_zone_26,0.0,7000.0,session_fuel_L=2.4679|session_co2_kg=6.613876,7,20260702_115808
64172.935,2026-07-02T12:35:47.724,ARRIVE_LOAD_ZONE,1,load_zone_26,0.0,7000.0,,7,20260702_115808
64176.019,2026-07-02T12:35:54.149,LOAD_COMPLETE,1,dump_zone_3,1000.0,unlimited,trip_fuel_so_far_L=0.3518,7,20260702_115808
64181.519,2026-07-02T12:36:02.326,DEPART_LOAD_ZONE,1,dump_zone_3,1000.0,unlimited,session_fuel_L=2.8186|session_co2_kg=7.553655,7,20260702_115808
64305.435,2026-07-02T12:41:37.749,ARRIVE_DUMP_ZONE,1,dump_zone_3,1000.0,unlimited,,7,20260702_115808
64308.519,2026-07-02T12:41:44.301,UNLOAD_COMPLETE,1,load_zone_26,0.0,6000.0,trip_id=4|trip_duration_s=241.75|trip_fuel_L=0.7896|trip_co2_kg=2.116171,7,20260702_115808
64314.019,2026-07-02T12:41:54.339,DEPART_DUMP_ZONE,1,load_zone_26,0.0,6000.0,session_fuel_L=3.2563|session_co2_kg=8.726632,7,20260702_115808
64415.935,2026-07-02T12:54:03.000,ARRIVE_LOAD_ZONE,1,load_zone_26,0.0,6000.0,,7,20260702_115808
64419.019,2026-07-02T12:54:12.521,LOAD_COMPLETE,1,dump_zone_3,1000.0,unlimited,trip_fuel_so_far_L=0.3556,7,20260702_115808
64423.435,2026-07-02T12:54:20.367,DEPART_LOAD_ZONE,1,dump_zone_3,1000.0,unlimited,session_fuel_L=3.6088|session_co2_kg=9.671247,7,20260702_115808
64552.602,2026-07-02T13:05:10.024,ARRIVE_DUMP_ZONE,1,dump_zone_3,1000.0,unlimited,,7,20260702_115808
64555.685,2026-07-02T13:05:23.711,UNLOAD_COMPLETE,1,load_zone_26,0.0,5000.0,trip_id=5|trip_duration_s=247.17|trip_fuel_L=0.8048|trip_co2_kg=2.156778,7,20260702_115808
64560.352,2026-07-02T13:05:35.614,DEPART_DUMP_ZONE,1,load_zone_26,0.0,5000.0,session_fuel_L=4.0585|session_co2_kg=10.87661,7,20260702_115808
64663.769,2026-07-02T13:11:19.416,ARRIVE_LOAD_ZONE,1,load_zone_26,0.0,5000.0,,7,20260702_115808
64666.852,2026-07-02T13:11:28.871,LOAD_COMPLETE,1,dump_zone_3,1000.0,unlimited,trip_fuel_so_far_L=0.3577,7,20260702_115808
64671.519,2026-07-02T13:11:38.870,DEPART_LOAD_ZONE,1,dump_zone_3,1000.0,unlimited,session_fuel_L=4.4164|session_co2_kg=11.83577,7,20260702_115808
64796.102,2026-07-02T14:57:10.020,ARRIVE_DUMP_ZONE,1,dump_zone_3,1000.0,unlimited,,7,20260702_115808
64799.185,2026-07-02T14:57:22.573,UNLOAD_COMPLETE,1,load_zone_26,0.0,4000.0,trip_id=6|trip_duration_s=243.5|trip_fuel_L=0.7951|trip_co2_kg=2.130806,7,20260702_115808
64804.519,2026-07-02T14:57:42.304,DEPART_DUMP_ZONE,1,load_zone_26,0.0,4000.0,session_fuel_L=4.8556|session_co2_kg=13.01285,7,20260702_115808
64905.269,2026-07-02T15:05:28.869,ARRIVE_LOAD_ZONE,1,load_zone_26,0.0,4000.0,,7,20260702_115808
64908.352,2026-07-02T15:05:39.572,LOAD_COMPLETE,1,dump_zone_3,1000.0,unlimited,trip_fuel_so_far_L=0.3515,7,20260702_115808
64914.185,2026-07-02T15:06:00.334,DEPART_LOAD_ZONE,1,dump_zone_3,1000.0,unlimited,session_fuel_L=5.2089|session_co2_kg=13.95944,7,20260702_115808
65039.685,2026-07-02T15:17:22.445,ARRIVE_DUMP_ZONE,1,dump_zone_3,1000.0,unlimited,,7,20260702_115808
65042.769,2026-07-02T15:17:36.620,UNLOAD_COMPLETE,1,load_zone_26,0.0,3000.0,trip_id=7|trip_duration_s=243.58|trip_fuel_L=0.794|trip_co2_kg=2.127917,7,20260702_115808
65047.435,2026-07-02T15:17:55.398,DEPART_DUMP_ZONE,1,load_zone_26,0.0,3000.0,session_fuel_L=5.6476|session_co2_kg=15.135333,7,20260702_115808
65209.685,2026-07-02T12:17:28.509,ARRIVE_LOAD_ZONE,3,load_zone_22,0.0,10000.0,,8,20260702_121629
65212.769,2026-07-02T12:17:35.253,LOAD_COMPLETE,3,dump_zone_22,1000.0,unlimited,trip_fuel_so_far_L=0.1194,8,20260702_121629
65218.269,2026-07-02T12:17:43.629,DEPART_LOAD_ZONE,3,dump_zone_22,1000.0,unlimited,session_fuel_L=0.1364|session_co2_kg=0.36556,8,20260702_121629
65225.685,2026-07-02T12:17:56.279,ARRIVE_LOAD_ZONE,1,load_zone_22,0.0,9000.0,,8,20260702_121629
65228.769,2026-07-02T12:18:01.914,LOAD_COMPLETE,1,dump_zone_23,1000.0,unlimited,trip_fuel_so_far_L=0.1677,8,20260702_121629
65234.435,2026-07-02T12:18:08.788,DEPART_LOAD_ZONE,1,dump_zone_23,1000.0,unlimited,session_fuel_L=0.1852|session_co2_kg=0.496225,8,20260702_121629
65277.185,2026-07-02T12:19:26.955,ARRIVE_DUMP_ZONE,1,dump_zone_23,1000.0,unlimited,,8,20260702_121629
65280.269,2026-07-02T12:19:30.235,UNLOAD_COMPLETE,1,load_zone_22,0.0,8000.0,trip_id=1|trip_duration_s=104.33|trip_fuel_L=0.3361|trip_co2_kg=0.900618,8,20260702_121629
65283.519,2026-07-02T12:19:31.939,ARRIVE_DUMP_ZONE,3,dump_zone_22,1000.0,unlimited,,8,20260702_121629
65285.102,2026-07-02T12:19:32.743,DEPART_DUMP_ZONE,1,load_zone_22,0.0,8000.0,session_fuel_L=0.3508|session_co2_kg=0.940119,8,20260702_121629
65286.602,2026-07-02T12:19:34.844,UNLOAD_COMPLETE,3,load_zone_22,0.0,8000.0,trip_id=1|trip_duration_s=110.67|trip_fuel_L=0.3564|trip_co2_kg=0.955203,8,20260702_121629
65287.685,2026-07-02T12:19:35.747,DEPART_DUMP_ZONE,3,load_zone_22,0.0,8000.0,session_fuel_L=0.3597|session_co2_kg=0.964069,8,20260702_121629
65305.185,2026-07-02T12:20:28.274,ARRIVE_LOAD_ZONE,2,load_zone_26,0.0,10000.0,,8,20260702_121629
65308.269,2026-07-02T12:20:33.593,LOAD_COMPLETE,2,dump_zone_3,1000.0,unlimited,trip_fuel_so_far_L=0.4299,8,20260702_121629
65312.852,2026-07-02T12:20:38.381,DEPART_LOAD_ZONE,2,dump_zone_3,1000.0,unlimited,session_fuel_L=0.444|session_co2_kg=1.189895,8,20260702_121629
65320.602,2026-07-02T12:20:50.360,ARRIVE_LOAD_ZONE,1,load_zone_22,0.0,8000.0,,8,20260702_121629
65323.685,2026-07-02T12:20:54.310,LOAD_COMPLETE,1,dump_zone_22,1000.0,unlimited,trip_fuel_so_far_L=0.1395,8,20260702_121629
65328.435,2026-07-02T12:21:00.220,DEPART_LOAD_ZONE,1,dump_zone_22,1000.0,unlimited,session_fuel_L=0.4903|session_co2_kg=1.313863,8,20260702_121629
65332.435,2026-07-02T12:23:02.162,ARRIVE_LOAD_ZONE,3,load_zone_22,0.0,7000.0,,8,20260702_121629
65335.519,2026-07-02T12:23:11.495,LOAD_COMPLETE,3,dump_zone_23,1000.0,unlimited,trip_fuel_so_far_L=0.1554,8,20260702_121629
65341.019,2026-07-02T12:23:17.200,DEPART_LOAD_ZONE,3,dump_zone_23,1000.0,unlimited,session_fuel_L=0.5288|session_co2_kg=1.417186,8,20260702_121629
65387.019,2026-07-02T12:24:50.804,ARRIVE_DUMP_ZONE,3,dump_zone_23,1000.0,unlimited,,8,20260702_121629
65390.102,2026-07-02T12:24:54.886,UNLOAD_COMPLETE,3,load_zone_22,0.0,6000.0,trip_id=2|trip_duration_s=103.5|trip_fuel_L=0.3337|trip_co2_kg=0.894403,8,20260702_121629
65393.185,2026-07-02T12:24:58.075,DEPART_DUMP_ZONE,3,load_zone_22,0.0,6000.0,session_fuel_L=0.6996|session_co2_kg=1.874804,8,20260702_121629
65393.935,2026-07-02T12:24:58.920,ARRIVE_DUMP_ZONE,1,dump_zone_22,1000.0,unlimited,,8,20260702_121629
65397.019,2026-07-02T12:25:02.296,UNLOAD_COMPLETE,1,load_zone_22,0.0,6000.0,trip_id=2|trip_duration_s=116.75|trip_fuel_L=0.3753|trip_co2_kg=1.00569,8,20260702_121629
65398.185,2026-07-02T12:25:03.503,DEPART_DUMP_ZONE,1,load_zone_22,0.0,6000.0,session_fuel_L=0.7149|session_co2_kg=1.915857,8,20260702_121629
65431.352,2026-07-02T12:25:50.399,ARRIVE_LOAD_ZONE,3,load_zone_22,0.0,6000.0,,8,20260702_121629
65434.435,2026-07-02T12:25:54.181,LOAD_COMPLETE,3,dump_zone_22,1000.0,unlimited,trip_fuel_so_far_L=0.1426,8,20260702_121629
65434.769,2026-07-02T12:25:54.471,DEPART_LOAD_ZONE,3,dump_zone_22,1000.0,unlimited,session_fuel_L=0.8338|session_co2_kg=2.23446,8,20260702_121629
65438.602,2026-07-02T12:26:01.233,ARRIVE_DUMP_ZONE,2,dump_zone_3,1000.0,unlimited,,8,20260702_121629
65441.185,2026-07-02T12:26:05.435,ARRIVE_LOAD_ZONE,1,load_zone_22,0.0,5000.0,,8,20260702_121629
65441.685,2026-07-02T12:26:06.192,UNLOAD_COMPLETE,2,load_zone_26,0.0,9000.0,trip_id=1|trip_duration_s=265.75|trip_fuel_L=0.8694|trip_co2_kg=2.329919,8,20260702_121629
65444.269,2026-07-02T12:26:09.012,LOAD_COMPLETE,1,dump_zone_23,1000.0,unlimited,trip_fuel_so_far_L=0.1505,8,20260702_121629
65447.352,2026-07-02T12:26:10.554,DEPART_DUMP_ZONE,2,load_zone_26,0.0,9000.0,session_fuel_L=0.8867|session_co2_kg=2.37623,8,20260702_121629
65449.935,2026-07-02T12:26:13.075,DEPART_LOAD_ZONE,1,dump_zone_23,1000.0,unlimited,session_fuel_L=0.8794|session_co2_kg=2.35661,8,20260702_121629
65490.352,2026-07-02T12:31:40.970,ARRIVE_DUMP_ZONE,3,dump_zone_22,1000.0,unlimited,,8,20260702_121629
65492.935,2026-07-02T12:31:45.119,ARRIVE_DUMP_ZONE,1,dump_zone_23,1000.0,unlimited,,8,20260702_121629
65493.435,2026-07-02T12:31:45.612,UNLOAD_COMPLETE,3,load_zone_22,0.0,4000.0,trip_id=3|trip_duration_s=103.33|trip_fuel_L=0.3332|trip_co2_kg=0.893084,8,20260702_121629
65496.019,2026-07-02T12:31:48.716,UNLOAD_COMPLETE,1,load_zone_22,0.0,4000.0,trip_id=3|trip_duration_s=99.0|trip_fuel_L=0.32|trip_co2_kg=0.857562,8,20260702_121629
65498.435,2026-07-02T12:31:51.213,DEPART_DUMP_ZONE,3,load_zone_22,0.0,4000.0,session_fuel_L=1.0387|session_co2_kg=2.783547,8,20260702_121629
65500.435,2026-07-02T12:31:55.360,DEPART_DUMP_ZONE,1,load_zone_22,0.0,4000.0,session_fuel_L=1.0448|session_co2_kg=2.799981,8,20260702_121629
65539.102,2026-07-02T12:33:09.209,ARRIVE_LOAD_ZONE,3,load_zone_22,0.0,4000.0,,8,20260702_121629
65542.185,2026-07-02T12:33:16.480,LOAD_COMPLETE,3,dump_zone_22,1000.0,unlimited,trip_fuel_so_far_L=0.156,8,20260702_121629
65547.769,2026-07-02T12:33:27.226,DEPART_LOAD_ZONE,3,dump_zone_22,1000.0,unlimited,session_fuel_L=1.1966|session_co2_kg=3.206805,8,20260702_121629
65548.602,2026-07-02T12:33:28.861,ARRIVE_LOAD_ZONE,2,load_zone_26,0.0,9000.0,,8,20260702_121629
65551.685,2026-07-02T12:33:36.829,LOAD_COMPLETE,2,dump_zone_3,1000.0,unlimited,trip_fuel_so_far_L=0.3543,8,20260702_121629
65554.019,2026-07-02T12:33:40.333,ARRIVE_LOAD_ZONE,1,load_zone_22,0.0,3000.0,,8,20260702_121629
65557.019,2026-07-02T12:33:43.624,DEPART_LOAD_ZONE,2,dump_zone_3,1000.0,unlimited,session_fuel_L=1.2402|session_co2_kg=3.323592,8,20260702_121629
65557.102,2026-07-02T12:33:43.630,LOAD_COMPLETE,1,dump_zone_23,1000.0,unlimited,trip_fuel_so_far_L=0.1944,8,20260702_121629
65558.685,2026-07-02T12:33:45.786,DEPART_LOAD_ZONE,1,dump_zone_23,1000.0,unlimited,session_fuel_L=1.2306|session_co2_kg=3.298045,8,20260702_121629
65603.519,2026-07-02T12:35:24.877,ARRIVE_DUMP_ZONE,1,dump_zone_23,1000.0,unlimited,,8,20260702_121629
65606.602,2026-07-02T12:35:29.471,UNLOAD_COMPLETE,1,load_zone_22,0.0,2000.0,trip_id=4|trip_duration_s=110.58|trip_fuel_L=0.3569|trip_co2_kg=0.95635,8,20260702_121629
65608.519,2026-07-02T12:35:32.099,DEPART_DUMP_ZONE,1,load_zone_22,0.0,2000.0,session_fuel_L=1.394|session_co2_kg=3.735896,8,20260702_121629
65609.935,2026-07-02T12:35:34.507,ARRIVE_DUMP_ZONE,3,dump_zone_22,1000.0,unlimited,,8,20260702_121629
65613.019,2026-07-02T12:35:41.140,UNLOAD_COMPLETE,3,load_zone_22,0.0,2000.0,trip_id=4|trip_duration_s=119.58|trip_fuel_L=0.3874|trip_co2_kg=1.038129,8,20260702_121629
65614.435,2026-07-02T12:35:43.279,DEPART_DUMP_ZONE,3,load_zone_22,0.0,2000.0,session_fuel_L=1.4151|session_co2_kg=3.792417,8,20260702_121629
65643.685,2026-07-02T12:36:46.557,ARRIVE_LOAD_ZONE,1,load_zone_22,0.0,2000.0,,8,20260702_121629
65646.769,2026-07-02T12:36:52.593,LOAD_COMPLETE,1,dump_zone_22,1000.0,unlimited,trip_fuel_so_far_L=0.1294,8,20260702_121629
65652.269,2026-07-02T12:37:01.776,DEPART_LOAD_ZONE,1,dump_zone_22,1000.0,unlimited,session_fuel_L=1.5346|session_co2_kg=4.112498,8,20260702_121629
65660.185,2026-07-02T12:37:22.814,ARRIVE_LOAD_ZONE,3,load_zone_22,0.0,1000.0,,8,20260702_121629
65663.269,2026-07-02T12:37:29.670,LOAD_COMPLETE,3,dump_zone_23,1000.0,unlimited,trip_fuel_so_far_L=0.1594,8,20260702_121629
65668.685,2026-07-02T12:37:43.809,DEPART_LOAD_ZONE,3,dump_zone_23,1000.0,unlimited,session_fuel_L=1.5869|session_co2_kg=4.252826,8,20260702_121629
65683.269,2026-07-02T12:38:35.599,ARRIVE_DUMP_ZONE,2,dump_zone_3,1000.0,unlimited,,8,20260702_121629
65686.352,2026-07-02T12:38:42.749,UNLOAD_COMPLETE,2,load_zone_26,0.0,8000.0,trip_id=2|trip_duration_s=244.67|trip_fuel_L=0.7968|trip_co2_kg=2.135381,8,20260702_121629
65691.769,2026-07-02T12:38:49.715,DEPART_DUMP_ZONE,2,load_zone_26,0.0,8000.0,session_fuel_L=1.6827|session_co2_kg=4.509562,8,20260702_121629
65706.102,2026-07-02T12:39:25.350,ARRIVE_DUMP_ZONE,1,dump_zone_22,1000.0,unlimited,,8,20260702_121629
65707.435,2026-07-02T12:39:28.482,ARRIVE_DUMP_ZONE,3,dump_zone_23,1000.0,unlimited,,8,20260702_121629
65709.185,2026-07-02T12:39:31.274,UNLOAD_COMPLETE,1,load_zone_23,0.0,10000.0,trip_id=5|trip_duration_s=102.58|trip_fuel_L=0.3313|trip_co2_kg=0.887923,8,20260702_121629
65710.519,2026-07-02T12:39:33.258,UNLOAD_COMPLETE,3,load_zone_23,0.0,10000.0,trip_id=5|trip_duration_s=97.5|trip_fuel_L=0.3149|trip_co2_kg=0.843987,8,20260702_121629
65714.019,2026-07-02T12:39:36.880,DEPART_DUMP_ZONE,1,load_zone_23,0.0,10000.0,session_fuel_L=1.7342|session_co2_kg=4.647644,8,20260702_121629
65715.769,2026-07-02T12:39:39.510,DEPART_DUMP_ZONE,3,load_zone_23,0.0,10000.0,session_fuel_L=1.7417|session_co2_kg=4.667702,8,20260702_121629
65768.352,2026-07-02T12:41:33.382,ARRIVE_LOAD_ZONE,3,load_zone_23,0.0,10000.0,,8,20260702_121629
65771.435,2026-07-02T12:41:41.328,LOAD_COMPLETE,3,dump_zone_22,1000.0,unlimited,trip_fuel_so_far_L=0.1946,8,20260702_121629
65772.519,2026-07-02T12:41:42.561,ARRIVE_LOAD_ZONE,1,load_zone_23,0.0,9000.0,,8,20260702_121629
65775.602,2026-07-02T12:41:47.679,LOAD_COMPLETE,1,dump_zone_23,1000.0,unlimited,trip_fuel_so_far_L=0.2125,8,20260702_121629
65777.185,2026-07-02T12:41:49.274,DEPART_LOAD_ZONE,3,dump_zone_22,1000.0,unlimited,session_fuel_L=1.938|session_co2_kg=5.19378,8,20260702_121629
65781.435,2026-07-02T12:41:54.430,DEPART_LOAD_ZONE,1,dump_zone_23,1000.0,unlimited,session_fuel_L=1.95|session_co2_kg=5.225965,8,20260702_121629
65794.519,2026-07-02T12:42:26.824,ARRIVE_LOAD_ZONE,2,load_zone_26,0.0,8000.0,,8,20260702_121629
65797.602,2026-07-02T12:42:32.594,LOAD_COMPLETE,2,dump_zone_3,1000.0,unlimited,trip_fuel_so_far_L=0.3573,8,20260702_121629
65802.852,2026-07-02T12:42:42.677,DEPART_LOAD_ZONE,2,dump_zone_3,1000.0,unlimited,session_fuel_L=2.0397|session_co2_kg=5.466355,8,20260702_121629
65821.435,2026-07-02T12:51:20.627,ARRIVE_DUMP_ZONE,3,dump_zone_22,1000.0,unlimited,,8,20260702_121629
65823.685,2026-07-02T12:51:24.477,ARRIVE_DUMP_ZONE,1,dump_zone_23,1000.0,unlimited,,8,20260702_121629
65824.519,2026-07-02T12:51:25.458,UNLOAD_COMPLETE,3,load_zone_23,0.0,8000.0,trip_id=6|trip_duration_s=114.0|trip_fuel_L=0.3696|trip_co2_kg=0.990633,8,20260702_121629
65826.769,2026-07-02T12:51:28.517,UNLOAD_COMPLETE,1,load_zone_23,0.0,8000.0,trip_id=6|trip_duration_s=117.58|trip_fuel_L=0.3813|trip_co2_kg=1.021872,8,20260702_121629
65829.519,2026-07-02T12:51:30.025,DEPART_DUMP_ZONE,3,load_zone_23,0.0,8000.0,session_fuel_L=2.1106|session_co2_kg=5.656296,8,20260702_121629
65829.685,2026-07-02T12:51:30.249,DEPART_DUMP_ZONE,1,load_zone_23,0.0,8000.0,session_fuel_L=2.1097|session_co2_kg=5.653847,8,20260702_121629
65882.435,2026-07-02T12:53:31.367,ARRIVE_LOAD_ZONE,1,load_zone_23,0.0,8000.0,,8,20260702_121629
65885.185,2026-07-02T12:53:41.990,ARRIVE_LOAD_ZONE,3,load_zone_23,0.0,8000.0,,8,20260702_121629
65885.519,2026-07-02T12:53:43.173,LOAD_COMPLETE,1,dump_zone_22,1000.0,unlimited,trip_fuel_so_far_L=0.1878,8,20260702_121629
65886.352,2026-07-02T12:53:45.284,DEPART_LOAD_ZONE,1,dump_zone_22,1000.0,unlimited,session_fuel_L=2.2912|session_co2_kg=6.14012,8,20260702_121629
65888.269,2026-07-02T12:53:51.501,LOAD_COMPLETE,3,dump_zone_23,1000.0,unlimited,trip_fuel_so_far_L=0.2043,8,20260702_121629
65888.352,2026-07-02T12:53:52.035,DEPART_LOAD_ZONE,3,dump_zone_23,1000.0,unlimited,session_fuel_L=2.2999|session_co2_kg=6.163656,8,20260702_121629
65927.435,2026-07-02T13:00:17.199,ARRIVE_DUMP_ZONE,2,dump_zone_3,1000.0,unlimited,,8,20260702_121629
65930.519,2026-07-02T13:00:22.403,UNLOAD_COMPLETE,2,load_zone_26,0.0,7000.0,trip_id=3|trip_duration_s=244.17|trip_fuel_L=0.7953|trip_co2_kg=2.131495,8,20260702_121629
65936.352,2026-07-02T13:00:31.628,DEPART_DUMP_ZONE,2,load_zone_26,0.0,7000.0,session_fuel_L=2.4793|session_co2_kg=6.644472,8,20260702_121629
65938.852,2026-07-02T13:00:35.537,ARRIVE_DUMP_ZONE,3,dump_zone_23,1000.0,unlimited,,8,20260702_121629
65941.935,2026-07-02T13:00:39.706,UNLOAD_COMPLETE,3,load_zone_23,0.0,6000.0,trip_id=7|trip_duration_s=117.42|trip_fuel_L=0.3793|trip_co2_kg=1.016528,8,20260702_121629
65943.019,2026-07-02T13:00:40.766,ARRIVE_DUMP_ZONE,1,dump_zone_22,1000.0,unlimited,,8,20260702_121629
65946.102,2026-07-02T13:00:44.361,UNLOAD_COMPLETE,1,load_zone_23,0.0,6000.0,trip_id=7|trip_duration_s=119.33|trip_fuel_L=0.3855|trip_co2_kg=1.033007,8,20260702_121629
65946.102,2026-07-02T13:00:44.361,DEPART_DUMP_ZONE,3,load_zone_23,0.0,6000.0,session_fuel_L=2.4874|session_co2_kg=6.666044,8,20260702_121629
65947.352,2026-07-02T13:00:46.103,DEPART_DUMP_ZONE,1,load_zone_23,0.0,6000.0,session_fuel_L=2.4901|session_co2_kg=6.673254,8,20260702_121629
65990.852,2026-07-02T13:02:22.516,ARRIVE_LOAD_ZONE,1,load_zone_23,0.0,6000.0,,8,20260702_121629
65993.935,2026-07-02T13:02:30.542,LOAD_COMPLETE,1,dump_zone_22,1000.0,unlimited,trip_fuel_so_far_L=0.154,8,20260702_121629
65998.852,2026-07-02T13:02:39.796,DEPART_LOAD_ZONE,1,dump_zone_22,1000.0,unlimited,session_fuel_L=2.6555|session_co2_kg=7.11649,8,20260702_121629
66005.852,2026-07-02T13:02:56.065,ARRIVE_LOAD_ZONE,3,load_zone_23,0.0,5000.0,,8,20260702_121629
66008.935,2026-07-02T13:03:03.360,LOAD_COMPLETE,3,dump_zone_23,1000.0,unlimited,trip_fuel_so_far_L=0.2134,8,20260702_121629
66014.102,2026-07-02T13:03:11.905,DEPART_LOAD_ZONE,3,dump_zone_23,1000.0,unlimited,session_fuel_L=2.704|session_co2_kg=7.246594,8,20260702_121629
66038.935,2026-07-02T13:04:46.444,ARRIVE_LOAD_ZONE,2,load_zone_26,0.0,7000.0,,8,20260702_121629
66042.019,2026-07-02T13:04:55.468,LOAD_COMPLETE,2,dump_zone_3,1000.0,unlimited,trip_fuel_so_far_L=0.359,8,20260702_121629
66047.102,2026-07-02T13:05:09.208,DEPART_LOAD_ZONE,2,dump_zone_3,1000.0,unlimited,session_fuel_L=2.8362|session_co2_kg=7.600886,8,20260702_121629
66053.435,2026-07-02T13:05:26.249,ARRIVE_DUMP_ZONE,1,dump_zone_22,1000.0,unlimited,,8,20260702_121629
66055.852,2026-07-02T13:05:30.966,ARRIVE_DUMP_ZONE,3,dump_zone_23,1000.0,unlimited,,8,20260702_121629
66056.519,2026-07-02T13:05:31.897,UNLOAD_COMPLETE,1,load_zone_23,0.0,4000.0,trip_id=8|trip_duration_s=110.42|trip_fuel_L=0.3584|trip_co2_kg=0.960424,8,20260702_121629
66057.185,2026-07-02T13:05:33.527,DEPART_DUMP_ZONE,1,load_zone_23,0.0,4000.0,session_fuel_L=2.8467|session_co2_kg=7.628897,8,20260702_121629
66058.935,2026-07-02T13:05:38.146,UNLOAD_COMPLETE,3,load_zone_23,0.0,4000.0,trip_id=8|trip_duration_s=117.0|trip_fuel_L=0.3781|trip_co2_kg=1.013328,8,20260702_121629
66060.852,2026-07-02T13:05:43.615,DEPART_DUMP_ZONE,3,load_zone_23,0.0,4000.0,session_fuel_L=2.8586|session_co2_kg=7.660971,8,20260702_121629
66110.935,2026-07-02T13:08:10.984,ARRIVE_LOAD_ZONE,1,load_zone_23,0.0,4000.0,,8,20260702_121629
66114.019,2026-07-02T13:08:21.617,LOAD_COMPLETE,1,dump_zone_22,1000.0,unlimited,trip_fuel_so_far_L=0.1859,8,20260702_121629
66120.185,2026-07-02T13:08:42.206,DEPART_LOAD_ZONE,1,dump_zone_22,1000.0,unlimited,session_fuel_L=3.0496|session_co2_kg=8.172662,8,20260702_121629
66124.102,2026-07-02T13:08:51.598,ARRIVE_LOAD_ZONE,3,load_zone_23,0.0,3000.0,,8,20260702_121629
66127.185,2026-07-02T13:09:00.257,LOAD_COMPLETE,3,dump_zone_23,1000.0,unlimited,trip_fuel_so_far_L=0.2178,8,20260702_121629
66132.269,2026-07-02T13:09:12.255,DEPART_LOAD_ZONE,3,dump_zone_23,1000.0,unlimited,session_fuel_L=3.0863|session_co2_kg=8.271,8,20260702_121629
66163.185,2026-07-02T13:11:01.640,ARRIVE_DUMP_ZONE,1,dump_zone_22,1000.0,unlimited,,8,20260702_121629
66166.269,2026-07-02T13:11:11.004,UNLOAD_COMPLETE,1,load_zone_23,0.0,2000.0,trip_id=9|trip_duration_s=109.75|trip_fuel_L=0.3582|trip_co2_kg=0.960051,8,20260702_121629
66171.352,2026-07-02T13:11:21.961,DEPART_DUMP_ZONE,1,load_zone_23,0.0,2000.0,session_fuel_L=3.2184|session_co2_kg=8.625032,8,20260702_121629
66172.185,2026-07-02T13:11:23.408,ARRIVE_DUMP_ZONE,3,dump_zone_23,1000.0,unlimited,,8,20260702_121629
66175.269,2026-07-02T13:11:29.805,UNLOAD_COMPLETE,3,load_zone_23,0.0,2000.0,trip_id=9|trip_duration_s=116.33|trip_fuel_L=0.3754|trip_co2_kg=1.005993,8,20260702_121629
66175.602,2026-07-02T13:11:30.505,ARRIVE_DUMP_ZONE,2,dump_zone_3,1000.0,unlimited,,8,20260702_121629
66178.685,2026-07-02T13:11:36.632,UNLOAD_COMPLETE,2,load_zone_26,0.0,6000.0,trip_id=4|trip_duration_s=248.17|trip_fuel_L=0.8089|trip_co2_kg=2.1679,8,20260702_121629
66180.269,2026-07-02T13:11:38.536,DEPART_DUMP_ZONE,3,load_zone_23,0.0,2000.0,session_fuel_L=3.2434|session_co2_kg=8.692145,8,20260702_121629
66183.269,2026-07-02T13:11:43.529,DEPART_DUMP_ZONE,2,load_zone_26,0.0,6000.0,session_fuel_L=3.2845|session_co2_kg=8.802162,8,20260702_121629
66223.185,2026-07-02T14:51:31.159,ARRIVE_LOAD_ZONE,1,load_zone_23,0.0,2000.0,,8,20260702_121629
66226.269,2026-07-02T14:51:38.891,LOAD_COMPLETE,1,dump_zone_22,1000.0,unlimited,trip_fuel_so_far_L=0.1925,8,20260702_121629
66231.685,2026-07-02T14:51:46.710,DEPART_LOAD_ZONE,1,dump_zone_22,1000.0,unlimited,session_fuel_L=3.4121|session_co2_kg=9.144041,8,20260702_121629
66236.935,2026-07-02T14:52:01.166,ARRIVE_LOAD_ZONE,3,load_zone_23,0.0,1000.0,,8,20260702_121629
66240.019,2026-07-02T14:52:14.499,LOAD_COMPLETE,3,dump_zone_23,1000.0,unlimited,trip_fuel_so_far_L=0.2068,8,20260702_121629
66245.019,2026-07-02T14:52:23.403,DEPART_LOAD_ZONE,3,dump_zone_23,1000.0,unlimited,session_fuel_L=3.4504|session_co2_kg=9.2469,8,20260702_121629
66281.602,2026-07-02T14:53:54.785,ARRIVE_LOAD_ZONE,2,load_zone_26,0.0,6000.0,,8,20260702_121629
66284.685,2026-07-02T14:54:03.196,LOAD_COMPLETE,2,dump_zone_3,1000.0,unlimited,trip_fuel_so_far_L=0.3417,8,20260702_121629
66285.435,2026-07-02T14:54:04.295,ARRIVE_DUMP_ZONE,1,dump_zone_22,1000.0,unlimited,,8,20260702_121629
66286.352,2026-07-02T14:54:06.315,ARRIVE_DUMP_ZONE,3,dump_zone_23,1000.0,unlimited,,8,20260702_121629
66288.519,2026-07-02T14:54:11.949,UNLOAD_COMPLETE,1,load_zone_1,0.0,10000.0,trip_id=10|trip_duration_s=122.25|trip_fuel_L=0.3956|trip_co2_kg=1.060212,8,20260702_121629
66289.269,2026-07-02T14:54:13.669,DEPART_DUMP_ZONE,1,load_zone_1,0.0,10000.0,session_fuel_L=3.6008|session_co2_kg=9.649843,8,20260702_121629
66289.435,2026-07-02T14:54:14.179,UNLOAD_COMPLETE,3,load_zone_2,0.0,1000.0,trip_id=10|trip_duration_s=114.17|trip_fuel_L=0.3697|trip_co2_kg=0.990859,8,20260702_121629
66290.352,2026-07-02T14:54:16.217,DEPART_LOAD_ZONE,2,dump_zone_3,1000.0,unlimited,session_fuel_L=3.6297|session_co2_kg=9.727396,8,20260702_121629
66290.685,2026-07-02T14:54:17.250,DEPART_DUMP_ZONE,3,load_zone_2,0.0,1000.0,session_fuel_L=3.6017|session_co2_kg=9.652379,8,20260702_121629
66402.769,2026-07-02T15:03:50.026,ARRIVE_LOAD_ZONE,1,load_zone_1,0.0,10000.0,,8,20260702_121629
66403.935,2026-07-02T15:03:57.188,ARRIVE_LOAD_ZONE,3,load_zone_2,0.0,1000.0,,8,20260702_121629
66405.852,2026-07-02T15:04:07.577,LOAD_COMPLETE,1,dump_zone_1,1000.0,unlimited,trip_fuel_so_far_L=0.3769,8,20260702_121629
66407.019,2026-07-02T15:04:12.387,LOAD_COMPLETE,3,dump_zone_2,1000.0,unlimited,trip_fuel_so_far_L=0.3775,8,20260702_121629
66411.185,2026-07-02T15:04:20.155,DEPART_LOAD_ZONE,1,dump_zone_1,1000.0,unlimited,session_fuel_L=3.9919|session_co2_kg=10.698005,8,20260702_121629
66411.519,2026-07-02T15:04:20.971,ARRIVE_DUMP_ZONE,2,dump_zone_3,1000.0,unlimited,,8,20260702_121629
66411.769,2026-07-02T15:04:21.340,DEPART_LOAD_ZONE,3,dump_zone_2,1000.0,unlimited,session_fuel_L=3.9901|session_co2_kg=10.693233,8,20260702_121629
66414.602,2026-07-02T15:04:26.849,UNLOAD_COMPLETE,2,load_zone_26,0.0,5000.0,trip_id=5|trip_duration_s=235.92|trip_fuel_L=0.7717|trip_co2_kg=2.06822,8,20260702_121629
66420.435,2026-07-02T15:04:43.668,DEPART_DUMP_ZONE,2,load_zone_26,0.0,5000.0,session_fuel_L=4.06|session_co2_kg=10.880592,8,20260702_121629
66501.685,2026-07-02T15:11:42.802,ARRIVE_DUMP_ZONE,3,dump_zone_2,1000.0,unlimited,,8,20260702_121629
66504.769,2026-07-02T15:11:50.426,UNLOAD_COMPLETE,3,load_zone_1,0.0,9000.0,trip_id=11|trip_duration_s=215.33|trip_fuel_L=0.6949|trip_co2_kg=1.862292,8,20260702_121629
66508.352,2026-07-02T15:12:00.197,DEPART_DUMP_ZONE,3,load_zone_1,0.0,9000.0,session_fuel_L=4.3037|session_co2_kg=11.533735,8,20260702_121629
66519.102,2026-07-02T15:12:46.912,ARRIVE_LOAD_ZONE,2,load_zone_26,0.0,5000.0,,8,20260702_121629
66522.185,2026-07-02T15:12:58.964,LOAD_COMPLETE,2,dump_zone_3,1000.0,unlimited,trip_fuel_so_far_L=0.3463,8,20260702_121629
66527.435,2026-07-02T15:13:10.871,DEPART_LOAD_ZONE,2,dump_zone_3,1000.0,unlimited,session_fuel_L=4.4047|session_co2_kg=11.804374,8,20260702_121629
66599.685,2026-07-02T15:18:55.409,ARRIVE_LOAD_ZONE,3,load_zone_1,0.0,9000.0,,8,20260702_121629
66602.769,2026-07-02T15:19:11.658,LOAD_COMPLETE,3,dump_zone_2,1000.0,unlimited,trip_fuel_so_far_L=0.3082,8,20260702_121629
66606.852,2026-07-02T15:19:24.938,DEPART_LOAD_ZONE,3,dump_zone_2,1000.0,unlimited,session_fuel_L=4.6136|session_co2_kg=12.364188,8,20260702_121629
66654.019,2026-07-02T15:23:06.707,ARRIVE_DUMP_ZONE,2,dump_zone_3,1000.0,unlimited,,8,20260702_121629
66657.102,2026-07-02T15:23:19.240,UNLOAD_COMPLETE,2,load_zone_26,0.0,4000.0,trip_id=6|trip_duration_s=242.5|trip_fuel_L=0.7908|trip_co2_kg=2.119413,8,20260702_121629
66663.102,2026-07-02T15:23:39.731,DEPART_DUMP_ZONE,2,load_zone_26,0.0,4000.0,session_fuel_L=4.8514|session_co2_kg=13.001371,8,20260702_121629
66692.685,2026-07-02T15:26:00.787,ARRIVE_DUMP_ZONE,3,dump_zone_2,1000.0,unlimited,,8,20260702_121629
66695.769,2026-07-02T15:26:08.942,UNLOAD_COMPLETE,3,load_zone_1,0.0,8000.0,trip_id=12|trip_duration_s=191.0|trip_fuel_L=0.612|trip_co2_kg=1.640132,8,20260702_121629
66701.019,2026-07-02T15:26:23.599,DEPART_DUMP_ZONE,3,load_zone_1,0.0,8000.0,session_fuel_L=4.9208|session_co2_kg=13.187467,8,20260702_121629
66763.185,2026-07-02T15:31:05.476,ARRIVE_LOAD_ZONE,2,load_zone_26,0.0,4000.0,,8,20260702_121629
66766.269,2026-07-02T15:31:16.434,LOAD_COMPLETE,2,dump_zone_3,1000.0,unlimited,trip_fuel_so_far_L=0.3513,8,20260702_121629
66772.019,2026-07-02T15:31:43.040,DEPART_LOAD_ZONE,2,dump_zone_3,1000.0,unlimited,session_fuel_L=5.2021|session_co2_kg=13.941287,8,20260702_121629
66789.602,2026-07-02T15:32:51.810,ARRIVE_LOAD_ZONE,3,load_zone_1,0.0,8000.0,,8,20260702_121629
66792.685,2026-07-02T15:33:06.619,LOAD_COMPLETE,3,dump_zone_2,1000.0,unlimited,trip_fuel_so_far_L=0.305,8,20260702_121629
66797.269,2026-07-02T15:33:16.406,DEPART_LOAD_ZONE,3,dump_zone_2,1000.0,unlimited,session_fuel_L=5.2239|session_co2_kg=13.999779,8,20260702_121629
66877.769,2026-07-02T15:39:03.720,ARRIVE_DUMP_ZONE,3,dump_zone_2,1000.0,unlimited,,8,20260702_121629
66880.852,2026-07-02T15:39:15.173,UNLOAD_COMPLETE,3,load_zone_1,0.0,7000.0,trip_id=13|trip_duration_s=185.08|trip_fuel_L=0.5935|trip_co2_kg=1.590436,8,20260702_121629
66885.269,2026-07-02T15:39:26.810,DEPART_DUMP_ZONE,3,load_zone_1,0.0,7000.0,session_fuel_L=5.5117|session_co2_kg=14.771118,8,20260702_121629
66899.352,2026-07-02T15:40:25.951,ARRIVE_DUMP_ZONE,2,dump_zone_3,1000.0,unlimited,,8,20260702_121629
66902.435,2026-07-02T15:40:39.538,UNLOAD_COMPLETE,2,load_zone_26,0.0,3000.0,trip_id=7|trip_duration_s=245.33|trip_fuel_L=0.7996|trip_co2_kg=2.142744,8,20260702_121629
66907.185,2026-07-02T15:41:00.441,DEPART_DUMP_ZONE,2,load_zone_26,0.0,3000.0,session_fuel_L=5.6471|session_co2_kg=15.133895,8,20260702_121629
66933.102,2026-07-02T15:42:50.780,ARRIVE_DUMP_ZONE,1,dump_zone_1,1000.0,unlimited,,8,20260702_121629
66936.185,2026-07-02T15:43:06.308,UNLOAD_COMPLETE,1,load_zone_1,0.0,7000.0,trip_id=11|trip_duration_s=647.67|trip_fuel_L=1.9936|trip_co2_kg=5.342945,8,20260702_121629
66939.019,2026-07-02T15:43:16.025,DEPART_DUMP_ZONE,1,load_zone_1,0.0,7000.0,session_fuel_L=5.6008|session_co2_kg=15.009803,8,20260702_121629
66972.852,2026-07-02T15:46:08.596,ARRIVE_LOAD_ZONE,3,load_zone_1,0.0,7000.0,,8,20260702_121629
66975.935,2026-07-02T15:46:23.226,LOAD_COMPLETE,3,dump_zone_1,1000.0,unlimited,trip_fuel_so_far_L=0.2997,8,20260702_121629
66980.352,2026-07-02T15:46:39.611,DEPART_LOAD_ZONE,3,dump_zone_1,1000.0,unlimited,session_fuel_L=5.8116|session_co2_kg=15.57475,8,20260702_121629
67007.019,2026-07-02T15:47:51.447,ARRIVE_LOAD_ZONE,2,load_zone_26,0.0,3000.0,,8,20260702_121629
67010.102,2026-07-02T15:47:57.227,LOAD_COMPLETE,2,dump_zone_3,1000.0,unlimited,trip_fuel_so_far_L=0.3477,8,20260702_121629
67015.185,2026-07-02T15:48:03.685,DEPART_LOAD_ZONE,2,dump_zone_3,1000.0,unlimited,session_fuel_L=5.996|session_co2_kg=16.069021,8,20260702_121629
67026.685,2026-07-02T15:48:31.685,ARRIVE_LOAD_ZONE,1,load_zone_1,0.0,6000.0,,8,20260702_121629
67029.769,2026-07-02T15:48:38.246,LOAD_COMPLETE,1,dump_zone_2,1000.0,unlimited,trip_fuel_so_far_L=0.2949,8,20260702_121629
67033.935,2026-07-02T15:48:44.537,DEPART_LOAD_ZONE,1,dump_zone_2,1000.0,unlimited,session_fuel_L=5.9|session_co2_kg=15.811578,8,20260702_121629
67071.102,2026-07-02T15:50:02.457,ARRIVE_DUMP_ZONE,3,dump_zone_1,1000.0,unlimited,,8,20260702_121629
67074.185,2026-07-02T15:50:09.767,UNLOAD_COMPLETE,3,load_zone_1,0.0,5000.0,trip_id=14|trip_duration_s=193.33|trip_fuel_L=0.6196|trip_co2_kg=1.66042,8,20260702_121629
67077.685,2026-07-02T15:50:15.841,DEPART_DUMP_ZONE,3,load_zone_1,0.0,5000.0,session_fuel_L=6.1285|session_co2_kg=16.42404,8,20260702_121629
67109.685,2026-07-02T15:51:33.851,ARRIVE_DUMP_ZONE,1,dump_zone_2,1000.0,unlimited,,8,20260702_121629
67112.769,2026-07-02T15:51:39.852,UNLOAD_COMPLETE,1,load_zone_1,0.0,5000.0,trip_id=12|trip_duration_s=176.58|trip_fuel_L=0.5685|trip_co2_kg=1.523478,8,20260702_121629
67118.185,2026-07-02T15:51:48.562,DEPART_DUMP_ZONE,1,load_zone_1,0.0,5000.0,session_fuel_L=6.1771|session_co2_kg=16.554394,8,20260702_121629
67138.519,2026-07-02T16:31:32.226,ARRIVE_DUMP_ZONE,2,dump_zone_3,1000.0,unlimited,,8,20260702_121629
67141.602,2026-07-02T16:31:36.664,UNLOAD_COMPLETE,2,load_zone_26,0.0,2000.0,trip_id=8|trip_duration_s=239.17|trip_fuel_L=0.7809|trip_co2_kg=2.092727,8,20260702_121629
67146.519,2026-07-02T16:31:43.741,DEPART_DUMP_ZONE,2,load_zone_26,0.0,2000.0,session_fuel_L=6.4285|session_co2_kg=17.227978,8,20260702_121629
67168.019,2026-07-02T16:32:26.591,ARRIVE_LOAD_ZONE,3,load_zone_1,0.0,5000.0,,8,20260702_121629
67171.102,2026-07-02T16:32:34.298,LOAD_COMPLETE,3,dump_zone_1,1000.0,unlimited,trip_fuel_so_far_L=0.3048,8,20260702_121629
67175.769,2026-07-02T16:32:39.620,DEPART_LOAD_ZONE,3,dump_zone_1,1000.0,unlimited,session_fuel_L=6.4371|session_co2_kg=17.25099,8,20260702_121629
67204.685,2026-07-02T16:34:11.071,ARRIVE_LOAD_ZONE,1,load_zone_1,0.0,4000.0,,8,20260702_121629
67207.769,2026-07-02T16:34:24.027,LOAD_COMPLETE,1,dump_zone_2,1000.0,unlimited,trip_fuel_so_far_L=0.2991,8,20260702_121629
67212.352,2026-07-02T16:34:32.809,DEPART_LOAD_ZONE,1,dump_zone_2,1000.0,unlimited,session_fuel_L=6.4739|session_co2_kg=17.349664,8,20260702_121629
67248.935,2026-07-02T16:36:32.912,ARRIVE_LOAD_ZONE,2,load_zone_26,0.0,2000.0,,8,20260702_121629
67252.019,2026-07-02T16:36:37.941,LOAD_COMPLETE,2,dump_zone_3,1000.0,unlimited,trip_fuel_so_far_L=0.3554,8,20260702_121629
67257.602,2026-07-02T16:36:47.145,DEPART_LOAD_ZONE,2,dump_zone_3,1000.0,unlimited,session_fuel_L=6.7861|session_co2_kg=18.186485,8,20260702_121629
67263.352,2026-07-02T16:36:57.409,ARRIVE_DUMP_ZONE,3,dump_zone_1,1000.0,unlimited,,8,20260702_121629
67266.435,2026-07-02T16:37:04.751,UNLOAD_COMPLETE,3,load_zone_1,0.0,3000.0,trip_id=15|trip_duration_s=192.25|trip_fuel_L=0.6155|trip_co2_kg=1.649558,8,20260702_121629
67270.102,2026-07-02T16:37:11.341,DEPART_DUMP_ZONE,3,load_zone_1,0.0,3000.0,session_fuel_L=6.7446|session_co2_kg=18.074964,8,20260702_121629
67293.185,2026-07-02T16:38:19.857,ARRIVE_DUMP_ZONE,1,dump_zone_2,1000.0,unlimited,,8,20260702_121629
67296.269,2026-07-02T16:38:32.610,UNLOAD_COMPLETE,1,load_zone_1,0.0,3000.0,trip_id=13|trip_duration_s=183.5|trip_fuel_L=0.5891|trip_co2_kg=1.578764,8,20260702_121629
67301.269,2026-07-02T16:38:47.589,DEPART_DUMP_ZONE,1,load_zone_1,0.0,3000.0,session_fuel_L=6.765|session_co2_kg=18.129753,8,20260702_121629
67358.519,2026-07-02T16:41:27.185,ARRIVE_LOAD_ZONE,3,load_zone_1,0.0,3000.0,,8,20260702_121629
67361.602,2026-07-02T16:41:35.446,LOAD_COMPLETE,3,dump_zone_1,1000.0,unlimited,trip_fuel_so_far_L=0.2996,8,20260702_121629
67366.102,2026-07-02T16:41:43.765,DEPART_LOAD_ZONE,3,dump_zone_1,1000.0,unlimited,session_fuel_L=7.0469|session_co2_kg=18.885151,8,20260702_121629
67381.602,2026-07-02T16:42:24.572,ARRIVE_DUMP_ZONE,2,dump_zone_3,1000.0,unlimited,,8,20260702_121629
67384.685,2026-07-02T16:42:31.128,UNLOAD_COMPLETE,2,load_zone_26,0.0,1000.0,trip_id=9|trip_duration_s=243.08|trip_fuel_L=0.7929|trip_co2_kg=2.125005,8,20260702_121629
67388.435,2026-07-02T16:42:34.898,ARRIVE_LOAD_ZONE,1,load_zone_1,0.0,2000.0,,8,20260702_121629
67389.352,2026-07-02T16:42:36.497,DEPART_DUMP_ZONE,2,load_zone_26,0.0,1000.0,session_fuel_L=7.2207|session_co2_kg=19.350949,8,20260702_121629
67391.519,2026-07-02T16:42:40.490,LOAD_COMPLETE,1,dump_zone_2,1000.0,unlimited,trip_fuel_so_far_L=0.2999,8,20260702_121629
67395.769,2026-07-02T16:42:45.842,DEPART_LOAD_ZONE,1,dump_zone_2,1000.0,unlimited,session_fuel_L=7.0627|session_co2_kg=18.927762,8,20260702_121629
67454.269,2026-07-02T16:44:40.174,ARRIVE_DUMP_ZONE,3,dump_zone_1,1000.0,unlimited,,8,20260702_121629
67457.352,2026-07-02T16:44:43.632,UNLOAD_COMPLETE,3,load_zone_1,0.0,1000.0,trip_id=16|trip_duration_s=190.92|trip_fuel_L=0.6122|trip_co2_kg=1.640613,8,20260702_121629
67461.269,2026-07-02T16:44:48.832,DEPART_DUMP_ZONE,3,load_zone_1,0.0,1000.0,session_fuel_L=7.3575|session_co2_kg=19.717626,8,20260702_121629
67475.685,2026-07-02T16:45:13.461,ARRIVE_DUMP_ZONE,1,dump_zone_2,1000.0,unlimited,,8,20260702_121629
67478.769,2026-07-02T16:45:16.941,UNLOAD_COMPLETE,1,load_zone_1,0.0,1000.0,trip_id=14|trip_duration_s=182.5|trip_fuel_L=0.5862|trip_co2_kg=1.571097,8,20260702_121629
67482.602,2026-07-02T16:45:22.966,DEPART_DUMP_ZONE,1,load_zone_1,0.0,1000.0,session_fuel_L=7.3477|session_co2_kg=19.691338,8,20260702_121629
67491.352,2026-07-02T16:45:41.870,ARRIVE_LOAD_ZONE,2,load_zone_26,0.0,1000.0,,8,20260702_121629
67494.435,2026-07-02T16:45:47.957,LOAD_COMPLETE,2,dump_zone_3,1000.0,unlimited,trip_fuel_so_far_L=0.3533,8,20260702_121629
67499.185,2026-07-02T16:45:54.711,DEPART_LOAD_ZONE,2,dump_zone_3,1000.0,unlimited,session_fuel_L=7.5744|session_co2_kg=20.299005,8,20260702_121629
67545.102,2026-07-02T16:47:55.487,ARRIVE_LOAD_ZONE,3,load_zone_1,0.0,1000.0,,8,20260702_121629
67548.185,2026-07-02T16:48:04.878,LOAD_COMPLETE,3,dump_zone_1,1000.0,unlimited,trip_fuel_so_far_L=0.2865,8,20260702_121629
67553.019,2026-07-02T16:48:20.937,DEPART_LOAD_ZONE,3,dump_zone_1,1000.0,unlimited,session_fuel_L=7.647|session_co2_kg=20.49336,8,20260702_121629
67566.519,2026-07-02T16:49:20.090,ARRIVE_LOAD_ZONE,1,load_zone_1,0.0,0.0,,8,20260702_121629
67569.602,2026-07-02T16:49:29.727,LOAD_COMPLETE,1,load_zone_3,0.0,20000.0,trip_fuel_so_far_L=0.2865,8,20260702_121629
67574.769,2026-07-02T16:49:43.217,DEPART_LOAD_ZONE,1,load_zone_3,0.0,20000.0,session_fuel_L=7.6382|session_co2_kg=20.469929,8,20260702_121629
67757.602,2026-07-02T12:36:33.274,ARRIVE_LOAD_ZONE,3,load_zone_26,0.0,10000.0,,9,20260702_123207
67760.685,2026-07-02T12:36:40.962,LOAD_COMPLETE,3,dump_zone_3,1000.0,unlimited,trip_fuel_so_far_L=0.403,9,20260702_123207
67765.185,2026-07-02T12:36:46.886,DEPART_LOAD_ZONE,3,dump_zone_3,1000.0,unlimited,session_fuel_L=0.4169|session_co2_kg=1.117376,9,20260702_123207
67782.352,2026-07-02T12:37:23.227,ARRIVE_LOAD_ZONE,2,load_zone_22,0.0,10000.0,,9,20260702_123207
67785.435,2026-07-02T12:37:30.536,LOAD_COMPLETE,2,dump_zone_22,1000.0,unlimited,trip_fuel_so_far_L=0.4792,9,20260702_123207
67790.935,2026-07-02T12:37:45.230,DEPART_LOAD_ZONE,2,dump_zone_22,1000.0,unlimited,session_fuel_L=0.4962|session_co2_kg=1.329835,9,20260702_123207
67813.269,2026-07-02T12:38:50.233,ARRIVE_LOAD_ZONE,1,load_zone_22,0.0,9000.0,,9,20260702_123207
67816.352,2026-07-02T12:38:58.547,LOAD_COMPLETE,1,dump_zone_23,1000.0,unlimited,trip_fuel_so_far_L=0.5776,9,20260702_123207
67817.019,2026-07-02T12:39:00.107,DEPART_LOAD_ZONE,1,dump_zone_23,1000.0,unlimited,session_fuel_L=0.5797|session_co2_kg=1.553551,9,20260702_123207
67850.269,2026-07-02T12:40:26.785,ARRIVE_DUMP_ZONE,2,dump_zone_22,1000.0,unlimited,,9,20260702_123207
67853.352,2026-07-02T12:40:33.745,UNLOAD_COMPLETE,2,load_zone_22,0.0,8000.0,trip_id=1|trip_duration_s=217.42|trip_fuel_L=0.6981|trip_co2_kg=1.870957,9,20260702_123207
67854.019,2026-07-02T12:40:34.874,DEPART_DUMP_ZONE,2,load_zone_22,0.0,8000.0,session_fuel_L=0.7002|session_co2_kg=1.876408,9,20260702_123207
67858.102,2026-07-02T12:40:43.572,ARRIVE_DUMP_ZONE,1,dump_zone_23,1000.0,unlimited,,9,20260702_123207
67861.185,2026-07-02T12:40:49.340,UNLOAD_COMPLETE,1,load_zone_22,0.0,8000.0,trip_id=1|trip_duration_s=225.25|trip_fuel_L=0.7255|trip_co2_kg=1.944223,9,20260702_123207
67865.685,2026-07-02T12:40:58.410,DEPART_DUMP_ZONE,1,load_zone_22,0.0,8000.0,session_fuel_L=0.7392|session_co2_kg=1.981012,9,20260702_123207
67892.852,2026-07-02T12:41:56.480,ARRIVE_DUMP_ZONE,3,dump_zone_3,1000.0,unlimited,,9,20260702_123207
67895.935,2026-07-02T12:42:01.841,UNLOAD_COMPLETE,3,load_zone_26,0.0,9000.0,trip_id=1|trip_duration_s=260.0|trip_fuel_L=0.8477|trip_co2_kg=2.271743,9,20260702_123207
67900.769,2026-07-02T12:42:10.586,ARRIVE_LOAD_ZONE,1,load_zone_22,0.0,8000.0,,9,20260702_123207
67901.685,2026-07-02T12:42:11.986,DEPART_DUMP_ZONE,3,load_zone_26,0.0,9000.0,session_fuel_L=0.8652|session_co2_kg=2.318737,9,20260702_123207
67902.602,2026-07-02T12:42:13.395,ARRIVE_LOAD_ZONE,2,load_zone_22,0.0,8000.0,,9,20260702_123207
67903.852,2026-07-02T12:42:15.440,LOAD_COMPLETE,1,dump_zone_22,1000.0,unlimited,trip_fuel_so_far_L=0.1373,9,20260702_123207
67905.685,2026-07-02T12:42:16.874,LOAD_COMPLETE,2,dump_zone_23,1000.0,unlimited,trip_fuel_so_far_L=0.1666,9,20260702_123207
67906.102,2026-07-02T12:42:17.262,DEPART_LOAD_ZONE,2,dump_zone_23,1000.0,unlimited,session_fuel_L=0.866|session_co2_kg=2.320752,9,20260702_123207
67909.352,2026-07-02T12:42:22.607,DEPART_LOAD_ZONE,1,dump_zone_22,1000.0,unlimited,session_fuel_L=0.8797|session_co2_kg=2.357583,9,20260702_123207
67948.019,2026-07-02T12:51:53.445,ARRIVE_DUMP_ZONE,2,dump_zone_23,1000.0,unlimited,,9,20260702_123207
67951.102,2026-07-02T12:52:01.990,UNLOAD_COMPLETE,2,load_zone_22,0.0,6000.0,trip_id=2|trip_duration_s=97.75|trip_fuel_L=0.3161|trip_co2_kg=0.847153,9,20260702_123207
67954.019,2026-07-02T12:52:06.804,DEPART_DUMP_ZONE,2,load_zone_22,0.0,6000.0,session_fuel_L=1.0231|session_co2_kg=2.741942,9,20260702_123207
67978.352,2026-07-02T12:52:55.644,ARRIVE_DUMP_ZONE,1,dump_zone_22,1000.0,unlimited,,9,20260702_123207
67981.435,2026-07-02T12:52:59.912,UNLOAD_COMPLETE,1,load_zone_22,0.0,6000.0,trip_id=2|trip_duration_s=120.25|trip_fuel_L=0.3852|trip_co2_kg=1.032378,9,20260702_123207
67982.435,2026-07-02T12:53:00.861,DEPART_DUMP_ZONE,1,load_zone_22,0.0,6000.0,session_fuel_L=1.1137|session_co2_kg=2.984784,9,20260702_123207
67994.935,2026-07-02T12:53:25.265,ARRIVE_LOAD_ZONE,2,load_zone_22,0.0,6000.0,,9,20260702_123207
67998.019,2026-07-02T12:53:31.695,LOAD_COMPLETE,2,dump_zone_22,1000.0,unlimited,trip_fuel_so_far_L=0.1505,9,20260702_123207
67998.435,2026-07-02T12:53:32.376,DEPART_LOAD_ZONE,2,dump_zone_22,1000.0,unlimited,session_fuel_L=1.166|session_co2_kg=3.124852,9,20260702_123207
68004.019,2026-07-02T12:53:46.249,ARRIVE_LOAD_ZONE,3,load_zone_26,0.0,9000.0,,9,20260702_123207
68007.102,2026-07-02T12:53:50.817,LOAD_COMPLETE,3,dump_zone_3,1000.0,unlimited,trip_fuel_so_far_L=0.3573,9,20260702_123207
68012.519,2026-07-02T12:53:58.987,DEPART_LOAD_ZONE,3,dump_zone_3,1000.0,unlimited,session_fuel_L=1.2217|session_co2_kg=3.273974,9,20260702_123207
68026.519,2026-07-02T12:54:36.249,ARRIVE_LOAD_ZONE,1,load_zone_22,0.0,5000.0,,9,20260702_123207
68029.602,2026-07-02T12:55:24.203,LOAD_COMPLETE,1,dump_zone_23,1000.0,unlimited,trip_fuel_so_far_L=0.1532,9,20260702_123207
68034.852,2026-07-02T12:55:38.197,DEPART_LOAD_ZONE,1,dump_zone_23,1000.0,unlimited,session_fuel_L=1.28|session_co2_kg=3.430453,9,20260702_123207
68063.519,2026-07-02T13:00:32.680,ARRIVE_DUMP_ZONE,2,dump_zone_22,1000.0,unlimited,,9,20260702_123207
68066.602,2026-07-02T13:00:37.885,UNLOAD_COMPLETE,2,load_zone_22,0.0,4000.0,trip_id=3|trip_duration_s=115.5|trip_fuel_L=0.3709|trip_co2_kg=0.993972,9,20260702_123207
68067.685,2026-07-02T13:00:39.566,DEPART_DUMP_ZONE,2,load_zone_22,0.0,4000.0,session_fuel_L=1.3884|session_co2_kg=3.720948,9,20260702_123207
68077.602,2026-07-02T13:01:03.032,ARRIVE_DUMP_ZONE,1,dump_zone_23,1000.0,unlimited,,9,20260702_123207
68080.685,2026-07-02T13:01:08.959,UNLOAD_COMPLETE,1,load_zone_22,0.0,4000.0,trip_id=3|trip_duration_s=99.25|trip_fuel_L=0.3205|trip_co2_kg=0.858887,9,20260702_123207
68085.185,2026-07-02T13:01:17.551,DEPART_DUMP_ZONE,1,load_zone_22,0.0,4000.0,session_fuel_L=1.4449|session_co2_kg=3.872277,9,20260702_123207
68112.269,2026-07-02T13:02:18.361,ARRIVE_LOAD_ZONE,2,load_zone_22,0.0,4000.0,,9,20260702_123207
68115.352,2026-07-02T13:02:27.205,LOAD_COMPLETE,2,dump_zone_22,1000.0,unlimited,trip_fuel_so_far_L=0.1549,9,20260702_123207
68119.602,2026-07-02T13:02:36.592,ARRIVE_LOAD_ZONE,1,load_zone_22,0.0,3000.0,,9,20260702_123207
68120.935,2026-07-02T13:02:39.832,DEPART_LOAD_ZONE,2,dump_zone_22,1000.0,unlimited,session_fuel_L=1.5573|session_co2_kg=4.173472,9,20260702_123207
68122.685,2026-07-02T13:02:45.585,LOAD_COMPLETE,1,dump_zone_23,1000.0,unlimited,trip_fuel_so_far_L=0.135,9,20260702_123207
68128.102,2026-07-02T13:02:56.299,DEPART_LOAD_ZONE,1,dump_zone_23,1000.0,unlimited,session_fuel_L=1.5829|session_co2_kg=4.242134,9,20260702_123207
68137.185,2026-07-02T13:03:19.434,ARRIVE_DUMP_ZONE,3,dump_zone_3,1000.0,unlimited,,9,20260702_123207
68140.269,2026-07-02T13:03:27.315,UNLOAD_COMPLETE,3,load_zone_26,0.0,8000.0,trip_id=2|trip_duration_s=244.33|trip_fuel_L=0.7965|trip_co2_kg=2.134457,9,20260702_123207
68145.102,2026-07-02T13:04:08.069,DEPART_DUMP_ZONE,3,load_zone_26,0.0,8000.0,session_fuel_L=1.6589|session_co2_kg=4.445701,9,20260702_123207
68180.019,2026-07-02T13:06:03.799,ARRIVE_DUMP_ZONE,1,dump_zone_23,1000.0,unlimited,,9,20260702_123207
68183.102,2026-07-02T13:06:08.063,UNLOAD_COMPLETE,1,load_zone_22,0.0,2000.0,trip_id=4|trip_duration_s=102.42|trip_fuel_L=0.3318|trip_co2_kg=0.889096,9,20260702_123207
68188.269,2026-07-02T13:06:13.972,DEPART_DUMP_ZONE,1,load_zone_22,0.0,2000.0,session_fuel_L=1.7787|session_co2_kg=4.766797,9,20260702_123207
68225.852,2026-07-02T13:07:45.812,ARRIVE_LOAD_ZONE,1,load_zone_22,0.0,2000.0,,9,20260702_123207
68228.935,2026-07-02T13:07:52.550,LOAD_COMPLETE,1,dump_zone_23,1000.0,unlimited,trip_fuel_so_far_L=0.1462,9,20260702_123207
68234.435,2026-07-02T13:07:59.741,DEPART_LOAD_ZONE,1,dump_zone_23,1000.0,unlimited,session_fuel_L=1.9261|session_co2_kg=5.16191,9,20260702_123207
68247.519,2026-07-02T13:08:43.177,ARRIVE_LOAD_ZONE,3,load_zone_26,0.0,8000.0,,9,20260702_123207
68250.602,2026-07-02T13:08:50.136,LOAD_COMPLETE,3,dump_zone_3,1000.0,unlimited,trip_fuel_so_far_L=0.355,9,20260702_123207
68256.019,2026-07-02T13:08:58.859,DEPART_LOAD_ZONE,3,dump_zone_3,1000.0,unlimited,session_fuel_L=2.0158|session_co2_kg=5.402275,9,20260702_123207
68277.602,2026-07-02T13:09:53.706,ARRIVE_DUMP_ZONE,1,dump_zone_23,1000.0,unlimited,,9,20260702_123207
68280.685,2026-07-02T13:10:01.485,UNLOAD_COMPLETE,1,load_zone_22,0.0,1000.0,trip_id=5|trip_duration_s=97.58|trip_fuel_L=0.3155|trip_co2_kg=0.845472,9,20260702_123207
68284.352,2026-07-02T13:10:07.537,DEPART_DUMP_ZONE,1,load_zone_22,0.0,1000.0,session_fuel_L=2.0896|session_co2_kg=5.600035,9,20260702_123207
68320.602,2026-07-02T13:11:44.542,ARRIVE_LOAD_ZONE,1,load_zone_22,0.0,1000.0,,9,20260702_123207
68323.685,2026-07-02T13:11:55.909,LOAD_COMPLETE,1,dump_zone_23,1000.0,unlimited,trip_fuel_so_far_L=0.1383,9,20260702_123207
68329.185,2026-07-02T13:22:23.689,DEPART_LOAD_ZONE,1,dump_zone_23,1000.0,unlimited,session_fuel_L=2.2337|session_co2_kg=5.98625,9,20260702_123207
68376.602,2026-07-02T14:52:05.485,ARRIVE_DUMP_ZONE,1,dump_zone_23,1000.0,unlimited,,9,20260702_123207
68376.602,2026-07-02T14:52:05.485,ARRIVE_DUMP_ZONE,2,dump_zone_22,1000.0,unlimited,,9,20260702_123207
68379.685,2026-07-02T14:52:11.408,UNLOAD_COMPLETE,1,load_zone_23,0.0,10000.0,trip_id=6|trip_duration_s=99.0|trip_fuel_L=0.3211|trip_co2_kg=0.860615,9,20260702_123207
68379.685,2026-07-02T14:52:11.408,UNLOAD_COMPLETE,2,load_zone_23,0.0,10000.0,trip_id=4|trip_duration_s=313.08|trip_fuel_L=0.9638|trip_co2_kg=2.583028,9,20260702_123207
68382.269,2026-07-02T14:52:12.599,ARRIVE_DUMP_ZONE,3,dump_zone_3,1000.0,unlimited,,9,20260702_123207
68384.685,2026-07-02T14:52:13.613,DEPART_DUMP_ZONE,2,load_zone_23,0.0,10000.0,session_fuel_L=2.3642|session_co2_kg=6.335967,9,20260702_123207
68385.019,2026-07-02T14:52:14.292,DEPART_DUMP_ZONE,1,load_zone_23,0.0,10000.0,session_fuel_L=2.4158|session_co2_kg=6.47425,9,20260702_123207
68385.352,2026-07-02T14:52:14.886,UNLOAD_COMPLETE,3,load_zone_26,0.0,7000.0,trip_id=3|trip_duration_s=245.08|trip_fuel_L=0.7994|trip_co2_kg=2.142281,9,20260702_123207
68390.019,2026-07-02T14:52:22.284,DEPART_DUMP_ZONE,3,load_zone_26,0.0,7000.0,session_fuel_L=2.4577|session_co2_kg=6.586626,9,20260702_123207
68436.352,2026-07-02T14:54:39.794,ARRIVE_LOAD_ZONE,1,load_zone_23,0.0,10000.0,,9,20260702_123207
68439.435,2026-07-02T14:54:59.785,LOAD_COMPLETE,1,dump_zone_22,1000.0,unlimited,trip_fuel_so_far_L=0.1907,9,20260702_123207
68441.685,2026-07-02T14:55:06.390,ARRIVE_LOAD_ZONE,2,load_zone_23,0.0,9000.0,,9,20260702_123207
68444.769,2026-07-02T14:55:19.859,LOAD_COMPLETE,2,dump_zone_23,1000.0,unlimited,trip_fuel_so_far_L=0.2085,9,20260702_123207
68445.519,2026-07-02T14:55:21.582,DEPART_LOAD_ZONE,1,dump_zone_22,1000.0,unlimited,session_fuel_L=2.609|session_co2_kg=6.991976,9,20260702_123207
68451.019,2026-07-02T14:55:38.133,DEPART_LOAD_ZONE,2,dump_zone_23,1000.0,unlimited,session_fuel_L=2.5768|session_co2_kg=6.905595,9,20260702_123207
68489.435,2026-07-02T14:58:28.926,ARRIVE_LOAD_ZONE,3,load_zone_26,0.0,7000.0,,9,20260702_123207
68491.519,2026-07-02T14:58:36.538,ARRIVE_DUMP_ZONE,2,dump_zone_23,1000.0,unlimited,,9,20260702_123207
68492.519,2026-07-02T14:58:39.434,LOAD_COMPLETE,3,dump_zone_3,1000.0,unlimited,trip_fuel_so_far_L=0.3452,9,20260702_123207
68494.602,2026-07-02T14:58:42.211,UNLOAD_COMPLETE,2,load_zone_23,0.0,8000.0,trip_id=5|trip_duration_s=114.92|trip_fuel_L=0.3726|trip_co2_kg=0.998659,9,20260702_123207
68497.852,2026-07-02T14:58:44.556,DEPART_LOAD_ZONE,3,dump_zone_3,1000.0,unlimited,session_fuel_L=2.8052|session_co2_kg=7.517719,9,20260702_123207
68499.519,2026-07-02T14:58:48.067,DEPART_DUMP_ZONE,2,load_zone_23,0.0,8000.0,session_fuel_L=2.7366|session_co2_kg=7.333948,9,20260702_123207
68506.519,2026-07-02T14:59:12.106,ARRIVE_DUMP_ZONE,1,dump_zone_22,1000.0,unlimited,,9,20260702_123207
68509.602,2026-07-02T14:59:22.410,UNLOAD_COMPLETE,1,load_zone_23,0.0,8000.0,trip_id=7|trip_duration_s=129.92|trip_fuel_L=0.4203|trip_co2_kg=1.126311,9,20260702_123207
68510.352,2026-07-02T14:59:25.466,DEPART_DUMP_ZONE,1,load_zone_23,0.0,8000.0,session_fuel_L=2.8221|session_co2_kg=7.563116,9,20260702_123207
68569.019,2026-07-02T15:03:11.952,ARRIVE_LOAD_ZONE,1,load_zone_23,0.0,8000.0,,9,20260702_123207
68571.852,2026-07-02T15:03:32.724,ARRIVE_LOAD_ZONE,2,load_zone_23,0.0,8000.0,,9,20260702_123207
68572.102,2026-07-02T15:03:34.054,LOAD_COMPLETE,1,dump_zone_22,1000.0,unlimited,trip_fuel_so_far_L=0.2007,9,20260702_123207
68572.602,2026-07-02T15:03:36.303,DEPART_LOAD_ZONE,1,dump_zone_22,1000.0,unlimited,session_fuel_L=3.0221|session_co2_kg=8.099033,9,20260702_123207
68574.935,2026-07-02T15:03:50.640,LOAD_COMPLETE,2,dump_zone_23,1000.0,unlimited,trip_fuel_so_far_L=0.2551,9,20260702_123207
68575.019,2026-07-02T15:03:51.786,DEPART_LOAD_ZONE,2,dump_zone_23,1000.0,unlimited,session_fuel_L=2.9769|session_co2_kg=7.978068,9,20260702_123207
68622.102,2026-07-02T15:08:23.812,ARRIVE_DUMP_ZONE,3,dump_zone_3,1000.0,unlimited,,9,20260702_123207
68625.185,2026-07-02T15:08:34.028,UNLOAD_COMPLETE,3,load_zone_26,0.0,6000.0,trip_id=4|trip_duration_s=239.83|trip_fuel_L=0.7826|trip_co2_kg=2.097444,9,20260702_123207
68630.935,2026-07-02T15:08:50.537,DEPART_DUMP_ZONE,3,load_zone_26,0.0,6000.0,session_fuel_L=3.2437|session_co2_kg=8.692919,9,20260702_123207
68631.769,2026-07-02T15:08:53.676,ARRIVE_DUMP_ZONE,2,dump_zone_23,1000.0,unlimited,,9,20260702_123207
68634.769,2026-07-02T15:09:04.977,ARRIVE_DUMP_ZONE,1,dump_zone_22,1000.0,unlimited,,9,20260702_123207
68634.852,2026-07-02T15:09:05.844,UNLOAD_COMPLETE,2,load_zone_23,0.0,6000.0,trip_id=6|trip_duration_s=140.25|trip_fuel_L=0.4511|trip_co2_kg=1.208866,9,20260702_123207
68637.435,2026-07-02T15:09:12.654,DEPART_DUMP_ZONE,2,load_zone_23,0.0,6000.0,session_fuel_L=3.1805|session_co2_kg=8.523735,9,20260702_123207
68637.852,2026-07-02T15:09:13.698,UNLOAD_COMPLETE,1,load_zone_23,0.0,6000.0,trip_id=8|trip_duration_s=128.25|trip_fuel_L=0.4127|trip_co2_kg=1.106168,9,20260702_123207
68643.019,2026-07-02T15:09:28.694,DEPART_DUMP_ZONE,1,load_zone_23,0.0,6000.0,session_fuel_L=3.2483|session_co2_kg=8.705363,9,20260702_123207
68691.769,2026-07-02T15:13:45.576,ARRIVE_LOAD_ZONE,1,load_zone_23,0.0,6000.0,,9,20260702_123207
68694.852,2026-07-02T15:14:04.668,LOAD_COMPLETE,1,dump_zone_22,1000.0,unlimited,trip_fuel_so_far_L=0.1831,9,20260702_123207
68698.352,2026-07-02T15:14:13.026,DEPART_LOAD_ZONE,1,dump_zone_22,1000.0,unlimited,session_fuel_L=3.4265|session_co2_kg=9.182822,9,20260702_123207
68698.435,2026-07-02T15:14:13.035,ARRIVE_LOAD_ZONE,2,load_zone_23,0.0,5000.0,,9,20260702_123207
68701.519,2026-07-02T15:14:26.027,LOAD_COMPLETE,2,dump_zone_23,1000.0,unlimited,trip_fuel_so_far_L=0.2125,9,20260702_123207
68707.602,2026-07-02T15:14:43.696,DEPART_LOAD_ZONE,2,dump_zone_23,1000.0,unlimited,session_fuel_L=3.4039|session_co2_kg=9.122334,9,20260702_123207
68730.769,2026-07-02T15:16:39.514,ARRIVE_LOAD_ZONE,3,load_zone_26,0.0,6000.0,,9,20260702_123207
68733.852,2026-07-02T15:16:50.769,LOAD_COMPLETE,3,dump_zone_3,1000.0,unlimited,trip_fuel_so_far_L=0.35,9,20260702_123207
68739.185,2026-07-02T15:17:06.959,DEPART_LOAD_ZONE,3,dump_zone_3,1000.0,unlimited,session_fuel_L=3.5926|session_co2_kg=9.628046,9,20260702_123207
68743.435,2026-07-02T15:17:22.216,ARRIVE_DUMP_ZONE,1,dump_zone_22,1000.0,unlimited,,9,20260702_123207
68746.519,2026-07-02T15:17:34.688,UNLOAD_COMPLETE,1,load_zone_23,0.0,4000.0,trip_id=9|trip_duration_s=108.67|trip_fuel_L=0.3541|trip_co2_kg=0.949085,9,20260702_123207
68747.519,2026-07-02T15:17:37.418,DEPART_DUMP_ZONE,1,load_zone_23,0.0,4000.0,session_fuel_L=3.5898|session_co2_kg=9.620418,9,20260702_123207
68748.102,2026-07-02T15:17:39.002,ARRIVE_DUMP_ZONE,2,dump_zone_23,1000.0,unlimited,,9,20260702_123207
68751.185,2026-07-02T15:17:50.281,UNLOAD_COMPLETE,2,load_zone_23,0.0,4000.0,trip_id=7|trip_duration_s=116.33|trip_fuel_L=0.376|trip_co2_kg=1.00778,9,20260702_123207
68755.185,2026-07-02T15:18:02.282,DEPART_DUMP_ZONE,2,load_zone_23,0.0,4000.0,session_fuel_L=3.5609|session_co2_kg=9.543126,9,20260702_123207
68791.352,2026-07-02T15:20:42.116,ARRIVE_LOAD_ZONE,1,load_zone_23,0.0,4000.0,,9,20260702_123207
68794.435,2026-07-02T15:21:01.473,LOAD_COMPLETE,1,dump_zone_22,1000.0,unlimited,trip_fuel_so_far_L=0.1547,9,20260702_123207
68799.185,2026-07-02T15:21:17.540,DEPART_LOAD_ZONE,1,dump_zone_22,1000.0,unlimited,session_fuel_L=3.7561|session_co2_kg=10.06598,9,20260702_123207
68805.435,2026-07-02T15:21:58.384,ARRIVE_LOAD_ZONE,2,load_zone_23,0.0,3000.0,,9,20260702_123207
68808.519,2026-07-02T15:22:15.755,LOAD_COMPLETE,2,dump_zone_23,1000.0,unlimited,trip_fuel_so_far_L=0.1828,9,20260702_123207
68814.769,2026-07-02T15:22:41.448,DEPART_LOAD_ZONE,2,dump_zone_23,1000.0,unlimited,session_fuel_L=3.7508|session_co2_kg=10.051951,9,20260702_123207
68855.602,2026-07-02T15:26:11.738,ARRIVE_DUMP_ZONE,2,dump_zone_23,1000.0,unlimited,,9,20260702_123207
68858.685,2026-07-02T15:26:24.959,UNLOAD_COMPLETE,2,load_zone_23,0.0,2000.0,trip_id=8|trip_duration_s=107.5|trip_fuel_L=0.3478|trip_co2_kg=0.932073,9,20260702_123207
68862.602,2026-07-02T15:26:36.313,DEPART_DUMP_ZONE,2,load_zone_23,0.0,2000.0,session_fuel_L=3.9085|session_co2_kg=10.474516,9,20260702_123207
68863.102,2026-07-02T15:26:37.945,ARRIVE_DUMP_ZONE,1,dump_zone_22,1000.0,unlimited,,9,20260702_123207
68866.185,2026-07-02T15:26:49.623,UNLOAD_COMPLETE,1,load_zone_23,0.0,2000.0,trip_id=10|trip_duration_s=119.67|trip_fuel_L=0.3884|trip_co2_kg=1.040837,9,20260702_123207
68866.519,2026-07-02T15:26:50.548,ARRIVE_DUMP_ZONE,3,dump_zone_3,1000.0,unlimited,,9,20260702_123207
68866.852,2026-07-02T15:26:51.286,DEPART_DUMP_ZONE,1,load_zone_23,0.0,2000.0,session_fuel_L=3.9772|session_co2_kg=10.658523,9,20260702_123207
68869.602,2026-07-02T15:26:58.558,UNLOAD_COMPLETE,3,load_zone_26,0.0,5000.0,trip_id=5|trip_duration_s=244.42|trip_fuel_L=0.7962|trip_co2_kg=2.133736,9,20260702_123207
68875.352,2026-07-02T15:27:15.865,DEPART_DUMP_ZONE,3,load_zone_26,0.0,5000.0,session_fuel_L=4.0399|session_co2_kg=10.826655,9,20260702_123207
68902.519,2026-07-02T15:29:32.173,ARRIVE_LOAD_ZONE,2,load_zone_23,0.0,2000.0,,9,20260702_123207
68905.602,2026-07-02T15:29:51.343,LOAD_COMPLETE,2,dump_zone_22,1000.0,unlimited,trip_fuel_so_far_L=0.1502,9,20260702_123207
68909.769,2026-07-02T15:30:12.945,ARRIVE_LOAD_ZONE,1,load_zone_23,0.0,1000.0,,9,20260702_123207
68911.685,2026-07-02T15:30:23.889,DEPART_LOAD_ZONE,2,dump_zone_22,1000.0,unlimited,session_fuel_L=4.0655|session_co2_kg=10.895217,9,20260702_123207
68912.852,2026-07-02T15:30:33.680,LOAD_COMPLETE,1,dump_zone_23,1000.0,unlimited,trip_fuel_so_far_L=0.1506,9,20260702_123207
68918.102,2026-07-02T15:30:55.228,DEPART_LOAD_ZONE,1,dump_zone_23,1000.0,unlimited,session_fuel_L=4.1419|session_co2_kg=11.100023,9,20260702_123207
68958.269,2026-07-02T15:34:26.711,ARRIVE_DUMP_ZONE,1,dump_zone_23,1000.0,unlimited,,9,20260702_123207
68961.352,2026-07-02T15:34:38.124,UNLOAD_COMPLETE,1,load_zone_1,0.0,10000.0,trip_id=11|trip_duration_s=95.17|trip_fuel_L=0.3101|trip_co2_kg=0.831088,9,20260702_123207
68964.852,2026-07-02T15:34:42.908,ARRIVE_DUMP_ZONE,2,dump_zone_22,1000.0,unlimited,,9,20260702_123207
68965.769,2026-07-02T15:34:44.702,DEPART_DUMP_ZONE,1,load_zone_1,0.0,10000.0,session_fuel_L=4.2987|session_co2_kg=11.520271,9,20260702_123207
68967.935,2026-07-02T15:34:53.083,UNLOAD_COMPLETE,2,load_zone_1,0.0,10000.0,trip_id=9|trip_duration_s=109.25|trip_fuel_L=0.3538|trip_co2_kg=0.948232,9,20260702_123207
68969.102,2026-07-02T15:34:56.545,DEPART_DUMP_ZONE,2,load_zone_1,0.0,10000.0,session_fuel_L=4.2539|session_co2_kg=11.400269,9,20260702_123207
68977.102,2026-07-02T15:35:28.136,ARRIVE_LOAD_ZONE,3,load_zone_26,0.0,5000.0,,9,20260702_123207
68980.185,2026-07-02T15:35:38.697,LOAD_COMPLETE,3,dump_zone_3,1000.0,unlimited,trip_fuel_so_far_L=0.356,9,20260702_123207
68985.519,2026-07-02T15:35:50.816,DEPART_LOAD_ZONE,3,dump_zone_3,1000.0,unlimited,session_fuel_L=4.3948|session_co2_kg=11.777876,9,20260702_123207
69068.935,2026-07-02T15:43:03.424,ARRIVE_LOAD_ZONE,1,load_zone_1,0.0,10000.0,,9,20260702_123207
69070.852,2026-07-02T15:43:18.635,ARRIVE_LOAD_ZONE,2,load_zone_1,0.0,10000.0,,9,20260702_123207
69072.019,2026-07-02T15:43:27.430,LOAD_COMPLETE,1,dump_zone_1,1000.0,unlimited,trip_fuel_so_far_L=0.3573,9,20260702_123207
69073.935,2026-07-02T15:43:35.212,LOAD_COMPLETE,2,dump_zone_2,1000.0,unlimited,trip_fuel_so_far_L=0.3427,9,20260702_123207
69076.769,2026-07-02T15:43:40.311,DEPART_LOAD_ZONE,1,dump_zone_1,1000.0,unlimited,session_fuel_L=4.6572|session_co2_kg=12.48097,9,20260702_123207
69079.685,2026-07-02T15:43:53.604,DEPART_LOAD_ZONE,2,dump_zone_2,1000.0,unlimited,session_fuel_L=4.6108|session_co2_kg=12.356589,9,20260702_123207
69112.269,2026-07-02T15:47:01.765,ARRIVE_DUMP_ZONE,3,dump_zone_3,1000.0,unlimited,,9,20260702_123207
69115.352,2026-07-02T15:47:14.989,UNLOAD_COMPLETE,3,load_zone_26,0.0,4000.0,trip_id=6|trip_duration_s=245.75|trip_fuel_L=0.8006|trip_co2_kg=2.145439,9,20260702_123207
69120.435,2026-07-02T15:47:24.529,DEPART_DUMP_ZONE,3,load_zone_26,0.0,4000.0,session_fuel_L=4.8384|session_co2_kg=12.966635,9,20260702_123207
69224.519,2026-07-02T16:31:38.162,ARRIVE_LOAD_ZONE,3,load_zone_26,0.0,4000.0,,9,20260702_123207
69227.602,2026-07-02T16:31:47.241,LOAD_COMPLETE,3,dump_zone_3,1000.0,unlimited,trip_fuel_so_far_L=0.3609,9,20260702_123207
69232.102,2026-07-02T16:31:57.244,DEPART_LOAD_ZONE,3,dump_zone_3,1000.0,unlimited,session_fuel_L=5.1977|session_co2_kg=13.929605,9,20260702_123207
69357.019,2026-07-02T16:40:47.201,ARRIVE_DUMP_ZONE,3,dump_zone_3,1000.0,unlimited,,9,20260702_123207
69360.102,2026-07-02T16:40:57.232,UNLOAD_COMPLETE,3,load_zone_26,0.0,3000.0,trip_id=7|trip_duration_s=244.75|trip_fuel_L=0.7982|trip_co2_kg=2.139154,9,20260702_123207
69364.769,2026-07-02T16:41:07.716,DEPART_DUMP_ZONE,3,load_zone_26,0.0,3000.0,session_fuel_L=5.6353|session_co2_kg=15.102399,9,20260702_123207
69467.602,2026-07-02T16:46:09.238,ARRIVE_LOAD_ZONE,3,load_zone_26,0.0,3000.0,,9,20260702_123207
69470.685,2026-07-02T16:46:16.941,LOAD_COMPLETE,3,dump_zone_3,1000.0,unlimited,trip_fuel_so_far_L=0.3563,9,20260702_123207
69476.019,2026-07-02T16:46:31.319,DEPART_LOAD_ZONE,3,dump_zone_3,1000.0,unlimited,session_fuel_L=5.9938|session_co2_kg=16.063162,9,20260702_123207
69615.185,2026-07-02T12:39:30.388,ARRIVE_LOAD_ZONE,3,load_zone_22,0.0,10000.0,,10,20260702_123755
69618.269,2026-07-02T12:39:37.985,LOAD_COMPLETE,3,dump_zone_22,1000.0,unlimited,trip_fuel_so_far_L=0.1362,10,20260702_123755
69623.769,2026-07-02T12:39:46.676,DEPART_LOAD_ZONE,3,dump_zone_22,1000.0,unlimited,session_fuel_L=0.1532|session_co2_kg=0.410607,10,20260702_123755
69672.269,2026-07-02T12:41:42.144,ARRIVE_DUMP_ZONE,3,dump_zone_22,1000.0,unlimited,,10,20260702_123755
69675.352,2026-07-02T12:41:48.217,UNLOAD_COMPLETE,3,load_zone_22,0.0,9000.0,trip_id=1|trip_duration_s=99.42|trip_fuel_L=0.3219|trip_co2_kg=0.862723,10,20260702_123755
69680.352,2026-07-02T12:41:55.702,DEPART_DUMP_ZONE,3,load_zone_22,0.0,9000.0,session_fuel_L=0.3372|session_co2_kg=0.90358,10,20260702_123755
69680.685,2026-07-02T12:41:56.243,ARRIVE_LOAD_ZONE,1,load_zone_26,0.0,10000.0,,10,20260702_123755
69683.769,2026-07-02T12:42:03.331,LOAD_COMPLETE,1,dump_zone_3,1000.0,unlimited,trip_fuel_so_far_L=0.35,10,20260702_123755
69688.269,2026-07-02T12:42:08.398,DEPART_LOAD_ZONE,1,dump_zone_3,1000.0,unlimited,session_fuel_L=0.3639|session_co2_kg=0.975218,10,20260702_123755
69707.102,2026-07-02T12:42:48.513,ARRIVE_LOAD_ZONE,2,load_zone_26,0.0,9000.0,,10,20260702_123755
69710.185,2026-07-02T12:42:54.677,LOAD_COMPLETE,2,dump_zone_3,1000.0,unlimited,trip_fuel_so_far_L=0.4341,10,20260702_123755
69715.602,2026-07-02T12:50:50.059,DEPART_LOAD_ZONE,2,dump_zone_3,1000.0,unlimited,session_fuel_L=0.4508|session_co2_kg=1.208047,10,20260702_123755
69719.769,2026-07-02T12:51:05.061,ARRIVE_LOAD_ZONE,3,load_zone_22,0.0,9000.0,,10,20260702_123755
69722.852,2026-07-02T12:51:15.792,LOAD_COMPLETE,3,dump_zone_22,1000.0,unlimited,trip_fuel_so_far_L=0.1518,10,20260702_123755
69728.269,2026-07-02T12:51:25.273,DEPART_LOAD_ZONE,3,dump_zone_22,1000.0,unlimited,session_fuel_L=0.4904|session_co2_kg=1.314333,10,20260702_123755
69813.935,2026-07-02T12:55:37.059,ARRIVE_DUMP_ZONE,1,dump_zone_3,1000.0,unlimited,,10,20260702_123755
69817.019,2026-07-02T12:55:42.619,UNLOAD_COMPLETE,1,load_zone_26,0.0,8000.0,trip_id=1|trip_duration_s=241.08|trip_fuel_L=0.7893|trip_co2_kg=2.11543,10,20260702_123755
69821.852,2026-07-02T12:55:50.701,DEPART_DUMP_ZONE,1,load_zone_26,0.0,8000.0,session_fuel_L=0.8041|session_co2_kg=2.154931,10,20260702_123755
69843.269,2026-07-02T13:00:26.795,ARRIVE_DUMP_ZONE,2,dump_zone_3,1000.0,unlimited,,10,20260702_123755
69846.352,2026-07-02T13:00:34.290,UNLOAD_COMPLETE,2,load_zone_26,0.0,8000.0,trip_id=1|trip_duration_s=270.42|trip_fuel_L=0.8826|trip_co2_kg=2.365477,10,20260702_123755
69851.019,2026-07-02T13:00:39.797,DEPART_DUMP_ZONE,2,load_zone_26,0.0,8000.0,session_fuel_L=0.8969|session_co2_kg=2.403622,10,20260702_123755
69926.019,2026-07-02T13:03:14.572,ARRIVE_LOAD_ZONE,1,load_zone_26,0.0,8000.0,,10,20260702_123755
69929.102,2026-07-02T13:03:19.015,LOAD_COMPLETE,1,dump_zone_3,1000.0,unlimited,trip_fuel_so_far_L=0.3593,10,20260702_123755
69934.102,2026-07-02T13:03:24.488,DEPART_LOAD_ZONE,1,dump_zone_3,1000.0,unlimited,session_fuel_L=1.1641|session_co2_kg=3.119651,10,20260702_123755
69951.769,2026-07-02T13:04:37.901,ARRIVE_LOAD_ZONE,2,load_zone_26,0.0,7000.0,,10,20260702_123755
69954.852,2026-07-02T13:04:45.492,LOAD_COMPLETE,2,dump_zone_3,1000.0,unlimited,trip_fuel_so_far_L=0.3494,10,20260702_123755
69960.269,2026-07-02T13:04:54.445,DEPART_LOAD_ZONE,2,dump_zone_3,1000.0,unlimited,session_fuel_L=1.2487|session_co2_kg=3.346517,10,20260702_123755
70060.185,2026-07-02T13:10:04.718,ARRIVE_DUMP_ZONE,1,dump_zone_3,1000.0,unlimited,,10,20260702_123755
70063.269,2026-07-02T13:10:12.836,UNLOAD_COMPLETE,1,load_zone_26,0.0,6000.0,trip_id=2|trip_duration_s=246.25|trip_fuel_L=0.8013|trip_co2_kg=2.147497,10,20260702_123755
70068.935,2026-07-02T13:10:24.201,DEPART_DUMP_ZONE,1,load_zone_26,0.0,6000.0,session_fuel_L=1.608|session_co2_kg=4.309238,10,20260702_123755
70087.519,2026-07-02T13:11:17.768,ARRIVE_DUMP_ZONE,2,dump_zone_3,1000.0,unlimited,,10,20260702_123755
70090.602,2026-07-02T13:11:23.742,UNLOAD_COMPLETE,2,load_zone_26,0.0,6000.0,trip_id=2|trip_duration_s=244.25|trip_fuel_L=0.796|trip_co2_kg=2.133361,10,20260702_123755
70095.935,2026-07-02T13:11:31.574,DEPART_DUMP_ZONE,2,load_zone_26,0.0,6000.0,session_fuel_L=1.695|session_co2_kg=4.542417,10,20260702_123755
70169.852,2026-07-02T14:52:27.898,ARRIVE_LOAD_ZONE,1,load_zone_26,0.0,6000.0,,10,20260702_123755
70172.935,2026-07-02T14:52:33.711,LOAD_COMPLETE,1,dump_zone_3,1000.0,unlimited,trip_fuel_so_far_L=0.353,10,20260702_123755
70178.435,2026-07-02T14:52:41.004,DEPART_LOAD_ZONE,1,dump_zone_3,1000.0,unlimited,session_fuel_L=1.9606|session_co2_kg=5.254408,10,20260702_123755
70305.269,2026-07-02T15:00:27.789,ARRIVE_DUMP_ZONE,1,dump_zone_3,1000.0,unlimited,,10,20260702_123755
70308.352,2026-07-02T15:00:33.347,UNLOAD_COMPLETE,1,load_zone_26,0.0,5000.0,trip_id=3|trip_duration_s=245.08|trip_fuel_L=0.798|trip_co2_kg=2.138686,10,20260702_123755
70313.019,2026-07-02T15:00:40.775,DEPART_DUMP_ZONE,1,load_zone_26,0.0,5000.0,session_fuel_L=2.4029|session_co2_kg=6.439758,10,20260702_123755
70333.102,2026-07-02T15:01:33.282,ARRIVE_LOAD_ZONE,2,load_zone_26,0.0,5000.0,,10,20260702_123755
70336.185,2026-07-02T15:01:44.844,LOAD_COMPLETE,2,dump_zone_3,1000.0,unlimited,trip_fuel_so_far_L=0.7806,10,20260702_123755
70340.602,2026-07-02T15:01:56.262,DEPART_LOAD_ZONE,2,dump_zone_3,1000.0,unlimited,session_fuel_L=2.4729|session_co2_kg=6.627293,10,20260702_123755
70417.519,2026-07-02T15:07:28.785,ARRIVE_LOAD_ZONE,1,load_zone_26,0.0,4000.0,,10,20260702_123755
70420.602,2026-07-02T15:07:39.771,LOAD_COMPLETE,1,dump_zone_3,1000.0,unlimited,trip_fuel_so_far_L=0.3611,10,20260702_123755
70425.935,2026-07-02T15:07:56.724,DEPART_LOAD_ZONE,1,dump_zone_3,1000.0,unlimited,session_fuel_L=2.7663|session_co2_kg=7.413481,10,20260702_123755
70464.685,2026-07-02T15:10:50.676,ARRIVE_DUMP_ZONE,2,dump_zone_3,1000.0,unlimited,,10,20260702_123755
70467.769,2026-07-02T15:11:02.323,UNLOAD_COMPLETE,2,load_zone_26,0.0,3000.0,trip_id=3|trip_duration_s=377.17|trip_fuel_L=1.216|trip_co2_kg=3.258968,10,20260702_123755
70472.519,2026-07-02T15:11:15.961,DEPART_DUMP_ZONE,2,load_zone_26,0.0,3000.0,session_fuel_L=2.9092|session_co2_kg=7.796629,10,20260702_123755
70552.435,2026-07-02T15:17:19.910,ARRIVE_DUMP_ZONE,1,dump_zone_3,1000.0,unlimited,,10,20260702_123755
70555.519,2026-07-02T15:17:34.031,UNLOAD_COMPLETE,1,load_zone_26,0.0,3000.0,trip_id=4|trip_duration_s=247.17|trip_fuel_L=0.8054|trip_co2_kg=2.158396,10,20260702_123755
70560.352,2026-07-02T15:17:45.072,DEPART_DUMP_ZONE,1,load_zone_26,0.0,3000.0,session_fuel_L=3.2088|session_co2_kg=8.59951,10,20260702_123755
70571.519,2026-07-02T15:18:31.216,ARRIVE_LOAD_ZONE,2,load_zone_26,0.0,3000.0,,10,20260702_123755
70574.602,2026-07-02T15:18:43.201,LOAD_COMPLETE,2,dump_zone_3,1000.0,unlimited,trip_fuel_so_far_L=0.3445,10,20260702_123755
70580.519,2026-07-02T15:18:59.862,DEPART_LOAD_ZONE,2,dump_zone_3,1000.0,unlimited,session_fuel_L=3.2575|session_co2_kg=8.72989,10,20260702_123755
70664.685,2026-07-02T15:25:30.146,ARRIVE_LOAD_ZONE,1,load_zone_26,0.0,2000.0,,10,20260702_123755
70667.769,2026-07-02T15:25:44.648,LOAD_COMPLETE,1,dump_zone_3,1000.0,unlimited,trip_fuel_so_far_L=0.361,10,20260702_123755
70672.519,2026-07-02T15:25:55.598,DEPART_LOAD_ZONE,1,dump_zone_3,1000.0,unlimited,session_fuel_L=3.5698|session_co2_kg=9.566865,10,20260702_123755
70707.519,2026-07-02T15:28:32.510,ARRIVE_DUMP_ZONE,2,dump_zone_3,1000.0,unlimited,,10,20260702_123755
70710.602,2026-07-02T15:28:51.266,UNLOAD_COMPLETE,2,load_zone_26,0.0,1000.0,trip_id=4|trip_duration_s=242.83|trip_fuel_L=0.7925|trip_co2_kg=2.123796,10,20260702_123755
70715.269,2026-07-02T15:29:07.730,DEPART_DUMP_ZONE,2,load_zone_26,0.0,1000.0,session_fuel_L=3.7015|session_co2_kg=9.919747,10,20260702_123755
70797.935,2026-07-02T15:35:49.162,ARRIVE_DUMP_ZONE,1,dump_zone_3,1000.0,unlimited,,10,20260702_123755
70801.019,2026-07-02T15:35:58.913,UNLOAD_COMPLETE,1,load_zone_26,0.0,1000.0,trip_id=5|trip_duration_s=245.5|trip_fuel_L=0.8007|trip_co2_kg=2.1458,10,20260702_123755
70806.269,2026-07-02T15:36:15.008,DEPART_DUMP_ZONE,1,load_zone_26,0.0,1000.0,session_fuel_L=4.0108|session_co2_kg=10.748705,10,20260702_123755
70814.435,2026-07-02T15:36:46.137,ARRIVE_LOAD_ZONE,2,load_zone_26,0.0,1000.0,,10,20260702_123755
70817.519,2026-07-02T15:37:01.185,LOAD_COMPLETE,2,dump_zone_3,1000.0,unlimited,trip_fuel_so_far_L=0.3453,10,20260702_123755
70822.102,2026-07-02T15:37:12.717,DEPART_LOAD_ZONE,2,dump_zone_3,1000.0,unlimited,session_fuel_L=4.0467|session_co2_kg=10.844946,10,20260702_123755
70908.852,2026-07-02T15:43:39.285,ARRIVE_LOAD_ZONE,1,load_zone_26,0.0,0.0,,10,20260702_123755
70911.935,2026-07-02T15:43:49.966,LOAD_COMPLETE,1,load_zone_29,0.0,10000.0,trip_fuel_so_far_L=0.3567,10,20260702_123755
70917.685,2026-07-02T15:44:07.915,DEPART_LOAD_ZONE,1,load_zone_29,0.0,10000.0,session_fuel_L=4.369|session_co2_kg=11.70882,10,20260702_123755
70945.935,2026-07-02T15:46:16.763,ARRIVE_DUMP_ZONE,2,dump_zone_3,1000.0,unlimited,,10,20260702_123755
70949.019,2026-07-02T15:46:28.645,UNLOAD_COMPLETE,2,load_zone_25,0.0,10000.0,trip_id=5|trip_duration_s=238.42|trip_fuel_L=0.7793|trip_co2_kg=2.088398,10,20260702_123755
70954.769,2026-07-02T15:46:42.812,DEPART_DUMP_ZONE,2,load_zone_25,0.0,10000.0,session_fuel_L=4.484|session_co2_kg=12.016994,10,20260702_123755
70995.352,2026-07-02T15:48:17.457,ARRIVE_DUMP_ZONE,1,load_zone_29,0.0,10000.0,,10,20260702_123755
70998.435,2026-07-02T15:48:25.059,UNLOAD_COMPLETE,1,load_zone_29,0.0,10000.0,trip_id=6|trip_duration_s=197.42|trip_fuel_L=0.6311|trip_co2_kg=1.691415,10,20260702_123755
71003.102,2026-07-02T15:48:32.990,DEPART_DUMP_ZONE,1,load_zone_29,0.0,10000.0,session_fuel_L=4.6401|session_co2_kg=12.435369,10,20260702_123755
71070.769,2026-07-02T15:50:32.066,ARRIVE_LOAD_ZONE,1,load_zone_29,0.0,10000.0,,10,20260702_123755
71073.852,2026-07-02T15:50:37.348,LOAD_COMPLETE,1,dump_zone_3,1000.0,unlimited,trip_fuel_so_far_L=0.2468,10,20260702_123755
71078.435,2026-07-02T15:50:43.720,DEPART_LOAD_ZONE,1,dump_zone_3,1000.0,unlimited,session_fuel_L=4.8868|session_co2_kg=13.096423,10,20260702_123755
71080.602,2026-07-02T15:50:46.624,ARRIVE_LOAD_ZONE,2,load_zone_25,0.0,10000.0,,10,20260702_123755
71083.685,2026-07-02T15:50:51.578,LOAD_COMPLETE,2,dump_zone_3,1000.0,unlimited,trip_fuel_so_far_L=0.4338,10,20260702_123755
71089.019,2026-07-02T15:50:58.050,DEPART_LOAD_ZONE,2,dump_zone_3,1000.0,unlimited,session_fuel_L=4.9168|session_co2_kg=13.176707,10,20260702_123755
71212.852,2026-07-02T16:34:42.128,ARRIVE_DUMP_ZONE,1,dump_zone_3,1000.0,unlimited,,10,20260702_123755
71215.935,2026-07-02T16:34:48.062,UNLOAD_COMPLETE,1,load_zone_29,0.0,9000.0,trip_id=7|trip_duration_s=217.5|trip_fuel_L=0.7161|trip_co2_kg=1.919004,10,20260702_123755
71221.435,2026-07-02T16:35:06.284,DEPART_DUMP_ZONE,1,load_zone_29,0.0,9000.0,session_fuel_L=5.3587|session_co2_kg=14.361173,10,20260702_123755
71242.352,2026-07-02T16:36:21.992,ARRIVE_DUMP_ZONE,2,dump_zone_3,1000.0,unlimited,,10,20260702_123755
71245.435,2026-07-02T16:36:30.678,UNLOAD_COMPLETE,2,load_zone_25,0.0,9000.0,trip_id=6|trip_duration_s=296.42|trip_fuel_L=0.9666|trip_co2_kg=2.590385,10,20260702_123755
71250.435,2026-07-02T16:36:37.290,DEPART_DUMP_ZONE,2,load_zone_25,0.0,9000.0,session_fuel_L=5.4483|session_co2_kg=14.601242,10,20260702_123755
71327.435,2026-07-02T16:40:03.074,ARRIVE_LOAD_ZONE,1,load_zone_29,0.0,9000.0,,10,20260702_123755
71330.519,2026-07-02T16:40:08.901,LOAD_COMPLETE,1,dump_zone_3,1000.0,unlimited,trip_fuel_so_far_L=0.3693,10,20260702_123755
71335.935,2026-07-02T16:40:15.401,DEPART_LOAD_ZONE,1,dump_zone_3,1000.0,unlimited,session_fuel_L=5.728|session_co2_kg=15.350731,10,20260702_123755
71372.852,2026-07-02T16:41:28.492,ARRIVE_LOAD_ZONE,2,load_zone_25,0.0,9000.0,,10,20260702_123755
71375.935,2026-07-02T16:41:34.333,LOAD_COMPLETE,2,dump_zone_3,1000.0,unlimited,trip_fuel_so_far_L=0.4203,10,20260702_123755
