sim_time_s,wall_time,truck_id,x_m,y_m,speed_kmh,accel_ms2,cargo_kg,op_state,current_node,target_node,fuel_L_step,co2_kg_step
1.0,2026-07-02T12:16:31.797,1,-169.789,450.002,1.95,1.0,0.0,GOING_TO_ENDPOINT,dump_zone_22,load_zone_22,0.000258,0.000691
1.0,2026-07-02T12:16:31.797,2,750.002,319.789,1.95,1.0,0.0,GOING_TO_ENDPOINT,dump_zone_11,load_zone_26,0.000258,0.000691
1.0,2026-07-02T12:16:31.797,3,-30.211,449.998,1.95,1.0,0.0,GOING_TO_ENDPOINT,dump_zone_24,load_zone_22,0.000258,0.000691
2.0,2026-07-02T12:16:33.702,1,-168.712,450.106,5.55,1.0,0.0,GOING_TO_ENDPOINT,dump_zone_22,load_zone_22,0.000271,0.000726
2.0,2026-07-02T12:16:33.702,2,750.103,318.712,5.55,1.0,0.0,GOING_TO_ENDPOINT,dump_zone_11,load_zone_26,0.000271,0.000726
2.0,2026-07-02T12:16:33.702,3,-31.288,449.894,5.55,1.0,0.0,GOING_TO_ENDPOINT,dump_zone_24,load_zone_22,0.000271,0.000726
3.0,2026-07-02T12:16:35.226,1,-166.685,450.582,9.15,1.0,0.0,GOING_TO_ENDPOINT,dump_zone_22,load_zone_22,0.000285,0.000764
3.0,2026-07-02T12:16:35.226,2,750.563,316.681,9.15,1.0,0.0,GOING_TO_ENDPOINT,dump_zone_11,load_zone_26,0.000285,0.000764
3.0,2026-07-02T12:16:35.226,3,-33.309,449.393,9.15,1.0,0.0,GOING_TO_ENDPOINT,dump_zone_24,load_zone_22,0.000285,0.000764
4.0,2026-07-02T12:16:36.929,1,-163.68,451.271,12.75,1.0,0.0,GOING_TO_ENDPOINT,dump_zone_22,load_zone_22,0.000299,0.000801
4.0,2026-07-02T12:16:36.929,2,751.229,313.67,12.75,1.0,0.0,GOING_TO_ENDPOINT,dump_zone_11,load_zone_26,0.000299,0.000801
4.0,2026-07-02T12:16:36.929,3,-36.314,448.707,12.75,1.0,0.0,GOING_TO_ENDPOINT,dump_zone_24,load_zone_22,0.000299,0.000801
5.0,2026-07-02T12:16:38.208,1,-159.649,451.919,16.35,1.0,0.0,GOING_TO_ENDPOINT,dump_zone_22,load_zone_22,0.000313,0.000839
5.0,2026-07-02T12:16:38.208,2,751.881,309.64,16.35,1.0,0.0,GOING_TO_ENDPOINT,dump_zone_11,load_zone_26,0.000313,0.000839
5.0,2026-07-02T12:16:38.208,3,-40.34,448.028,16.35,1.0,0.0,GOING_TO_ENDPOINT,dump_zone_24,load_zone_22,0.000313,0.000839
6.0,2026-07-02T12:16:39.298,1,-154.591,452.413,19.95,1.0,0.0,GOING_TO_ENDPOINT,dump_zone_22,load_zone_22,0.000327,0.000876
6.0,2026-07-02T12:16:39.298,2,752.391,304.584,19.95,1.0,0.0,GOING_TO_ENDPOINT,dump_zone_11,load_zone_26,0.000327,0.000876
6.0,2026-07-02T12:16:39.298,3,-45.401,447.569,19.95,1.0,0.0,GOING_TO_ENDPOINT,dump_zone_24,load_zone_22,0.000327,0.000876
7.0,2026-07-02T12:16:40.999,1,-148.51,452.517,23.525,0.9167,0.0,GOING_TO_ENDPOINT,dump_zone_22,load_zone_22,0.000335,0.000898
7.0,2026-07-02T12:16:40.999,2,752.51,298.503,23.55,1.0,0.0,GOING_TO_ENDPOINT,dump_zone_11,load_zone_26,0.000341,0.000914
7.0,2026-07-02T12:16:40.999,3,-51.483,447.49,23.55,1.0,0.0,GOING_TO_ENDPOINT,dump_zone_24,load_zone_22,0.000341,0.000914
8.0,2026-07-02T12:16:43.314,1,-141.69,452.499,24.875,-0.0833,0.0,GOING_TO_ENDPOINT,dump_zone_22,load_zone_22,0.000259,0.000694
8.0,2026-07-02T12:16:43.314,2,752.5,291.44,26.775,0.5833,0.0,GOING_TO_ENDPOINT,dump_zone_11,load_zone_26,0.000317,0.00085
8.0,2026-07-02T12:16:43.314,3,-58.56,447.5,27.0,0.75,0.0,GOING_TO_ENDPOINT,dump_zone_24,load_zone_22,0.000333,0.000892
9.0,2026-07-02T12:16:44.957,1,-134.987,452.5,23.325,-0.5,0.0,GOING_TO_ENDPOINT,dump_zone_22,load_zone_22,0.00025,0.00067
9.0,2026-07-02T12:16:44.957,2,752.5,283.836,27.472,-0.2047,0.0,GOING_TO_ENDPOINT,dump_zone_11,load_zone_26,0.00025,0.00067
9.0,2026-07-02T12:16:44.957,3,-66.256,447.5,27.75,-0.25,0.0,GOING_TO_ENDPOINT,dump_zone_24,load_zone_22,0.00025,0.00067
10.0,2026-07-02T12:16:46.746,1,-128.779,452.5,21.525,-0.5,0.0,GOING_TO_ENDPOINT,dump_zone_22,load_zone_22,0.00025,0.00067
10.0,2026-07-02T12:16:46.746,2,752.5,276.267,27.34,0.1716,0.0,GOING_TO_ENDPOINT,dump_zone_11,load_zone_26,0.000283,0.000758
10.0,2026-07-02T12:16:46.746,3,-73.714,447.5,26.025,-0.5,0.0,GOING_TO_ENDPOINT,dump_zone_24,load_zone_22,0.00025,0.00067
11.0,2026-07-02T12:16:48.165,1,-123.071,452.5,19.725,-0.5,0.0,GOING_TO_ENDPOINT,dump_zone_22,load_zone_22,0.00025,0.00067
11.0,2026-07-02T12:16:48.165,2,752.5,268.621,27.499,-0.1693,0.0,GOING_TO_ENDPOINT,dump_zone_11,load_zone_26,0.000252,0.000675
11.0,2026-07-02T12:16:48.165,3,-80.672,447.5,24.225,-0.5,0.0,GOING_TO_ENDPOINT,dump_zone_24,load_zone_22,0.00025,0.00067
12.0,2026-07-02T12:16:49.493,1,-117.862,452.5,17.925,-0.5,0.0,GOING_TO_ENDPOINT,dump_zone_22,load_zone_22,0.00025,0.00067
12.0,2026-07-02T12:16:49.493,2,752.5,261.195,26.097,-0.25,0.0,GOING_TO_ENDPOINT,dump_zone_11,load_zone_26,0.00025,0.00067
12.0,2026-07-02T12:16:49.493,3,-87.131,447.5,22.425,-0.5,0.0,GOING_TO_ENDPOINT,dump_zone_24,load_zone_22,0.00025,0.00067
13.0,2026-07-02T12:16:51.369,1,-113.157,452.563,16.125,-0.5,0.0,GOING_TO_ENDPOINT,dump_zone_22,load_zone_22,0.00025,0.00067
13.0,2026-07-02T12:16:51.369,2,752.5,253.917,26.625,0.4839,0.0,GOING_TO_ENDPOINT,dump_zone_11,load_zone_26,0.000309,0.000828
13.0,2026-07-02T12:16:51.369,3,-93.089,447.504,20.625,-0.5,0.0,GOING_TO_ENDPOINT,dump_zone_24,load_zone_22,0.00025,0.00067
14.0,2026-07-02T12:16:52.985,1,-109.262,454.117,14.325,-0.5,0.0,GOING_TO_ENDPOINT,dump_zone_22,load_zone_22,0.00025,0.00067
14.0,2026-07-02T12:16:52.985,2,752.5,246.191,28.617,0.2339,0.0,GOING_TO_ENDPOINT,dump_zone_11,load_zone_26,0.00029,0.000777
14.0,2026-07-02T12:16:52.985,3,-98.547,447.498,18.825,-0.5,0.0,GOING_TO_ENDPOINT,dump_zone_24,load_zone_22,0.00025,0.00067
15.0,2026-07-02T12:16:55.003,1,-105.653,454.669,12.525,-0.5,0.0,GOING_TO_ENDPOINT,dump_zone_22,load_zone_22,0.00025,0.00067
15.0,2026-07-02T12:16:55.003,2,752.5,238.263,28.017,-0.5,0.0,GOING_TO_ENDPOINT,dump_zone_11,load_zone_26,0.00025,0.00067
15.0,2026-07-02T12:16:55.003,3,-103.441,447.546,18.15,0.25,0.0,GOING_TO_ENDPOINT,dump_zone_24,load_zone_22,0.000276,0.00074
16.0,2026-07-02T12:16:56.619,1,-102.454,454.435,10.725,-0.5,0.0,GOING_TO_ENDPOINT,dump_zone_22,load_zone_22,0.00025,0.00067
16.0,2026-07-02T12:16:56.619,2,752.5,230.751,26.217,-0.5,0.0,GOING_TO_ENDPOINT,dump_zone_11,load_zone_26,0.00025,0.00067
16.0,2026-07-02T12:16:56.619,3,-105.614,442.925,20.55,0.9167,0.0,GOING_TO_ENDPOINT,dump_zone_24,load_zone_22,0.000324,0.000868
17.0,2026-07-02T12:16:58.732,1,-100.007,453.348,9.175,-0.25,0.0,GOING_TO_ENDPOINT,dump_zone_22,load_zone_22,0.00025,0.00067
17.0,2026-07-02T12:16:58.732,2,752.5,223.74,24.417,-0.5,0.0,GOING_TO_ENDPOINT,dump_zone_11,load_zone_26,0.00025,0.00067
17.0,2026-07-02T12:16:58.732,3,-108.631,437.507,24.15,1.0,0.0,GOING_TO_ENDPOINT,dump_zone_24,load_zone_22,0.000343,0.000919
18.0,2026-07-02T12:17:00.624,1,-98.802,451.069,10.225,0.75,0.0,GOING_TO_ENDPOINT,dump_zone_22,load_zone_22,0.000281,0.000753
18.0,2026-07-02T12:17:00.624,2,752.5,217.228,22.617,-0.5,0.0,GOING_TO_ENDPOINT,dump_zone_11,load_zone_26,0.00025,0.00067
18.0,2026-07-02T12:17:00.624,3,-113.501,432.145,27.6,0.75,0.0,GOING_TO_ENDPOINT,dump_zone_24,load_zone_22,0.000334,0.000895
19.0,2026-07-02T12:17:02.748,1,-99.001,447.974,11.575,-0.0833,0.0,GOING_TO_ENDPOINT,dump_zone_22,load_zone_22,0.000254,0.000681
19.0,2026-07-02T12:17:02.748,2,752.5,211.217,20.817,-0.5,0.0,GOING_TO_ENDPOINT,dump_zone_11,load_zone_26,0.00025,0.00067
19.0,2026-07-02T12:17:02.748,3,-118.939,426.416,28.635,-0.1561,0.0,GOING_TO_ENDPOINT,dump_zone_24,load_zone_22,0.000254,0.000681
20.0,2026-07-02T12:17:03.989,1,-100.726,445.481,10.725,0.0833,0.0,GOING_TO_ENDPOINT,dump_zone_22,load_zone_22,0.00026,0.000697
20.0,2026-07-02T12:17:03.989,2,752.5,205.705,19.017,-0.5,0.0,GOING_TO_ENDPOINT,dump_zone_11,load_zone_26,0.00025,0.00067
20.0,2026-07-02T12:17:03.989,3,-124.287,420.841,26.997,-0.5,0.0,GOING_TO_ENDPOINT,dump_zone_24,load_zone_22,0.00025,0.00067
21.0,2026-07-02T12:17:05.403,1,-102.951,443.133,12.95,1.0,0.0,GOING_TO_ENDPOINT,dump_zone_22,load_zone_22,0.0003,0.000804
21.0,2026-07-02T12:17:05.403,2,752.389,200.7,17.217,-0.5,0.0,GOING_TO_ENDPOINT,dump_zone_11,load_zone_26,0.00025,0.00067
21.0,2026-07-02T12:17:05.403,3,-129.334,415.666,25.197,-0.5,0.0,GOING_TO_ENDPOINT,dump_zone_24,load_zone_22,0.00025,0.00067
22.0,2026-07-02T12:17:06.835,1,-105.854,440.183,16.55,1.0,0.0,GOING_TO_ENDPOINT,dump_zone_22,load_zone_22,0.000314,0.000842
22.0,2026-07-02T12:17:06.835,2,749.396,197.629,15.417,-0.5,0.0,GOING_TO_ENDPOINT,dump_zone_11,load_zone_26,0.00025,0.00067
22.0,2026-07-02T12:17:06.835,3,-134.092,410.908,23.397,-0.5,0.0,GOING_TO_ENDPOINT,dump_zone_24,load_zone_22,0.00025,0.00067
23.0,2026-07-02T12:17:08.278,1,-109.416,436.48,20.15,1.0,0.0,GOING_TO_ENDPOINT,dump_zone_22,load_zone_22,0.000328,0.000879
23.0,2026-07-02T12:17:08.278,2,745.311,197.333,14.742,0.25,0.0,GOING_TO_ENDPOINT,dump_zone_11,load_zone_26,0.000271,0.000726
23.0,2026-07-02T12:17:08.278,3,-138.569,406.578,21.597,-0.5,0.0,GOING_TO_ENDPOINT,dump_zone_24,load_zone_22,0.00025,0.00067
24.0,2026-07-02T12:17:09.740,1,-113.632,432.017,23.75,1.0,0.0,GOING_TO_ENDPOINT,dump_zone_22,load_zone_22,0.000342,0.000917
24.0,2026-07-02T12:17:09.740,2,740.877,197.409,17.442,1.0,0.0,GOING_TO_ENDPOINT,dump_zone_11,load_zone_26,0.000317,0.00085
24.0,2026-07-02T12:17:09.740,3,-142.784,402.699,19.797,-0.5,0.0,GOING_TO_ENDPOINT,dump_zone_24,load_zone_22,0.00025,0.00067
25.0,2026-07-02T12:17:11.332,1,-118.481,426.895,26.37,0.4261,0.0,GOING_TO_ENDPOINT,dump_zone_22,load_zone_22,0.000303,0.000812
25.0,2026-07-02T12:17:11.332,2,735.491,197.493,21.042,1.0,0.0,GOING_TO_ENDPOINT,dump_zone_11,load_zone_26,0.000331,0.000887
25.0,2026-07-02T12:17:11.332,3,-146.783,399.333,17.997,-0.5,0.0,GOING_TO_ENDPOINT,dump_zone_24,load_zone_22,0.00025,0.00067
26.0,2026-07-02T12:17:13.223,1,-123.594,421.559,26.254,-0.4906,0.0,GOING_TO_ENDPOINT,dump_zone_22,load_zone_22,0.00025,0.00067
26.0,2026-07-02T12:17:13.223,2,729.104,197.503,24.642,1.0,0.0,GOING_TO_ENDPOINT,dump_zone_11,load_zone_26,0.000345,0.000925
26.0,2026-07-02T12:17:13.223,3,-150.666,396.641,16.197,-0.5,0.0,GOING_TO_ENDPOINT,dump_zone_24,load_zone_22,0.00025,0.00067
27.0,2026-07-02T12:17:15.071,1,-128.491,416.526,24.454,-0.5,0.0,GOING_TO_ENDPOINT,dump_zone_22,load_zone_22,0.00025,0.00067
27.0,2026-07-02T12:17:15.071,2,721.757,197.5,27.767,0.5833,0.0,GOING_TO_ENDPOINT,dump_zone_11,load_zone_26,0.00032,0.000858
27.0,2026-07-02T12:17:15.071,3,-154.478,394.827,14.397,-0.5,0.0,GOING_TO_ENDPOINT,dump_zone_24,load_zone_22,0.00025,0.00067
28.0,2026-07-02T12:17:16.939,1,-133.09,411.902,22.654,-0.5,0.0,GOING_TO_ENDPOINT,dump_zone_22,load_zone_22,0.00025,0.00067
28.0,2026-07-02T12:17:16.939,2,713.929,197.5,28.124,-0.1545,0.0,GOING_TO_ENDPOINT,dump_zone_11,load_zone_26,0.000254,0.000681
28.0,2026-07-02T12:17:16.939,3,-158.061,393.798,12.597,-0.5,0.0,GOING_TO_ENDPOINT,dump_zone_24,load_zone_22,0.00025,0.00067
29.0,2026-07-02T12:17:19.318,1,-137.398,407.694,20.854,-0.5,0.0,GOING_TO_ENDPOINT,dump_zone_22,load_zone_22,0.00025,0.00067
29.0,2026-07-02T12:17:19.318,2,706.325,197.5,26.864,-0.0833,0.0,GOING_TO_ENDPOINT,dump_zone_11,load_zone_26,0.00026,0.000697
29.0,2026-07-02T12:17:19.318,3,-161.158,392.892,10.797,-0.5,0.0,GOING_TO_ENDPOINT,dump_zone_24,load_zone_22,0.00025,0.00067
30.0,2026-07-02T12:17:21.109,1,-141.428,403.92,19.054,-0.5,0.0,GOING_TO_ENDPOINT,dump_zone_22,load_zone_22,0.00025,0.00067
30.0,2026-07-02T12:17:21.109,2,698.792,197.5,27.632,0.3842,0.0,GOING_TO_ENDPOINT,dump_zone_11,load_zone_26,0.000302,0.000809
30.0,2026-07-02T12:17:21.109,3,-163.862,392.677,8.997,-0.5,0.0,GOING_TO_ENDPOINT,dump_zone_24,load_zone_22,0.00025,0.00067
31.0,2026-07-02T12:17:22.720,1,-145.207,400.613,17.254,-0.5,0.0,GOING_TO_ENDPOINT,dump_zone_22,load_zone_22,0.00025,0.00067
31.0,2026-07-02T12:17:22.720,2,691.019,197.5,27.915,-0.1158,0.0,GOING_TO_ENDPOINT,dump_zone_11,load_zone_26,0.000257,0.000689
31.0,2026-07-02T12:17:22.720,3,-166.017,393.225,7.197,-0.5,0.0,GOING_TO_ENDPOINT,dump_zone_24,load_zone_22,0.00025,0.00067
32.0,2026-07-02T12:17:24.865,1,-148.791,397.857,15.454,-0.5,0.0,GOING_TO_ENDPOINT,dump_zone_22,load_zone_22,0.00025,0.00067
32.0,2026-07-02T12:17:24.865,2,683.383,197.5,27.344,0.0269,0.0,GOING_TO_ENDPOINT,dump_zone_11,load_zone_26,0.00027,0.000724
32.0,2026-07-02T12:17:24.865,3,-167.602,393.935,5.496,-0.5,0.0,GOING_TO_ENDPOINT,dump_zone_24,load_zone_22,0.00025,0.00067
33.0,2026-07-02T12:17:26.682,1,-152.24,395.794,13.654,-0.5,0.0,GOING_TO_ENDPOINT,dump_zone_22,load_zone_22,0.00025,0.00067
33.0,2026-07-02T12:17:26.682,2,675.888,197.5,26.4,-0.5,0.0,GOING_TO_ENDPOINT,dump_zone_11,load_zone_26,0.00025,0.00067
33.0,2026-07-02T12:17:26.682,3,-168.784,394.564,4.523,-0.2473,0.0,GOING_TO_ENDPOINT,dump_zone_24,load_zone_22,0.00025,0.00067
34.0,2026-07-02T12:17:28.870,1,-155.511,394.5,11.854,-0.5,0.0,GOING_TO_ENDPOINT,dump_zone_22,load_zone_22,0.00025,0.00067
34.0,2026-07-02T12:17:28.870,2,668.826,197.5,24.6,-0.5,0.0,GOING_TO_ENDPOINT,dump_zone_11,load_zone_26,0.00025,0.00067
34.0,2026-07-02T12:17:28.870,3,-169.711,395.069,3.205,-0.4207,0.0,LOADING,dump_zone_24,load_zone_22,0.00025,0.00067
35.0,2026-07-02T12:17:31.009,1,-158.435,393.738,10.054,-0.5,0.0,GOING_TO_ENDPOINT,dump_zone_22,load_zone_22,0.00025,0.00067
35.0,2026-07-02T12:17:31.009,2,662.24,197.5,22.9,-0.5,0.0,GOING_TO_ENDPOINT,dump_zone_11,load_zone_26,0.00025,0.00067
35.0,2026-07-02T12:17:31.009,3,-170.259,395.356,1.405,-0.5,0.0,LOADING,dump_zone_24,load_zone_22,0.00025,0.00067
36.0,2026-07-02T12:17:33.210,1,-160.844,392.993,8.279,-0.4167,0.0,GOING_TO_ENDPOINT,dump_zone_22,load_zone_22,0.00025,0.00067
36.0,2026-07-02T12:17:33.210,2,656.126,197.501,21.35,-0.25,0.0,GOING_TO_ENDPOINT,dump_zone_11,load_zone_26,0.00025,0.00067
36.0,2026-07-02T12:17:33.210,3,-170.382,395.424,0.0,-0.25,0.0,LOADING,dump_zone_24,load_zone_22,0.00025,0.00067
37.0,2026-07-02T12:17:35.526,1,-162.869,392.66,6.575,-0.5,0.0,GOING_TO_ENDPOINT,dump_zone_22,load_zone_22,0.00025,0.00067
37.0,2026-07-02T12:17:35.526,2,650.351,197.489,20.1,-0.5,0.0,GOING_TO_ENDPOINT,dump_zone_11,load_zone_26,0.00025,0.00067
37.0,2026-07-02T12:17:35.526,3,-170.667,395.609,7.2,0.0,1000.0,TURNING_AROUND,load_zone_22,dump_zone_22,0.000258,0.000691
38.0,2026-07-02T12:17:37.088,1,-164.412,392.792,4.775,-0.5,0.0,GOING_TO_ENDPOINT,dump_zone_22,load_zone_22,0.00025,0.00067
38.0,2026-07-02T12:17:37.088,2,645.04,197.277,18.401,-0.4134,0.0,GOING_TO_ENDPOINT,dump_zone_11,load_zone_26,0.00025,0.00067
38.0,2026-07-02T12:17:37.088,3,-171.945,397.12,7.2,0.0,1000.0,TURNING_AROUND,load_zone_22,dump_zone_22,0.000258,0.000691
39.0,2026-07-02T12:17:38.580,1,-165.405,393.147,2.975,-0.5,0.0,GOING_TO_ENDPOINT,dump_zone_22,load_zone_22,0.00025,0.00067
39.0,2026-07-02T12:17:38.580,2,640.013,196.769,18.562,0.5033,0.0,GOING_TO_ENDPOINT,dump_zone_11,load_zone_26,0.000292,0.000783
39.0,2026-07-02T12:17:38.580,3,-172.107,397.037,5.4,0.0,1000.0,TURNING_AROUND,load_zone_22,dump_zone_22,0.000256,0.000686
40.0,2026-07-02T12:17:40.148,1,-165.955,393.453,1.575,-0.5,0.0,GOING_TO_ENDPOINT,dump_zone_22,load_zone_22,0.00025,0.00067
40.0,2026-07-02T12:17:40.148,2,634.547,196.055,20.642,0.2227,0.0,GOING_TO_ENDPOINT,dump_zone_11,load_zone_26,0.000278,0.000745
40.0,2026-07-02T12:17:40.148,3,-171.819,397.532,7.2,0.0,1000.0,TURNING_AROUND,load_zone_22,dump_zone_22,0.000258,0.000691
41.0,2026-07-02T12:17:41.610,1,-166.099,393.55,0.0,-0.25,0.0,GOING_TO_ENDPOINT,dump_zone_22,load_zone_22,0.00025,0.00067
41.0,2026-07-02T12:17:41.610,2,628.951,195.269,19.676,-0.5,0.0,GOING_TO_ENDPOINT,dump_zone_11,load_zone_26,0.00025,0.00067
41.0,2026-07-02T12:17:41.610,3,-170.584,399.079,7.2,0.0,1000.0,TURNING_AROUND,load_zone_22,dump_zone_22,0.000258,0.000691
42.0,2026-07-02T12:17:43.091,1,-166.099,393.55,0.0,-0.0165,0.0,GOING_TO_ENDPOINT,dump_zone_22,load_zone_22,0.00025,0.00067
42.0,2026-07-02T12:17:43.091,2,623.801,194.591,17.876,-0.5,0.0,GOING_TO_ENDPOINT,dump_zone_11,load_zone_26,0.00025,0.00067
42.0,2026-07-02T12:17:43.091,3,-171.917,398.411,5.4,0.0,1000.0,TURNING_AROUND,load_zone_22,dump_zone_22,0.000256,0.000686
43.0,2026-07-02T12:17:44.741,1,-166.099,393.55,0.0,-0.0085,0.0,GOING_TO_ENDPOINT,dump_zone_22,load_zone_22,0.00025,0.00067
43.0,2026-07-02T12:17:44.741,2,619.131,194.103,16.076,-0.5,0.0,GOING_TO_ENDPOINT,dump_zone_11,load_zone_26,0.00025,0.00067
43.0,2026-07-02T12:17:44.741,3,-171.192,398.527,0.953,0.7039,1000.0,RETURNING_TO_START,load_zone_22,dump_zone_22,0.000255,0.000683
44.0,2026-07-02T12:17:46.359,1,-166.099,393.55,0.0,-0.0013,0.0,GOING_TO_ENDPOINT,dump_zone_22,load_zone_22,0.00025,0.00067
44.0,2026-07-02T12:17:46.359,2,614.945,193.855,14.276,-0.5,0.0,GOING_TO_ENDPOINT,dump_zone_11,load_zone_26,0.00025,0.00067
44.0,2026-07-02T12:17:46.359,3,-170.417,398.513,4.437,1.0,1000.0,RETURNING_TO_START,load_zone_22,dump_zone_22,0.000279,0.000748
45.0,2026-07-02T12:17:47.927,1,-166.099,393.55,0.0,-0.2252,0.0,GOING_TO_ENDPOINT,dump_zone_22,load_zone_22,0.00025,0.00067
45.0,2026-07-02T12:17:47.927,2,611.251,193.88,12.476,-0.5,0.0,GOING_TO_ENDPOINT,dump_zone_11,load_zone_26,0.00025,0.00067
45.0,2026-07-02T12:17:47.927,3,-168.718,398.995,8.037,1.0,1000.0,RETURNING_TO_START,load_zone_22,dump_zone_22,0.000302,0.000809
46.0,2026-07-02T12:17:49.410,1,-166.1,393.55,0.025,0.0833,0.0,GOING_TO_ENDPOINT,dump_zone_22,load_zone_22,0.00025,0.00067
46.0,2026-07-02T12:17:49.410,2,608.195,194.729,10.676,-0.5,0.0,GOING_TO_ENDPOINT,dump_zone_11,load_zone_26,0.00025,0.00067
46.0,2026-07-02T12:17:49.410,3,-166.064,399.714,11.612,0.9167,1000.0,RETURNING_TO_START,load_zone_22,dump_zone_22,0.00032,0.000858
47.0,2026-07-02T12:17:50.928,1,-166.317,393.697,2.25,1.0,0.0,GOING_TO_ENDPOINT,dump_zone_22,load_zone_22,0.000259,0.000694
47.0,2026-07-02T12:17:50.928,2,605.852,196.057,8.876,-0.5,0.0,GOING_TO_ENDPOINT,dump_zone_11,load_zone_26,0.00025,0.00067
47.0,2026-07-02T12:17:50.928,3,-162.585,399.333,12.962,-0.0833,1000.0,RETURNING_TO_START,load_zone_22,dump_zone_22,0.000258,0.000691
48.0,2026-07-02T12:17:52.517,1,-167.299,394.229,5.15,0.4167,0.0,GOING_TO_ENDPOINT,dump_zone_22,load_zone_22,0.00026,0.000697
48.0,2026-07-02T12:17:52.517,2,603.885,197.031,7.076,-0.5,0.0,GOING_TO_ENDPOINT,dump_zone_11,load_zone_26,0.00025,0.00067
48.0,2026-07-02T12:17:52.517,3,-159.229,398.888,11.412,-0.5,1000.0,RETURNING_TO_START,load_zone_22,dump_zone_22,0.00025,0.00067
49.0,2026-07-02T12:17:54.661,1,-168.637,394.81,4.864,-0.4934,0.0,GOING_TO_ENDPOINT,dump_zone_22,load_zone_22,0.00025,0.00067
49.0,2026-07-02T12:17:54.661,2,602.357,197.787,5.401,-0.4167,0.0,GOING_TO_ENDPOINT,dump_zone_11,load_zone_26,0.00025,0.00067
49.0,2026-07-02T12:17:54.661,3,-156.378,399.351,9.637,-0.4167,1000.0,RETURNING_TO_START,load_zone_22,dump_zone_22,0.00025,0.00067
50.0,2026-07-02T12:17:56.677,1,-169.637,395.24,3.133,-0.5,0.0,LOADING,dump_zone_22,load_zone_22,0.00025,0.00067
50.0,2026-07-02T12:17:56.677,2,601.069,198.36,4.796,-0.3725,0.0,GOING_TO_ENDPOINT,dump_zone_11,load_zone_26,0.00025,0.00067
50.0,2026-07-02T12:17:56.677,3,-153.958,400.425,9.897,0.3071,1000.0,RETURNING_TO_START,load_zone_22,dump_zone_22,0.000277,0.000742
51.0,2026-07-02T12:17:58.850,1,-170.185,395.484,1.333,-0.5,0.0,LOADING,dump_zone_22,load_zone_22,0.00025,0.00067
51.0,2026-07-02T12:17:58.850,2,600.02,198.56,3.159,-0.25,0.0,GOING_TO_ENDPOINT,dump_zone_11,load_zone_26,0.00025,0.00067
51.0,2026-07-02T12:17:58.850,3,-151.425,402.042,11.903,0.8071,1000.0,RETURNING_TO_START,load_zone_22,dump_zone_22,0.000314,0.000842
52.0,2026-07-02T12:18:00.835,1,-170.298,395.534,0.0,-0.0833,0.0,LOADING,dump_zone_22,load_zone_22,0.00025,0.00067
52.0,2026-07-02T12:18:00.835,2,599.072,198.499,4.209,0.75,0.0,GOING_TO_ENDPOINT,dump_zone_11,load_zone_26,0.000263,0.000705
52.0,2026-07-02T12:18:00.835,3,-148.417,404.416,15.362,0.9167,1000.0,RETURNING_TO_START,load_zone_22,dump_zone_22,0.000342,0.000917
53.0,2026-07-02T12:18:02.122,1,-170.666,395.721,7.2,0.0,1000.0,TURNING_AROUND,load_zone_22,dump_zone_23,0.000258,0.000691
53.0,2026-07-02T12:18:02.122,2,597.528,197.842,7.734,1.0,0.0,GOING_TO_ENDPOINT,dump_zone_11,load_zone_26,0.00028,0.00075
53.0,2026-07-02T12:18:02.122,3,-144.81,407.596,18.962,1.0,1000.0,RETURNING_TO_START,load_zone_22,dump_zone_22,0.000372,0.000997
54.0,2026-07-02T12:18:03.101,1,-172.078,397.108,7.2,0.0,1000.0,TURNING_AROUND,load_zone_22,dump_zone_23,0.000258,0.000691
54.0,2026-07-02T12:18:03.101,2,596.016,195.68,11.334,1.0,0.0,GOING_TO_ENDPOINT,dump_zone_11,load_zone_26,0.000294,0.000788
54.0,2026-07-02T12:18:03.101,3,-140.616,411.533,22.137,0.9167,1000.0,RETURNING_TO_START,load_zone_22,dump_zone_22,0.000383,0.001026
55.0,2026-07-02T12:18:04.449,1,-172.232,397.011,5.4,0.0,1000.0,TURNING_AROUND,load_zone_22,dump_zone_23,0.000256,0.000686
55.0,2026-07-02T12:18:04.449,2,596.714,192.191,14.934,1.0,0.0,GOING_TO_ENDPOINT,dump_zone_11,load_zone_26,0.000308,0.000825
55.0,2026-07-02T12:18:04.449,3,-136.021,416.038,23.487,-0.0833,1000.0,RETURNING_TO_START,load_zone_22,dump_zone_22,0.000264,0.000708
56.0,2026-07-02T12:18:05.575,1,-171.991,397.53,7.2,0.0,1000.0,TURNING_AROUND,load_zone_22,dump_zone_23,0.000258,0.000691
56.0,2026-07-02T12:18:05.575,2,599.577,188.496,18.534,1.0,0.0,GOING_TO_ENDPOINT,dump_zone_11,load_zone_26,0.000322,0.000863
56.0,2026-07-02T12:18:05.575,3,-131.573,420.523,21.937,-0.5,1000.0,RETURNING_TO_START,load_zone_22,dump_zone_22,0.00025,0.00067
57.0,2026-07-02T12:18:06.623,1,-170.905,399.185,7.2,0.0,1000.0,TURNING_AROUND,load_zone_22,dump_zone_23,0.000258,0.000691
57.0,2026-07-02T12:18:06.623,2,601.844,183.3,22.134,1.0,0.0,GOING_TO_ENDPOINT,dump_zone_11,load_zone_26,0.000336,0.0009
57.0,2026-07-02T12:18:06.623,3,-127.513,424.697,20.137,-0.5,1000.0,RETURNING_TO_START,load_zone_22,dump_zone_22,0.00025,0.00067
58.0,2026-07-02T12:18:08.096,1,-172.17,398.395,5.4,0.0,1000.0,TURNING_AROUND,load_zone_22,dump_zone_23,0.000256,0.000686
58.0,2026-07-02T12:18:08.096,2,602.492,176.657,25.734,1.0,0.0,GOING_TO_ENDPOINT,dump_zone_11,load_zone_26,0.00035,0.000938
58.0,2026-07-02T12:18:08.096,3,-123.827,428.537,18.337,-0.5,1000.0,RETURNING_TO_START,load_zone_22,dump_zone_22,0.00025,0.00067
59.0,2026-07-02T12:18:09.491,1,-171.157,398.627,0.726,0.6506,1000.0,RETURNING_TO_START,load_zone_22,dump_zone_23,0.000253,0.000678
59.0,2026-07-02T12:18:09.491,2,602.502,169.094,28.037,0.2236,0.0,GOING_TO_ENDPOINT,dump_zone_11,load_zone_26,0.000288,0.000772
59.0,2026-07-02T12:18:09.491,3,-120.5,432.029,16.537,-0.5,1000.0,RETURNING_TO_START,load_zone_22,dump_zone_22,0.00025,0.00067
60.0,2026-07-02T12:18:11.336,1,-170.459,398.603,4.157,1.0,1000.0,RETURNING_TO_START,load_zone_22,dump_zone_23,0.000277,0.000742
60.0,2026-07-02T12:18:11.336,2,602.5,161.339,27.542,-0.4431,0.0,GOING_TO_ENDPOINT,dump_zone_11,load_zone_26,0.00025,0.00067
60.0,2026-07-02T12:18:11.336,3,-117.528,435.168,14.737,-0.5,1000.0,RETURNING_TO_START,load_zone_22,dump_zone_22,0.00025,0.00067
61.0,2026-07-02T12:18:13.551,1,-168.829,399.034,7.757,1.0,1000.0,RETURNING_TO_START,load_zone_22,dump_zone_23,0.0003,0.000804
61.0,2026-07-02T12:18:13.551,2,602.5,153.824,26.923,0.1388,0.0,GOING_TO_ENDPOINT,dump_zone_11,load_zone_26,0.000279,0.000748
61.0,2026-07-02T12:18:13.551,3,-114.902,437.952,13.036,-0.4188,1000.0,RETURNING_TO_START,load_zone_22,dump_zone_22,0.00025,0.00067
62.0,2026-07-02T12:18:15.845,1,-166.243,399.731,11.332,0.9167,1000.0,RETURNING_TO_START,load_zone_22,dump_zone_23,0.000318,0.000852
62.0,2026-07-02T12:18:15.845,2,602.5,146.258,27.705,0.4726,0.0,GOING_TO_ENDPOINT,dump_zone_11,load_zone_26,0.00031,0.000831
62.0,2026-07-02T12:18:15.845,3,-112.605,440.391,11.236,-0.5,1000.0,RETURNING_TO_START,load_zone_22,dump_zone_22,0.00025,0.00067
63.0,2026-07-02T12:18:18.382,1,-162.84,399.398,12.682,-0.0833,1000.0,RETURNING_TO_START,load_zone_22,dump_zone_23,0.000258,0.000691
63.0,2026-07-02T12:18:18.382,2,602.5,138.414,28.245,-0.2183,0.0,GOING_TO_ENDPOINT,dump_zone_11,load_zone_26,0.00025,0.00067
63.0,2026-07-02T12:18:18.382,3,-110.533,442.339,9.436,-0.5,1000.0,RETURNING_TO_START,load_zone_22,dump_zone_22,0.00025,0.00067
64.0,2026-07-02T12:18:20.670,1,-159.569,398.895,11.132,-0.5,1000.0,RETURNING_TO_START,load_zone_22,dump_zone_23,0.00025,0.00067
64.0,2026-07-02T12:18:20.670,2,602.5,130.797,26.733,-0.3883,0.0,GOING_TO_ENDPOINT,dump_zone_11,load_zone_26,0.00025,0.00067
64.0,2026-07-02T12:18:20.670,3,-108.512,443.53,7.636,-0.5,1000.0,RETURNING_TO_START,load_zone_22,dump_zone_22,0.00025,0.00067
65.0,2026-07-02T12:18:23.135,1,-156.776,399.24,9.432,-0.4167,1000.0,RETURNING_TO_START,load_zone_22,dump_zone_23,0.00025,0.00067
65.0,2026-07-02T12:18:23.135,2,602.5,123.372,27.24,0.4634,0.0,GOING_TO_ENDPOINT,dump_zone_11,load_zone_26,0.000308,0.000825
65.0,2026-07-02T12:18:23.135,3,-106.859,444.363,5.861,-0.4167,1000.0,RETURNING_TO_START,load_zone_22,dump_zone_22,0.00025,0.00067
66.0,2026-07-02T12:18:25.342,1,-154.502,400.142,8.778,0.25,1000.0,RETURNING_TO_START,load_zone_22,dump_zone_23,0.000271,0.000726
66.0,2026-07-02T12:18:25.342,2,602.5,115.579,28.313,-0.1173,0.0,GOING_TO_ENDPOINT,dump_zone_11,load_zone_26,0.000257,0.000689
66.0,2026-07-02T12:18:25.342,3,-105.544,445.261,5.919,0.1389,1000.0,RETURNING_TO_START,load_zone_22,dump_zone_22,0.000261,0.000699
67.0,2026-07-02T12:18:27.419,1,-152.117,401.564,11.478,1.0,1000.0,RETURNING_TO_START,load_zone_22,dump_zone_23,0.000324,0.000868
67.0,2026-07-02T12:18:27.419,2,602.5,107.874,27.455,0.0701,0.0,GOING_TO_ENDPOINT,dump_zone_11,load_zone_26,0.000274,0.000734
67.0,2026-07-02T12:18:27.419,3,-104.334,446.313,5.194,-0.4167,1000.0,RETURNING_TO_START,load_zone_22,dump_zone_22,0.00025,0.00067
68.0,2026-07-02T12:18:29.676,1,-149.164,403.799,14.936,1.0,1000.0,RETURNING_TO_START,load_zone_22,dump_zone_23,0.000346,0.000927
68.0,2026-07-02T12:18:29.676,2,602.5,100.223,27.735,0.2257,0.0,GOING_TO_ENDPOINT,dump_zone_11,load_zone_26,0.000288,0.000772
68.0,2026-07-02T12:18:29.676,3,-103.409,447.215,4.291,-0.0221,1000.0,RETURNING_TO_START,load_zone_22,dump_zone_22,0.000254,0.000681
69.0,2026-07-02T12:18:31.491,1,-145.617,406.865,18.521,1.0,1000.0,RETURNING_TO_START,load_zone_22,dump_zone_23,0.000369,0.000989
69.0,2026-07-02T12:18:31.491,2,602.5,92.377,28.248,-0.2743,0.0,GOING_TO_ENDPOINT,dump_zone_11,load_zone_26,0.00025,0.00067
69.0,2026-07-02T12:18:31.491,3,-102.478,448.192,5.412,0.1446,1000.0,RETURNING_TO_START,load_zone_22,dump_zone_22,0.00026,0.000697
70.0,2026-07-02T12:18:33.612,1,-141.463,410.727,21.888,0.7679,1000.0,RETURNING_TO_START,load_zone_22,dump_zone_23,0.000364,0.000976
70.0,2026-07-02T12:18:33.612,2,602.5,84.719,27.133,-0.25,0.0,GOING_TO_ENDPOINT,dump_zone_11,load_zone_26,0.00025,0.00067
70.0,2026-07-02T12:18:33.612,3,-101.707,449.336,4.265,-0.5,1000.0,RETURNING_TO_START,load_zone_22,dump_zone_22,0.00025,0.00067
71.0,2026-07-02T12:18:35.250,1,-136.956,415.108,22.702,-0.2321,1000.0,RETURNING_TO_START,load_zone_22,dump_zone_23,0.00025,0.00067
71.0,2026-07-02T12:18:35.250,2,602.5,77.237,26.883,-0.0833,0.0,GOING_TO_ENDPOINT,dump_zone_11,load_zone_26,0.00026,0.000697
71.0,2026-07-02T12:18:35.250,3,-101.405,450.197,2.465,-0.5,1000.0,RETURNING_TO_START,load_zone_22,dump_zone_22,0.00025,0.00067
72.0,2026-07-02T12:18:37.045,1,-132.576,419.505,22.344,0.1932,1000.0,RETURNING_TO_START,load_zone_22,dump_zone_23,0.000297,0.000796
72.0,2026-07-02T12:18:37.045,2,602.5,69.634,28.033,0.4167,0.0,GOING_TO_ENDPOINT,dump_zone_11,load_zone_26,0.000306,0.00082
72.0,2026-07-02T12:18:37.045,3,-101.333,450.605,0.665,-0.5,1000.0,RETURNING_TO_START,load_zone_22,dump_zone_22,0.00025,0.00067
73.0,2026-07-02T12:18:38.782,1,-128.263,423.923,21.839,-0.3901,1000.0,RETURNING_TO_START,load_zone_22,dump_zone_23,0.00025,0.00067
73.0,2026-07-02T12:18:38.782,2,602.5,61.807,27.827,-0.3475,0.0,GOING_TO_ENDPOINT,dump_zone_11,load_zone_26,0.00025,0.00067
73.0,2026-07-02T12:18:38.782,3,-101.329,450.631,0.0,-0.5,1000.0,RETURNING_TO_START,load_zone_22,dump_zone_22,0.00025,0.00067
74.0,2026-07-02T12:18:40.338,1,-124.242,428.103,20.083,-0.5,1000.0,RETURNING_TO_START,load_zone_22,dump_zone_23,0.00025,0.00067
74.0,2026-07-02T12:18:40.338,2,602.5,54.129,27.531,-0.0953,0.0,GOING_TO_ENDPOINT,dump_zone_11,load_zone_26,0.000259,0.000694
74.0,2026-07-02T12:18:40.338,3,-101.329,450.631,0.0,-0.5,1000.0,RETURNING_TO_START,load_zone_22,dump_zone_22,0.00025,0.00067
75.0,2026-07-02T12:18:42.115,1,-120.578,431.948,18.353,-0.4662,1000.0,RETURNING_TO_START,load_zone_22,dump_zone_23,0.00025,0.00067
75.0,2026-07-02T12:18:42.115,2,602.5,46.467,27.901,0.3725,0.0,GOING_TO_ENDPOINT,dump_zone_11,load_zone_26,0.000301,0.000807
75.0,2026-07-02T12:18:42.115,3,-101.329,450.631,0.0,-0.5,1000.0,RETURNING_TO_START,load_zone_22,dump_zone_22,0.00025,0.00067
76.0,2026-07-02T12:18:44.086,1,-117.249,435.464,16.653,-0.5,1000.0,RETURNING_TO_START,load_zone_22,dump_zone_23,0.00025,0.00067
76.0,2026-07-02T12:18:44.086,2,602.5,38.626,28.066,-0.1948,0.0,GOING_TO_ENDPOINT,dump_zone_11,load_zone_26,0.00025,0.00067
76.0,2026-07-02T12:18:44.086,3,-101.329,450.631,0.0,-0.5,1000.0,RETURNING_TO_START,load_zone_22,dump_zone_22,0.00025,0.00067
77.0,2026-07-02T12:18:46.078,1,-114.242,438.653,15.053,-0.4167,1000.0,RETURNING_TO_START,load_zone_22,dump_zone_23,0.00025,0.00067
77.0,2026-07-02T12:18:46.078,2,602.5,30.966,27.162,-0.0885,0.0,GOING_TO_ENDPOINT,dump_zone_11,load_zone_26,0.000259,0.000694
77.0,2026-07-02T12:18:46.078,3,-101.327,450.652,0.375,0.4167,1000.0,RETURNING_TO_START,load_zone_22,dump_zone_22,0.000251,0.000673
78.0,2026-07-02T12:18:47.853,1,-111.536,441.526,13.648,-0.3001,1000.0,RETURNING_TO_START,load_zone_22,dump_zone_23,0.00025,0.00067
78.0,2026-07-02T12:18:47.853,2,602.5,23.383,27.61,0.2158,0.0,GOING_TO_ENDPOINT,dump_zone_11,load_zone_26,0.000287,0.000769
78.0,2026-07-02T12:18:47.853,3,-101.309,450.86,0.525,-0.4167,1000.0,RETURNING_TO_START,load_zone_22,dump_zone_22,0.00025,0.00067
79.0,2026-07-02T12:18:49.981,1,-109.114,444.099,11.932,-0.4011,1000.0,RETURNING_TO_START,load_zone_22,dump_zone_23,0.00025,0.00067
79.0,2026-07-02T12:18:49.981,2,602.5,15.668,27.803,-0.1916,0.0,GOING_TO_ENDPOINT,dump_zone_11,load_zone_26,0.00025,0.00067
79.0,2026-07-02T12:18:49.981,3,-101.308,450.876,0.0,-0.4167,1000.0,RETURNING_TO_START,load_zone_22,dump_zone_22,0.00025,0.00067
80.0,2026-07-02T12:18:52.001,1,-107.451,446.722,10.864,-0.0833,1000.0,RETURNING_TO_START,load_zone_22,dump_zone_23,0.000257,0.000689
80.0,2026-07-02T12:18:52.001,2,602.5,8.012,27.624,-0.0292,0.0,GOING_TO_ENDPOINT,dump_zone_11,load_zone_26,0.000265,0.00071
80.0,2026-07-02T12:18:52.001,3,-101.305,450.924,0.7,0.5833,1000.0,RETURNING_TO_START,load_zone_22,dump_zone_22,0.000253,0.000678
81.0,2026-07-02T12:18:54.280,1,-106.796,449.786,11.764,0.0833,1000.0,RETURNING_TO_START,load_zone_22,dump_zone_23,0.000268,0.000718
81.0,2026-07-02T12:18:54.280,2,602.5,0.355,27.856,0.4064,0.0,GOING_TO_ENDPOINT,dump_zone_11,load_zone_26,0.000304,0.000815
81.0,2026-07-02T12:18:54.280,3,-101.329,451.559,3.65,0.9167,1000.0,RETURNING_TO_START,load_zone_22,dump_zone_22,0.000272,0.000729
82.0,2026-07-02T12:18:56.761,1,-104.606,451.902,10.489,-0.5,1000.0,RETURNING_TO_START,load_zone_22,dump_zone_23,0.00025,0.00067
82.0,2026-07-02T12:18:56.761,2,602.5,-7.493,28.223,-0.0031,0.0,GOING_TO_ENDPOINT,dump_zone_11,load_zone_26,0.000268,0.000718
82.0,2026-07-02T12:18:56.761,3,-101.805,453.003,7.086,0.8735,1000.0,RETURNING_TO_START,load_zone_22,dump_zone_22,0.000291,0.00078
83.0,2026-07-02T12:18:59.189,1,-102.004,452.105,8.689,-0.5,1000.0,RETURNING_TO_START,load_zone_22,dump_zone_23,0.00025,0.00067
83.0,2026-07-02T12:18:59.189,2,602.5,-15.501,29.412,0.1635,0.0,GOING_TO_ENDPOINT,dump_zone_11,load_zone_26,0.000284,0.000761
83.0,2026-07-02T12:18:59.189,3,-103.419,454.566,8.647,-0.0029,1000.0,RETURNING_TO_START,load_zone_22,dump_zone_22,0.000259,0.000694
84.0,2026-07-02T12:19:00.941,1,-99.903,452.623,7.589,0.0833,1000.0,RETURNING_TO_START,load_zone_22,dump_zone_23,0.000261,0.000699
84.0,2026-07-02T12:19:00.941,2,602.5,-23.561,28.331,-0.4167,0.0,GOING_TO_ENDPOINT,dump_zone_11,load_zone_26,0.00025,0.00067
84.0,2026-07-02T12:19:00.941,3,-105.568,455.017,7.242,-0.4167,1000.0,RETURNING_TO_START,load_zone_22,dump_zone_22,0.00025,0.00067
85.0,2026-07-02T12:19:02.253,1,-98.303,454.316,9.814,1.0,1000.0,RETURNING_TO_START,load_zone_22,dump_zone_23,0.000313,0.000839
85.0,2026-07-02T12:19:02.253,2,602.5,-31.377,28.081,-0.0833,0.0,GOING_TO_ENDPOINT,dump_zone_11,load_zone_26,0.00026,0.000697
85.0,2026-07-02T12:19:02.253,3,-107.451,454.41,7.692,0.5833,1000.0,RETURNING_TO_START,load_zone_22,dump_zone_22,0.000282,0.000756
86.0,2026-07-02T12:19:03.407,1,-98.164,457.488,13.414,1.0,1000.0,RETURNING_TO_START,load_zone_22,dump_zone_23,0.000336,0.0009
86.0,2026-07-02T12:19:03.407,2,602.5,-39.13,27.664,-0.1784,0.0,GOING_TO_ENDPOINT,dump_zone_11,load_zone_26,0.000252,0.000675
86.0,2026-07-02T12:19:03.407,3,-109.555,452.862,11.042,1.0,1000.0,RETURNING_TO_START,load_zone_22,dump_zone_22,0.000321,0.00086
87.0,2026-07-02T12:19:05.224,1,-100.345,461.151,17.014,1.0,1000.0,RETURNING_TO_START,load_zone_22,dump_zone_23,0.00036,0.000965
87.0,2026-07-02T12:19:05.224,2,602.5,-46.629,26.703,0.0833,0.0,GOING_TO_ENDPOINT,dump_zone_11,load_zone_26,0.000274,0.000734
87.0,2026-07-02T12:19:05.224,3,-112.43,450.685,14.642,1.0,1000.0,RETURNING_TO_START,load_zone_22,dump_zone_22,0.000344,0.000922
88.0,2026-07-02T12:19:07.151,1,-102.165,466.056,20.614,1.0,1000.0,RETURNING_TO_START,load_zone_22,dump_zone_23,0.000383,0.001026
88.0,2026-07-02T12:19:07.151,2,602.5,-54.152,27.653,0.4167,0.0,GOING_TO_ENDPOINT,dump_zone_11,load_zone_26,0.000305,0.000817
88.0,2026-07-02T12:19:07.151,3,-116.463,448.493,18.242,1.0,1000.0,RETURNING_TO_START,load_zone_22,dump_zone_22,0.000368,0.000986
89.0,2026-07-02T12:19:09.365,1,-102.515,472.26,23.514,0.4167,1000.0,RETURNING_TO_START,load_zone_22,dump_zone_23,0.000328,0.000879
89.0,2026-07-02T12:19:09.365,2,602.5,-62.045,28.697,-0.0903,0.0,GOING_TO_ENDPOINT,dump_zone_11,load_zone_26,0.00026,0.000697
89.0,2026-07-02T12:19:09.365,3,-121.962,447.533,21.817,0.9167,1000.0,RETURNING_TO_START,load_zone_22,dump_zone_22,0.000381,0.001021
90.0,2026-07-02T12:19:10.519,1,-102.502,478.82,23.266,-0.4317,1000.0,RETURNING_TO_START,load_zone_22,dump_zone_23,0.00025,0.00067
90.0,2026-07-02T12:19:10.519,2,602.5,-69.807,27.139,-0.5,0.0,GOING_TO_ENDPOINT,dump_zone_11,load_zone_26,0.00025,0.00067
90.0,2026-07-02T12:19:10.519,3,-128.308,447.484,23.167,-0.0833,1000.0,RETURNING_TO_START,load_zone_22,dump_zone_22,0.000264,0.000708
91.0,2026-07-02T12:19:11.556,1,-102.499,485.012,21.466,-0.5,1000.0,RETURNING_TO_START,load_zone_22,dump_zone_23,0.00025,0.00067
91.0,2026-07-02T12:19:11.556,2,602.5,-77.075,25.339,-0.5,0.0,GOING_TO_ENDPOINT,dump_zone_11,load_zone_26,0.00025,0.00067
91.0,2026-07-02T12:19:11.556,3,-134.536,447.501,21.617,-0.5,1000.0,RETURNING_TO_START,load_zone_22,dump_zone_22,0.00025,0.00067
92.0,2026-07-02T12:19:12.525,1,-102.5,490.704,19.666,-0.5,1000.0,RETURNING_TO_START,load_zone_22,dump_zone_23,0.00025,0.00067
92.0,2026-07-02T12:19:12.525,2,602.5,-83.843,23.539,-0.5,0.0,GOING_TO_ENDPOINT,dump_zone_11,load_zone_26,0.00025,0.00067
92.0,2026-07-02T12:19:12.525,3,-140.27,447.501,19.817,-0.5,1000.0,RETURNING_TO_START,load_zone_22,dump_zone_22,0.00025,0.00067
93.0,2026-07-02T12:19:13.911,1,-102.5,495.91,17.966,-0.5,1000.0,RETURNING_TO_START,load_zone_22,dump_zone_23,0.00025,0.00067
93.0,2026-07-02T12:19:13.911,2,602.5,-90.11,21.739,-0.5,0.0,GOING_TO_ENDPOINT,dump_zone_11,load_zone_26,0.00025,0.00067
93.0,2026-07-02T12:19:13.911,3,-145.504,447.5,18.017,-0.5,1000.0,RETURNING_TO_START,load_zone_22,dump_zone_22,0.00025,0.00067
94.0,2026-07-02T12:19:15.159,1,-102.5,500.629,16.166,-0.5,1000.0,RETURNING_TO_START,load_zone_22,dump_zone_23,0.00025,0.00067
94.0,2026-07-02T12:19:15.159,2,602.5,-95.878,19.939,-0.5,0.0,GOING_TO_ENDPOINT,dump_zone_11,load_zone_26,0.00025,0.00067
94.0,2026-07-02T12:19:15.159,3,-150.238,447.5,16.217,-0.5,1000.0,RETURNING_TO_START,load_zone_22,dump_zone_22,0.00025,0.00067
95.0,2026-07-02T12:19:16.697,1,-102.5,504.858,14.431,-0.5,1000.0,RETURNING_TO_START,load_zone_22,dump_zone_23,0.00025,0.00067
95.0,2026-07-02T12:19:16.697,2,603.215,-101.031,18.514,-0.0833,0.0,GOING_TO_ENDPOINT,dump_zone_11,load_zone_26,0.000257,0.000689
95.0,2026-07-02T12:19:16.697,3,-154.472,447.5,14.417,-0.5,1000.0,RETURNING_TO_START,load_zone_22,dump_zone_22,0.00025,0.00067
96.0,2026-07-02T12:19:18.301,1,-102.5,508.596,12.631,-0.5,1000.0,RETURNING_TO_START,load_zone_22,dump_zone_23,0.00025,0.00067
96.0,2026-07-02T12:19:18.301,2,607.902,-102.549,20.164,0.9167,0.0,GOING_TO_ENDPOINT,dump_zone_11,load_zone_26,0.000323,0.000866
96.0,2026-07-02T12:19:18.301,3,-158.17,447.182,12.617,-0.5,1000.0,RETURNING_TO_START,load_zone_22,dump_zone_22,0.00025,0.00067
97.0,2026-07-02T12:19:20.239,1,-102.5,511.87,11.005,-0.5,1000.0,RETURNING_TO_START,load_zone_22,dump_zone_23,0.00025,0.00067
97.0,2026-07-02T12:19:20.239,2,612.683,-98.763,23.503,0.6757,0.0,GOING_TO_ENDPOINT,dump_zone_11,load_zone_26,0.000316,0.000847
97.0,2026-07-02T12:19:20.239,3,-161.182,446.009,10.817,-0.5,1000.0,RETURNING_TO_START,load_zone_22,dump_zone_22,0.00025,0.00067
98.0,2026-07-02T12:19:21.828,1,-102.5,514.657,9.21,-0.5,1000.0,RETURNING_TO_START,load_zone_22,dump_zone_23,0.00025,0.00067
98.0,2026-07-02T12:19:21.828,2,619.097,-97.297,23.985,-0.3243,0.0,GOING_TO_ENDPOINT,dump_zone_11,load_zone_26,0.00025,0.00067
98.0,2026-07-02T12:19:21.828,3,-163.868,445.538,9.017,-0.5,1000.0,RETURNING_TO_START,load_zone_22,dump_zone_22,0.00025,0.00067
99.0,2026-07-02T12:19:23.521,1,-102.5,516.954,7.51,-0.5,1000.0,RETURNING_TO_START,load_zone_22,dump_zone_23,0.00025,0.00067
99.0,2026-07-02T12:19:23.521,2,625.495,-97.449,22.216,-0.5,0.0,GOING_TO_ENDPOINT,dump_zone_11,load_zone_26,0.00025,0.00067
99.0,2026-07-02T12:19:23.521,3,-166.1,445.476,7.217,-0.5,1000.0,RETURNING_TO_START,load_zone_22,dump_zone_22,0.00025,0.00067
100.0,2026-07-02T12:19:25.138,1,-102.441,518.766,5.71,-0.5,1000.0,RETURNING_TO_START,load_zone_22,dump_zone_23,0.00025,0.00067
100.0,2026-07-02T12:19:25.138,2,631.395,-97.498,20.416,-0.5,0.0,GOING_TO_ENDPOINT,dump_zone_11,load_zone_26,0.00025,0.00067
100.0,2026-07-02T12:19:25.138,3,-167.847,445.522,5.517,-0.5,1000.0,RETURNING_TO_START,load_zone_22,dump_zone_22,0.00025,0.00067
101.0,2026-07-02T12:19:26.583,1,-102.11,520.033,3.91,-0.5,1000.0,RETURNING_TO_START,load_zone_22,dump_zone_23,0.00025,0.00067
101.0,2026-07-02T12:19:26.583,2,636.795,-97.5,18.616,-0.5,0.0,GOING_TO_ENDPOINT,dump_zone_11,load_zone_26,0.00025,0.00067
101.0,2026-07-02T12:19:26.583,3,-169.141,445.697,4.348,-0.022,1000.0,RETURNING_TO_START,load_zone_22,dump_zone_22,0.000254,0.000681
102.0,2026-07-02T12:19:27.634,1,-101.699,520.757,2.21,-0.5,1000.0,UNLOADING,load_zone_22,dump_zone_23,0.00025,0.00067
102.0,2026-07-02T12:19:27.634,2,641.695,-97.5,16.816,-0.5,0.0,GOING_TO_ENDPOINT,dump_zone_11,load_zone_26,0.00025,0.00067
102.0,2026-07-02T12:19:27.634,3,-170.28,446.213,4.718,0.3113,1000.0,RETURNING_TO_START,load_zone_22,dump_zone_22,0.000263,0.000705
103.0,2026-07-02T12:19:28.627,1,-101.489,521.028,0.41,-0.5,1000.0,UNLOADING,load_zone_22,dump_zone_23,0.00025,0.00067
103.0,2026-07-02T12:19:28.627,2,646.095,-97.5,15.016,-0.5,0.0,GOING_TO_ENDPOINT,dump_zone_11,load_zone_26,0.00025,0.00067
103.0,2026-07-02T12:19:28.627,3,-171.444,447.406,7.565,1.0,1000.0,RETURNING_TO_START,load_zone_22,dump_zone_22,0.000299,0.000801
104.0,2026-07-02T12:19:29.925,1,-101.483,521.035,0.0,-0.5,1000.0,UNLOADING,load_zone_22,dump_zone_23,0.00025,0.00067
104.0,2026-07-02T12:19:29.925,2,649.975,-97.773,13.216,-0.5,0.0,GOING_TO_ENDPOINT,dump_zone_11,load_zone_26,0.00025,0.00067
104.0,2026-07-02T12:19:29.925,3,-172.037,449.771,9.515,0.0833,1000.0,RETURNING_TO_START,load_zone_22,dump_zone_22,0.000264,0.000708
105.0,2026-07-02T12:19:30.695,1,-100.454,521.873,7.2,0.0,0.0,TURNING_AROUND,dump_zone_23,load_zone_22,0.000255,0.000683
105.0,2026-07-02T12:19:30.695,2,652.919,-99.425,11.441,-0.4167,0.0,GOING_TO_ENDPOINT,dump_zone_11,load_zone_26,0.00025,0.00067
105.0,2026-07-02T12:19:30.695,3,-171.132,452.057,8.24,-0.5,1000.0,RETURNING_TO_START,load_zone_22,dump_zone_22,0.00025,0.00067
106.0,2026-07-02T12:19:31.256,1,-98.836,522.382,5.4,0.0,0.0,TURNING_AROUND,dump_zone_23,load_zone_22,0.000253,0.000678
106.0,2026-07-02T12:19:31.256,2,655.222,-101.592,11.891,0.5833,0.0,GOING_TO_ENDPOINT,dump_zone_11,load_zone_26,0.00028,0.00075
106.0,2026-07-02T12:19:31.256,3,-169.523,453.24,6.44,-0.5,1000.0,RETURNING_TO_START,load_zone_22,dump_zone_22,0.00025,0.00067
107.0,2026-07-02T12:19:31.688,1,-100.033,522.517,7.2,0.0,0.0,TURNING_AROUND,dump_zone_23,load_zone_22,0.000255,0.000683
107.0,2026-07-02T12:19:31.688,2,657.884,-104.277,15.241,1.0,0.0,GOING_TO_ENDPOINT,dump_zone_11,load_zone_26,0.000309,0.000828
107.0,2026-07-02T12:19:31.688,3,-168.07,453.675,4.64,-0.5,1000.0,RETURNING_TO_START,load_zone_22,dump_zone_22,0.00025,0.00067
108.0,2026-07-02T12:19:32.038,1,-98.41,521.385,7.2,0.0,0.0,TURNING_AROUND,dump_zone_23,load_zone_22,0.000255,0.000683
108.0,2026-07-02T12:19:32.038,2,661.232,-107.682,18.841,1.0,0.0,GOING_TO_ENDPOINT,dump_zone_11,load_zone_26,0.000323,0.000866
108.0,2026-07-02T12:19:32.038,3,-167.182,454.167,2.84,-0.5,1000.0,UNLOADING,load_zone_22,dump_zone_22,0.00025,0.00067
109.0,2026-07-02T12:19:32.573,1,-98.13,521.252,5.4,0.0,0.0,TURNING_AROUND,dump_zone_23,load_zone_22,0.000253,0.000678
109.0,2026-07-02T12:19:32.573,2,665.308,-111.773,22.441,1.0,0.0,GOING_TO_ENDPOINT,dump_zone_11,load_zone_26,0.000337,0.000903
109.0,2026-07-02T12:19:32.573,3,-166.784,454.497,1.04,-0.5,1000.0,UNLOADING,load_zone_22,dump_zone_22,0.00025,0.00067
110.0,2026-07-02T12:19:34.066,1,-98.192,521.489,0.15,0.25,0.0,GOING_TO_ENDPOINT,dump_zone_23,load_zone_22,0.00025,0.00067
110.0,2026-07-02T12:19:34.066,2,670.099,-116.564,26.041,1.0,0.0,GOING_TO_ENDPOINT,dump_zone_11,load_zone_26,0.000351,0.000941
110.0,2026-07-02T12:19:34.066,3,-166.732,454.547,0.0,-0.5,1000.0,UNLOADING,load_zone_22,dump_zone_22,0.00025,0.00067
111.0,2026-07-02T12:19:35.147,1,-98.191,521.107,2.85,1.0,0.0,GOING_TO_ENDPOINT,dump_zone_23,load_zone_22,0.000261,0.000699
111.0,2026-07-02T12:19:35.147,2,675.48,-121.945,27.991,0.0833,0.0,GOING_TO_ENDPOINT,dump_zone_11,load_zone_26,0.000275,0.000737
111.0,2026-07-02T12:19:35.147,3,-166.208,454.958,7.2,0.0,0.0,TURNING_AROUND,dump_zone_22,load_zone_22,0.000255,0.000683
112.0,2026-07-02T12:19:35.928,1,-98.143,519.774,6.45,1.0,0.0,GOING_TO_ENDPOINT,dump_zone_23,load_zone_22,0.000275,0.000737
112.0,2026-07-02T12:19:35.928,2,680.875,-127.34,26.716,-0.5,0.0,GOING_TO_ENDPOINT,dump_zone_11,load_zone_26,0.00025,0.00067
112.0,2026-07-02T12:19:35.928,3,-164.831,455.531,0.0,-0.3333,0.0,GOING_TO_ENDPOINT,dump_zone_22,load_zone_22,0.00025,0.00067
113.0,2026-07-02T12:19:37.404,1,-97.98,517.447,10.05,1.0,0.0,GOING_TO_ENDPOINT,dump_zone_23,load_zone_22,0.000289,0.000775
113.0,2026-07-02T12:19:37.404,2,685.931,-132.396,24.916,-0.5,0.0,GOING_TO_ENDPOINT,dump_zone_11,load_zone_26,0.00025,0.00067
113.0,2026-07-02T12:19:37.404,3,-164.762,455.531,0.9,0.6667,0.0,GOING_TO_ENDPOINT,dump_zone_22,load_zone_22,0.000253,0.000678
114.0,2026-07-02T12:19:38.277,1,-97.783,514.119,13.65,1.0,0.0,GOING_TO_ENDPOINT,dump_zone_23,load_zone_22,0.000303,0.000812
114.0,2026-07-02T12:19:38.277,2,690.634,-137.098,23.116,-0.5,0.0,GOING_TO_ENDPOINT,dump_zone_11,load_zone_26,0.00025,0.00067
114.0,2026-07-02T12:19:38.277,3,-164.011,455.488,4.35,1.0,0.0,GOING_TO_ENDPOINT,dump_zone_22,load_zone_22,0.000267,0.000716
115.0,2026-07-02T12:19:50.826,1,-97.599,509.79,17.25,1.0,0.0,GOING_TO_ENDPOINT,dump_zone_23,load_zone_22,0.000317,0.00085
115.0,2026-07-02T12:19:50.826,2,694.982,-141.447,21.316,-0.5,0.0,GOING_TO_ENDPOINT,dump_zone_11,load_zone_26,0.00025,0.00067
115.0,2026-07-02T12:19:50.826,3,-162.303,455.115,7.95,1.0,0.0,GOING_TO_ENDPOINT,dump_zone_22,load_zone_22,0.000281,0.000753
116.0,2026-07-02T12:19:52.009,1,-97.501,504.458,20.85,1.0,0.0,GOING_TO_ENDPOINT,dump_zone_23,load_zone_22,0.000331,0.000887
116.0,2026-07-02T12:19:52.009,2,698.978,-145.442,19.516,-0.5,0.0,GOING_TO_ENDPOINT,dump_zone_11,load_zone_26,0.00025,0.00067
116.0,2026-07-02T12:19:52.009,3,-159.671,454.321,11.55,1.0,0.0,GOING_TO_ENDPOINT,dump_zone_22,load_zone_22,0.000295,0.000791
117.0,2026-07-02T12:19:53.230,1,-97.493,498.124,24.45,1.0,0.0,GOING_TO_ENDPOINT,dump_zone_23,load_zone_22,0.000345,0.000925
117.0,2026-07-02T12:19:53.230,2,702.217,-149.42,17.716,-0.5,0.0,GOING_TO_ENDPOINT,dump_zone_11,load_zone_26,0.00025,0.00067
117.0,2026-07-02T12:19:53.230,3,-156.016,453.483,15.15,1.0,0.0,GOING_TO_ENDPOINT,dump_zone_22,load_zone_22,0.000309,0.000828
118.0,2026-07-02T12:19:54.517,1,-97.5,490.84,27.35,0.4167,0.0,GOING_TO_ENDPOINT,dump_zone_23,load_zone_22,0.000304,0.000815
118.0,2026-07-02T12:19:54.517,2,703.049,-153.879,16.291,-0.0833,0.0,GOING_TO_ENDPOINT,dump_zone_11,load_zone_26,0.000256,0.000686
118.0,2026-07-02T12:19:54.517,3,-151.318,452.796,18.75,1.0,0.0,GOING_TO_ENDPOINT,dump_zone_22,load_zone_22,0.000323,0.000866
119.0,2026-07-02T12:20:08.803,1,-97.5,483.227,26.925,-0.5,0.0,GOING_TO_ENDPOINT,dump_zone_23,load_zone_22,0.00025,0.00067
119.0,2026-07-02T12:20:08.803,2,702.599,-158.547,17.941,0.9167,0.0,GOING_TO_ENDPOINT,dump_zone_11,load_zone_26,0.000315,0.000844
119.0,2026-07-02T12:20:08.803,3,-145.627,452.498,21.65,0.4167,0.0,GOING_TO_ENDPOINT,dump_zone_22,load_zone_22,0.000293,0.000785
120.0,2026-07-02T12:20:10.161,1,-97.5,476.018,25.125,-0.5,0.0,GOING_TO_ENDPOINT,dump_zone_23,load_zone_22,0.00025,0.00067
120.0,2026-07-02T12:20:10.161,2,702.494,-163.879,19.716,0.0347,0.0,GOING_TO_ENDPOINT,dump_zone_11,load_zone_26,0.000265,0.00071
120.0,2026-07-02T12:20:10.161,3,-139.597,452.496,21.225,-0.5,0.0,GOING_TO_ENDPOINT,dump_zone_22,load_zone_22,0.00025,0.00067
121.0,2026-07-02T12:20:11.292,1,-97.5,469.31,23.325,-0.5,0.0,GOING_TO_ENDPOINT,dump_zone_23,load_zone_22,0.00025,0.00067
121.0,2026-07-02T12:20:11.292,2,702.497,-169.191,18.353,-0.5,0.0,GOING_TO_ENDPOINT,dump_zone_11,load_zone_26,0.00025,0.00067
121.0,2026-07-02T12:20:11.292,3,-133.972,452.5,19.425,-0.5,0.0,GOING_TO_ENDPOINT,dump_zone_22,load_zone_22,0.00025,0.00067
122.0,2026-07-02T12:20:16.000,1,-97.5,463.102,21.525,-0.5,0.0,GOING_TO_ENDPOINT,dump_zone_23,load_zone_22,0.00025,0.00067
122.0,2026-07-02T12:20:16.000,2,702.5,-174.018,16.553,-0.5,0.0,GOING_TO_ENDPOINT,dump_zone_11,load_zone_26,0.00025,0.00067
122.0,2026-07-02T12:20:16.000,3,-128.847,452.5,17.625,-0.5,0.0,GOING_TO_ENDPOINT,dump_zone_22,load_zone_22,0.00025,0.00067
123.0,2026-07-02T12:20:16.883,1,-97.5,457.393,19.725,-0.5,0.0,GOING_TO_ENDPOINT,dump_zone_23,load_zone_22,0.00025,0.00067
123.0,2026-07-02T12:20:16.883,2,702.5,-178.345,14.753,-0.5,0.0,GOING_TO_ENDPOINT,dump_zone_11,load_zone_26,0.00025,0.00067
123.0,2026-07-02T12:20:16.883,3,-124.222,452.5,15.825,-0.5,0.0,GOING_TO_ENDPOINT,dump_zone_22,load_zone_22,0.00025,0.00067
124.0,2026-07-02T12:20:18.972,1,-97.515,452.185,17.925,-0.5,0.0,GOING_TO_ENDPOINT,dump_zone_23,load_zone_22,0.00025,0.00067
124.0,2026-07-02T12:20:18.972,2,702.5,-182.173,12.953,-0.5,0.0,GOING_TO_ENDPOINT,dump_zone_11,load_zone_26,0.00025,0.00067
124.0,2026-07-02T12:20:18.972,3,-120.097,452.5,14.025,-0.5,0.0,GOING_TO_ENDPOINT,dump_zone_22,load_zone_22,0.00025,0.00067
125.0,2026-07-02T12:20:20.249,1,-98.534,447.618,16.125,-0.5,0.0,GOING_TO_ENDPOINT,dump_zone_23,load_zone_22,0.00025,0.00067
125.0,2026-07-02T12:20:20.249,2,702.5,-185.5,11.153,-0.5,0.0,GOING_TO_ENDPOINT,dump_zone_11,load_zone_26,0.00025,0.00067
125.0,2026-07-02T12:20:20.249,3,-116.472,452.5,12.225,-0.5,0.0,GOING_TO_ENDPOINT,dump_zone_22,load_zone_22,0.00025,0.00067
126.0,2026-07-02T12:20:23.517,1,-101.33,444.402,15.45,0.25,0.0,GOING_TO_ENDPOINT,dump_zone_23,load_zone_22,0.000272,0.000729
126.0,2026-07-02T12:20:23.517,2,702.5,-188.327,9.353,-0.5,0.0,GOING_TO_ENDPOINT,dump_zone_11,load_zone_26,0.00025,0.00067
126.0,2026-07-02T12:20:23.517,3,-113.35,452.572,10.425,-0.5,0.0,GOING_TO_ENDPOINT,dump_zone_22,load_zone_22,0.00025,0.00067
127.0,2026-07-02T12:20:24.731,1,-104.729,441.256,18.15,1.0,0.0,GOING_TO_ENDPOINT,dump_zone_23,load_zone_22,0.00032,0.000858
127.0,2026-07-02T12:20:24.731,2,702.256,-190.634,7.553,-0.5,0.0,GOING_TO_ENDPOINT,dump_zone_11,load_zone_26,0.00025,0.00067
127.0,2026-07-02T12:20:24.731,3,-110.808,453.193,8.625,-0.5,0.0,GOING_TO_ENDPOINT,dump_zone_22,load_zone_22,0.00025,0.00067
128.0,2026-07-02T12:20:25.991,1,-108.658,437.289,21.75,1.0,0.0,GOING_TO_ENDPOINT,dump_zone_23,load_zone_22,0.000334,0.000895
128.0,2026-07-02T12:20:25.991,2,702.242,-192.445,5.753,-0.5,0.0,GOING_TO_ENDPOINT,dump_zone_11,load_zone_26,0.00025,0.00067
128.0,2026-07-02T12:20:25.991,3,-108.822,453.946,6.825,-0.5,0.0,GOING_TO_ENDPOINT,dump_zone_22,load_zone_22,0.00025,0.00067
129.0,2026-07-02T12:20:27.632,1,-113.175,432.5,25.35,1.0,0.0,GOING_TO_ENDPOINT,dump_zone_23,load_zone_22,0.000348,0.000933
129.0,2026-07-02T12:20:27.632,2,702.734,-193.672,3.953,-0.5,0.0,GOING_TO_ENDPOINT,dump_zone_11,load_zone_26,0.00025,0.00067
129.0,2026-07-02T12:20:27.632,3,-107.176,454.306,5.575,-0.25,0.0,GOING_TO_ENDPOINT,dump_zone_22,load_zone_22,0.00025,0.00067
130.0,2026-07-02T12:20:29.634,1,-118.356,427.029,28.25,0.4167,0.0,GOING_TO_ENDPOINT,dump_zone_23,load_zone_22,0.000306,0.00082
130.0,2026-07-02T12:20:29.634,2,703.23,-194.332,2.153,-0.5,0.0,LOADING,dump_zone_11,load_zone_26,0.00025,0.00067
130.0,2026-07-02T12:20:29.634,3,-105.822,454.439,4.372,-0.1773,0.0,GOING_TO_ENDPOINT,dump_zone_22,load_zone_22,0.00025,0.00067
131.0,2026-07-02T12:20:31.376,1,-123.793,421.349,27.825,-0.5,0.0,GOING_TO_ENDPOINT,dump_zone_23,load_zone_22,0.00025,0.00067
131.0,2026-07-02T12:20:31.376,2,703.454,-194.571,0.353,-0.5,0.0,LOADING,dump_zone_11,load_zone_26,0.00025,0.00067
131.0,2026-07-02T12:20:31.376,3,-104.54,454.492,5.371,0.719,0.0,GOING_TO_ENDPOINT,dump_zone_22,load_zone_22,0.000266,0.000713
132.0,2026-07-02T12:20:33.076,1,-128.997,416.007,26.025,-0.5,0.0,GOING_TO_ENDPOINT,dump_zone_23,load_zone_22,0.00025,0.00067
132.0,2026-07-02T12:20:33.076,2,703.458,-194.575,0.0,-0.5,0.0,LOADING,dump_zone_11,load_zone_26,0.00025,0.00067
132.0,2026-07-02T12:20:33.076,3,-102.78,454.466,6.61,-0.1143,0.0,GOING_TO_ENDPOINT,dump_zone_22,load_zone_22,0.000252,0.000675
133.0,2026-07-02T12:20:34.204,1,-133.914,411.083,24.225,-0.5,0.0,GOING_TO_ENDPOINT,dump_zone_23,load_zone_22,0.00025,0.00067
133.0,2026-07-02T12:20:34.204,2,704.542,-195.341,7.2,0.0,1000.0,TURNING_AROUND,load_zone_26,dump_zone_3,0.000258,0.000691
133.0,2026-07-02T12:20:34.204,3,-101.185,454.122,5.273,-0.25,0.0,GOING_TO_ENDPOINT,dump_zone_22,load_zone_22,0.00025,0.00067
134.0,2026-07-02T12:20:35.002,1,-138.556,406.593,22.425,-0.5,0.0,GOING_TO_ENDPOINT,dump_zone_23,load_zone_22,0.00025,0.00067
134.0,2026-07-02T12:20:35.002,2,706.191,-195.739,5.4,0.0,1000.0,TURNING_AROUND,load_zone_26,dump_zone_3,0.000256,0.000686
134.0,2026-07-02T12:20:35.002,3,-99.902,453.287,6.323,0.75,0.0,GOING_TO_ENDPOINT,dump_zone_22,load_zone_22,0.000269,0.000721
135.0,2026-07-02T12:20:35.713,1,-142.937,402.555,20.625,-0.5,0.0,GOING_TO_ENDPOINT,dump_zone_23,load_zone_22,0.00025,0.00067
135.0,2026-07-02T12:20:35.713,2,705.006,-195.955,7.2,0.0,1000.0,TURNING_AROUND,load_zone_26,dump_zone_3,0.000258,0.000691
135.0,2026-07-02T12:20:35.713,3,-98.808,451.325,9.848,1.0,0.0,GOING_TO_ENDPOINT,dump_zone_22,load_zone_22,0.000288,0.000772
136.0,2026-07-02T12:20:37.027,1,-147.13,399.062,18.825,-0.5,0.0,GOING_TO_ENDPOINT,dump_zone_23,load_zone_22,0.00025,0.00067
136.0,2026-07-02T12:20:37.027,2,706.549,-194.716,7.2,0.0,1000.0,TURNING_AROUND,load_zone_26,dump_zone_3,0.000258,0.000691
136.0,2026-07-02T12:20:37.027,3,-98.914,448.219,11.969,0.1404,0.0,GOING_TO_ENDPOINT,dump_zone_22,load_zone_22,0.000263,0.000705
137.0,2026-07-02T12:20:38.381,1,-151.245,396.304,17.025,-0.5,0.0,GOING_TO_ENDPOINT,dump_zone_23,load_zone_22,0.00025,0.00067
137.0,2026-07-02T12:20:38.381,2,706.846,-194.442,0.0,0.0,1000.0,RETURNING_TO_START,load_zone_26,dump_zone_3,0.00025,0.00067
137.0,2026-07-02T12:20:38.381,3,-100.695,445.493,11.924,0.3071,0.0,GOING_TO_ENDPOINT,dump_zone_22,load_zone_22,0.000269,0.000721
138.0,2026-07-02T12:20:39.314,1,-155.333,394.546,15.225,-0.5,0.0,GOING_TO_ENDPOINT,dump_zone_23,load_zone_22,0.00025,0.00067
138.0,2026-07-02T12:20:39.314,2,706.846,-194.409,0.525,0.5,1000.0,RETURNING_TO_START,load_zone_26,dump_zone_3,0.000252,0.000675
138.0,2026-07-02T12:20:39.314,3,-103.213,442.811,14.761,1.0,0.0,GOING_TO_ENDPOINT,dump_zone_22,load_zone_22,0.000307,0.000823
139.0,2026-07-02T12:20:40.450,1,-159.157,393.525,13.425,-0.5,0.0,GOING_TO_ENDPOINT,dump_zone_23,load_zone_22,0.00025,0.00067
139.0,2026-07-02T12:20:40.450,2,706.797,-193.817,3.75,1.0,1000.0,RETURNING_TO_START,load_zone_26,dump_zone_3,0.000274,0.000734
139.0,2026-07-02T12:20:40.450,3,-106.484,439.518,18.361,1.0,0.0,GOING_TO_ENDPOINT,dump_zone_22,load_zone_22,0.000321,0.00086
140.0,2026-07-02T12:20:41.925,1,-162.51,392.695,11.625,-0.5,0.0,GOING_TO_ENDPOINT,dump_zone_23,load_zone_22,0.00025,0.00067
140.0,2026-07-02T12:20:41.925,2,706.236,-192.348,7.35,1.0,1000.0,RETURNING_TO_START,load_zone_26,dump_zone_3,0.000297,0.000796
140.0,2026-07-02T12:20:41.925,3,-110.393,435.449,21.961,1.0,0.0,GOING_TO_ENDPOINT,dump_zone_22,load_zone_22,0.000335,0.000898
141.0,2026-07-02T12:20:43.313,1,-165.431,393.014,9.825,-0.5,0.0,GOING_TO_ENDPOINT,dump_zone_23,load_zone_22,0.00025,0.00067
141.0,2026-07-02T12:20:43.313,2,704.513,-190.443,10.95,1.0,1000.0,RETURNING_TO_START,load_zone_26,dump_zone_3,0.000321,0.00086
141.0,2026-07-02T12:20:43.313,3,-114.952,430.619,25.561,1.0,0.0,GOING_TO_ENDPOINT,dump_zone_22,load_zone_22,0.000349,0.000935
142.0,2026-07-02T12:20:45.000,1,-167.694,393.965,8.025,-0.5,0.0,GOING_TO_ENDPOINT,dump_zone_23,load_zone_22,0.00025,0.00067
142.0,2026-07-02T12:20:45.000,2,701.85,-188.046,14.55,1.0,1000.0,RETURNING_TO_START,load_zone_26,dump_zone_3,0.000344,0.000922
142.0,2026-07-02T12:20:45.000,3,-120.124,425.175,27.766,0.1681,0.0,GOING_TO_ENDPOINT,dump_zone_22,load_zone_22,0.000283,0.000758
143.0,2026-07-02T12:20:47.089,1,-169.413,394.903,6.225,-0.5,0.0,GOING_TO_ENDPOINT,dump_zone_23,load_zone_22,0.00025,0.00067
143.0,2026-07-02T12:20:47.089,2,698.893,-184.567,18.15,1.0,1000.0,RETURNING_TO_START,load_zone_26,dump_zone_3,0.000367,0.000984
143.0,2026-07-02T12:20:47.089,3,-125.396,419.694,26.669,-0.5,0.0,GOING_TO_ENDPOINT,dump_zone_22,load_zone_22,0.00025,0.00067
144.0,2026-07-02T12:20:49.282,1,-170.69,395.616,4.525,-0.4167,0.0,GOING_TO_ENDPOINT,dump_zone_23,load_zone_22,0.00025,0.00067
144.0,2026-07-02T12:20:49.282,2,697.495,-179.384,20.1,0.0833,1000.0,RETURNING_TO_START,load_zone_26,dump_zone_3,0.00028,0.00075
144.0,2026-07-02T12:20:49.282,3,-130.394,414.599,24.869,-0.5,0.0,GOING_TO_ENDPOINT,dump_zone_22,load_zone_22,0.00025,0.00067
145.0,2026-07-02T12:20:50.910,1,-171.577,396.17,3.225,-0.4167,0.0,LOADING,dump_zone_23,load_zone_22,0.00025,0.00067
145.0,2026-07-02T12:20:50.910,2,697.459,-173.947,18.825,-0.5,1000.0,RETURNING_TO_START,load_zone_26,dump_zone_3,0.00025,0.00067
145.0,2026-07-02T12:20:50.910,3,-135.1,409.919,23.069,-0.5,0.0,GOING_TO_ENDPOINT,dump_zone_22,load_zone_22,0.00025,0.00067
146.0,2026-07-02T12:20:52.026,1,-172.042,396.587,1.425,-0.5,0.0,LOADING,dump_zone_23,load_zone_22,0.00025,0.00067
146.0,2026-07-02T12:20:52.026,2,697.501,-168.989,17.025,-0.5,1000.0,RETURNING_TO_START,load_zone_26,dump_zone_3,0.00025,0.00067
146.0,2026-07-02T12:20:52.026,3,-139.527,405.668,21.269,-0.5,0.0,GOING_TO_ENDPOINT,dump_zone_22,load_zone_22,0.00025,0.00067
147.0,2026-07-02T12:20:53.462,1,-172.138,396.69,0.0,-0.1667,0.0,LOADING,dump_zone_23,load_zone_22,0.00025,0.00067
147.0,2026-07-02T12:20:53.462,2,697.502,-164.531,15.225,-0.5,1000.0,RETURNING_TO_START,load_zone_26,dump_zone_3,0.00025,0.00067
147.0,2026-07-02T12:20:53.462,3,-143.704,401.883,19.469,-0.5,0.0,GOING_TO_ENDPOINT,dump_zone_22,load_zone_22,0.00025,0.00067
148.0,2026-07-02T12:20:54.427,1,-172.465,397.124,7.2,0.0,1000.0,TURNING_AROUND,load_zone_22,dump_zone_22,0.000258,0.000691
148.0,2026-07-02T12:20:54.427,2,697.5,-160.572,13.425,-0.5,1000.0,RETURNING_TO_START,load_zone_26,dump_zone_3,0.00025,0.00067
148.0,2026-07-02T12:20:54.427,3,-147.689,398.643,17.669,-0.5,0.0,GOING_TO_ENDPOINT,dump_zone_22,load_zone_22,0.00025,0.00067
149.0,2026-07-02T12:20:55.629,1,-173.1,398.999,7.2,0.0,1000.0,TURNING_AROUND,load_zone_22,dump_zone_22,0.000258,0.000691
149.0,2026-07-02T12:20:55.629,2,697.5,-157.114,11.625,-0.5,1000.0,RETURNING_TO_START,load_zone_26,dump_zone_3,0.00025,0.00067
149.0,2026-07-02T12:20:55.629,3,-151.581,396.13,15.869,-0.5,0.0,GOING_TO_ENDPOINT,dump_zone_22,load_zone_22,0.00025,0.00067
150.0,2026-07-02T12:20:56.941,1,-173.304,398.689,5.4,0.0,1000.0,TURNING_AROUND,load_zone_22,dump_zone_22,0.000256,0.000686
150.0,2026-07-02T12:20:56.941,2,697.5,-154.156,9.825,-0.5,1000.0,RETURNING_TO_START,load_zone_26,dump_zone_3,0.00025,0.00067
150.0,2026-07-02T12:20:56.941,3,-155.39,394.534,14.069,-0.5,0.0,GOING_TO_ENDPOINT,dump_zone_22,load_zone_22,0.00025,0.00067
151.0,2026-07-02T12:20:58.160,1,-172.713,399.299,7.2,0.0,1000.0,TURNING_AROUND,load_zone_22,dump_zone_22,0.000258,0.000691
151.0,2026-07-02T12:20:58.160,2,697.483,-151.698,8.025,-0.5,1000.0,RETURNING_TO_START,load_zone_26,dump_zone_3,0.00025,0.00067
151.0,2026-07-02T12:20:58.160,3,-158.912,393.628,12.269,-0.5,0.0,GOING_TO_ENDPOINT,dump_zone_22,load_zone_22,0.00025,0.00067
152.0,2026-07-02T12:20:59.419,1,-171.276,400.201,5.4,0.0,1000.0,TURNING_AROUND,load_zone_22,dump_zone_22,0.000256,0.000686
152.0,2026-07-02T12:20:59.419,2,696.91,-149.796,6.925,0.0833,1000.0,RETURNING_TO_START,load_zone_26,dump_zone_3,0.00026,0.000697
152.0,2026-07-02T12:20:59.419,3,-161.902,392.688,10.469,-0.5,0.0,GOING_TO_ENDPOINT,dump_zone_22,load_zone_22,0.00025,0.00067
153.0,2026-07-02T12:21:00.816,1,-171.965,400.052,0.75,0.6667,1000.0,RETURNING_TO_START,load_zone_22,dump_zone_22,0.000253,0.000678
153.0,2026-07-02T12:21:00.816,2,695.467,-148.172,9.15,1.0,1000.0,RETURNING_TO_START,load_zone_26,dump_zone_3,0.000309,0.000828
153.0,2026-07-02T12:21:00.816,3,-164.518,392.746,8.669,-0.5,0.0,GOING_TO_ENDPOINT,dump_zone_22,load_zone_22,0.00025,0.00067
154.0,2026-07-02T12:21:02.068,1,-171.257,400.0,4.2,1.0,1000.0,RETURNING_TO_START,load_zone_22,dump_zone_22,0.000277,0.000742
154.0,2026-07-02T12:21:02.068,2,693.165,-146.121,12.75,1.0,1000.0,RETURNING_TO_START,load_zone_26,dump_zone_3,0.000332,0.00089
154.0,2026-07-02T12:21:02.068,3,-166.542,393.422,6.869,-0.5,0.0,GOING_TO_ENDPOINT,dump_zone_22,load_zone_22,0.00025,0.00067
155.0,2026-07-02T12:22:55.654,1,-169.568,400.222,7.8,1.0,1000.0,RETURNING_TO_START,load_zone_22,dump_zone_22,0.0003,0.000804
155.0,2026-07-02T12:22:55.654,2,690.1,-143.423,16.35,1.0,1000.0,RETURNING_TO_START,load_zone_26,dump_zone_3,0.000355,0.000951
155.0,2026-07-02T12:22:55.654,3,-168.046,394.158,5.469,-0.4167,0.0,GOING_TO_ENDPOINT,dump_zone_22,load_zone_22,0.00025,0.00067
156.0,2026-07-02T12:22:59.604,1,-166.977,400.699,10.9,0.9167,1000.0,RETURNING_TO_START,load_zone_22,dump_zone_22,0.000315,0.000844
156.0,2026-07-02T12:22:59.604,2,686.4,-139.938,19.95,1.0,1000.0,RETURNING_TO_START,load_zone_26,dump_zone_3,0.000379,0.001016
156.0,2026-07-02T12:22:59.604,3,-169.225,394.806,4.369,-0.4167,0.0,GOING_TO_ENDPOINT,dump_zone_22,load_zone_22,0.00025,0.00067
157.0,2026-07-02T12:23:04.358,1,-163.695,399.847,12.85,0.0833,1000.0,RETURNING_TO_START,load_zone_22,dump_zone_22,0.000269,0.000721
157.0,2026-07-02T12:23:04.358,2,682.112,-135.651,23.175,0.5833,1000.0,RETURNING_TO_START,load_zone_26,dump_zone_3,0.000347,0.00093
157.0,2026-07-02T12:23:04.358,3,-170.067,395.271,2.669,-0.5,0.0,LOADING,dump_zone_22,load_zone_22,0.00025,0.00067
158.0,2026-07-02T12:23:07.322,1,-160.409,398.914,11.575,-0.5,1000.0,RETURNING_TO_START,load_zone_22,dump_zone_22,0.00025,0.00067
158.0,2026-07-02T12:23:07.322,2,677.487,-131.022,23.375,-0.25,1000.0,RETURNING_TO_START,load_zone_26,dump_zone_3,0.00025,0.00067
158.0,2026-07-02T12:23:07.322,3,-170.481,395.494,0.869,-0.5,0.0,LOADING,dump_zone_22,load_zone_22,0.00025,0.00067
159.0,2026-07-02T12:23:10.208,1,-157.482,399.048,9.786,-0.4641,1000.0,RETURNING_TO_START,load_zone_22,dump_zone_22,0.00025,0.00067
159.0,2026-07-02T12:23:10.208,2,673.042,-126.577,21.825,-0.5,1000.0,RETURNING_TO_START,load_zone_26,dump_zone_3,0.00025,0.00067
159.0,2026-07-02T12:23:10.208,3,-170.525,395.518,0.0,-0.1635,0.0,LOADING,dump_zone_22,load_zone_22,0.00025,0.00067
160.0,2026-07-02T12:23:11.768,1,-155.142,399.826,8.372,-0.0833,1000.0,RETURNING_TO_START,load_zone_22,dump_zone_22,0.000255,0.000683
160.0,2026-07-02T12:23:11.768,2,668.946,-122.482,20.025,-0.5,1000.0,RETURNING_TO_START,load_zone_26,dump_zone_3,0.00025,0.00067
160.0,2026-07-02T12:23:11.768,3,-171.198,396.007,7.2,0.0,1000.0,TURNING_AROUND,load_zone_22,dump_zone_23,0.000258,0.000691
161.0,2026-07-02T12:23:12.697,1,-152.972,400.983,9.522,0.4167,1000.0,RETURNING_TO_START,load_zone_22,dump_zone_22,0.000281,0.000753
161.0,2026-07-02T12:23:12.697,2,665.205,-118.74,18.225,-0.5,1000.0,RETURNING_TO_START,load_zone_26,dump_zone_3,0.00025,0.00067
161.0,2026-07-02T12:23:12.697,3,-172.298,397.652,7.2,0.0,1000.0,TURNING_AROUND,load_zone_22,dump_zone_23,0.000258,0.000691
162.0,2026-07-02T12:23:13.682,1,-150.525,402.691,12.222,1.0,1000.0,RETURNING_TO_START,load_zone_22,dump_zone_22,0.000329,0.000882
162.0,2026-07-02T12:23:13.682,2,661.816,-115.352,16.425,-0.5,1000.0,RETURNING_TO_START,load_zone_26,dump_zone_3,0.00025,0.00067
162.0,2026-07-02T12:23:13.682,3,-172.266,396.733,5.4,0.0,1000.0,TURNING_AROUND,load_zone_22,dump_zone_23,0.000256,0.000686
163.0,2026-07-02T12:23:14.503,1,-147.486,405.192,15.822,1.0,1000.0,RETURNING_TO_START,load_zone_22,dump_zone_22,0.000352,0.000943
163.0,2026-07-02T12:23:14.503,2,658.782,-112.317,14.625,-0.5,1000.0,RETURNING_TO_START,load_zone_26,dump_zone_3,0.00025,0.00067
163.0,2026-07-02T12:23:14.503,3,-171.754,398.05,7.2,0.0,1000.0,TURNING_AROUND,load_zone_22,dump_zone_23,0.000258,0.000691
164.0,2026-07-02T12:23:15.197,1,-143.823,408.5,19.422,1.0,1000.0,RETURNING_TO_START,load_zone_22,dump_zone_22,0.000375,0.001005
164.0,2026-07-02T12:23:15.197,2,656.084,-109.62,12.925,-0.5,1000.0,RETURNING_TO_START,load_zone_26,dump_zone_3,0.00025,0.00067
164.0,2026-07-02T12:23:15.197,3,-171.072,398.951,5.4,0.0,1000.0,TURNING_AROUND,load_zone_22,dump_zone_23,0.000256,0.000686
165.0,2026-07-02T12:23:16.762,1,-139.545,412.573,22.696,0.8497,1000.0,RETURNING_TO_START,load_zone_22,dump_zone_22,0.000378,0.001013
165.0,2026-07-02T12:23:16.762,2,653.737,-107.273,11.125,-0.5,1000.0,RETURNING_TO_START,load_zone_26,dump_zone_3,0.00025,0.00067
165.0,2026-07-02T12:23:16.762,3,-171.604,398.593,7.2,0.0,1000.0,TURNING_AROUND,load_zone_22,dump_zone_23,0.000258,0.000691
166.0,2026-07-02T12:23:19.645,1,-134.881,417.177,23.805,-0.1503,1000.0,RETURNING_TO_START,load_zone_22,dump_zone_22,0.000256,0.000686
166.0,2026-07-02T12:23:19.645,2,651.734,-105.269,9.388,-0.5,1000.0,RETURNING_TO_START,load_zone_26,dump_zone_3,0.00025,0.00067
166.0,2026-07-02T12:23:19.645,3,-171.406,398.612,0.532,0.5033,1000.0,RETURNING_TO_START,load_zone_22,dump_zone_23,0.000252,0.000675
167.0,2026-07-02T12:23:21.378,1,-130.398,421.725,22.175,-0.5,1000.0,RETURNING_TO_START,load_zone_22,dump_zone_22,0.00025,0.00067
167.0,2026-07-02T12:23:21.378,2,650.085,-103.614,7.588,-0.5,1000.0,RETURNING_TO_START,load_zone_26,dump_zone_3,0.00025,0.00067
167.0,2026-07-02T12:23:21.378,3,-170.809,398.579,3.762,1.0,1000.0,RETURNING_TO_START,load_zone_22,dump_zone_23,0.000274,0.000734
168.0,2026-07-02T12:23:23.045,1,-126.301,425.955,20.375,-0.5,1000.0,RETURNING_TO_START,load_zone_22,dump_zone_22,0.00025,0.00067
168.0,2026-07-02T12:23:23.045,2,648.632,-102.498,5.938,-0.25,1000.0,RETURNING_TO_START,load_zone_26,dump_zone_3,0.00025,0.00067
168.0,2026-07-02T12:23:23.045,3,-169.271,398.926,7.362,1.0,1000.0,RETURNING_TO_START,load_zone_22,dump_zone_23,0.000297,0.000796
169.0,2026-07-02T12:23:24.546,1,-122.575,429.847,18.575,-0.5,1000.0,RETURNING_TO_START,load_zone_22,dump_zone_22,0.00025,0.00067
169.0,2026-07-02T12:23:24.546,2,646.966,-102.099,6.988,0.75,1000.0,RETURNING_TO_START,load_zone_26,dump_zone_3,0.000286,0.000766
169.0,2026-07-02T12:23:24.546,3,-166.826,399.737,10.962,1.0,1000.0,RETURNING_TO_START,load_zone_22,dump_zone_23,0.000321,0.00086
170.0,2026-07-02T12:23:26.413,1,-119.208,433.392,16.775,-0.5,1000.0,RETURNING_TO_START,load_zone_22,dump_zone_22,0.00025,0.00067
170.0,2026-07-02T12:23:26.413,2,644.504,-102.103,10.513,1.0,1000.0,RETURNING_TO_START,load_zone_26,dump_zone_3,0.000318,0.000852
170.0,2026-07-02T12:23:26.413,3,-163.419,399.511,12.983,0.1071,1000.0,RETURNING_TO_START,load_zone_22,dump_zone_23,0.000271,0.000726
171.0,2026-07-02T12:23:28.042,1,-116.194,436.582,14.975,-0.5,1000.0,RETURNING_TO_START,load_zone_22,dump_zone_22,0.00025,0.00067
171.0,2026-07-02T12:23:28.042,2,641.047,-102.28,14.113,1.0,1000.0,RETURNING_TO_START,load_zone_26,dump_zone_3,0.000341,0.000914
171.0,2026-07-02T12:23:28.042,3,-160.004,398.909,11.758,-0.5,1000.0,RETURNING_TO_START,load_zone_22,dump_zone_23,0.00025,0.00067
172.0,2026-07-02T12:23:29.940,1,-113.527,439.412,13.175,-0.5,1000.0,RETURNING_TO_START,load_zone_22,dump_zone_22,0.00025,0.00067
172.0,2026-07-02T12:23:29.940,2,636.589,-102.459,17.713,1.0,1000.0,RETURNING_TO_START,load_zone_26,dump_zone_3,0.000364,0.000976
172.0,2026-07-02T12:23:29.940,3,-157.034,399.178,9.958,-0.5,1000.0,RETURNING_TO_START,load_zone_22,dump_zone_23,0.00025,0.00067
173.0,2026-07-02T12:23:32.623,1,-111.177,441.853,11.375,-0.5,1000.0,RETURNING_TO_START,load_zone_22,dump_zone_22,0.00025,0.00067
173.0,2026-07-02T12:23:32.623,2,631.176,-102.501,20.612,0.4167,1000.0,RETURNING_TO_START,load_zone_26,dump_zone_3,0.000318,0.000852
173.0,2026-07-02T12:23:32.623,3,-154.639,400.071,9.004,0.1373,1000.0,RETURNING_TO_START,load_zone_22,dump_zone_23,0.000266,0.000713
174.0,2026-07-02T12:23:35.306,1,-108.758,443.401,9.575,-0.5,1000.0,RETURNING_TO_START,load_zone_22,dump_zone_22,0.00025,0.00067
174.0,2026-07-02T12:23:35.306,2,625.435,-102.5,20.187,-0.5,1000.0,RETURNING_TO_START,load_zone_26,dump_zone_3,0.00025,0.00067
174.0,2026-07-02T12:23:35.306,3,-152.238,401.478,11.391,1.0,1000.0,RETURNING_TO_START,load_zone_22,dump_zone_23,0.000323,0.000866
175.0,2026-07-02T12:23:38.432,1,-106.598,444.415,7.775,-0.5,1000.0,RETURNING_TO_START,load_zone_22,dump_zone_22,0.00025,0.00067
175.0,2026-07-02T12:23:38.432,2,620.098,-102.5,18.387,-0.5,1000.0,RETURNING_TO_START,load_zone_26,dump_zone_3,0.00025,0.00067
175.0,2026-07-02T12:23:38.432,3,-149.309,403.672,14.673,1.0,1000.0,RETURNING_TO_START,load_zone_22,dump_zone_23,0.000345,0.000925
176.0,2026-07-02T12:23:40.944,1,-105.093,445.552,5.975,-0.5,1000.0,RETURNING_TO_START,load_zone_22,dump_zone_22,0.00025,0.00067
176.0,2026-07-02T12:23:40.944,2,615.261,-102.5,16.587,-0.5,1000.0,RETURNING_TO_START,load_zone_26,dump_zone_3,0.00025,0.00067
176.0,2026-07-02T12:23:40.944,3,-145.812,406.686,18.273,1.0,1000.0,RETURNING_TO_START,load_zone_22,dump_zone_23,0.000368,0.000986
177.0,2026-07-02T12:23:44.069,1,-104.015,446.572,5.3,0.25,1000.0,RETURNING_TO_START,load_zone_22,dump_zone_22,0.000263,0.000705
177.0,2026-07-02T12:23:44.069,2,610.925,-102.5,14.787,-0.5,1000.0,RETURNING_TO_START,load_zone_26,dump_zone_3,0.00025,0.00067
177.0,2026-07-02T12:23:44.069,3,-141.705,410.491,21.568,0.7847,1000.0,RETURNING_TO_START,load_zone_22,dump_zone_23,0.000364,0.000976
178.0,2026-07-02T12:23:46.850,1,-102.873,447.744,6.114,0.0238,1000.0,RETURNING_TO_START,load_zone_22,dump_zone_22,0.000257,0.000689
178.0,2026-07-02T12:23:46.850,2,607.088,-102.5,12.987,-0.5,1000.0,RETURNING_TO_START,load_zone_26,dump_zone_3,0.00025,0.00067
178.0,2026-07-02T12:23:46.850,3,-137.193,414.872,23.151,0.1909,1000.0,RETURNING_TO_START,load_zone_22,dump_zone_23,0.000298,0.000799
179.0,2026-07-02T12:23:50.352,1,-101.912,449.055,5.435,-0.484,1000.0,RETURNING_TO_START,load_zone_22,dump_zone_22,0.00025,0.00067
179.0,2026-07-02T12:23:50.352,2,603.751,-102.5,11.187,-0.5,1000.0,RETURNING_TO_START,load_zone_26,dump_zone_3,0.00025,0.00067
179.0,2026-07-02T12:23:50.352,3,-132.687,419.391,22.652,-0.329,1000.0,RETURNING_TO_START,load_zone_22,dump_zone_23,0.00025,0.00067
180.0,2026-07-02T12:23:53.474,1,-101.463,450.204,3.635,-0.5,1000.0,RETURNING_TO_START,load_zone_22,dump_zone_22,0.00025,0.00067
180.0,2026-07-02T12:23:53.474,2,600.921,-102.382,9.412,-0.4167,1000.0,RETURNING_TO_START,load_zone_26,dump_zone_3,0.00025,0.00067
180.0,2026-07-02T12:23:53.474,3,-128.36,423.823,22.067,-0.329,1000.0,RETURNING_TO_START,load_zone_22,dump_zone_23,0.00025,0.00067
181.0,2026-07-02T12:23:55.597,1,-101.367,450.936,1.835,-0.5,1000.0,RETURNING_TO_START,load_zone_22,dump_zone_22,0.00025,0.00067
181.0,2026-07-02T12:23:55.597,2,598.707,-101.11,9.812,0.4167,1000.0,RETURNING_TO_START,load_zone_26,dump_zone_3,0.000282,0.000756
181.0,2026-07-02T12:23:55.597,3,-124.286,428.057,20.395,-0.5,1000.0,RETURNING_TO_START,load_zone_22,dump_zone_23,0.00025,0.00067
182.0,2026-07-02T12:23:58.257,1,-101.364,451.175,0.035,-0.5,1000.0,RETURNING_TO_START,load_zone_22,dump_zone_22,0.00025,0.00067
182.0,2026-07-02T12:23:58.257,2,597.555,-98.657,9.412,-0.4167,1000.0,RETURNING_TO_START,load_zone_26,dump_zone_3,0.00025,0.00067
182.0,2026-07-02T12:23:58.257,3,-120.565,431.962,18.595,-0.5,1000.0,RETURNING_TO_START,load_zone_22,dump_zone_23,0.00025,0.00067
183.0,2026-07-02T12:24:00.428,1,-101.364,451.175,0.0,-0.5,1000.0,RETURNING_TO_START,load_zone_22,dump_zone_22,0.00025,0.00067
183.0,2026-07-02T12:24:00.428,2,597.339,-96.069,9.862,0.5833,1000.0,RETURNING_TO_START,load_zone_26,dump_zone_3,0.000291,0.00078
183.0,2026-07-02T12:24:00.428,3,-117.196,435.519,16.895,-0.4167,1000.0,RETURNING_TO_START,load_zone_22,dump_zone_23,0.00025,0.00067
184.0,2026-07-02T12:24:02.760,1,-101.364,451.175,0.0,-0.5,1000.0,RETURNING_TO_START,load_zone_22,dump_zone_22,0.00025,0.00067
184.0,2026-07-02T12:24:02.760,2,597.348,-92.852,13.212,1.0,1000.0,RETURNING_TO_START,load_zone_26,dump_zone_3,0.000335,0.000898
184.0,2026-07-02T12:24:02.760,3,-114.137,438.764,15.32,-0.4167,1000.0,RETURNING_TO_START,load_zone_22,dump_zone_23,0.00025,0.00067
185.0,2026-07-02T12:24:05.081,1,-101.364,451.175,0.0,-0.5,1000.0,RETURNING_TO_START,load_zone_22,dump_zone_22,0.00025,0.00067
185.0,2026-07-02T12:24:05.081,2,597.446,-88.641,16.812,1.0,1000.0,RETURNING_TO_START,load_zone_26,dump_zone_3,0.000358,0.000959
185.0,2026-07-02T12:24:05.081,3,-111.347,441.728,13.895,-0.5,1000.0,RETURNING_TO_START,load_zone_22,dump_zone_23,0.00025,0.00067
186.0,2026-07-02T12:24:08.625,1,-101.364,451.175,0.0,-0.5,1000.0,RETURNING_TO_START,load_zone_22,dump_zone_22,0.00025,0.00067
186.0,2026-07-02T12:24:08.625,2,597.496,-83.43,20.412,1.0,1000.0,RETURNING_TO_START,load_zone_26,dump_zone_3,0.000382,0.001024
186.0,2026-07-02T12:24:08.625,3,-108.886,444.341,12.129,-0.4066,1000.0,RETURNING_TO_START,load_zone_22,dump_zone_23,0.00025,0.00067
187.0,2026-07-02T12:24:11.125,1,-101.364,451.175,0.0,-0.4167,1000.0,RETURNING_TO_START,load_zone_22,dump_zone_22,0.00025,0.00067
187.0,2026-07-02T12:24:11.125,2,597.5,-77.3,23.017,0.3062,1000.0,RETURNING_TO_START,load_zone_26,dump_zone_3,0.000312,0.000836
187.0,2026-07-02T12:24:11.125,3,-107.409,447.144,11.25,-0.2443,1000.0,RETURNING_TO_START,load_zone_22,dump_zone_23,0.00025,0.00067
188.0,2026-07-02T12:24:13.244,1,-101.364,451.175,0.0,-0.25,1000.0,RETURNING_TO_START,load_zone_22,dump_zone_22,0.00025,0.00067
188.0,2026-07-02T12:24:13.244,2,597.5,-70.905,22.51,-0.5,1000.0,RETURNING_TO_START,load_zone_26,dump_zone_3,0.00025,0.00067
188.0,2026-07-02T12:24:13.244,3,-106.38,450.081,11.72,0.5891,1000.0,RETURNING_TO_START,load_zone_22,dump_zone_23,0.0003,0.000804
189.0,2026-07-02T12:24:15.500,1,-101.367,451.27,1.125,0.75,1000.0,RETURNING_TO_START,load_zone_22,dump_zone_22,0.000256,0.000686
189.0,2026-07-02T12:24:15.500,2,597.5,-64.758,22.31,0.25,1000.0,RETURNING_TO_START,load_zone_26,dump_zone_3,0.000304,0.000815
189.0,2026-07-02T12:24:15.500,3,-105.13,453.293,12.491,-0.2443,1000.0,RETURNING_TO_START,load_zone_22,dump_zone_23,0.00025,0.00067
190.0,2026-07-02T12:24:17.655,1,-101.48,452.046,3.95,0.4167,1000.0,RETURNING_TO_START,load_zone_22,dump_zone_22,0.000263,0.000705
190.0,2026-07-02T12:24:17.655,2,597.5,-58.458,22.933,0.1331,1000.0,RETURNING_TO_START,load_zone_26,dump_zone_3,0.000291,0.00078
190.0,2026-07-02T12:24:17.655,3,-103.071,455.762,10.771,-0.5,1000.0,RETURNING_TO_START,load_zone_22,dump_zone_23,0.00025,0.00067
191.0,2026-07-02T12:24:20.084,1,-101.836,453.1,3.525,-0.5,1000.0,RETURNING_TO_START,load_zone_22,dump_zone_22,0.00025,0.00067
191.0,2026-07-02T12:24:20.084,2,597.5,-51.95,23.64,-0.1263,1000.0,RETURNING_TO_START,load_zone_26,dump_zone_3,0.000259,0.000694
191.0,2026-07-02T12:24:20.084,3,-101.252,457.758,8.971,-0.5,1000.0,RETURNING_TO_START,load_zone_22,dump_zone_23,0.00025,0.00067
192.0,2026-07-02T12:24:22.466,1,-102.153,453.754,2.1,-0.0833,1000.0,RETURNING_TO_START,load_zone_22,dump_zone_22,0.000251,0.000673
192.0,2026-07-02T12:24:22.466,2,597.5,-45.398,23.635,0.0404,1000.0,RETURNING_TO_START,load_zone_26,dump_zone_3,0.00028,0.00075
192.0,2026-07-02T12:24:22.466,3,-99.317,458.839,7.171,-0.5,1000.0,RETURNING_TO_START,load_zone_22,dump_zone_23,0.00025,0.00067
193.0,2026-07-02T12:24:23.955,1,-102.597,454.356,3.75,0.9167,1000.0,RETURNING_TO_START,load_zone_22,dump_zone_22,0.000272,0.000729
193.0,2026-07-02T12:24:23.955,2,597.5,-38.78,23.774,0.0177,1000.0,RETURNING_TO_START,load_zone_26,dump_zone_3,0.000277,0.000742
193.0,2026-07-02T12:24:23.955,3,-97.702,459.431,5.396,-0.4167,1000.0,RETURNING_TO_START,load_zone_22,dump_zone_23,0.00025,0.00067
194.0,2026-07-02T12:24:25.325,1,-103.863,455.288,7.35,1.0,1000.0,RETURNING_TO_START,load_zone_22,dump_zone_22,0.000297,0.000796
194.0,2026-07-02T12:24:25.325,2,597.5,-32.236,23.537,0.101,1000.0,RETURNING_TO_START,load_zone_26,dump_zone_3,0.000288,0.000772
194.0,2026-07-02T12:24:25.325,3,-96.519,460.312,5.846,0.5833,1000.0,RETURNING_TO_START,load_zone_22,dump_zone_23,0.000275,0.000737
195.0,2026-07-02T12:24:26.578,1,-106.387,455.55,10.95,1.0,1000.0,RETURNING_TO_START,load_zone_22,dump_zone_22,0.000321,0.00086
195.0,2026-07-02T12:24:26.578,2,597.5,-25.768,23.051,-0.2323,1000.0,RETURNING_TO_START,load_zone_26,dump_zone_3,0.00025,0.00067
195.0,2026-07-02T12:24:26.578,3,-95.569,462.159,9.196,1.0,1000.0,RETURNING_TO_START,load_zone_22,dump_zone_23,0.000309,0.000828
196.0,2026-07-02T12:24:28.316,1,-109.177,453.441,14.55,1.0,1000.0,RETURNING_TO_START,load_zone_22,dump_zone_22,0.000344,0.000922
196.0,2026-07-02T12:24:28.316,2,597.5,-19.381,23.314,0.2677,1000.0,RETURNING_TO_START,load_zone_26,dump_zone_3,0.000308,0.000825
196.0,2026-07-02T12:24:28.316,3,-96.124,465.126,12.796,1.0,1000.0,RETURNING_TO_START,load_zone_22,dump_zone_23,0.000332,0.00089
197.0,2026-07-02T12:24:29.693,1,-112.554,450.352,18.15,1.0,1000.0,RETURNING_TO_START,load_zone_22,dump_zone_22,0.000367,0.000984
197.0,2026-07-02T12:24:29.693,2,597.5,-12.86,23.331,-0.0144,1000.0,RETURNING_TO_START,load_zone_26,dump_zone_3,0.000273,0.000732
197.0,2026-07-02T12:24:29.693,3,-98.923,468.105,16.396,1.0,1000.0,RETURNING_TO_START,load_zone_22,dump_zone_23,0.000356,0.000954
198.0,2026-07-02T12:24:31.245,1,-117.569,448.045,21.75,1.0,1000.0,RETURNING_TO_START,load_zone_22,dump_zone_22,0.00039,0.001045
198.0,2026-07-02T12:24:31.245,2,597.5,-6.42,23.02,-0.1719,1000.0,RETURNING_TO_START,load_zone_26,dump_zone_3,0.000253,0.000678
198.0,2026-07-02T12:24:31.245,3,-101.614,472.395,19.996,1.0,1000.0,RETURNING_TO_START,load_zone_22,dump_zone_23,0.000379,0.001016
199.0,2026-07-02T12:24:33.157,1,-123.95,447.488,23.7,0.0833,1000.0,RETURNING_TO_START,load_zone_22,dump_zone_22,0.000286,0.000766
199.0,2026-07-02T12:24:33.157,2,597.5,-0.059,22.901,-0.0885,1000.0,RETURNING_TO_START,load_zone_26,dump_zone_3,0.000263,0.000705
199.0,2026-07-02T12:24:33.157,3,-102.498,478.367,23.191,0.6299,1000.0,RETURNING_TO_START,load_zone_22,dump_zone_23,0.000353,0.000946
200.0,2026-07-02T12:24:34.681,1,-130.388,447.494,22.425,-0.5,1000.0,RETURNING_TO_START,load_zone_22,dump_zone_22,0.00025,0.00067
200.0,2026-07-02T12:24:34.681,2,597.5,6.288,22.782,-0.0885,1000.0,RETURNING_TO_START,load_zone_26,dump_zone_3,0.000263,0.000705
200.0,2026-07-02T12:24:34.681,3,-102.505,484.939,23.509,-0.3701,1000.0,RETURNING_TO_START,load_zone_22,dump_zone_23,0.00025,0.00067
201.0,2026-07-02T12:24:36.040,1,-136.347,447.501,20.625,-0.5,1000.0,RETURNING_TO_START,load_zone_22,dump_zone_22,0.00025,0.00067
201.0,2026-07-02T12:24:36.040,2,597.5,12.545,22.263,-0.1483,1000.0,RETURNING_TO_START,load_zone_26,dump_zone_3,0.000256,0.000686
201.0,2026-07-02T12:24:36.040,3,-102.499,491.203,21.723,-0.5,1000.0,RETURNING_TO_START,load_zone_22,dump_zone_23,0.00025,0.00067
202.0,2026-07-02T12:24:37.301,1,-141.805,447.5,18.825,-0.5,1000.0,RETURNING_TO_START,load_zone_22,dump_zone_22,0.00025,0.00067
202.0,2026-07-02T12:24:37.301,2,597.5,18.809,23.119,0.5503,1000.0,RETURNING_TO_START,load_zone_26,dump_zone_3,0.000343,0.000919
202.0,2026-07-02T12:24:37.301,3,-102.5,496.966,19.923,-0.5,1000.0,RETURNING_TO_START,load_zone_22,dump_zone_23,0.00025,0.00067
203.0,2026-07-02T12:24:38.655,1,-146.763,447.5,17.025,-0.5,1000.0,RETURNING_TO_START,load_zone_22,dump_zone_22,0.00025,0.00067
203.0,2026-07-02T12:24:38.655,2,597.5,25.502,24.6,0.0503,1000.0,RETURNING_TO_START,load_zone_26,dump_zone_3,0.000283,0.000758
203.0,2026-07-02T12:24:38.655,3,-102.5,502.229,18.123,-0.5,1000.0,RETURNING_TO_START,load_zone_22,dump_zone_23,0.00025,0.00067
204.0,2026-07-02T12:24:39.814,1,-151.222,447.5,15.225,-0.5,1000.0,RETURNING_TO_START,load_zone_22,dump_zone_22,0.00025,0.00067
204.0,2026-07-02T12:24:39.814,2,597.5,32.178,23.291,-0.4167,1000.0,RETURNING_TO_START,load_zone_26,dump_zone_3,0.00025,0.00067
204.0,2026-07-02T12:24:39.814,3,-102.5,506.992,16.323,-0.5,1000.0,RETURNING_TO_START,load_zone_22,dump_zone_23,0.00025,0.00067
205.0,2026-07-02T12:24:41.480,1,-155.18,447.5,13.425,-0.5,1000.0,RETURNING_TO_START,load_zone_22,dump_zone_22,0.00025,0.00067
205.0,2026-07-02T12:24:41.480,2,597.5,38.482,22.241,-0.0833,1000.0,RETURNING_TO_START,load_zone_26,dump_zone_3,0.000264,0.000708
205.0,2026-07-02T12:24:41.480,3,-102.5,511.256,14.523,-0.5,1000.0,RETURNING_TO_START,load_zone_22,dump_zone_23,0.00025,0.00067
206.0,2026-07-02T12:24:42.980,1,-158.597,447.085,11.625,-0.5,1000.0,RETURNING_TO_START,load_zone_22,dump_zone_22,0.00025,0.00067
206.0,2026-07-02T12:24:42.980,2,597.5,44.82,23.725,0.5935,1000.0,RETURNING_TO_START,load_zone_26,dump_zone_3,0.000351,0.000941
206.0,2026-07-02T12:24:42.980,3,-102.5,515.019,12.723,-0.5,1000.0,RETURNING_TO_START,load_zone_22,dump_zone_23,0.00025,0.00067
207.0,2026-07-02T12:24:44.359,1,-161.335,445.974,9.825,-0.5,1000.0,RETURNING_TO_START,load_zone_22,dump_zone_22,0.00025,0.00067
207.0,2026-07-02T12:24:44.359,2,597.5,51.521,23.912,-0.4065,1000.0,RETURNING_TO_START,load_zone_26,dump_zone_3,0.00025,0.00067
207.0,2026-07-02T12:24:44.359,3,-102.5,518.282,10.923,-0.5,1000.0,RETURNING_TO_START,load_zone_22,dump_zone_23,0.00025,0.00067
208.0,2026-07-02T12:24:45.846,1,-163.747,445.54,8.025,-0.5,1000.0,RETURNING_TO_START,load_zone_22,dump_zone_22,0.00025,0.00067
208.0,2026-07-02T12:24:45.846,2,597.5,57.937,22.735,0.0166,1000.0,RETURNING_TO_START,load_zone_26,dump_zone_3,0.000276,0.00074
208.0,2026-07-02T12:24:45.846,3,-102.348,521.031,9.123,-0.5,1000.0,RETURNING_TO_START,load_zone_22,dump_zone_23,0.00025,0.00067
209.0,2026-07-02T12:24:47.396,1,-165.704,445.48,6.225,-0.5,1000.0,RETURNING_TO_START,load_zone_22,dump_zone_22,0.00025,0.00067
209.0,2026-07-02T12:24:47.396,2,597.5,64.374,23.344,-0.1501,1000.0,RETURNING_TO_START,load_zone_26,dump_zone_3,0.000256,0.000686
209.0,2026-07-02T12:24:47.396,3,-101.168,522.928,7.323,-0.5,1000.0,RETURNING_TO_START,load_zone_22,dump_zone_23,0.00025,0.00067
210.0,2026-07-02T12:24:49.064,1,-167.208,445.481,4.905,-0.2457,1000.0,RETURNING_TO_START,load_zone_22,dump_zone_22,0.00025,0.00067
210.0,2026-07-02T12:24:49.064,2,597.5,70.822,23.174,0.0835,1000.0,RETURNING_TO_START,load_zone_26,dump_zone_3,0.000285,0.000764
210.0,2026-07-02T12:24:49.064,3,-99.646,523.792,5.523,-0.5,1000.0,RETURNING_TO_START,load_zone_22,dump_zone_23,0.00025,0.00067
211.0,2026-07-02T12:24:50.586,1,-168.593,445.568,5.083,-0.1556,1000.0,RETURNING_TO_START,load_zone_22,dump_zone_22,0.000251,0.000673
211.0,2026-07-02T12:24:50.586,2,597.5,77.328,23.688,0.2543,1000.0,RETURNING_TO_START,load_zone_26,dump_zone_3,0.000308,0.000825
211.0,2026-07-02T12:24:50.586,3,-98.401,523.971,3.723,-0.5,1000.0,RETURNING_TO_START,load_zone_22,dump_zone_23,0.00025,0.00067
212.0,2026-07-02T12:24:51.993,1,-169.762,445.879,3.875,-0.0833,1000.0,RETURNING_TO_START,load_zone_22,dump_zone_22,0.000252,0.000675
212.0,2026-07-02T12:24:51.993,2,597.5,84.058,24.251,-0.2604,1000.0,RETURNING_TO_START,load_zone_26,dump_zone_3,0.00025,0.00067
212.0,2026-07-02T12:24:51.993,3,-97.638,523.948,1.923,-0.5,1000.0,UNLOADING,load_zone_22,dump_zone_23,0.00025,0.00067
213.0,2026-07-02T12:24:53.421,1,-170.805,446.544,5.525,0.9167,1000.0,RETURNING_TO_START,load_zone_22,dump_zone_22,0.000283,0.000758
213.0,2026-07-02T12:24:53.421,2,597.5,90.659,23.601,-0.1657,1000.0,RETURNING_TO_START,load_zone_26,dump_zone_3,0.000254,0.000681
213.0,2026-07-02T12:24:53.421,3,-97.376,523.966,0.123,-0.5,1000.0,UNLOADING,load_zone_22,dump_zone_23,0.00025,0.00067
214.0,2026-07-02T12:24:54.696,1,-171.923,448.242,8.75,0.5833,1000.0,RETURNING_TO_START,load_zone_22,dump_zone_22,0.000287,0.000769
214.0,2026-07-02T12:24:54.696,2,597.5,97.095,22.854,0.0009,1000.0,RETURNING_TO_START,load_zone_26,dump_zone_3,0.000274,0.000734
214.0,2026-07-02T12:24:54.696,3,-97.376,523.966,0.0,-0.5,1000.0,UNLOADING,load_zone_22,dump_zone_23,0.00025,0.00067
215.0,2026-07-02T12:24:55.710,1,-171.933,450.735,8.9,-0.4167,1000.0,RETURNING_TO_START,load_zone_22,dump_zone_22,0.00025,0.00067
215.0,2026-07-02T12:24:55.710,2,597.5,103.576,23.8,0.307,1000.0,RETURNING_TO_START,load_zone_26,dump_zone_3,0.000315,0.000844
215.0,2026-07-02T12:24:55.710,3,-95.737,523.738,7.2,0.0,0.0,TURNING_AROUND,dump_zone_23,load_zone_22,0.000255,0.000683
216.0,2026-07-02T12:24:56.568,1,-170.731,452.548,7.1,-0.5,1000.0,RETURNING_TO_START,load_zone_22,dump_zone_22,0.00025,0.00067
216.0,2026-07-02T12:24:56.568,2,597.5,110.189,23.296,-0.5,1000.0,RETURNING_TO_START,load_zone_26,dump_zone_3,0.00025,0.00067
216.0,2026-07-02T12:24:56.568,3,-94.724,523.238,5.4,0.0,0.0,TURNING_AROUND,dump_zone_23,load_zone_22,0.000253,0.000678
217.0,2026-07-02T12:24:57.701,1,-169.252,453.364,5.3,-0.5,1000.0,RETURNING_TO_START,load_zone_22,dump_zone_22,0.00025,0.00067
217.0,2026-07-02T12:24:57.701,2,597.5,116.554,23.096,0.25,1000.0,RETURNING_TO_START,load_zone_26,dump_zone_3,0.000306,0.00082
217.0,2026-07-02T12:24:57.701,3,-95.176,523.693,7.2,0.0,0.0,TURNING_AROUND,dump_zone_23,load_zone_22,0.000255,0.000683
218.0,2026-07-02T12:24:58.918,1,-168.184,453.903,3.5,-0.5,1000.0,RETURNING_TO_START,load_zone_22,dump_zone_22,0.00025,0.00067
218.0,2026-07-02T12:24:58.918,2,597.5,123.084,23.729,0.0136,1000.0,RETURNING_TO_START,load_zone_26,dump_zone_3,0.000277,0.000742
218.0,2026-07-02T12:24:58.918,3,-95.034,523.211,0.075,0.1667,0.0,GOING_TO_ENDPOINT,dump_zone_23,load_zone_22,0.00025,0.00067
219.0,2026-07-02T12:24:59.858,1,-167.648,454.354,1.7,-0.5,1000.0,UNLOADING,load_zone_22,dump_zone_22,0.00025,0.00067
219.0,2026-07-02T12:24:59.858,2,597.5,129.522,22.672,-0.1892,1000.0,RETURNING_TO_START,load_zone_26,dump_zone_3,0.000251,0.000673
219.0,2026-07-02T12:24:59.858,3,-95.038,522.892,2.55,1.0,0.0,GOING_TO_ENDPOINT,dump_zone_23,load_zone_22,0.00026,0.000697
220.0,2026-07-02T12:25:00.958,1,-167.507,454.501,0.0,-0.5,1000.0,UNLOADING,load_zone_22,dump_zone_22,0.00025,0.00067
220.0,2026-07-02T12:25:00.958,2,597.5,135.739,22.469,0.1202,1000.0,RETURNING_TO_START,load_zone_26,dump_zone_3,0.000288,0.000772
220.0,2026-07-02T12:25:00.958,3,-95.161,521.649,6.15,1.0,0.0,GOING_TO_ENDPOINT,dump_zone_23,load_zone_22,0.000274,0.000734
221.0,2026-07-02T12:25:02.132,1,-167.507,454.501,0.0,-0.5,1000.0,UNLOADING,load_zone_22,dump_zone_22,0.00025,0.00067
221.0,2026-07-02T12:25:02.132,2,597.5,141.978,22.589,0.0826,1000.0,RETURNING_TO_START,load_zone_26,dump_zone_3,0.000284,0.000761
221.0,2026-07-02T12:25:02.132,3,-95.638,519.451,9.75,1.0,0.0,GOING_TO_ENDPOINT,dump_zone_23,load_zone_22,0.000288,0.000772
222.0,2026-07-02T12:25:03.169,1,-165.987,455.497,7.2,0.0,0.0,TURNING_AROUND,dump_zone_22,load_zone_22,0.000255,0.000683
222.0,2026-07-02T12:25:03.169,2,597.5,148.304,23.156,0.3463,1000.0,RETURNING_TO_START,load_zone_26,dump_zone_3,0.000318,0.000852
222.0,2026-07-02T12:25:03.169,3,-96.336,516.277,13.35,1.0,0.0,GOING_TO_ENDPOINT,dump_zone_23,load_zone_22,0.000302,0.000809
223.0,2026-07-02T12:25:04.243,1,-165.505,455.639,0.075,0.1667,0.0,GOING_TO_ENDPOINT,dump_zone_22,load_zone_22,0.00025,0.00067
223.0,2026-07-02T12:25:04.243,2,597.5,154.715,22.52,-0.5,1000.0,RETURNING_TO_START,load_zone_26,dump_zone_3,0.00025,0.00067
223.0,2026-07-02T12:25:04.243,3,-96.987,512.078,16.95,1.0,0.0,GOING_TO_ENDPOINT,dump_zone_23,load_zone_22,0.000316,0.000847
224.0,2026-07-02T12:25:05.428,1,-165.186,455.634,2.55,1.0,0.0,GOING_TO_ENDPOINT,dump_zone_22,load_zone_22,0.00026,0.000697
224.0,2026-07-02T12:25:05.428,2,597.5,160.7,20.72,-0.5,1000.0,RETURNING_TO_START,load_zone_26,dump_zone_3,0.00025,0.00067
224.0,2026-07-02T12:25:05.428,3,-97.442,506.849,20.55,1.0,0.0,GOING_TO_ENDPOINT,dump_zone_23,load_zone_22,0.000329,0.000882
225.0,2026-07-02T12:25:06.843,1,-163.954,455.437,6.15,1.0,0.0,GOING_TO_ENDPOINT,dump_zone_22,load_zone_22,0.000274,0.000734
225.0,2026-07-02T12:25:06.843,2,597.5,166.185,18.92,-0.5,1000.0,RETURNING_TO_START,load_zone_26,dump_zone_3,0.00025,0.00067
225.0,2026-07-02T12:25:06.843,3,-97.508,500.6,24.15,1.0,0.0,GOING_TO_ENDPOINT,dump_zone_23,load_zone_22,0.000343,0.000919
226.0,2026-07-02T12:25:08.230,1,-161.805,454.772,9.75,1.0,0.0,GOING_TO_ENDPOINT,dump_zone_22,load_zone_22,0.000288,0.000772
226.0,2026-07-02T12:25:08.230,2,597.5,171.169,17.12,-0.5,1000.0,RETURNING_TO_START,load_zone_26,dump_zone_3,0.00025,0.00067
226.0,2026-07-02T12:25:08.230,3,-97.5,493.365,27.651,0.9167,0.0,GOING_TO_ENDPOINT,dump_zone_23,load_zone_22,0.000349,0.000935
227.0,2026-07-02T12:25:09.585,1,-158.668,453.927,13.35,1.0,0.0,GOING_TO_ENDPOINT,dump_zone_22,load_zone_22,0.000302,0.000809
227.0,2026-07-02T12:25:09.585,2,597.5,175.654,15.32,-0.5,1000.0,RETURNING_TO_START,load_zone_26,dump_zone_3,0.00025,0.00067
227.0,2026-07-02T12:25:09.585,3,-97.5,485.398,29.001,-0.0833,0.0,GOING_TO_ENDPOINT,dump_zone_23,load_zone_22,0.000261,0.000699
228.0,2026-07-02T12:25:10.626,1,-154.489,453.156,16.95,1.0,0.0,GOING_TO_ENDPOINT,dump_zone_22,load_zone_22,0.000316,0.000847
228.0,2026-07-02T12:25:10.626,2,597.5,179.657,13.62,-0.5,1000.0,RETURNING_TO_START,load_zone_26,dump_zone_3,0.00025,0.00067
228.0,2026-07-02T12:25:10.626,3,-97.501,477.549,27.451,-0.5,0.0,GOING_TO_ENDPOINT,dump_zone_23,load_zone_22,0.00025,0.00067
229.0,2026-07-02T12:25:11.586,1,-149.272,452.592,20.55,1.0,0.0,GOING_TO_ENDPOINT,dump_zone_22,load_zone_22,0.000329,0.000882
229.0,2026-07-02T12:25:11.586,2,597.5,183.184,11.92,-0.5,1000.0,RETURNING_TO_START,load_zone_26,dump_zone_3,0.00025,0.00067
229.0,2026-07-02T12:25:11.586,3,-97.501,470.195,25.651,-0.5,0.0,GOING_TO_ENDPOINT,dump_zone_23,load_zone_22,0.00025,0.00067
230.0,2026-07-02T12:25:12.838,1,-143.189,452.493,22.5,0.0833,0.0,GOING_TO_ENDPOINT,dump_zone_22,load_zone_22,0.00027,0.000724
230.0,2026-07-02T12:25:12.838,2,597.484,186.224,10.12,-0.5,1000.0,RETURNING_TO_START,load_zone_26,dump_zone_3,0.00025,0.00067
230.0,2026-07-02T12:25:12.838,3,-97.496,463.34,23.851,-0.5,0.0,GOING_TO_ENDPOINT,dump_zone_23,load_zone_22,0.00025,0.00067
231.0,2026-07-02T12:25:14.061,1,-137.084,452.499,21.225,-0.5,0.0,GOING_TO_ENDPOINT,dump_zone_22,load_zone_22,0.00025,0.00067
231.0,2026-07-02T12:25:14.061,2,596.92,188.693,8.32,-0.5,1000.0,RETURNING_TO_START,load_zone_26,dump_zone_3,0.00025,0.00067
231.0,2026-07-02T12:25:14.061,3,-97.499,456.986,22.051,-0.5,0.0,GOING_TO_ENDPOINT,dump_zone_23,load_zone_22,0.00025,0.00067
232.0,2026-07-02T12:25:15.976,1,-131.459,452.5,19.425,-0.5,0.0,GOING_TO_ENDPOINT,dump_zone_22,load_zone_22,0.00025,0.00067
232.0,2026-07-02T12:25:15.976,2,596.204,190.624,6.876,-0.1458,1000.0,RETURNING_TO_START,load_zone_26,dump_zone_3,0.000252,0.000675
232.0,2026-07-02T12:25:15.976,3,-98.138,451.225,20.251,-0.5,0.0,GOING_TO_ENDPOINT,dump_zone_23,load_zone_22,0.00025,0.00067
233.0,2026-07-02T12:25:17.953,1,-126.334,452.5,17.625,-0.5,0.0,GOING_TO_ENDPOINT,dump_zone_22,load_zone_22,0.00025,0.00067
233.0,2026-07-02T12:25:17.953,2,595.777,192.279,5.358,-0.5,1000.0,RETURNING_TO_START,load_zone_26,dump_zone_3,0.00025,0.00067
233.0,2026-07-02T12:25:17.953,3,-101.138,446.811,18.601,-0.25,0.0,GOING_TO_ENDPOINT,dump_zone_23,load_zone_22,0.00025,0.00067
234.0,2026-07-02T12:25:19.439,1,-121.709,452.5,15.825,-0.5,0.0,GOING_TO_ENDPOINT,dump_zone_22,load_zone_22,0.00025,0.00067
234.0,2026-07-02T12:25:19.439,2,595.598,193.649,5.158,0.25,1000.0,RETURNING_TO_START,load_zone_26,dump_zone_3,0.000262,0.000702
234.0,2026-07-02T12:25:19.439,3,-104.092,442.486,19.651,0.75,0.0,GOING_TO_ENDPOINT,dump_zone_23,load_zone_22,0.00031,0.000831
235.0,2026-07-02T12:25:20.999,1,-117.584,452.5,14.025,-0.5,0.0,GOING_TO_ENDPOINT,dump_zone_22,load_zone_22,0.00025,0.00067
235.0,2026-07-02T12:25:20.999,2,595.629,195.263,6.43,0.1742,1000.0,RETURNING_TO_START,load_zone_26,dump_zone_3,0.000263,0.000705
235.0,2026-07-02T12:25:20.999,3,-108.002,437.964,23.176,1.0,0.0,GOING_TO_ENDPOINT,dump_zone_23,load_zone_22,0.00034,0.000911
236.0,2026-07-02T12:25:22.674,1,-113.96,452.537,12.225,-0.5,0.0,GOING_TO_ENDPOINT,dump_zone_22,load_zone_22,0.00025,0.00067
236.0,2026-07-02T12:25:22.674,2,595.984,196.907,5.498,-0.25,1000.0,RETURNING_TO_START,load_zone_26,dump_zone_3,0.00025,0.00067
236.0,2026-07-02T12:25:22.674,3,-112.796,432.892,26.753,0.9212,0.0,GOING_TO_ENDPOINT,dump_zone_23,load_zone_22,0.000347,0.00093
237.0,2026-07-02T12:25:24.584,1,-110.96,453.342,10.425,-0.5,0.0,GOING_TO_ENDPOINT,dump_zone_22,load_zone_22,0.00025,0.00067
237.0,2026-07-02T12:25:24.584,2,596.635,198.359,6.298,0.4167,1000.0,RETURNING_TO_START,load_zone_26,dump_zone_3,0.000271,0.000726
237.0,2026-07-02T12:25:24.584,3,-118.158,427.237,28.869,0.3378,0.0,GOING_TO_ENDPOINT,dump_zone_23,load_zone_22,0.0003,0.000804
238.0,2026-07-02T12:25:25.785,1,-108.486,454.205,8.625,-0.5,0.0,GOING_TO_ENDPOINT,dump_zone_22,load_zone_22,0.00025,0.00067
238.0,2026-07-02T12:25:25.785,2,597.696,200.055,7.798,0.4167,1000.0,RETURNING_TO_START,load_zone_26,dump_zone_3,0.000276,0.00074
238.0,2026-07-02T12:25:25.785,3,-123.686,421.462,28.207,-0.5,0.0,GOING_TO_ENDPOINT,dump_zone_23,load_zone_22,0.00025,0.00067
239.0,2026-07-02T12:25:27.306,1,-106.379,454.467,6.825,-0.5,0.0,GOING_TO_ENDPOINT,dump_zone_22,load_zone_22,0.00025,0.00067
239.0,2026-07-02T12:25:27.306,2,599.905,201.29,10.723,0.75,1000.0,RETURNING_TO_START,load_zone_26,dump_zone_3,0.000305,0.000817
239.0,2026-07-02T12:25:27.306,3,-128.964,416.043,26.407,-0.5,0.0,GOING_TO_ENDPOINT,dump_zone_23,load_zone_22,0.00025,0.00067
240.0,2026-07-02T12:25:28.930,1,-104.737,454.513,5.125,-0.5,0.0,GOING_TO_ENDPOINT,dump_zone_22,load_zone_22,0.00025,0.00067
240.0,2026-07-02T12:25:28.930,2,602.997,200.868,11.473,-0.25,1000.0,RETURNING_TO_START,load_zone_26,dump_zone_3,0.00025,0.00067
240.0,2026-07-02T12:25:28.930,3,-133.955,411.044,24.607,-0.5,0.0,GOING_TO_ENDPOINT,dump_zone_23,load_zone_22,0.00025,0.00067
241.0,2026-07-02T12:25:30.374,1,-103.475,454.517,4.32,0.0683,0.0,GOING_TO_ENDPOINT,dump_zone_22,load_zone_22,0.000254,0.000681
241.0,2026-07-02T12:25:30.374,2,605.62,199.575,9.748,-0.5,1000.0,RETURNING_TO_START,load_zone_26,dump_zone_3,0.00025,0.00067
241.0,2026-07-02T12:25:30.374,3,-138.672,406.479,22.807,-0.5,0.0,GOING_TO_ENDPOINT,dump_zone_23,load_zone_22,0.00025,0.00067
242.0,2026-07-02T12:25:31.680,1,-102.138,454.4,5.243,0.0336,0.0,GOING_TO_ENDPOINT,dump_zone_22,load_zone_22,0.000254,0.000681
242.0,2026-07-02T12:25:31.680,2,608.166,199.054,9.598,0.4167,1000.0,RETURNING_TO_START,load_zone_26,dump_zone_3,0.000282,0.000756
242.0,2026-07-02T12:25:31.680,3,-143.142,402.381,21.007,-0.5,0.0,GOING_TO_ENDPOINT,dump_zone_23,load_zone_22,0.00025,0.00067
243.0,2026-07-02T12:25:33.150,1,-100.659,453.832,6.714,0.8669,0.0,GOING_TO_ENDPOINT,dump_zone_22,load_zone_22,0.000273,0.000732
243.0,2026-07-02T12:25:33.150,2,611.228,198.816,12.548,0.9167,1000.0,RETURNING_TO_START,load_zone_26,dump_zone_3,0.000325,0.000871
243.0,2026-07-02T12:25:33.150,3,-147.425,398.83,19.207,-0.5,0.0,GOING_TO_ENDPOINT,dump_zone_23,load_zone_22,0.00025,0.00067
244.0,2026-07-02T12:25:34.382,1,-99.143,452.016,10.299,1.0,0.0,GOING_TO_ENDPOINT,dump_zone_22,load_zone_22,0.00029,0.000777
244.0,2026-07-02T12:25:34.382,2,615.214,198.853,15.702,0.5948,1000.0,RETURNING_TO_START,load_zone_26,dump_zone_3,0.000317,0.00085
244.0,2026-07-02T12:25:34.382,3,-151.676,396.087,17.407,-0.5,0.0,GOING_TO_ENDPOINT,dump_zone_23,load_zone_22,0.00025,0.00067
245.0,2026-07-02T12:25:35.801,1,-98.843,448.754,12.774,0.25,0.0,GOING_TO_ENDPOINT,dump_zone_22,load_zone_22,0.000268,0.000718
245.0,2026-07-02T12:25:35.801,2,619.995,199.199,18.569,0.5833,1000.0,RETURNING_TO_START,load_zone_26,dump_zone_3,0.000328,0.000879
245.0,2026-07-02T12:25:35.801,3,-155.899,394.381,15.607,-0.5,0.0,GOING_TO_ENDPOINT,dump_zone_23,load_zone_22,0.00025,0.00067
246.0,2026-07-02T12:25:37.177,1,-100.425,445.614,13.124,0.4167,0.0,GOING_TO_ENDPOINT,dump_zone_22,load_zone_22,0.000276,0.00074
246.0,2026-07-02T12:25:37.177,2,625.224,199.801,18.719,-0.4167,1000.0,RETURNING_TO_START,load_zone_26,dump_zone_3,0.00025,0.00067
246.0,2026-07-02T12:25:37.177,3,-159.825,393.332,13.807,-0.5,0.0,GOING_TO_ENDPOINT,dump_zone_23,load_zone_22,0.00025,0.00067
247.0,2026-07-02T12:25:38.550,1,-103.247,442.695,16.199,1.0,0.0,GOING_TO_ENDPOINT,dump_zone_22,load_zone_22,0.000313,0.000839
247.0,2026-07-02T12:25:38.550,2,630.107,200.474,16.919,-0.5,1000.0,RETURNING_TO_START,load_zone_26,dump_zone_3,0.00025,0.00067
247.0,2026-07-02T12:25:38.550,3,-163.291,392.591,12.007,-0.5,0.0,GOING_TO_ENDPOINT,dump_zone_23,load_zone_22,0.00025,0.00067
248.0,2026-07-02T12:25:39.785,1,-106.829,439.147,19.799,1.0,0.0,GOING_TO_ENDPOINT,dump_zone_22,load_zone_22,0.000327,0.000876
248.0,2026-07-02T12:25:39.785,2,634.492,201.094,15.119,-0.5,1000.0,RETURNING_TO_START,load_zone_26,dump_zone_3,0.00025,0.00067
248.0,2026-07-02T12:25:39.785,3,-166.253,393.311,10.207,-0.5,0.0,GOING_TO_ENDPOINT,dump_zone_23,load_zone_22,0.00025,0.00067
249.0,2026-07-02T12:25:40.805,1,-111.016,434.792,23.399,1.0,0.0,GOING_TO_ENDPOINT,dump_zone_22,load_zone_22,0.00034,0.000911
249.0,2026-07-02T12:25:40.805,2,638.387,201.609,13.319,-0.5,1000.0,RETURNING_TO_START,load_zone_26,dump_zone_3,0.00025,0.00067
249.0,2026-07-02T12:25:40.805,3,-168.553,394.443,8.407,-0.5,0.0,GOING_TO_ENDPOINT,dump_zone_23,load_zone_22,0.00025,0.00067
250.0,2026-07-02T12:25:42.470,1,-115.844,429.674,26.89,0.8409,0.0,GOING_TO_ENDPOINT,dump_zone_22,load_zone_22,0.00034,0.000911
250.0,2026-07-02T12:25:42.470,2,641.793,201.998,11.519,-0.5,1000.0,RETURNING_TO_START,load_zone_26,dump_zone_3,0.00025,0.00067
250.0,2026-07-02T12:25:42.470,3,-170.357,395.446,6.607,-0.5,0.0,GOING_TO_ENDPOINT,dump_zone_23,load_zone_22,0.00025,0.00067
251.0,2026-07-02T12:25:44.036,1,-121.163,424.087,27.968,-0.1591,0.0,GOING_TO_ENDPOINT,dump_zone_22,load_zone_22,0.000253,0.000678
251.0,2026-07-02T12:25:44.036,2,644.711,202.26,9.719,-0.5,1000.0,RETURNING_TO_START,load_zone_26,dump_zone_3,0.00025,0.00067
251.0,2026-07-02T12:25:44.036,3,-171.742,396.348,5.932,0.25,0.0,GOING_TO_ENDPOINT,dump_zone_23,load_zone_22,0.000259,0.000694
252.0,2026-07-02T12:25:45.549,1,-126.4,418.663,26.327,-0.5,0.0,GOING_TO_ENDPOINT,dump_zone_22,load_zone_22,0.00025,0.00067
252.0,2026-07-02T12:25:45.549,2,647.135,202.409,7.919,-0.5,1000.0,RETURNING_TO_START,load_zone_26,dump_zone_3,0.00025,0.00067
252.0,2026-07-02T12:25:45.549,3,-172.761,397.964,7.98,0.5068,0.0,GOING_TO_ENDPOINT,dump_zone_23,load_zone_22,0.000268,0.000718
253.0,2026-07-02T12:25:47.181,1,-131.341,413.645,24.527,-0.5,0.0,GOING_TO_ENDPOINT,dump_zone_22,load_zone_22,0.00025,0.00067
253.0,2026-07-02T12:25:47.181,2,649.161,202.283,7.107,0.0793,1000.0,RETURNING_TO_START,load_zone_26,dump_zone_3,0.000261,0.000699
253.0,2026-07-02T12:25:47.181,3,-172.836,400.213,7.854,-0.4932,0.0,GOING_TO_ENDPOINT,dump_zone_23,load_zone_22,0.00025,0.00067
254.0,2026-07-02T12:25:48.369,1,-135.992,409.045,22.727,-0.5,0.0,GOING_TO_ENDPOINT,dump_zone_22,load_zone_22,0.00025,0.00067
254.0,2026-07-02T12:25:48.369,2,651.082,201.215,9.293,0.9127,1000.0,RETURNING_TO_START,load_zone_26,dump_zone_3,0.000306,0.00082
254.0,2026-07-02T12:25:48.369,3,-171.949,401.886,6.054,-0.5,0.0,GOING_TO_ENDPOINT,dump_zone_23,load_zone_22,0.00025,0.00067
255.0,2026-07-02T12:25:49.656,1,-140.374,404.884,20.927,-0.5,0.0,GOING_TO_ENDPOINT,dump_zone_22,load_zone_22,0.00025,0.00067
255.0,2026-07-02T12:25:49.656,2,652.407,198.715,10.628,-0.0873,1000.0,RETURNING_TO_START,load_zone_26,dump_zone_3,0.000256,0.000686
255.0,2026-07-02T12:25:49.656,3,-170.852,402.761,4.254,-0.5,0.0,GOING_TO_ENDPOINT,dump_zone_23,load_zone_22,0.00025,0.00067
256.0,2026-07-02T12:25:50.959,1,-144.506,401.191,19.127,-0.5,0.0,GOING_TO_ENDPOINT,dump_zone_22,load_zone_22,0.00025,0.00067
256.0,2026-07-02T12:25:50.959,2,652.593,195.839,10.614,0.4127,1000.0,RETURNING_TO_START,load_zone_26,dump_zone_3,0.000285,0.000764
256.0,2026-07-02T12:25:50.959,3,-170.013,403.113,2.454,-0.5,0.0,LOADING,dump_zone_23,load_zone_22,0.00025,0.00067
257.0,2026-07-02T12:25:52.454,1,-148.47,398.078,17.327,-0.5,0.0,GOING_TO_ENDPOINT,dump_zone_22,load_zone_22,0.00025,0.00067
257.0,2026-07-02T12:25:52.454,2,652.543,192.62,12.129,0.0816,1000.0,RETURNING_TO_START,load_zone_26,dump_zone_3,0.000268,0.000718
257.0,2026-07-02T12:25:52.454,3,-169.622,403.24,0.654,-0.5,0.0,LOADING,dump_zone_23,load_zone_22,0.00025,0.00067
258.0,2026-07-02T12:25:53.644,1,-152.351,395.727,15.527,-0.5,0.0,GOING_TO_ENDPOINT,dump_zone_22,load_zone_22,0.00025,0.00067
258.0,2026-07-02T12:25:53.644,2,652.505,189.396,10.851,-0.5,1000.0,RETURNING_TO_START,load_zone_26,dump_zone_3,0.00025,0.00067
258.0,2026-07-02T12:25:53.644,3,-169.598,403.248,0.0,-0.5,0.0,LOADING,dump_zone_23,load_zone_22,0.00025,0.00067
259.0,2026-07-02T12:25:54.734,1,-156.135,394.328,13.727,-0.5,0.0,GOING_TO_ENDPOINT,dump_zone_22,load_zone_22,0.00025,0.00067
259.0,2026-07-02T12:25:54.734,2,652.498,186.602,9.38,-0.4167,1000.0,RETURNING_TO_START,load_zone_26,dump_zone_3,0.00025,0.00067
259.0,2026-07-02T12:25:54.734,3,-168.945,403.383,0.0,-0.4167,1000.0,RETURNING_TO_START,load_zone_22,dump_zone_22,0.00025,0.00067
260.0,2026-07-02T12:25:56.377,1,-159.547,393.381,11.927,-0.5,0.0,GOING_TO_ENDPOINT,dump_zone_22,load_zone_22,0.00025,0.00067
260.0,2026-07-02T12:25:56.377,2,652.499,184.258,7.68,-0.5,1000.0,RETURNING_TO_START,load_zone_26,dump_zone_3,0.00025,0.00067
260.0,2026-07-02T12:25:56.377,3,-168.897,403.377,0.7,0.5833,1000.0,RETURNING_TO_START,load_zone_22,dump_zone_22,0.000253,0.000678
261.0,2026-07-02T12:25:58.024,1,-162.485,392.621,10.127,-0.5,0.0,GOING_TO_ENDPOINT,dump_zone_22,load_zone_22,0.00025,0.00067
261.0,2026-07-02T12:25:58.024,2,652.5,182.296,6.499,-0.5,1000.0,RETURNING_TO_START,load_zone_26,dump_zone_3,0.00025,0.00067
261.0,2026-07-02T12:25:58.024,3,-168.24,403.24,4.05,1.0,1000.0,RETURNING_TO_START,load_zone_22,dump_zone_22,0.000276,0.00074
262.0,2026-07-02T12:26:00.022,1,-165.0,392.883,8.327,-0.5,0.0,GOING_TO_ENDPOINT,dump_zone_22,load_zone_22,0.00025,0.00067
262.0,2026-07-02T12:26:00.022,2,652.475,180.762,4.699,-0.5,1000.0,RETURNING_TO_START,load_zone_26,dump_zone_3,0.00025,0.00067
262.0,2026-07-02T12:26:00.022,3,-166.772,402.469,7.625,0.9167,1000.0,RETURNING_TO_START,load_zone_22,dump_zone_22,0.000296,0.000793
263.0,2026-07-02T12:26:01.630,1,-166.912,393.593,6.527,-0.5,0.0,GOING_TO_ENDPOINT,dump_zone_22,load_zone_22,0.00025,0.00067
263.0,2026-07-02T12:26:01.630,2,652.52,179.73,2.899,-0.5,1000.0,UNLOADING,load_zone_26,dump_zone_3,0.00025,0.00067
263.0,2026-07-02T12:26:01.630,3,-164.712,400.813,11.036,0.75,1000.0,RETURNING_TO_START,load_zone_22,dump_zone_22,0.000306,0.00082
264.0,2026-07-02T12:26:03.137,1,-168.295,394.286,4.855,-0.2865,0.0,GOING_TO_ENDPOINT,dump_zone_22,load_zone_22,0.00025,0.00067
264.0,2026-07-02T12:26:03.137,2,652.641,179.21,1.099,-0.5,1000.0,UNLOADING,load_zone_26,dump_zone_3,0.00025,0.00067
264.0,2026-07-02T12:26:03.137,3,-161.881,399.225,11.786,-0.25,1000.0,RETURNING_TO_START,load_zone_22,dump_zone_22,0.00025,0.00067
265.0,2026-07-02T12:26:04.922,1,-169.381,394.886,3.953,-0.5,0.0,GOING_TO_ENDPOINT,dump_zone_22,load_zone_22,0.00025,0.00067
265.0,2026-07-02T12:26:04.922,2,652.665,179.133,0.0,-0.5,1000.0,UNLOADING,load_zone_26,dump_zone_3,0.00025,0.00067
265.0,2026-07-02T12:26:04.922,3,-158.903,398.828,10.061,-0.5,1000.0,RETURNING_TO_START,load_zone_22,dump_zone_22,0.00025,0.00067
266.0,2026-07-02T12:26:06.344,1,-170.173,395.305,2.519,-0.5,0.0,LOADING,dump_zone_22,load_zone_22,0.00025,0.00067
266.0,2026-07-02T12:26:06.344,2,652.857,178.671,7.2,0.0,0.0,TURNING_AROUND,dump_zone_3,load_zone_26,0.000255,0.000683
266.0,2026-07-02T12:26:06.344,3,-156.416,399.326,8.636,-0.0833,1000.0,RETURNING_TO_START,load_zone_22,dump_zone_22,0.000255,0.000683
267.0,2026-07-02T12:26:07.574,1,-170.554,395.503,0.719,-0.5,0.0,LOADING,dump_zone_22,load_zone_22,0.00025,0.00067
267.0,2026-07-02T12:26:07.574,2,654.14,177.164,7.2,0.0,0.0,TURNING_AROUND,dump_zone_3,load_zone_26,0.000255,0.000683
267.0,2026-07-02T12:26:07.574,3,-154.097,400.343,9.836,0.5833,1000.0,RETURNING_TO_START,load_zone_22,dump_zone_22,0.000291,0.00078
268.0,2026-07-02T12:26:08.626,1,-170.583,395.517,0.025,0.0833,0.0,LOADING,dump_zone_22,load_zone_22,0.00025,0.00067
268.0,2026-07-02T12:26:08.626,2,653.77,177.148,5.4,0.0,0.0,TURNING_AROUND,dump_zone_3,load_zone_26,0.000253,0.000678
268.0,2026-07-02T12:26:08.626,3,-151.481,401.997,12.167,0.621,1000.0,RETURNING_TO_START,load_zone_22,dump_zone_22,0.000304,0.000815
269.0,2026-07-02T12:26:09.308,1,-171.662,396.305,7.2,0.0,1000.0,TURNING_AROUND,load_zone_22,dump_zone_23,0.000258,0.000691
269.0,2026-07-02T12:26:09.308,2,654.596,177.342,7.2,0.0,0.0,TURNING_AROUND,dump_zone_3,load_zone_26,0.000255,0.000683
269.0,2026-07-02T12:26:09.308,3,-148.484,404.349,15.31,1.0,1000.0,RETURNING_TO_START,load_zone_22,dump_zone_22,0.000349,0.000935
270.0,2026-07-02T12:26:09.682,1,-172.563,397.742,5.4,0.0,1000.0,TURNING_AROUND,load_zone_22,dump_zone_23,0.000256,0.000686
270.0,2026-07-02T12:26:09.682,2,656.108,178.113,5.4,0.0,0.0,TURNING_AROUND,dump_zone_3,load_zone_26,0.000253,0.000678
270.0,2026-07-02T12:26:09.682,3,-144.89,407.521,18.91,1.0,1000.0,RETURNING_TO_START,load_zone_22,dump_zone_22,0.000372,0.000997
271.0,2026-07-02T12:26:10.217,1,-172.392,396.549,7.2,0.0,1000.0,TURNING_AROUND,load_zone_22,dump_zone_23,0.000258,0.000691
271.0,2026-07-02T12:26:10.217,2,655.348,177.177,7.2,0.0,0.0,TURNING_AROUND,dump_zone_3,load_zone_26,0.000255,0.000683
271.0,2026-07-02T12:26:10.217,3,-140.712,411.441,21.844,0.6078,1000.0,RETURNING_TO_START,load_zone_22,dump_zone_22,0.000345,0.000925
272.0,2026-07-02T12:26:11.075,1,-171.707,398.406,7.2,0.0,1000.0,TURNING_AROUND,load_zone_22,dump_zone_23,0.000258,0.000691
272.0,2026-07-02T12:26:11.075,2,655.619,177.964,0.0,-0.0,0.0,GOING_TO_ENDPOINT,dump_zone_3,load_zone_26,0.00025,0.00067
272.0,2026-07-02T12:26:11.075,3,-136.223,415.837,22.961,-0.0149,1000.0,RETURNING_TO_START,load_zone_22,dump_zone_22,0.000272,0.000729
273.0,2026-07-02T12:26:11.957,1,-171.649,398.71,5.4,0.0,1000.0,TURNING_AROUND,load_zone_22,dump_zone_23,0.000256,0.000686
273.0,2026-07-02T12:26:11.957,2,655.613,178.174,1.95,1.0,0.0,GOING_TO_ENDPOINT,dump_zone_3,load_zone_26,0.000258,0.000691
273.0,2026-07-02T12:26:11.957,3,-131.858,420.233,21.514,-0.5,1000.0,RETURNING_TO_START,load_zone_22,dump_zone_22,0.00025,0.00067
274.0,2026-07-02T12:26:12.998,1,-171.352,398.605,7.2,0.0,1000.0,TURNING_AROUND,load_zone_22,dump_zone_23,0.000258,0.000691
274.0,2026-07-02T12:26:12.998,2,655.399,179.233,5.55,1.0,0.0,GOING_TO_ENDPOINT,dump_zone_3,load_zone_26,0.000271,0.000726
274.0,2026-07-02T12:26:12.998,3,-127.878,424.32,19.714,-0.5,1000.0,RETURNING_TO_START,load_zone_22,dump_zone_22,0.00025,0.00067
275.0,2026-07-02T12:26:14.422,1,-171.149,398.583,1.925,1.0,1000.0,RETURNING_TO_START,load_zone_22,dump_zone_23,0.000262,0.000702
275.0,2026-07-02T12:26:14.422,2,654.23,180.928,9.15,1.0,0.0,GOING_TO_ENDPOINT,dump_zone_3,load_zone_26,0.000285,0.000764
275.0,2026-07-02T12:26:14.422,3,-124.27,428.073,17.914,-0.5,1000.0,RETURNING_TO_START,load_zone_22,dump_zone_22,0.00025,0.00067
276.0,2026-07-02T12:26:16.213,1,-170.078,398.64,5.525,1.0,1000.0,RETURNING_TO_START,load_zone_22,dump_zone_23,0.000286,0.000766
276.0,2026-07-02T12:26:16.213,2,651.697,182.682,12.75,1.0,0.0,GOING_TO_ENDPOINT,dump_zone_3,load_zone_26,0.000299,0.000801
276.0,2026-07-02T12:26:16.213,3,-121.023,431.478,16.114,-0.5,1000.0,RETURNING_TO_START,load_zone_22,dump_zone_22,0.00025,0.00067
277.0,2026-07-02T12:26:18.235,1,-168.179,399.455,9.125,1.0,1000.0,RETURNING_TO_START,load_zone_22,dump_zone_23,0.000309,0.000828
277.0,2026-07-02T12:26:18.235,2,648.792,185.498,16.2,0.75,0.0,GOING_TO_ENDPOINT,dump_zone_3,load_zone_26,0.0003,0.000804
277.0,2026-07-02T12:26:18.235,3,-118.131,434.531,14.314,-0.5,1000.0,RETURNING_TO_START,load_zone_22,dump_zone_22,0.00025,0.00067
278.0,2026-07-02T12:26:19.872,1,-165.21,399.948,12.35,0.5833,1000.0,RETURNING_TO_START,load_zone_22,dump_zone_23,0.000302,0.000809
278.0,2026-07-02T12:26:19.872,2,647.483,189.946,16.95,-0.25,0.0,GOING_TO_ENDPOINT,dump_zone_3,load_zone_26,0.00025,0.00067
278.0,2026-07-02T12:26:19.872,3,-115.587,437.225,12.514,-0.5,1000.0,RETURNING_TO_START,load_zone_22,dump_zone_22,0.00025,0.00067
279.0,2026-07-02T12:26:21.535,1,-161.762,399.187,12.5,-0.4167,1000.0,RETURNING_TO_START,load_zone_22,dump_zone_23,0.00025,0.00067
279.0,2026-07-02T12:26:21.535,2,647.49,194.403,15.225,-0.5,0.0,GOING_TO_ENDPOINT,dump_zone_3,load_zone_26,0.00025,0.00067
279.0,2026-07-02T12:26:21.535,3,-113.341,439.609,11.089,-0.5,1000.0,RETURNING_TO_START,load_zone_22,dump_zone_22,0.00025,0.00067
280.0,2026-07-02T12:26:23.802,1,-158.587,398.904,10.7,-0.5,1000.0,RETURNING_TO_START,load_zone_22,dump_zone_23,0.00025,0.00067
280.0,2026-07-02T12:26:23.802,2,647.489,198.361,13.425,-0.5,0.0,GOING_TO_ENDPOINT,dump_zone_3,load_zone_26,0.00025,0.00067
280.0,2026-07-02T12:26:23.802,3,-111.391,441.644,9.389,-0.5,1000.0,RETURNING_TO_START,load_zone_22,dump_zone_22,0.00025,0.00067
281.0,2026-07-02T12:26:26.381,1,-155.937,399.528,9.15,-0.25,1000.0,RETURNING_TO_START,load_zone_22,dump_zone_23,0.00025,0.00067
281.0,2026-07-02T12:26:26.381,2,645.723,201.385,13.275,0.4167,0.0,GOING_TO_ENDPOINT,dump_zone_3,load_zone_26,0.000276,0.00074
281.0,2026-07-02T12:26:26.381,3,-109.516,443.039,7.689,-0.4167,1000.0,RETURNING_TO_START,load_zone_22,dump_zone_22,0.00025,0.00067
282.0,2026-07-02T12:26:27.950,1,-153.657,400.603,9.35,0.4167,1000.0,RETURNING_TO_START,load_zone_22,dump_zone_23,0.000281,0.000753
282.0,2026-07-02T12:26:27.950,2,641.809,201.663,16.35,1.0,0.0,GOING_TO_ENDPOINT,dump_zone_3,load_zone_26,0.000313,0.000839
282.0,2026-07-02T12:26:27.950,3,-107.808,443.899,6.539,-0.0833,1000.0,RETURNING_TO_START,load_zone_22,dump_zone_22,0.000254,0.000681
283.0,2026-07-02T12:26:30.281,1,-151.14,402.245,12.312,0.9167,1000.0,RETURNING_TO_START,load_zone_22,dump_zone_23,0.000324,0.000868
283.0,2026-07-02T12:26:30.281,2,638.292,198.054,19.925,0.9167,0.0,GOING_TO_ENDPOINT,dump_zone_3,load_zone_26,0.000322,0.000863
283.0,2026-07-02T12:26:30.281,3,-106.382,444.683,5.239,-0.25,1000.0,RETURNING_TO_START,load_zone_22,dump_zone_22,0.00025,0.00067
284.0,2026-07-02T12:26:32.320,1,-148.066,404.705,15.812,1.0,1000.0,RETURNING_TO_START,load_zone_22,dump_zone_23,0.000352,0.000943
284.0,2026-07-02T12:26:32.320,2,633.023,195.773,21.275,-0.0833,0.0,GOING_TO_ENDPOINT,dump_zone_3,load_zone_26,0.000258,0.000691
284.0,2026-07-02T12:26:32.320,3,-105.233,445.53,4.889,-0.2668,1000.0,RETURNING_TO_START,load_zone_22,dump_zone_22,0.00025,0.00067
285.0,2026-07-02T12:26:34.162,1,-144.382,407.987,19.412,1.0,1000.0,RETURNING_TO_START,load_zone_22,dump_zone_23,0.000375,0.001005
285.0,2026-07-02T12:26:34.162,2,627.372,195.018,19.725,-0.5,0.0,GOING_TO_ENDPOINT,dump_zone_3,load_zone_26,0.00025,0.00067
285.0,2026-07-02T12:26:34.162,3,-104.266,446.384,4.447,-0.1569,1000.0,RETURNING_TO_START,load_zone_22,dump_zone_22,0.000251,0.000673
286.0,2026-07-02T12:26:36.010,1,-140.074,412.059,22.862,0.75,1000.0,RETURNING_TO_START,load_zone_22,dump_zone_23,0.000367,0.000984
286.0,2026-07-02T12:26:36.010,2,622.2,194.403,17.925,-0.5,0.0,GOING_TO_ENDPOINT,dump_zone_3,load_zone_26,0.00025,0.00067
286.0,2026-07-02T12:26:36.010,3,-103.422,447.204,4.382,0.3431,1000.0,RETURNING_TO_START,load_zone_22,dump_zone_22,0.000263,0.000705
287.0,2026-07-02T12:26:37.981,1,-135.407,416.65,23.612,-0.25,1000.0,RETURNING_TO_START,load_zone_22,dump_zone_23,0.00025,0.00067
287.0,2026-07-02T12:26:37.981,2,617.51,193.986,16.125,-0.5,0.0,GOING_TO_ENDPOINT,dump_zone_3,load_zone_26,0.00025,0.00067
287.0,2026-07-02T12:26:37.981,3,-102.443,448.263,5.555,-0.0318,1000.0,RETURNING_TO_START,load_zone_22,dump_zone_22,0.000255,0.000683
288.0,2026-07-02T12:26:39.650,1,-130.958,421.151,22.141,-0.2756,1000.0,RETURNING_TO_START,load_zone_22,dump_zone_23,0.00025,0.00067
288.0,2026-07-02T12:26:39.650,2,613.306,193.827,14.325,-0.5,0.0,GOING_TO_ENDPOINT,dump_zone_3,load_zone_26,0.00025,0.00067
288.0,2026-07-02T12:26:39.650,3,-101.742,449.498,4.451,-0.5,1000.0,RETURNING_TO_START,load_zone_22,dump_zone_22,0.00025,0.00067
289.0,2026-07-02T12:26:41.118,1,-126.701,425.541,21.699,-0.4423,1000.0,RETURNING_TO_START,load_zone_22,dump_zone_23,0.00025,0.00067
289.0,2026-07-02T12:26:41.118,2,609.624,194.138,12.525,-0.5,0.0,GOING_TO_ENDPOINT,dump_zone_3,load_zone_26,0.00025,0.00067
289.0,2026-07-02T12:26:41.118,3,-101.517,450.435,2.651,-0.5,1000.0,RETURNING_TO_START,load_zone_22,dump_zone_22,0.00025,0.00067
290.0,2026-07-02T12:26:42.920,1,-122.718,429.697,19.899,-0.5,1000.0,RETURNING_TO_START,load_zone_22,dump_zone_23,0.00025,0.00067
290.0,2026-07-02T12:26:42.920,2,606.78,195.604,10.725,-0.5,0.0,GOING_TO_ENDPOINT,dump_zone_3,load_zone_26,0.00025,0.00067
290.0,2026-07-02T12:26:42.920,3,-101.489,450.899,0.851,-0.5,1000.0,RETURNING_TO_START,load_zone_22,dump_zone_22,0.00025,0.00067
291.0,2026-07-02T12:30:55.088,1,-119.098,433.509,18.124,-0.4167,1000.0,RETURNING_TO_START,load_zone_22,dump_zone_23,0.00025,0.00067
291.0,2026-07-02T12:30:55.088,2,604.374,196.845,8.925,-0.5,0.0,GOING_TO_ENDPOINT,dump_zone_3,load_zone_26,0.00025,0.00067
291.0,2026-07-02T12:30:55.088,3,-101.489,450.969,0.0,-0.5,1000.0,RETURNING_TO_START,load_zone_22,dump_zone_22,0.00025,0.00067
292.0,2026-07-02T12:30:59.202,1,-115.82,436.978,16.357,-0.4994,1000.0,RETURNING_TO_START,load_zone_22,dump_zone_23,0.00025,0.00067
292.0,2026-07-02T12:30:59.202,2,602.377,197.786,7.125,-0.5,0.0,GOING_TO_ENDPOINT,dump_zone_3,load_zone_26,0.00025,0.00067
292.0,2026-07-02T12:30:59.202,3,-101.489,450.975,0.15,0.25,1000.0,RETURNING_TO_START,load_zone_22,dump_zone_22,0.00025,0.00067
293.0,2026-07-02T12:31:03.325,1,-112.88,440.099,14.674,-0.4857,1000.0,RETURNING_TO_START,load_zone_22,dump_zone_23,0.00025,0.00067
293.0,2026-07-02T12:31:03.325,2,600.791,198.41,5.325,-0.5,0.0,GOING_TO_ENDPOINT,dump_zone_3,load_zone_26,0.00025,0.00067
293.0,2026-07-02T12:31:03.325,3,-101.504,451.266,1.65,0.25,1000.0,RETURNING_TO_START,load_zone_22,dump_zone_22,0.000254,0.000681
294.0,2026-07-02T12:31:06.765,1,-110.255,442.887,13.029,-0.5,1000.0,RETURNING_TO_START,load_zone_22,dump_zone_23,0.00025,0.00067
294.0,2026-07-02T12:31:06.765,2,599.571,198.505,3.9,-0.0833,0.0,GOING_TO_ENDPOINT,dump_zone_3,load_zone_26,0.000251,0.000673
294.0,2026-07-02T12:31:06.765,3,-101.657,452.049,4.35,1.0,1000.0,RETURNING_TO_START,load_zone_22,dump_zone_22,0.000278,0.000745
295.0,2026-07-02T12:31:08.706,1,-107.955,445.325,11.243,-0.5,1000.0,RETURNING_TO_START,load_zone_22,dump_zone_23,0.00025,0.00067
295.0,2026-07-02T12:31:08.706,2,598.36,198.219,5.55,0.9167,0.0,GOING_TO_ENDPOINT,dump_zone_3,load_zone_26,0.00027,0.000724
295.0,2026-07-02T12:31:08.706,3,-102.52,453.554,7.95,1.0,1000.0,RETURNING_TO_START,load_zone_22,dump_zone_22,0.000301,0.000807
296.0,2026-07-02T12:31:09.653,1,-106.099,447.486,9.443,-0.5,1000.0,RETURNING_TO_START,load_zone_22,dump_zone_23,0.00025,0.00067
296.0,2026-07-02T12:31:09.653,2,596.731,196.96,9.15,1.0,0.0,GOING_TO_ENDPOINT,dump_zone_3,load_zone_26,0.000285,0.000764
296.0,2026-07-02T12:31:09.653,3,-104.915,454.791,11.55,1.0,1000.0,RETURNING_TO_START,load_zone_22,dump_zone_22,0.000324,0.000868
297.0,2026-07-02T12:31:11.451,1,-104.45,449.202,7.868,-0.4167,1000.0,RETURNING_TO_START,load_zone_22,dump_zone_23,0.00025,0.00067
297.0,2026-07-02T12:31:11.451,2,595.968,194.052,12.75,1.0,0.0,GOING_TO_ENDPOINT,dump_zone_3,load_zone_26,0.000299,0.000801
297.0,2026-07-02T12:31:11.451,3,-108.313,453.566,15.15,1.0,1000.0,RETURNING_TO_START,load_zone_22,dump_zone_22,0.000348,0.000933
298.0,2026-07-02T12:31:13.232,1,-103.065,450.552,6.143,-0.5,1000.0,RETURNING_TO_START,load_zone_22,dump_zone_23,0.00025,0.00067
298.0,2026-07-02T12:31:13.232,2,597.918,190.52,16.35,1.0,0.0,GOING_TO_ENDPOINT,dump_zone_3,load_zone_26,0.000313,0.000839
298.0,2026-07-02T12:31:13.232,3,-111.713,450.272,18.75,1.0,1000.0,RETURNING_TO_START,load_zone_22,dump_zone_22,0.000371,0.000994
299.0,2026-07-02T12:31:14.775,1,-102.322,451.795,4.593,-0.25,1000.0,RETURNING_TO_START,load_zone_22,dump_zone_23,0.00025,0.00067
299.0,2026-07-02T12:31:14.775,2,600.392,186.087,19.95,1.0,0.0,GOING_TO_ENDPOINT,dump_zone_3,load_zone_26,0.000327,0.000876
299.0,2026-07-02T12:31:14.775,3,-116.794,447.764,22.2,0.75,1000.0,RETURNING_TO_START,load_zone_22,dump_zone_22,0.000363,0.000973
300.0,2026-07-02T12:31:16.185,1,-102.053,453.113,5.643,0.75,1000.0,RETURNING_TO_START,load_zone_22,dump_zone_23,0.000279,0.000748
300.0,2026-07-02T12:31:16.185,2,602.188,180.304,23.55,1.0,0.0,GOING_TO_ENDPOINT,dump_zone_3,load_zone_26,0.000341,0.000914
300.0,2026-07-02T12:31:16.185,3,-123.158,447.468,23.229,-0.0472,1000.0,RETURNING_TO_START,load_zone_22,dump_zone_22,0.000269,0.000721
301.0,2026-07-02T12:31:17.267,1,-102.089,455.201,9.168,1.0,1000.0,RETURNING_TO_START,load_zone_22,dump_zone_23,0.000309,0.000828
301.0,2026-07-02T12:31:17.267,2,602.506,173.239,27.0,0.75,0.0,GOING_TO_ENDPOINT,dump_zone_3,load_zone_26,0.000333,0.000892
301.0,2026-07-02T12:31:17.267,3,-129.416,447.5,21.734,-0.5,1000.0,RETURNING_TO_START,load_zone_22,dump_zone_22,0.00025,0.00067
302.0,2026-07-02T12:31:18.554,1,-102.271,458.284,12.768,1.0,1000.0,RETURNING_TO_START,load_zone_22,dump_zone_23,0.000332,0.00089
302.0,2026-07-02T12:31:18.554,2,602.5,165.525,28.023,-0.0514,0.0,GOING_TO_ENDPOINT,dump_zone_3,load_zone_26,0.000263,0.000705
302.0,2026-07-02T12:31:18.554,3,-135.182,447.501,19.934,-0.5,1000.0,RETURNING_TO_START,load_zone_22,dump_zone_22,0.00025,0.00067
303.0,2026-07-02T12:31:19.764,1,-102.455,462.368,16.368,1.0,1000.0,RETURNING_TO_START,load_zone_22,dump_zone_23,0.000356,0.000954
303.0,2026-07-02T12:31:19.764,2,602.5,157.842,27.224,-0.1676,0.0,GOING_TO_ENDPOINT,dump_zone_3,load_zone_26,0.000253,0.000678
303.0,2026-07-02T12:31:19.764,3,-140.449,447.5,18.134,-0.5,1000.0,RETURNING_TO_START,load_zone_22,dump_zone_22,0.00025,0.00067
304.0,2026-07-02T12:31:21.432,1,-102.505,467.456,19.968,1.0,1000.0,RETURNING_TO_START,load_zone_22,dump_zone_23,0.000379,0.001016
304.0,2026-07-02T12:31:21.432,2,602.5,150.285,27.192,-0.1385,0.0,GOING_TO_ENDPOINT,dump_zone_3,load_zone_26,0.000255,0.000683
304.0,2026-07-02T12:31:21.432,3,-145.215,447.5,16.334,-0.5,1000.0,RETURNING_TO_START,load_zone_22,dump_zone_22,0.00025,0.00067
305.0,2026-07-02T12:31:23.440,1,-102.501,473.503,23.128,0.6123,1000.0,RETURNING_TO_START,load_zone_22,dump_zone_23,0.000351,0.000941
305.0,2026-07-02T12:31:23.440,2,602.5,142.827,26.993,0.3615,0.0,GOING_TO_ENDPOINT,dump_zone_3,load_zone_26,0.000299,0.000801
305.0,2026-07-02T12:31:23.440,3,-149.481,447.5,14.534,-0.5,1000.0,RETURNING_TO_START,load_zone_22,dump_zone_22,0.00025,0.00067
306.0,2026-07-02T12:31:25.123,1,-102.5,480.049,23.382,-0.3877,1000.0,RETURNING_TO_START,load_zone_22,dump_zone_23,0.00025,0.00067
306.0,2026-07-02T12:31:25.123,2,602.5,135.019,28.844,0.1948,0.0,GOING_TO_ENDPOINT,dump_zone_3,load_zone_26,0.000286,0.000766
306.0,2026-07-02T12:31:25.123,3,-153.247,447.5,12.734,-0.5,1000.0,RETURNING_TO_START,load_zone_22,dump_zone_22,0.00025,0.00067
307.0,2026-07-02T12:31:26.604,1,-102.5,486.275,21.591,-0.5,1000.0,RETURNING_TO_START,load_zone_22,dump_zone_23,0.00025,0.00067
307.0,2026-07-02T12:31:26.604,2,602.5,127.101,27.825,-0.5,0.0,GOING_TO_ENDPOINT,dump_zone_3,load_zone_26,0.00025,0.00067
307.0,2026-07-02T12:31:26.604,3,-156.513,447.466,10.934,-0.5,1000.0,RETURNING_TO_START,load_zone_22,dump_zone_22,0.00025,0.00067
308.0,2026-07-02T12:31:28.090,1,-102.5,492.002,19.791,-0.5,1000.0,RETURNING_TO_START,load_zone_22,dump_zone_23,0.00025,0.00067
308.0,2026-07-02T12:31:28.090,2,602.5,119.595,26.704,0.0479,0.0,GOING_TO_ENDPOINT,dump_zone_3,load_zone_26,0.000271,0.000726
308.0,2026-07-02T12:31:28.090,3,-159.219,446.931,9.134,-0.5,1000.0,RETURNING_TO_START,load_zone_22,dump_zone_22,0.00025,0.00067
309.0,2026-07-02T12:31:29.845,1,-102.5,497.228,17.991,-0.5,1000.0,RETURNING_TO_START,load_zone_22,dump_zone_23,0.00025,0.00067
309.0,2026-07-02T12:31:29.845,2,602.5,112.027,27.566,-0.0411,0.0,GOING_TO_ENDPOINT,dump_zone_3,load_zone_26,0.000264,0.000708
309.0,2026-07-02T12:31:29.845,3,-161.333,446.115,7.334,-0.5,1000.0,RETURNING_TO_START,load_zone_22,dump_zone_22,0.00025,0.00067
310.0,2026-07-02T12:31:31.674,1,-102.5,501.955,16.191,-0.5,1000.0,RETURNING_TO_START,load_zone_22,dump_zone_23,0.00025,0.00067
310.0,2026-07-02T12:31:31.674,2,602.5,104.283,28.469,0.2923,0.0,GOING_TO_ENDPOINT,dump_zone_3,load_zone_26,0.000295,0.000791
310.0,2026-07-02T12:31:31.674,3,-163.055,445.707,5.684,-0.25,1000.0,RETURNING_TO_START,load_zone_22,dump_zone_22,0.00025,0.00067
311.0,2026-07-02T12:31:33.448,1,-102.5,506.182,14.391,-0.5,1000.0,RETURNING_TO_START,load_zone_22,dump_zone_23,0.00025,0.00067
311.0,2026-07-02T12:31:33.448,2,602.5,96.416,27.871,-0.2077,0.0,GOING_TO_ENDPOINT,dump_zone_3,load_zone_26,0.00025,0.00067
311.0,2026-07-02T12:31:33.448,3,-164.66,445.55,5.984,-0.0833,1000.0,RETURNING_TO_START,load_zone_22,dump_zone_22,0.000254,0.000681
312.0,2026-07-02T12:31:35.251,1,-102.5,509.908,12.591,-0.5,1000.0,RETURNING_TO_START,load_zone_22,dump_zone_23,0.00025,0.00067
312.0,2026-07-02T12:31:35.251,2,602.5,88.681,27.785,-0.24,0.0,GOING_TO_ENDPOINT,dump_zone_3,load_zone_26,0.00025,0.00067
312.0,2026-07-02T12:31:35.251,3,-166.207,445.499,5.231,-0.0158,1000.0,RETURNING_TO_START,load_zone_22,dump_zone_22,0.000255,0.000683
313.0,2026-07-02T12:31:37.823,1,-102.5,513.135,10.791,-0.5,1000.0,RETURNING_TO_START,load_zone_22,dump_zone_23,0.00025,0.00067
313.0,2026-07-02T12:31:37.823,2,602.5,81.163,26.769,0.0833,0.0,GOING_TO_ENDPOINT,dump_zone_3,load_zone_26,0.000274,0.000734
313.0,2026-07-02T12:31:37.823,3,-167.728,445.51,5.615,-0.0655,1000.0,RETURNING_TO_START,load_zone_22,dump_zone_22,0.000254,0.000681
314.0,2026-07-02T12:31:39.705,1,-102.5,515.861,8.991,-0.5,1000.0,RETURNING_TO_START,load_zone_22,dump_zone_23,0.00025,0.00067
314.0,2026-07-02T12:31:39.705,2,602.5,73.561,27.788,0.1352,0.0,GOING_TO_ENDPOINT,dump_zone_3,load_zone_26,0.00028,0.00075
314.0,2026-07-02T12:31:39.705,3,-169.079,445.679,4.206,-0.368,1000.0,RETURNING_TO_START,load_zone_22,dump_zone_22,0.00025,0.00067
315.0,2026-07-02T12:31:41.793,1,-102.5,518.088,7.191,-0.5,1000.0,RETURNING_TO_START,load_zone_22,dump_zone_23,0.00025,0.00067
315.0,2026-07-02T12:31:41.793,2,602.5,65.736,28.201,-0.2441,0.0,GOING_TO_ENDPOINT,dump_zone_3,load_zone_26,0.00025,0.00067
315.0,2026-07-02T12:31:41.793,3,-169.979,446.038,2.883,-0.5,1000.0,UNLOADING,load_zone_22,dump_zone_22,0.00025,0.00067
316.0,2026-07-02T12:31:43.489,1,-102.305,519.794,5.391,-0.5,1000.0,RETURNING_TO_START,load_zone_22,dump_zone_23,0.00025,0.00067
316.0,2026-07-02T12:31:43.489,2,602.5,58.126,26.878,-0.0833,0.0,GOING_TO_ENDPOINT,dump_zone_3,load_zone_26,0.00026,0.000697
316.0,2026-07-02T12:31:43.489,3,-170.438,446.303,1.083,-0.5,1000.0,UNLOADING,load_zone_22,dump_zone_22,0.00025,0.00067
317.0,2026-07-02T12:31:45.116,1,-101.759,520.888,3.591,-0.5,1000.0,RETURNING_TO_START,load_zone_22,dump_zone_23,0.00025,0.00067
317.0,2026-07-02T12:31:45.116,2,602.5,50.498,28.406,0.6415,0.0,GOING_TO_ENDPOINT,dump_zone_3,load_zone_26,0.000327,0.000876
317.0,2026-07-02T12:31:45.116,3,-170.506,446.349,0.025,0.0833,1000.0,UNLOADING,load_zone_22,dump_zone_22,0.00025,0.00067
318.0,2026-07-02T12:31:46.102,1,-101.29,521.442,1.791,-0.5,1000.0,UNLOADING,load_zone_22,dump_zone_23,0.00025,0.00067
318.0,2026-07-02T12:31:46.102,2,602.5,42.47,28.776,-0.3498,0.0,GOING_TO_ENDPOINT,dump_zone_3,load_zone_26,0.00025,0.00067
318.0,2026-07-02T12:31:46.102,3,-171.266,447.059,7.2,0.0,0.0,TURNING_AROUND,dump_zone_22,load_zone_22,0.000255,0.000683
319.0,2026-07-02T12:31:47.053,1,-101.125,521.597,0.0,-0.5,1000.0,UNLOADING,load_zone_22,dump_zone_23,0.00025,0.00067
319.0,2026-07-02T12:31:47.053,2,602.5,34.737,27.146,-0.25,0.0,GOING_TO_ENDPOINT,dump_zone_3,load_zone_26,0.00025,0.00067
319.0,2026-07-02T12:31:47.053,3,-172.104,448.852,7.2,0.0,0.0,TURNING_AROUND,dump_zone_22,load_zone_22,0.000255,0.000683
320.0,2026-07-02T12:31:48.481,1,-101.125,521.597,0.0,-0.5,1000.0,UNLOADING,load_zone_22,dump_zone_23,0.00025,0.00067
320.0,2026-07-02T12:31:48.481,2,602.5,27.182,27.519,0.1281,0.0,GOING_TO_ENDPOINT,dump_zone_3,load_zone_26,0.000279,0.000748
320.0,2026-07-02T12:31:48.481,3,-172.16,447.649,5.4,0.0,0.0,TURNING_AROUND,dump_zone_22,load_zone_22,0.000253,0.000678
321.0,2026-07-02T12:31:49.520,1,-99.513,522.436,7.2,0.0,0.0,TURNING_AROUND,dump_zone_23,load_zone_22,0.000255,0.000683
321.0,2026-07-02T12:31:49.520,2,602.5,19.462,28.189,0.3397,0.0,GOING_TO_ENDPOINT,dump_zone_3,load_zone_26,0.000299,0.000801
321.0,2026-07-02T12:31:49.520,3,-171.382,449.156,7.2,0.0,0.0,TURNING_AROUND,dump_zone_22,load_zone_22,0.000255,0.000683
322.0,2026-07-02T12:31:50.660,1,-98.685,522.617,5.4,0.0,0.0,TURNING_AROUND,dump_zone_23,load_zone_22,0.000253,0.000678
322.0,2026-07-02T12:31:50.660,2,602.5,11.518,28.809,0.1821,0.0,GOING_TO_ENDPOINT,dump_zone_3,load_zone_26,0.000285,0.000764
322.0,2026-07-02T12:31:50.660,3,-170.821,449.791,5.4,0.0,0.0,TURNING_AROUND,dump_zone_22,load_zone_22,0.000253,0.000678
323.0,2026-07-02T12:31:51.915,1,-99.059,522.595,7.2,0.0,0.0,TURNING_AROUND,dump_zone_23,load_zone_22,0.000255,0.000683
323.0,2026-07-02T12:31:51.915,2,602.5,3.57,28.114,-0.2346,0.0,GOING_TO_ENDPOINT,dump_zone_3,load_zone_26,0.00025,0.00067
323.0,2026-07-02T12:31:51.915,3,-171.482,449.544,0.75,0.6667,0.0,GOING_TO_ENDPOINT,dump_zone_22,load_zone_22,0.000252,0.000675
324.0,2026-07-02T12:31:53.814,1,-97.79,521.076,7.2,0.0,0.0,TURNING_AROUND,dump_zone_23,load_zone_22,0.000255,0.000683
324.0,2026-07-02T12:31:53.814,2,602.5,-4.256,28.32,0.0987,0.0,GOING_TO_ENDPOINT,dump_zone_3,load_zone_26,0.000277,0.000742
324.0,2026-07-02T12:31:53.814,3,-170.771,449.556,4.2,1.0,0.0,GOING_TO_ENDPOINT,dump_zone_22,load_zone_22,0.000266,0.000713
325.0,2026-07-02T12:31:56.763,1,-97.706,520.973,0.0,-0.0833,0.0,GOING_TO_ENDPOINT,dump_zone_23,load_zone_22,0.00025,0.00067
325.0,2026-07-02T12:31:56.763,2,602.5,-12.196,28.425,-0.2347,0.0,GOING_TO_ENDPOINT,dump_zone_3,load_zone_26,0.00025,0.00067
325.0,2026-07-02T12:31:56.763,3,-169.096,449.868,7.8,1.0,0.0,GOING_TO_ENDPOINT,dump_zone_22,load_zone_22,0.00028,0.00075
326.0,2026-07-02T12:31:58.885,1,-97.706,520.807,1.65,0.9167,0.0,GOING_TO_ENDPOINT,dump_zone_23,load_zone_22,0.000256,0.000686
326.0,2026-07-02T12:31:58.885,2,602.5,-20.034,28.358,0.341,0.0,GOING_TO_ENDPOINT,dump_zone_3,load_zone_26,0.000299,0.000801
326.0,2026-07-02T12:31:58.885,3,-166.501,450.644,11.4,1.0,0.0,GOING_TO_ENDPOINT,dump_zone_22,load_zone_22,0.000294,0.000788
327.0,2026-07-02T12:32:01.744,1,-97.699,519.807,5.25,1.0,0.0,GOING_TO_ENDPOINT,dump_zone_23,load_zone_22,0.00027,0.000724
327.0,2026-07-02T12:32:01.744,2,602.5,-27.978,28.267,-0.4662,0.0,GOING_TO_ENDPOINT,dump_zone_3,load_zone_26,0.00025,0.00067
327.0,2026-07-02T12:32:01.744,3,-162.89,451.482,15.0,1.0,0.0,GOING_TO_ENDPOINT,dump_zone_22,load_zone_22,0.000308,0.000825
328.0,2026-07-02T12:32:03.721,1,-97.662,517.807,8.85,1.0,0.0,GOING_TO_ENDPOINT,dump_zone_23,load_zone_22,0.000284,0.000761
328.0,2026-07-02T12:32:03.721,2,602.5,-35.654,27.592,0.25,0.0,GOING_TO_ENDPOINT,dump_zone_3,load_zone_26,0.00029,0.000777
328.0,2026-07-02T12:32:03.721,3,-158.228,452.137,18.6,1.0,0.0,GOING_TO_ENDPOINT,dump_zone_22,load_zone_22,0.000322,0.000863
329.0,2026-07-02T12:32:05.285,1,-97.605,514.808,12.45,1.0,0.0,GOING_TO_ENDPOINT,dump_zone_23,load_zone_22,0.000298,0.000799
329.0,2026-07-02T12:32:05.285,2,602.5,-43.346,27.442,-0.0833,0.0,GOING_TO_ENDPOINT,dump_zone_3,load_zone_26,0.00026,0.000697
329.0,2026-07-02T12:32:05.285,3,-152.534,452.496,22.2,1.0,0.0,GOING_TO_ENDPOINT,dump_zone_22,load_zone_22,0.000336,0.0009
330.0,2026-07-02T12:32:06.594,1,-97.546,510.808,16.05,1.0,0.0,GOING_TO_ENDPOINT,dump_zone_23,load_zone_22,0.000312,0.000836
330.0,2026-07-02T12:32:06.594,2,602.5,-51.046,28.252,0.2966,0.0,GOING_TO_ENDPOINT,dump_zone_3,load_zone_26,0.000295,0.000791
330.0,2026-07-02T12:32:06.594,3,-145.846,452.503,25.425,0.5833,0.0,GOING_TO_ENDPOINT,dump_zone_22,load_zone_22,0.000314,0.000842
331.0,2026-07-02T12:32:08.751,1,-97.508,505.809,19.65,1.0,0.0,GOING_TO_ENDPOINT,dump_zone_23,load_zone_22,0.000326,0.000874
331.0,2026-07-02T12:32:08.751,2,602.5,-58.959,28.542,-0.1381,0.0,GOING_TO_ENDPOINT,dump_zone_3,load_zone_26,0.000255,0.000683
331.0,2026-07-02T12:32:08.751,3,-138.678,452.5,25.575,-0.4167,0.0,GOING_TO_ENDPOINT,dump_zone_22,load_zone_22,0.00025,0.00067
332.0,2026-07-02T12:32:10.661,1,-97.499,499.809,23.25,1.0,0.0,GOING_TO_ENDPOINT,dump_zone_23,load_zone_22,0.00034,0.000911
332.0,2026-07-02T12:32:10.661,2,602.5,-66.677,26.985,-0.5,0.0,GOING_TO_ENDPOINT,dump_zone_3,load_zone_26,0.00025,0.00067
332.0,2026-07-02T12:32:10.661,3,-131.845,452.5,23.775,-0.5,0.0,GOING_TO_ENDPOINT,dump_zone_22,load_zone_22,0.00025,0.00067
333.0,2026-07-02T12:32:12.353,1,-97.5,492.829,26.475,0.5833,0.0,GOING_TO_ENDPOINT,dump_zone_23,load_zone_22,0.000317,0.00085
333.0,2026-07-02T12:32:12.353,2,602.5,-73.902,25.185,-0.5,0.0,GOING_TO_ENDPOINT,dump_zone_3,load_zone_26,0.00025,0.00067
333.0,2026-07-02T12:32:12.353,3,-125.512,452.5,21.975,-0.5,0.0,GOING_TO_ENDPOINT,dump_zone_22,load_zone_22,0.00025,0.00067
334.0,2026-07-02T12:32:13.712,1,-97.5,485.369,26.625,-0.4167,0.0,GOING_TO_ENDPOINT,dump_zone_23,load_zone_22,0.00025,0.00067
334.0,2026-07-02T12:32:13.712,2,602.5,-80.627,23.385,-0.5,0.0,GOING_TO_ENDPOINT,dump_zone_3,load_zone_26,0.00025,0.00067
334.0,2026-07-02T12:32:13.712,3,-119.678,452.5,20.175,-0.5,0.0,GOING_TO_ENDPOINT,dump_zone_22,load_zone_22,0.00025,0.00067
335.0,2026-07-02T12:32:14.567,1,-97.5,478.244,24.825,-0.5,0.0,GOING_TO_ENDPOINT,dump_zone_23,load_zone_22,0.00025,0.00067
335.0,2026-07-02T12:32:14.567,2,602.5,-86.852,21.585,-0.5,0.0,GOING_TO_ENDPOINT,dump_zone_3,load_zone_26,0.00025,0.00067
335.0,2026-07-02T12:32:14.567,3,-114.345,452.5,18.375,-0.5,0.0,GOING_TO_ENDPOINT,dump_zone_22,load_zone_22,0.00025,0.00067
336.0,2026-07-02T12:32:16.061,1,-97.5,471.619,23.025,-0.5,0.0,GOING_TO_ENDPOINT,dump_zone_23,load_zone_22,0.00025,0.00067
336.0,2026-07-02T12:32:16.061,2,602.5,-92.577,19.785,-0.5,0.0,GOING_TO_ENDPOINT,dump_zone_3,load_zone_26,0.00025,0.00067
336.0,2026-07-02T12:32:16.061,3,-109.777,453.794,16.575,-0.5,0.0,GOING_TO_ENDPOINT,dump_zone_22,load_zone_22,0.00025,0.00067
337.0,2026-07-02T12:32:18.058,1,-97.5,465.494,21.225,-0.5,0.0,GOING_TO_ENDPOINT,dump_zone_23,load_zone_22,0.00025,0.00067
337.0,2026-07-02T12:32:18.058,2,602.501,-97.802,17.985,-0.5,0.0,GOING_TO_ENDPOINT,dump_zone_3,load_zone_26,0.00025,0.00067
337.0,2026-07-02T12:32:18.058,3,-105.701,455.067,14.775,-0.5,0.0,GOING_TO_ENDPOINT,dump_zone_22,load_zone_22,0.00025,0.00067
338.0,2026-07-02T12:32:20.758,1,-98.976,460.176,19.525,-0.5,0.0,GOING_TO_ENDPOINT,dump_zone_23,load_zone_22,0.00025,0.00067
338.0,2026-07-02T12:32:20.758,2,604.806,-101.785,17.835,0.4167,0.0,GOING_TO_ENDPOINT,dump_zone_3,load_zone_26,0.000285,0.000764
338.0,2026-07-02T12:32:20.758,3,-102.01,454.148,12.975,-0.5,0.0,GOING_TO_ENDPOINT,dump_zone_22,load_zone_22,0.00025,0.00067
339.0,2026-07-02T12:32:23.867,1,-102.43,456.378,17.725,-0.5,0.0,GOING_TO_ENDPOINT,dump_zone_23,load_zone_22,0.00025,0.00067
339.0,2026-07-02T12:32:23.867,2,609.718,-100.697,20.91,1.0,0.0,GOING_TO_ENDPOINT,dump_zone_3,load_zone_26,0.000331,0.000887
339.0,2026-07-02T12:32:23.867,3,-98.687,454.323,11.175,-0.5,0.0,GOING_TO_ENDPOINT,dump_zone_22,load_zone_22,0.00025,0.00067
340.0,2026-07-02T12:32:26.704,1,-102.34,451.981,15.925,-0.5,0.0,GOING_TO_ENDPOINT,dump_zone_23,load_zone_22,0.00025,0.00067
340.0,2026-07-02T12:32:26.704,2,615.131,-97.702,23.385,0.25,0.0,GOING_TO_ENDPOINT,dump_zone_3,load_zone_26,0.000284,0.000761
340.0,2026-07-02T12:32:26.704,3,-95.999,453.618,9.472,-0.3366,0.0,GOING_TO_ENDPOINT,dump_zone_22,load_zone_22,0.00025,0.00067
341.0,2026-07-02T12:32:29.337,1,-98.617,450.256,15.475,-0.0833,0.0,GOING_TO_ENDPOINT,dump_zone_23,load_zone_22,0.000256,0.000686
341.0,2026-07-02T12:32:29.337,2,621.533,-97.403,22.485,-0.5,0.0,GOING_TO_ENDPOINT,dump_zone_3,load_zone_26,0.00025,0.00067
341.0,2026-07-02T12:32:29.337,3,-94.477,451.555,9.828,0.5399,0.0,GOING_TO_ENDPOINT,dump_zone_22,load_zone_22,0.000273,0.000732
342.0,2026-07-02T12:32:32.159,1,-95.415,452.514,13.925,-0.5,0.0,GOING_TO_ENDPOINT,dump_zone_23,load_zone_22,0.00025,0.00067
342.0,2026-07-02T12:32:32.159,2,627.507,-97.509,20.685,-0.5,0.0,GOING_TO_ENDPOINT,dump_zone_3,load_zone_26,0.00025,0.00067
342.0,2026-07-02T12:32:32.159,3,-94.773,448.467,12.962,0.75,0.0,GOING_TO_ENDPOINT,dump_zone_22,load_zone_22,0.00029,0.000777
343.0,2026-07-02T12:32:33.742,1,-93.247,455.266,12.125,-0.5,0.0,GOING_TO_ENDPOINT,dump_zone_23,load_zone_22,0.00025,0.00067
343.0,2026-07-02T12:32:33.742,2,632.982,-97.502,18.885,-0.5,0.0,GOING_TO_ENDPOINT,dump_zone_3,load_zone_26,0.00025,0.00067
343.0,2026-07-02T12:32:33.742,3,-97.798,446.415,13.712,-0.25,0.0,GOING_TO_ENDPOINT,dump_zone_22,load_zone_22,0.00025,0.00067
344.0,2026-07-02T12:32:34.973,1,-90.238,455.545,10.325,-0.5,0.0,GOING_TO_ENDPOINT,dump_zone_23,load_zone_22,0.00025,0.00067
344.0,2026-07-02T12:32:34.973,2,637.957,-97.5,17.085,-0.5,0.0,GOING_TO_ENDPOINT,dump_zone_3,load_zone_26,0.00025,0.00067
344.0,2026-07-02T12:32:34.973,3,-101.201,445.286,13.112,0.25,0.0,GOING_TO_ENDPOINT,dump_zone_22,load_zone_22,0.000269,0.000721
345.0,2026-07-02T12:32:36.089,1,-88.151,454.073,8.525,-0.5,0.0,GOING_TO_ENDPOINT,dump_zone_23,load_zone_22,0.00025,0.00067
345.0,2026-07-02T12:32:36.089,2,642.432,-97.5,15.285,-0.5,0.0,GOING_TO_ENDPOINT,dump_zone_3,load_zone_26,0.00025,0.00067
345.0,2026-07-02T12:32:36.089,3,-104.059,442.517,15.812,1.0,0.0,GOING_TO_ENDPOINT,dump_zone_22,load_zone_22,0.000311,0.000833
346.0,2026-07-02T12:32:37.500,1,-87.392,452.137,6.875,-0.25,0.0,GOING_TO_ENDPOINT,dump_zone_23,load_zone_22,0.00025,0.00067
346.0,2026-07-02T12:32:37.500,2,646.407,-97.5,13.485,-0.5,0.0,GOING_TO_ENDPOINT,dump_zone_3,load_zone_26,0.00025,0.00067
346.0,2026-07-02T12:32:37.500,3,-107.348,438.839,19.412,1.0,0.0,GOING_TO_ENDPOINT,dump_zone_22,load_zone_22,0.000325,0.000871
347.0,2026-07-02T12:32:39.326,1,-87.658,450.191,7.925,0.75,0.0,GOING_TO_ENDPOINT,dump_zone_23,load_zone_22,0.000274,0.000734
347.0,2026-07-02T12:32:39.326,2,649.864,-97.743,11.685,-0.5,0.0,GOING_TO_ENDPOINT,dump_zone_3,load_zone_26,0.00025,0.00067
347.0,2026-07-02T12:32:39.326,3,-111.344,434.452,23.012,1.0,0.0,GOING_TO_ENDPOINT,dump_zone_22,load_zone_22,0.000339,0.000909
348.0,2026-07-02T12:32:41.075,1,-89.444,448.207,11.45,1.0,0.0,GOING_TO_ENDPOINT,dump_zone_23,load_zone_22,0.000294,0.000788
348.0,2026-07-02T12:32:41.075,2,652.495,-99.093,9.91,-0.4167,0.0,GOING_TO_ENDPOINT,dump_zone_3,load_zone_26,0.00025,0.00067
348.0,2026-07-02T12:32:41.075,3,-116.091,429.412,26.487,0.9167,0.0,GOING_TO_ENDPOINT,dump_zone_22,load_zone_22,0.000345,0.000925
349.0,2026-07-02T12:32:42.755,1,-93.081,447.578,15.05,1.0,0.0,GOING_TO_ENDPOINT,dump_zone_23,load_zone_22,0.000308,0.000825
349.0,2026-07-02T12:32:42.755,2,654.431,-100.822,9.31,0.25,0.0,GOING_TO_ENDPOINT,dump_zone_3,load_zone_26,0.000263,0.000705
349.0,2026-07-02T12:32:42.755,3,-121.364,423.878,27.837,-0.0833,0.0,GOING_TO_ENDPOINT,dump_zone_22,load_zone_22,0.00026,0.000697
350.0,2026-07-02T12:32:44.219,1,-97.695,447.259,17.525,0.25,0.0,GOING_TO_ENDPOINT,dump_zone_23,load_zone_22,0.000275,0.000737
350.0,2026-07-02T12:32:44.219,2,656.51,-102.881,12.01,1.0,0.0,GOING_TO_ENDPOINT,dump_zone_3,load_zone_26,0.000296,0.000793
350.0,2026-07-02T12:32:44.219,3,-126.592,418.465,26.287,-0.5,0.0,GOING_TO_ENDPOINT,dump_zone_22,load_zone_22,0.00025,0.00067
351.0,2026-07-02T12:32:45.616,1,-101.927,444.979,18.725,0.75,0.0,GOING_TO_ENDPOINT,dump_zone_23,load_zone_22,0.000307,0.000823
351.0,2026-07-02T12:32:45.616,2,659.225,-105.651,15.61,1.0,0.0,GOING_TO_ENDPOINT,dump_zone_3,load_zone_26,0.00031,0.000831
351.0,2026-07-02T12:32:45.616,3,-131.527,413.457,24.487,-0.5,0.0,GOING_TO_ENDPOINT,dump_zone_22,load_zone_22,0.00025,0.00067
352.0,2026-07-02T12:32:46.736,1,-105.637,440.622,22.25,1.0,0.0,GOING_TO_ENDPOINT,dump_zone_23,load_zone_22,0.000336,0.0009
352.0,2026-07-02T12:32:46.736,2,662.657,-109.117,19.21,1.0,0.0,GOING_TO_ENDPOINT,dump_zone_3,load_zone_26,0.000324,0.000868
352.0,2026-07-02T12:32:46.736,3,-136.174,408.868,22.687,-0.5,0.0,GOING_TO_ENDPOINT,dump_zone_22,load_zone_22,0.00025,0.00067
353.0,2026-07-02T12:32:48.388,1,-110.183,435.671,25.825,0.9167,0.0,GOING_TO_ENDPOINT,dump_zone_23,load_zone_22,0.000343,0.000919
353.0,2026-07-02T12:32:48.388,2,666.81,-113.276,22.81,1.0,0.0,GOING_TO_ENDPOINT,dump_zone_3,load_zone_26,0.000338,0.000906
353.0,2026-07-02T12:32:48.388,3,-140.553,404.72,20.887,-0.5,0.0,GOING_TO_ENDPOINT,dump_zone_22,load_zone_22,0.00025,0.00067
354.0,2026-07-02T12:32:50.818,1,-115.302,430.245,27.175,-0.0833,0.0,GOING_TO_ENDPOINT,dump_zone_23,load_zone_22,0.00026,0.000697
354.0,2026-07-02T12:32:50.818,2,671.667,-118.132,26.285,0.9167,0.0,GOING_TO_ENDPOINT,dump_zone_3,load_zone_26,0.000345,0.000925
354.0,2026-07-02T12:32:50.818,3,-144.685,401.044,19.087,-0.5,0.0,GOING_TO_ENDPOINT,dump_zone_22,load_zone_22,0.00025,0.00067
355.0,2026-07-02T12:32:53.135,1,-120.475,424.808,27.061,0.0411,0.0,GOING_TO_ENDPOINT,dump_zone_23,load_zone_22,0.000271,0.000726
355.0,2026-07-02T12:32:53.135,2,677.032,-123.497,27.635,-0.0833,0.0,GOING_TO_ENDPOINT,dump_zone_3,load_zone_26,0.00026,0.000697
355.0,2026-07-02T12:32:53.135,3,-148.651,397.95,17.287,-0.5,0.0,GOING_TO_ENDPOINT,dump_zone_22,load_zone_22,0.00025,0.00067
356.0,2026-07-02T12:32:54.590,1,-125.577,419.511,25.71,-0.5,0.0,GOING_TO_ENDPOINT,dump_zone_23,load_zone_22,0.00025,0.00067
356.0,2026-07-02T12:32:54.590,2,682.314,-128.778,26.085,-0.5,0.0,GOING_TO_ENDPOINT,dump_zone_3,load_zone_26,0.00025,0.00067
356.0,2026-07-02T12:32:54.590,3,-152.541,395.637,15.487,-0.5,0.0,GOING_TO_ENDPOINT,dump_zone_22,load_zone_22,0.00025,0.00067
357.0,2026-07-02T12:32:56.415,1,-130.388,414.605,23.91,-0.5,0.0,GOING_TO_ENDPOINT,dump_zone_23,load_zone_22,0.00025,0.00067
357.0,2026-07-02T12:32:56.415,2,687.246,-133.71,24.285,-0.5,0.0,GOING_TO_ENDPOINT,dump_zone_3,load_zone_26,0.00025,0.00067
357.0,2026-07-02T12:32:56.415,3,-156.331,394.282,13.687,-0.5,0.0,GOING_TO_ENDPOINT,dump_zone_22,load_zone_22,0.00025,0.00067
358.0,2026-07-02T12:32:57.910,1,-134.905,410.113,22.11,-0.5,0.0,GOING_TO_ENDPOINT,dump_zone_23,load_zone_22,0.00025,0.00067
358.0,2026-07-02T12:32:57.910,2,691.825,-138.289,22.485,-0.5,0.0,GOING_TO_ENDPOINT,dump_zone_3,load_zone_26,0.00025,0.00067
358.0,2026-07-02T12:32:57.910,3,-159.737,393.353,11.887,-0.5,0.0,GOING_TO_ENDPOINT,dump_zone_22,load_zone_22,0.00025,0.00067
359.0,2026-07-02T12:32:59.674,1,-139.137,406.044,20.31,-0.5,0.0,GOING_TO_ENDPOINT,dump_zone_23,load_zone_22,0.00025,0.00067
359.0,2026-07-02T12:32:59.674,2,696.049,-142.514,20.685,-0.5,0.0,GOING_TO_ENDPOINT,dump_zone_3,load_zone_26,0.00025,0.00067
359.0,2026-07-02T12:32:59.674,3,-162.672,392.636,10.087,-0.5,0.0,GOING_TO_ENDPOINT,dump_zone_22,load_zone_22,0.00025,0.00067
360.0,2026-07-02T12:33:01.796,1,-143.104,402.424,18.51,-0.5,0.0,GOING_TO_ENDPOINT,dump_zone_23,load_zone_22,0.00025,0.00067
360.0,2026-07-02T12:33:01.796,2,699.92,-146.386,18.885,-0.5,0.0,GOING_TO_ENDPOINT,dump_zone_3,load_zone_26,0.00025,0.00067
360.0,2026-07-02T12:33:01.796,3,-165.17,392.946,8.287,-0.5,0.0,GOING_TO_ENDPOINT,dump_zone_22,load_zone_22,0.00025,0.00067
361.0,2026-07-02T12:33:04.024,1,-146.838,399.298,16.71,-0.5,0.0,GOING_TO_ENDPOINT,dump_zone_23,load_zone_22,0.00025,0.00067
361.0,2026-07-02T12:33:04.024,2,702.723,-150.448,17.085,-0.5,0.0,GOING_TO_ENDPOINT,dump_zone_3,load_zone_26,0.00025,0.00067
361.0,2026-07-02T12:33:04.024,3,-167.063,393.678,6.487,-0.5,0.0,GOING_TO_ENDPOINT,dump_zone_22,load_zone_22,0.00025,0.00067
362.0,2026-07-02T12:33:06.376,1,-150.426,396.807,14.91,-0.5,0.0,GOING_TO_ENDPOINT,dump_zone_23,load_zone_22,0.00025,0.00067
362.0,2026-07-02T12:33:06.376,2,702.899,-154.94,16.41,0.25,0.0,GOING_TO_ENDPOINT,dump_zone_3,load_zone_26,0.000274,0.000734
362.0,2026-07-02T12:33:06.376,3,-168.46,394.392,4.912,-0.4167,0.0,GOING_TO_ENDPOINT,dump_zone_22,load_zone_22,0.00025,0.00067
363.0,2026-07-02T12:33:08.817,1,-153.877,395.063,13.11,-0.5,0.0,GOING_TO_ENDPOINT,dump_zone_23,load_zone_22,0.00025,0.00067
363.0,2026-07-02T12:33:08.817,2,702.527,-159.77,18.298,0.304,0.0,GOING_TO_ENDPOINT,dump_zone_3,load_zone_26,0.00028,0.00075
363.0,2026-07-02T12:33:08.817,3,-169.527,394.975,3.787,-0.5,0.0,GOING_TO_ENDPOINT,dump_zone_22,load_zone_22,0.00025,0.00067
364.0,2026-07-02T12:33:11.425,1,-157.101,394.092,11.31,-0.5,0.0,GOING_TO_ENDPOINT,dump_zone_23,load_zone_22,0.00025,0.00067
364.0,2026-07-02T12:33:11.425,2,702.493,-164.846,17.893,-0.4698,0.0,GOING_TO_ENDPOINT,dump_zone_3,load_zone_26,0.00025,0.00067
364.0,2026-07-02T12:33:11.425,3,-170.234,395.358,2.087,-0.5,0.0,LOADING,dump_zone_22,load_zone_22,0.00025,0.00067
365.0,2026-07-02T12:33:13.642,1,-159.868,393.33,9.51,-0.5,0.0,GOING_TO_ENDPOINT,dump_zone_23,load_zone_22,0.00025,0.00067
365.0,2026-07-02T12:33:13.642,2,702.499,-169.546,16.093,-0.5,0.0,GOING_TO_ENDPOINT,dump_zone_3,load_zone_26,0.00025,0.00067
365.0,2026-07-02T12:33:13.642,3,-170.51,395.498,0.287,-0.5,0.0,LOADING,dump_zone_22,load_zone_22,0.00025,0.00067
366.0,2026-07-02T12:33:15.717,1,-162.158,392.736,7.71,-0.5,0.0,GOING_TO_ENDPOINT,dump_zone_23,load_zone_22,0.00025,0.00067
366.0,2026-07-02T12:33:15.717,2,702.5,-173.758,14.449,-0.4167,0.0,GOING_TO_ENDPOINT,dump_zone_3,load_zone_26,0.00025,0.00067
366.0,2026-07-02T12:33:15.717,3,-170.542,395.515,0.475,0.3333,0.0,LOADING,dump_zone_22,load_zone_22,0.000251,0.000673
367.0,2026-07-02T12:33:17.795,1,-164.008,392.919,5.91,-0.5,0.0,GOING_TO_ENDPOINT,dump_zone_23,load_zone_22,0.00025,0.00067
367.0,2026-07-02T12:33:17.795,2,702.5,-177.502,12.657,-0.5,0.0,GOING_TO_ENDPOINT,dump_zone_3,load_zone_26,0.00025,0.00067
367.0,2026-07-02T12:33:17.795,3,-171.718,396.496,7.2,0.0,1000.0,TURNING_AROUND,load_zone_22,dump_zone_22,0.000258,0.000691
368.0,2026-07-02T12:33:19.759,1,-165.407,393.357,5.235,0.25,0.0,GOING_TO_ENDPOINT,dump_zone_23,load_zone_22,0.000258,0.000691
368.0,2026-07-02T12:33:19.759,2,702.5,-180.782,11.32,-0.1866,0.0,GOING_TO_ENDPOINT,dump_zone_3,load_zone_26,0.00025,0.00067
368.0,2026-07-02T12:33:19.759,3,-172.413,397.726,5.4,0.0,1000.0,TURNING_AROUND,load_zone_22,dump_zone_22,0.000256,0.000686
369.0,2026-07-02T12:33:21.777,1,-167.092,393.551,6.735,0.25,0.0,GOING_TO_ENDPOINT,dump_zone_23,load_zone_22,0.00026,0.000697
369.0,2026-07-02T12:33:21.777,2,702.5,-183.741,9.893,-0.5,0.0,GOING_TO_ENDPOINT,dump_zone_3,load_zone_26,0.00025,0.00067
369.0,2026-07-02T12:33:21.777,3,-172.299,396.812,7.2,0.0,1000.0,TURNING_AROUND,load_zone_22,dump_zone_22,0.000258,0.000691
370.0,2026-07-02T12:33:23.850,1,-169.235,393.047,9.41,0.9167,0.0,GOING_TO_ENDPOINT,dump_zone_23,load_zone_22,0.000284,0.000761
370.0,2026-07-02T12:33:23.850,2,702.5,-186.218,8.093,-0.5,0.0,GOING_TO_ENDPOINT,dump_zone_3,load_zone_26,0.00025,0.00067
370.0,2026-07-02T12:33:23.850,3,-171.45,398.6,7.2,0.0,1000.0,TURNING_AROUND,load_zone_22,dump_zone_22,0.000258,0.000691
371.0,2026-07-02T12:33:25.690,1,-172.074,392.832,10.76,-0.0833,0.0,GOING_TO_ENDPOINT,dump_zone_23,load_zone_22,0.000254,0.000681
371.0,2026-07-02T12:33:25.690,2,702.5,-188.219,6.452,-0.5,0.0,GOING_TO_ENDPOINT,dump_zone_3,load_zone_26,0.00025,0.00067
371.0,2026-07-02T12:33:25.690,3,-171.592,398.714,5.4,0.0,1000.0,TURNING_AROUND,load_zone_22,dump_zone_22,0.000256,0.000686
372.0,2026-07-02T12:33:27.545,1,-174.403,394.258,9.235,-0.4167,0.0,GOING_TO_ENDPOINT,dump_zone_23,load_zone_22,0.00025,0.00067
372.0,2026-07-02T12:33:27.545,2,702.515,-189.74,4.652,-0.5,0.0,GOING_TO_ENDPOINT,dump_zone_3,load_zone_26,0.00025,0.00067
372.0,2026-07-02T12:33:27.545,3,-171.355,398.64,0.05,0.1667,1000.0,RETURNING_TO_START,load_zone_22,dump_zone_22,0.00025,0.00067
373.0,2026-07-02T12:33:29.679,1,-175.291,396.603,9.685,0.5833,0.0,GOING_TO_ENDPOINT,dump_zone_23,load_zone_22,0.000274,0.000734
373.0,2026-07-02T12:33:29.679,2,702.727,-190.737,2.852,-0.5,0.0,LOADING,dump_zone_3,load_zone_26,0.00025,0.00067
373.0,2026-07-02T12:33:29.679,3,-171.043,398.616,2.525,1.0,1000.0,RETURNING_TO_START,load_zone_22,dump_zone_22,0.000266,0.000713
374.0,2026-07-02T12:33:32.141,1,-174.381,399.305,10.665,-0.1733,0.0,GOING_TO_ENDPOINT,dump_zone_23,load_zone_22,0.000251,0.000673
374.0,2026-07-02T12:33:32.141,2,702.929,-191.217,1.052,-0.5,0.0,LOADING,dump_zone_3,load_zone_26,0.00025,0.00067
374.0,2026-07-02T12:33:32.141,3,-169.815,398.772,6.125,1.0,1000.0,RETURNING_TO_START,load_zone_22,dump_zone_22,0.000289,0.000775
375.0,2026-07-02T12:33:34.719,1,-172.086,400.685,9.009,-0.5,0.0,GOING_TO_ENDPOINT,dump_zone_23,load_zone_22,0.00025,0.00067
375.0,2026-07-02T12:33:34.719,2,702.962,-191.282,0.0,-0.5,0.0,LOADING,dump_zone_3,load_zone_26,0.00025,0.00067
375.0,2026-07-02T12:33:34.719,3,-168.031,399.798,8.075,0.0833,1000.0,RETURNING_TO_START,load_zone_22,dump_zone_22,0.000262,0.000702
376.0,2026-07-02T12:33:37.194,1,-169.902,401.089,7.209,-0.5,0.0,GOING_TO_ENDPOINT,dump_zone_23,load_zone_22,0.00025,0.00067
376.0,2026-07-02T12:33:37.194,2,703.227,-191.706,7.2,0.0,1000.0,TURNING_AROUND,load_zone_26,dump_zone_3,0.000258,0.000691
376.0,2026-07-02T12:33:37.194,3,-166.907,401.886,9.725,0.9167,1000.0,RETURNING_TO_START,load_zone_22,dump_zone_22,0.000308,0.000825
377.0,2026-07-02T12:33:39.322,1,-168.264,401.645,5.409,-0.5,0.0,GOING_TO_ENDPOINT,dump_zone_23,load_zone_22,0.00025,0.00067
377.0,2026-07-02T12:33:39.322,2,704.742,-192.98,7.2,0.0,1000.0,TURNING_AROUND,load_zone_26,dump_zone_3,0.000258,0.000691
377.0,2026-07-02T12:33:39.322,3,-167.461,405.022,13.175,0.75,1000.0,RETURNING_TO_START,load_zone_22,dump_zone_22,0.000317,0.00085
378.0,2026-07-02T12:33:40.124,1,-167.213,402.278,3.609,-0.5,0.0,GOING_TO_ENDPOINT,dump_zone_23,load_zone_22,0.00025,0.00067
378.0,2026-07-02T12:33:40.124,2,704.379,-193.056,5.4,0.0,1000.0,TURNING_AROUND,load_zone_26,dump_zone_3,0.000256,0.000686
378.0,2026-07-02T12:33:40.124,3,-168.501,408.664,13.925,-0.25,1000.0,RETURNING_TO_START,load_zone_22,dump_zone_22,0.00025,0.00067
379.0,2026-07-02T12:33:41.105,1,-166.694,402.792,1.809,-0.5,0.0,LOADING,dump_zone_23,load_zone_22,0.00025,0.00067
379.0,2026-07-02T12:33:41.105,2,705.163,-192.729,7.2,0.0,1000.0,TURNING_AROUND,load_zone_26,dump_zone_3,0.000258,0.000691
379.0,2026-07-02T12:33:41.105,3,-166.61,411.606,12.2,-0.5,1000.0,RETURNING_TO_START,load_zone_22,dump_zone_22,0.00025,0.00067
380.0,2026-07-02T12:33:42.513,1,-166.55,402.973,0.009,-0.5,0.0,LOADING,dump_zone_23,load_zone_22,0.00025,0.00067
380.0,2026-07-02T12:33:42.513,2,706.526,-191.719,5.4,0.0,1000.0,TURNING_AROUND,load_zone_26,dump_zone_3,0.000256,0.000686
380.0,2026-07-02T12:33:42.513,3,-163.603,412.098,10.55,-0.25,1000.0,RETURNING_TO_START,load_zone_22,dump_zone_22,0.00025,0.00067
381.0,2026-07-02T12:33:43.361,1,-166.55,402.973,0.0,-0.5,0.0,LOADING,dump_zone_23,load_zone_22,0.00025,0.00067
381.0,2026-07-02T12:33:43.361,2,705.931,-192.767,7.2,0.0,1000.0,TURNING_AROUND,load_zone_26,dump_zone_3,0.000258,0.000691
381.0,2026-07-02T12:33:43.361,3,-161.186,410.432,11.6,0.75,1000.0,RETURNING_TO_START,load_zone_22,dump_zone_22,0.000309,0.000828
382.0,2026-07-02T12:33:44.567,1,-165.277,404.031,7.2,0.0,1000.0,TURNING_AROUND,load_zone_22,dump_zone_23,0.000258,0.000691
382.0,2026-07-02T12:33:44.567,2,705.972,-192.594,0.25,0.3333,1000.0,RETURNING_TO_START,load_zone_26,dump_zone_3,0.000251,0.000673
382.0,2026-07-02T12:33:44.567,3,-160.769,406.85,15.125,1.0,1000.0,RETURNING_TO_START,load_zone_22,dump_zone_22,0.000347,0.00093
383.0,2026-07-02T12:33:46.233,1,-163.851,404.467,0.0,-0.3333,1000.0,RETURNING_TO_START,load_zone_22,dump_zone_23,0.00025,0.00067
383.0,2026-07-02T12:33:46.233,2,705.945,-192.146,3.15,1.0,1000.0,RETURNING_TO_START,load_zone_26,dump_zone_3,0.00027,0.000724
383.0,2026-07-02T12:33:46.233,3,-163.008,402.862,17.125,0.25,1000.0,RETURNING_TO_START,load_zone_22,dump_zone_22,0.000291,0.00078
384.0,2026-07-02T12:33:48.395,1,-163.847,404.467,0.113,0.2093,1000.0,RETURNING_TO_START,load_zone_22,dump_zone_23,0.00025,0.00067
384.0,2026-07-02T12:33:48.395,2,705.523,-190.802,6.75,1.0,1000.0,RETURNING_TO_START,load_zone_26,dump_zone_3,0.000294,0.000788
384.0,2026-07-02T12:33:48.395,3,-163.44,398.044,18.575,0.0833,1000.0,RETURNING_TO_START,load_zone_22,dump_zone_22,0.000278,0.000745
385.0,2026-07-02T12:33:50.408,1,-163.5,404.41,2.704,1.0,1000.0,RETURNING_TO_START,load_zone_22,dump_zone_23,0.000267,0.000716
385.0,2026-07-02T12:33:50.408,2,703.946,-188.995,10.35,1.0,1000.0,RETURNING_TO_START,load_zone_26,dump_zone_3,0.000317,0.00085
385.0,2026-07-02T12:33:50.408,3,-159.315,395.798,17.3,-0.5,1000.0,RETURNING_TO_START,load_zone_22,dump_zone_22,0.00025,0.00067
386.0,2026-07-02T12:33:53.078,1,-162.287,403.973,6.304,1.0,1000.0,RETURNING_TO_START,load_zone_22,dump_zone_23,0.000291,0.00078
386.0,2026-07-02T12:33:53.078,2,701.303,-186.844,13.95,1.0,1000.0,RETURNING_TO_START,load_zone_26,dump_zone_3,0.00034,0.000911
386.0,2026-07-02T12:33:53.078,3,-155.876,398.468,15.5,-0.5,1000.0,RETURNING_TO_START,load_zone_22,dump_zone_22,0.00025,0.00067
387.0,2026-07-02T12:33:55.394,1,-160.691,402.423,9.504,0.9167,1000.0,RETURNING_TO_START,load_zone_22,dump_zone_23,0.000307,0.000823
387.0,2026-07-02T12:33:55.394,2,698.755,-183.267,17.55,1.0,1000.0,RETURNING_TO_START,load_zone_26,dump_zone_3,0.000363,0.000973
387.0,2026-07-02T12:33:55.394,3,-153.153,401.335,13.725,-0.4167,1000.0,RETURNING_TO_START,load_zone_22,dump_zone_22,0.00025,0.00067
388.0,2026-07-02T12:33:57.925,1,-158.83,399.955,12.404,0.4167,1000.0,RETURNING_TO_START,load_zone_22,dump_zone_23,0.000291,0.00078
388.0,2026-07-02T12:33:57.925,2,697.558,-178.115,20.025,0.25,1000.0,RETURNING_TO_START,load_zone_26,dump_zone_3,0.000298,0.000799
388.0,2026-07-02T12:33:57.925,3,-150.075,403.184,12.419,-0.1207,1000.0,RETURNING_TO_START,load_zone_22,dump_zone_22,0.000255,0.000683
389.0,2026-07-02T12:33:59.971,1,-155.517,399.428,11.979,-0.5,1000.0,RETURNING_TO_START,load_zone_22,dump_zone_23,0.00025,0.00067
389.0,2026-07-02T12:33:59.971,2,697.476,-172.624,19.125,-0.5,1000.0,RETURNING_TO_START,load_zone_26,dump_zone_3,0.00025,0.00067
389.0,2026-07-02T12:33:59.971,3,-147.4,405.277,12.267,0.245,1000.0,RETURNING_TO_START,load_zone_22,dump_zone_22,0.000279,0.000748
390.0,2026-07-02T12:34:01.716,1,-152.801,400.909,10.885,0.0833,1000.0,RETURNING_TO_START,load_zone_22,dump_zone_23,0.000266,0.000713
390.0,2026-07-02T12:34:01.716,2,697.5,-167.582,17.325,-0.5,1000.0,RETURNING_TO_START,load_zone_26,dump_zone_3,0.00025,0.00067
390.0,2026-07-02T12:34:01.716,3,-144.605,407.77,14.954,1.0,1000.0,RETURNING_TO_START,load_zone_22,dump_zone_22,0.000346,0.000927
391.0,2026-07-02T12:34:03.798,1,-150.203,402.908,13.11,1.0,1000.0,RETURNING_TO_START,load_zone_22,dump_zone_23,0.000335,0.000898
391.0,2026-07-02T12:34:03.798,2,697.501,-163.041,15.525,-0.5,1000.0,RETURNING_TO_START,load_zone_26,dump_zone_3,0.00025,0.00067
391.0,2026-07-02T12:34:03.798,3,-141.181,410.983,18.554,1.0,1000.0,RETURNING_TO_START,load_zone_22,dump_zone_22,0.00037,0.000992
392.0,2026-07-02T12:34:05.729,1,-147.033,405.602,16.61,1.0,1000.0,RETURNING_TO_START,load_zone_22,dump_zone_23,0.000357,0.000957
392.0,2026-07-02T12:34:05.729,2,697.5,-158.999,13.725,-0.5,1000.0,RETURNING_TO_START,load_zone_26,dump_zone_3,0.00025,0.00067
392.0,2026-07-02T12:34:05.729,3,-137.12,414.948,21.829,0.75,1000.0,RETURNING_TO_START,load_zone_22,dump_zone_22,0.000361,0.000967
393.0,2026-07-02T12:34:07.362,1,-143.217,409.068,20.21,1.0,1000.0,RETURNING_TO_START,load_zone_22,dump_zone_23,0.00038,0.001018
393.0,2026-07-02T12:34:07.362,2,697.5,-155.457,11.925,-0.5,1000.0,RETURNING_TO_START,load_zone_26,dump_zone_3,0.00025,0.00067
393.0,2026-07-02T12:34:07.362,3,-132.538,419.543,24.229,0.25,1000.0,RETURNING_TO_START,load_zone_22,dump_zone_22,0.000308,0.000825
394.0,2026-07-02T12:34:09.042,1,-138.805,413.291,23.11,0.4167,1000.0,RETURNING_TO_START,load_zone_22,dump_zone_23,0.000326,0.000874
394.0,2026-07-02T12:34:09.042,2,697.503,-152.416,10.125,-0.5,1000.0,RETURNING_TO_START,load_zone_26,dump_zone_3,0.00025,0.00067
394.0,2026-07-02T12:34:09.042,3,-127.886,424.31,23.329,-0.5,1000.0,RETURNING_TO_START,load_zone_22,dump_zone_22,0.00025,0.00067
395.0,2026-07-02T12:34:10.695,1,-134.231,417.831,22.91,-0.25,1000.0,RETURNING_TO_START,load_zone_22,dump_zone_23,0.00025,0.00067
395.0,2026-07-02T12:34:10.695,2,697.072,-149.918,8.7,-0.0833,1000.0,RETURNING_TO_START,load_zone_26,dump_zone_3,0.000255,0.000683
395.0,2026-07-02T12:34:10.695,3,-123.584,428.788,21.529,-0.5,1000.0,RETURNING_TO_START,load_zone_22,dump_zone_22,0.00025,0.00067
396.0,2026-07-02T12:34:12.230,1,-129.935,422.2,21.285,-0.5,1000.0,RETURNING_TO_START,load_zone_22,dump_zone_23,0.00025,0.00067
396.0,2026-07-02T12:34:12.230,2,695.418,-147.953,10.35,0.9167,1000.0,RETURNING_TO_START,load_zone_26,dump_zone_3,0.000312,0.000836
396.0,2026-07-02T12:34:12.230,3,-119.65,432.925,19.729,-0.5,1000.0,RETURNING_TO_START,load_zone_22,dump_zone_22,0.00025,0.00067
397.0,2026-07-02T12:34:14.181,1,-125.974,426.296,19.885,-0.5,1000.0,RETURNING_TO_START,load_zone_22,dump_zone_23,0.00025,0.00067
397.0,2026-07-02T12:34:14.181,2,692.811,-145.745,13.95,1.0,1000.0,RETURNING_TO_START,load_zone_26,dump_zone_3,0.00034,0.000911
397.0,2026-07-02T12:34:14.181,3,-116.071,436.711,17.929,-0.5,1000.0,RETURNING_TO_START,load_zone_22,dump_zone_22,0.00025,0.00067
398.0,2026-07-02T12:34:15.793,1,-122.281,430.157,18.842,-0.3315,1000.0,RETURNING_TO_START,load_zone_22,dump_zone_23,0.00025,0.00067
398.0,2026-07-02T12:34:15.793,2,689.466,-142.862,17.55,1.0,1000.0,RETURNING_TO_START,load_zone_26,dump_zone_3,0.000363,0.000973
398.0,2026-07-02T12:34:15.793,3,-112.842,440.139,16.129,-0.5,1000.0,RETURNING_TO_START,load_zone_22,dump_zone_22,0.00025,0.00067
399.0,2026-07-02T12:34:18.702,1,-118.84,433.781,17.391,-0.2891,1000.0,RETURNING_TO_START,load_zone_22,dump_zone_23,0.00025,0.00067
399.0,2026-07-02T12:34:18.702,2,685.564,-139.106,21.15,1.0,1000.0,RETURNING_TO_START,load_zone_26,dump_zone_3,0.000386,0.001034
399.0,2026-07-02T12:34:18.702,3,-109.692,442.899,14.329,-0.5,1000.0,RETURNING_TO_START,load_zone_22,dump_zone_22,0.00025,0.00067
400.0,2026-07-02T12:34:21.568,1,-115.687,437.12,15.741,-0.5,1000.0,RETURNING_TO_START,load_zone_22,dump_zone_23,0.00025,0.00067
400.0,2026-07-02T12:34:21.568,2,681.091,-134.628,23.729,0.3076,1000.0,RETURNING_TO_START,load_zone_26,dump_zone_3,0.000314,0.000842
400.0,2026-07-02T12:34:21.568,3,-106.299,444.371,12.529,-0.5,1000.0,RETURNING_TO_START,load_zone_22,dump_zone_22,0.00025,0.00067
401.0,2026-07-02T12:34:24.820,1,-112.861,440.11,14.172,-0.2555,1000.0,RETURNING_TO_START,load_zone_22,dump_zone_23,0.00025,0.00067
401.0,2026-07-02T12:34:24.820,2,676.38,-129.915,23.781,-0.3556,1000.0,RETURNING_TO_START,load_zone_26,dump_zone_3,0.00025,0.00067
401.0,2026-07-02T12:34:24.820,3,-103.985,446.583,10.729,-0.5,1000.0,RETURNING_TO_START,load_zone_22,dump_zone_22,0.00025,0.00067
402.0,2026-07-02T12:34:27.395,1,-110.223,442.895,13.567,-0.0941,1000.0,RETURNING_TO_START,load_zone_22,dump_zone_23,0.000257,0.000689
402.0,2026-07-02T12:34:27.395,2,671.896,-125.432,21.999,-0.5,1000.0,RETURNING_TO_START,load_zone_26,dump_zone_3,0.00025,0.00067
402.0,2026-07-02T12:34:27.395,3,-102.126,448.554,8.929,-0.5,1000.0,RETURNING_TO_START,load_zone_22,dump_zone_22,0.00025,0.00067
403.0,2026-07-02T12:34:30.243,1,-107.255,445.199,13.997,0.4993,1000.0,RETURNING_TO_START,load_zone_22,dump_zone_23,0.000302,0.000809
403.0,2026-07-02T12:34:30.243,2,667.767,-121.302,20.199,-0.5,1000.0,RETURNING_TO_START,load_zone_26,dump_zone_3,0.00025,0.00067
403.0,2026-07-02T12:34:30.243,3,-100.709,450.241,7.129,-0.5,1000.0,RETURNING_TO_START,load_zone_22,dump_zone_22,0.00025,0.00067
404.0,2026-07-02T12:34:33.210,1,-103.536,447.076,15.705,0.0867,1000.0,RETURNING_TO_START,load_zone_22,dump_zone_23,0.000274,0.000734
404.0,2026-07-02T12:34:33.210,2,663.991,-117.526,18.399,-0.5,1000.0,RETURNING_TO_START,load_zone_26,dump_zone_3,0.00025,0.00067
404.0,2026-07-02T12:34:33.210,3,-100.201,451.86,5.329,-0.5,1000.0,RETURNING_TO_START,load_zone_22,dump_zone_22,0.00025,0.00067
405.0,2026-07-02T12:34:36.331,1,-99.688,448.72,14.437,-0.5,1000.0,RETURNING_TO_START,load_zone_22,dump_zone_23,0.00025,0.00067
405.0,2026-07-02T12:34:36.331,2,660.569,-114.104,16.599,-0.5,1000.0,RETURNING_TO_START,load_zone_26,dump_zone_3,0.00025,0.00067
405.0,2026-07-02T12:34:36.331,3,-100.269,453.064,3.554,-0.4167,1000.0,RETURNING_TO_START,load_zone_22,dump_zone_22,0.00025,0.00067
406.0,2026-07-02T12:34:39.730,1,-98.208,452.06,12.637,-0.5,1000.0,RETURNING_TO_START,load_zone_22,dump_zone_23,0.00025,0.00067
406.0,2026-07-02T12:34:39.730,2,657.5,-111.035,14.799,-0.5,1000.0,RETURNING_TO_START,load_zone_26,dump_zone_3,0.00025,0.00067
406.0,2026-07-02T12:34:39.730,3,-100.579,453.982,4.004,0.5833,1000.0,RETURNING_TO_START,load_zone_22,dump_zone_22,0.000267,0.000716
407.0,2026-07-02T12:34:42.412,1,-97.998,455.287,10.855,-0.4402,1000.0,RETURNING_TO_START,load_zone_22,dump_zone_23,0.00025,0.00067
407.0,2026-07-02T12:34:42.412,2,654.784,-108.32,12.999,-0.5,1000.0,RETURNING_TO_START,load_zone_26,dump_zone_3,0.00025,0.00067
407.0,2026-07-02T12:34:42.412,3,-101.431,455.298,6.979,0.5833,1000.0,RETURNING_TO_START,load_zone_22,dump_zone_22,0.000279,0.000748
408.0,2026-07-02T12:34:45.458,1,-98.833,457.999,10.198,0.25,1000.0,RETURNING_TO_START,load_zone_22,dump_zone_23,0.000275,0.000737
408.0,2026-07-02T12:34:45.458,2,652.423,-105.958,11.199,-0.5,1000.0,RETURNING_TO_START,load_zone_26,dump_zone_3,0.00025,0.00067
408.0,2026-07-02T12:34:45.458,3,-101.994,457.248,7.129,-0.4167,1000.0,RETURNING_TO_START,load_zone_22,dump_zone_22,0.00025,0.00067
409.0,2026-07-02T12:34:48.619,1,-99.879,460.705,10.424,-0.1368,1000.0,RETURNING_TO_START,load_zone_22,dump_zone_23,0.000253,0.000678
409.0,2026-07-02T12:34:48.619,2,650.415,-103.949,9.399,-0.5,1000.0,RETURNING_TO_START,load_zone_26,dump_zone_3,0.00025,0.00067
409.0,2026-07-02T12:34:48.619,3,-102.679,458.846,5.773,-0.2675,1000.0,RETURNING_TO_START,load_zone_22,dump_zone_22,0.00025,0.00067
410.0,2026-07-02T12:34:51.571,1,-101.514,462.926,9.893,0.0503,1000.0,RETURNING_TO_START,load_zone_22,dump_zone_23,0.000263,0.000705
410.0,2026-07-02T12:34:51.571,2,648.639,-102.443,7.624,-0.4167,1000.0,RETURNING_TO_START,load_zone_26,dump_zone_3,0.00025,0.00067
410.0,2026-07-02T12:34:51.571,3,-103.581,460.015,5.41,0.3158,1000.0,RETURNING_TO_START,load_zone_22,dump_zone_22,0.000265,0.00071
411.0,2026-07-02T12:34:54.797,1,-104.313,463.926,12.01,1.0,1000.0,RETURNING_TO_START,load_zone_22,dump_zone_23,0.000327,0.000876
411.0,2026-07-02T12:34:54.797,2,646.609,-101.977,8.074,0.5833,1000.0,RETURNING_TO_START,load_zone_26,dump_zone_3,0.000284,0.000761
411.0,2026-07-02T12:34:54.797,3,-105.218,460.891,8.268,1.0,1000.0,RETURNING_TO_START,load_zone_22,dump_zone_22,0.000303,0.000812
412.0,2026-07-02T12:34:56.832,1,-107.651,465.777,14.91,0.4167,1000.0,RETURNING_TO_START,load_zone_22,dump_zone_23,0.000299,0.000801
412.0,2026-07-02T12:34:56.832,2,643.89,-102.049,11.424,1.0,1000.0,RETURNING_TO_START,load_zone_26,dump_zone_3,0.000324,0.000868
412.0,2026-07-02T12:34:56.832,3,-108.01,460.922,11.868,1.0,1000.0,RETURNING_TO_START,load_zone_22,dump_zone_22,0.000326,0.000874
413.0,2026-07-02T12:34:58.389,1,-109.588,469.363,15.86,0.5833,1000.0,RETURNING_TO_START,load_zone_22,dump_zone_23,0.000317,0.00085
413.0,2026-07-02T12:34:58.389,2,640.182,-102.278,15.024,1.0,1000.0,RETURNING_TO_START,load_zone_26,dump_zone_3,0.000347,0.00093
413.0,2026-07-02T12:34:58.389,3,-110.585,458.255,15.468,1.0,1000.0,RETURNING_TO_START,load_zone_22,dump_zone_22,0.00035,0.000938
414.0,2026-07-02T12:35:00.181,1,-107.01,473.29,19.21,1.0,1000.0,RETURNING_TO_START,load_zone_22,dump_zone_23,0.000374,0.001002
414.0,2026-07-02T12:35:00.181,2,635.477,-102.464,18.474,0.75,1000.0,RETURNING_TO_START,load_zone_26,dump_zone_3,0.000344,0.000922
414.0,2026-07-02T12:35:00.181,3,-112.724,453.916,19.068,1.0,1000.0,RETURNING_TO_START,load_zone_22,dump_zone_22,0.000373,0.001
415.0,2026-07-02T12:35:02.684,1,-103.419,477.88,22.785,0.9167,1000.0,RETURNING_TO_START,load_zone_22,dump_zone_23,0.000387,0.001037
415.0,2026-07-02T12:35:02.684,2,630.15,-102.504,19.224,-0.25,1000.0,RETURNING_TO_START,load_zone_26,dump_zone_3,0.00025,0.00067
415.0,2026-07-02T12:35:02.684,3,-116.483,449.492,22.668,1.0,1000.0,RETURNING_TO_START,load_zone_22,dump_zone_22,0.000396,0.001061
416.0,2026-07-02T12:35:05.104,1,-102.448,484.369,24.135,-0.0833,1000.0,RETURNING_TO_START,load_zone_22,dump_zone_23,0.000265,0.00071
416.0,2026-07-02T12:35:05.104,2,625.046,-102.501,17.624,-0.4167,1000.0,RETURNING_TO_START,load_zone_26,dump_zone_3,0.00025,0.00067
416.0,2026-07-02T12:35:05.104,3,-122.681,447.421,24.618,0.0833,1000.0,RETURNING_TO_START,load_zone_22,dump_zone_22,0.000287,0.000769
417.0,2026-07-02T12:35:06.583,1,-102.488,490.865,22.585,-0.5,1000.0,RETURNING_TO_START,load_zone_22,dump_zone_23,0.00025,0.00067
417.0,2026-07-02T12:35:06.583,2,620.367,-102.5,16.061,-0.5,1000.0,RETURNING_TO_START,load_zone_26,dump_zone_3,0.00025,0.00067
417.0,2026-07-02T12:35:06.583,3,-129.373,447.478,23.343,-0.5,1000.0,RETURNING_TO_START,load_zone_22,dump_zone_22,0.00025,0.00067
418.0,2026-07-02T12:35:08.271,1,-102.5,496.868,20.785,-0.5,1000.0,RETURNING_TO_START,load_zone_22,dump_zone_23,0.00025,0.00067
418.0,2026-07-02T12:35:08.271,2,616.154,-102.5,14.361,-0.5,1000.0,RETURNING_TO_START,load_zone_26,dump_zone_3,0.00025,0.00067
418.0,2026-07-02T12:35:08.271,3,-135.586,447.502,21.543,-0.5,1000.0,RETURNING_TO_START,load_zone_22,dump_zone_22,0.00025,0.00067
419.0,2026-07-02T12:35:10.129,1,-102.5,502.371,18.985,-0.5,1000.0,RETURNING_TO_START,load_zone_22,dump_zone_23,0.00025,0.00067
419.0,2026-07-02T12:35:10.129,2,612.435,-102.5,12.586,-0.4167,1000.0,RETURNING_TO_START,load_zone_26,dump_zone_3,0.00025,0.00067
419.0,2026-07-02T12:35:10.129,3,-141.299,447.501,19.743,-0.5,1000.0,RETURNING_TO_START,load_zone_22,dump_zone_22,0.00025,0.00067
420.0,2026-07-02T12:35:12.289,1,-102.5,507.373,17.185,-0.5,1000.0,RETURNING_TO_START,load_zone_22,dump_zone_23,0.00025,0.00067
420.0,2026-07-02T12:35:12.289,2,609.155,-102.5,11.186,-0.3593,1000.0,RETURNING_TO_START,load_zone_26,dump_zone_3,0.00025,0.00067
420.0,2026-07-02T12:35:12.289,3,-146.513,447.5,17.943,-0.5,1000.0,RETURNING_TO_START,load_zone_22,dump_zone_22,0.00025,0.00067
421.0,2026-07-02T12:35:13.831,1,-102.5,511.876,15.385,-0.5,1000.0,RETURNING_TO_START,load_zone_22,dump_zone_23,0.00025,0.00067
421.0,2026-07-02T12:35:13.831,2,606.188,-102.5,10.249,-0.4589,1000.0,RETURNING_TO_START,load_zone_26,dump_zone_3,0.00025,0.00067
421.0,2026-07-02T12:35:13.831,3,-151.226,447.5,16.143,-0.5,1000.0,RETURNING_TO_START,load_zone_22,dump_zone_22,0.00025,0.00067
422.0,2026-07-02T12:35:15.141,1,-102.5,515.879,13.585,-0.5,1000.0,RETURNING_TO_START,load_zone_22,dump_zone_23,0.00025,0.00067
422.0,2026-07-02T12:35:15.141,2,603.612,-102.5,8.449,-0.5,1000.0,RETURNING_TO_START,load_zone_26,dump_zone_3,0.00025,0.00067
422.0,2026-07-02T12:35:15.141,3,-155.44,447.5,14.343,-0.5,1000.0,RETURNING_TO_START,load_zone_22,dump_zone_22,0.00025,0.00067
423.0,2026-07-02T12:35:17.522,1,-102.422,519.377,11.785,-0.5,1000.0,RETURNING_TO_START,load_zone_22,dump_zone_23,0.00025,0.00067
423.0,2026-07-02T12:35:17.522,2,601.518,-102.448,6.774,-0.4167,1000.0,RETURNING_TO_START,load_zone_26,dump_zone_3,0.00025,0.00067
423.0,2026-07-02T12:35:17.522,3,-159.091,446.937,12.543,-0.5,1000.0,RETURNING_TO_START,load_zone_22,dump_zone_22,0.00025,0.00067
424.0,2026-07-02T12:35:19.500,1,-101.243,522.068,9.985,-0.5,1000.0,RETURNING_TO_START,load_zone_22,dump_zone_23,0.00025,0.00067
424.0,2026-07-02T12:35:19.500,2,599.733,-101.945,7.224,0.5833,1000.0,RETURNING_TO_START,load_zone_26,dump_zone_3,0.00028,0.00075
424.0,2026-07-02T12:35:19.500,3,-162.083,445.781,10.743,-0.5,1000.0,RETURNING_TO_START,load_zone_22,dump_zone_22,0.00025,0.00067
425.0,2026-07-02T12:35:21.305,1,-99.056,523.202,8.185,-0.5,1000.0,RETURNING_TO_START,load_zone_22,dump_zone_23,0.00025,0.00067
425.0,2026-07-02T12:35:21.305,2,598.048,-100.238,9.874,0.4167,1000.0,RETURNING_TO_START,load_zone_26,dump_zone_3,0.000283,0.000758
425.0,2026-07-02T12:35:21.305,3,-164.778,445.511,8.943,-0.5,1000.0,RETURNING_TO_START,load_zone_22,dump_zone_22,0.00025,0.00067
426.0,2026-07-02T12:35:22.773,1,-97.08,523.044,6.385,-0.5,1000.0,RETURNING_TO_START,load_zone_22,dump_zone_23,0.00025,0.00067
426.0,2026-07-02T12:35:22.773,2,597.46,-97.531,10.174,0.25,1000.0,RETURNING_TO_START,load_zone_26,dump_zone_3,0.000274,0.000734
426.0,2026-07-02T12:35:22.773,3,-166.991,445.485,7.143,-0.5,1000.0,RETURNING_TO_START,load_zone_22,dump_zone_22,0.00025,0.00067
427.0,2026-07-02T12:35:24.152,1,-95.778,522.311,4.585,-0.5,1000.0,RETURNING_TO_START,load_zone_22,dump_zone_23,0.00025,0.00067
427.0,2026-07-02T12:35:24.152,2,597.401,-94.366,12.874,1.0,1000.0,RETURNING_TO_START,load_zone_26,dump_zone_3,0.000333,0.000892
427.0,2026-07-02T12:35:24.152,3,-168.701,445.577,5.343,-0.5,1000.0,RETURNING_TO_START,load_zone_22,dump_zone_22,0.00025,0.00067
428.0,2026-07-02T12:35:25.377,1,-94.979,521.709,2.785,-0.5,1000.0,UNLOADING,load_zone_22,dump_zone_23,0.00025,0.00067
428.0,2026-07-02T12:35:25.377,2,597.445,-90.248,16.474,1.0,1000.0,RETURNING_TO_START,load_zone_26,dump_zone_3,0.000356,0.000954
428.0,2026-07-02T12:35:25.377,3,-169.913,445.913,4.243,0.0833,1000.0,RETURNING_TO_START,load_zone_22,dump_zone_22,0.000256,0.000686
429.0,2026-07-02T12:35:26.761,1,-94.531,521.482,0.985,-0.5,1000.0,UNLOADING,load_zone_22,dump_zone_23,0.00025,0.00067
429.0,2026-07-02T12:35:26.761,2,597.492,-85.131,20.074,1.0,1000.0,RETURNING_TO_START,load_zone_26,dump_zone_3,0.000379,0.001016
429.0,2026-07-02T12:35:26.761,3,-171.082,446.729,6.468,1.0,1000.0,RETURNING_TO_START,load_zone_22,dump_zone_22,0.000292,0.000783
430.0,2026-07-02T12:35:28.640,1,-94.472,521.457,0.0,-0.5,1000.0,UNLOADING,load_zone_22,dump_zone_23,0.00025,0.00067
430.0,2026-07-02T12:35:28.640,2,597.5,-79.075,22.983,0.5129,1000.0,RETURNING_TO_START,load_zone_26,dump_zone_3,0.000338,0.000906
430.0,2026-07-02T12:35:28.640,3,-172.137,448.725,9.368,0.4167,1000.0,RETURNING_TO_START,load_zone_22,dump_zone_22,0.000281,0.000753
431.0,2026-07-02T12:35:29.821,1,-93.888,521.137,7.2,0.0,0.0,TURNING_AROUND,dump_zone_23,load_zone_22,0.000255,0.000683
431.0,2026-07-02T12:35:29.821,2,597.5,-72.529,23.73,-0.1537,1000.0,RETURNING_TO_START,load_zone_26,dump_zone_3,0.000255,0.000683
431.0,2026-07-02T12:35:29.821,3,-171.803,451.275,8.943,-0.5,1000.0,RETURNING_TO_START,load_zone_22,dump_zone_22,0.00025,0.00067
432.0,2026-07-02T12:35:31.133,1,-92.559,519.67,7.2,0.0,0.0,TURNING_AROUND,dump_zone_23,load_zone_22,0.000255,0.000683
432.0,2026-07-02T12:35:31.133,2,597.5,-66.009,23.243,-0.0527,1000.0,RETURNING_TO_START,load_zone_26,dump_zone_3,0.000268,0.000718
432.0,2026-07-02T12:35:31.133,3,-170.345,452.904,7.143,-0.5,1000.0,RETURNING_TO_START,load_zone_22,dump_zone_22,0.00025,0.00067
433.0,2026-07-02T12:35:32.610,1,-92.503,519.691,0.0,-0.1667,0.0,GOING_TO_ENDPOINT,dump_zone_23,load_zone_22,0.00025,0.00067
433.0,2026-07-02T12:35:32.610,2,597.5,-59.661,22.453,-0.0527,1000.0,RETURNING_TO_START,load_zone_26,dump_zone_3,0.000267,0.000716
433.0,2026-07-02T12:35:32.610,3,-168.774,453.576,5.343,-0.5,1000.0,RETURNING_TO_START,load_zone_22,dump_zone_22,0.00025,0.00067
434.0,2026-07-02T12:35:34.503,1,-92.504,519.563,1.375,0.8333,0.0,GOING_TO_ENDPOINT,dump_zone_23,load_zone_22,0.000255,0.000683
434.0,2026-07-02T12:35:34.503,2,597.5,-53.438,22.513,0.2806,1000.0,RETURNING_TO_START,load_zone_26,dump_zone_3,0.000308,0.000825
434.0,2026-07-02T12:35:34.503,3,-167.76,454.234,3.543,-0.5,1000.0,RETURNING_TO_START,load_zone_22,dump_zone_22,0.00025,0.00067
435.0,2026-07-02T12:35:36.524,1,-92.621,518.657,4.95,1.0,0.0,GOING_TO_ENDPOINT,dump_zone_23,load_zone_22,0.000269,0.000721
435.0,2026-07-02T12:35:36.524,2,597.5,-47.013,23.223,-0.2194,1000.0,RETURNING_TO_START,load_zone_26,dump_zone_3,0.00025,0.00067
435.0,2026-07-02T12:35:36.524,3,-167.27,454.752,1.743,-0.5,1000.0,UNLOADING,load_zone_22,dump_zone_22,0.00025,0.00067
436.0,2026-07-02T12:35:38.597,1,-93.363,516.893,8.55,1.0,0.0,GOING_TO_ENDPOINT,dump_zone_23,load_zone_22,0.000283,0.000758
436.0,2026-07-02T12:35:38.597,2,597.5,-40.605,22.983,-0.2476,1000.0,RETURNING_TO_START,load_zone_26,dump_zone_3,0.00025,0.00067
436.0,2026-07-02T12:35:38.597,3,-167.14,454.923,0.0,-0.5,1000.0,UNLOADING,load_zone_22,dump_zone_22,0.00025,0.00067
437.0,2026-07-02T12:35:40.797,1,-94.615,514.26,12.15,1.0,0.0,GOING_TO_ENDPOINT,dump_zone_23,load_zone_22,0.000297,0.000796
437.0,2026-07-02T12:35:40.797,2,597.5,-34.337,22.366,-0.0708,1000.0,RETURNING_TO_START,load_zone_26,dump_zone_3,0.000265,0.00071
437.0,2026-07-02T12:35:40.797,3,-167.14,454.923,0.0,-0.5,1000.0,UNLOADING,load_zone_22,dump_zone_22,0.00025,0.00067
438.0,2026-07-02T12:35:42.460,1,-95.931,510.575,15.75,1.0,0.0,GOING_TO_ENDPOINT,dump_zone_23,load_zone_22,0.000311,0.000833
438.0,2026-07-02T12:35:42.460,2,597.5,-27.966,23.754,0.506,1000.0,RETURNING_TO_START,load_zone_26,dump_zone_3,0.00034,0.000911
438.0,2026-07-02T12:35:42.460,3,-165.743,456.085,7.2,0.0,0.0,TURNING_AROUND,dump_zone_22,load_zone_22,0.000255,0.000683
439.0,2026-07-02T12:35:44.029,1,-97.0,505.779,19.35,1.0,0.0,GOING_TO_ENDPOINT,dump_zone_23,load_zone_22,0.000325,0.000871
439.0,2026-07-02T12:35:44.029,2,597.5,-21.256,23.999,-0.2344,1000.0,RETURNING_TO_START,load_zone_26,dump_zone_3,0.00025,0.00067
439.0,2026-07-02T12:35:44.029,3,-164.803,456.417,0.0,-0.0833,0.0,GOING_TO_ENDPOINT,dump_zone_22,load_zone_22,0.00025,0.00067
440.0,2026-07-02T12:35:45.881,1,-97.497,499.889,22.95,1.0,0.0,GOING_TO_ENDPOINT,dump_zone_23,load_zone_22,0.000339,0.000909
440.0,2026-07-02T12:35:45.881,2,597.5,-14.673,23.53,0.0396,1000.0,RETURNING_TO_START,load_zone_26,dump_zone_3,0.00028,0.00075
440.0,2026-07-02T12:35:45.881,3,-164.637,456.416,1.65,0.9167,0.0,GOING_TO_ENDPOINT,dump_zone_22,load_zone_22,0.000256,0.000686
441.0,2026-07-02T12:35:48.074,1,-97.505,492.972,26.55,1.0,0.0,GOING_TO_ENDPOINT,dump_zone_23,load_zone_22,0.000353,0.000946
441.0,2026-07-02T12:35:48.074,2,597.5,-8.182,23.111,-0.1379,1000.0,RETURNING_TO_START,load_zone_26,dump_zone_3,0.000257,0.000689
441.0,2026-07-02T12:35:48.074,3,-163.644,456.315,5.25,1.0,0.0,GOING_TO_ENDPOINT,dump_zone_22,load_zone_22,0.00027,0.000724
442.0,2026-07-02T12:35:50.364,1,-97.499,485.221,28.5,0.0833,0.0,GOING_TO_ENDPOINT,dump_zone_23,load_zone_22,0.000276,0.00074
442.0,2026-07-02T12:35:50.364,2,597.5,-1.863,22.415,-0.1102,1000.0,RETURNING_TO_START,load_zone_26,dump_zone_3,0.00026,0.000697
442.0,2026-07-02T12:35:50.364,3,-161.735,455.724,8.85,1.0,0.0,GOING_TO_ENDPOINT,dump_zone_22,load_zone_22,0.000284,0.000761
443.0,2026-07-02T12:35:52.397,1,-97.499,477.45,27.225,-0.5,0.0,GOING_TO_ENDPOINT,dump_zone_23,load_zone_22,0.00025,0.00067
443.0,2026-07-02T12:35:52.397,2,597.5,4.446,23.02,0.0573,1000.0,RETURNING_TO_START,load_zone_26,dump_zone_3,0.000281,0.000753
443.0,2026-07-02T12:35:52.397,3,-158.911,454.713,12.45,1.0,0.0,GOING_TO_ENDPOINT,dump_zone_22,load_zone_22,0.000298,0.000799
444.0,2026-07-02T12:35:54.199,1,-97.504,470.158,25.425,-0.5,0.0,GOING_TO_ENDPOINT,dump_zone_23,load_zone_22,0.00025,0.00067
444.0,2026-07-02T12:35:54.199,2,597.5,10.856,23.172,0.1861,1000.0,RETURNING_TO_START,load_zone_26,dump_zone_3,0.000298,0.000799
444.0,2026-07-02T12:35:54.199,3,-155.056,453.649,16.05,1.0,0.0,GOING_TO_ENDPOINT,dump_zone_22,load_zone_22,0.000312,0.000836
445.0,2026-07-02T12:35:56.214,1,-97.515,463.367,23.625,-0.5,0.0,GOING_TO_ENDPOINT,dump_zone_23,load_zone_22,0.00025,0.00067
445.0,2026-07-02T12:35:56.214,2,597.5,17.454,24.347,0.2351,1000.0,RETURNING_TO_START,load_zone_26,dump_zone_3,0.000307,0.000823
445.0,2026-07-02T12:35:56.214,3,-150.141,452.752,19.65,1.0,0.0,GOING_TO_ENDPOINT,dump_zone_22,load_zone_22,0.000326,0.000874
446.0,2026-07-02T12:35:58.270,1,-97.395,457.078,21.825,-0.5,0.0,GOING_TO_ENDPOINT,dump_zone_23,load_zone_22,0.00025,0.00067
446.0,2026-07-02T12:35:58.270,2,597.5,24.144,23.465,-0.4167,1000.0,RETURNING_TO_START,load_zone_26,dump_zone_3,0.00025,0.00067
446.0,2026-07-02T12:35:58.270,3,-144.245,452.492,22.125,0.25,0.0,GOING_TO_ENDPOINT,dump_zone_22,load_zone_22,0.000282,0.000756
447.0,2026-07-02T12:36:00.386,1,-96.61,451.351,20.025,-0.5,0.0,GOING_TO_ENDPOINT,dump_zone_23,load_zone_22,0.00025,0.00067
447.0,2026-07-02T12:36:00.386,2,597.5,30.597,23.523,0.3171,1000.0,RETURNING_TO_START,load_zone_26,dump_zone_3,0.000315,0.000844
447.0,2026-07-02T12:36:00.386,3,-138.168,452.496,21.225,-0.5,0.0,GOING_TO_ENDPOINT,dump_zone_22,load_zone_22,0.00025,0.00067
448.0,2026-07-02T12:36:03.139,1,-98.437,446.51,18.225,-0.5,0.0,GOING_TO_ENDPOINT,dump_zone_23,load_zone_22,0.00025,0.00067
448.0,2026-07-02T12:36:03.139,2,597.5,37.186,23.565,-0.3496,1000.0,RETURNING_TO_START,load_zone_26,dump_zone_3,0.00025,0.00067
448.0,2026-07-02T12:36:03.139,3,-132.543,452.5,19.425,-0.5,0.0,GOING_TO_ENDPOINT,dump_zone_22,load_zone_22,0.00025,0.00067
449.0,2026-07-02T12:36:05.357,1,-102.299,443.404,18.075,0.4167,0.0,GOING_TO_ENDPOINT,dump_zone_23,load_zone_22,0.000286,0.000766
449.0,2026-07-02T12:36:05.357,2,597.5,43.578,23.028,0.2858,1000.0,RETURNING_TO_START,load_zone_26,dump_zone_3,0.00031,0.000831
449.0,2026-07-02T12:36:05.357,3,-127.418,452.5,17.625,-0.5,0.0,GOING_TO_ENDPOINT,dump_zone_22,load_zone_22,0.00025,0.00067
450.0,2026-07-02T12:36:07.058,1,-106.304,439.731,21.15,1.0,0.0,GOING_TO_ENDPOINT,dump_zone_23,load_zone_22,0.000332,0.00089
450.0,2026-07-02T12:36:07.058,2,597.5,50.104,23.594,-0.0894,1000.0,RETURNING_TO_START,load_zone_26,dump_zone_3,0.000264,0.000708
450.0,2026-07-02T12:36:07.058,3,-122.793,452.5,15.825,-0.5,0.0,GOING_TO_ENDPOINT,dump_zone_22,load_zone_22,0.00025,0.00067
451.0,2026-07-02T12:36:08.983,1,-110.742,435.097,24.75,1.0,0.0,GOING_TO_ENDPOINT,dump_zone_23,load_zone_22,0.000346,0.000927
451.0,2026-07-02T12:36:08.983,2,597.5,56.6,23.215,-0.2625,1000.0,RETURNING_TO_START,load_zone_26,dump_zone_3,0.00025,0.00067
451.0,2026-07-02T12:36:08.983,3,-118.668,452.5,14.025,-0.5,0.0,GOING_TO_ENDPOINT,dump_zone_22,load_zone_22,0.00025,0.00067
452.0,2026-07-02T12:36:11.125,1,-115.76,429.761,27.283,0.3758,0.0,GOING_TO_ENDPOINT,dump_zone_23,load_zone_22,0.0003,0.000804
452.0,2026-07-02T12:36:11.125,2,597.5,62.891,22.607,0.25,1000.0,RETURNING_TO_START,load_zone_26,dump_zone_3,0.000304,0.000815
452.0,2026-07-02T12:36:11.125,3,-115.043,452.5,12.225,-0.5,0.0,GOING_TO_ENDPOINT,dump_zone_22,load_zone_22,0.00025,0.00067
453.0,2026-07-02T12:36:13.460,1,-121.103,424.149,27.977,-0.227,0.0,GOING_TO_ENDPOINT,dump_zone_23,load_zone_22,0.00025,0.00067
453.0,2026-07-02T12:36:13.460,2,597.5,69.337,23.47,0.1553,1000.0,RETURNING_TO_START,load_zone_26,dump_zone_3,0.000294,0.000788
453.0,2026-07-02T12:36:13.460,3,-111.959,452.903,10.425,-0.5,0.0,GOING_TO_ENDPOINT,dump_zone_22,load_zone_22,0.00025,0.00067
454.0,2026-07-02T12:36:15.809,1,-126.331,418.735,26.273,-0.5,0.0,GOING_TO_ENDPOINT,dump_zone_23,load_zone_22,0.00025,0.00067
454.0,2026-07-02T12:36:15.809,2,597.5,75.833,22.879,-0.4167,1000.0,RETURNING_TO_START,load_zone_26,dump_zone_3,0.00025,0.00067
454.0,2026-07-02T12:36:15.809,3,-109.521,453.874,8.625,-0.5,0.0,GOING_TO_ENDPOINT,dump_zone_22,load_zone_22,0.00025,0.00067
455.0,2026-07-02T12:36:18.147,1,-131.262,413.728,24.473,-0.5,0.0,GOING_TO_ENDPOINT,dump_zone_23,load_zone_22,0.00025,0.00067
455.0,2026-07-02T12:36:18.147,2,597.5,82.103,22.623,0.1043,1000.0,RETURNING_TO_START,load_zone_26,dump_zone_3,0.000287,0.000769
455.0,2026-07-02T12:36:18.147,3,-107.454,454.349,6.825,-0.5,0.0,GOING_TO_ENDPOINT,dump_zone_22,load_zone_22,0.00025,0.00067
456.0,2026-07-02T12:36:20.594,1,-135.902,409.137,22.673,-0.5,0.0,GOING_TO_ENDPOINT,dump_zone_23,load_zone_22,0.00025,0.00067
456.0,2026-07-02T12:36:20.594,2,597.5,88.49,23.4,0.1221,1000.0,RETURNING_TO_START,load_zone_26,dump_zone_3,0.00029,0.000777
456.0,2026-07-02T12:36:20.594,3,-105.818,454.478,5.194,-0.3679,0.0,GOING_TO_ENDPOINT,dump_zone_22,load_zone_22,0.00025,0.00067
457.0,2026-07-02T12:36:23.180,1,-140.268,404.983,20.873,-0.5,0.0,GOING_TO_ENDPOINT,dump_zone_23,load_zone_22,0.00025,0.00067
457.0,2026-07-02T12:36:23.180,2,597.5,94.915,22.628,-0.2376,1000.0,RETURNING_TO_START,load_zone_26,dump_zone_3,0.00025,0.00067
457.0,2026-07-02T12:36:23.180,3,-104.419,454.511,5.288,0.2779,0.0,GOING_TO_ENDPOINT,dump_zone_22,load_zone_22,0.000258,0.000691
458.0,2026-07-02T12:36:25.607,1,-144.384,401.294,19.073,-0.5,0.0,GOING_TO_ENDPOINT,dump_zone_23,load_zone_22,0.00025,0.00067
458.0,2026-07-02T12:36:25.607,2,597.5,101.271,23.423,0.2624,1000.0,RETURNING_TO_START,load_zone_26,dump_zone_3,0.000308,0.000825
458.0,2026-07-02T12:36:25.607,3,-102.883,454.454,5.311,-0.4148,0.0,GOING_TO_ENDPOINT,dump_zone_22,load_zone_22,0.00025,0.00067
459.0,2026-07-02T12:36:28.024,1,-148.329,398.181,17.273,-0.5,0.0,GOING_TO_ENDPOINT,dump_zone_23,load_zone_22,0.00025,0.00067
459.0,2026-07-02T12:36:28.024,2,597.5,107.883,23.999,-0.0256,1000.0,RETURNING_TO_START,load_zone_26,dump_zone_3,0.000272,0.000729
459.0,2026-07-02T12:36:28.024,3,-101.648,454.249,4.214,0.0833,0.0,GOING_TO_ENDPOINT,dump_zone_22,load_zone_22,0.000254,0.000681
460.0,2026-07-02T12:36:29.897,1,-152.181,395.811,15.473,-0.5,0.0,GOING_TO_ENDPOINT,dump_zone_23,load_zone_22,0.00025,0.00067
460.0,2026-07-02T12:36:29.897,2,597.5,114.422,23.356,0.141,1000.0,RETURNING_TO_START,load_zone_26,dump_zone_3,0.000292,0.000783
460.0,2026-07-02T12:36:29.897,3,-100.35,453.672,6.439,1.0,0.0,GOING_TO_ENDPOINT,dump_zone_22,load_zone_22,0.000275,0.000737
461.0,2026-07-02T12:36:31.801,1,-155.936,394.375,13.673,-0.5,0.0,GOING_TO_ENDPOINT,dump_zone_23,load_zone_22,0.00025,0.00067
461.0,2026-07-02T12:36:31.801,2,597.5,120.961,23.402,-0.3008,1000.0,RETURNING_TO_START,load_zone_26,dump_zone_3,0.00025,0.00067
461.0,2026-07-02T12:36:31.801,3,-98.901,451.891,10.039,1.0,0.0,GOING_TO_ENDPOINT,dump_zone_22,load_zone_22,0.000289,0.000775
462.0,2026-07-02T12:36:34.348,1,-159.351,393.495,11.873,-0.5,0.0,GOING_TO_ENDPOINT,dump_zone_23,load_zone_22,0.00025,0.00067
462.0,2026-07-02T12:36:34.348,2,597.5,127.288,22.522,-0.0833,1000.0,RETURNING_TO_START,load_zone_26,dump_zone_3,0.000264,0.000708
462.0,2026-07-02T12:36:34.348,3,-98.733,448.703,12.514,0.25,0.0,GOING_TO_ENDPOINT,dump_zone_22,load_zone_22,0.000268,0.000718
463.0,2026-07-02T12:36:36.760,1,-162.271,392.706,10.073,-0.5,0.0,GOING_TO_ENDPOINT,dump_zone_23,load_zone_22,0.00025,0.00067
463.0,2026-07-02T12:36:36.760,2,597.5,133.648,23.237,0.0701,1000.0,RETURNING_TO_START,load_zone_26,dump_zone_3,0.000283,0.000758
463.0,2026-07-02T12:36:36.760,3,-100.457,445.708,12.864,0.4167,0.0,GOING_TO_ENDPOINT,dump_zone_22,load_zone_22,0.000275,0.000737
464.0,2026-07-02T12:36:38.621,1,-164.781,392.851,8.273,-0.5,0.0,GOING_TO_ENDPOINT,dump_zone_23,load_zone_22,0.00025,0.00067
464.0,2026-07-02T12:36:38.621,2,597.5,140.131,23.568,0.2808,1000.0,RETURNING_TO_START,load_zone_26,dump_zone_3,0.000311,0.000833
464.0,2026-07-02T12:36:38.621,3,-103.182,442.796,15.939,1.0,0.0,GOING_TO_ENDPOINT,dump_zone_22,load_zone_22,0.000312,0.000836
465.0,2026-07-02T12:36:40.270,1,-166.698,393.501,6.473,-0.5,0.0,GOING_TO_ENDPOINT,dump_zone_23,load_zone_22,0.00025,0.00067
465.0,2026-07-02T12:36:40.270,2,597.5,146.716,23.319,-0.3726,1000.0,RETURNING_TO_START,load_zone_26,dump_zone_3,0.00025,0.00067
465.0,2026-07-02T12:36:40.270,3,-106.684,439.271,19.539,1.0,0.0,GOING_TO_ENDPOINT,dump_zone_22,load_zone_22,0.000326,0.000874
466.0,2026-07-02T12:36:42.194,1,-168.077,394.171,4.823,-0.25,0.0,GOING_TO_ENDPOINT,dump_zone_23,load_zone_22,0.00025,0.00067
466.0,2026-07-02T12:36:42.194,2,597.5,153.099,22.705,-0.3567,1000.0,RETURNING_TO_START,load_zone_26,dump_zone_3,0.00025,0.00067
466.0,2026-07-02T12:36:42.194,3,-110.832,434.979,23.139,1.0,0.0,GOING_TO_ENDPOINT,dump_zone_22,load_zone_22,0.000339,0.000909
467.0,2026-07-02T12:36:44.604,1,-169.207,394.79,4.324,-0.3993,0.0,GOING_TO_ENDPOINT,dump_zone_23,load_zone_22,0.00025,0.00067
467.0,2026-07-02T12:36:44.604,2,597.5,159.14,20.923,-0.5,1000.0,RETURNING_TO_START,load_zone_26,dump_zone_3,0.00025,0.00067
467.0,2026-07-02T12:36:44.604,3,-115.614,429.917,26.589,0.75,0.0,GOING_TO_ENDPOINT,dump_zone_22,load_zone_22,0.000331,0.000887
468.0,2026-07-02T12:36:47.063,1,-170.095,395.302,3.037,-0.5,0.0,LOADING,dump_zone_23,load_zone_22,0.00025,0.00067
468.0,2026-07-02T12:36:47.063,2,597.5,164.681,19.123,-0.5,1000.0,RETURNING_TO_START,load_zone_26,dump_zone_3,0.00025,0.00067
468.0,2026-07-02T12:36:47.063,3,-120.84,424.425,27.339,-0.25,0.0,GOING_TO_ENDPOINT,dump_zone_22,load_zone_22,0.00025,0.00067
469.0,2026-07-02T12:36:48.790,1,-170.604,395.565,1.237,-0.5,0.0,LOADING,dump_zone_23,load_zone_22,0.00025,0.00067
469.0,2026-07-02T12:36:48.790,2,597.5,169.723,17.323,-0.5,1000.0,RETURNING_TO_START,load_zone_26,dump_zone_3,0.00025,0.00067
469.0,2026-07-02T12:36:48.790,3,-125.937,419.138,25.614,-0.5,0.0,GOING_TO_ENDPOINT,dump_zone_22,load_zone_22,0.00025,0.00067
470.0,2026-07-02T12:36:50.881,1,-170.699,395.615,0.0,-0.0,0.0,LOADING,dump_zone_23,load_zone_22,0.00025,0.00067
470.0,2026-07-02T12:36:50.881,2,597.5,174.277,15.623,-0.5,1000.0,RETURNING_TO_START,load_zone_26,dump_zone_3,0.00025,0.00067
470.0,2026-07-02T12:36:50.881,3,-130.732,414.255,23.814,-0.5,0.0,GOING_TO_ENDPOINT,dump_zone_22,load_zone_22,0.00025,0.00067
471.0,2026-07-02T12:36:52.948,1,-171.053,395.84,7.2,0.0,1000.0,TURNING_AROUND,load_zone_22,dump_zone_22,0.000258,0.000691
471.0,2026-07-02T12:36:52.948,2,597.5,178.346,13.823,-0.5,1000.0,RETURNING_TO_START,load_zone_26,dump_zone_3,0.00025,0.00067
471.0,2026-07-02T12:36:52.948,3,-135.236,409.787,22.014,-0.5,0.0,GOING_TO_ENDPOINT,dump_zone_22,load_zone_22,0.00025,0.00067
472.0,2026-07-02T12:36:55.038,1,-172.325,397.357,7.2,0.0,1000.0,TURNING_AROUND,load_zone_22,dump_zone_22,0.000258,0.000691
472.0,2026-07-02T12:36:55.038,2,597.5,181.915,12.023,-0.5,1000.0,RETURNING_TO_START,load_zone_26,dump_zone_3,0.00025,0.00067
472.0,2026-07-02T12:36:55.038,3,-139.457,405.745,20.214,-0.5,0.0,GOING_TO_ENDPOINT,dump_zone_22,load_zone_22,0.00025,0.00067
473.0,2026-07-02T12:36:56.476,1,-172.488,397.275,5.4,0.0,1000.0,TURNING_AROUND,load_zone_22,dump_zone_22,0.000256,0.000686
473.0,2026-07-02T12:36:56.476,2,597.5,184.984,10.223,-0.5,1000.0,RETURNING_TO_START,load_zone_26,dump_zone_3,0.00025,0.00067
473.0,2026-07-02T12:36:56.476,3,-143.414,402.153,18.414,-0.5,0.0,GOING_TO_ENDPOINT,dump_zone_22,load_zone_22,0.00025,0.00067
474.0,2026-07-02T12:36:58.078,1,-172.197,397.768,7.2,0.0,1000.0,TURNING_AROUND,load_zone_22,dump_zone_22,0.000258,0.000691
474.0,2026-07-02T12:36:58.078,2,597.313,187.564,8.523,-0.5,1000.0,RETURNING_TO_START,load_zone_26,dump_zone_3,0.00025,0.00067
474.0,2026-07-02T12:36:58.078,3,-147.143,399.063,16.614,-0.5,0.0,GOING_TO_ENDPOINT,dump_zone_22,load_zone_22,0.00025,0.00067
475.0,2026-07-02T12:36:59.608,1,-170.956,399.31,7.2,0.0,1000.0,TURNING_AROUND,load_zone_22,dump_zone_22,0.000258,0.000691
475.0,2026-07-02T12:36:59.608,2,596.603,189.595,7.223,-0.4167,1000.0,RETURNING_TO_START,load_zone_26,dump_zone_3,0.00025,0.00067
475.0,2026-07-02T12:36:59.608,3,-150.734,396.623,14.814,-0.5,0.0,GOING_TO_ENDPOINT,dump_zone_22,load_zone_22,0.00025,0.00067
476.0,2026-07-02T12:37:01.120,1,-172.292,398.647,5.4,0.0,1000.0,TURNING_AROUND,load_zone_22,dump_zone_22,0.000256,0.000686
476.0,2026-07-02T12:37:01.120,2,595.98,191.295,6.244,-0.0584,1000.0,RETURNING_TO_START,load_zone_26,dump_zone_3,0.000255,0.000683
476.0,2026-07-02T12:37:01.120,3,-154.187,394.945,13.014,-0.5,0.0,GOING_TO_ENDPOINT,dump_zone_22,load_zone_22,0.00025,0.00067
477.0,2026-07-02T12:37:03.109,1,-171.589,398.764,0.7,0.5833,1000.0,RETURNING_TO_START,load_zone_22,dump_zone_22,0.000253,0.000678
477.0,2026-07-02T12:37:03.109,2,595.676,192.799,4.731,-0.5,1000.0,RETURNING_TO_START,load_zone_26,dump_zone_3,0.00025,0.00067
477.0,2026-07-02T12:37:03.109,3,-157.423,394.023,11.314,-0.5,0.0,GOING_TO_ENDPOINT,dump_zone_22,load_zone_22,0.00025,0.00067
478.0,2026-07-02T12:37:05.038,1,-170.918,398.728,4.05,1.0,1000.0,RETURNING_TO_START,load_zone_22,dump_zone_22,0.000276,0.00074
478.0,2026-07-02T12:37:05.038,2,595.558,193.997,4.456,0.2379,1000.0,RETURNING_TO_START,load_zone_26,dump_zone_3,0.00026,0.000697
478.0,2026-07-02T12:37:05.038,3,-160.2,393.295,9.514,-0.5,0.0,GOING_TO_ENDPOINT,dump_zone_22,load_zone_22,0.00025,0.00067
479.0,2026-07-02T12:37:07.369,1,-169.313,399.126,7.65,1.0,1000.0,RETURNING_TO_START,load_zone_22,dump_zone_22,0.000299,0.000801
479.0,2026-07-02T12:37:07.369,2,595.589,195.375,5.613,0.3212,1000.0,RETURNING_TO_START,load_zone_26,dump_zone_3,0.000266,0.000713
479.0,2026-07-02T12:37:07.369,3,-162.522,392.747,7.839,-0.4167,0.0,GOING_TO_ENDPOINT,dump_zone_22,load_zone_22,0.00025,0.00067
480.0,2026-07-02T12:37:10.325,1,-166.85,400.08,11.25,1.0,1000.0,RETURNING_TO_START,load_zone_22,dump_zone_22,0.000323,0.000866
480.0,2026-07-02T12:37:10.325,2,595.943,196.91,5.469,-0.3454,1000.0,RETURNING_TO_START,load_zone_26,dump_zone_3,0.00025,0.00067
480.0,2026-07-02T12:37:10.325,3,-164.456,392.83,6.333,-0.299,0.0,GOING_TO_ENDPOINT,dump_zone_22,load_zone_22,0.00025,0.00067
481.0,2026-07-02T12:37:13.374,1,-163.396,399.617,13.227,0.0924,1000.0,RETURNING_TO_START,load_zone_22,dump_zone_22,0.000271,0.000726
481.0,2026-07-02T12:37:13.374,2,596.519,198.242,5.576,0.4879,1000.0,RETURNING_TO_START,load_zone_26,dump_zone_3,0.000271,0.000726
481.0,2026-07-02T12:37:13.374,3,-166.095,393.29,6.207,0.1177,0.0,GOING_TO_ENDPOINT,dump_zone_22,load_zone_22,0.000256,0.000686
482.0,2026-07-02T12:37:15.909,1,-159.95,398.869,11.971,-0.5,1000.0,RETURNING_TO_START,load_zone_22,dump_zone_22,0.00025,0.00067
482.0,2026-07-02T12:37:15.909,2,597.59,199.917,8.779,1.0,1000.0,RETURNING_TO_START,load_zone_26,dump_zone_3,0.000307,0.000823
482.0,2026-07-02T12:37:15.909,3,-167.591,393.948,5.38,-0.3823,0.0,GOING_TO_ENDPOINT,dump_zone_22,load_zone_22,0.00025,0.00067
483.0,2026-07-02T12:37:19.316,1,-156.926,399.176,10.171,-0.5,1000.0,RETURNING_TO_START,load_zone_22,dump_zone_22,0.00025,0.00067
483.0,2026-07-02T12:37:19.316,2,600.181,201.216,12.004,0.5833,1000.0,RETURNING_TO_START,load_zone_26,dump_zone_3,0.0003,0.000804
483.0,2026-07-02T12:37:19.316,3,-168.792,394.579,4.854,0.1177,0.0,GOING_TO_ENDPOINT,dump_zone_22,load_zone_22,0.000255,0.000683
484.0,2026-07-02T12:37:22.064,1,-154.51,400.132,9.071,0.0833,1000.0,RETURNING_TO_START,load_zone_22,dump_zone_22,0.000264,0.000708
484.0,2026-07-02T12:37:22.064,2,603.501,200.626,12.154,-0.4167,1000.0,RETURNING_TO_START,load_zone_26,dump_zone_3,0.00025,0.00067
484.0,2026-07-02T12:37:22.064,3,-169.908,395.182,3.933,-0.5,0.0,GOING_TO_ENDPOINT,dump_zone_22,load_zone_22,0.00025,0.00067
485.0,2026-07-02T12:37:25.252,1,-152.15,401.539,10.913,0.7851,1000.0,RETURNING_TO_START,load_zone_22,dump_zone_22,0.000308,0.000825
485.0,2026-07-02T12:37:25.252,2,606.395,199.509,10.379,-0.4167,1000.0,RETURNING_TO_START,load_zone_26,dump_zone_3,0.00025,0.00067
485.0,2026-07-02T12:37:25.252,3,-170.642,395.551,2.133,-0.5,0.0,LOADING,dump_zone_22,load_zone_22,0.00025,0.00067
486.0,2026-07-02T12:37:27.138,1,-149.309,403.68,14.459,1.0,1000.0,RETURNING_TO_START,load_zone_22,dump_zone_22,0.000343,0.000919
486.0,2026-07-02T12:37:27.138,2,609.088,198.988,9.752,0.1743,1000.0,RETURNING_TO_START,load_zone_26,dump_zone_3,0.000269,0.000721
486.0,2026-07-02T12:37:27.138,3,-170.925,395.704,0.333,-0.5,0.0,LOADING,dump_zone_22,load_zone_22,0.00025,0.00067
487.0,2026-07-02T12:37:29.038,1,-145.856,406.647,17.959,0.9167,1000.0,RETURNING_TO_START,load_zone_22,dump_zone_22,0.000358,0.000959
487.0,2026-07-02T12:37:29.038,2,612.092,198.8,12.248,1.0,1000.0,RETURNING_TO_START,load_zone_26,dump_zone_3,0.000329,0.000882
487.0,2026-07-02T12:37:29.038,3,-170.959,395.724,0.475,0.3333,0.0,LOADING,dump_zone_22,load_zone_22,0.000251,0.000673
488.0,2026-07-02T12:37:31.044,1,-141.805,410.403,21.409,0.75,1000.0,RETURNING_TO_START,load_zone_22,dump_zone_22,0.000359,0.000962
488.0,2026-07-02T12:37:31.044,2,616.015,198.891,15.523,0.75,1000.0,RETURNING_TO_START,load_zone_26,dump_zone_3,0.000329,0.000882
488.0,2026-07-02T12:37:31.044,3,-171.985,396.65,7.2,0.0,1000.0,TURNING_AROUND,load_zone_22,dump_zone_23,0.000258,0.000691
489.0,2026-07-02T12:37:33.710,1,-137.383,414.687,22.498,0.2826,1000.0,RETURNING_TO_START,load_zone_22,dump_zone_22,0.000308,0.000825
489.0,2026-07-02T12:37:33.710,2,620.737,199.268,17.923,0.25,1000.0,RETURNING_TO_START,load_zone_26,dump_zone_3,0.000293,0.000785
489.0,2026-07-02T12:37:33.710,3,-172.724,398.176,5.4,0.0,1000.0,TURNING_AROUND,load_zone_22,dump_zone_23,0.000256,0.000686
490.0,2026-07-02T12:37:35.690,1,-132.895,419.181,22.782,-0.3133,1000.0,RETURNING_TO_START,load_zone_22,dump_zone_22,0.00025,0.00067
490.0,2026-07-02T12:37:35.690,2,625.612,199.852,17.048,-0.4167,1000.0,RETURNING_TO_START,load_zone_26,dump_zone_3,0.00025,0.00067
490.0,2026-07-02T12:37:35.690,3,-172.684,396.972,7.2,0.0,1000.0,TURNING_AROUND,load_zone_22,dump_zone_23,0.000258,0.000691
491.0,2026-07-02T12:37:38.688,1,-128.653,423.519,21.019,-0.5,1000.0,RETURNING_TO_START,load_zone_22,dump_zone_22,0.00025,0.00067
491.0,2026-07-02T12:37:38.688,2,630.045,200.466,15.289,-0.5,1000.0,RETURNING_TO_START,load_zone_26,dump_zone_3,0.00025,0.00067
491.0,2026-07-02T12:37:38.688,3,-171.8,398.743,7.2,0.0,1000.0,TURNING_AROUND,load_zone_22,dump_zone_23,0.000258,0.000691
492.0,2026-07-02T12:37:41.863,1,-124.79,427.529,19.219,-0.5,1000.0,RETURNING_TO_START,load_zone_22,dump_zone_22,0.00025,0.00067
492.0,2026-07-02T12:37:41.863,2,634.043,201.032,14.027,-0.426,1000.0,RETURNING_TO_START,load_zone_26,dump_zone_3,0.00025,0.00067
492.0,2026-07-02T12:37:41.863,3,-171.709,399.039,5.4,0.0,1000.0,TURNING_AROUND,load_zone_22,dump_zone_23,0.000256,0.000686
493.0,2026-07-02T12:37:44.387,1,-121.292,431.196,17.419,-0.5,1000.0,RETURNING_TO_START,load_zone_22,dump_zone_22,0.00025,0.00067
493.0,2026-07-02T12:37:44.387,2,637.653,201.516,12.398,-0.5,1000.0,RETURNING_TO_START,load_zone_26,dump_zone_3,0.00025,0.00067
493.0,2026-07-02T12:37:44.387,3,-171.923,398.879,0.075,0.1667,1000.0,RETURNING_TO_START,load_zone_22,dump_zone_23,0.00025,0.00067
494.0,2026-07-02T12:37:48.293,1,-118.15,434.511,15.619,-0.5,1000.0,RETURNING_TO_START,load_zone_22,dump_zone_22,0.00025,0.00067
494.0,2026-07-02T12:37:48.293,2,640.826,201.896,10.698,-0.5,1000.0,RETURNING_TO_START,load_zone_26,dump_zone_3,0.00025,0.00067
494.0,2026-07-02T12:37:48.293,3,-171.605,398.846,2.55,1.0,1000.0,RETURNING_TO_START,load_zone_22,dump_zone_23,0.000266,0.000713
495.0,2026-07-02T12:37:52.127,1,-115.357,437.469,13.819,-0.5,1000.0,RETURNING_TO_START,load_zone_22,dump_zone_22,0.00025,0.00067
495.0,2026-07-02T12:37:52.127,2,643.639,202.173,9.798,-0.4167,1000.0,RETURNING_TO_START,load_zone_26,dump_zone_3,0.00025,0.00067
495.0,2026-07-02T12:37:52.127,3,-170.363,398.935,6.15,1.0,1000.0,RETURNING_TO_START,load_zone_22,dump_zone_23,0.00029,0.000777
496.0,2026-07-02T12:37:57.287,1,-112.911,440.066,12.019,-0.5,1000.0,RETURNING_TO_START,load_zone_22,dump_zone_22,0.00025,0.00067
496.0,2026-07-02T12:37:57.287,2,646.083,202.353,8.005,-0.5,1000.0,RETURNING_TO_START,load_zone_26,dump_zone_3,0.00025,0.00067
496.0,2026-07-02T12:37:57.287,3,-168.327,399.873,9.725,0.9167,1000.0,RETURNING_TO_START,load_zone_22,dump_zone_23,0.000308,0.000825
497.0,2026-07-02T12:38:02.165,1,-110.748,442.238,10.219,-0.5,1000.0,RETURNING_TO_START,load_zone_22,dump_zone_22,0.00025,0.00067
497.0,2026-07-02T12:38:02.165,2,648.054,202.424,6.53,-0.25,1000.0,RETURNING_TO_START,load_zone_26,dump_zone_3,0.00025,0.00067
497.0,2026-07-02T12:38:02.165,3,-165.266,400.219,12.151,0.25,1000.0,RETURNING_TO_START,load_zone_22,dump_zone_23,0.000279,0.000748
498.0,2026-07-02T12:38:06.243,1,-108.534,443.522,8.419,-0.5,1000.0,RETURNING_TO_START,load_zone_22,dump_zone_22,0.00025,0.00067
498.0,2026-07-02T12:38:06.243,2,649.813,202.1,6.98,0.5833,1000.0,RETURNING_TO_START,load_zone_26,dump_zone_3,0.000279,0.000748
498.0,2026-07-02T12:38:06.243,3,-162.093,399.301,11.251,-0.5,1000.0,RETURNING_TO_START,load_zone_22,dump_zone_23,0.00025,0.00067
499.0,2026-07-02T12:38:09.327,1,-106.681,444.437,6.619,-0.5,1000.0,RETURNING_TO_START,load_zone_22,dump_zone_22,0.00025,0.00067
499.0,2026-07-02T12:38:09.327,2,651.633,200.596,9.955,0.5833,1000.0,RETURNING_TO_START,load_zone_26,dump_zone_3,0.000292,0.000783
499.0,2026-07-02T12:38:09.327,3,-159.283,398.862,9.451,-0.5,1000.0,RETURNING_TO_START,load_zone_22,dump_zone_23,0.00025,0.00067
500.0,2026-07-02T12:38:12.242,1,-105.389,445.361,5.084,-0.2574,1000.0,RETURNING_TO_START,load_zone_22,dump_zone_22,0.00025,0.00067
500.0,2026-07-02T12:38:12.242,2,652.528,197.893,10.355,-0.0833,1000.0,RETURNING_TO_START,load_zone_26,dump_zone_3,0.000256,0.000686
500.0,2026-07-02T12:38:12.242,3,-156.891,399.211,8.491,0.1024,1000.0,RETURNING_TO_START,load_zone_22,dump_zone_23,0.000264,0.000708
501.0,2026-07-02T12:38:16.131,1,-104.442,446.196,3.862,-0.4167,1000.0,RETURNING_TO_START,load_zone_22,dump_zone_22,0.00025,0.00067
501.0,2026-07-02T12:38:16.131,2,652.584,194.945,11.355,0.5833,1000.0,RETURNING_TO_START,load_zone_26,dump_zone_3,0.000298,0.000799
501.0,2026-07-02T12:38:16.131,3,-154.493,400.169,10.109,0.4357,1000.0,RETURNING_TO_START,load_zone_22,dump_zone_23,0.000284,0.000761
502.0,2026-07-02T12:38:20.265,1,-103.682,446.931,4.312,0.5833,1000.0,RETURNING_TO_START,load_zone_22,dump_zone_22,0.000268,0.000718
502.0,2026-07-02T12:38:20.265,2,652.523,191.549,12.637,-0.0051,1000.0,RETURNING_TO_START,load_zone_26,dump_zone_3,0.000263,0.000705
502.0,2026-07-02T12:38:20.265,3,-151.78,401.801,12.505,0.6246,1000.0,RETURNING_TO_START,load_zone_22,dump_zone_23,0.000305,0.000817
503.0,2026-07-02T12:38:24.005,1,-102.651,448.002,5.912,0.0833,1000.0,RETURNING_TO_START,load_zone_22,dump_zone_22,0.000259,0.000694
503.0,2026-07-02T12:38:24.005,2,652.5,188.219,11.204,-0.5,1000.0,RETURNING_TO_START,load_zone_26,dump_zone_3,0.00025,0.00067
503.0,2026-07-02T12:38:24.005,3,-148.689,404.187,15.654,1.0,1000.0,RETURNING_TO_START,load_zone_22,dump_zone_23,0.000351,0.000941
504.0,2026-07-02T12:38:26.953,1,-101.835,449.264,4.718,-0.5,1000.0,RETURNING_TO_START,load_zone_22,dump_zone_22,0.00025,0.00067
504.0,2026-07-02T12:38:26.953,2,652.499,185.378,9.404,-0.5,1000.0,RETURNING_TO_START,load_zone_26,dump_zone_3,0.00025,0.00067
504.0,2026-07-02T12:38:26.953,3,-145.014,407.413,19.254,1.0,1000.0,RETURNING_TO_START,load_zone_22,dump_zone_23,0.000374,0.001002
505.0,2026-07-02T12:38:29.390,1,-101.531,450.255,2.918,-0.5,1000.0,RETURNING_TO_START,load_zone_22,dump_zone_22,0.00025,0.00067
505.0,2026-07-02T12:38:29.390,2,652.499,183.028,7.689,-0.5,1000.0,RETURNING_TO_START,load_zone_26,dump_zone_3,0.00025,0.00067
505.0,2026-07-02T12:38:29.390,3,-140.742,411.415,22.352,0.5655,1000.0,RETURNING_TO_START,load_zone_22,dump_zone_23,0.000342,0.000917
506.0,2026-07-02T12:38:31.637,1,-101.474,450.792,1.118,-0.5,1000.0,RETURNING_TO_START,load_zone_22,dump_zone_22,0.00025,0.00067
506.0,2026-07-02T12:38:31.637,2,652.5,181.163,5.889,-0.5,1000.0,RETURNING_TO_START,load_zone_26,dump_zone_3,0.00025,0.00067
506.0,2026-07-02T12:38:31.637,3,-136.234,415.823,22.438,-0.4345,1000.0,RETURNING_TO_START,load_zone_22,dump_zone_23,0.00025,0.00067
507.0,2026-07-02T12:38:34.607,1,-101.472,450.876,0.0,-0.25,1000.0,RETURNING_TO_START,load_zone_22,dump_zone_22,0.00025,0.00067
507.0,2026-07-02T12:38:34.607,2,652.546,179.8,4.089,-0.5,1000.0,RETURNING_TO_START,load_zone_26,dump_zone_3,0.00025,0.00067
507.0,2026-07-02T12:38:34.607,3,-131.919,420.172,22.288,0.4167,1000.0,RETURNING_TO_START,load_zone_22,dump_zone_23,0.000324,0.000868
508.0,2026-07-02T12:38:37.551,1,-101.471,450.931,0.375,-0.0833,1000.0,RETURNING_TO_START,load_zone_22,dump_zone_22,0.00025,0.00067
508.0,2026-07-02T12:38:37.551,2,652.755,178.962,2.289,-0.5,1000.0,UNLOADING,load_zone_26,dump_zone_3,0.00025,0.00067
508.0,2026-07-02T12:38:37.551,3,-127.364,424.852,24.338,0.25,1000.0,RETURNING_TO_START,load_zone_22,dump_zone_23,0.000309,0.000828
509.0,2026-07-02T12:38:39.975,1,-101.471,450.948,0.0,-0.0833,1000.0,RETURNING_TO_START,load_zone_22,dump_zone_22,0.00025,0.00067
509.0,2026-07-02T12:38:39.975,2,652.894,178.625,0.489,-0.5,1000.0,UNLOADING,load_zone_26,dump_zone_3,0.00025,0.00067
509.0,2026-07-02T12:38:39.975,3,-122.732,429.681,23.438,-0.5,1000.0,RETURNING_TO_START,load_zone_22,dump_zone_23,0.00025,0.00067
510.0,2026-07-02T12:38:41.863,1,-101.474,451.113,1.65,0.9167,1000.0,RETURNING_TO_START,load_zone_22,dump_zone_22,0.00026,0.000697
510.0,2026-07-02T12:38:41.863,2,652.9,178.613,0.0,-0.5,1000.0,UNLOADING,load_zone_26,dump_zone_3,0.00025,0.00067
510.0,2026-07-02T12:38:41.863,3,-118.437,434.206,21.638,-0.5,1000.0,RETURNING_TO_START,load_zone_22,dump_zone_23,0.00025,0.00067
511.0,2026-07-02T12:38:43.276,1,-101.646,452.096,5.25,1.0,1000.0,RETURNING_TO_START,load_zone_22,dump_zone_22,0.000284,0.000761
511.0,2026-07-02T12:38:43.276,2,653.56,177.657,7.2,0.0,0.0,TURNING_AROUND,dump_zone_3,load_zone_26,0.000255,0.000683
511.0,2026-07-02T12:38:43.276,3,-114.497,438.381,19.838,-0.5,1000.0,RETURNING_TO_START,load_zone_22,dump_zone_23,0.00025,0.00067
512.0,2026-07-02T12:38:44.154,1,-102.695,453.774,8.85,1.0,1000.0,RETURNING_TO_START,load_zone_22,dump_zone_22,0.000307,0.000823
512.0,2026-07-02T12:38:44.154,2,655.226,176.587,7.2,0.0,0.0,TURNING_AROUND,dump_zone_3,load_zone_26,0.000255,0.000683
512.0,2026-07-02T12:38:44.154,3,-110.906,442.196,18.038,-0.5,1000.0,RETURNING_TO_START,load_zone_22,dump_zone_23,0.00025,0.00067
513.0,2026-07-02T12:38:45.201,1,-105.418,454.851,12.45,1.0,1000.0,RETURNING_TO_START,load_zone_22,dump_zone_22,0.00033,0.000884
513.0,2026-07-02T12:38:45.201,2,653.749,176.793,5.4,0.0,0.0,TURNING_AROUND,dump_zone_3,load_zone_26,0.000253,0.000678
513.0,2026-07-02T12:38:45.201,3,-107.654,445.644,16.238,-0.5,1000.0,RETURNING_TO_START,load_zone_22,dump_zone_23,0.00025,0.00067
514.0,2026-07-02T12:38:46.778,1,-108.848,453.057,16.05,1.0,1000.0,RETURNING_TO_START,load_zone_22,dump_zone_22,0.000353,0.000946
514.0,2026-07-02T12:38:46.778,2,655.637,177.386,7.2,0.0,0.0,TURNING_AROUND,dump_zone_3,load_zone_26,0.000255,0.000683
514.0,2026-07-02T12:38:46.778,3,-104.732,448.716,14.438,-0.5,1000.0,RETURNING_TO_START,load_zone_22,dump_zone_23,0.00025,0.00067
515.0,2026-07-02T12:38:48.400,1,-112.411,449.574,19.65,1.0,1000.0,RETURNING_TO_START,load_zone_22,dump_zone_22,0.000377,0.00101
515.0,2026-07-02T12:38:48.400,2,656.147,177.639,5.4,0.0,0.0,TURNING_AROUND,dump_zone_3,load_zone_26,0.000253,0.000678
515.0,2026-07-02T12:38:48.400,3,-102.188,451.452,12.663,-0.4167,1000.0,RETURNING_TO_START,load_zone_22,dump_zone_23,0.00025,0.00067
516.0,2026-07-02T12:38:50.037,1,-117.987,447.585,23.1,0.75,1000.0,RETURNING_TO_START,load_zone_22,dump_zone_22,0.000368,0.000986
516.0,2026-07-02T12:38:50.037,2,655.898,177.337,0.0,-0.4167,0.0,GOING_TO_ENDPOINT,dump_zone_3,load_zone_26,0.00025,0.00067
516.0,2026-07-02T12:38:50.037,3,-101.62,454.833,13.113,0.5833,1000.0,RETURNING_TO_START,load_zone_22,dump_zone_23,0.000305,0.000817
517.0,2026-07-02T12:38:51.503,1,-124.595,447.457,23.85,-0.25,1000.0,RETURNING_TO_START,load_zone_22,dump_zone_22,0.00025,0.00067
517.0,2026-07-02T12:38:51.503,2,655.898,177.386,0.7,0.5833,0.0,GOING_TO_ENDPOINT,dump_zone_3,load_zone_26,0.000252,0.000675
517.0,2026-07-02T12:38:51.503,3,-102.129,458.922,16.463,1.0,1000.0,RETURNING_TO_START,load_zone_22,dump_zone_23,0.000356,0.000954
518.0,2026-07-02T12:38:53.222,1,-130.969,447.502,22.125,-0.5,1000.0,RETURNING_TO_START,load_zone_22,dump_zone_22,0.00025,0.00067
518.0,2026-07-02T12:38:53.222,2,655.829,178.054,4.05,1.0,0.0,GOING_TO_ENDPOINT,dump_zone_3,load_zone_26,0.000266,0.000713
518.0,2026-07-02T12:38:53.222,3,-102.457,464.024,20.063,1.0,1000.0,RETURNING_TO_START,load_zone_22,dump_zone_23,0.000379,0.001016
519.0,2026-07-02T12:38:55.486,1,-136.844,447.501,20.325,-0.5,1000.0,RETURNING_TO_START,load_zone_22,dump_zone_22,0.00025,0.00067
519.0,2026-07-02T12:38:55.486,2,655.176,179.574,7.65,1.0,0.0,GOING_TO_ENDPOINT,dump_zone_3,load_zone_26,0.00028,0.00075
519.0,2026-07-02T12:38:55.486,3,-102.503,470.093,23.031,0.4736,1000.0,RETURNING_TO_START,load_zone_22,dump_zone_23,0.000333,0.000892
520.0,2026-07-02T12:38:57.878,1,-142.219,447.5,18.525,-0.5,1000.0,RETURNING_TO_START,load_zone_22,dump_zone_22,0.00025,0.00067
520.0,2026-07-02T12:38:57.878,2,653.132,181.255,11.25,1.0,0.0,GOING_TO_ENDPOINT,dump_zone_3,load_zone_26,0.000294,0.000788
520.0,2026-07-02T12:38:57.878,3,-102.5,476.61,23.567,-0.0959,1000.0,RETURNING_TO_START,load_zone_22,dump_zone_23,0.000263,0.000705
521.0,2026-07-02T12:39:00.154,1,-147.094,447.5,16.725,-0.5,1000.0,RETURNING_TO_START,load_zone_22,dump_zone_22,0.00025,0.00067
521.0,2026-07-02T12:39:00.154,2,650.038,183.215,14.85,1.0,0.0,GOING_TO_ENDPOINT,dump_zone_3,load_zone_26,0.000307,0.000823
521.0,2026-07-02T12:39:00.154,3,-102.5,482.989,22.251,-0.5,1000.0,RETURNING_TO_START,load_zone_22,dump_zone_23,0.00025,0.00067
522.0,2026-07-02T12:39:02.747,1,-151.469,447.5,14.925,-0.5,1000.0,RETURNING_TO_START,load_zone_22,dump_zone_22,0.00025,0.00067
522.0,2026-07-02T12:39:02.747,2,647.76,187.051,17.094,0.1801,0.0,GOING_TO_ENDPOINT,dump_zone_3,load_zone_26,0.000271,0.000726
522.0,2026-07-02T12:39:02.747,3,-102.5,488.899,20.451,-0.5,1000.0,RETURNING_TO_START,load_zone_22,dump_zone_23,0.00025,0.00067
523.0,2026-07-02T12:39:04.531,1,-155.344,447.5,13.125,-0.5,1000.0,RETURNING_TO_START,load_zone_22,dump_zone_22,0.00025,0.00067
523.0,2026-07-02T12:39:04.531,2,647.456,191.674,16.026,-0.5,0.0,GOING_TO_ENDPOINT,dump_zone_3,load_zone_26,0.00025,0.00067
523.0,2026-07-02T12:39:04.531,3,-102.5,494.309,18.651,-0.5,1000.0,RETURNING_TO_START,load_zone_22,dump_zone_23,0.00025,0.00067
524.0,2026-07-02T12:39:06.811,1,-158.664,447.048,11.325,-0.5,1000.0,RETURNING_TO_START,load_zone_22,dump_zone_22,0.00025,0.00067
524.0,2026-07-02T12:39:06.811,2,647.496,195.855,14.226,-0.5,0.0,GOING_TO_ENDPOINT,dump_zone_3,load_zone_26,0.00025,0.00067
524.0,2026-07-02T12:39:06.811,3,-102.5,499.219,16.851,-0.5,1000.0,RETURNING_TO_START,load_zone_22,dump_zone_23,0.00025,0.00067
525.0,2026-07-02T12:39:09.452,1,-161.31,445.928,9.525,-0.5,1000.0,RETURNING_TO_START,load_zone_22,dump_zone_22,0.00025,0.00067
525.0,2026-07-02T12:39:09.452,2,647.221,199.502,12.451,-0.4167,0.0,GOING_TO_ENDPOINT,dump_zone_3,load_zone_26,0.00025,0.00067
525.0,2026-07-02T12:39:09.452,3,-102.5,503.629,15.051,-0.5,1000.0,RETURNING_TO_START,load_zone_22,dump_zone_23,0.00025,0.00067
526.0,2026-07-02T12:39:12.315,1,-163.647,445.541,7.725,-0.5,1000.0,RETURNING_TO_START,load_zone_22,dump_zone_22,0.00025,0.00067
526.0,2026-07-02T12:39:12.315,2,644.817,201.819,12.901,0.5833,0.0,GOING_TO_ENDPOINT,dump_zone_3,load_zone_26,0.000283,0.000758
526.0,2026-07-02T12:39:12.315,3,-102.5,507.541,13.282,-0.5,1000.0,RETURNING_TO_START,load_zone_22,dump_zone_23,0.00025,0.00067
527.0,2026-07-02T12:39:14.793,1,-165.522,445.483,5.95,-0.4167,1000.0,RETURNING_TO_START,load_zone_22,dump_zone_22,0.00025,0.00067
527.0,2026-07-02T12:39:14.793,2,640.992,201.129,16.251,1.0,0.0,GOING_TO_ENDPOINT,dump_zone_3,load_zone_26,0.000313,0.000839
527.0,2026-07-02T12:39:14.793,3,-102.5,510.962,11.518,-0.5,1000.0,RETURNING_TO_START,load_zone_22,dump_zone_23,0.00025,0.00067
528.0,2026-07-02T12:39:18.988,1,-167.084,445.483,5.433,-0.2519,1000.0,RETURNING_TO_START,load_zone_22,dump_zone_22,0.00025,0.00067
528.0,2026-07-02T12:39:18.988,2,637.486,197.513,19.701,0.75,0.0,GOING_TO_ENDPOINT,dump_zone_3,load_zone_26,0.00031,0.000831
528.0,2026-07-02T12:39:18.988,3,-102.5,513.89,9.718,-0.5,1000.0,RETURNING_TO_START,load_zone_22,dump_zone_23,0.00025,0.00067
529.0,2026-07-02T12:39:22.030,1,-168.5,445.609,4.906,-0.1319,1000.0,RETURNING_TO_START,load_zone_22,dump_zone_22,0.000252,0.000675
529.0,2026-07-02T12:39:22.030,2,632.209,195.646,20.451,-0.25,0.0,GOING_TO_ENDPOINT,dump_zone_3,load_zone_26,0.00025,0.00067
529.0,2026-07-02T12:39:22.030,3,-102.5,516.328,8.018,-0.5,1000.0,RETURNING_TO_START,load_zone_22,dump_zone_23,0.00025,0.00067
530.0,2026-07-02T12:39:24.909,1,-169.659,445.926,3.694,-0.25,1000.0,RETURNING_TO_START,load_zone_22,dump_zone_22,0.00025,0.00067
530.0,2026-07-02T12:39:24.909,2,626.823,194.96,18.726,-0.5,0.0,GOING_TO_ENDPOINT,dump_zone_3,load_zone_26,0.00025,0.00067
530.0,2026-07-02T12:39:24.909,3,-102.5,518.285,6.218,-0.5,1000.0,RETURNING_TO_START,load_zone_22,dump_zone_23,0.00025,0.00067
531.0,2026-07-02T12:39:27.605,1,-170.379,446.314,2.144,-0.5,1000.0,UNLOADING,load_zone_22,dump_zone_22,0.00025,0.00067
531.0,2026-07-02T12:39:27.605,2,621.926,194.379,16.926,-0.5,0.0,GOING_TO_ENDPOINT,dump_zone_3,load_zone_26,0.00025,0.00067
531.0,2026-07-02T12:39:27.605,3,-102.39,519.736,4.418,-0.5,1000.0,RETURNING_TO_START,load_zone_22,dump_zone_23,0.00025,0.00067
532.0,2026-07-02T12:39:29.379,1,-170.641,446.505,0.344,-0.5,1000.0,UNLOADING,load_zone_22,dump_zone_22,0.00025,0.00067
532.0,2026-07-02T12:39:29.379,2,617.513,193.988,15.126,-0.5,0.0,GOING_TO_ENDPOINT,dump_zone_3,load_zone_26,0.00025,0.00067
532.0,2026-07-02T12:39:29.379,3,-102.119,520.651,2.618,-0.5,1000.0,UNLOADING,load_zone_22,dump_zone_23,0.00025,0.00067
533.0,2026-07-02T12:39:30.812,1,-170.672,446.53,0.475,0.3333,1000.0,UNLOADING,load_zone_22,dump_zone_22,0.000251,0.000673
533.0,2026-07-02T12:39:30.812,2,613.586,193.828,13.326,-0.5,0.0,GOING_TO_ENDPOINT,dump_zone_3,load_zone_26,0.00025,0.00067
533.0,2026-07-02T12:39:30.812,3,-101.917,521.059,0.818,-0.5,1000.0,UNLOADING,load_zone_22,dump_zone_23,0.00025,0.00067
534.0,2026-07-02T12:39:32.218,1,-171.635,447.721,7.2,0.0,0.0,TURNING_AROUND,dump_zone_22,load_zone_23,0.000255,0.000683
534.0,2026-07-02T12:39:32.218,2,610.166,194.005,11.526,-0.5,0.0,GOING_TO_ENDPOINT,dump_zone_3,load_zone_26,0.00025,0.00067
534.0,2026-07-02T12:39:32.218,3,-101.895,521.096,0.0,-0.5,1000.0,UNLOADING,load_zone_22,dump_zone_23,0.00025,0.00067
535.0,2026-07-02T12:39:33.621,1,-172.079,449.063,5.4,0.0,0.0,TURNING_AROUND,dump_zone_22,load_zone_23,0.000253,0.000678
535.0,2026-07-02T12:39:33.621,2,607.467,195.114,9.726,-0.5,0.0,GOING_TO_ENDPOINT,dump_zone_3,load_zone_26,0.00025,0.00067
535.0,2026-07-02T12:39:33.621,3,-101.394,521.76,7.2,0.0,0.0,TURNING_AROUND,dump_zone_23,load_zone_23,0.000255,0.000683
536.0,2026-07-02T12:39:34.603,1,-172.144,448.144,7.2,0.0,0.0,TURNING_AROUND,dump_zone_22,load_zone_23,0.000255,0.000683
536.0,2026-07-02T12:39:34.603,2,605.361,196.326,7.926,-0.5,0.0,GOING_TO_ENDPOINT,dump_zone_3,load_zone_26,0.00025,0.00067
536.0,2026-07-02T12:39:34.603,3,-99.726,522.827,7.2,0.0,0.0,TURNING_AROUND,dump_zone_23,load_zone_23,0.000255,0.000683
537.0,2026-07-02T12:39:35.434,1,-170.964,449.733,7.2,0.0,0.0,TURNING_AROUND,dump_zone_22,load_zone_23,0.000255,0.000683
537.0,2026-07-02T12:39:35.434,2,603.617,197.156,6.126,-0.5,0.0,GOING_TO_ENDPOINT,dump_zone_3,load_zone_26,0.00025,0.00067
537.0,2026-07-02T12:39:35.434,3,-100.646,522.813,5.4,0.0,0.0,TURNING_AROUND,dump_zone_23,load_zone_23,0.000253,0.000678
538.0,2026-07-02T12:39:36.584,1,-171.082,449.872,5.4,0.0,0.0,TURNING_AROUND,dump_zone_22,load_zone_23,0.000253,0.000678
538.0,2026-07-02T12:39:36.584,2,602.306,197.776,4.701,-0.0833,0.0,GOING_TO_ENDPOINT,dump_zone_3,load_zone_26,0.000252,0.000675
538.0,2026-07-02T12:39:36.584,3,-99.339,522.274,7.2,0.0,0.0,TURNING_AROUND,dump_zone_23,load_zone_23,0.000255,0.000683
539.0,2026-07-02T12:39:37.990,1,-171.044,449.842,1.625,0.9167,0.0,GOING_TO_ENDPOINT,dump_zone_22,load_zone_23,0.000256,0.000686
539.0,2026-07-02T12:39:37.990,2,601.096,198.254,4.785,-0.0717,0.0,GOING_TO_ENDPOINT,dump_zone_3,load_zone_26,0.000252,0.000675
539.0,2026-07-02T12:39:37.990,3,-98.453,521.574,5.4,0.0,0.0,TURNING_AROUND,dump_zone_23,load_zone_23,0.000253,0.000678
540.0,2026-07-02T12:39:39.965,1,-170.052,449.882,5.225,1.0,0.0,GOING_TO_ENDPOINT,dump_zone_22,load_zone_23,0.00027,0.000724
540.0,2026-07-02T12:39:39.965,2,599.976,198.383,3.402,-0.25,0.0,GOING_TO_ENDPOINT,dump_zone_3,load_zone_26,0.00025,0.00067
540.0,2026-07-02T12:39:39.965,3,-98.86,522.441,0.0,-0.4167,0.0,GOING_TO_ENDPOINT,dump_zone_23,load_zone_23,0.00025,0.00067
541.0,2026-07-02T12:39:42.423,1,-168.104,450.29,8.825,1.0,0.0,GOING_TO_ENDPOINT,dump_zone_22,load_zone_23,0.000284,0.000761
541.0,2026-07-02T12:39:42.423,2,598.97,198.229,4.452,0.75,0.0,GOING_TO_ENDPOINT,dump_zone_3,load_zone_26,0.000264,0.000708
541.0,2026-07-02T12:39:42.423,3,-98.86,522.392,0.7,0.5833,0.0,GOING_TO_ENDPOINT,dump_zone_23,load_zone_23,0.000252,0.000675
542.0,2026-07-02T12:39:44.077,1,-165.208,451.045,12.425,1.0,0.0,GOING_TO_ENDPOINT,dump_zone_22,load_zone_23,0.000298,0.000799
542.0,2026-07-02T12:39:44.077,2,597.447,197.38,7.977,1.0,0.0,GOING_TO_ENDPOINT,dump_zone_3,load_zone_26,0.000281,0.000753
542.0,2026-07-02T12:39:44.077,3,-98.85,521.72,4.05,1.0,0.0,GOING_TO_ENDPOINT,dump_zone_23,load_zone_23,0.000266,0.000713
543.0,2026-07-02T12:39:45.738,1,-161.296,451.838,16.025,1.0,0.0,GOING_TO_ENDPOINT,dump_zone_22,load_zone_23,0.000312,0.000836
543.0,2026-07-02T12:39:45.738,2,596.181,194.993,11.577,1.0,0.0,GOING_TO_ENDPOINT,dump_zone_3,load_zone_26,0.000295,0.000791
543.0,2026-07-02T12:39:45.738,3,-98.697,520.061,7.65,1.0,0.0,GOING_TO_ENDPOINT,dump_zone_23,load_zone_23,0.00028,0.00075
544.0,2026-07-02T12:39:47.947,1,-156.337,452.398,19.625,1.0,0.0,GOING_TO_ENDPOINT,dump_zone_22,load_zone_23,0.000326,0.000874
544.0,2026-07-02T12:39:47.947,2,597.317,191.53,15.177,1.0,0.0,GOING_TO_ENDPOINT,dump_zone_3,load_zone_26,0.000309,0.000828
544.0,2026-07-02T12:39:47.947,3,-98.332,517.42,11.25,1.0,0.0,GOING_TO_ENDPOINT,dump_zone_23,load_zone_23,0.000294,0.000788
545.0,2026-07-02T12:39:49.627,1,-150.346,452.519,23.225,1.0,0.0,GOING_TO_ENDPOINT,dump_zone_22,load_zone_23,0.00034,0.000911
545.0,2026-07-02T12:39:49.627,2,599.845,187.51,18.777,1.0,0.0,GOING_TO_ENDPOINT,dump_zone_3,load_zone_26,0.000323,0.000866
545.0,2026-07-02T12:39:49.627,3,-97.931,513.775,14.85,1.0,0.0,GOING_TO_ENDPOINT,dump_zone_23,load_zone_23,0.000307,0.000823
546.0,2026-07-02T12:39:51.718,1,-143.359,452.502,26.675,0.75,0.0,GOING_TO_ENDPOINT,dump_zone_22,load_zone_23,0.000332,0.00089
546.0,2026-07-02T12:39:51.718,2,601.962,182.183,22.377,1.0,0.0,GOING_TO_ENDPOINT,dump_zone_3,load_zone_26,0.000337,0.000903
546.0,2026-07-02T12:39:51.718,3,-97.597,509.121,18.45,1.0,0.0,GOING_TO_ENDPOINT,dump_zone_23,load_zone_23,0.000321,0.00086
547.0,2026-07-02T12:39:53.845,1,-135.741,452.5,27.509,-0.2266,0.0,GOING_TO_ENDPOINT,dump_zone_22,load_zone_23,0.00025,0.00067
547.0,2026-07-02T12:39:53.845,2,602.502,175.458,25.926,0.8876,0.0,GOING_TO_ENDPOINT,dump_zone_3,load_zone_26,0.000341,0.000914
547.0,2026-07-02T12:39:53.845,3,-97.485,503.456,22.05,1.0,0.0,GOING_TO_ENDPOINT,dump_zone_23,load_zone_23,0.000335,0.000898
548.0,2026-07-02T12:39:56.402,1,-128.344,452.5,25.805,-0.5,0.0,GOING_TO_ENDPOINT,dump_zone_22,load_zone_23,0.00025,0.00067
548.0,2026-07-02T12:39:56.402,2,602.501,167.906,27.889,0.1658,0.0,GOING_TO_ENDPOINT,dump_zone_3,load_zone_26,0.000283,0.000758
548.0,2026-07-02T12:39:56.402,3,-97.497,496.793,25.563,0.9387,0.0,GOING_TO_ENDPOINT,dump_zone_23,load_zone_23,0.000344,0.000922
549.0,2026-07-02T12:39:58.506,1,-121.447,452.5,24.005,-0.5,0.0,GOING_TO_ENDPOINT,dump_zone_22,load_zone_23,0.00025,0.00067
549.0,2026-07-02T12:39:58.506,2,602.5,160.241,27.236,-0.1676,0.0,GOING_TO_ENDPOINT,dump_zone_3,load_zone_26,0.000253,0.000678
549.0,2026-07-02T12:39:58.506,3,-97.5,489.171,28.788,0.5833,0.0,GOING_TO_ENDPOINT,dump_zone_23,load_zone_23,0.000323,0.000866
550.0,2026-07-02T12:40:00.479,1,-115.05,452.5,22.205,-0.5,0.0,GOING_TO_ENDPOINT,dump_zone_22,load_zone_23,0.00025,0.00067
550.0,2026-07-02T12:40:00.479,2,602.5,152.732,26.882,-0.0009,0.0,GOING_TO_ENDPOINT,dump_zone_3,load_zone_26,0.000267,0.000716
550.0,2026-07-02T12:40:00.479,3,-97.5,481.069,28.938,-0.4167,0.0,GOING_TO_ENDPOINT,dump_zone_23,load_zone_23,0.00025,0.00067
551.0,2026-07-02T12:40:02.627,1,-109.153,452.5,20.405,-0.5,0.0,GOING_TO_ENDPOINT,dump_zone_22,load_zone_23,0.00025,0.00067
551.0,2026-07-02T12:40:02.627,2,602.5,145.191,27.162,-0.1047,0.0,GOING_TO_ENDPOINT,dump_zone_3,load_zone_26,0.000258,0.000691
551.0,2026-07-02T12:40:02.627,3,-97.5,473.282,27.388,-0.25,0.0,GOING_TO_ENDPOINT,dump_zone_23,load_zone_23,0.00025,0.00067
552.0,2026-07-02T12:40:05.186,1,-103.755,452.499,18.605,-0.5,0.0,GOING_TO_ENDPOINT,dump_zone_22,load_zone_23,0.00025,0.00067
552.0,2026-07-02T12:40:05.186,2,602.5,137.598,27.601,0.2254,0.0,GOING_TO_ENDPOINT,dump_zone_3,load_zone_26,0.000288,0.000772
552.0,2026-07-02T12:40:05.186,3,-97.119,465.791,26.506,-0.3881,0.0,GOING_TO_ENDPOINT,dump_zone_23,load_zone_23,0.00025,0.00067
553.0,2026-07-02T12:40:08.531,1,-98.874,452.356,16.805,-0.5,0.0,GOING_TO_ENDPOINT,dump_zone_22,load_zone_23,0.00025,0.00067
553.0,2026-07-02T12:40:08.531,2,602.5,129.907,27.974,0.2902,0.0,GOING_TO_ENDPOINT,dump_zone_3,load_zone_26,0.000294,0.000788
553.0,2026-07-02T12:40:08.531,3,-94.934,459.061,26.759,0.1119,0.0,GOING_TO_ENDPOINT,dump_zone_23,load_zone_23,0.000277,0.000742
554.0,2026-07-02T12:40:11.609,1,-94.859,450.675,15.005,-0.5,0.0,GOING_TO_ENDPOINT,dump_zone_22,load_zone_23,0.00025,0.00067
554.0,2026-07-02T12:40:11.609,2,602.5,122.118,27.994,-0.0151,0.0,GOING_TO_ENDPOINT,dump_zone_3,load_zone_26,0.000266,0.000713
554.0,2026-07-02T12:40:11.609,3,-99.793,453.79,25.712,-0.3881,0.0,GOING_TO_ENDPOINT,dump_zone_23,load_zone_23,0.00025,0.00067
555.0,2026-07-02T12:40:14.231,1,-92.43,447.82,13.23,-0.4167,0.0,GOING_TO_ENDPOINT,dump_zone_22,load_zone_23,0.00025,0.00067
555.0,2026-07-02T12:40:14.231,2,602.5,114.426,27.59,0.1516,0.0,GOING_TO_ENDPOINT,dump_zone_3,load_zone_26,0.000281,0.000753
555.0,2026-07-02T12:40:14.231,3,-98.175,447.143,26.264,0.6119,0.0,GOING_TO_ENDPOINT,dump_zone_23,load_zone_23,0.000319,0.000855
556.0,2026-07-02T12:40:17.382,1,-93.254,444.394,13.38,0.0833,0.0,GOING_TO_ENDPOINT,dump_zone_22,load_zone_23,0.000262,0.000702
556.0,2026-07-02T12:40:17.382,2,602.5,106.705,28.135,0.3182,0.0,GOING_TO_ENDPOINT,dump_zone_3,load_zone_26,0.000297,0.000796
556.0,2026-07-02T12:40:17.382,3,-97.444,439.61,27.864,0.1641,0.0,GOING_TO_ENDPOINT,dump_zone_23,load_zone_23,0.000282,0.000756
557.0,2026-07-02T12:40:19.879,1,-96.062,442.109,13.13,0.25,0.0,GOING_TO_ENDPOINT,dump_zone_22,load_zone_23,0.000269,0.000721
557.0,2026-07-02T12:40:19.879,2,602.5,98.888,28.067,0.1064,0.0,GOING_TO_ENDPOINT,dump_zone_3,load_zone_26,0.000277,0.000742
557.0,2026-07-02T12:40:19.879,3,-97.501,431.745,28.417,-0.1944,0.0,GOING_TO_ENDPOINT,dump_zone_23,load_zone_23,0.00025,0.00067
558.0,2026-07-02T12:40:22.361,1,-97.308,438.358,15.83,1.0,0.0,GOING_TO_ENDPOINT,dump_zone_22,load_zone_23,0.000311,0.000833
558.0,2026-07-02T12:40:22.361,2,602.5,91.049,28.3,-0.1436,0.0,GOING_TO_ENDPOINT,dump_zone_3,load_zone_26,0.000255,0.000683
558.0,2026-07-02T12:40:22.361,3,-97.5,424.053,27.064,-0.25,0.0,GOING_TO_ENDPOINT,dump_zone_23,load_zone_23,0.00025,0.00067
559.0,2026-07-02T12:40:24.996,1,-97.541,433.427,19.43,1.0,0.0,GOING_TO_ENDPOINT,dump_zone_22,load_zone_23,0.000325,0.000871
559.0,2026-07-02T12:40:24.996,2,602.5,83.232,28.155,-0.0721,0.0,GOING_TO_ENDPOINT,dump_zone_3,load_zone_26,0.000261,0.000699
559.0,2026-07-02T12:40:24.996,3,-97.5,416.6,27.064,0.4167,0.0,GOING_TO_ENDPOINT,dump_zone_23,load_zone_23,0.000304,0.000815
560.0,2026-07-02T12:40:27.542,1,-97.508,427.488,23.03,1.0,0.0,GOING_TO_ENDPOINT,dump_zone_22,load_zone_23,0.000339,0.000909
560.0,2026-07-02T12:40:27.542,2,602.5,75.517,27.652,0.1304,0.0,GOING_TO_ENDPOINT,dump_zone_3,load_zone_26,0.000279,0.000748
560.0,2026-07-02T12:40:27.542,3,-97.5,408.746,29.089,0.2429,0.0,GOING_TO_ENDPOINT,dump_zone_23,load_zone_23,0.000291,0.00078
561.0,2026-07-02T12:40:30.009,1,-97.5,420.564,26.385,0.7559,0.0,GOING_TO_ENDPOINT,dump_zone_22,load_zone_23,0.000331,0.000887
561.0,2026-07-02T12:40:30.009,2,602.5,67.835,27.39,-0.248,0.0,GOING_TO_ENDPOINT,dump_zone_3,load_zone_26,0.00025,0.00067
561.0,2026-07-02T12:40:30.009,3,-97.5,400.701,28.446,-0.5,0.0,GOING_TO_ENDPOINT,dump_zone_23,load_zone_23,0.00025,0.00067
562.0,2026-07-02T12:40:32.533,1,-97.5,412.984,27.55,-0.1172,0.0,GOING_TO_ENDPOINT,dump_zone_22,load_zone_23,0.000257,0.000689
562.0,2026-07-02T12:40:32.533,2,602.5,60.235,27.348,0.0854,0.0,GOING_TO_ENDPOINT,dump_zone_3,load_zone_26,0.000275,0.000737
562.0,2026-07-02T12:40:32.533,3,-97.5,393.006,27.318,-0.1707,0.0,GOING_TO_ENDPOINT,dump_zone_23,load_zone_23,0.000252,0.000675
563.0,2026-07-02T12:40:35.237,1,-97.5,405.415,27.379,0.2162,0.0,GOING_TO_ENDPOINT,dump_zone_22,load_zone_23,0.000287,0.000769
563.0,2026-07-02T12:40:35.237,2,602.5,52.563,27.605,-0.0813,0.0,GOING_TO_ENDPOINT,dump_zone_3,load_zone_26,0.00026,0.000697
563.0,2026-07-02T12:40:35.237,3,-97.5,385.407,27.788,0.3273,0.0,GOING_TO_ENDPOINT,dump_zone_23,load_zone_23,0.000297,0.000796
564.0,2026-07-02T12:40:38.070,1,-97.5,397.763,27.307,-0.2838,0.0,GOING_TO_ENDPOINT,dump_zone_22,load_zone_23,0.00025,0.00067
564.0,2026-07-02T12:40:38.070,2,602.5,44.816,28.454,0.2774,0.0,GOING_TO_ENDPOINT,dump_zone_3,load_zone_26,0.000294,0.000788
564.0,2026-07-02T12:40:38.070,3,-97.5,377.626,27.916,-0.1727,0.0,GOING_TO_ENDPOINT,dump_zone_23,load_zone_23,0.000252,0.000675
565.0,2026-07-02T12:40:40.585,1,-97.5,390.207,27.39,0.3286,0.0,GOING_TO_ENDPOINT,dump_zone_22,load_zone_23,0.000296,0.000793
565.0,2026-07-02T12:40:40.585,2,602.5,36.913,28.435,0.0557,0.0,GOING_TO_ENDPOINT,dump_zone_3,load_zone_26,0.000273,0.000732
565.0,2026-07-02T12:40:40.585,3,-97.5,369.928,27.691,0.1156,0.0,GOING_TO_ENDPOINT,dump_zone_23,load_zone_23,0.000278,0.000745
566.0,2026-07-02T12:40:43.031,1,-97.5,382.529,27.523,-0.0047,0.0,GOING_TO_ENDPOINT,dump_zone_22,load_zone_23,0.000267,0.000716
566.0,2026-07-02T12:40:43.031,2,602.5,29.016,28.333,-0.2719,0.0,GOING_TO_ENDPOINT,dump_zone_3,load_zone_26,0.00025,0.00067
566.0,2026-07-02T12:40:43.031,3,-97.5,362.289,26.878,-0.5,0.0,GOING_TO_ENDPOINT,dump_zone_23,load_zone_23,0.00025,0.00067
567.0,2026-07-02T12:40:45.260,1,-97.5,374.716,28.706,0.162,0.0,GOING_TO_ENDPOINT,dump_zone_22,load_zone_23,0.000283,0.000758
567.0,2026-07-02T12:40:45.260,2,602.5,21.333,27.27,-0.0833,0.0,GOING_TO_ENDPOINT,dump_zone_3,load_zone_26,0.00026,0.000697
567.0,2026-07-02T12:40:45.260,3,-97.5,355.094,25.078,-0.5,0.0,GOING_TO_ENDPOINT,dump_zone_23,load_zone_23,0.00025,0.00067
568.0,2026-07-02T12:40:47.342,1,-97.5,366.853,27.596,-0.5,0.0,GOING_TO_ENDPOINT,dump_zone_22,load_zone_23,0.00025,0.00067
568.0,2026-07-02T12:40:47.342,2,602.5,13.633,28.17,0.0833,0.0,GOING_TO_ENDPOINT,dump_zone_3,load_zone_26,0.000275,0.000737
568.0,2026-07-02T12:40:47.342,3,-97.5,348.398,23.278,-0.5,0.0,GOING_TO_ENDPOINT,dump_zone_23,load_zone_23,0.00025,0.00067
569.0,2026-07-02T12:40:48.924,1,-97.5,359.458,25.796,-0.5,0.0,GOING_TO_ENDPOINT,dump_zone_22,load_zone_23,0.00025,0.00067
569.0,2026-07-02T12:40:48.924,2,602.5,5.903,27.612,0.0915,0.0,GOING_TO_ENDPOINT,dump_zone_3,load_zone_26,0.000276,0.00074
569.0,2026-07-02T12:40:48.924,3,-97.5,342.203,21.478,-0.5,0.0,GOING_TO_ENDPOINT,dump_zone_23,load_zone_23,0.00025,0.00067
570.0,2026-07-02T12:40:50.409,1,-97.5,352.563,23.996,-0.5,0.0,GOING_TO_ENDPOINT,dump_zone_22,load_zone_23,0.00025,0.00067
570.0,2026-07-02T12:40:50.409,2,602.5,-1.798,27.644,-0.1224,0.0,GOING_TO_ENDPOINT,dump_zone_3,load_zone_26,0.000257,0.000689
570.0,2026-07-02T12:40:50.409,3,-97.5,336.508,19.678,-0.5,0.0,GOING_TO_ENDPOINT,dump_zone_23,load_zone_23,0.00025,0.00067
571.0,2026-07-02T12:40:52.250,1,-97.5,346.168,22.196,-0.5,0.0,GOING_TO_ENDPOINT,dump_zone_22,load_zone_23,0.00025,0.00067
571.0,2026-07-02T12:40:52.250,2,602.5,-9.454,27.574,0.1034,0.0,GOING_TO_ENDPOINT,dump_zone_3,load_zone_26,0.000277,0.000742
571.0,2026-07-02T12:40:52.250,3,-97.5,331.312,17.878,-0.5,0.0,GOING_TO_ENDPOINT,dump_zone_23,load_zone_23,0.00025,0.00067
572.0,2026-07-02T12:40:54.369,1,-97.5,340.274,20.396,-0.5,0.0,GOING_TO_ENDPOINT,dump_zone_22,load_zone_23,0.00025,0.00067
572.0,2026-07-02T12:40:54.369,2,602.5,-17.284,28.546,0.1034,0.0,GOING_TO_ENDPOINT,dump_zone_3,load_zone_26,0.000278,0.000745
572.0,2026-07-02T12:40:54.369,3,-99.611,327.403,16.078,-0.5,0.0,GOING_TO_ENDPOINT,dump_zone_23,load_zone_23,0.00025,0.00067
573.0,2026-07-02T12:40:56.624,1,-97.5,334.879,18.596,-0.5,0.0,GOING_TO_ENDPOINT,dump_zone_22,load_zone_23,0.00025,0.00067
573.0,2026-07-02T12:40:56.624,2,602.5,-25.289,28.619,-0.3966,0.0,GOING_TO_ENDPOINT,dump_zone_3,load_zone_26,0.00025,0.00067
573.0,2026-07-02T12:40:56.624,3,-103.618,327.514,14.278,-0.5,0.0,GOING_TO_ENDPOINT,dump_zone_23,load_zone_23,0.00025,0.00067
574.0,2026-07-02T12:40:58.085,1,-97.522,329.985,16.796,-0.5,0.0,GOING_TO_ENDPOINT,dump_zone_22,load_zone_23,0.00025,0.00067
574.0,2026-07-02T12:40:58.085,2,602.5,-32.986,26.988,-0.4534,0.0,GOING_TO_ENDPOINT,dump_zone_3,load_zone_26,0.00025,0.00067
574.0,2026-07-02T12:40:58.085,3,-105.519,330.533,12.478,-0.5,0.0,GOING_TO_ENDPOINT,dump_zone_23,load_zone_23,0.00025,0.00067
575.0,2026-07-02T12:41:00.619,1,-100.062,326.664,14.996,-0.5,0.0,GOING_TO_ENDPOINT,dump_zone_22,load_zone_23,0.00025,0.00067
575.0,2026-07-02T12:41:00.619,2,602.5,-40.376,26.794,0.3927,0.0,GOING_TO_ENDPOINT,dump_zone_3,load_zone_26,0.000301,0.000807
575.0,2026-07-02T12:41:00.619,3,-104.602,333.527,11.053,-0.0833,0.0,GOING_TO_ENDPOINT,dump_zone_23,load_zone_23,0.000254,0.000681
576.0,2026-07-02T12:41:02.797,1,-103.783,327.088,13.196,-0.5,0.0,GOING_TO_ENDPOINT,dump_zone_22,load_zone_23,0.00025,0.00067
576.0,2026-07-02T12:41:02.797,2,602.5,-48.145,28.758,0.226,0.0,GOING_TO_ENDPOINT,dump_zone_3,load_zone_26,0.000289,0.000775
576.0,2026-07-02T12:41:02.797,3,-101.79,334.943,12.703,0.9167,0.0,GOING_TO_ENDPOINT,dump_zone_23,load_zone_23,0.000296,0.000793
577.0,2026-07-02T12:41:05.234,1,-105.509,329.895,11.396,-0.5,0.0,GOING_TO_ENDPOINT,dump_zone_22,load_zone_23,0.00025,0.00067
577.0,2026-07-02T12:41:05.234,2,602.5,-56.131,28.722,-0.1073,0.0,GOING_TO_ENDPOINT,dump_zone_3,load_zone_26,0.000258,0.000691
577.0,2026-07-02T12:41:05.234,3,-98.339,333.315,15.178,0.25,0.0,GOING_TO_ENDPOINT,dump_zone_23,load_zone_23,0.000272,0.000729
578.0,2026-07-02T12:41:07.442,1,-104.859,332.659,9.746,-0.25,0.0,GOING_TO_ENDPOINT,dump_zone_22,load_zone_23,0.00025,0.00067
578.0,2026-07-02T12:41:07.442,2,602.5,-63.941,27.414,-0.5,0.0,GOING_TO_ENDPOINT,dump_zone_3,load_zone_26,0.00025,0.00067
578.0,2026-07-02T12:41:07.442,3,-97.07,329.493,14.278,-0.5,0.0,GOING_TO_ENDPOINT,dump_zone_23,load_zone_23,0.00025,0.00067
579.0,2026-07-02T12:41:09.191,1,-102.657,334.266,10.796,0.75,0.0,GOING_TO_ENDPOINT,dump_zone_22,load_zone_23,0.000283,0.000758
579.0,2026-07-02T12:41:09.191,2,602.5,-71.286,25.614,-0.5,0.0,GOING_TO_ENDPOINT,dump_zone_3,load_zone_26,0.00025,0.00067
579.0,2026-07-02T12:41:09.191,3,-99.112,326.567,12.478,-0.5,0.0,GOING_TO_ENDPOINT,dump_zone_23,load_zone_23,0.00025,0.00067
580.0,2026-07-02T12:41:10.640,1,-99.314,333.718,13.946,0.5833,0.0,GOING_TO_ENDPOINT,dump_zone_22,load_zone_23,0.000285,0.000764
580.0,2026-07-02T12:41:10.640,2,602.5,-78.13,23.814,-0.5,0.0,GOING_TO_ENDPOINT,dump_zone_3,load_zone_26,0.00025,0.00067
580.0,2026-07-02T12:41:10.640,3,-102.208,326.241,10.678,-0.5,0.0,GOING_TO_ENDPOINT,dump_zone_23,load_zone_23,0.00025,0.00067
581.0,2026-07-02T12:41:12.154,1,-97.575,330.311,14.096,-0.4167,0.0,GOING_TO_ENDPOINT,dump_zone_22,load_zone_23,0.00025,0.00067
581.0,2026-07-02T12:41:12.154,2,602.5,-84.474,22.014,-0.5,0.0,GOING_TO_ENDPOINT,dump_zone_3,load_zone_26,0.00025,0.00067
581.0,2026-07-02T12:41:12.154,3,-104.351,327.793,8.878,-0.5,0.0,GOING_TO_ENDPOINT,dump_zone_23,load_zone_23,0.00025,0.00067
582.0,2026-07-02T12:41:13.488,1,-98.888,327.043,12.296,-0.5,0.0,GOING_TO_ENDPOINT,dump_zone_22,load_zone_23,0.00025,0.00067
582.0,2026-07-02T12:41:13.488,2,602.5,-90.318,20.214,-0.5,0.0,GOING_TO_ENDPOINT,dump_zone_3,load_zone_26,0.00025,0.00067
582.0,2026-07-02T12:41:13.488,3,-105.07,329.839,7.078,-0.5,0.0,GOING_TO_ENDPOINT,dump_zone_23,load_zone_23,0.00025,0.00067
583.0,2026-07-02T12:41:14.869,1,-101.773,326.006,10.496,-0.5,0.0,GOING_TO_ENDPOINT,dump_zone_22,load_zone_23,0.00025,0.00067
583.0,2026-07-02T12:41:14.869,2,602.5,-95.662,18.414,-0.5,0.0,GOING_TO_ENDPOINT,dump_zone_3,load_zone_26,0.00025,0.00067
583.0,2026-07-02T12:41:14.869,3,-104.827,331.511,5.452,-0.2345,0.0,GOING_TO_ENDPOINT,dump_zone_23,load_zone_23,0.00025,0.00067
584.0,2026-07-02T12:41:15.940,1,-104.192,326.954,8.696,-0.5,0.0,GOING_TO_ENDPOINT,dump_zone_22,load_zone_23,0.00025,0.00067
584.0,2026-07-02T12:41:15.940,2,603.429,-100.335,17.314,0.0833,0.0,GOING_TO_ENDPOINT,dump_zone_3,load_zone_26,0.000266,0.000713
584.0,2026-07-02T12:41:15.940,3,-103.99,332.86,6.558,0.7655,0.0,GOING_TO_ENDPOINT,dump_zone_23,load_zone_23,0.00027,0.000724
585.0,2026-07-02T12:41:17.294,1,-105.395,328.7,6.896,-0.5,0.0,GOING_TO_ENDPOINT,dump_zone_22,load_zone_23,0.00025,0.00067
585.0,2026-07-02T12:41:17.294,2,608.028,-101.448,19.539,1.0,0.0,GOING_TO_ENDPOINT,dump_zone_3,load_zone_26,0.000326,0.000874
585.0,2026-07-02T12:41:17.294,3,-101.977,333.995,10.092,1.0,0.0,GOING_TO_ENDPOINT,dump_zone_23,load_zone_23,0.000289,0.000775
586.0,2026-07-02T12:41:20.125,1,-105.614,330.32,5.121,-0.4167,0.0,GOING_TO_ENDPOINT,dump_zone_22,load_zone_23,0.00025,0.00067
586.0,2026-07-02T12:41:20.125,2,613.038,-98.273,22.764,0.5833,0.0,GOING_TO_ENDPOINT,dump_zone_3,load_zone_26,0.000307,0.000823
586.0,2026-07-02T12:41:20.125,3,-98.821,333.341,13.258,0.5551,0.0,GOING_TO_ENDPOINT,dump_zone_23,load_zone_23,0.000282,0.000756
587.0,2026-07-02T12:41:22.279,1,-105.275,331.678,5.571,0.5833,0.0,GOING_TO_ENDPOINT,dump_zone_22,load_zone_23,0.000264,0.000708
587.0,2026-07-02T12:41:22.279,2,619.338,-97.303,22.914,-0.4167,0.0,GOING_TO_ENDPOINT,dump_zone_3,load_zone_26,0.00025,0.00067
587.0,2026-07-02T12:41:22.279,3,-97.158,330.108,13.306,-0.4449,0.0,GOING_TO_ENDPOINT,dump_zone_23,load_zone_23,0.00025,0.00067
588.0,2026-07-02T12:41:24.580,1,-104.014,333.235,8.921,1.0,0.0,GOING_TO_ENDPOINT,dump_zone_22,load_zone_23,0.000285,0.000764
588.0,2026-07-02T12:41:24.580,2,625.429,-97.494,21.114,-0.5,0.0,GOING_TO_ENDPOINT,dump_zone_3,load_zone_26,0.00025,0.00067
588.0,2026-07-02T12:41:24.580,3,-98.518,327.075,11.506,-0.5,0.0,GOING_TO_ENDPOINT,dump_zone_23,load_zone_23,0.00025,0.00067
589.0,2026-07-02T12:41:26.732,1,-101.158,333.961,12.521,1.0,0.0,GOING_TO_ENDPOINT,dump_zone_22,load_zone_23,0.000298,0.000799
589.0,2026-07-02T12:41:26.732,2,631.023,-97.506,19.314,-0.5,0.0,GOING_TO_ENDPOINT,dump_zone_3,load_zone_26,0.00025,0.00067
589.0,2026-07-02T12:41:26.732,3,-101.196,326.066,9.706,-0.5,0.0,GOING_TO_ENDPOINT,dump_zone_23,load_zone_23,0.00025,0.00067
590.0,2026-07-02T12:41:28.844,1,-98.003,331.893,14.715,0.1646,0.0,GOING_TO_ENDPOINT,dump_zone_22,load_zone_23,0.000267,0.000716
590.0,2026-07-02T12:41:28.844,2,636.117,-97.5,17.514,-0.5,0.0,GOING_TO_ENDPOINT,dump_zone_3,load_zone_26,0.00025,0.00067
590.0,2026-07-02T12:41:28.844,3,-103.607,326.212,7.906,-0.5,0.0,GOING_TO_ENDPOINT,dump_zone_23,load_zone_23,0.00025,0.00067
591.0,2026-07-02T12:41:30.328,1,-97.087,328.14,13.611,-0.5,0.0,GOING_TO_ENDPOINT,dump_zone_22,load_zone_23,0.00025,0.00067
591.0,2026-07-02T12:41:30.328,2,640.711,-97.5,15.714,-0.5,0.0,GOING_TO_ENDPOINT,dump_zone_3,load_zone_26,0.00025,0.00067
591.0,2026-07-02T12:41:30.328,3,-105.376,325.499,6.106,-0.5,0.0,GOING_TO_ENDPOINT,dump_zone_23,load_zone_23,0.00025,0.00067
592.0,2026-07-02T12:41:32.395,1,-99.168,325.451,11.811,-0.5,0.0,GOING_TO_ENDPOINT,dump_zone_22,load_zone_23,0.00025,0.00067
592.0,2026-07-02T12:41:32.395,2,644.806,-97.5,13.914,-0.5,0.0,GOING_TO_ENDPOINT,dump_zone_3,load_zone_26,0.00025,0.00067
592.0,2026-07-02T12:41:32.395,3,-106.367,324.485,4.306,-0.5,0.0,GOING_TO_ENDPOINT,dump_zone_23,load_zone_23,0.00025,0.00067
593.0,2026-07-02T12:41:34.934,1,-101.844,324.137,10.011,-0.5,0.0,GOING_TO_ENDPOINT,dump_zone_22,load_zone_23,0.00025,0.00067
593.0,2026-07-02T12:41:34.934,2,648.399,-97.543,12.114,-0.5,0.0,GOING_TO_ENDPOINT,dump_zone_3,load_zone_26,0.00025,0.00067
593.0,2026-07-02T12:41:34.934,3,-106.798,323.668,2.506,-0.5,0.0,LOADING,dump_zone_23,load_zone_23,0.00025,0.00067
594.0,2026-07-02T12:41:37.316,1,-103.198,322.053,8.211,-0.5,0.0,GOING_TO_ENDPOINT,dump_zone_22,load_zone_23,0.00025,0.00067
594.0,2026-07-02T12:41:37.316,2,651.37,-98.302,10.314,-0.5,0.0,GOING_TO_ENDPOINT,dump_zone_3,load_zone_26,0.00025,0.00067
594.0,2026-07-02T12:41:37.316,3,-106.932,323.265,0.706,-0.5,0.0,LOADING,dump_zone_23,load_zone_23,0.00025,0.00067
595.0,2026-07-02T12:41:40.115,1,-103.461,320.068,6.411,-0.5,0.0,GOING_TO_ENDPOINT,dump_zone_22,load_zone_23,0.00025,0.00067
595.0,2026-07-02T12:41:40.115,2,653.492,-99.866,9.214,0.0833,0.0,GOING_TO_ENDPOINT,dump_zone_3,load_zone_26,0.000258,0.000691
595.0,2026-07-02T12:41:40.115,3,-106.94,323.235,0.0,-0.5,0.0,LOADING,dump_zone_23,load_zone_23,0.00025,0.00067
596.0,2026-07-02T12:41:42.050,1,-103.602,318.566,4.611,-0.5,0.0,GOING_TO_ENDPOINT,dump_zone_22,load_zone_23,0.00025,0.00067
596.0,2026-07-02T12:41:42.050,2,655.512,-101.827,11.439,1.0,0.0,GOING_TO_ENDPOINT,dump_zone_3,load_zone_26,0.000294,0.000788
596.0,2026-07-02T12:41:42.050,3,-107.34,322.321,7.2,0.0,1000.0,TURNING_AROUND,load_zone_23,dump_zone_22,0.000258,0.000691
597.0,2026-07-02T12:41:42.892,1,-103.593,317.558,2.811,-0.5,0.0,LOADING,dump_zone_22,load_zone_23,0.00025,0.00067
597.0,2026-07-02T12:41:42.892,2,658.116,-104.482,15.039,1.0,0.0,GOING_TO_ENDPOINT,dump_zone_3,load_zone_26,0.000308,0.000825
597.0,2026-07-02T12:41:42.892,3,-108.742,320.924,7.2,0.0,1000.0,TURNING_AROUND,load_zone_23,dump_zone_22,0.000258,0.000691
598.0,2026-07-02T12:41:44.192,1,-103.495,317.058,1.011,-0.5,0.0,LOADING,dump_zone_22,load_zone_23,0.00025,0.00067
598.0,2026-07-02T12:41:44.192,2,661.412,-107.86,18.639,1.0,0.0,GOING_TO_ENDPOINT,dump_zone_3,load_zone_26,0.000322,0.000863
598.0,2026-07-02T12:41:44.192,3,-107.591,321.28,5.4,0.0,1000.0,TURNING_AROUND,load_zone_23,dump_zone_22,0.000256,0.000686
599.0,2026-07-02T12:41:46.207,1,-103.478,316.993,0.0,-0.5,0.0,LOADING,dump_zone_22,load_zone_23,0.00025,0.00067
599.0,2026-07-02T12:41:46.207,2,665.445,-111.914,22.239,1.0,0.0,GOING_TO_ENDPOINT,dump_zone_3,load_zone_26,0.000336,0.0009
599.0,2026-07-02T12:41:46.207,3,-109.273,321.501,7.2,0.0,1000.0,TURNING_AROUND,load_zone_23,dump_zone_22,0.000258,0.000691
600.0,2026-07-02T12:41:48.051,1,-103.25,316.367,7.2,0.0,1000.0,TURNING_AROUND,load_zone_23,dump_zone_23,0.000258,0.000691
600.0,2026-07-02T12:41:48.051,2,670.193,-116.658,25.737,0.9167,0.0,GOING_TO_ENDPOINT,dump_zone_3,load_zone_26,0.000343,0.000919
600.0,2026-07-02T12:41:48.051,3,-110.06,321.813,5.4,0.0,1000.0,TURNING_AROUND,load_zone_23,dump_zone_22,0.000256,0.000686
601.0,2026-07-02T12:41:49.035,1,-102.0,314.832,7.2,0.0,1000.0,TURNING_AROUND,load_zone_23,dump_zone_23,0.000258,0.000691
601.0,2026-07-02T12:41:49.035,2,675.534,-121.998,28.115,0.3241,0.0,GOING_TO_ENDPOINT,dump_zone_3,load_zone_26,0.000297,0.000796
601.0,2026-07-02T12:41:49.035,3,-109.738,321.623,7.2,0.0,1000.0,TURNING_AROUND,load_zone_23,dump_zone_22,0.000258,0.000691
602.0,2026-07-02T12:41:50.177,1,-102.623,314.973,5.4,0.0,1000.0,TURNING_AROUND,load_zone_23,dump_zone_23,0.000256,0.000686
602.0,2026-07-02T12:41:50.177,2,681.033,-127.497,27.415,-0.5,0.0,GOING_TO_ENDPOINT,dump_zone_3,load_zone_26,0.00025,0.00067
602.0,2026-07-02T12:41:50.177,3,-109.882,322.104,0.075,0.1667,1000.0,RETURNING_TO_START,load_zone_23,dump_zone_22,0.00025,0.00067
603.0,2026-07-02T12:41:51.374,1,-101.502,315.119,7.2,0.0,1000.0,TURNING_AROUND,load_zone_23,dump_zone_23,0.000258,0.000691
603.0,2026-07-02T12:41:51.374,2,686.226,-132.691,25.615,-0.5,0.0,GOING_TO_ENDPOINT,dump_zone_3,load_zone_26,0.00025,0.00067
603.0,2026-07-02T12:41:51.374,3,-109.871,322.423,2.55,1.0,1000.0,RETURNING_TO_START,load_zone_23,dump_zone_22,0.000266,0.000713
604.0,2026-07-02T12:41:52.358,1,-100.204,315.676,5.4,0.0,1000.0,TURNING_AROUND,load_zone_23,dump_zone_23,0.000256,0.000686
604.0,2026-07-02T12:41:52.358,2,691.066,-137.531,23.815,-0.5,0.0,GOING_TO_ENDPOINT,dump_zone_3,load_zone_26,0.00025,0.00067
604.0,2026-07-02T12:41:52.358,3,-109.587,323.636,6.15,1.0,1000.0,RETURNING_TO_START,load_zone_23,dump_zone_22,0.00029,0.000777
605.0,2026-07-02T12:41:53.588,1,-100.848,315.018,7.2,0.0,1000.0,TURNING_AROUND,load_zone_23,dump_zone_23,0.000258,0.000691
605.0,2026-07-02T12:41:53.588,2,695.553,-142.016,22.015,-0.5,0.0,GOING_TO_ENDPOINT,dump_zone_3,load_zone_26,0.00025,0.00067
605.0,2026-07-02T12:41:53.588,3,-108.624,325.665,9.75,1.0,1000.0,RETURNING_TO_START,load_zone_23,dump_zone_22,0.000313,0.000839
606.0,2026-07-02T12:41:55.654,1,-100.523,315.961,0.0,-0.0833,1000.0,RETURNING_TO_START,load_zone_23,dump_zone_23,0.00025,0.00067
606.0,2026-07-02T12:41:55.654,2,699.681,-146.153,20.215,-0.5,0.0,GOING_TO_ENDPOINT,dump_zone_3,load_zone_26,0.00025,0.00067
606.0,2026-07-02T12:41:55.654,3,-106.986,328.471,13.35,1.0,1000.0,RETURNING_TO_START,load_zone_23,dump_zone_22,0.000336,0.0009
607.0,2026-07-02T12:41:57.867,1,-100.523,316.126,1.65,0.9167,1000.0,RETURNING_TO_START,load_zone_23,dump_zone_23,0.00026,0.000697
607.0,2026-07-02T12:41:57.867,2,702.981,-150.336,18.415,-0.5,0.0,GOING_TO_ENDPOINT,dump_zone_3,load_zone_26,0.00025,0.00067
607.0,2026-07-02T12:41:57.867,3,-104.803,332.116,16.95,1.0,1000.0,RETURNING_TO_START,load_zone_23,dump_zone_22,0.000359,0.000962
608.0,2026-07-02T12:42:00.151,1,-100.561,317.126,5.25,1.0,1000.0,RETURNING_TO_START,load_zone_23,dump_zone_23,0.000284,0.000761
608.0,2026-07-02T12:42:00.151,2,702.902,-155.139,17.315,0.0833,0.0,GOING_TO_ENDPOINT,dump_zone_3,load_zone_26,0.000266,0.000713
608.0,2026-07-02T12:42:00.151,3,-102.796,336.927,20.55,1.0,1000.0,RETURNING_TO_START,load_zone_23,dump_zone_22,0.000382,0.001024
609.0,2026-07-02T12:42:02.442,1,-100.729,319.118,8.85,1.0,1000.0,RETURNING_TO_START,load_zone_23,dump_zone_23,0.000307,0.000823
609.0,2026-07-02T12:42:02.442,2,702.523,-160.147,18.815,0.25,0.0,GOING_TO_ENDPOINT,dump_zone_3,load_zone_26,0.000277,0.000742
609.0,2026-07-02T12:42:02.442,3,-102.461,343.002,22.605,0.127,1000.0,RETURNING_TO_START,load_zone_23,dump_zone_22,0.000289,0.000775
610.0,2026-07-02T12:42:04.606,1,-101.065,322.1,12.45,1.0,1000.0,RETURNING_TO_START,load_zone_23,dump_zone_23,0.00033,0.000884
610.0,2026-07-02T12:42:04.606,2,702.494,-165.312,17.97,-0.5,0.0,GOING_TO_ENDPOINT,dump_zone_3,load_zone_26,0.00025,0.00067
610.0,2026-07-02T12:42:04.606,3,-102.499,349.346,23.062,0.127,1000.0,RETURNING_TO_START,load_zone_23,dump_zone_22,0.00029,0.000777
611.0,2026-07-02T12:42:06.631,1,-101.538,326.071,16.05,1.0,1000.0,RETURNING_TO_START,load_zone_23,dump_zone_23,0.000353,0.000946
611.0,2026-07-02T12:42:06.631,2,702.499,-170.033,16.17,-0.5,0.0,GOING_TO_ENDPOINT,dump_zone_3,load_zone_26,0.00025,0.00067
611.0,2026-07-02T12:42:06.631,3,-102.501,355.65,22.278,-0.1086,1000.0,RETURNING_TO_START,load_zone_23,dump_zone_22,0.000261,0.000699
612.0,2026-07-02T12:42:09.002,1,-102.128,331.036,19.65,1.0,1000.0,RETURNING_TO_START,load_zone_23,dump_zone_23,0.000377,0.00101
612.0,2026-07-02T12:42:09.002,2,702.5,-174.254,14.37,-0.5,0.0,GOING_TO_ENDPOINT,dump_zone_3,load_zone_26,0.00025,0.00067
612.0,2026-07-02T12:42:09.002,3,-102.5,361.803,22.204,0.1948,1000.0,RETURNING_TO_START,load_zone_23,dump_zone_22,0.000297,0.000796
613.0,2026-07-02T12:42:11.726,1,-102.501,336.961,22.517,0.572,1000.0,RETURNING_TO_START,load_zone_23,dump_zone_23,0.000343,0.000919
613.0,2026-07-02T12:42:11.726,2,702.5,-177.975,12.57,-0.5,0.0,GOING_TO_ENDPOINT,dump_zone_3,load_zone_26,0.00025,0.00067
613.0,2026-07-02T12:42:11.726,3,-102.5,368.098,23.388,0.5342,1000.0,RETURNING_TO_START,load_zone_23,dump_zone_22,0.000342,0.000917
614.0,2026-07-02T12:42:14.574,1,-102.503,343.405,23.227,-0.2613,1000.0,RETURNING_TO_START,load_zone_23,dump_zone_23,0.00025,0.00067
614.0,2026-07-02T12:42:14.574,2,702.5,-181.232,11.267,-0.0689,0.0,GOING_TO_ENDPOINT,dump_zone_3,load_zone_26,0.000255,0.000683
614.0,2026-07-02T12:42:14.574,3,-102.5,374.752,24.224,0.104,1000.0,RETURNING_TO_START,load_zone_23,dump_zone_22,0.000289,0.000775
615.0,2026-07-02T12:42:16.991,1,-102.5,349.624,21.62,-0.4167,1000.0,RETURNING_TO_START,load_zone_23,dump_zone_23,0.00025,0.00067
615.0,2026-07-02T12:42:16.991,2,702.5,-184.223,10.022,-0.5,0.0,GOING_TO_ENDPOINT,dump_zone_3,load_zone_26,0.00025,0.00067
615.0,2026-07-02T12:42:16.991,3,-102.5,381.35,23.142,-0.25,1000.0,RETURNING_TO_START,load_zone_23,dump_zone_22,0.00025,0.00067
616.0,2026-07-02T12:42:19.891,1,-102.5,355.613,22.02,0.4167,1000.0,RETURNING_TO_START,load_zone_23,dump_zone_23,0.000323,0.000866
616.0,2026-07-02T12:42:19.891,2,702.5,-186.736,8.222,-0.5,0.0,GOING_TO_ENDPOINT,dump_zone_3,load_zone_26,0.00025,0.00067
616.0,2026-07-02T12:42:19.891,3,-102.5,387.669,22.566,-0.1835,1000.0,RETURNING_TO_START,load_zone_23,dump_zone_22,0.000252,0.000675
617.0,2026-07-02T12:42:22.756,1,-102.5,361.812,22.473,0.0927,1000.0,RETURNING_TO_START,load_zone_23,dump_zone_23,0.000285,0.000764
617.0,2026-07-02T12:42:22.756,2,702.5,-188.749,6.422,-0.5,0.0,GOING_TO_ENDPOINT,dump_zone_3,load_zone_26,0.00025,0.00067
617.0,2026-07-02T12:42:22.756,3,-102.5,393.972,23.351,0.6765,1000.0,RETURNING_TO_START,load_zone_23,dump_zone_22,0.00036,0.000965
618.0,2026-07-02T12:42:25.599,1,-102.5,368.09,22.69,-0.0439,1000.0,RETURNING_TO_START,load_zone_23,dump_zone_23,0.000269,0.000721
618.0,2026-07-02T12:42:25.599,2,702.542,-190.26,4.622,-0.5,0.0,GOING_TO_ENDPOINT,dump_zone_3,load_zone_26,0.00025,0.00067
618.0,2026-07-02T12:42:25.599,3,-102.5,400.705,24.437,-0.1569,1000.0,RETURNING_TO_START,load_zone_23,dump_zone_22,0.000255,0.000683
619.0,2026-07-02T12:42:27.625,1,-102.5,374.301,22.282,0.2061,1000.0,RETURNING_TO_START,load_zone_23,dump_zone_23,0.000298,0.000799
619.0,2026-07-02T12:42:27.625,2,702.809,-191.235,2.822,-0.5,0.0,LOADING,dump_zone_3,load_zone_26,0.00025,0.00067
619.0,2026-07-02T12:42:27.625,3,-102.5,407.287,23.108,-0.2008,1000.0,RETURNING_TO_START,load_zone_23,dump_zone_22,0.00025,0.00067
620.0,2026-07-02T12:42:29.739,1,-102.5,380.599,23.11,0.318,1000.0,RETURNING_TO_START,load_zone_23,dump_zone_23,0.000314,0.000842
620.0,2026-07-02T12:42:29.739,2,703.033,-191.696,1.022,-0.5,0.0,LOADING,dump_zone_3,load_zone_26,0.00025,0.00067
620.0,2026-07-02T12:42:29.739,3,-102.5,413.711,22.935,-0.3675,1000.0,RETURNING_TO_START,load_zone_23,dump_zone_22,0.00025,0.00067
621.0,2026-07-02T12:42:31.783,1,-102.5,387.222,24.305,0.068,1000.0,RETURNING_TO_START,load_zone_23,dump_zone_23,0.000285,0.000764
621.0,2026-07-02T12:42:31.783,2,703.068,-191.756,0.0,-0.5,0.0,LOADING,dump_zone_3,load_zone_26,0.00025,0.00067
621.0,2026-07-02T12:42:31.783,3,-102.5,419.815,21.149,-0.5,1000.0,RETURNING_TO_START,load_zone_23,dump_zone_22,0.00025,0.00067
622.0,2026-07-02T12:42:33.070,1,-102.5,393.828,23.152,-0.25,1000.0,RETURNING_TO_START,load_zone_23,dump_zone_23,0.00025,0.00067
622.0,2026-07-02T12:42:33.070,2,703.462,-192.293,7.2,0.0,1000.0,TURNING_AROUND,load_zone_26,dump_zone_3,0.000258,0.000691
622.0,2026-07-02T12:42:33.070,3,-102.5,425.419,19.349,-0.5,1000.0,RETURNING_TO_START,load_zone_23,dump_zone_22,0.00025,0.00067
623.0,2026-07-02T12:42:34.906,1,-102.5,400.22,23.015,0.1425,1000.0,RETURNING_TO_START,load_zone_23,dump_zone_23,0.000292,0.000783
623.0,2026-07-02T12:42:34.906,2,705.091,-193.417,7.2,0.0,1000.0,TURNING_AROUND,load_zone_26,dump_zone_3,0.000258,0.000691
623.0,2026-07-02T12:42:34.906,3,-102.5,430.523,17.549,-0.5,1000.0,RETURNING_TO_START,load_zone_23,dump_zone_22,0.00025,0.00067
624.0,2026-07-02T12:42:36.828,1,-102.5,406.725,23.506,-0.0221,1000.0,RETURNING_TO_START,load_zone_23,dump_zone_23,0.000272,0.000729
624.0,2026-07-02T12:42:36.828,2,704.453,-193.456,5.4,0.0,1000.0,TURNING_AROUND,load_zone_26,dump_zone_3,0.000256,0.000686
624.0,2026-07-02T12:42:36.828,3,-102.5,435.127,15.749,-0.5,1000.0,RETURNING_TO_START,load_zone_23,dump_zone_22,0.00025,0.00067
625.0,2026-07-02T12:42:38.424,1,-102.5,413.228,23.306,0.0866,1000.0,RETURNING_TO_START,load_zone_23,dump_zone_23,0.000286,0.000766
625.0,2026-07-02T12:42:38.424,2,705.489,-193.003,7.2,0.0,1000.0,TURNING_AROUND,load_zone_26,dump_zone_3,0.000258,0.000691
625.0,2026-07-02T12:42:38.424,3,-102.5,439.231,13.949,-0.5,1000.0,RETURNING_TO_START,load_zone_23,dump_zone_22,0.00025,0.00067
626.0,2026-07-02T12:42:40.312,1,-102.5,419.729,23.405,-0.198,1000.0,RETURNING_TO_START,load_zone_23,dump_zone_23,0.00025,0.00067
626.0,2026-07-02T12:42:40.312,2,706.58,-192.105,5.4,0.0,1000.0,TURNING_AROUND,load_zone_26,dump_zone_3,0.000256,0.000686
626.0,2026-07-02T12:42:40.312,3,-102.5,442.835,12.149,-0.5,1000.0,RETURNING_TO_START,load_zone_23,dump_zone_22,0.00025,0.00067
627.0,2026-07-02T12:42:42.677,1,-102.5,426.092,22.74,-0.0728,1000.0,RETURNING_TO_START,load_zone_23,dump_zone_23,0.000265,0.00071
627.0,2026-07-02T12:42:42.677,2,706.112,-193.081,0.0,0.0,1000.0,RETURNING_TO_START,load_zone_26,dump_zone_3,0.00025,0.00067
627.0,2026-07-02T12:42:42.677,3,-102.5,445.939,10.349,-0.5,1000.0,RETURNING_TO_START,load_zone_23,dump_zone_22,0.00025,0.00067
628.0,2026-07-02T12:42:44.730,1,-102.5,432.205,21.206,-0.5,1000.0,RETURNING_TO_START,load_zone_23,dump_zone_23,0.00025,0.00067
628.0,2026-07-02T12:42:44.730,2,706.112,-193.048,0.525,0.5,1000.0,RETURNING_TO_START,load_zone_26,dump_zone_3,0.000252,0.000675
628.0,2026-07-02T12:42:44.730,3,-102.564,448.557,8.924,-0.0833,1000.0,RETURNING_TO_START,load_zone_23,dump_zone_22,0.000255,0.000683
629.0,2026-07-02T12:42:46.424,1,-102.5,437.824,19.406,-0.5,1000.0,RETURNING_TO_START,load_zone_23,dump_zone_23,0.00025,0.00067
629.0,2026-07-02T12:42:46.424,2,706.061,-192.456,3.75,1.0,1000.0,RETURNING_TO_START,load_zone_26,dump_zone_3,0.000274,0.000734
629.0,2026-07-02T12:42:46.424,3,-103.887,450.791,10.574,0.9167,1000.0,RETURNING_TO_START,load_zone_23,dump_zone_22,0.000313,0.000839
630.0,2026-07-02T12:42:48.741,1,-102.5,442.964,17.981,-0.0833,1000.0,RETURNING_TO_START,load_zone_23,dump_zone_23,0.000261,0.000699
630.0,2026-07-02T12:42:48.741,2,705.495,-190.989,7.35,1.0,1000.0,RETURNING_TO_START,load_zone_26,dump_zone_3,0.000297,0.000796
630.0,2026-07-02T12:42:48.741,3,-107.141,451.663,14.174,1.0,1000.0,RETURNING_TO_START,load_zone_23,dump_zone_22,0.000341,0.000914
631.0,2026-07-02T12:42:51.677,1,-102.5,448.125,19.631,0.9167,1000.0,RETURNING_TO_START,load_zone_23,dump_zone_23,0.000368,0.000986
631.0,2026-07-02T12:42:51.677,2,703.686,-189.158,10.95,1.0,1000.0,RETURNING_TO_START,load_zone_26,dump_zone_3,0.000321,0.00086
631.0,2026-07-02T12:42:51.677,3,-111.02,449.49,17.774,1.0,1000.0,RETURNING_TO_START,load_zone_23,dump_zone_22,0.000365,0.000978
632.0,2026-07-02T12:42:54.975,1,-102.5,454.114,23.081,0.75,1000.0,RETURNING_TO_START,load_zone_23,dump_zone_23,0.000368,0.000986
632.0,2026-07-02T12:42:54.975,2,701.07,-186.709,14.55,1.0,1000.0,RETURNING_TO_START,load_zone_26,dump_zone_3,0.000344,0.000922
632.0,2026-07-02T12:42:54.975,3,-116.19,447.783,21.374,1.0,1000.0,RETURNING_TO_START,load_zone_23,dump_zone_22,0.000388,0.00104
633.0,2026-07-02T12:42:57.878,1,-102.5,460.729,23.963,-0.1453,1000.0,RETURNING_TO_START,load_zone_23,dump_zone_23,0.000257,0.000689
633.0,2026-07-02T12:42:57.878,2,698.443,-183.002,18.15,1.0,1000.0,RETURNING_TO_START,load_zone_26,dump_zone_3,0.000367,0.000984
633.0,2026-07-02T12:42:57.878,3,-122.516,447.485,23.705,0.3584,1000.0,RETURNING_TO_START,load_zone_23,dump_zone_22,0.000321,0.00086
634.0,2026-07-02T12:43:00.315,1,-102.5,467.205,22.714,-0.25,1000.0,RETURNING_TO_START,load_zone_23,dump_zone_23,0.00025,0.00067
634.0,2026-07-02T12:43:00.315,2,697.502,-177.695,20.1,0.0833,1000.0,RETURNING_TO_START,load_zone_26,dump_zone_3,0.00028,0.00075
634.0,2026-07-02T12:43:00.315,3,-129.086,447.498,23.105,-0.5,1000.0,RETURNING_TO_START,load_zone_23,dump_zone_22,0.00025,0.00067
635.0,2026-07-02T12:50:50.320,1,-102.5,473.578,23.464,0.25,1000.0,RETURNING_TO_START,load_zone_23,dump_zone_23,0.000306,0.00082
635.0,2026-07-02T12:50:50.320,2,697.48,-172.258,18.825,-0.5,1000.0,RETURNING_TO_START,load_zone_26,dump_zone_3,0.00025,0.00067
635.0,2026-07-02T12:50:50.320,3,-135.233,447.501,21.305,-0.5,1000.0,RETURNING_TO_START,load_zone_23,dump_zone_22,0.00025,0.00067
636.0,2026-07-02T12:50:54.350,1,-102.5,480.116,23.753,0.2407,1000.0,RETURNING_TO_START,load_zone_23,dump_zone_23,0.000306,0.00082
636.0,2026-07-02T12:50:54.350,2,697.5,-167.299,17.025,-0.5,1000.0,RETURNING_TO_START,load_zone_26,dump_zone_3,0.00025,0.00067
636.0,2026-07-02T12:50:54.350,3,-140.88,447.5,19.505,-0.5,1000.0,RETURNING_TO_START,load_zone_23,dump_zone_22,0.00025,0.00067
637.0,2026-07-02T12:50:56.981,1,-102.5,486.641,22.831,-0.5,1000.0,RETURNING_TO_START,load_zone_23,dump_zone_23,0.00025,0.00067
637.0,2026-07-02T12:50:56.981,2,697.501,-162.841,15.225,-0.5,1000.0,RETURNING_TO_START,load_zone_26,dump_zone_3,0.00025,0.00067
637.0,2026-07-02T12:50:56.981,3,-146.027,447.5,17.705,-0.5,1000.0,RETURNING_TO_START,load_zone_23,dump_zone_22,0.00025,0.00067
638.0,2026-07-02T12:50:59.553,1,-102.5,492.712,21.031,-0.5,1000.0,RETURNING_TO_START,load_zone_23,dump_zone_23,0.00025,0.00067
638.0,2026-07-02T12:50:59.553,2,697.5,-158.883,13.425,-0.5,1000.0,RETURNING_TO_START,load_zone_26,dump_zone_3,0.00025,0.00067
638.0,2026-07-02T12:50:59.553,3,-150.674,447.5,15.905,-0.5,1000.0,RETURNING_TO_START,load_zone_23,dump_zone_22,0.00025,0.00067
639.0,2026-07-02T12:51:02.158,1,-102.5,498.283,19.231,-0.5,1000.0,RETURNING_TO_START,load_zone_23,dump_zone_23,0.00025,0.00067
639.0,2026-07-02T12:51:02.158,2,697.5,-155.424,11.625,-0.5,1000.0,RETURNING_TO_START,load_zone_26,dump_zone_3,0.00025,0.00067
639.0,2026-07-02T12:51:02.158,3,-154.822,447.5,14.105,-0.5,1000.0,RETURNING_TO_START,load_zone_23,dump_zone_22,0.00025,0.00067
640.0,2026-07-02T12:51:06.294,1,-102.5,503.354,17.431,-0.5,1000.0,RETURNING_TO_START,load_zone_23,dump_zone_23,0.00025,0.00067
640.0,2026-07-02T12:51:06.294,2,697.506,-152.466,9.825,-0.5,1000.0,RETURNING_TO_START,load_zone_26,dump_zone_3,0.00025,0.00067
640.0,2026-07-02T12:51:06.294,3,-158.43,447.113,12.305,-0.5,1000.0,RETURNING_TO_START,load_zone_23,dump_zone_22,0.00025,0.00067
641.0,2026-07-02T12:51:09.999,1,-102.5,507.925,15.631,-0.5,1000.0,RETURNING_TO_START,load_zone_23,dump_zone_23,0.00025,0.00067
641.0,2026-07-02T12:51:09.999,2,697.107,-150.055,8.15,-0.4167,1000.0,RETURNING_TO_START,load_zone_26,dump_zone_3,0.00025,0.00067
641.0,2026-07-02T12:51:09.999,3,-161.325,445.885,10.505,-0.5,1000.0,RETURNING_TO_START,load_zone_23,dump_zone_22,0.00025,0.00067
642.0,2026-07-02T12:51:12.766,1,-102.5,511.996,13.831,-0.5,1000.0,RETURNING_TO_START,load_zone_23,dump_zone_23,0.00025,0.00067
642.0,2026-07-02T12:51:12.766,2,695.709,-148.311,8.6,0.5833,1000.0,RETURNING_TO_START,load_zone_26,dump_zone_3,0.000286,0.000766
642.0,2026-07-02T12:51:12.766,3,-163.939,445.514,8.705,-0.5,1000.0,RETURNING_TO_START,load_zone_23,dump_zone_22,0.00025,0.00067
643.0,2026-07-02T12:51:15.208,1,-102.5,515.567,12.031,-0.5,1000.0,RETURNING_TO_START,load_zone_23,dump_zone_23,0.00025,0.00067
643.0,2026-07-02T12:51:15.208,2,693.553,-146.422,11.95,1.0,1000.0,RETURNING_TO_START,load_zone_26,dump_zone_3,0.000327,0.000876
643.0,2026-07-02T12:51:15.208,3,-166.086,445.477,6.905,-0.5,1000.0,RETURNING_TO_START,load_zone_23,dump_zone_22,0.00025,0.00067
644.0,2026-07-02T12:51:17.681,1,-102.5,518.638,10.231,-0.5,1000.0,RETURNING_TO_START,load_zone_23,dump_zone_23,0.00025,0.00067
644.0,2026-07-02T12:51:17.681,2,690.632,-143.898,15.55,1.0,1000.0,RETURNING_TO_START,load_zone_26,dump_zone_3,0.00035,0.000938
644.0,2026-07-02T12:51:17.681,3,-167.752,445.503,5.43,-0.25,1000.0,RETURNING_TO_START,load_zone_23,dump_zone_22,0.00025,0.00067
645.0,2026-07-02T12:51:19.817,1,-102.059,521.139,8.431,-0.5,1000.0,RETURNING_TO_START,load_zone_23,dump_zone_23,0.00025,0.00067
645.0,2026-07-02T12:51:19.817,2,687.076,-140.585,19.15,1.0,1000.0,RETURNING_TO_START,load_zone_26,dump_zone_3,0.000373,0.001
645.0,2026-07-02T12:51:19.817,3,-169.04,445.661,4.233,-0.2469,1000.0,RETURNING_TO_START,load_zone_23,dump_zone_22,0.00025,0.00067
646.0,2026-07-02T12:51:21.685,1,-100.696,522.668,6.631,-0.5,1000.0,RETURNING_TO_START,load_zone_23,dump_zone_23,0.00025,0.00067
646.0,2026-07-02T12:51:21.685,2,682.928,-136.467,22.447,0.643,1000.0,RETURNING_TO_START,load_zone_26,dump_zone_3,0.000351,0.000941
646.0,2026-07-02T12:51:21.685,3,-169.924,446.002,2.651,-0.5,1000.0,UNLOADING,load_zone_23,dump_zone_22,0.00025,0.00067
647.0,2026-07-02T12:51:23.236,1,-99.253,523.265,4.831,-0.5,1000.0,RETURNING_TO_START,load_zone_23,dump_zone_23,0.00025,0.00067
647.0,2026-07-02T12:51:23.236,2,678.24,-131.776,24.877,0.3556,1000.0,RETURNING_TO_START,load_zone_26,dump_zone_3,0.000324,0.000868
647.0,2026-07-02T12:51:23.236,3,-170.323,446.242,0.851,-0.5,1000.0,UNLOADING,load_zone_23,dump_zone_22,0.00025,0.00067
648.0,2026-07-02T12:51:24.636,1,-98.187,523.337,3.031,-0.5,1000.0,UNLOADING,load_zone_23,dump_zone_23,0.00025,0.00067
648.0,2026-07-02T12:51:24.636,2,673.366,-126.901,24.268,-0.5,1000.0,RETURNING_TO_START,load_zone_26,dump_zone_3,0.00025,0.00067
648.0,2026-07-02T12:51:24.636,3,-170.364,446.27,0.075,0.1667,1000.0,UNLOADING,load_zone_23,dump_zone_22,0.00025,0.00067
649.0,2026-07-02T12:51:25.737,1,-97.617,523.306,1.231,-0.5,1000.0,UNLOADING,load_zone_23,dump_zone_23,0.00025,0.00067
649.0,2026-07-02T12:51:25.737,2,668.79,-122.326,22.468,-0.5,1000.0,RETURNING_TO_START,load_zone_26,dump_zone_3,0.00025,0.00067
649.0,2026-07-02T12:51:25.737,3,-171.032,446.876,7.2,0.0,0.0,TURNING_AROUND,dump_zone_22,load_zone_23,0.000255,0.000683
650.0,2026-07-02T12:51:27.068,1,-97.514,523.304,0.0,-0.5,1000.0,UNLOADING,load_zone_23,dump_zone_23,0.00025,0.00067
650.0,2026-07-02T12:51:27.068,2,664.569,-118.104,20.668,-0.5,1000.0,RETURNING_TO_START,load_zone_26,dump_zone_3,0.00025,0.00067
650.0,2026-07-02T12:51:27.068,3,-171.927,448.641,7.2,0.0,0.0,TURNING_AROUND,dump_zone_22,load_zone_23,0.000255,0.000683
651.0,2026-07-02T12:51:28.701,1,-97.182,523.282,7.2,0.0,0.0,TURNING_AROUND,dump_zone_23,load_zone_23,0.000255,0.000683
651.0,2026-07-02T12:51:28.701,2,660.7,-114.236,18.868,-0.5,1000.0,RETURNING_TO_START,load_zone_26,dump_zone_3,0.00025,0.00067
651.0,2026-07-02T12:51:28.701,3,-172.005,447.725,5.4,0.0,0.0,TURNING_AROUND,dump_zone_22,load_zone_23,0.000253,0.000678
652.0,2026-07-02T12:51:29.041,1,-95.328,522.589,7.2,0.0,0.0,TURNING_AROUND,dump_zone_23,load_zone_23,0.000255,0.000683
652.0,2026-07-02T12:51:29.041,2,657.186,-110.721,17.068,-0.5,1000.0,RETURNING_TO_START,load_zone_26,dump_zone_3,0.00025,0.00067
652.0,2026-07-02T12:51:29.041,3,-171.338,448.971,7.2,0.0,0.0,TURNING_AROUND,dump_zone_22,load_zone_23,0.000255,0.000683
653.0,2026-07-02T12:51:29.600,1,-95.227,522.74,5.4,0.0,0.0,TURNING_AROUND,dump_zone_23,load_zone_23,0.000253,0.000678
653.0,2026-07-02T12:51:29.600,2,654.025,-107.56,15.268,-0.5,1000.0,RETURNING_TO_START,load_zone_26,dump_zone_3,0.00025,0.00067
653.0,2026-07-02T12:51:29.600,3,-170.553,449.783,5.4,0.0,0.0,TURNING_AROUND,dump_zone_22,load_zone_23,0.000253,0.000678
654.0,2026-07-02T12:51:30.546,1,-95.311,522.662,0.0,-0.3333,0.0,GOING_TO_ENDPOINT,dump_zone_23,load_zone_23,0.00025,0.00067
654.0,2026-07-02T12:51:30.546,2,651.217,-104.753,13.468,-0.5,1000.0,RETURNING_TO_START,load_zone_26,dump_zone_3,0.00025,0.00067
654.0,2026-07-02T12:51:30.546,3,-171.359,449.491,0.35,0.4167,0.0,GOING_TO_ENDPOINT,dump_zone_22,load_zone_23,0.000251,0.000673
655.0,2026-07-02T12:51:32.282,1,-95.311,522.593,0.9,0.6667,0.0,GOING_TO_ENDPOINT,dump_zone_23,load_zone_23,0.000253,0.000678
655.0,2026-07-02T12:51:32.282,2,648.679,-102.398,11.693,-0.4167,1000.0,RETURNING_TO_START,load_zone_26,dump_zone_3,0.00025,0.00067
655.0,2026-07-02T12:51:32.282,3,-170.846,449.496,3.425,1.0,0.0,GOING_TO_ENDPOINT,dump_zone_22,load_zone_23,0.000263,0.000705
656.0,2026-07-02T12:51:34.135,1,-95.334,521.841,4.35,1.0,0.0,GOING_TO_ENDPOINT,dump_zone_23,load_zone_23,0.000267,0.000716
656.0,2026-07-02T12:51:34.135,2,645.548,-101.799,12.143,0.5833,1000.0,RETURNING_TO_START,load_zone_26,dump_zone_3,0.000301,0.000807
656.0,2026-07-02T12:51:34.135,3,-169.371,449.703,7.025,1.0,0.0,GOING_TO_ENDPOINT,dump_zone_22,load_zone_23,0.000277,0.000742
657.0,2026-07-02T12:51:36.142,1,-95.602,520.113,7.95,1.0,0.0,GOING_TO_ENDPOINT,dump_zone_23,load_zone_23,0.000281,0.000753
657.0,2026-07-02T12:51:36.142,2,641.711,-102.119,15.493,1.0,1000.0,RETURNING_TO_START,load_zone_26,dump_zone_3,0.00035,0.000938
657.0,2026-07-02T12:51:36.142,3,-166.992,450.447,10.625,1.0,0.0,GOING_TO_ENDPOINT,dump_zone_22,load_zone_23,0.000291,0.00078
658.0,2026-07-02T12:51:38.207,1,-96.165,517.422,11.55,1.0,0.0,GOING_TO_ENDPOINT,dump_zone_23,load_zone_23,0.000295,0.000791
658.0,2026-07-02T12:51:38.207,2,636.876,-102.428,19.093,1.0,1000.0,RETURNING_TO_START,load_zone_26,dump_zone_3,0.000373,0.001
658.0,2026-07-02T12:51:38.207,3,-163.607,451.31,14.225,1.0,0.0,GOING_TO_ENDPOINT,dump_zone_22,load_zone_23,0.000305,0.000817
659.0,2026-07-02T12:51:40.217,1,-96.762,513.721,15.15,1.0,0.0,GOING_TO_ENDPOINT,dump_zone_23,load_zone_23,0.000309,0.000828
659.0,2026-07-02T12:51:40.217,2,631.197,-102.503,21.043,0.0833,1000.0,RETURNING_TO_START,load_zone_26,dump_zone_3,0.000282,0.000756
659.0,2026-07-02T12:51:40.217,3,-159.179,452.053,17.825,1.0,0.0,GOING_TO_ENDPOINT,dump_zone_22,load_zone_23,0.000319,0.000855
660.0,2026-07-02T12:51:41.598,1,-97.292,509.001,18.75,1.0,0.0,GOING_TO_ENDPOINT,dump_zone_23,load_zone_23,0.000323,0.000866
660.0,2026-07-02T12:51:41.598,2,625.497,-102.501,19.768,-0.5,1000.0,RETURNING_TO_START,load_zone_26,dump_zone_3,0.00025,0.00067
660.0,2026-07-02T12:51:41.598,3,-153.703,452.473,21.425,1.0,0.0,GOING_TO_ENDPOINT,dump_zone_22,load_zone_23,0.000333,0.000892
661.0,2026-07-02T12:51:43.751,1,-97.512,503.256,22.35,1.0,0.0,GOING_TO_ENDPOINT,dump_zone_23,load_zone_23,0.000336,0.0009
661.0,2026-07-02T12:51:43.751,2,620.276,-102.5,17.968,-0.5,1000.0,RETURNING_TO_START,load_zone_26,dump_zone_3,0.00025,0.00067
661.0,2026-07-02T12:51:43.751,3,-147.211,452.514,25.025,1.0,0.0,GOING_TO_ENDPOINT,dump_zone_22,load_zone_23,0.000347,0.00093
662.0,2026-07-02T12:51:46.216,1,-97.505,496.506,25.95,1.0,0.0,GOING_TO_ENDPOINT,dump_zone_23,load_zone_23,0.00035,0.000938
662.0,2026-07-02T12:51:46.216,2,615.556,-102.5,16.168,-0.5,1000.0,RETURNING_TO_START,load_zone_26,dump_zone_3,0.00025,0.00067
662.0,2026-07-02T12:51:46.216,3,-139.874,452.499,27.065,0.1209,0.0,GOING_TO_ENDPOINT,dump_zone_22,load_zone_23,0.000278,0.000745
663.0,2026-07-02T12:51:48.601,1,-97.5,488.852,28.425,0.25,0.0,GOING_TO_ENDPOINT,dump_zone_23,load_zone_23,0.000291,0.00078
663.0,2026-07-02T12:51:48.601,2,611.336,-102.5,14.368,-0.5,1000.0,RETURNING_TO_START,load_zone_26,dump_zone_3,0.00025,0.00067
663.0,2026-07-02T12:51:48.601,3,-132.485,452.5,25.869,-0.5,0.0,GOING_TO_ENDPOINT,dump_zone_22,load_zone_23,0.00025,0.00067
664.0,2026-07-02T12:51:50.872,1,-97.5,481.002,27.825,-0.4167,0.0,GOING_TO_ENDPOINT,dump_zone_23,load_zone_23,0.00025,0.00067
664.0,2026-07-02T12:51:50.872,2,607.615,-102.5,12.568,-0.5,1000.0,RETURNING_TO_START,load_zone_26,dump_zone_3,0.00025,0.00067
664.0,2026-07-02T12:51:50.872,3,-125.57,452.5,24.069,-0.5,0.0,GOING_TO_ENDPOINT,dump_zone_22,load_zone_23,0.00025,0.00067
665.0,2026-07-02T12:51:53.200,1,-97.5,473.471,26.892,0.1153,0.0,GOING_TO_ENDPOINT,dump_zone_23,load_zone_23,0.000277,0.000742
665.0,2026-07-02T12:51:53.200,2,604.395,-102.5,10.768,-0.5,1000.0,RETURNING_TO_START,load_zone_26,dump_zone_3,0.00025,0.00067
665.0,2026-07-02T12:51:53.200,3,-119.155,452.5,22.269,-0.5,0.0,GOING_TO_ENDPOINT,dump_zone_22,load_zone_23,0.00025,0.00067
666.0,2026-07-02T12:51:55.305,1,-97.5,465.918,27.027,-0.3521,0.0,GOING_TO_ENDPOINT,dump_zone_23,load_zone_23,0.00025,0.00067
666.0,2026-07-02T12:51:55.305,2,601.675,-102.474,8.968,-0.5,1000.0,RETURNING_TO_START,load_zone_26,dump_zone_3,0.00025,0.00067
666.0,2026-07-02T12:51:55.305,3,-113.239,452.501,20.469,-0.5,0.0,GOING_TO_ENDPOINT,dump_zone_22,load_zone_23,0.00025,0.00067
667.0,2026-07-02T12:51:58.828,1,-97.5,458.481,27.109,0.4812,0.0,GOING_TO_ENDPOINT,dump_zone_23,load_zone_23,0.000309,0.000828
667.0,2026-07-02T12:51:58.828,2,599.509,-101.882,7.868,0.0833,1000.0,RETURNING_TO_START,load_zone_26,dump_zone_3,0.000262,0.000702
667.0,2026-07-02T12:51:58.828,3,-107.825,452.539,18.669,-0.5,0.0,GOING_TO_ENDPOINT,dump_zone_22,load_zone_23,0.00025,0.00067
668.0,2026-07-02T12:52:02.222,1,-97.5,450.684,28.706,0.1666,0.0,GOING_TO_ENDPOINT,dump_zone_23,load_zone_23,0.000284,0.000761
668.0,2026-07-02T12:52:02.222,2,597.95,-100.176,8.718,-0.0833,1000.0,RETURNING_TO_START,load_zone_26,dump_zone_3,0.000255,0.000683
668.0,2026-07-02T12:52:02.222,3,-102.927,452.384,16.869,-0.5,0.0,GOING_TO_ENDPOINT,dump_zone_22,load_zone_23,0.00025,0.00067
669.0,2026-07-02T12:52:05.240,1,-99.586,443.285,27.605,-0.5,0.0,GOING_TO_ENDPOINT,dump_zone_23,load_zone_23,0.00025,0.00067
669.0,2026-07-02T12:52:05.240,2,597.453,-98.034,7.193,-0.4167,1000.0,RETURNING_TO_START,load_zone_26,dump_zone_3,0.00025,0.00067
669.0,2026-07-02T12:52:05.240,3,-98.99,450.414,15.069,-0.5,0.0,GOING_TO_ENDPOINT,dump_zone_22,load_zone_23,0.00025,0.00067
670.0,2026-07-02T12:52:07.386,1,-97.816,436.123,26.505,0.0833,0.0,GOING_TO_ENDPOINT,dump_zone_23,load_zone_23,0.000274,0.000734
670.0,2026-07-02T12:52:07.386,2,597.385,-96.052,7.643,0.5833,1000.0,RETURNING_TO_START,load_zone_26,dump_zone_3,0.000282,0.000756
670.0,2026-07-02T12:52:07.386,3,-97.196,447.088,13.419,-0.25,0.0,GOING_TO_ENDPOINT,dump_zone_22,load_zone_23,0.00025,0.00067
671.0,2026-07-02T12:52:08.990,1,-97.49,428.602,27.66,0.384,0.0,GOING_TO_ENDPOINT,dump_zone_23,load_zone_23,0.000302,0.000809
671.0,2026-07-02T12:52:08.990,2,597.411,-93.451,10.993,1.0,1000.0,RETURNING_TO_START,load_zone_26,dump_zone_3,0.000321,0.00086
671.0,2026-07-02T12:52:08.990,3,-97.194,443.288,14.469,0.75,0.0,GOING_TO_ENDPOINT,dump_zone_22,load_zone_23,0.000294,0.000788
672.0,2026-07-02T12:52:10.581,1,-97.5,420.747,28.385,-0.1308,0.0,GOING_TO_ENDPOINT,dump_zone_23,load_zone_23,0.000256,0.000686
672.0,2026-07-02T12:52:10.581,2,597.467,-89.856,14.593,1.0,1000.0,RETURNING_TO_START,load_zone_26,dump_zone_3,0.000344,0.000922
672.0,2026-07-02T12:52:10.581,3,-97.396,438.751,17.994,1.0,0.0,GOING_TO_ENDPOINT,dump_zone_22,load_zone_23,0.00032,0.000858
673.0,2026-07-02T12:52:12.702,1,-97.5,412.951,27.734,-0.324,0.0,GOING_TO_ENDPOINT,dump_zone_23,load_zone_23,0.00025,0.00067
673.0,2026-07-02T12:52:12.702,2,597.501,-85.261,18.193,1.0,1000.0,RETURNING_TO_START,load_zone_26,dump_zone_3,0.000367,0.000984
673.0,2026-07-02T12:52:12.702,3,-97.499,433.213,21.594,1.0,0.0,GOING_TO_ENDPOINT,dump_zone_22,load_zone_23,0.000334,0.000895
674.0,2026-07-02T12:52:15.270,1,-97.5,405.343,27.167,-0.324,0.0,GOING_TO_ENDPOINT,dump_zone_23,load_zone_23,0.00025,0.00067
674.0,2026-07-02T12:52:15.270,2,597.501,-79.67,21.693,0.9167,1000.0,RETURNING_TO_START,load_zone_26,dump_zone_3,0.00038,0.001018
674.0,2026-07-02T12:52:15.270,3,-97.502,426.673,25.194,1.0,0.0,GOING_TO_ENDPOINT,dump_zone_22,load_zone_23,0.000347,0.00093
675.0,2026-07-02T12:52:17.883,1,-97.5,397.87,27.131,0.3874,0.0,GOING_TO_ENDPOINT,dump_zone_23,load_zone_23,0.000301,0.000807
675.0,2026-07-02T12:52:17.883,2,597.5,-73.268,23.643,0.0833,1000.0,RETURNING_TO_START,load_zone_26,dump_zone_3,0.000286,0.000766
675.0,2026-07-02T12:52:17.883,3,-97.5,419.181,28.094,0.4167,0.0,GOING_TO_ENDPOINT,dump_zone_22,load_zone_23,0.000306,0.00082
676.0,2026-07-02T12:52:20.372,1,-97.5,390.146,27.902,-0.218,0.0,GOING_TO_ENDPOINT,dump_zone_23,load_zone_23,0.00025,0.00067
676.0,2026-07-02T12:52:20.372,2,597.5,-66.784,22.925,-0.3955,1000.0,RETURNING_TO_START,load_zone_26,dump_zone_3,0.00025,0.00067
676.0,2026-07-02T12:52:20.372,3,-97.5,411.361,27.671,-0.5,0.0,GOING_TO_ENDPOINT,dump_zone_22,load_zone_23,0.00025,0.00067
677.0,2026-07-02T12:52:23.175,1,-97.5,382.534,27.368,0.1153,0.0,GOING_TO_ENDPOINT,dump_zone_23,load_zone_23,0.000278,0.000745
677.0,2026-07-02T12:52:23.175,2,597.5,-60.618,21.807,-0.0833,1000.0,RETURNING_TO_START,load_zone_26,dump_zone_3,0.000263,0.000705
677.0,2026-07-02T12:52:23.175,3,-97.5,403.883,26.564,0.0239,0.0,GOING_TO_ENDPOINT,dump_zone_22,load_zone_23,0.000269,0.000721
678.0,2026-07-02T12:52:25.769,1,-97.5,374.818,28.183,0.1153,0.0,GOING_TO_ENDPOINT,dump_zone_23,load_zone_23,0.000278,0.000745
678.0,2026-07-02T12:52:25.769,2,597.5,-54.407,23.157,0.4167,1000.0,RETURNING_TO_START,load_zone_26,dump_zone_3,0.000326,0.000874
678.0,2026-07-02T12:52:25.769,3,-97.5,396.376,27.25,0.0239,0.0,GOING_TO_ENDPOINT,dump_zone_22,load_zone_23,0.000269,0.000721
679.0,2026-07-02T12:52:28.157,1,-97.5,367.052,27.748,-0.218,0.0,GOING_TO_ENDPOINT,dump_zone_23,load_zone_23,0.00025,0.00067
679.0,2026-07-02T12:52:28.157,2,597.5,-47.931,23.157,-0.25,1000.0,RETURNING_TO_START,load_zone_26,dump_zone_3,0.00025,0.00067
679.0,2026-07-02T12:52:28.157,3,-97.5,388.874,26.736,0.0239,0.0,GOING_TO_ENDPOINT,dump_zone_22,load_zone_23,0.000269,0.000721
680.0,2026-07-02T12:52:30.515,1,-97.5,359.587,26.052,-0.5,0.0,GOING_TO_ENDPOINT,dump_zone_23,load_zone_23,0.00025,0.00067
680.0,2026-07-02T12:52:30.515,2,597.5,-41.662,22.366,0.0104,1000.0,RETURNING_TO_START,load_zone_26,dump_zone_3,0.000275,0.000737
680.0,2026-07-02T12:52:30.515,3,-97.5,381.403,26.822,0.0239,0.0,GOING_TO_ENDPOINT,dump_zone_22,load_zone_23,0.000269,0.000721
681.0,2026-07-02T12:52:33.171,1,-97.5,352.621,24.252,-0.5,0.0,GOING_TO_ENDPOINT,dump_zone_23,load_zone_23,0.00025,0.00067
681.0,2026-07-02T12:52:33.171,2,597.5,-35.422,22.691,0.323,1000.0,RETURNING_TO_START,load_zone_26,dump_zone_3,0.000313,0.000839
681.0,2026-07-02T12:52:33.171,3,-97.5,373.793,28.047,0.4057,0.0,GOING_TO_ENDPOINT,dump_zone_22,load_zone_23,0.000305,0.000817
682.0,2026-07-02T12:52:35.185,1,-97.5,346.156,22.452,-0.5,0.0,GOING_TO_ENDPOINT,dump_zone_23,load_zone_23,0.00025,0.00067
682.0,2026-07-02T12:52:35.185,2,597.5,-28.94,23.604,0.1091,1000.0,RETURNING_TO_START,load_zone_26,dump_zone_3,0.000289,0.000775
682.0,2026-07-02T12:52:35.185,3,-97.5,365.891,28.508,-0.1777,0.0,GOING_TO_ENDPOINT,dump_zone_22,load_zone_23,0.000252,0.000675
683.0,2026-07-02T12:52:36.837,1,-97.5,340.19,20.652,-0.5,0.0,GOING_TO_ENDPOINT,dump_zone_23,load_zone_23,0.00025,0.00067
683.0,2026-07-02T12:52:36.837,2,597.5,-22.45,23.097,0.0257,1000.0,RETURNING_TO_START,load_zone_26,dump_zone_3,0.000278,0.000745
683.0,2026-07-02T12:52:36.837,3,-97.5,358.206,26.848,-0.5,0.0,GOING_TO_ENDPOINT,dump_zone_22,load_zone_23,0.00025,0.00067
684.0,2026-07-02T12:52:38.116,1,-97.5,334.724,18.852,-0.5,0.0,GOING_TO_ENDPOINT,dump_zone_23,load_zone_23,0.00025,0.00067
684.0,2026-07-02T12:52:38.116,2,597.5,-15.98,23.312,0.0189,1000.0,RETURNING_TO_START,load_zone_26,dump_zone_3,0.000277,0.000742
684.0,2026-07-02T12:52:38.116,3,-97.5,351.019,25.048,-0.5,0.0,GOING_TO_ENDPOINT,dump_zone_22,load_zone_23,0.00025,0.00067
685.0,2026-07-02T12:52:40.063,1,-97.687,329.777,17.052,-0.5,0.0,GOING_TO_ENDPOINT,dump_zone_23,load_zone_23,0.00025,0.00067
685.0,2026-07-02T12:52:40.063,2,597.5,-9.574,22.781,0.0189,1000.0,RETURNING_TO_START,load_zone_26,dump_zone_3,0.000276,0.00074
685.0,2026-07-02T12:52:40.063,3,-97.5,344.332,23.248,-0.5,0.0,GOING_TO_ENDPOINT,dump_zone_22,load_zone_23,0.00025,0.00067
686.0,2026-07-02T12:52:42.269,1,-100.909,327.019,15.252,-0.5,0.0,GOING_TO_ENDPOINT,dump_zone_23,load_zone_23,0.00025,0.00067
686.0,2026-07-02T12:52:42.269,2,597.5,-3.159,23.199,-0.1477,1000.0,RETURNING_TO_START,load_zone_26,dump_zone_3,0.000256,0.000686
686.0,2026-07-02T12:52:42.269,3,-97.5,338.146,21.448,-0.5,0.0,GOING_TO_ENDPOINT,dump_zone_22,load_zone_23,0.00025,0.00067
687.0,2026-07-02T12:52:44.526,1,-104.498,328.292,13.452,-0.5,0.0,GOING_TO_ENDPOINT,dump_zone_23,load_zone_23,0.00025,0.00067
687.0,2026-07-02T12:52:44.526,2,597.5,3.15,22.144,-0.25,1000.0,RETURNING_TO_START,load_zone_26,dump_zone_3,0.00025,0.00067
687.0,2026-07-02T12:52:44.526,3,-97.5,332.459,19.648,-0.5,0.0,GOING_TO_ENDPOINT,dump_zone_22,load_zone_23,0.00025,0.00067
688.0,2026-07-02T12:52:46.394,1,-105.509,331.496,11.652,-0.5,0.0,GOING_TO_ENDPOINT,dump_zone_23,load_zone_23,0.00025,0.00067
688.0,2026-07-02T12:52:46.394,2,597.5,9.368,22.972,0.3639,1000.0,RETURNING_TO_START,load_zone_26,dump_zone_3,0.000319,0.000855
688.0,2026-07-02T12:52:46.394,3,-98.057,327.371,17.848,-0.5,0.0,GOING_TO_ENDPOINT,dump_zone_22,load_zone_23,0.00025,0.00067
689.0,2026-07-02T12:52:49.080,1,-104.099,334.081,10.552,0.0833,0.0,GOING_TO_ENDPOINT,dump_zone_23,load_zone_23,0.00026,0.000697
689.0,2026-07-02T12:52:49.080,2,597.5,15.775,22.786,-0.1466,1000.0,RETURNING_TO_START,load_zone_26,dump_zone_3,0.000256,0.000686
689.0,2026-07-02T12:52:49.080,3,-102.036,325.429,16.048,-0.5,0.0,GOING_TO_ENDPOINT,dump_zone_22,load_zone_23,0.00025,0.00067
690.0,2026-07-02T12:52:51.696,1,-101.13,334.979,12.777,1.0,0.0,GOING_TO_ENDPOINT,dump_zone_23,load_zone_23,0.000299,0.000801
690.0,2026-07-02T12:52:51.696,2,597.5,22.195,23.458,0.02,1000.0,RETURNING_TO_START,load_zone_26,dump_zone_3,0.000277,0.000742
690.0,2026-07-02T12:52:51.696,3,-105.221,327.851,14.248,-0.5,0.0,GOING_TO_ENDPOINT,dump_zone_22,load_zone_23,0.00025,0.00067
691.0,2026-07-02T12:52:54.308,1,-97.915,332.953,14.727,0.0833,0.0,GOING_TO_ENDPOINT,dump_zone_23,load_zone_23,0.000263,0.000705
691.0,2026-07-02T12:52:54.308,2,597.5,28.605,22.857,-0.0893,1000.0,RETURNING_TO_START,load_zone_26,dump_zone_3,0.000263,0.000705
691.0,2026-07-02T12:52:54.308,3,-105.012,331.405,12.448,-0.5,0.0,GOING_TO_ENDPOINT,dump_zone_22,load_zone_23,0.00025,0.00067
692.0,2026-07-02T12:52:57.237,1,-97.703,329.169,13.452,-0.5,0.0,GOING_TO_ENDPOINT,dump_zone_23,load_zone_23,0.00025,0.00067
692.0,2026-07-02T12:52:57.237,2,597.5,34.943,22.777,-0.1064,1000.0,RETURNING_TO_START,load_zone_26,dump_zone_3,0.000261,0.000699
692.0,2026-07-02T12:52:57.237,3,-102.392,333.337,12.298,0.4167,0.0,GOING_TO_ENDPOINT,dump_zone_22,load_zone_23,0.000274,0.000734
693.0,2026-07-02T12:52:59.728,1,-100.262,326.991,11.652,-0.5,0.0,GOING_TO_ENDPOINT,dump_zone_23,load_zone_23,0.00025,0.00067
693.0,2026-07-02T12:52:59.728,2,597.5,41.188,22.302,-0.242,1000.0,RETURNING_TO_START,load_zone_26,dump_zone_3,0.00025,0.00067
693.0,2026-07-02T12:52:59.728,3,-98.886,332.424,14.348,0.25,0.0,GOING_TO_ENDPOINT,dump_zone_22,load_zone_23,0.000271,0.000726
694.0,2026-07-02T12:53:01.802,1,-103.149,327.263,9.852,-0.5,0.0,GOING_TO_ENDPOINT,dump_zone_23,load_zone_23,0.00025,0.00067
694.0,2026-07-02T12:53:01.802,2,597.5,47.389,22.851,0.4579,1000.0,RETURNING_TO_START,load_zone_26,dump_zone_3,0.000331,0.000887
694.0,2026-07-02T12:53:01.802,3,-96.922,329.159,13.448,-0.5,0.0,GOING_TO_ENDPOINT,dump_zone_22,load_zone_23,0.00025,0.00067
695.0,2026-07-02T12:53:03.654,1,-104.895,328.95,8.052,-0.5,0.0,GOING_TO_ENDPOINT,dump_zone_23,load_zone_23,0.00025,0.00067
695.0,2026-07-02T12:53:03.654,2,597.5,53.891,23.753,0.3375,1000.0,RETURNING_TO_START,load_zone_26,dump_zone_3,0.000318,0.000852
695.0,2026-07-02T12:53:03.654,3,-98.035,325.989,11.648,-0.5,0.0,GOING_TO_ENDPOINT,dump_zone_22,load_zone_23,0.00025,0.00067
696.0,2026-07-02T12:53:05.275,1,-105.384,330.834,6.252,-0.5,0.0,GOING_TO_ENDPOINT,dump_zone_23,load_zone_23,0.00025,0.00067
696.0,2026-07-02T12:53:05.275,2,597.5,60.588,23.897,-0.4035,1000.0,RETURNING_TO_START,load_zone_26,dump_zone_3,0.00025,0.00067
696.0,2026-07-02T12:53:05.275,3,-100.665,324.77,9.848,-0.5,0.0,GOING_TO_ENDPOINT,dump_zone_22,load_zone_23,0.00025,0.00067
697.0,2026-07-02T12:53:07.715,1,-105.102,332.36,5.577,0.25,0.0,GOING_TO_ENDPOINT,dump_zone_23,load_zone_23,0.000258,0.000691
697.0,2026-07-02T12:53:07.715,2,597.5,66.994,22.551,-0.25,1000.0,RETURNING_TO_START,load_zone_26,dump_zone_3,0.00025,0.00067
697.0,2026-07-02T12:53:07.715,3,-103.022,325.345,8.048,-0.5,0.0,GOING_TO_ENDPOINT,dump_zone_22,load_zone_23,0.00025,0.00067
698.0,2026-07-02T12:53:10.005,1,-104.018,333.885,8.277,1.0,0.0,GOING_TO_ENDPOINT,dump_zone_23,load_zone_23,0.000282,0.000756
698.0,2026-07-02T12:53:10.005,2,597.5,73.323,23.339,0.3755,1000.0,RETURNING_TO_START,load_zone_26,dump_zone_3,0.000322,0.000863
698.0,2026-07-02T12:53:10.005,3,-104.394,326.725,6.248,-0.5,0.0,GOING_TO_ENDPOINT,dump_zone_22,load_zone_23,0.00025,0.00067
699.0,2026-07-02T12:53:12.160,1,-101.408,334.842,11.877,1.0,0.0,GOING_TO_ENDPOINT,dump_zone_23,load_zone_23,0.000296,0.000793
699.0,2026-07-02T12:53:12.160,2,597.5,80.022,24.981,0.4545,1000.0,RETURNING_TO_START,load_zone_26,dump_zone_3,0.000338,0.000906
699.0,2026-07-02T12:53:12.160,3,-104.92,328.183,5.573,0.25,0.0,GOING_TO_ENDPOINT,dump_zone_22,load_zone_23,0.000258,0.000691
700.0,2026-07-02T12:53:14.447,1,-98.209,333.172,14.352,0.25,0.0,GOING_TO_ENDPOINT,dump_zone_23,load_zone_23,0.000271,0.000726
700.0,2026-07-02T12:53:14.447,2,597.5,86.997,24.681,-0.5,1000.0,RETURNING_TO_START,load_zone_26,dump_zone_3,0.00025,0.00067
700.0,2026-07-02T12:53:14.447,3,-104.757,330.042,8.173,0.9167,0.0,GOING_TO_ENDPOINT,dump_zone_22,load_zone_23,0.000279,0.000748
701.0,2026-07-02T12:53:17.196,1,-97.722,329.439,13.452,-0.5,0.0,GOING_TO_ENDPOINT,dump_zone_23,load_zone_23,0.00025,0.00067
701.0,2026-07-02T12:53:17.196,2,597.5,93.607,23.114,-0.3279,1000.0,RETURNING_TO_START,load_zone_26,dump_zone_3,0.00025,0.00067
701.0,2026-07-02T12:53:17.196,3,-103.015,332.174,11.773,1.0,0.0,GOING_TO_ENDPOINT,dump_zone_22,load_zone_23,0.000296,0.000793
702.0,2026-07-02T12:53:19.832,1,-100.106,327.071,11.652,-0.5,0.0,GOING_TO_ENDPOINT,dump_zone_23,load_zone_23,0.00025,0.00067
702.0,2026-07-02T12:53:19.832,2,597.5,100.049,23.594,0.2054,1000.0,RETURNING_TO_START,load_zone_26,dump_zone_3,0.000301,0.000807
702.0,2026-07-02T12:53:19.832,3,-99.383,332.364,14.842,0.5093,0.0,GOING_TO_ENDPOINT,dump_zone_22,load_zone_23,0.000284,0.000761
703.0,2026-07-02T12:53:21.887,1,-103.005,327.12,9.852,-0.5,0.0,GOING_TO_ENDPOINT,dump_zone_23,load_zone_23,0.00025,0.00067
703.0,2026-07-02T12:53:21.887,2,597.5,106.699,24.183,-0.0446,1000.0,RETURNING_TO_START,load_zone_26,dump_zone_3,0.00027,0.000724
703.0,2026-07-02T12:53:21.887,3,-96.769,329.285,14.726,-0.4907,0.0,GOING_TO_ENDPOINT,dump_zone_22,load_zone_23,0.00025,0.00067
704.0,2026-07-02T12:53:23.699,1,-104.876,328.667,8.052,-0.5,0.0,GOING_TO_ENDPOINT,dump_zone_23,load_zone_23,0.00025,0.00067
704.0,2026-07-02T12:53:23.699,2,597.5,113.249,22.977,-0.287,1000.0,RETURNING_TO_START,load_zone_26,dump_zone_3,0.00025,0.00067
704.0,2026-07-02T12:53:23.699,3,-97.739,325.737,12.926,-0.5,0.0,GOING_TO_ENDPOINT,dump_zone_22,load_zone_23,0.00025,0.00067
705.0,2026-07-02T12:53:26.178,1,-105.509,330.507,6.252,-0.5,0.0,GOING_TO_ENDPOINT,dump_zone_23,load_zone_23,0.00025,0.00067
705.0,2026-07-02T12:53:26.178,2,597.5,119.658,23.398,0.1077,1000.0,RETURNING_TO_START,load_zone_26,dump_zone_3,0.000288,0.000772
705.0,2026-07-02T12:53:26.178,3,-100.691,324.432,11.126,-0.5,0.0,GOING_TO_ENDPOINT,dump_zone_22,load_zone_23,0.00025,0.00067
706.0,2026-07-02T12:53:29.592,1,-105.374,331.959,4.452,-0.5,0.0,GOING_TO_ENDPOINT,dump_zone_23,load_zone_23,0.00025,0.00067
706.0,2026-07-02T12:53:29.592,2,597.5,126.046,22.585,-0.059,1000.0,RETURNING_TO_START,load_zone_26,dump_zone_3,0.000267,0.000716
706.0,2026-07-02T12:53:29.592,3,-103.29,325.369,9.326,-0.5,0.0,GOING_TO_ENDPOINT,dump_zone_22,load_zone_23,0.00025,0.00067
707.0,2026-07-02T12:53:33.185,1,-105.006,332.85,2.652,-0.5,0.0,LOADING,dump_zone_23,load_zone_23,0.00025,0.00067
707.0,2026-07-02T12:53:33.185,2,597.5,132.331,22.677,0.1619,1000.0,RETURNING_TO_START,load_zone_26,dump_zone_3,0.000294,0.000788
707.0,2026-07-02T12:53:33.185,3,-104.56,327.282,7.57,-0.5,0.0,GOING_TO_ENDPOINT,dump_zone_22,load_zone_23,0.00025,0.00067
708.0,2026-07-02T12:53:36.975,1,-104.756,333.243,0.852,-0.5,0.0,LOADING,dump_zone_23,load_zone_23,0.00025,0.00067
708.0,2026-07-02T12:53:36.975,2,597.5,138.826,23.918,0.2695,1000.0,RETURNING_TO_START,load_zone_26,dump_zone_3,0.00031,0.000831
708.0,2026-07-02T12:53:36.975,3,-104.689,329.094,5.77,-0.5,0.0,GOING_TO_ENDPOINT,dump_zone_22,load_zone_23,0.00025,0.00067
709.0,2026-07-02T12:53:40.795,1,-104.727,333.283,0.075,0.1667,0.0,LOADING,dump_zone_23,load_zone_23,0.00025,0.00067
709.0,2026-07-02T12:53:40.795,2,597.5,145.482,23.845,-0.2278,1000.0,RETURNING_TO_START,load_zone_26,dump_zone_3,0.00025,0.00067
709.0,2026-07-02T12:53:40.795,3,-104.273,330.353,3.97,-0.5,0.0,GOING_TO_ENDPOINT,dump_zone_22,load_zone_23,0.00025,0.00067
710.0,2026-07-02T12:53:43.920,1,-104.27,334.059,7.2,0.0,1000.0,TURNING_AROUND,load_zone_23,dump_zone_22,0.000258,0.000691
710.0,2026-07-02T12:53:43.920,2,597.5,151.899,22.48,-0.3637,1000.0,RETURNING_TO_START,load_zone_26,dump_zone_3,0.00025,0.00067
710.0,2026-07-02T12:53:43.920,3,-103.908,331.1,2.17,-0.5,0.0,LOADING,dump_zone_22,load_zone_23,0.00025,0.00067
711.0,2026-07-02T12:53:47.143,1,-104.013,334.892,0.649,0.5686,1000.0,RETURNING_TO_START,load_zone_23,dump_zone_22,0.000253,0.000678
711.0,2026-07-02T12:53:47.143,2,597.5,157.909,20.87,-0.4717,1000.0,RETURNING_TO_START,load_zone_26,dump_zone_3,0.00025,0.00067
711.0,2026-07-02T12:53:47.143,3,-103.799,331.413,0.37,-0.5,0.0,LOADING,dump_zone_22,load_zone_23,0.00025,0.00067
712.0,2026-07-02T12:53:50.401,1,-104.001,335.412,2.552,0.1883,1000.0,RETURNING_TO_START,load_zone_23,dump_zone_22,0.000255,0.000683
712.0,2026-07-02T12:53:50.401,2,597.5,163.458,19.191,-0.4167,1000.0,RETURNING_TO_START,load_zone_26,dump_zone_3,0.00025,0.00067
712.0,2026-07-02T12:53:50.401,3,-103.797,331.42,0.0,-0.0086,0.0,LOADING,dump_zone_22,load_zone_23,0.00025,0.00067
713.0,2026-07-02T12:53:53.902,1,-103.947,336.066,2.037,-0.2118,1000.0,RETURNING_TO_START,load_zone_23,dump_zone_22,0.00025,0.00067
713.0,2026-07-02T12:53:53.902,2,597.5,168.538,17.466,-0.5,1000.0,RETURNING_TO_START,load_zone_26,dump_zone_3,0.00025,0.00067
713.0,2026-07-02T12:53:53.902,3,-103.755,331.611,0.498,0.4853,1000.0,RETURNING_TO_START,load_zone_23,dump_zone_23,0.000252,0.000675
714.0,2026-07-02T12:53:57.891,1,-103.894,336.528,1.407,-0.1553,1000.0,RETURNING_TO_START,load_zone_23,dump_zone_22,0.00025,0.00067
714.0,2026-07-02T12:53:57.891,2,597.5,173.119,15.666,-0.5,1000.0,RETURNING_TO_START,load_zone_26,dump_zone_3,0.00025,0.00067
714.0,2026-07-02T12:53:57.891,3,-103.754,331.802,0.3,-0.5,1000.0,RETURNING_TO_START,load_zone_23,dump_zone_23,0.00025,0.00067
715.0,2026-07-02T12:54:01.611,1,-103.857,336.833,0.848,-0.1553,1000.0,RETURNING_TO_START,load_zone_23,dump_zone_22,0.00025,0.00067
715.0,2026-07-02T12:54:01.611,2,597.5,177.2,13.866,-0.5,1000.0,RETURNING_TO_START,load_zone_26,dump_zone_3,0.00025,0.00067
715.0,2026-07-02T12:54:01.611,3,-103.754,331.808,0.0,-0.02,1000.0,RETURNING_TO_START,load_zone_23,dump_zone_23,0.00025,0.00067
716.0,2026-07-02T12:54:05.642,1,-103.838,336.983,0.288,-0.1553,1000.0,RETURNING_TO_START,load_zone_23,dump_zone_22,0.00025,0.00067
716.0,2026-07-02T12:54:05.642,2,597.5,180.795,12.166,-0.5,1000.0,RETURNING_TO_START,load_zone_26,dump_zone_3,0.00025,0.00067
716.0,2026-07-02T12:54:05.642,3,-103.754,331.808,0.0,-0.0091,1000.0,RETURNING_TO_START,load_zone_23,dump_zone_23,0.00025,0.00067
717.0,2026-07-02T12:54:09.583,1,-103.836,336.998,0.0,-0.5,1000.0,RETURNING_TO_START,load_zone_23,dump_zone_22,0.00025,0.00067
717.0,2026-07-02T12:54:09.583,2,597.5,183.924,10.485,-0.5,1000.0,RETURNING_TO_START,load_zone_26,dump_zone_3,0.00025,0.00067
717.0,2026-07-02T12:54:09.583,3,-103.754,331.808,0.0,-0.005,1000.0,RETURNING_TO_START,load_zone_23,dump_zone_23,0.00025,0.00067
718.0,2026-07-02T12:54:13.662,1,-103.836,336.998,0.0,-0.5,1000.0,RETURNING_TO_START,load_zone_23,dump_zone_22,0.00025,0.00067
718.0,2026-07-02T12:54:13.662,2,597.439,186.564,8.693,-0.4722,1000.0,RETURNING_TO_START,load_zone_26,dump_zone_3,0.00025,0.00067
718.0,2026-07-02T12:54:13.662,3,-103.754,331.808,0.0,-0.0085,1000.0,RETURNING_TO_START,load_zone_23,dump_zone_23,0.00025,0.00067
719.0,2026-07-02T12:54:17.506,1,-103.836,336.998,0.0,-0.4167,1000.0,RETURNING_TO_START,load_zone_23,dump_zone_22,0.00025,0.00067
719.0,2026-07-02T12:54:17.506,2,596.927,188.657,7.046,-0.4167,1000.0,RETURNING_TO_START,load_zone_26,dump_zone_3,0.00025,0.00067
719.0,2026-07-02T12:54:17.506,3,-103.754,331.808,0.0,-0.0076,1000.0,RETURNING_TO_START,load_zone_23,dump_zone_23,0.00025,0.00067
720.0,2026-07-02T12:54:21.216,1,-103.83,337.046,0.7,0.5833,1000.0,RETURNING_TO_START,load_zone_23,dump_zone_22,0.000253,0.000678
720.0,2026-07-02T12:54:21.216,2,596.259,190.3,5.986,-0.3165,1000.0,RETURNING_TO_START,load_zone_26,dump_zone_3,0.00025,0.00067
720.0,2026-07-02T12:54:21.216,3,-103.754,331.808,0.0,-0.0101,1000.0,RETURNING_TO_START,load_zone_23,dump_zone_23,0.00025,0.00067
721.0,2026-07-02T12:54:24.755,1,-103.741,337.713,4.05,1.0,1000.0,RETURNING_TO_START,load_zone_23,dump_zone_22,0.000276,0.00074
721.0,2026-07-02T12:54:24.755,2,595.847,191.695,4.592,-0.25,1000.0,RETURNING_TO_START,load_zone_26,dump_zone_3,0.00025,0.00067
721.0,2026-07-02T12:54:24.755,3,-103.754,331.808,0.0,-0.0154,1000.0,RETURNING_TO_START,load_zone_23,dump_zone_23,0.00025,0.00067
722.0,2026-07-02T12:54:29.770,1,-103.49,339.36,7.65,1.0,1000.0,RETURNING_TO_START,load_zone_23,dump_zone_22,0.000299,0.000801
722.0,2026-07-02T12:54:29.770,2,595.65,192.879,4.142,0.0833,1000.0,RETURNING_TO_START,load_zone_26,dump_zone_3,0.000256,0.000686
722.0,2026-07-02T12:54:29.770,3,-103.754,331.808,0.0,-0.1096,1000.0,RETURNING_TO_START,load_zone_23,dump_zone_23,0.00025,0.00067
723.0,2026-07-02T12:54:32.238,1,-103.147,342.005,11.25,1.0,1000.0,RETURNING_TO_START,load_zone_23,dump_zone_22,0.000323,0.000866
723.0,2026-07-02T12:54:32.238,2,595.541,194.2,5.404,0.3562,1000.0,RETURNING_TO_START,load_zone_26,dump_zone_3,0.000266,0.000713
723.0,2026-07-02T12:54:32.238,3,-103.752,331.961,1.563,0.8904,1000.0,RETURNING_TO_START,load_zone_23,dump_zone_23,0.000259,0.000694
724.0,2026-07-02T12:54:33.939,1,-102.821,345.656,14.85,1.0,1000.0,RETURNING_TO_START,load_zone_23,dump_zone_22,0.000346,0.000927
724.0,2026-07-02T12:54:33.939,2,595.628,195.715,5.45,0.0685,1000.0,RETURNING_TO_START,load_zone_26,dump_zone_3,0.000258,0.000691
724.0,2026-07-02T12:54:33.939,3,-103.724,332.934,5.155,1.0,1000.0,RETURNING_TO_START,load_zone_23,dump_zone_23,0.000283,0.000758
725.0,2026-07-02T12:54:36.860,1,-102.56,350.315,18.45,1.0,1000.0,RETURNING_TO_START,load_zone_23,dump_zone_22,0.000369,0.000989
725.0,2026-07-02T12:54:36.860,2,596.148,197.199,6.247,0.4852,1000.0,RETURNING_TO_START,load_zone_26,dump_zone_3,0.000273,0.000732
725.0,2026-07-02T12:54:36.860,3,-103.527,334.898,8.755,1.0,1000.0,RETURNING_TO_START,load_zone_23,dump_zone_23,0.000306,0.00082
726.0,2026-07-02T12:54:43.614,1,-102.494,355.981,22.025,0.9167,1000.0,RETURNING_TO_START,load_zone_23,dump_zone_22,0.000382,0.001024
726.0,2026-07-02T12:54:43.614,2,597.068,198.99,8.244,0.6519,1000.0,RETURNING_TO_START,load_zone_26,dump_zone_3,0.000288,0.000772
726.0,2026-07-02T12:54:43.614,3,-103.138,337.846,12.355,1.0,1000.0,RETURNING_TO_START,load_zone_23,dump_zone_23,0.00033,0.000884
727.0,2026-07-02T12:54:53.937,1,-102.5,362.385,23.375,-0.0833,1000.0,RETURNING_TO_START,load_zone_23,dump_zone_22,0.000264,0.000708
727.0,2026-07-02T12:54:53.937,2,598.792,200.919,10.618,0.9118,1000.0,RETURNING_TO_START,load_zone_26,dump_zone_3,0.000313,0.000839
727.0,2026-07-02T12:54:53.937,3,-102.747,341.8,15.955,1.0,1000.0,RETURNING_TO_START,load_zone_23,dump_zone_23,0.000353,0.000946
728.0,2026-07-02T12:55:17.799,1,-102.5,368.692,22.204,-0.0833,1000.0,RETURNING_TO_START,load_zone_23,dump_zone_22,0.000264,0.000708
728.0,2026-07-02T12:55:17.799,2,601.955,201.325,12.251,-0.0049,1000.0,RETURNING_TO_START,load_zone_26,dump_zone_3,0.000263,0.000705
728.0,2026-07-02T12:55:17.799,3,-102.515,346.767,19.555,1.0,1000.0,RETURNING_TO_START,load_zone_23,dump_zone_23,0.000376,0.001008
729.0,2026-07-02T12:55:25.372,1,-102.5,375.012,23.653,0.7561,1000.0,RETURNING_TO_START,load_zone_23,dump_zone_22,0.000371,0.000994
729.0,2026-07-02T12:55:25.372,2,604.809,199.857,10.819,-0.5,1000.0,RETURNING_TO_START,load_zone_26,dump_zone_3,0.00025,0.00067
729.0,2026-07-02T12:55:25.372,3,-102.496,352.67,22.405,0.5833,1000.0,RETURNING_TO_START,load_zone_23,dump_zone_23,0.000344,0.000922
730.0,2026-07-02T12:55:28.979,1,-102.5,381.872,25.025,-0.0772,1000.0,RETURNING_TO_START,load_zone_23,dump_zone_22,0.000266,0.000713
730.0,2026-07-02T12:55:28.979,2,607.517,199.16,9.694,-0.0833,1000.0,RETURNING_TO_START,load_zone_26,dump_zone_3,0.000256,0.000686
730.0,2026-07-02T12:55:28.979,3,-102.5,359.089,23.196,-0.086,1000.0,RETURNING_TO_START,load_zone_23,dump_zone_23,0.000264,0.000708
731.0,2026-07-02T12:55:32.227,1,-102.5,388.618,23.484,-0.5,1000.0,RETURNING_TO_START,load_zone_23,dump_zone_22,0.00025,0.00067
731.0,2026-07-02T12:55:32.227,2,610.357,198.858,11.294,0.75,1000.0,RETURNING_TO_START,load_zone_26,dump_zone_3,0.000308,0.000825
731.0,2026-07-02T12:55:32.227,3,-102.5,365.528,23.336,0.2474,1000.0,RETURNING_TO_START,load_zone_23,dump_zone_23,0.000306,0.00082
732.0,2026-07-02T12:55:35.428,1,-102.5,394.919,22.384,0.0833,1000.0,RETURNING_TO_START,load_zone_23,dump_zone_22,0.000284,0.000761
732.0,2026-07-02T12:55:35.428,2,613.961,198.81,14.592,1.0,1000.0,RETURNING_TO_START,load_zone_26,dump_zone_3,0.000344,0.000922
732.0,2026-07-02T12:55:35.428,3,-102.5,372.035,23.177,-0.086,1000.0,RETURNING_TO_START,load_zone_23,dump_zone_23,0.000264,0.000708
733.0,2026-07-02T12:55:38.745,1,-102.5,401.245,23.319,0.2865,1000.0,RETURNING_TO_START,load_zone_23,dump_zone_22,0.000311,0.000833
733.0,2026-07-02T12:55:38.745,2,618.448,199.056,17.386,0.6592,1000.0,RETURNING_TO_START,load_zone_26,dump_zone_3,0.00033,0.000884
733.0,2026-07-02T12:55:38.745,3,-102.5,378.553,23.676,-0.0312,1000.0,RETURNING_TO_START,load_zone_23,dump_zone_23,0.000271,0.000726
734.0,2026-07-02T12:55:41.472,1,-102.5,407.797,23.788,0.0258,1000.0,RETURNING_TO_START,load_zone_23,dump_zone_22,0.000278,0.000745
734.0,2026-07-02T12:55:41.472,2,623.397,199.573,17.809,-0.3408,1000.0,RETURNING_TO_START,load_zone_26,dump_zone_3,0.00025,0.00067
734.0,2026-07-02T12:55:41.472,3,-102.5,384.961,22.58,-0.0833,1000.0,RETURNING_TO_START,load_zone_23,dump_zone_23,0.000264,0.000708
735.0,2026-07-02T12:55:44.293,1,-102.5,414.308,22.868,-0.5,1000.0,RETURNING_TO_START,load_zone_23,dump_zone_22,0.00025,0.00067
735.0,2026-07-02T12:55:44.293,2,628.05,200.185,16.111,-0.5,1000.0,RETURNING_TO_START,load_zone_26,dump_zone_3,0.00025,0.00067
735.0,2026-07-02T12:55:44.293,3,-102.5,391.307,22.995,0.0732,1000.0,RETURNING_TO_START,load_zone_23,dump_zone_23,0.000283,0.000758
736.0,2026-07-02T12:55:46.778,1,-102.5,420.39,21.068,-0.5,1000.0,RETURNING_TO_START,load_zone_23,dump_zone_22,0.00025,0.00067
736.0,2026-07-02T12:55:46.778,2,632.33,200.791,15.143,-0.4449,1000.0,RETURNING_TO_START,load_zone_26,dump_zone_3,0.00025,0.00067
736.0,2026-07-02T12:55:46.778,3,-102.5,397.654,22.659,0.0732,1000.0,RETURNING_TO_START,load_zone_23,dump_zone_23,0.000283,0.000758
737.0,2026-07-02T12:55:50.161,1,-102.5,425.971,19.268,-0.5,1000.0,RETURNING_TO_START,load_zone_23,dump_zone_22,0.00025,0.00067
737.0,2026-07-02T12:55:50.161,2,636.232,201.331,13.359,-0.5,1000.0,RETURNING_TO_START,load_zone_26,dump_zone_3,0.00025,0.00067
737.0,2026-07-02T12:55:50.161,3,-102.5,404.039,23.236,-0.0391,1000.0,RETURNING_TO_START,load_zone_23,dump_zone_23,0.00027,0.000724
738.0,2026-07-02T12:55:53.808,1,-102.5,431.053,17.468,-0.5,1000.0,RETURNING_TO_START,load_zone_23,dump_zone_22,0.00025,0.00067
738.0,2026-07-02T12:55:53.808,2,639.651,201.762,11.709,-0.25,1000.0,RETURNING_TO_START,load_zone_26,dump_zone_3,0.00025,0.00067
738.0,2026-07-02T12:55:53.808,3,-102.5,410.459,23.216,-0.0173,1000.0,RETURNING_TO_START,load_zone_23,dump_zone_23,0.000272,0.000729
739.0,2026-07-02T12:55:56.421,1,-102.5,435.634,15.668,-0.5,1000.0,RETURNING_TO_START,load_zone_23,dump_zone_22,0.00025,0.00067
739.0,2026-07-02T12:55:56.421,2,642.749,202.092,10.504,-0.5,1000.0,RETURNING_TO_START,load_zone_26,dump_zone_3,0.00025,0.00067
739.0,2026-07-02T12:55:56.421,3,-102.5,416.744,22.14,-0.0833,1000.0,RETURNING_TO_START,load_zone_23,dump_zone_23,0.000263,0.000705
740.0,2026-07-02T12:55:58.927,1,-102.5,439.715,13.868,-0.5,1000.0,RETURNING_TO_START,load_zone_23,dump_zone_22,0.00025,0.00067
740.0,2026-07-02T12:55:58.927,2,645.39,202.309,8.785,-0.4482,1000.0,RETURNING_TO_START,load_zone_26,dump_zone_3,0.00025,0.00067
740.0,2026-07-02T12:55:58.927,3,-102.5,422.827,21.62,-0.2368,1000.0,RETURNING_TO_START,load_zone_23,dump_zone_23,0.00025,0.00067
741.0,2026-07-02T12:56:01.425,1,-102.5,443.297,12.068,-0.5,1000.0,RETURNING_TO_START,load_zone_23,dump_zone_22,0.00025,0.00067
741.0,2026-07-02T12:56:01.425,2,647.62,202.418,7.556,-0.3372,1000.0,RETURNING_TO_START,load_zone_26,dump_zone_3,0.00025,0.00067
741.0,2026-07-02T12:56:01.425,3,-102.5,428.597,19.992,-0.5,1000.0,RETURNING_TO_START,load_zone_23,dump_zone_23,0.00025,0.00067
742.0,2026-07-02T12:56:04.157,1,-102.5,446.378,10.268,-0.5,1000.0,RETURNING_TO_START,load_zone_23,dump_zone_22,0.00025,0.00067
742.0,2026-07-02T12:56:04.157,2,649.532,202.217,6.905,0.25,1000.0,RETURNING_TO_START,load_zone_26,dump_zone_3,0.000267,0.000716
742.0,2026-07-02T12:56:04.157,3,-102.5,433.879,18.192,-0.5,1000.0,RETURNING_TO_START,load_zone_23,dump_zone_23,0.00025,0.00067
743.0,2026-07-02T12:59:51.619,1,-102.771,448.946,8.718,-0.25,1000.0,RETURNING_TO_START,load_zone_23,dump_zone_22,0.00025,0.00067
743.0,2026-07-02T12:59:51.619,2,651.403,201.018,9.455,0.75,1000.0,RETURNING_TO_START,load_zone_26,dump_zone_3,0.000298,0.000799
743.0,2026-07-02T12:59:51.619,3,-102.503,438.78,17.43,-0.1207,1000.0,RETURNING_TO_START,load_zone_23,dump_zone_23,0.000257,0.000689
744.0,2026-07-02T12:59:56.405,1,-104.32,450.852,9.768,0.75,1000.0,RETURNING_TO_START,load_zone_23,dump_zone_22,0.0003,0.000804
744.0,2026-07-02T12:59:56.405,2,652.495,198.458,10.255,-0.0833,1000.0,RETURNING_TO_START,load_zone_26,dump_zone_3,0.000256,0.000686
744.0,2026-07-02T12:59:56.405,3,-102.9,443.375,15.835,-0.5,1000.0,RETURNING_TO_START,load_zone_23,dump_zone_23,0.00025,0.00067
745.0,2026-07-02T13:00:00.809,1,-107.424,451.366,13.293,1.0,1000.0,RETURNING_TO_START,load_zone_23,dump_zone_22,0.000336,0.0009
745.0,2026-07-02T13:00:00.809,2,652.602,195.455,11.717,0.5692,1000.0,RETURNING_TO_START,load_zone_26,dump_zone_3,0.000298,0.000799
745.0,2026-07-02T13:00:00.809,3,-104.302,447.254,14.035,-0.5,1000.0,RETURNING_TO_START,load_zone_23,dump_zone_23,0.00025,0.00067
746.0,2026-07-02T13:00:04.116,1,-110.322,448.612,16.193,0.4167,1000.0,RETURNING_TO_START,load_zone_23,dump_zone_22,0.000303,0.000812
746.0,2026-07-02T13:00:04.116,2,652.527,192.064,12.083,-0.3569,1000.0,RETURNING_TO_START,load_zone_26,dump_zone_3,0.00025,0.00067
746.0,2026-07-02T13:00:04.116,3,-106.034,450.428,12.385,-0.25,1000.0,RETURNING_TO_START,load_zone_23,dump_zone_23,0.00025,0.00067
747.0,2026-07-02T13:00:07.007,1,-112.28,444.53,17.293,0.25,1000.0,RETURNING_TO_START,load_zone_23,dump_zone_22,0.000292,0.000783
747.0,2026-07-02T13:00:07.007,2,652.499,188.954,10.626,-0.25,1000.0,RETURNING_TO_START,load_zone_26,dump_zone_3,0.00025,0.00067
747.0,2026-07-02T13:00:07.007,3,-105.456,453.793,13.435,0.75,1000.0,RETURNING_TO_START,load_zone_23,dump_zone_23,0.000318,0.000852
748.0,2026-07-02T13:00:08.953,1,-117.091,444.638,19.993,1.0,1000.0,RETURNING_TO_START,load_zone_23,dump_zone_22,0.000379,0.001016
748.0,2026-07-02T13:00:08.953,2,652.498,186.241,8.962,-0.5,1000.0,RETURNING_TO_START,load_zone_26,dump_zone_3,0.00025,0.00067
748.0,2026-07-02T13:00:08.953,3,-103.663,457.641,16.96,1.0,1000.0,RETURNING_TO_START,load_zone_23,dump_zone_23,0.000359,0.000962
749.0,2026-07-02T13:00:11.365,1,-122.488,447.281,23.116,0.5822,1000.0,RETURNING_TO_START,load_zone_23,dump_zone_22,0.000347,0.00093
749.0,2026-07-02T13:00:11.365,2,652.499,184.018,7.262,-0.4167,1000.0,RETURNING_TO_START,load_zone_26,dump_zone_3,0.00025,0.00067
749.0,2026-07-02T13:00:11.365,3,-102.638,462.775,20.56,1.0,1000.0,RETURNING_TO_START,load_zone_23,dump_zone_23,0.000383,0.001026
750.0,2026-07-02T13:00:13.673,1,-128.999,447.563,23.262,-0.4178,1000.0,RETURNING_TO_START,load_zone_23,dump_zone_22,0.00025,0.00067
750.0,2026-07-02T13:00:13.673,2,652.5,182.232,5.963,-0.1654,1000.0,RETURNING_TO_START,load_zone_26,dump_zone_3,0.000251,0.000673
750.0,2026-07-02T13:00:13.673,3,-102.495,468.985,23.56,0.472,1000.0,RETURNING_TO_START,load_zone_23,dump_zone_23,0.000335,0.000898
751.0,2026-07-02T13:00:16.201,1,-135.19,447.5,21.462,-0.5,1000.0,RETURNING_TO_START,load_zone_23,dump_zone_22,0.00025,0.00067
751.0,2026-07-02T13:00:16.201,2,652.5,180.776,4.443,-0.5,1000.0,RETURNING_TO_START,load_zone_26,dump_zone_3,0.00025,0.00067
751.0,2026-07-02T13:00:16.201,3,-102.499,475.628,23.947,-0.1794,1000.0,RETURNING_TO_START,load_zone_23,dump_zone_23,0.000252,0.000675
752.0,2026-07-02T13:00:18.277,1,-140.88,447.496,19.662,-0.5,1000.0,RETURNING_TO_START,load_zone_23,dump_zone_22,0.00025,0.00067
752.0,2026-07-02T13:00:18.277,2,652.532,179.814,2.643,-0.5,1000.0,UNLOADING,load_zone_26,dump_zone_3,0.00025,0.00067
752.0,2026-07-02T13:00:18.277,3,-102.5,482.185,23.156,-0.324,1000.0,RETURNING_TO_START,load_zone_23,dump_zone_23,0.00025,0.00067
753.0,2026-07-02T13:00:19.859,1,-146.071,447.5,17.862,-0.5,1000.0,RETURNING_TO_START,load_zone_23,dump_zone_22,0.00025,0.00067
753.0,2026-07-02T13:00:19.859,2,652.615,179.358,0.843,-0.5,1000.0,UNLOADING,load_zone_26,dump_zone_3,0.00025,0.00067
753.0,2026-07-02T13:00:19.859,3,-102.5,488.355,21.387,-0.5,1000.0,RETURNING_TO_START,load_zone_23,dump_zone_23,0.00025,0.00067
754.0,2026-07-02T13:00:21.249,1,-150.762,447.5,16.062,-0.5,1000.0,RETURNING_TO_START,load_zone_23,dump_zone_22,0.00025,0.00067
754.0,2026-07-02T13:00:21.249,2,652.625,179.314,0.0,-0.5,1000.0,UNLOADING,load_zone_26,dump_zone_3,0.00025,0.00067
754.0,2026-07-02T13:00:21.249,3,-102.5,494.025,19.587,-0.5,1000.0,RETURNING_TO_START,load_zone_23,dump_zone_23,0.00025,0.00067
755.0,2026-07-02T13:00:22.771,1,-154.953,447.497,14.262,-0.5,1000.0,RETURNING_TO_START,load_zone_23,dump_zone_22,0.00025,0.00067
755.0,2026-07-02T13:00:22.771,2,652.926,178.538,7.2,0.0,0.0,TURNING_AROUND,dump_zone_3,load_zone_26,0.000255,0.000683
755.0,2026-07-02T13:00:22.771,3,-102.5,499.195,17.787,-0.5,1000.0,RETURNING_TO_START,load_zone_23,dump_zone_23,0.00025,0.00067
756.0,2026-07-02T13:00:24.558,1,-158.602,447.07,12.462,-0.5,1000.0,RETURNING_TO_START,load_zone_23,dump_zone_22,0.00025,0.00067
756.0,2026-07-02T13:00:24.558,2,654.236,177.055,7.2,0.0,0.0,TURNING_AROUND,dump_zone_3,load_zone_26,0.000255,0.000683
756.0,2026-07-02T13:00:24.558,3,-102.5,503.865,15.987,-0.5,1000.0,RETURNING_TO_START,load_zone_23,dump_zone_23,0.00025,0.00067
757.0,2026-07-02T13:00:25.852,1,-161.588,445.951,10.662,-0.5,1000.0,RETURNING_TO_START,load_zone_23,dump_zone_22,0.00025,0.00067
757.0,2026-07-02T13:00:25.852,2,653.355,177.321,5.4,0.0,0.0,TURNING_AROUND,dump_zone_3,load_zone_26,0.000253,0.000678
757.0,2026-07-02T13:00:25.852,3,-102.5,508.035,14.187,-0.5,1000.0,RETURNING_TO_START,load_zone_23,dump_zone_23,0.00025,0.00067
758.0,2026-07-02T13:00:27.322,1,-164.233,445.515,8.862,-0.5,1000.0,RETURNING_TO_START,load_zone_23,dump_zone_22,0.00025,0.00067
758.0,2026-07-02T13:00:27.322,2,654.76,177.48,7.2,0.0,0.0,TURNING_AROUND,dump_zone_3,load_zone_26,0.000255,0.000683
758.0,2026-07-02T13:00:27.322,3,-102.5,511.704,12.387,-0.5,1000.0,RETURNING_TO_START,load_zone_23,dump_zone_23,0.00025,0.00067
759.0,2026-07-02T13:00:29.077,1,-166.428,445.478,7.159,-0.4225,1000.0,RETURNING_TO_START,load_zone_23,dump_zone_22,0.00025,0.00067
759.0,2026-07-02T13:00:29.077,2,655.805,177.909,5.4,0.0,0.0,TURNING_AROUND,dump_zone_3,load_zone_26,0.000253,0.000678
759.0,2026-07-02T13:00:29.077,3,-102.5,514.874,10.587,-0.5,1000.0,RETURNING_TO_START,load_zone_23,dump_zone_23,0.00025,0.00067
760.0,2026-07-02T13:00:30.777,1,-168.163,445.545,5.734,-0.0833,1000.0,RETURNING_TO_START,load_zone_23,dump_zone_22,0.000253,0.000678
760.0,2026-07-02T13:00:30.777,2,655.323,177.486,7.2,0.0,0.0,TURNING_AROUND,dump_zone_3,load_zone_26,0.000255,0.000683
760.0,2026-07-02T13:00:30.777,3,-102.5,517.544,8.787,-0.5,1000.0,RETURNING_TO_START,load_zone_23,dump_zone_23,0.00025,0.00067
761.0,2026-07-02T13:00:32.727,1,-169.552,445.936,4.484,-0.4167,1000.0,RETURNING_TO_START,load_zone_23,dump_zone_22,0.00025,0.00067
761.0,2026-07-02T13:00:32.727,2,655.579,178.278,0.0,-0.0,0.0,GOING_TO_ENDPOINT,dump_zone_3,load_zone_26,0.00025,0.00067
761.0,2026-07-02T13:00:32.727,3,-102.496,519.714,6.987,-0.5,1000.0,RETURNING_TO_START,load_zone_23,dump_zone_23,0.00025,0.00067
762.0,2026-07-02T13:00:34.210,1,-170.467,446.523,3.884,0.25,1000.0,RETURNING_TO_START,load_zone_23,dump_zone_22,0.000259,0.000694
762.0,2026-07-02T13:00:34.210,2,655.573,178.488,1.95,1.0,0.0,GOING_TO_ENDPOINT,dump_zone_3,load_zone_26,0.000258,0.000691
762.0,2026-07-02T13:00:34.210,3,-102.085,521.321,5.187,-0.5,1000.0,RETURNING_TO_START,load_zone_23,dump_zone_23,0.00025,0.00067
763.0,2026-07-02T13:00:35.537,1,-171.357,447.618,6.584,1.0,1000.0,RETURNING_TO_START,load_zone_23,dump_zone_22,0.000292,0.000783
763.0,2026-07-02T13:00:35.537,2,655.359,179.547,5.55,1.0,0.0,GOING_TO_ENDPOINT,dump_zone_3,load_zone_26,0.000271,0.000726
763.0,2026-07-02T13:00:35.537,3,-101.427,522.283,3.387,-0.5,1000.0,UNLOADING,load_zone_23,dump_zone_23,0.00025,0.00067
764.0,2026-07-02T13:00:36.910,1,-171.835,449.742,8.534,0.0833,1000.0,RETURNING_TO_START,load_zone_23,dump_zone_22,0.000263,0.000705
764.0,2026-07-02T13:00:36.910,2,654.198,181.251,9.15,1.0,0.0,GOING_TO_ENDPOINT,dump_zone_3,load_zone_26,0.000285,0.000764
764.0,2026-07-02T13:00:36.910,3,-100.935,522.737,1.587,-0.5,1000.0,UNLOADING,load_zone_23,dump_zone_23,0.00025,0.00067
765.0,2026-07-02T13:00:38.163,1,-171.118,451.819,7.259,-0.5,1000.0,RETURNING_TO_START,load_zone_23,dump_zone_22,0.00025,0.00067
765.0,2026-07-02T13:00:38.163,2,651.671,183.012,12.75,1.0,0.0,GOING_TO_ENDPOINT,dump_zone_3,load_zone_26,0.000299,0.000801
765.0,2026-07-02T13:00:38.163,3,-100.795,522.843,0.0,-0.5,1000.0,UNLOADING,load_zone_23,dump_zone_23,0.00025,0.00067
766.0,2026-07-02T13:00:39.702,1,-169.847,452.995,5.459,-0.5,1000.0,RETURNING_TO_START,load_zone_23,dump_zone_22,0.00025,0.00067
766.0,2026-07-02T13:00:39.702,2,648.699,185.739,15.975,0.5833,0.0,GOING_TO_ENDPOINT,dump_zone_3,load_zone_26,0.00029,0.000777
766.0,2026-07-02T13:00:39.702,3,-100.795,522.843,0.0,-0.5,1000.0,UNLOADING,load_zone_23,dump_zone_23,0.00025,0.00067
767.0,2026-07-02T13:00:40.666,1,-168.763,453.606,3.659,-0.5,1000.0,RETURNING_TO_START,load_zone_23,dump_zone_22,0.00025,0.00067
767.0,2026-07-02T13:00:40.666,2,647.438,190.031,16.125,-0.4167,0.0,GOING_TO_ENDPOINT,dump_zone_3,load_zone_26,0.00025,0.00067
767.0,2026-07-02T13:00:40.666,3,-98.942,523.538,7.2,0.0,0.0,TURNING_AROUND,dump_zone_23,load_zone_23,0.000255,0.000683
768.0,2026-07-02T13:00:41.330,1,-168.204,454.097,1.859,-0.5,1000.0,UNLOADING,load_zone_23,dump_zone_22,0.00025,0.00067
768.0,2026-07-02T13:00:41.330,2,647.47,194.238,14.325,-0.5,0.0,GOING_TO_ENDPOINT,dump_zone_3,load_zone_26,0.00025,0.00067
768.0,2026-07-02T13:00:41.330,3,-98.384,523.653,5.4,0.0,0.0,TURNING_AROUND,dump_zone_23,load_zone_23,0.000253,0.000678
769.0,2026-07-02T13:00:42.213,1,-168.04,454.28,0.059,-0.5,1000.0,UNLOADING,load_zone_23,dump_zone_22,0.00025,0.00067
769.0,2026-07-02T13:00:42.213,2,647.501,197.947,12.525,-0.5,0.0,GOING_TO_ENDPOINT,dump_zone_3,load_zone_26,0.00025,0.00067
769.0,2026-07-02T13:00:42.213,3,-98.517,523.517,7.2,0.0,0.0,TURNING_AROUND,dump_zone_23,load_zone_23,0.000255,0.000683
770.0,2026-07-02T13:00:43.993,1,-168.04,454.28,0.0,-0.5,1000.0,UNLOADING,load_zone_23,dump_zone_22,0.00025,0.00067
770.0,2026-07-02T13:00:43.993,2,646.535,200.969,11.425,0.0833,0.0,GOING_TO_ENDPOINT,dump_zone_3,load_zone_26,0.00026,0.000697
770.0,2026-07-02T13:00:43.993,3,-97.474,521.834,7.2,0.0,0.0,TURNING_AROUND,dump_zone_23,load_zone_23,0.000255,0.000683
771.0,2026-07-02T13:00:45.416,1,-166.71,455.265,7.2,0.0,0.0,TURNING_AROUND,dump_zone_22,load_zone_23,0.000255,0.000683
771.0,2026-07-02T13:00:45.416,2,643.51,202.345,13.65,1.0,0.0,GOING_TO_ENDPOINT,dump_zone_3,load_zone_26,0.000303,0.000812
771.0,2026-07-02T13:00:45.416,3,-97.388,521.506,0.15,0.25,0.0,GOING_TO_ENDPOINT,dump_zone_23,load_zone_23,0.00025,0.00067
772.0,2026-07-02T13:00:47.285,1,-165.922,455.531,0.0,-0.0,0.0,GOING_TO_ENDPOINT,dump_zone_22,load_zone_23,0.00025,0.00067
772.0,2026-07-02T13:00:47.285,2,639.9,200.257,17.25,1.0,0.0,GOING_TO_ENDPOINT,dump_zone_3,load_zone_26,0.000317,0.00085
772.0,2026-07-02T13:00:47.285,3,-97.388,521.124,2.85,1.0,0.0,GOING_TO_ENDPOINT,dump_zone_23,load_zone_23,0.000261,0.000699
773.0,2026-07-02T13:00:49.951,1,-165.711,455.53,1.95,1.0,0.0,GOING_TO_ENDPOINT,dump_zone_22,load_zone_23,0.000258,0.000691
773.0,2026-07-02T13:00:49.951,2,635.994,196.761,20.15,0.4167,0.0,GOING_TO_ENDPOINT,dump_zone_3,load_zone_26,0.00029,0.000777
773.0,2026-07-02T13:00:49.951,3,-97.396,519.791,6.45,1.0,0.0,GOING_TO_ENDPOINT,dump_zone_23,load_zone_23,0.000275,0.000737
774.0,2026-07-02T13:00:52.018,1,-164.636,455.408,5.55,1.0,0.0,GOING_TO_ENDPOINT,dump_zone_22,load_zone_23,0.000271,0.000726
774.0,2026-07-02T13:00:52.018,2,630.572,195.427,19.725,-0.5,0.0,GOING_TO_ENDPOINT,dump_zone_3,load_zone_26,0.00025,0.00067
774.0,2026-07-02T13:00:52.018,3,-97.424,517.458,10.05,1.0,0.0,GOING_TO_ENDPOINT,dump_zone_23,load_zone_23,0.000289,0.000775
775.0,2026-07-02T13:00:53.646,1,-162.629,454.855,9.15,1.0,0.0,GOING_TO_ENDPOINT,dump_zone_22,load_zone_23,0.000285,0.000764
775.0,2026-07-02T13:00:53.646,2,625.405,194.777,17.925,-0.5,0.0,GOING_TO_ENDPOINT,dump_zone_3,load_zone_26,0.00025,0.00067
775.0,2026-07-02T13:00:53.646,3,-97.455,514.125,13.65,1.0,0.0,GOING_TO_ENDPOINT,dump_zone_23,load_zone_23,0.000303,0.000812
776.0,2026-07-02T13:00:55.036,1,-159.662,454.021,12.75,1.0,0.0,GOING_TO_ENDPOINT,dump_zone_22,load_zone_23,0.000299,0.000801
776.0,2026-07-02T13:00:55.036,2,620.726,194.252,16.125,-0.5,0.0,GOING_TO_ENDPOINT,dump_zone_3,load_zone_26,0.00025,0.00067
776.0,2026-07-02T13:00:55.036,3,-97.483,509.791,17.25,1.0,0.0,GOING_TO_ENDPOINT,dump_zone_23,load_zone_23,0.000317,0.00085
777.0,2026-07-02T13:00:57.036,1,-155.658,453.229,16.35,1.0,0.0,GOING_TO_ENDPOINT,dump_zone_22,load_zone_23,0.000313,0.000839
777.0,2026-07-02T13:00:57.036,2,616.531,193.925,14.325,-0.5,0.0,GOING_TO_ENDPOINT,dump_zone_3,load_zone_26,0.00025,0.00067
777.0,2026-07-02T13:00:57.036,3,-97.499,504.458,20.85,1.0,0.0,GOING_TO_ENDPOINT,dump_zone_23,load_zone_23,0.000331,0.000887
778.0,2026-07-02T13:00:58.915,1,-150.607,452.665,19.95,1.0,0.0,GOING_TO_ENDPOINT,dump_zone_22,load_zone_23,0.000327,0.000876
778.0,2026-07-02T13:00:58.915,2,612.824,193.828,12.525,-0.5,0.0,GOING_TO_ENDPOINT,dump_zone_3,load_zone_26,0.00025,0.00067
778.0,2026-07-02T13:00:58.915,3,-97.5,498.125,24.45,1.0,0.0,GOING_TO_ENDPOINT,dump_zone_23,load_zone_23,0.000345,0.000925
779.0,2026-07-02T13:01:01.028,1,-144.527,452.489,23.55,1.0,0.0,GOING_TO_ENDPOINT,dump_zone_22,load_zone_23,0.000341,0.000914
779.0,2026-07-02T13:01:01.028,2,609.631,194.072,10.725,-0.5,0.0,GOING_TO_ENDPOINT,dump_zone_3,load_zone_26,0.00025,0.00067
779.0,2026-07-02T13:01:01.028,3,-97.5,490.812,27.675,0.5833,0.0,GOING_TO_ENDPOINT,dump_zone_23,load_zone_23,0.00032,0.000858
780.0,2026-07-02T13:01:03.852,1,-137.464,452.5,26.775,0.5833,0.0,GOING_TO_ENDPOINT,dump_zone_22,load_zone_23,0.000317,0.00085
780.0,2026-07-02T13:01:03.852,2,607.187,195.203,8.925,-0.5,0.0,GOING_TO_ENDPOINT,dump_zone_3,load_zone_26,0.00025,0.00067
780.0,2026-07-02T13:01:03.852,3,-97.5,482.99,28.275,-0.0833,0.0,GOING_TO_ENDPOINT,dump_zone_23,load_zone_23,0.00026,0.000697
781.0,2026-07-02T13:01:06.436,1,-129.921,452.501,26.925,-0.4167,0.0,GOING_TO_ENDPOINT,dump_zone_22,load_zone_23,0.00025,0.00067
781.0,2026-07-02T13:01:06.436,2,605.294,196.339,7.125,-0.5,0.0,GOING_TO_ENDPOINT,dump_zone_3,load_zone_26,0.00025,0.00067
781.0,2026-07-02T13:01:06.436,3,-97.5,475.297,27.347,-0.0309,0.0,GOING_TO_ENDPOINT,dump_zone_23,load_zone_23,0.000265,0.00071
782.0,2026-07-02T13:01:08.566,1,-122.713,452.502,25.125,-0.5,0.0,GOING_TO_ENDPOINT,dump_zone_22,load_zone_23,0.00025,0.00067
782.0,2026-07-02T13:01:08.566,2,603.749,197.088,5.42,-0.5,0.0,GOING_TO_ENDPOINT,dump_zone_3,load_zone_26,0.00025,0.00067
782.0,2026-07-02T13:01:08.566,3,-97.5,467.662,27.387,-0.1746,0.0,GOING_TO_ENDPOINT,dump_zone_23,load_zone_23,0.000252,0.000675
783.0,2026-07-02T13:01:10.560,1,-116.004,452.501,23.325,-0.5,0.0,GOING_TO_ENDPOINT,dump_zone_22,load_zone_23,0.00025,0.00067
783.0,2026-07-02T13:01:10.560,2,602.533,197.685,4.67,0.0464,0.0,GOING_TO_ENDPOINT,dump_zone_3,load_zone_26,0.000254,0.000681
783.0,2026-07-02T13:01:10.560,3,-97.5,460.12,26.693,-0.5,0.0,GOING_TO_ENDPOINT,dump_zone_23,load_zone_23,0.00025,0.00067
784.0,2026-07-02T13:01:12.534,1,-109.796,452.482,21.525,-0.5,0.0,GOING_TO_ENDPOINT,dump_zone_22,load_zone_23,0.00025,0.00067
784.0,2026-07-02T13:01:12.534,2,601.256,198.238,5.254,0.0188,0.0,GOING_TO_ENDPOINT,dump_zone_3,load_zone_26,0.000254,0.000681
784.0,2026-07-02T13:01:12.534,3,-97.5,452.811,26.493,0.25,0.0,GOING_TO_ENDPOINT,dump_zone_23,load_zone_23,0.000288,0.000772
785.0,2026-07-02T13:01:14.274,1,-104.088,452.523,19.725,-0.5,0.0,GOING_TO_ENDPOINT,dump_zone_22,load_zone_23,0.00025,0.00067
785.0,2026-07-02T13:01:14.274,2,599.951,198.449,4.322,-0.1479,0.0,GOING_TO_ENDPOINT,dump_zone_3,load_zone_26,0.000251,0.000673
785.0,2026-07-02T13:01:14.274,3,-97.5,445.292,27.978,0.6847,0.0,GOING_TO_ENDPOINT,dump_zone_23,load_zone_23,0.00033,0.000884
786.0,2026-07-02T13:01:16.406,1,-99.081,451.562,17.925,-0.5,0.0,GOING_TO_ENDPOINT,dump_zone_22,load_zone_23,0.00025,0.00067
786.0,2026-07-02T13:01:16.406,2,598.645,198.225,5.739,0.8521,0.0,GOING_TO_ENDPOINT,dump_zone_3,load_zone_26,0.000269,0.000721
786.0,2026-07-02T13:01:16.406,3,-97.5,437.359,28.542,-0.1506,0.0,GOING_TO_ENDPOINT,dump_zone_23,load_zone_23,0.000254,0.000681
787.0,2026-07-02T13:01:18.661,1,-96.738,447.617,16.15,-0.4167,0.0,GOING_TO_ENDPOINT,dump_zone_22,load_zone_23,0.00025,0.00067
787.0,2026-07-02T13:01:18.661,2,596.921,197.018,9.32,1.0,0.0,GOING_TO_ENDPOINT,dump_zone_3,load_zone_26,0.000286,0.000766
787.0,2026-07-02T13:01:18.661,3,-97.5,429.587,27.605,-0.0779,0.0,GOING_TO_ENDPOINT,dump_zone_23,load_zone_23,0.000261,0.000699
788.0,2026-07-02T13:01:20.849,1,-97.057,443.16,16.6,0.5833,0.0,GOING_TO_ENDPOINT,dump_zone_22,load_zone_23,0.000292,0.000783
788.0,2026-07-02T13:01:20.849,2,596.044,194.097,12.92,1.0,0.0,GOING_TO_ENDPOINT,dump_zone_3,load_zone_26,0.0003,0.000804
788.0,2026-07-02T13:01:20.849,3,-97.5,421.828,28.212,0.1306,0.0,GOING_TO_ENDPOINT,dump_zone_23,load_zone_23,0.00028,0.00075
789.0,2026-07-02T13:01:23.149,1,-97.358,438.08,19.95,1.0,0.0,GOING_TO_ENDPOINT,dump_zone_22,load_zone_23,0.000327,0.000876
789.0,2026-07-02T13:01:23.149,2,598.003,190.531,16.52,1.0,0.0,GOING_TO_ENDPOINT,dump_zone_3,load_zone_26,0.000314,0.000842
789.0,2026-07-02T13:01:23.149,3,-97.5,413.835,29.019,-0.1086,0.0,GOING_TO_ENDPOINT,dump_zone_23,load_zone_23,0.000258,0.000691
790.0,2026-07-02T13:01:25.387,1,-97.494,431.999,23.55,1.0,0.0,GOING_TO_ENDPOINT,dump_zone_22,load_zone_23,0.000341,0.000914
790.0,2026-07-02T13:01:25.387,2,600.546,186.082,20.12,1.0,0.0,GOING_TO_ENDPOINT,dump_zone_3,load_zone_26,0.000328,0.000879
790.0,2026-07-02T13:01:25.387,3,-97.5,405.956,27.879,-0.0833,0.0,GOING_TO_ENDPOINT,dump_zone_23,load_zone_23,0.00026,0.000697
791.0,2026-07-02T13:01:27.978,1,-97.501,424.936,26.775,0.5833,0.0,GOING_TO_ENDPOINT,dump_zone_22,load_zone_23,0.000317,0.00085
791.0,2026-07-02T13:01:27.978,2,602.204,180.204,23.72,1.0,0.0,GOING_TO_ENDPOINT,dump_zone_3,load_zone_26,0.000342,0.000917
791.0,2026-07-02T13:01:27.978,3,-97.5,398.162,28.341,0.1598,0.0,GOING_TO_ENDPOINT,dump_zone_23,load_zone_23,0.000283,0.000758
792.0,2026-07-02T13:01:30.752,1,-97.5,417.363,27.415,-0.0165,0.0,GOING_TO_ENDPOINT,dump_zone_22,load_zone_23,0.000266,0.000713
792.0,2026-07-02T13:01:30.752,2,602.509,173.091,27.17,0.75,0.0,GOING_TO_ENDPOINT,dump_zone_3,load_zone_26,0.000333,0.000892
792.0,2026-07-02T13:01:30.752,3,-97.5,390.292,28.287,-0.0104,0.0,GOING_TO_ENDPOINT,dump_zone_23,load_zone_23,0.000267,0.000716
793.0,2026-07-02T13:01:33.377,1,-97.5,409.82,27.005,0.0097,0.0,GOING_TO_ENDPOINT,dump_zone_22,load_zone_23,0.000268,0.000718
793.0,2026-07-02T13:01:33.377,2,602.499,165.349,27.92,-0.25,0.0,GOING_TO_ENDPOINT,dump_zone_3,load_zone_26,0.00025,0.00067
793.0,2026-07-02T13:01:33.377,3,-97.5,382.441,28.271,0.0997,0.0,GOING_TO_ENDPOINT,dump_zone_23,load_zone_23,0.000277,0.000742
794.0,2026-07-02T13:01:36.108,1,-97.5,402.33,26.79,-0.1569,0.0,GOING_TO_ENDPOINT,dump_zone_22,load_zone_23,0.000253,0.000678
794.0,2026-07-02T13:01:36.108,2,602.5,157.819,26.445,-0.25,0.0,GOING_TO_ENDPOINT,dump_zone_3,load_zone_26,0.00025,0.00067
794.0,2026-07-02T13:01:36.108,3,-97.5,374.638,27.633,-0.3153,0.0,GOING_TO_ENDPOINT,dump_zone_23,load_zone_23,0.00025,0.00067
795.0,2026-07-02T13:01:38.811,1,-97.5,394.865,27.275,0.1764,0.0,GOING_TO_ENDPOINT,dump_zone_22,load_zone_23,0.000283,0.000758
795.0,2026-07-02T13:01:38.811,2,602.5,150.41,27.195,0.25,0.0,GOING_TO_ENDPOINT,dump_zone_3,load_zone_26,0.000289,0.000775
795.0,2026-07-02T13:01:38.811,3,-97.5,367.053,27.097,-0.3153,0.0,GOING_TO_ENDPOINT,dump_zone_23,load_zone_23,0.00025,0.00067
796.0,2026-07-02T13:01:41.169,1,-97.5,387.173,28.191,0.2793,0.0,GOING_TO_ENDPOINT,dump_zone_22,load_zone_23,0.000293,0.000785
796.0,2026-07-02T13:01:41.169,2,602.5,142.887,26.703,-0.284,0.0,GOING_TO_ENDPOINT,dump_zone_3,load_zone_26,0.00025,0.00067
796.0,2026-07-02T13:01:41.169,3,-97.5,359.787,25.333,-0.5,0.0,GOING_TO_ENDPOINT,dump_zone_23,load_zone_23,0.00025,0.00067
797.0,2026-07-02T13:01:43.169,1,-97.5,379.387,27.596,-0.18,0.0,GOING_TO_ENDPOINT,dump_zone_22,load_zone_23,0.000251,0.000673
797.0,2026-07-02T13:01:43.169,2,602.5,135.413,27.581,0.5494,0.0,GOING_TO_ENDPOINT,dump_zone_3,load_zone_26,0.000316,0.000847
797.0,2026-07-02T13:01:43.169,3,-97.5,353.021,23.533,-0.5,0.0,GOING_TO_ENDPOINT,dump_zone_23,load_zone_23,0.00025,0.00067
798.0,2026-07-02T13:01:45.487,1,-97.5,371.66,28.08,0.1043,0.0,GOING_TO_ENDPOINT,dump_zone_22,load_zone_23,0.000277,0.000742
798.0,2026-07-02T13:01:45.487,2,602.5,127.571,28.459,-0.1173,0.0,GOING_TO_ENDPOINT,dump_zone_3,load_zone_26,0.000257,0.000689
798.0,2026-07-02T13:01:45.487,3,-97.5,346.755,21.733,-0.5,0.0,GOING_TO_ENDPOINT,dump_zone_23,load_zone_23,0.00025,0.00067
799.0,2026-07-02T13:01:47.371,1,-97.5,363.83,27.955,-0.3957,0.0,GOING_TO_ENDPOINT,dump_zone_22,load_zone_23,0.00025,0.00067
799.0,2026-07-02T13:01:47.371,2,602.5,119.877,27.018,-0.25,0.0,GOING_TO_ENDPOINT,dump_zone_3,load_zone_26,0.00025,0.00067
799.0,2026-07-02T13:01:47.371,3,-97.5,340.989,19.933,-0.5,0.0,GOING_TO_ENDPOINT,dump_zone_23,load_zone_23,0.00025,0.00067
800.0,2026-07-02T13:01:49.060,1,-97.5,356.333,26.162,-0.5,0.0,GOING_TO_ENDPOINT,dump_zone_22,load_zone_23,0.00025,0.00067
800.0,2026-07-02T13:01:49.060,2,602.5,112.428,27.055,0.3347,0.0,GOING_TO_ENDPOINT,dump_zone_3,load_zone_26,0.000296,0.000793
800.0,2026-07-02T13:01:49.060,3,-97.5,335.722,18.133,-0.5,0.0,GOING_TO_ENDPOINT,dump_zone_23,load_zone_23,0.00025,0.00067
801.0,2026-07-02T13:01:50.469,1,-97.5,349.337,24.362,-0.5,0.0,GOING_TO_ENDPOINT,dump_zone_22,load_zone_23,0.00025,0.00067
801.0,2026-07-02T13:01:50.469,2,602.5,104.672,28.86,0.5014,0.0,GOING_TO_ENDPOINT,dump_zone_3,load_zone_26,0.000315,0.000844
801.0,2026-07-02T13:01:50.469,3,-97.5,330.956,16.333,-0.5,0.0,GOING_TO_ENDPOINT,dump_zone_23,load_zone_23,0.00025,0.00067
802.0,2026-07-02T13:01:52.336,1,-97.5,342.841,22.562,-0.5,0.0,GOING_TO_ENDPOINT,dump_zone_22,load_zone_23,0.00025,0.00067
802.0,2026-07-02T13:01:52.336,2,602.5,96.594,28.715,-0.4986,0.0,GOING_TO_ENDPOINT,dump_zone_3,load_zone_26,0.00025,0.00067
802.0,2026-07-02T13:01:52.336,3,-98.699,327.013,14.533,-0.5,0.0,GOING_TO_ENDPOINT,dump_zone_23,load_zone_23,0.00025,0.00067
803.0,2026-07-02T13:01:54.310,1,-97.5,336.845,20.762,-0.5,0.0,GOING_TO_ENDPOINT,dump_zone_22,load_zone_23,0.00025,0.00067
803.0,2026-07-02T13:01:54.310,2,602.5,88.832,27.445,-0.25,0.0,GOING_TO_ENDPOINT,dump_zone_3,load_zone_26,0.00025,0.00067
803.0,2026-07-02T13:01:54.310,3,-102.158,325.907,12.733,-0.5,0.0,GOING_TO_ENDPOINT,dump_zone_23,load_zone_23,0.00025,0.00067
804.0,2026-07-02T13:01:55.884,1,-97.5,331.348,18.962,-0.5,0.0,GOING_TO_ENDPOINT,dump_zone_22,load_zone_23,0.00025,0.00067
804.0,2026-07-02T13:01:55.884,2,602.5,81.295,26.891,-0.0163,0.0,GOING_TO_ENDPOINT,dump_zone_3,load_zone_26,0.000266,0.000713
804.0,2026-07-02T13:01:55.884,3,-104.842,327.608,10.933,-0.5,0.0,GOING_TO_ENDPOINT,dump_zone_23,load_zone_23,0.00025,0.00067
805.0,2026-07-02T13:01:58.104,1,-98.498,326.595,17.162,-0.5,0.0,GOING_TO_ENDPOINT,dump_zone_22,load_zone_23,0.00025,0.00067
805.0,2026-07-02T13:01:58.104,2,602.5,73.718,27.455,0.0202,0.0,GOING_TO_ENDPOINT,dump_zone_3,load_zone_26,0.000269,0.000721
805.0,2026-07-02T13:01:58.104,3,-105.532,330.232,9.133,-0.5,0.0,GOING_TO_ENDPOINT,dump_zone_23,load_zone_23,0.00025,0.00067
806.0,2026-07-02T13:02:00.318,1,-102.586,325.372,15.362,-0.5,0.0,GOING_TO_ENDPOINT,dump_zone_22,load_zone_23,0.00025,0.00067
806.0,2026-07-02T13:02:00.318,2,602.5,65.94,28.398,0.0181,0.0,GOING_TO_ENDPOINT,dump_zone_3,load_zone_26,0.00027,0.000724
806.0,2026-07-02T13:02:00.318,3,-104.698,332.357,8.033,0.0833,0.0,GOING_TO_ENDPOINT,dump_zone_23,load_zone_23,0.000257,0.000689
807.0,2026-07-02T13:02:02.369,1,-105.35,328.03,13.562,-0.5,0.0,GOING_TO_ENDPOINT,dump_zone_22,load_zone_23,0.00025,0.00067
807.0,2026-07-02T13:02:02.369,2,602.5,58.07,28.145,-0.2604,0.0,GOING_TO_ENDPOINT,dump_zone_3,load_zone_26,0.00025,0.00067
807.0,2026-07-02T13:02:02.369,3,-102.673,333.728,10.258,1.0,0.0,GOING_TO_ENDPOINT,dump_zone_23,load_zone_23,0.00029,0.000777
808.0,2026-07-02T13:02:04.848,1,-104.921,331.391,11.762,-0.5,0.0,GOING_TO_ENDPOINT,dump_zone_22,load_zone_23,0.00025,0.00067
808.0,2026-07-02T13:02:04.848,2,602.5,50.456,27.11,0.0815,0.0,GOING_TO_ENDPOINT,dump_zone_3,load_zone_26,0.000274,0.000734
808.0,2026-07-02T13:02:04.848,3,-99.435,333.254,13.483,0.5833,0.0,GOING_TO_ENDPOINT,dump_zone_23,load_zone_23,0.000284,0.000761
809.0,2026-07-02T13:02:07.739,1,-102.568,333.134,9.987,-0.4167,0.0,GOING_TO_ENDPOINT,dump_zone_22,load_zone_23,0.00025,0.00067
809.0,2026-07-02T13:02:07.739,2,602.5,42.682,29.054,0.5815,0.0,GOING_TO_ENDPOINT,dump_zone_3,load_zone_26,0.000323,0.000866
809.0,2026-07-02T13:02:07.739,3,-97.093,330.294,13.633,-0.4167,0.0,GOING_TO_ENDPOINT,dump_zone_23,load_zone_23,0.00025,0.00067
810.0,2026-07-02T13:02:10.924,1,-99.872,332.918,10.409,0.491,0.0,GOING_TO_ENDPOINT,dump_zone_22,load_zone_23,0.000273,0.000732
810.0,2026-07-02T13:02:10.924,2,602.5,34.507,29.197,-0.4185,0.0,GOING_TO_ENDPOINT,dump_zone_3,load_zone_26,0.00025,0.00067
810.0,2026-07-02T13:02:10.924,3,-97.666,326.937,11.833,-0.5,0.0,GOING_TO_ENDPOINT,dump_zone_23,load_zone_23,0.00025,0.00067
811.0,2026-07-02T13:02:13.858,1,-97.808,330.84,10.526,-0.4257,0.0,GOING_TO_ENDPOINT,dump_zone_22,load_zone_23,0.00025,0.00067
811.0,2026-07-02T13:02:13.858,2,602.5,26.622,27.992,-0.1718,0.0,GOING_TO_ENDPOINT,dump_zone_3,load_zone_26,0.000252,0.000675
811.0,2026-07-02T13:02:13.858,3,-100.115,325.297,10.033,-0.5,0.0,GOING_TO_ENDPOINT,dump_zone_23,load_zone_23,0.00025,0.00067
812.0,2026-07-02T13:02:15.859,1,-97.572,328.245,8.726,-0.5,0.0,GOING_TO_ENDPOINT,dump_zone_22,load_zone_23,0.00025,0.00067
812.0,2026-07-02T13:02:15.859,2,602.5,18.999,26.974,-0.3385,0.0,GOING_TO_ENDPOINT,dump_zone_3,load_zone_26,0.00025,0.00067
812.0,2026-07-02T13:02:15.859,3,-102.579,325.535,8.233,-0.5,0.0,GOING_TO_ENDPOINT,dump_zone_23,load_zone_23,0.00025,0.00067
813.0,2026-07-02T13:02:18.156,1,-98.29,326.219,6.926,-0.5,0.0,GOING_TO_ENDPOINT,dump_zone_22,load_zone_23,0.00025,0.00067
813.0,2026-07-02T13:02:18.156,2,602.5,11.509,27.252,0.232,0.0,GOING_TO_ENDPOINT,dump_zone_3,load_zone_26,0.000288,0.000772
813.0,2026-07-02T13:02:18.156,3,-104.158,326.755,6.433,-0.5,0.0,GOING_TO_ENDPOINT,dump_zone_23,load_zone_23,0.00025,0.00067
814.0,2026-07-02T13:02:20.490,1,-98.29,324.577,5.126,-0.5,0.0,GOING_TO_ENDPOINT,dump_zone_22,load_zone_23,0.00025,0.00067
814.0,2026-07-02T13:02:20.490,2,602.5,3.845,28.087,0.232,0.0,GOING_TO_ENDPOINT,dump_zone_3,load_zone_26,0.000289,0.000775
814.0,2026-07-02T13:02:20.490,3,-104.867,328.159,5.308,-0.0833,0.0,GOING_TO_ENDPOINT,dump_zone_23,load_zone_23,0.000252,0.000675
815.0,2026-07-02T13:02:22.516,1,-97.9,323.496,3.326,-0.5,0.0,LOADING,dump_zone_22,load_zone_23,0.00025,0.00067
815.0,2026-07-02T13:02:22.516,2,602.5,-4.022,28.206,-0.1617,0.0,GOING_TO_ENDPOINT,dump_zone_3,load_zone_26,0.000253,0.000678
815.0,2026-07-02T13:02:22.516,3,-104.994,329.613,5.498,0.2331,0.0,GOING_TO_ENDPOINT,dump_zone_23,load_zone_23,0.000258,0.000691
816.0,2026-07-02T13:02:24.886,1,-97.551,322.945,1.526,-0.5,0.0,LOADING,dump_zone_22,load_zone_23,0.00025,0.00067
816.0,2026-07-02T13:02:24.886,2,602.5,-11.772,27.466,-0.1872,0.0,GOING_TO_ENDPOINT,dump_zone_3,load_zone_26,0.000251,0.000673
816.0,2026-07-02T13:02:24.886,3,-104.439,331.281,7.667,1.0,0.0,GOING_TO_ENDPOINT,dump_zone_23,load_zone_23,0.00028,0.00075
817.0,2026-07-02T13:02:27.277,1,-97.452,322.816,0.0,-0.5,0.0,LOADING,dump_zone_22,load_zone_23,0.00025,0.00067
817.0,2026-07-02T13:02:27.277,2,602.5,-19.319,26.951,0.0587,0.0,GOING_TO_ENDPOINT,dump_zone_3,load_zone_26,0.000272,0.000729
817.0,2026-07-02T13:02:27.277,3,-102.408,332.938,11.267,1.0,0.0,GOING_TO_ENDPOINT,dump_zone_23,load_zone_23,0.000294,0.000788
818.0,2026-07-02T13:02:30.537,1,-97.452,322.816,0.0,-0.5,0.0,LOADING,dump_zone_22,load_zone_23,0.00025,0.00067
818.0,2026-07-02T13:02:30.537,2,602.5,-26.967,28.25,0.4565,0.0,GOING_TO_ENDPOINT,dump_zone_3,load_zone_26,0.00031,0.000831
818.0,2026-07-02T13:02:30.537,3,-98.931,332.545,14.167,0.4167,0.0,GOING_TO_ENDPOINT,dump_zone_23,load_zone_23,0.000278,0.000745
819.0,2026-07-02T13:02:32.983,1,-95.852,321.651,7.2,0.0,1000.0,TURNING_AROUND,load_zone_23,dump_zone_22,0.000258,0.000691
819.0,2026-07-02T13:02:32.983,2,602.5,-35.026,29.525,0.1106,0.0,GOING_TO_ENDPOINT,dump_zone_3,load_zone_26,0.000279,0.000748
819.0,2026-07-02T13:02:32.983,3,-97.089,329.134,15.117,0.5833,0.0,GOING_TO_ENDPOINT,dump_zone_23,load_zone_23,0.000288,0.000772
820.0,2026-07-02T13:02:34.821,1,-95.345,321.392,5.4,0.0,1000.0,TURNING_AROUND,load_zone_23,dump_zone_22,0.000256,0.000686
820.0,2026-07-02T13:02:34.821,2,602.5,-43.099,28.407,-0.4167,0.0,GOING_TO_ENDPOINT,dump_zone_3,load_zone_26,0.00025,0.00067
820.0,2026-07-02T13:02:34.821,3,-99.492,325.535,17.817,0.75,0.0,GOING_TO_ENDPOINT,dump_zone_23,load_zone_23,0.000305,0.000817
821.0,2026-07-02T13:02:36.572,1,-95.436,321.559,7.2,0.0,1000.0,TURNING_AROUND,load_zone_23,dump_zone_22,0.000258,0.000691
821.0,2026-07-02T13:02:36.572,2,602.5,-50.779,27.311,0.0328,0.0,GOING_TO_ENDPOINT,dump_zone_3,load_zone_26,0.00027,0.000724
821.0,2026-07-02T13:02:36.572,3,-104.162,326.653,18.567,-0.25,0.0,GOING_TO_ENDPOINT,dump_zone_23,load_zone_23,0.00025,0.00067
822.0,2026-07-02T13:02:38.040,1,-93.983,322.902,7.2,0.0,1000.0,TURNING_AROUND,load_zone_23,dump_zone_22,0.000258,0.000691
822.0,2026-07-02T13:02:38.040,2,602.5,-58.443,27.879,0.3661,0.0,GOING_TO_ENDPOINT,dump_zone_3,load_zone_26,0.000301,0.000807
822.0,2026-07-02T13:02:38.040,3,-104.544,331.246,16.842,-0.5,0.0,GOING_TO_ENDPOINT,dump_zone_23,load_zone_23,0.00025,0.00067
823.0,2026-07-02T13:02:39.796,1,-94.204,322.138,0.0,0.0,1000.0,RETURNING_TO_START,load_zone_23,dump_zone_22,0.00025,0.00067
823.0,2026-07-02T13:02:39.796,2,602.5,-66.231,27.628,-0.5,0.0,GOING_TO_ENDPOINT,dump_zone_3,load_zone_26,0.00025,0.00067
823.0,2026-07-02T13:02:39.796,3,-100.792,333.228,15.523,-0.4961,0.0,GOING_TO_ENDPOINT,dump_zone_23,load_zone_23,0.00025,0.00067
824.0,2026-07-02T13:02:42.382,1,-94.204,322.171,0.525,0.5,1000.0,RETURNING_TO_START,load_zone_23,dump_zone_22,0.000252,0.000675
824.0,2026-07-02T13:02:42.382,2,602.5,-73.635,25.828,-0.5,0.0,GOING_TO_ENDPOINT,dump_zone_3,load_zone_26,0.00025,0.00067
824.0,2026-07-02T13:02:42.382,3,-97.53,331.109,14.048,-0.25,0.0,GOING_TO_ENDPOINT,dump_zone_23,load_zone_23,0.00025,0.00067
825.0,2026-07-02T13:02:45.107,1,-94.253,322.743,3.375,0.5833,1000.0,RETURNING_TO_START,load_zone_23,dump_zone_22,0.000264,0.000708
825.0,2026-07-02T13:02:45.107,2,602.5,-80.539,24.028,-0.5,0.0,GOING_TO_ENDPOINT,dump_zone_3,load_zone_26,0.00025,0.00067
825.0,2026-07-02T13:02:45.107,3,-97.408,327.582,12.323,-0.5,0.0,GOING_TO_ENDPOINT,dump_zone_23,load_zone_23,0.00025,0.00067
826.0,2026-07-02T13:02:47.372,1,-94.547,323.784,4.275,0.4167,1000.0,RETURNING_TO_START,load_zone_23,dump_zone_22,0.000264,0.000708
826.0,2026-07-02T13:02:47.372,2,602.5,-86.942,22.228,-0.5,0.0,GOING_TO_ENDPOINT,dump_zone_3,load_zone_26,0.00025,0.00067
826.0,2026-07-02T13:02:47.372,3,-99.518,325.328,10.523,-0.5,0.0,GOING_TO_ENDPOINT,dump_zone_23,load_zone_23,0.00025,0.00067
827.0,2026-07-02T13:02:49.421,1,-95.195,325.25,7.35,1.0,1000.0,RETURNING_TO_START,load_zone_23,dump_zone_22,0.000297,0.000796
827.0,2026-07-02T13:02:49.421,2,602.5,-92.846,20.428,-0.5,0.0,GOING_TO_ENDPOINT,dump_zone_3,load_zone_26,0.00025,0.00067
827.0,2026-07-02T13:02:49.421,3,-101.782,323.956,8.723,-0.5,0.0,GOING_TO_ENDPOINT,dump_zone_23,load_zone_23,0.00025,0.00067
828.0,2026-07-02T13:02:51.378,1,-96.541,327.454,10.95,1.0,1000.0,RETURNING_TO_START,load_zone_23,dump_zone_22,0.000321,0.00086
828.0,2026-07-02T13:02:51.378,2,602.523,-98.249,18.653,-0.4167,0.0,GOING_TO_ENDPOINT,dump_zone_3,load_zone_26,0.00025,0.00067
828.0,2026-07-02T13:02:51.378,3,-102.95,322.178,6.923,-0.5,0.0,GOING_TO_ENDPOINT,dump_zone_23,load_zone_23,0.00025,0.00067
829.0,2026-07-02T13:02:53.807,1,-98.581,330.399,14.55,1.0,1000.0,RETURNING_TO_START,load_zone_23,dump_zone_22,0.000344,0.000922
829.0,2026-07-02T13:02:53.807,2,605.835,-101.745,19.103,0.5833,0.0,GOING_TO_ENDPOINT,dump_zone_3,load_zone_26,0.000298,0.000799
829.0,2026-07-02T13:02:53.807,3,-103.131,320.547,5.123,-0.5,0.0,GOING_TO_ENDPOINT,dump_zone_23,load_zone_23,0.00025,0.00067
830.0,2026-07-02T13:02:56.065,1,-101.168,334.176,18.15,1.0,1000.0,RETURNING_TO_START,load_zone_23,dump_zone_22,0.000367,0.000984
830.0,2026-07-02T13:02:56.065,2,610.95,-99.504,22.428,0.9167,0.0,GOING_TO_ENDPOINT,dump_zone_3,load_zone_26,0.000331,0.000887
830.0,2026-07-02T13:02:56.065,3,-102.863,319.43,3.323,-0.5,0.0,LOADING,dump_zone_23,load_zone_23,0.00025,0.00067
831.0,2026-07-02T13:02:58.646,1,-102.464,339.554,21.65,1.0,1000.0,RETURNING_TO_START,load_zone_23,dump_zone_22,0.00039,0.001045
831.0,2026-07-02T13:02:58.646,2,616.92,-97.29,23.778,-0.0833,0.0,GOING_TO_ENDPOINT,dump_zone_3,load_zone_26,0.000259,0.000694
831.0,2026-07-02T13:02:58.646,3,-102.577,318.845,1.523,-0.5,0.0,LOADING,dump_zone_23,load_zone_23,0.00025,0.00067
832.0,2026-07-02T13:03:01.064,1,-102.514,346.013,24.125,0.25,1000.0,RETURNING_TO_START,load_zone_23,dump_zone_22,0.000308,0.000825
832.0,2026-07-02T13:03:01.064,2,623.316,-97.428,22.228,-0.5,0.0,GOING_TO_ENDPOINT,dump_zone_3,load_zone_26,0.00025,0.00067
832.0,2026-07-02T13:03:01.064,3,-102.492,318.707,0.0,-0.5,0.0,LOADING,dump_zone_23,load_zone_23,0.00025,0.00067
833.0,2026-07-02T13:03:03.354,1,-102.5,352.645,23.225,-0.5,1000.0,RETURNING_TO_START,load_zone_23,dump_zone_22,0.00025,0.00067
833.0,2026-07-02T13:03:03.354,2,629.219,-97.499,20.428,-0.5,0.0,GOING_TO_ENDPOINT,dump_zone_3,load_zone_26,0.00025,0.00067
833.0,2026-07-02T13:03:03.354,3,-102.492,318.707,0.0,-0.5,0.0,LOADING,dump_zone_23,load_zone_23,0.00025,0.00067
834.0,2026-07-02T13:03:04.753,1,-102.5,358.882,21.85,-0.4167,1000.0,RETURNING_TO_START,load_zone_23,dump_zone_22,0.00025,0.00067
834.0,2026-07-02T13:03:04.753,2,634.622,-97.501,18.628,-0.5,0.0,GOING_TO_ENDPOINT,dump_zone_3,load_zone_26,0.00025,0.00067
834.0,2026-07-02T13:03:04.753,3,-101.018,317.387,7.2,0.0,1000.0,TURNING_AROUND,load_zone_23,dump_zone_23,0.000258,0.000691
835.0,2026-07-02T13:03:06.714,1,-102.5,364.924,22.0,0.0833,1000.0,RETURNING_TO_START,load_zone_23,dump_zone_22,0.000283,0.000758
835.0,2026-07-02T13:03:06.714,2,639.526,-97.5,16.828,-0.5,0.0,GOING_TO_ENDPOINT,dump_zone_3,load_zone_26,0.00025,0.00067
835.0,2026-07-02T13:03:06.714,3,-100.54,317.077,5.4,0.0,1000.0,TURNING_AROUND,load_zone_23,dump_zone_23,0.000256,0.000686
836.0,2026-07-02T13:03:07.921,1,-102.5,370.967,21.75,0.25,1000.0,RETURNING_TO_START,load_zone_23,dump_zone_22,0.000302,0.000809
836.0,2026-07-02T13:03:07.921,2,643.93,-97.5,15.028,-0.5,0.0,GOING_TO_ENDPOINT,dump_zone_3,load_zone_26,0.00025,0.00067
836.0,2026-07-02T13:03:07.921,3,-100.614,317.253,7.2,0.0,1000.0,TURNING_AROUND,load_zone_23,dump_zone_23,0.000258,0.000691
837.0,2026-07-02T13:03:09.663,1,-102.5,377.297,23.645,0.307,1000.0,RETURNING_TO_START,load_zone_23,dump_zone_22,0.000314,0.000842
837.0,2026-07-02T13:03:09.663,2,647.833,-97.51,13.228,-0.5,0.0,GOING_TO_ENDPOINT,dump_zone_3,load_zone_26,0.00025,0.00067
837.0,2026-07-02T13:03:09.663,3,-99.032,318.442,7.2,0.0,1000.0,TURNING_AROUND,load_zone_23,dump_zone_23,0.000258,0.000691
838.0,2026-07-02T13:03:11.609,1,-102.5,383.851,23.3,-0.193,1000.0,RETURNING_TO_START,load_zone_23,dump_zone_22,0.00025,0.00067
838.0,2026-07-02T13:03:11.609,2,651.131,-98.225,11.428,-0.5,0.0,GOING_TO_ENDPOINT,dump_zone_3,load_zone_26,0.00025,0.00067
838.0,2026-07-02T13:03:11.609,3,-99.366,317.585,5.4,0.0,1000.0,TURNING_AROUND,load_zone_23,dump_zone_23,0.000256,0.000686
839.0,2026-07-02T13:03:13.708,1,-102.5,390.321,23.353,-0.0702,1000.0,RETURNING_TO_START,load_zone_23,dump_zone_22,0.000266,0.000713
839.0,2026-07-02T13:03:13.708,2,653.488,-99.914,9.778,-0.25,0.0,GOING_TO_ENDPOINT,dump_zone_3,load_zone_26,0.00025,0.00067
839.0,2026-07-02T13:03:13.708,3,-99.429,317.349,0.15,0.25,1000.0,RETURNING_TO_START,load_zone_23,dump_zone_23,0.00025,0.00067
840.0,2026-07-02T13:03:15.204,1,-102.5,396.692,22.672,-0.1075,1000.0,RETURNING_TO_START,load_zone_23,dump_zone_22,0.000261,0.000699
840.0,2026-07-02T13:03:15.204,2,655.498,-101.85,10.828,0.75,0.0,GOING_TO_ENDPOINT,dump_zone_3,load_zone_26,0.000283,0.000758
840.0,2026-07-02T13:03:15.204,3,-99.432,317.731,2.85,1.0,1000.0,RETURNING_TO_START,load_zone_23,dump_zone_23,0.000268,0.000718
841.0,2026-07-02T13:03:16.933,1,-102.5,403.002,23.076,0.4731,1000.0,RETURNING_TO_START,load_zone_23,dump_zone_22,0.000333,0.000892
841.0,2026-07-02T13:03:16.933,2,657.968,-104.371,14.353,1.0,0.0,GOING_TO_ENDPOINT,dump_zone_3,load_zone_26,0.000306,0.00082
841.0,2026-07-02T13:03:16.933,3,-99.548,319.059,6.45,1.0,1000.0,RETURNING_TO_START,load_zone_23,dump_zone_23,0.000292,0.000783
842.0,2026-07-02T13:03:18.235,1,-102.5,409.513,23.236,-0.2612,1000.0,RETURNING_TO_START,load_zone_23,dump_zone_22,0.00025,0.00067
842.0,2026-07-02T13:03:18.235,2,661.147,-107.596,17.953,1.0,0.0,GOING_TO_ENDPOINT,dump_zone_3,load_zone_26,0.000319,0.000855
842.0,2026-07-02T13:03:18.235,3,-99.895,321.366,10.05,1.0,1000.0,RETURNING_TO_START,load_zone_23,dump_zone_23,0.000315,0.000844
843.0,2026-07-02T13:03:19.922,1,-102.5,415.757,21.673,-0.5,1000.0,RETURNING_TO_START,load_zone_23,dump_zone_22,0.00025,0.00067
843.0,2026-07-02T13:03:19.922,2,665.049,-111.513,21.553,1.0,0.0,GOING_TO_ENDPOINT,dump_zone_3,load_zone_26,0.000333,0.000892
843.0,2026-07-02T13:03:19.922,3,-100.522,324.64,13.65,1.0,1000.0,RETURNING_TO_START,load_zone_23,dump_zone_23,0.000338,0.000906
844.0,2026-07-02T13:03:22.031,1,-102.5,421.507,19.873,-0.5,1000.0,RETURNING_TO_START,load_zone_23,dump_zone_22,0.00025,0.00067
844.0,2026-07-02T13:03:22.031,2,669.665,-116.13,25.153,1.0,0.0,GOING_TO_ENDPOINT,dump_zone_3,load_zone_26,0.000347,0.00093
844.0,2026-07-02T13:03:22.031,3,-101.378,328.888,17.25,1.0,1000.0,RETURNING_TO_START,load_zone_23,dump_zone_23,0.000361,0.000967
845.0,2026-07-02T13:03:24.472,1,-102.5,426.756,18.073,-0.5,1000.0,RETURNING_TO_START,load_zone_23,dump_zone_22,0.00025,0.00067
845.0,2026-07-02T13:03:24.472,2,674.921,-121.386,27.628,0.25,0.0,GOING_TO_ENDPOINT,dump_zone_3,load_zone_26,0.00029,0.000777
845.0,2026-07-02T13:03:24.472,3,-102.297,334.139,20.85,1.0,1000.0,RETURNING_TO_START,load_zone_23,dump_zone_23,0.000384,0.001029
846.0,2026-07-02T13:03:26.737,1,-102.5,431.505,16.273,-0.5,1000.0,RETURNING_TO_START,load_zone_23,dump_zone_22,0.00025,0.00067
846.0,2026-07-02T13:03:26.737,2,680.299,-126.763,26.728,-0.5,0.0,GOING_TO_ENDPOINT,dump_zone_3,load_zone_26,0.00025,0.00067
846.0,2026-07-02T13:03:26.737,3,-102.518,340.37,23.327,0.2562,1000.0,RETURNING_TO_START,load_zone_23,dump_zone_23,0.000307,0.000823
847.0,2026-07-02T13:03:28.980,1,-102.5,435.783,14.673,-0.4167,1000.0,RETURNING_TO_START,load_zone_23,dump_zone_22,0.00025,0.00067
847.0,2026-07-02T13:03:28.980,2,685.357,-131.822,24.928,-0.5,0.0,GOING_TO_ENDPOINT,dump_zone_3,load_zone_26,0.00025,0.00067
847.0,2026-07-02T13:03:28.980,3,-102.501,346.963,23.649,-0.3271,1000.0,RETURNING_TO_START,load_zone_23,dump_zone_23,0.00025,0.00067
848.0,2026-07-02T13:03:59.623,1,-102.5,439.588,12.873,-0.5,1000.0,RETURNING_TO_START,load_zone_23,dump_zone_22,0.00025,0.00067
848.0,2026-07-02T13:03:59.623,2,690.062,-136.527,23.128,-0.5,0.0,GOING_TO_ENDPOINT,dump_zone_3,load_zone_26,0.00025,0.00067
848.0,2026-07-02T13:03:59.623,3,-102.499,353.29,22.253,-0.0833,1000.0,RETURNING_TO_START,load_zone_23,dump_zone_23,0.000264,0.000708
849.0,2026-07-02T13:04:03.880,1,-102.5,442.9,11.127,-0.5,1000.0,RETURNING_TO_START,load_zone_23,dump_zone_22,0.00025,0.00067
849.0,2026-07-02T13:04:03.880,2,694.413,-140.878,21.328,-0.5,0.0,GOING_TO_ENDPOINT,dump_zone_3,load_zone_26,0.00025,0.00067
849.0,2026-07-02T13:04:03.880,3,-102.5,359.444,22.25,0.2073,1000.0,RETURNING_TO_START,load_zone_23,dump_zone_23,0.000298,0.000799
850.0,2026-07-02T13:04:07.567,1,-102.5,445.72,9.327,-0.5,1000.0,RETURNING_TO_START,load_zone_23,dump_zone_22,0.00025,0.00067
850.0,2026-07-02T13:04:07.567,2,698.411,-144.876,19.528,-0.5,0.0,GOING_TO_ENDPOINT,dump_zone_3,load_zone_26,0.00025,0.00067
850.0,2026-07-02T13:04:07.567,3,-102.5,365.757,22.696,-0.2927,1000.0,RETURNING_TO_START,load_zone_23,dump_zone_23,0.00025,0.00067
851.0,2026-07-02T13:04:10.629,1,-102.49,448.04,7.527,-0.5,1000.0,RETURNING_TO_START,load_zone_23,dump_zone_22,0.00025,0.00067
851.0,2026-07-02T13:04:10.629,2,701.803,-148.73,17.728,-0.5,0.0,GOING_TO_ENDPOINT,dump_zone_3,load_zone_26,0.00025,0.00067
851.0,2026-07-02T13:04:10.629,3,-102.5,372.023,22.947,0.3754,1000.0,RETURNING_TO_START,load_zone_23,dump_zone_23,0.000321,0.00086
852.0,2026-07-02T13:04:13.354,1,-102.893,449.964,7.377,0.4167,1000.0,RETURNING_TO_START,load_zone_23,dump_zone_22,0.000274,0.000734
852.0,2026-07-02T13:04:13.354,2,703.118,-153.092,16.078,-0.25,0.0,GOING_TO_ENDPOINT,dump_zone_3,load_zone_26,0.00025,0.00067
852.0,2026-07-02T13:04:13.354,3,-102.5,378.52,23.847,0.4015,1000.0,RETURNING_TO_START,load_zone_23,dump_zone_23,0.000327,0.000876
853.0,2026-07-02T13:04:16.125,1,-104.577,451.71,10.452,1.0,1000.0,RETURNING_TO_START,load_zone_23,dump_zone_22,0.000317,0.00085
853.0,2026-07-02T13:04:16.125,2,702.66,-157.609,17.078,0.5833,0.0,GOING_TO_ENDPOINT,dump_zone_3,load_zone_26,0.000293,0.000785
853.0,2026-07-02T13:04:16.125,3,-102.5,385.241,23.943,-0.4318,1000.0,RETURNING_TO_START,load_zone_23,dump_zone_23,0.00025,0.00067
854.0,2026-07-02T13:04:19.095,1,-107.909,451.892,14.052,1.0,1000.0,RETURNING_TO_START,load_zone_23,dump_zone_22,0.000341,0.000914
854.0,2026-07-02T13:04:19.095,2,702.5,-162.673,18.957,0.195,0.0,GOING_TO_ENDPOINT,dump_zone_3,load_zone_26,0.000274,0.000734
854.0,2026-07-02T13:04:19.095,3,-102.5,391.648,22.309,-0.4167,1000.0,RETURNING_TO_START,load_zone_23,dump_zone_23,0.00025,0.00067
855.0,2026-07-02T13:04:22.943,1,-111.701,449.586,17.652,1.0,1000.0,RETURNING_TO_START,load_zone_23,dump_zone_22,0.000364,0.000976
855.0,2026-07-02T13:04:22.943,2,702.496,-167.843,17.925,-0.5,0.0,GOING_TO_ENDPOINT,dump_zone_3,load_zone_26,0.00025,0.00067
855.0,2026-07-02T13:04:22.943,3,-102.5,397.829,22.709,0.4167,1000.0,RETURNING_TO_START,load_zone_23,dump_zone_23,0.000325,0.000871
856.0,2026-07-02T13:04:26.076,1,-116.775,447.741,21.252,1.0,1000.0,RETURNING_TO_START,load_zone_23,dump_zone_22,0.000387,0.001037
856.0,2026-07-02T13:04:26.076,2,702.5,-172.552,16.125,-0.5,0.0,GOING_TO_ENDPOINT,dump_zone_3,load_zone_26,0.00025,0.00067
856.0,2026-07-02T13:04:26.076,3,-102.5,404.192,23.009,0.25,1000.0,RETURNING_TO_START,load_zone_23,dump_zone_23,0.000305,0.000817
857.0,2026-07-02T13:04:29.389,1,-123.043,447.473,23.202,0.0833,1000.0,RETURNING_TO_START,load_zone_23,dump_zone_22,0.000285,0.000764
857.0,2026-07-02T13:04:29.389,2,702.5,-176.76,14.325,-0.5,0.0,GOING_TO_ENDPOINT,dump_zone_3,load_zone_26,0.00025,0.00067
857.0,2026-07-02T13:04:29.389,3,-102.5,410.74,23.659,-0.0833,1000.0,RETURNING_TO_START,load_zone_23,dump_zone_23,0.000264,0.000708
858.0,2026-07-02T13:04:32.065,1,-129.343,447.498,21.927,-0.5,1000.0,RETURNING_TO_START,load_zone_23,dump_zone_22,0.00025,0.00067
858.0,2026-07-02T13:04:32.065,2,702.5,-180.469,12.525,-0.5,0.0,GOING_TO_ENDPOINT,dump_zone_3,load_zone_26,0.00025,0.00067
858.0,2026-07-02T13:04:32.065,3,-102.5,417.186,22.759,-0.0833,1000.0,RETURNING_TO_START,load_zone_23,dump_zone_23,0.000264,0.000708
859.0,2026-07-02T13:04:34.675,1,-135.163,447.501,20.127,-0.5,1000.0,RETURNING_TO_START,load_zone_23,dump_zone_22,0.00025,0.00067
859.0,2026-07-02T13:04:34.675,2,702.5,-183.677,10.725,-0.5,0.0,GOING_TO_ENDPOINT,dump_zone_3,load_zone_26,0.00025,0.00067
859.0,2026-07-02T13:04:34.675,3,-102.5,423.581,23.069,-0.2164,1000.0,RETURNING_TO_START,load_zone_23,dump_zone_23,0.00025,0.00067
860.0,2026-07-02T13:04:37.220,1,-140.482,447.5,18.327,-0.5,1000.0,RETURNING_TO_START,load_zone_23,dump_zone_22,0.00025,0.00067
860.0,2026-07-02T13:04:37.220,2,702.5,-186.385,8.925,-0.5,0.0,GOING_TO_ENDPOINT,dump_zone_3,load_zone_26,0.00025,0.00067
860.0,2026-07-02T13:04:37.220,3,-102.5,429.868,22.438,0.1043,1000.0,RETURNING_TO_START,load_zone_23,dump_zone_23,0.000286,0.000766
861.0,2026-07-02T13:04:40.119,1,-145.302,447.5,16.527,-0.5,1000.0,RETURNING_TO_START,load_zone_23,dump_zone_22,0.00025,0.00067
861.0,2026-07-02T13:04:40.119,2,702.5,-188.594,7.125,-0.5,0.0,GOING_TO_ENDPOINT,dump_zone_3,load_zone_26,0.00025,0.00067
861.0,2026-07-02T13:04:40.119,3,-102.5,436.31,23.807,0.1605,1000.0,RETURNING_TO_START,load_zone_23,dump_zone_23,0.000296,0.000793
862.0,2026-07-02T13:04:44.074,1,-149.622,447.5,14.727,-0.5,1000.0,RETURNING_TO_START,load_zone_23,dump_zone_22,0.00025,0.00067
862.0,2026-07-02T13:04:44.074,2,702.514,-190.302,5.325,-0.5,0.0,GOING_TO_ENDPOINT,dump_zone_3,load_zone_26,0.00025,0.00067
862.0,2026-07-02T13:04:44.074,3,-102.5,442.894,23.335,-0.3395,1000.0,RETURNING_TO_START,load_zone_23,dump_zone_23,0.00025,0.00067
863.0,2026-07-02T13:04:46.435,1,-153.442,447.5,12.927,-0.5,1000.0,RETURNING_TO_START,load_zone_23,dump_zone_22,0.00025,0.00067
863.0,2026-07-02T13:04:46.435,2,702.79,-191.474,3.525,-0.5,0.0,GOING_TO_ENDPOINT,dump_zone_3,load_zone_26,0.00025,0.00067
863.0,2026-07-02T13:04:46.435,3,-102.5,449.331,23.068,-0.2543,1000.0,RETURNING_TO_START,load_zone_23,dump_zone_23,0.00025,0.00067
864.0,2026-07-02T13:04:48.706,1,-156.761,447.459,11.127,-0.5,1000.0,RETURNING_TO_START,load_zone_23,dump_zone_22,0.00025,0.00067
864.0,2026-07-02T13:04:48.706,2,703.107,-192.106,1.725,-0.5,0.0,LOADING,dump_zone_3,load_zone_26,0.00025,0.00067
864.0,2026-07-02T13:04:48.706,3,-102.5,455.622,22.419,-0.0077,1000.0,RETURNING_TO_START,load_zone_23,dump_zone_23,0.000273,0.000732
865.0,2026-07-02T13:04:52.007,1,-159.473,446.745,9.327,-0.5,1000.0,RETURNING_TO_START,load_zone_23,dump_zone_22,0.00025,0.00067
865.0,2026-07-02T13:04:52.007,2,703.222,-192.283,0.0,-0.5,0.0,LOADING,dump_zone_3,load_zone_26,0.00025,0.00067
865.0,2026-07-02T13:04:52.007,3,-102.5,462.017,23.642,0.3257,1000.0,RETURNING_TO_START,load_zone_23,dump_zone_23,0.000316,0.000847
866.0,2026-07-02T13:04:54.878,1,-161.655,445.959,7.527,-0.5,1000.0,RETURNING_TO_START,load_zone_23,dump_zone_22,0.00025,0.00067
866.0,2026-07-02T13:04:54.878,2,703.222,-192.283,0.0,-0.5,0.0,LOADING,dump_zone_3,load_zone_26,0.00025,0.00067
866.0,2026-07-02T13:04:54.878,3,-102.5,468.65,23.72,-0.0817,1000.0,RETURNING_TO_START,load_zone_23,dump_zone_23,0.000265,0.00071
867.0,2026-07-02T13:04:57.918,1,-163.442,445.629,5.727,-0.5,1000.0,RETURNING_TO_START,load_zone_23,dump_zone_22,0.00025,0.00067
867.0,2026-07-02T13:04:57.918,2,704.586,-193.483,7.2,0.0,1000.0,TURNING_AROUND,load_zone_26,dump_zone_3,0.000258,0.000691
867.0,2026-07-02T13:04:57.918,3,-102.5,475.217,23.649,0.1316,1000.0,RETURNING_TO_START,load_zone_23,dump_zone_23,0.000292,0.000783
868.0,2026-07-02T13:05:01.398,1,-164.896,445.525,5.14,0.0948,1000.0,RETURNING_TO_START,load_zone_23,dump_zone_22,0.000258,0.000691
868.0,2026-07-02T13:05:01.398,2,705.346,-193.857,5.4,0.0,1000.0,TURNING_AROUND,load_zone_26,dump_zone_3,0.000256,0.000686
868.0,2026-07-02T13:05:01.398,3,-102.5,481.971,24.672,-0.035,1000.0,RETURNING_TO_START,load_zone_23,dump_zone_23,0.000271,0.000726
869.0,2026-07-02T13:05:03.488,1,-166.384,445.491,5.331,-0.2479,1000.0,RETURNING_TO_START,load_zone_23,dump_zone_22,0.00025,0.00067
869.0,2026-07-02T13:05:03.488,2,704.989,-193.747,7.2,0.0,1000.0,TURNING_AROUND,load_zone_26,dump_zone_3,0.000258,0.000691
869.0,2026-07-02T13:05:03.488,3,-102.5,488.634,23.195,-0.5,1000.0,RETURNING_TO_START,load_zone_23,dump_zone_23,0.00025,0.00067
870.0,2026-07-02T13:05:06.620,1,-167.764,445.495,4.678,-0.0989,1000.0,RETURNING_TO_START,load_zone_23,dump_zone_22,0.000252,0.000675
870.0,2026-07-02T13:05:06.620,2,706.585,-192.576,7.2,0.0,1000.0,TURNING_AROUND,load_zone_26,dump_zone_3,0.000258,0.000691
870.0,2026-07-02T13:05:06.620,3,-102.5,494.806,21.395,-0.5,1000.0,RETURNING_TO_START,load_zone_23,dump_zone_23,0.00025,0.00067
871.0,2026-07-02T13:05:08.918,1,-169.069,445.716,4.619,-0.3497,1000.0,RETURNING_TO_START,load_zone_23,dump_zone_22,0.00025,0.00067
871.0,2026-07-02T13:05:08.918,2,706.413,-193.191,5.4,0.0,1000.0,TURNING_AROUND,load_zone_26,dump_zone_3,0.000256,0.000686
871.0,2026-07-02T13:05:08.918,3,-102.5,500.478,19.595,-0.5,1000.0,RETURNING_TO_START,load_zone_23,dump_zone_23,0.00025,0.00067
872.0,2026-07-02T13:05:11.576,1,-170.119,446.065,3.876,0.1765,1000.0,RETURNING_TO_START,load_zone_23,dump_zone_22,0.000258,0.000691
872.0,2026-07-02T13:05:11.576,2,706.35,-193.427,0.15,0.25,1000.0,RETURNING_TO_START,load_zone_26,dump_zone_3,0.00025,0.00067
872.0,2026-07-02T13:05:11.576,3,-102.5,505.651,17.795,-0.5,1000.0,RETURNING_TO_START,load_zone_23,dump_zone_23,0.00025,0.00067
873.0,2026-07-02T13:05:15.142,1,-171.209,446.748,5.611,0.8432,1000.0,RETURNING_TO_START,load_zone_23,dump_zone_22,0.000281,0.000753
873.0,2026-07-02T13:05:15.142,2,706.33,-193.046,2.85,1.0,1000.0,RETURNING_TO_START,load_zone_26,dump_zone_3,0.000268,0.000718
873.0,2026-07-02T13:05:15.142,3,-102.5,510.323,15.995,-0.5,1000.0,RETURNING_TO_START,load_zone_23,dump_zone_23,0.00025,0.00067
874.0,2026-07-02T13:05:18.130,1,-172.36,448.411,8.489,0.4167,1000.0,RETURNING_TO_START,load_zone_23,dump_zone_22,0.000278,0.000745
874.0,2026-07-02T13:05:18.130,2,705.972,-191.769,6.45,1.0,1000.0,RETURNING_TO_START,load_zone_26,dump_zone_3,0.000292,0.000783
874.0,2026-07-02T13:05:18.130,3,-102.5,514.495,14.195,-0.5,1000.0,RETURNING_TO_START,load_zone_23,dump_zone_23,0.00025,0.00067
875.0,2026-07-02T13:05:20.621,1,-172.477,450.747,8.064,-0.5,1000.0,RETURNING_TO_START,load_zone_23,dump_zone_22,0.00025,0.00067
875.0,2026-07-02T13:05:20.621,2,704.488,-189.99,10.05,1.0,1000.0,RETURNING_TO_START,load_zone_26,dump_zone_3,0.000315,0.000844
875.0,2026-07-02T13:05:20.621,3,-102.5,518.167,12.395,-0.5,1000.0,RETURNING_TO_START,load_zone_23,dump_zone_23,0.00025,0.00067
876.0,2026-07-02T13:05:22.887,1,-171.56,452.469,6.264,-0.5,1000.0,RETURNING_TO_START,load_zone_23,dump_zone_22,0.00025,0.00067
876.0,2026-07-02T13:05:22.887,2,701.926,-187.859,13.65,1.0,1000.0,RETURNING_TO_START,load_zone_26,dump_zone_3,0.000338,0.000906
876.0,2026-07-02T13:05:22.887,3,-101.829,521.207,10.595,-0.5,1000.0,RETURNING_TO_START,load_zone_23,dump_zone_23,0.00025,0.00067
877.0,2026-07-02T13:05:25.007,1,-170.403,453.361,4.464,-0.5,1000.0,RETURNING_TO_START,load_zone_23,dump_zone_22,0.00025,0.00067
877.0,2026-07-02T13:05:25.007,2,698.979,-184.714,17.25,1.0,1000.0,RETURNING_TO_START,load_zone_26,dump_zone_3,0.000361,0.000967
877.0,2026-07-02T13:05:25.007,3,-99.745,522.802,8.795,-0.5,1000.0,RETURNING_TO_START,load_zone_23,dump_zone_23,0.00025,0.00067
878.0,2026-07-02T13:05:27.221,1,-169.515,453.748,2.664,-0.5,1000.0,UNLOADING,load_zone_23,dump_zone_22,0.00025,0.00067
878.0,2026-07-02T13:05:27.221,2,697.559,-179.729,19.725,0.25,1000.0,RETURNING_TO_START,load_zone_26,dump_zone_3,0.000297,0.000796
878.0,2026-07-02T13:05:27.221,3,-97.602,522.916,6.995,-0.5,1000.0,RETURNING_TO_START,load_zone_23,dump_zone_23,0.00025,0.00067
879.0,2026-07-02T13:05:28.946,1,-169.108,453.981,0.864,-0.5,1000.0,UNLOADING,load_zone_23,dump_zone_22,0.00025,0.00067
879.0,2026-07-02T13:05:28.946,2,697.467,-174.322,18.825,-0.5,1000.0,RETURNING_TO_START,load_zone_26,dump_zone_3,0.00025,0.00067
879.0,2026-07-02T13:05:28.946,3,-96.088,522.235,5.195,-0.5,1000.0,RETURNING_TO_START,load_zone_23,dump_zone_23,0.00025,0.00067
880.0,2026-07-02T13:05:30.966,1,-169.068,454.007,0.0,-0.5,1000.0,UNLOADING,load_zone_23,dump_zone_22,0.00025,0.00067
880.0,2026-07-02T13:05:30.966,2,697.499,-169.364,17.025,-0.5,1000.0,RETURNING_TO_START,load_zone_26,dump_zone_3,0.00025,0.00067
880.0,2026-07-02T13:05:30.966,3,-95.177,521.497,3.395,-0.5,1000.0,UNLOADING,load_zone_23,dump_zone_23,0.00025,0.00067
881.0,2026-07-02T13:05:32.376,1,-168.322,454.375,7.2,0.0,0.0,TURNING_AROUND,dump_zone_22,load_zone_23,0.000255,0.000683
881.0,2026-07-02T13:05:32.376,2,697.502,-164.905,15.225,-0.5,1000.0,RETURNING_TO_START,load_zone_26,dump_zone_3,0.00025,0.00067
881.0,2026-07-02T13:05:32.376,3,-94.596,521.16,1.595,-0.5,1000.0,UNLOADING,load_zone_23,dump_zone_23,0.00025,0.00067
882.0,2026-07-02T13:05:35.461,1,-167.841,454.519,0.075,0.1667,0.0,GOING_TO_ENDPOINT,dump_zone_22,load_zone_23,0.00025,0.00067
882.0,2026-07-02T13:05:35.461,2,697.5,-160.947,13.425,-0.5,1000.0,RETURNING_TO_START,load_zone_26,dump_zone_3,0.00025,0.00067
882.0,2026-07-02T13:05:35.461,3,-94.434,521.087,0.0,-0.5,1000.0,UNLOADING,load_zone_23,dump_zone_23,0.00025,0.00067
883.0,2026-07-02T13:05:38.140,1,-167.522,454.516,2.55,1.0,0.0,GOING_TO_ENDPOINT,dump_zone_22,load_zone_23,0.00026,0.000697
883.0,2026-07-02T13:05:38.140,2,697.5,-157.489,11.625,-0.5,1000.0,RETURNING_TO_START,load_zone_26,dump_zone_3,0.00025,0.00067
883.0,2026-07-02T13:05:38.140,3,-94.434,521.087,0.0,-0.5,1000.0,UNLOADING,load_zone_23,dump_zone_23,0.00025,0.00067
884.0,2026-07-02T13:05:40.875,1,-166.277,454.405,6.15,1.0,0.0,GOING_TO_ENDPOINT,dump_zone_22,load_zone_23,0.000274,0.000734
884.0,2026-07-02T13:05:40.875,2,697.5,-154.53,9.825,-0.5,1000.0,RETURNING_TO_START,load_zone_26,dump_zone_3,0.00025,0.00067
884.0,2026-07-02T13:05:40.875,3,-92.899,519.838,7.2,0.0,0.0,TURNING_AROUND,dump_zone_23,load_zone_23,0.000255,0.000683
885.0,2026-07-02T13:05:43.615,1,-164.071,453.967,9.75,1.0,0.0,GOING_TO_ENDPOINT,dump_zone_22,load_zone_23,0.000288,0.000772
885.0,2026-07-02T13:05:43.615,2,697.494,-152.072,8.025,-0.5,1000.0,RETURNING_TO_START,load_zone_26,dump_zone_3,0.00025,0.00067
885.0,2026-07-02T13:05:43.615,3,-92.492,519.292,0.0,0.0,0.0,GOING_TO_ENDPOINT,dump_zone_23,load_zone_23,0.00025,0.00067
886.0,2026-07-02T13:05:46.015,1,-160.869,453.411,13.35,1.0,0.0,GOING_TO_ENDPOINT,dump_zone_22,load_zone_23,0.000302,0.000809
886.0,2026-07-02T13:05:46.015,2,697.113,-150.158,6.375,-0.25,1000.0,RETURNING_TO_START,load_zone_26,dump_zone_3,0.00025,0.00067
886.0,2026-07-02T13:05:46.015,3,-92.492,519.26,0.525,0.5,0.0,GOING_TO_ENDPOINT,dump_zone_23,load_zone_23,0.000251,0.000673
887.0,2026-07-02T13:05:48.398,1,-156.652,452.885,16.95,1.0,0.0,GOING_TO_ENDPOINT,dump_zone_22,load_zone_23,0.000316,0.000847
887.0,2026-07-02T13:05:48.398,2,696.041,-148.668,7.425,0.75,1000.0,RETURNING_TO_START,load_zone_26,dump_zone_3,0.000288,0.000772
887.0,2026-07-02T13:05:48.398,3,-92.529,518.666,3.75,1.0,0.0,GOING_TO_ENDPOINT,dump_zone_23,load_zone_23,0.000265,0.00071
888.0,2026-07-02T13:05:50.763,1,-151.415,452.546,20.55,1.0,0.0,GOING_TO_ENDPOINT,dump_zone_22,load_zone_23,0.000329,0.000882
888.0,2026-07-02T13:05:50.763,2,694.13,-146.93,10.95,1.0,1000.0,RETURNING_TO_START,load_zone_26,dump_zone_3,0.000321,0.00086
888.0,2026-07-02T13:05:50.763,3,-92.997,517.159,7.35,1.0,0.0,GOING_TO_ENDPOINT,dump_zone_23,load_zone_23,0.000278,0.000745
889.0,2026-07-02T13:05:53.017,1,-145.165,452.493,24.15,1.0,0.0,GOING_TO_ENDPOINT,dump_zone_22,load_zone_23,0.000343,0.000919
889.0,2026-07-02T13:05:53.017,2,691.414,-144.593,14.55,1.0,1000.0,RETURNING_TO_START,load_zone_26,dump_zone_3,0.000344,0.000922
889.0,2026-07-02T13:05:53.017,3,-94.136,514.84,10.95,1.0,0.0,GOING_TO_ENDPOINT,dump_zone_23,load_zone_23,0.000292,0.000783
890.0,2026-07-02T13:05:55.227,1,-137.921,452.5,27.6,0.75,0.0,GOING_TO_ENDPOINT,dump_zone_22,load_zone_23,0.000334,0.000895
890.0,2026-07-02T13:05:55.227,2,688.02,-141.513,18.15,1.0,1000.0,RETURNING_TO_START,load_zone_26,dump_zone_3,0.000367,0.000984
890.0,2026-07-02T13:05:55.227,3,-95.44,511.504,14.55,1.0,0.0,GOING_TO_ENDPOINT,dump_zone_23,load_zone_23,0.000306,0.00082
891.0,2026-07-02T13:05:57.044,1,-130.059,452.501,28.35,-0.25,0.0,GOING_TO_ENDPOINT,dump_zone_22,load_zone_23,0.00025,0.00067
891.0,2026-07-02T13:05:57.044,2,684.052,-137.593,21.65,0.9167,1000.0,RETURNING_TO_START,load_zone_26,dump_zone_3,0.00038,0.001018
891.0,2026-07-02T13:05:57.044,3,-96.679,507.093,18.15,1.0,0.0,GOING_TO_ENDPOINT,dump_zone_23,load_zone_23,0.00032,0.000858
892.0,2026-07-02T13:05:59.116,1,-122.434,452.5,26.625,-0.5,0.0,GOING_TO_ENDPOINT,dump_zone_22,load_zone_23,0.00025,0.00067
892.0,2026-07-02T13:05:59.116,2,679.53,-133.065,23.679,0.1131,1000.0,RETURNING_TO_START,load_zone_26,dump_zone_3,0.000289,0.000775
892.0,2026-07-02T13:05:59.116,3,-97.427,501.567,21.75,1.0,0.0,GOING_TO_ENDPOINT,dump_zone_23,load_zone_23,0.000334,0.000895
893.0,2026-07-02T13:06:00.699,1,-115.31,452.448,24.825,-0.5,0.0,GOING_TO_ENDPOINT,dump_zone_22,load_zone_23,0.00025,0.00067
893.0,2026-07-02T13:06:00.699,2,674.972,-128.508,22.467,-0.5,1000.0,RETURNING_TO_START,load_zone_26,dump_zone_3,0.00025,0.00067
893.0,2026-07-02T13:06:00.699,3,-97.515,494.985,25.35,1.0,0.0,GOING_TO_ENDPOINT,dump_zone_23,load_zone_23,0.000348,0.000933
894.0,2026-07-02T13:06:03.118,1,-108.792,451.323,23.025,-0.5,0.0,GOING_TO_ENDPOINT,dump_zone_22,load_zone_23,0.00025,0.00067
894.0,2026-07-02T13:06:03.118,2,670.751,-124.286,20.667,-0.5,1000.0,RETURNING_TO_START,load_zone_26,dump_zone_3,0.00025,0.00067
894.0,2026-07-02T13:06:03.118,3,-97.5,487.54,27.61,0.2571,0.0,GOING_TO_ENDPOINT,dump_zone_23,load_zone_23,0.00029,0.000777
895.0,2026-07-02T13:06:05.345,1,-102.899,451.899,21.225,-0.5,0.0,GOING_TO_ENDPOINT,dump_zone_22,load_zone_23,0.00025,0.00067
895.0,2026-07-02T13:06:05.345,2,666.883,-120.419,18.867,-0.5,1000.0,RETURNING_TO_START,load_zone_26,dump_zone_3,0.00025,0.00067
895.0,2026-07-02T13:06:05.345,3,-97.5,479.903,27.061,-0.3617,0.0,GOING_TO_ENDPOINT,dump_zone_23,load_zone_23,0.00025,0.00067
896.0,2026-07-02T13:06:07.966,1,-97.829,453.279,19.425,-0.5,0.0,GOING_TO_ENDPOINT,dump_zone_22,load_zone_23,0.00025,0.00067
896.0,2026-07-02T13:06:07.966,2,663.366,-116.901,17.167,-0.4167,1000.0,RETURNING_TO_START,load_zone_26,dump_zone_3,0.00025,0.00067
896.0,2026-07-02T13:06:07.966,3,-97.5,472.393,27.468,0.392,0.0,GOING_TO_ENDPOINT,dump_zone_23,load_zone_23,0.000302,0.000809
897.0,2026-07-02T13:06:10.282,1,-95.441,449.13,17.625,-0.5,0.0,GOING_TO_ENDPOINT,dump_zone_22,load_zone_23,0.00025,0.00067
897.0,2026-07-02T13:06:10.282,2,660.183,-113.719,15.387,-0.5,1000.0,RETURNING_TO_START,load_zone_26,dump_zone_3,0.00025,0.00067
897.0,2026-07-02T13:06:10.282,3,-97.5,464.76,26.969,-0.5,0.0,GOING_TO_ENDPOINT,dump_zone_23,load_zone_23,0.00025,0.00067
898.0,2026-07-02T13:06:12.373,1,-96.807,444.623,16.95,0.25,0.0,GOING_TO_ENDPOINT,dump_zone_22,load_zone_23,0.000274,0.000734
898.0,2026-07-02T13:06:12.373,2,657.353,-110.888,13.587,-0.5,1000.0,RETURNING_TO_START,load_zone_26,dump_zone_3,0.00025,0.00067
898.0,2026-07-02T13:06:12.373,3,-97.608,457.544,25.169,-0.5,0.0,GOING_TO_ENDPOINT,dump_zone_23,load_zone_23,0.00025,0.00067
899.0,2026-07-02T13:06:14.446,1,-97.436,439.619,19.65,1.0,0.0,GOING_TO_ENDPOINT,dump_zone_22,load_zone_23,0.000326,0.000874
899.0,2026-07-02T13:06:14.446,2,654.875,-108.411,11.787,-0.5,1000.0,RETURNING_TO_START,load_zone_26,dump_zone_3,0.00025,0.00067
899.0,2026-07-02T13:06:14.446,3,-97.503,450.824,23.369,-0.5,0.0,GOING_TO_ENDPOINT,dump_zone_23,load_zone_23,0.00025,0.00067
900.0,2026-07-02T13:06:16.408,1,-97.533,433.62,23.25,1.0,0.0,GOING_TO_ENDPOINT,dump_zone_22,load_zone_23,0.00034,0.000911
900.0,2026-07-02T13:06:16.408,2,652.726,-106.261,10.387,-0.4167,1000.0,RETURNING_TO_START,load_zone_26,dump_zone_3,0.00025,0.00067
900.0,2026-07-02T13:06:16.408,3,-97.497,444.584,21.944,-0.0833,0.0,GOING_TO_ENDPOINT,dump_zone_23,load_zone_23,0.000258,0.000691
901.0,2026-07-02T13:06:19.042,1,-97.502,426.626,26.7,0.75,0.0,GOING_TO_ENDPOINT,dump_zone_22,load_zone_23,0.000332,0.00089
901.0,2026-07-02T13:06:19.042,2,650.84,-104.375,8.897,-0.5,1000.0,RETURNING_TO_START,load_zone_26,dump_zone_3,0.00025,0.00067
901.0,2026-07-02T13:06:19.042,3,-97.5,438.323,23.594,0.9167,0.0,GOING_TO_ENDPOINT,dump_zone_23,load_zone_23,0.000335,0.000898
902.0,2026-07-02T13:06:21.557,1,-97.5,419.003,27.7,0.0833,0.0,GOING_TO_ENDPOINT,dump_zone_22,load_zone_23,0.000275,0.000737
902.0,2026-07-02T13:06:21.557,2,649.257,-102.849,7.097,-0.5,1000.0,RETURNING_TO_START,load_zone_26,dump_zone_3,0.00025,0.00067
902.0,2026-07-02T13:06:21.557,3,-97.5,431.251,26.821,0.6213,0.0,GOING_TO_ENDPOINT,dump_zone_23,load_zone_23,0.000321,0.00086
903.0,2026-07-02T13:06:23.811,1,-97.5,411.444,26.56,-0.3992,0.0,GOING_TO_ENDPOINT,dump_zone_22,load_zone_23,0.00025,0.00067
903.0,2026-07-02T13:06:23.811,2,647.723,-102.094,5.672,-0.0833,1000.0,RETURNING_TO_START,load_zone_26,dump_zone_3,0.000253,0.000678
903.0,2026-07-02T13:06:23.811,3,-97.5,423.675,27.108,-0.3787,0.0,GOING_TO_ENDPOINT,dump_zone_23,load_zone_23,0.00025,0.00067
904.0,2026-07-02T13:06:26.735,1,-97.5,404.073,27.023,0.4341,0.0,GOING_TO_ENDPOINT,dump_zone_22,load_zone_23,0.000305,0.000817
904.0,2026-07-02T13:06:26.735,2,645.993,-101.96,7.322,0.9167,1000.0,RETURNING_TO_START,load_zone_26,dump_zone_3,0.000294,0.000788
904.0,2026-07-02T13:06:26.735,3,-97.5,416.316,25.883,-0.4167,0.0,GOING_TO_ENDPOINT,dump_zone_23,load_zone_23,0.00025,0.00067
905.0,2026-07-02T13:06:29.661,1,-97.5,396.446,27.986,0.4341,0.0,GOING_TO_ENDPOINT,dump_zone_22,load_zone_23,0.000307,0.000823
905.0,2026-07-02T13:06:29.661,2,643.42,-102.085,10.922,1.0,1000.0,RETURNING_TO_START,load_zone_26,dump_zone_3,0.00032,0.000858
905.0,2026-07-02T13:06:29.661,3,-97.5,409.239,25.384,0.1122,0.0,GOING_TO_ENDPOINT,dump_zone_23,load_zone_23,0.000275,0.000737
906.0,2026-07-02T13:06:32.741,1,-97.5,388.637,27.757,-0.3392,0.0,GOING_TO_ENDPOINT,dump_zone_22,load_zone_23,0.00025,0.00067
906.0,2026-07-02T13:06:32.741,2,639.854,-102.349,14.522,1.0,1000.0,RETURNING_TO_START,load_zone_26,dump_zone_3,0.000344,0.000922
906.0,2026-07-02T13:06:32.741,3,-97.5,401.984,26.823,0.3651,0.0,GOING_TO_ENDPOINT,dump_zone_23,load_zone_23,0.000299,0.000801
907.0,2026-07-02T13:06:36.119,1,-97.5,381.086,26.659,-0.3817,0.0,GOING_TO_ENDPOINT,dump_zone_22,load_zone_23,0.00025,0.00067
907.0,2026-07-02T13:06:36.119,2,635.282,-102.487,18.105,1.0,1000.0,RETURNING_TO_START,load_zone_26,dump_zone_3,0.000367,0.000984
907.0,2026-07-02T13:06:36.119,3,-97.5,394.453,27.171,-0.0675,0.0,GOING_TO_ENDPOINT,dump_zone_23,load_zone_23,0.000261,0.000699
908.0,2026-07-02T13:06:39.051,1,-97.5,373.68,27.142,0.4868,0.0,GOING_TO_ENDPOINT,dump_zone_22,load_zone_23,0.00031,0.000831
908.0,2026-07-02T13:06:39.051,2,629.877,-102.502,20.055,0.0833,1000.0,RETURNING_TO_START,load_zone_26,dump_zone_3,0.00028,0.00075
908.0,2026-07-02T13:06:39.051,3,-97.5,387.075,26.054,-0.2017,0.0,GOING_TO_ENDPOINT,dump_zone_23,load_zone_23,0.00025,0.00067
909.0,2026-07-02T13:06:42.259,1,-97.5,365.867,28.519,-0.0385,0.0,GOING_TO_ENDPOINT,dump_zone_22,load_zone_23,0.000265,0.00071
909.0,2026-07-02T13:06:42.259,2,624.451,-102.5,18.78,-0.5,1000.0,RETURNING_TO_START,load_zone_26,dump_zone_3,0.00025,0.00067
909.0,2026-07-02T13:06:42.259,3,-97.5,379.771,26.882,0.5978,0.0,GOING_TO_ENDPOINT,dump_zone_23,load_zone_23,0.000319,0.000855
910.0,2026-07-02T13:06:44.804,1,-97.5,358.137,27.036,-0.5,0.0,GOING_TO_ENDPOINT,dump_zone_22,load_zone_23,0.00025,0.00067
910.0,2026-07-02T13:06:44.804,2,619.505,-102.5,16.98,-0.5,1000.0,RETURNING_TO_START,load_zone_26,dump_zone_3,0.00025,0.00067
910.0,2026-07-02T13:06:44.804,3,-97.5,371.881,29.442,0.3721,0.0,GOING_TO_ENDPOINT,dump_zone_23,load_zone_23,0.000304,0.000815
911.0,2026-07-02T13:06:46.840,1,-97.5,350.898,25.236,-0.5,0.0,GOING_TO_ENDPOINT,dump_zone_22,load_zone_23,0.00025,0.00067
911.0,2026-07-02T13:06:46.840,2,615.059,-102.5,15.18,-0.5,1000.0,RETURNING_TO_START,load_zone_26,dump_zone_3,0.00025,0.00067
911.0,2026-07-02T13:06:46.840,3,-97.5,363.711,28.883,-0.5,0.0,GOING_TO_ENDPOINT,dump_zone_23,load_zone_23,0.00025,0.00067
912.0,2026-07-02T13:06:48.597,1,-97.5,344.159,23.436,-0.5,0.0,GOING_TO_ENDPOINT,dump_zone_22,load_zone_23,0.00025,0.00067
912.0,2026-07-02T13:06:48.597,2,611.114,-102.5,13.38,-0.5,1000.0,RETURNING_TO_START,load_zone_26,dump_zone_3,0.00025,0.00067
912.0,2026-07-02T13:06:48.597,3,-97.5,355.958,27.083,-0.5,0.0,GOING_TO_ENDPOINT,dump_zone_23,load_zone_23,0.00025,0.00067
913.0,2026-07-02T13:06:50.527,1,-97.5,337.919,21.636,-0.5,0.0,GOING_TO_ENDPOINT,dump_zone_22,load_zone_23,0.00025,0.00067
913.0,2026-07-02T13:06:50.527,2,607.668,-102.5,11.58,-0.5,1000.0,RETURNING_TO_START,load_zone_26,dump_zone_3,0.00025,0.00067
913.0,2026-07-02T13:06:50.527,3,-97.5,348.706,25.283,-0.5,0.0,GOING_TO_ENDPOINT,dump_zone_23,load_zone_23,0.00025,0.00067
914.0,2026-07-02T13:06:53.362,1,-97.5,332.18,19.836,-0.5,0.0,GOING_TO_ENDPOINT,dump_zone_22,load_zone_23,0.00025,0.00067
914.0,2026-07-02T13:06:53.362,2,604.722,-102.5,9.78,-0.5,1000.0,RETURNING_TO_START,load_zone_26,dump_zone_3,0.00025,0.00067
914.0,2026-07-02T13:06:53.362,3,-97.5,341.954,23.483,-0.5,0.0,GOING_TO_ENDPOINT,dump_zone_23,load_zone_23,0.00025,0.00067
915.0,2026-07-02T13:06:56.664,1,-98.595,327.221,18.036,-0.5,0.0,GOING_TO_ENDPOINT,dump_zone_22,load_zone_23,0.00025,0.00067
915.0,2026-07-02T13:06:56.664,2,602.276,-102.487,7.98,-0.5,1000.0,RETURNING_TO_START,load_zone_26,dump_zone_3,0.00025,0.00067
915.0,2026-07-02T13:06:56.664,3,-97.626,335.707,21.683,-0.5,0.0,GOING_TO_ENDPOINT,dump_zone_23,load_zone_23,0.00025,0.00067
916.0,2026-07-02T13:06:59.866,1,-102.954,326.226,16.236,-0.5,0.0,GOING_TO_ENDPOINT,dump_zone_22,load_zone_23,0.00025,0.00067
916.0,2026-07-02T13:06:59.866,2,600.315,-102.209,6.701,-0.1436,1000.0,RETURNING_TO_START,load_zone_26,dump_zone_3,0.000252,0.000675
916.0,2026-07-02T13:06:59.866,3,-99.15,330.241,19.883,-0.5,0.0,GOING_TO_ENDPOINT,dump_zone_23,load_zone_23,0.00025,0.00067
917.0,2026-07-02T13:07:02.165,1,-105.492,329.378,14.436,-0.5,0.0,GOING_TO_ENDPOINT,dump_zone_22,load_zone_23,0.00025,0.00067
917.0,2026-07-02T13:07:02.165,2,598.642,-101.164,8.084,0.6898,1000.0,RETURNING_TO_START,load_zone_26,dump_zone_3,0.000289,0.000775
917.0,2026-07-02T13:07:02.165,3,-102.475,326.19,18.083,-0.5,0.0,GOING_TO_ENDPOINT,dump_zone_23,load_zone_23,0.00025,0.00067
918.0,2026-07-02T13:07:04.198,1,-104.375,332.809,12.661,-0.4167,0.0,GOING_TO_ENDPOINT,dump_zone_22,load_zone_23,0.00025,0.00067
918.0,2026-07-02T13:07:04.198,2,597.558,-99.042,8.647,-0.3021,1000.0,RETURNING_TO_START,load_zone_26,dump_zone_3,0.00025,0.00067
918.0,2026-07-02T13:07:04.198,3,-101.967,321.737,16.283,-0.5,0.0,GOING_TO_ENDPOINT,dump_zone_23,load_zone_23,0.00025,0.00067
919.0,2026-07-02T13:07:10.168,1,-101.193,333.982,13.111,0.5833,0.0,GOING_TO_ENDPOINT,dump_zone_22,load_zone_23,0.000283,0.000758
919.0,2026-07-02T13:07:10.168,2,597.366,-96.694,8.909,0.5312,1000.0,RETURNING_TO_START,load_zone_26,dump_zone_3,0.000285,0.000764
919.0,2026-07-02T13:07:10.168,3,-98.137,320.397,14.483,-0.5,0.0,GOING_TO_ENDPOINT,dump_zone_23,load_zone_23,0.00025,0.00067
920.0,2026-07-02T13:07:15.114,1,-97.955,331.811,16.161,1.0,0.0,GOING_TO_ENDPOINT,dump_zone_22,load_zone_23,0.000312,0.000836
920.0,2026-07-02T13:07:15.114,2,597.364,-93.76,12.181,1.0,1000.0,RETURNING_TO_START,load_zone_26,dump_zone_3,0.000329,0.000882
920.0,2026-07-02T13:07:15.114,3,-95.276,322.612,12.683,-0.5,0.0,GOING_TO_ENDPOINT,dump_zone_23,load_zone_23,0.00025,0.00067
921.0,2026-07-02T13:07:19.310,1,-98.662,327.183,19.061,0.4167,0.0,GOING_TO_ENDPOINT,dump_zone_22,load_zone_23,0.000288,0.000772
921.0,2026-07-02T13:07:19.310,2,597.439,-89.835,15.781,1.0,1000.0,RETURNING_TO_START,load_zone_26,dump_zone_3,0.000352,0.000943
921.0,2026-07-02T13:07:19.310,3,-95.146,325.775,10.883,-0.5,0.0,GOING_TO_ENDPOINT,dump_zone_23,load_zone_23,0.00025,0.00067
922.0,2026-07-02T13:07:22.152,1,-100.254,322.402,18.636,-0.5,0.0,GOING_TO_ENDPOINT,dump_zone_22,load_zone_23,0.00025,0.00067
922.0,2026-07-02T13:07:22.152,2,597.495,-84.911,19.381,1.0,1000.0,RETURNING_TO_START,load_zone_26,dump_zone_3,0.000375,0.001005
922.0,2026-07-02T13:07:22.152,3,-96.936,327.856,9.783,0.0833,0.0,GOING_TO_ENDPOINT,dump_zone_23,load_zone_23,0.000259,0.000694
923.0,2026-07-02T13:07:25.229,1,-96.625,319.562,16.836,-0.5,0.0,GOING_TO_ENDPOINT,dump_zone_22,load_zone_23,0.00025,0.00067
923.0,2026-07-02T13:07:25.229,2,597.501,-79.003,22.648,0.6181,1000.0,RETURNING_TO_START,load_zone_26,dump_zone_3,0.000349,0.000935
923.0,2026-07-02T13:07:25.229,3,-99.413,329.311,10.824,0.0197,0.0,GOING_TO_ENDPOINT,dump_zone_23,load_zone_23,0.000258,0.000691
924.0,2026-07-02T13:07:28.939,1,-92.938,321.553,15.036,-0.5,0.0,GOING_TO_ENDPOINT,dump_zone_22,load_zone_23,0.00025,0.00067
924.0,2026-07-02T13:07:28.939,2,597.5,-72.515,23.466,-0.2097,1000.0,RETURNING_TO_START,load_zone_26,dump_zone_3,0.00025,0.00067
924.0,2026-07-02T13:07:28.939,3,-100.554,331.844,9.435,-0.5,0.0,GOING_TO_ENDPOINT,dump_zone_23,load_zone_23,0.00025,0.00067
925.0,2026-07-02T13:07:31.932,1,-92.863,325.451,14.886,0.4167,0.0,GOING_TO_ENDPOINT,dump_zone_22,load_zone_23,0.000279,0.000748
925.0,2026-07-02T13:07:31.932,2,597.5,-66.169,22.316,-0.3677,1000.0,RETURNING_TO_START,load_zone_26,dump_zone_3,0.00025,0.00067
925.0,2026-07-02T13:07:31.932,3,-100.048,334.106,7.635,-0.5,0.0,GOING_TO_ENDPOINT,dump_zone_23,load_zone_23,0.00025,0.00067
926.0,2026-07-02T13:07:35.032,1,-96.589,327.694,17.586,0.5833,0.0,GOING_TO_ENDPOINT,dump_zone_22,load_zone_23,0.000294,0.000788
926.0,2026-07-02T13:07:35.032,2,597.5,-60.029,22.203,0.1225,1000.0,RETURNING_TO_START,load_zone_26,dump_zone_3,0.000288,0.000772
926.0,2026-07-02T13:07:35.032,3,-98.811,335.46,5.835,-0.5,0.0,GOING_TO_ENDPOINT,dump_zone_23,load_zone_23,0.00025,0.00067
927.0,2026-07-02T13:07:38.504,1,-101.114,329.424,17.736,-0.4167,0.0,GOING_TO_ENDPOINT,dump_zone_22,load_zone_23,0.00025,0.00067
927.0,2026-07-02T13:07:38.504,2,597.5,-53.718,23.047,-0.0089,1000.0,RETURNING_TO_START,load_zone_26,dump_zone_3,0.000273,0.000732
927.0,2026-07-02T13:07:38.504,3,-97.593,336.027,4.035,-0.5,0.0,GOING_TO_ENDPOINT,dump_zone_23,load_zone_23,0.00025,0.00067
928.0,2026-07-02T13:07:43.209,1,-101.65,333.793,15.936,-0.5,0.0,GOING_TO_ENDPOINT,dump_zone_22,load_zone_23,0.00025,0.00067
928.0,2026-07-02T13:07:43.209,2,597.5,-47.369,22.864,0.1578,1000.0,RETURNING_TO_START,load_zone_26,dump_zone_3,0.000294,0.000788
928.0,2026-07-02T13:07:43.209,3,-96.665,336.17,3.164,0.0555,0.0,GOING_TO_ENDPOINT,dump_zone_23,load_zone_23,0.000253,0.000678
929.0,2026-07-02T13:07:48.010,1,-98.361,336.025,14.136,-0.5,0.0,GOING_TO_ENDPOINT,dump_zone_22,load_zone_23,0.00025,0.00067
929.0,2026-07-02T13:07:48.010,2,597.5,-40.819,23.982,-0.0089,1000.0,RETURNING_TO_START,load_zone_26,dump_zone_3,0.000274,0.000734
929.0,2026-07-02T13:07:48.010,3,-95.654,336.077,4.311,0.3973,0.0,GOING_TO_ENDPOINT,dump_zone_23,load_zone_23,0.000258,0.000691
930.0,2026-07-02T13:07:52.951,1,-94.869,335.101,12.336,-0.5,0.0,GOING_TO_ENDPOINT,dump_zone_22,load_zone_23,0.00025,0.00067
930.0,2026-07-02T13:07:52.951,2,597.5,-34.276,23.4,0.1578,1000.0,RETURNING_TO_START,load_zone_26,dump_zone_3,0.000295,0.000791
930.0,2026-07-02T13:07:52.951,3,-94.289,335.556,6.225,0.6132,0.0,GOING_TO_ENDPOINT,dump_zone_23,load_zone_23,0.000266,0.000713
931.0,2026-07-02T13:07:58.529,1,-91.836,335.727,10.636,-0.5,0.0,GOING_TO_ENDPOINT,dump_zone_22,load_zone_23,0.00025,0.00067
931.0,2026-07-02T13:07:58.529,2,597.5,-27.67,23.668,-0.3422,1000.0,RETURNING_TO_START,load_zone_26,dump_zone_3,0.00025,0.00067
931.0,2026-07-02T13:07:58.529,3,-92.783,334.159,8.539,0.6587,0.0,GOING_TO_ENDPOINT,dump_zone_23,load_zone_23,0.000274,0.000734
932.0,2026-07-02T13:08:01.550,1,-89.262,336.29,8.836,-0.5,0.0,GOING_TO_ENDPOINT,dump_zone_22,load_zone_23,0.00025,0.00067
932.0,2026-07-02T13:08:01.550,2,597.5,-21.279,22.398,-0.4167,1000.0,RETURNING_TO_START,load_zone_26,dump_zone_3,0.00025,0.00067
932.0,2026-07-02T13:08:01.550,3,-92.174,331.553,10.92,0.6615,0.0,GOING_TO_ENDPOINT,dump_zone_23,load_zone_23,0.00028,0.00075
933.0,2026-07-02T13:08:04.138,1,-87.265,335.474,7.036,-0.5,0.0,GOING_TO_ENDPOINT,dump_zone_22,load_zone_23,0.00025,0.00067
933.0,2026-07-02T13:08:04.138,2,597.5,-15.191,21.798,0.0833,1000.0,RETURNING_TO_START,load_zone_26,dump_zone_3,0.000283,0.000758
933.0,2026-07-02T13:08:04.138,3,-93.744,328.822,11.951,0.2448,0.0,GOING_TO_ENDPOINT,dump_zone_23,load_zone_23,0.000267,0.000716
934.0,2026-07-02T13:08:07.144,1,-86.182,334.201,5.236,-0.5,0.0,GOING_TO_ENDPOINT,dump_zone_22,load_zone_23,0.00025,0.00067
934.0,2026-07-02T13:08:07.144,2,597.5,-8.991,22.979,0.5783,1000.0,RETURNING_TO_START,load_zone_26,dump_zone_3,0.000346,0.000927
934.0,2026-07-02T13:08:07.144,3,-97.221,328.095,14.483,0.7448,0.0,GOING_TO_ENDPOINT,dump_zone_23,load_zone_23,0.000294,0.000788
935.0,2026-07-02T13:08:10.978,1,-85.775,333.088,3.586,-0.25,0.0,GOING_TO_ENDPOINT,dump_zone_22,load_zone_23,0.00025,0.00067
935.0,2026-07-02T13:08:10.978,2,597.5,-2.455,23.511,-0.2553,1000.0,RETURNING_TO_START,load_zone_26,dump_zone_3,0.00025,0.00067
935.0,2026-07-02T13:08:10.978,3,-100.883,329.874,15.214,-0.2552,0.0,GOING_TO_ENDPOINT,dump_zone_23,load_zone_23,0.00025,0.00067
936.0,2026-07-02T13:08:14.172,1,-85.69,332.305,2.036,-0.5,0.0,LOADING,dump_zone_22,load_zone_23,0.00025,0.00067
936.0,2026-07-02T13:08:14.172,2,597.5,3.97,22.821,-0.0955,1000.0,RETURNING_TO_START,load_zone_26,dump_zone_3,0.000262,0.000702
936.0,2026-07-02T13:08:14.172,3,-101.371,333.659,13.486,-0.5,0.0,GOING_TO_ENDPOINT,dump_zone_23,load_zone_23,0.00025,0.00067
937.0,2026-07-02T13:08:16.763,1,-85.697,332.01,0.236,-0.5,0.0,LOADING,dump_zone_22,load_zone_23,0.00025,0.00067
937.0,2026-07-02T13:08:16.763,2,597.5,10.303,22.691,-0.1142,1000.0,RETURNING_TO_START,load_zone_26,dump_zone_3,0.00026,0.000697
937.0,2026-07-02T13:08:16.763,3,-98.958,336.01,11.686,-0.5,0.0,GOING_TO_ENDPOINT,dump_zone_23,load_zone_23,0.00025,0.00067
938.0,2026-07-02T13:08:20.316,1,-85.699,331.976,0.475,0.3333,0.0,LOADING,dump_zone_22,load_zone_23,0.000251,0.000673
938.0,2026-07-02T13:08:20.316,2,597.5,16.663,23.462,0.4463,1000.0,RETURNING_TO_START,load_zone_26,dump_zone_3,0.000331,0.000887
938.0,2026-07-02T13:08:20.316,3,-96.051,335.926,9.886,-0.5,0.0,GOING_TO_ENDPOINT,dump_zone_23,load_zone_23,0.00025,0.00067
939.0,2026-07-02T13:08:25.754,1,-86.268,330.237,7.2,0.0,1000.0,TURNING_AROUND,load_zone_23,dump_zone_22,0.000258,0.000691
939.0,2026-07-02T13:08:25.754,2,597.5,23.26,23.51,-0.2693,1000.0,RETURNING_TO_START,load_zone_26,dump_zone_3,0.00025,0.00067
939.0,2026-07-02T13:08:25.754,3,-94.195,334.347,8.086,-0.5,0.0,GOING_TO_ENDPOINT,dump_zone_23,load_zone_23,0.00025,0.00067
940.0,2026-07-02T13:08:31.230,1,-86.734,329.529,5.4,0.0,1000.0,TURNING_AROUND,load_zone_23,dump_zone_22,0.000256,0.000686
940.0,2026-07-02T13:08:31.230,2,597.5,29.616,22.387,-0.25,1000.0,RETURNING_TO_START,load_zone_26,dump_zone_3,0.00025,0.00067
940.0,2026-07-02T13:08:31.230,3,-93.59,332.487,6.286,-0.5,0.0,GOING_TO_ENDPOINT,dump_zone_23,load_zone_23,0.00025,0.00067
941.0,2026-07-02T13:08:33.835,1,-86.482,329.806,7.2,0.0,1000.0,TURNING_AROUND,load_zone_23,dump_zone_22,0.000258,0.000691
941.0,2026-07-02T13:08:33.835,2,597.5,35.897,23.156,0.3908,1000.0,RETURNING_TO_START,load_zone_26,dump_zone_3,0.000323,0.000866
941.0,2026-07-02T13:08:33.835,3,-93.808,330.872,6.136,0.4167,0.0,GOING_TO_ENDPOINT,dump_zone_23,load_zone_23,0.000262,0.000702
942.0,2026-07-02T13:08:36.695,1,-88.451,330.006,7.2,0.0,1000.0,TURNING_AROUND,load_zone_23,dump_zone_22,0.000258,0.000691
942.0,2026-07-02T13:08:36.695,2,597.5,42.552,24.361,0.1737,1000.0,RETURNING_TO_START,load_zone_26,dump_zone_3,0.000299,0.000801
942.0,2026-07-02T13:08:36.695,3,-94.948,329.203,8.546,0.8725,0.0,GOING_TO_ENDPOINT,dump_zone_23,load_zone_23,0.00028,0.00075
943.0,2026-07-02T13:08:39.270,1,-87.991,329.563,5.4,0.0,1000.0,TURNING_AROUND,load_zone_23,dump_zone_22,0.000256,0.000686
943.0,2026-07-02T13:08:39.270,2,597.5,49.214,23.303,-0.4167,1000.0,RETURNING_TO_START,load_zone_26,dump_zone_3,0.00025,0.00067
943.0,2026-07-02T13:08:39.270,3,-97.581,328.244,11.433,0.4167,0.0,GOING_TO_ENDPOINT,dump_zone_23,load_zone_23,0.000273,0.000732
944.0,2026-07-02T13:08:41.538,1,-88.485,330.58,7.2,0.0,1000.0,TURNING_AROUND,load_zone_23,dump_zone_22,0.000258,0.000691
944.0,2026-07-02T13:08:41.538,2,597.5,55.539,22.203,-0.4167,1000.0,RETURNING_TO_START,load_zone_26,dump_zone_3,0.00025,0.00067
944.0,2026-07-02T13:08:41.538,3,-100.665,329.0,11.008,-0.5,0.0,GOING_TO_ENDPOINT,dump_zone_23,load_zone_23,0.00025,0.00067
945.0,2026-07-02T13:08:43.772,1,-88.627,331.192,1.5,0.9167,1000.0,RETURNING_TO_START,load_zone_23,dump_zone_22,0.000259,0.000694
945.0,2026-07-02T13:08:43.772,2,597.5,61.652,21.953,-0.0833,1000.0,RETURNING_TO_START,load_zone_26,dump_zone_3,0.000263,0.000705
945.0,2026-07-02T13:08:43.772,3,-103.32,328.356,9.208,-0.5,0.0,GOING_TO_ENDPOINT,dump_zone_23,load_zone_23,0.00025,0.00067
946.0,2026-07-02T13:08:46.392,1,-88.781,332.135,5.1,1.0,1000.0,RETURNING_TO_START,load_zone_23,dump_zone_22,0.000283,0.000758
946.0,2026-07-02T13:08:46.392,2,597.5,67.895,23.216,0.4248,1000.0,RETURNING_TO_START,load_zone_26,dump_zone_3,0.000328,0.000879
946.0,2026-07-02T13:08:46.392,3,-104.78,326.635,7.408,-0.5,0.0,GOING_TO_ENDPOINT,dump_zone_23,load_zone_23,0.00025,0.00067
947.0,2026-07-02T13:08:48.596,1,-89.773,333.8,8.7,1.0,1000.0,RETURNING_TO_START,load_zone_23,dump_zone_22,0.000306,0.00082
947.0,2026-07-02T13:08:48.596,2,597.5,74.394,23.306,-0.0708,1000.0,RETURNING_TO_START,load_zone_26,dump_zone_3,0.000266,0.000713
947.0,2026-07-02T13:08:48.596,3,-105.131,324.898,5.608,-0.5,0.0,GOING_TO_ENDPOINT,dump_zone_23,load_zone_23,0.00025,0.00067
948.0,2026-07-02T13:08:51.293,1,-92.201,335.477,12.3,1.0,1000.0,RETURNING_TO_START,load_zone_23,dump_zone_22,0.000329,0.000882
948.0,2026-07-02T13:08:51.293,2,597.5,80.903,23.438,-0.1401,1000.0,RETURNING_TO_START,load_zone_26,dump_zone_3,0.000257,0.000689
948.0,2026-07-02T13:08:51.293,3,-104.902,323.637,3.808,-0.5,0.0,GOING_TO_ENDPOINT,dump_zone_23,load_zone_23,0.00025,0.00067
949.0,2026-07-02T13:08:53.798,1,-95.504,337.657,15.9,1.0,1000.0,RETURNING_TO_START,load_zone_23,dump_zone_22,0.000352,0.000943
949.0,2026-07-02T13:08:53.798,2,597.5,87.276,22.723,-0.0384,1000.0,RETURNING_TO_START,load_zone_26,dump_zone_3,0.000269,0.000721
949.0,2026-07-02T13:08:53.798,3,-104.571,322.924,2.008,-0.5,0.0,LOADING,dump_zone_23,load_zone_23,0.00025,0.00067
950.0,2026-07-02T13:08:56.523,1,-99.351,340.754,19.5,1.0,1000.0,RETURNING_TO_START,load_zone_23,dump_zone_22,0.000376,0.001008
950.0,2026-07-02T13:08:56.523,2,597.5,93.665,23.458,0.1703,1000.0,RETURNING_TO_START,load_zone_26,dump_zone_3,0.000296,0.000793
950.0,2026-07-02T13:08:56.523,3,-104.418,322.682,0.208,-0.5,0.0,LOADING,dump_zone_23,load_zone_23,0.00025,0.00067
951.0,2026-07-02T13:08:59.429,1,-102.209,345.889,22.725,0.5833,1000.0,RETURNING_TO_START,load_zone_23,dump_zone_22,0.000345,0.000925
951.0,2026-07-02T13:08:59.429,2,597.5,100.321,24.127,-0.1607,1000.0,RETURNING_TO_START,load_zone_26,dump_zone_3,0.000255,0.000683
951.0,2026-07-02T13:08:59.429,3,-104.417,322.68,0.0,-0.5,0.0,LOADING,dump_zone_23,load_zone_23,0.00025,0.00067
952.0,2026-07-02T13:09:01.650,1,-102.549,352.285,22.925,-0.25,1000.0,RETURNING_TO_START,load_zone_23,dump_zone_22,0.00025,0.00067
952.0,2026-07-02T13:09:01.650,2,597.5,106.8,22.634,-0.25,1000.0,RETURNING_TO_START,load_zone_26,dump_zone_3,0.00025,0.00067
952.0,2026-07-02T13:09:01.650,3,-103.343,321.646,7.2,0.0,1000.0,TURNING_AROUND,load_zone_23,dump_zone_23,0.000258,0.000691
953.0,2026-07-02T13:09:04.358,1,-102.501,358.662,23.07,-0.0082,1000.0,RETURNING_TO_START,load_zone_23,dump_zone_22,0.000273,0.000732
953.0,2026-07-02T13:09:04.358,2,597.5,113.151,23.407,0.3247,1000.0,RETURNING_TO_START,load_zone_26,dump_zone_3,0.000316,0.000847
953.0,2026-07-02T13:09:04.358,3,-102.048,321.081,5.4,0.0,1000.0,TURNING_AROUND,load_zone_23,dump_zone_23,0.000256,0.000686
954.0,2026-07-02T13:09:06.861,1,-102.499,365.006,22.852,0.1042,1000.0,RETURNING_TO_START,load_zone_23,dump_zone_22,0.000287,0.000769
954.0,2026-07-02T13:09:06.861,2,597.5,119.738,23.9,0.1425,1000.0,RETURNING_TO_START,load_zone_26,dump_zone_3,0.000294,0.000788
954.0,2026-07-02T13:09:06.861,3,-102.969,321.101,7.2,0.0,1000.0,TURNING_AROUND,load_zone_23,dump_zone_23,0.000258,0.000691
955.0,2026-07-02T13:09:09.296,1,-102.5,371.297,22.677,0.2709,1000.0,RETURNING_TO_START,load_zone_23,dump_zone_22,0.000307,0.000823
955.0,2026-07-02T13:09:09.296,2,597.5,126.349,23.644,0.0955,1000.0,RETURNING_TO_START,load_zone_26,dump_zone_3,0.000287,0.000769
955.0,2026-07-02T13:09:09.296,3,-101.278,322.13,7.2,0.0,1000.0,TURNING_AROUND,load_zone_23,dump_zone_23,0.000258,0.000691
956.0,2026-07-02T13:09:11.224,1,-102.5,377.619,22.298,-0.5,1000.0,RETURNING_TO_START,load_zone_23,dump_zone_22,0.00025,0.00067
956.0,2026-07-02T13:09:11.224,2,597.5,132.918,23.502,-0.2453,1000.0,RETURNING_TO_START,load_zone_26,dump_zone_3,0.00025,0.00067
956.0,2026-07-02T13:09:11.224,3,-101.15,322.0,5.4,0.0,1000.0,TURNING_AROUND,load_zone_23,dump_zone_23,0.000256,0.000686
957.0,2026-07-02T13:09:14.703,1,-102.5,383.697,21.898,0.0833,1000.0,RETURNING_TO_START,load_zone_23,dump_zone_22,0.000283,0.000758
957.0,2026-07-02T13:09:14.703,2,597.5,139.311,22.669,-0.0786,1000.0,RETURNING_TO_START,load_zone_26,dump_zone_3,0.000264,0.000708
957.0,2026-07-02T13:09:14.703,3,-101.293,321.521,0.025,0.0833,1000.0,RETURNING_TO_START,load_zone_23,dump_zone_23,0.00025,0.00067
958.0,2026-07-02T13:09:18.071,1,-102.5,389.999,23.459,0.3009,1000.0,RETURNING_TO_START,load_zone_23,dump_zone_22,0.000313,0.000839
958.0,2026-07-02T13:09:18.071,2,597.5,145.572,22.479,-0.1159,1000.0,RETURNING_TO_START,load_zone_26,dump_zone_3,0.00026,0.000697
958.0,2026-07-02T13:09:18.071,3,-101.294,321.784,2.25,1.0,1000.0,RETURNING_TO_START,load_zone_23,dump_zone_23,0.000265,0.00071
959.0,2026-07-02T13:09:21.702,1,-102.5,396.498,23.092,-0.1991,1000.0,RETURNING_TO_START,load_zone_23,dump_zone_22,0.00025,0.00067
959.0,2026-07-02T13:09:21.702,2,597.5,151.84,22.939,0.1708,1000.0,RETURNING_TO_START,load_zone_26,dump_zone_3,0.000295,0.000791
959.0,2026-07-02T13:09:21.702,3,-101.336,322.949,5.85,1.0,1000.0,RETURNING_TO_START,load_zone_23,dump_zone_23,0.000288,0.000772
960.0,2026-07-02T13:09:24.528,1,-102.5,402.918,23.391,0.2718,1000.0,RETURNING_TO_START,load_zone_23,dump_zone_22,0.000309,0.000828
960.0,2026-07-02T13:09:24.528,2,597.5,158.105,21.849,-0.5,1000.0,RETURNING_TO_START,load_zone_26,dump_zone_3,0.00025,0.00067
960.0,2026-07-02T13:09:24.528,3,-101.501,325.11,9.45,1.0,1000.0,RETURNING_TO_START,load_zone_23,dump_zone_23,0.000311,0.000833
961.0,2026-07-02T13:09:27.324,1,-102.5,409.493,23.512,-0.2531,1000.0,RETURNING_TO_START,load_zone_23,dump_zone_22,0.00025,0.00067
961.0,2026-07-02T13:09:27.324,2,597.5,163.903,20.049,-0.5,1000.0,RETURNING_TO_START,load_zone_26,dump_zone_3,0.00025,0.00067
961.0,2026-07-02T13:09:27.324,3,-101.806,328.262,13.05,1.0,1000.0,RETURNING_TO_START,load_zone_23,dump_zone_23,0.000334,0.000895
962.0,2026-07-02T13:09:30.414,1,-102.5,415.792,21.859,-0.5,1000.0,RETURNING_TO_START,load_zone_23,dump_zone_22,0.00025,0.00067
962.0,2026-07-02T13:09:30.414,2,597.5,169.201,18.249,-0.5,1000.0,RETURNING_TO_START,load_zone_26,dump_zone_3,0.00025,0.00067
962.0,2026-07-02T13:09:30.414,3,-102.214,332.408,16.65,1.0,1000.0,RETURNING_TO_START,load_zone_23,dump_zone_23,0.000357,0.000957
963.0,2026-07-02T13:09:33.968,1,-102.5,421.593,20.059,-0.5,1000.0,RETURNING_TO_START,load_zone_23,dump_zone_22,0.00025,0.00067
963.0,2026-07-02T13:09:33.968,2,597.5,174.0,16.449,-0.5,1000.0,RETURNING_TO_START,load_zone_26,dump_zone_3,0.00025,0.00067
963.0,2026-07-02T13:09:33.968,3,-102.482,337.567,20.25,1.0,1000.0,RETURNING_TO_START,load_zone_23,dump_zone_23,0.000381,0.001021
964.0,2026-07-02T13:09:37.830,1,-102.5,426.894,18.259,-0.5,1000.0,RETURNING_TO_START,load_zone_23,dump_zone_22,0.00025,0.00067
964.0,2026-07-02T13:09:37.830,2,597.5,178.298,14.649,-0.5,1000.0,RETURNING_TO_START,load_zone_26,dump_zone_3,0.00025,0.00067
964.0,2026-07-02T13:09:37.830,3,-102.504,343.638,22.725,0.25,1000.0,RETURNING_TO_START,load_zone_23,dump_zone_23,0.000305,0.000817
965.0,2026-07-02T13:09:41.206,1,-102.5,431.695,16.459,-0.5,1000.0,RETURNING_TO_START,load_zone_23,dump_zone_22,0.00025,0.00067
965.0,2026-07-02T13:09:41.206,2,597.5,182.096,12.849,-0.5,1000.0,RETURNING_TO_START,load_zone_26,dump_zone_3,0.00025,0.00067
965.0,2026-07-02T13:09:41.206,3,-102.5,350.044,23.175,-0.0833,1000.0,RETURNING_TO_START,load_zone_23,dump_zone_23,0.000264,0.000708
966.0,2026-07-02T13:09:45.361,1,-102.5,435.996,14.659,-0.5,1000.0,RETURNING_TO_START,load_zone_23,dump_zone_22,0.00025,0.00067
966.0,2026-07-02T13:09:45.361,2,597.498,185.395,11.049,-0.5,1000.0,RETURNING_TO_START,load_zone_26,dump_zone_3,0.00025,0.00067
966.0,2026-07-02T13:09:45.361,3,-102.5,356.423,22.625,-0.4167,1000.0,RETURNING_TO_START,load_zone_23,dump_zone_23,0.00025,0.00067
967.0,2026-07-02T13:09:49.499,1,-102.5,439.797,12.859,-0.5,1000.0,RETURNING_TO_START,load_zone_23,dump_zone_22,0.00025,0.00067
967.0,2026-07-02T13:09:49.499,2,597.133,188.157,9.249,-0.5,1000.0,RETURNING_TO_START,load_zone_26,dump_zone_3,0.00025,0.00067
967.0,2026-07-02T13:09:49.499,3,-102.5,362.601,22.425,0.25,1000.0,RETURNING_TO_START,load_zone_23,dump_zone_23,0.000304,0.000815
968.0,2026-07-02T13:09:53.106,1,-102.5,443.098,11.059,-0.5,1000.0,RETURNING_TO_START,load_zone_23,dump_zone_22,0.00025,0.00067
968.0,2026-07-02T13:09:53.106,2,596.32,190.306,7.449,-0.5,1000.0,RETURNING_TO_START,load_zone_26,dump_zone_3,0.00025,0.00067
968.0,2026-07-02T13:09:53.106,3,-102.5,368.852,22.775,0.4167,1000.0,RETURNING_TO_START,load_zone_23,dump_zone_23,0.000325,0.000871
969.0,2026-07-02T13:09:56.944,1,-102.5,445.899,9.259,-0.5,1000.0,RETURNING_TO_START,load_zone_23,dump_zone_22,0.00025,0.00067
969.0,2026-07-02T13:09:56.944,2,595.81,192.043,5.749,-0.5,1000.0,RETURNING_TO_START,load_zone_26,dump_zone_3,0.00025,0.00067
969.0,2026-07-02T13:09:56.944,3,-102.5,375.291,23.2,0.0763,1000.0,RETURNING_TO_START,load_zone_23,dump_zone_23,0.000284,0.000761
970.0,2026-07-02T13:10:00.595,1,-102.588,448.214,7.834,-0.0833,1000.0,RETURNING_TO_START,load_zone_23,dump_zone_22,0.000255,0.000683
970.0,2026-07-02T13:10:00.595,2,595.613,193.403,4.649,0.0833,1000.0,RETURNING_TO_START,load_zone_26,dump_zone_3,0.000257,0.000689
970.0,2026-07-02T13:10:00.595,3,-102.5,381.808,23.475,0.0763,1000.0,RETURNING_TO_START,load_zone_23,dump_zone_23,0.000284,0.000761
971.0,2026-07-02T13:10:04.129,1,-103.714,450.229,9.484,0.9167,1000.0,RETURNING_TO_START,load_zone_23,dump_zone_22,0.000307,0.000823
971.0,2026-07-02T13:10:04.129,2,595.598,194.792,5.446,0.1557,1000.0,RETURNING_TO_START,load_zone_26,dump_zone_3,0.00026,0.000697
971.0,2026-07-02T13:10:04.129,3,-102.5,388.435,24.171,0.0646,1000.0,RETURNING_TO_START,load_zone_23,dump_zone_23,0.000284,0.000761
972.0,2026-07-02T13:10:07.496,1,-106.604,451.325,13.084,1.0,1000.0,RETURNING_TO_START,load_zone_23,dump_zone_22,0.000334,0.000895
972.0,2026-07-02T13:10:07.496,2,595.807,196.187,4.588,-0.173,1000.0,RETURNING_TO_START,load_zone_26,dump_zone_3,0.000251,0.000673
972.0,2026-07-02T13:10:07.496,3,-102.5,395.001,22.962,-0.4167,1000.0,RETURNING_TO_START,load_zone_23,dump_zone_23,0.00025,0.00067
973.0,2026-07-02T13:10:10.985,1,-110.395,449.687,16.684,1.0,1000.0,RETURNING_TO_START,load_zone_23,dump_zone_22,0.000358,0.000959
973.0,2026-07-02T13:10:10.985,2,596.289,197.491,5.915,0.827,1000.0,RETURNING_TO_START,load_zone_26,dump_zone_3,0.000283,0.000758
973.0,2026-07-02T13:10:10.985,3,-102.5,401.273,22.762,0.25,1000.0,RETURNING_TO_START,load_zone_23,dump_zone_23,0.000305,0.000817
974.0,2026-07-02T13:10:14.137,1,-115.225,447.887,20.284,1.0,1000.0,RETURNING_TO_START,load_zone_23,dump_zone_22,0.000381,0.001021
974.0,2026-07-02T13:10:14.137,2,597.305,199.373,9.278,1.0,1000.0,RETURNING_TO_START,load_zone_26,dump_zone_3,0.00031,0.000831
974.0,2026-07-02T13:10:14.137,3,-102.5,407.582,22.527,-0.1296,1000.0,RETURNING_TO_START,load_zone_23,dump_zone_23,0.000258,0.000691
975.0,2026-07-02T13:10:17.994,1,-121.359,447.484,23.509,0.5833,1000.0,RETURNING_TO_START,load_zone_23,dump_zone_22,0.000349,0.000935
975.0,2026-07-02T13:10:17.994,2,599.717,201.208,12.503,0.5833,1000.0,RETURNING_TO_START,load_zone_26,dump_zone_3,0.000303,0.000812
975.0,2026-07-02T13:10:17.994,3,-102.5,413.845,22.605,-0.0176,1000.0,RETURNING_TO_START,load_zone_23,dump_zone_23,0.000272,0.000729
976.0,2026-07-02T13:10:21.060,1,-127.994,447.498,23.659,-0.4167,1000.0,RETURNING_TO_START,load_zone_23,dump_zone_22,0.00025,0.00067
976.0,2026-07-02T13:10:21.060,2,603.17,200.759,12.653,-0.4167,1000.0,RETURNING_TO_START,load_zone_26,dump_zone_3,0.00025,0.00067
976.0,2026-07-02T13:10:21.060,3,-102.5,420.161,22.712,0.0758,1000.0,RETURNING_TO_START,load_zone_23,dump_zone_23,0.000283,0.000758
977.0,2026-07-02T13:10:24.481,1,-134.295,447.5,21.859,-0.5,1000.0,RETURNING_TO_START,load_zone_23,dump_zone_22,0.00025,0.00067
977.0,2026-07-02T13:10:24.481,2,606.17,199.54,10.853,-0.5,1000.0,RETURNING_TO_START,load_zone_26,dump_zone_3,0.00025,0.00067
977.0,2026-07-02T13:10:24.481,3,-102.5,426.521,23.177,0.2302,1000.0,RETURNING_TO_START,load_zone_23,dump_zone_23,0.000303,0.000812
978.0,2026-07-02T13:10:28.283,1,-140.096,447.5,20.059,-0.5,1000.0,RETURNING_TO_START,load_zone_23,dump_zone_22,0.00025,0.00067
978.0,2026-07-02T13:10:28.283,2,608.954,198.998,10.178,0.25,1000.0,RETURNING_TO_START,load_zone_26,dump_zone_3,0.000274,0.000734
978.0,2026-07-02T13:10:28.283,3,-102.5,433.023,23.627,0.3477,1000.0,RETURNING_TO_START,load_zone_23,dump_zone_23,0.000319,0.000855
979.0,2026-07-02T13:10:31.781,1,-145.397,447.5,18.259,-0.5,1000.0,RETURNING_TO_START,load_zone_23,dump_zone_22,0.00025,0.00067
979.0,2026-07-02T13:10:31.781,2,612.063,198.798,12.378,0.9167,1000.0,RETURNING_TO_START,load_zone_26,dump_zone_3,0.000324,0.000868
979.0,2026-07-02T13:10:31.781,3,-102.5,439.714,24.145,-0.2218,1000.0,RETURNING_TO_START,load_zone_23,dump_zone_23,0.00025,0.00067
980.0,2026-07-02T13:10:35.121,1,-150.198,447.5,16.459,-0.5,1000.0,RETURNING_TO_START,load_zone_23,dump_zone_22,0.00025,0.00067
980.0,2026-07-02T13:10:35.121,2,616.017,198.889,15.853,0.9167,1000.0,RETURNING_TO_START,load_zone_26,dump_zone_3,0.000345,0.000925
980.0,2026-07-02T13:10:35.121,3,-102.5,446.224,22.996,-0.0551,1000.0,RETURNING_TO_START,load_zone_23,dump_zone_23,0.000267,0.000716
981.0,2026-07-02T13:10:38.159,1,-154.499,447.5,14.659,-0.5,1000.0,RETURNING_TO_START,load_zone_23,dump_zone_22,0.00025,0.00067
981.0,2026-07-02T13:10:38.159,2,620.877,199.291,18.678,0.4167,1000.0,RETURNING_TO_START,load_zone_26,dump_zone_3,0.000312,0.000836
981.0,2026-07-02T13:10:38.159,3,-102.5,452.642,23.248,0.2782,1000.0,RETURNING_TO_START,load_zone_23,dump_zone_23,0.000309,0.000828
982.0,2026-07-02T13:10:41.595,1,-158.277,447.186,12.859,-0.5,1000.0,RETURNING_TO_START,load_zone_23,dump_zone_22,0.00025,0.00067
982.0,2026-07-02T13:10:41.595,2,626.043,199.911,18.253,-0.5,1000.0,RETURNING_TO_START,load_zone_26,dump_zone_3,0.00025,0.00067
982.0,2026-07-02T13:10:41.595,3,-102.5,459.224,23.75,-0.2218,1000.0,RETURNING_TO_START,load_zone_23,dump_zone_23,0.00025,0.00067
983.0,2026-07-02T13:10:45.590,1,-161.325,445.937,11.059,-0.5,1000.0,RETURNING_TO_START,load_zone_23,dump_zone_22,0.00025,0.00067
983.0,2026-07-02T13:10:45.590,2,630.797,200.572,16.453,-0.5,1000.0,RETURNING_TO_START,load_zone_26,dump_zone_3,0.00025,0.00067
983.0,2026-07-02T13:10:45.590,3,-102.5,465.709,23.188,-0.0819,1000.0,RETURNING_TO_START,load_zone_23,dump_zone_23,0.000264,0.000708
984.0,2026-07-02T13:10:49.491,1,-164.085,445.516,9.259,-0.5,1000.0,RETURNING_TO_START,load_zone_23,dump_zone_22,0.00025,0.00067
984.0,2026-07-02T13:10:49.491,2,635.055,201.171,14.653,-0.5,1000.0,RETURNING_TO_START,load_zone_26,dump_zone_3,0.00025,0.00067
984.0,2026-07-02T13:10:49.491,3,-102.5,472.15,23.19,0.0898,1000.0,RETURNING_TO_START,load_zone_23,dump_zone_23,0.000286,0.000766
985.0,2026-07-02T13:10:53.519,1,-166.386,445.481,7.459,-0.5,1000.0,RETURNING_TO_START,load_zone_23,dump_zone_22,0.00025,0.00067
985.0,2026-07-02T13:10:53.519,2,638.822,201.663,12.853,-0.5,1000.0,RETURNING_TO_START,load_zone_26,dump_zone_3,0.00025,0.00067
985.0,2026-07-02T13:10:53.519,3,-102.5,478.66,23.214,-0.4102,1000.0,RETURNING_TO_START,load_zone_23,dump_zone_23,0.00025,0.00067
986.0,2026-07-02T13:10:56.817,1,-168.186,445.515,5.684,-0.4167,1000.0,RETURNING_TO_START,load_zone_23,dump_zone_22,0.00025,0.00067
986.0,2026-07-02T13:10:56.817,2,642.101,202.031,11.053,-0.5,1000.0,RETURNING_TO_START,load_zone_26,dump_zone_3,0.00025,0.00067
986.0,2026-07-02T13:10:56.817,3,-102.5,484.915,21.831,-0.5,1000.0,RETURNING_TO_START,load_zone_23,dump_zone_23,0.00025,0.00067
987.0,2026-07-02T13:11:00.403,1,-169.483,445.792,3.959,-0.5,1000.0,RETURNING_TO_START,load_zone_23,dump_zone_22,0.00025,0.00067
987.0,2026-07-02T13:11:00.403,2,644.89,202.275,9.253,-0.5,1000.0,RETURNING_TO_START,load_zone_26,dump_zone_3,0.00025,0.00067
987.0,2026-07-02T13:11:00.403,3,-102.5,490.708,20.031,-0.5,1000.0,RETURNING_TO_START,load_zone_23,dump_zone_23,0.00025,0.00067
988.0,2026-07-02T13:11:03.878,1,-170.328,446.108,2.559,-0.5,1000.0,UNLOADING,load_zone_23,dump_zone_22,0.00025,0.00067
988.0,2026-07-02T13:11:03.878,2,647.185,202.414,7.453,-0.5,1000.0,RETURNING_TO_START,load_zone_26,dump_zone_3,0.00025,0.00067
988.0,2026-07-02T13:11:03.878,3,-102.5,496.002,18.231,-0.5,1000.0,RETURNING_TO_START,load_zone_23,dump_zone_23,0.00025,0.00067
989.0,2026-07-02T13:11:07.505,1,-170.709,446.327,0.759,-0.5,1000.0,UNLOADING,load_zone_23,dump_zone_22,0.00025,0.00067
989.0,2026-07-02T13:11:07.505,2,649.002,202.377,6.028,-0.0833,1000.0,RETURNING_TO_START,load_zone_26,dump_zone_3,0.000254,0.000681
989.0,2026-07-02T13:11:07.505,3,-102.5,500.795,16.431,-0.5,1000.0,RETURNING_TO_START,load_zone_23,dump_zone_23,0.00025,0.00067
990.0,2026-07-02T13:11:09.935,1,-170.746,446.351,0.15,0.25,1000.0,UNLOADING,load_zone_23,dump_zone_22,0.00025,0.00067
990.0,2026-07-02T13:11:09.935,2,650.694,201.698,7.678,0.9167,1000.0,RETURNING_TO_START,load_zone_26,dump_zone_3,0.000296,0.000793
990.0,2026-07-02T13:11:09.935,3,-102.5,505.089,14.631,-0.5,1000.0,RETURNING_TO_START,load_zone_23,dump_zone_23,0.00025,0.00067
991.0,2026-07-02T13:11:12.551,1,-171.725,447.302,7.2,0.0,0.0,TURNING_AROUND,dump_zone_22,load_zone_23,0.000255,0.000683
991.0,2026-07-02T13:11:12.551,2,652.209,199.66,10.153,0.25,1000.0,RETURNING_TO_START,load_zone_26,dump_zone_3,0.000274,0.000734
991.0,2026-07-02T13:11:12.551,3,-102.5,508.883,12.856,-0.4167,1000.0,RETURNING_TO_START,load_zone_23,dump_zone_23,0.00025,0.00067
992.0,2026-07-02T13:11:14.800,1,-172.409,448.854,5.4,0.0,0.0,TURNING_AROUND,dump_zone_22,load_zone_23,0.000253,0.000678
992.0,2026-07-02T13:11:14.800,2,652.597,196.916,9.853,0.0833,1000.0,RETURNING_TO_START,load_zone_26,dump_zone_3,0.000265,0.00071
992.0,2026-07-02T13:11:14.800,3,-102.5,512.191,11.085,-0.5,1000.0,RETURNING_TO_START,load_zone_23,dump_zone_23,0.00025,0.00067
993.0,2026-07-02T13:11:16.816,1,-172.412,447.649,7.2,0.0,0.0,TURNING_AROUND,dump_zone_22,load_zone_23,0.000255,0.000683
993.0,2026-07-02T13:11:16.816,2,652.566,193.942,11.805,0.8319,1000.0,RETURNING_TO_START,load_zone_26,dump_zone_3,0.000315,0.000844
993.0,2026-07-02T13:11:16.816,3,-102.5,514.999,9.285,-0.5,1000.0,RETURNING_TO_START,load_zone_23,dump_zone_23,0.00025,0.00067
994.0,2026-07-02T13:11:19.150,1,-171.466,449.388,7.2,0.0,0.0,TURNING_AROUND,dump_zone_22,load_zone_23,0.000255,0.000683
994.0,2026-07-02T13:11:19.150,2,652.511,190.342,13.39,-0.0179,1000.0,RETURNING_TO_START,load_zone_26,dump_zone_3,0.000263,0.000705
994.0,2026-07-02T13:11:19.150,3,-102.5,517.331,7.585,-0.5,1000.0,RETURNING_TO_START,load_zone_23,dump_zone_23,0.00025,0.00067
995.0,2026-07-02T13:11:21.021,1,-171.365,449.68,5.4,0.0,0.0,TURNING_AROUND,dump_zone_22,load_zone_23,0.000253,0.000678
995.0,2026-07-02T13:11:21.021,2,652.498,186.807,11.938,-0.5,1000.0,RETURNING_TO_START,load_zone_26,dump_zone_3,0.00025,0.00067
995.0,2026-07-02T13:11:21.021,3,-102.481,519.167,5.785,-0.5,1000.0,RETURNING_TO_START,load_zone_23,dump_zone_23,0.00025,0.00067
996.0,2026-07-02T13:11:22.916,1,-171.89,449.488,0.975,0.75,0.0,GOING_TO_ENDPOINT,dump_zone_22,load_zone_23,0.000253,0.000678
996.0,2026-07-02T13:11:22.916,2,652.499,183.761,10.138,-0.5,1000.0,RETURNING_TO_START,load_zone_26,dump_zone_3,0.00025,0.00067
996.0,2026-07-02T13:11:22.916,3,-102.234,520.474,3.985,-0.5,1000.0,RETURNING_TO_START,load_zone_23,dump_zone_23,0.00025,0.00067
997.0,2026-07-02T13:11:24.448,1,-171.098,449.51,4.5,1.0,0.0,GOING_TO_ENDPOINT,dump_zone_22,load_zone_23,0.000267,0.000716
997.0,2026-07-02T13:11:24.448,2,652.5,181.216,8.338,-0.5,1000.0,RETURNING_TO_START,load_zone_26,dump_zone_3,0.00025,0.00067
997.0,2026-07-02T13:11:24.448,3,-101.87,521.225,2.185,-0.5,1000.0,UNLOADING,load_zone_23,dump_zone_23,0.00025,0.00067
998.0,2026-07-02T13:11:26.625,1,-169.349,449.88,8.1,1.0,0.0,GOING_TO_ENDPOINT,dump_zone_22,load_zone_23,0.000281,0.000753
998.0,2026-07-02T13:11:26.625,2,652.491,179.171,6.538,-0.5,1000.0,RETURNING_TO_START,load_zone_26,dump_zone_3,0.00025,0.00067
998.0,2026-07-02T13:11:26.625,3,-101.682,521.504,0.385,-0.5,1000.0,UNLOADING,load_zone_23,dump_zone_23,0.00025,0.00067
999.0,2026-07-02T13:11:28.971,1,-166.679,450.691,11.7,1.0,0.0,GOING_TO_ENDPOINT,dump_zone_22,load_zone_23,0.000295,0.000791
999.0,2026-07-02T13:11:28.971,2,652.865,177.681,4.738,-0.5,1000.0,RETURNING_TO_START,load_zone_26,dump_zone_3,0.00025,0.00067
999.0,2026-07-02T13:11:28.971,3,-101.678,521.51,0.0,-0.5,1000.0,UNLOADING,load_zone_23,dump_zone_23,0.00025,0.00067
1000.0,2026-07-02T13:11:31.057,1,-162.981,451.526,15.3,1.0,0.0,GOING_TO_ENDPOINT,dump_zone_22,load_zone_23,0.000309,0.000828
1000.0,2026-07-02T13:11:31.057,2,653.423,176.8,2.938,-0.5,1000.0,UNLOADING,load_zone_26,dump_zone_3,0.00025,0.00067
1000.0,2026-07-02T13:11:31.057,3,-100.708,522.416,7.2,0.0,0.0,TURNING_AROUND,dump_zone_23,load_zone_23,0.000255,0.000683
1001.0,2026-07-02T13:11:32.768,1,-158.247,452.256,18.9,1.0,0.0,GOING_TO_ENDPOINT,dump_zone_22,load_zone_23,0.000323,0.000866
1001.0,2026-07-02T13:11:32.768,2,653.794,176.401,1.138,-0.5,1000.0,UNLOADING,load_zone_26,dump_zone_3,0.00025,0.00067
1001.0,2026-07-02T13:11:32.768,3,-99.128,523.033,5.4,0.0,0.0,TURNING_AROUND,dump_zone_23,load_zone_23,0.000253,0.000678
1002.0,2026-07-02T13:11:34.469,1,-152.463,452.51,22.5,1.0,0.0,GOING_TO_ENDPOINT,dump_zone_22,load_zone_23,0.000337,0.000903
1002.0,2026-07-02T13:11:34.469,2,653.855,176.339,0.0,-0.5,1000.0,UNLOADING,load_zone_26,dump_zone_3,0.00025,0.00067
1002.0,2026-07-02T13:11:34.469,3,-100.332,523.087,7.2,0.0,0.0,TURNING_AROUND,dump_zone_23,load_zone_23,0.000255,0.000683
1003.0,2026-07-02T13:11:36.817,1,-145.677,452.502,25.95,0.75,0.0,GOING_TO_ENDPOINT,dump_zone_22,load_zone_23,0.000329,0.000882
1003.0,2026-07-02T13:11:36.817,2,654.237,176.016,7.2,0.0,0.0,TURNING_AROUND,dump_zone_3,load_zone_26,0.000255,0.000683
1003.0,2026-07-02T13:11:36.817,3,-98.635,522.068,7.2,0.0,0.0,TURNING_AROUND,dump_zone_23,load_zone_23,0.000255,0.000683
1004.0,2026-07-02T13:11:37.856,1,-138.188,452.5,27.8,0.4167,0.0,GOING_TO_ENDPOINT,dump_zone_22,load_zone_23,0.000305,0.000817
1004.0,2026-07-02T13:11:37.856,2,656.069,175.267,7.2,0.0,0.0,TURNING_AROUND,dump_zone_3,load_zone_26,0.000255,0.000683
1004.0,2026-07-02T13:11:37.856,3,-98.348,521.954,5.4,0.0,0.0,TURNING_AROUND,dump_zone_23,load_zone_23,0.000253,0.000678
1005.0,2026-07-02T13:11:39.699,1,-130.45,452.5,27.375,-0.5,0.0,GOING_TO_ENDPOINT,dump_zone_22,load_zone_23,0.00025,0.00067
1005.0,2026-07-02T13:11:39.699,2,655.748,175.083,5.4,0.0,0.0,TURNING_AROUND,dump_zone_3,load_zone_26,0.000253,0.000678
1005.0,2026-07-02T13:11:39.699,3,-98.488,522.433,0.025,0.0833,0.0,GOING_TO_ENDPOINT,dump_zone_23,load_zone_23,0.00025,0.00067
1006.0,2026-07-02T13:11:41.340,1,-123.116,452.501,25.575,-0.5,0.0,GOING_TO_ENDPOINT,dump_zone_22,load_zone_23,0.00025,0.00067
1006.0,2026-07-02T13:11:41.340,2,656.393,175.635,7.2,0.0,0.0,TURNING_AROUND,dump_zone_3,load_zone_26,0.000255,0.000683
1006.0,2026-07-02T13:11:41.340,3,-98.488,522.171,2.25,1.0,0.0,GOING_TO_ENDPOINT,dump_zone_23,load_zone_23,0.000259,0.000694
1007.0,2026-07-02T13:11:42.816,1,-116.283,452.5,23.775,-0.5,0.0,GOING_TO_ENDPOINT,dump_zone_22,load_zone_23,0.00025,0.00067
1007.0,2026-07-02T13:11:42.816,2,657.382,177.013,5.4,0.0,0.0,TURNING_AROUND,dump_zone_3,load_zone_26,0.000253,0.000678
1007.0,2026-07-02T13:11:42.816,3,-98.455,521.005,5.85,1.0,0.0,GOING_TO_ENDPOINT,dump_zone_23,load_zone_23,0.000273,0.000732
1008.0,2026-07-02T13:11:45.454,1,-109.95,452.491,21.975,-0.5,0.0,GOING_TO_ENDPOINT,dump_zone_22,load_zone_23,0.00025,0.00067
1008.0,2026-07-02T13:11:45.454,2,657.24,176.534,0.025,0.0833,0.0,GOING_TO_ENDPOINT,dump_zone_3,load_zone_26,0.00025,0.00067
1008.0,2026-07-02T13:11:45.454,3,-98.268,518.846,9.45,1.0,0.0,GOING_TO_ENDPOINT,dump_zone_23,load_zone_23,0.000287,0.000769
1009.0,2026-07-02T13:11:47.815,1,-104.116,452.506,20.175,-0.5,0.0,GOING_TO_ENDPOINT,dump_zone_22,load_zone_23,0.00025,0.00067
1009.0,2026-07-02T13:11:47.815,2,657.231,176.796,2.25,1.0,0.0,GOING_TO_ENDPOINT,dump_zone_3,load_zone_26,0.000259,0.000694
1009.0,2026-07-02T13:11:47.815,3,-97.967,515.694,13.05,1.0,0.0,GOING_TO_ENDPOINT,dump_zone_23,load_zone_23,0.0003,0.000804
1010.0,2026-07-02T13:11:51.140,1,-98.975,451.628,18.375,-0.5,0.0,GOING_TO_ENDPOINT,dump_zone_22,load_zone_23,0.00025,0.00067
1010.0,2026-07-02T13:11:51.140,2,656.973,177.93,5.85,1.0,0.0,GOING_TO_ENDPOINT,dump_zone_3,load_zone_26,0.000273,0.000732
1010.0,2026-07-02T13:11:51.140,3,-97.672,511.538,16.65,1.0,0.0,GOING_TO_ENDPOINT,dump_zone_23,load_zone_23,0.000314,0.000842
1011.0,2026-07-02T13:11:53.856,1,-96.759,447.502,16.6,-0.4167,0.0,GOING_TO_ENDPOINT,dump_zone_22,load_zone_23,0.00025,0.00067
1011.0,2026-07-02T13:11:53.856,2,655.69,179.646,9.45,1.0,0.0,GOING_TO_ENDPOINT,dump_zone_3,load_zone_26,0.000287,0.000769
1011.0,2026-07-02T13:11:53.856,3,-97.509,506.374,20.25,1.0,0.0,GOING_TO_ENDPOINT,dump_zone_23,load_zone_23,0.000328,0.000879
1012.0,2026-07-02T13:11:57.589,1,-97.115,442.921,17.05,0.5833,0.0,GOING_TO_ENDPOINT,dump_zone_22,load_zone_23,0.000293,0.000785
1012.0,2026-07-02T13:11:57.589,2,652.978,181.272,13.05,1.0,0.0,GOING_TO_ENDPOINT,dump_zone_3,load_zone_26,0.0003,0.000804
1012.0,2026-07-02T13:11:57.589,3,-97.494,500.208,23.85,1.0,0.0,GOING_TO_ENDPOINT,dump_zone_23,load_zone_23,0.000342,0.000917
1013.0,2026-07-02T13:21:09.814,1,-97.4,437.715,20.4,1.0,0.0,GOING_TO_ENDPOINT,dump_zone_22,load_zone_23,0.000329,0.000882
1013.0,2026-07-02T13:21:09.814,2,649.563,183.632,16.564,0.8493,0.0,GOING_TO_ENDPOINT,dump_zone_3,load_zone_26,0.000306,0.00082
1013.0,2026-07-02T13:21:09.814,3,-97.5,493.061,27.075,0.5833,0.0,GOING_TO_ENDPOINT,dump_zone_23,load_zone_23,0.000318,0.000852
1014.0,2026-07-02T13:22:20.566,1,-97.498,431.508,24.0,1.0,0.0,GOING_TO_ENDPOINT,dump_zone_22,load_zone_23,0.000343,0.000919
1014.0,2026-07-02T13:22:20.566,2,647.529,187.934,17.672,-0.1507,0.0,GOING_TO_ENDPOINT,dump_zone_3,load_zone_26,0.000253,0.000678
1014.0,2026-07-02T13:22:20.566,3,-97.5,485.335,28.262,0.1815,0.0,GOING_TO_ENDPOINT,dump_zone_23,load_zone_23,0.000285,0.000764
1015.0,2026-07-02T13:22:25.203,1,-97.5,424.341,27.03,0.6279,0.0,GOING_TO_ENDPOINT,dump_zone_22,load_zone_23,0.000322,0.000863
1015.0,2026-07-02T13:22:25.203,2,647.473,192.612,16.041,-0.5,0.0,GOING_TO_ENDPOINT,dump_zone_3,load_zone_26,0.00025,0.00067
1015.0,2026-07-02T13:22:25.203,3,-97.5,477.544,27.616,-0.2221,0.0,GOING_TO_ENDPOINT,dump_zone_23,load_zone_23,0.00025,0.00067
1016.0,2026-07-02T13:22:29.166,1,-97.5,416.613,27.941,-0.2054,0.0,GOING_TO_ENDPOINT,dump_zone_22,load_zone_23,0.00025,0.00067
1016.0,2026-07-02T13:22:29.166,2,647.497,196.796,14.241,-0.5,0.0,GOING_TO_ENDPOINT,dump_zone_3,load_zone_26,0.00025,0.00067
1016.0,2026-07-02T13:22:29.166,3,-97.5,469.93,27.383,0.0324,0.0,GOING_TO_ENDPOINT,dump_zone_23,load_zone_23,0.00027,0.000724
1017.0,2026-07-02T13:22:32.666,1,-97.5,409.052,26.746,-0.1836,0.0,GOING_TO_ENDPOINT,dump_zone_22,load_zone_23,0.000251,0.000673
1017.0,2026-07-02T13:22:32.666,2,646.563,200.31,13.141,0.0833,0.0,GOING_TO_ENDPOINT,dump_zone_3,load_zone_26,0.000262,0.000702
1017.0,2026-07-02T13:22:32.666,3,-97.5,462.171,28.375,0.099,0.0,GOING_TO_ENDPOINT,dump_zone_23,load_zone_23,0.000277,0.000742
1018.0,2026-07-02T13:22:35.561,1,-97.5,401.561,27.568,0.5969,0.0,GOING_TO_ENDPOINT,dump_zone_22,load_zone_23,0.000321,0.00086
1018.0,2026-07-02T13:22:35.561,2,643.084,201.712,15.366,1.0,0.0,GOING_TO_ENDPOINT,dump_zone_3,load_zone_26,0.000309,0.000828
1018.0,2026-07-02T13:22:35.561,3,-97.5,454.389,27.452,-0.5,0.0,GOING_TO_ENDPOINT,dump_zone_23,load_zone_23,0.00025,0.00067
1019.0,2026-07-02T13:22:38.570,1,-97.5,393.735,28.133,-0.3015,0.0,GOING_TO_ENDPOINT,dump_zone_22,load_zone_23,0.00025,0.00067
1019.0,2026-07-02T13:22:38.570,2,639.318,198.964,18.966,1.0,0.0,GOING_TO_ENDPOINT,dump_zone_3,load_zone_26,0.000323,0.000866
1019.0,2026-07-02T13:22:38.570,3,-97.5,446.986,26.352,0.0833,0.0,GOING_TO_ENDPOINT,dump_zone_23,load_zone_23,0.000274,0.000734
1020.0,2026-07-02T14:50:14.041,1,-97.5,386.085,27.452,0.0833,0.0,GOING_TO_ENDPOINT,dump_zone_22,load_zone_23,0.000275,0.000737
1020.0,2026-07-02T14:50:14.041,2,634.412,196.177,21.441,0.25,0.0,GOING_TO_ENDPOINT,dump_zone_3,load_zone_26,0.000281,0.000753
1020.0,2026-07-02T14:50:14.041,3,-97.5,439.455,27.882,0.3366,0.0,GOING_TO_ENDPOINT,dump_zone_23,load_zone_23,0.000298,0.000799
1021.0,2026-07-02T14:50:18.167,1,-97.5,378.492,27.339,0.0608,0.0,GOING_TO_ENDPOINT,dump_zone_22,load_zone_23,0.000273,0.000732
1021.0,2026-07-02T14:50:18.167,2,628.618,195.166,20.541,-0.5,0.0,GOING_TO_ENDPOINT,dump_zone_3,load_zone_26,0.00025,0.00067
1021.0,2026-07-02T14:50:18.167,3,-97.5,431.71,27.593,-0.3301,0.0,GOING_TO_ENDPOINT,dump_zone_23,load_zone_23,0.00025,0.00067
1022.0,2026-07-02T14:50:21.863,1,-97.5,370.856,27.714,0.1774,0.0,GOING_TO_ENDPOINT,dump_zone_22,load_zone_23,0.000283,0.000758
1022.0,2026-07-02T14:50:21.863,2,623.222,194.51,18.741,-0.5,0.0,GOING_TO_ENDPOINT,dump_zone_3,load_zone_26,0.00025,0.00067
1022.0,2026-07-02T14:50:21.863,3,-97.5,424.105,27.705,0.3366,0.0,GOING_TO_ENDPOINT,dump_zone_23,load_zone_23,0.000298,0.000799
1023.0,2026-07-02T14:50:24.905,1,-97.5,363.132,27.453,-0.4892,0.0,GOING_TO_ENDPOINT,dump_zone_22,load_zone_23,0.00025,0.00067
1023.0,2026-07-02T14:50:24.905,2,618.31,194.036,16.941,-0.5,0.0,GOING_TO_ENDPOINT,dump_zone_3,load_zone_26,0.00025,0.00067
1023.0,2026-07-02T14:50:24.905,3,-97.5,416.233,28.843,0.2274,0.0,GOING_TO_ENDPOINT,dump_zone_23,load_zone_23,0.00029,0.000777
1024.0,2026-07-02T14:50:27.747,1,-97.5,355.777,25.653,-0.5,0.0,GOING_TO_ENDPOINT,dump_zone_22,load_zone_23,0.00025,0.00067
1024.0,2026-07-02T14:50:27.747,2,613.881,193.83,15.141,-0.5,0.0,GOING_TO_ENDPOINT,dump_zone_3,load_zone_26,0.00025,0.00067
1024.0,2026-07-02T14:50:27.747,3,-97.5,408.3,27.914,-0.4167,0.0,GOING_TO_ENDPOINT,dump_zone_23,load_zone_23,0.00025,0.00067
1025.0,2026-07-02T14:50:30.740,1,-97.5,348.922,23.853,-0.5,0.0,GOING_TO_ENDPOINT,dump_zone_22,load_zone_23,0.00025,0.00067
1025.0,2026-07-02T14:50:30.740,2,609.963,194.06,13.341,-0.5,0.0,GOING_TO_ENDPOINT,dump_zone_3,load_zone_26,0.00025,0.00067
1025.0,2026-07-02T14:50:30.740,3,-97.5,400.576,28.222,0.391,0.0,GOING_TO_ENDPOINT,dump_zone_23,load_zone_23,0.000304,0.000815
1026.0,2026-07-02T14:50:34.469,1,-97.5,342.567,22.053,-0.5,0.0,GOING_TO_ENDPOINT,dump_zone_22,load_zone_23,0.00025,0.00067
1026.0,2026-07-02T14:50:34.469,2,606.887,195.533,11.541,-0.5,0.0,GOING_TO_ENDPOINT,dump_zone_3,load_zone_26,0.00025,0.00067
1026.0,2026-07-02T14:50:34.469,3,-97.5,392.602,29.109,0.1041,0.0,GOING_TO_ENDPOINT,dump_zone_23,load_zone_23,0.000278,0.000745
1027.0,2026-07-02T14:50:37.492,1,-97.5,336.712,20.253,-0.5,0.0,GOING_TO_ENDPOINT,dump_zone_22,load_zone_23,0.00025,0.00067
1027.0,2026-07-02T14:50:37.492,2,604.287,196.889,9.741,-0.5,0.0,GOING_TO_ENDPOINT,dump_zone_3,load_zone_26,0.00025,0.00067
1027.0,2026-07-02T14:50:37.492,3,-97.5,384.653,27.878,-0.5,0.0,GOING_TO_ENDPOINT,dump_zone_23,load_zone_23,0.00025,0.00067
1028.0,2026-07-02T14:50:40.266,1,-97.5,331.357,18.453,-0.5,0.0,GOING_TO_ENDPOINT,dump_zone_22,load_zone_23,0.00025,0.00067
1028.0,2026-07-02T14:50:40.266,2,602.061,197.875,7.941,-0.5,0.0,GOING_TO_ENDPOINT,dump_zone_3,load_zone_26,0.00025,0.00067
1028.0,2026-07-02T14:50:40.266,3,-97.5,377.071,27.078,0.0833,0.0,GOING_TO_ENDPOINT,dump_zone_23,load_zone_23,0.000274,0.000734
1029.0,2026-07-02T14:50:43.929,1,-99.743,327.368,16.653,-0.5,0.0,GOING_TO_ENDPOINT,dump_zone_22,load_zone_23,0.00025,0.00067
1029.0,2026-07-02T14:50:43.929,2,600.169,198.251,6.166,-0.4167,0.0,GOING_TO_ENDPOINT,dump_zone_3,load_zone_26,0.00025,0.00067
1029.0,2026-07-02T14:50:43.929,3,-97.5,369.351,28.487,0.2872,0.0,GOING_TO_ENDPOINT,dump_zone_23,load_zone_23,0.000295,0.000791
1030.0,2026-07-02T14:50:45.921,1,-103.874,327.718,14.853,-0.5,0.0,GOING_TO_ENDPOINT,dump_zone_22,load_zone_23,0.00025,0.00067
1030.0,2026-07-02T14:50:45.921,2,598.513,197.945,6.616,0.5833,0.0,GOING_TO_ENDPOINT,dump_zone_3,load_zone_26,0.000267,0.000716
1030.0,2026-07-02T14:50:45.921,3,-97.5,361.488,27.688,-0.5,0.0,GOING_TO_ENDPOINT,dump_zone_23,load_zone_23,0.00025,0.00067
1031.0,2026-07-02T14:50:47.368,1,-105.538,331.034,13.053,-0.5,0.0,GOING_TO_ENDPOINT,dump_zone_22,load_zone_23,0.00025,0.00067
1031.0,2026-07-02T14:50:47.368,2,596.754,196.49,9.966,1.0,0.0,GOING_TO_ENDPOINT,dump_zone_3,load_zone_26,0.000289,0.000775
1031.0,2026-07-02T14:50:47.368,3,-97.5,354.068,25.888,-0.5,0.0,GOING_TO_ENDPOINT,dump_zone_23,load_zone_23,0.00025,0.00067
1032.0,2026-07-02T14:50:50.089,1,-104.16,334.007,11.628,-0.0833,0.0,GOING_TO_ENDPOINT,dump_zone_22,load_zone_23,0.000254,0.000681
1032.0,2026-07-02T14:50:50.089,2,596.223,193.319,13.566,1.0,0.0,GOING_TO_ENDPOINT,dump_zone_3,load_zone_26,0.000302,0.000809
1032.0,2026-07-02T14:50:50.089,3,-97.786,347.149,24.334,-0.3654,0.0,GOING_TO_ENDPOINT,dump_zone_23,load_zone_23,0.00025,0.00067
1033.0,2026-07-02T14:50:53.859,1,-101.003,334.965,13.228,0.75,0.0,GOING_TO_ENDPOINT,dump_zone_22,load_zone_23,0.00029,0.000777
1033.0,2026-07-02T14:50:53.859,2,598.729,189.88,17.166,1.0,0.0,GOING_TO_ENDPOINT,dump_zone_3,load_zone_26,0.000316,0.000847
1033.0,2026-07-02T14:50:53.859,3,-99.061,340.784,22.549,-0.5,0.0,GOING_TO_ENDPOINT,dump_zone_23,load_zone_23,0.00025,0.00067
1034.0,2026-07-02T14:50:57.246,1,-97.644,333.091,15.028,0.0833,0.0,GOING_TO_ENDPOINT,dump_zone_22,load_zone_23,0.000264,0.000708
1034.0,2026-07-02T14:50:57.246,2,601.298,185.252,20.766,1.0,0.0,GOING_TO_ENDPOINT,dump_zone_3,load_zone_26,0.00033,0.000884
1034.0,2026-07-02T14:50:57.246,3,-101.02,335.152,20.749,-0.5,0.0,GOING_TO_ENDPOINT,dump_zone_23,load_zone_23,0.00025,0.00067
1035.0,2026-07-02T14:51:01.238,1,-97.428,329.216,14.128,-0.0833,0.0,GOING_TO_ENDPOINT,dump_zone_22,load_zone_23,0.000255,0.000683
1035.0,2026-07-02T14:51:01.238,2,602.442,179.083,24.366,1.0,0.0,GOING_TO_ENDPOINT,dump_zone_3,load_zone_26,0.000344,0.000922
1035.0,2026-07-02T14:51:01.238,3,-101.153,329.906,18.949,-0.5,0.0,GOING_TO_ENDPOINT,dump_zone_23,load_zone_23,0.00025,0.00067
1036.0,2026-07-02T14:51:04.968,1,-100.486,326.991,14.228,0.0833,0.0,GOING_TO_ENDPOINT,dump_zone_22,load_zone_23,0.000263,0.000705
1036.0,2026-07-02T14:51:04.968,2,602.506,171.822,27.266,0.4167,0.0,GOING_TO_ENDPOINT,dump_zone_3,load_zone_26,0.000304,0.000815
1036.0,2026-07-02T14:51:04.968,3,-96.882,327.63,17.149,-0.5,0.0,GOING_TO_ENDPOINT,dump_zone_23,load_zone_23,0.00025,0.00067
1037.0,2026-07-02T14:51:06.946,1,-103.945,328.208,12.953,-0.5,0.0,GOING_TO_ENDPOINT,dump_zone_22,load_zone_23,0.00025,0.00067
1037.0,2026-07-02T14:51:06.946,2,602.5,164.204,27.266,-0.25,0.0,GOING_TO_ENDPOINT,dump_zone_3,load_zone_26,0.00025,0.00067
1037.0,2026-07-02T14:51:06.946,3,-94.52,324.08,15.349,-0.5,0.0,GOING_TO_ENDPOINT,dump_zone_23,load_zone_23,0.00025,0.00067
1038.0,2026-07-02T14:51:08.515,1,-105.041,331.251,11.153,-0.5,0.0,GOING_TO_ENDPOINT,dump_zone_22,load_zone_23,0.00025,0.00067
1038.0,2026-07-02T14:51:08.515,2,602.5,156.837,25.951,-0.3167,0.0,GOING_TO_ENDPOINT,dump_zone_3,load_zone_26,0.00025,0.00067
1038.0,2026-07-02T14:51:08.515,3,-96.251,320.661,13.549,-0.5,0.0,GOING_TO_ENDPOINT,dump_zone_23,load_zone_23,0.00025,0.00067
1039.0,2026-07-02T14:51:11.067,1,-103.879,333.815,10.053,0.0833,0.0,GOING_TO_ENDPOINT,dump_zone_22,load_zone_23,0.000259,0.000694
1039.0,2026-07-02T14:51:11.067,2,602.5,149.601,26.461,0.1833,0.0,GOING_TO_ENDPOINT,dump_zone_3,load_zone_26,0.000282,0.000756
1039.0,2026-07-02T14:51:11.067,3,-99.606,320.09,12.124,-0.0833,0.0,GOING_TO_ENDPOINT,dump_zone_23,load_zone_23,0.000254,0.000681
1040.0,2026-07-02T14:51:14.074,1,-101.143,334.981,12.278,1.0,0.0,GOING_TO_ENDPOINT,dump_zone_22,load_zone_23,0.000297,0.000796
1040.0,2026-07-02T14:51:14.074,2,602.5,142.059,27.932,0.3406,0.0,GOING_TO_ENDPOINT,dump_zone_3,load_zone_26,0.000298,0.000799
1040.0,2026-07-02T14:51:14.074,3,-102.193,322.326,13.774,0.9167,0.0,GOING_TO_ENDPOINT,dump_zone_23,load_zone_23,0.0003,0.000804
1041.0,2026-07-02T14:51:17.796,1,-97.875,333.364,14.228,0.0833,0.0,GOING_TO_ENDPOINT,dump_zone_22,load_zone_23,0.000263,0.000705
1041.0,2026-07-02T14:51:17.796,2,602.5,134.144,28.675,-0.0141,0.0,GOING_TO_ENDPOINT,dump_zone_3,load_zone_26,0.000267,0.000716
1041.0,2026-07-02T14:51:17.796,3,-101.62,326.438,17.374,1.0,0.0,GOING_TO_ENDPOINT,dump_zone_23,load_zone_23,0.000317,0.00085
1042.0,2026-07-02T14:51:19.903,1,-97.284,329.745,12.953,-0.5,0.0,GOING_TO_ENDPOINT,dump_zone_22,load_zone_23,0.00025,0.00067
1042.0,2026-07-02T14:51:19.903,2,602.5,126.278,27.729,-0.5,0.0,GOING_TO_ENDPOINT,dump_zone_3,load_zone_26,0.00025,0.00067
1042.0,2026-07-02T14:51:19.903,3,-99.461,331.043,19.324,0.0833,0.0,GOING_TO_ENDPOINT,dump_zone_23,load_zone_23,0.000267,0.000716
1043.0,2026-07-02T14:51:22.149,1,-99.43,327.325,11.153,-0.5,0.0,GOING_TO_ENDPOINT,dump_zone_22,load_zone_23,0.00025,0.00067
1043.0,2026-07-02T14:51:22.149,2,602.5,118.684,27.505,0.282,0.0,GOING_TO_ENDPOINT,dump_zone_3,load_zone_26,0.000293,0.000785
1043.0,2026-07-02T14:51:22.149,3,-95.951,334.425,18.049,-0.5,0.0,GOING_TO_ENDPOINT,dump_zone_23,load_zone_23,0.00025,0.00067
1044.0,2026-07-02T14:51:23.569,1,-102.16,326.64,9.353,-0.5,0.0,GOING_TO_ENDPOINT,dump_zone_22,load_zone_23,0.00025,0.00067
1044.0,2026-07-02T14:51:23.569,2,602.5,110.924,28.186,-0.0521,0.0,GOING_TO_ENDPOINT,dump_zone_3,load_zone_26,0.000263,0.000705
1044.0,2026-07-02T14:51:23.569,3,-91.964,332.395,16.249,-0.5,0.0,GOING_TO_ENDPOINT,dump_zone_23,load_zone_23,0.00025,0.00067
1045.0,2026-07-02T14:51:25.591,1,-103.937,325.187,7.553,-0.5,0.0,GOING_TO_ENDPOINT,dump_zone_22,load_zone_23,0.00025,0.00067
1045.0,2026-07-02T14:51:25.591,2,602.5,103.189,27.664,-0.0803,0.0,GOING_TO_ENDPOINT,dump_zone_3,load_zone_26,0.00026,0.000697
1045.0,2026-07-02T14:51:25.591,3,-92.039,328.346,14.449,-0.5,0.0,GOING_TO_ENDPOINT,dump_zone_23,load_zone_23,0.00025,0.00067
1046.0,2026-07-02T14:51:27.796,1,-104.594,323.498,5.753,-0.5,0.0,GOING_TO_ENDPOINT,dump_zone_22,load_zone_23,0.00025,0.00067
1046.0,2026-07-02T14:51:27.796,2,602.5,95.459,28.029,0.2222,0.0,GOING_TO_ENDPOINT,dump_zone_3,load_zone_26,0.000288,0.000772
1046.0,2026-07-02T14:51:27.796,3,-95.267,326.426,14.299,0.4167,0.0,GOING_TO_ENDPOINT,dump_zone_23,load_zone_23,0.000278,0.000745
1047.0,2026-07-02T14:51:30.216,1,-104.569,322.177,3.953,-0.5,0.0,GOING_TO_ENDPOINT,dump_zone_22,load_zone_23,0.00025,0.00067
1047.0,2026-07-02T14:51:30.216,2,602.5,87.593,28.485,-0.0365,0.0,GOING_TO_ENDPOINT,dump_zone_3,load_zone_26,0.000265,0.00071
1047.0,2026-07-02T14:51:30.216,3,-99.154,327.947,15.844,0.0536,0.0,GOING_TO_ENDPOINT,dump_zone_23,load_zone_23,0.000263,0.000705
1048.0,2026-07-02T14:51:33.151,1,-104.339,321.384,2.153,-0.5,0.0,LOADING,dump_zone_22,load_zone_23,0.00025,0.00067
1048.0,2026-07-02T14:51:33.151,2,602.5,79.824,27.554,-0.2032,0.0,GOING_TO_ENDPOINT,dump_zone_3,load_zone_26,0.00025,0.00067
1048.0,2026-07-02T14:51:33.151,3,-100.667,331.705,14.515,-0.5,0.0,GOING_TO_ENDPOINT,dump_zone_23,load_zone_23,0.00025,0.00067
1049.0,2026-07-02T14:51:35.788,1,-104.205,321.085,0.353,-0.5,0.0,LOADING,dump_zone_22,load_zone_23,0.00025,0.00067
1049.0,2026-07-02T14:51:35.788,2,602.5,72.11,28.022,-0.0365,0.0,GOING_TO_ENDPOINT,dump_zone_3,load_zone_26,0.000264,0.000708
1049.0,2026-07-02T14:51:35.788,3,-98.58,334.67,12.715,-0.5,0.0,GOING_TO_ENDPOINT,dump_zone_23,load_zone_23,0.00025,0.00067
1050.0,2026-07-02T14:51:38.241,1,-104.203,321.08,0.0,-0.5,0.0,LOADING,dump_zone_22,load_zone_23,0.00025,0.00067
1050.0,2026-07-02T14:51:38.241,2,602.5,64.347,27.854,-0.0595,0.0,GOING_TO_ENDPOINT,dump_zone_3,load_zone_26,0.000262,0.000702
1050.0,2026-07-02T14:51:38.241,3,-95.418,334.939,10.915,-0.5,0.0,GOING_TO_ENDPOINT,dump_zone_23,load_zone_23,0.00025,0.00067
1051.0,2026-07-02T14:51:39.717,1,-103.405,320.019,7.2,0.0,1000.0,TURNING_AROUND,load_zone_23,dump_zone_22,0.000258,0.000691
1051.0,2026-07-02T14:51:39.717,2,602.5,56.719,26.956,-0.2062,0.0,GOING_TO_ENDPOINT,dump_zone_3,load_zone_26,0.00025,0.00067
1051.0,2026-07-02T14:51:39.717,3,-93.284,333.272,9.115,-0.5,0.0,GOING_TO_ENDPOINT,dump_zone_23,load_zone_23,0.00025,0.00067
1052.0,2026-07-02T14:51:41.136,1,-101.957,319.135,5.4,0.0,1000.0,TURNING_AROUND,load_zone_23,dump_zone_22,0.000256,0.000686
1052.0,2026-07-02T14:51:41.136,2,602.5,49.262,26.649,-0.1479,0.0,GOING_TO_ENDPOINT,dump_zone_3,load_zone_26,0.000254,0.000681
1052.0,2026-07-02T14:51:41.136,3,-92.657,331.13,7.315,-0.5,0.0,GOING_TO_ENDPOINT,dump_zone_23,load_zone_23,0.00025,0.00067
1053.0,2026-07-02T14:51:42.568,1,-103.152,319.292,7.2,0.0,1000.0,TURNING_AROUND,load_zone_23,dump_zone_22,0.000258,0.000691
1053.0,2026-07-02T14:51:42.568,2,602.5,41.731,28.015,0.6848,0.0,GOING_TO_ENDPOINT,dump_zone_3,load_zone_26,0.00033,0.000884
1053.0,2026-07-02T14:51:42.568,3,-93.051,329.371,6.096,-0.1226,0.0,GOING_TO_ENDPOINT,dump_zone_23,load_zone_23,0.000251,0.000673
1054.0,2026-07-02T14:51:44.011,1,-101.304,320.0,7.2,0.0,1000.0,TURNING_AROUND,load_zone_23,dump_zone_22,0.000258,0.000691
1054.0,2026-07-02T14:51:44.011,2,602.5,33.761,28.991,0.0918,0.0,GOING_TO_ENDPOINT,dump_zone_3,load_zone_26,0.000277,0.000742
1054.0,2026-07-02T14:51:44.011,3,-94.161,327.977,6.855,0.044,0.0,GOING_TO_ENDPOINT,dump_zone_23,load_zone_23,0.000255,0.000683
1055.0,2026-07-02T14:51:45.338,1,-101.001,320.062,5.4,0.0,1000.0,TURNING_AROUND,load_zone_23,dump_zone_22,0.000256,0.000686
1055.0,2026-07-02T14:51:45.338,2,602.5,25.822,28.093,-0.2628,0.0,GOING_TO_ENDPOINT,dump_zone_3,load_zone_26,0.00025,0.00067
1055.0,2026-07-02T14:51:45.338,3,-95.783,327.2,6.463,0.2107,0.0,GOING_TO_ENDPOINT,dump_zone_23,load_zone_23,0.000259,0.000694
1056.0,2026-07-02T14:51:47.067,1,-101.18,319.863,0.0,-0.3333,1000.0,RETURNING_TO_START,load_zone_23,dump_zone_22,0.00025,0.00067
1056.0,2026-07-02T14:51:47.067,2,602.5,18.204,27.132,0.0833,0.0,GOING_TO_ENDPOINT,dump_zone_3,load_zone_26,0.000275,0.000737
1056.0,2026-07-02T14:51:47.067,3,-97.873,327.295,9.032,0.9167,0.0,GOING_TO_ENDPOINT,dump_zone_23,load_zone_23,0.000282,0.000756
1057.0,2026-07-02T14:51:49.902,1,-101.18,319.932,0.9,0.6667,1000.0,RETURNING_TO_START,load_zone_23,dump_zone_22,0.000254,0.000681
1057.0,2026-07-02T14:51:49.902,2,602.5,10.509,27.982,-0.0833,0.0,GOING_TO_ENDPOINT,dump_zone_3,load_zone_26,0.00026,0.000697
1057.0,2026-07-02T14:51:49.902,3,-100.617,327.746,10.382,-0.0833,0.0,GOING_TO_ENDPOINT,dump_zone_23,load_zone_23,0.000254,0.000681
1058.0,2026-07-02T14:51:52.348,1,-101.207,320.664,3.975,0.5833,1000.0,RETURNING_TO_START,load_zone_23,dump_zone_22,0.000267,0.000716
1058.0,2026-07-02T14:51:52.348,2,602.5,2.802,27.932,0.25,0.0,GOING_TO_ENDPOINT,dump_zone_3,load_zone_26,0.00029,0.000777
1058.0,2026-07-02T14:51:52.348,3,-103.051,326.753,8.832,-0.5,0.0,GOING_TO_ENDPOINT,dump_zone_23,load_zone_23,0.00025,0.00067
1059.0,2026-07-02T14:51:55.208,1,-101.41,321.854,4.125,-0.4167,1000.0,RETURNING_TO_START,load_zone_23,dump_zone_22,0.00025,0.00067
1059.0,2026-07-02T14:51:55.208,2,602.5,-4.987,28.032,0.0833,0.0,GOING_TO_ENDPOINT,dump_zone_3,load_zone_26,0.000275,0.000737
1059.0,2026-07-02T14:51:55.208,3,-104.237,324.941,7.132,-0.5,0.0,GOING_TO_ENDPOINT,dump_zone_23,load_zone_23,0.00025,0.00067
1060.0,2026-07-02T14:51:57.968,1,-101.724,322.67,2.325,-0.5,1000.0,RETURNING_TO_START,load_zone_23,dump_zone_22,0.00025,0.00067
1060.0,2026-07-02T14:51:57.968,2,602.5,-12.753,27.568,-0.4452,0.0,GOING_TO_ENDPOINT,dump_zone_3,load_zone_26,0.00025,0.00067
1060.0,2026-07-02T14:51:57.968,3,-104.401,323.251,5.332,-0.5,0.0,GOING_TO_ENDPOINT,dump_zone_23,load_zone_23,0.00025,0.00067
1061.0,2026-07-02T14:52:01.162,1,-101.893,323.004,0.525,-0.5,1000.0,RETURNING_TO_START,load_zone_23,dump_zone_22,0.00025,0.00067
1061.0,2026-07-02T14:52:01.162,2,602.5,-20.295,27.134,-0.0313,0.0,GOING_TO_ENDPOINT,dump_zone_3,load_zone_26,0.000264,0.000708
1061.0,2026-07-02T14:52:01.162,3,-104.087,322.087,3.532,-0.5,0.0,GOING_TO_ENDPOINT,dump_zone_23,load_zone_23,0.00025,0.00067
1062.0,2026-07-02T14:52:04.795,1,-101.901,323.018,0.0,-0.25,1000.0,RETURNING_TO_START,load_zone_23,dump_zone_22,0.00025,0.00067
1062.0,2026-07-02T14:52:04.795,2,602.5,-27.963,28.306,0.3526,0.0,GOING_TO_ENDPOINT,dump_zone_3,load_zone_26,0.0003,0.000804
1062.0,2026-07-02T14:52:04.795,3,-103.748,321.464,1.732,-0.5,0.0,LOADING,dump_zone_23,load_zone_23,0.00025,0.00067
1063.0,2026-07-02T14:52:08.934,1,-101.948,323.101,1.125,0.75,1000.0,RETURNING_TO_START,load_zone_23,dump_zone_22,0.000256,0.000686
1063.0,2026-07-02T14:52:08.934,2,602.5,-35.87,28.441,-0.0074,0.0,GOING_TO_ENDPOINT,dump_zone_3,load_zone_26,0.000267,0.000716
1063.0,2026-07-02T14:52:08.934,3,-103.626,321.289,0.007,-0.3333,0.0,LOADING,dump_zone_23,load_zone_23,0.00025,0.00067
1064.0,2026-07-02T14:52:13.733,1,-102.36,323.826,4.65,1.0,1000.0,RETURNING_TO_START,load_zone_23,dump_zone_22,0.00028,0.00075
1064.0,2026-07-02T14:52:13.733,2,602.5,-43.653,27.864,0.1592,0.0,GOING_TO_ENDPOINT,dump_zone_3,load_zone_26,0.000282,0.000756
1064.0,2026-07-02T14:52:13.733,3,-103.619,321.279,0.122,0.051,0.0,LOADING,dump_zone_23,load_zone_23,0.00025,0.00067
1065.0,2026-07-02T14:52:16.611,1,-103.248,325.43,8.25,1.0,1000.0,RETURNING_TO_START,load_zone_23,dump_zone_22,0.000303,0.000812
1065.0,2026-07-02T14:52:16.611,2,602.5,-51.391,27.628,-0.0478,0.0,GOING_TO_ENDPOINT,dump_zone_3,load_zone_26,0.000263,0.000705
1065.0,2026-07-02T14:52:16.611,3,-102.21,320.126,7.2,0.0,1000.0,TURNING_AROUND,load_zone_23,dump_zone_23,0.000258,0.000691
1066.0,2026-07-02T14:52:18.819,1,-104.421,327.989,11.85,1.0,1000.0,RETURNING_TO_START,load_zone_23,dump_zone_22,0.000326,0.000874
1066.0,2026-07-02T14:52:18.819,2,602.5,-59.122,28.073,0.2983,0.0,GOING_TO_ENDPOINT,dump_zone_3,load_zone_26,0.000295,0.000791
1066.0,2026-07-02T14:52:18.819,3,-101.436,319.78,5.4,0.0,1000.0,TURNING_AROUND,load_zone_23,dump_zone_23,0.000256,0.000686
1067.0,2026-07-02T14:52:20.636,1,-103.75,331.726,15.45,1.0,1000.0,RETURNING_TO_START,load_zone_23,dump_zone_22,0.00035,0.000938
1067.0,2026-07-02T14:52:20.636,2,602.5,-66.961,27.807,-0.5,0.0,GOING_TO_ENDPOINT,dump_zone_3,load_zone_26,0.00025,0.00067
1067.0,2026-07-02T14:52:20.636,3,-101.797,319.878,7.2,0.0,1000.0,TURNING_AROUND,load_zone_23,dump_zone_23,0.000258,0.000691
1068.0,2026-07-02T14:52:21.757,1,-102.741,336.447,19.05,1.0,1000.0,RETURNING_TO_START,load_zone_23,dump_zone_22,0.000373,0.001
1068.0,2026-07-02T14:52:21.757,2,602.5,-74.415,26.007,-0.5,0.0,GOING_TO_ENDPOINT,dump_zone_3,load_zone_26,0.00025,0.00067
1068.0,2026-07-02T14:52:21.757,3,-100.245,321.106,7.2,0.0,1000.0,TURNING_AROUND,load_zone_23,dump_zone_23,0.000258,0.000691
1069.0,2026-07-02T14:52:23.154,1,-102.485,342.225,21.98,0.4674,1000.0,RETURNING_TO_START,load_zone_23,dump_zone_22,0.000329,0.000882
1069.0,2026-07-02T14:52:23.154,2,602.5,-81.368,24.207,-0.5,0.0,GOING_TO_ENDPOINT,dump_zone_3,load_zone_26,0.00025,0.00067
1069.0,2026-07-02T14:52:23.154,3,-100.395,320.485,5.4,0.0,1000.0,TURNING_AROUND,load_zone_23,dump_zone_23,0.000256,0.000686
1070.0,2026-07-02T14:52:24.812,1,-102.498,348.542,23.237,0.1498,1000.0,RETURNING_TO_START,load_zone_23,dump_zone_22,0.000293,0.000785
1070.0,2026-07-02T14:52:24.812,2,602.5,-87.821,22.407,-0.5,0.0,GOING_TO_ENDPOINT,dump_zone_3,load_zone_26,0.00025,0.00067
1070.0,2026-07-02T14:52:24.812,3,-100.424,320.51,1.528,0.8843,1000.0,RETURNING_TO_START,load_zone_23,dump_zone_23,0.000259,0.000694
1071.0,2026-07-02T14:52:26.414,1,-102.5,355.007,23.027,-0.2669,1000.0,RETURNING_TO_START,load_zone_23,dump_zone_22,0.00025,0.00067
1071.0,2026-07-02T14:52:26.414,2,602.5,-93.775,20.607,-0.5,0.0,GOING_TO_ENDPOINT,dump_zone_3,load_zone_26,0.00025,0.00067
1071.0,2026-07-02T14:52:26.414,3,-100.451,321.473,5.118,1.0,1000.0,RETURNING_TO_START,load_zone_23,dump_zone_23,0.000283,0.000758
1072.0,2026-07-02T14:52:27.766,1,-102.5,361.273,22.316,0.0664,1000.0,RETURNING_TO_START,load_zone_23,dump_zone_22,0.000282,0.000756
1072.0,2026-07-02T14:52:27.766,2,602.73,-99.208,18.957,-0.25,0.0,GOING_TO_ENDPOINT,dump_zone_3,load_zone_26,0.00025,0.00067
1072.0,2026-07-02T14:52:27.766,3,-100.662,323.424,8.718,1.0,1000.0,RETURNING_TO_START,load_zone_23,dump_zone_23,0.000306,0.00082
1073.0,2026-07-02T14:52:29.487,1,-102.5,367.654,23.609,0.2634,1000.0,RETURNING_TO_START,load_zone_23,dump_zone_22,0.000308,0.000825
1073.0,2026-07-02T14:52:29.487,2,606.921,-101.848,20.007,0.75,0.0,GOING_TO_ENDPOINT,dump_zone_3,load_zone_26,0.000311,0.000833
1073.0,2026-07-02T14:52:29.487,3,-101.086,326.357,12.318,1.0,1000.0,RETURNING_TO_START,load_zone_23,dump_zone_23,0.000329,0.000882
1074.0,2026-07-02T14:52:31.837,1,-102.5,374.185,23.358,0.0967,1000.0,RETURNING_TO_START,load_zone_23,dump_zone_22,0.000287,0.000769
1074.0,2026-07-02T14:52:31.837,2,612.073,-98.765,23.382,0.75,0.0,GOING_TO_ENDPOINT,dump_zone_3,load_zone_26,0.000322,0.000863
1074.0,2026-07-02T14:52:31.837,3,-101.705,330.272,15.918,1.0,1000.0,RETURNING_TO_START,load_zone_23,dump_zone_23,0.000353,0.000946
1075.0,2026-07-02T14:52:34.656,1,-102.5,380.662,23.006,-0.4033,1000.0,RETURNING_TO_START,load_zone_23,dump_zone_22,0.00025,0.00067
1075.0,2026-07-02T14:52:34.656,2,618.495,-97.273,24.132,-0.25,0.0,GOING_TO_ENDPOINT,dump_zone_3,load_zone_26,0.00025,0.00067
1075.0,2026-07-02T14:52:34.656,3,-102.339,335.192,19.518,1.0,1000.0,RETURNING_TO_START,load_zone_23,dump_zone_23,0.000376,0.001008
1076.0,2026-07-02T14:52:37.487,1,-102.5,386.954,22.904,0.4301,1000.0,RETURNING_TO_START,load_zone_23,dump_zone_22,0.000327,0.000876
1076.0,2026-07-02T14:52:37.487,2,624.944,-97.477,22.407,-0.5,0.0,GOING_TO_ENDPOINT,dump_zone_3,load_zone_26,0.00025,0.00067
1076.0,2026-07-02T14:52:37.487,3,-102.502,341.132,22.743,0.5833,1000.0,RETURNING_TO_START,load_zone_23,dump_zone_23,0.000346,0.000927
1077.0,2026-07-02T14:52:40.983,1,-102.5,393.441,23.403,0.0967,1000.0,RETURNING_TO_START,load_zone_23,dump_zone_22,0.000287,0.000769
1077.0,2026-07-02T14:52:40.983,2,630.897,-97.492,20.607,-0.5,0.0,GOING_TO_ENDPOINT,dump_zone_3,load_zone_26,0.00025,0.00067
1077.0,2026-07-02T14:52:40.983,3,-102.501,347.648,23.743,-0.0833,1000.0,RETURNING_TO_START,load_zone_23,dump_zone_23,0.000264,0.000708
1078.0,2026-07-02T14:52:43.578,1,-102.5,399.91,22.95,-0.249,1000.0,RETURNING_TO_START,load_zone_23,dump_zone_22,0.00025,0.00067
1078.0,2026-07-02T14:52:43.578,2,636.35,-97.498,18.807,-0.5,0.0,GOING_TO_ENDPOINT,dump_zone_3,load_zone_26,0.00025,0.00067
1078.0,2026-07-02T14:52:43.578,3,-102.5,354.062,22.44,-0.25,1000.0,RETURNING_TO_START,load_zone_23,dump_zone_23,0.00025,0.00067
1079.0,2026-07-02T14:52:46.302,1,-102.5,406.202,22.573,0.0242,1000.0,RETURNING_TO_START,load_zone_23,dump_zone_22,0.000277,0.000742
1079.0,2026-07-02T14:52:46.302,2,641.304,-97.499,17.007,-0.5,0.0,GOING_TO_ENDPOINT,dump_zone_3,load_zone_26,0.00025,0.00067
1079.0,2026-07-02T14:52:46.302,3,-102.5,360.23,22.39,0.25,1000.0,RETURNING_TO_START,load_zone_23,dump_zone_23,0.000304,0.000815
1080.0,2026-07-02T14:52:48.791,1,-102.5,412.531,22.756,-0.2687,1000.0,RETURNING_TO_START,load_zone_23,dump_zone_22,0.00025,0.00067
1080.0,2026-07-02T14:52:48.791,2,645.757,-97.5,15.207,-0.5,0.0,GOING_TO_ENDPOINT,dump_zone_3,load_zone_26,0.00025,0.00067
1080.0,2026-07-02T14:52:48.791,3,-102.5,366.576,23.099,-0.0293,1000.0,RETURNING_TO_START,load_zone_23,dump_zone_23,0.000271,0.000726
1081.0,2026-07-02T14:52:51.693,1,-102.5,418.598,21.019,-0.5,1000.0,RETURNING_TO_START,load_zone_23,dump_zone_22,0.00025,0.00067
1081.0,2026-07-02T14:52:51.693,2,649.698,-97.705,13.407,-0.5,0.0,GOING_TO_ENDPOINT,dump_zone_3,load_zone_26,0.00025,0.00067
1081.0,2026-07-02T14:52:51.693,3,-102.5,372.993,23.234,0.0379,1000.0,RETURNING_TO_START,load_zone_23,dump_zone_23,0.000279,0.000748
1082.0,2026-07-02T14:52:54.882,1,-102.5,424.166,19.219,-0.5,1000.0,RETURNING_TO_START,load_zone_23,dump_zone_22,0.00025,0.00067
1082.0,2026-07-02T14:52:54.882,2,652.741,-99.268,11.632,-0.4167,0.0,GOING_TO_ENDPOINT,dump_zone_3,load_zone_26,0.00025,0.00067
1082.0,2026-07-02T14:52:54.882,3,-102.5,379.32,22.305,-0.1655,1000.0,RETURNING_TO_START,load_zone_23,dump_zone_23,0.000254,0.000681
1083.0,2026-07-02T14:52:57.340,1,-102.5,429.234,17.419,-0.5,1000.0,RETURNING_TO_START,load_zone_23,dump_zone_22,0.00025,0.00067
1083.0,2026-07-02T14:52:57.340,2,655.092,-101.461,12.082,0.5833,0.0,GOING_TO_ENDPOINT,dump_zone_3,load_zone_26,0.00028,0.00075
1083.0,2026-07-02T14:52:57.340,3,-102.5,385.57,22.759,0.1678,1000.0,RETURNING_TO_START,load_zone_23,dump_zone_23,0.000295,0.000791
1084.0,2026-07-02T14:52:59.334,1,-102.5,433.802,15.619,-0.5,1000.0,RETURNING_TO_START,load_zone_23,dump_zone_22,0.00025,0.00067
1084.0,2026-07-02T14:52:59.334,2,657.792,-104.183,15.432,1.0,0.0,GOING_TO_ENDPOINT,dump_zone_3,load_zone_26,0.00031,0.000831
1084.0,2026-07-02T14:52:59.334,3,-102.5,391.913,22.757,0.0104,1000.0,RETURNING_TO_START,load_zone_23,dump_zone_23,0.000275,0.000737
1085.0,2026-07-02T14:53:01.462,1,-102.5,437.87,13.819,-0.5,1000.0,RETURNING_TO_START,load_zone_23,dump_zone_22,0.00025,0.00067
1085.0,2026-07-02T14:53:01.462,2,661.175,-107.628,19.032,1.0,0.0,GOING_TO_ENDPOINT,dump_zone_3,load_zone_26,0.000324,0.000868
1085.0,2026-07-02T14:53:01.462,3,-102.5,398.355,23.394,0.0104,1000.0,RETURNING_TO_START,load_zone_23,dump_zone_23,0.000276,0.00074
1086.0,2026-07-02T14:53:03.994,1,-102.5,441.438,12.019,-0.5,1000.0,RETURNING_TO_START,load_zone_23,dump_zone_22,0.00025,0.00067
1086.0,2026-07-02T14:53:03.994,2,665.289,-111.757,22.632,1.0,0.0,GOING_TO_ENDPOINT,dump_zone_3,load_zone_26,0.000338,0.000906
1086.0,2026-07-02T14:53:03.994,3,-102.5,404.803,23.064,0.1058,1000.0,RETURNING_TO_START,load_zone_23,dump_zone_23,0.000288,0.000772
1087.0,2026-07-02T14:53:06.381,1,-102.5,444.506,10.219,-0.5,1000.0,RETURNING_TO_START,load_zone_23,dump_zone_22,0.00025,0.00067
1087.0,2026-07-02T14:53:06.381,2,670.119,-116.584,26.232,1.0,0.0,GOING_TO_ENDPOINT,dump_zone_3,load_zone_26,0.000351,0.000941
1087.0,2026-07-02T14:53:06.381,3,-102.5,411.381,23.995,-0.0609,1000.0,RETURNING_TO_START,load_zone_23,dump_zone_23,0.000267,0.000716
1088.0,2026-07-02T14:53:08.762,1,-102.5,447.074,8.419,-0.5,1000.0,RETURNING_TO_START,load_zone_23,dump_zone_22,0.00025,0.00067
1088.0,2026-07-02T14:53:08.762,2,675.538,-122.002,28.182,0.0833,0.0,GOING_TO_ENDPOINT,dump_zone_3,load_zone_26,0.000275,0.000737
1088.0,2026-07-02T14:53:08.762,3,-102.5,417.887,22.919,-0.3995,1000.0,RETURNING_TO_START,load_zone_23,dump_zone_23,0.00025,0.00067
1089.0,2026-07-02T14:53:10.904,1,-102.826,449.193,7.744,0.25,1000.0,RETURNING_TO_START,load_zone_23,dump_zone_22,0.000269,0.000721
1089.0,2026-07-02T14:53:10.904,2,680.97,-127.435,26.907,-0.5,0.0,GOING_TO_ENDPOINT,dump_zone_3,load_zone_26,0.00025,0.00067
1089.0,2026-07-02T14:53:10.904,3,-102.5,424.05,21.895,0.0833,1000.0,RETURNING_TO_START,load_zone_23,dump_zone_23,0.000283,0.000758
1090.0,2026-07-02T14:53:12.487,1,-104.447,451.031,10.444,1.0,1000.0,RETURNING_TO_START,load_zone_23,dump_zone_22,0.000317,0.00085
1090.0,2026-07-02T14:53:12.487,2,686.064,-132.529,25.107,-0.5,0.0,GOING_TO_ENDPOINT,dump_zone_3,load_zone_26,0.00025,0.00067
1090.0,2026-07-02T14:53:12.487,3,-102.5,430.282,22.995,0.25,1000.0,RETURNING_TO_START,load_zone_23,dump_zone_23,0.000305,0.000817
1091.0,2026-07-02T14:53:14.240,1,-107.767,451.353,14.044,1.0,1000.0,RETURNING_TO_START,load_zone_23,dump_zone_22,0.000341,0.000914
1091.0,2026-07-02T14:53:14.240,2,690.804,-137.269,23.307,-0.5,0.0,GOING_TO_ENDPOINT,dump_zone_3,load_zone_26,0.00025,0.00067
1091.0,2026-07-02T14:53:14.240,3,-102.5,436.782,23.943,0.4138,1000.0,RETURNING_TO_START,load_zone_23,dump_zone_23,0.000329,0.000882
1092.0,2026-07-02T14:53:16.221,1,-111.62,449.156,17.644,1.0,1000.0,RETURNING_TO_START,load_zone_23,dump_zone_22,0.000364,0.000976
1092.0,2026-07-02T14:53:16.221,2,695.191,-141.655,21.507,-0.5,0.0,GOING_TO_ENDPOINT,dump_zone_3,load_zone_26,0.00025,0.00067
1092.0,2026-07-02T14:53:16.221,3,-102.5,443.458,23.782,-0.0862,1000.0,RETURNING_TO_START,load_zone_23,dump_zone_23,0.000264,0.000708
1093.0,2026-07-02T14:53:18.615,1,-116.822,447.693,21.219,0.9167,1000.0,RETURNING_TO_START,load_zone_23,dump_zone_22,0.000377,0.00101
1093.0,2026-07-02T14:53:18.615,2,699.224,-145.687,19.707,-0.5,0.0,GOING_TO_ENDPOINT,dump_zone_3,load_zone_26,0.00025,0.00067
1093.0,2026-07-02T14:53:18.615,3,-102.5,449.926,22.823,-0.0833,1000.0,RETURNING_TO_START,load_zone_23,dump_zone_23,0.000264,0.000708
1094.0,2026-07-02T14:53:21.336,1,-123.132,447.487,23.92,0.5152,1000.0,RETURNING_TO_START,load_zone_23,dump_zone_22,0.000342,0.000917
1094.0,2026-07-02T14:53:21.336,2,702.429,-149.754,17.907,-0.5,0.0,GOING_TO_ENDPOINT,dump_zone_3,load_zone_26,0.00025,0.00067
1094.0,2026-07-02T14:53:21.336,3,-102.5,456.344,23.323,0.0833,1000.0,RETURNING_TO_START,load_zone_23,dump_zone_23,0.000285,0.000764
1095.0,2026-07-02T14:53:23.741,1,-129.845,447.5,23.825,-0.4848,1000.0,RETURNING_TO_START,load_zone_23,dump_zone_22,0.00025,0.00067
1095.0,2026-07-02T14:53:23.741,2,703.185,-154.279,16.482,-0.0833,0.0,GOING_TO_ENDPOINT,dump_zone_3,load_zone_26,0.000256,0.000686
1095.0,2026-07-02T14:53:23.741,3,-102.5,462.78,22.973,-0.25,1000.0,RETURNING_TO_START,load_zone_23,dump_zone_23,0.00025,0.00067
1096.0,2026-07-02T14:53:26.030,1,-136.192,447.5,22.025,-0.5,1000.0,RETURNING_TO_START,load_zone_23,dump_zone_22,0.00025,0.00067
1096.0,2026-07-02T14:53:26.030,2,702.585,-158.972,17.958,0.6504,0.0,GOING_TO_ENDPOINT,dump_zone_3,load_zone_26,0.000299,0.000801
1096.0,2026-07-02T14:53:26.030,3,-102.5,469.013,21.91,-0.2289,1000.0,RETURNING_TO_START,load_zone_23,dump_zone_23,0.00025,0.00067
1097.0,2026-07-02T14:53:28.500,1,-142.039,447.5,20.225,-0.5,1000.0,RETURNING_TO_START,load_zone_23,dump_zone_22,0.00025,0.00067
1097.0,2026-07-02T14:53:28.500,2,702.49,-164.1,18.349,-0.3496,0.0,GOING_TO_ENDPOINT,dump_zone_3,load_zone_26,0.00025,0.00067
1097.0,2026-07-02T14:53:28.500,3,-102.5,475.093,22.186,0.4378,1000.0,RETURNING_TO_START,load_zone_23,dump_zone_23,0.000326,0.000874
1098.0,2026-07-02T14:53:30.608,1,-147.386,447.5,18.425,-0.5,1000.0,RETURNING_TO_START,load_zone_23,dump_zone_22,0.00025,0.00067
1098.0,2026-07-02T14:53:30.608,2,702.497,-168.932,16.569,-0.5,0.0,GOING_TO_ENDPOINT,dump_zone_3,load_zone_26,0.00025,0.00067
1098.0,2026-07-02T14:53:30.608,3,-102.5,481.624,24.528,0.3857,1000.0,RETURNING_TO_START,load_zone_23,dump_zone_23,0.000327,0.000876
1099.0,2026-07-02T14:53:32.231,1,-152.233,447.5,16.625,-0.5,1000.0,RETURNING_TO_START,load_zone_23,dump_zone_22,0.00025,0.00067
1099.0,2026-07-02T14:53:32.231,2,702.5,-173.264,14.769,-0.5,0.0,GOING_TO_ENDPOINT,dump_zone_3,load_zone_26,0.00025,0.00067
1099.0,2026-07-02T14:53:32.231,3,-102.5,488.437,24.01,-0.5,1000.0,RETURNING_TO_START,load_zone_23,dump_zone_23,0.00025,0.00067
1100.0,2026-07-02T14:53:34.259,1,-156.58,447.467,14.825,-0.5,1000.0,RETURNING_TO_START,load_zone_23,dump_zone_22,0.00025,0.00067
1100.0,2026-07-02T14:53:34.259,2,702.5,-177.116,13.144,-0.5,0.0,GOING_TO_ENDPOINT,dump_zone_3,load_zone_26,0.00025,0.00067
1100.0,2026-07-02T14:53:34.259,3,-102.5,494.836,22.21,-0.5,1000.0,RETURNING_TO_START,load_zone_23,dump_zone_23,0.00025,0.00067
1101.0,2026-07-02T14:53:36.184,1,-160.231,446.377,13.025,-0.5,1000.0,RETURNING_TO_START,load_zone_23,dump_zone_22,0.00025,0.00067
1101.0,2026-07-02T14:53:36.184,2,702.5,-180.504,11.382,-0.5,0.0,GOING_TO_ENDPOINT,dump_zone_3,load_zone_26,0.00025,0.00067
1101.0,2026-07-02T14:53:36.184,3,-102.5,500.734,20.41,-0.5,1000.0,RETURNING_TO_START,load_zone_23,dump_zone_23,0.00025,0.00067
1102.0,2026-07-02T14:53:39.545,1,-163.456,445.559,11.225,-0.5,1000.0,RETURNING_TO_START,load_zone_23,dump_zone_22,0.00025,0.00067
1102.0,2026-07-02T14:53:39.545,2,702.5,-183.418,9.682,-0.5,0.0,GOING_TO_ENDPOINT,dump_zone_3,load_zone_26,0.00025,0.00067
1102.0,2026-07-02T14:53:39.545,3,-102.5,506.133,18.61,-0.5,1000.0,RETURNING_TO_START,load_zone_23,dump_zone_23,0.00025,0.00067
1103.0,2026-07-02T14:53:44.165,1,-166.302,445.487,9.425,-0.5,1000.0,RETURNING_TO_START,load_zone_23,dump_zone_22,0.00025,0.00067
1103.0,2026-07-02T14:53:44.165,2,702.5,-185.861,8.007,-0.4167,0.0,GOING_TO_ENDPOINT,dump_zone_3,load_zone_26,0.00025,0.00067
1103.0,2026-07-02T14:53:44.165,3,-102.5,511.031,16.81,-0.5,1000.0,RETURNING_TO_START,load_zone_23,dump_zone_23,0.00025,0.00067
1104.0,2026-07-02T14:53:48.304,1,-168.641,445.61,7.625,-0.5,1000.0,RETURNING_TO_START,load_zone_23,dump_zone_22,0.00025,0.00067
1104.0,2026-07-02T14:53:48.304,2,702.5,-187.835,6.307,-0.4167,0.0,GOING_TO_ENDPOINT,dump_zone_3,load_zone_26,0.00025,0.00067
1104.0,2026-07-02T14:53:48.304,3,-102.5,515.43,15.01,-0.5,1000.0,RETURNING_TO_START,load_zone_23,dump_zone_23,0.00025,0.00067
1105.0,2026-07-02T14:53:52.410,1,-170.329,446.436,6.525,0.0833,1000.0,RETURNING_TO_START,load_zone_23,dump_zone_22,0.00026,0.000697
1105.0,2026-07-02T14:53:52.410,2,702.366,-189.376,4.792,-0.5,0.0,GOING_TO_ENDPOINT,dump_zone_3,load_zone_26,0.00025,0.00067
1105.0,2026-07-02T14:53:52.410,3,-102.5,519.328,13.21,-0.5,1000.0,RETURNING_TO_START,load_zone_23,dump_zone_23,0.00025,0.00067
1106.0,2026-07-02T14:53:56.069,1,-171.506,448.08,8.29,0.4435,1000.0,RETURNING_TO_START,load_zone_23,dump_zone_22,0.000279,0.000748
1106.0,2026-07-02T14:53:56.069,2,702.409,-190.432,2.992,-0.5,0.0,LOADING,dump_zone_3,load_zone_26,0.00025,0.00067
1106.0,2026-07-02T14:53:56.069,3,-101.346,522.423,11.41,-0.5,1000.0,RETURNING_TO_START,load_zone_23,dump_zone_23,0.00025,0.00067
1107.0,2026-07-02T14:53:59.100,1,-171.67,450.374,7.953,-0.5,1000.0,RETURNING_TO_START,load_zone_23,dump_zone_22,0.00025,0.00067
1107.0,2026-07-02T14:53:59.100,2,702.54,-190.977,1.192,-0.5,0.0,LOADING,dump_zone_3,load_zone_26,0.00025,0.00067
1107.0,2026-07-02T14:53:59.100,3,-98.773,523.617,9.61,-0.5,1000.0,RETURNING_TO_START,load_zone_23,dump_zone_23,0.00025,0.00067
1108.0,2026-07-02T14:54:01.190,1,-170.82,452.096,6.153,-0.5,1000.0,RETURNING_TO_START,load_zone_23,dump_zone_22,0.00025,0.00067
1108.0,2026-07-02T14:54:01.190,2,702.569,-191.068,0.0,-0.5,0.0,LOADING,dump_zone_3,load_zone_26,0.00025,0.00067
1108.0,2026-07-02T14:54:01.190,3,-96.468,523.094,7.81,-0.5,1000.0,RETURNING_TO_START,load_zone_23,dump_zone_23,0.00025,0.00067
1109.0,2026-07-02T14:54:03.364,1,-169.721,453.012,4.353,-0.5,1000.0,RETURNING_TO_START,load_zone_23,dump_zone_22,0.00025,0.00067
1109.0,2026-07-02T14:54:03.364,2,702.767,-191.527,7.2,0.0,1000.0,TURNING_AROUND,load_zone_26,dump_zone_3,0.000258,0.000691
1109.0,2026-07-02T14:54:03.364,3,-95.097,521.805,6.01,-0.5,1000.0,RETURNING_TO_START,load_zone_23,dump_zone_23,0.00025,0.00067
1110.0,2026-07-02T14:54:05.024,1,-168.879,453.424,2.553,-0.5,1000.0,UNLOADING,load_zone_23,dump_zone_22,0.00025,0.00067
1110.0,2026-07-02T14:54:05.024,2,704.071,-193.016,7.2,0.0,1000.0,TURNING_AROUND,load_zone_26,dump_zone_3,0.000258,0.000691
1110.0,2026-07-02T14:54:05.024,3,-94.449,520.568,4.21,-0.5,1000.0,RETURNING_TO_START,load_zone_23,dump_zone_23,0.00025,0.00067
1111.0,2026-07-02T14:54:07.346,1,-168.507,453.656,0.753,-0.5,1000.0,UNLOADING,load_zone_23,dump_zone_22,0.00025,0.00067
1111.0,2026-07-02T14:54:07.346,2,703.701,-193.037,5.4,0.0,1000.0,TURNING_AROUND,load_zone_26,dump_zone_3,0.000256,0.000686
1111.0,2026-07-02T14:54:07.346,3,-93.899,519.859,2.41,-0.5,1000.0,UNLOADING,load_zone_23,dump_zone_23,0.00025,0.00067
1112.0,2026-07-02T14:54:09.774,1,-168.478,453.676,0.0,-0.5,1000.0,UNLOADING,load_zone_23,dump_zone_22,0.00025,0.00067
1112.0,2026-07-02T14:54:09.774,2,704.525,-192.832,7.2,0.0,1000.0,TURNING_AROUND,load_zone_26,dump_zone_3,0.000258,0.000691
1112.0,2026-07-02T14:54:09.774,3,-93.609,519.586,0.61,-0.5,1000.0,UNLOADING,load_zone_23,dump_zone_23,0.00025,0.00067
1113.0,2026-07-02T14:54:12.682,1,-167.744,454.067,7.2,0.0,0.0,TURNING_AROUND,dump_zone_22,load_zone_1,0.000255,0.000683
1113.0,2026-07-02T14:54:12.682,2,706.025,-192.041,5.4,0.0,1000.0,TURNING_AROUND,load_zone_26,dump_zone_3,0.000256,0.000686
1113.0,2026-07-02T14:54:12.682,3,-93.592,519.572,0.0,-0.5,1000.0,UNLOADING,load_zone_23,dump_zone_23,0.00025,0.00067
1114.0,2026-07-02T14:54:15.111,1,-167.107,454.266,0.025,0.0833,0.0,GOING_TO_ENDPOINT,dump_zone_22,load_zone_1,0.00025,0.00067
1114.0,2026-07-02T14:54:15.111,2,705.279,-192.987,7.2,0.0,1000.0,TURNING_AROUND,load_zone_26,dump_zone_3,0.000258,0.000691
1114.0,2026-07-02T14:54:15.111,3,-92.939,518.818,7.2,0.0,0.0,TURNING_AROUND,dump_zone_23,load_zone_2,0.000255,0.000683
1115.0,2026-07-02T14:54:17.718,1,-166.845,454.264,2.25,1.0,0.0,GOING_TO_ENDPOINT,dump_zone_22,load_zone_1,0.000259,0.000694
1115.0,2026-07-02T14:54:17.718,2,705.539,-192.197,0.0,-0.0,1000.0,RETURNING_TO_START,load_zone_26,dump_zone_3,0.00025,0.00067
1115.0,2026-07-02T14:54:17.718,3,-92.355,517.446,0.0,-0.3333,0.0,GOING_TO_ENDPOINT,dump_zone_23,load_zone_2,0.00025,0.00067
1116.0,2026-07-02T14:54:21.432,1,-165.682,454.185,5.85,1.0,0.0,GOING_TO_ENDPOINT,dump_zone_22,load_zone_1,0.000273,0.000732
1116.0,2026-07-02T14:54:21.432,2,705.533,-191.986,1.95,1.0,1000.0,RETURNING_TO_START,load_zone_26,dump_zone_3,0.000263,0.000705
1116.0,2026-07-02T14:54:21.432,3,-92.355,517.377,0.9,0.6667,0.0,GOING_TO_ENDPOINT,dump_zone_23,load_zone_2,0.000253,0.000678
1117.0,2026-07-02T14:54:26.140,1,-163.543,453.842,9.45,1.0,0.0,GOING_TO_ENDPOINT,dump_zone_22,load_zone_1,0.000287,0.000769
1117.0,2026-07-02T14:54:26.140,2,705.324,-190.927,5.55,1.0,1000.0,RETURNING_TO_START,load_zone_26,dump_zone_3,0.000286,0.000766
1117.0,2026-07-02T14:54:26.140,3,-92.422,516.628,4.35,1.0,0.0,GOING_TO_ENDPOINT,dump_zone_23,load_zone_2,0.000267,0.000716
1118.0,2026-07-02T14:54:31.341,1,-160.412,453.371,13.05,1.0,0.0,GOING_TO_ENDPOINT,dump_zone_22,load_zone_1,0.0003,0.000804
1118.0,2026-07-02T14:54:31.341,2,704.17,-189.218,9.15,1.0,1000.0,RETURNING_TO_START,load_zone_26,dump_zone_3,0.000309,0.000828
1118.0,2026-07-02T14:54:31.341,3,-93.064,515.009,7.95,1.0,0.0,GOING_TO_ENDPOINT,dump_zone_23,load_zone_2,0.000281,0.000753
1119.0,2026-07-02T14:54:36.114,1,-156.273,452.897,16.65,1.0,0.0,GOING_TO_ENDPOINT,dump_zone_22,load_zone_1,0.000314,0.000842
1119.0,2026-07-02T14:54:36.114,2,701.924,-187.107,12.75,1.0,1000.0,RETURNING_TO_START,load_zone_26,dump_zone_3,0.000332,0.00089
1119.0,2026-07-02T14:54:36.114,3,-94.358,512.583,11.55,1.0,0.0,GOING_TO_ENDPOINT,dump_zone_23,load_zone_2,0.000295,0.000791
1120.0,2026-07-02T14:54:40.269,1,-151.118,452.561,20.25,1.0,0.0,GOING_TO_ENDPOINT,dump_zone_22,load_zone_1,0.000328,0.000879
1120.0,2026-07-02T14:54:40.269,2,699.188,-184.088,16.35,1.0,1000.0,RETURNING_TO_START,load_zone_26,dump_zone_3,0.000355,0.000951
1120.0,2026-07-02T14:54:40.269,3,-95.719,509.09,15.15,1.0,0.0,GOING_TO_ENDPOINT,dump_zone_23,load_zone_2,0.000309,0.000828
1121.0,2026-07-02T14:54:44.494,1,-144.952,452.491,23.85,1.0,0.0,GOING_TO_ENDPOINT,dump_zone_22,load_zone_1,0.000342,0.000917
1121.0,2026-07-02T14:54:44.494,2,697.702,-179.276,19.793,0.7452,1000.0,RETURNING_TO_START,load_zone_26,dump_zone_3,0.00035,0.000938
1121.0,2026-07-02T14:54:44.494,3,-96.865,504.483,18.75,1.0,0.0,GOING_TO_ENDPOINT,dump_zone_23,load_zone_2,0.000323,0.000866
1122.0,2026-07-02T14:54:48.122,1,-137.806,452.5,27.075,0.5833,0.0,GOING_TO_ENDPOINT,dump_zone_22,load_zone_1,0.000318,0.000852
1122.0,2026-07-02T14:54:48.122,2,697.47,-173.594,20.525,-0.2548,1000.0,RETURNING_TO_START,load_zone_26,dump_zone_3,0.00025,0.00067
1122.0,2026-07-02T14:54:48.122,3,-97.44,498.768,22.35,1.0,0.0,GOING_TO_ENDPOINT,dump_zone_23,load_zone_2,0.000336,0.0009
1123.0,2026-07-02T14:54:51.822,1,-130.179,452.501,27.225,-0.4167,0.0,GOING_TO_ENDPOINT,dump_zone_22,load_zone_1,0.00025,0.00067
1123.0,2026-07-02T14:54:51.822,2,697.495,-168.144,18.798,-0.5,1000.0,RETURNING_TO_START,load_zone_26,dump_zone_3,0.00025,0.00067
1123.0,2026-07-02T14:54:51.822,3,-97.506,492.019,25.925,0.9167,0.0,GOING_TO_ENDPOINT,dump_zone_23,load_zone_2,0.000343,0.000919
1124.0,2026-07-02T14:54:56.307,1,-122.888,452.5,25.425,-0.5,0.0,GOING_TO_ENDPOINT,dump_zone_22,load_zone_1,0.00025,0.00067
1124.0,2026-07-02T14:54:56.307,2,697.501,-163.193,16.998,-0.5,1000.0,RETURNING_TO_START,load_zone_26,dump_zone_3,0.00025,0.00067
1124.0,2026-07-02T14:54:56.307,3,-97.499,484.447,27.898,0.1087,0.0,GOING_TO_ENDPOINT,dump_zone_23,load_zone_2,0.000277,0.000742
1125.0,2026-07-02T14:54:58.999,1,-116.096,452.5,23.625,-0.5,0.0,GOING_TO_ENDPOINT,dump_zone_22,load_zone_1,0.00025,0.00067
1125.0,2026-07-02T14:54:58.999,2,697.5,-158.742,15.198,-0.5,1000.0,RETURNING_TO_START,load_zone_26,dump_zone_3,0.00025,0.00067
1125.0,2026-07-02T14:54:58.999,3,-97.497,476.831,26.676,-0.5,0.0,GOING_TO_ENDPOINT,dump_zone_23,load_zone_2,0.00025,0.00067
1126.0,2026-07-02T14:55:01.831,1,-109.804,452.499,21.825,-0.5,0.0,GOING_TO_ENDPOINT,dump_zone_22,load_zone_1,0.00025,0.00067
1126.0,2026-07-02T14:55:01.831,2,697.5,-154.792,13.398,-0.5,1000.0,RETURNING_TO_START,load_zone_26,dump_zone_3,0.00025,0.00067
1126.0,2026-07-02T14:55:01.831,3,-97.496,469.692,24.876,-0.5,0.0,GOING_TO_ENDPOINT,dump_zone_23,load_zone_2,0.00025,0.00067
1127.0,2026-07-02T14:55:07.401,1,-104.019,452.372,20.025,-0.5,0.0,GOING_TO_ENDPOINT,dump_zone_22,load_zone_1,0.00025,0.00067
1127.0,2026-07-02T14:55:07.401,2,697.502,-151.341,11.598,-0.5,1000.0,RETURNING_TO_START,load_zone_26,dump_zone_3,0.00025,0.00067
1127.0,2026-07-02T14:55:07.401,3,-97.711,463.019,23.776,0.0833,0.0,GOING_TO_ENDPOINT,dump_zone_23,load_zone_2,0.000271,0.000726
1128.0,2026-07-02T14:55:14.942,1,-98.843,451.448,18.225,-0.5,0.0,GOING_TO_ENDPOINT,dump_zone_22,load_zone_1,0.00025,0.00067
1128.0,2026-07-02T14:55:14.942,2,696.303,-148.614,10.923,0.25,1000.0,RETURNING_TO_START,load_zone_26,dump_zone_3,0.000276,0.00074
1128.0,2026-07-02T14:55:14.942,3,-98.802,456.583,22.876,-0.5,0.0,GOING_TO_ENDPOINT,dump_zone_23,load_zone_2,0.00025,0.00067
1129.0,2026-07-02T14:55:19.575,1,-94.578,453.395,16.425,-0.5,0.0,GOING_TO_ENDPOINT,dump_zone_22,load_zone_1,0.00025,0.00067
1129.0,2026-07-02T14:55:19.575,2,693.769,-146.391,13.623,1.0,1000.0,RETURNING_TO_START,load_zone_26,dump_zone_3,0.000338,0.000906
1129.0,2026-07-02T14:55:19.575,3,-100.753,450.978,21.076,-0.5,0.0,GOING_TO_ENDPOINT,dump_zone_23,load_zone_2,0.00025,0.00067
1130.0,2026-07-02T14:55:24.612,1,-90.446,453.978,15.75,0.25,0.0,GOING_TO_ENDPOINT,dump_zone_22,load_zone_1,0.000273,0.000732
1130.0,2026-07-02T14:55:24.612,2,690.409,-143.667,17.223,1.0,1000.0,RETURNING_TO_START,load_zone_26,dump_zone_3,0.000361,0.000967
1130.0,2026-07-02T14:55:24.612,3,-96.765,447.705,19.508,-0.195,0.0,GOING_TO_ENDPOINT,dump_zone_23,load_zone_2,0.00025,0.00067
1131.0,2026-07-02T14:55:31.644,1,-88.05,450.24,18.3,0.75,0.0,GOING_TO_ENDPOINT,dump_zone_22,load_zone_1,0.000306,0.00082
1131.0,2026-07-02T14:55:31.644,2,686.506,-140.045,20.823,1.0,1000.0,RETURNING_TO_START,load_zone_26,dump_zone_3,0.000384,0.001029
1131.0,2026-07-02T14:55:31.644,3,-92.298,450.427,19.356,-0.3617,0.0,GOING_TO_ENDPOINT,dump_zone_23,load_zone_2,0.00025,0.00067
1132.0,2026-07-02T14:55:37.205,1,-89.701,445.197,19.859,0.0924,0.0,GOING_TO_ENDPOINT,dump_zone_22,load_zone_1,0.000269,0.000721
1132.0,2026-07-02T14:55:37.205,2,682.08,-135.62,23.748,0.5833,1000.0,RETURNING_TO_START,load_zone_26,dump_zone_3,0.00035,0.000938
1132.0,2026-07-02T14:55:37.205,3,-87.982,452.779,18.698,0.25,0.0,GOING_TO_ENDPOINT,dump_zone_23,load_zone_2,0.000277,0.000742
1133.0,2026-07-02T14:55:43.394,1,-86.619,441.259,18.992,-0.0743,0.0,GOING_TO_ENDPOINT,dump_zone_22,load_zone_1,0.000257,0.000689
1133.0,2026-07-02T14:55:43.394,2,677.343,-130.878,23.898,-0.4167,1000.0,RETURNING_TO_START,load_zone_26,dump_zone_3,0.00025,0.00067
1133.0,2026-07-02T14:55:43.394,3,-84.503,449.044,21.398,1.0,0.0,GOING_TO_ENDPOINT,dump_zone_23,load_zone_2,0.000333,0.000892
1134.0,2026-07-02T14:55:48.509,1,-81.807,443.031,19.924,0.0924,0.0,GOING_TO_ENDPOINT,dump_zone_22,load_zone_1,0.000269,0.000721
1134.0,2026-07-02T14:55:48.509,2,672.84,-126.376,22.098,-0.5,1000.0,RETURNING_TO_START,load_zone_26,dump_zone_3,0.00025,0.00067
1134.0,2026-07-02T14:55:48.509,3,-85.359,442.766,23.873,0.25,0.0,GOING_TO_ENDPOINT,dump_zone_23,load_zone_2,0.000284,0.000761
1135.0,2026-07-02T14:55:53.346,1,-80.163,448.071,18.668,-0.5,0.0,GOING_TO_ENDPOINT,dump_zone_22,load_zone_1,0.00025,0.00067
1135.0,2026-07-02T14:55:53.346,2,668.692,-122.227,20.298,-0.5,1000.0,RETURNING_TO_START,load_zone_26,dump_zone_3,0.00025,0.00067
1135.0,2026-07-02T14:55:53.346,3,-80.327,439.514,25.073,0.75,0.0,GOING_TO_ENDPOINT,dump_zone_23,load_zone_2,0.000327,0.000876
1136.0,2026-07-02T14:55:57.878,1,-75.571,449.277,18.518,0.4167,0.0,GOING_TO_ENDPOINT,dump_zone_22,load_zone_1,0.000287,0.000769
1136.0,2026-07-02T14:55:57.878,2,664.896,-118.432,18.498,-0.5,1000.0,RETURNING_TO_START,load_zone_26,dump_zone_3,0.00025,0.00067
1136.0,2026-07-02T14:55:57.878,3,-72.963,439.719,28.448,0.75,0.0,GOING_TO_ENDPOINT,dump_zone_23,load_zone_2,0.000337,0.000903
1137.0,2026-07-02T14:56:02.748,1,-72.53,444.875,21.593,1.0,0.0,GOING_TO_ENDPOINT,dump_zone_22,load_zone_1,0.000334,0.000895
1137.0,2026-07-02T14:56:02.748,2,661.454,-114.99,16.698,-0.5,1000.0,RETURNING_TO_START,load_zone_26,dump_zone_3,0.00025,0.00067
1137.0,2026-07-02T14:56:02.748,3,-65.461,436.705,29.198,-0.25,0.0,GOING_TO_ENDPOINT,dump_zone_23,load_zone_2,0.00025,0.00067
1138.0,2026-07-02T14:56:08.036,1,-69.116,439.363,25.193,1.0,0.0,GOING_TO_ENDPOINT,dump_zone_22,load_zone_1,0.000347,0.00093
1138.0,2026-07-02T14:56:08.036,2,658.366,-111.901,14.923,-0.4167,1000.0,RETURNING_TO_START,load_zone_26,dump_zone_3,0.00025,0.00067
1138.0,2026-07-02T14:56:08.036,3,-58.349,433.347,27.623,-0.25,0.0,GOING_TO_ENDPOINT,dump_zone_23,load_zone_2,0.00025,0.00067
1139.0,2026-07-02T14:56:13.591,1,-62.926,435.428,27.143,0.0833,0.0,GOING_TO_ENDPOINT,dump_zone_22,load_zone_1,0.000275,0.000737
1139.0,2026-07-02T14:56:13.591,2,655.566,-109.102,13.498,-0.5,1000.0,RETURNING_TO_START,load_zone_26,dump_zone_3,0.00025,0.00067
1139.0,2026-07-02T14:56:13.591,3,-51.431,430.085,27.707,0.2816,0.0,GOING_TO_ENDPOINT,dump_zone_23,load_zone_2,0.000293,0.000785
1140.0,2026-07-02T14:56:18.677,1,-56.157,432.313,26.591,0.0316,0.0,GOING_TO_ENDPOINT,dump_zone_22,load_zone_1,0.00027,0.000724
1140.0,2026-07-02T14:56:18.677,2,653.107,-106.642,11.698,-0.5,1000.0,RETURNING_TO_START,load_zone_26,dump_zone_3,0.00025,0.00067
1140.0,2026-07-02T14:56:18.677,3,-44.449,426.749,27.622,-0.1325,0.0,GOING_TO_ENDPOINT,dump_zone_23,load_zone_2,0.000256,0.000686
1141.0,2026-07-02T14:56:23.703,1,-49.519,429.177,26.055,-0.3017,0.0,GOING_TO_ENDPOINT,dump_zone_22,load_zone_1,0.00025,0.00067
1141.0,2026-07-02T14:56:23.703,2,651.0,-104.536,9.898,-0.5,1000.0,RETURNING_TO_START,load_zone_26,dump_zone_3,0.00025,0.00067
1141.0,2026-07-02T14:56:23.703,3,-37.635,423.434,27.174,0.1661,0.0,GOING_TO_ENDPOINT,dump_zone_23,load_zone_2,0.000282,0.000756
1142.0,2026-07-02T14:56:28.869,1,-43.078,426.086,25.868,0.365,0.0,GOING_TO_ENDPOINT,dump_zone_22,load_zone_1,0.000297,0.000796
1142.0,2026-07-02T14:56:28.869,2,649.226,-102.807,8.098,-0.5,1000.0,RETURNING_TO_START,load_zone_26,dump_zone_3,0.00025,0.00067
1142.0,2026-07-02T14:56:28.869,3,-30.727,420.0,28.122,-0.0006,0.0,GOING_TO_ENDPOINT,dump_zone_23,load_zone_2,0.000268,0.000718
1143.0,2026-07-02T14:56:33.807,1,-36.425,422.839,26.882,-0.135,0.0,GOING_TO_ENDPOINT,dump_zone_22,load_zone_1,0.000255,0.000683
1143.0,2026-07-02T14:56:33.807,2,647.275,-101.983,7.948,0.4167,1000.0,RETURNING_TO_START,load_zone_26,dump_zone_3,0.000276,0.00074
1143.0,2026-07-02T14:56:33.807,3,-23.891,416.512,27.08,-0.477,0.0,GOING_TO_ENDPOINT,dump_zone_23,load_zone_2,0.00025,0.00067
1144.0,2026-07-02T14:56:38.023,1,-29.898,419.584,25.97,0.0833,0.0,GOING_TO_ENDPOINT,dump_zone_22,load_zone_1,0.000273,0.000732
1144.0,2026-07-02T14:56:38.023,2,644.654,-101.966,11.023,1.0,1000.0,RETURNING_TO_START,load_zone_26,dump_zone_3,0.000321,0.00086
1144.0,2026-07-02T14:56:38.023,3,-17.475,413.134,25.28,-0.5,0.0,GOING_TO_ENDPOINT,dump_zone_23,load_zone_2,0.00025,0.00067
1145.0,2026-07-02T14:56:42.283,1,-23.368,416.242,26.62,-0.0833,0.0,GOING_TO_ENDPOINT,dump_zone_22,load_zone_1,0.00026,0.000697
1145.0,2026-07-02T14:56:42.283,2,641.062,-102.253,14.623,1.0,1000.0,RETURNING_TO_START,load_zone_26,dump_zone_3,0.000344,0.000922
1145.0,2026-07-02T14:56:42.283,3,-11.556,409.885,23.48,-0.5,0.0,GOING_TO_ENDPOINT,dump_zone_23,load_zone_2,0.00025,0.00067
1146.0,2026-07-02T14:56:47.110,1,-17.014,412.883,25.07,-0.5,0.0,GOING_TO_ENDPOINT,dump_zone_22,load_zone_1,0.00025,0.00067
1146.0,2026-07-02T14:56:47.110,2,636.465,-102.467,18.198,0.9167,1000.0,RETURNING_TO_START,load_zone_26,dump_zone_3,0.000359,0.000962
1146.0,2026-07-02T14:56:47.110,3,-6.138,406.767,21.68,-0.5,0.0,GOING_TO_ENDPOINT,dump_zone_23,load_zone_2,0.00025,0.00067
1147.0,2026-07-02T14:56:52.132,1,-11.151,409.656,23.27,-0.5,0.0,GOING_TO_ENDPOINT,dump_zone_22,load_zone_1,0.00025,0.00067
1147.0,2026-07-02T14:56:52.132,2,630.984,-102.502,20.598,0.25,1000.0,RETURNING_TO_START,load_zone_26,dump_zone_3,0.0003,0.000804
1147.0,2026-07-02T14:56:52.132,3,-1.226,403.75,19.98,-0.5,0.0,GOING_TO_ENDPOINT,dump_zone_23,load_zone_2,0.00025,0.00067
1148.0,2026-07-02T14:56:57.108,1,-5.779,406.549,21.701,-0.2414,0.0,GOING_TO_ENDPOINT,dump_zone_22,load_zone_1,0.00025,0.00067
1148.0,2026-07-02T14:56:57.108,2,625.332,-102.501,19.698,-0.5,1000.0,RETURNING_TO_START,load_zone_26,dump_zone_3,0.00025,0.00067
1148.0,2026-07-02T14:56:57.108,3,3.26,400.787,18.88,-0.4167,0.0,GOING_TO_ENDPOINT,dump_zone_23,load_zone_2,0.00025,0.00067
1149.0,2026-07-02T14:57:02.131,1,-0.842,403.507,20.064,-0.5,0.0,GOING_TO_ENDPOINT,dump_zone_22,load_zone_1,0.00025,0.00067
1149.0,2026-07-02T14:57:02.131,2,620.132,-102.5,17.898,-0.5,1000.0,RETURNING_TO_START,load_zone_26,dump_zone_3,0.00025,0.00067
1149.0,2026-07-02T14:57:02.131,3,7.362,397.849,17.88,0.0833,0.0,GOING_TO_ENDPOINT,dump_zone_23,load_zone_2,0.000266,0.000713
1150.0,2026-07-02T14:57:07.451,1,3.589,400.561,18.589,-0.25,0.0,GOING_TO_ENDPOINT,dump_zone_22,load_zone_1,0.00025,0.00067
1150.0,2026-07-02T14:57:07.451,2,615.431,-102.5,16.098,-0.5,1000.0,RETURNING_TO_START,load_zone_26,dump_zone_3,0.00025,0.00067
1150.0,2026-07-02T14:57:07.451,3,11.465,394.667,19.63,0.5833,0.0,GOING_TO_ENDPOINT,dump_zone_23,load_zone_2,0.000299,0.000801
1151.0,2026-07-02T14:57:11.848,1,7.763,397.547,19.039,0.5833,0.0,GOING_TO_ENDPOINT,dump_zone_22,load_zone_1,0.000298,0.000799
1151.0,2026-07-02T14:57:11.848,2,611.23,-102.5,14.298,-0.5,1000.0,RETURNING_TO_START,load_zone_26,dump_zone_3,0.00025,0.00067
1151.0,2026-07-02T14:57:11.848,3,15.834,390.994,21.28,0.25,0.0,GOING_TO_ENDPOINT,dump_zone_23,load_zone_2,0.000281,0.000753
1152.0,2026-07-02T14:57:17.153,1,12.108,394.151,20.32,0.303,0.0,GOING_TO_ENDPOINT,dump_zone_22,load_zone_1,0.000283,0.000758
1152.0,2026-07-02T14:57:17.153,2,607.53,-102.5,12.498,-0.5,1000.0,RETURNING_TO_START,load_zone_26,dump_zone_3,0.00025,0.00067
1152.0,2026-07-02T14:57:17.153,3,20.14,387.038,20.53,-0.25,0.0,GOING_TO_ENDPOINT,dump_zone_23,load_zone_2,0.00025,0.00067
1153.0,2026-07-02T14:57:22.364,1,16.518,390.393,21.015,-0.1404,0.0,GOING_TO_ENDPOINT,dump_zone_22,load_zone_1,0.000254,0.000681
1153.0,2026-07-02T14:57:22.364,2,604.329,-102.5,10.698,-0.5,1000.0,RETURNING_TO_START,load_zone_26,dump_zone_3,0.00025,0.00067
1153.0,2026-07-02T14:57:22.364,3,24.215,382.956,21.366,0.4764,0.0,GOING_TO_ENDPOINT,dump_zone_23,load_zone_2,0.000296,0.000793
1154.0,2026-07-02T14:57:27.111,1,20.663,386.536,20.096,0.0833,0.0,GOING_TO_ENDPOINT,dump_zone_22,load_zone_1,0.000268,0.000718
1154.0,2026-07-02T14:57:27.111,2,601.629,-102.463,8.898,-0.5,1000.0,RETURNING_TO_START,load_zone_26,dump_zone_3,0.00025,0.00067
1154.0,2026-07-02T14:57:27.111,3,28.471,378.363,23.895,0.9167,0.0,GOING_TO_ENDPOINT,dump_zone_23,load_zone_2,0.000336,0.0009
1155.0,2026-07-02T14:57:33.502,1,24.764,382.383,22.321,1.0,0.0,GOING_TO_ENDPOINT,dump_zone_22,load_zone_1,0.000336,0.0009
1155.0,2026-07-02T14:57:33.502,2,599.463,-101.795,8.223,0.25,1000.0,RETURNING_TO_START,load_zone_26,dump_zone_3,0.00027,0.000724
1155.0,2026-07-02T14:57:33.502,3,33.165,372.96,27.395,0.9167,0.0,GOING_TO_ENDPOINT,dump_zone_23,load_zone_2,0.000349,0.000935
1156.0,2026-07-02T14:57:38.623,1,29.307,377.424,25.756,1.0,0.0,GOING_TO_ENDPOINT,dump_zone_22,load_zone_1,0.00035,0.000938
1156.0,2026-07-02T14:57:38.623,2,597.9,-99.856,9.611,0.0577,1000.0,RETURNING_TO_START,load_zone_26,dump_zone_3,0.000263,0.000705
1156.0,2026-07-02T14:57:38.623,3,38.24,366.911,28.745,-0.0833,0.0,GOING_TO_ENDPOINT,dump_zone_23,load_zone_2,0.00026,0.000697
1157.0,2026-07-02T14:57:43.751,1,34.228,371.706,27.868,0.1721,0.0,GOING_TO_ENDPOINT,dump_zone_22,load_zone_1,0.000283,0.000758
1157.0,2026-07-02T14:57:43.751,2,597.412,-97.383,8.665,-0.0833,1000.0,RETURNING_TO_START,load_zone_26,dump_zone_3,0.000255,0.000683
1157.0,2026-07-02T14:57:43.751,3,43.265,360.975,27.195,-0.5,0.0,GOING_TO_ENDPOINT,dump_zone_23,load_zone_2,0.00025,0.00067
1158.0,2026-07-02T14:57:47.875,1,39.127,365.851,26.781,-0.5,0.0,GOING_TO_ENDPOINT,dump_zone_22,load_zone_1,0.00025,0.00067
1158.0,2026-07-02T14:57:47.875,2,597.364,-94.811,10.315,0.9167,1000.0,RETURNING_TO_START,load_zone_26,dump_zone_3,0.000312,0.000836
1158.0,2026-07-02T14:57:47.875,3,48.125,355.551,25.395,-0.5,0.0,GOING_TO_ENDPOINT,dump_zone_23,load_zone_2,0.00025,0.00067
1159.0,2026-07-02T14:57:51.920,1,43.777,360.389,25.081,-0.4167,0.0,GOING_TO_ENDPOINT,dump_zone_22,load_zone_1,0.00025,0.00067
1159.0,2026-07-02T14:57:51.920,2,597.425,-91.405,13.915,1.0,1000.0,RETURNING_TO_START,load_zone_26,dump_zone_3,0.00034,0.000911
1159.0,2026-07-02T14:57:51.920,3,52.916,350.615,24.72,0.25,0.0,GOING_TO_ENDPOINT,dump_zone_23,load_zone_2,0.000286,0.000766
1160.0,2026-07-02T14:57:57.330,1,48.278,355.392,23.531,-0.25,0.0,GOING_TO_ENDPOINT,dump_zone_22,load_zone_1,0.00025,0.00067
1160.0,2026-07-02T14:57:57.330,2,597.498,-86.999,17.515,1.0,1000.0,RETURNING_TO_START,load_zone_26,dump_zone_3,0.000363,0.000973
1160.0,2026-07-02T14:57:57.330,3,58.013,345.521,27.395,0.9167,0.0,GOING_TO_ENDPOINT,dump_zone_23,load_zone_2,0.000349,0.000935
1161.0,2026-07-02T14:58:02.538,1,52.883,350.649,24.581,0.75,0.0,GOING_TO_ENDPOINT,dump_zone_22,load_zone_1,0.000325,0.000871
1161.0,2026-07-02T14:58:02.538,2,597.504,-81.592,21.115,1.0,1000.0,RETURNING_TO_START,load_zone_26,dump_zone_3,0.000386,0.001034
1161.0,2026-07-02T14:58:02.538,3,63.599,339.937,28.796,-0.0406,0.0,GOING_TO_ENDPOINT,dump_zone_23,load_zone_2,0.000264,0.000708
1162.0,2026-07-02T14:58:07.991,1,58.067,345.468,27.731,0.5833,0.0,GOING_TO_ENDPOINT,dump_zone_22,load_zone_1,0.00032,0.000858
1162.0,2026-07-02T14:58:07.991,2,597.5,-75.251,24.04,0.5833,1000.0,RETURNING_TO_START,load_zone_26,dump_zone_3,0.000351,0.000941
1162.0,2026-07-02T14:58:07.991,3,69.152,334.384,27.85,-0.2073,0.0,GOING_TO_ENDPOINT,dump_zone_23,load_zone_2,0.00025,0.00067
1163.0,2026-07-02T14:58:13.398,1,63.618,339.917,28.263,-0.2658,0.0,GOING_TO_ENDPOINT,dump_zone_22,load_zone_1,0.00025,0.00067
1163.0,2026-07-02T14:58:13.398,2,597.5,-68.468,24.19,-0.4167,1000.0,RETURNING_TO_START,load_zone_26,dump_zone_3,0.00025,0.00067
1163.0,2026-07-02T14:58:13.398,3,74.575,328.96,27.596,0.0361,0.0,GOING_TO_ENDPOINT,dump_zone_23,load_zone_2,0.000271,0.000726
1164.0,2026-07-02T14:58:18.770,1,69.034,334.501,26.835,-0.4167,0.0,GOING_TO_ENDPOINT,dump_zone_22,load_zone_1,0.00025,0.00067
1164.0,2026-07-02T14:58:18.770,2,597.5,-61.973,23.067,0.0646,1000.0,RETURNING_TO_START,load_zone_26,dump_zone_3,0.000282,0.000756
1164.0,2026-07-02T14:58:18.770,3,80.017,323.519,27.86,0.2261,0.0,GOING_TO_ENDPOINT,dump_zone_23,load_zone_2,0.000288,0.000772
1165.0,2026-07-02T14:58:24.186,1,74.191,329.345,26.209,0.25,0.0,GOING_TO_ENDPOINT,dump_zone_22,load_zone_1,0.000288,0.000772
1165.0,2026-07-02T14:58:24.186,2,597.5,-55.342,24.875,0.5437,1000.0,RETURNING_TO_START,load_zone_26,dump_zone_3,0.000349,0.000935
1165.0,2026-07-02T14:58:24.186,3,85.594,317.942,28.522,-0.0808,0.0,GOING_TO_ENDPOINT,dump_zone_23,load_zone_2,0.000261,0.000699
1166.0,2026-07-02T14:58:30.165,1,79.456,324.08,27.259,0.0833,0.0,GOING_TO_ENDPOINT,dump_zone_22,load_zone_1,0.000275,0.000737
1166.0,2026-07-02T14:58:30.165,2,597.5,-48.349,24.882,-0.4563,1000.0,RETURNING_TO_START,load_zone_26,dump_zone_3,0.00025,0.00067
1166.0,2026-07-02T14:58:30.165,3,91.06,312.476,27.237,-0.1762,0.0,GOING_TO_ENDPOINT,dump_zone_23,load_zone_2,0.000252,0.000675
1167.0,2026-07-02T14:58:35.401,1,84.816,318.72,27.472,0.0113,0.0,GOING_TO_ENDPOINT,dump_zone_22,load_zone_1,0.000268,0.000718
1167.0,2026-07-02T14:58:35.401,2,597.5,-41.644,23.599,-0.4722,1000.0,RETURNING_TO_START,load_zone_26,dump_zone_3,0.00025,0.00067
1167.0,2026-07-02T14:58:35.401,3,96.485,307.051,28.319,0.4258,0.0,GOING_TO_ENDPOINT,dump_zone_23,load_zone_2,0.000307,0.000823
1168.0,2026-07-02T14:58:41.666,1,90.234,313.301,27.977,0.4512,0.0,GOING_TO_ENDPOINT,dump_zone_22,load_zone_1,0.000309,0.000828
1168.0,2026-07-02T14:58:41.666,2,597.5,-35.293,22.474,-0.0833,1000.0,RETURNING_TO_START,load_zone_26,dump_zone_3,0.000264,0.000708
1168.0,2026-07-02T14:58:41.666,3,102.078,301.458,28.348,0.0067,0.0,GOING_TO_ENDPOINT,dump_zone_23,load_zone_2,0.000269,0.000721
1169.0,2026-07-02T14:58:46.873,1,95.815,307.72,28.233,-0.3781,0.0,GOING_TO_ENDPOINT,dump_zone_22,load_zone_1,0.00025,0.00067
1169.0,2026-07-02T14:58:46.873,2,597.5,-28.894,23.935,0.6409,1000.0,RETURNING_TO_START,load_zone_26,dump_zone_3,0.000358,0.000959
1169.0,2026-07-02T14:58:46.873,3,107.575,295.96,27.414,-0.25,0.0,GOING_TO_ENDPOINT,dump_zone_23,load_zone_2,0.00025,0.00067
1170.0,2026-07-02T14:58:52.401,1,101.259,302.276,27.422,-0.1281,0.0,GOING_TO_ENDPOINT,dump_zone_22,load_zone_1,0.000256,0.000686
1170.0,2026-07-02T14:58:52.401,2,597.5,-22.109,24.293,-0.3591,1000.0,RETURNING_TO_START,load_zone_26,dump_zone_3,0.00025,0.00067
1170.0,2026-07-02T14:58:52.401,3,112.936,290.6,27.278,0.0116,0.0,GOING_TO_ENDPOINT,dump_zone_23,load_zone_2,0.000268,0.000718
1171.0,2026-07-02T14:58:58.294,1,106.697,296.839,27.961,0.0386,0.0,GOING_TO_ENDPOINT,dump_zone_22,load_zone_1,0.000271,0.000726
1171.0,2026-07-02T14:58:58.294,2,597.5,-15.605,22.8,-0.2163,1000.0,RETURNING_TO_START,load_zone_26,dump_zone_3,0.00025,0.00067
1171.0,2026-07-02T14:58:58.294,3,118.418,285.117,28.52,0.1783,0.0,GOING_TO_ENDPOINT,dump_zone_23,load_zone_2,0.000285,0.000764
1172.0,2026-07-02T14:59:03.124,1,112.135,291.401,27.326,-0.2605,0.0,GOING_TO_ENDPOINT,dump_zone_22,load_zone_1,0.00025,0.00067
1172.0,2026-07-02T14:59:03.124,2,597.5,-9.337,22.64,0.246,1000.0,RETURNING_TO_START,load_zone_26,dump_zone_3,0.000304,0.000815
1172.0,2026-07-02T14:59:03.124,3,123.947,279.588,27.448,-0.5,0.0,GOING_TO_ENDPOINT,dump_zone_23,load_zone_2,0.00025,0.00067
1173.0,2026-07-02T14:59:07.558,1,117.527,286.008,27.779,0.1043,0.0,GOING_TO_ENDPOINT,dump_zone_22,load_zone_1,0.000277,0.000742
1173.0,2026-07-02T14:59:07.558,2,597.5,-2.808,24.009,0.0521,1000.0,RETURNING_TO_START,load_zone_26,dump_zone_3,0.000282,0.000756
1173.0,2026-07-02T14:59:07.558,3,129.147,274.389,25.648,-0.5,0.0,GOING_TO_ENDPOINT,dump_zone_23,load_zone_2,0.00025,0.00067
1174.0,2026-07-02T14:59:11.559,1,122.887,280.648,26.548,-0.5,0.0,GOING_TO_ENDPOINT,dump_zone_22,load_zone_1,0.00025,0.00067
1174.0,2026-07-02T14:59:11.559,2,597.5,3.82,23.366,-0.4167,1000.0,RETURNING_TO_START,load_zone_26,dump_zone_3,0.00025,0.00067
1174.0,2026-07-02T14:59:11.559,3,133.993,269.543,23.848,-0.5,0.0,GOING_TO_ENDPOINT,dump_zone_23,load_zone_2,0.00025,0.00067
1175.0,2026-07-02T14:59:15.261,1,127.91,275.625,24.748,-0.5,0.0,GOING_TO_ENDPOINT,dump_zone_22,load_zone_1,0.00025,0.00067
1175.0,2026-07-02T14:59:15.261,2,597.5,10.239,23.166,0.25,1000.0,RETURNING_TO_START,load_zone_26,dump_zone_3,0.000306,0.00082
1175.0,2026-07-02T14:59:15.261,3,138.485,265.05,22.048,-0.5,0.0,GOING_TO_ENDPOINT,dump_zone_23,load_zone_2,0.00025,0.00067
1176.0,2026-07-02T14:59:19.651,1,132.58,270.956,22.948,-0.5,0.0,GOING_TO_ENDPOINT,dump_zone_22,load_zone_1,0.00025,0.00067
1176.0,2026-07-02T14:59:19.651,2,597.5,16.829,23.766,-0.25,1000.0,RETURNING_TO_START,load_zone_26,dump_zone_3,0.00025,0.00067
1176.0,2026-07-02T14:59:19.651,3,142.68,260.971,20.248,-0.5,0.0,GOING_TO_ENDPOINT,dump_zone_23,load_zone_2,0.00025,0.00067
1177.0,2026-07-02T14:59:24.277,1,136.896,266.64,21.148,-0.5,0.0,GOING_TO_ENDPOINT,dump_zone_22,load_zone_1,0.00025,0.00067
1177.0,2026-07-02T14:59:24.277,2,597.5,23.376,23.512,-0.0952,1000.0,RETURNING_TO_START,load_zone_26,dump_zone_3,0.000263,0.000705
1177.0,2026-07-02T14:59:24.277,3,147.681,259.282,18.448,-0.5,0.0,GOING_TO_ENDPOINT,dump_zone_23,load_zone_2,0.00025,0.00067
1178.0,2026-07-02T14:59:28.891,1,140.858,262.677,19.348,-0.5,0.0,GOING_TO_ENDPOINT,dump_zone_22,load_zone_1,0.00025,0.00067
1178.0,2026-07-02T14:59:28.891,2,597.5,29.925,23.469,-0.1785,1000.0,RETURNING_TO_START,load_zone_26,dump_zone_3,0.000252,0.000675
1178.0,2026-07-02T14:59:28.891,3,150.623,255.68,16.648,-0.5,0.0,GOING_TO_ENDPOINT,dump_zone_23,load_zone_2,0.00025,0.00067
1179.0,2026-07-02T14:59:33.826,1,145.105,260.001,17.548,-0.5,0.0,GOING_TO_ENDPOINT,dump_zone_22,load_zone_1,0.00025,0.00067
1179.0,2026-07-02T14:59:33.826,2,597.5,36.431,23.403,-0.0159,1000.0,RETURNING_TO_START,load_zone_26,dump_zone_3,0.000273,0.000732
1179.0,2026-07-02T14:59:33.826,3,152.159,251.688,14.873,-0.4167,0.0,GOING_TO_ENDPOINT,dump_zone_23,load_zone_2,0.00025,0.00067
1180.0,2026-07-02T14:59:40.348,1,149.264,258.093,15.748,-0.5,0.0,GOING_TO_ENDPOINT,dump_zone_22,load_zone_1,0.00025,0.00067
1180.0,2026-07-02T14:59:40.348,2,597.5,42.939,23.696,0.2341,1000.0,RETURNING_TO_START,load_zone_26,dump_zone_3,0.000305,0.000817
1180.0,2026-07-02T14:59:40.348,3,150.256,248.37,13.448,-0.5,0.0,GOING_TO_ENDPOINT,dump_zone_23,load_zone_2,0.00025,0.00067
1181.0,2026-07-02T14:59:45.857,1,150.675,254.426,13.948,-0.5,0.0,GOING_TO_ENDPOINT,dump_zone_22,load_zone_1,0.00025,0.00067
1181.0,2026-07-02T14:59:45.857,2,597.5,49.53,23.254,-0.4988,1000.0,RETURNING_TO_START,load_zone_26,dump_zone_3,0.00025,0.00067
1181.0,2026-07-02T14:59:45.857,3,147.011,247.38,11.798,-0.25,0.0,GOING_TO_ENDPOINT,dump_zone_23,load_zone_2,0.00025,0.00067
1182.0,2026-07-02T14:59:51.727,1,148.741,251.521,12.148,-0.5,0.0,GOING_TO_ENDPOINT,dump_zone_22,load_zone_1,0.00025,0.00067
1182.0,2026-07-02T14:59:51.727,2,597.5,55.767,22.154,0.0833,1000.0,RETURNING_TO_START,load_zone_26,dump_zone_3,0.000283,0.000758
1182.0,2026-07-02T14:59:51.727,3,143.66,247.41,12.848,0.75,0.0,GOING_TO_ENDPOINT,dump_zone_23,load_zone_2,0.000289,0.000775
1183.0,2026-07-02T14:59:58.801,1,145.929,250.215,10.348,-0.5,0.0,GOING_TO_ENDPOINT,dump_zone_22,load_zone_1,0.00025,0.00067
1183.0,2026-07-02T14:59:58.801,2,597.5,62.108,23.486,0.4019,1000.0,RETURNING_TO_START,load_zone_26,dump_zone_3,0.000326,0.000874
1183.0,2026-07-02T14:59:58.801,3,139.874,248.877,16.348,0.9167,0.0,GOING_TO_ENDPOINT,dump_zone_23,load_zone_2,0.000309,0.000828
1184.0,2026-07-02T15:00:05.474,1,143.409,249.582,8.548,-0.5,0.0,GOING_TO_ENDPOINT,dump_zone_22,load_zone_1,0.00025,0.00067
1184.0,2026-07-02T15:00:05.474,2,597.5,68.771,23.928,-0.2262,1000.0,RETURNING_TO_START,load_zone_26,dump_zone_3,0.00025,0.00067
1184.0,2026-07-02T15:00:05.474,3,135.424,250.081,17.77,-0.0591,0.0,GOING_TO_ENDPOINT,dump_zone_23,load_zone_2,0.000258,0.000691
1185.0,2026-07-02T15:00:11.437,1,141.315,248.914,7.873,0.25,0.0,GOING_TO_ENDPOINT,dump_zone_22,load_zone_1,0.000261,0.000699
1185.0,2026-07-02T15:00:11.437,2,597.5,75.212,22.632,-0.25,1000.0,RETURNING_TO_START,load_zone_26,dump_zone_3,0.00025,0.00067
1185.0,2026-07-02T15:00:11.437,3,130.935,247.913,18.634,0.3187,0.0,GOING_TO_ENDPOINT,dump_zone_23,load_zone_2,0.000281,0.000753
1186.0,2026-07-02T15:00:16.963,1,138.871,248.272,10.573,1.0,0.0,GOING_TO_ENDPOINT,dump_zone_22,load_zone_1,0.000291,0.00078
1186.0,2026-07-02T15:00:16.963,2,597.5,81.479,22.929,0.274,1000.0,RETURNING_TO_START,load_zone_26,dump_zone_3,0.000308,0.000825
1186.0,2026-07-02T15:00:16.963,3,125.827,247.452,17.92,-0.5,0.0,GOING_TO_ENDPOINT,dump_zone_23,load_zone_2,0.00025,0.00067
1187.0,2026-07-02T15:00:22.087,1,135.446,247.674,14.173,1.0,0.0,GOING_TO_ENDPOINT,dump_zone_22,load_zone_1,0.000305,0.000817
1187.0,2026-07-02T15:00:22.087,2,597.5,87.958,23.842,0.2423,1000.0,RETURNING_TO_START,load_zone_26,dump_zone_3,0.000306,0.00082
1187.0,2026-07-02T15:00:22.087,3,121.107,247.484,16.22,-0.5,0.0,GOING_TO_ENDPOINT,dump_zone_23,load_zone_2,0.00025,0.00067
1188.0,2026-07-02T15:00:24.862,1,130.983,247.491,17.648,0.9167,0.0,GOING_TO_ENDPOINT,dump_zone_22,load_zone_1,0.000313,0.000839
1188.0,2026-07-02T15:00:24.862,2,597.5,94.54,23.464,-0.091,1000.0,RETURNING_TO_START,load_zone_26,dump_zone_3,0.000263,0.000705
1188.0,2026-07-02T15:00:24.862,3,116.863,247.5,14.52,-0.5,0.0,GOING_TO_ENDPOINT,dump_zone_23,load_zone_2,0.00025,0.00067
1189.0,2026-07-02T15:00:28.109,1,125.76,247.496,19.265,0.0051,0.0,GOING_TO_ENDPOINT,dump_zone_22,load_zone_1,0.000263,0.000705
1189.0,2026-07-02T15:00:28.109,2,597.5,100.85,21.954,-0.3902,1000.0,RETURNING_TO_START,load_zone_26,dump_zone_3,0.00025,0.00067
1189.0,2026-07-02T15:00:28.109,3,113.073,247.501,12.976,-0.5,0.0,GOING_TO_ENDPOINT,dump_zone_23,load_zone_2,0.00025,0.00067
1190.0,2026-07-02T15:00:30.735,1,120.585,247.5,17.849,-0.5,0.0,GOING_TO_ENDPOINT,dump_zone_22,load_zone_1,0.00025,0.00067
1190.0,2026-07-02T15:00:30.735,2,597.5,106.948,22.499,0.6098,1000.0,RETURNING_TO_START,load_zone_26,dump_zone_3,0.000348,0.000933
1190.0,2026-07-02T15:00:30.735,3,109.717,247.5,11.276,-0.5,0.0,GOING_TO_ENDPOINT,dump_zone_23,load_zone_2,0.00025,0.00067
1191.0,2026-07-02T15:00:34.924,1,115.898,247.499,16.049,-0.5,0.0,GOING_TO_ENDPOINT,dump_zone_22,load_zone_1,0.00025,0.00067
1191.0,2026-07-02T15:00:34.924,2,597.5,113.437,23.795,0.1098,1000.0,RETURNING_TO_START,load_zone_26,dump_zone_3,0.000289,0.000775
1191.0,2026-07-02T15:00:34.924,3,106.832,247.5,9.685,-0.3377,0.0,GOING_TO_ENDPOINT,dump_zone_23,load_zone_2,0.00025,0.00067
1192.0,2026-07-02T15:00:40.141,1,111.692,247.496,14.591,-0.125,0.0,GOING_TO_ENDPOINT,dump_zone_22,load_zone_1,0.000253,0.000678
1192.0,2026-07-02T15:00:40.141,2,597.5,120.031,23.571,-0.1085,1000.0,RETURNING_TO_START,load_zone_26,dump_zone_3,0.000261,0.000699
1192.0,2026-07-02T15:00:40.141,3,104.337,247.5,8.292,-0.4343,0.0,GOING_TO_ENDPOINT,dump_zone_23,load_zone_2,0.00025,0.00067
1193.0,2026-07-02T15:00:44.923,1,107.825,247.496,13.13,-0.5,0.0,GOING_TO_ENDPOINT,dump_zone_22,load_zone_1,0.00025,0.00067
1193.0,2026-07-02T15:00:44.923,2,597.5,126.568,23.415,-0.1205,1000.0,RETURNING_TO_START,load_zone_26,dump_zone_3,0.00026,0.000697
1193.0,2026-07-02T15:00:44.923,3,102.246,247.5,6.935,-0.3494,0.0,GOING_TO_ENDPOINT,dump_zone_23,load_zone_2,0.00025,0.00067
1194.0,2026-07-02T15:00:48.757,1,104.454,247.412,11.33,-0.5,0.0,GOING_TO_ENDPOINT,dump_zone_22,load_zone_1,0.00025,0.00067
1194.0,2026-07-02T15:00:48.757,2,597.5,133.094,23.748,0.0925,1000.0,RETURNING_TO_START,load_zone_26,dump_zone_3,0.000287,0.000769
1194.0,2026-07-02T15:00:48.757,3,100.51,247.5,5.68,-0.338,0.0,GOING_TO_ENDPOINT,dump_zone_23,load_zone_2,0.00025,0.00067
1195.0,2026-07-02T15:00:52.417,1,102.07,245.911,9.555,-0.4167,0.0,GOING_TO_ENDPOINT,dump_zone_22,load_zone_1,0.00025,0.00067
1195.0,2026-07-02T15:00:52.417,2,597.5,139.59,22.889,-0.3155,1000.0,RETURNING_TO_START,load_zone_26,dump_zone_3,0.00025,0.00067
1195.0,2026-07-02T15:00:52.417,3,99.199,247.335,3.952,-0.5,0.0,GOING_TO_ENDPOINT,dump_zone_23,load_zone_2,0.00025,0.00067
1196.0,2026-07-02T15:00:55.437,1,100.794,243.872,7.98,-0.25,0.0,GOING_TO_ENDPOINT,dump_zone_22,load_zone_1,0.00025,0.00067
1196.0,2026-07-02T15:00:55.437,2,597.5,145.894,22.853,0.3511,1000.0,RETURNING_TO_START,load_zone_26,dump_zone_3,0.000317,0.00085
1196.0,2026-07-02T15:00:55.437,3,98.409,247.033,2.527,-0.0833,0.0,GOING_TO_ENDPOINT,dump_zone_23,load_zone_2,0.000251,0.000673
1197.0,2026-07-02T15:00:58.384,1,100.051,241.82,7.763,0.0424,0.0,GOING_TO_ENDPOINT,dump_zone_22,load_zone_1,0.000256,0.000686
1197.0,2026-07-02T15:00:58.384,2,597.5,152.448,24.094,0.0899,1000.0,RETURNING_TO_START,load_zone_26,dump_zone_3,0.000287,0.000769
1197.0,2026-07-02T15:00:58.384,3,97.685,246.559,4.177,0.9167,0.0,GOING_TO_ENDPOINT,dump_zone_23,load_zone_2,0.000265,0.00071
1198.0,2026-07-02T15:01:02.157,1,99.409,239.698,7.988,0.0729,0.0,GOING_TO_ENDPOINT,dump_zone_22,load_zone_1,0.000257,0.000689
1198.0,2026-07-02T15:01:02.157,2,597.5,158.998,22.833,-0.5,1000.0,RETURNING_TO_START,load_zone_26,dump_zone_3,0.00025,0.00067
1198.0,2026-07-02T15:01:02.157,3,96.648,245.226,7.777,1.0,0.0,GOING_TO_ENDPOINT,dump_zone_23,load_zone_2,0.00028,0.00075
1199.0,2026-07-02T15:01:08.933,1,98.59,237.374,10.179,1.0,0.0,GOING_TO_ENDPOINT,dump_zone_22,load_zone_1,0.000289,0.000775
1199.0,2026-07-02T15:01:08.933,2,597.5,165.07,21.033,-0.5,1000.0,RETURNING_TO_START,load_zone_26,dump_zone_3,0.00025,0.00067
1199.0,2026-07-02T15:01:08.933,3,96.382,242.595,11.227,0.75,0.0,GOING_TO_ENDPOINT,dump_zone_23,load_zone_2,0.000284,0.000761
1200.0,2026-07-02T15:01:15.506,1,98.9,234.089,13.779,1.0,0.0,GOING_TO_ENDPOINT,dump_zone_22,load_zone_1,0.000303,0.000812
1200.0,2026-07-02T15:01:15.506,2,597.5,170.641,19.233,-0.5,1000.0,RETURNING_TO_START,load_zone_26,dump_zone_3,0.00025,0.00067
1200.0,2026-07-02T15:01:15.506,3,97.777,239.604,11.977,-0.25,0.0,GOING_TO_ENDPOINT,dump_zone_23,load_zone_2,0.00025,0.00067
1201.0,2026-07-02T15:01:22.668,1,101.776,231.099,16.254,0.25,0.0,GOING_TO_ENDPOINT,dump_zone_22,load_zone_1,0.000273,0.000732
1201.0,2026-07-02T15:01:22.668,2,597.5,175.713,17.433,-0.5,1000.0,RETURNING_TO_START,load_zone_26,dump_zone_3,0.00025,0.00067
1201.0,2026-07-02T15:01:22.668,3,99.884,237.319,10.902,-0.0833,0.0,GOING_TO_ENDPOINT,dump_zone_23,load_zone_2,0.000254,0.000681
1202.0,2026-07-02T15:01:29.065,1,104.535,227.618,17.104,-0.0833,0.0,GOING_TO_ENDPOINT,dump_zone_22,load_zone_1,0.000256,0.000686
1202.0,2026-07-02T15:01:29.065,2,597.5,180.285,15.633,-0.5,1000.0,RETURNING_TO_START,load_zone_26,dump_zone_3,0.00025,0.00067
1202.0,2026-07-02T15:01:29.065,3,101.319,234.89,9.452,-0.4167,0.0,GOING_TO_ENDPOINT,dump_zone_23,load_zone_2,0.00025,0.00067
1203.0,2026-07-02T15:01:34.718,1,103.229,223.173,17.054,0.25,0.0,GOING_TO_ENDPOINT,dump_zone_22,load_zone_1,0.000275,0.000737
1203.0,2026-07-02T15:01:34.718,2,597.5,184.356,13.833,-0.5,1000.0,RETURNING_TO_START,load_zone_26,dump_zone_3,0.00025,0.00067
1203.0,2026-07-02T15:01:34.718,3,102.012,232.54,8.787,0.25,0.0,GOING_TO_ENDPOINT,dump_zone_23,load_zone_2,0.000263,0.000705
1204.0,2026-07-02T15:01:39.694,1,102.477,218.583,16.154,-0.5,0.0,GOING_TO_ENDPOINT,dump_zone_22,load_zone_1,0.00025,0.00067
1204.0,2026-07-02T15:01:39.694,2,597.19,187.896,12.033,-0.5,1000.0,RETURNING_TO_START,load_zone_26,dump_zone_3,0.00025,0.00067
1204.0,2026-07-02T15:01:39.694,3,102.394,229.787,11.487,1.0,0.0,GOING_TO_ENDPOINT,dump_zone_23,load_zone_2,0.000294,0.000788
1205.0,2026-07-02T15:01:45.316,1,102.468,214.367,14.354,-0.5,0.0,GOING_TO_ENDPOINT,dump_zone_22,load_zone_1,0.00025,0.00067
1205.0,2026-07-02T15:01:45.316,2,596.03,190.739,10.233,-0.5,1000.0,RETURNING_TO_START,load_zone_26,dump_zone_3,0.00025,0.00067
1205.0,2026-07-02T15:01:45.316,3,102.523,226.059,15.056,0.9097,0.0,GOING_TO_ENDPOINT,dump_zone_23,load_zone_2,0.000304,0.000815
1206.0,2026-07-02T15:01:51.725,1,102.495,210.651,12.554,-0.5,0.0,GOING_TO_ENDPOINT,dump_zone_22,load_zone_1,0.00025,0.00067
1206.0,2026-07-02T15:01:51.725,2,595.553,193.259,8.433,-0.5,1000.0,RETURNING_TO_START,load_zone_26,dump_zone_3,0.00025,0.00067
1206.0,2026-07-02T15:01:51.725,3,102.507,221.454,17.431,0.243,0.0,GOING_TO_ENDPOINT,dump_zone_23,load_zone_2,0.000275,0.000737
1207.0,2026-07-02T15:01:58.649,1,102.5,207.434,10.754,-0.5,0.0,GOING_TO_ENDPOINT,dump_zone_22,load_zone_1,0.00025,0.00067
1207.0,2026-07-02T15:01:58.649,2,595.503,195.328,6.633,-0.5,1000.0,RETURNING_TO_START,load_zone_26,dump_zone_3,0.00025,0.00067
1207.0,2026-07-02T15:01:58.649,3,102.502,216.678,16.679,-0.2762,0.0,GOING_TO_ENDPOINT,dump_zone_23,load_zone_2,0.00025,0.00067
1208.0,2026-07-02T15:02:06.793,1,102.496,204.625,9.781,-0.161,0.0,GOING_TO_ENDPOINT,dump_zone_22,load_zone_1,0.000251,0.000673
1208.0,2026-07-02T15:02:06.793,2,595.888,196.867,5.083,-0.25,1000.0,RETURNING_TO_START,load_zone_26,dump_zone_3,0.00025,0.00067
1208.0,2026-07-02T15:02:06.793,3,102.515,212.144,16.041,-0.2141,0.0,GOING_TO_ENDPOINT,dump_zone_23,load_zone_2,0.00025,0.00067
1209.0,2026-07-02T15:02:15.480,1,102.488,202.0,9.147,-0.1948,0.0,GOING_TO_ENDPOINT,dump_zone_22,load_zone_1,0.00025,0.00067
1209.0,2026-07-02T15:02:15.480,2,596.547,198.198,6.083,0.5833,1000.0,RETURNING_TO_START,load_zone_26,dump_zone_3,0.000276,0.00074
1209.0,2026-07-02T15:02:15.480,3,102.531,207.889,14.528,-0.5,0.0,GOING_TO_ENDPOINT,dump_zone_23,load_zone_2,0.00025,0.00067
1210.0,2026-07-02T15:02:23.545,1,102.483,199.564,8.461,-0.1863,0.0,GOING_TO_ENDPOINT,dump_zone_22,load_zone_1,0.00025,0.00067
1210.0,2026-07-02T15:02:23.545,2,597.663,199.958,8.833,0.75,1000.0,RETURNING_TO_START,load_zone_26,dump_zone_3,0.000295,0.000791
1210.0,2026-07-02T15:02:23.545,3,102.543,204.124,12.728,-0.5,0.0,GOING_TO_ENDPOINT,dump_zone_23,load_zone_2,0.00025,0.00067
1211.0,2026-07-02T15:02:30.070,1,102.479,197.315,7.79,-0.1863,0.0,GOING_TO_ENDPOINT,dump_zone_22,load_zone_1,0.00025,0.00067
1211.0,2026-07-02T15:02:30.070,2,600.108,201.493,11.983,0.5833,1000.0,RETURNING_TO_START,load_zone_26,dump_zone_3,0.0003,0.000804
1211.0,2026-07-02T15:02:30.070,3,103.211,200.979,10.928,-0.5,0.0,GOING_TO_ENDPOINT,dump_zone_23,load_zone_2,0.00025,0.00067
1212.0,2026-07-02T15:02:35.303,1,102.476,195.252,7.119,-0.1863,0.0,GOING_TO_ENDPOINT,dump_zone_22,load_zone_1,0.00025,0.00067
1212.0,2026-07-02T15:02:35.303,2,603.348,200.703,12.133,-0.4167,1000.0,RETURNING_TO_START,load_zone_26,dump_zone_3,0.00025,0.00067
1212.0,2026-07-02T15:02:35.303,3,104.683,198.642,9.153,-0.4167,0.0,GOING_TO_ENDPOINT,dump_zone_23,load_zone_2,0.00025,0.00067
1213.0,2026-07-02T15:02:41.274,1,102.478,193.413,6.466,0.1409,0.0,GOING_TO_ENDPOINT,dump_zone_22,load_zone_1,0.000257,0.000689
1213.0,2026-07-02T15:02:41.274,2,606.18,199.474,10.333,-0.5,1000.0,RETURNING_TO_START,load_zone_26,dump_zone_3,0.00025,0.00067
1213.0,2026-07-02T15:02:41.274,3,106.396,196.785,9.603,0.5833,0.0,GOING_TO_ENDPOINT,dump_zone_23,load_zone_2,0.000274,0.000734
1214.0,2026-07-02T15:02:45.229,1,101.893,191.512,8.374,0.9729,0.0,GOING_TO_ENDPOINT,dump_zone_22,load_zone_1,0.000282,0.000756
1214.0,2026-07-02T15:02:45.229,2,608.78,198.987,9.233,0.0833,1000.0,RETURNING_TO_START,load_zone_26,dump_zone_3,0.000264,0.000708
1214.0,2026-07-02T15:02:45.229,3,108.697,194.64,12.953,1.0,0.0,GOING_TO_ENDPOINT,dump_zone_23,load_zone_2,0.0003,0.000804
1215.0,2026-07-02T15:02:50.456,1,99.731,189.689,11.974,1.0,0.0,GOING_TO_ENDPOINT,dump_zone_22,load_zone_1,0.000296,0.000793
1215.0,2026-07-02T15:02:50.456,2,611.593,198.804,11.458,1.0,1000.0,RETURNING_TO_START,load_zone_26,dump_zone_3,0.000324,0.000868
1215.0,2026-07-02T15:02:50.456,3,111.619,191.947,14.903,0.0833,0.0,GOING_TO_ENDPOINT,dump_zone_23,load_zone_2,0.000263,0.000705
1216.0,2026-07-02T15:02:57.429,1,96.433,187.689,15.574,1.0,0.0,GOING_TO_ENDPOINT,dump_zone_22,load_zone_1,0.00031,0.000831
1216.0,2026-07-02T15:02:57.429,2,615.311,198.856,14.958,0.9167,1000.0,RETURNING_TO_START,load_zone_26,dump_zone_3,0.00034,0.000911
1216.0,2026-07-02T15:02:57.429,3,114.687,189.391,13.628,-0.5,0.0,GOING_TO_ENDPOINT,dump_zone_23,load_zone_2,0.00025,0.00067
1217.0,2026-07-02T15:03:03.318,1,93.365,184.067,17.976,0.2281,0.0,GOING_TO_ENDPOINT,dump_zone_22,load_zone_1,0.000275,0.000737
1217.0,2026-07-02T15:03:03.318,2,619.975,199.2,18.183,0.5833,1000.0,RETURNING_TO_START,load_zone_26,dump_zone_3,0.000326,0.000874
1217.0,2026-07-02T15:03:03.318,3,117.506,187.221,12.178,-0.25,0.0,GOING_TO_ENDPOINT,dump_zone_23,load_zone_2,0.00025,0.00067
1218.0,2026-07-02T15:03:08.414,1,90.8,179.877,17.024,-0.5,0.0,GOING_TO_ENDPOINT,dump_zone_22,load_zone_1,0.00025,0.00067
1218.0,2026-07-02T15:03:08.414,2,625.097,199.784,18.333,-0.4167,1000.0,RETURNING_TO_START,load_zone_26,dump_zone_3,0.00025,0.00067
1218.0,2026-07-02T15:03:08.414,3,119.917,184.847,12.317,0.185,0.0,GOING_TO_ENDPOINT,dump_zone_23,load_zone_2,0.000265,0.00071
1219.0,2026-07-02T15:03:13.552,1,88.523,176.044,15.224,-0.5,0.0,GOING_TO_ENDPOINT,dump_zone_22,load_zone_1,0.00025,0.00067
1219.0,2026-07-02T15:03:13.552,2,629.874,200.442,16.533,-0.5,1000.0,RETURNING_TO_START,load_zone_26,dump_zone_3,0.00025,0.00067
1219.0,2026-07-02T15:03:13.552,3,121.755,181.989,11.901,-0.1571,0.0,GOING_TO_ENDPOINT,dump_zone_23,load_zone_2,0.000252,0.000675
1220.0,2026-07-02T15:03:17.815,1,86.488,172.649,13.424,-0.5,0.0,GOING_TO_ENDPOINT,dump_zone_22,load_zone_1,0.00025,0.00067
1220.0,2026-07-02T15:03:17.815,2,634.153,201.047,14.733,-0.5,1000.0,RETURNING_TO_START,load_zone_26,dump_zone_3,0.00025,0.00067
1220.0,2026-07-02T15:03:17.815,3,122.761,178.947,11.312,-0.0083,0.0,GOING_TO_ENDPOINT,dump_zone_23,load_zone_2,0.000257,0.000689
1221.0,2026-07-02T15:03:22.897,1,84.435,169.888,11.624,-0.5,0.0,GOING_TO_ENDPOINT,dump_zone_22,load_zone_1,0.00025,0.00067
1221.0,2026-07-02T15:03:22.897,2,637.94,201.553,12.933,-0.5,1000.0,RETURNING_TO_START,load_zone_26,dump_zone_3,0.00025,0.00067
1221.0,2026-07-02T15:03:22.897,3,123.161,175.627,13.182,0.825,0.0,GOING_TO_ENDPOINT,dump_zone_23,load_zone_2,0.000294,0.000788
1222.0,2026-07-02T15:03:28.377,1,82.11,168.063,9.824,-0.5,0.0,GOING_TO_ENDPOINT,dump_zone_22,load_zone_1,0.00025,0.00067
1222.0,2026-07-02T15:03:28.377,2,641.239,201.941,11.133,-0.5,1000.0,RETURNING_TO_START,load_zone_26,dump_zone_3,0.00025,0.00067
1222.0,2026-07-02T15:03:28.377,3,123.211,171.73,14.202,-0.175,0.0,GOING_TO_ENDPOINT,dump_zone_23,load_zone_2,0.000251,0.000673
1223.0,2026-07-02T15:03:33.373,1,80.849,165.997,8.024,-0.5,0.0,GOING_TO_ENDPOINT,dump_zone_22,load_zone_1,0.00025,0.00067
1223.0,2026-07-02T15:03:33.373,2,644.048,202.21,9.341,-0.4721,1000.0,RETURNING_TO_START,load_zone_26,dump_zone_3,0.00025,0.00067
1223.0,2026-07-02T15:03:33.373,3,123.051,168.022,12.545,-0.5,0.0,GOING_TO_ENDPOINT,dump_zone_23,load_zone_2,0.00025,0.00067
1224.0,2026-07-02T15:03:39.308,1,80.89,163.909,7.624,0.0833,0.0,GOING_TO_ENDPOINT,dump_zone_22,load_zone_1,0.000257,0.000689
1224.0,2026-07-02T15:03:39.308,2,646.378,202.371,7.649,-0.5,1000.0,RETURNING_TO_START,load_zone_26,dump_zone_3,0.00025,0.00067
1224.0,2026-07-02T15:03:39.308,3,122.824,164.817,10.745,-0.5,0.0,GOING_TO_ENDPOINT,dump_zone_23,load_zone_2,0.00025,0.00067
1225.0,2026-07-02T15:03:44.129,1,81.704,162.009,6.847,-0.5,0.0,GOING_TO_ENDPOINT,dump_zone_22,load_zone_1,0.00025,0.00067
1225.0,2026-07-02T15:03:44.129,2,648.238,202.432,5.926,-0.5,1000.0,RETURNING_TO_START,load_zone_26,dump_zone_3,0.00025,0.00067
1225.0,2026-07-02T15:03:44.129,3,122.624,162.11,8.945,-0.5,0.0,GOING_TO_ENDPOINT,dump_zone_23,load_zone_2,0.00025,0.00067
1226.0,2026-07-02T15:03:47.796,1,82.186,160.453,5.047,-0.5,0.0,GOING_TO_ENDPOINT,dump_zone_22,load_zone_1,0.00025,0.00067
1226.0,2026-07-02T15:03:47.796,2,649.752,202.186,5.776,0.4167,1000.0,RETURNING_TO_START,load_zone_26,dump_zone_3,0.000269,0.000721
1226.0,2026-07-02T15:03:47.796,3,122.43,159.907,7.145,-0.5,0.0,GOING_TO_ENDPOINT,dump_zone_23,load_zone_2,0.00025,0.00067
1227.0,2026-07-02T15:03:50.553,1,82.451,159.354,3.247,-0.5,0.0,LOADING,dump_zone_22,load_zone_1,0.00025,0.00067
1227.0,2026-07-02T15:03:50.553,2,651.416,201.08,8.826,0.9167,1000.0,RETURNING_TO_START,load_zone_26,dump_zone_3,0.000303,0.000812
1227.0,2026-07-02T15:03:50.553,3,122.483,158.207,5.345,-0.5,0.0,GOING_TO_ENDPOINT,dump_zone_23,load_zone_2,0.00025,0.00067
1228.0,2026-07-02T15:03:57.181,1,82.698,158.774,1.447,-0.5,0.0,LOADING,dump_zone_22,load_zone_1,0.00025,0.00067
1228.0,2026-07-02T15:03:57.181,2,652.497,198.607,10.176,-0.0833,1000.0,RETURNING_TO_START,load_zone_26,dump_zone_3,0.000256,0.000686
1228.0,2026-07-02T15:03:57.181,3,122.945,157.089,3.545,-0.5,0.0,GOING_TO_ENDPOINT,dump_zone_23,load_zone_2,0.00025,0.00067
1229.0,2026-07-02T15:04:02.826,1,82.767,158.646,0.0,-0.5,0.0,LOADING,dump_zone_22,load_zone_1,0.00025,0.00067
1229.0,2026-07-02T15:04:02.826,2,652.597,195.71,11.176,0.5833,1000.0,RETURNING_TO_START,load_zone_26,dump_zone_3,0.000297,0.000796
1229.0,2026-07-02T15:04:02.826,3,123.362,156.511,1.745,-0.5,0.0,LOADING,dump_zone_23,load_zone_2,0.00025,0.00067
1230.0,2026-07-02T15:04:07.577,1,82.853,158.504,7.2,0.0,1000.0,TURNING_AROUND,load_zone_1,dump_zone_1,0.000258,0.000691
1230.0,2026-07-02T15:04:07.577,2,652.531,192.437,11.79,-0.2733,1000.0,RETURNING_TO_START,load_zone_26,dump_zone_3,0.00025,0.00067
1230.0,2026-07-02T15:04:07.577,3,123.501,156.347,0.0,-0.5,0.0,LOADING,dump_zone_23,load_zone_2,0.00025,0.00067
1231.0,2026-07-02T15:04:11.001,1,84.289,157.142,7.2,0.0,1000.0,TURNING_AROUND,load_zone_1,dump_zone_1,0.000258,0.000691
1231.0,2026-07-02T15:04:11.001,2,652.502,189.368,10.425,-0.5,1000.0,RETURNING_TO_START,load_zone_26,dump_zone_3,0.00025,0.00067
1231.0,2026-07-02T15:04:11.001,3,123.501,156.347,0.0,-0.5,0.0,LOADING,dump_zone_23,load_zone_2,0.00025,0.00067
1232.0,2026-07-02T15:04:14.142,1,84.476,156.895,5.4,0.0,1000.0,TURNING_AROUND,load_zone_1,dump_zone_1,0.000256,0.000686
1232.0,2026-07-02T15:04:14.142,2,652.498,186.724,8.725,-0.5,1000.0,RETURNING_TO_START,load_zone_26,dump_zone_3,0.00025,0.00067
1232.0,2026-07-02T15:04:14.142,3,124.984,155.296,7.2,0.0,1000.0,TURNING_AROUND,load_zone_2,dump_zone_2,0.000258,0.000691
1233.0,2026-07-02T15:04:16.174,1,84.696,157.121,7.2,0.0,1000.0,TURNING_AROUND,load_zone_1,dump_zone_1,0.000258,0.000691
1233.0,2026-07-02T15:04:16.174,2,652.499,184.452,7.952,-0.1322,1000.0,RETURNING_TO_START,load_zone_26,dump_zone_3,0.000253,0.000678
1233.0,2026-07-02T15:04:16.174,3,125.78,155.005,5.4,0.0,1000.0,TURNING_AROUND,load_zone_2,dump_zone_2,0.000256,0.000686
1234.0,2026-07-02T15:04:17.819,1,86.31,158.266,7.2,0.0,1000.0,TURNING_AROUND,load_zone_1,dump_zone_1,0.000258,0.000691
1234.0,2026-07-02T15:04:17.819,2,652.5,182.465,6.344,-0.5,1000.0,RETURNING_TO_START,load_zone_26,dump_zone_3,0.00025,0.00067
1234.0,2026-07-02T15:04:17.819,3,125.413,155.077,7.2,0.0,1000.0,TURNING_AROUND,load_zone_2,dump_zone_2,0.000258,0.000691
1235.0,2026-07-02T15:04:19.305,1,85.765,157.191,5.4,0.0,1000.0,TURNING_AROUND,load_zone_1,dump_zone_1,0.000256,0.000686
1235.0,2026-07-02T15:04:19.305,2,652.5,180.974,4.544,-0.5,1000.0,RETURNING_TO_START,load_zone_26,dump_zone_3,0.00025,0.00067
1235.0,2026-07-02T15:04:19.305,3,126.876,156.41,7.2,0.0,1000.0,TURNING_AROUND,load_zone_2,dump_zone_2,0.000258,0.000691
1236.0,2026-07-02T15:04:21.643,1,85.808,157.398,0.075,0.1667,1000.0,RETURNING_TO_START,load_zone_1,dump_zone_1,0.00025,0.00067
1236.0,2026-07-02T15:04:21.643,2,652.536,179.984,2.744,-0.5,1000.0,UNLOADING,load_zone_26,dump_zone_3,0.00025,0.00067
1236.0,2026-07-02T15:04:21.643,3,126.823,156.024,0.0,-0.4167,1000.0,RETURNING_TO_START,load_zone_2,dump_zone_2,0.00025,0.00067
1237.0,2026-07-02T15:04:24.273,1,85.794,157.717,2.55,1.0,1000.0,RETURNING_TO_START,load_zone_1,dump_zone_1,0.000266,0.000713
1237.0,2026-07-02T15:04:24.273,2,652.623,179.501,0.944,-0.5,1000.0,UNLOADING,load_zone_26,dump_zone_3,0.00025,0.00067
1237.0,2026-07-02T15:04:24.273,3,126.823,156.073,0.7,0.5833,1000.0,RETURNING_TO_START,load_zone_2,dump_zone_2,0.000253,0.000678
1238.0,2026-07-02T15:04:25.803,1,85.487,158.923,6.15,1.0,1000.0,RETURNING_TO_START,load_zone_1,dump_zone_1,0.00029,0.000777
1238.0,2026-07-02T15:04:25.803,2,652.637,179.444,0.0,-0.5,1000.0,UNLOADING,load_zone_26,dump_zone_3,0.00025,0.00067
1238.0,2026-07-02T15:04:25.803,3,126.769,156.742,4.05,1.0,1000.0,RETURNING_TO_START,load_zone_2,dump_zone_2,0.000276,0.00074
1239.0,2026-07-02T15:04:27.272,1,84.061,160.624,9.75,1.0,1000.0,RETURNING_TO_START,load_zone_1,dump_zone_1,0.000313,0.000839
1239.0,2026-07-02T15:04:27.272,2,652.862,178.817,7.2,0.0,0.0,TURNING_AROUND,dump_zone_3,load_zone_26,0.000255,0.000683
1239.0,2026-07-02T15:04:27.272,3,126.163,158.283,7.65,1.0,1000.0,RETURNING_TO_START,load_zone_2,dump_zone_2,0.000299,0.000801
1240.0,2026-07-02T15:04:29.841,1,81.153,162.071,13.35,1.0,1000.0,RETURNING_TO_START,load_zone_1,dump_zone_1,0.000336,0.0009
1240.0,2026-07-02T15:04:29.841,2,654.104,177.277,7.2,0.0,0.0,TURNING_AROUND,dump_zone_3,load_zone_26,0.000255,0.000683
1240.0,2026-07-02T15:04:29.841,3,124.318,160.189,11.25,1.0,1000.0,RETURNING_TO_START,load_zone_2,dump_zone_2,0.000323,0.000866
1241.0,2026-07-02T15:04:33.300,1,78.14,164.738,15.31,0.0867,1000.0,RETURNING_TO_START,load_zone_1,dump_zone_1,0.000273,0.000732
1241.0,2026-07-02T15:04:33.300,2,653.482,177.42,5.4,0.0,0.0,TURNING_AROUND,dump_zone_3,load_zone_26,0.000253,0.000678
1241.0,2026-07-02T15:04:33.300,3,121.443,162.463,14.85,1.0,1000.0,RETURNING_TO_START,load_zone_2,dump_zone_2,0.000346,0.000927
1242.0,2026-07-02T15:04:37.079,1,78.114,168.673,14.042,-0.5,1000.0,RETURNING_TO_START,load_zone_1,dump_zone_1,0.00025,0.00067
1242.0,2026-07-02T15:04:37.079,2,654.604,177.561,7.2,0.0,0.0,TURNING_AROUND,dump_zone_3,load_zone_26,0.000255,0.000683
1242.0,2026-07-02T15:04:37.079,3,118.676,166.118,17.75,0.4167,1000.0,RETURNING_TO_START,load_zone_2,dump_zone_2,0.000309,0.000828
1243.0,2026-07-02T15:04:39.760,1,80.078,171.839,13.367,0.25,1000.0,RETURNING_TO_START,load_zone_1,dump_zone_1,0.000282,0.000756
1243.0,2026-07-02T15:04:39.760,2,655.905,178.111,5.4,0.0,0.0,TURNING_AROUND,dump_zone_3,load_zone_26,0.000253,0.000678
1243.0,2026-07-02T15:04:39.760,3,118.095,170.993,17.325,-0.5,1000.0,RETURNING_TO_START,load_zone_2,dump_zone_2,0.00025,0.00067
1244.0,2026-07-02T15:04:42.161,1,82.216,175.282,16.067,1.0,1000.0,RETURNING_TO_START,load_zone_1,dump_zone_1,0.000354,0.000949
1244.0,2026-07-02T15:04:42.161,2,655.257,177.457,7.2,0.0,0.0,TURNING_AROUND,dump_zone_3,load_zone_26,0.000255,0.000683
1244.0,2026-07-02T15:04:42.161,3,118.146,175.533,15.525,-0.5,1000.0,RETURNING_TO_START,load_zone_2,dump_zone_2,0.00025,0.00067
1245.0,2026-07-02T15:04:47.006,1,84.723,179.422,18.017,0.0833,1000.0,RETURNING_TO_START,load_zone_1,dump_zone_1,0.000277,0.000742
1245.0,2026-07-02T15:04:47.006,2,655.587,178.398,0.0,-0.0833,0.0,GOING_TO_ENDPOINT,dump_zone_3,load_zone_26,0.00025,0.00067
1245.0,2026-07-02T15:04:47.006,3,117.447,179.497,13.725,-0.5,1000.0,RETURNING_TO_START,load_zone_2,dump_zone_2,0.00025,0.00067
1246.0,2026-07-02T15:04:52.345,1,87.225,183.587,16.742,-0.5,1000.0,RETURNING_TO_START,load_zone_1,dump_zone_1,0.00025,0.00067
1246.0,2026-07-02T15:04:52.345,2,655.583,178.564,1.65,0.9167,0.0,GOING_TO_ENDPOINT,dump_zone_3,load_zone_26,0.000256,0.000686
1246.0,2026-07-02T15:04:52.345,3,115.55,182.453,11.95,-0.4167,1000.0,RETURNING_TO_START,load_zone_2,dump_zone_2,0.00025,0.00067
1247.0,2026-07-02T15:04:58.077,1,89.48,187.342,14.942,-0.5,1000.0,RETURNING_TO_START,load_zone_1,dump_zone_1,0.00025,0.00067
1247.0,2026-07-02T15:04:58.077,2,655.408,179.545,5.25,1.0,0.0,GOING_TO_ENDPOINT,dump_zone_3,load_zone_26,0.00027,0.000724
1247.0,2026-07-02T15:04:58.077,3,113.079,184.489,11.446,0.0533,1000.0,RETURNING_TO_START,load_zone_2,dump_zone_2,0.000265,0.00071
1248.0,2026-07-02T15:05:02.337,1,91.478,190.668,13.142,-0.5,1000.0,RETURNING_TO_START,load_zone_1,dump_zone_1,0.00025,0.00067
1248.0,2026-07-02T15:05:02.337,2,654.355,181.22,8.85,1.0,0.0,GOING_TO_ENDPOINT,dump_zone_3,load_zone_26,0.000284,0.000761
1248.0,2026-07-02T15:05:02.337,3,110.537,186.346,11.188,-0.2801,1000.0,RETURNING_TO_START,load_zone_2,dump_zone_2,0.00025,0.00067
1249.0,2026-07-02T15:05:07.090,1,93.225,193.577,11.442,-0.5,1000.0,RETURNING_TO_START,load_zone_1,dump_zone_1,0.00025,0.00067
1249.0,2026-07-02T15:05:07.090,2,651.919,182.963,12.45,1.0,0.0,GOING_TO_ENDPOINT,dump_zone_3,load_zone_26,0.000298,0.000799
1249.0,2026-07-02T15:05:07.090,3,108.231,188.262,10.416,-0.4456,1000.0,RETURNING_TO_START,load_zone_2,dump_zone_2,0.00025,0.00067
1250.0,2026-07-02T15:05:13.148,1,94.732,196.085,9.742,-0.5,1000.0,RETURNING_TO_START,load_zone_1,dump_zone_1,0.00025,0.00067
1250.0,2026-07-02T15:05:13.148,2,648.94,185.574,15.9,0.75,0.0,GOING_TO_ENDPOINT,dump_zone_3,load_zone_26,0.000299,0.000801
1250.0,2026-07-02T15:05:13.148,3,106.08,189.749,8.616,-0.5,1000.0,RETURNING_TO_START,load_zone_2,dump_zone_2,0.00025,0.00067
1251.0,2026-07-02T15:05:18.841,1,95.989,198.178,8.003,-0.5,1000.0,RETURNING_TO_START,load_zone_1,dump_zone_1,0.00025,0.00067
1251.0,2026-07-02T15:05:18.841,2,647.533,189.918,16.65,-0.25,0.0,GOING_TO_ENDPOINT,dump_zone_3,load_zone_26,0.00025,0.00067
1251.0,2026-07-02T15:05:18.841,3,104.154,190.653,6.916,-0.4167,1000.0,RETURNING_TO_START,load_zone_2,dump_zone_2,0.00025,0.00067
1252.0,2026-07-02T15:05:24.055,1,97.079,199.883,6.97,-0.007,1000.0,RETURNING_TO_START,load_zone_1,dump_zone_1,0.000257,0.000689
1252.0,2026-07-02T15:05:24.055,2,647.476,194.291,14.925,-0.5,0.0,GOING_TO_ENDPOINT,dump_zone_3,load_zone_26,0.00025,0.00067
1252.0,2026-07-02T15:05:24.055,3,102.694,191.454,5.386,-0.2334,1000.0,RETURNING_TO_START,load_zone_2,dump_zone_2,0.00025,0.00067
1253.0,2026-07-02T15:05:28.867,1,98.479,201.366,8.045,0.6597,1000.0,RETURNING_TO_START,load_zone_1,dump_zone_1,0.000287,0.000769
1253.0,2026-07-02T15:05:28.867,2,647.485,198.165,13.125,-0.5,0.0,GOING_TO_ENDPOINT,dump_zone_3,load_zone_26,0.00025,0.00067
1253.0,2026-07-02T15:05:28.867,3,101.602,192.241,4.663,0.1342,1000.0,RETURNING_TO_START,load_zone_2,dump_zone_2,0.000258,0.000691
1254.0,2026-07-02T15:05:33.690,1,100.81,202.317,9.515,-0.0311,1000.0,RETURNING_TO_START,load_zone_1,dump_zone_1,0.000258,0.000691
1254.0,2026-07-02T15:05:33.690,2,645.788,201.131,12.887,0.3873,0.0,GOING_TO_ENDPOINT,dump_zone_3,load_zone_26,0.000274,0.000734
1254.0,2026-07-02T15:05:33.690,3,100.51,193.179,5.567,0.2035,1000.0,RETURNING_TO_START,load_zone_2,dump_zone_2,0.000262,0.000702
1255.0,2026-07-02T15:05:37.215,1,103.305,202.579,8.853,0.1355,1000.0,RETURNING_TO_START,load_zone_1,dump_zone_1,0.000266,0.000713
1255.0,2026-07-02T15:05:37.215,2,641.991,201.537,15.9,1.0,0.0,GOING_TO_ENDPOINT,dump_zone_3,load_zone_26,0.000311,0.000833
1255.0,2026-07-02T15:05:37.215,3,99.41,194.224,5.262,-0.0707,1000.0,RETURNING_TO_START,load_zone_2,dump_zone_2,0.000254,0.000681
1256.0,2026-07-02T15:05:40.950,1,106.046,202.595,11.235,1.0,1000.0,RETURNING_TO_START,load_zone_1,dump_zone_1,0.000322,0.000863
1256.0,2026-07-02T15:05:40.950,2,638.405,198.178,19.475,0.9167,0.0,GOING_TO_ENDPOINT,dump_zone_3,load_zone_26,0.00032,0.000858
1256.0,2026-07-02T15:05:40.950,3,98.493,195.271,4.858,0.096,1000.0,RETURNING_TO_START,load_zone_2,dump_zone_2,0.000258,0.000691
1257.0,2026-07-02T15:05:45.315,1,109.708,202.544,14.835,1.0,1000.0,RETURNING_TO_START,load_zone_1,dump_zone_1,0.000346,0.000927
1257.0,2026-07-02T15:05:45.315,2,633.271,195.853,20.825,-0.0833,0.0,GOING_TO_ENDPOINT,dump_zone_3,load_zone_26,0.000258,0.000691
1257.0,2026-07-02T15:05:45.315,3,97.812,196.621,6.303,0.7626,1000.0,RETURNING_TO_START,load_zone_2,dump_zone_2,0.000283,0.000758
1258.0,2026-07-02T15:05:50.095,1,114.37,202.506,18.41,0.9167,1000.0,RETURNING_TO_START,load_zone_1,dump_zone_1,0.00036,0.000965
1258.0,2026-07-02T15:05:50.095,2,627.75,195.07,19.275,-0.5,0.0,GOING_TO_ENDPOINT,dump_zone_3,load_zone_26,0.00025,0.00067
1258.0,2026-07-02T15:05:50.095,3,97.804,198.864,9.836,1.0,1000.0,RETURNING_TO_START,load_zone_2,dump_zone_2,0.000313,0.000839
1259.0,2026-07-02T15:05:54.291,1,119.77,202.499,19.76,-0.0833,1000.0,RETURNING_TO_START,load_zone_1,dump_zone_1,0.000262,0.000702
1259.0,2026-07-02T15:05:54.291,2,622.703,194.463,17.475,-0.5,0.0,GOING_TO_ENDPOINT,dump_zone_3,load_zone_26,0.00025,0.00067
1259.0,2026-07-02T15:05:54.291,3,99.677,201.433,12.736,0.4167,1000.0,RETURNING_TO_START,load_zone_2,dump_zone_2,0.000292,0.000783
1260.0,2026-07-02T15:05:59.332,1,125.051,202.5,18.21,-0.5,1000.0,RETURNING_TO_START,load_zone_1,dump_zone_1,0.00025,0.00067
1260.0,2026-07-02T15:05:59.332,2,618.14,194.028,15.675,-0.5,0.0,GOING_TO_ENDPOINT,dump_zone_3,load_zone_26,0.00025,0.00067
1260.0,2026-07-02T15:05:59.332,3,102.953,202.627,12.586,-0.0833,1000.0,RETURNING_TO_START,load_zone_2,dump_zone_2,0.000258,0.000691
1261.0,2026-07-02T15:06:03.674,1,129.839,202.5,16.41,-0.5,1000.0,RETURNING_TO_START,load_zone_1,dump_zone_1,0.00025,0.00067
1261.0,2026-07-02T15:06:03.674,2,614.062,193.831,13.875,-0.5,0.0,GOING_TO_ENDPOINT,dump_zone_3,load_zone_26,0.00025,0.00067
1261.0,2026-07-02T15:06:03.674,3,106.614,202.663,14.236,0.9167,1000.0,RETURNING_TO_START,load_zone_2,dump_zone_2,0.000335,0.000898
1262.0,2026-07-02T15:06:08.572,1,134.128,202.5,14.645,-0.5,1000.0,RETURNING_TO_START,load_zone_1,dump_zone_1,0.00025,0.00067
1262.0,2026-07-02T15:06:08.572,2,610.483,193.947,12.075,-0.5,0.0,GOING_TO_ENDPOINT,dump_zone_3,load_zone_26,0.00025,0.00067
1262.0,2026-07-02T15:06:08.572,3,111.109,202.563,17.836,1.0,1000.0,RETURNING_TO_START,load_zone_2,dump_zone_2,0.000365,0.000978
1263.0,2026-07-02T15:06:15.036,1,137.928,202.5,12.859,-0.5,1000.0,RETURNING_TO_START,load_zone_1,dump_zone_1,0.00025,0.00067
1263.0,2026-07-02T15:06:15.036,2,607.61,194.985,10.275,-0.5,0.0,GOING_TO_ENDPOINT,dump_zone_3,load_zone_26,0.00025,0.00067
1263.0,2026-07-02T15:06:15.036,3,116.509,202.501,20.311,0.25,1000.0,RETURNING_TO_START,load_zone_2,dump_zone_2,0.000299,0.000801
1264.0,2026-07-02T15:06:19.674,1,141.229,202.5,11.059,-0.5,1000.0,RETURNING_TO_START,load_zone_1,dump_zone_1,0.00025,0.00067
1264.0,2026-07-02T15:06:19.674,2,605.401,196.322,8.475,-0.5,0.0,GOING_TO_ENDPOINT,dump_zone_3,load_zone_26,0.00025,0.00067
1264.0,2026-07-02T15:06:19.674,3,122.081,202.499,19.411,-0.5,1000.0,RETURNING_TO_START,load_zone_2,dump_zone_2,0.00025,0.00067
1265.0,2026-07-02T15:06:25.074,1,144.03,202.5,9.259,-0.5,1000.0,RETURNING_TO_START,load_zone_1,dump_zone_1,0.00025,0.00067
1265.0,2026-07-02T15:06:25.074,2,603.52,197.217,6.675,-0.5,0.0,GOING_TO_ENDPOINT,dump_zone_3,load_zone_26,0.00025,0.00067
1265.0,2026-07-02T15:06:25.074,3,127.202,202.5,17.611,-0.5,1000.0,RETURNING_TO_START,load_zone_2,dump_zone_2,0.00025,0.00067
1266.0,2026-07-02T15:06:31.378,1,146.337,202.499,7.609,-0.25,1000.0,RETURNING_TO_START,load_zone_1,dump_zone_1,0.00025,0.00067
1266.0,2026-07-02T15:06:31.378,2,602.077,197.916,5.25,-0.0833,0.0,GOING_TO_ENDPOINT,dump_zone_3,load_zone_26,0.000252,0.000675
1266.0,2026-07-02T15:06:31.378,3,131.823,202.5,15.811,-0.5,1000.0,RETURNING_TO_START,load_zone_2,dump_zone_2,0.00025,0.00067
1267.0,2026-07-02T15:06:37.153,1,148.26,202.561,6.434,-0.0833,1000.0,RETURNING_TO_START,load_zone_1,dump_zone_1,0.000254,0.000681
1267.0,2026-07-02T15:06:37.153,2,600.775,198.383,4.5,-0.4167,0.0,GOING_TO_ENDPOINT,dump_zone_3,load_zone_26,0.00025,0.00067
1267.0,2026-07-02T15:06:37.153,3,135.969,202.5,14.232,-0.5,1000.0,RETURNING_TO_START,load_zone_2,dump_zone_2,0.00025,0.00067
1268.0,2026-07-02T15:06:41.121,1,150.017,203.367,8.084,0.9167,1000.0,RETURNING_TO_START,load_zone_1,dump_zone_1,0.000298,0.000799
1268.0,2026-07-02T15:06:41.121,2,599.545,198.42,4.95,0.5833,0.0,GOING_TO_ENDPOINT,dump_zone_3,load_zone_26,0.000262,0.000702
1268.0,2026-07-02T15:06:41.121,3,139.652,202.5,12.432,-0.5,1000.0,RETURNING_TO_START,load_zone_2,dump_zone_2,0.00025,0.00067
1269.0,2026-07-02T15:06:44.850,1,151.418,205.71,11.684,1.0,1000.0,RETURNING_TO_START,load_zone_1,dump_zone_1,0.000325,0.000871
1269.0,2026-07-02T15:06:44.850,2,597.829,197.77,8.3,1.0,0.0,GOING_TO_ENDPOINT,dump_zone_3,load_zone_26,0.000282,0.000756
1269.0,2026-07-02T15:06:44.850,3,142.834,202.5,10.632,-0.5,1000.0,RETURNING_TO_START,load_zone_2,dump_zone_2,0.00025,0.00067
1270.0,2026-07-02T15:06:48.810,1,150.448,209.258,15.284,1.0,1000.0,RETURNING_TO_START,load_zone_1,dump_zone_1,0.000349,0.000935
1270.0,2026-07-02T15:06:48.810,2,596.231,195.487,11.9,1.0,0.0,GOING_TO_ENDPOINT,dump_zone_3,load_zone_26,0.000296,0.000793
1270.0,2026-07-02T15:06:48.810,3,145.539,202.5,8.966,-0.5,1000.0,RETURNING_TO_START,load_zone_2,dump_zone_2,0.00025,0.00067
1271.0,2026-07-02T15:06:54.029,1,148.259,213.496,18.859,0.9167,1000.0,RETURNING_TO_START,load_zone_1,dump_zone_1,0.000363,0.000973
1271.0,2026-07-02T15:06:54.029,2,597.089,191.884,15.5,1.0,0.0,GOING_TO_ENDPOINT,dump_zone_3,load_zone_26,0.00031,0.000831
1271.0,2026-07-02T15:06:54.029,3,147.763,202.533,7.316,-0.25,1000.0,RETURNING_TO_START,load_zone_2,dump_zone_2,0.00025,0.00067
1272.0,2026-07-02T15:06:58.305,1,147.467,218.941,20.209,-0.0833,1000.0,RETURNING_TO_START,load_zone_1,dump_zone_1,0.000262,0.000702
1272.0,2026-07-02T15:06:58.305,2,599.941,188.002,19.1,1.0,0.0,GOING_TO_ENDPOINT,dump_zone_3,load_zone_26,0.000324,0.000868
1272.0,2026-07-02T15:06:58.305,3,149.686,203.331,8.366,0.75,1000.0,RETURNING_TO_START,load_zone_2,dump_zone_2,0.000293,0.000785
1273.0,2026-07-02T15:07:02.659,1,147.481,224.347,18.659,-0.5,1000.0,RETURNING_TO_START,load_zone_1,dump_zone_1,0.00025,0.00067
1273.0,2026-07-02T15:07:02.659,2,601.859,182.499,22.7,1.0,0.0,GOING_TO_ENDPOINT,dump_zone_3,load_zone_26,0.000338,0.000906
1273.0,2026-07-02T15:07:02.659,3,151.142,205.705,11.891,1.0,1000.0,RETURNING_TO_START,load_zone_2,dump_zone_2,0.000327,0.000876
1274.0,2026-07-02T15:07:07.532,1,147.501,229.259,16.859,-0.5,1000.0,RETURNING_TO_START,load_zone_1,dump_zone_1,0.00025,0.00067
1274.0,2026-07-02T15:07:07.532,2,602.507,175.698,26.275,0.9167,0.0,GOING_TO_ENDPOINT,dump_zone_3,load_zone_26,0.000345,0.000925
1274.0,2026-07-02T15:07:07.532,3,150.187,209.324,15.491,1.0,1000.0,RETURNING_TO_START,load_zone_2,dump_zone_2,0.00035,0.000938
1275.0,2026-07-02T15:07:12.973,1,147.501,233.672,15.059,-0.5,1000.0,RETURNING_TO_START,load_zone_1,dump_zone_1,0.00025,0.00067
1275.0,2026-07-02T15:07:12.973,2,602.502,168.114,27.625,-0.0833,0.0,GOING_TO_ENDPOINT,dump_zone_3,load_zone_26,0.00026,0.000697
1275.0,2026-07-02T15:07:12.973,3,148.054,213.658,19.066,0.9167,1000.0,RETURNING_TO_START,load_zone_2,dump_zone_2,0.000364,0.000976
1276.0,2026-07-02T15:07:17.796,1,147.5,237.584,13.259,-0.5,1000.0,RETURNING_TO_START,load_zone_1,dump_zone_1,0.00025,0.00067
1276.0,2026-07-02T15:07:17.796,2,602.5,160.565,26.899,-0.19,0.0,GOING_TO_ENDPOINT,dump_zone_3,load_zone_26,0.000251,0.000673
1276.0,2026-07-02T15:07:17.796,3,147.433,219.186,20.416,-0.0833,1000.0,RETURNING_TO_START,load_zone_2,dump_zone_2,0.000262,0.000702
1277.0,2026-07-02T15:07:23.481,1,147.5,240.996,11.459,-0.5,1000.0,RETURNING_TO_START,load_zone_1,dump_zone_1,0.00025,0.00067
1277.0,2026-07-02T15:07:23.481,2,602.5,153.092,27.079,0.1049,0.0,GOING_TO_ENDPOINT,dump_zone_3,load_zone_26,0.000276,0.00074
1277.0,2026-07-02T15:07:23.481,3,147.489,224.65,18.866,-0.5,1000.0,RETURNING_TO_START,load_zone_2,dump_zone_2,0.00025,0.00067
1278.0,2026-07-02T15:07:28.918,1,147.5,243.936,9.859,-0.4167,1000.0,RETURNING_TO_START,load_zone_1,dump_zone_1,0.00025,0.00067
1278.0,2026-07-02T15:07:28.918,2,602.5,145.684,26.257,-0.0617,0.0,GOING_TO_ENDPOINT,dump_zone_3,load_zone_26,0.000261,0.000699
1278.0,2026-07-02T15:07:28.918,3,147.501,229.619,17.066,-0.5,1000.0,RETURNING_TO_START,load_zone_2,dump_zone_2,0.00025,0.00067
1279.0,2026-07-02T15:07:34.102,1,147.5,246.428,8.159,-0.5,1000.0,RETURNING_TO_START,load_zone_1,dump_zone_1,0.00025,0.00067
1279.0,2026-07-02T15:07:34.102,2,602.5,138.252,27.278,0.178,0.0,GOING_TO_ENDPOINT,dump_zone_3,load_zone_26,0.000283,0.000758
1279.0,2026-07-02T15:07:34.102,3,147.501,234.089,15.266,-0.5,1000.0,RETURNING_TO_START,load_zone_2,dump_zone_2,0.00025,0.00067
1280.0,2026-07-02T15:07:40.163,1,147.539,248.443,6.734,-0.0833,1000.0,RETURNING_TO_START,load_zone_1,dump_zone_1,0.000254,0.000681
1280.0,2026-07-02T15:07:40.163,2,602.5,130.599,28.169,0.5113,0.0,GOING_TO_ENDPOINT,dump_zone_3,load_zone_26,0.000314,0.000842
1280.0,2026-07-02T15:07:40.163,3,147.5,238.058,13.466,-0.5,1000.0,RETURNING_TO_START,load_zone_2,dump_zone_2,0.00025,0.00067
1281.0,2026-07-02T15:07:46.980,1,147.914,250.429,8.24,0.8035,1000.0,RETURNING_TO_START,load_zone_1,dump_zone_1,0.000294,0.000788
1281.0,2026-07-02T15:07:46.980,2,602.5,122.701,28.184,-0.3889,0.0,GOING_TO_ENDPOINT,dump_zone_3,load_zone_26,0.00025,0.00067
1281.0,2026-07-02T15:07:46.980,3,147.491,241.528,11.666,-0.5,1000.0,RETURNING_TO_START,load_zone_2,dump_zone_2,0.00025,0.00067
1282.0,2026-07-02T15:07:53.718,1,149.186,252.69,9.782,-0.0298,1000.0,RETURNING_TO_START,load_zone_1,dump_zone_1,0.000259,0.000694
1282.0,2026-07-02T15:07:53.718,2,602.5,114.991,27.684,0.1111,0.0,GOING_TO_ENDPOINT,dump_zone_3,load_zone_26,0.000278,0.000745
1282.0,2026-07-02T15:07:53.718,3,147.562,244.496,9.891,-0.4167,1000.0,RETURNING_TO_START,load_zone_2,dump_zone_2,0.00025,0.00067
1283.0,2026-07-02T15:07:59.261,1,151.003,254.848,11.025,0.8035,1000.0,RETURNING_TO_START,load_zone_1,dump_zone_1,0.000309,0.000828
1283.0,2026-07-02T15:07:59.261,2,602.5,107.297,27.759,0.2539,0.0,GOING_TO_ENDPOINT,dump_zone_3,load_zone_26,0.00029,0.000777
1283.0,2026-07-02T15:07:59.261,3,147.775,246.983,8.166,-0.5,1000.0,RETURNING_TO_START,load_zone_2,dump_zone_2,0.00025,0.00067
1284.0,2026-07-02T15:08:04.169,1,153.428,257.498,14.582,1.0,1000.0,RETURNING_TO_START,load_zone_1,dump_zone_1,0.000344,0.000922
1284.0,2026-07-02T15:08:04.169,2,602.5,99.427,28.423,-0.0794,0.0,GOING_TO_ENDPOINT,dump_zone_3,load_zone_26,0.000261,0.000699
1284.0,2026-07-02T15:08:04.169,3,147.79,249.0,6.741,-0.0833,1000.0,RETURNING_TO_START,load_zone_2,dump_zone_2,0.000254,0.000681
1285.0,2026-07-02T15:08:09.427,1,156.547,260.869,18.182,1.0,1000.0,RETURNING_TO_START,load_zone_1,dump_zone_1,0.000367,0.000984
1285.0,2026-07-02T15:08:09.427,2,602.5,91.629,27.634,-0.3905,0.0,GOING_TO_ENDPOINT,dump_zone_3,load_zone_26,0.00025,0.00067
1285.0,2026-07-02T15:08:09.427,3,148.169,250.847,7.291,0.4167,1000.0,RETURNING_TO_START,load_zone_2,dump_zone_2,0.000274,0.000734
1286.0,2026-07-02T15:08:15.830,1,160.267,264.914,20.964,0.5546,1000.0,RETURNING_TO_START,load_zone_1,dump_zone_1,0.000335,0.000898
1286.0,2026-07-02T15:08:15.830,2,602.5,84.094,26.808,-0.2029,0.0,GOING_TO_ENDPOINT,dump_zone_3,load_zone_26,0.00025,0.00067
1286.0,2026-07-02T15:08:15.830,3,149.196,252.652,7.16,-0.342,1000.0,RETURNING_TO_START,load_zone_2,dump_zone_2,0.00025,0.00067
1287.0,2026-07-02T15:08:20.495,1,164.31,269.228,21.011,-0.4454,1000.0,RETURNING_TO_START,load_zone_1,dump_zone_1,0.00025,0.00067
1287.0,2026-07-02T15:08:20.495,2,602.5,76.64,27.178,0.4637,0.0,GOING_TO_ENDPOINT,dump_zone_3,load_zone_26,0.000308,0.000825
1287.0,2026-07-02T15:08:20.495,3,150.463,254.218,7.878,0.658,1000.0,RETURNING_TO_START,load_zone_2,dump_zone_2,0.000286,0.000766
1288.0,2026-07-02T15:08:24.664,1,168.202,273.206,19.211,-0.5,1000.0,RETURNING_TO_START,load_zone_1,dump_zone_1,0.00025,0.00067
1288.0,2026-07-02T15:08:24.664,2,602.5,68.82,28.547,-0.0363,0.0,GOING_TO_ENDPOINT,dump_zone_3,load_zone_26,0.000265,0.00071
1288.0,2026-07-02T15:08:24.664,3,152.261,256.216,11.318,1.0,1000.0,RETURNING_TO_START,load_zone_2,dump_zone_2,0.000323,0.000866
1289.0,2026-07-02T15:08:28.880,1,171.86,276.71,17.411,-0.5,1000.0,RETURNING_TO_START,load_zone_1,dump_zone_1,0.00025,0.00067
1289.0,2026-07-02T15:08:28.880,2,602.5,61.026,27.757,-0.1286,0.0,GOING_TO_ENDPOINT,dump_zone_3,load_zone_26,0.000256,0.000686
1289.0,2026-07-02T15:08:28.880,3,154.761,258.924,14.918,1.0,1000.0,RETURNING_TO_START,load_zone_2,dump_zone_2,0.000346,0.000927
1290.0,2026-07-02T15:08:34.140,1,175.323,279.683,15.611,-0.5,1000.0,RETURNING_TO_START,load_zone_1,dump_zone_1,0.00025,0.00067
1290.0,2026-07-02T15:08:34.140,2,602.5,53.42,27.236,0.1327,0.0,GOING_TO_ENDPOINT,dump_zone_3,load_zone_26,0.000279,0.000748
1290.0,2026-07-02T15:08:34.140,3,157.93,262.374,18.493,0.9167,1000.0,RETURNING_TO_START,load_zone_2,dump_zone_2,0.000361,0.000967
1291.0,2026-07-02T15:08:40.224,1,178.669,282.012,13.936,-0.4167,1000.0,RETURNING_TO_START,load_zone_1,dump_zone_1,0.00025,0.00067
1291.0,2026-07-02T15:08:40.224,2,602.5,45.61,28.997,0.5163,0.0,GOING_TO_ENDPOINT,dump_zone_3,load_zone_26,0.000317,0.00085
1291.0,2026-07-02T15:08:40.224,3,161.703,266.462,20.893,0.25,1000.0,RETURNING_TO_START,load_zone_2,dump_zone_2,0.0003,0.000804
1292.0,2026-07-02T15:08:46.376,1,181.953,283.568,12.411,-0.4167,1000.0,RETURNING_TO_START,load_zone_1,dump_zone_1,0.00025,0.00067
1292.0,2026-07-02T15:08:46.376,2,602.5,37.4,29.523,-0.2966,0.0,GOING_TO_ENDPOINT,dump_zone_3,load_zone_26,0.00025,0.00067
1292.0,2026-07-02T15:08:46.376,3,165.65,270.622,19.993,-0.5,1000.0,RETURNING_TO_START,load_zone_2,dump_zone_2,0.00025,0.00067
1293.0,2026-07-02T15:08:51.625,1,185.067,284.395,10.841,-0.5,1000.0,RETURNING_TO_START,load_zone_1,dump_zone_1,0.00025,0.00067
1293.0,2026-07-02T15:08:51.625,2,602.5,29.401,28.195,-0.4167,0.0,GOING_TO_ENDPOINT,dump_zone_3,load_zone_26,0.00025,0.00067
1293.0,2026-07-02T15:08:51.625,3,169.379,274.364,18.193,-0.5,1000.0,RETURNING_TO_START,load_zone_2,dump_zone_2,0.00025,0.00067
1294.0,2026-07-02T15:08:56.966,1,187.792,284.54,9.041,-0.5,1000.0,RETURNING_TO_START,load_zone_1,dump_zone_1,0.00025,0.00067
1294.0,2026-07-02T15:08:56.966,2,602.5,21.811,26.641,-0.3235,0.0,GOING_TO_ENDPOINT,dump_zone_3,load_zone_26,0.00025,0.00067
1294.0,2026-07-02T15:08:56.966,3,172.878,277.624,16.393,-0.5,1000.0,RETURNING_TO_START,load_zone_2,dump_zone_2,0.00025,0.00067
1295.0,2026-07-02T15:09:02.878,1,189.907,283.81,7.341,-0.5,1000.0,RETURNING_TO_START,load_zone_1,dump_zone_1,0.00025,0.00067
1295.0,2026-07-02T15:09:02.878,2,602.5,14.385,27.177,0.3431,0.0,GOING_TO_ENDPOINT,dump_zone_3,load_zone_26,0.000297,0.000796
1295.0,2026-07-02T15:09:02.878,3,176.195,280.347,14.732,-0.4167,1000.0,RETURNING_TO_START,load_zone_2,dump_zone_2,0.00025,0.00067
1296.0,2026-07-02T15:09:09.220,1,191.508,282.977,5.941,-0.4167,1000.0,RETURNING_TO_START,load_zone_1,dump_zone_1,0.00025,0.00067
1296.0,2026-07-02T15:09:09.220,2,602.5,6.627,28.179,-0.1013,0.0,GOING_TO_ENDPOINT,dump_zone_3,load_zone_26,0.000259,0.000694
1296.0,2026-07-02T15:09:09.220,3,179.477,282.456,13.757,-0.25,1000.0,RETURNING_TO_START,load_zone_2,dump_zone_2,0.00025,0.00067
1297.0,2026-07-02T15:09:15.611,1,192.847,282.417,4.543,-0.425,1000.0,RETURNING_TO_START,load_zone_1,dump_zone_1,0.00025,0.00067
1297.0,2026-07-02T15:09:15.611,2,602.5,-1.115,27.664,0.0653,0.0,GOING_TO_ENDPOINT,dump_zone_3,load_zone_26,0.000273,0.000732
1297.0,2026-07-02T15:09:15.611,3,183.007,283.649,13.323,-0.0911,1000.0,RETURNING_TO_START,load_zone_2,dump_zone_2,0.000258,0.000691
1298.0,2026-07-02T15:09:23.003,1,193.924,282.061,3.955,0.0236,1000.0,RETURNING_TO_START,load_zone_1,dump_zone_1,0.000255,0.000683
1298.0,2026-07-02T15:09:23.003,2,602.5,-8.802,27.699,0.0653,0.0,GOING_TO_ENDPOINT,dump_zone_3,load_zone_26,0.000273,0.000732
1298.0,2026-07-02T15:09:23.003,3,186.582,283.177,13.711,0.2687,1000.0,RETURNING_TO_START,load_zone_2,dump_zone_2,0.000284,0.000761
1299.0,2026-07-02T15:09:30.536,1,195.034,281.771,4.336,0.1195,1000.0,RETURNING_TO_START,load_zone_1,dump_zone_1,0.000257,0.000689
1299.0,2026-07-02T15:09:30.536,2,602.5,-16.559,27.854,-0.0521,0.0,GOING_TO_ENDPOINT,dump_zone_3,load_zone_26,0.000263,0.000705
1299.0,2026-07-02T15:09:30.536,3,189.65,281.028,12.861,-0.5,1000.0,RETURNING_TO_START,load_zone_2,dump_zone_2,0.00025,0.00067
1300.0,2026-07-02T15:09:38.322,1,196.225,281.496,4.11,-0.4339,1000.0,RETURNING_TO_START,load_zone_1,dump_zone_1,0.00025,0.00067
1300.0,2026-07-02T15:09:38.322,2,602.5,-24.239,27.676,0.2701,0.0,GOING_TO_ENDPOINT,dump_zone_3,load_zone_26,0.000292,0.000783
1300.0,2026-07-02T15:09:38.322,3,192.531,279.424,11.061,-0.5,1000.0,RETURNING_TO_START,load_zone_2,dump_zone_2,0.00025,0.00067
1301.0,2026-07-02T15:09:50.770,1,197.053,281.193,2.515,-0.2758,1000.0,RETURNING_TO_START,load_zone_1,dump_zone_1,0.00025,0.00067
1301.0,2026-07-02T15:09:50.770,2,602.5,-32.018,28.17,0.1553,0.0,GOING_TO_ENDPOINT,dump_zone_3,load_zone_26,0.000282,0.000756
1301.0,2026-07-02T15:09:50.770,3,195.168,278.343,9.961,0.0833,1000.0,RETURNING_TO_START,load_zone_2,dump_zone_2,0.000265,0.00071
1302.0,2026-07-02T15:09:58.929,1,197.599,280.947,1.859,-0.191,1000.0,RETURNING_TO_START,load_zone_1,dump_zone_1,0.00025,0.00067
1302.0,2026-07-02T15:09:58.929,2,602.5,-39.862,28.12,-0.0788,0.0,GOING_TO_ENDPOINT,dump_zone_3,load_zone_26,0.000261,0.000699
1302.0,2026-07-02T15:09:58.929,3,197.881,277.356,10.668,-0.0909,1000.0,RETURNING_TO_START,load_zone_2,dump_zone_2,0.000256,0.000686
1303.0,2026-07-02T15:10:05.527,1,197.913,280.803,0.488,-0.5,1000.0,RETURNING_TO_START,load_zone_1,dump_zone_1,0.00025,0.00067
1303.0,2026-07-02T15:10:05.527,2,602.5,-47.614,27.586,-0.2455,0.0,GOING_TO_ENDPOINT,dump_zone_3,load_zone_26,0.00025,0.00067
1303.0,2026-07-02T15:10:05.527,3,200.512,277.97,9.109,-0.5,1000.0,RETURNING_TO_START,load_zone_2,dump_zone_2,0.00025,0.00067
1304.0,2026-07-02T15:10:14.901,1,197.938,280.792,0.166,0.1161,1000.0,RETURNING_TO_START,load_zone_1,dump_zone_1,0.00025,0.00067
1304.0,2026-07-02T15:10:14.901,2,602.5,-55.231,27.628,0.2949,0.0,GOING_TO_ENDPOINT,dump_zone_3,load_zone_26,0.000294,0.000788
1304.0,2026-07-02T15:10:14.901,3,201.99,279.665,7.684,-0.0833,1000.0,RETURNING_TO_START,load_zone_2,dump_zone_2,0.000255,0.000683
1305.0,2026-07-02T15:10:21.938,1,198.007,280.761,0.053,-0.3858,1000.0,RETURNING_TO_START,load_zone_1,dump_zone_1,0.00025,0.00067
1305.0,2026-07-02T15:10:21.938,2,602.5,-63.178,29.239,0.1282,0.0,GOING_TO_ENDPOINT,dump_zone_3,load_zone_26,0.000281,0.000753
1305.0,2026-07-02T15:10:21.938,3,202.322,281.881,9.065,0.8078,1000.0,RETURNING_TO_START,load_zone_2,dump_zone_2,0.000299,0.000801
1306.0,2026-07-02T15:10:27.198,1,198.008,280.761,0.025,0.0833,1000.0,RETURNING_TO_START,load_zone_1,dump_zone_1,0.00025,0.00067
1306.0,2026-07-02T15:10:27.198,2,602.5,-71.175,28.059,-0.5,0.0,GOING_TO_ENDPOINT,dump_zone_3,load_zone_26,0.00025,0.00067
1306.0,2026-07-02T15:10:27.198,3,201.113,284.653,12.6,0.9167,1000.0,RETURNING_TO_START,load_zone_2,dump_zone_2,0.000326,0.000874
1307.0,2026-07-02T15:10:29.824,1,198.25,280.662,2.225,0.9167,1000.0,RETURNING_TO_START,load_zone_1,dump_zone_1,0.000263,0.000705
1307.0,2026-07-02T15:10:29.824,2,602.5,-78.698,26.259,-0.5,0.0,GOING_TO_ENDPOINT,dump_zone_3,load_zone_26,0.00025,0.00067
1307.0,2026-07-02T15:10:29.824,3,199.881,288.383,15.825,1.0,1000.0,RETURNING_TO_START,load_zone_2,dump_zone_2,0.000352,0.000943
1308.0,2026-07-02T15:10:33.056,1,199.128,280.453,3.575,-0.0833,1000.0,RETURNING_TO_START,load_zone_1,dump_zone_1,0.000252,0.000675
1308.0,2026-07-02T15:10:33.056,2,602.5,-85.721,24.459,-0.5,0.0,GOING_TO_ENDPOINT,dump_zone_3,load_zone_26,0.00025,0.00067
1308.0,2026-07-02T15:10:33.056,3,201.164,292.967,18.225,0.4167,1000.0,RETURNING_TO_START,load_zone_2,dump_zone_2,0.00031,0.000831
1309.0,2026-07-02T15:10:37.111,1,199.912,280.434,2.025,-0.5,1000.0,RETURNING_TO_START,load_zone_1,dump_zone_1,0.00025,0.00067
1309.0,2026-07-02T15:10:37.111,2,602.5,-92.244,22.659,-0.5,0.0,GOING_TO_ENDPOINT,dump_zone_3,load_zone_26,0.00025,0.00067
1309.0,2026-07-02T15:10:37.111,3,202.833,297.763,17.8,-0.5,1000.0,RETURNING_TO_START,load_zone_2,dump_zone_2,0.00025,0.00067
1310.0,2026-07-02T15:10:41.386,1,200.202,280.465,0.225,-0.5,1000.0,RETURNING_TO_START,load_zone_1,dump_zone_1,0.00025,0.00067
1310.0,2026-07-02T15:10:41.386,2,602.609,-98.262,20.884,-0.4167,0.0,GOING_TO_ENDPOINT,dump_zone_3,load_zone_26,0.00025,0.00067
1310.0,2026-07-02T15:10:41.386,3,204.286,302.205,16.0,-0.5,1000.0,RETURNING_TO_START,load_zone_2,dump_zone_2,0.00025,0.00067
1311.0,2026-07-02T15:10:44.698,1,200.204,280.465,0.0,-0.5,1000.0,RETURNING_TO_START,load_zone_1,dump_zone_1,0.00025,0.00067
1311.0,2026-07-02T15:10:44.698,2,606.871,-101.407,21.334,0.5833,0.0,GOING_TO_ENDPOINT,dump_zone_3,load_zone_26,0.000304,0.000815
1311.0,2026-07-02T15:10:44.698,3,205.692,306.16,14.486,-0.3401,1000.0,RETURNING_TO_START,load_zone_2,dump_zone_2,0.00025,0.00067
1312.0,2026-07-02T15:10:50.092,1,200.204,280.465,0.0,-0.5,1000.0,RETURNING_TO_START,load_zone_1,dump_zone_1,0.00025,0.00067
1312.0,2026-07-02T15:10:50.092,2,612.375,-98.316,24.309,0.5833,0.0,GOING_TO_ENDPOINT,dump_zone_3,load_zone_26,0.000311,0.000833
1312.0,2026-07-02T15:10:50.092,3,207.145,309.684,13.197,-0.2467,1000.0,RETURNING_TO_START,load_zone_2,dump_zone_2,0.00025,0.00067
1313.0,2026-07-02T15:10:54.937,1,200.204,280.465,0.0,-0.5,1000.0,RETURNING_TO_START,load_zone_1,dump_zone_1,0.00025,0.00067
1313.0,2026-07-02T15:10:54.937,2,619.066,-97.265,24.459,-0.4167,0.0,GOING_TO_ENDPOINT,dump_zone_3,load_zone_26,0.00025,0.00067
1313.0,2026-07-02T15:10:54.937,3,208.912,312.84,13.071,0.1462,1000.0,RETURNING_TO_START,load_zone_2,dump_zone_2,0.000274,0.000734
1314.0,2026-07-02T15:10:59.080,1,200.204,280.465,0.0,-0.5,1000.0,RETURNING_TO_START,load_zone_1,dump_zone_1,0.00025,0.00067
1314.0,2026-07-02T15:10:59.080,2,625.586,-97.464,22.659,-0.5,0.0,GOING_TO_ENDPOINT,dump_zone_3,load_zone_26,0.00025,0.00067
1314.0,2026-07-02T15:10:59.080,3,211.333,315.595,13.027,-0.3831,1000.0,RETURNING_TO_START,load_zone_2,dump_zone_2,0.00025,0.00067
1315.0,2026-07-02T15:11:02.940,1,200.204,280.465,0.0,-0.5,1000.0,RETURNING_TO_START,load_zone_1,dump_zone_1,0.00025,0.00067
1315.0,2026-07-02T15:11:02.940,2,631.609,-97.499,20.859,-0.5,0.0,GOING_TO_ENDPOINT,dump_zone_3,load_zone_26,0.00025,0.00067
1315.0,2026-07-02T15:11:02.940,3,214.028,317.579,11.237,-0.5,1000.0,RETURNING_TO_START,load_zone_2,dump_zone_2,0.00025,0.00067
1316.0,2026-07-02T15:11:06.944,1,200.204,280.465,0.0,-0.5,1000.0,RETURNING_TO_START,load_zone_1,dump_zone_1,0.00025,0.00067
1316.0,2026-07-02T15:11:06.944,2,637.132,-97.499,19.059,-0.5,0.0,GOING_TO_ENDPOINT,dump_zone_3,load_zone_26,0.00025,0.00067
1316.0,2026-07-02T15:11:06.944,3,216.386,319.175,9.437,-0.5,1000.0,RETURNING_TO_START,load_zone_2,dump_zone_2,0.00025,0.00067
1317.0,2026-07-02T15:11:10.563,1,200.204,280.465,0.0,-0.5,1000.0,RETURNING_TO_START,load_zone_1,dump_zone_1,0.00025,0.00067
1317.0,2026-07-02T15:11:10.563,2,642.155,-97.5,17.259,-0.5,0.0,GOING_TO_ENDPOINT,dump_zone_3,load_zone_26,0.00025,0.00067
1317.0,2026-07-02T15:11:10.563,3,217.727,321.078,7.662,-0.4167,1000.0,RETURNING_TO_START,load_zone_2,dump_zone_2,0.00025,0.00067
1318.0,2026-07-02T15:11:14.547,1,200.204,280.465,0.0,-0.5,1000.0,RETURNING_TO_START,load_zone_1,dump_zone_1,0.00025,0.00067
1318.0,2026-07-02T15:11:14.547,2,646.678,-97.5,15.459,-0.5,0.0,GOING_TO_ENDPOINT,dump_zone_3,load_zone_26,0.00025,0.00067
1318.0,2026-07-02T15:11:14.547,3,218.225,323.127,8.112,0.5833,1000.0,RETURNING_TO_START,load_zone_2,dump_zone_2,0.000284,0.000761
1319.0,2026-07-02T15:11:19.732,1,200.204,280.465,0.0,-0.5,1000.0,RETURNING_TO_START,load_zone_1,dump_zone_1,0.00025,0.00067
1319.0,2026-07-02T15:11:19.732,2,650.65,-97.975,13.659,-0.5,0.0,GOING_TO_ENDPOINT,dump_zone_3,load_zone_26,0.00025,0.00067
1319.0,2026-07-02T15:11:19.732,3,218.345,325.853,11.462,1.0,1000.0,RETURNING_TO_START,load_zone_2,dump_zone_2,0.000324,0.000868
1320.0,2026-07-02T15:11:23.528,1,200.204,280.465,0.0,-0.5,1000.0,RETURNING_TO_START,load_zone_1,dump_zone_1,0.00025,0.00067
1320.0,2026-07-02T15:11:23.528,2,653.54,-99.986,12.234,-0.0833,0.0,GOING_TO_ENDPOINT,dump_zone_3,load_zone_26,0.000254,0.000681
1320.0,2026-07-02T15:11:23.528,3,218.202,329.41,13.412,0.0833,1000.0,RETURNING_TO_START,load_zone_2,dump_zone_2,0.00027,0.000724
1321.0,2026-07-02T15:11:26.172,1,200.204,280.465,0.0,-0.5,1000.0,RETURNING_TO_START,load_zone_1,dump_zone_1,0.00025,0.00067
1321.0,2026-07-02T15:11:26.172,2,656.083,-102.482,13.884,0.9167,0.0,GOING_TO_ENDPOINT,dump_zone_3,load_zone_26,0.0003,0.000804
1321.0,2026-07-02T15:11:26.172,3,217.973,332.983,12.137,-0.5,1000.0,RETURNING_TO_START,load_zone_2,dump_zone_2,0.00025,0.00067
1322.0,2026-07-02T15:11:29.458,1,200.204,280.465,0.0,-0.5,1000.0,RETURNING_TO_START,load_zone_1,dump_zone_1,0.00025,0.00067
1322.0,2026-07-02T15:11:29.458,2,659.177,-105.608,17.484,1.0,0.0,GOING_TO_ENDPOINT,dump_zone_3,load_zone_26,0.000318,0.000852
1322.0,2026-07-02T15:11:29.458,3,217.74,336.075,10.337,-0.5,1000.0,RETURNING_TO_START,load_zone_2,dump_zone_2,0.00025,0.00067
1323.0,2026-07-02T15:11:32.573,1,200.204,280.465,0.0,-0.5,1000.0,RETURNING_TO_START,load_zone_1,dump_zone_1,0.00025,0.00067
1323.0,2026-07-02T15:11:32.573,2,662.979,-109.44,21.084,1.0,0.0,GOING_TO_ENDPOINT,dump_zone_3,load_zone_26,0.000332,0.00089
1323.0,2026-07-02T15:11:32.573,3,217.572,338.67,8.537,-0.5,1000.0,RETURNING_TO_START,load_zone_2,dump_zone_2,0.00025,0.00067
1324.0,2026-07-02T15:11:36.492,1,200.204,280.465,0.0,-0.5,1000.0,RETURNING_TO_START,load_zone_1,dump_zone_1,0.00025,0.00067
1324.0,2026-07-02T15:11:36.492,2,667.501,-113.967,24.684,1.0,0.0,GOING_TO_ENDPOINT,dump_zone_3,load_zone_26,0.000345,0.000925
1324.0,2026-07-02T15:11:36.492,3,217.972,340.72,6.737,-0.5,1000.0,RETURNING_TO_START,load_zone_2,dump_zone_2,0.00025,0.00067
1325.0,2026-07-02T15:11:40.022,1,200.204,280.465,0.0,-0.5,1000.0,RETURNING_TO_START,load_zone_1,dump_zone_1,0.00025,0.00067
1325.0,2026-07-02T15:11:40.022,2,672.719,-119.183,27.909,0.5833,0.0,GOING_TO_ENDPOINT,dump_zone_3,load_zone_26,0.00032,0.000858
1325.0,2026-07-02T15:11:40.022,3,218.881,342.025,4.937,-0.5,1000.0,RETURNING_TO_START,load_zone_2,dump_zone_2,0.00025,0.00067
1326.0,2026-07-02T15:11:43.124,1,200.204,280.465,0.0,-0.5,1000.0,RETURNING_TO_START,load_zone_1,dump_zone_1,0.00025,0.00067
1326.0,2026-07-02T15:11:43.124,2,678.275,-124.739,28.059,-0.4167,0.0,GOING_TO_ENDPOINT,dump_zone_3,load_zone_26,0.00025,0.00067
1326.0,2026-07-02T15:11:43.124,3,219.767,342.672,3.137,-0.5,1000.0,UNLOADING,load_zone_2,dump_zone_2,0.00025,0.00067
1327.0,2026-07-02T15:11:45.702,1,200.204,280.465,0.0,-0.5,1000.0,RETURNING_TO_START,load_zone_1,dump_zone_1,0.00025,0.00067
1327.0,2026-07-02T15:11:45.702,2,683.595,-130.059,26.259,-0.5,0.0,GOING_TO_ENDPOINT,dump_zone_3,load_zone_26,0.00025,0.00067
1327.0,2026-07-02T15:11:45.702,3,220.313,342.922,1.337,-0.5,1000.0,UNLOADING,load_zone_2,dump_zone_2,0.00025,0.00067
1328.0,2026-07-02T15:11:48.329,1,200.204,280.465,0.0,-0.5,1000.0,RETURNING_TO_START,load_zone_1,dump_zone_1,0.00025,0.00067
1328.0,2026-07-02T15:11:48.329,2,688.561,-135.025,24.459,-0.5,0.0,GOING_TO_ENDPOINT,dump_zone_3,load_zone_26,0.00025,0.00067
1328.0,2026-07-02T15:11:48.329,3,220.427,342.967,0.0,-0.5,1000.0,UNLOADING,load_zone_2,dump_zone_2,0.00025,0.00067
1329.0,2026-07-02T15:11:50.864,1,200.204,280.465,0.0,-0.5,1000.0,RETURNING_TO_START,load_zone_1,dump_zone_1,0.00025,0.00067
1329.0,2026-07-02T15:11:50.864,2,693.173,-139.638,22.659,-0.5,0.0,GOING_TO_ENDPOINT,dump_zone_3,load_zone_26,0.00025,0.00067
1329.0,2026-07-02T15:11:50.864,3,220.744,343.07,7.2,0.0,0.0,TURNING_AROUND,dump_zone_2,load_zone_1,0.000255,0.000683
1330.0,2026-07-02T15:11:53.180,1,200.204,280.465,0.0,-0.5,1000.0,RETURNING_TO_START,load_zone_1,dump_zone_1,0.00025,0.00067
1330.0,2026-07-02T15:11:53.180,2,697.434,-143.896,20.859,-0.5,0.0,GOING_TO_ENDPOINT,dump_zone_3,load_zone_26,0.00025,0.00067
1330.0,2026-07-02T15:11:53.180,3,222.723,343.11,7.2,0.0,0.0,TURNING_AROUND,dump_zone_2,load_zone_1,0.000255,0.000683
1331.0,2026-07-02T15:11:55.424,1,200.204,280.465,0.0,-0.5,1000.0,RETURNING_TO_START,load_zone_1,dump_zone_1,0.00025,0.00067
1331.0,2026-07-02T15:11:55.424,2,701.243,-147.889,19.059,-0.5,0.0,GOING_TO_ENDPOINT,dump_zone_3,load_zone_26,0.00025,0.00067
1331.0,2026-07-02T15:11:55.424,3,222.761,343.288,5.4,0.0,0.0,TURNING_AROUND,dump_zone_2,load_zone_1,0.000253,0.000678
1332.0,2026-07-02T15:11:58.391,1,200.204,280.465,0.0,-0.5,1000.0,RETURNING_TO_START,load_zone_1,dump_zone_1,0.00025,0.00067
1332.0,2026-07-02T15:11:58.391,2,703.293,-152.352,17.284,-0.4167,0.0,GOING_TO_ENDPOINT,dump_zone_3,load_zone_26,0.00025,0.00067
1332.0,2026-07-02T15:11:58.391,3,222.963,342.753,7.2,0.0,0.0,TURNING_AROUND,dump_zone_2,load_zone_1,0.000255,0.000683
1333.0,2026-07-02T15:12:02.123,1,200.204,280.465,0.0,-0.5,1000.0,RETURNING_TO_START,load_zone_1,dump_zone_1,0.00025,0.00067
1333.0,2026-07-02T15:12:02.123,2,702.702,-157.1,17.734,0.5833,0.0,GOING_TO_ENDPOINT,dump_zone_3,load_zone_26,0.000295,0.000791
1333.0,2026-07-02T15:12:02.123,3,223.258,341.975,0.0,-0.0,0.0,GOING_TO_ENDPOINT,dump_zone_2,load_zone_1,0.00025,0.00067
1334.0,2026-07-02T15:12:05.748,1,200.204,280.465,0.0,-0.5,1000.0,RETURNING_TO_START,load_zone_1,dump_zone_1,0.00025,0.00067
1334.0,2026-07-02T15:12:05.748,2,702.503,-162.255,18.785,-0.1511,0.0,GOING_TO_ENDPOINT,dump_zone_3,load_zone_26,0.000253,0.000678
1334.0,2026-07-02T15:12:05.748,3,223.262,341.764,1.95,1.0,0.0,GOING_TO_ENDPOINT,dump_zone_2,load_zone_1,0.000258,0.000691
1335.0,2026-07-02T15:12:09.053,1,200.204,280.465,0.0,-0.5,1000.0,RETURNING_TO_START,load_zone_1,dump_zone_1,0.00025,0.00067
1335.0,2026-07-02T15:12:09.053,2,702.496,-167.252,17.212,-0.5,0.0,GOING_TO_ENDPOINT,dump_zone_3,load_zone_26,0.00025,0.00067
1335.0,2026-07-02T15:12:09.053,3,223.271,340.681,5.55,1.0,0.0,GOING_TO_ENDPOINT,dump_zone_2,load_zone_1,0.000271,0.000726
1336.0,2026-07-02T15:12:12.819,1,200.204,280.465,0.0,-0.5,1000.0,RETURNING_TO_START,load_zone_1,dump_zone_1,0.00025,0.00067
1336.0,2026-07-02T15:12:12.819,2,702.5,-171.762,15.412,-0.5,0.0,GOING_TO_ENDPOINT,dump_zone_3,load_zone_26,0.00025,0.00067
1336.0,2026-07-02T15:12:12.819,3,223.169,338.6,9.15,1.0,0.0,GOING_TO_ENDPOINT,dump_zone_2,load_zone_1,0.000285,0.000764
1337.0,2026-07-02T15:12:17.474,1,200.204,280.465,0.0,-0.5,1000.0,RETURNING_TO_START,load_zone_1,dump_zone_1,0.00025,0.00067
1337.0,2026-07-02T15:12:17.474,2,702.5,-175.799,13.975,-0.25,0.0,GOING_TO_ENDPOINT,dump_zone_3,load_zone_26,0.00025,0.00067
1337.0,2026-07-02T15:12:17.474,3,223.005,335.522,12.75,1.0,0.0,GOING_TO_ENDPOINT,dump_zone_2,load_zone_1,0.000299,0.000801
1338.0,2026-07-02T15:12:22.071,1,200.204,280.465,0.0,-0.5,1000.0,RETURNING_TO_START,load_zone_1,dump_zone_1,0.00025,0.00067
1338.0,2026-07-02T15:12:22.071,2,702.5,-179.433,12.289,-0.5,0.0,GOING_TO_ENDPOINT,dump_zone_3,load_zone_26,0.00025,0.00067
1338.0,2026-07-02T15:12:22.071,3,223.079,331.536,15.225,0.25,0.0,GOING_TO_ENDPOINT,dump_zone_2,load_zone_1,0.000272,0.000729
1339.0,2026-07-02T15:12:26.027,1,200.204,280.465,0.0,-0.5,1000.0,RETURNING_TO_START,load_zone_1,dump_zone_1,0.00025,0.00067
1339.0,2026-07-02T15:12:26.027,2,702.5,-182.587,10.633,-0.4791,0.0,GOING_TO_ENDPOINT,dump_zone_3,load_zone_26,0.00025,0.00067
1339.0,2026-07-02T15:12:26.027,3,223.204,327.378,14.325,-0.5,0.0,GOING_TO_ENDPOINT,dump_zone_2,load_zone_1,0.00025,0.00067
1340.0,2026-07-02T15:12:30.774,1,200.204,280.465,0.0,-0.5,1000.0,RETURNING_TO_START,load_zone_1,dump_zone_1,0.00025,0.00067
1340.0,2026-07-02T15:12:30.774,2,702.5,-185.307,9.233,-0.4167,0.0,GOING_TO_ENDPOINT,dump_zone_3,load_zone_26,0.00025,0.00067
1340.0,2026-07-02T15:12:30.774,3,223.1,323.672,12.525,-0.5,0.0,GOING_TO_ENDPOINT,dump_zone_2,load_zone_1,0.00025,0.00067
1341.0,2026-07-02T15:12:35.822,1,200.204,280.465,0.0,-0.5,1000.0,RETURNING_TO_START,load_zone_1,dump_zone_1,0.00025,0.00067
1341.0,2026-07-02T15:12:35.822,2,702.5,-187.601,7.433,-0.5,0.0,GOING_TO_ENDPOINT,dump_zone_3,load_zone_26,0.00025,0.00067
1341.0,2026-07-02T15:12:35.822,3,222.614,320.49,10.825,-0.5,0.0,GOING_TO_ENDPOINT,dump_zone_2,load_zone_1,0.00025,0.00067
1342.0,2026-07-02T15:12:41.394,1,200.204,280.465,0.0,-0.5,1000.0,RETURNING_TO_START,load_zone_1,dump_zone_1,0.00025,0.00067
1342.0,2026-07-02T15:12:41.394,2,702.468,-189.393,5.633,-0.5,0.0,GOING_TO_ENDPOINT,dump_zone_3,load_zone_26,0.00025,0.00067
1342.0,2026-07-02T15:12:41.394,3,221.62,317.856,9.661,-0.2974,0.0,GOING_TO_ENDPOINT,dump_zone_2,load_zone_1,0.00025,0.00067
1343.0,2026-07-02T15:12:46.287,1,200.204,280.465,0.0,-0.5,1000.0,RETURNING_TO_START,load_zone_1,dump_zone_1,0.00025,0.00067
1343.0,2026-07-02T15:12:46.287,2,702.591,-190.678,3.833,-0.5,0.0,GOING_TO_ENDPOINT,dump_zone_3,load_zone_26,0.00025,0.00067
1343.0,2026-07-02T15:12:46.287,3,220.054,315.762,9.246,-0.1302,0.0,GOING_TO_ENDPOINT,dump_zone_2,load_zone_1,0.000252,0.000675
1344.0,2026-07-02T15:12:50.443,1,200.204,280.465,0.0,-0.5,1000.0,RETURNING_TO_START,load_zone_1,dump_zone_1,0.00025,0.00067
1344.0,2026-07-02T15:12:50.443,2,702.856,-191.425,2.033,-0.5,0.0,LOADING,dump_zone_3,load_zone_26,0.00025,0.00067
1344.0,2026-07-02T15:12:50.443,3,218.107,314.181,9.028,0.2031,0.0,GOING_TO_ENDPOINT,dump_zone_2,load_zone_1,0.000262,0.000702
1345.0,2026-07-02T15:12:54.700,1,200.204,280.465,0.0,-0.5,1000.0,RETURNING_TO_START,load_zone_1,dump_zone_1,0.00025,0.00067
1345.0,2026-07-02T15:12:54.700,2,702.989,-191.686,0.233,-0.5,0.0,LOADING,dump_zone_3,load_zone_26,0.00025,0.00067
1345.0,2026-07-02T15:12:54.700,3,215.885,312.761,9.459,-0.2969,0.0,GOING_TO_ENDPOINT,dump_zone_2,load_zone_1,0.00025,0.00067
1346.0,2026-07-02T15:12:58.393,1,200.204,280.465,0.0,-0.5,1000.0,RETURNING_TO_START,load_zone_1,dump_zone_1,0.00025,0.00067
1346.0,2026-07-02T15:12:58.393,2,702.99,-191.688,0.0,-0.5,0.0,LOADING,dump_zone_3,load_zone_26,0.00025,0.00067
1346.0,2026-07-02T15:12:58.393,3,213.949,311.217,8.379,-0.3912,0.0,GOING_TO_ENDPOINT,dump_zone_2,load_zone_1,0.00025,0.00067
1347.0,2026-07-02T15:12:59.906,1,200.204,280.465,0.0,-0.5,1000.0,RETURNING_TO_START,load_zone_1,dump_zone_1,0.00025,0.00067
1347.0,2026-07-02T15:12:59.906,2,703.966,-192.815,7.2,0.0,1000.0,TURNING_AROUND,load_zone_26,dump_zone_3,0.000258,0.000691
1347.0,2026-07-02T15:12:59.906,3,212.583,309.524,7.671,0.1088,0.0,GOING_TO_ENDPOINT,dump_zone_2,load_zone_1,0.000258,0.000691
1348.0,2026-07-02T15:13:00.882,1,200.204,280.465,0.0,-0.5,1000.0,RETURNING_TO_START,load_zone_1,dump_zone_1,0.00025,0.00067
1348.0,2026-07-02T15:13:00.882,2,705.204,-193.496,5.4,0.0,1000.0,TURNING_AROUND,load_zone_26,dump_zone_3,0.000256,0.000686
1348.0,2026-07-02T15:13:00.882,3,211.448,307.412,9.972,1.0,0.0,GOING_TO_ENDPOINT,dump_zone_2,load_zone_1,0.000289,0.000775
1349.0,2026-07-02T15:13:03.822,1,200.204,280.465,0.0,-0.5,1000.0,RETURNING_TO_START,load_zone_1,dump_zone_1,0.00025,0.00067
1349.0,2026-07-02T15:13:03.822,2,704.289,-193.393,7.2,0.0,1000.0,TURNING_AROUND,load_zone_26,dump_zone_3,0.000258,0.000691
1349.0,2026-07-02T15:13:03.822,3,210.232,304.333,13.572,1.0,0.0,GOING_TO_ENDPOINT,dump_zone_2,load_zone_1,0.000302,0.000809
1350.0,2026-07-02T15:13:06.552,1,200.204,280.465,0.0,-0.5,1000.0,RETURNING_TO_START,load_zone_1,dump_zone_1,0.00025,0.00067
1350.0,2026-07-02T15:13:06.552,2,706.067,-192.522,7.2,0.0,1000.0,TURNING_AROUND,load_zone_26,dump_zone_3,0.000258,0.000691
1350.0,2026-07-02T15:13:06.552,3,208.889,300.287,16.472,0.4167,0.0,GOING_TO_ENDPOINT,dump_zone_2,load_zone_1,0.000283,0.000758
1351.0,2026-07-02T15:13:09.225,1,200.204,280.465,0.0,-0.5,1000.0,RETURNING_TO_START,load_zone_1,dump_zone_1,0.00025,0.00067
1351.0,2026-07-02T15:13:09.225,2,706.182,-192.662,5.4,0.0,1000.0,TURNING_AROUND,load_zone_26,dump_zone_3,0.000256,0.000686
1351.0,2026-07-02T15:13:09.225,3,207.482,295.917,16.047,-0.5,0.0,GOING_TO_ENDPOINT,dump_zone_2,load_zone_1,0.00025,0.00067
1352.0,2026-07-02T15:13:12.739,1,200.204,280.465,0.0,-0.5,1000.0,RETURNING_TO_START,load_zone_1,dump_zone_1,0.00025,0.00067
1352.0,2026-07-02T15:13:12.739,2,706.002,-193.085,0.0,-0.0833,1000.0,RETURNING_TO_START,load_zone_26,dump_zone_3,0.00025,0.00067
1352.0,2026-07-02T15:13:12.739,3,206.222,291.924,14.247,-0.5,0.0,GOING_TO_ENDPOINT,dump_zone_2,load_zone_1,0.00025,0.00067
1353.0,2026-07-02T15:13:17.886,1,200.204,280.465,0.0,-0.5,1000.0,RETURNING_TO_START,load_zone_1,dump_zone_1,0.00025,0.00067
1353.0,2026-07-02T15:13:17.886,2,705.999,-192.919,1.65,0.9167,1000.0,RETURNING_TO_START,load_zone_26,dump_zone_3,0.00026,0.000697
1353.0,2026-07-02T15:13:17.886,3,204.867,288.449,13.097,-0.0833,0.0,GOING_TO_ENDPOINT,dump_zone_2,load_zone_1,0.000255,0.000683
1354.0,2026-07-02T15:13:24.564,1,200.204,280.465,0.0,-0.1976,1000.0,RETURNING_TO_START,load_zone_1,dump_zone_1,0.00025,0.00067
1354.0,2026-07-02T15:13:24.564,2,705.828,-191.937,5.25,1.0,1000.0,RETURNING_TO_START,load_zone_26,dump_zone_3,0.000284,0.000761
1354.0,2026-07-02T15:13:24.564,3,204.232,285.094,11.547,-0.5,0.0,GOING_TO_ENDPOINT,dump_zone_2,load_zone_1,0.00025,0.00067
1355.0,2026-07-02T15:13:32.448,1,200.204,280.465,0.0,-0.1109,1000.0,RETURNING_TO_START,load_zone_1,dump_zone_1,0.00025,0.00067
1355.0,2026-07-02T15:13:32.448,2,704.788,-190.251,8.85,1.0,1000.0,RETURNING_TO_START,load_zone_26,dump_zone_3,0.000307,0.000823
1355.0,2026-07-02T15:13:32.448,3,204.139,282.162,9.747,-0.5,0.0,GOING_TO_ENDPOINT,dump_zone_2,load_zone_1,0.00025,0.00067
1356.0,2026-07-02T15:13:40.270,1,200.266,280.475,0.646,0.1839,1000.0,RETURNING_TO_START,load_zone_1,dump_zone_1,0.000251,0.000673
1356.0,2026-07-02T15:13:40.270,2,702.582,-188.218,12.45,1.0,1000.0,RETURNING_TO_START,load_zone_26,dump_zone_3,0.00033,0.000884
1356.0,2026-07-02T15:13:40.270,3,204.188,279.726,7.947,-0.5,0.0,GOING_TO_ENDPOINT,dump_zone_2,load_zone_1,0.00025,0.00067
1357.0,2026-07-02T15:13:45.765,1,200.362,280.49,0.0,-0.5,1000.0,RETURNING_TO_START,load_zone_1,dump_zone_1,0.00025,0.00067
1357.0,2026-07-02T15:13:45.765,2,699.812,-185.344,16.05,1.0,1000.0,RETURNING_TO_START,load_zone_26,dump_zone_3,0.000353,0.000946
1357.0,2026-07-02T15:13:45.765,3,203.536,277.824,7.272,0.25,0.0,GOING_TO_ENDPOINT,dump_zone_2,load_zone_1,0.00026,0.000697
1358.0,2026-07-02T15:13:51.738,1,200.362,280.49,0.0,-0.5,1000.0,RETURNING_TO_START,load_zone_1,dump_zone_1,0.00025,0.00067
1358.0,2026-07-02T15:13:51.738,2,697.76,-180.877,19.142,0.5612,1000.0,RETURNING_TO_START,load_zone_26,dump_zone_3,0.000328,0.000879
1358.0,2026-07-02T15:13:51.738,3,201.74,276.348,9.947,0.9167,0.0,GOING_TO_ENDPOINT,dump_zone_2,load_zone_1,0.000286,0.000766
1359.0,2026-07-02T15:13:58.536,1,200.362,280.49,0.0,-0.5,1000.0,RETURNING_TO_START,load_zone_1,dump_zone_1,0.00025,0.00067
1359.0,2026-07-02T15:13:58.536,2,697.465,-175.482,19.212,-0.4388,1000.0,RETURNING_TO_START,load_zone_26,dump_zone_3,0.00025,0.00067
1359.0,2026-07-02T15:13:58.536,3,198.764,276.334,11.297,-0.0833,0.0,GOING_TO_ENDPOINT,dump_zone_2,load_zone_1,0.000254,0.000681
1360.0,2026-07-02T15:14:03.844,1,200.362,280.49,0.0,-0.25,1000.0,RETURNING_TO_START,load_zone_1,dump_zone_1,0.00025,0.00067
1360.0,2026-07-02T15:14:03.844,2,697.493,-170.416,17.412,-0.5,1000.0,RETURNING_TO_START,load_zone_26,dump_zone_3,0.00025,0.00067
1360.0,2026-07-02T15:14:03.844,3,196.175,277.802,10.447,0.0833,0.0,GOING_TO_ENDPOINT,dump_zone_2,load_zone_1,0.000259,0.000694
1361.0,2026-07-02T15:14:09.193,1,200.371,280.491,0.0,-0.4167,1000.0,RETURNING_TO_START,load_zone_1,dump_zone_1,0.00025,0.00067
1361.0,2026-07-02T15:14:09.193,2,697.501,-165.85,15.612,-0.5,1000.0,RETURNING_TO_START,load_zone_26,dump_zone_3,0.00025,0.00067
1361.0,2026-07-02T15:14:09.193,3,193.431,279.28,11.947,0.25,0.0,GOING_TO_ENDPOINT,dump_zone_2,load_zone_1,0.000267,0.000716
1362.0,2026-07-02T15:14:14.697,1,200.371,280.491,0.0,-0.5,1000.0,RETURNING_TO_START,load_zone_1,dump_zone_1,0.00025,0.00067
1362.0,2026-07-02T15:14:14.697,2,697.5,-161.771,13.879,-0.5,1000.0,RETURNING_TO_START,load_zone_26,dump_zone_3,0.00025,0.00067
1362.0,2026-07-02T15:14:14.697,3,190.127,279.853,12.25,-0.1653,0.0,GOING_TO_ENDPOINT,dump_zone_2,load_zone_1,0.000251,0.000673
1363.0,2026-07-02T15:14:19.734,1,200.371,280.491,0.0,-0.5,1000.0,RETURNING_TO_START,load_zone_1,dump_zone_1,0.00025,0.00067
1363.0,2026-07-02T15:14:19.734,2,697.5,-158.187,12.079,-0.5,1000.0,RETURNING_TO_START,load_zone_26,dump_zone_3,0.00025,0.00067
1363.0,2026-07-02T15:14:19.734,3,186.962,279.682,10.615,-0.4551,0.0,GOING_TO_ENDPOINT,dump_zone_2,load_zone_1,0.00025,0.00067
1364.0,2026-07-02T15:14:24.499,1,200.371,280.491,0.0,-0.5,1000.0,RETURNING_TO_START,load_zone_1,dump_zone_1,0.00025,0.00067
1364.0,2026-07-02T15:14:24.499,2,697.5,-155.103,10.279,-0.5,1000.0,RETURNING_TO_START,load_zone_26,dump_zone_3,0.00025,0.00067
1364.0,2026-07-02T15:14:24.499,3,184.334,279.161,8.853,-0.4167,0.0,GOING_TO_ENDPOINT,dump_zone_2,load_zone_1,0.00025,0.00067
1365.0,2026-07-02T15:14:29.469,1,200.371,280.491,0.0,-0.5,1000.0,RETURNING_TO_START,load_zone_1,dump_zone_1,0.00025,0.00067
1365.0,2026-07-02T15:14:29.469,2,697.5,-152.518,8.479,-0.5,1000.0,RETURNING_TO_START,load_zone_26,dump_zone_3,0.00025,0.00067
1365.0,2026-07-02T15:14:29.469,3,182.115,278.299,8.846,0.4371,0.0,GOING_TO_ENDPOINT,dump_zone_2,load_zone_1,0.000268,0.000718
1366.0,2026-07-02T15:14:33.892,1,200.371,280.491,0.0,-0.5,1000.0,RETURNING_TO_START,load_zone_1,dump_zone_1,0.00025,0.00067
1366.0,2026-07-02T15:14:33.892,2,697.207,-150.464,6.829,-0.25,1000.0,RETURNING_TO_START,load_zone_26,dump_zone_3,0.00025,0.00067
1366.0,2026-07-02T15:14:33.892,3,179.675,276.79,11.858,1.0,0.0,GOING_TO_ENDPOINT,dump_zone_2,load_zone_1,0.000296,0.000793
1367.0,2026-07-02T15:14:38.522,1,200.371,280.491,0.0,-0.5,1000.0,RETURNING_TO_START,load_zone_1,dump_zone_1,0.00025,0.00067
1367.0,2026-07-02T15:14:38.522,2,696.093,-148.854,7.879,0.75,1000.0,RETURNING_TO_START,load_zone_26,dump_zone_3,0.00029,0.000777
1367.0,2026-07-02T15:14:38.522,3,176.7,274.372,15.458,1.0,0.0,GOING_TO_ENDPOINT,dump_zone_2,load_zone_1,0.00031,0.000831
1368.0,2026-07-02T15:14:42.504,1,200.371,280.491,0.0,-0.5,1000.0,RETURNING_TO_START,load_zone_1,dump_zone_1,0.00025,0.00067
1368.0,2026-07-02T15:14:42.504,2,694.127,-146.989,11.404,1.0,1000.0,RETURNING_TO_START,load_zone_26,dump_zone_3,0.000324,0.000868
1368.0,2026-07-02T15:14:42.504,3,173.189,271.103,18.599,0.5968,0.0,GOING_TO_ENDPOINT,dump_zone_2,load_zone_1,0.000298,0.000799
1369.0,2026-07-02T15:14:45.747,1,200.371,280.491,0.0,-0.5,1000.0,RETURNING_TO_START,load_zone_1,dump_zone_1,0.00025,0.00067
1369.0,2026-07-02T15:14:45.747,2,691.353,-144.527,15.004,1.0,1000.0,RETURNING_TO_START,load_zone_26,dump_zone_3,0.000347,0.00093
1369.0,2026-07-02T15:14:45.747,3,169.456,267.371,18.797,-0.4032,0.0,GOING_TO_ENDPOINT,dump_zone_2,load_zone_1,0.00025,0.00067
1370.0,2026-07-02T15:14:51.383,1,200.371,280.491,0.0,-0.5,1000.0,RETURNING_TO_START,load_zone_1,dump_zone_1,0.00025,0.00067
1370.0,2026-07-02T15:14:51.383,2,687.877,-141.351,18.604,1.0,1000.0,RETURNING_TO_START,load_zone_26,dump_zone_3,0.00037,0.000992
1370.0,2026-07-02T15:14:51.383,3,166.04,263.786,17.001,-0.5,0.0,GOING_TO_ENDPOINT,dump_zone_2,load_zone_1,0.00025,0.00067
1371.0,2026-07-02T15:14:56.948,1,200.371,280.491,0.0,-0.5,1000.0,RETURNING_TO_START,load_zone_1,dump_zone_1,0.00025,0.00067
1371.0,2026-07-02T15:14:56.948,2,683.812,-137.349,22.054,0.75,1000.0,RETURNING_TO_START,load_zone_26,dump_zone_3,0.000362,0.00097
1371.0,2026-07-02T15:14:56.948,3,163.003,260.506,15.301,-0.5,0.0,GOING_TO_ENDPOINT,dump_zone_2,load_zone_1,0.00025,0.00067
1372.0,2026-07-02T15:15:02.486,1,200.371,280.491,0.0,-0.5,1000.0,RETURNING_TO_START,load_zone_1,dump_zone_1,0.00025,0.00067
1372.0,2026-07-02T15:15:02.486,2,679.228,-132.764,24.07,0.1727,1000.0,RETURNING_TO_START,load_zone_26,dump_zone_3,0.000298,0.000799
1372.0,2026-07-02T15:15:02.486,3,160.322,257.564,13.526,-0.4167,0.0,GOING_TO_ENDPOINT,dump_zone_2,load_zone_1,0.00025,0.00067
1373.0,2026-07-02T15:15:06.595,1,200.371,280.491,0.0,-0.5,1000.0,RETURNING_TO_START,load_zone_1,dump_zone_1,0.00025,0.00067
1373.0,2026-07-02T15:15:06.595,2,674.575,-128.11,22.985,-0.5,1000.0,RETURNING_TO_START,load_zone_26,dump_zone_3,0.00025,0.00067
1373.0,2026-07-02T15:15:06.595,3,157.97,254.963,11.801,-0.5,0.0,GOING_TO_ENDPOINT,dump_zone_2,load_zone_1,0.00025,0.00067
1374.0,2026-07-02T15:15:09.457,1,200.371,280.491,0.0,-0.5,1000.0,RETURNING_TO_START,load_zone_1,dump_zone_1,0.00025,0.00067
1374.0,2026-07-02T15:15:09.457,2,670.252,-123.787,21.185,-0.5,1000.0,RETURNING_TO_START,load_zone_26,dump_zone_3,0.00025,0.00067
1374.0,2026-07-02T15:15:09.457,3,155.953,252.732,10.001,-0.5,0.0,GOING_TO_ENDPOINT,dump_zone_2,load_zone_1,0.00025,0.00067
1375.0,2026-07-02T15:15:15.478,1,200.371,280.491,0.0,-0.5,1000.0,RETURNING_TO_START,load_zone_1,dump_zone_1,0.00025,0.00067
1375.0,2026-07-02T15:15:15.478,2,666.282,-119.818,19.385,-0.5,1000.0,RETURNING_TO_START,load_zone_26,dump_zone_3,0.00025,0.00067
1375.0,2026-07-02T15:15:15.478,3,154.259,250.876,8.351,-0.25,0.0,GOING_TO_ENDPOINT,dump_zone_2,load_zone_1,0.00025,0.00067
1376.0,2026-07-02T15:15:19.445,1,200.371,280.491,0.0,-0.5,1000.0,RETURNING_TO_START,load_zone_1,dump_zone_1,0.00025,0.00067
1376.0,2026-07-02T15:15:19.445,2,662.666,-116.202,17.585,-0.5,1000.0,RETURNING_TO_START,load_zone_26,dump_zone_3,0.00025,0.00067
1376.0,2026-07-02T15:15:19.445,3,152.75,249.339,7.062,-0.4167,0.0,GOING_TO_ENDPOINT,dump_zone_2,load_zone_1,0.00025,0.00067
1377.0,2026-07-02T15:15:24.157,1,200.371,280.491,0.0,-0.5,1000.0,RETURNING_TO_START,load_zone_1,dump_zone_1,0.00025,0.00067
1377.0,2026-07-02T15:15:24.157,2,659.404,-112.94,15.785,-0.5,1000.0,RETURNING_TO_START,load_zone_26,dump_zone_3,0.00025,0.00067
1377.0,2026-07-02T15:15:24.157,3,151.265,248.298,6.57,0.2859,0.0,GOING_TO_ENDPOINT,dump_zone_2,load_zone_1,0.00026,0.000697
1378.0,2026-07-02T15:15:29.070,1,200.371,280.491,0.0,-0.5,1000.0,RETURNING_TO_START,load_zone_1,dump_zone_1,0.00025,0.00067
1378.0,2026-07-02T15:15:29.070,2,656.492,-110.027,14.094,-0.3863,1000.0,RETURNING_TO_START,load_zone_26,dump_zone_3,0.00025,0.00067
1378.0,2026-07-02T15:15:29.070,3,149.323,247.679,7.708,-0.0534,0.0,GOING_TO_ENDPOINT,dump_zone_2,load_zone_1,0.000254,0.000681
1379.0,2026-07-02T15:15:33.451,1,200.371,280.491,0.0,-0.5,1000.0,RETURNING_TO_START,load_zone_1,dump_zone_1,0.00025,0.00067
1379.0,2026-07-02T15:15:33.451,2,653.907,-107.442,12.337,-0.5,1000.0,RETURNING_TO_START,load_zone_26,dump_zone_3,0.00025,0.00067
1379.0,2026-07-02T15:15:33.451,3,147.246,247.425,7.816,0.4466,0.0,GOING_TO_ENDPOINT,dump_zone_2,load_zone_1,0.000266,0.000713
1380.0,2026-07-02T15:15:37.076,1,200.371,280.491,0.0,-0.5,1000.0,RETURNING_TO_START,load_zone_1,dump_zone_1,0.00025,0.00067
1380.0,2026-07-02T15:15:37.076,2,651.675,-105.21,10.537,-0.5,1000.0,RETURNING_TO_START,load_zone_26,dump_zone_3,0.00025,0.00067
1380.0,2026-07-02T15:15:37.076,3,144.649,247.347,10.945,1.0,0.0,GOING_TO_ENDPOINT,dump_zone_2,load_zone_1,0.000292,0.000783
1381.0,2026-07-02T15:15:40.459,1,200.371,280.491,0.0,-0.5,1000.0,RETURNING_TO_START,load_zone_1,dump_zone_1,0.00025,0.00067
1381.0,2026-07-02T15:15:40.459,2,649.801,-103.328,8.737,-0.5,1000.0,RETURNING_TO_START,load_zone_26,dump_zone_3,0.00025,0.00067
1381.0,2026-07-02T15:15:40.459,3,141.067,247.381,14.545,1.0,0.0,GOING_TO_ENDPOINT,dump_zone_2,load_zone_1,0.000306,0.00082
1382.0,2026-07-02T15:15:45.338,1,200.371,280.491,0.0,-0.5,1000.0,RETURNING_TO_START,load_zone_1,dump_zone_1,0.00025,0.00067
1382.0,2026-07-02T15:15:45.338,2,647.999,-102.169,7.087,-0.25,1000.0,RETURNING_TO_START,load_zone_26,dump_zone_3,0.00025,0.00067
1382.0,2026-07-02T15:15:45.338,3,136.486,247.472,18.145,1.0,0.0,GOING_TO_ENDPOINT,dump_zone_2,load_zone_1,0.00032,0.000858
1383.0,2026-07-02T15:15:49.800,1,200.371,280.491,0.0,-0.5,1000.0,RETURNING_TO_START,load_zone_1,dump_zone_1,0.00025,0.00067
1383.0,2026-07-02T15:15:49.800,2,645.979,-101.93,8.137,0.75,1000.0,RETURNING_TO_START,load_zone_26,dump_zone_3,0.000291,0.00078
1383.0,2026-07-02T15:15:49.800,3,131.07,247.502,20.095,0.0833,0.0,GOING_TO_ENDPOINT,dump_zone_2,load_zone_1,0.000268,0.000718
1384.0,2026-07-02T15:15:53.053,1,200.371,280.491,0.0,-0.5,1000.0,RETURNING_TO_START,load_zone_1,dump_zone_1,0.00025,0.00067
1384.0,2026-07-02T15:15:53.053,2,643.201,-102.063,11.662,1.0,1000.0,RETURNING_TO_START,load_zone_26,dump_zone_3,0.000325,0.000871
1384.0,2026-07-02T15:15:53.053,3,125.633,247.501,18.82,-0.5,0.0,GOING_TO_ENDPOINT,dump_zone_2,load_zone_1,0.00025,0.00067
1385.0,2026-07-02T15:15:56.732,1,200.371,280.491,0.0,-0.5,1000.0,RETURNING_TO_START,load_zone_1,dump_zone_1,0.00025,0.00067
1385.0,2026-07-02T15:15:56.732,2,639.428,-102.309,15.262,1.0,1000.0,RETURNING_TO_START,load_zone_26,dump_zone_3,0.000348,0.000933
1385.0,2026-07-02T15:15:56.732,3,120.676,247.5,17.02,-0.5,0.0,GOING_TO_ENDPOINT,dump_zone_2,load_zone_1,0.00025,0.00067
1386.0,2026-07-02T15:16:01.349,1,200.371,280.491,0.0,-0.5,1000.0,RETURNING_TO_START,load_zone_1,dump_zone_1,0.00025,0.00067
1386.0,2026-07-02T15:16:01.349,2,634.657,-102.484,18.712,0.75,1000.0,RETURNING_TO_START,load_zone_26,dump_zone_3,0.000345,0.000925
1386.0,2026-07-02T15:16:01.349,3,116.219,247.5,15.22,-0.5,0.0,GOING_TO_ENDPOINT,dump_zone_2,load_zone_1,0.00025,0.00067
1387.0,2026-07-02T15:16:06.285,1,200.371,280.491,0.0,-0.5,1000.0,RETURNING_TO_START,load_zone_1,dump_zone_1,0.00025,0.00067
1387.0,2026-07-02T15:16:06.285,2,629.263,-102.503,19.462,-0.25,1000.0,RETURNING_TO_START,load_zone_26,dump_zone_3,0.00025,0.00067
1387.0,2026-07-02T15:16:06.285,3,112.262,247.5,13.42,-0.5,0.0,GOING_TO_ENDPOINT,dump_zone_2,load_zone_1,0.00025,0.00067
1388.0,2026-07-02T15:16:11.100,1,200.371,280.491,0.0,-0.5,1000.0,RETURNING_TO_START,load_zone_1,dump_zone_1,0.00025,0.00067
1388.0,2026-07-02T15:16:11.100,2,624.108,-102.5,17.737,-0.5,1000.0,RETURNING_TO_START,load_zone_26,dump_zone_3,0.00025,0.00067
1388.0,2026-07-02T15:16:11.100,3,108.805,247.5,11.62,-0.5,0.0,GOING_TO_ENDPOINT,dump_zone_2,load_zone_1,0.00025,0.00067
1389.0,2026-07-02T15:16:15.775,1,200.371,280.491,0.0,-0.5,1000.0,RETURNING_TO_START,load_zone_1,dump_zone_1,0.00025,0.00067
1389.0,2026-07-02T15:16:15.775,2,619.452,-102.5,15.937,-0.5,1000.0,RETURNING_TO_START,load_zone_26,dump_zone_3,0.00025,0.00067
1389.0,2026-07-02T15:16:15.775,3,105.848,247.5,9.82,-0.5,0.0,GOING_TO_ENDPOINT,dump_zone_2,load_zone_1,0.00025,0.00067
1390.0,2026-07-02T15:16:21.511,1,200.371,280.491,0.0,-0.5,1000.0,RETURNING_TO_START,load_zone_1,dump_zone_1,0.00025,0.00067
1390.0,2026-07-02T15:16:21.511,2,615.295,-102.5,14.162,-0.4167,1000.0,RETURNING_TO_START,load_zone_26,dump_zone_3,0.00025,0.00067
1390.0,2026-07-02T15:16:21.511,3,103.391,247.501,8.02,-0.5,0.0,GOING_TO_ENDPOINT,dump_zone_2,load_zone_1,0.00025,0.00067
1391.0,2026-07-02T15:16:26.073,1,200.371,280.491,0.0,-0.5,1000.0,RETURNING_TO_START,load_zone_1,dump_zone_1,0.00025,0.00067
1391.0,2026-07-02T15:16:26.073,2,611.608,-102.5,12.525,-0.3466,1000.0,RETURNING_TO_START,load_zone_26,dump_zone_3,0.00025,0.00067
1391.0,2026-07-02T15:16:26.073,3,101.43,247.463,6.37,-0.25,0.0,GOING_TO_ENDPOINT,dump_zone_2,load_zone_1,0.00025,0.00067
1392.0,2026-07-02T15:16:29.927,1,200.371,280.491,0.0,-0.5,1000.0,RETURNING_TO_START,load_zone_1,dump_zone_1,0.00025,0.00067
1392.0,2026-07-02T15:16:29.927,2,608.337,-102.5,11.009,-0.5,1000.0,RETURNING_TO_START,load_zone_26,dump_zone_3,0.00025,0.00067
1392.0,2026-07-02T15:16:29.927,3,99.728,246.795,7.42,0.75,0.0,GOING_TO_ENDPOINT,dump_zone_2,load_zone_1,0.000273,0.000732
1393.0,2026-07-02T15:16:33.205,1,200.371,280.491,0.0,-0.5,1000.0,RETURNING_TO_START,load_zone_1,dump_zone_1,0.00025,0.00067
1393.0,2026-07-02T15:16:33.205,2,605.55,-102.5,9.209,-0.5,1000.0,RETURNING_TO_START,load_zone_26,dump_zone_3,0.00025,0.00067
1393.0,2026-07-02T15:16:33.205,3,98.222,244.754,10.945,1.0,0.0,GOING_TO_ENDPOINT,dump_zone_2,load_zone_1,0.000292,0.000783
1394.0,2026-07-02T15:16:39.190,1,200.371,280.491,0.0,-0.5,1000.0,RETURNING_TO_START,load_zone_1,dump_zone_1,0.00025,0.00067
1394.0,2026-07-02T15:16:39.190,2,603.244,-102.5,7.509,-0.5,1000.0,RETURNING_TO_START,load_zone_26,dump_zone_3,0.00025,0.00067
1394.0,2026-07-02T15:16:39.190,3,98.69,241.311,14.545,1.0,0.0,GOING_TO_ENDPOINT,dump_zone_2,load_zone_1,0.000306,0.00082
1395.0,2026-07-02T15:16:43.940,1,200.371,280.491,0.0,-0.5,1000.0,RETURNING_TO_START,load_zone_1,dump_zone_1,0.00025,0.00067
1395.0,2026-07-02T15:16:43.940,2,601.277,-102.396,7.125,0.0178,1000.0,RETURNING_TO_START,load_zone_26,dump_zone_3,0.000258,0.000691
1395.0,2026-07-02T15:16:43.940,3,101.098,237.418,18.145,1.0,0.0,GOING_TO_ENDPOINT,dump_zone_2,load_zone_1,0.00032,0.000858
1396.0,2026-07-02T15:16:48.926,1,200.371,280.491,0.0,-0.5,1000.0,RETURNING_TO_START,load_zone_1,dump_zone_1,0.00025,0.00067
1396.0,2026-07-02T15:16:48.926,2,599.423,-101.691,7.707,0.5784,1000.0,RETURNING_TO_START,load_zone_26,dump_zone_3,0.000282,0.000756
1396.0,2026-07-02T15:16:48.926,3,102.446,232.137,20.62,0.25,0.0,GOING_TO_ENDPOINT,dump_zone_2,load_zone_1,0.00028,0.00075
1397.0,2026-07-02T15:16:53.521,1,200.371,280.491,0.0,-0.5,1000.0,RETURNING_TO_START,load_zone_1,dump_zone_1,0.00025,0.00067
1397.0,2026-07-02T15:16:53.521,2,597.908,-99.776,9.49,0.0784,1000.0,RETURNING_TO_START,load_zone_26,dump_zone_3,0.000264,0.000708
1397.0,2026-07-02T15:16:53.521,3,102.527,226.481,19.72,-0.5,0.0,GOING_TO_ENDPOINT,dump_zone_2,load_zone_1,0.00025,0.00067
1398.0,2026-07-02T15:16:57.710,1,200.371,280.491,0.0,-0.5,1000.0,RETURNING_TO_START,load_zone_1,dump_zone_1,0.00025,0.00067
1398.0,2026-07-02T15:16:57.710,2,597.388,-97.275,9.222,0.2451,1000.0,RETURNING_TO_START,load_zone_26,dump_zone_3,0.000272,0.000729
1398.0,2026-07-02T15:16:57.710,3,102.504,221.274,17.92,-0.5,0.0,GOING_TO_ENDPOINT,dump_zone_2,load_zone_1,0.00025,0.00067
1399.0,2026-07-02T15:17:01.483,1,200.371,280.491,0.0,-0.5,1000.0,RETURNING_TO_START,load_zone_1,dump_zone_1,0.00025,0.00067
1399.0,2026-07-02T15:17:01.483,2,597.319,-94.377,11.909,1.0,1000.0,RETURNING_TO_START,load_zone_26,dump_zone_3,0.000327,0.000876
1399.0,2026-07-02T15:17:01.483,3,102.499,216.567,16.12,-0.5,0.0,GOING_TO_ENDPOINT,dump_zone_2,load_zone_1,0.00025,0.00067
1400.0,2026-07-02T15:17:04.852,1,200.371,280.491,0.0,-0.5,1000.0,RETURNING_TO_START,load_zone_1,dump_zone_1,0.00025,0.00067
1400.0,2026-07-02T15:17:04.852,2,597.395,-90.528,15.509,1.0,1000.0,RETURNING_TO_START,load_zone_26,dump_zone_3,0.00035,0.000938
1400.0,2026-07-02T15:17:04.852,3,102.5,212.36,14.32,-0.5,0.0,GOING_TO_ENDPOINT,dump_zone_2,load_zone_1,0.00025,0.00067
1401.0,2026-07-02T15:17:09.409,1,200.371,280.491,0.0,-0.5,1000.0,RETURNING_TO_START,load_zone_1,dump_zone_1,0.00025,0.00067
1401.0,2026-07-02T15:17:09.409,2,597.484,-85.679,19.109,1.0,1000.0,RETURNING_TO_START,load_zone_26,dump_zone_3,0.000373,0.001
1401.0,2026-07-02T15:17:09.409,3,102.5,208.653,12.52,-0.5,0.0,GOING_TO_ENDPOINT,dump_zone_2,load_zone_1,0.00025,0.00067
1402.0,2026-07-02T15:17:13.944,1,200.371,280.491,0.0,-0.5,1000.0,RETURNING_TO_START,load_zone_1,dump_zone_1,0.00025,0.00067
1402.0,2026-07-02T15:17:13.944,2,597.501,-79.85,22.334,0.5833,1000.0,RETURNING_TO_START,load_zone_26,dump_zone_3,0.000344,0.000922
1402.0,2026-07-02T15:17:13.944,3,102.5,205.447,10.72,-0.5,0.0,GOING_TO_ENDPOINT,dump_zone_2,load_zone_1,0.00025,0.00067
1403.0,2026-07-02T15:17:19.251,1,200.371,280.491,0.0,-0.5,1000.0,RETURNING_TO_START,load_zone_1,dump_zone_1,0.00025,0.00067
1403.0,2026-07-02T15:17:19.251,2,597.5,-73.53,22.734,-0.0833,1000.0,RETURNING_TO_START,load_zone_26,dump_zone_3,0.000264,0.000708
1403.0,2026-07-02T15:17:19.251,3,102.498,202.74,8.92,-0.5,0.0,GOING_TO_ENDPOINT,dump_zone_2,load_zone_1,0.00025,0.00067
1404.0,2026-07-02T15:17:25.187,1,200.371,280.491,0.0,-0.5,1000.0,RETURNING_TO_START,load_zone_1,dump_zone_1,0.00025,0.00067
1404.0,2026-07-02T15:17:25.187,2,597.5,-67.18,23.034,-0.0833,1000.0,RETURNING_TO_START,load_zone_26,dump_zone_3,0.000264,0.000708
1404.0,2026-07-02T15:17:25.187,3,102.355,200.495,7.595,-0.0833,0.0,GOING_TO_ENDPOINT,dump_zone_2,load_zone_1,0.000253,0.000678
1405.0,2026-07-02T15:17:30.616,1,200.371,280.491,0.0,-0.5,1000.0,RETURNING_TO_START,load_zone_1,dump_zone_1,0.00025,0.00067
1405.0,2026-07-02T15:17:30.616,2,597.5,-60.937,21.901,-0.25,1000.0,RETURNING_TO_START,load_zone_26,dump_zone_3,0.00025,0.00067
1405.0,2026-07-02T15:17:30.616,3,101.754,198.378,8.166,-0.0852,0.0,GOING_TO_ENDPOINT,dump_zone_2,load_zone_1,0.000253,0.000678
1406.0,2026-07-02T15:17:35.029,1,200.371,280.491,0.0,-0.5,1000.0,RETURNING_TO_START,load_zone_1,dump_zone_1,0.00025,0.00067
1406.0,2026-07-02T15:17:35.029,2,597.5,-54.837,22.251,0.25,1000.0,RETURNING_TO_START,load_zone_26,dump_zone_3,0.000303,0.000812
1406.0,2026-07-02T15:17:35.029,3,100.801,196.394,8.16,0.4148,0.0,GOING_TO_ENDPOINT,dump_zone_2,load_zone_1,0.000266,0.000713
1407.0,2026-07-02T15:17:39.262,1,200.371,280.491,0.0,-0.5,1000.0,RETURNING_TO_START,load_zone_1,dump_zone_1,0.00025,0.00067
1407.0,2026-07-02T15:17:39.262,2,597.5,-48.551,23.001,0.4167,1000.0,RETURNING_TO_START,load_zone_26,dump_zone_3,0.000326,0.000874
1407.0,2026-07-02T15:17:39.262,3,99.488,194.055,11.231,1.0,0.0,GOING_TO_ENDPOINT,dump_zone_2,load_zone_1,0.000293,0.000785
1408.0,2026-07-02T15:17:43.878,1,200.371,280.491,0.0,-0.5,1000.0,RETURNING_TO_START,load_zone_1,dump_zone_1,0.00025,0.00067
1408.0,2026-07-02T15:17:43.878,2,597.5,-42.056,23.169,-0.3864,1000.0,RETURNING_TO_START,load_zone_26,dump_zone_3,0.00025,0.00067
1408.0,2026-07-02T15:17:43.878,3,97.566,190.939,14.831,1.0,0.0,GOING_TO_ENDPOINT,dump_zone_2,load_zone_1,0.000307,0.000823
1409.0,2026-07-02T15:17:49.222,1,200.371,280.491,0.0,-0.5,1000.0,RETURNING_TO_START,load_zone_1,dump_zone_1,0.00025,0.00067
1409.0,2026-07-02T15:17:49.222,2,597.5,-35.749,22.378,-0.3864,1000.0,RETURNING_TO_START,load_zone_26,dump_zone_3,0.00025,0.00067
1409.0,2026-07-02T15:17:49.222,3,95.151,187.056,17.371,0.277,0.0,GOING_TO_ENDPOINT,dump_zone_2,load_zone_1,0.000277,0.000742
1410.0,2026-07-02T15:17:54.791,1,200.371,280.491,0.0,-0.5,1000.0,RETURNING_TO_START,load_zone_1,dump_zone_1,0.00025,0.00067
1410.0,2026-07-02T15:17:54.791,2,597.5,-29.597,22.507,0.4944,1000.0,RETURNING_TO_START,load_zone_26,dump_zone_3,0.000334,0.000895
1410.0,2026-07-02T15:17:54.791,3,92.686,182.974,16.544,-0.5,0.0,GOING_TO_ENDPOINT,dump_zone_2,load_zone_1,0.00025,0.00067
1411.0,2026-07-02T15:17:59.668,1,200.371,280.491,0.0,-0.5,1000.0,RETURNING_TO_START,load_zone_1,dump_zone_1,0.00025,0.00067
1411.0,2026-07-02T15:17:59.668,2,597.5,-23.187,23.187,-0.0056,1000.0,RETURNING_TO_START,load_zone_26,dump_zone_3,0.000274,0.000734
1411.0,2026-07-02T15:17:59.668,3,90.461,179.266,14.744,-0.5,0.0,GOING_TO_ENDPOINT,dump_zone_2,load_zone_1,0.00025,0.00067
1412.0,2026-07-02T15:18:04.392,1,200.371,280.491,0.0,-0.5,1000.0,RETURNING_TO_START,load_zone_1,dump_zone_1,0.00025,0.00067
1412.0,2026-07-02T15:18:04.392,2,597.5,-16.862,22.617,0.1611,1000.0,RETURNING_TO_START,load_zone_26,dump_zone_3,0.000294,0.000788
1412.0,2026-07-02T15:18:04.392,3,88.492,175.987,12.944,-0.5,0.0,GOING_TO_ENDPOINT,dump_zone_2,load_zone_1,0.00025,0.00067
1413.0,2026-07-02T15:18:08.669,1,200.371,280.491,0.0,-0.5,1000.0,RETURNING_TO_START,load_zone_1,dump_zone_1,0.00025,0.00067
1413.0,2026-07-02T15:18:08.669,2,597.5,-10.358,24.272,0.4388,1000.0,RETURNING_TO_START,load_zone_26,dump_zone_3,0.000333,0.000892
1413.0,2026-07-02T15:18:08.669,3,86.78,173.137,11.144,-0.5,0.0,GOING_TO_ENDPOINT,dump_zone_2,load_zone_1,0.00025,0.00067
1414.0,2026-07-02T15:18:12.650,1,200.371,280.491,0.0,-0.5,1000.0,RETURNING_TO_START,load_zone_1,dump_zone_1,0.00025,0.00067
1414.0,2026-07-02T15:18:12.650,2,597.5,-3.588,23.92,-0.5,1000.0,RETURNING_TO_START,load_zone_26,dump_zone_3,0.00025,0.00067
1414.0,2026-07-02T15:18:12.650,3,85.258,170.753,9.444,-0.4167,0.0,GOING_TO_ENDPOINT,dump_zone_2,load_zone_1,0.00025,0.00067
1415.0,2026-07-02T15:18:17.912,1,200.371,280.491,0.0,-0.5,1000.0,RETURNING_TO_START,load_zone_1,dump_zone_1,0.00025,0.00067
1415.0,2026-07-02T15:18:17.912,2,597.5,2.834,22.82,0.0833,1000.0,RETURNING_TO_START,load_zone_26,dump_zone_3,0.000284,0.000761
1415.0,2026-07-02T15:18:17.912,3,83.604,169.087,7.644,-0.5,0.0,GOING_TO_ENDPOINT,dump_zone_2,load_zone_1,0.00025,0.00067
1416.0,2026-07-02T15:18:22.642,1,200.371,280.491,0.0,-0.5,1000.0,RETURNING_TO_START,load_zone_1,dump_zone_1,0.00025,0.00067
1416.0,2026-07-02T15:18:22.642,2,597.5,9.351,24.0,0.3204,1000.0,RETURNING_TO_START,load_zone_26,dump_zone_3,0.000317,0.00085
1416.0,2026-07-02T15:18:22.642,3,82.171,167.918,5.844,-0.5,0.0,GOING_TO_ENDPOINT,dump_zone_2,load_zone_1,0.00025,0.00067
1417.0,2026-07-02T15:18:26.255,1,200.371,280.491,0.0,-0.5,1000.0,RETURNING_TO_START,load_zone_1,dump_zone_1,0.00025,0.00067
1417.0,2026-07-02T15:18:26.255,2,597.5,16.091,24.211,-0.2468,1000.0,RETURNING_TO_START,load_zone_26,dump_zone_3,0.00025,0.00067
1417.0,2026-07-02T15:18:26.255,3,81.441,166.788,4.044,-0.5,0.0,GOING_TO_ENDPOINT,dump_zone_2,load_zone_1,0.00025,0.00067
1418.0,2026-07-02T15:18:30.325,1,200.371,280.491,0.0,-0.5,1000.0,RETURNING_TO_START,load_zone_1,dump_zone_1,0.00025,0.00067
1418.0,2026-07-02T15:18:30.325,2,597.5,22.6,23.017,-0.0104,1000.0,RETURNING_TO_START,load_zone_26,dump_zone_3,0.000273,0.000732
1418.0,2026-07-02T15:18:30.325,3,81.183,165.955,2.619,-0.0833,0.0,GOING_TO_ENDPOINT,dump_zone_2,load_zone_1,0.000251,0.000673
1419.0,2026-07-02T15:18:34.281,1,200.371,280.491,0.0,-0.5,1000.0,RETURNING_TO_START,load_zone_1,dump_zone_1,0.00025,0.00067
1419.0,2026-07-02T15:18:34.281,2,597.5,29.02,22.98,-0.0104,1000.0,RETURNING_TO_START,load_zone_26,dump_zone_3,0.000273,0.000732
1419.0,2026-07-02T15:18:34.281,3,81.113,165.067,4.269,0.9167,0.0,GOING_TO_ENDPOINT,dump_zone_2,load_zone_1,0.000265,0.00071
1420.0,2026-07-02T15:18:39.543,1,200.371,280.491,0.0,-0.5,1000.0,RETURNING_TO_START,load_zone_1,dump_zone_1,0.00025,0.00067
1420.0,2026-07-02T15:18:39.543,2,597.5,35.463,23.078,-0.2615,1000.0,RETURNING_TO_START,load_zone_26,dump_zone_3,0.00025,0.00067
1420.0,2026-07-02T15:18:39.543,3,81.488,163.394,7.719,0.75,0.0,GOING_TO_ENDPOINT,dump_zone_2,load_zone_1,0.000274,0.000734
1421.0,2026-07-02T15:18:42.914,1,200.371,280.491,0.0,-0.5,1000.0,RETURNING_TO_START,load_zone_1,dump_zone_1,0.00025,0.00067
1421.0,2026-07-02T15:18:42.914,2,597.5,41.793,22.715,0.1603,1000.0,RETURNING_TO_START,load_zone_26,dump_zone_3,0.000294,0.000788
1421.0,2026-07-02T15:18:42.914,3,82.183,161.162,8.469,-0.25,0.0,GOING_TO_ENDPOINT,dump_zone_2,load_zone_1,0.00025,0.00067
1422.0,2026-07-02T15:18:47.293,1,200.371,280.491,0.0,-0.5,1000.0,RETURNING_TO_START,load_zone_1,dump_zone_1,0.00025,0.00067
1422.0,2026-07-02T15:18:47.293,2,597.5,48.249,23.701,0.3561,1000.0,RETURNING_TO_START,load_zone_26,dump_zone_3,0.000321,0.00086
1422.0,2026-07-02T15:18:47.293,3,82.442,159.079,6.744,-0.5,0.0,GOING_TO_ENDPOINT,dump_zone_2,load_zone_1,0.00025,0.00067
1423.0,2026-07-02T15:18:51.555,1,200.371,280.491,0.0,-0.5,1000.0,RETURNING_TO_START,load_zone_1,dump_zone_1,0.00025,0.00067
1423.0,2026-07-02T15:18:51.555,2,597.5,55.011,24.833,0.1061,1000.0,RETURNING_TO_START,load_zone_26,dump_zone_3,0.00029,0.000777
1423.0,2026-07-02T15:18:51.555,3,83.053,157.609,4.944,-0.5,0.0,GOING_TO_ENDPOINT,dump_zone_2,load_zone_1,0.00025,0.00067
1424.0,2026-07-02T15:18:56.285,1,200.371,280.491,0.0,-0.5,1000.0,RETURNING_TO_START,load_zone_1,dump_zone_1,0.00025,0.00067
1424.0,2026-07-02T15:18:56.285,2,597.5,61.773,23.606,-0.5,1000.0,RETURNING_TO_START,load_zone_26,dump_zone_3,0.00025,0.00067
1424.0,2026-07-02T15:18:56.285,3,83.783,156.787,3.144,-0.5,0.0,LOADING,dump_zone_2,load_zone_1,0.00025,0.00067
1425.0,2026-07-02T15:19:02.032,1,200.371,280.491,0.0,-0.5,1000.0,RETURNING_TO_START,load_zone_1,dump_zone_1,0.00025,0.00067
1425.0,2026-07-02T15:19:02.032,2,597.5,68.132,22.606,0.0833,1000.0,RETURNING_TO_START,load_zone_26,dump_zone_3,0.000284,0.000761
1425.0,2026-07-02T15:19:02.032,3,84.262,156.423,1.344,-0.5,0.0,LOADING,dump_zone_2,load_zone_1,0.00025,0.00067
1426.0,2026-07-02T15:19:07.274,1,200.371,280.491,0.0,-0.5,1000.0,RETURNING_TO_START,load_zone_1,dump_zone_1,0.00025,0.00067
1426.0,2026-07-02T15:19:07.274,2,597.5,74.58,23.748,0.2762,1000.0,RETURNING_TO_START,load_zone_26,dump_zone_3,0.00031,0.000831
1426.0,2026-07-02T15:19:07.274,3,84.364,156.352,0.0,-0.5,0.0,LOADING,dump_zone_2,load_zone_1,0.00025,0.00067
1427.0,2026-07-02T15:19:12.129,1,200.371,280.491,0.0,-0.5,1000.0,RETURNING_TO_START,load_zone_1,dump_zone_1,0.00025,0.00067
1427.0,2026-07-02T15:19:12.129,2,597.5,81.222,23.704,-0.1208,1000.0,RETURNING_TO_START,load_zone_26,dump_zone_3,0.00026,0.000697
1427.0,2026-07-02T15:19:12.129,3,84.649,156.179,7.2,0.0,1000.0,TURNING_AROUND,load_zone_1,dump_zone_2,0.000258,0.000691
1428.0,2026-07-02T15:19:15.028,1,200.371,280.491,0.0,-0.5,1000.0,RETURNING_TO_START,load_zone_1,dump_zone_1,0.00025,0.00067
1428.0,2026-07-02T15:19:15.028,2,597.5,87.857,23.922,-0.132,1000.0,RETURNING_TO_START,load_zone_26,dump_zone_3,0.000258,0.000691
1428.0,2026-07-02T15:19:15.028,3,86.565,155.685,7.2,0.0,1000.0,TURNING_AROUND,load_zone_1,dump_zone_2,0.000258,0.000691
1429.0,2026-07-02T15:19:18.603,1,200.371,280.491,0.0,-0.5,1000.0,RETURNING_TO_START,load_zone_1,dump_zone_1,0.00025,0.00067
1429.0,2026-07-02T15:19:18.603,2,597.5,94.322,22.802,-0.0833,1000.0,RETURNING_TO_START,load_zone_26,dump_zone_3,0.000264,0.000708
1429.0,2026-07-02T15:19:18.603,3,86.561,155.503,5.4,0.0,1000.0,TURNING_AROUND,load_zone_1,dump_zone_2,0.000256,0.000686
1430.0,2026-07-02T15:19:22.187,1,200.371,280.491,0.0,-0.5,1000.0,RETURNING_TO_START,load_zone_1,dump_zone_1,0.00025,0.00067
1430.0,2026-07-02T15:19:22.187,2,597.5,100.755,23.652,0.4576,1000.0,RETURNING_TO_START,load_zone_26,dump_zone_3,0.000333,0.000892
1430.0,2026-07-02T15:19:22.187,3,86.882,155.977,7.2,0.0,1000.0,TURNING_AROUND,load_zone_1,dump_zone_2,0.000258,0.000691
1431.0,2026-07-02T15:19:24.938,1,200.371,280.491,0.0,-0.5,1000.0,RETURNING_TO_START,load_zone_1,dump_zone_1,0.00025,0.00067
1431.0,2026-07-02T15:19:24.938,2,597.5,107.416,23.855,-0.1985,1000.0,RETURNING_TO_START,load_zone_26,dump_zone_3,0.00025,0.00067
1431.0,2026-07-02T15:19:24.938,3,87.703,157.599,0.0,0.0,1000.0,RETURNING_TO_START,load_zone_1,dump_zone_2,0.00025,0.00067
1432.0,2026-07-02T15:19:28.514,1,200.371,280.491,0.0,-0.5,1000.0,RETURNING_TO_START,load_zone_1,dump_zone_1,0.00025,0.00067
1432.0,2026-07-02T15:19:28.514,2,597.5,113.852,22.864,0.0405,1000.0,RETURNING_TO_START,load_zone_26,dump_zone_3,0.000279,0.000748
1432.0,2026-07-02T15:19:28.514,3,87.702,157.631,0.525,0.5,1000.0,RETURNING_TO_START,load_zone_1,dump_zone_2,0.000252,0.000675
1433.0,2026-07-02T15:19:32.056,1,200.371,280.491,0.0,-0.5,1000.0,RETURNING_TO_START,load_zone_1,dump_zone_1,0.00025,0.00067
1433.0,2026-07-02T15:19:32.056,2,597.5,120.187,22.83,0.1775,1000.0,RETURNING_TO_START,load_zone_26,dump_zone_3,0.000296,0.000793
1433.0,2026-07-02T15:19:32.056,3,87.649,158.223,3.75,1.0,1000.0,RETURNING_TO_START,load_zone_1,dump_zone_2,0.000274,0.000734
1434.0,2026-07-02T15:19:35.941,1,200.371,280.491,0.0,-0.5,1000.0,RETURNING_TO_START,load_zone_1,dump_zone_1,0.00025,0.00067
1434.0,2026-07-02T15:19:35.941,2,597.5,126.722,24.169,0.2609,1000.0,RETURNING_TO_START,load_zone_26,dump_zone_3,0.00031,0.000831
1434.0,2026-07-02T15:19:35.941,3,87.079,159.689,7.35,1.0,1000.0,RETURNING_TO_START,load_zone_1,dump_zone_2,0.000297,0.000796
1435.0,2026-07-02T15:19:40.566,1,200.371,280.491,0.0,-0.5,1000.0,RETURNING_TO_START,load_zone_1,dump_zone_1,0.00025,0.00067
1435.0,2026-07-02T15:19:40.566,2,597.5,133.46,24.008,-0.4058,1000.0,RETURNING_TO_START,load_zone_26,dump_zone_3,0.00025,0.00067
1435.0,2026-07-02T15:19:40.566,3,85.089,161.266,10.95,1.0,1000.0,RETURNING_TO_START,load_zone_1,dump_zone_2,0.000321,0.00086
1436.0,2026-07-02T15:19:45.213,1,200.371,280.491,0.0,-0.5,1000.0,RETURNING_TO_START,load_zone_1,dump_zone_1,0.00025,0.00067
1436.0,2026-07-02T15:19:45.213,2,597.5,139.898,22.686,-0.0833,1000.0,RETURNING_TO_START,load_zone_26,dump_zone_3,0.000264,0.000708
1436.0,2026-07-02T15:19:45.213,3,81.688,162.394,14.55,1.0,1000.0,RETURNING_TO_START,load_zone_1,dump_zone_2,0.000344,0.000922
1437.0,2026-07-02T15:19:50.649,1,200.371,280.491,0.0,-0.5,1000.0,RETURNING_TO_START,load_zone_1,dump_zone_1,0.00025,0.00067
1437.0,2026-07-02T15:19:50.649,2,597.5,146.285,23.321,0.3206,1000.0,RETURNING_TO_START,load_zone_26,dump_zone_3,0.000315,0.000844
1437.0,2026-07-02T15:19:50.649,3,78.045,164.806,16.5,0.0833,1000.0,RETURNING_TO_START,load_zone_1,dump_zone_2,0.000275,0.000737
1438.0,2026-07-02T15:19:55.244,1,200.371,280.491,0.0,-0.5,1000.0,RETURNING_TO_START,load_zone_1,dump_zone_1,0.00025,0.00067
1438.0,2026-07-02T15:19:55.244,2,597.5,152.883,23.631,-0.352,1000.0,RETURNING_TO_START,load_zone_26,dump_zone_3,0.00025,0.00067
1438.0,2026-07-02T15:19:55.244,3,77.305,168.957,15.225,-0.5,1000.0,RETURNING_TO_START,load_zone_1,dump_zone_2,0.00025,0.00067
1439.0,2026-07-02T15:19:59.563,1,200.371,280.491,0.0,-0.5,1000.0,RETURNING_TO_START,load_zone_1,dump_zone_1,0.00025,0.00067
1439.0,2026-07-02T15:19:59.563,2,597.5,159.182,21.85,-0.5,1000.0,RETURNING_TO_START,load_zone_26,dump_zone_3,0.00025,0.00067
1439.0,2026-07-02T15:19:59.563,3,79.769,172.152,14.55,0.25,1000.0,RETURNING_TO_START,load_zone_1,dump_zone_2,0.000285,0.000764
1440.0,2026-07-02T15:20:03.103,1,200.371,280.491,0.0,-0.5,1000.0,RETURNING_TO_START,load_zone_1,dump_zone_1,0.00025,0.00067
1440.0,2026-07-02T15:20:03.103,2,597.5,164.981,20.05,-0.5,1000.0,RETURNING_TO_START,load_zone_26,dump_zone_3,0.00025,0.00067
1440.0,2026-07-02T15:20:03.103,3,82.401,175.651,17.225,0.9167,1000.0,RETURNING_TO_START,load_zone_1,dump_zone_2,0.000353,0.000946
1441.0,2026-07-02T15:20:06.954,1,200.371,280.491,0.0,-0.5,1000.0,RETURNING_TO_START,load_zone_1,dump_zone_1,0.00025,0.00067
1441.0,2026-07-02T15:20:06.954,2,597.5,170.28,18.25,-0.5,1000.0,RETURNING_TO_START,load_zone_26,dump_zone_3,0.00025,0.00067
1441.0,2026-07-02T15:20:06.954,3,85.062,179.966,18.575,-0.0833,1000.0,RETURNING_TO_START,load_zone_1,dump_zone_2,0.000261,0.000699
1442.0,2026-07-02T15:20:12.770,1,200.371,280.491,0.0,-0.5,1000.0,RETURNING_TO_START,load_zone_1,dump_zone_1,0.00025,0.00067
1442.0,2026-07-02T15:20:12.770,2,597.5,175.078,16.45,-0.5,1000.0,RETURNING_TO_START,load_zone_26,dump_zone_3,0.00025,0.00067
1442.0,2026-07-02T15:20:12.770,3,87.604,184.217,17.025,-0.5,1000.0,RETURNING_TO_START,load_zone_1,dump_zone_2,0.00025,0.00067
1443.0,2026-07-02T15:20:17.001,1,200.371,280.491,0.0,-0.5,1000.0,RETURNING_TO_START,load_zone_1,dump_zone_1,0.00025,0.00067
1443.0,2026-07-02T15:20:17.001,2,597.5,179.377,14.65,-0.5,1000.0,RETURNING_TO_START,load_zone_26,dump_zone_3,0.00025,0.00067
1443.0,2026-07-02T15:20:17.001,3,89.898,188.039,15.225,-0.5,1000.0,RETURNING_TO_START,load_zone_1,dump_zone_2,0.00025,0.00067
1444.0,2026-07-02T15:20:21.528,1,200.371,280.491,0.0,-0.5,1000.0,RETURNING_TO_START,load_zone_1,dump_zone_1,0.00025,0.00067
1444.0,2026-07-02T15:20:21.528,2,597.5,183.176,12.85,-0.5,1000.0,RETURNING_TO_START,load_zone_26,dump_zone_3,0.00025,0.00067
1444.0,2026-07-02T15:20:21.528,3,91.937,191.432,13.425,-0.5,1000.0,RETURNING_TO_START,load_zone_1,dump_zone_2,0.00025,0.00067
1445.0,2026-07-02T15:20:26.245,1,200.371,280.491,0.0,-0.5,1000.0,RETURNING_TO_START,load_zone_1,dump_zone_1,0.00025,0.00067
1445.0,2026-07-02T15:20:26.245,2,597.412,186.471,11.05,-0.5,1000.0,RETURNING_TO_START,load_zone_26,dump_zone_3,0.00025,0.00067
1445.0,2026-07-02T15:20:26.245,3,93.718,194.397,11.625,-0.5,1000.0,RETURNING_TO_START,load_zone_1,dump_zone_2,0.00025,0.00067
1446.0,2026-07-02T15:20:31.145,1,200.371,280.491,0.0,-0.5,1000.0,RETURNING_TO_START,load_zone_1,dump_zone_1,0.00025,0.00067
1446.0,2026-07-02T15:20:31.145,2,596.733,189.176,9.25,-0.5,1000.0,RETURNING_TO_START,load_zone_26,dump_zone_3,0.00025,0.00067
1446.0,2026-07-02T15:20:31.145,3,95.241,196.933,9.825,-0.5,1000.0,RETURNING_TO_START,load_zone_1,dump_zone_2,0.00025,0.00067
1447.0,2026-07-02T15:20:36.365,1,200.371,280.491,0.0,-0.5,1000.0,RETURNING_TO_START,load_zone_1,dump_zone_1,0.00025,0.00067
1447.0,2026-07-02T15:20:36.365,2,595.925,191.326,7.45,-0.5,1000.0,RETURNING_TO_START,load_zone_26,dump_zone_3,0.00025,0.00067
1447.0,2026-07-02T15:20:36.365,3,96.512,199.038,8.05,-0.4167,1000.0,RETURNING_TO_START,load_zone_1,dump_zone_2,0.00025,0.00067
1448.0,2026-07-02T15:20:41.618,1,200.371,280.491,0.0,-0.5,1000.0,RETURNING_TO_START,load_zone_1,dump_zone_1,0.00025,0.00067
1448.0,2026-07-02T15:20:41.618,2,595.609,193.095,5.675,-0.4167,1000.0,RETURNING_TO_START,load_zone_26,dump_zone_3,0.00025,0.00067
1448.0,2026-07-02T15:20:41.618,3,97.7,200.651,6.7,-0.0833,1000.0,RETURNING_TO_START,load_zone_1,dump_zone_2,0.000254,0.000681
1449.0,2026-07-02T15:20:47.120,1,200.371,280.491,0.0,-0.5,1000.0,RETURNING_TO_START,load_zone_1,dump_zone_1,0.00025,0.00067
1449.0,2026-07-02T15:20:47.120,2,595.517,194.556,4.767,-0.4167,1000.0,RETURNING_TO_START,load_zone_26,dump_zone_3,0.00025,0.00067
1449.0,2026-07-02T15:20:47.120,3,99.346,201.797,8.193,0.6033,1000.0,RETURNING_TO_START,load_zone_1,dump_zone_2,0.000285,0.000764
1450.0,2026-07-02T15:20:51.754,1,200.371,280.491,0.0,-0.5,1000.0,RETURNING_TO_START,load_zone_1,dump_zone_1,0.00025,0.00067
1450.0,2026-07-02T15:20:51.754,2,595.639,195.778,4.463,0.2485,1000.0,RETURNING_TO_START,load_zone_26,dump_zone_3,0.000261,0.000699
1450.0,2026-07-02T15:20:51.754,3,101.644,202.437,8.465,-0.2301,1000.0,RETURNING_TO_START,load_zone_1,dump_zone_2,0.00025,0.00067
1451.0,2026-07-02T15:20:56.199,1,200.371,280.491,0.0,-0.5,1000.0,RETURNING_TO_START,load_zone_1,dump_zone_1,0.00025,0.00067
1451.0,2026-07-02T15:20:56.199,2,596.13,197.171,6.208,0.5818,1000.0,RETURNING_TO_START,load_zone_26,dump_zone_3,0.000276,0.00074
1451.0,2026-07-02T15:20:56.199,3,104.076,202.577,9.587,0.7699,1000.0,RETURNING_TO_START,load_zone_1,dump_zone_2,0.0003,0.000804
1452.0,2026-07-02T15:21:00.235,1,200.371,280.491,0.0,-0.5,1000.0,RETURNING_TO_START,load_zone_1,dump_zone_1,0.00025,0.00067
1452.0,2026-07-02T15:21:00.235,2,597.05,198.945,7.977,0.5734,1000.0,RETURNING_TO_START,load_zone_26,dump_zone_3,0.000283,0.000758
1452.0,2026-07-02T15:21:00.235,3,107.263,202.581,13.123,1.0,1000.0,RETURNING_TO_START,load_zone_1,dump_zone_2,0.000335,0.000898
1453.0,2026-07-02T15:21:04.637,1,200.371,280.491,0.0,-0.5,1000.0,RETURNING_TO_START,load_zone_1,dump_zone_1,0.00025,0.00067
1453.0,2026-07-02T15:21:04.637,2,598.816,200.95,11.188,0.9167,1000.0,RETURNING_TO_START,load_zone_26,dump_zone_3,0.000317,0.00085
1453.0,2026-07-02T15:21:04.637,3,111.45,202.532,16.723,1.0,1000.0,RETURNING_TO_START,load_zone_1,dump_zone_2,0.000358,0.000959
1454.0,2026-07-02T15:21:08.750,1,200.371,280.491,0.0,-0.5,1000.0,RETURNING_TO_START,load_zone_1,dump_zone_1,0.00025,0.00067
1454.0,2026-07-02T15:21:08.750,2,602.016,201.726,12.538,-0.0833,1000.0,RETURNING_TO_START,load_zone_26,dump_zone_3,0.000258,0.000691
1454.0,2026-07-02T15:21:08.750,3,116.617,202.503,19.948,0.5833,1000.0,RETURNING_TO_START,load_zone_1,dump_zone_2,0.000334,0.000895
1455.0,2026-07-02T15:21:13.548,1,200.371,280.491,0.0,-0.5,1000.0,RETURNING_TO_START,load_zone_1,dump_zone_1,0.00025,0.00067
1455.0,2026-07-02T15:21:13.548,2,604.922,200.26,10.988,-0.5,1000.0,RETURNING_TO_START,load_zone_26,dump_zone_3,0.00025,0.00067
1455.0,2026-07-02T15:21:13.548,3,122.264,202.499,20.098,-0.4167,1000.0,RETURNING_TO_START,load_zone_1,dump_zone_2,0.00025,0.00067
1456.0,2026-07-02T15:21:19.326,1,200.371,280.491,0.0,-0.5,1000.0,RETURNING_TO_START,load_zone_1,dump_zone_1,0.00025,0.00067
1456.0,2026-07-02T15:21:19.326,2,607.597,199.233,10.313,0.25,1000.0,RETURNING_TO_START,load_zone_26,dump_zone_3,0.000275,0.000737
1456.0,2026-07-02T15:21:19.326,3,127.576,202.5,18.298,-0.5,1000.0,RETURNING_TO_START,load_zone_1,dump_zone_2,0.00025,0.00067
1457.0,2026-07-02T15:21:25.321,1,200.371,280.491,0.0,-0.5,1000.0,RETURNING_TO_START,load_zone_1,dump_zone_1,0.00025,0.00067
1457.0,2026-07-02T15:21:25.321,2,610.582,198.841,11.463,0.5833,1000.0,RETURNING_TO_START,load_zone_26,dump_zone_3,0.000298,0.000799
1457.0,2026-07-02T15:21:25.321,3,132.388,202.5,16.498,-0.5,1000.0,RETURNING_TO_START,load_zone_1,dump_zone_2,0.00025,0.00067
1458.0,2026-07-02T15:21:30.628,1,200.371,280.491,0.0,-0.5,1000.0,RETURNING_TO_START,load_zone_1,dump_zone_1,0.00025,0.00067
1458.0,2026-07-02T15:21:30.628,2,614.205,198.807,14.374,0.853,1000.0,RETURNING_TO_START,load_zone_26,dump_zone_3,0.000331,0.000887
1458.0,2026-07-02T15:21:30.628,3,136.7,202.5,14.698,-0.5,1000.0,RETURNING_TO_START,load_zone_1,dump_zone_2,0.00025,0.00067
1459.0,2026-07-02T15:21:35.529,1,200.371,280.491,0.0,-0.5,1000.0,RETURNING_TO_START,load_zone_1,dump_zone_1,0.00025,0.00067
1459.0,2026-07-02T15:21:35.529,2,618.626,199.07,17.216,0.8213,1000.0,RETURNING_TO_START,load_zone_26,dump_zone_3,0.000344,0.000922
1459.0,2026-07-02T15:21:35.529,3,140.512,202.5,12.898,-0.5,1000.0,RETURNING_TO_START,load_zone_1,dump_zone_2,0.00025,0.00067
1460.0,2026-07-02T15:21:40.345,1,200.371,280.491,0.0,-0.5,1000.0,RETURNING_TO_START,load_zone_1,dump_zone_1,0.00025,0.00067
1460.0,2026-07-02T15:21:40.345,2,623.614,199.601,18.222,-0.1787,1000.0,RETURNING_TO_START,load_zone_26,dump_zone_3,0.000252,0.000675
1460.0,2026-07-02T15:21:40.345,3,143.824,202.5,11.098,-0.5,1000.0,RETURNING_TO_START,load_zone_1,dump_zone_2,0.00025,0.00067
1461.0,2026-07-02T15:21:45.166,1,200.371,280.491,0.0,-0.5,1000.0,RETURNING_TO_START,load_zone_1,dump_zone_1,0.00025,0.00067
1461.0,2026-07-02T15:21:45.166,2,628.399,200.234,16.562,-0.5,1000.0,RETURNING_TO_START,load_zone_26,dump_zone_3,0.00025,0.00067
1461.0,2026-07-02T15:21:45.166,3,146.636,202.5,9.298,-0.5,1000.0,RETURNING_TO_START,load_zone_1,dump_zone_2,0.00025,0.00067
1462.0,2026-07-02T15:21:48.966,1,200.371,280.491,0.0,-0.5,1000.0,RETURNING_TO_START,load_zone_1,dump_zone_1,0.00025,0.00067
1462.0,2026-07-02T15:21:48.966,2,632.686,200.842,14.762,-0.5,1000.0,RETURNING_TO_START,load_zone_26,dump_zone_3,0.00025,0.00067
1462.0,2026-07-02T15:21:48.966,3,148.984,202.897,8.623,0.25,1000.0,RETURNING_TO_START,load_zone_1,dump_zone_2,0.000271,0.000726
1463.0,2026-07-02T15:21:52.685,1,200.371,280.491,0.0,-0.5,1000.0,RETURNING_TO_START,load_zone_1,dump_zone_1,0.00025,0.00067
1463.0,2026-07-02T15:21:52.685,2,636.48,201.364,12.962,-0.5,1000.0,RETURNING_TO_START,load_zone_26,dump_zone_3,0.00025,0.00067
1463.0,2026-07-02T15:21:52.685,3,150.861,204.812,11.323,1.0,1000.0,RETURNING_TO_START,load_zone_1,dump_zone_2,0.000323,0.000866
1464.0,2026-07-02T15:21:57.175,1,200.371,280.491,0.0,-0.5,1000.0,RETURNING_TO_START,load_zone_1,dump_zone_1,0.00025,0.00067
1464.0,2026-07-02T15:21:57.175,2,639.803,201.781,11.487,-0.25,1000.0,RETURNING_TO_START,load_zone_26,dump_zone_3,0.00025,0.00067
1464.0,2026-07-02T15:21:57.175,3,150.74,208.371,14.923,1.0,1000.0,RETURNING_TO_START,load_zone_1,dump_zone_2,0.000346,0.000927
1465.0,2026-07-02T15:22:02.200,1,200.371,280.491,0.0,-0.5,1000.0,RETURNING_TO_START,load_zone_1,dump_zone_1,0.00025,0.00067
1465.0,2026-07-02T15:22:02.200,2,642.756,202.093,9.942,-0.5,1000.0,RETURNING_TO_START,load_zone_26,dump_zone_3,0.00025,0.00067
1465.0,2026-07-02T15:22:02.200,3,148.514,212.491,18.523,1.0,1000.0,RETURNING_TO_START,load_zone_1,dump_zone_2,0.000369,0.000989
1466.0,2026-07-02T15:22:07.276,1,200.371,280.491,0.0,-0.5,1000.0,RETURNING_TO_START,load_zone_1,dump_zone_1,0.00025,0.00067
1466.0,2026-07-02T15:22:07.276,2,645.238,202.3,8.142,-0.5,1000.0,RETURNING_TO_START,load_zone_26,dump_zone_3,0.00025,0.00067
1466.0,2026-07-02T15:22:07.276,3,147.507,217.964,20.998,0.25,1000.0,RETURNING_TO_START,load_zone_1,dump_zone_2,0.0003,0.000804
1467.0,2026-07-02T15:22:12.128,1,200.371,280.491,0.0,-0.5,1000.0,RETURNING_TO_START,load_zone_1,dump_zone_1,0.00025,0.00067
1467.0,2026-07-02T15:22:12.128,2,647.236,202.415,6.467,-0.4167,1000.0,RETURNING_TO_START,load_zone_26,dump_zone_3,0.00025,0.00067
1467.0,2026-07-02T15:22:12.128,3,147.474,223.727,20.098,-0.5,1000.0,RETURNING_TO_START,load_zone_1,dump_zone_2,0.00025,0.00067
1468.0,2026-07-02T15:22:17.346,1,200.371,280.491,0.0,-0.5,1000.0,RETURNING_TO_START,load_zone_1,dump_zone_1,0.00025,0.00067
1468.0,2026-07-02T15:22:17.346,2,648.852,202.382,5.206,-0.25,1000.0,RETURNING_TO_START,load_zone_26,dump_zone_3,0.00025,0.00067
1468.0,2026-07-02T15:22:17.346,3,147.499,229.039,18.298,-0.5,1000.0,RETURNING_TO_START,load_zone_1,dump_zone_2,0.00025,0.00067
1469.0,2026-07-02T15:22:22.137,1,200.371,280.491,0.0,-0.5,1000.0,RETURNING_TO_START,load_zone_1,dump_zone_1,0.00025,0.00067
1469.0,2026-07-02T15:22:22.137,2,650.309,201.964,6.256,0.75,1000.0,RETURNING_TO_START,load_zone_26,dump_zone_3,0.000282,0.000756
1469.0,2026-07-02T15:22:22.137,3,147.501,233.851,16.498,-0.5,1000.0,RETURNING_TO_START,load_zone_1,dump_zone_2,0.00025,0.00067
1470.0,2026-07-02T15:22:27.031,1,200.371,280.491,0.0,-0.5,1000.0,RETURNING_TO_START,load_zone_1,dump_zone_1,0.00025,0.00067
1470.0,2026-07-02T15:22:27.031,2,651.945,200.48,9.406,0.5833,1000.0,RETURNING_TO_START,load_zone_26,dump_zone_3,0.00029,0.000777
1470.0,2026-07-02T15:22:27.031,3,147.5,238.163,14.698,-0.5,1000.0,RETURNING_TO_START,load_zone_1,dump_zone_2,0.00025,0.00067
1471.0,2026-07-02T15:22:32.165,1,200.371,280.491,0.0,-0.5,1000.0,RETURNING_TO_START,load_zone_1,dump_zone_1,0.00025,0.00067
1471.0,2026-07-02T15:22:32.165,2,652.603,197.846,10.056,0.0833,1000.0,RETURNING_TO_START,load_zone_26,dump_zone_3,0.000265,0.00071
1471.0,2026-07-02T15:22:32.165,3,147.5,241.975,12.898,-0.5,1000.0,RETURNING_TO_START,load_zone_1,dump_zone_2,0.00025,0.00067
1472.0,2026-07-02T15:22:37.119,1,200.371,280.491,0.0,-0.5,1000.0,RETURNING_TO_START,load_zone_1,dump_zone_1,0.00025,0.00067
1472.0,2026-07-02T15:22:37.119,2,652.575,194.826,11.741,0.3898,1000.0,RETURNING_TO_START,load_zone_26,dump_zone_3,0.000287,0.000769
1472.0,2026-07-02T15:22:37.119,3,147.5,245.287,11.098,-0.5,1000.0,RETURNING_TO_START,load_zone_1,dump_zone_2,0.00025,0.00067
1473.0,2026-07-02T15:22:42.064,1,200.371,280.491,0.0,-0.5,1000.0,RETURNING_TO_START,load_zone_1,dump_zone_1,0.00025,0.00067
1473.0,2026-07-02T15:22:42.064,2,652.514,191.469,12.089,-0.2396,1000.0,RETURNING_TO_START,load_zone_26,dump_zone_3,0.00025,0.00067
1473.0,2026-07-02T15:22:42.064,3,147.523,248.099,9.298,-0.5,1000.0,RETURNING_TO_START,load_zone_1,dump_zone_2,0.00025,0.00067
1474.0,2026-07-02T15:22:47.850,1,200.371,280.491,0.0,-0.5,1000.0,RETURNING_TO_START,load_zone_1,dump_zone_1,0.00025,0.00067
1474.0,2026-07-02T15:22:47.850,2,652.499,188.359,10.375,-0.5,1000.0,RETURNING_TO_START,load_zone_26,dump_zone_3,0.00025,0.00067
1474.0,2026-07-02T15:22:47.850,3,147.964,250.43,8.298,0.0833,1000.0,RETURNING_TO_START,load_zone_1,dump_zone_2,0.000262,0.000702
1475.0,2026-07-02T15:22:53.290,1,200.371,280.491,0.0,-0.5,1000.0,RETURNING_TO_START,load_zone_1,dump_zone_1,0.00025,0.00067
1475.0,2026-07-02T15:22:53.290,2,652.498,185.728,8.684,-0.5,1000.0,RETURNING_TO_START,load_zone_26,dump_zone_3,0.00025,0.00067
1475.0,2026-07-02T15:22:53.290,3,149.049,252.418,7.998,0.0833,1000.0,RETURNING_TO_START,load_zone_1,dump_zone_2,0.000262,0.000702
1476.0,2026-07-02T15:22:57.310,1,200.371,280.491,0.0,-0.5,1000.0,RETURNING_TO_START,load_zone_1,dump_zone_1,0.00025,0.00067
1476.0,2026-07-02T15:22:57.310,2,652.499,183.582,7.007,-0.3108,1000.0,RETURNING_TO_START,load_zone_26,dump_zone_3,0.00025,0.00067
1476.0,2026-07-02T15:22:57.310,3,150.585,254.361,10.223,1.0,1000.0,RETURNING_TO_START,load_zone_1,dump_zone_2,0.000316,0.000847
1477.0,2026-07-02T15:23:01.310,1,200.371,280.491,0.0,-0.5,1000.0,RETURNING_TO_START,load_zone_1,dump_zone_1,0.00025,0.00067
1477.0,2026-07-02T15:23:01.310,2,652.5,181.838,5.495,-0.5,1000.0,RETURNING_TO_START,load_zone_26,dump_zone_3,0.00025,0.00067
1477.0,2026-07-02T15:23:01.310,3,152.829,256.89,13.823,1.0,1000.0,RETURNING_TO_START,load_zone_1,dump_zone_2,0.000339,0.000909
1478.0,2026-07-02T15:23:05.999,1,200.371,280.491,0.0,-0.5,1000.0,RETURNING_TO_START,load_zone_1,dump_zone_1,0.00025,0.00067
1478.0,2026-07-02T15:23:05.999,2,652.504,180.582,3.695,-0.5,1000.0,RETURNING_TO_START,load_zone_26,dump_zone_3,0.00025,0.00067
1478.0,2026-07-02T15:23:05.999,3,155.815,260.096,17.423,1.0,1000.0,RETURNING_TO_START,load_zone_1,dump_zone_2,0.000362,0.00097
1479.0,2026-07-02T15:23:10.955,1,200.371,280.491,0.0,-0.5,1000.0,RETURNING_TO_START,load_zone_1,dump_zone_1,0.00025,0.00067
1479.0,2026-07-02T15:23:10.955,2,652.542,179.828,1.895,-0.5,1000.0,UNLOADING,load_zone_26,dump_zone_3,0.00025,0.00067
1479.0,2026-07-02T15:23:10.955,3,159.454,264.034,20.656,0.5892,1000.0,RETURNING_TO_START,load_zone_1,dump_zone_2,0.000337,0.000903
1480.0,2026-07-02T15:23:14.739,1,200.371,280.491,0.0,-0.5,1000.0,RETURNING_TO_START,load_zone_1,dump_zone_1,0.00025,0.00067
1480.0,2026-07-02T15:23:14.739,2,652.578,179.575,0.095,-0.5,1000.0,UNLOADING,load_zone_26,dump_zone_3,0.00025,0.00067
1480.0,2026-07-02T15:23:14.739,3,163.439,268.312,20.827,-0.4108,1000.0,RETURNING_TO_START,load_zone_1,dump_zone_2,0.00025,0.00067
1481.0,2026-07-02T15:23:18.578,1,200.371,280.491,0.0,-0.5,1000.0,RETURNING_TO_START,load_zone_1,dump_zone_1,0.00025,0.00067
1481.0,2026-07-02T15:23:18.578,2,652.578,179.575,0.0,-0.5,1000.0,UNLOADING,load_zone_26,dump_zone_3,0.00025,0.00067
1481.0,2026-07-02T15:23:18.578,3,167.272,272.276,19.028,-0.5,1000.0,RETURNING_TO_START,load_zone_1,dump_zone_2,0.00025,0.00067
1482.0,2026-07-02T15:23:21.612,1,200.371,280.491,0.0,-0.5,1000.0,RETURNING_TO_START,load_zone_1,dump_zone_1,0.00025,0.00067
1482.0,2026-07-02T15:23:21.612,2,653.22,178.05,7.2,0.0,0.0,TURNING_AROUND,dump_zone_3,load_zone_26,0.000255,0.000683
1482.0,2026-07-02T15:23:21.612,3,170.86,275.78,17.228,-0.5,1000.0,RETURNING_TO_START,load_zone_1,dump_zone_2,0.00025,0.00067
1483.0,2026-07-02T15:23:24.681,1,200.371,280.491,0.0,-0.5,1000.0,RETURNING_TO_START,load_zone_1,dump_zone_1,0.00025,0.00067
1483.0,2026-07-02T15:23:24.681,2,653.965,177.2,5.4,0.0,0.0,TURNING_AROUND,dump_zone_3,load_zone_26,0.000253,0.000678
1483.0,2026-07-02T15:23:24.681,3,174.226,278.788,15.428,-0.5,1000.0,RETURNING_TO_START,load_zone_1,dump_zone_2,0.00025,0.00067
1484.0,2026-07-02T15:23:28.154,1,200.371,280.491,0.0,-0.5,1000.0,RETURNING_TO_START,load_zone_1,dump_zone_1,0.00025,0.00067
1484.0,2026-07-02T15:23:28.154,2,653.409,177.519,7.2,0.0,0.0,TURNING_AROUND,dump_zone_3,load_zone_26,0.000255,0.000683
1484.0,2026-07-02T15:23:28.154,3,177.437,281.233,13.828,-0.4167,1000.0,RETURNING_TO_START,load_zone_1,dump_zone_2,0.00025,0.00067
1485.0,2026-07-02T15:23:31.759,1,200.371,280.491,0.0,-0.5,1000.0,RETURNING_TO_START,load_zone_1,dump_zone_1,0.00025,0.00067
1485.0,2026-07-02T15:23:31.759,2,655.362,177.838,7.2,0.0,0.0,TURNING_AROUND,dump_zone_3,load_zone_26,0.000255,0.000683
1485.0,2026-07-02T15:23:31.759,3,180.575,283.016,12.378,-0.25,1000.0,RETURNING_TO_START,load_zone_1,dump_zone_2,0.00025,0.00067
1486.0,2026-07-02T15:23:35.347,1,200.371,280.491,0.0,-0.5,1000.0,RETURNING_TO_START,load_zone_1,dump_zone_1,0.00025,0.00067
1486.0,2026-07-02T15:23:35.347,2,655.184,177.513,5.4,0.0,0.0,TURNING_AROUND,dump_zone_3,load_zone_26,0.000253,0.000678
1486.0,2026-07-02T15:23:35.347,3,183.761,284.106,12.34,0.2888,1000.0,RETURNING_TO_START,load_zone_1,dump_zone_2,0.000282,0.000756
1487.0,2026-07-02T15:23:38.869,1,200.371,280.491,0.0,-0.5,1000.0,RETURNING_TO_START,load_zone_1,dump_zone_1,0.00025,0.00067
1487.0,2026-07-02T15:23:38.869,2,655.446,178.321,7.2,0.0,0.0,TURNING_AROUND,dump_zone_3,load_zone_26,0.000255,0.000683
1487.0,2026-07-02T15:23:38.869,3,187.425,284.601,14.24,0.3969,1000.0,RETURNING_TO_START,load_zone_1,dump_zone_2,0.000296,0.000793
1488.0,2026-07-02T15:23:44.730,1,200.371,280.491,0.0,-0.5,1000.0,RETURNING_TO_START,load_zone_1,dump_zone_1,0.00025,0.00067
1488.0,2026-07-02T15:23:44.730,2,655.526,178.65,0.15,0.25,0.0,GOING_TO_ENDPOINT,dump_zone_3,load_zone_26,0.00025,0.00067
1488.0,2026-07-02T15:23:44.730,3,191.351,283.884,14.766,0.1196,1000.0,RETURNING_TO_START,load_zone_1,dump_zone_2,0.000275,0.000737
1489.0,2026-07-02T15:23:52.005,1,200.371,280.491,0.0,-0.5,1000.0,RETURNING_TO_START,load_zone_1,dump_zone_1,0.00025,0.00067
1489.0,2026-07-02T15:23:52.005,2,655.506,179.032,2.85,1.0,0.0,GOING_TO_ENDPOINT,dump_zone_3,load_zone_26,0.000261,0.000699
1489.0,2026-07-02T15:23:52.005,3,194.531,281.543,13.567,-0.5,1000.0,RETURNING_TO_START,load_zone_1,dump_zone_2,0.00025,0.00067
1490.0,2026-07-02T15:23:58.855,1,200.371,280.491,0.0,-0.25,1000.0,RETURNING_TO_START,load_zone_1,dump_zone_1,0.00025,0.00067
1490.0,2026-07-02T15:23:58.855,2,655.143,180.308,6.45,1.0,0.0,GOING_TO_ENDPOINT,dump_zone_3,load_zone_26,0.000275,0.000737
1490.0,2026-07-02T15:23:58.855,3,196.918,278.987,11.767,-0.5,1000.0,RETURNING_TO_START,load_zone_1,dump_zone_2,0.00025,0.00067
1491.0,2026-07-02T15:24:03.840,1,200.371,280.491,0.0,-0.4675,1000.0,RETURNING_TO_START,load_zone_1,dump_zone_1,0.00025,0.00067
1491.0,2026-07-02T15:24:03.840,2,653.605,182.028,10.05,1.0,0.0,GOING_TO_ENDPOINT,dump_zone_3,load_zone_26,0.000289,0.000775
1491.0,2026-07-02T15:24:03.840,3,199.335,277.256,9.967,-0.5,1000.0,RETURNING_TO_START,load_zone_1,dump_zone_2,0.00025,0.00067
1492.0,2026-07-02T15:24:07.832,1,200.372,280.492,0.025,0.0833,1000.0,RETURNING_TO_START,load_zone_1,dump_zone_1,0.00025,0.00067
1492.0,2026-07-02T15:24:07.832,2,650.878,183.943,13.65,1.0,0.0,GOING_TO_ENDPOINT,dump_zone_3,load_zone_26,0.000303,0.000812
1492.0,2026-07-02T15:24:07.832,3,201.812,277.206,8.542,-0.0833,1000.0,RETURNING_TO_START,load_zone_1,dump_zone_2,0.000255,0.000683
1493.0,2026-07-02T15:24:15.268,1,200.621,280.523,1.975,0.5833,1000.0,RETURNING_TO_START,load_zone_1,dump_zone_1,0.000258,0.000691
1493.0,2026-07-02T15:24:15.268,2,648.164,187.202,16.55,0.4167,0.0,GOING_TO_ENDPOINT,dump_zone_3,load_zone_26,0.000283,0.000758
1493.0,2026-07-02T15:24:15.268,3,203.663,278.394,7.267,-0.5,1000.0,RETURNING_TO_START,load_zone_1,dump_zone_2,0.00025,0.00067
1494.0,2026-07-02T15:24:21.864,1,201.275,280.532,2.125,-0.4167,1000.0,RETURNING_TO_START,load_zone_1,dump_zone_1,0.00025,0.00067
1494.0,2026-07-02T15:24:21.864,2,647.445,191.725,16.125,-0.5,0.0,GOING_TO_ENDPOINT,dump_zone_3,load_zone_26,0.00025,0.00067
1494.0,2026-07-02T15:24:21.864,3,204.531,280.002,6.592,0.25,1000.0,RETURNING_TO_START,load_zone_1,dump_zone_2,0.000266,0.000713
1495.0,2026-07-02T15:24:28.811,1,201.594,280.534,0.325,-0.5,1000.0,RETURNING_TO_START,load_zone_1,dump_zone_1,0.00025,0.00067
1495.0,2026-07-02T15:24:28.811,2,647.493,195.933,14.325,-0.5,0.0,GOING_TO_ENDPOINT,dump_zone_3,load_zone_26,0.00025,0.00067
1495.0,2026-07-02T15:24:28.811,3,204.509,282.146,9.292,1.0,1000.0,RETURNING_TO_START,load_zone_1,dump_zone_2,0.00031,0.000831
1496.0,2026-07-02T15:24:34.051,1,201.601,280.535,0.0,-0.5,1000.0,RETURNING_TO_START,load_zone_1,dump_zone_1,0.00025,0.00067
1496.0,2026-07-02T15:24:34.051,2,646.938,199.561,12.9,-0.0833,0.0,GOING_TO_ENDPOINT,dump_zone_3,load_zone_26,0.000255,0.000683
1496.0,2026-07-02T15:24:34.051,3,202.79,284.706,12.863,1.0,1000.0,RETURNING_TO_START,load_zone_1,dump_zone_2,0.000333,0.000892
1497.0,2026-07-02T15:24:38.579,1,201.601,280.535,0.0,-0.5,1000.0,RETURNING_TO_START,load_zone_1,dump_zone_1,0.00025,0.00067
1497.0,2026-07-02T15:24:38.579,2,643.887,201.496,14.55,0.9167,0.0,GOING_TO_ENDPOINT,dump_zone_3,load_zone_26,0.000302,0.000809
1497.0,2026-07-02T15:24:38.579,3,199.648,287.06,14.813,0.0833,1000.0,RETURNING_TO_START,load_zone_1,dump_zone_2,0.000272,0.000729
1498.0,2026-07-02T15:24:42.664,1,201.601,280.535,0.0,-0.5,1000.0,RETURNING_TO_START,load_zone_1,dump_zone_1,0.00025,0.00067
1498.0,2026-07-02T15:24:42.664,2,639.974,199.536,18.15,1.0,0.0,GOING_TO_ENDPOINT,dump_zone_3,load_zone_26,0.00032,0.000858
1498.0,2026-07-02T15:24:42.664,3,198.641,290.736,13.563,-0.4167,1000.0,RETURNING_TO_START,load_zone_1,dump_zone_2,0.00025,0.00067
1499.0,2026-07-02T15:24:47.503,1,201.601,280.535,0.0,-0.5,1000.0,RETURNING_TO_START,load_zone_1,dump_zone_1,0.00025,0.00067
1499.0,2026-07-02T15:24:47.503,2,635.487,196.429,21.05,0.4167,0.0,GOING_TO_ENDPOINT,dump_zone_3,load_zone_26,0.000292,0.000783
1499.0,2026-07-02T15:24:47.503,3,200.553,293.931,14.013,0.5833,1000.0,RETURNING_TO_START,load_zone_1,dump_zone_2,0.000309,0.000828
1500.0,2026-07-02T15:24:52.182,1,201.601,280.535,0.0,-0.5,1000.0,RETURNING_TO_START,load_zone_1,dump_zone_1,0.00025,0.00067
1500.0,2026-07-02T15:24:52.182,2,629.744,195.304,20.625,-0.5,0.0,GOING_TO_ENDPOINT,dump_zone_3,load_zone_26,0.00025,0.00067
1500.0,2026-07-02T15:24:52.182,3,202.66,297.723,16.988,0.5833,1000.0,RETURNING_TO_START,load_zone_1,dump_zone_2,0.000321,0.00086
1501.0,2026-07-02T15:24:54.936,1,201.601,280.535,0.0,-0.5,1000.0,RETURNING_TO_START,load_zone_1,dump_zone_1,0.00025,0.00067
1501.0,2026-07-02T15:24:54.936,2,624.326,194.641,18.825,-0.5,0.0,GOING_TO_ENDPOINT,dump_zone_3,load_zone_26,0.00025,0.00067
1501.0,2026-07-02T15:24:54.936,3,204.315,302.254,17.138,-0.4167,1000.0,RETURNING_TO_START,load_zone_1,dump_zone_2,0.00025,0.00067
1502.0,2026-07-02T15:24:58.135,1,201.601,280.535,0.0,-0.5,1000.0,RETURNING_TO_START,load_zone_1,dump_zone_1,0.00025,0.00067
1502.0,2026-07-02T15:24:58.135,2,619.395,194.125,17.025,-0.5,0.0,GOING_TO_ENDPOINT,dump_zone_3,load_zone_26,0.00025,0.00067
1502.0,2026-07-02T15:24:58.135,3,205.819,306.484,15.338,-0.5,1000.0,RETURNING_TO_START,load_zone_1,dump_zone_2,0.00025,0.00067
1503.0,2026-07-02T15:25:02.593,1,201.601,280.535,0.0,-0.5,1000.0,RETURNING_TO_START,load_zone_1,dump_zone_1,0.00025,0.00067
1503.0,2026-07-02T15:25:02.593,2,614.946,193.852,15.225,-0.5,0.0,GOING_TO_ENDPOINT,dump_zone_3,load_zone_26,0.00025,0.00067
1503.0,2026-07-02T15:25:02.593,3,207.367,310.162,13.553,-0.5,1000.0,RETURNING_TO_START,load_zone_1,dump_zone_2,0.00025,0.00067
1504.0,2026-07-02T15:25:06.628,1,201.601,280.535,0.0,-0.5,1000.0,RETURNING_TO_START,load_zone_1,dump_zone_1,0.00025,0.00067
1504.0,2026-07-02T15:25:06.628,2,610.989,193.889,13.425,-0.5,0.0,GOING_TO_ENDPOINT,dump_zone_3,load_zone_26,0.00025,0.00067
1504.0,2026-07-02T15:25:06.628,3,209.141,313.205,12.143,-0.3325,1000.0,RETURNING_TO_START,load_zone_1,dump_zone_2,0.00025,0.00067
1505.0,2026-07-02T15:25:12.604,1,201.601,280.535,0.0,-0.5,1000.0,RETURNING_TO_START,load_zone_1,dump_zone_1,0.00025,0.00067
1505.0,2026-07-02T15:25:12.604,2,607.758,195.008,11.625,-0.5,0.0,GOING_TO_ENDPOINT,dump_zone_3,load_zone_26,0.00025,0.00067
1505.0,2026-07-02T15:25:12.604,3,211.207,315.539,10.571,-0.25,1000.0,RETURNING_TO_START,load_zone_1,dump_zone_2,0.00025,0.00067
1506.0,2026-07-02T15:25:17.459,1,201.601,280.535,0.0,-0.5,1000.0,RETURNING_TO_START,load_zone_1,dump_zone_1,0.00025,0.00067
1506.0,2026-07-02T15:25:17.459,2,605.182,196.461,9.825,-0.5,0.0,GOING_TO_ENDPOINT,dump_zone_3,load_zone_26,0.00025,0.00067
1506.0,2026-07-02T15:25:17.459,3,213.548,317.276,10.282,-0.3663,1000.0,RETURNING_TO_START,load_zone_1,dump_zone_2,0.00025,0.00067
1507.0,2026-07-02T15:25:22.588,1,201.601,280.535,0.0,-0.5,1000.0,RETURNING_TO_START,load_zone_1,dump_zone_1,0.00025,0.00067
1507.0,2026-07-02T15:25:22.588,2,602.951,197.493,8.025,-0.5,0.0,GOING_TO_ENDPOINT,dump_zone_3,load_zone_26,0.00025,0.00067
1507.0,2026-07-02T15:25:22.588,3,215.737,318.682,8.549,-0.5,1000.0,RETURNING_TO_START,load_zone_1,dump_zone_2,0.00025,0.00067
1508.0,2026-07-02T15:25:27.991,1,201.601,280.535,0.0,-0.5,1000.0,RETURNING_TO_START,load_zone_1,dump_zone_1,0.00025,0.00067
1508.0,2026-07-02T15:25:27.991,2,601.146,198.245,6.225,-0.5,0.0,GOING_TO_ENDPOINT,dump_zone_3,load_zone_26,0.00025,0.00067
1508.0,2026-07-02T15:25:27.991,3,217.218,320.16,6.749,-0.5,1000.0,RETURNING_TO_START,load_zone_1,dump_zone_2,0.00025,0.00067
1509.0,2026-07-02T15:25:32.186,1,201.601,280.535,0.0,-0.5,1000.0,RETURNING_TO_START,load_zone_1,dump_zone_1,0.00025,0.00067
1509.0,2026-07-02T15:25:32.186,2,599.654,198.386,5.125,0.0833,0.0,GOING_TO_ENDPOINT,dump_zone_3,load_zone_26,0.000255,0.000683
1509.0,2026-07-02T15:25:32.186,3,217.934,321.77,6.599,0.4167,1000.0,RETURNING_TO_START,load_zone_1,dump_zone_2,0.000272,0.000729
1510.0,2026-07-02T15:25:34.743,1,201.601,280.535,0.0,-0.5,1000.0,RETURNING_TO_START,load_zone_1,dump_zone_1,0.00025,0.00067
1510.0,2026-07-02T15:25:34.743,2,598.065,197.884,7.35,1.0,0.0,GOING_TO_ENDPOINT,dump_zone_3,load_zone_26,0.000278,0.000745
1510.0,2026-07-02T15:25:34.743,3,218.313,323.982,9.674,1.0,1000.0,RETURNING_TO_START,load_zone_1,dump_zone_2,0.000312,0.000836
1511.0,2026-07-02T15:25:38.414,1,201.601,280.535,0.0,-0.5,1000.0,RETURNING_TO_START,load_zone_1,dump_zone_1,0.00025,0.00067
1511.0,2026-07-02T15:25:38.414,2,596.388,195.98,10.95,1.0,0.0,GOING_TO_ENDPOINT,dump_zone_3,load_zone_26,0.000292,0.000783
1511.0,2026-07-02T15:25:38.414,3,218.31,327.125,12.258,0.2957,1000.0,RETURNING_TO_START,load_zone_1,dump_zone_2,0.000282,0.000756
1512.0,2026-07-02T15:25:42.510,1,201.601,280.535,0.0,-0.5,1000.0,RETURNING_TO_START,load_zone_1,dump_zone_1,0.00025,0.00067
1512.0,2026-07-02T15:25:42.510,2,596.592,192.524,14.55,1.0,0.0,GOING_TO_ENDPOINT,dump_zone_3,load_zone_26,0.000306,0.00082
1512.0,2026-07-02T15:25:42.510,3,218.138,330.479,11.482,-0.5,1000.0,RETURNING_TO_START,load_zone_1,dump_zone_2,0.00025,0.00067
1513.0,2026-07-02T15:25:46.224,1,201.601,280.535,0.0,-0.5,1000.0,RETURNING_TO_START,load_zone_1,dump_zone_1,0.00025,0.00067
1513.0,2026-07-02T15:25:46.224,2,599.1,188.689,18.15,1.0,0.0,GOING_TO_ENDPOINT,dump_zone_3,load_zone_26,0.00032,0.000858
1513.0,2026-07-02T15:25:46.224,3,217.942,333.4,9.741,-0.5,1000.0,RETURNING_TO_START,load_zone_1,dump_zone_2,0.00025,0.00067
1514.0,2026-07-02T15:25:49.911,1,201.601,280.535,0.0,-0.5,1000.0,RETURNING_TO_START,load_zone_1,dump_zone_1,0.00025,0.00067
1514.0,2026-07-02T15:25:49.911,2,601.342,183.588,21.75,1.0,0.0,GOING_TO_ENDPOINT,dump_zone_3,load_zone_26,0.000334,0.000895
1514.0,2026-07-02T15:25:49.911,3,217.753,335.889,8.268,-0.5,1000.0,RETURNING_TO_START,load_zone_1,dump_zone_2,0.00025,0.00067
1515.0,2026-07-02T15:25:53.695,1,201.601,280.535,0.0,-0.5,1000.0,RETURNING_TO_START,load_zone_1,dump_zone_1,0.00025,0.00067
1515.0,2026-07-02T15:25:53.695,2,602.48,177.141,25.25,0.9167,0.0,GOING_TO_ENDPOINT,dump_zone_3,load_zone_26,0.000341,0.000914
1515.0,2026-07-02T15:25:53.695,3,217.606,337.946,6.641,-0.5,1000.0,RETURNING_TO_START,load_zone_1,dump_zone_2,0.00025,0.00067
1516.0,2026-07-02T15:25:58.278,1,201.601,280.535,0.0,-0.5,1000.0,RETURNING_TO_START,load_zone_1,dump_zone_1,0.00025,0.00067
1516.0,2026-07-02T15:25:58.278,2,602.504,169.655,28.066,0.4356,0.0,GOING_TO_ENDPOINT,dump_zone_3,load_zone_26,0.000307,0.000823
1516.0,2026-07-02T15:25:58.278,3,217.597,339.518,4.841,-0.5,1000.0,RETURNING_TO_START,load_zone_1,dump_zone_2,0.00025,0.00067
1517.0,2026-07-02T15:26:01.377,1,201.601,280.535,0.0,-0.5,1000.0,RETURNING_TO_START,load_zone_1,dump_zone_1,0.00025,0.00067
1517.0,2026-07-02T15:26:01.377,2,602.499,161.832,27.734,-0.3978,0.0,GOING_TO_ENDPOINT,dump_zone_3,load_zone_26,0.00025,0.00067
1517.0,2026-07-02T15:26:01.377,3,217.831,340.563,3.041,-0.5,1000.0,UNLOADING,load_zone_1,dump_zone_2,0.00025,0.00067
1518.0,2026-07-02T15:26:03.814,1,201.601,280.535,0.0,-0.5,1000.0,RETURNING_TO_START,load_zone_1,dump_zone_1,0.00025,0.00067
1518.0,2026-07-02T15:26:03.814,2,602.5,154.285,26.716,-0.1246,0.0,GOING_TO_ENDPOINT,dump_zone_3,load_zone_26,0.000256,0.000686
1518.0,2026-07-02T15:26:03.814,3,218.065,341.086,1.241,-0.5,1000.0,UNLOADING,load_zone_1,dump_zone_2,0.00025,0.00067
1519.0,2026-07-02T15:26:06.571,1,201.601,280.535,0.0,-0.5,1000.0,RETURNING_TO_START,load_zone_1,dump_zone_1,0.00025,0.00067
1519.0,2026-07-02T15:26:06.571,2,602.5,146.843,27.099,0.1199,0.0,GOING_TO_ENDPOINT,dump_zone_3,load_zone_26,0.000278,0.000745
1519.0,2026-07-02T15:26:06.571,3,218.116,341.178,0.0,-0.5,1000.0,UNLOADING,load_zone_1,dump_zone_2,0.00025,0.00067
1520.0,2026-07-02T15:26:09.416,1,201.601,280.535,0.0,-0.5,1000.0,RETURNING_TO_START,load_zone_1,dump_zone_1,0.00025,0.00067
1520.0,2026-07-02T15:26:09.416,2,602.5,139.32,26.953,-0.2752,0.0,GOING_TO_ENDPOINT,dump_zone_3,load_zone_26,0.00025,0.00067
1520.0,2026-07-02T15:26:09.416,3,218.297,341.458,7.2,0.0,0.0,TURNING_AROUND,dump_zone_2,load_zone_1,0.000255,0.000683
1521.0,2026-07-02T15:26:12.250,1,201.601,280.535,0.0,-0.5,1000.0,RETURNING_TO_START,load_zone_1,dump_zone_1,0.00025,0.00067
1521.0,2026-07-02T15:26:12.250,2,602.5,131.828,27.312,0.1415,0.0,GOING_TO_ENDPOINT,dump_zone_3,load_zone_26,0.00028,0.00075
1521.0,2026-07-02T15:26:12.250,3,219.806,342.739,7.2,0.0,0.0,TURNING_AROUND,dump_zone_2,load_zone_1,0.000255,0.000683
1522.0,2026-07-02T15:26:14.995,1,201.601,280.535,0.0,-0.5,1000.0,RETURNING_TO_START,load_zone_1,dump_zone_1,0.00025,0.00067
1522.0,2026-07-02T15:26:14.995,2,602.5,124.189,27.666,0.048,0.0,GOING_TO_ENDPOINT,dump_zone_3,load_zone_26,0.000272,0.000729
1522.0,2026-07-02T15:26:14.995,3,219.723,342.901,5.4,0.0,0.0,TURNING_AROUND,dump_zone_2,load_zone_1,0.000253,0.000678
1523.0,2026-07-02T15:26:17.772,1,201.601,280.535,0.0,-0.5,1000.0,RETURNING_TO_START,load_zone_1,dump_zone_1,0.00025,0.00067
1523.0,2026-07-02T15:26:17.772,2,602.5,116.403,28.041,-0.2568,0.0,GOING_TO_ENDPOINT,dump_zone_3,load_zone_26,0.00025,0.00067
1523.0,2026-07-02T15:26:17.772,3,220.218,342.613,7.2,0.0,0.0,TURNING_AROUND,dump_zone_2,load_zone_1,0.000255,0.000683
1524.0,2026-07-02T15:26:20.205,1,201.601,280.535,0.0,-0.5,1000.0,RETURNING_TO_START,load_zone_1,dump_zone_1,0.00025,0.00067
1524.0,2026-07-02T15:26:20.205,2,602.5,108.77,27.437,0.25,0.0,GOING_TO_ENDPOINT,dump_zone_3,load_zone_26,0.00029,0.000777
1524.0,2026-07-02T15:26:20.205,3,221.768,341.382,7.2,0.0,0.0,TURNING_AROUND,dump_zone_2,load_zone_1,0.000255,0.000683
1525.0,2026-07-02T15:26:22.700,1,201.601,280.535,0.0,-0.5,1000.0,RETURNING_TO_START,load_zone_1,dump_zone_1,0.00025,0.00067
1525.0,2026-07-02T15:26:22.700,2,602.5,101.13,27.055,-0.4093,0.0,GOING_TO_ENDPOINT,dump_zone_3,load_zone_26,0.00025,0.00067
1525.0,2026-07-02T15:26:22.700,3,221.097,342.713,5.4,0.0,0.0,TURNING_AROUND,dump_zone_2,load_zone_1,0.000253,0.000678
1526.0,2026-07-02T15:26:26.953,1,201.601,280.535,0.0,-0.5,1000.0,RETURNING_TO_START,load_zone_1,dump_zone_1,0.00025,0.00067
1526.0,2026-07-02T15:26:26.953,2,602.5,93.666,26.948,0.1832,0.0,GOING_TO_ENDPOINT,dump_zone_3,load_zone_26,0.000283,0.000758
1526.0,2026-07-02T15:26:26.953,3,221.139,342.54,0.25,0.3333,0.0,GOING_TO_ENDPOINT,dump_zone_2,load_zone_1,0.00025,0.00067
1527.0,2026-07-02T15:26:31.194,1,201.601,280.535,0.0,-0.5,1000.0,RETURNING_TO_START,load_zone_1,dump_zone_1,0.00025,0.00067
1527.0,2026-07-02T15:26:31.194,2,602.5,86.105,27.608,0.3499,0.0,GOING_TO_ENDPOINT,dump_zone_3,load_zone_26,0.000299,0.000801
1527.0,2026-07-02T15:26:31.194,3,221.154,342.092,3.15,1.0,0.0,GOING_TO_ENDPOINT,dump_zone_2,load_zone_1,0.000262,0.000702
1528.0,2026-07-02T15:26:35.107,1,201.601,280.535,0.0,-0.5,1000.0,RETURNING_TO_START,load_zone_1,dump_zone_1,0.00025,0.00067
1528.0,2026-07-02T15:26:35.107,2,602.5,78.29,28.194,-0.1009,0.0,GOING_TO_ENDPOINT,dump_zone_3,load_zone_26,0.000259,0.000694
1528.0,2026-07-02T15:26:35.107,3,221.351,340.69,6.75,1.0,0.0,GOING_TO_ENDPOINT,dump_zone_2,load_zone_1,0.000276,0.00074
1529.0,2026-07-02T15:26:38.213,1,201.601,280.535,0.0,-0.5,1000.0,RETURNING_TO_START,load_zone_1,dump_zone_1,0.00025,0.00067
1529.0,2026-07-02T15:26:38.213,2,602.5,70.604,27.038,-0.25,0.0,GOING_TO_ENDPOINT,dump_zone_3,load_zone_26,0.00025,0.00067
1529.0,2026-07-02T15:26:38.213,3,221.898,338.337,10.35,1.0,0.0,GOING_TO_ENDPOINT,dump_zone_2,load_zone_1,0.00029,0.000777
1530.0,2026-07-02T15:26:43.321,1,201.601,280.535,0.0,-0.5,1000.0,RETURNING_TO_START,load_zone_1,dump_zone_1,0.00025,0.00067
1530.0,2026-07-02T15:26:43.321,2,602.5,63.023,27.993,0.5583,0.0,GOING_TO_ENDPOINT,dump_zone_3,load_zone_26,0.000318,0.000852
1530.0,2026-07-02T15:26:43.321,3,222.638,335.003,13.925,0.9167,0.0,GOING_TO_ENDPOINT,dump_zone_2,load_zone_1,0.0003,0.000804
1531.0,2026-07-02T15:26:47.796,1,201.601,280.535,0.0,-0.5,1000.0,RETURNING_TO_START,load_zone_1,dump_zone_1,0.00025,0.00067
1531.0,2026-07-02T15:26:47.796,2,602.5,55.11,28.402,-0.1919,0.0,GOING_TO_ENDPOINT,dump_zone_3,load_zone_26,0.00025,0.00067
1531.0,2026-07-02T15:26:47.796,3,223.104,330.872,15.31,-0.0736,0.0,GOING_TO_ENDPOINT,dump_zone_2,load_zone_1,0.000256,0.000686
1532.0,2026-07-02T15:26:52.065,1,201.601,280.535,0.0,-0.5,1000.0,RETURNING_TO_START,load_zone_1,dump_zone_1,0.00025,0.00067
1532.0,2026-07-02T15:26:52.065,2,602.5,47.182,28.711,-0.0252,0.0,GOING_TO_ENDPOINT,dump_zone_3,load_zone_26,0.000266,0.000713
1532.0,2026-07-02T15:26:52.065,3,223.233,326.826,13.774,-0.5,0.0,GOING_TO_ENDPOINT,dump_zone_2,load_zone_1,0.00025,0.00067
1533.0,2026-07-02T15:26:56.341,1,201.601,280.535,0.0,-0.5,1000.0,RETURNING_TO_START,load_zone_1,dump_zone_1,0.00025,0.00067
1533.0,2026-07-02T15:26:56.341,2,602.5,39.355,27.549,-0.25,0.0,GOING_TO_ENDPOINT,dump_zone_3,load_zone_26,0.00025,0.00067
1533.0,2026-07-02T15:26:56.341,3,223.073,323.27,12.074,-0.4167,0.0,GOING_TO_ENDPOINT,dump_zone_2,load_zone_1,0.00025,0.00067
1534.0,2026-07-02T15:27:00.744,1,201.601,280.535,0.0,-0.5,1000.0,RETURNING_TO_START,load_zone_1,dump_zone_1,0.00025,0.00067
1534.0,2026-07-02T15:27:00.744,2,602.5,31.661,28.133,0.3274,0.0,GOING_TO_ENDPOINT,dump_zone_3,load_zone_26,0.000298,0.000799
1534.0,2026-07-02T15:27:00.744,3,222.535,320.203,10.691,-0.3316,0.0,GOING_TO_ENDPOINT,dump_zone_2,load_zone_1,0.00025,0.00067
1535.0,2026-07-02T15:27:05.659,1,201.601,280.535,0.0,-0.5,1000.0,RETURNING_TO_START,load_zone_1,dump_zone_1,0.00025,0.00067
1535.0,2026-07-02T15:27:05.659,2,602.5,23.715,28.645,-0.1671,0.0,GOING_TO_ENDPOINT,dump_zone_3,load_zone_26,0.000253,0.000678
1535.0,2026-07-02T15:27:05.659,3,221.479,317.628,9.913,0.0505,0.0,GOING_TO_ENDPOINT,dump_zone_2,load_zone_1,0.000258,0.000691
1536.0,2026-07-02T15:27:09.974,1,201.601,280.535,0.0,-0.5,1000.0,RETURNING_TO_START,load_zone_1,dump_zone_1,0.00025,0.00067
1536.0,2026-07-02T15:27:09.974,2,602.5,15.856,27.907,-0.2221,0.0,GOING_TO_ENDPOINT,dump_zone_3,load_zone_26,0.00025,0.00067
1536.0,2026-07-02T15:27:09.974,3,219.716,315.459,10.045,-0.2828,0.0,GOING_TO_ENDPOINT,dump_zone_2,load_zone_1,0.00025,0.00067
1537.0,2026-07-02T15:27:14.713,1,201.601,280.535,0.0,-0.5,1000.0,RETURNING_TO_START,load_zone_1,dump_zone_1,0.00025,0.00067
1537.0,2026-07-02T15:27:14.713,2,602.5,8.051,28.402,0.0783,0.0,GOING_TO_ENDPOINT,dump_zone_3,load_zone_26,0.000275,0.000737
1537.0,2026-07-02T15:27:14.713,3,217.683,313.887,8.775,-0.0833,0.0,GOING_TO_ENDPOINT,dump_zone_2,load_zone_1,0.000253,0.000678
1538.0,2026-07-02T15:27:19.944,1,201.601,280.535,0.0,-0.5,1000.0,RETURNING_TO_START,load_zone_1,dump_zone_1,0.00025,0.00067
1538.0,2026-07-02T15:27:19.944,2,602.5,0.28,27.593,-0.0279,0.0,GOING_TO_ENDPOINT,dump_zone_3,load_zone_26,0.000265,0.00071
1538.0,2026-07-02T15:27:19.944,3,215.571,312.54,9.025,-0.25,0.0,GOING_TO_ENDPOINT,dump_zone_2,load_zone_1,0.00025,0.00067
1539.0,2026-07-02T15:27:24.752,1,201.601,280.535,0.0,-0.5,1000.0,RETURNING_TO_START,load_zone_1,dump_zone_1,0.00025,0.00067
1539.0,2026-07-02T15:27:24.752,2,602.5,-7.428,28.092,0.1387,0.0,GOING_TO_ENDPOINT,dump_zone_3,load_zone_26,0.00028,0.00075
1539.0,2026-07-02T15:27:24.752,3,213.815,311.098,7.675,-0.0833,0.0,GOING_TO_ENDPOINT,dump_zone_2,load_zone_1,0.000253,0.000678
1540.0,2026-07-02T15:27:28.892,1,201.601,280.535,0.0,-0.5,1000.0,RETURNING_TO_START,load_zone_1,dump_zone_1,0.00025,0.00067
1540.0,2026-07-02T15:27:28.892,2,602.5,-15.244,27.858,-0.2458,0.0,GOING_TO_ENDPOINT,dump_zone_3,load_zone_26,0.00025,0.00067
1540.0,2026-07-02T15:27:28.892,3,212.504,309.39,8.275,0.5833,0.0,GOING_TO_ENDPOINT,dump_zone_2,load_zone_1,0.000271,0.000726
1541.0,2026-07-02T15:27:32.326,1,201.601,280.535,0.0,-0.5,1000.0,RETURNING_TO_START,load_zone_1,dump_zone_1,0.00025,0.00067
1541.0,2026-07-02T15:27:32.326,2,602.5,-22.879,27.3,-0.0596,0.0,GOING_TO_ENDPOINT,dump_zone_3,load_zone_26,0.000262,0.000702
1541.0,2026-07-02T15:27:32.326,3,211.241,306.919,11.625,1.0,0.0,GOING_TO_ENDPOINT,dump_zone_2,load_zone_1,0.000295,0.000791
1542.0,2026-07-02T15:27:36.903,1,201.601,280.535,0.0,-0.5,1000.0,RETURNING_TO_START,load_zone_1,dump_zone_1,0.00025,0.00067
1542.0,2026-07-02T15:27:36.903,2,602.5,-30.629,28.735,0.4404,0.0,GOING_TO_ENDPOINT,dump_zone_3,load_zone_26,0.000309,0.000828
1542.0,2026-07-02T15:27:36.903,3,209.93,303.385,15.225,1.0,0.0,GOING_TO_ENDPOINT,dump_zone_2,load_zone_1,0.000309,0.000828
1543.0,2026-07-02T15:27:40.340,1,201.601,280.535,0.0,-0.5,1000.0,RETURNING_TO_START,load_zone_1,dump_zone_1,0.00025,0.00067
1543.0,2026-07-02T15:27:40.340,2,602.5,-38.639,28.388,-0.5,0.0,GOING_TO_ENDPOINT,dump_zone_3,load_zone_26,0.00025,0.00067
1543.0,2026-07-02T15:27:40.340,3,208.456,298.948,17.7,0.25,0.0,GOING_TO_ENDPOINT,dump_zone_2,load_zone_1,0.000276,0.00074
1544.0,2026-07-02T15:27:45.122,1,201.601,280.535,0.0,-0.5,1000.0,RETURNING_TO_START,load_zone_1,dump_zone_1,0.00025,0.00067
1544.0,2026-07-02T15:27:45.122,2,602.5,-46.417,28.194,0.3798,0.0,GOING_TO_ENDPOINT,dump_zone_3,load_zone_26,0.000302,0.000809
1544.0,2026-07-02T15:27:45.122,3,206.981,294.33,16.8,-0.5,0.0,GOING_TO_ENDPOINT,dump_zone_2,load_zone_1,0.00025,0.00067
1545.0,2026-07-02T15:27:50.675,1,201.601,280.535,0.0,-0.5,1000.0,RETURNING_TO_START,load_zone_1,dump_zone_1,0.00025,0.00067
1545.0,2026-07-02T15:27:50.675,2,602.5,-54.345,28.461,-0.1202,0.0,GOING_TO_ENDPOINT,dump_zone_3,load_zone_26,0.000257,0.000689
1545.0,2026-07-02T15:27:50.675,3,205.552,290.172,15.15,-0.25,0.0,GOING_TO_ENDPOINT,dump_zone_2,load_zone_1,0.00025,0.00067
1546.0,2026-07-02T15:27:56.802,1,201.601,280.535,0.0,-0.5,1000.0,RETURNING_TO_START,load_zone_1,dump_zone_1,0.00025,0.00067
1546.0,2026-07-02T15:27:56.802,2,602.5,-62.123,27.67,-0.303,0.0,GOING_TO_ENDPOINT,dump_zone_3,load_zone_26,0.00025,0.00067
1546.0,2026-07-02T15:27:56.802,3,203.304,286.826,13.802,-0.5,0.0,GOING_TO_ENDPOINT,dump_zone_2,load_zone_1,0.00025,0.00067
1547.0,2026-07-02T15:28:03.369,1,201.601,280.535,0.0,-0.5,1000.0,RETURNING_TO_START,load_zone_1,dump_zone_1,0.00025,0.00067
1547.0,2026-07-02T15:28:03.369,2,602.5,-69.55,25.913,-0.5,0.0,GOING_TO_ENDPOINT,dump_zone_3,load_zone_26,0.00025,0.00067
1547.0,2026-07-02T15:28:03.369,3,200.634,284.472,12.002,-0.5,0.0,GOING_TO_ENDPOINT,dump_zone_2,load_zone_1,0.00025,0.00067
1548.0,2026-07-02T15:28:10.231,1,201.601,280.535,0.0,-0.5,1000.0,RETURNING_TO_START,load_zone_1,dump_zone_1,0.00025,0.00067
1548.0,2026-07-02T15:28:10.231,2,602.5,-76.477,24.113,-0.5,0.0,GOING_TO_ENDPOINT,dump_zone_3,load_zone_26,0.00025,0.00067
1548.0,2026-07-02T15:28:10.231,3,198.621,282.182,10.352,-0.25,0.0,GOING_TO_ENDPOINT,dump_zone_2,load_zone_1,0.00025,0.00067
1549.0,2026-07-02T15:28:16.686,1,201.622,280.536,0.375,0.4167,1000.0,RETURNING_TO_START,load_zone_1,dump_zone_1,0.000251,0.000673
1549.0,2026-07-02T15:28:16.686,2,602.5,-82.904,22.313,-0.5,0.0,GOING_TO_ENDPOINT,dump_zone_3,load_zone_26,0.00025,0.00067
1549.0,2026-07-02T15:28:16.686,3,197.719,279.426,10.652,-0.0833,0.0,GOING_TO_ENDPOINT,dump_zone_2,load_zone_1,0.000254,0.000681
1550.0,2026-07-02T15:28:20.652,1,202.118,280.595,3.075,0.5833,1000.0,RETURNING_TO_START,load_zone_1,dump_zone_1,0.000263,0.000705
1550.0,2026-07-02T15:28:20.652,2,602.5,-88.831,20.513,-0.5,0.0,GOING_TO_ENDPOINT,dump_zone_3,load_zone_26,0.00025,0.00067
1550.0,2026-07-02T15:28:20.652,3,197.688,276.68,9.102,-0.5,0.0,GOING_TO_ENDPOINT,dump_zone_2,load_zone_1,0.00025,0.00067
1551.0,2026-07-02T15:28:23.320,1,203.031,280.883,3.225,-0.4167,1000.0,RETURNING_TO_START,load_zone_1,dump_zone_1,0.00025,0.00067
1551.0,2026-07-02T15:28:23.320,2,602.5,-94.258,18.713,-0.5,0.0,GOING_TO_ENDPOINT,dump_zone_3,load_zone_26,0.00025,0.00067
1551.0,2026-07-02T15:28:23.320,3,196.89,274.594,7.452,-0.25,0.0,GOING_TO_ENDPOINT,dump_zone_2,load_zone_1,0.00025,0.00067
1552.0,2026-07-02T15:28:30.985,1,203.578,281.183,1.425,-0.5,1000.0,RETURNING_TO_START,load_zone_1,dump_zone_1,0.00025,0.00067
1552.0,2026-07-02T15:28:30.985,2,602.682,-99.173,17.063,-0.25,0.0,GOING_TO_ENDPOINT,dump_zone_3,load_zone_26,0.00025,0.00067
1552.0,2026-07-02T15:28:30.985,3,195.21,273.302,8.502,0.75,0.0,GOING_TO_ENDPOINT,dump_zone_2,load_zone_1,0.000276,0.00074
1553.0,2026-07-02T15:28:35.055,1,203.695,281.262,0.0,-0.5,1000.0,RETURNING_TO_START,load_zone_1,dump_zone_1,0.00025,0.00067
1553.0,2026-07-02T15:28:35.055,2,606.247,-101.967,18.113,0.75,0.0,GOING_TO_ENDPOINT,dump_zone_3,load_zone_26,0.000305,0.000817
1553.0,2026-07-02T15:28:35.055,3,192.391,273.248,12.027,1.0,0.0,GOING_TO_ENDPOINT,dump_zone_2,load_zone_1,0.000297,0.000796
1554.0,2026-07-02T15:28:41.130,1,203.695,281.262,0.0,-0.5,1000.0,RETURNING_TO_START,load_zone_1,dump_zone_1,0.00025,0.00067
1554.0,2026-07-02T15:28:41.130,2,611.017,-99.45,21.613,0.9167,0.0,GOING_TO_ENDPOINT,dump_zone_3,load_zone_26,0.000328,0.000879
1554.0,2026-07-02T15:28:41.130,3,189.873,276.012,15.627,1.0,0.0,GOING_TO_ENDPOINT,dump_zone_2,load_zone_1,0.00031,0.000831
1555.0,2026-07-02T15:28:46.804,1,203.695,281.262,0.0,-0.5,1000.0,RETURNING_TO_START,load_zone_1,dump_zone_1,0.00025,0.00067
1555.0,2026-07-02T15:28:46.804,2,616.86,-97.435,22.963,-0.0833,0.0,GOING_TO_ENDPOINT,dump_zone_3,load_zone_26,0.000258,0.000691
1555.0,2026-07-02T15:28:46.804,3,187.015,279.577,17.577,0.0833,0.0,GOING_TO_ENDPOINT,dump_zone_2,load_zone_1,0.000266,0.000713
1556.0,2026-07-02T15:28:51.142,1,203.695,281.262,0.0,-0.5,1000.0,RETURNING_TO_START,load_zone_1,dump_zone_1,0.00025,0.00067
1556.0,2026-07-02T15:28:51.142,2,623.03,-97.439,21.413,-0.5,0.0,GOING_TO_ENDPOINT,dump_zone_3,load_zone_26,0.00025,0.00067
1556.0,2026-07-02T15:28:51.142,3,182.555,278.818,16.302,-0.5,0.0,GOING_TO_ENDPOINT,dump_zone_2,load_zone_1,0.00025,0.00067
1557.0,2026-07-02T15:28:55.778,1,203.695,281.262,0.0,-0.5,1000.0,RETURNING_TO_START,load_zone_1,dump_zone_1,0.00025,0.00067
1557.0,2026-07-02T15:28:55.778,2,628.707,-97.504,19.613,-0.5,0.0,GOING_TO_ENDPOINT,dump_zone_3,load_zone_26,0.00025,0.00067
1557.0,2026-07-02T15:28:55.778,3,179.093,276.341,14.527,-0.4167,0.0,GOING_TO_ENDPOINT,dump_zone_2,load_zone_1,0.00025,0.00067
1558.0,2026-07-02T15:29:00.972,1,203.695,281.262,0.0,-0.5,1000.0,RETURNING_TO_START,load_zone_1,dump_zone_1,0.00025,0.00067
1558.0,2026-07-02T15:29:00.972,2,633.884,-97.501,17.813,-0.5,0.0,GOING_TO_ENDPOINT,dump_zone_3,load_zone_26,0.00025,0.00067
1558.0,2026-07-02T15:29:00.972,3,176.022,273.748,14.977,0.5833,0.0,GOING_TO_ENDPOINT,dump_zone_2,load_zone_1,0.000288,0.000772
1559.0,2026-07-02T15:29:05.800,1,203.695,281.262,0.0,-0.5,1000.0,RETURNING_TO_START,load_zone_1,dump_zone_1,0.00025,0.00067
1559.0,2026-07-02T15:29:05.800,2,638.561,-97.5,16.013,-0.5,0.0,GOING_TO_ENDPOINT,dump_zone_3,load_zone_26,0.00025,0.00067
1559.0,2026-07-02T15:29:05.800,3,172.651,270.571,18.177,0.75,0.0,GOING_TO_ENDPOINT,dump_zone_2,load_zone_1,0.000306,0.00082
1560.0,2026-07-02T15:29:09.024,1,203.695,281.262,0.0,-0.5,1000.0,RETURNING_TO_START,load_zone_1,dump_zone_1,0.00025,0.00067
1560.0,2026-07-02T15:29:09.024,2,642.738,-97.5,14.213,-0.5,0.0,GOING_TO_ENDPOINT,dump_zone_3,load_zone_26,0.00025,0.00067
1560.0,2026-07-02T15:29:09.024,3,168.953,266.852,18.927,-0.25,0.0,GOING_TO_ENDPOINT,dump_zone_2,load_zone_1,0.00025,0.00067
1561.0,2026-07-02T15:29:13.025,1,203.695,281.262,0.0,-0.5,1000.0,RETURNING_TO_START,load_zone_1,dump_zone_1,0.00025,0.00067
1561.0,2026-07-02T15:29:13.025,2,646.416,-97.5,12.413,-0.5,0.0,GOING_TO_ENDPOINT,dump_zone_3,load_zone_26,0.00025,0.00067
1561.0,2026-07-02T15:29:13.025,3,165.508,263.218,17.202,-0.5,0.0,GOING_TO_ENDPOINT,dump_zone_2,load_zone_1,0.00025,0.00067
1562.0,2026-07-02T15:29:18.116,1,203.695,281.262,0.0,-0.5,1000.0,RETURNING_TO_START,load_zone_1,dump_zone_1,0.00025,0.00067
1562.0,2026-07-02T15:29:18.116,2,649.583,-97.673,10.613,-0.5,0.0,GOING_TO_ENDPOINT,dump_zone_3,load_zone_26,0.00025,0.00067
1562.0,2026-07-02T15:29:18.116,3,162.452,259.905,15.402,-0.5,0.0,GOING_TO_ENDPOINT,dump_zone_2,load_zone_1,0.00025,0.00067
1563.0,2026-07-02T15:29:22.773,1,203.695,281.262,0.0,-0.5,1000.0,RETURNING_TO_START,load_zone_1,dump_zone_1,0.00025,0.00067
1563.0,2026-07-02T15:29:22.773,2,652.033,-98.701,8.813,-0.5,0.0,GOING_TO_ENDPOINT,dump_zone_3,load_zone_26,0.00025,0.00067
1563.0,2026-07-02T15:29:22.773,3,159.756,256.94,13.602,-0.5,0.0,GOING_TO_ENDPOINT,dump_zone_2,load_zone_1,0.00025,0.00067
1564.0,2026-07-02T15:29:27.413,1,203.695,281.262,0.0,-0.5,1000.0,RETURNING_TO_START,load_zone_1,dump_zone_1,0.00025,0.00067
1564.0,2026-07-02T15:29:27.413,2,653.8,-100.128,8.138,0.25,0.0,GOING_TO_ENDPOINT,dump_zone_3,load_zone_26,0.000262,0.000702
1564.0,2026-07-02T15:29:27.413,3,157.405,254.337,11.802,-0.5,0.0,GOING_TO_ENDPOINT,dump_zone_2,load_zone_1,0.00025,0.00067
1565.0,2026-07-02T15:29:31.310,1,203.695,281.262,0.0,-0.5,1000.0,RETURNING_TO_START,load_zone_1,dump_zone_1,0.00025,0.00067
1565.0,2026-07-02T15:29:31.310,2,655.653,-101.952,10.838,1.0,0.0,GOING_TO_ENDPOINT,dump_zone_3,load_zone_26,0.000292,0.000783
1565.0,2026-07-02T15:29:31.310,3,155.384,252.105,10.077,-0.4583,0.0,GOING_TO_ENDPOINT,dump_zone_2,load_zone_1,0.00025,0.00067
1566.0,2026-07-02T15:29:34.951,1,203.695,281.262,0.0,-0.5,1000.0,RETURNING_TO_START,load_zone_1,dump_zone_1,0.00025,0.00067
1566.0,2026-07-02T15:29:34.951,2,658.126,-104.502,14.438,1.0,0.0,GOING_TO_ENDPOINT,dump_zone_3,load_zone_26,0.000306,0.00082
1566.0,2026-07-02T15:29:34.951,3,153.671,250.245,8.277,-0.5,0.0,GOING_TO_ENDPOINT,dump_zone_2,load_zone_1,0.00025,0.00067
1567.0,2026-07-02T15:29:38.238,1,203.695,281.262,0.0,-0.5,1000.0,RETURNING_TO_START,load_zone_1,dump_zone_1,0.00025,0.00067
1567.0,2026-07-02T15:29:38.238,2,661.31,-107.755,18.038,1.0,0.0,GOING_TO_ENDPOINT,dump_zone_3,load_zone_26,0.00032,0.000858
1567.0,2026-07-02T15:29:38.238,3,152.122,248.839,7.113,-0.2385,0.0,GOING_TO_ENDPOINT,dump_zone_2,load_zone_1,0.00025,0.00067
1568.0,2026-07-02T15:29:42.786,1,203.695,281.262,0.0,-0.5,1000.0,RETURNING_TO_START,load_zone_1,dump_zone_1,0.00025,0.00067
1568.0,2026-07-02T15:29:42.786,2,665.225,-111.692,21.638,1.0,0.0,GOING_TO_ENDPOINT,dump_zone_3,load_zone_26,0.000334,0.000895
1568.0,2026-07-02T15:29:42.786,3,150.394,247.925,7.554,0.4282,0.0,GOING_TO_ENDPOINT,dump_zone_2,load_zone_1,0.000265,0.00071
1569.0,2026-07-02T15:29:47.733,1,203.695,281.262,0.0,-0.5,1000.0,RETURNING_TO_START,load_zone_1,dump_zone_1,0.00025,0.00067
1569.0,2026-07-02T15:29:47.733,2,669.858,-116.325,25.238,1.0,0.0,GOING_TO_ENDPOINT,dump_zone_3,load_zone_26,0.000348,0.000933
1569.0,2026-07-02T15:29:47.733,3,148.279,247.509,7.895,0.2615,0.0,GOING_TO_ENDPOINT,dump_zone_2,load_zone_1,0.000262,0.000702
1570.0,2026-07-02T15:29:51.818,1,203.695,281.262,0.0,-0.5,1000.0,RETURNING_TO_START,load_zone_1,dump_zone_1,0.00025,0.00067
1570.0,2026-07-02T15:29:51.818,2,675.165,-121.63,28.138,0.4167,0.0,GOING_TO_ENDPOINT,dump_zone_3,load_zone_26,0.000306,0.00082
1570.0,2026-07-02T15:29:51.818,3,145.743,247.389,10.623,1.0,0.0,GOING_TO_ENDPOINT,dump_zone_2,load_zone_1,0.000291,0.00078
1571.0,2026-07-02T15:29:54.503,1,203.695,281.262,0.0,-0.5,1000.0,RETURNING_TO_START,load_zone_1,dump_zone_1,0.00025,0.00067
1571.0,2026-07-02T15:29:54.503,2,680.703,-127.167,27.713,-0.5,0.0,GOING_TO_ENDPOINT,dump_zone_3,load_zone_26,0.00025,0.00067
1571.0,2026-07-02T15:29:54.503,3,142.251,247.393,14.223,1.0,0.0,GOING_TO_ENDPOINT,dump_zone_2,load_zone_1,0.000305,0.000817
1572.0,2026-07-02T15:29:57.337,1,203.695,281.262,0.0,-0.5,1000.0,RETURNING_TO_START,load_zone_1,dump_zone_1,0.00025,0.00067
1572.0,2026-07-02T15:29:57.337,2,685.955,-132.419,25.913,-0.5,0.0,GOING_TO_ENDPOINT,dump_zone_3,load_zone_26,0.00025,0.00067
1572.0,2026-07-02T15:29:57.337,3,137.759,247.469,17.823,1.0,0.0,GOING_TO_ENDPOINT,dump_zone_2,load_zone_1,0.000319,0.000855
1573.0,2026-07-02T15:30:01.142,1,203.695,281.262,0.0,-0.5,1000.0,RETURNING_TO_START,load_zone_1,dump_zone_1,0.00025,0.00067
1573.0,2026-07-02T15:30:01.142,2,690.852,-137.318,24.113,-0.5,0.0,GOING_TO_ENDPOINT,dump_zone_3,load_zone_26,0.00025,0.00067
1573.0,2026-07-02T15:30:01.142,3,132.432,247.501,19.773,0.0833,0.0,GOING_TO_ENDPOINT,dump_zone_2,load_zone_1,0.000268,0.000718
1574.0,2026-07-02T15:30:04.904,1,203.695,281.262,0.0,-0.5,1000.0,RETURNING_TO_START,load_zone_1,dump_zone_1,0.00025,0.00067
1574.0,2026-07-02T15:30:04.904,2,695.399,-141.861,22.313,-0.5,0.0,GOING_TO_ENDPOINT,dump_zone_3,load_zone_26,0.00025,0.00067
1574.0,2026-07-02T15:30:04.904,3,127.085,247.501,18.498,-0.5,0.0,GOING_TO_ENDPOINT,dump_zone_2,load_zone_1,0.00025,0.00067
1575.0,2026-07-02T15:30:09.230,1,203.695,281.262,0.0,-0.5,1000.0,RETURNING_TO_START,load_zone_1,dump_zone_1,0.00025,0.00067
1575.0,2026-07-02T15:30:09.230,2,699.611,-146.031,20.513,-0.5,0.0,GOING_TO_ENDPOINT,dump_zone_3,load_zone_26,0.00025,0.00067
1575.0,2026-07-02T15:30:09.230,3,122.198,247.5,16.823,-0.4167,0.0,GOING_TO_ENDPOINT,dump_zone_2,load_zone_1,0.00025,0.00067
1576.0,2026-07-02T15:30:14.328,1,203.695,281.262,0.0,-0.5,1000.0,RETURNING_TO_START,load_zone_1,dump_zone_1,0.00025,0.00067
1576.0,2026-07-02T15:30:14.328,2,702.826,-150.381,18.713,-0.5,0.0,GOING_TO_ENDPOINT,dump_zone_3,load_zone_26,0.00025,0.00067
1576.0,2026-07-02T15:30:14.328,3,117.776,247.5,15.098,-0.5,0.0,GOING_TO_ENDPOINT,dump_zone_2,load_zone_1,0.00025,0.00067
1577.0,2026-07-02T15:30:19.984,1,203.695,281.262,0.0,-0.5,1000.0,RETURNING_TO_START,load_zone_1,dump_zone_1,0.00025,0.00067
1577.0,2026-07-02T15:30:19.984,2,703.05,-155.279,18.038,0.25,0.0,GOING_TO_ENDPOINT,dump_zone_3,load_zone_26,0.000276,0.00074
1577.0,2026-07-02T15:30:19.984,3,113.821,247.5,13.603,-0.4957,0.0,GOING_TO_ENDPOINT,dump_zone_2,load_zone_1,0.00025,0.00067
1578.0,2026-07-02T15:30:25.053,1,203.695,281.262,0.0,-0.5,1000.0,RETURNING_TO_START,load_zone_1,dump_zone_1,0.00025,0.00067
1578.0,2026-07-02T15:30:25.053,2,702.533,-160.457,19.104,-0.0404,0.0,GOING_TO_ENDPOINT,dump_zone_3,load_zone_26,0.00026,0.000697
1578.0,2026-07-02T15:30:25.053,3,110.304,247.5,11.903,-0.5,0.0,GOING_TO_ENDPOINT,dump_zone_2,load_zone_1,0.00025,0.00067
1579.0,2026-07-02T15:30:29.195,1,203.695,281.262,0.0,-0.5,1000.0,RETURNING_TO_START,load_zone_1,dump_zone_1,0.00025,0.00067
1579.0,2026-07-02T15:30:29.195,2,702.488,-165.571,17.619,-0.5,0.0,GOING_TO_ENDPOINT,dump_zone_3,load_zone_26,0.00025,0.00067
1579.0,2026-07-02T15:30:29.195,3,107.268,247.5,10.103,-0.5,0.0,GOING_TO_ENDPOINT,dump_zone_2,load_zone_1,0.00025,0.00067
1580.0,2026-07-02T15:30:33.908,1,203.695,281.262,0.0,-0.5,1000.0,RETURNING_TO_START,load_zone_1,dump_zone_1,0.00025,0.00067
1580.0,2026-07-02T15:30:33.908,2,702.498,-170.213,15.919,-0.5,0.0,GOING_TO_ENDPOINT,dump_zone_3,load_zone_26,0.00025,0.00067
1580.0,2026-07-02T15:30:33.908,3,104.723,247.5,8.403,-0.5,0.0,GOING_TO_ENDPOINT,dump_zone_2,load_zone_1,0.00025,0.00067
1581.0,2026-07-02T15:30:39.490,1,203.695,281.262,0.0,-0.5,1000.0,RETURNING_TO_START,load_zone_1,dump_zone_1,0.00025,0.00067
1581.0,2026-07-02T15:30:39.490,2,702.5,-174.373,14.219,-0.5,0.0,GOING_TO_ENDPOINT,dump_zone_3,load_zone_26,0.00025,0.00067
1581.0,2026-07-02T15:30:39.490,3,102.648,247.5,6.654,-0.5,0.0,GOING_TO_ENDPOINT,dump_zone_2,load_zone_1,0.00025,0.00067
1582.0,2026-07-02T15:30:43.541,1,203.695,281.262,0.0,-0.5,1000.0,RETURNING_TO_START,load_zone_1,dump_zone_1,0.00025,0.00067
1582.0,2026-07-02T15:30:43.541,2,702.5,-178.076,12.544,-0.4167,0.0,GOING_TO_ENDPOINT,dump_zone_3,load_zone_26,0.00025,0.00067
1582.0,2026-07-02T15:30:43.541,3,100.997,247.295,5.979,0.25,0.0,GOING_TO_ENDPOINT,dump_zone_2,load_zone_1,0.000259,0.000694
1583.0,2026-07-02T15:30:47.005,1,203.695,281.262,0.0,-0.5,1000.0,RETURNING_TO_START,load_zone_1,dump_zone_1,0.00025,0.00067
1583.0,2026-07-02T15:30:47.005,2,702.5,-181.338,11.059,-0.3906,0.0,GOING_TO_ENDPOINT,dump_zone_3,load_zone_26,0.00025,0.00067
1583.0,2026-07-02T15:30:47.005,3,99.336,246.217,8.679,1.0,0.0,GOING_TO_ENDPOINT,dump_zone_2,load_zone_1,0.000284,0.000761
1584.0,2026-07-02T15:30:50.123,1,203.695,281.262,0.0,-0.5,1000.0,RETURNING_TO_START,load_zone_1,dump_zone_1,0.00025,0.00067
1584.0,2026-07-02T15:30:50.123,2,702.5,-184.153,9.308,-0.5,0.0,GOING_TO_ENDPOINT,dump_zone_3,load_zone_26,0.00025,0.00067
1584.0,2026-07-02T15:30:50.123,3,98.305,243.523,12.279,1.0,0.0,GOING_TO_ENDPOINT,dump_zone_2,load_zone_1,0.000297,0.000796
1585.0,2026-07-02T15:30:54.557,1,203.695,281.262,0.0,-0.5,1000.0,RETURNING_TO_START,load_zone_1,dump_zone_1,0.00025,0.00067
1585.0,2026-07-02T15:30:54.557,2,702.5,-186.47,7.559,-0.4979,0.0,GOING_TO_ENDPOINT,dump_zone_3,load_zone_26,0.00025,0.00067
1585.0,2026-07-02T15:30:54.557,3,99.725,239.886,15.879,1.0,0.0,GOING_TO_ENDPOINT,dump_zone_2,load_zone_1,0.000311,0.000833
1586.0,2026-07-02T15:30:59.739,1,203.695,281.262,0.0,-0.5,1000.0,RETURNING_TO_START,load_zone_1,dump_zone_1,0.00025,0.00067
1586.0,2026-07-02T15:30:59.739,2,702.5,-188.305,5.786,-0.5,0.0,GOING_TO_ENDPOINT,dump_zone_3,load_zone_26,0.00025,0.00067
1586.0,2026-07-02T15:30:59.739,3,101.961,235.482,19.373,0.8233,0.0,GOING_TO_ENDPOINT,dump_zone_2,load_zone_1,0.000314,0.000842
1587.0,2026-07-02T15:31:04.566,1,203.695,281.262,0.0,-0.5,1000.0,RETURNING_TO_START,load_zone_1,dump_zone_1,0.00025,0.00067
1587.0,2026-07-02T15:31:04.566,2,702.474,-189.64,3.986,-0.5,0.0,GOING_TO_ENDPOINT,dump_zone_3,load_zone_26,0.00025,0.00067
1587.0,2026-07-02T15:31:04.566,3,102.542,229.919,20.387,-0.1767,0.0,GOING_TO_ENDPOINT,dump_zone_2,load_zone_1,0.000251,0.000673
1588.0,2026-07-02T15:31:08.095,1,203.695,281.262,0.0,-0.5,1000.0,RETURNING_TO_START,load_zone_1,dump_zone_1,0.00025,0.00067
1588.0,2026-07-02T15:31:08.095,2,702.565,-190.47,2.186,-0.5,0.0,LOADING,dump_zone_3,load_zone_26,0.00025,0.00067
1588.0,2026-07-02T15:31:08.095,3,102.508,224.49,18.728,-0.5,0.0,GOING_TO_ENDPOINT,dump_zone_2,load_zone_1,0.00025,0.00067
1589.0,2026-07-02T15:31:11.040,1,203.695,281.262,0.0,-0.5,1000.0,RETURNING_TO_START,load_zone_1,dump_zone_1,0.00025,0.00067
1589.0,2026-07-02T15:31:11.040,2,702.649,-190.796,0.386,-0.5,0.0,LOADING,dump_zone_3,load_zone_26,0.00025,0.00067
1589.0,2026-07-02T15:31:11.040,3,102.499,219.559,16.928,-0.5,0.0,GOING_TO_ENDPOINT,dump_zone_2,load_zone_1,0.00025,0.00067
1590.0,2026-07-02T15:31:14.385,1,203.695,281.262,0.0,-0.5,1000.0,RETURNING_TO_START,load_zone_1,dump_zone_1,0.00025,0.00067
1590.0,2026-07-02T15:31:14.385,2,702.651,-190.803,0.0,-0.5,0.0,LOADING,dump_zone_3,load_zone_26,0.00025,0.00067
1590.0,2026-07-02T15:31:14.385,3,102.5,215.127,15.128,-0.5,0.0,GOING_TO_ENDPOINT,dump_zone_2,load_zone_1,0.00025,0.00067
1591.0,2026-07-02T15:31:18.675,1,203.695,281.262,0.0,-0.5,1000.0,RETURNING_TO_START,load_zone_1,dump_zone_1,0.00025,0.00067
1591.0,2026-07-02T15:31:18.675,2,703.262,-191.981,7.2,0.0,1000.0,TURNING_AROUND,load_zone_26,dump_zone_3,0.000258,0.000691
1591.0,2026-07-02T15:31:18.675,3,102.5,211.187,13.428,-0.5,0.0,GOING_TO_ENDPOINT,dump_zone_2,load_zone_1,0.00025,0.00067
1592.0,2026-07-02T15:31:24.289,1,203.695,281.262,0.0,-0.5,1000.0,RETURNING_TO_START,load_zone_1,dump_zone_1,0.00025,0.00067
1592.0,2026-07-02T15:31:24.289,2,704.544,-193.092,5.4,0.0,1000.0,TURNING_AROUND,load_zone_26,dump_zone_3,0.000256,0.000686
1592.0,2026-07-02T15:31:24.289,3,102.5,207.715,11.717,-0.5,0.0,GOING_TO_ENDPOINT,dump_zone_2,load_zone_1,0.00025,0.00067
1593.0,2026-07-02T15:31:28.364,1,203.695,281.262,0.0,-0.5,1000.0,RETURNING_TO_START,load_zone_1,dump_zone_1,0.00025,0.00067
1593.0,2026-07-02T15:31:28.364,2,703.392,-192.74,7.2,0.0,1000.0,TURNING_AROUND,load_zone_26,dump_zone_3,0.000258,0.000691
1593.0,2026-07-02T15:31:28.364,3,102.5,204.731,9.917,-0.5,0.0,GOING_TO_ENDPOINT,dump_zone_2,load_zone_1,0.00025,0.00067
1594.0,2026-07-02T15:31:33.747,1,203.695,281.262,0.0,-0.5,1000.0,RETURNING_TO_START,load_zone_1,dump_zone_1,0.00025,0.00067
1594.0,2026-07-02T15:31:33.747,2,705.332,-192.347,7.2,0.0,1000.0,TURNING_AROUND,load_zone_26,dump_zone_3,0.000258,0.000691
1594.0,2026-07-02T15:31:33.747,3,102.487,202.247,8.142,-0.4167,0.0,GOING_TO_ENDPOINT,dump_zone_2,load_zone_1,0.00025,0.00067
1595.0,2026-07-02T15:31:37.766,1,203.695,281.262,0.0,-0.5,1000.0,RETURNING_TO_START,load_zone_1,dump_zone_1,0.00025,0.00067
1595.0,2026-07-02T15:31:37.766,2,705.641,-192.335,5.4,0.0,1000.0,TURNING_AROUND,load_zone_26,dump_zone_3,0.000256,0.000686
1595.0,2026-07-02T15:31:37.766,3,102.268,200.043,8.142,0.25,0.0,GOING_TO_ENDPOINT,dump_zone_2,load_zone_1,0.000262,0.000702
1596.0,2026-07-02T15:31:42.233,1,203.695,281.262,0.0,-0.5,1000.0,RETURNING_TO_START,load_zone_1,dump_zone_1,0.00025,0.00067
1596.0,2026-07-02T15:31:42.233,2,705.582,-192.026,7.2,0.0,1000.0,TURNING_AROUND,load_zone_26,dump_zone_3,0.000258,0.000691
1596.0,2026-07-02T15:31:42.233,3,101.471,197.766,8.792,-0.0833,0.0,GOING_TO_ENDPOINT,dump_zone_2,load_zone_1,0.000253,0.000678
1597.0,2026-07-02T15:31:45.151,1,203.695,281.262,0.0,-0.5,1000.0,RETURNING_TO_START,load_zone_1,dump_zone_1,0.00025,0.00067
1597.0,2026-07-02T15:31:45.151,2,705.62,-191.852,0.25,0.3333,1000.0,RETURNING_TO_START,load_zone_26,dump_zone_3,0.000251,0.000673
1597.0,2026-07-02T15:31:45.151,3,100.272,195.476,10.297,0.8765,0.0,GOING_TO_ENDPOINT,dump_zone_2,load_zone_1,0.000286,0.000766
1598.0,2026-07-02T15:31:47.221,1,203.695,281.262,0.0,-0.5,1000.0,RETURNING_TO_START,load_zone_1,dump_zone_1,0.00025,0.00067
1598.0,2026-07-02T15:31:47.221,2,705.592,-191.404,3.15,1.0,1000.0,RETURNING_TO_START,load_zone_26,dump_zone_3,0.00027,0.000724
1598.0,2026-07-02T15:31:47.221,3,98.538,192.553,13.885,1.0,0.0,GOING_TO_ENDPOINT,dump_zone_2,load_zone_1,0.000304,0.000815
1599.0,2026-07-02T15:31:51.292,1,203.695,281.262,0.0,-0.5,1000.0,RETURNING_TO_START,load_zone_1,dump_zone_1,0.00025,0.00067
1599.0,2026-07-02T15:31:51.292,2,705.17,-190.06,6.75,1.0,1000.0,RETURNING_TO_START,load_zone_26,dump_zone_3,0.000294,0.000788
1599.0,2026-07-02T15:31:51.292,3,96.242,188.855,16.869,0.5381,0.0,GOING_TO_ENDPOINT,dump_zone_2,load_zone_1,0.00029,0.000777
1600.0,2026-07-02T15:31:55.583,1,203.695,281.262,0.0,-0.5,1000.0,RETURNING_TO_START,load_zone_1,dump_zone_1,0.00025,0.00067
1600.0,2026-07-02T15:31:55.583,2,703.65,-188.192,10.35,1.0,1000.0,RETURNING_TO_START,load_zone_26,dump_zone_3,0.000317,0.00085
1600.0,2026-07-02T15:31:55.583,3,93.771,184.778,16.856,-0.4619,0.0,GOING_TO_ENDPOINT,dump_zone_2,load_zone_1,0.00025,0.00067
1601.0,2026-07-02T15:32:00.243,1,203.695,281.262,0.0,-0.5,1000.0,RETURNING_TO_START,load_zone_1,dump_zone_1,0.00025,0.00067
1601.0,2026-07-02T15:32:00.243,2,701.27,-185.742,13.95,1.0,1000.0,RETURNING_TO_START,load_zone_26,dump_zone_3,0.00034,0.000911
1601.0,2026-07-02T15:32:00.243,3,91.495,180.988,15.156,-0.5,0.0,GOING_TO_ENDPOINT,dump_zone_2,load_zone_1,0.00025,0.00067
1602.0,2026-07-02T15:32:05.141,1,203.695,281.262,0.0,-0.5,1000.0,RETURNING_TO_START,load_zone_1,dump_zone_1,0.00025,0.00067
1602.0,2026-07-02T15:32:05.141,2,698.665,-182.202,17.55,1.0,1000.0,RETURNING_TO_START,load_zone_26,dump_zone_3,0.000363,0.000973
1602.0,2026-07-02T15:32:05.141,3,89.465,177.608,13.451,-0.3391,0.0,GOING_TO_ENDPOINT,dump_zone_2,load_zone_1,0.00025,0.00067
1603.0,2026-07-02T15:32:09.426,1,203.695,281.262,0.0,-0.5,1000.0,RETURNING_TO_START,load_zone_1,dump_zone_1,0.00025,0.00067
1603.0,2026-07-02T15:32:09.426,2,697.481,-177.12,19.5,0.0833,1000.0,RETURNING_TO_START,load_zone_26,dump_zone_3,0.000279,0.000748
1603.0,2026-07-02T15:32:09.426,3,87.662,174.604,11.796,-0.5,0.0,GOING_TO_ENDPOINT,dump_zone_2,load_zone_1,0.00025,0.00067
1604.0,2026-07-02T15:32:13.665,1,203.695,281.262,0.0,-0.5,1000.0,RETURNING_TO_START,load_zone_1,dump_zone_1,0.00025,0.00067
1604.0,2026-07-02T15:32:13.665,2,697.474,-171.85,18.225,-0.5,1000.0,RETURNING_TO_START,load_zone_26,dump_zone_3,0.00025,0.00067
1604.0,2026-07-02T15:32:13.665,3,86.114,172.028,9.996,-0.5,0.0,GOING_TO_ENDPOINT,dump_zone_2,load_zone_1,0.00025,0.00067
1605.0,2026-07-02T15:32:18.255,1,203.695,281.262,0.0,-0.5,1000.0,RETURNING_TO_START,load_zone_1,dump_zone_1,0.00025,0.00067
1605.0,2026-07-02T15:32:18.255,2,697.502,-167.058,16.425,-0.5,1000.0,RETURNING_TO_START,load_zone_26,dump_zone_3,0.00025,0.00067
1605.0,2026-07-02T15:32:18.255,3,84.645,170.007,8.196,-0.5,0.0,GOING_TO_ENDPOINT,dump_zone_2,load_zone_1,0.00025,0.00067
1606.0,2026-07-02T15:32:22.595,1,203.695,281.262,0.0,-0.5,1000.0,RETURNING_TO_START,load_zone_1,dump_zone_1,0.00025,0.00067
1606.0,2026-07-02T15:32:22.595,2,697.501,-162.766,14.625,-0.5,1000.0,RETURNING_TO_START,load_zone_26,dump_zone_3,0.00025,0.00067
1606.0,2026-07-02T15:32:22.595,3,83.103,168.695,6.737,-0.2421,0.0,GOING_TO_ENDPOINT,dump_zone_2,load_zone_1,0.00025,0.00067
1607.0,2026-07-02T15:32:26.646,1,203.695,281.262,0.0,-0.5,1000.0,RETURNING_TO_START,load_zone_1,dump_zone_1,0.00025,0.00067
1607.0,2026-07-02T15:32:26.646,2,697.5,-158.975,12.825,-0.5,1000.0,RETURNING_TO_START,load_zone_26,dump_zone_3,0.00025,0.00067
1607.0,2026-07-02T15:32:26.646,3,81.943,167.538,5.131,-0.5,0.0,GOING_TO_ENDPOINT,dump_zone_2,load_zone_1,0.00025,0.00067
1608.0,2026-07-02T15:32:30.098,1,203.695,281.262,0.0,-0.5,1000.0,RETURNING_TO_START,load_zone_1,dump_zone_1,0.00025,0.00067
1608.0,2026-07-02T15:32:30.098,2,697.5,-155.683,11.025,-0.5,1000.0,RETURNING_TO_START,load_zone_26,dump_zone_3,0.00025,0.00067
1608.0,2026-07-02T15:32:30.098,3,81.436,166.5,3.431,-0.4167,0.0,GOING_TO_ENDPOINT,dump_zone_2,load_zone_1,0.00025,0.00067
1609.0,2026-07-02T15:32:34.028,1,203.695,281.262,0.0,-0.5,1000.0,RETURNING_TO_START,load_zone_1,dump_zone_1,0.00025,0.00067
1609.0,2026-07-02T15:32:34.028,2,697.504,-152.891,9.225,-0.5,1000.0,RETURNING_TO_START,load_zone_26,dump_zone_3,0.00025,0.00067
1609.0,2026-07-02T15:32:34.028,3,81.262,165.672,3.281,0.4167,0.0,GOING_TO_ENDPOINT,dump_zone_2,load_zone_1,0.000257,0.000689
1610.0,2026-07-02T15:32:38.449,1,203.695,281.262,0.0,-0.5,1000.0,RETURNING_TO_START,load_zone_1,dump_zone_1,0.00025,0.00067
1610.0,2026-07-02T15:32:38.449,2,697.325,-150.616,7.425,-0.5,1000.0,RETURNING_TO_START,load_zone_26,dump_zone_3,0.00025,0.00067
1610.0,2026-07-02T15:32:38.449,3,81.352,164.36,6.206,0.75,0.0,GOING_TO_ENDPOINT,dump_zone_2,load_zone_1,0.000269,0.000721
1611.0,2026-07-02T15:32:43.105,1,203.695,281.262,0.0,-0.5,1000.0,RETURNING_TO_START,load_zone_1,dump_zone_1,0.00025,0.00067
1611.0,2026-07-02T15:32:43.105,2,696.341,-148.946,7.275,0.4167,1000.0,RETURNING_TO_START,load_zone_26,dump_zone_3,0.000274,0.000734
1611.0,2026-07-02T15:32:43.105,3,81.938,162.434,7.806,0.0833,0.0,GOING_TO_ENDPOINT,dump_zone_2,load_zone_1,0.000257,0.000689
1612.0,2026-07-02T15:32:46.569,1,203.695,281.262,0.0,-0.5,1000.0,RETURNING_TO_START,load_zone_1,dump_zone_1,0.00025,0.00067
1612.0,2026-07-02T15:32:46.569,2,694.552,-147.292,10.35,1.0,1000.0,RETURNING_TO_START,load_zone_26,dump_zone_3,0.000317,0.00085
1612.0,2026-07-02T15:32:46.569,3,82.329,160.452,6.531,-0.5,0.0,GOING_TO_ENDPOINT,dump_zone_2,load_zone_1,0.00025,0.00067
1613.0,2026-07-02T15:32:49.993,1,203.695,281.262,0.0,-0.5,1000.0,RETURNING_TO_START,load_zone_1,dump_zone_1,0.00025,0.00067
1613.0,2026-07-02T15:32:49.993,2,691.967,-145.058,13.95,1.0,1000.0,RETURNING_TO_START,load_zone_26,dump_zone_3,0.00034,0.000911
1613.0,2026-07-02T15:32:49.993,3,82.689,158.959,4.731,-0.5,0.0,GOING_TO_ENDPOINT,dump_zone_2,load_zone_1,0.00025,0.00067
1614.0,2026-07-02T15:32:53.198,1,203.695,281.262,0.0,-0.5,1000.0,RETURNING_TO_START,load_zone_1,dump_zone_1,0.00025,0.00067
1614.0,2026-07-02T15:32:53.198,2,688.656,-142.136,17.55,1.0,1000.0,RETURNING_TO_START,load_zone_26,dump_zone_3,0.000363,0.000973
1614.0,2026-07-02T15:32:53.198,3,83.232,158.071,2.931,-0.5,0.0,LOADING,dump_zone_2,load_zone_1,0.00025,0.00067
1615.0,2026-07-02T15:32:58.340,1,203.695,281.262,0.0,-0.5,1000.0,RETURNING_TO_START,load_zone_1,dump_zone_1,0.00025,0.00067
1615.0,2026-07-02T15:32:58.340,2,684.793,-138.34,21.15,1.0,1000.0,RETURNING_TO_START,load_zone_26,dump_zone_3,0.000386,0.001034
1615.0,2026-07-02T15:32:58.340,3,83.597,157.669,1.131,-0.5,0.0,LOADING,dump_zone_2,load_zone_1,0.00025,0.00067
1616.0,2026-07-02T15:33:02.976,1,203.695,281.262,0.0,-0.5,1000.0,RETURNING_TO_START,load_zone_1,dump_zone_1,0.00025,0.00067
1616.0,2026-07-02T15:33:02.976,2,680.295,-133.832,24.05,0.4167,1000.0,RETURNING_TO_START,load_zone_26,dump_zone_3,0.000329,0.000882
1616.0,2026-07-02T15:33:02.976,3,83.657,157.608,0.0,-0.5,0.0,LOADING,dump_zone_2,load_zone_1,0.00025,0.00067
1617.0,2026-07-02T15:33:06.922,1,203.695,281.262,0.0,-0.5,1000.0,RETURNING_TO_START,load_zone_1,dump_zone_1,0.00025,0.00067
1617.0,2026-07-02T15:33:06.922,2,675.561,-129.096,23.625,-0.5,1000.0,RETURNING_TO_START,load_zone_26,dump_zone_3,0.00025,0.00067
1617.0,2026-07-02T15:33:06.922,3,84.037,157.283,7.2,0.0,1000.0,TURNING_AROUND,load_zone_1,dump_zone_2,0.000258,0.000691
1618.0,2026-07-02T15:33:08.927,1,203.695,281.262,0.0,-0.5,1000.0,RETURNING_TO_START,load_zone_1,dump_zone_1,0.00025,0.00067
1618.0,2026-07-02T15:33:08.927,2,671.112,-124.648,21.825,-0.5,1000.0,RETURNING_TO_START,load_zone_26,dump_zone_3,0.00025,0.00067
1618.0,2026-07-02T15:33:08.927,3,85.865,156.523,7.2,0.0,1000.0,TURNING_AROUND,load_zone_1,dump_zone_2,0.000258,0.000691
1619.0,2026-07-02T15:33:11.281,1,203.695,281.262,0.0,-0.5,1000.0,RETURNING_TO_START,load_zone_1,dump_zone_1,0.00025,0.00067
1619.0,2026-07-02T15:33:11.281,2,667.017,-120.552,20.025,-0.5,1000.0,RETURNING_TO_START,load_zone_26,dump_zone_3,0.00025,0.00067
1619.0,2026-07-02T15:33:11.281,3,85.542,156.341,5.4,0.0,1000.0,TURNING_AROUND,load_zone_1,dump_zone_2,0.000256,0.000686
1620.0,2026-07-02T15:33:13.324,1,203.695,281.262,0.0,-0.5,1000.0,RETURNING_TO_START,load_zone_1,dump_zone_1,0.00025,0.00067
1620.0,2026-07-02T15:33:13.324,2,663.275,-116.81,18.225,-0.5,1000.0,RETURNING_TO_START,load_zone_26,dump_zone_3,0.00025,0.00067
1620.0,2026-07-02T15:33:13.324,3,86.191,156.889,7.2,0.0,1000.0,TURNING_AROUND,load_zone_1,dump_zone_2,0.000258,0.000691
1621.0,2026-07-02T15:33:15.418,1,203.695,281.262,0.0,-0.5,1000.0,RETURNING_TO_START,load_zone_1,dump_zone_1,0.00025,0.00067
1621.0,2026-07-02T15:33:15.418,2,659.887,-113.422,16.425,-0.5,1000.0,RETURNING_TO_START,load_zone_26,dump_zone_3,0.00025,0.00067
1621.0,2026-07-02T15:33:15.418,3,87.188,158.261,5.4,0.0,1000.0,TURNING_AROUND,load_zone_1,dump_zone_2,0.000256,0.000686
1622.0,2026-07-02T15:33:17.811,1,203.695,281.262,0.0,-0.5,1000.0,RETURNING_TO_START,load_zone_1,dump_zone_1,0.00025,0.00067
1622.0,2026-07-02T15:33:17.811,2,656.852,-110.388,14.625,-0.5,1000.0,RETURNING_TO_START,load_zone_26,dump_zone_3,0.00025,0.00067
1622.0,2026-07-02T15:33:17.811,3,87.043,157.788,0.124,0.2206,1000.0,RETURNING_TO_START,load_zone_1,dump_zone_2,0.00025,0.00067
1623.0,2026-07-02T15:33:20.751,1,203.695,281.262,0.0,-0.5,1000.0,RETURNING_TO_START,load_zone_1,dump_zone_1,0.00025,0.00067
1623.0,2026-07-02T15:33:20.751,2,654.171,-107.706,12.825,-0.5,1000.0,RETURNING_TO_START,load_zone_26,dump_zone_3,0.00025,0.00067
1623.0,2026-07-02T15:33:20.751,3,87.025,158.147,2.744,1.0,1000.0,RETURNING_TO_START,load_zone_1,dump_zone_2,0.000268,0.000718
1624.0,2026-07-02T15:33:24.392,1,203.695,281.262,0.0,-0.5,1000.0,RETURNING_TO_START,load_zone_1,dump_zone_1,0.00025,0.00067
1624.0,2026-07-02T15:33:24.392,2,651.843,-105.379,11.025,-0.5,1000.0,RETURNING_TO_START,load_zone_26,dump_zone_3,0.00025,0.00067
1624.0,2026-07-02T15:33:24.392,3,86.682,159.399,6.344,1.0,1000.0,RETURNING_TO_START,load_zone_1,dump_zone_2,0.000291,0.00078
1625.0,2026-07-02T15:33:28.515,1,203.695,281.262,0.0,-0.5,1000.0,RETURNING_TO_START,load_zone_1,dump_zone_1,0.00025,0.00067
1625.0,2026-07-02T15:33:28.515,2,649.876,-103.398,9.225,-0.5,1000.0,RETURNING_TO_START,load_zone_26,dump_zone_3,0.00025,0.00067
1625.0,2026-07-02T15:33:28.515,3,85.17,161.093,9.944,1.0,1000.0,RETURNING_TO_START,load_zone_1,dump_zone_2,0.000314,0.000842
1626.0,2026-07-02T15:33:32.495,1,203.695,281.262,0.0,-0.5,1000.0,RETURNING_TO_START,load_zone_1,dump_zone_1,0.00025,0.00067
1626.0,2026-07-02T15:33:32.495,2,648.042,-102.042,7.575,-0.25,1000.0,RETURNING_TO_START,load_zone_26,dump_zone_3,0.00025,0.00067
1626.0,2026-07-02T15:33:32.495,3,82.081,162.241,13.544,1.0,1000.0,RETURNING_TO_START,load_zone_1,dump_zone_2,0.000337,0.000903
1627.0,2026-07-02T15:33:36.698,1,203.695,281.262,0.0,-0.5,1000.0,RETURNING_TO_START,load_zone_1,dump_zone_1,0.00025,0.00067
1627.0,2026-07-02T15:33:36.698,2,645.904,-101.705,8.625,0.75,1000.0,RETURNING_TO_START,load_zone_26,dump_zone_3,0.000294,0.000788
1627.0,2026-07-02T15:33:36.698,3,78.55,164.432,16.019,0.25,1000.0,RETURNING_TO_START,load_zone_1,dump_zone_2,0.000289,0.000775
1628.0,2026-07-02T15:33:40.030,1,203.695,281.262,0.0,-0.5,1000.0,RETURNING_TO_START,load_zone_1,dump_zone_1,0.00025,0.00067
1628.0,2026-07-02T15:33:40.030,2,642.995,-101.91,12.15,1.0,1000.0,RETURNING_TO_START,load_zone_26,dump_zone_3,0.000328,0.000879
1628.0,2026-07-02T15:33:40.030,3,77.98,168.56,15.119,-0.5,1000.0,RETURNING_TO_START,load_zone_1,dump_zone_2,0.00025,0.00067
1629.0,2026-07-02T15:33:43.836,1,203.695,281.262,0.0,-0.5,1000.0,RETURNING_TO_START,load_zone_1,dump_zone_1,0.00025,0.00067
1629.0,2026-07-02T15:33:43.836,2,639.093,-102.244,15.75,1.0,1000.0,RETURNING_TO_START,load_zone_26,dump_zone_3,0.000352,0.000943
1629.0,2026-07-02T15:33:43.836,3,80.153,171.887,14.019,0.0833,1000.0,RETURNING_TO_START,load_zone_1,dump_zone_2,0.000271,0.000726
1630.0,2026-07-02T15:33:48.312,1,203.695,281.262,0.0,-0.5,1000.0,RETURNING_TO_START,load_zone_1,dump_zone_1,0.00025,0.00067
1630.0,2026-07-02T15:33:48.312,2,634.193,-102.474,19.225,0.9167,1000.0,RETURNING_TO_START,load_zone_26,dump_zone_3,0.000365,0.000978
1630.0,2026-07-02T15:33:48.312,3,82.327,175.412,16.09,0.8567,1000.0,RETURNING_TO_START,load_zone_1,dump_zone_2,0.000341,0.000914
1631.0,2026-07-02T15:33:53.074,1,203.695,281.262,0.0,-0.5,1000.0,RETURNING_TO_START,load_zone_1,dump_zone_1,0.00025,0.00067
1631.0,2026-07-02T15:33:53.074,2,628.567,-102.504,20.575,-0.0833,1000.0,RETURNING_TO_START,load_zone_26,dump_zone_3,0.000263,0.000705
1631.0,2026-07-02T15:33:53.074,3,84.817,179.576,18.117,0.1195,1000.0,RETURNING_TO_START,load_zone_1,dump_zone_2,0.000281,0.000753
1632.0,2026-07-02T15:33:56.147,1,203.695,281.262,0.0,-0.5,1000.0,RETURNING_TO_START,load_zone_1,dump_zone_1,0.00025,0.00067
1632.0,2026-07-02T15:33:56.147,2,623.058,-102.501,19.025,-0.5,1000.0,RETURNING_TO_START,load_zone_26,dump_zone_3,0.00025,0.00067
1632.0,2026-07-02T15:33:56.147,3,87.339,183.78,16.918,-0.5,1000.0,RETURNING_TO_START,load_zone_1,dump_zone_2,0.00025,0.00067
1633.0,2026-07-02T15:33:59.518,1,203.695,281.262,0.0,-0.5,1000.0,RETURNING_TO_START,load_zone_1,dump_zone_1,0.00025,0.00067
1633.0,2026-07-02T15:33:59.518,2,618.045,-102.5,17.225,-0.5,1000.0,RETURNING_TO_START,load_zone_26,dump_zone_3,0.00025,0.00067
1633.0,2026-07-02T15:33:59.518,3,89.62,187.576,15.118,-0.5,1000.0,RETURNING_TO_START,load_zone_1,dump_zone_2,0.00025,0.00067
1634.0,2026-07-02T15:34:04.221,1,203.695,281.262,0.0,-0.5,1000.0,RETURNING_TO_START,load_zone_1,dump_zone_1,0.00025,0.00067
1634.0,2026-07-02T15:34:04.221,2,613.531,-102.5,15.425,-0.5,1000.0,RETURNING_TO_START,load_zone_26,dump_zone_3,0.00025,0.00067
1634.0,2026-07-02T15:34:04.221,3,91.645,190.947,13.418,-0.4167,1000.0,RETURNING_TO_START,load_zone_1,dump_zone_2,0.00025,0.00067
1635.0,2026-07-02T15:34:08.114,1,203.695,281.262,0.0,-0.5,1000.0,RETURNING_TO_START,load_zone_1,dump_zone_1,0.00025,0.00067
1635.0,2026-07-02T15:34:08.114,2,609.517,-102.5,13.625,-0.5,1000.0,RETURNING_TO_START,load_zone_26,dump_zone_3,0.00025,0.00067
1635.0,2026-07-02T15:34:08.114,3,93.425,193.91,11.618,-0.5,1000.0,RETURNING_TO_START,load_zone_1,dump_zone_2,0.00025,0.00067
1636.0,2026-07-02T15:34:12.156,1,203.695,281.262,0.0,-0.5,1000.0,RETURNING_TO_START,load_zone_1,dump_zone_1,0.00025,0.00067
1636.0,2026-07-02T15:34:12.156,2,606.003,-102.5,11.825,-0.5,1000.0,RETURNING_TO_START,load_zone_26,dump_zone_3,0.00025,0.00067
1636.0,2026-07-02T15:34:12.156,3,94.948,196.444,9.818,-0.5,1000.0,RETURNING_TO_START,load_zone_1,dump_zone_2,0.00025,0.00067
1637.0,2026-07-02T15:34:16.328,1,203.695,281.262,0.0,-0.5,1000.0,RETURNING_TO_START,load_zone_1,dump_zone_1,0.00025,0.00067
1637.0,2026-07-02T15:34:16.328,2,602.989,-102.499,10.025,-0.5,1000.0,RETURNING_TO_START,load_zone_26,dump_zone_3,0.00025,0.00067
1637.0,2026-07-02T15:34:16.328,3,96.213,198.55,8.018,-0.5,1000.0,RETURNING_TO_START,load_zone_1,dump_zone_2,0.00025,0.00067
1638.0,2026-07-02T15:34:21.116,1,203.695,281.262,0.0,-0.5,1000.0,RETURNING_TO_START,load_zone_1,dump_zone_1,0.00025,0.00067
1638.0,2026-07-02T15:34:21.116,2,600.493,-102.261,8.281,-0.3819,1000.0,RETURNING_TO_START,load_zone_26,dump_zone_3,0.00025,0.00067
1638.0,2026-07-02T15:34:21.116,3,97.271,200.195,6.243,-0.4167,1000.0,RETURNING_TO_START,load_zone_1,dump_zone_2,0.00025,0.00067
1639.0,2026-07-02T15:34:25.287,1,203.695,281.262,0.0,-0.5,1000.0,RETURNING_TO_START,load_zone_1,dump_zone_1,0.00025,0.00067
1639.0,2026-07-02T15:34:25.287,2,598.577,-101.04,8.806,0.4514,1000.0,RETURNING_TO_START,load_zone_26,dump_zone_3,0.000281,0.000753
1639.0,2026-07-02T15:34:25.287,3,98.52,201.359,6.693,0.5833,1000.0,RETURNING_TO_START,load_zone_1,dump_zone_2,0.000278,0.000745
1640.0,2026-07-02T15:34:29.589,1,203.695,281.262,0.0,-0.5,1000.0,RETURNING_TO_START,load_zone_1,dump_zone_1,0.00025,0.00067
1640.0,2026-07-02T15:34:29.589,2,597.546,-98.814,8.531,-0.3819,1000.0,RETURNING_TO_START,load_zone_26,dump_zone_3,0.00025,0.00067
1640.0,2026-07-02T15:34:29.589,3,100.537,202.205,8.493,0.0833,1000.0,RETURNING_TO_START,load_zone_1,dump_zone_2,0.000263,0.000705
1641.0,2026-07-02T15:34:33.114,1,203.695,281.262,0.0,-0.5,1000.0,RETURNING_TO_START,load_zone_1,dump_zone_1,0.00025,0.00067
1641.0,2026-07-02T15:34:33.114,2,597.332,-96.454,9.106,0.6181,1000.0,RETURNING_TO_START,load_zone_26,dump_zone_3,0.00029,0.000777
1641.0,2026-07-02T15:34:33.114,3,103.037,202.523,10.143,0.9167,1000.0,RETURNING_TO_START,load_zone_1,dump_zone_2,0.000311,0.000833
1642.0,2026-07-02T15:34:35.252,1,203.695,281.262,0.0,-0.5,1000.0,RETURNING_TO_START,load_zone_1,dump_zone_1,0.00025,0.00067
1642.0,2026-07-02T15:34:35.252,2,597.357,-93.437,12.498,1.0,1000.0,RETURNING_TO_START,load_zone_26,dump_zone_3,0.000331,0.000887
1642.0,2026-07-02T15:34:35.252,3,106.395,202.604,13.743,1.0,1000.0,RETURNING_TO_START,load_zone_1,dump_zone_2,0.000339,0.000909
1643.0,2026-07-02T15:34:38.260,1,203.695,281.262,0.0,-0.5,1000.0,RETURNING_TO_START,load_zone_1,dump_zone_1,0.00025,0.00067
1643.0,2026-07-02T15:34:38.260,2,597.452,-89.424,16.098,1.0,1000.0,RETURNING_TO_START,load_zone_26,dump_zone_3,0.000354,0.000949
1643.0,2026-07-02T15:34:38.260,3,110.753,202.554,17.343,1.0,1000.0,RETURNING_TO_START,load_zone_1,dump_zone_2,0.000362,0.00097
1644.0,2026-07-02T15:34:42.742,1,203.695,281.262,0.0,-0.5,1000.0,RETURNING_TO_START,load_zone_1,dump_zone_1,0.00025,0.00067
1644.0,2026-07-02T15:34:42.742,2,597.502,-84.411,19.698,1.0,1000.0,RETURNING_TO_START,load_zone_26,dump_zone_3,0.000377,0.00101
1644.0,2026-07-02T15:34:42.742,3,116.063,202.503,20.243,0.4167,1000.0,RETURNING_TO_START,load_zone_1,dump_zone_2,0.000317,0.00085
1645.0,2026-07-02T15:34:46.834,1,203.695,281.262,0.0,-0.5,1000.0,RETURNING_TO_START,load_zone_1,dump_zone_1,0.00025,0.00067
1645.0,2026-07-02T15:34:46.834,2,597.501,-78.404,23.148,0.75,1000.0,RETURNING_TO_START,load_zone_26,dump_zone_3,0.000368,0.000986
1645.0,2026-07-02T15:34:46.834,3,121.702,202.499,19.818,-0.5,1000.0,RETURNING_TO_START,load_zone_1,dump_zone_2,0.00025,0.00067
1646.0,2026-07-02T15:34:51.320,1,203.695,281.262,0.0,-0.5,1000.0,RETURNING_TO_START,load_zone_1,dump_zone_1,0.00025,0.00067
1646.0,2026-07-02T15:34:51.320,2,597.5,-71.778,23.898,-0.25,1000.0,RETURNING_TO_START,load_zone_26,dump_zone_3,0.00025,0.00067
1646.0,2026-07-02T15:34:51.320,3,126.936,202.5,18.018,-0.5,1000.0,RETURNING_TO_START,load_zone_1,dump_zone_2,0.00025,0.00067
1647.0,2026-07-02T15:34:55.945,1,203.695,281.262,0.0,-0.5,1000.0,RETURNING_TO_START,load_zone_1,dump_zone_1,0.00025,0.00067
1647.0,2026-07-02T15:34:55.945,2,597.5,-65.37,22.548,-0.0833,1000.0,RETURNING_TO_START,load_zone_26,dump_zone_3,0.000264,0.000708
1647.0,2026-07-02T15:34:55.945,3,131.67,202.5,16.218,-0.5,1000.0,RETURNING_TO_START,load_zone_1,dump_zone_2,0.00025,0.00067
1648.0,2026-07-02T15:34:59.955,1,203.695,281.262,0.0,-0.5,1000.0,RETURNING_TO_START,load_zone_1,dump_zone_1,0.00025,0.00067
1648.0,2026-07-02T15:34:59.955,2,597.5,-59.093,22.648,0.0833,1000.0,RETURNING_TO_START,load_zone_26,dump_zone_3,0.000284,0.000761
1648.0,2026-07-02T15:34:59.955,3,135.904,202.5,14.418,-0.5,1000.0,RETURNING_TO_START,load_zone_1,dump_zone_2,0.00025,0.00067
1649.0,2026-07-02T15:35:04.256,1,203.695,281.262,0.0,-0.5,1000.0,RETURNING_TO_START,load_zone_1,dump_zone_1,0.00025,0.00067
1649.0,2026-07-02T15:35:04.256,2,597.5,-52.788,22.967,0.1455,1000.0,RETURNING_TO_START,load_zone_26,dump_zone_3,0.000292,0.000783
1649.0,2026-07-02T15:35:04.256,3,139.638,202.5,12.618,-0.5,1000.0,RETURNING_TO_START,load_zone_1,dump_zone_2,0.00025,0.00067
1650.0,2026-07-02T15:35:07.951,1,203.695,281.262,0.0,-0.5,1000.0,RETURNING_TO_START,load_zone_1,dump_zone_1,0.00025,0.00067
1650.0,2026-07-02T15:35:07.951,2,597.5,-46.482,22.166,-0.25,1000.0,RETURNING_TO_START,load_zone_26,dump_zone_3,0.00025,0.00067
1650.0,2026-07-02T15:35:07.951,3,142.872,202.5,10.818,-0.5,1000.0,RETURNING_TO_START,load_zone_1,dump_zone_2,0.00025,0.00067
1651.0,2026-07-02T15:35:13.511,1,203.695,281.262,0.0,-0.5,1000.0,RETURNING_TO_START,load_zone_1,dump_zone_1,0.00025,0.00067
1651.0,2026-07-02T15:35:13.511,2,597.5,-40.29,22.466,-0.0833,1000.0,RETURNING_TO_START,load_zone_26,dump_zone_3,0.000264,0.000708
1651.0,2026-07-02T15:35:13.511,3,145.606,202.5,9.018,-0.5,1000.0,RETURNING_TO_START,load_zone_1,dump_zone_2,0.00025,0.00067
1652.0,2026-07-02T15:35:17.939,1,203.695,281.262,0.0,-0.5,1000.0,RETURNING_TO_START,load_zone_1,dump_zone_1,0.00025,0.00067
1652.0,2026-07-02T15:35:17.939,2,597.5,-34.015,22.766,-0.0833,1000.0,RETURNING_TO_START,load_zone_26,dump_zone_3,0.000264,0.000708
1652.0,2026-07-02T15:35:17.939,3,147.841,202.505,7.243,-0.4167,1000.0,RETURNING_TO_START,load_zone_1,dump_zone_2,0.00025,0.00067
1653.0,2026-07-02T15:35:21.052,1,203.695,281.262,0.0,-0.5,1000.0,RETURNING_TO_START,load_zone_1,dump_zone_1,0.00025,0.00067
1653.0,2026-07-02T15:35:21.052,2,597.5,-27.689,23.145,0.3515,1000.0,RETURNING_TO_START,load_zone_26,dump_zone_3,0.000318,0.000852
1653.0,2026-07-02T15:35:21.052,3,149.729,203.088,7.693,0.5833,1000.0,RETURNING_TO_START,load_zone_1,dump_zone_2,0.000282,0.000756
1654.0,2026-07-02T15:35:25.035,1,203.695,281.262,0.0,-0.5,1000.0,RETURNING_TO_START,load_zone_1,dump_zone_1,0.00025,0.00067
1654.0,2026-07-02T15:35:25.035,2,597.5,-21.231,23.011,-0.3707,1000.0,RETURNING_TO_START,load_zone_26,dump_zone_3,0.00025,0.00067
1654.0,2026-07-02T15:35:25.035,3,151.358,205.072,11.043,1.0,1000.0,RETURNING_TO_START,load_zone_1,dump_zone_2,0.000321,0.00086
1655.0,2026-07-02T15:35:30.682,1,203.695,281.262,0.0,-0.5,1000.0,RETURNING_TO_START,load_zone_1,dump_zone_1,0.00025,0.00067
1655.0,2026-07-02T15:35:30.682,2,597.5,-14.945,22.642,0.1842,1000.0,RETURNING_TO_START,load_zone_26,dump_zone_3,0.000296,0.000793
1655.0,2026-07-02T15:35:30.682,3,151.02,208.548,14.643,1.0,1000.0,RETURNING_TO_START,load_zone_1,dump_zone_2,0.000344,0.000922
1656.0,2026-07-02T15:35:36.711,1,203.695,281.262,0.0,-0.5,1000.0,RETURNING_TO_START,load_zone_1,dump_zone_1,0.00025,0.00067
1656.0,2026-07-02T15:35:36.711,2,597.5,-8.494,23.557,0.0863,1000.0,RETURNING_TO_START,load_zone_26,dump_zone_3,0.000286,0.000766
1656.0,2026-07-02T15:35:36.711,3,148.647,212.496,18.243,1.0,1000.0,RETURNING_TO_START,load_zone_1,dump_zone_2,0.000368,0.000986
1657.0,2026-07-02T15:35:40.854,1,203.695,281.262,0.0,-0.5,1000.0,RETURNING_TO_START,load_zone_1,dump_zone_1,0.00025,0.00067
1657.0,2026-07-02T15:35:40.854,2,597.5,-2.014,22.932,-0.3698,1000.0,RETURNING_TO_START,load_zone_26,dump_zone_3,0.00025,0.00067
1657.0,2026-07-02T15:35:40.854,3,147.523,217.895,21.043,0.3799,1000.0,RETURNING_TO_START,load_zone_1,dump_zone_2,0.000315,0.000844
1658.0,2026-07-02T15:35:44.225,1,203.695,281.262,0.0,-0.5,1000.0,RETURNING_TO_START,load_zone_1,dump_zone_1,0.00025,0.00067
1658.0,2026-07-02T15:35:44.225,2,597.5,4.248,22.501,0.1302,1000.0,RETURNING_TO_START,load_zone_26,dump_zone_3,0.00029,0.000777
1658.0,2026-07-02T15:35:44.225,3,147.475,223.736,20.508,-0.5,1000.0,RETURNING_TO_START,load_zone_1,dump_zone_2,0.00025,0.00067
1659.0,2026-07-02T15:35:46.859,1,203.695,281.262,0.0,-0.5,1000.0,RETURNING_TO_START,load_zone_1,dump_zone_1,0.00025,0.00067
1659.0,2026-07-02T15:35:46.859,2,597.5,10.568,22.562,-0.2357,1000.0,RETURNING_TO_START,load_zone_26,dump_zone_3,0.00025,0.00067
1659.0,2026-07-02T15:35:46.859,3,147.5,229.161,18.708,-0.5,1000.0,RETURNING_TO_START,load_zone_1,dump_zone_2,0.00025,0.00067
1660.0,2026-07-02T15:35:50.629,1,203.695,281.262,0.0,-0.5,1000.0,RETURNING_TO_START,load_zone_1,dump_zone_1,0.00025,0.00067
1660.0,2026-07-02T15:35:50.629,2,597.5,16.86,22.721,-0.1042,1000.0,RETURNING_TO_START,load_zone_26,dump_zone_3,0.000261,0.000699
1660.0,2026-07-02T15:35:50.629,3,147.501,234.087,16.908,-0.5,1000.0,RETURNING_TO_START,load_zone_1,dump_zone_2,0.00025,0.00067
1661.0,2026-07-02T15:35:54.691,1,203.695,281.262,0.0,-0.5,1000.0,RETURNING_TO_START,load_zone_1,dump_zone_1,0.00025,0.00067
1661.0,2026-07-02T15:35:54.691,2,597.5,23.017,21.646,-0.1876,1000.0,RETURNING_TO_START,load_zone_26,dump_zone_3,0.000251,0.000673
1661.0,2026-07-02T15:35:54.691,3,147.5,238.513,15.108,-0.5,1000.0,RETURNING_TO_START,load_zone_1,dump_zone_2,0.00025,0.00067
1662.0,2026-07-02T15:35:58.639,1,203.695,281.262,0.0,-0.5,1000.0,RETURNING_TO_START,load_zone_1,dump_zone_1,0.00025,0.00067
1662.0,2026-07-02T15:35:58.639,2,597.5,29.128,22.621,0.3124,1000.0,RETURNING_TO_START,load_zone_26,dump_zone_3,0.000312,0.000836
1662.0,2026-07-02T15:35:58.639,3,147.5,242.439,13.308,-0.5,1000.0,RETURNING_TO_START,load_zone_1,dump_zone_2,0.00025,0.00067
1663.0,2026-07-02T15:36:03.102,1,203.695,281.262,0.0,-0.5,1000.0,RETURNING_TO_START,load_zone_1,dump_zone_1,0.00025,0.00067
1663.0,2026-07-02T15:36:03.102,2,597.5,35.633,24.024,0.1443,1000.0,RETURNING_TO_START,load_zone_26,dump_zone_3,0.000294,0.000788
1663.0,2026-07-02T15:36:03.102,3,147.5,245.865,11.508,-0.5,1000.0,RETURNING_TO_START,load_zone_1,dump_zone_2,0.00025,0.00067
1664.0,2026-07-02T15:36:07.534,1,203.695,281.262,0.0,-0.5,1000.0,RETURNING_TO_START,load_zone_1,dump_zone_1,0.00025,0.00067
1664.0,2026-07-02T15:36:07.534,2,597.5,42.201,22.964,-0.5,1000.0,RETURNING_TO_START,load_zone_26,dump_zone_3,0.00025,0.00067
1664.0,2026-07-02T15:36:07.534,3,147.577,248.788,9.708,-0.5,1000.0,RETURNING_TO_START,load_zone_1,dump_zone_2,0.00025,0.00067
1665.0,2026-07-02T15:36:13.197,1,203.695,281.262,0.0,-0.5,1000.0,RETURNING_TO_START,load_zone_1,dump_zone_1,0.00025,0.00067
1665.0,2026-07-02T15:36:13.197,2,597.5,48.473,22.75,0.2271,1000.0,RETURNING_TO_START,load_zone_26,dump_zone_3,0.000302,0.000809
1665.0,2026-07-02T15:36:13.197,3,148.253,251.187,8.45,-0.5,1000.0,RETURNING_TO_START,load_zone_1,dump_zone_2,0.00025,0.00067
1666.0,2026-07-02T15:36:17.498,1,203.695,281.262,0.0,-0.5,1000.0,RETURNING_TO_START,load_zone_1,dump_zone_1,0.00025,0.00067
1666.0,2026-07-02T15:36:17.498,2,597.5,54.846,22.718,-0.2729,1000.0,RETURNING_TO_START,load_zone_26,dump_zone_3,0.00025,0.00067
1666.0,2026-07-02T15:36:17.498,3,149.389,252.947,7.036,-0.0833,1000.0,RETURNING_TO_START,load_zone_1,dump_zone_2,0.000254,0.000681
1667.0,2026-07-02T15:36:21.988,1,203.695,281.262,0.0,-0.5,1000.0,RETURNING_TO_START,load_zone_1,dump_zone_1,0.00025,0.00067
1667.0,2026-07-02T15:36:21.988,2,597.5,61.049,22.173,0.0553,1000.0,RETURNING_TO_START,load_zone_26,dump_zone_3,0.00028,0.00075
1667.0,2026-07-02T15:36:21.988,3,150.748,254.573,8.686,0.9167,1000.0,RETURNING_TO_START,load_zone_1,dump_zone_2,0.000302,0.000809
1668.0,2026-07-02T15:36:25.759,1,203.695,281.262,0.0,-0.5,1000.0,RETURNING_TO_START,load_zone_1,dump_zone_1,0.00025,0.00067
1668.0,2026-07-02T15:36:25.759,2,597.5,67.406,23.613,0.3521,1000.0,RETURNING_TO_START,load_zone_26,dump_zone_3,0.00032,0.000858
1668.0,2026-07-02T15:36:25.759,3,152.744,256.752,12.286,1.0,1000.0,RETURNING_TO_START,load_zone_1,dump_zone_2,0.000329,0.000882
1669.0,2026-07-02T15:36:29.601,1,203.695,281.262,0.0,-0.5,1000.0,RETURNING_TO_START,load_zone_1,dump_zone_1,0.00025,0.00067
1669.0,2026-07-02T15:36:29.601,2,597.5,73.947,22.995,-0.5,1000.0,RETURNING_TO_START,load_zone_26,dump_zone_3,0.00025,0.00067
1669.0,2026-07-02T15:36:29.601,3,155.432,259.652,15.886,1.0,1000.0,RETURNING_TO_START,load_zone_1,dump_zone_2,0.000352,0.000943
1670.0,2026-07-02T15:36:34.418,1,203.695,281.262,0.0,-0.5,1000.0,RETURNING_TO_START,load_zone_1,dump_zone_1,0.00025,0.00067
1670.0,2026-07-02T15:36:34.418,2,597.5,80.223,22.739,0.3296,1000.0,RETURNING_TO_START,load_zone_26,dump_zone_3,0.000314,0.000842
1670.0,2026-07-02T15:36:34.418,3,158.782,263.301,19.461,0.9167,1000.0,RETURNING_TO_START,load_zone_1,dump_zone_2,0.000367,0.000984
1671.0,2026-07-02T15:36:39.538,1,203.695,281.262,0.0,-0.5,1000.0,RETURNING_TO_START,load_zone_1,dump_zone_1,0.00025,0.00067
1671.0,2026-07-02T15:36:39.538,2,597.5,86.832,24.476,0.1629,1000.0,RETURNING_TO_START,load_zone_26,dump_zone_3,0.000297,0.000796
1671.0,2026-07-02T15:36:39.538,3,162.68,267.504,21.111,0.0533,1000.0,RETURNING_TO_START,load_zone_1,dump_zone_2,0.000278,0.000745
1672.0,2026-07-02T15:36:43.897,1,203.695,281.262,0.0,-0.5,1000.0,RETURNING_TO_START,load_zone_1,dump_zone_1,0.00025,0.00067
1672.0,2026-07-02T15:36:43.897,2,597.5,93.538,23.612,-0.3371,1000.0,RETURNING_TO_START,load_zone_26,dump_zone_3,0.00025,0.00067
1672.0,2026-07-02T15:36:43.897,3,166.629,271.624,19.782,-0.5,1000.0,RETURNING_TO_START,load_zone_1,dump_zone_2,0.00025,0.00067
1673.0,2026-07-02T15:36:48.606,1,203.695,281.262,0.0,-0.5,1000.0,RETURNING_TO_START,load_zone_1,dump_zone_1,0.00025,0.00067
1673.0,2026-07-02T15:36:48.606,2,597.5,100.04,23.249,-0.0037,1000.0,RETURNING_TO_START,load_zone_26,dump_zone_3,0.000274,0.000734
1673.0,2026-07-02T15:36:48.606,3,170.345,275.296,17.982,-0.5,1000.0,RETURNING_TO_START,load_zone_1,dump_zone_2,0.00025,0.00067
1674.0,2026-07-02T15:36:52.489,1,203.695,281.262,0.0,-0.5,1000.0,RETURNING_TO_START,load_zone_1,dump_zone_1,0.00025,0.00067
1674.0,2026-07-02T15:36:52.489,2,597.5,106.609,23.786,-0.1704,1000.0,RETURNING_TO_START,load_zone_26,dump_zone_3,0.000253,0.000678
1674.0,2026-07-02T15:36:52.489,3,173.845,278.468,16.182,-0.5,1000.0,RETURNING_TO_START,load_zone_1,dump_zone_2,0.00025,0.00067
1675.0,2026-07-02T15:36:57.589,1,203.695,281.262,0.0,-0.5,1000.0,RETURNING_TO_START,load_zone_1,dump_zone_1,0.00025,0.00067
1675.0,2026-07-02T15:36:57.589,2,597.5,113.115,23.149,-0.214,1000.0,RETURNING_TO_START,load_zone_26,dump_zone_3,0.00025,0.00067
1675.0,2026-07-02T15:36:57.589,3,177.179,281.065,14.457,-0.4577,1000.0,RETURNING_TO_START,load_zone_1,dump_zone_2,0.00025,0.00067
1676.0,2026-07-02T15:37:02.640,1,203.695,281.262,0.0,-0.5,1000.0,RETURNING_TO_START,load_zone_1,dump_zone_1,0.00025,0.00067
1676.0,2026-07-02T15:37:02.640,2,597.5,119.583,23.728,0.2027,1000.0,RETURNING_TO_START,load_zone_26,dump_zone_3,0.000301,0.000807
1676.0,2026-07-02T15:37:02.640,3,180.467,282.944,13.307,-0.0833,1000.0,RETURNING_TO_START,load_zone_1,dump_zone_2,0.000258,0.000691
1677.0,2026-07-02T15:37:07.414,1,203.695,281.262,0.0,-0.5,1000.0,RETURNING_TO_START,load_zone_1,dump_zone_1,0.00025,0.00067
1677.0,2026-07-02T15:37:07.414,2,597.5,126.177,23.608,-0.1307,1000.0,RETURNING_TO_START,load_zone_26,dump_zone_3,0.000258,0.000691
1677.0,2026-07-02T15:37:07.414,3,183.791,284.13,12.241,-0.0833,1000.0,RETURNING_TO_START,load_zone_1,dump_zone_2,0.000257,0.000689
1678.0,2026-07-02T15:37:12.509,1,203.695,281.262,0.0,-0.5,1000.0,RETURNING_TO_START,load_zone_1,dump_zone_1,0.00025,0.00067
1678.0,2026-07-02T15:37:12.509,2,597.5,132.662,23.511,0.2369,1000.0,RETURNING_TO_START,load_zone_26,dump_zone_3,0.000305,0.000817
1678.0,2026-07-02T15:37:12.509,3,187.317,284.614,13.841,0.75,1000.0,RETURNING_TO_START,load_zone_1,dump_zone_2,0.000321,0.00086
1679.0,2026-07-02T15:37:17.702,1,203.695,281.262,0.0,-0.5,1000.0,RETURNING_TO_START,load_zone_1,dump_zone_1,0.00025,0.00067
1679.0,2026-07-02T15:37:17.702,2,597.5,139.314,24.037,-0.208,1000.0,RETURNING_TO_START,load_zone_26,dump_zone_3,0.00025,0.00067
1679.0,2026-07-02T15:37:17.702,3,191.348,284.425,14.591,-0.25,1000.0,RETURNING_TO_START,load_zone_1,dump_zone_2,0.00025,0.00067
1680.0,2026-07-02T15:37:23.524,1,203.695,281.262,0.0,-0.5,1000.0,RETURNING_TO_START,load_zone_1,dump_zone_1,0.00025,0.00067
1680.0,2026-07-02T15:37:23.524,2,597.5,145.83,23.138,-0.0413,1000.0,RETURNING_TO_START,load_zone_26,dump_zone_3,0.000269,0.000721
1680.0,2026-07-02T15:37:23.524,3,195.102,283.862,12.866,-0.5,1000.0,RETURNING_TO_START,load_zone_1,dump_zone_2,0.00025,0.00067
1681.0,2026-07-02T15:37:29.121,1,203.695,281.262,0.0,-0.5,1000.0,RETURNING_TO_START,load_zone_1,dump_zone_1,0.00025,0.00067
1681.0,2026-07-02T15:37:29.121,2,597.5,152.284,23.14,-0.208,1000.0,RETURNING_TO_START,load_zone_26,dump_zone_3,0.00025,0.00067
1681.0,2026-07-02T15:37:29.121,3,198.387,283.982,11.091,-0.4167,1000.0,RETURNING_TO_START,load_zone_1,dump_zone_2,0.00025,0.00067
1682.0,2026-07-02T15:37:34.481,1,203.695,281.262,0.0,-0.5,1000.0,RETURNING_TO_START,load_zone_1,dump_zone_1,0.00025,0.00067
1682.0,2026-07-02T15:37:34.481,2,597.5,158.47,21.453,-0.5,1000.0,RETURNING_TO_START,load_zone_26,dump_zone_3,0.00025,0.00067
1682.0,2026-07-02T15:37:34.481,3,200.885,285.677,11.241,0.0833,1000.0,RETURNING_TO_START,load_zone_1,dump_zone_2,0.000267,0.000716
1683.0,2026-07-02T15:37:40.625,1,203.695,281.262,0.0,-0.5,1000.0,RETURNING_TO_START,load_zone_1,dump_zone_1,0.00025,0.00067
1683.0,2026-07-02T15:37:40.625,2,597.5,164.159,19.653,-0.5,1000.0,RETURNING_TO_START,load_zone_26,dump_zone_3,0.00025,0.00067
1683.0,2026-07-02T15:37:40.625,3,203.206,287.62,10.741,-0.0833,1000.0,RETURNING_TO_START,load_zone_1,dump_zone_2,0.000257,0.000689
1684.0,2026-07-02T15:37:43.308,1,203.695,281.262,0.0,-0.5,1000.0,RETURNING_TO_START,load_zone_1,dump_zone_1,0.00025,0.00067
1684.0,2026-07-02T15:37:43.308,2,597.5,169.347,17.853,-0.5,1000.0,RETURNING_TO_START,load_zone_26,dump_zone_3,0.00025,0.00067
1684.0,2026-07-02T15:37:43.308,3,203.907,290.607,12.391,0.9167,1000.0,RETURNING_TO_START,load_zone_1,dump_zone_2,0.000324,0.000868
1685.0,2026-07-02T15:37:45.744,1,203.695,281.262,0.0,-0.5,1000.0,RETURNING_TO_START,load_zone_1,dump_zone_1,0.00025,0.00067
1685.0,2026-07-02T15:37:45.744,2,597.5,174.035,16.053,-0.5,1000.0,RETURNING_TO_START,load_zone_26,dump_zone_3,0.00025,0.00067
1685.0,2026-07-02T15:37:45.744,3,202.936,294.458,15.991,1.0,1000.0,RETURNING_TO_START,load_zone_1,dump_zone_2,0.000353,0.000946
1686.0,2026-07-02T15:37:51.719,1,203.695,281.262,0.0,-0.5,1000.0,RETURNING_TO_START,load_zone_1,dump_zone_1,0.00025,0.00067
1686.0,2026-07-02T15:37:51.719,2,597.5,178.223,14.253,-0.5,1000.0,RETURNING_TO_START,load_zone_26,dump_zone_3,0.00025,0.00067
1686.0,2026-07-02T15:37:51.719,3,203.412,299.298,18.466,0.25,1000.0,RETURNING_TO_START,load_zone_1,dump_zone_2,0.000294,0.000788
1687.0,2026-07-02T15:37:56.913,1,203.695,281.262,0.0,-0.5,1000.0,RETURNING_TO_START,load_zone_1,dump_zone_1,0.00025,0.00067
1687.0,2026-07-02T15:37:56.913,2,597.5,181.912,12.453,-0.5,1000.0,RETURNING_TO_START,load_zone_26,dump_zone_3,0.00025,0.00067
1687.0,2026-07-02T15:37:56.913,3,204.922,304.125,17.566,-0.5,1000.0,RETURNING_TO_START,load_zone_1,dump_zone_2,0.00025,0.00067
1688.0,2026-07-02T15:38:01.096,1,203.695,281.262,0.0,-0.5,1000.0,RETURNING_TO_START,load_zone_1,dump_zone_1,0.00025,0.00067
1688.0,2026-07-02T15:38:01.096,2,597.5,185.1,10.653,-0.5,1000.0,RETURNING_TO_START,load_zone_26,dump_zone_3,0.00025,0.00067
1688.0,2026-07-02T15:38:01.096,3,206.583,308.423,15.766,-0.5,1000.0,RETURNING_TO_START,load_zone_1,dump_zone_2,0.00025,0.00067
1689.0,2026-07-02T15:38:06.330,1,203.695,281.262,0.0,-0.5,1000.0,RETURNING_TO_START,load_zone_1,dump_zone_1,0.00025,0.00067
1689.0,2026-07-02T15:38:06.330,2,597.191,187.759,8.853,-0.5,1000.0,RETURNING_TO_START,load_zone_26,dump_zone_3,0.00025,0.00067
1689.0,2026-07-02T15:38:06.330,3,208.407,312.101,13.966,-0.5,1000.0,RETURNING_TO_START,load_zone_1,dump_zone_2,0.00025,0.00067
1690.0,2026-07-02T15:38:12.064,1,203.695,281.262,0.0,-0.5,1000.0,RETURNING_TO_START,load_zone_1,dump_zone_1,0.00025,0.00067
1690.0,2026-07-02T15:38:12.064,2,596.471,189.825,7.053,-0.5,1000.0,RETURNING_TO_START,load_zone_26,dump_zone_3,0.00025,0.00067
1690.0,2026-07-02T15:38:12.064,3,210.635,314.953,12.291,-0.4167,1000.0,RETURNING_TO_START,load_zone_1,dump_zone_2,0.00025,0.00067
1691.0,2026-07-02T15:38:17.417,1,203.695,281.262,0.0,-0.5,1000.0,RETURNING_TO_START,load_zone_1,dump_zone_1,0.00025,0.00067
1691.0,2026-07-02T15:38:17.417,2,595.93,191.511,6.078,-0.25,1000.0,RETURNING_TO_START,load_zone_26,dump_zone_3,0.00025,0.00067
1691.0,2026-07-02T15:38:17.417,3,213.165,317.005,11.279,-0.4734,1000.0,RETURNING_TO_START,load_zone_1,dump_zone_2,0.00025,0.00067
1692.0,2026-07-02T15:38:22.410,1,203.695,281.262,0.0,-0.5,1000.0,RETURNING_TO_START,load_zone_1,dump_zone_1,0.00025,0.00067
1692.0,2026-07-02T15:38:22.410,2,595.655,193.084,5.862,0.1401,1000.0,RETURNING_TO_START,load_zone_26,dump_zone_3,0.000261,0.000699
1692.0,2026-07-02T15:38:22.410,3,215.567,318.562,9.479,-0.5,1000.0,RETURNING_TO_START,load_zone_1,dump_zone_2,0.00025,0.00067
1693.0,2026-07-02T15:38:26.836,1,203.695,281.262,0.0,-0.5,1000.0,RETURNING_TO_START,load_zone_1,dump_zone_1,0.00025,0.00067
1693.0,2026-07-02T15:38:26.836,2,595.555,194.66,5.527,-0.1778,1000.0,RETURNING_TO_START,load_zone_26,dump_zone_3,0.000251,0.000673
1693.0,2026-07-02T15:38:26.836,3,217.257,320.188,7.679,-0.5,1000.0,RETURNING_TO_START,load_zone_1,dump_zone_2,0.00025,0.00067
1694.0,2026-07-02T15:38:31.435,1,203.695,281.262,0.0,-0.5,1000.0,RETURNING_TO_START,load_zone_1,dump_zone_1,0.00025,0.00067
1694.0,2026-07-02T15:38:31.435,2,595.708,195.972,4.251,-0.0791,1000.0,RETURNING_TO_START,load_zone_26,dump_zone_3,0.000253,0.000678
1694.0,2026-07-02T15:38:31.435,3,218.002,321.989,7.004,0.25,1000.0,RETURNING_TO_START,load_zone_1,dump_zone_2,0.000267,0.000716
1695.0,2026-07-02T15:38:35.962,1,203.695,281.262,0.0,-0.5,1000.0,RETURNING_TO_START,load_zone_1,dump_zone_1,0.00025,0.00067
1695.0,2026-07-02T15:38:35.962,2,596.084,197.119,4.867,0.5876,1000.0,RETURNING_TO_START,load_zone_26,dump_zone_3,0.000271,0.000726
1695.0,2026-07-02T15:38:35.962,3,218.341,324.245,9.704,1.0,1000.0,RETURNING_TO_START,load_zone_1,dump_zone_2,0.000313,0.000839
1696.0,2026-07-02T15:38:41.018,1,203.695,281.262,0.0,-0.5,1000.0,RETURNING_TO_START,load_zone_1,dump_zone_1,0.00025,0.00067
1696.0,2026-07-02T15:38:41.018,2,596.796,198.648,7.211,0.764,1000.0,RETURNING_TO_START,load_zone_26,dump_zone_3,0.000287,0.000769
1696.0,2026-07-02T15:38:41.018,3,218.308,327.433,12.604,0.4167,1000.0,RETURNING_TO_START,load_zone_1,dump_zone_2,0.000292,0.000783
1697.0,2026-07-02T15:38:44.735,1,203.695,281.262,0.0,-0.5,1000.0,RETURNING_TO_START,load_zone_1,dump_zone_1,0.00025,0.00067
1697.0,2026-07-02T15:38:44.735,2,598.423,200.482,10.578,1.0,1000.0,RETURNING_TO_START,load_zone_26,dump_zone_3,0.000318,0.000852
1697.0,2026-07-02T15:38:44.735,3,218.111,330.944,12.179,-0.5,1000.0,RETURNING_TO_START,load_zone_1,dump_zone_2,0.00025,0.00067
1698.0,2026-07-02T15:38:48.855,1,203.695,281.262,0.0,-0.5,1000.0,RETURNING_TO_START,load_zone_1,dump_zone_1,0.00025,0.00067
1698.0,2026-07-02T15:38:48.855,2,601.605,201.213,12.528,0.0833,1000.0,RETURNING_TO_START,load_zone_26,dump_zone_3,0.000269,0.000721
1698.0,2026-07-02T15:38:48.855,3,217.894,334.049,10.379,-0.5,1000.0,RETURNING_TO_START,load_zone_1,dump_zone_2,0.00025,0.00067
1699.0,2026-07-02T15:38:52.747,1,203.695,281.262,0.0,-0.5,1000.0,RETURNING_TO_START,load_zone_1,dump_zone_1,0.00025,0.00067
1699.0,2026-07-02T15:38:52.747,2,604.716,200.065,11.253,-0.5,1000.0,RETURNING_TO_START,load_zone_26,dump_zone_3,0.00025,0.00067
1699.0,2026-07-02T15:38:52.747,3,217.696,336.653,8.579,-0.5,1000.0,RETURNING_TO_START,load_zone_1,dump_zone_2,0.00025,0.00067
1700.0,2026-07-02T15:38:57.209,1,203.695,281.262,0.0,-0.5,1000.0,RETURNING_TO_START,load_zone_1,dump_zone_1,0.00025,0.00067
1700.0,2026-07-02T15:38:57.209,2,607.446,199.226,9.553,-0.4167,1000.0,RETURNING_TO_START,load_zone_26,dump_zone_3,0.00025,0.00067
1700.0,2026-07-02T15:38:57.209,3,217.564,338.761,6.779,-0.5,1000.0,RETURNING_TO_START,load_zone_1,dump_zone_2,0.00025,0.00067
1701.0,2026-07-02T15:39:00.855,1,203.695,281.262,0.0,-0.5,1000.0,RETURNING_TO_START,load_zone_1,dump_zone_1,0.00025,0.00067
1701.0,2026-07-02T15:39:00.855,2,609.968,198.876,9.403,0.4167,1000.0,RETURNING_TO_START,load_zone_26,dump_zone_3,0.000281,0.000753
1701.0,2026-07-02T15:39:00.855,3,217.864,340.334,4.979,-0.5,1000.0,RETURNING_TO_START,load_zone_1,dump_zone_2,0.00025,0.00067
1702.0,2026-07-02T15:39:04.256,1,203.695,281.262,0.0,-0.5,1000.0,RETURNING_TO_START,load_zone_1,dump_zone_1,0.00025,0.00067
1702.0,2026-07-02T15:39:04.256,2,612.979,198.782,12.263,0.9002,1000.0,RETURNING_TO_START,load_zone_26,dump_zone_3,0.000322,0.000863
1702.0,2026-07-02T15:39:04.256,3,218.418,341.295,3.179,-0.5,1000.0,UNLOADING,load_zone_1,dump_zone_2,0.00025,0.00067
1703.0,2026-07-02T15:39:07.748,1,203.695,281.262,0.0,-0.5,1000.0,RETURNING_TO_START,load_zone_1,dump_zone_1,0.00025,0.00067
1703.0,2026-07-02T15:39:07.748,2,616.922,198.943,15.858,1.0,1000.0,RETURNING_TO_START,load_zone_26,dump_zone_3,0.000352,0.000943
1703.0,2026-07-02T15:39:07.748,3,218.828,341.749,1.379,-0.5,1000.0,UNLOADING,load_zone_1,dump_zone_2,0.00025,0.00067
1704.0,2026-07-02T15:39:11.578,1,203.695,281.262,0.0,-0.5,1000.0,RETURNING_TO_START,load_zone_1,dump_zone_1,0.00025,0.00067
1704.0,2026-07-02T15:39:11.578,2,621.756,199.385,18.369,0.2652,1000.0,RETURNING_TO_START,load_zone_26,dump_zone_3,0.000296,0.000793
1704.0,2026-07-02T15:39:11.578,3,218.924,341.838,0.0,-0.5,1000.0,UNLOADING,load_zone_1,dump_zone_2,0.00025,0.00067
1705.0,2026-07-02T15:39:15.173,1,203.695,281.262,0.0,-0.5,1000.0,RETURNING_TO_START,load_zone_1,dump_zone_1,0.00025,0.00067
1705.0,2026-07-02T15:39:15.173,2,626.758,200.008,17.51,-0.5,1000.0,RETURNING_TO_START,load_zone_26,dump_zone_3,0.00025,0.00067
1705.0,2026-07-02T15:39:15.173,3,219.053,341.944,7.2,0.0,0.0,TURNING_AROUND,dump_zone_2,load_zone_1,0.000255,0.000683
1706.0,2026-07-02T15:39:18.375,1,203.695,281.262,0.0,-0.5,1000.0,RETURNING_TO_START,load_zone_1,dump_zone_1,0.00025,0.00067
1706.0,2026-07-02T15:39:18.375,2,631.314,200.646,15.782,-0.5,1000.0,RETURNING_TO_START,load_zone_26,dump_zone_3,0.00025,0.00067
1706.0,2026-07-02T15:39:18.375,3,220.858,342.755,7.2,0.0,0.0,TURNING_AROUND,dump_zone_2,load_zone_1,0.000255,0.000683
1707.0,2026-07-02T15:39:20.613,1,203.695,281.262,0.0,-0.5,1000.0,RETURNING_TO_START,load_zone_1,dump_zone_1,0.00025,0.00067
1707.0,2026-07-02T15:39:20.613,2,635.397,201.218,14.049,-0.5,1000.0,RETURNING_TO_START,load_zone_26,dump_zone_3,0.00025,0.00067
1707.0,2026-07-02T15:39:20.613,3,221.116,342.926,5.4,0.0,0.0,TURNING_AROUND,dump_zone_2,load_zone_1,0.000253,0.000678
1708.0,2026-07-02T15:39:23.030,1,203.695,281.262,0.0,-0.5,1000.0,RETURNING_TO_START,load_zone_1,dump_zone_1,0.00025,0.00067
1708.0,2026-07-02T15:39:23.030,2,638.999,201.684,12.249,-0.5,1000.0,RETURNING_TO_START,load_zone_26,dump_zone_3,0.00025,0.00067
1708.0,2026-07-02T15:39:23.030,3,221.249,342.641,7.2,0.0,0.0,TURNING_AROUND,dump_zone_2,load_zone_1,0.000255,0.000683
1709.0,2026-07-02T15:39:25.733,1,203.695,281.262,0.0,-0.5,1000.0,RETURNING_TO_START,load_zone_1,dump_zone_1,0.00025,0.00067
1709.0,2026-07-02T15:39:25.733,2,642.123,202.032,10.498,-0.5,1000.0,RETURNING_TO_START,load_zone_26,dump_zone_3,0.00025,0.00067
1709.0,2026-07-02T15:39:25.733,3,222.395,341.027,7.2,0.0,0.0,TURNING_AROUND,dump_zone_2,load_zone_1,0.000255,0.000683
1710.0,2026-07-02T15:39:29.829,1,203.695,281.262,0.0,-0.5,1000.0,RETURNING_TO_START,load_zone_1,dump_zone_1,0.00025,0.00067
1710.0,2026-07-02T15:39:29.829,2,644.773,202.266,8.961,-0.3016,1000.0,RETURNING_TO_START,load_zone_26,dump_zone_3,0.00025,0.00067
1710.0,2026-07-02T15:39:29.829,3,222.347,341.23,0.025,0.0833,0.0,GOING_TO_ENDPOINT,dump_zone_2,load_zone_1,0.00025,0.00067
1711.0,2026-07-02T15:39:34.206,1,203.695,281.262,0.0,-0.5,1000.0,RETURNING_TO_START,load_zone_1,dump_zone_1,0.00025,0.00067
1711.0,2026-07-02T15:39:34.206,2,647.066,202.406,7.605,-0.5,1000.0,RETURNING_TO_START,load_zone_26,dump_zone_3,0.00025,0.00067
1711.0,2026-07-02T15:39:34.206,3,222.353,340.968,2.25,1.0,0.0,GOING_TO_ENDPOINT,dump_zone_2,load_zone_1,0.000259,0.000694
1712.0,2026-07-02T15:39:37.958,1,203.695,281.262,0.0,-0.5,1000.0,RETURNING_TO_START,load_zone_1,dump_zone_1,0.00025,0.00067
1712.0,2026-07-02T15:39:37.958,2,648.923,202.385,6.005,-0.4167,1000.0,RETURNING_TO_START,load_zone_26,dump_zone_3,0.00025,0.00067
1712.0,2026-07-02T15:39:37.958,3,222.412,339.803,5.85,1.0,0.0,GOING_TO_ENDPOINT,dump_zone_2,load_zone_1,0.000273,0.000732
1713.0,2026-07-02T15:39:41.294,1,203.695,281.262,0.0,-0.5,1000.0,RETURNING_TO_START,load_zone_1,dump_zone_1,0.00025,0.00067
1713.0,2026-07-02T15:39:41.294,2,650.434,201.937,5.996,0.4559,1000.0,RETURNING_TO_START,load_zone_26,dump_zone_3,0.000271,0.000726
1713.0,2026-07-02T15:39:41.294,3,222.556,337.641,9.45,1.0,0.0,GOING_TO_ENDPOINT,dump_zone_2,load_zone_1,0.000287,0.000769
1714.0,2026-07-02T15:39:45.477,1,203.695,281.262,0.0,-0.5,1000.0,RETURNING_TO_START,load_zone_1,dump_zone_1,0.00025,0.00067
1714.0,2026-07-02T15:39:45.477,2,651.947,200.55,8.767,0.5833,1000.0,RETURNING_TO_START,load_zone_26,dump_zone_3,0.000287,0.000769
1714.0,2026-07-02T15:39:45.477,3,222.829,334.486,13.05,1.0,0.0,GOING_TO_ENDPOINT,dump_zone_2,load_zone_1,0.0003,0.000804
1715.0,2026-07-02T15:39:49.823,1,203.695,281.262,0.0,-0.5,1000.0,RETURNING_TO_START,load_zone_1,dump_zone_1,0.00025,0.00067
1715.0,2026-07-02T15:39:49.823,2,652.599,198.129,8.917,-0.4167,1000.0,RETURNING_TO_START,load_zone_26,dump_zone_3,0.00025,0.00067
1715.0,2026-07-02T15:39:49.823,3,223.12,330.436,15.445,0.2259,0.0,GOING_TO_ENDPOINT,dump_zone_2,load_zone_1,0.000271,0.000726
1716.0,2026-07-02T15:39:53.689,1,203.695,281.262,0.0,-0.5,1000.0,RETURNING_TO_START,load_zone_1,dump_zone_1,0.00025,0.00067
1716.0,2026-07-02T15:39:53.689,2,652.603,195.758,8.767,0.4167,1000.0,RETURNING_TO_START,load_zone_26,dump_zone_3,0.000279,0.000748
1716.0,2026-07-02T15:39:53.689,3,223.216,326.229,14.487,-0.5,0.0,GOING_TO_ENDPOINT,dump_zone_2,load_zone_1,0.00025,0.00067
1717.0,2026-07-02T15:39:58.540,1,203.695,281.262,0.0,-0.5,1000.0,RETURNING_TO_START,load_zone_1,dump_zone_1,0.00025,0.00067
1717.0,2026-07-02T15:39:58.540,2,652.543,192.917,11.717,0.9167,1000.0,RETURNING_TO_START,load_zone_26,dump_zone_3,0.00032,0.000858
1717.0,2026-07-02T15:39:58.540,3,222.987,322.484,12.687,-0.5,0.0,GOING_TO_ENDPOINT,dump_zone_2,load_zone_1,0.00025,0.00067
1718.0,2026-07-02T15:40:02.905,1,203.695,281.262,0.0,-0.5,1000.0,RETURNING_TO_START,load_zone_1,dump_zone_1,0.00025,0.00067
1718.0,2026-07-02T15:40:02.905,2,652.504,189.377,13.067,-0.0833,1000.0,RETURNING_TO_START,load_zone_26,dump_zone_3,0.000258,0.000691
1718.0,2026-07-02T15:40:02.905,3,222.261,319.314,10.987,-0.4167,0.0,GOING_TO_ENDPOINT,dump_zone_2,load_zone_1,0.00025,0.00067
1719.0,2026-07-02T15:40:07.131,1,203.695,281.262,0.0,-0.5,1000.0,RETURNING_TO_START,load_zone_1,dump_zone_1,0.00025,0.00067
1719.0,2026-07-02T15:40:07.131,2,652.498,185.954,11.517,-0.5,1000.0,RETURNING_TO_START,load_zone_26,dump_zone_3,0.00025,0.00067
1719.0,2026-07-02T15:40:07.131,3,220.924,316.774,10.028,-0.0758,0.0,GOING_TO_ENDPOINT,dump_zone_2,load_zone_1,0.000254,0.000681
1720.0,2026-07-02T15:40:11.762,1,203.695,281.262,0.0,-0.5,1000.0,RETURNING_TO_START,load_zone_1,dump_zone_1,0.00025,0.00067
1720.0,2026-07-02T15:40:11.762,2,652.499,183.026,9.717,-0.5,1000.0,RETURNING_TO_START,load_zone_26,dump_zone_3,0.00025,0.00067
1720.0,2026-07-02T15:40:11.762,3,218.921,314.781,10.336,-0.0885,0.0,GOING_TO_ENDPOINT,dump_zone_2,load_zone_1,0.000254,0.000681
1721.0,2026-07-02T15:40:16.472,1,203.695,281.262,0.0,-0.5,1000.0,RETURNING_TO_START,load_zone_1,dump_zone_1,0.00025,0.00067
1721.0,2026-07-02T15:40:16.472,2,652.5,180.598,7.917,-0.5,1000.0,RETURNING_TO_START,load_zone_26,dump_zone_3,0.00025,0.00067
1721.0,2026-07-02T15:40:16.472,3,216.505,313.175,10.617,-0.0885,0.0,GOING_TO_ENDPOINT,dump_zone_2,load_zone_1,0.000254,0.000681
1722.0,2026-07-02T15:40:20.326,1,203.695,281.262,0.0,-0.5,1000.0,RETURNING_TO_START,load_zone_1,dump_zone_1,0.00025,0.00067
1722.0,2026-07-02T15:40:20.326,2,652.392,178.676,6.117,-0.5,1000.0,RETURNING_TO_START,load_zone_26,dump_zone_3,0.00025,0.00067
1722.0,2026-07-02T15:40:20.326,3,214.288,311.561,9.161,-0.4167,0.0,GOING_TO_ENDPOINT,dump_zone_2,load_zone_1,0.00025,0.00067
1723.0,2026-07-02T15:40:24.190,1,203.695,281.262,0.0,-0.5,1000.0,RETURNING_TO_START,load_zone_1,dump_zone_1,0.00025,0.00067
1723.0,2026-07-02T15:40:24.190,2,652.75,177.301,4.317,-0.5,1000.0,RETURNING_TO_START,load_zone_26,dump_zone_3,0.00025,0.00067
1723.0,2026-07-02T15:40:24.190,3,212.772,309.81,8.061,0.0833,0.0,GOING_TO_ENDPOINT,dump_zone_2,load_zone_1,0.000257,0.000689
1724.0,2026-07-02T15:40:28.127,1,203.695,281.262,0.0,-0.5,1000.0,RETURNING_TO_START,load_zone_1,dump_zone_1,0.00025,0.00067
1724.0,2026-07-02T15:40:28.127,2,653.23,176.508,2.517,-0.5,1000.0,UNLOADING,load_zone_26,dump_zone_3,0.00025,0.00067
1724.0,2026-07-02T15:40:28.127,3,211.564,307.63,10.286,1.0,0.0,GOING_TO_ENDPOINT,dump_zone_2,load_zone_1,0.00029,0.000777
1725.0,2026-07-02T15:40:32.719,1,203.695,281.262,0.0,-0.5,1000.0,RETURNING_TO_START,load_zone_1,dump_zone_1,0.00025,0.00067
1725.0,2026-07-02T15:40:32.719,2,653.502,176.178,0.717,-0.5,1000.0,UNLOADING,load_zone_26,dump_zone_3,0.00025,0.00067
1725.0,2026-07-02T15:40:32.719,3,210.301,304.476,13.886,1.0,0.0,GOING_TO_ENDPOINT,dump_zone_2,load_zone_1,0.000304,0.000815
1726.0,2026-07-02T15:40:37.271,1,203.695,281.262,0.0,-0.5,1000.0,RETURNING_TO_START,load_zone_1,dump_zone_1,0.00025,0.00067
1726.0,2026-07-02T15:40:37.271,2,653.523,176.154,0.0,-0.5,1000.0,UNLOADING,load_zone_26,dump_zone_3,0.00025,0.00067
1726.0,2026-07-02T15:40:37.271,3,208.954,300.389,16.361,0.25,0.0,GOING_TO_ENDPOINT,dump_zone_2,load_zone_1,0.000274,0.000734
1727.0,2026-07-02T15:40:40.609,1,203.695,281.262,0.0,-0.5,1000.0,RETURNING_TO_START,load_zone_1,dump_zone_1,0.00025,0.00067
1727.0,2026-07-02T15:40:40.609,2,654.273,175.496,7.2,0.0,0.0,TURNING_AROUND,dump_zone_3,load_zone_26,0.000255,0.000683
1727.0,2026-07-02T15:40:40.609,3,207.557,296.138,15.461,-0.5,0.0,GOING_TO_ENDPOINT,dump_zone_2,load_zone_1,0.00025,0.00067
1728.0,2026-07-02T15:40:43.926,1,203.695,281.262,0.0,-0.5,1000.0,RETURNING_TO_START,load_zone_1,dump_zone_1,0.00025,0.00067
1728.0,2026-07-02T15:40:43.926,2,656.135,174.827,7.2,0.0,0.0,TURNING_AROUND,dump_zone_3,load_zone_26,0.000255,0.000683
1728.0,2026-07-02T15:40:43.926,3,206.353,292.298,13.661,-0.5,0.0,GOING_TO_ENDPOINT,dump_zone_2,load_zone_1,0.00025,0.00067
1729.0,2026-07-02T15:40:48.439,1,203.695,281.262,0.0,-0.4167,1000.0,RETURNING_TO_START,load_zone_1,dump_zone_1,0.00025,0.00067
1729.0,2026-07-02T15:40:48.439,2,654.942,174.66,5.4,0.0,0.0,TURNING_AROUND,dump_zone_3,load_zone_26,0.000253,0.000678
1729.0,2026-07-02T15:40:48.439,3,205.753,288.681,13.511,0.4167,0.0,GOING_TO_ENDPOINT,dump_zone_2,load_zone_1,0.000277,0.000742
1730.0,2026-07-02T15:40:54.221,1,203.695,281.262,0.0,-0.1886,1000.0,RETURNING_TO_START,load_zone_1,dump_zone_1,0.00025,0.00067
1730.0,2026-07-02T15:40:54.221,2,656.371,175.575,7.2,0.0,0.0,TURNING_AROUND,dump_zone_3,load_zone_26,0.000255,0.000683
1730.0,2026-07-02T15:40:54.221,3,203.793,285.476,13.661,-0.4167,0.0,GOING_TO_ENDPOINT,dump_zone_2,load_zone_1,0.00025,0.00067
1731.0,2026-07-02T15:40:58.871,1,203.695,281.262,0.0,-0.5,1000.0,RETURNING_TO_START,load_zone_1,dump_zone_1,0.00025,0.00067
1731.0,2026-07-02T15:40:58.871,2,656.952,176.192,5.4,0.0,0.0,TURNING_AROUND,dump_zone_3,load_zone_26,0.000253,0.000678
1731.0,2026-07-02T15:40:58.871,3,200.919,283.453,11.861,-0.5,0.0,GOING_TO_ENDPOINT,dump_zone_2,load_zone_1,0.00025,0.00067
1732.0,2026-07-02T15:41:04.381,1,203.695,281.262,0.0,-0.0833,1000.0,RETURNING_TO_START,load_zone_1,dump_zone_1,0.00025,0.00067
1732.0,2026-07-02T15:41:04.381,2,656.844,175.835,0.075,0.1667,0.0,GOING_TO_ENDPOINT,dump_zone_3,load_zone_26,0.00025,0.00067
1732.0,2026-07-02T15:41:04.381,3,199.847,280.698,10.061,-0.5,0.0,GOING_TO_ENDPOINT,dump_zone_2,load_zone_1,0.00025,0.00067
1733.0,2026-07-02T15:41:10.681,1,203.829,281.359,1.65,0.9167,1000.0,RETURNING_TO_START,load_zone_1,dump_zone_1,0.00026,0.000697
1733.0,2026-07-02T15:41:10.681,2,656.83,176.154,2.55,1.0,0.0,GOING_TO_ENDPOINT,dump_zone_3,load_zone_26,0.00026,0.000697
1733.0,2026-07-02T15:41:10.681,3,199.786,278.175,8.261,-0.5,0.0,GOING_TO_ENDPOINT,dump_zone_2,load_zone_1,0.00025,0.00067
1734.0,2026-07-02T15:41:15.165,1,204.476,281.988,4.125,0.25,1000.0,RETURNING_TO_START,load_zone_1,dump_zone_1,0.00026,0.000697
1734.0,2026-07-02T15:41:15.165,2,656.524,177.36,6.15,1.0,0.0,GOING_TO_ENDPOINT,dump_zone_3,load_zone_26,0.000274,0.000734
1734.0,2026-07-02T15:41:15.165,3,199.404,276.2,6.461,-0.5,0.0,GOING_TO_ENDPOINT,dump_zone_2,load_zone_1,0.00025,0.00067
1735.0,2026-07-02T15:41:17.892,1,205.039,282.908,3.375,-0.25,1000.0,RETURNING_TO_START,load_zone_1,dump_zone_1,0.00025,0.00067
1735.0,2026-07-02T15:41:17.892,2,655.167,179.133,9.75,1.0,0.0,GOING_TO_ENDPOINT,dump_zone_3,load_zone_26,0.000288,0.000772
1735.0,2026-07-02T15:41:17.892,3,198.543,274.953,4.686,-0.4167,0.0,GOING_TO_ENDPOINT,dump_zone_2,load_zone_1,0.00025,0.00067
1736.0,2026-07-02T15:41:20.775,1,205.326,283.877,4.425,0.75,1000.0,RETURNING_TO_START,load_zone_1,dump_zone_1,0.000273,0.000732
1736.0,2026-07-02T15:41:20.775,2,652.475,180.946,13.35,1.0,0.0,GOING_TO_ENDPOINT,dump_zone_3,load_zone_26,0.000302,0.000809
1736.0,2026-07-02T15:41:20.775,3,197.498,274.211,5.136,0.5833,0.0,GOING_TO_ENDPOINT,dump_zone_2,load_zone_1,0.000263,0.000705
1737.0,2026-07-02T15:41:24.111,1,205.213,285.609,7.95,1.0,1000.0,RETURNING_TO_START,load_zone_1,dump_zone_1,0.000301,0.000807
1737.0,2026-07-02T15:41:24.111,2,649.222,183.636,16.8,0.75,0.0,GOING_TO_ENDPOINT,dump_zone_3,load_zone_26,0.000301,0.000807
1737.0,2026-07-02T15:41:24.111,3,195.654,273.815,8.486,1.0,0.0,GOING_TO_ENDPOINT,dump_zone_2,load_zone_1,0.000283,0.000758
1738.0,2026-07-02T15:41:27.090,1,203.607,287.773,11.55,1.0,1000.0,RETURNING_TO_START,load_zone_1,dump_zone_1,0.000324,0.000868
1738.0,2026-07-02T15:41:27.090,2,647.53,188.125,17.55,-0.25,0.0,GOING_TO_ENDPOINT,dump_zone_3,load_zone_26,0.00025,0.00067
1738.0,2026-07-02T15:41:27.090,3,193.042,274.917,12.086,1.0,0.0,GOING_TO_ENDPOINT,dump_zone_2,load_zone_1,0.000297,0.000796
1739.0,2026-07-02T15:41:31.278,1,200.077,289.0,15.15,1.0,1000.0,RETURNING_TO_START,load_zone_1,dump_zone_1,0.000348,0.000933
1739.0,2026-07-02T15:41:31.278,2,647.473,192.747,15.825,-0.5,0.0,GOING_TO_ENDPOINT,dump_zone_3,load_zone_26,0.00025,0.00067
1739.0,2026-07-02T15:41:31.278,3,190.925,278.151,15.311,0.5833,0.0,GOING_TO_ENDPOINT,dump_zone_2,load_zone_1,0.000289,0.000775
1740.0,2026-07-02T15:41:34.873,1,195.858,291.143,18.75,1.0,1000.0,RETURNING_TO_START,load_zone_1,dump_zone_1,0.000371,0.000994
1740.0,2026-07-02T15:41:34.873,2,647.497,196.872,14.025,-0.5,0.0,GOING_TO_ENDPOINT,dump_zone_3,load_zone_26,0.00025,0.00067
1740.0,2026-07-02T15:41:34.873,3,187.026,279.737,15.461,-0.4167,0.0,GOING_TO_ENDPOINT,dump_zone_2,load_zone_1,0.00025,0.00067
1741.0,2026-07-02T15:41:38.726,1,192.649,295.621,20.7,0.0833,1000.0,RETURNING_TO_START,load_zone_1,dump_zone_1,0.000281,0.000753
1741.0,2026-07-02T15:41:38.726,2,646.59,200.335,12.925,0.0833,0.0,GOING_TO_ENDPOINT,dump_zone_3,load_zone_26,0.000262,0.000702
1741.0,2026-07-02T15:41:38.726,3,183.129,278.841,13.661,-0.5,0.0,GOING_TO_ENDPOINT,dump_zone_2,load_zone_1,0.00025,0.00067
1742.0,2026-07-02T15:41:42.556,1,190.823,300.918,19.425,-0.5,1000.0,RETURNING_TO_START,load_zone_1,dump_zone_1,0.00025,0.00067
1742.0,2026-07-02T15:41:42.556,2,643.185,201.776,15.15,1.0,0.0,GOING_TO_ENDPOINT,dump_zone_3,load_zone_26,0.000309,0.000828
1742.0,2026-07-02T15:41:42.556,3,180.059,277.084,12.236,-0.0833,0.0,GOING_TO_ENDPOINT,dump_zone_2,load_zone_1,0.000254,0.000681
1743.0,2026-07-02T15:41:46.645,1,189.115,305.749,17.625,-0.5,1000.0,RETURNING_TO_START,load_zone_1,dump_zone_1,0.00025,0.00067
1743.0,2026-07-02T15:41:46.645,2,639.377,199.181,18.75,1.0,0.0,GOING_TO_ENDPOINT,dump_zone_3,load_zone_26,0.000323,0.000866
1743.0,2026-07-02T15:41:46.645,3,177.265,274.873,13.886,0.9167,0.0,GOING_TO_ENDPOINT,dump_zone_2,load_zone_1,0.0003,0.000804
1744.0,2026-07-02T15:41:51.437,1,187.14,309.924,15.825,-0.5,1000.0,RETURNING_TO_START,load_zone_1,dump_zone_1,0.00025,0.00067
1744.0,2026-07-02T15:41:51.437,2,634.654,196.219,21.225,0.25,0.0,GOING_TO_ENDPOINT,dump_zone_3,load_zone_26,0.000281,0.000753
1744.0,2026-07-02T15:41:51.437,3,174.023,271.901,17.461,0.9167,0.0,GOING_TO_ENDPOINT,dump_zone_2,load_zone_1,0.000313,0.000839
1745.0,2026-07-02T15:41:56.386,1,184.257,312.83,14.025,-0.5,1000.0,RETURNING_TO_START,load_zone_1,dump_zone_1,0.00025,0.00067
1745.0,2026-07-02T15:41:56.386,2,628.922,195.21,20.325,-0.5,0.0,GOING_TO_ENDPOINT,dump_zone_3,load_zone_26,0.00025,0.00067
1745.0,2026-07-02T15:41:56.386,3,170.365,268.296,18.811,-0.0833,0.0,GOING_TO_ENDPOINT,dump_zone_2,load_zone_1,0.000257,0.000689
1746.0,2026-07-02T15:42:01.402,1,181.204,314.782,12.225,-0.5,1000.0,RETURNING_TO_START,load_zone_1,dump_zone_1,0.00025,0.00067
1746.0,2026-07-02T15:42:01.402,2,623.586,194.557,18.525,-0.5,0.0,GOING_TO_ENDPOINT,dump_zone_3,load_zone_26,0.00025,0.00067
1746.0,2026-07-02T15:42:01.402,3,166.883,264.682,17.261,-0.5,0.0,GOING_TO_ENDPOINT,dump_zone_2,load_zone_1,0.00025,0.00067
1747.0,2026-07-02T15:42:06.245,1,178.966,316.956,10.55,-0.4167,1000.0,RETURNING_TO_START,load_zone_1,dump_zone_1,0.00025,0.00067
1747.0,2026-07-02T15:42:06.245,2,618.736,194.072,16.725,-0.5,0.0,GOING_TO_ENDPOINT,dump_zone_3,load_zone_26,0.00025,0.00067
1747.0,2026-07-02T15:42:06.245,3,163.798,261.373,15.462,-0.4971,0.0,GOING_TO_ENDPOINT,dump_zone_2,load_zone_1,0.00025,0.00067
1748.0,2026-07-02T15:42:11.557,1,177.661,319.529,10.803,0.5014,1000.0,RETURNING_TO_START,load_zone_1,dump_zone_1,0.000291,0.00078
1748.0,2026-07-02T15:42:11.557,2,614.368,193.839,14.925,-0.5,0.0,GOING_TO_ENDPOINT,dump_zone_3,load_zone_26,0.00025,0.00067
1748.0,2026-07-02T15:42:11.557,3,161.058,258.375,14.063,-0.4167,0.0,GOING_TO_ENDPOINT,dump_zone_2,load_zone_1,0.00025,0.00067
1749.0,2026-07-02T15:42:16.209,1,176.961,322.897,13.95,0.949,1000.0,RETURNING_TO_START,load_zone_1,dump_zone_1,0.000336,0.0009
1749.0,2026-07-02T15:42:16.209,2,610.497,193.936,13.125,-0.5,0.0,GOING_TO_ENDPOINT,dump_zone_3,load_zone_26,0.00025,0.00067
1749.0,2026-07-02T15:42:16.209,3,158.618,255.68,12.263,-0.5,0.0,GOING_TO_ENDPOINT,dump_zone_2,load_zone_1,0.00025,0.00067
1750.0,2026-07-02T15:42:21.752,1,176.765,327.141,15.9,0.0833,1000.0,RETURNING_TO_START,load_zone_1,dump_zone_1,0.000274,0.000734
1750.0,2026-07-02T15:42:21.752,2,607.394,195.173,11.325,-0.5,0.0,GOING_TO_ENDPOINT,dump_zone_3,load_zone_26,0.00025,0.00067
1750.0,2026-07-02T15:42:21.752,3,156.516,253.353,10.463,-0.5,0.0,GOING_TO_ENDPOINT,dump_zone_2,load_zone_1,0.00025,0.00067
1751.0,2026-07-02T15:42:26.369,1,176.911,331.41,14.625,-0.5,1000.0,RETURNING_TO_START,load_zone_1,dump_zone_1,0.00025,0.00067
1751.0,2026-07-02T15:42:26.369,2,604.92,196.627,9.525,-0.5,0.0,GOING_TO_ENDPOINT,dump_zone_3,load_zone_26,0.00025,0.00067
1751.0,2026-07-02T15:42:26.369,3,154.736,251.394,8.79,-0.4167,0.0,GOING_TO_ENDPOINT,dump_zone_2,load_zone_1,0.00025,0.00067
1752.0,2026-07-02T15:42:31.204,1,177.176,335.192,12.825,-0.5,1000.0,RETURNING_TO_START,load_zone_1,dump_zone_1,0.00025,0.00067
1752.0,2026-07-02T15:42:31.204,2,602.751,197.595,7.725,-0.5,0.0,GOING_TO_ENDPOINT,dump_zone_3,load_zone_26,0.00025,0.00067
1752.0,2026-07-02T15:42:31.204,3,153.191,249.76,7.49,-0.4167,0.0,GOING_TO_ENDPOINT,dump_zone_2,load_zone_1,0.00025,0.00067
1753.0,2026-07-02T15:42:36.447,1,177.417,338.475,11.025,-0.5,1000.0,RETURNING_TO_START,load_zone_1,dump_zone_1,0.00025,0.00067
1753.0,2026-07-02T15:42:36.447,2,601.0,198.254,5.925,-0.5,0.0,GOING_TO_ENDPOINT,dump_zone_3,load_zone_26,0.00025,0.00067
1753.0,2026-07-02T15:42:36.447,3,151.713,248.564,6.815,0.25,0.0,GOING_TO_ENDPOINT,dump_zone_2,load_zone_1,0.00026,0.000697
1754.0,2026-07-02T15:42:41.266,1,178.073,341.148,9.225,-0.5,1000.0,RETURNING_TO_START,load_zone_1,dump_zone_1,0.00025,0.00067
1754.0,2026-07-02T15:42:41.266,2,599.642,198.48,4.275,-0.25,0.0,GOING_TO_ENDPOINT,dump_zone_3,load_zone_26,0.00025,0.00067
1754.0,2026-07-02T15:42:41.266,3,149.729,247.779,8.265,0.0833,0.0,GOING_TO_ENDPOINT,dump_zone_2,load_zone_1,0.000257,0.000689
1755.0,2026-07-02T15:42:45.057,1,179.765,342.648,7.425,-0.5,1000.0,RETURNING_TO_START,load_zone_1,dump_zone_1,0.00025,0.00067
1755.0,2026-07-02T15:42:45.057,2,598.398,198.295,5.325,0.75,0.0,GOING_TO_ENDPOINT,dump_zone_3,load_zone_26,0.000266,0.000713
1755.0,2026-07-02T15:42:45.057,3,147.528,247.454,8.015,0.25,0.0,GOING_TO_ENDPOINT,dump_zone_2,load_zone_1,0.000262,0.000702
1756.0,2026-07-02T15:42:47.667,1,181.5,343.035,5.625,-0.5,1000.0,RETURNING_TO_START,load_zone_1,dump_zone_1,0.00025,0.00067
1756.0,2026-07-02T15:42:47.667,2,596.726,197.236,8.85,1.0,0.0,GOING_TO_ENDPOINT,dump_zone_3,load_zone_26,0.000284,0.000761
1756.0,2026-07-02T15:42:47.667,3,144.962,247.392,10.715,1.0,0.0,GOING_TO_ENDPOINT,dump_zone_2,load_zone_1,0.000291,0.00078
1757.0,2026-07-02T15:42:50.042,1,182.77,342.83,3.825,-0.5,1000.0,RETURNING_TO_START,load_zone_1,dump_zone_1,0.00025,0.00067
1757.0,2026-07-02T15:42:50.042,2,595.664,194.507,12.45,1.0,0.0,GOING_TO_ENDPOINT,dump_zone_3,load_zone_26,0.000298,0.000799
1757.0,2026-07-02T15:42:50.042,3,141.444,247.41,14.315,1.0,0.0,GOING_TO_ENDPOINT,dump_zone_2,load_zone_1,0.000305,0.000817
1758.0,2026-07-02T15:42:54.316,1,183.544,342.67,2.025,-0.5,1000.0,UNLOADING,load_zone_1,dump_zone_1,0.00025,0.00067
1758.0,2026-07-02T15:42:54.316,2,597.374,190.999,16.05,1.0,0.0,GOING_TO_ENDPOINT,dump_zone_3,load_zone_26,0.000312,0.000836
1758.0,2026-07-02T15:42:54.316,3,136.927,247.481,17.915,1.0,0.0,GOING_TO_ENDPOINT,dump_zone_2,load_zone_1,0.000319,0.000855
1759.0,2026-07-02T15:42:59.457,1,183.835,342.648,0.225,-0.5,1000.0,UNLOADING,load_zone_1,dump_zone_1,0.00025,0.00067
1759.0,2026-07-02T15:42:59.457,2,600.429,187.103,19.65,1.0,0.0,GOING_TO_ENDPOINT,dump_zone_3,load_zone_26,0.000326,0.000874
1759.0,2026-07-02T15:42:59.457,3,131.504,247.501,20.39,0.25,0.0,GOING_TO_ENDPOINT,dump_zone_2,load_zone_1,0.000279,0.000748
1760.0,2026-07-02T15:43:04.286,1,183.837,342.648,0.0,-0.5,1000.0,UNLOADING,load_zone_1,dump_zone_1,0.00025,0.00067
1760.0,2026-07-02T15:43:04.286,2,602.167,181.399,23.25,1.0,0.0,GOING_TO_ENDPOINT,dump_zone_3,load_zone_26,0.00034,0.000911
1760.0,2026-07-02T15:43:04.286,3,125.91,247.5,19.49,-0.5,0.0,GOING_TO_ENDPOINT,dump_zone_2,load_zone_1,0.00025,0.00067
1761.0,2026-07-02T15:43:08.908,1,185.278,342.268,7.2,0.0,0.0,TURNING_AROUND,dump_zone_1,load_zone_1,0.000255,0.000683
1761.0,2026-07-02T15:43:08.908,2,602.505,174.415,26.75,0.9167,0.0,GOING_TO_ENDPOINT,dump_zone_3,load_zone_26,0.000346,0.000927
1761.0,2026-07-02T15:43:08.908,3,120.766,247.5,17.69,-0.5,0.0,GOING_TO_ENDPOINT,dump_zone_2,load_zone_1,0.00025,0.00067
1762.0,2026-07-02T15:43:12.439,1,186.434,341.455,5.4,0.0,0.0,TURNING_AROUND,dump_zone_1,load_zone_1,0.000253,0.000678
1762.0,2026-07-02T15:43:12.439,2,602.5,166.609,28.7,0.0833,0.0,GOING_TO_ENDPOINT,dump_zone_3,load_zone_26,0.000276,0.00074
1762.0,2026-07-02T15:43:12.439,3,116.123,247.5,15.89,-0.5,0.0,GOING_TO_ENDPOINT,dump_zone_2,load_zone_1,0.00025,0.00067
1763.0,2026-07-02T15:43:15.357,1,185.939,342.231,7.2,0.0,0.0,TURNING_AROUND,dump_zone_1,load_zone_1,0.000255,0.000683
1763.0,2026-07-02T15:43:15.357,2,602.5,158.782,27.425,-0.5,0.0,GOING_TO_ENDPOINT,dump_zone_3,load_zone_26,0.00025,0.00067
1763.0,2026-07-02T15:43:15.357,3,111.98,247.5,14.09,-0.5,0.0,GOING_TO_ENDPOINT,dump_zone_2,load_zone_1,0.00025,0.00067
1764.0,2026-07-02T15:43:20.029,1,185.976,342.057,0.25,0.3333,0.0,GOING_TO_ENDPOINT,dump_zone_1,load_zone_1,0.00025,0.00067
1764.0,2026-07-02T15:43:20.029,2,602.5,151.299,26.814,0.0787,0.0,GOING_TO_ENDPOINT,dump_zone_3,load_zone_26,0.000274,0.000734
1764.0,2026-07-02T15:43:20.029,3,108.337,247.5,12.29,-0.5,0.0,GOING_TO_ENDPOINT,dump_zone_2,load_zone_1,0.00025,0.00067
1765.0,2026-07-02T15:43:23.974,1,185.95,341.609,3.15,1.0,0.0,GOING_TO_ENDPOINT,dump_zone_1,load_zone_1,0.000262,0.000702
1765.0,2026-07-02T15:43:23.974,2,602.5,143.759,27.247,-0.0879,0.0,GOING_TO_ENDPOINT,dump_zone_3,load_zone_26,0.00026,0.000697
1765.0,2026-07-02T15:43:23.974,3,105.194,247.5,10.49,-0.5,0.0,GOING_TO_ENDPOINT,dump_zone_2,load_zone_1,0.00025,0.00067
1766.0,2026-07-02T15:43:29.290,1,185.575,340.248,6.75,1.0,0.0,GOING_TO_ENDPOINT,dump_zone_1,load_zone_1,0.000276,0.00074
1766.0,2026-07-02T15:43:29.290,2,602.5,136.243,26.764,-0.1013,0.0,GOING_TO_ENDPOINT,dump_zone_3,load_zone_26,0.000258,0.000691
1766.0,2026-07-02T15:43:29.290,3,102.55,247.5,8.69,-0.5,0.0,GOING_TO_ENDPOINT,dump_zone_2,load_zone_1,0.00025,0.00067
1767.0,2026-07-02T15:43:32.711,1,184.463,338.105,10.35,1.0,0.0,GOING_TO_ENDPOINT,dump_zone_1,load_zone_1,0.00029,0.000777
1767.0,2026-07-02T15:43:32.711,2,602.5,128.735,27.526,0.2439,0.0,GOING_TO_ENDPOINT,dump_zone_3,load_zone_26,0.000289,0.000775
1767.0,2026-07-02T15:43:32.711,3,100.342,246.942,8.54,0.4167,0.0,GOING_TO_ENDPOINT,dump_zone_2,load_zone_1,0.000267,0.000716
1768.0,2026-07-02T15:43:37.073,1,182.854,335.096,13.925,0.9167,0.0,GOING_TO_ENDPOINT,dump_zone_1,load_zone_1,0.0003,0.000804
1768.0,2026-07-02T15:43:37.073,2,602.5,121.06,27.322,-0.288,0.0,GOING_TO_ENDPOINT,dump_zone_3,load_zone_26,0.00025,0.00067
1768.0,2026-07-02T15:43:37.073,3,98.619,244.823,11.615,1.0,0.0,GOING_TO_ENDPOINT,dump_zone_2,load_zone_1,0.000295,0.000791
1769.0,2026-07-02T15:43:42.887,1,181.909,331.065,15.275,-0.0833,0.0,GOING_TO_ENDPOINT,dump_zone_1,load_zone_1,0.000256,0.000686
1769.0,2026-07-02T15:43:42.887,2,602.5,113.557,27.135,0.212,0.0,GOING_TO_ENDPOINT,dump_zone_3,load_zone_26,0.000286,0.000766
1769.0,2026-07-02T15:43:42.887,3,99.107,241.21,15.215,1.0,0.0,GOING_TO_ENDPOINT,dump_zone_2,load_zone_1,0.000309,0.000828
1770.0,2026-07-02T15:43:48.569,1,181.743,327.035,13.725,-0.5,0.0,GOING_TO_ENDPOINT,dump_zone_1,load_zone_1,0.00025,0.00067
1770.0,2026-07-02T15:43:48.569,2,602.5,105.908,27.898,0.212,0.0,GOING_TO_ENDPOINT,dump_zone_3,load_zone_26,0.000287,0.000769
1770.0,2026-07-02T15:43:48.569,3,101.502,237.096,18.815,1.0,0.0,GOING_TO_ENDPOINT,dump_zone_2,load_zone_1,0.000323,0.000866
1771.0,2026-07-02T15:43:53.880,1,181.914,323.499,11.925,-0.5,0.0,GOING_TO_ENDPOINT,dump_zone_1,load_zone_1,0.00025,0.00067
1771.0,2026-07-02T15:43:53.880,2,602.5,98.113,28.399,0.4274,0.0,GOING_TO_ENDPOINT,dump_zone_3,load_zone_26,0.000307,0.000823
1771.0,2026-07-02T15:43:53.880,3,102.499,231.595,20.898,0.1276,0.0,GOING_TO_ENDPOINT,dump_zone_2,load_zone_1,0.000272,0.000729
1772.0,2026-07-02T15:43:58.439,1,182.572,320.54,10.125,-0.5,0.0,GOING_TO_ENDPOINT,dump_zone_1,load_zone_1,0.00025,0.00067
1772.0,2026-07-02T15:43:58.439,2,602.5,90.103,28.721,-0.3321,0.0,GOING_TO_ENDPOINT,dump_zone_3,load_zone_26,0.00025,0.00067
1772.0,2026-07-02T15:43:58.439,3,102.522,225.917,19.716,-0.5,0.0,GOING_TO_ENDPOINT,dump_zone_2,load_zone_1,0.00025,0.00067
1773.0,2026-07-02T15:44:03.348,1,184.139,318.572,8.35,-0.4167,0.0,GOING_TO_ENDPOINT,dump_zone_1,load_zone_1,0.00025,0.00067
1773.0,2026-07-02T15:44:03.348,2,602.5,82.328,27.448,-0.353,0.0,GOING_TO_ENDPOINT,dump_zone_3,load_zone_26,0.00025,0.00067
1773.0,2026-07-02T15:44:03.348,3,102.5,220.711,17.916,-0.5,0.0,GOING_TO_ENDPOINT,dump_zone_2,load_zone_1,0.00025,0.00067
1774.0,2026-07-02T15:44:08.833,1,186.052,317.289,8.8,0.5833,0.0,GOING_TO_ENDPOINT,dump_zone_1,load_zone_1,0.000272,0.000729
1774.0,2026-07-02T15:44:08.833,2,602.5,74.714,27.627,0.147,0.0,GOING_TO_ENDPOINT,dump_zone_3,load_zone_26,0.000281,0.000753
1774.0,2026-07-02T15:44:08.833,3,102.499,216.005,16.116,-0.5,0.0,GOING_TO_ENDPOINT,dump_zone_2,load_zone_1,0.00025,0.00067
1775.0,2026-07-02T15:44:14.997,1,188.459,315.645,12.0,0.75,0.0,GOING_TO_ENDPOINT,dump_zone_1,load_zone_1,0.000287,0.000769
1775.0,2026-07-02T15:44:14.997,2,602.5,66.99,27.859,0.0228,0.0,GOING_TO_ENDPOINT,dump_zone_3,load_zone_26,0.00027,0.000724
1775.0,2026-07-02T15:44:14.997,3,102.5,211.799,14.316,-0.5,0.0,GOING_TO_ENDPOINT,dump_zone_2,load_zone_1,0.00025,0.00067
1776.0,2026-07-02T15:44:21.149,1,190.932,313.141,12.773,-0.172,0.0,GOING_TO_ENDPOINT,dump_zone_1,load_zone_1,0.000251,0.000673
1776.0,2026-07-02T15:44:21.149,2,602.5,59.327,27.379,0.0888,0.0,GOING_TO_ENDPOINT,dump_zone_3,load_zone_26,0.000275,0.000737
1776.0,2026-07-02T15:44:21.149,3,102.5,208.093,12.516,-0.5,0.0,GOING_TO_ENDPOINT,dump_zone_2,load_zone_1,0.00025,0.00067
1777.0,2026-07-02T15:44:26.827,1,192.657,310.232,11.917,0.0833,0.0,GOING_TO_ENDPOINT,dump_zone_1,load_zone_1,0.000261,0.000699
1777.0,2026-07-02T15:44:26.827,2,602.5,51.602,28.414,0.4798,0.0,GOING_TO_ENDPOINT,dump_zone_3,load_zone_26,0.000312,0.000836
1777.0,2026-07-02T15:44:26.827,3,102.5,204.887,10.716,-0.5,0.0,GOING_TO_ENDPOINT,dump_zone_2,load_zone_1,0.00025,0.00067
1778.0,2026-07-02T15:44:33.476,1,194.035,306.945,14.142,1.0,0.0,GOING_TO_ENDPOINT,dump_zone_1,load_zone_1,0.000305,0.000817
1778.0,2026-07-02T15:44:33.476,2,602.5,43.603,28.841,-0.1869,0.0,GOING_TO_ENDPOINT,dump_zone_3,load_zone_26,0.000251,0.000673
1778.0,2026-07-02T15:44:33.476,3,102.488,202.182,8.916,-0.5,0.0,GOING_TO_ENDPOINT,dump_zone_2,load_zone_1,0.00025,0.00067
1779.0,2026-07-02T15:44:39.679,1,195.488,302.893,16.092,0.0833,0.0,GOING_TO_ENDPOINT,dump_zone_1,load_zone_1,0.000265,0.00071
1779.0,2026-07-02T15:44:39.679,2,602.5,35.808,27.548,-0.0833,0.0,GOING_TO_ENDPOINT,dump_zone_3,load_zone_26,0.00026,0.000697
1779.0,2026-07-02T15:44:39.679,3,102.266,199.933,7.533,-0.25,0.0,GOING_TO_ENDPOINT,dump_zone_2,load_zone_1,0.00025,0.00067
1780.0,2026-07-02T15:44:45.218,1,196.851,298.788,14.817,-0.5,0.0,GOING_TO_ENDPOINT,dump_zone_1,load_zone_1,0.00025,0.00067
1780.0,2026-07-02T15:44:45.218,2,602.5,28.039,28.644,0.6096,0.0,GOING_TO_ENDPOINT,dump_zone_3,load_zone_26,0.000325,0.000871
1780.0,2026-07-02T15:44:45.218,3,101.597,197.975,7.258,-0.2086,0.0,GOING_TO_ENDPOINT,dump_zone_2,load_zone_1,0.00025,0.00067
1781.0,2026-07-02T15:44:49.376,1,198.01,295.122,13.017,-0.5,0.0,GOING_TO_ENDPOINT,dump_zone_1,load_zone_1,0.00025,0.00067
1781.0,2026-07-02T15:44:49.376,2,602.5,19.872,29.489,-0.2237,0.0,GOING_TO_ENDPOINT,dump_zone_3,load_zone_26,0.00025,0.00067
1781.0,2026-07-02T15:44:49.376,3,100.636,196.093,8.457,0.7914,0.0,GOING_TO_ENDPOINT,dump_zone_2,load_zone_1,0.000277,0.000742
1782.0,2026-07-02T15:44:53.839,1,199.294,292.043,11.217,-0.5,0.0,GOING_TO_ENDPOINT,dump_zone_1,load_zone_1,0.00025,0.00067
1782.0,2026-07-02T15:44:53.839,2,602.5,11.911,27.908,-0.4306,0.0,GOING_TO_ENDPOINT,dump_zone_3,load_zone_26,0.00025,0.00067
1782.0,2026-07-02T15:44:53.839,3,99.206,193.597,12.007,1.0,0.0,GOING_TO_ENDPOINT,dump_zone_2,load_zone_1,0.000296,0.000793
1783.0,2026-07-02T15:44:59.332,1,201.073,289.829,9.417,-0.5,0.0,GOING_TO_ENDPOINT,dump_zone_1,load_zone_1,0.00025,0.00067
1783.0,2026-07-02T15:44:59.332,2,602.5,4.404,26.504,-0.0833,0.0,GOING_TO_ENDPOINT,dump_zone_3,load_zone_26,0.00026,0.000697
1783.0,2026-07-02T15:44:59.332,3,97.157,190.305,15.607,1.0,0.0,GOING_TO_ENDPOINT,dump_zone_2,load_zone_1,0.00031,0.000831
1784.0,2026-07-02T15:45:04.646,1,202.226,287.794,7.617,-0.5,0.0,GOING_TO_ENDPOINT,dump_zone_1,load_zone_1,0.00025,0.00067
1784.0,2026-07-02T15:45:04.646,2,602.5,-3.113,27.854,0.4167,0.0,GOING_TO_ENDPOINT,dump_zone_3,load_zone_26,0.000305,0.000817
1784.0,2026-07-02T15:45:04.646,3,94.657,186.246,17.984,0.2203,0.0,GOING_TO_ENDPOINT,dump_zone_2,load_zone_1,0.000274,0.000734
1785.0,2026-07-02T15:45:09.941,1,202.852,286.059,5.817,-0.5,0.0,GOING_TO_ENDPOINT,dump_zone_1,load_zone_1,0.00025,0.00067
1785.0,2026-07-02T15:45:09.941,2,602.5,-10.998,28.939,0.2537,0.0,GOING_TO_ENDPOINT,dump_zone_3,load_zone_26,0.000292,0.000783
1785.0,2026-07-02T15:45:09.941,3,92.124,182.037,17.013,-0.5,0.0,GOING_TO_ENDPOINT,dump_zone_2,load_zone_1,0.00025,0.00067
1786.0,2026-07-02T15:45:15.946,1,203.282,284.625,5.345,-0.0958,0.0,GOING_TO_ENDPOINT,dump_zone_1,load_zone_1,0.000252,0.000675
1786.0,2026-07-02T15:45:15.946,2,602.5,-19.001,28.558,-0.0458,0.0,GOING_TO_ENDPOINT,dump_zone_3,load_zone_26,0.000264,0.000708
1786.0,2026-07-02T15:45:15.946,3,89.831,178.217,15.213,-0.5,0.0,GOING_TO_ENDPOINT,dump_zone_2,load_zone_1,0.00025,0.00067
1787.0,2026-07-02T15:45:21.369,1,203.519,283.206,5.389,0.3653,0.0,GOING_TO_ENDPOINT,dump_zone_1,load_zone_1,0.00026,0.000697
1787.0,2026-07-02T15:45:21.369,2,602.5,-26.845,27.707,-0.5,0.0,GOING_TO_ENDPOINT,dump_zone_3,load_zone_26,0.00025,0.00067
1787.0,2026-07-02T15:45:21.369,3,87.795,174.827,13.413,-0.5,0.0,GOING_TO_ENDPOINT,dump_zone_2,load_zone_1,0.00025,0.00067
1788.0,2026-07-02T15:45:27.284,1,203.333,281.552,6.754,0.6986,0.0,GOING_TO_ENDPOINT,dump_zone_1,load_zone_1,0.00027,0.000724
1788.0,2026-07-02T15:45:27.284,2,602.5,-34.418,27.281,0.2164,0.0,GOING_TO_ENDPOINT,dump_zone_3,load_zone_26,0.000286,0.000766
1788.0,2026-07-02T15:45:27.284,3,86.014,171.866,11.613,-0.5,0.0,GOING_TO_ENDPOINT,dump_zone_2,load_zone_1,0.00025,0.00067
1789.0,2026-07-02T15:45:32.852,1,202.099,279.552,10.233,1.0,0.0,GOING_TO_ENDPOINT,dump_zone_1,load_zone_1,0.00029,0.000777
1789.0,2026-07-02T15:45:32.852,2,602.5,-42.179,28.406,0.2682,0.0,GOING_TO_ENDPOINT,dump_zone_3,load_zone_26,0.000293,0.000785
1789.0,2026-07-02T15:45:32.852,3,84.14,169.603,9.813,-0.5,0.0,GOING_TO_ENDPOINT,dump_zone_2,load_zone_1,0.00025,0.00067
1790.0,2026-07-02T15:45:38.432,1,199.223,278.001,12.708,0.25,0.0,GOING_TO_ENDPOINT,dump_zone_1,load_zone_1,0.000268,0.000718
1790.0,2026-07-02T15:45:38.432,2,602.5,-50.096,28.515,0.0322,0.0,GOING_TO_ENDPOINT,dump_zone_3,load_zone_26,0.000271,0.000726
1790.0,2026-07-02T15:45:38.432,3,82.189,168.116,8.013,-0.5,0.0,GOING_TO_ENDPOINT,dump_zone_2,load_zone_1,0.00025,0.00067
1791.0,2026-07-02T15:45:43.612,1,195.75,278.199,12.586,-0.0516,0.0,GOING_TO_ENDPOINT,dump_zone_1,load_zone_1,0.000256,0.000686
1791.0,2026-07-02T15:45:43.612,2,602.5,-57.992,28.208,-0.1128,0.0,GOING_TO_ENDPOINT,dump_zone_3,load_zone_26,0.000258,0.000691
1791.0,2026-07-02T15:45:43.612,3,81.19,166.457,6.213,-0.5,0.0,GOING_TO_ENDPOINT,dump_zone_2,load_zone_1,0.00025,0.00067
1792.0,2026-07-02T15:45:49.029,1,192.268,279.143,13.35,0.0735,0.0,GOING_TO_ENDPOINT,dump_zone_1,load_zone_1,0.000262,0.000702
1792.0,2026-07-02T15:45:49.029,2,602.5,-65.787,27.545,-0.5,0.0,GOING_TO_ENDPOINT,dump_zone_3,load_zone_26,0.00025,0.00067
1792.0,2026-07-02T15:45:49.029,3,81.023,164.925,5.538,0.25,0.0,GOING_TO_ENDPOINT,dump_zone_2,load_zone_1,0.000258,0.000691
1793.0,2026-07-02T15:45:53.626,1,188.755,279.678,12.057,-0.5,0.0,GOING_TO_ENDPOINT,dump_zone_1,load_zone_1,0.00025,0.00067
1793.0,2026-07-02T15:45:53.626,2,602.5,-73.168,25.745,-0.5,0.0,GOING_TO_ENDPOINT,dump_zone_3,load_zone_26,0.00025,0.00067
1793.0,2026-07-02T15:45:53.626,3,81.521,163.133,8.014,0.7489,0.0,GOING_TO_ENDPOINT,dump_zone_2,load_zone_1,0.000274,0.000734
1794.0,2026-07-02T15:45:57.912,1,185.688,279.496,10.257,-0.5,0.0,GOING_TO_ENDPOINT,dump_zone_1,load_zone_1,0.00025,0.00067
1794.0,2026-07-02T15:45:57.912,2,602.5,-80.048,23.945,-0.5,0.0,GOING_TO_ENDPOINT,dump_zone_3,load_zone_26,0.00025,0.00067
1794.0,2026-07-02T15:45:57.912,3,82.217,160.818,8.76,-0.2511,0.0,GOING_TO_ENDPOINT,dump_zone_2,load_zone_1,0.00025,0.00067
1795.0,2026-07-02T15:46:00.981,1,183.158,278.78,8.857,-0.5,0.0,GOING_TO_ENDPOINT,dump_zone_1,load_zone_1,0.00025,0.00067
1795.0,2026-07-02T15:46:00.981,2,602.5,-86.429,22.145,-0.5,0.0,GOING_TO_ENDPOINT,dump_zone_3,load_zone_26,0.00025,0.00067
1795.0,2026-07-02T15:46:00.981,3,82.227,158.645,7.034,-0.5,0.0,GOING_TO_ENDPOINT,dump_zone_2,load_zone_1,0.00025,0.00067
1796.0,2026-07-02T15:46:04.246,1,181.053,277.729,8.707,0.4167,0.0,GOING_TO_ENDPOINT,dump_zone_1,load_zone_1,0.000267,0.000716
1796.0,2026-07-02T15:46:04.246,2,602.5,-92.309,20.345,-0.5,0.0,GOING_TO_ENDPOINT,dump_zone_3,load_zone_26,0.00025,0.00067
1796.0,2026-07-02T15:46:04.246,3,82.497,156.996,5.234,-0.5,0.0,GOING_TO_ENDPOINT,dump_zone_2,load_zone_1,0.00025,0.00067
1797.0,2026-07-02T15:46:08.596,1,178.731,276.107,11.782,1.0,0.0,GOING_TO_ENDPOINT,dump_zone_1,load_zone_1,0.000296,0.000793
1797.0,2026-07-02T15:46:08.596,2,602.473,-97.689,18.545,-0.5,0.0,GOING_TO_ENDPOINT,dump_zone_3,load_zone_26,0.00025,0.00067
1797.0,2026-07-02T15:46:08.596,3,83.079,155.97,3.434,-0.5,0.0,LOADING,dump_zone_2,load_zone_1,0.00025,0.00067
1798.0,2026-07-02T15:46:13.985,1,175.838,273.621,15.382,1.0,0.0,GOING_TO_ENDPOINT,dump_zone_1,load_zone_1,0.000309,0.000828
1798.0,2026-07-02T15:46:13.985,2,601.952,-102.432,17.12,-0.0833,0.0,GOING_TO_ENDPOINT,dump_zone_3,load_zone_26,0.000256,0.000686
1798.0,2026-07-02T15:46:13.985,3,83.54,155.468,1.634,-0.5,0.0,LOADING,dump_zone_2,load_zone_1,0.00025,0.00067
1799.0,2026-07-02T15:46:19.472,1,172.374,270.307,18.607,0.5833,0.0,GOING_TO_ENDPOINT,dump_zone_1,load_zone_1,0.000297,0.000796
1799.0,2026-07-02T15:46:19.472,2,605.835,-104.927,18.77,0.9167,0.0,GOING_TO_ENDPOINT,dump_zone_3,load_zone_26,0.000318,0.000852
1799.0,2026-07-02T15:46:19.472,3,83.678,155.34,0.0,-0.5,0.0,LOADING,dump_zone_2,load_zone_1,0.00025,0.00067
1800.0,2026-07-02T15:46:23.214,1,168.668,266.555,18.757,-0.4167,0.0,GOING_TO_ENDPOINT,dump_zone_1,load_zone_1,0.00025,0.00067
1800.0,2026-07-02T15:46:23.214,2,610.275,-101.607,22.37,1.0,0.0,GOING_TO_ENDPOINT,dump_zone_3,load_zone_26,0.000337,0.000903
1800.0,2026-07-02T15:46:23.214,3,83.678,155.34,0.0,-0.5,0.0,LOADING,dump_zone_2,load_zone_1,0.00025,0.00067
1801.0,2026-07-02T15:46:27.218,1,165.273,262.968,16.957,-0.5,0.0,GOING_TO_ENDPOINT,dump_zone_1,load_zone_1,0.00025,0.00067
1801.0,2026-07-02T15:46:27.218,2,615.56,-97.746,24.845,0.25,0.0,GOING_TO_ENDPOINT,dump_zone_3,load_zone_26,0.000286,0.000766
1801.0,2026-07-02T15:46:27.218,3,85.441,154.44,7.2,0.0,1000.0,TURNING_AROUND,load_zone_1,dump_zone_1,0.000258,0.000691
1802.0,2026-07-02T15:46:31.347,1,162.265,259.702,15.157,-0.5,0.0,GOING_TO_ENDPOINT,dump_zone_1,load_zone_1,0.00025,0.00067
1802.0,2026-07-02T15:46:31.347,2,622.33,-97.296,23.945,-0.5,0.0,GOING_TO_ENDPOINT,dump_zone_3,load_zone_26,0.00025,0.00067
1802.0,2026-07-02T15:46:31.347,3,85.982,154.263,5.4,0.0,1000.0,TURNING_AROUND,load_zone_1,dump_zone_1,0.000256,0.000686
1803.0,2026-07-02T15:46:34.755,1,159.617,256.786,13.357,-0.5,0.0,GOING_TO_ENDPOINT,dump_zone_1,load_zone_1,0.00025,0.00067
1803.0,2026-07-02T15:46:34.755,2,628.708,-97.482,22.145,-0.5,0.0,GOING_TO_ENDPOINT,dump_zone_3,load_zone_26,0.00025,0.00067
1803.0,2026-07-02T15:46:34.755,3,85.865,154.414,7.2,0.0,1000.0,TURNING_AROUND,load_zone_1,dump_zone_1,0.000258,0.000691
1804.0,2026-07-02T15:46:37.735,1,157.311,254.233,11.582,-0.4167,0.0,GOING_TO_ENDPOINT,dump_zone_1,load_zone_1,0.00025,0.00067
1804.0,2026-07-02T15:46:37.735,2,634.588,-97.495,20.345,-0.5,0.0,GOING_TO_ENDPOINT,dump_zone_3,load_zone_26,0.00025,0.00067
1804.0,2026-07-02T15:46:37.735,3,87.09,155.969,7.2,0.0,1000.0,TURNING_AROUND,load_zone_1,dump_zone_1,0.000258,0.000691
1805.0,2026-07-02T15:46:41.208,1,155.306,252.02,9.98,-0.5,0.0,GOING_TO_ENDPOINT,dump_zone_1,load_zone_1,0.00025,0.00067
1805.0,2026-07-02T15:46:41.208,2,639.969,-97.497,18.545,-0.5,0.0,GOING_TO_ENDPOINT,dump_zone_3,load_zone_26,0.00025,0.00067
1805.0,2026-07-02T15:46:41.208,3,87.105,155.92,0.0,-0.0,1000.0,RETURNING_TO_START,load_zone_1,dump_zone_1,0.00025,0.00067
1806.0,2026-07-02T15:46:44.897,1,153.611,250.18,8.205,-0.4167,0.0,GOING_TO_ENDPOINT,dump_zone_1,load_zone_1,0.00025,0.00067
1806.0,2026-07-02T15:46:44.897,2,644.849,-97.5,16.745,-0.5,0.0,GOING_TO_ENDPOINT,dump_zone_3,load_zone_26,0.00025,0.00067
1806.0,2026-07-02T15:46:44.897,3,87.098,156.13,1.95,1.0,1000.0,RETURNING_TO_START,load_zone_1,dump_zone_1,0.000263,0.000705
1807.0,2026-07-02T15:46:48.406,1,152.057,248.792,7.218,0.0833,0.0,GOING_TO_ENDPOINT,dump_zone_1,load_zone_1,0.000257,0.000689
1807.0,2026-07-02T15:46:48.406,2,649.224,-97.619,14.945,-0.5,0.0,GOING_TO_ENDPOINT,dump_zone_3,load_zone_26,0.00025,0.00067
1807.0,2026-07-02T15:46:48.406,3,86.885,157.189,5.55,1.0,1000.0,RETURNING_TO_START,load_zone_1,dump_zone_1,0.000286,0.000766
1808.0,2026-07-02T15:46:53.202,1,150.06,247.853,8.718,0.25,0.0,GOING_TO_ENDPOINT,dump_zone_1,load_zone_1,0.000263,0.000705
1808.0,2026-07-02T15:46:53.202,2,652.697,-99.236,13.145,-0.5,0.0,GOING_TO_ENDPOINT,dump_zone_3,load_zone_26,0.00025,0.00067
1808.0,2026-07-02T15:46:53.202,3,85.713,158.882,9.15,1.0,1000.0,RETURNING_TO_START,load_zone_1,dump_zone_1,0.000309,0.000828
1809.0,2026-07-02T15:46:56.761,1,147.708,247.476,8.418,0.0833,0.0,GOING_TO_ENDPOINT,dump_zone_1,load_zone_1,0.000258,0.000691
1809.0,2026-07-02T15:46:56.761,2,655.302,-101.64,12.995,0.4167,0.0,GOING_TO_ENDPOINT,dump_zone_3,load_zone_26,0.000276,0.00074
1809.0,2026-07-02T15:46:56.761,3,83.011,160.341,12.75,1.0,1000.0,RETURNING_TO_START,load_zone_1,dump_zone_1,0.000332,0.00089
1810.0,2026-07-02T15:47:00.384,1,145.116,247.398,10.643,1.0,0.0,GOING_TO_ENDPOINT,dump_zone_1,load_zone_1,0.000291,0.00078
1810.0,2026-07-02T15:47:00.384,2,658.121,-104.514,16.07,1.0,0.0,GOING_TO_ENDPOINT,dump_zone_3,load_zone_26,0.000312,0.000836
1810.0,2026-07-02T15:47:00.384,3,79.437,162.228,15.975,0.5833,1000.0,RETURNING_TO_START,load_zone_1,dump_zone_1,0.000317,0.00085
1811.0,2026-07-02T15:47:02.856,1,141.618,247.432,14.243,1.0,0.0,GOING_TO_ENDPOINT,dump_zone_1,load_zone_1,0.000305,0.000817
1811.0,2026-07-02T15:47:02.856,2,661.63,-108.084,19.67,1.0,0.0,GOING_TO_ENDPOINT,dump_zone_3,load_zone_26,0.000326,0.000874
1811.0,2026-07-02T15:47:02.856,3,77.188,165.994,16.125,-0.4167,1000.0,RETURNING_TO_START,load_zone_1,dump_zone_1,0.00025,0.00067
1812.0,2026-07-02T15:47:08.327,1,137.12,247.486,17.843,1.0,0.0,GOING_TO_ENDPOINT,dump_zone_1,load_zone_1,0.000319,0.000855
1812.0,2026-07-02T15:47:08.327,2,665.87,-112.337,23.27,1.0,0.0,GOING_TO_ENDPOINT,dump_zone_3,load_zone_26,0.00034,0.000911
1812.0,2026-07-02T15:47:08.327,3,78.819,169.784,14.35,-0.4167,1000.0,RETURNING_TO_START,load_zone_1,dump_zone_1,0.00025,0.00067
1813.0,2026-07-02T15:47:12.322,1,131.702,247.5,20.469,0.3128,0.0,GOING_TO_ENDPOINT,dump_zone_1,load_zone_1,0.000284,0.000761
1813.0,2026-07-02T15:47:12.322,2,670.824,-117.29,26.87,1.0,0.0,GOING_TO_ENDPOINT,dump_zone_3,load_zone_26,0.000354,0.000949
1813.0,2026-07-02T15:47:12.322,3,80.972,173.12,14.8,0.5833,1000.0,RETURNING_TO_START,load_zone_1,dump_zone_1,0.000312,0.000836
1814.0,2026-07-02T15:47:15.246,1,126.054,247.5,19.739,-0.5,0.0,GOING_TO_ENDPOINT,dump_zone_1,load_zone_1,0.00025,0.00067
1814.0,2026-07-02T15:47:15.246,2,676.369,-122.833,28.82,0.0833,0.0,GOING_TO_ENDPOINT,dump_zone_3,load_zone_26,0.000276,0.00074
1814.0,2026-07-02T15:47:15.246,3,83.31,177.045,17.775,0.5833,1000.0,RETURNING_TO_START,load_zone_1,dump_zone_1,0.000325,0.000871
1815.0,2026-07-02T15:47:16.938,1,120.842,247.5,17.939,-0.5,0.0,GOING_TO_ENDPOINT,dump_zone_1,load_zone_1,0.00025,0.00067
1815.0,2026-07-02T15:47:16.938,2,681.927,-128.391,27.545,-0.5,0.0,GOING_TO_ENDPOINT,dump_zone_3,load_zone_26,0.00025,0.00067
1815.0,2026-07-02T15:47:16.938,3,85.895,181.375,17.925,-0.4167,1000.0,RETURNING_TO_START,load_zone_1,dump_zone_1,0.00025,0.00067
1816.0,2026-07-02T15:47:18.803,1,116.129,247.5,16.139,-0.5,0.0,GOING_TO_ENDPOINT,dump_zone_1,load_zone_1,0.00025,0.00067
1816.0,2026-07-02T15:47:18.803,2,687.145,-133.61,25.745,-0.5,0.0,GOING_TO_ENDPOINT,dump_zone_3,load_zone_26,0.00025,0.00067
1816.0,2026-07-02T15:47:18.803,3,88.319,185.412,16.125,-0.5,1000.0,RETURNING_TO_START,load_zone_1,dump_zone_1,0.00025,0.00067
1817.0,2026-07-02T15:47:20.489,1,111.917,247.5,14.339,-0.5,0.0,GOING_TO_ENDPOINT,dump_zone_1,load_zone_1,0.00025,0.00067
1817.0,2026-07-02T15:47:20.489,2,692.01,-138.476,23.945,-0.5,0.0,GOING_TO_ENDPOINT,dump_zone_3,load_zone_26,0.00025,0.00067
1817.0,2026-07-02T15:47:20.489,3,90.487,189.019,14.325,-0.5,1000.0,RETURNING_TO_START,load_zone_1,dump_zone_1,0.00025,0.00067
1818.0,2026-07-02T15:47:22.155,1,108.205,247.5,12.539,-0.5,0.0,GOING_TO_ENDPOINT,dump_zone_1,load_zone_1,0.00025,0.00067
1818.0,2026-07-02T15:47:22.155,2,696.525,-142.984,22.145,-0.5,0.0,GOING_TO_ENDPOINT,dump_zone_3,load_zone_26,0.00025,0.00067
1818.0,2026-07-02T15:47:22.155,3,92.397,192.198,12.525,-0.5,1000.0,RETURNING_TO_START,load_zone_1,dump_zone_1,0.00025,0.00067
1819.0,2026-07-02T15:47:24.440,1,104.993,247.5,10.739,-0.5,0.0,GOING_TO_ENDPOINT,dump_zone_1,load_zone_1,0.00025,0.00067
1819.0,2026-07-02T15:47:24.440,2,700.659,-147.165,20.345,-0.5,0.0,GOING_TO_ENDPOINT,dump_zone_3,load_zone_26,0.00025,0.00067
1819.0,2026-07-02T15:47:24.440,3,94.049,194.948,10.725,-0.5,1000.0,RETURNING_TO_START,load_zone_1,dump_zone_1,0.00025,0.00067
1820.0,2026-07-02T15:47:27.142,1,102.281,247.508,8.939,-0.5,0.0,GOING_TO_ENDPOINT,dump_zone_1,load_zone_1,0.00025,0.00067
1820.0,2026-07-02T15:47:27.142,2,703.593,-151.597,18.545,-0.5,0.0,GOING_TO_ENDPOINT,dump_zone_3,load_zone_26,0.00025,0.00067
1820.0,2026-07-02T15:47:27.142,3,95.45,197.281,9.047,-0.5,1000.0,RETURNING_TO_START,load_zone_1,dump_zone_1,0.00025,0.00067
1821.0,2026-07-02T15:47:29.745,1,99.991,247.004,8.789,0.4167,0.0,GOING_TO_ENDPOINT,dump_zone_1,load_zone_1,0.000267,0.000716
1821.0,2026-07-02T15:47:29.745,2,702.905,-156.563,18.395,0.4167,0.0,GOING_TO_ENDPOINT,dump_zone_3,load_zone_26,0.000286,0.000766
1821.0,2026-07-02T15:47:29.745,3,96.62,199.207,7.433,-0.25,1000.0,RETURNING_TO_START,load_zone_1,dump_zone_1,0.00025,0.00067
1822.0,2026-07-02T15:47:31.893,1,98.196,244.86,11.864,1.0,0.0,GOING_TO_ENDPOINT,dump_zone_1,load_zone_1,0.000296,0.000793
1822.0,2026-07-02T15:47:31.893,2,702.511,-161.868,19.501,-0.0544,0.0,GOING_TO_ENDPOINT,dump_zone_3,load_zone_26,0.000259,0.000694
1822.0,2026-07-02T15:47:31.893,3,97.846,200.816,7.254,-0.029,1000.0,RETURNING_TO_START,load_zone_1,dump_zone_1,0.000257,0.000689
1823.0,2026-07-02T15:47:34.601,1,98.707,241.188,15.464,1.0,0.0,GOING_TO_ENDPOINT,dump_zone_1,load_zone_1,0.00031,0.000831
1823.0,2026-07-02T15:47:34.601,2,702.491,-167.088,17.995,-0.5,0.0,GOING_TO_ENDPOINT,dump_zone_3,load_zone_26,0.00025,0.00067
1823.0,2026-07-02T15:47:34.601,3,99.662,201.999,8.631,0.3424,1000.0,RETURNING_TO_START,load_zone_1,dump_zone_1,0.000275,0.000737
1824.0,2026-07-02T15:47:37.004,1,101.134,237.006,19.064,1.0,0.0,GOING_TO_ENDPOINT,dump_zone_1,load_zone_1,0.000324,0.000868
1824.0,2026-07-02T15:47:37.004,2,702.5,-171.816,16.195,-0.5,0.0,GOING_TO_ENDPOINT,dump_zone_3,load_zone_26,0.00025,0.00067
1824.0,2026-07-02T15:47:37.004,3,101.974,202.502,8.009,-0.4167,1000.0,RETURNING_TO_START,load_zone_1,dump_zone_1,0.00025,0.00067
1825.0,2026-07-02T15:47:38.922,1,102.527,231.555,21.014,0.0833,0.0,GOING_TO_ENDPOINT,dump_zone_1,load_zone_1,0.000269,0.000721
1825.0,2026-07-02T15:47:38.922,2,702.5,-176.043,14.395,-0.5,0.0,GOING_TO_ENDPOINT,dump_zone_3,load_zone_26,0.00025,0.00067
1825.0,2026-07-02T15:47:38.922,3,104.181,202.592,8.459,0.5833,1000.0,RETURNING_TO_START,load_zone_1,dump_zone_1,0.000286,0.000766
1826.0,2026-07-02T15:47:40.878,1,102.521,225.864,19.739,-0.5,0.0,GOING_TO_ENDPOINT,dump_zone_1,load_zone_1,0.00025,0.00067
1826.0,2026-07-02T15:47:40.878,2,702.5,-179.772,12.62,-0.4167,0.0,GOING_TO_ENDPOINT,dump_zone_3,load_zone_26,0.00025,0.00067
1826.0,2026-07-02T15:47:40.878,3,107.009,202.594,11.809,1.0,1000.0,RETURNING_TO_START,load_zone_1,dump_zone_1,0.000326,0.000874
1827.0,2026-07-02T15:47:42.515,1,102.495,220.652,17.939,-0.5,0.0,GOING_TO_ENDPOINT,dump_zone_1,load_zone_1,0.00025,0.00067
1827.0,2026-07-02T15:47:42.515,2,702.5,-183.027,10.895,-0.5,0.0,GOING_TO_ENDPOINT,dump_zone_3,load_zone_26,0.00025,0.00067
1827.0,2026-07-02T15:47:42.515,3,110.83,202.532,15.409,1.0,1000.0,RETURNING_TO_START,load_zone_1,dump_zone_1,0.000349,0.000935
1828.0,2026-07-02T15:47:44.683,1,102.499,215.94,16.139,-0.5,0.0,GOING_TO_ENDPOINT,dump_zone_1,load_zone_1,0.00025,0.00067
1828.0,2026-07-02T15:47:44.683,2,702.5,-185.782,9.095,-0.5,0.0,GOING_TO_ENDPOINT,dump_zone_3,load_zone_26,0.00025,0.00067
1828.0,2026-07-02T15:47:44.683,3,115.646,202.501,18.859,0.75,1000.0,RETURNING_TO_START,load_zone_1,dump_zone_1,0.000346,0.000927
1829.0,2026-07-02T15:47:46.746,1,102.5,211.728,14.339,-0.5,0.0,GOING_TO_ENDPOINT,dump_zone_1,load_zone_1,0.00025,0.00067
1829.0,2026-07-02T15:47:46.746,2,702.5,-188.038,7.295,-0.5,0.0,GOING_TO_ENDPOINT,dump_zone_3,load_zone_26,0.00025,0.00067
1829.0,2026-07-02T15:47:46.746,3,121.08,202.499,19.609,-0.25,1000.0,RETURNING_TO_START,load_zone_1,dump_zone_1,0.00025,0.00067
1830.0,2026-07-02T15:47:49.282,1,102.5,208.016,12.539,-0.5,0.0,GOING_TO_ENDPOINT,dump_zone_1,load_zone_1,0.00025,0.00067
1830.0,2026-07-02T15:47:49.282,2,702.451,-189.792,5.495,-0.5,0.0,GOING_TO_ENDPOINT,dump_zone_3,load_zone_26,0.00025,0.00067
1830.0,2026-07-02T15:47:49.282,3,126.276,202.5,17.884,-0.5,1000.0,RETURNING_TO_START,load_zone_1,dump_zone_1,0.00025,0.00067
1831.0,2026-07-02T15:47:51.168,1,102.5,204.803,10.739,-0.5,0.0,GOING_TO_ENDPOINT,dump_zone_1,load_zone_1,0.00025,0.00067
1831.0,2026-07-02T15:47:51.168,2,702.676,-191.022,3.695,-0.5,0.0,GOING_TO_ENDPOINT,dump_zone_3,load_zone_26,0.00025,0.00067
1831.0,2026-07-02T15:47:51.168,3,130.973,202.5,16.084,-0.5,1000.0,RETURNING_TO_START,load_zone_1,dump_zone_1,0.00025,0.00067
1832.0,2026-07-02T15:47:53.117,1,102.478,202.087,9.039,-0.4167,0.0,GOING_TO_ENDPOINT,dump_zone_1,load_zone_1,0.00025,0.00067
1832.0,2026-07-02T15:47:53.117,2,702.989,-191.708,1.895,-0.5,0.0,LOADING,dump_zone_3,load_zone_26,0.00025,0.00067
1832.0,2026-07-02T15:47:53.117,3,135.171,202.5,14.286,-0.5,1000.0,RETURNING_TO_START,load_zone_1,dump_zone_1,0.00025,0.00067
1833.0,2026-07-02T15:47:55.304,1,102.183,199.733,8.439,0.0833,0.0,GOING_TO_ENDPOINT,dump_zone_1,load_zone_1,0.000258,0.000691
1833.0,2026-07-02T15:47:55.304,2,703.123,-191.926,0.095,-0.5,0.0,LOADING,dump_zone_3,load_zone_26,0.00025,0.00067
1833.0,2026-07-02T15:47:55.304,3,138.868,202.5,12.486,-0.5,1000.0,RETURNING_TO_START,load_zone_1,dump_zone_1,0.00025,0.00067
1834.0,2026-07-02T15:47:56.973,1,101.404,197.593,7.689,-0.25,0.0,GOING_TO_ENDPOINT,dump_zone_1,load_zone_1,0.00025,0.00067
1834.0,2026-07-02T15:47:56.973,2,703.123,-191.926,0.0,-0.5,0.0,LOADING,dump_zone_3,load_zone_26,0.00025,0.00067
1834.0,2026-07-02T15:47:56.973,3,142.066,202.5,10.686,-0.5,1000.0,RETURNING_TO_START,load_zone_1,dump_zone_1,0.00025,0.00067
1835.0,2026-07-02T15:47:58.559,1,100.4,195.623,8.739,0.75,0.0,GOING_TO_ENDPOINT,dump_zone_1,load_zone_1,0.000277,0.000742
1835.0,2026-07-02T15:47:58.559,2,704.318,-193.071,7.2,0.0,1000.0,TURNING_AROUND,load_zone_26,dump_zone_3,0.000258,0.000691
1835.0,2026-07-02T15:47:58.559,3,144.786,202.5,9.06,-0.4167,1000.0,RETURNING_TO_START,load_zone_1,dump_zone_1,0.00025,0.00067
1836.0,2026-07-02T15:47:59.878,1,98.907,193.081,12.264,1.0,0.0,GOING_TO_ENDPOINT,dump_zone_1,load_zone_1,0.000297,0.000796
1836.0,2026-07-02T15:47:59.878,2,705.338,-193.556,5.4,0.0,1000.0,TURNING_AROUND,load_zone_26,dump_zone_3,0.000256,0.000686
1836.0,2026-07-02T15:47:59.878,3,147.031,202.5,7.26,-0.5,1000.0,RETURNING_TO_START,load_zone_1,dump_zone_1,0.00025,0.00067
1837.0,2026-07-02T15:48:01.070,1,96.801,189.741,15.864,1.0,0.0,GOING_TO_ENDPOINT,dump_zone_1,load_zone_1,0.000311,0.000833
1837.0,2026-07-02T15:48:01.070,2,704.701,-193.483,7.2,0.0,1000.0,TURNING_AROUND,load_zone_26,dump_zone_3,0.000258,0.000691
1837.0,2026-07-02T15:48:01.070,3,148.827,202.727,6.26,0.0833,1000.0,RETURNING_TO_START,load_zone_1,dump_zone_1,0.000259,0.000694
1838.0,2026-07-02T15:48:02.119,1,94.304,185.662,17.814,0.0833,0.0,GOING_TO_ENDPOINT,dump_zone_1,load_zone_1,0.000266,0.000713
1838.0,2026-07-02T15:48:02.119,2,706.368,-192.416,7.2,0.0,1000.0,TURNING_AROUND,load_zone_26,dump_zone_3,0.000258,0.000691
1838.0,2026-07-02T15:48:02.119,3,150.491,203.787,8.485,1.0,1000.0,RETURNING_TO_START,load_zone_1,dump_zone_1,0.000305,0.000817
1839.0,2026-07-02T15:48:03.139,1,91.829,181.546,16.539,-0.5,0.0,GOING_TO_ENDPOINT,dump_zone_1,load_zone_1,0.00025,0.00067
1839.0,2026-07-02T15:48:03.139,2,706.333,-192.784,5.4,0.0,1000.0,TURNING_AROUND,load_zone_26,dump_zone_3,0.000256,0.000686
1839.0,2026-07-02T15:48:03.139,3,151.547,206.418,12.085,1.0,1000.0,RETURNING_TO_START,load_zone_1,dump_zone_1,0.000328,0.000879
1840.0,2026-07-02T15:48:04.785,1,89.604,177.839,14.739,-0.5,0.0,GOING_TO_ENDPOINT,dump_zone_1,load_zone_1,0.00025,0.00067
1840.0,2026-07-02T15:48:04.785,2,706.225,-193.141,0.075,0.1667,1000.0,RETURNING_TO_START,load_zone_26,dump_zone_3,0.00025,0.00067
1840.0,2026-07-02T15:48:04.785,3,150.114,209.975,15.685,1.0,1000.0,RETURNING_TO_START,load_zone_1,dump_zone_1,0.000351,0.000941
1841.0,2026-07-02T15:48:06.805,1,87.636,174.561,12.939,-0.5,0.0,GOING_TO_ENDPOINT,dump_zone_1,load_zone_1,0.00025,0.00067
1841.0,2026-07-02T15:48:06.805,2,706.212,-192.822,2.55,1.0,1000.0,RETURNING_TO_START,load_zone_26,dump_zone_3,0.000266,0.000713
1841.0,2026-07-02T15:48:06.805,3,148.041,214.392,19.26,0.9167,1000.0,RETURNING_TO_START,load_zone_1,dump_zone_1,0.000365,0.000978
1842.0,2026-07-02T15:48:09.061,1,85.922,171.714,11.139,-0.5,0.0,GOING_TO_ENDPOINT,dump_zone_1,load_zone_1,0.00025,0.00067
1842.0,2026-07-02T15:48:09.061,2,705.909,-191.615,6.15,1.0,1000.0,RETURNING_TO_START,load_zone_26,dump_zone_3,0.00029,0.000777
1842.0,2026-07-02T15:48:09.061,3,147.458,219.981,20.61,-0.0833,1000.0,RETURNING_TO_START,load_zone_1,dump_zone_1,0.000263,0.000705
1843.0,2026-07-02T15:48:11.558,1,84.13,169.548,9.339,-0.5,0.0,GOING_TO_ENDPOINT,dump_zone_1,load_zone_1,0.00025,0.00067
1843.0,2026-07-02T15:48:11.558,2,704.531,-189.861,9.75,1.0,1000.0,RETURNING_TO_START,load_zone_26,dump_zone_3,0.000313,0.000839
1843.0,2026-07-02T15:48:11.558,3,147.49,225.499,19.06,-0.5,1000.0,RETURNING_TO_START,load_zone_1,dump_zone_1,0.00025,0.00067
1844.0,2026-07-02T15:48:14.172,1,82.315,168.101,7.539,-0.5,0.0,GOING_TO_ENDPOINT,dump_zone_1,load_zone_1,0.00025,0.00067
1844.0,2026-07-02T15:48:14.172,2,702.105,-187.699,13.35,1.0,1000.0,RETURNING_TO_START,load_zone_26,dump_zone_3,0.000336,0.0009
1844.0,2026-07-02T15:48:14.172,3,147.501,230.523,17.26,-0.5,1000.0,RETURNING_TO_START,load_zone_1,dump_zone_1,0.00025,0.00067
1845.0,2026-07-02T15:48:16.390,1,81.359,166.566,5.739,-0.5,0.0,GOING_TO_ENDPOINT,dump_zone_1,load_zone_1,0.00025,0.00067
1845.0,2026-07-02T15:48:16.390,2,699.319,-184.517,16.95,1.0,1000.0,RETURNING_TO_START,load_zone_26,dump_zone_3,0.000359,0.000962
1845.0,2026-07-02T15:48:16.390,3,147.501,235.046,15.46,-0.5,1000.0,RETURNING_TO_START,load_zone_1,dump_zone_1,0.00025,0.00067
1846.0,2026-07-02T15:48:18.750,1,81.138,165.219,4.639,0.0833,0.0,GOING_TO_ENDPOINT,dump_zone_1,load_zone_1,0.000254,0.000681
1846.0,2026-07-02T15:48:18.750,2,697.703,-179.586,20.175,0.5833,1000.0,RETURNING_TO_START,load_zone_26,dump_zone_3,0.000335,0.000898
1846.0,2026-07-02T15:48:18.750,3,147.5,239.07,13.66,-0.5,1000.0,RETURNING_TO_START,load_zone_1,dump_zone_1,0.00025,0.00067
1847.0,2026-07-02T15:48:21.085,1,81.419,163.708,6.839,0.9167,0.0,GOING_TO_ENDPOINT,dump_zone_1,load_zone_1,0.000275,0.000737
1847.0,2026-07-02T15:48:21.085,2,697.464,-173.886,20.325,-0.4167,1000.0,RETURNING_TO_START,load_zone_26,dump_zone_3,0.00025,0.00067
1847.0,2026-07-02T15:48:21.085,3,147.5,242.594,11.86,-0.5,1000.0,RETURNING_TO_START,load_zone_1,dump_zone_1,0.00025,0.00067
1848.0,2026-07-02T15:48:23.622,1,82.082,161.626,8.189,-0.0833,0.0,GOING_TO_ENDPOINT,dump_zone_1,load_zone_1,0.000253,0.000678
1848.0,2026-07-02T15:48:23.622,2,697.497,-168.511,18.525,-0.5,1000.0,RETURNING_TO_START,load_zone_26,dump_zone_3,0.00025,0.00067
1848.0,2026-07-02T15:48:23.622,3,147.5,245.617,10.06,-0.5,1000.0,RETURNING_TO_START,load_zone_1,dump_zone_1,0.00025,0.00067
1849.0,2026-07-02T15:48:26.463,1,82.408,159.586,6.639,-0.5,0.0,GOING_TO_ENDPOINT,dump_zone_1,load_zone_1,0.00025,0.00067
1849.0,2026-07-02T15:48:26.463,2,697.501,-163.636,16.725,-0.5,1000.0,RETURNING_TO_START,load_zone_26,dump_zone_3,0.00025,0.00067
1849.0,2026-07-02T15:48:26.463,3,147.523,248.14,8.26,-0.5,1000.0,RETURNING_TO_START,load_zone_1,dump_zone_1,0.00025,0.00067
1850.0,2026-07-02T15:48:29.426,1,82.924,158.111,4.839,-0.5,0.0,GOING_TO_ENDPOINT,dump_zone_1,load_zone_1,0.00025,0.00067
1850.0,2026-07-02T15:48:29.426,2,697.5,-159.261,14.925,-0.5,1000.0,RETURNING_TO_START,load_zone_26,dump_zone_3,0.00025,0.00067
1850.0,2026-07-02T15:48:29.426,3,147.846,250.229,7.585,0.25,1000.0,RETURNING_TO_START,load_zone_1,dump_zone_1,0.000268,0.000718
1851.0,2026-07-02T15:48:32.129,1,83.582,157.267,3.039,-0.5,0.0,LOADING,dump_zone_1,load_zone_1,0.00025,0.00067
1851.0,2026-07-02T15:48:32.129,2,697.5,-155.386,13.125,-0.5,1000.0,RETURNING_TO_START,load_zone_26,dump_zone_3,0.00025,0.00067
1851.0,2026-07-02T15:48:32.129,3,148.862,252.243,8.235,-0.0833,1000.0,RETURNING_TO_START,load_zone_1,dump_zone_1,0.000255,0.000683
1852.0,2026-07-02T15:48:34.855,1,84.016,156.893,1.239,-0.5,0.0,LOADING,dump_zone_1,load_zone_1,0.00025,0.00067
1852.0,2026-07-02T15:48:34.855,2,697.506,-152.011,11.325,-0.5,1000.0,RETURNING_TO_START,load_zone_26,dump_zone_3,0.00025,0.00067
1852.0,2026-07-02T15:48:34.855,3,150.391,254.159,9.885,0.9167,1000.0,RETURNING_TO_START,load_zone_1,dump_zone_1,0.000309,0.000828
1853.0,2026-07-02T15:48:36.632,1,84.1,156.83,0.0,-0.5,0.0,LOADING,dump_zone_1,load_zone_1,0.00025,0.00067
1853.0,2026-07-02T15:48:36.632,2,696.702,-149.209,10.65,0.25,1000.0,RETURNING_TO_START,load_zone_26,dump_zone_3,0.000276,0.00074
1853.0,2026-07-02T15:48:36.632,3,152.574,256.617,13.485,1.0,1000.0,RETURNING_TO_START,load_zone_1,dump_zone_1,0.000337,0.000903
1854.0,2026-07-02T15:48:38.463,1,84.38,156.65,7.2,0.0,1000.0,TURNING_AROUND,load_zone_1,dump_zone_2,0.000258,0.000691
1854.0,2026-07-02T15:48:38.463,2,694.366,-146.895,13.35,1.0,1000.0,RETURNING_TO_START,load_zone_26,dump_zone_3,0.000336,0.0009
1854.0,2026-07-02T15:48:38.463,3,155.494,259.756,17.085,1.0,1000.0,RETURNING_TO_START,load_zone_1,dump_zone_1,0.00036,0.000965
1855.0,2026-07-02T15:48:39.772,1,86.283,156.106,7.2,0.0,1000.0,TURNING_AROUND,load_zone_1,dump_zone_2,0.000258,0.000691
1855.0,2026-07-02T15:48:39.772,2,691.066,-144.218,16.95,1.0,1000.0,RETURNING_TO_START,load_zone_26,dump_zone_3,0.000359,0.000962
1855.0,2026-07-02T15:48:39.772,3,159.074,263.62,20.31,0.5833,1000.0,RETURNING_TO_START,load_zone_1,dump_zone_1,0.000335,0.000898
1856.0,2026-07-02T15:48:41.079,1,86.275,155.924,5.4,0.0,1000.0,TURNING_AROUND,load_zone_1,dump_zone_2,0.000256,0.000686
1856.0,2026-07-02T15:48:41.079,2,687.181,-140.688,20.55,1.0,1000.0,RETURNING_TO_START,load_zone_26,dump_zone_3,0.000382,0.001024
1856.0,2026-07-02T15:48:41.079,3,162.984,267.832,20.46,-0.4167,1000.0,RETURNING_TO_START,load_zone_1,dump_zone_1,0.00025,0.00067
1857.0,2026-07-02T15:48:42.795,1,86.607,156.39,7.2,0.0,1000.0,TURNING_AROUND,load_zone_1,dump_zone_2,0.000258,0.000691
1857.0,2026-07-02T15:48:42.795,2,682.803,-136.342,23.264,0.381,1000.0,RETURNING_TO_START,load_zone_26,dump_zone_3,0.000322,0.000863
1857.0,2026-07-02T15:48:42.795,3,166.736,271.733,18.66,-0.5,1000.0,RETURNING_TO_START,load_zone_1,dump_zone_1,0.00025,0.00067
1858.0,2026-07-02T15:48:44.451,1,87.511,158.151,7.2,0.0,1000.0,TURNING_AROUND,load_zone_1,dump_zone_2,0.000258,0.000691
1858.0,2026-07-02T15:48:44.451,2,678.222,-131.757,23.131,-0.0785,1000.0,RETURNING_TO_START,load_zone_26,dump_zone_3,0.000265,0.00071
1858.0,2026-07-02T15:48:44.451,3,170.244,275.192,16.96,-0.5,1000.0,RETURNING_TO_START,load_zone_1,dump_zone_1,0.00025,0.00067
1859.0,2026-07-02T15:48:46.509,1,87.511,158.171,0.375,0.4167,1000.0,RETURNING_TO_START,load_zone_1,dump_zone_2,0.000251,0.000673
1859.0,2026-07-02T15:48:46.509,2,673.779,-127.315,21.866,-0.5,1000.0,RETURNING_TO_START,load_zone_26,dump_zone_3,0.00025,0.00067
1859.0,2026-07-02T15:48:46.509,3,173.53,278.19,15.277,-0.4167,1000.0,RETURNING_TO_START,load_zone_1,dump_zone_1,0.00025,0.00067
1860.0,2026-07-02T15:48:48.473,1,87.471,158.69,3.45,1.0,1000.0,RETURNING_TO_START,load_zone_1,dump_zone_2,0.000272,0.000729
1860.0,2026-07-02T15:48:48.473,2,669.676,-123.211,20.091,-0.4167,1000.0,RETURNING_TO_START,load_zone_26,dump_zone_3,0.00025,0.00067
1860.0,2026-07-02T15:48:48.473,3,176.629,280.674,13.477,-0.5,1000.0,RETURNING_TO_START,load_zone_1,dump_zone_1,0.00025,0.00067
1861.0,2026-07-02T15:48:50.628,1,86.976,160.096,7.05,1.0,1000.0,RETURNING_TO_START,load_zone_1,dump_zone_2,0.000295,0.000791
1861.0,2026-07-02T15:48:50.628,2,665.906,-119.442,18.38,-0.4528,1000.0,RETURNING_TO_START,load_zone_26,dump_zone_3,0.00025,0.00067
1861.0,2026-07-02T15:48:50.628,3,179.703,282.583,13.096,0.1521,1000.0,RETURNING_TO_START,load_zone_1,dump_zone_1,0.000275,0.000737
1862.0,2026-07-02T15:48:52.572,1,85.131,161.722,10.65,1.0,1000.0,RETURNING_TO_START,load_zone_1,dump_zone_2,0.000319,0.000855
1862.0,2026-07-02T15:48:52.572,2,662.485,-116.02,16.619,-0.4167,1000.0,RETURNING_TO_START,load_zone_26,dump_zone_3,0.00025,0.00067
1862.0,2026-07-02T15:48:52.572,3,182.982,283.925,12.169,-0.5,1000.0,RETURNING_TO_START,load_zone_1,dump_zone_1,0.00025,0.00067
1863.0,2026-07-02T15:48:54.990,1,81.843,162.919,14.25,1.0,1000.0,RETURNING_TO_START,load_zone_1,dump_zone_2,0.000342,0.000917
1863.0,2026-07-02T15:48:54.990,2,659.352,-112.887,15.194,-0.5,1000.0,RETURNING_TO_START,load_zone_26,dump_zone_3,0.00025,0.00067
1863.0,2026-07-02T15:48:54.990,3,186.039,284.532,10.469,-0.5,1000.0,RETURNING_TO_START,load_zone_1,dump_zone_1,0.00025,0.00067
1864.0,2026-07-02T15:48:57.816,1,78.312,165.307,16.2,0.0833,1000.0,RETURNING_TO_START,load_zone_1,dump_zone_2,0.000274,0.000734
1864.0,2026-07-02T15:48:57.816,2,656.556,-110.091,13.477,-0.4455,1000.0,RETURNING_TO_START,load_zone_26,dump_zone_3,0.00025,0.00067
1864.0,2026-07-02T15:48:57.816,3,188.648,284.312,8.669,-0.5,1000.0,RETURNING_TO_START,load_zone_1,dump_zone_1,0.00025,0.00067
1865.0,2026-07-02T15:49:00.354,1,78.178,169.451,14.925,-0.5,1000.0,RETURNING_TO_START,load_zone_1,dump_zone_2,0.00025,0.00067
1865.0,2026-07-02T15:49:00.354,2,654.1,-107.636,11.677,-0.5,1000.0,RETURNING_TO_START,load_zone_26,dump_zone_3,0.00025,0.00067
1865.0,2026-07-02T15:49:00.354,3,190.591,283.433,6.869,-0.5,1000.0,RETURNING_TO_START,load_zone_1,dump_zone_1,0.00025,0.00067
1866.0,2026-07-02T15:49:02.993,1,80.467,172.78,14.775,0.4167,1000.0,RETURNING_TO_START,load_zone_1,dump_zone_2,0.000299,0.000801
1866.0,2026-07-02T15:49:02.993,2,651.998,-105.534,9.877,-0.5,1000.0,RETURNING_TO_START,load_zone_26,dump_zone_3,0.00025,0.00067
1866.0,2026-07-02T15:49:02.993,3,192.086,282.72,5.444,-0.0833,1000.0,RETURNING_TO_START,load_zone_1,dump_zone_1,0.000253,0.000678
1867.0,2026-07-02T15:49:05.817,1,82.961,176.544,17.75,0.9167,1000.0,RETURNING_TO_START,load_zone_1,dump_zone_2,0.000356,0.000954
1867.0,2026-07-02T15:49:05.817,2,650.252,-103.783,8.077,-0.5,1000.0,RETURNING_TO_START,load_zone_26,dump_zone_3,0.00025,0.00067
1867.0,2026-07-02T15:49:05.817,3,193.487,282.191,5.294,-0.25,1000.0,RETURNING_TO_START,load_zone_1,dump_zone_1,0.00025,0.00067
1868.0,2026-07-02T15:49:08.145,1,85.721,181.076,19.7,0.0833,1000.0,RETURNING_TO_START,load_zone_1,dump_zone_2,0.00028,0.00075
1868.0,2026-07-02T15:49:08.145,2,648.753,-102.51,6.277,-0.5,1000.0,RETURNING_TO_START,load_zone_26,dump_zone_3,0.00025,0.00067
1868.0,2026-07-02T15:49:08.145,3,194.756,281.785,4.444,-0.0833,1000.0,RETURNING_TO_START,load_zone_1,dump_zone_1,0.000253,0.000678
1869.0,2026-07-02T15:49:10.577,1,88.461,185.644,18.425,-0.5,1000.0,RETURNING_TO_START,load_zone_1,dump_zone_2,0.00025,0.00067
1869.0,2026-07-02T15:49:10.577,2,647.275,-102.018,5.602,0.25,1000.0,RETURNING_TO_START,load_zone_26,dump_zone_3,0.000263,0.000705
1869.0,2026-07-02T15:49:10.577,3,196.026,281.408,4.978,-0.094,1000.0,RETURNING_TO_START,load_zone_1,dump_zone_1,0.000253,0.000678
1870.0,2026-07-02T15:49:12.594,1,90.956,189.8,16.625,-0.5,1000.0,RETURNING_TO_START,load_zone_1,dump_zone_2,0.00025,0.00067
1870.0,2026-07-02T15:49:12.594,2,645.38,-101.992,8.302,1.0,1000.0,RETURNING_TO_START,load_zone_26,dump_zone_3,0.000304,0.000815
1870.0,2026-07-02T15:49:12.594,3,197.279,281.081,4.289,-0.2471,1000.0,RETURNING_TO_START,load_zone_1,dump_zone_1,0.00025,0.00067
1871.0,2026-07-02T15:49:14.069,1,93.195,193.526,14.825,-0.5,1000.0,RETURNING_TO_START,load_zone_1,dump_zone_2,0.00025,0.00067
1871.0,2026-07-02T15:49:14.069,2,642.538,-102.162,11.902,1.0,1000.0,RETURNING_TO_START,load_zone_26,dump_zone_3,0.000327,0.000876
1871.0,2026-07-02T15:49:14.069,3,198.297,281.001,3.35,-0.2822,1000.0,RETURNING_TO_START,load_zone_1,dump_zone_1,0.00025,0.00067
1872.0,2026-07-02T15:49:15.841,1,95.176,196.824,13.025,-0.5,1000.0,RETURNING_TO_START,load_zone_1,dump_zone_2,0.00025,0.00067
1872.0,2026-07-02T15:49:15.841,2,638.696,-102.377,15.502,1.0,1000.0,RETURNING_TO_START,load_zone_26,dump_zone_3,0.00035,0.000938
1872.0,2026-07-02T15:49:15.841,3,198.971,281.087,1.755,-0.25,1000.0,RETURNING_TO_START,load_zone_1,dump_zone_1,0.00025,0.00067
1873.0,2026-07-02T15:49:18.365,1,96.92,199.681,11.225,-0.5,1000.0,RETURNING_TO_START,load_zone_1,dump_zone_2,0.00025,0.00067
1873.0,2026-07-02T15:49:18.365,2,633.852,-102.491,19.05,0.8861,1000.0,RETURNING_TO_START,load_zone_26,dump_zone_3,0.000361,0.000967
1873.0,2026-07-02T15:49:18.365,3,199.458,281.223,2.155,0.4167,1000.0,RETURNING_TO_START,load_zone_1,dump_zone_1,0.000257,0.000689
1874.0,2026-07-02T15:49:20.810,1,98.908,201.692,9.525,-0.4167,1000.0,RETURNING_TO_START,load_zone_1,dump_zone_2,0.00025,0.00067
1874.0,2026-07-02T15:49:20.810,2,628.291,-102.503,20.29,-0.1139,1000.0,RETURNING_TO_START,load_zone_26,dump_zone_3,0.000259,0.000694
1874.0,2026-07-02T15:49:20.810,3,200.361,281.68,5.23,1.0,1000.0,RETURNING_TO_START,load_zone_1,dump_zone_1,0.000284,0.000761
1875.0,2026-07-02T15:49:22.693,1,101.155,202.425,7.752,-0.4167,1000.0,RETURNING_TO_START,load_zone_1,dump_zone_2,0.00025,0.00067
1875.0,2026-07-02T15:49:22.693,2,622.871,-102.5,18.703,-0.5,1000.0,RETURNING_TO_START,load_zone_26,dump_zone_3,0.00025,0.00067
1875.0,2026-07-02T15:49:22.693,3,201.655,283.169,8.83,1.0,1000.0,RETURNING_TO_START,load_zone_1,dump_zone_1,0.000307,0.000823
1876.0,2026-07-02T15:49:24.340,1,103.286,202.591,8.202,0.5833,1000.0,RETURNING_TO_START,load_zone_1,dump_zone_2,0.000284,0.000761
1876.0,2026-07-02T15:49:24.340,2,617.946,-102.5,16.903,-0.5,1000.0,RETURNING_TO_START,load_zone_26,dump_zone_3,0.00025,0.00067
1876.0,2026-07-02T15:49:24.340,3,201.893,286.083,12.43,1.0,1000.0,RETURNING_TO_START,load_zone_1,dump_zone_1,0.00033,0.000884
1877.0,2026-07-02T15:49:25.762,1,106.042,202.604,11.552,1.0,1000.0,RETURNING_TO_START,load_zone_1,dump_zone_2,0.000324,0.000868
1877.0,2026-07-02T15:49:25.762,2,613.522,-102.5,15.103,-0.5,1000.0,RETURNING_TO_START,load_zone_26,dump_zone_3,0.00025,0.00067
1877.0,2026-07-02T15:49:25.762,3,199.176,288.824,16.03,1.0,1000.0,RETURNING_TO_START,load_zone_1,dump_zone_1,0.000353,0.000946
1878.0,2026-07-02T15:49:27.838,1,109.792,202.549,15.152,1.0,1000.0,RETURNING_TO_START,load_zone_1,dump_zone_2,0.000348,0.000933
1878.0,2026-07-02T15:49:27.838,2,609.598,-102.5,13.303,-0.5,1000.0,RETURNING_TO_START,load_zone_26,dump_zone_3,0.00025,0.00067
1878.0,2026-07-02T15:49:27.838,3,194.96,291.426,19.48,0.75,1000.0,RETURNING_TO_START,load_zone_1,dump_zone_1,0.000349,0.000935
1879.0,2026-07-02T15:49:30.333,1,114.543,202.507,18.752,1.0,1000.0,RETURNING_TO_START,load_zone_1,dump_zone_2,0.000371,0.000994
1879.0,2026-07-02T15:49:30.333,2,606.173,-102.5,11.503,-0.5,1000.0,RETURNING_TO_START,load_zone_26,dump_zone_3,0.00025,0.00067
1879.0,2026-07-02T15:49:30.333,3,192.334,296.316,20.23,-0.25,1000.0,RETURNING_TO_START,load_zone_1,dump_zone_1,0.00025,0.00067
1880.0,2026-07-02T15:49:32.091,1,120.128,202.5,20.702,0.0833,1000.0,RETURNING_TO_START,load_zone_1,dump_zone_2,0.000281,0.000753
1880.0,2026-07-02T15:49:32.091,2,603.249,-102.5,9.703,-0.5,1000.0,RETURNING_TO_START,load_zone_26,dump_zone_3,0.00025,0.00067
1880.0,2026-07-02T15:49:32.091,3,190.674,301.422,18.505,-0.5,1000.0,RETURNING_TO_START,load_zone_1,dump_zone_1,0.00025,0.00067
1881.0,2026-07-02T15:49:33.888,1,125.733,202.5,19.427,-0.5,1000.0,RETURNING_TO_START,load_zone_1,dump_zone_2,0.00025,0.00067
1881.0,2026-07-02T15:49:33.888,2,600.825,-102.347,8.028,-0.4167,1000.0,RETURNING_TO_START,load_zone_26,dump_zone_3,0.00025,0.00067
1881.0,2026-07-02T15:49:33.888,3,189.019,306.001,16.705,-0.5,1000.0,RETURNING_TO_START,load_zone_1,dump_zone_1,0.00025,0.00067
1882.0,2026-07-02T15:49:35.905,1,130.859,202.5,17.627,-0.5,1000.0,RETURNING_TO_START,load_zone_1,dump_zone_2,0.00025,0.00067
1882.0,2026-07-02T15:49:35.905,2,598.894,-101.321,8.478,0.5833,1000.0,RETURNING_TO_START,load_zone_26,dump_zone_3,0.000286,0.000766
1882.0,2026-07-02T15:49:35.905,3,187.116,309.927,14.905,-0.5,1000.0,RETURNING_TO_START,load_zone_1,dump_zone_1,0.00025,0.00067
1883.0,2026-07-02T15:49:37.619,1,135.484,202.5,15.827,-0.5,1000.0,RETURNING_TO_START,load_zone_1,dump_zone_2,0.00025,0.00067
1883.0,2026-07-02T15:49:37.619,2,597.65,-99.128,9.228,-0.25,1000.0,RETURNING_TO_START,load_zone_26,dump_zone_3,0.00025,0.00067
1883.0,2026-07-02T15:49:37.619,3,184.454,312.697,13.105,-0.5,1000.0,RETURNING_TO_START,load_zone_1,dump_zone_1,0.00025,0.00067
1884.0,2026-07-02T15:49:39.843,1,139.61,202.5,14.027,-0.5,1000.0,RETURNING_TO_START,load_zone_1,dump_zone_2,0.00025,0.00067
1884.0,2026-07-02T15:49:39.843,2,597.39,-96.737,8.628,0.25,1000.0,RETURNING_TO_START,load_zone_26,dump_zone_3,0.000271,0.000726
1884.0,2026-07-02T15:49:39.843,3,181.614,314.511,11.341,-0.4048,1000.0,RETURNING_TO_START,load_zone_1,dump_zone_1,0.00025,0.00067
1885.0,2026-07-02T15:49:41.629,1,143.236,202.5,12.227,-0.5,1000.0,RETURNING_TO_START,load_zone_1,dump_zone_2,0.00025,0.00067
1885.0,2026-07-02T15:49:41.629,2,597.384,-94.001,11.328,1.0,1000.0,RETURNING_TO_START,load_zone_26,dump_zone_3,0.000323,0.000866
1885.0,2026-07-02T15:49:41.629,3,179.355,316.502,10.258,-0.5,1000.0,RETURNING_TO_START,load_zone_1,dump_zone_1,0.00025,0.00067
1886.0,2026-07-02T15:49:43.388,1,146.361,202.5,10.427,-0.5,1000.0,RETURNING_TO_START,load_zone_1,dump_zone_2,0.00025,0.00067
1886.0,2026-07-02T15:49:43.388,2,597.451,-90.313,14.928,1.0,1000.0,RETURNING_TO_START,load_zone_26,dump_zone_3,0.000346,0.000927
1886.0,2026-07-02T15:49:43.388,3,177.95,318.764,9.583,0.25,1000.0,RETURNING_TO_START,load_zone_1,dump_zone_1,0.000273,0.000732
1887.0,2026-07-02T15:49:45.439,1,148.995,202.641,9.002,-0.0833,1000.0,RETURNING_TO_START,load_zone_1,dump_zone_2,0.000255,0.000683
1887.0,2026-07-02T15:49:45.439,2,597.496,-85.625,18.528,1.0,1000.0,RETURNING_TO_START,load_zone_26,dump_zone_3,0.000369,0.000989
1887.0,2026-07-02T15:49:45.439,3,177.143,321.649,12.278,0.9814,1000.0,RETURNING_TO_START,load_zone_1,dump_zone_1,0.000328,0.000879
1888.0,2026-07-02T15:49:47.353,1,151.153,204.121,10.652,0.9167,1000.0,RETURNING_TO_START,load_zone_1,dump_zone_2,0.000314,0.000842
1888.0,2026-07-02T15:49:47.353,2,597.501,-79.957,21.753,0.5833,1000.0,RETURNING_TO_START,load_zone_26,dump_zone_3,0.000341,0.000914
1888.0,2026-07-02T15:49:47.353,3,176.792,325.51,15.078,0.4167,1000.0,RETURNING_TO_START,load_zone_1,dump_zone_1,0.0003,0.000804
1889.0,2026-07-02T15:49:49.187,1,151.791,207.448,14.252,1.0,1000.0,RETURNING_TO_START,load_zone_1,dump_zone_2,0.000342,0.000917
1889.0,2026-07-02T15:49:49.187,2,597.5,-73.654,23.217,0.179,1000.0,RETURNING_TO_START,load_zone_26,dump_zone_3,0.000297,0.000796
1889.0,2026-07-02T15:49:49.187,3,176.828,329.713,14.653,-0.5,1000.0,RETURNING_TO_START,load_zone_1,dump_zone_1,0.00025,0.00067
1890.0,2026-07-02T15:49:51.422,1,149.51,211.304,17.852,1.0,1000.0,RETURNING_TO_START,load_zone_1,dump_zone_2,0.000365,0.000978
1890.0,2026-07-02T15:49:51.422,2,597.5,-67.246,22.878,-0.0817,1000.0,RETURNING_TO_START,load_zone_26,dump_zone_3,0.000264,0.000708
1890.0,2026-07-02T15:49:51.422,3,177.048,333.506,12.853,-0.5,1000.0,RETURNING_TO_START,load_zone_1,dump_zone_1,0.00025,0.00067
1891.0,2026-07-02T15:49:53.771,1,147.629,216.363,20.752,0.4167,1000.0,RETURNING_TO_START,load_zone_1,dump_zone_2,0.000319,0.000855
1891.0,2026-07-02T15:49:53.771,2,597.5,-60.947,22.369,-0.1104,1000.0,RETURNING_TO_START,load_zone_26,dump_zone_3,0.00026,0.000697
1891.0,2026-07-02T15:49:53.771,3,177.298,336.796,11.053,-0.5,1000.0,RETURNING_TO_START,load_zone_1,dump_zone_1,0.00025,0.00067
1892.0,2026-07-02T15:49:55.892,1,147.441,222.134,20.327,-0.5,1000.0,RETURNING_TO_START,load_zone_1,dump_zone_2,0.00025,0.00067
1892.0,2026-07-02T15:49:55.892,2,597.5,-54.68,22.521,-0.2771,1000.0,RETURNING_TO_START,load_zone_26,dump_zone_3,0.00025,0.00067
1892.0,2026-07-02T15:49:55.892,3,177.526,339.585,9.253,-0.5,1000.0,RETURNING_TO_START,load_zone_1,dump_zone_1,0.00025,0.00067
1893.0,2026-07-02T15:49:58.000,1,147.5,227.509,18.527,-0.5,1000.0,RETURNING_TO_START,load_zone_1,dump_zone_2,0.00025,0.00067
1893.0,2026-07-02T15:49:58.000,2,597.5,-48.465,22.573,0.0562,1000.0,RETURNING_TO_START,load_zone_26,dump_zone_3,0.000281,0.000753
1893.0,2026-07-02T15:49:58.000,3,178.346,341.702,7.453,-0.5,1000.0,RETURNING_TO_START,load_zone_1,dump_zone_1,0.00025,0.00067
1894.0,2026-07-02T15:50:00.192,1,147.503,232.384,16.727,-0.5,1000.0,RETURNING_TO_START,load_zone_1,dump_zone_2,0.00025,0.00067
1894.0,2026-07-02T15:50:00.192,2,597.5,-42.148,23.026,0.2229,1000.0,RETURNING_TO_START,load_zone_26,dump_zone_3,0.000302,0.000809
1894.0,2026-07-02T15:50:00.192,3,179.715,342.848,5.653,-0.5,1000.0,RETURNING_TO_START,load_zone_1,dump_zone_1,0.00025,0.00067
1895.0,2026-07-02T15:50:02.174,1,147.5,236.76,14.927,-0.5,1000.0,RETURNING_TO_START,load_zone_1,dump_zone_2,0.00025,0.00067
1895.0,2026-07-02T15:50:02.174,2,597.5,-35.634,23.35,-0.3365,1000.0,RETURNING_TO_START,load_zone_26,dump_zone_3,0.00025,0.00067
1895.0,2026-07-02T15:50:02.174,3,180.945,343.248,3.853,-0.5,1000.0,RETURNING_TO_START,load_zone_1,dump_zone_1,0.00025,0.00067
1896.0,2026-07-02T15:50:03.943,1,147.5,240.636,13.127,-0.5,1000.0,RETURNING_TO_START,load_zone_1,dump_zone_2,0.00025,0.00067
1896.0,2026-07-02T15:50:03.943,2,597.5,-29.24,23.01,0.0428,1000.0,RETURNING_TO_START,load_zone_26,dump_zone_3,0.00028,0.00075
1896.0,2026-07-02T15:50:03.943,3,181.737,343.358,2.053,-0.5,1000.0,UNLOADING,load_zone_1,dump_zone_1,0.00025,0.00067
1897.0,2026-07-02T15:50:06.267,1,147.5,244.012,11.327,-0.5,1000.0,RETURNING_TO_START,load_zone_1,dump_zone_2,0.00025,0.00067
1897.0,2026-07-02T15:50:06.267,2,597.5,-22.784,23.564,0.2094,1000.0,RETURNING_TO_START,load_zone_26,dump_zone_3,0.000302,0.000809
1897.0,2026-07-02T15:50:06.267,3,182.028,343.429,0.253,-0.5,1000.0,UNLOADING,load_zone_1,dump_zone_1,0.00025,0.00067
1898.0,2026-07-02T15:50:08.992,1,147.503,246.888,9.552,-0.4167,1000.0,RETURNING_TO_START,load_zone_1,dump_zone_2,0.00025,0.00067
1898.0,2026-07-02T15:50:08.992,2,597.5,-16.2,23.599,0.0032,1000.0,RETURNING_TO_START,load_zone_26,dump_zone_3,0.000275,0.000737
1898.0,2026-07-02T15:50:08.992,3,182.03,343.43,0.0,-0.5,1000.0,UNLOADING,load_zone_1,dump_zone_1,0.00025,0.00067
1899.0,2026-07-02T15:50:11.194,1,147.672,249.293,7.952,-0.4167,1000.0,RETURNING_TO_START,load_zone_1,dump_zone_2,0.00025,0.00067
1899.0,2026-07-02T15:50:11.194,2,597.5,-9.622,23.361,-0.3302,1000.0,RETURNING_TO_START,load_zone_26,dump_zone_3,0.00025,0.00067
1899.0,2026-07-02T15:50:11.194,3,183.519,343.511,7.2,0.0,0.0,TURNING_AROUND,dump_zone_1,load_zone_1,0.000255,0.000683
1900.0,2026-07-02T15:50:13.119,1,148.369,251.35,8.102,0.0833,1000.0,RETURNING_TO_START,load_zone_1,dump_zone_2,0.000262,0.000702
1900.0,2026-07-02T15:50:13.119,2,597.5,-3.264,22.803,0.1967,1000.0,RETURNING_TO_START,load_zone_26,dump_zone_3,0.000298,0.000799
1900.0,2026-07-02T15:50:13.119,3,184.869,343.093,5.4,0.0,0.0,TURNING_AROUND,dump_zone_1,load_zone_1,0.000253,0.000678
1901.0,2026-07-02T15:50:14.634,1,149.564,253.173,7.852,0.25,1000.0,RETURNING_TO_START,load_zone_1,dump_zone_2,0.000269,0.000721
1901.0,2026-07-02T15:50:14.634,2,597.5,3.146,23.213,0.0714,1000.0,RETURNING_TO_START,load_zone_26,dump_zone_3,0.000283,0.000758
1901.0,2026-07-02T15:50:14.634,3,184.159,343.68,7.2,0.0,0.0,TURNING_AROUND,dump_zone_1,load_zone_1,0.000255,0.000683
1902.0,2026-07-02T15:50:16.226,1,151.167,255.118,10.552,1.0,1000.0,RETURNING_TO_START,load_zone_1,dump_zone_2,0.000318,0.000852
1902.0,2026-07-02T15:50:16.226,2,597.5,9.563,23.19,0.297,1000.0,RETURNING_TO_START,load_zone_26,dump_zone_3,0.000312,0.000836
1902.0,2026-07-02T15:50:16.226,3,184.705,342.292,0.0,-0.3333,0.0,GOING_TO_ENDPOINT,dump_zone_1,load_zone_1,0.00025,0.00067
1903.0,2026-07-02T15:50:18.024,1,153.517,257.675,14.152,1.0,1000.0,RETURNING_TO_START,load_zone_1,dump_zone_2,0.000341,0.000914
1903.0,2026-07-02T15:50:18.024,2,597.5,16.103,23.61,-0.0363,1000.0,RETURNING_TO_START,load_zone_26,dump_zone_3,0.00027,0.000724
1903.0,2026-07-02T15:50:18.024,3,184.703,342.222,0.9,0.6667,0.0,GOING_TO_ENDPOINT,dump_zone_1,load_zone_1,0.000253,0.000678
1904.0,2026-07-02T15:50:20.120,1,156.584,260.93,17.752,1.0,1000.0,RETURNING_TO_START,load_zone_1,dump_zone_2,0.000364,0.000976
1904.0,2026-07-02T15:50:20.120,2,597.5,22.562,22.879,-0.0363,1000.0,RETURNING_TO_START,load_zone_26,dump_zone_3,0.00027,0.000724
1904.0,2026-07-02T15:50:20.120,3,184.641,341.473,4.35,1.0,0.0,GOING_TO_ENDPOINT,dump_zone_1,load_zone_1,0.000267,0.000716
1905.0,2026-07-02T15:50:22.467,1,160.266,264.913,20.652,0.4167,1000.0,RETURNING_TO_START,load_zone_1,dump_zone_2,0.000318,0.000852
1905.0,2026-07-02T15:50:22.467,2,597.5,29.008,23.512,0.0424,1000.0,RETURNING_TO_START,load_zone_26,dump_zone_3,0.00028,0.00075
1905.0,2026-07-02T15:50:22.467,3,184.199,339.782,7.95,1.0,0.0,GOING_TO_ENDPOINT,dump_zone_1,load_zone_1,0.000281,0.000753
1906.0,2026-07-02T15:50:24.772,1,164.198,269.113,20.227,-0.5,1000.0,RETURNING_TO_START,load_zone_1,dump_zone_2,0.00025,0.00067
1906.0,2026-07-02T15:50:24.772,2,597.5,35.614,24.135,0.0685,1000.0,RETURNING_TO_START,load_zone_26,dump_zone_3,0.000284,0.000761
1906.0,2026-07-02T15:50:24.772,3,183.218,337.213,11.55,1.0,0.0,GOING_TO_ENDPOINT,dump_zone_1,load_zone_1,0.000295,0.000791
1907.0,2026-07-02T15:50:27.399,1,167.934,272.939,18.427,-0.5,1000.0,RETURNING_TO_START,load_zone_1,dump_zone_2,0.00025,0.00067
1907.0,2026-07-02T15:50:27.399,2,597.5,42.287,23.892,-0.1354,1000.0,RETURNING_TO_START,load_zone_26,dump_zone_3,0.000258,0.000691
1907.0,2026-07-02T15:50:27.399,3,182.224,333.643,14.621,0.5475,0.0,GOING_TO_ENDPOINT,dump_zone_1,load_zone_1,0.000285,0.000764
1908.0,2026-07-02T15:50:29.719,1,171.427,276.305,16.642,-0.5,1000.0,RETURNING_TO_START,load_zone_1,dump_zone_2,0.00025,0.00067
1908.0,2026-07-02T15:50:29.719,2,597.5,48.779,22.899,-0.0833,1000.0,RETURNING_TO_START,load_zone_26,dump_zone_3,0.000264,0.000708
1908.0,2026-07-02T15:50:29.719,3,181.806,329.519,14.642,-0.4525,0.0,GOING_TO_ENDPOINT,dump_zone_1,load_zone_1,0.00025,0.00067
1909.0,2026-07-02T15:50:32.030,1,174.704,279.177,14.992,-0.25,1000.0,RETURNING_TO_START,load_zone_1,dump_zone_2,0.00025,0.00067
1909.0,2026-07-02T15:50:32.030,2,597.5,55.248,23.601,-0.0227,1000.0,RETURNING_TO_START,load_zone_26,dump_zone_3,0.000272,0.000729
1909.0,2026-07-02T15:50:32.030,3,181.776,325.724,12.842,-0.5,0.0,GOING_TO_ENDPOINT,dump_zone_1,load_zone_1,0.00025,0.00067
1910.0,2026-07-02T15:50:34.330,1,177.932,281.55,13.767,-0.4167,1000.0,RETURNING_TO_START,load_zone_1,dump_zone_2,0.00025,0.00067
1910.0,2026-07-02T15:50:34.330,2,597.5,61.716,22.82,-0.3676,1000.0,RETURNING_TO_START,load_zone_26,dump_zone_3,0.00025,0.00067
1910.0,2026-07-02T15:50:34.330,3,182.057,322.442,11.042,-0.5,0.0,GOING_TO_ENDPOINT,dump_zone_1,load_zone_1,0.00025,0.00067
1911.0,2026-07-02T15:50:36.465,1,181.136,283.263,12.363,-0.5,1000.0,RETURNING_TO_START,load_zone_1,dump_zone_2,0.00025,0.00067
1911.0,2026-07-02T15:50:36.465,2,597.5,68.04,22.918,-0.0366,1000.0,RETURNING_TO_START,load_zone_26,dump_zone_3,0.00027,0.000724
1911.0,2026-07-02T15:50:36.465,3,182.974,319.819,9.242,-0.5,0.0,GOING_TO_ENDPOINT,dump_zone_1,load_zone_1,0.00025,0.00067
1912.0,2026-07-02T15:50:39.250,1,184.308,284.253,12.213,0.4167,1000.0,RETURNING_TO_START,load_zone_1,dump_zone_2,0.00029,0.000777
1912.0,2026-07-02T15:50:39.250,2,597.5,74.495,23.836,0.2967,1000.0,RETURNING_TO_START,load_zone_26,dump_zone_3,0.000313,0.000839
1912.0,2026-07-02T15:50:39.250,3,184.569,318.164,7.817,-0.0833,0.0,GOING_TO_ENDPOINT,dump_zone_1,load_zone_1,0.000253,0.000678
1913.0,2026-07-02T15:50:41.679,1,188.016,284.636,14.263,0.25,1000.0,RETURNING_TO_START,load_zone_1,dump_zone_2,0.000284,0.000761
1913.0,2026-07-02T15:50:41.679,2,597.5,81.222,24.178,-0.1165,1000.0,RETURNING_TO_START,load_zone_26,dump_zone_3,0.00026,0.000697
1913.0,2026-07-02T15:50:41.679,3,186.529,316.893,9.467,0.9167,0.0,GOING_TO_ENDPOINT,dump_zone_1,load_zone_1,0.000284,0.000761
1914.0,2026-07-02T15:50:44.246,1,191.894,284.366,13.363,-0.5,1000.0,RETURNING_TO_START,load_zone_1,dump_zone_2,0.00025,0.00067
1914.0,2026-07-02T15:50:44.246,2,597.5,87.87,23.371,-0.4167,1000.0,RETURNING_TO_START,load_zone_26,dump_zone_3,0.00025,0.00067
1914.0,2026-07-02T15:50:44.246,3,189.082,315.095,12.586,0.5833,0.0,GOING_TO_ENDPOINT,dump_zone_1,load_zone_1,0.000282,0.000756
1915.0,2026-07-02T15:50:46.682,1,195.264,283.673,11.563,-0.5,1000.0,RETURNING_TO_START,load_zone_1,dump_zone_2,0.00025,0.00067
1915.0,2026-07-02T15:50:46.682,2,597.5,94.227,22.929,0.3027,1000.0,RETURNING_TO_START,load_zone_26,dump_zone_3,0.000312,0.000836
1915.0,2026-07-02T15:50:46.682,3,191.458,312.343,13.425,0.1398,0.0,GOING_TO_ENDPOINT,dump_zone_1,load_zone_1,0.000265,0.00071
1916.0,2026-07-02T15:50:49.212,1,198.108,282.925,9.763,-0.5,1000.0,RETURNING_TO_START,load_zone_1,dump_zone_2,0.00025,0.00067
1916.0,2026-07-02T15:50:49.212,2,597.5,100.686,23.235,0.0555,1000.0,RETURNING_TO_START,load_zone_26,dump_zone_3,0.000282,0.000756
1916.0,2026-07-02T15:50:49.212,3,193.2,308.987,14.227,0.6384,0.0,GOING_TO_ENDPOINT,dump_zone_1,load_zone_1,0.000288,0.000772
1917.0,2026-07-02T15:50:51.384,1,200.608,282.768,9.088,0.25,1000.0,RETURNING_TO_START,load_zone_1,dump_zone_2,0.000272,0.000729
1917.0,2026-07-02T15:50:51.384,2,597.5,107.284,24.008,-0.032,1000.0,RETURNING_TO_START,load_zone_26,dump_zone_3,0.000271,0.000726
1917.0,2026-07-02T15:50:51.384,3,194.717,305.096,15.175,-0.195,0.0,GOING_TO_ENDPOINT,dump_zone_1,load_zone_1,0.00025,0.00067
1918.0,2026-07-02T15:50:53.445,1,202.925,284.346,11.788,1.0,1000.0,RETURNING_TO_START,load_zone_1,dump_zone_2,0.000326,0.000874
1918.0,2026-07-02T15:50:53.445,2,597.5,113.876,23.396,-0.2372,1000.0,RETURNING_TO_START,load_zone_26,dump_zone_3,0.00025,0.00067
1918.0,2026-07-02T15:50:53.445,3,196.017,301.337,13.499,-0.5,0.0,GOING_TO_ENDPOINT,dump_zone_1,load_zone_1,0.00025,0.00067
1919.0,2026-07-02T15:50:56.333,1,203.404,287.99,15.388,1.0,1000.0,RETURNING_TO_START,load_zone_1,dump_zone_2,0.000349,0.000935
1919.0,2026-07-02T15:50:56.333,2,597.5,120.356,23.593,0.0962,1000.0,RETURNING_TO_START,load_zone_26,dump_zone_3,0.000287,0.000769
1919.0,2026-07-02T15:50:56.333,3,196.997,298.003,11.699,-0.5,0.0,GOING_TO_ENDPOINT,dump_zone_1,load_zone_1,0.00025,0.00067
1920.0,2026-07-02T15:50:59.827,1,201.443,292.372,18.838,0.75,1000.0,RETURNING_TO_START,load_zone_1,dump_zone_2,0.000346,0.000927
1920.0,2026-07-02T15:50:59.827,2,597.5,126.853,23.241,0.0601,1000.0,RETURNING_TO_START,load_zone_26,dump_zone_3,0.000282,0.000756
1920.0,2026-07-02T15:50:59.827,3,198.574,295.522,9.899,-0.5,0.0,GOING_TO_ENDPOINT,dump_zone_1,load_zone_1,0.00025,0.00067
1921.0,2026-07-02T15:51:03.521,1,202.005,297.79,20.988,0.9167,1000.0,RETURNING_TO_START,load_zone_1,dump_zone_2,0.000376,0.001008
1921.0,2026-07-02T15:51:03.521,2,597.5,133.303,23.282,0.1316,1000.0,RETURNING_TO_START,load_zone_26,dump_zone_3,0.000291,0.00078
1921.0,2026-07-02T15:51:03.521,3,200.785,294.478,8.099,-0.5,0.0,GOING_TO_ENDPOINT,dump_zone_1,load_zone_1,0.00025,0.00067
1922.0,2026-07-02T15:51:06.229,1,205.637,302.7,22.938,0.0833,1000.0,RETURNING_TO_START,load_zone_1,dump_zone_2,0.000285,0.000764
1922.0,2026-07-02T15:51:06.229,2,597.5,139.741,22.945,-0.1942,1000.0,RETURNING_TO_START,load_zone_26,dump_zone_3,0.00025,0.00067
1922.0,2026-07-02T15:51:06.229,3,202.57,293.671,6.299,-0.5,0.0,GOING_TO_ENDPOINT,dump_zone_1,load_zone_1,0.00025,0.00067
1923.0,2026-07-02T15:51:08.727,1,206.153,308.871,21.663,-0.5,1000.0,RETURNING_TO_START,load_zone_1,dump_zone_2,0.00025,0.00067
1923.0,2026-07-02T15:51:08.727,2,597.5,145.948,22.062,0.0833,1000.0,RETURNING_TO_START,load_zone_26,dump_zone_3,0.000283,0.000758
1923.0,2026-07-02T15:51:08.727,3,203.55,292.547,4.874,-0.0833,0.0,GOING_TO_ENDPOINT,dump_zone_1,load_zone_1,0.000252,0.000675
1924.0,2026-07-02T15:51:11.165,1,208.73,313.733,19.863,-0.5,1000.0,RETURNING_TO_START,load_zone_1,dump_zone_2,0.00025,0.00067
1924.0,2026-07-02T15:51:11.165,2,597.5,152.263,23.354,0.2466,1000.0,RETURNING_TO_START,load_zone_26,dump_zone_3,0.000306,0.00082
1924.0,2026-07-02T15:51:11.165,3,204.032,291.262,5.474,0.5833,0.0,GOING_TO_ENDPOINT,dump_zone_1,load_zone_1,0.000264,0.000708
1925.0,2026-07-02T15:51:13.226,1,212.926,316.883,18.063,-0.5,1000.0,RETURNING_TO_START,load_zone_1,dump_zone_2,0.00025,0.00067
1925.0,2026-07-02T15:51:13.226,2,597.5,158.679,22.446,-0.5,1000.0,RETURNING_TO_START,load_zone_26,dump_zone_3,0.00025,0.00067
1925.0,2026-07-02T15:51:13.226,3,203.907,289.333,8.169,0.4538,0.0,GOING_TO_ENDPOINT,dump_zone_1,load_zone_1,0.000267,0.000716
1926.0,2026-07-02T15:51:15.355,1,216.861,319.523,16.263,-0.5,1000.0,RETURNING_TO_START,load_zone_1,dump_zone_2,0.00025,0.00067
1926.0,2026-07-02T15:51:15.355,2,597.5,164.643,20.646,-0.5,1000.0,RETURNING_TO_START,load_zone_26,dump_zone_3,0.00025,0.00067
1926.0,2026-07-02T15:51:15.355,3,203.234,287.134,7.867,-0.5,0.0,GOING_TO_ENDPOINT,dump_zone_1,load_zone_1,0.00025,0.00067
1927.0,2026-07-02T15:51:17.729,1,218.58,323.233,14.463,-0.5,1000.0,RETURNING_TO_START,load_zone_1,dump_zone_2,0.00025,0.00067
1927.0,2026-07-02T15:51:17.729,2,597.5,170.108,18.846,-0.5,1000.0,RETURNING_TO_START,load_zone_26,dump_zone_3,0.00025,0.00067
1927.0,2026-07-02T15:51:17.729,3,203.255,285.218,6.227,-0.3761,0.0,GOING_TO_ENDPOINT,dump_zone_1,load_zone_1,0.00025,0.00067
1928.0,2026-07-02T15:51:20.416,1,218.338,326.976,12.763,-0.4167,1000.0,RETURNING_TO_START,load_zone_1,dump_zone_2,0.00025,0.00067
1928.0,2026-07-02T15:51:20.416,2,597.5,175.072,17.046,-0.5,1000.0,RETURNING_TO_START,load_zone_26,dump_zone_3,0.00025,0.00067
1928.0,2026-07-02T15:51:20.416,3,203.537,283.775,4.542,-0.4167,0.0,GOING_TO_ENDPOINT,dump_zone_1,load_zone_1,0.00025,0.00067
1929.0,2026-07-02T15:51:22.695,1,218.14,330.249,11.063,-0.4167,1000.0,RETURNING_TO_START,load_zone_1,dump_zone_2,0.00025,0.00067
1929.0,2026-07-02T15:51:22.695,2,597.5,179.536,15.246,-0.5,1000.0,RETURNING_TO_START,load_zone_26,dump_zone_3,0.00025,0.00067
1929.0,2026-07-02T15:51:22.695,3,203.619,282.565,4.535,0.2481,0.0,GOING_TO_ENDPOINT,dump_zone_1,load_zone_1,0.000257,0.000689
1930.0,2026-07-02T15:51:24.590,1,217.961,333.046,9.294,-0.4103,1000.0,RETURNING_TO_START,load_zone_1,dump_zone_2,0.00025,0.00067
1930.0,2026-07-02T15:51:24.590,2,597.5,183.5,13.446,-0.5,1000.0,RETURNING_TO_START,load_zone_26,dump_zone_3,0.00025,0.00067
1930.0,2026-07-02T15:51:24.590,3,203.19,281.035,7.229,1.0,0.0,GOING_TO_ENDPOINT,dump_zone_1,load_zone_1,0.000278,0.000745
1931.0,2026-07-02T15:51:27.172,1,217.788,335.407,7.919,-0.2687,1000.0,RETURNING_TO_START,load_zone_1,dump_zone_2,0.00025,0.00067
1931.0,2026-07-02T15:51:27.172,2,597.371,186.957,11.646,-0.5,1000.0,RETURNING_TO_START,load_zone_26,dump_zone_3,0.00025,0.00067
1931.0,2026-07-02T15:51:27.172,3,201.447,279.214,10.804,0.9167,0.0,GOING_TO_ENDPOINT,dump_zone_1,load_zone_1,0.000289,0.000775
1932.0,2026-07-02T15:51:29.557,1,217.639,337.427,6.566,-0.4167,1000.0,RETURNING_TO_START,load_zone_1,dump_zone_2,0.00025,0.00067
1932.0,2026-07-02T15:51:29.557,2,596.388,189.746,9.846,-0.5,1000.0,RETURNING_TO_START,load_zone_26,dump_zone_3,0.00025,0.00067
1932.0,2026-07-02T15:51:29.557,3,198.466,277.886,12.154,-0.0833,0.0,GOING_TO_ENDPOINT,dump_zone_1,load_zone_1,0.000254,0.000681
1933.0,2026-07-02T15:51:31.786,1,217.564,338.998,4.841,-0.5,1000.0,RETURNING_TO_START,load_zone_1,dump_zone_2,0.00025,0.00067
1933.0,2026-07-02T15:51:31.786,2,595.685,192.101,8.046,-0.5,1000.0,RETURNING_TO_START,load_zone_26,dump_zone_3,0.00025,0.00067
1933.0,2026-07-02T15:51:31.786,3,195.298,278.297,11.304,0.0833,0.0,GOING_TO_ENDPOINT,dump_zone_1,load_zone_1,0.00026,0.000697
1934.0,2026-07-02T15:51:34.206,1,217.688,340.063,3.041,-0.5,1000.0,UNLOADING,load_zone_1,dump_zone_2,0.00025,0.00067
1934.0,2026-07-02T15:51:34.206,2,595.509,194.057,6.271,-0.4167,1000.0,RETURNING_TO_START,load_zone_26,dump_zone_3,0.00025,0.00067
1934.0,2026-07-02T15:51:34.206,3,192.054,279.182,12.968,0.4597,0.0,GOING_TO_ENDPOINT,dump_zone_1,load_zone_1,0.000277,0.000742
1935.0,2026-07-02T15:51:36.224,1,217.86,340.61,1.241,-0.5,1000.0,UNLOADING,load_zone_1,dump_zone_2,0.00025,0.00067
1935.0,2026-07-02T15:51:36.224,2,595.623,195.575,4.971,-0.25,1000.0,RETURNING_TO_START,load_zone_26,dump_zone_3,0.00025,0.00067
1935.0,2026-07-02T15:51:36.224,3,188.454,279.683,12.685,-0.5,0.0,GOING_TO_ENDPOINT,dump_zone_1,load_zone_1,0.00025,0.00067
1936.0,2026-07-02T15:51:38.144,1,217.9,340.711,0.0,-0.0,1000.0,UNLOADING,load_zone_1,dump_zone_2,0.00025,0.00067
1936.0,2026-07-02T15:51:38.144,2,596.057,196.865,5.371,0.4167,1000.0,RETURNING_TO_START,load_zone_26,dump_zone_3,0.000268,0.000718
1936.0,2026-07-02T15:51:38.144,3,185.221,279.405,10.885,-0.5,0.0,GOING_TO_ENDPOINT,dump_zone_1,load_zone_1,0.00025,0.00067
1937.0,2026-07-02T15:51:40.153,1,218.062,341.037,7.2,0.0,0.0,TURNING_AROUND,dump_zone_2,load_zone_1,0.000255,0.000683
1937.0,2026-07-02T15:51:40.153,2,596.777,198.383,6.804,0.6111,1000.0,RETURNING_TO_START,load_zone_26,dump_zone_3,0.00028,0.00075
1937.0,2026-07-02T15:51:40.153,3,182.603,278.544,9.273,-0.2251,0.0,GOING_TO_ENDPOINT,dump_zone_1,load_zone_1,0.00025,0.00067
1938.0,2026-07-02T15:51:41.887,1,219.421,342.476,7.2,0.0,0.0,TURNING_AROUND,dump_zone_2,load_zone_1,0.000255,0.000683
1938.0,2026-07-02T15:51:41.887,2,598.023,200.175,9.055,0.9445,1000.0,RETURNING_TO_START,load_zone_26,dump_zone_3,0.000306,0.00082
1938.0,2026-07-02T15:51:41.887,3,180.332,277.261,9.81,0.4679,0.0,GOING_TO_ENDPOINT,dump_zone_1,load_zone_1,0.000271,0.000726
1939.0,2026-07-02T15:51:43.110,1,219.321,342.628,5.4,0.0,0.0,TURNING_AROUND,dump_zone_2,load_zone_1,0.000253,0.000678
1939.0,2026-07-02T15:51:43.110,2,600.782,201.231,11.955,0.4167,1000.0,RETURNING_TO_START,load_zone_26,dump_zone_3,0.000289,0.000775
1939.0,2026-07-02T15:51:43.110,3,177.814,275.351,12.977,1.0,0.0,GOING_TO_ENDPOINT,dump_zone_1,load_zone_1,0.0003,0.000804
1940.0,2026-07-02T15:51:44.617,1,219.845,342.396,7.2,0.0,0.0,TURNING_AROUND,dump_zone_2,load_zone_1,0.000255,0.000683
1940.0,2026-07-02T15:51:44.617,2,603.974,200.43,11.53,-0.5,1000.0,RETURNING_TO_START,load_zone_26,dump_zone_3,0.00025,0.00067
1940.0,2026-07-02T15:51:44.617,3,174.737,272.594,16.477,1.0,0.0,GOING_TO_ENDPOINT,dump_zone_1,load_zone_1,0.000314,0.000842
1941.0,2026-07-02T15:51:46.492,1,221.52,341.342,7.2,0.0,0.0,TURNING_AROUND,dump_zone_2,load_zone_1,0.000255,0.000683
1941.0,2026-07-02T15:51:46.492,2,606.725,199.427,9.755,-0.4167,1000.0,RETURNING_TO_START,load_zone_26,dump_zone_3,0.00025,0.00067
1941.0,2026-07-02T15:51:46.492,3,171.174,269.115,18.635,0.1527,0.0,GOING_TO_ENDPOINT,dump_zone_1,load_zone_1,0.000271,0.000726
1942.0,2026-07-02T15:51:48.046,1,220.707,342.592,5.4,0.0,0.0,TURNING_AROUND,dump_zone_2,load_zone_1,0.000253,0.000678
1942.0,2026-07-02T15:51:48.046,2,609.365,198.959,9.905,0.0833,1000.0,RETURNING_TO_START,load_zone_26,dump_zone_3,0.000265,0.00071
1942.0,2026-07-02T15:51:48.046,3,167.646,265.486,17.506,-0.5,0.0,GOING_TO_ENDPOINT,dump_zone_1,load_zone_1,0.00025,0.00067
1943.0,2026-07-02T15:51:49.757,1,220.865,342.086,0.525,0.5,0.0,GOING_TO_ENDPOINT,dump_zone_2,load_zone_1,0.000251,0.000673
1943.0,2026-07-02T15:51:49.757,2,612.275,198.787,11.555,0.9167,1000.0,RETURNING_TO_START,load_zone_26,dump_zone_3,0.000319,0.000855
1943.0,2026-07-02T15:51:49.757,3,164.503,262.136,15.719,-0.5,0.0,GOING_TO_ENDPOINT,dump_zone_1,load_zone_1,0.00025,0.00067
1944.0,2026-07-02T15:51:51.640,1,220.887,341.491,3.75,1.0,0.0,GOING_TO_ENDPOINT,dump_zone_2,load_zone_1,0.000265,0.00071
1944.0,2026-07-02T15:51:51.640,2,616.025,198.885,15.155,1.0,1000.0,RETURNING_TO_START,load_zone_26,dump_zone_3,0.000348,0.000933
1944.0,2026-07-02T15:51:51.640,3,161.733,259.119,13.919,-0.5,0.0,GOING_TO_ENDPOINT,dump_zone_1,load_zone_1,0.00025,0.00067
1945.0,2026-07-02T15:51:55.673,1,221.158,339.934,7.35,1.0,0.0,GOING_TO_ENDPOINT,dump_zone_2,load_zone_1,0.000278,0.000745
1945.0,2026-07-02T15:51:55.673,2,620.725,199.275,18.267,0.6705,1000.0,RETURNING_TO_START,load_zone_26,dump_zone_3,0.000335,0.000898
1945.0,2026-07-02T15:51:55.673,3,159.296,256.431,12.319,-0.5,0.0,GOING_TO_ENDPOINT,dump_zone_1,load_zone_1,0.00025,0.00067
1946.0,2026-07-02T15:52:00.434,1,221.884,337.455,10.95,1.0,0.0,GOING_TO_ENDPOINT,dump_zone_2,load_zone_1,0.000292,0.000783
1946.0,2026-07-02T15:52:00.434,2,625.96,199.901,19.031,-0.2462,1000.0,RETURNING_TO_START,load_zone_26,dump_zone_3,0.00025,0.00067
1946.0,2026-07-02T15:52:00.434,3,157.147,254.051,10.919,-0.5,0.0,GOING_TO_ENDPOINT,dump_zone_1,load_zone_1,0.00025,0.00067
1947.0,2026-07-02T15:52:05.442,1,222.737,333.989,14.309,0.6894,0.0,GOING_TO_ENDPOINT,dump_zone_2,load_zone_1,0.000291,0.00078
1947.0,2026-07-02T15:52:05.442,2,630.949,200.592,17.309,-0.5,1000.0,RETURNING_TO_START,load_zone_26,dump_zone_3,0.00025,0.00067
1947.0,2026-07-02T15:52:05.442,3,155.283,251.993,9.232,-0.3746,0.0,GOING_TO_ENDPOINT,dump_zone_1,load_zone_1,0.00025,0.00067
1948.0,2026-07-02T15:52:10.175,1,223.167,329.877,14.841,-0.3106,0.0,GOING_TO_ENDPOINT,dump_zone_2,load_zone_1,0.00025,0.00067
1948.0,2026-07-02T15:52:10.175,2,635.442,201.224,15.509,-0.5,1000.0,RETURNING_TO_START,load_zone_26,dump_zone_3,0.00025,0.00067
1948.0,2026-07-02T15:52:10.175,3,153.704,250.281,7.692,-0.2545,0.0,GOING_TO_ENDPOINT,dump_zone_1,load_zone_1,0.00025,0.00067
1949.0,2026-07-02T16:30:54.743,1,223.228,326.016,13.079,-0.5,0.0,GOING_TO_ENDPOINT,dump_zone_2,load_zone_1,0.00025,0.00067
1949.0,2026-07-02T16:30:54.743,2,639.446,201.738,13.709,-0.5,1000.0,RETURNING_TO_START,load_zone_26,dump_zone_3,0.00025,0.00067
1949.0,2026-07-02T16:30:54.743,3,152.203,248.906,6.851,-0.3212,0.0,GOING_TO_ENDPOINT,dump_zone_1,load_zone_1,0.00025,0.00067
1950.0,2026-07-02T16:30:58.382,1,223.014,322.662,11.279,-0.5,0.0,GOING_TO_ENDPOINT,dump_zone_2,load_zone_1,0.00025,0.00067
1950.0,2026-07-02T16:30:58.382,2,642.964,202.113,11.909,-0.5,1000.0,RETURNING_TO_START,load_zone_26,dump_zone_3,0.00025,0.00067
1950.0,2026-07-02T16:30:58.382,3,150.576,248.018,7.095,0.3732,0.0,GOING_TO_ENDPOINT,dump_zone_1,load_zone_1,0.000263,0.000705
1951.0,2026-07-02T16:31:01.977,1,222.443,319.829,9.915,-0.0833,0.0,GOING_TO_ENDPOINT,dump_zone_2,load_zone_1,0.000254,0.000681
1951.0,2026-07-02T16:31:01.977,2,645.992,202.348,10.109,-0.5,1000.0,RETURNING_TO_START,load_zone_26,dump_zone_3,0.00025,0.00067
1951.0,2026-07-02T16:31:01.977,3,148.655,247.573,6.8,-0.1234,0.0,GOING_TO_ENDPOINT,dump_zone_1,load_zone_1,0.000252,0.000675
1952.0,2026-07-02T16:31:04.157,1,221.317,317.341,9.759,-0.2245,0.0,GOING_TO_ENDPOINT,dump_zone_2,load_zone_1,0.00025,0.00067
1952.0,2026-07-02T16:31:04.157,2,648.526,202.384,8.309,-0.5,1000.0,RETURNING_TO_START,load_zone_26,dump_zone_3,0.00025,0.00067
1952.0,2026-07-02T16:31:04.157,3,146.632,247.392,8.306,0.8766,0.0,GOING_TO_ENDPOINT,dump_zone_1,load_zone_1,0.000279,0.000748
1953.0,2026-07-02T16:31:05.823,1,219.625,315.363,9.479,0.1568,0.0,GOING_TO_ENDPOINT,dump_zone_2,load_zone_1,0.000261,0.000699
1953.0,2026-07-02T16:31:05.823,2,650.603,201.717,8.159,0.4167,1000.0,RETURNING_TO_START,load_zone_26,dump_zone_3,0.000277,0.000742
1953.0,2026-07-02T16:31:05.823,3,143.787,247.375,11.894,1.0,0.0,GOING_TO_ENDPOINT,dump_zone_1,load_zone_1,0.000296,0.000793
1954.0,2026-07-02T16:31:07.887,1,217.435,313.756,10.059,0.2167,0.0,GOING_TO_ENDPOINT,dump_zone_2,load_zone_1,0.000263,0.000705
1954.0,2026-07-02T16:31:07.887,2,652.169,199.804,9.359,-0.0833,1000.0,RETURNING_TO_START,load_zone_26,dump_zone_3,0.000256,0.000686
1954.0,2026-07-02T16:31:07.887,3,139.941,247.435,15.494,1.0,0.0,GOING_TO_ENDPOINT,dump_zone_1,load_zone_1,0.00031,0.000831
1955.0,2026-07-02T16:31:11.564,1,215.164,312.268,9.116,-0.5,0.0,GOING_TO_ENDPOINT,dump_zone_2,load_zone_1,0.00025,0.00067
1955.0,2026-07-02T16:31:11.564,2,652.589,197.44,8.184,-0.0833,1000.0,RETURNING_TO_START,load_zone_26,dump_zone_3,0.000255,0.000683
1955.0,2026-07-02T16:31:11.564,3,135.102,247.493,18.944,0.75,0.0,GOING_TO_ENDPOINT,dump_zone_1,load_zone_1,0.000308,0.000825
1956.0,2026-07-02T16:31:16.567,1,213.475,310.74,7.691,-0.0833,0.0,GOING_TO_ENDPOINT,dump_zone_2,load_zone_1,0.000253,0.000678
1956.0,2026-07-02T16:31:16.567,2,652.618,195.002,9.834,0.9167,1000.0,RETURNING_TO_START,load_zone_26,dump_zone_3,0.000309,0.000828
1956.0,2026-07-02T16:31:16.567,3,129.587,247.501,20.344,0.0833,0.0,GOING_TO_ENDPOINT,dump_zone_1,load_zone_1,0.000268,0.000718
1957.0,2026-07-02T16:31:20.155,1,212.179,308.843,9.341,0.9167,0.0,GOING_TO_ENDPOINT,dump_zone_2,load_zone_1,0.000284,0.000761
1957.0,2026-07-02T16:31:20.155,2,652.538,191.812,12.472,0.3396,1000.0,RETURNING_TO_START,load_zone_26,dump_zone_3,0.000286,0.000766
1957.0,2026-07-02T16:31:20.155,3,124.082,247.5,19.069,-0.5,0.0,GOING_TO_ENDPOINT,dump_zone_1,load_zone_1,0.00025,0.00067
1958.0,2026-07-02T16:31:22.398,1,210.881,305.99,12.941,1.0,0.0,GOING_TO_ENDPOINT,dump_zone_2,load_zone_1,0.0003,0.000804
1958.0,2026-07-02T16:31:22.398,2,652.502,188.372,11.816,-0.5,1000.0,RETURNING_TO_START,load_zone_26,dump_zone_3,0.00025,0.00067
1958.0,2026-07-02T16:31:22.398,3,119.055,247.5,17.269,-0.5,0.0,GOING_TO_ENDPOINT,dump_zone_1,load_zone_1,0.00025,0.00067
1959.0,2026-07-02T16:31:24.900,1,209.505,302.11,16.326,0.8393,0.0,GOING_TO_ENDPOINT,dump_zone_2,load_zone_1,0.000305,0.000817
1959.0,2026-07-02T16:31:24.900,2,652.498,185.36,10.016,-0.5,1000.0,RETURNING_TO_START,load_zone_26,dump_zone_3,0.00025,0.00067
1959.0,2026-07-02T16:31:24.900,3,114.529,247.5,15.469,-0.5,0.0,GOING_TO_ENDPOINT,dump_zone_1,load_zone_1,0.00025,0.00067
1960.0,2026-07-02T16:31:26.991,1,208.012,297.571,17.397,-0.1607,0.0,GOING_TO_ENDPOINT,dump_zone_2,load_zone_1,0.000252,0.000675
1960.0,2026-07-02T16:31:26.991,2,652.499,182.849,8.216,-0.5,1000.0,RETURNING_TO_START,load_zone_26,dump_zone_3,0.00025,0.00067
1960.0,2026-07-02T16:31:26.991,3,110.503,247.5,13.669,-0.5,0.0,GOING_TO_ENDPOINT,dump_zone_1,load_zone_1,0.00025,0.00067
1961.0,2026-07-02T16:31:29.026,1,206.625,293.182,15.754,-0.5,0.0,GOING_TO_ENDPOINT,dump_zone_2,load_zone_1,0.00025,0.00067
1961.0,2026-07-02T16:31:29.026,2,652.5,180.838,6.416,-0.5,1000.0,RETURNING_TO_START,load_zone_26,dump_zone_3,0.00025,0.00067
1961.0,2026-07-02T16:31:29.026,3,106.977,247.5,11.869,-0.5,0.0,GOING_TO_ENDPOINT,dump_zone_1,load_zone_1,0.00025,0.00067
1962.0,2026-07-02T16:31:31.156,1,205.425,289.256,13.954,-0.5,0.0,GOING_TO_ENDPOINT,dump_zone_2,load_zone_1,0.00025,0.00067
1962.0,2026-07-02T16:31:31.156,2,652.645,179.339,4.616,-0.5,1000.0,RETURNING_TO_START,load_zone_26,dump_zone_3,0.00025,0.00067
1962.0,2026-07-02T16:31:31.156,3,103.951,247.5,10.069,-0.5,0.0,GOING_TO_ENDPOINT,dump_zone_1,load_zone_1,0.00025,0.00067
1963.0,2026-07-02T16:31:32.638,1,204.388,285.803,12.154,-0.5,0.0,GOING_TO_ENDPOINT,dump_zone_2,load_zone_1,0.00025,0.00067
1963.0,2026-07-02T16:31:32.638,2,653.029,178.406,2.816,-0.5,1000.0,UNLOADING,load_zone_26,dump_zone_3,0.00025,0.00067
1963.0,2026-07-02T16:31:32.638,3,101.397,247.151,8.944,-0.0833,0.0,GOING_TO_ENDPOINT,dump_zone_1,load_zone_1,0.000253,0.000678
1964.0,2026-07-02T16:31:34.059,1,203.495,282.829,10.354,-0.5,0.0,GOING_TO_ENDPOINT,dump_zone_2,load_zone_1,0.00025,0.00067
1964.0,2026-07-02T16:31:34.059,2,653.308,177.978,1.016,-0.5,1000.0,UNLOADING,load_zone_26,dump_zone_3,0.00025,0.00067
1964.0,2026-07-02T16:31:34.059,3,99.37,245.52,10.594,0.9167,0.0,GOING_TO_ENDPOINT,dump_zone_1,load_zone_1,0.000288,0.000772
1965.0,2026-07-02T16:31:35.575,1,202.648,280.367,8.554,-0.5,0.0,GOING_TO_ENDPOINT,dump_zone_2,load_zone_1,0.00025,0.00067
1965.0,2026-07-02T16:31:35.575,2,653.349,177.923,0.0,-0.5,1000.0,UNLOADING,load_zone_26,dump_zone_3,0.00025,0.00067
1965.0,2026-07-02T16:31:35.575,3,98.976,242.17,14.194,1.0,0.0,GOING_TO_ENDPOINT,dump_zone_1,load_zone_1,0.000305,0.000817
1966.0,2026-07-02T16:31:37.145,1,201.284,278.672,7.879,0.25,0.0,GOING_TO_ENDPOINT,dump_zone_2,load_zone_1,0.000261,0.000699
1966.0,2026-07-02T16:31:37.145,2,653.806,177.439,7.2,0.0,0.0,TURNING_AROUND,dump_zone_3,load_zone_26,0.000255,0.000683
1966.0,2026-07-02T16:31:37.145,3,101.038,238.192,17.794,1.0,0.0,GOING_TO_ENDPOINT,dump_zone_1,load_zone_1,0.000319,0.000855
1967.0,2026-07-02T16:31:38.713,1,199.112,277.851,8.479,-0.25,0.0,GOING_TO_ENDPOINT,dump_zone_2,load_zone_1,0.00025,0.00067
1967.0,2026-07-02T16:31:38.713,2,655.56,176.522,7.2,0.0,0.0,TURNING_AROUND,dump_zone_3,load_zone_26,0.000255,0.000683
1967.0,2026-07-02T16:31:38.713,3,102.389,232.966,20.694,0.4167,0.0,GOING_TO_ENDPOINT,dump_zone_1,load_zone_1,0.000291,0.00078
1968.0,2026-07-02T16:31:39.931,1,196.936,277.952,7.752,0.1969,0.0,GOING_TO_ENDPOINT,dump_zone_2,load_zone_1,0.00026,0.000697
1968.0,2026-07-02T16:31:39.931,2,654.932,176.405,5.4,0.0,0.0,TURNING_AROUND,dump_zone_3,load_zone_26,0.000253,0.000678
1968.0,2026-07-02T16:31:39.931,3,102.53,227.206,20.269,-0.5,0.0,GOING_TO_ENDPOINT,dump_zone_1,load_zone_1,0.00025,0.00067
1969.0,2026-07-02T16:31:41.260,1,194.533,278.509,10.309,1.0,0.0,GOING_TO_ENDPOINT,dump_zone_2,load_zone_1,0.00029,0.000777
1969.0,2026-07-02T16:31:41.260,2,655.904,176.982,7.2,0.0,0.0,TURNING_AROUND,dump_zone_3,load_zone_26,0.000255,0.000683
1969.0,2026-07-02T16:31:41.260,3,102.504,221.846,18.469,-0.5,0.0,GOING_TO_ENDPOINT,dump_zone_1,load_zone_1,0.00025,0.00067
1970.0,2026-07-02T16:31:42.797,1,191.323,279.322,12.866,0.3695,0.0,GOING_TO_ENDPOINT,dump_zone_2,load_zone_1,0.000274,0.000734
1970.0,2026-07-02T16:31:42.797,2,656.878,178.006,5.4,0.0,0.0,TURNING_AROUND,dump_zone_3,load_zone_26,0.000253,0.000678
1970.0,2026-07-02T16:31:42.797,3,102.5,216.987,16.669,-0.5,0.0,GOING_TO_ENDPOINT,dump_zone_1,load_zone_1,0.00025,0.00067
1971.0,2026-07-02T16:31:44.408,1,187.782,279.673,12.3,-0.5,0.0,GOING_TO_ENDPOINT,dump_zone_2,load_zone_1,0.00025,0.00067
1971.0,2026-07-02T16:31:44.408,2,656.583,177.184,0.0,-0.1667,0.0,GOING_TO_ENDPOINT,dump_zone_3,load_zone_26,0.00025,0.00067
1971.0,2026-07-02T16:31:44.408,3,102.5,212.627,14.869,-0.5,0.0,GOING_TO_ENDPOINT,dump_zone_1,load_zone_1,0.00025,0.00067
1972.0,2026-07-02T16:31:46.222,1,184.669,279.266,10.525,-0.4167,0.0,GOING_TO_ENDPOINT,dump_zone_2,load_zone_1,0.00025,0.00067
1972.0,2026-07-02T16:31:46.222,2,656.581,177.311,1.375,0.8333,0.0,GOING_TO_ENDPOINT,dump_zone_3,load_zone_26,0.000255,0.000683
1972.0,2026-07-02T16:31:46.222,3,102.5,208.756,13.153,-0.5,0.0,GOING_TO_ENDPOINT,dump_zone_1,load_zone_1,0.00025,0.00067
1973.0,2026-07-02T16:31:48.161,1,182.136,278.311,9.348,-0.0342,0.0,GOING_TO_ENDPOINT,dump_zone_2,load_zone_1,0.000255,0.000683
1973.0,2026-07-02T16:31:48.161,2,656.439,178.214,4.95,1.0,0.0,GOING_TO_ENDPOINT,dump_zone_3,load_zone_26,0.000269,0.000721
1973.0,2026-07-02T16:31:48.161,3,102.5,205.373,11.353,-0.5,0.0,GOING_TO_ENDPOINT,dump_zone_1,load_zone_1,0.00025,0.00067
1974.0,2026-07-02T16:31:50.037,1,179.76,276.855,11.175,0.9658,0.0,GOING_TO_ENDPOINT,dump_zone_2,load_zone_1,0.000292,0.000783
1974.0,2026-07-02T16:31:50.037,2,655.495,179.861,8.55,1.0,0.0,GOING_TO_ENDPOINT,dump_zone_3,load_zone_26,0.000283,0.000758
1974.0,2026-07-02T16:31:50.037,3,102.488,202.49,9.553,-0.5,0.0,GOING_TO_ENDPOINT,dump_zone_1,load_zone_1,0.00025,0.00067
1975.0,2026-07-02T16:31:52.244,1,176.972,274.625,14.375,1.0,0.0,GOING_TO_ENDPOINT,dump_zone_2,load_zone_1,0.000306,0.00082
1975.0,2026-07-02T16:31:52.244,2,653.07,181.457,12.15,1.0,0.0,GOING_TO_ENDPOINT,dump_zone_3,load_zone_26,0.000297,0.000796
1975.0,2026-07-02T16:31:52.244,3,102.283,200.1,7.953,-0.4167,0.0,GOING_TO_ENDPOINT,dump_zone_1,load_zone_1,0.00025,0.00067
1976.0,2026-07-02T16:31:54.874,1,173.647,271.543,17.975,1.0,0.0,GOING_TO_ENDPOINT,dump_zone_2,load_zone_1,0.00032,0.000858
1976.0,2026-07-02T16:31:54.874,2,649.823,183.623,15.725,0.9167,0.0,GOING_TO_ENDPOINT,dump_zone_3,load_zone_26,0.000307,0.000823
1976.0,2026-07-02T16:31:54.874,3,101.681,198.164,6.871,-0.1582,0.0,GOING_TO_ENDPOINT,dump_zone_1,load_zone_1,0.000251,0.000673
1977.0,2026-07-02T16:31:56.866,1,169.829,267.747,20.04,0.1215,0.0,GOING_TO_ENDPOINT,dump_zone_2,load_zone_1,0.000271,0.000726
1977.0,2026-07-02T16:31:56.866,2,647.612,187.614,17.075,-0.0833,0.0,GOING_TO_ENDPOINT,dump_zone_3,load_zone_26,0.000256,0.000686
1977.0,2026-07-02T16:31:56.866,3,100.777,196.343,8.251,0.8418,0.0,GOING_TO_ENDPOINT,dump_zone_1,load_zone_1,0.000278,0.000745
1978.0,2026-07-02T16:31:58.409,1,166.067,263.82,18.845,-0.5,0.0,GOING_TO_ENDPOINT,dump_zone_2,load_zone_1,0.00025,0.00067
1978.0,2026-07-02T16:31:58.409,2,647.442,192.14,15.525,-0.5,0.0,GOING_TO_ENDPOINT,dump_zone_3,load_zone_26,0.00025,0.00067
1978.0,2026-07-02T16:31:58.409,3,99.38,193.885,11.829,1.0,0.0,GOING_TO_ENDPOINT,dump_zone_1,load_zone_1,0.000296,0.000793
1979.0,2026-07-02T16:32:00.020,1,162.697,260.176,17.045,-0.5,0.0,GOING_TO_ENDPOINT,dump_zone_2,load_zone_1,0.00025,0.00067
1979.0,2026-07-02T16:32:00.020,2,647.493,196.181,13.725,-0.5,0.0,GOING_TO_ENDPOINT,dump_zone_3,load_zone_26,0.00025,0.00067
1979.0,2026-07-02T16:32:00.020,3,97.358,190.636,15.429,1.0,0.0,GOING_TO_ENDPOINT,dump_zone_1,load_zone_1,0.00031,0.000831
1980.0,2026-07-02T16:32:02.214,1,159.695,256.873,15.245,-0.5,0.0,GOING_TO_ENDPOINT,dump_zone_2,load_zone_1,0.00025,0.00067
1980.0,2026-07-02T16:32:02.214,2,647.311,199.702,11.95,-0.4167,0.0,GOING_TO_ENDPOINT,dump_zone_3,load_zone_26,0.00025,0.00067
1980.0,2026-07-02T16:32:02.214,3,94.879,186.606,17.904,0.25,0.0,GOING_TO_ENDPOINT,dump_zone_1,load_zone_1,0.000276,0.00074
1981.0,2026-07-02T16:32:03.914,1,157.038,253.931,13.445,-0.5,0.0,GOING_TO_ENDPOINT,dump_zone_2,load_zone_1,0.00025,0.00067
1981.0,2026-07-02T16:32:03.914,2,645.16,202.086,12.4,0.5833,0.0,GOING_TO_ENDPOINT,dump_zone_3,load_zone_26,0.000281,0.000753
1981.0,2026-07-02T16:32:03.914,3,92.346,182.406,17.004,-0.5,0.0,GOING_TO_ENDPOINT,dump_zone_1,load_zone_1,0.00025,0.00067
1982.0,2026-07-02T16:32:05.559,1,154.709,251.367,11.645,-0.5,0.0,GOING_TO_ENDPOINT,dump_zone_2,load_zone_1,0.00025,0.00067
1982.0,2026-07-02T16:32:05.559,2,641.405,201.81,15.75,1.0,0.0,GOING_TO_ENDPOINT,dump_zone_3,load_zone_26,0.000311,0.000833
1982.0,2026-07-02T16:32:05.559,3,90.054,178.589,15.204,-0.5,0.0,GOING_TO_ENDPOINT,dump_zone_1,load_zone_1,0.00025,0.00067
1983.0,2026-07-02T16:32:07.465,1,152.654,249.233,9.845,-0.5,0.0,GOING_TO_ENDPOINT,dump_zone_2,load_zone_1,0.00025,0.00067
1983.0,2026-07-02T16:32:07.465,2,637.979,198.299,19.325,0.9167,0.0,GOING_TO_ENDPOINT,dump_zone_3,load_zone_26,0.00032,0.000858
1983.0,2026-07-02T16:32:07.465,3,88.02,175.201,13.404,-0.5,0.0,GOING_TO_ENDPOINT,dump_zone_1,load_zone_1,0.00025,0.00067
1984.0,2026-07-02T16:32:09.709,1,150.451,247.997,8.87,-0.25,0.0,GOING_TO_ENDPOINT,dump_zone_2,load_zone_1,0.00025,0.00067
1984.0,2026-07-02T16:32:09.709,2,632.989,195.823,20.675,-0.0833,0.0,GOING_TO_ENDPOINT,dump_zone_3,load_zone_26,0.000258,0.000691
1984.0,2026-07-02T16:32:09.709,3,86.242,172.241,11.604,-0.5,0.0,GOING_TO_ENDPOINT,dump_zone_1,load_zone_1,0.00025,0.00067
1985.0,2026-07-02T16:32:11.600,1,148.256,247.541,7.646,-0.0232,0.0,GOING_TO_ENDPOINT,dump_zone_2,load_zone_1,0.000254,0.000681
1985.0,2026-07-02T16:32:11.600,2,627.512,195.028,19.125,-0.5,0.0,GOING_TO_ENDPOINT,dump_zone_3,load_zone_26,0.00025,0.00067
1985.0,2026-07-02T16:32:11.600,3,84.481,169.885,9.804,-0.5,0.0,GOING_TO_ENDPOINT,dump_zone_1,load_zone_1,0.00025,0.00067
1986.0,2026-07-02T16:32:13.448,1,145.938,247.433,9.512,0.9768,0.0,GOING_TO_ENDPOINT,dump_zone_2,load_zone_1,0.000286,0.000766
1986.0,2026-07-02T16:32:13.448,2,622.505,194.439,17.325,-0.5,0.0,GOING_TO_ENDPOINT,dump_zone_3,load_zone_26,0.00025,0.00067
1986.0,2026-07-02T16:32:13.448,3,82.594,168.319,8.004,-0.5,0.0,GOING_TO_ENDPOINT,dump_zone_1,load_zone_1,0.00025,0.00067
1987.0,2026-07-02T16:32:15.041,1,142.754,247.442,13.112,1.0,0.0,GOING_TO_ENDPOINT,dump_zone_2,load_zone_1,0.000301,0.000807
1987.0,2026-07-02T16:32:15.041,2,617.983,194.019,15.525,-0.5,0.0,GOING_TO_ENDPOINT,dump_zone_3,load_zone_26,0.00025,0.00067
1987.0,2026-07-02T16:32:15.041,3,81.483,166.731,6.204,-0.5,0.0,GOING_TO_ENDPOINT,dump_zone_1,load_zone_1,0.00025,0.00067
1988.0,2026-07-02T16:32:16.781,1,138.57,247.481,16.712,1.0,0.0,GOING_TO_ENDPOINT,dump_zone_2,load_zone_1,0.000315,0.000844
1988.0,2026-07-02T16:32:16.781,2,613.946,193.831,13.725,-0.5,0.0,GOING_TO_ENDPOINT,dump_zone_3,load_zone_26,0.00025,0.00067
1988.0,2026-07-02T16:32:16.781,3,81.188,165.221,5.529,0.25,0.0,GOING_TO_ENDPOINT,dump_zone_1,load_zone_1,0.000258,0.000691
1989.0,2026-07-02T16:32:19.264,1,133.435,247.499,19.612,0.4167,0.0,GOING_TO_ENDPOINT,dump_zone_2,load_zone_1,0.000289,0.000775
1989.0,2026-07-02T16:32:19.264,2,610.409,193.948,11.925,-0.5,0.0,GOING_TO_ENDPOINT,dump_zone_3,load_zone_26,0.00025,0.00067
1989.0,2026-07-02T16:32:19.264,3,81.561,163.427,7.629,0.4167,0.0,GOING_TO_ENDPOINT,dump_zone_1,load_zone_1,0.000265,0.00071
1990.0,2026-07-02T16:32:21.587,1,127.971,247.5,19.187,-0.5,0.0,GOING_TO_ENDPOINT,dump_zone_2,load_zone_1,0.00025,0.00067
1990.0,2026-07-02T16:32:21.587,2,607.55,194.927,10.125,-0.5,0.0,GOING_TO_ENDPOINT,dump_zone_3,load_zone_26,0.00025,0.00067
1990.0,2026-07-02T16:32:21.587,3,82.16,161.38,7.204,-0.5,0.0,GOING_TO_ENDPOINT,dump_zone_1,load_zone_1,0.00025,0.00067
1991.0,2026-07-02T16:32:23.834,1,122.911,247.5,17.412,-0.4167,0.0,GOING_TO_ENDPOINT,dump_zone_2,load_zone_1,0.00025,0.00067
1991.0,2026-07-02T16:32:23.834,2,605.392,196.269,8.325,-0.5,0.0,GOING_TO_ENDPOINT,dump_zone_3,load_zone_26,0.00025,0.00067
1991.0,2026-07-02T16:32:23.834,3,82.442,159.674,5.404,-0.5,0.0,GOING_TO_ENDPOINT,dump_zone_1,load_zone_1,0.00025,0.00067
1992.0,2026-07-02T16:32:26.145,1,118.307,247.5,15.787,-0.5,0.0,GOING_TO_ENDPOINT,dump_zone_2,load_zone_1,0.00025,0.00067
1992.0,2026-07-02T16:32:26.145,2,603.565,197.18,6.525,-0.5,0.0,GOING_TO_ENDPOINT,dump_zone_3,load_zone_26,0.00025,0.00067
1992.0,2026-07-02T16:32:26.145,3,82.928,158.549,3.604,-0.5,0.0,GOING_TO_ENDPOINT,dump_zone_1,load_zone_1,0.00025,0.00067
1993.0,2026-07-02T16:32:28.819,1,114.192,247.5,13.987,-0.5,0.0,GOING_TO_ENDPOINT,dump_zone_2,load_zone_1,0.00025,0.00067
1993.0,2026-07-02T16:32:28.819,2,602.133,197.857,5.3,-0.1016,0.0,GOING_TO_ENDPOINT,dump_zone_3,load_zone_26,0.000252,0.000675
1993.0,2026-07-02T16:32:28.819,3,83.368,157.967,1.804,-0.5,0.0,LOADING,dump_zone_1,load_zone_1,0.00025,0.00067
1994.0,2026-07-02T16:32:31.439,1,110.578,247.5,12.187,-0.5,0.0,GOING_TO_ENDPOINT,dump_zone_2,load_zone_1,0.00025,0.00067
1994.0,2026-07-02T16:32:31.439,2,600.738,198.299,5.004,-0.4265,0.0,GOING_TO_ENDPOINT,dump_zone_3,load_zone_26,0.00025,0.00067
1994.0,2026-07-02T16:32:31.439,3,83.522,157.797,0.004,-0.5,0.0,LOADING,dump_zone_1,load_zone_1,0.00025,0.00067
1995.0,2026-07-02T16:32:33.836,1,107.463,247.5,10.387,-0.5,0.0,GOING_TO_ENDPOINT,dump_zone_2,load_zone_1,0.00025,0.00067
1995.0,2026-07-02T16:32:33.836,2,599.539,198.34,4.079,-0.0833,0.0,GOING_TO_ENDPOINT,dump_zone_3,load_zone_26,0.000251,0.000673
1995.0,2026-07-02T16:32:33.836,3,83.522,157.797,0.0,-0.3766,0.0,LOADING,dump_zone_1,load_zone_1,0.00025,0.00067
1996.0,2026-07-02T16:32:35.211,1,104.828,247.5,8.957,-0.1011,0.0,GOING_TO_ENDPOINT,dump_zone_2,load_zone_1,0.000253,0.000678
1996.0,2026-07-02T16:32:35.211,2,598.296,197.983,5.729,0.9167,0.0,GOING_TO_ENDPOINT,dump_zone_3,load_zone_26,0.000271,0.000726
1996.0,2026-07-02T16:32:35.211,3,84.883,156.855,7.2,0.0,1000.0,TURNING_AROUND,load_zone_1,dump_zone_1,0.000258,0.000691
1997.0,2026-07-02T16:32:36.270,1,102.525,247.499,7.506,-0.5,0.0,GOING_TO_ENDPOINT,dump_zone_2,load_zone_1,0.00025,0.00067
1997.0,2026-07-02T16:32:36.270,2,596.709,196.597,9.329,1.0,0.0,GOING_TO_ENDPOINT,dump_zone_3,load_zone_26,0.000286,0.000766
1997.0,2026-07-02T16:32:36.270,3,85.967,156.538,5.4,0.0,1000.0,TURNING_AROUND,load_zone_1,dump_zone_1,0.000256,0.000686
1998.0,2026-07-02T16:32:37.089,1,100.61,247.081,7.356,0.4167,0.0,GOING_TO_ENDPOINT,dump_zone_2,load_zone_1,0.000265,0.00071
1998.0,2026-07-02T16:32:37.089,2,596.15,193.597,12.929,1.0,0.0,GOING_TO_ENDPOINT,dump_zone_3,load_zone_26,0.0003,0.000804
1998.0,2026-07-02T16:32:37.089,3,85.327,156.509,7.2,0.0,1000.0,TURNING_AROUND,load_zone_1,dump_zone_1,0.000258,0.000691
1999.0,2026-07-02T16:32:38.233,1,98.879,245.389,10.431,1.0,0.0,GOING_TO_ENDPOINT,dump_zone_2,load_zone_1,0.00029,0.000777
1999.0,2026-07-02T16:32:38.233,2,598.331,190.133,16.529,1.0,0.0,GOING_TO_ENDPOINT,dump_zone_3,load_zone_26,0.000314,0.000842
1999.0,2026-07-02T16:32:38.233,3,86.803,157.827,7.2,0.0,1000.0,TURNING_AROUND,load_zone_1,dump_zone_1,0.000258,0.000691
2000.0,2026-07-02T16:32:39.956,1,98.716,242.061,14.031,1.0,0.0,GOING_TO_ENDPOINT,dump_zone_2,load_zone_1,0.000304,0.000815
2000.0,2026-07-02T16:32:39.956,2,600.728,185.605,20.129,1.0,0.0,GOING_TO_ENDPOINT,dump_zone_3,load_zone_26,0.000328,0.000879
2000.0,2026-07-02T16:32:39.956,3,86.88,157.702,0.0,-0.2821,1000.0,RETURNING_TO_START,load_zone_1,dump_zone_1,0.00025,0.00067
2001.0,2026-07-02T16:32:41.628,1,100.729,238.107,17.631,1.0,0.0,GOING_TO_ENDPOINT,dump_zone_2,load_zone_1,0.000318,0.000852
2001.0,2026-07-02T16:32:41.628,2,602.234,179.681,23.729,1.0,0.0,GOING_TO_ENDPOINT,dump_zone_3,load_zone_26,0.000342,0.000917
2001.0,2026-07-02T16:32:41.628,3,86.879,157.787,1.038,0.7179,1000.0,RETURNING_TO_START,load_zone_1,dump_zone_1,0.000255,0.000683
2002.0,2026-07-02T16:32:43.534,1,102.461,233.081,20.298,0.3536,0.0,GOING_TO_ENDPOINT,dump_zone_2,load_zone_1,0.000286,0.000766
2002.0,2026-07-02T16:32:43.534,2,602.507,172.562,27.179,0.75,0.0,GOING_TO_ENDPOINT,dump_zone_3,load_zone_26,0.000333,0.000892
2002.0,2026-07-02T16:32:43.534,3,86.775,158.581,4.534,1.0,1000.0,RETURNING_TO_START,load_zone_1,dump_zone_1,0.000279,0.000748
2003.0,2026-07-02T16:32:45.349,1,102.558,227.464,19.684,-0.5,0.0,GOING_TO_ENDPOINT,dump_zone_2,load_zone_1,0.00025,0.00067
2003.0,2026-07-02T16:32:45.349,2,602.5,164.722,28.779,0.0833,0.0,GOING_TO_ENDPOINT,dump_zone_3,load_zone_26,0.000276,0.00074
2003.0,2026-07-02T16:32:45.349,3,85.974,160.177,8.134,1.0,1000.0,RETURNING_TO_START,load_zone_1,dump_zone_1,0.000302,0.000809
2004.0,2026-07-02T16:32:47.252,1,102.504,222.258,17.984,-0.5,0.0,GOING_TO_ENDPOINT,dump_zone_2,load_zone_1,0.00025,0.00067
2004.0,2026-07-02T16:32:47.252,2,602.5,156.864,27.604,-0.5,0.0,GOING_TO_ENDPOINT,dump_zone_3,load_zone_26,0.00025,0.00067
2004.0,2026-07-02T16:32:47.252,3,83.614,161.609,11.734,1.0,1000.0,RETURNING_TO_START,load_zone_1,dump_zone_1,0.000326,0.000874
2005.0,2026-07-02T16:32:49.245,1,102.499,217.534,16.184,-0.5,0.0,GOING_TO_ENDPOINT,dump_zone_2,load_zone_1,0.00025,0.00067
2005.0,2026-07-02T16:32:49.245,2,602.5,149.441,26.079,-0.25,0.0,GOING_TO_ENDPOINT,dump_zone_3,load_zone_26,0.00025,0.00067
2005.0,2026-07-02T16:32:49.245,3,80.073,162.956,15.184,0.75,1000.0,RETURNING_TO_START,load_zone_1,dump_zone_1,0.000327,0.000876
2006.0,2026-07-02T16:32:51.476,1,102.5,213.309,14.384,-0.5,0.0,GOING_TO_ENDPOINT,dump_zone_2,load_zone_1,0.00025,0.00067
2006.0,2026-07-02T16:32:51.476,2,602.5,142.132,26.934,0.47,0.0,GOING_TO_ENDPOINT,dump_zone_3,load_zone_26,0.000308,0.000825
2006.0,2026-07-02T16:32:51.476,3,77.49,166.389,15.934,-0.25,1000.0,RETURNING_TO_START,load_zone_1,dump_zone_1,0.00025,0.00067
2007.0,2026-07-02T16:32:53.700,1,102.5,209.584,12.584,-0.5,0.0,GOING_TO_ENDPOINT,dump_zone_2,load_zone_1,0.00025,0.00067
2007.0,2026-07-02T16:32:53.700,2,602.5,134.57,27.302,0.0782,0.0,GOING_TO_ENDPOINT,dump_zone_3,load_zone_26,0.000274,0.000734
2007.0,2026-07-02T16:32:53.700,3,78.686,170.248,14.359,-0.25,1000.0,RETURNING_TO_START,load_zone_1,dump_zone_1,0.00025,0.00067
2008.0,2026-07-02T16:32:55.917,1,102.5,206.359,10.784,-0.5,0.0,GOING_TO_ENDPOINT,dump_zone_2,load_zone_1,0.00025,0.00067
2008.0,2026-07-02T16:32:55.917,2,602.5,126.889,27.745,-0.0627,0.0,GOING_TO_ENDPOINT,dump_zone_3,load_zone_26,0.000262,0.000702
2008.0,2026-07-02T16:32:55.917,3,81.019,173.576,15.409,0.75,1000.0,RETURNING_TO_START,load_zone_1,dump_zone_1,0.000329,0.000882
2009.0,2026-07-02T16:32:58.434,1,102.5,203.635,8.984,-0.5,0.0,GOING_TO_ENDPOINT,dump_zone_2,load_zone_1,0.00025,0.00067
2009.0,2026-07-02T16:32:58.434,2,602.5,119.228,27.325,-0.1983,0.0,GOING_TO_ENDPOINT,dump_zone_3,load_zone_26,0.00025,0.00067
2009.0,2026-07-02T16:32:58.434,3,83.598,177.568,18.234,0.4167,1000.0,RETURNING_TO_START,load_zone_1,dump_zone_1,0.00031,0.000831
2010.0,2026-07-02T16:33:00.651,1,102.434,201.341,7.934,-0.0833,0.0,GOING_TO_ENDPOINT,dump_zone_2,load_zone_1,0.000253,0.000678
2010.0,2026-07-02T16:33:00.651,2,602.5,111.765,26.911,0.3017,0.0,GOING_TO_ENDPOINT,dump_zone_3,load_zone_26,0.000293,0.000785
2010.0,2026-07-02T16:33:00.651,3,86.226,181.916,17.809,-0.5,1000.0,RETURNING_TO_START,load_zone_1,dump_zone_1,0.00025,0.00067
2011.0,2026-07-02T16:33:05.808,1,102.012,199.119,8.684,0.25,0.0,GOING_TO_ENDPOINT,dump_zone_2,load_zone_1,0.000263,0.000705
2011.0,2026-07-02T16:33:05.808,2,602.5,104.012,28.547,0.135,0.0,GOING_TO_ENDPOINT,dump_zone_3,load_zone_26,0.000281,0.000753
2011.0,2026-07-02T16:33:05.808,3,88.63,185.927,16.009,-0.5,1000.0,RETURNING_TO_START,load_zone_1,dump_zone_1,0.00025,0.00067
2012.0,2026-07-02T16:33:07.939,1,101.035,196.894,9.034,0.4167,0.0,GOING_TO_ENDPOINT,dump_zone_2,load_zone_1,0.000268,0.000718
2012.0,2026-07-02T16:33:07.939,2,602.5,96.117,28.192,-0.278,0.0,GOING_TO_ENDPOINT,dump_zone_3,load_zone_26,0.00025,0.00067
2012.0,2026-07-02T16:33:07.939,3,90.78,189.507,14.209,-0.5,1000.0,RETURNING_TO_START,load_zone_1,dump_zone_1,0.00025,0.00067
2013.0,2026-07-02T16:33:09.900,1,99.614,194.337,12.109,1.0,0.0,GOING_TO_ENDPOINT,dump_zone_2,load_zone_1,0.000297,0.000796
2013.0,2026-07-02T16:33:09.900,2,602.5,88.477,26.948,-0.2078,0.0,GOING_TO_ENDPOINT,dump_zone_3,load_zone_26,0.00025,0.00067
2013.0,2026-07-02T16:33:09.900,3,92.673,192.659,12.409,-0.5,1000.0,RETURNING_TO_START,load_zone_1,dump_zone_1,0.00025,0.00067
2014.0,2026-07-02T16:33:12.340,1,97.567,191.011,15.709,1.0,0.0,GOING_TO_ENDPOINT,dump_zone_2,load_zone_1,0.000311,0.000833
2014.0,2026-07-02T16:33:12.340,2,602.5,80.997,27.05,0.1255,0.0,GOING_TO_ENDPOINT,dump_zone_3,load_zone_26,0.000278,0.000745
2014.0,2026-07-02T16:33:12.340,3,94.317,195.394,10.671,-0.5,1000.0,RETURNING_TO_START,load_zone_1,dump_zone_1,0.00025,0.00067
2015.0,2026-07-02T16:33:14.851,1,95.091,186.969,17.659,0.0833,0.0,GOING_TO_ENDPOINT,dump_zone_2,load_zone_1,0.000266,0.000713
2015.0,2026-07-02T16:33:14.851,2,602.5,73.402,27.551,0.1781,0.0,GOING_TO_ENDPOINT,dump_zone_3,load_zone_26,0.000283,0.000758
2015.0,2026-07-02T16:33:14.851,3,95.703,197.702,8.871,-0.5,1000.0,RETURNING_TO_START,load_zone_1,dump_zone_1,0.00025,0.00067
2016.0,2026-07-02T16:33:17.282,1,92.636,182.891,16.384,-0.5,0.0,GOING_TO_ENDPOINT,dump_zone_2,load_zone_1,0.00025,0.00067
2016.0,2026-07-02T16:33:17.282,2,602.5,65.676,28.411,0.4857,0.0,GOING_TO_ENDPOINT,dump_zone_3,load_zone_26,0.000313,0.000839
2016.0,2026-07-02T16:33:17.282,3,96.85,199.574,7.102,-0.4167,1000.0,RETURNING_TO_START,load_zone_1,dump_zone_1,0.00025,0.00067
2017.0,2026-07-02T16:33:19.854,1,90.434,179.221,14.584,-0.5,0.0,GOING_TO_ENDPOINT,dump_zone_2,load_zone_1,0.00025,0.00067
2017.0,2026-07-02T16:33:19.854,2,602.5,57.731,28.214,-0.5,0.0,GOING_TO_ENDPOINT,dump_zone_3,load_zone_26,0.00025,0.00067
2017.0,2026-07-02T16:33:19.854,3,98.118,201.056,7.552,0.5833,1000.0,RETURNING_TO_START,load_zone_1,dump_zone_1,0.000282,0.000756
2018.0,2026-07-02T16:33:22.258,1,88.487,175.979,12.809,-0.4167,0.0,GOING_TO_ENDPOINT,dump_zone_2,load_zone_1,0.00025,0.00067
2018.0,2026-07-02T16:33:22.258,2,602.5,50.029,27.578,-0.0345,0.0,GOING_TO_ENDPOINT,dump_zone_3,load_zone_26,0.000264,0.000708
2018.0,2026-07-02T16:33:22.258,3,100.367,202.154,10.1,0.3742,1000.0,RETURNING_TO_START,load_zone_1,dump_zone_1,0.000281,0.000753
2019.0,2026-07-02T16:33:24.759,1,86.791,173.155,11.036,-0.5,0.0,GOING_TO_ENDPOINT,dump_zone_2,load_zone_1,0.00025,0.00067
2019.0,2026-07-02T16:33:24.759,2,602.5,42.357,27.616,-0.028,0.0,GOING_TO_ENDPOINT,dump_zone_3,load_zone_26,0.000265,0.00071
2019.0,2026-07-02T16:33:24.759,3,103.228,202.529,10.897,0.5408,1000.0,RETURNING_TO_START,load_zone_1,dump_zone_1,0.000293,0.000785
2020.0,2026-07-02T16:33:26.944,1,85.316,170.782,9.236,-0.5,0.0,GOING_TO_ENDPOINT,dump_zone_2,load_zone_1,0.00025,0.00067
2020.0,2026-07-02T16:33:26.944,2,602.5,34.61,28.365,0.3053,0.0,GOING_TO_ENDPOINT,dump_zone_3,load_zone_26,0.000296,0.000793
2020.0,2026-07-02T16:33:26.944,3,106.718,202.588,14.184,1.0,1000.0,RETURNING_TO_START,load_zone_1,dump_zone_1,0.000341,0.000914
2021.0,2026-07-02T16:33:30.229,1,83.659,169.183,7.524,-0.5,0.0,GOING_TO_ENDPOINT,dump_zone_2,load_zone_1,0.00025,0.00067
2021.0,2026-07-02T16:33:30.229,2,602.5,26.765,27.814,-0.1947,0.0,GOING_TO_ENDPOINT,dump_zone_3,load_zone_26,0.00025,0.00067
2021.0,2026-07-02T16:33:30.229,3,111.199,202.544,17.784,1.0,1000.0,RETURNING_TO_START,load_zone_1,dump_zone_1,0.000365,0.000978
2022.0,2026-07-02T16:33:35.781,1,82.288,167.966,5.835,-0.5,0.0,GOING_TO_ENDPOINT,dump_zone_2,load_zone_1,0.00025,0.00067
2022.0,2026-07-02T16:33:35.781,2,602.5,18.947,28.724,0.2723,0.0,GOING_TO_ENDPOINT,dump_zone_3,load_zone_26,0.000294,0.000788
2022.0,2026-07-02T16:33:35.781,3,116.617,202.501,20.628,0.4378,1000.0,RETURNING_TO_START,load_zone_1,dump_zone_1,0.00032,0.000858
2023.0,2026-07-02T16:33:40.797,1,81.589,166.816,4.035,-0.5,0.0,GOING_TO_ENDPOINT,dump_zone_2,load_zone_1,0.00025,0.00067
2023.0,2026-07-02T16:33:40.797,2,602.5,10.963,28.686,0.0162,0.0,GOING_TO_ENDPOINT,dump_zone_3,load_zone_26,0.00027,0.000724
2023.0,2026-07-02T16:33:40.797,3,122.374,202.499,20.273,-0.5,1000.0,RETURNING_TO_START,load_zone_1,dump_zone_1,0.00025,0.00067
2024.0,2026-07-02T16:33:46.296,1,81.335,165.92,3.25,0.2042,0.0,GOING_TO_ENDPOINT,dump_zone_2,load_zone_1,0.000254,0.000681
2024.0,2026-07-02T16:33:46.296,2,602.5,3.163,27.356,-0.3768,0.0,GOING_TO_ENDPOINT,dump_zone_3,load_zone_26,0.00025,0.00067
2024.0,2026-07-02T16:33:46.296,3,127.735,202.5,18.473,-0.5,1000.0,RETURNING_TO_START,load_zone_1,dump_zone_1,0.00025,0.00067
2025.0,2026-07-02T16:33:51.762,1,81.33,164.705,5.826,1.0,0.0,GOING_TO_ENDPOINT,dump_zone_2,load_zone_1,0.000273,0.000732
2025.0,2026-07-02T16:33:51.762,2,602.5,-4.412,27.45,0.1232,0.0,GOING_TO_ENDPOINT,dump_zone_3,load_zone_26,0.000278,0.000745
2025.0,2026-07-02T16:33:51.762,3,132.595,202.5,16.673,-0.5,1000.0,RETURNING_TO_START,load_zone_1,dump_zone_1,0.00025,0.00067
2026.0,2026-07-02T16:33:57.784,1,81.864,162.775,7.847,0.1069,0.0,GOING_TO_ENDPOINT,dump_zone_2,load_zone_1,0.000258,0.000691
2026.0,2026-07-02T16:33:57.784,2,602.5,-11.993,27.181,0.0724,0.0,GOING_TO_ENDPOINT,dump_zone_3,load_zone_26,0.000274,0.000734
2026.0,2026-07-02T16:33:57.784,3,136.956,202.5,14.873,-0.5,1000.0,RETURNING_TO_START,load_zone_1,dump_zone_1,0.00025,0.00067
2027.0,2026-07-02T16:34:03.001,1,82.303,160.781,6.621,-0.5,0.0,GOING_TO_ENDPOINT,dump_zone_2,load_zone_1,0.00025,0.00067
2027.0,2026-07-02T16:34:03.001,2,602.5,-19.73,28.603,0.4979,0.0,GOING_TO_ENDPOINT,dump_zone_3,load_zone_26,0.000314,0.000842
2027.0,2026-07-02T16:34:03.001,3,140.816,202.5,13.073,-0.5,1000.0,RETURNING_TO_START,load_zone_1,dump_zone_1,0.00025,0.00067
2028.0,2026-07-02T16:34:07.769,1,82.594,159.244,4.821,-0.5,0.0,GOING_TO_ENDPOINT,dump_zone_2,load_zone_1,0.00025,0.00067
2028.0,2026-07-02T16:34:07.769,2,602.5,-27.782,28.878,-0.3324,0.0,GOING_TO_ENDPOINT,dump_zone_3,load_zone_26,0.00025,0.00067
2028.0,2026-07-02T16:34:07.769,3,144.177,202.5,11.273,-0.5,1000.0,RETURNING_TO_START,load_zone_1,dump_zone_1,0.00025,0.00067
2029.0,2026-07-02T16:34:11.813,1,83.085,158.299,3.021,-0.5,0.0,LOADING,dump_zone_2,load_zone_1,0.00025,0.00067
2029.0,2026-07-02T16:34:11.813,2,602.5,-35.56,27.479,-0.0833,0.0,GOING_TO_ENDPOINT,dump_zone_3,load_zone_26,0.00026,0.000697
2029.0,2026-07-02T16:34:11.813,3,147.038,202.507,9.498,-0.4167,1000.0,RETURNING_TO_START,load_zone_1,dump_zone_1,0.00025,0.00067
2030.0,2026-07-02T16:34:16.727,1,83.442,157.857,1.221,-0.5,0.0,LOADING,dump_zone_2,load_zone_1,0.00025,0.00067
2030.0,2026-07-02T16:34:16.727,2,602.5,-43.259,28.029,0.104,0.0,GOING_TO_ENDPOINT,dump_zone_3,load_zone_26,0.000277,0.000742
2030.0,2026-07-02T16:34:16.727,3,149.415,203.125,8.898,0.25,1000.0,RETURNING_TO_START,load_zone_1,dump_zone_1,0.000271,0.000726
2031.0,2026-07-02T16:34:20.531,1,83.512,157.783,0.0,-0.5,0.0,LOADING,dump_zone_2,load_zone_1,0.00025,0.00067
2031.0,2026-07-02T16:34:20.531,2,602.5,-51.127,28.468,0.0367,0.0,GOING_TO_ENDPOINT,dump_zone_3,load_zone_26,0.000271,0.000726
2031.0,2026-07-02T16:34:20.531,3,151.135,205.275,11.598,1.0,1000.0,RETURNING_TO_START,load_zone_1,dump_zone_1,0.000325,0.000871
2032.0,2026-07-02T16:34:24.706,1,83.757,157.559,7.2,0.0,1000.0,TURNING_AROUND,load_zone_1,dump_zone_2,0.000258,0.000691
2032.0,2026-07-02T16:34:24.706,2,602.5,-59.057,28.352,-0.1785,0.0,GOING_TO_ENDPOINT,dump_zone_3,load_zone_26,0.000252,0.000675
2032.0,2026-07-02T16:34:24.706,3,150.616,208.882,15.198,1.0,1000.0,RETURNING_TO_START,load_zone_1,dump_zone_1,0.000348,0.000933
2033.0,2026-07-02T16:34:27.494,1,85.541,156.699,7.2,0.0,1000.0,TURNING_AROUND,load_zone_1,dump_zone_2,0.000258,0.000691
2033.0,2026-07-02T16:34:27.494,2,602.5,-66.75,26.909,-0.5,0.0,GOING_TO_ENDPOINT,dump_zone_3,load_zone_26,0.00025,0.00067
2033.0,2026-07-02T16:34:27.494,3,148.346,213.059,18.773,0.9167,1000.0,RETURNING_TO_START,load_zone_1,dump_zone_1,0.000363,0.000973
2034.0,2026-07-02T16:34:30.142,1,85.501,156.522,5.4,0.0,1000.0,TURNING_AROUND,load_zone_1,dump_zone_2,0.000256,0.000686
2034.0,2026-07-02T16:34:30.142,2,602.5,-73.954,25.109,-0.5,0.0,GOING_TO_ENDPOINT,dump_zone_3,load_zone_26,0.00025,0.00067
2034.0,2026-07-02T16:34:30.142,3,147.488,218.465,20.123,-0.0833,1000.0,RETURNING_TO_START,load_zone_1,dump_zone_1,0.000262,0.000702
2035.0,2026-07-02T16:34:31.332,1,85.908,156.925,7.2,0.0,1000.0,TURNING_AROUND,load_zone_1,dump_zone_2,0.000258,0.000691
2035.0,2026-07-02T16:34:31.332,2,602.5,-80.658,23.309,-0.5,0.0,GOING_TO_ENDPOINT,dump_zone_3,load_zone_26,0.00025,0.00067
2035.0,2026-07-02T16:34:31.332,3,147.478,223.847,18.573,-0.5,1000.0,RETURNING_TO_START,load_zone_1,dump_zone_1,0.00025,0.00067
2036.0,2026-07-02T16:34:32.248,1,87.097,158.507,7.2,0.0,1000.0,TURNING_AROUND,load_zone_1,dump_zone_2,0.000258,0.000691
2036.0,2026-07-02T16:34:32.248,2,602.5,-86.862,21.509,-0.5,0.0,GOING_TO_ENDPOINT,dump_zone_3,load_zone_26,0.00025,0.00067
2036.0,2026-07-02T16:34:32.248,3,147.5,228.735,16.773,-0.5,1000.0,RETURNING_TO_START,load_zone_1,dump_zone_1,0.00025,0.00067
2037.0,2026-07-02T16:34:33.339,1,86.899,157.915,0.0,-0.0,1000.0,RETURNING_TO_START,load_zone_1,dump_zone_2,0.00025,0.00067
2037.0,2026-07-02T16:34:33.339,2,602.5,-92.566,19.709,-0.5,0.0,GOING_TO_ENDPOINT,dump_zone_3,load_zone_26,0.00025,0.00067
2037.0,2026-07-02T16:34:33.339,3,147.501,233.127,14.992,-0.5,1000.0,RETURNING_TO_START,load_zone_1,dump_zone_1,0.00025,0.00067
2038.0,2026-07-02T16:34:34.758,1,86.893,158.125,1.95,1.0,1000.0,RETURNING_TO_START,load_zone_1,dump_zone_2,0.000263,0.000705
2038.0,2026-07-02T16:34:34.758,2,602.49,-97.77,17.909,-0.5,0.0,GOING_TO_ENDPOINT,dump_zone_3,load_zone_26,0.00025,0.00067
2038.0,2026-07-02T16:34:34.758,3,147.5,237.031,13.25,-0.5,1000.0,RETURNING_TO_START,load_zone_1,dump_zone_1,0.00025,0.00067
2039.0,2026-07-02T16:34:36.692,1,86.679,159.184,5.55,1.0,1000.0,RETURNING_TO_START,load_zone_1,dump_zone_2,0.000286,0.000766
2039.0,2026-07-02T16:34:36.692,2,604.599,-101.843,17.759,0.4167,0.0,GOING_TO_ENDPOINT,dump_zone_3,load_zone_26,0.000285,0.000764
2039.0,2026-07-02T16:34:36.692,3,147.5,240.456,11.575,-0.4167,1000.0,RETURNING_TO_START,load_zone_1,dump_zone_1,0.00025,0.00067
2040.0,2026-07-02T16:34:38.811,1,85.507,160.877,9.15,1.0,1000.0,RETURNING_TO_START,load_zone_1,dump_zone_2,0.000309,0.000828
2040.0,2026-07-02T16:34:38.811,2,609.498,-100.958,20.834,1.0,0.0,GOING_TO_ENDPOINT,dump_zone_3,load_zone_26,0.000331,0.000887
2040.0,2026-07-02T16:34:38.811,3,147.5,243.421,9.856,-0.5,1000.0,RETURNING_TO_START,load_zone_1,dump_zone_1,0.00025,0.00067
2041.0,2026-07-02T16:34:41.223,1,82.729,162.175,12.75,1.0,1000.0,RETURNING_TO_START,load_zone_1,dump_zone_2,0.000332,0.00089
2041.0,2026-07-02T16:34:41.223,2,614.781,-97.749,23.309,0.25,0.0,GOING_TO_ENDPOINT,dump_zone_3,load_zone_26,0.000284,0.000761
2041.0,2026-07-02T16:34:41.223,3,147.5,245.897,8.116,-0.4167,1000.0,RETURNING_TO_START,load_zone_1,dump_zone_1,0.00025,0.00067
2042.0,2026-07-02T16:34:43.636,1,79.192,164.131,15.975,0.5833,1000.0,RETURNING_TO_START,load_zone_1,dump_zone_2,0.000317,0.00085
2042.0,2026-07-02T16:34:43.636,2,621.15,-97.397,22.409,-0.5,0.0,GOING_TO_ENDPOINT,dump_zone_3,load_zone_26,0.00025,0.00067
2042.0,2026-07-02T16:34:43.636,3,147.525,248.051,7.466,-0.0833,1000.0,RETURNING_TO_START,load_zone_1,dump_zone_1,0.000255,0.000683
2043.0,2026-07-02T16:34:45.860,1,77.312,168.033,16.125,-0.4167,1000.0,RETURNING_TO_START,load_zone_1,dump_zone_2,0.00025,0.00067
2043.0,2026-07-02T16:34:45.860,2,627.103,-97.503,20.609,-0.5,0.0,GOING_TO_ENDPOINT,dump_zone_3,load_zone_26,0.00025,0.00067
2043.0,2026-07-02T16:34:45.860,3,147.802,250.071,7.416,0.25,1000.0,RETURNING_TO_START,load_zone_1,dump_zone_1,0.000268,0.000718
2044.0,2026-07-02T16:34:48.349,1,79.451,171.58,14.7,-0.0833,1000.0,RETURNING_TO_START,load_zone_1,dump_zone_2,0.000259,0.000694
2044.0,2026-07-02T16:34:48.349,2,632.557,-97.504,18.809,-0.5,0.0,GOING_TO_ENDPOINT,dump_zone_3,load_zone_26,0.00025,0.00067
2044.0,2026-07-02T16:34:48.349,3,148.737,252.068,8.016,-0.25,1000.0,RETURNING_TO_START,load_zone_1,dump_zone_1,0.00025,0.00067
2045.0,2026-07-02T16:34:50.410,1,81.991,174.981,16.35,0.9167,1000.0,RETURNING_TO_START,load_zone_1,dump_zone_2,0.000348,0.000933
2045.0,2026-07-02T16:34:50.410,2,637.511,-97.501,17.009,-0.5,0.0,GOING_TO_ENDPOINT,dump_zone_3,load_zone_26,0.00025,0.00067
2045.0,2026-07-02T16:34:50.410,3,150.094,253.813,8.466,0.5833,1000.0,RETURNING_TO_START,load_zone_1,dump_zone_1,0.000286,0.000766
2046.0,2026-07-02T16:34:53.354,1,84.611,179.225,18.825,0.25,1000.0,RETURNING_TO_START,load_zone_1,dump_zone_2,0.000295,0.000791
2046.0,2026-07-02T16:34:53.354,2,641.964,-97.5,15.209,-0.5,0.0,GOING_TO_ENDPOINT,dump_zone_3,load_zone_26,0.00025,0.00067
2046.0,2026-07-02T16:34:53.354,3,151.968,255.932,11.816,1.0,1000.0,RETURNING_TO_START,load_zone_1,dump_zone_1,0.000326,0.000874
2047.0,2026-07-02T16:34:58.138,1,87.264,183.651,17.925,-0.5,1000.0,RETURNING_TO_START,load_zone_1,dump_zone_2,0.00025,0.00067
2047.0,2026-07-02T16:34:58.138,2,645.918,-97.5,13.409,-0.5,0.0,GOING_TO_ENDPOINT,dump_zone_3,load_zone_26,0.00025,0.00067
2047.0,2026-07-02T16:34:58.138,3,154.566,258.738,15.416,1.0,1000.0,RETURNING_TO_START,load_zone_1,dump_zone_1,0.000349,0.000935
2048.0,2026-07-02T16:35:06.554,1,89.687,187.688,16.125,-0.5,1000.0,RETURNING_TO_START,load_zone_1,dump_zone_2,0.00025,0.00067
2048.0,2026-07-02T16:35:06.554,2,649.366,-97.628,11.609,-0.5,0.0,GOING_TO_ENDPOINT,dump_zone_3,load_zone_26,0.00025,0.00067
2048.0,2026-07-02T16:35:06.554,3,157.841,262.279,18.991,0.9167,1000.0,RETURNING_TO_START,load_zone_1,dump_zone_1,0.000364,0.000976
2049.0,2026-07-02T16:35:10.523,1,91.854,191.295,14.325,-0.5,1000.0,RETURNING_TO_START,load_zone_1,dump_zone_2,0.00025,0.00067
2049.0,2026-07-02T16:35:10.523,2,652.074,-98.742,9.809,-0.5,0.0,GOING_TO_ENDPOINT,dump_zone_3,load_zone_26,0.00025,0.00067
2049.0,2026-07-02T16:35:10.523,3,161.612,266.367,20.341,-0.0833,1000.0,RETURNING_TO_START,load_zone_1,dump_zone_1,0.000262,0.000702
2050.0,2026-07-02T16:35:14.371,1,93.764,194.474,12.525,-0.5,1000.0,RETURNING_TO_START,load_zone_1,dump_zone_2,0.00025,0.00067
2050.0,2026-07-02T16:35:14.371,2,654.071,-100.433,9.659,0.4167,0.0,GOING_TO_ENDPOINT,dump_zone_3,load_zone_26,0.000269,0.000721
2050.0,2026-07-02T16:35:14.371,3,165.355,270.317,18.791,-0.5,1000.0,RETURNING_TO_START,load_zone_1,dump_zone_1,0.00025,0.00067
2051.0,2026-07-02T16:35:17.580,1,95.416,197.224,10.725,-0.5,1000.0,RETURNING_TO_START,load_zone_1,dump_zone_2,0.00025,0.00067
2051.0,2026-07-02T16:35:17.580,2,656.277,-102.609,12.734,1.0,0.0,GOING_TO_ENDPOINT,dump_zone_3,load_zone_26,0.000299,0.000801
2051.0,2026-07-02T16:35:17.580,3,168.88,273.869,17.399,-0.3784,1000.0,RETURNING_TO_START,load_zone_1,dump_zone_1,0.00025,0.00067
2052.0,2026-07-02T16:35:25.091,1,96.82,199.54,8.925,-0.5,1000.0,RETURNING_TO_START,load_zone_1,dump_zone_2,0.00025,0.00067
2052.0,2026-07-02T16:35:25.091,2,659.124,-105.531,16.334,1.0,0.0,GOING_TO_ENDPOINT,dump_zone_3,load_zone_26,0.000313,0.000839
2052.0,2026-07-02T16:35:25.091,3,172.212,277.027,15.708,-0.5,1000.0,RETURNING_TO_START,load_zone_1,dump_zone_1,0.00025,0.00067
2053.0,2026-07-02T16:35:31.462,1,98.287,201.265,7.801,-0.1664,1000.0,RETURNING_TO_START,load_zone_1,dump_zone_2,0.000251,0.000673
2053.0,2026-07-02T16:35:31.462,2,662.687,-109.15,19.934,1.0,0.0,GOING_TO_ENDPOINT,dump_zone_3,load_zone_26,0.000327,0.000876
2053.0,2026-07-02T16:35:31.462,3,175.333,279.69,14.015,-0.5,1000.0,RETURNING_TO_START,load_zone_1,dump_zone_1,0.00025,0.00067
2054.0,2026-07-02T16:35:35.936,1,100.244,202.215,7.752,-0.333,1000.0,RETURNING_TO_START,load_zone_1,dump_zone_2,0.00025,0.00067
2054.0,2026-07-02T16:35:35.936,2,666.983,-113.45,23.534,1.0,0.0,GOING_TO_ENDPOINT,dump_zone_3,load_zone_26,0.000341,0.000914
2054.0,2026-07-02T16:35:35.936,3,178.364,281.835,12.976,-0.0923,1000.0,RETURNING_TO_START,load_zone_1,dump_zone_1,0.000257,0.000689
2055.0,2026-07-02T16:35:40.402,1,102.14,202.522,6.514,-0.0064,1000.0,RETURNING_TO_START,load_zone_1,dump_zone_2,0.000257,0.000689
2055.0,2026-07-02T16:35:40.402,2,671.99,-118.454,27.109,0.9167,0.0,GOING_TO_ENDPOINT,dump_zone_3,load_zone_26,0.000348,0.000933
2055.0,2026-07-02T16:35:40.402,3,181.566,283.43,12.535,-0.2452,1000.0,RETURNING_TO_START,load_zone_1,dump_zone_1,0.00025,0.00067
2056.0,2026-07-02T16:35:45.130,1,104.154,202.607,8.441,0.9936,1000.0,RETURNING_TO_START,load_zone_1,dump_zone_2,0.000304,0.000815
2056.0,2026-07-02T16:35:45.130,2,677.516,-123.981,28.459,-0.0833,0.0,GOING_TO_ENDPOINT,dump_zone_3,load_zone_26,0.00026,0.000697
2056.0,2026-07-02T16:35:45.130,3,184.71,284.34,11.0,-0.5,1000.0,RETURNING_TO_START,load_zone_1,dump_zone_1,0.00025,0.00067
2057.0,2026-07-02T16:35:47.292,1,107.041,202.581,12.041,1.0,1000.0,RETURNING_TO_START,load_zone_1,dump_zone_2,0.000328,0.000879
2057.0,2026-07-02T16:35:47.292,2,682.96,-129.424,26.909,-0.5,0.0,GOING_TO_ENDPOINT,dump_zone_3,load_zone_26,0.00025,0.00067
2057.0,2026-07-02T16:35:47.292,3,187.475,284.472,9.2,-0.5,1000.0,RETURNING_TO_START,load_zone_1,dump_zone_1,0.00025,0.00067
2058.0,2026-07-02T16:35:49.406,1,110.927,202.528,15.641,1.0,1000.0,RETURNING_TO_START,load_zone_1,dump_zone_2,0.000351,0.000941
2058.0,2026-07-02T16:35:49.406,2,688.054,-134.518,25.109,-0.5,0.0,GOING_TO_ENDPOINT,dump_zone_3,load_zone_26,0.00025,0.00067
2058.0,2026-07-02T16:35:49.406,3,189.668,283.852,7.4,-0.5,1000.0,RETURNING_TO_START,load_zone_1,dump_zone_1,0.00025,0.00067
2059.0,2026-07-02T16:35:52.624,1,115.807,202.502,19.091,0.75,1000.0,RETURNING_TO_START,load_zone_1,dump_zone_2,0.000347,0.00093
2059.0,2026-07-02T16:35:52.624,2,692.794,-139.259,23.309,-0.5,0.0,GOING_TO_ENDPOINT,dump_zone_3,load_zone_26,0.00025,0.00067
2059.0,2026-07-02T16:35:52.624,3,191.301,283.065,5.768,-0.5,1000.0,RETURNING_TO_START,load_zone_1,dump_zone_1,0.00025,0.00067
2060.0,2026-07-02T16:35:58.184,1,121.305,202.5,19.841,-0.25,1000.0,RETURNING_TO_START,load_zone_1,dump_zone_2,0.00025,0.00067
2060.0,2026-07-02T16:35:58.184,2,697.182,-143.645,21.509,-0.5,0.0,GOING_TO_ENDPOINT,dump_zone_3,load_zone_26,0.00025,0.00067
2060.0,2026-07-02T16:35:58.184,3,192.562,282.531,4.517,-0.0552,1000.0,RETURNING_TO_START,load_zone_1,dump_zone_1,0.000253,0.000678
2061.0,2026-07-02T16:36:01.296,1,126.566,202.5,18.116,-0.5,1000.0,RETURNING_TO_START,load_zone_1,dump_zone_2,0.00025,0.00067
2061.0,2026-07-02T16:36:01.296,2,701.136,-147.75,19.709,-0.5,0.0,GOING_TO_ENDPOINT,dump_zone_3,load_zone_26,0.00025,0.00067
2061.0,2026-07-02T16:36:01.296,3,193.824,282.085,4.868,-0.2219,1000.0,RETURNING_TO_START,load_zone_1,dump_zone_1,0.00025,0.00067
2062.0,2026-07-02T16:36:04.632,1,131.327,202.5,16.316,-0.5,1000.0,RETURNING_TO_START,load_zone_1,dump_zone_2,0.00025,0.00067
2062.0,2026-07-02T16:36:04.632,2,703.309,-152.348,17.934,-0.4167,0.0,GOING_TO_ENDPOINT,dump_zone_3,load_zone_26,0.00025,0.00067
2062.0,2026-07-02T16:36:04.632,3,194.98,281.721,4.369,0.2781,1000.0,RETURNING_TO_START,load_zone_1,dump_zone_1,0.000261,0.000699
2063.0,2026-07-02T16:36:07.554,1,135.589,202.5,14.516,-0.5,1000.0,RETURNING_TO_START,load_zone_1,dump_zone_2,0.00025,0.00067
2063.0,2026-07-02T16:36:07.554,2,702.649,-157.268,18.359,0.4991,0.0,GOING_TO_ENDPOINT,dump_zone_3,load_zone_26,0.000291,0.00078
2063.0,2026-07-02T16:36:07.554,3,196.196,281.36,4.465,-0.276,1000.0,RETURNING_TO_START,load_zone_1,dump_zone_1,0.00025,0.00067
2064.0,2026-07-02T16:36:10.436,1,139.35,202.5,12.716,-0.5,1000.0,RETURNING_TO_START,load_zone_1,dump_zone_2,0.00025,0.00067
2064.0,2026-07-02T16:36:10.436,2,702.493,-162.468,18.505,-0.4176,0.0,GOING_TO_ENDPOINT,dump_zone_3,load_zone_26,0.00025,0.00067
2064.0,2026-07-02T16:36:10.436,3,197.372,281.079,4.772,0.3907,1000.0,RETURNING_TO_START,load_zone_1,dump_zone_1,0.000265,0.00071
2065.0,2026-07-02T16:36:13.126,1,142.611,202.5,10.916,-0.5,1000.0,RETURNING_TO_START,load_zone_1,dump_zone_2,0.00025,0.00067
2065.0,2026-07-02T16:36:13.126,2,702.496,-167.348,16.773,-0.5,0.0,GOING_TO_ENDPOINT,dump_zone_3,load_zone_26,0.00025,0.00067
2065.0,2026-07-02T16:36:13.126,3,198.693,280.993,4.269,-0.5,1000.0,RETURNING_TO_START,load_zone_1,dump_zone_1,0.00025,0.00067
2066.0,2026-07-02T16:36:16.305,1,145.373,202.5,9.116,-0.5,1000.0,RETURNING_TO_START,load_zone_1,dump_zone_2,0.00025,0.00067
2066.0,2026-07-02T16:36:16.305,2,702.5,-171.786,15.32,-0.5,0.0,GOING_TO_ENDPOINT,dump_zone_3,load_zone_26,0.00025,0.00067
2066.0,2026-07-02T16:36:16.305,3,199.635,281.185,3.169,0.0833,1000.0,RETURNING_TO_START,load_zone_1,dump_zone_1,0.000255,0.000683
2067.0,2026-07-02T16:36:18.942,1,147.634,202.506,7.341,-0.4167,1000.0,RETURNING_TO_START,load_zone_1,dump_zone_2,0.00025,0.00067
2067.0,2026-07-02T16:36:18.942,2,702.5,-175.789,13.62,-0.5,0.0,GOING_TO_ENDPOINT,dump_zone_3,load_zone_26,0.00025,0.00067
2067.0,2026-07-02T16:36:18.942,3,200.646,281.693,5.394,1.0,1000.0,RETURNING_TO_START,load_zone_1,dump_zone_1,0.000285,0.000764
2068.0,2026-07-02T16:36:21.065,1,149.545,203.107,7.791,0.5833,1000.0,RETURNING_TO_START,load_zone_1,dump_zone_2,0.000283,0.000758
2068.0,2026-07-02T16:36:21.065,2,702.5,-179.323,11.947,-0.5,0.0,GOING_TO_ENDPOINT,dump_zone_3,load_zone_26,0.00025,0.00067
2068.0,2026-07-02T16:36:21.065,3,201.944,283.237,8.994,1.0,1000.0,RETURNING_TO_START,load_zone_1,dump_zone_1,0.000308,0.000825
2069.0,2026-07-02T16:36:23.234,1,151.168,205.129,11.141,1.0,1000.0,RETURNING_TO_START,load_zone_1,dump_zone_2,0.000322,0.000863
2069.0,2026-07-02T16:36:23.234,2,702.5,-182.376,10.253,-0.3954,0.0,GOING_TO_ENDPOINT,dump_zone_3,load_zone_26,0.00025,0.00067
2069.0,2026-07-02T16:36:23.234,3,202.102,286.199,12.594,1.0,1000.0,RETURNING_TO_START,load_zone_1,dump_zone_1,0.000331,0.000887
2070.0,2026-07-02T16:36:25.599,1,150.8,208.639,14.741,1.0,1000.0,RETURNING_TO_START,load_zone_1,dump_zone_2,0.000345,0.000925
2070.0,2026-07-02T16:36:25.599,2,702.5,-184.99,8.827,-0.3021,0.0,GOING_TO_ENDPOINT,dump_zone_3,load_zone_26,0.00025,0.00067
2070.0,2026-07-02T16:36:25.599,3,199.24,288.841,16.194,1.0,1000.0,RETURNING_TO_START,load_zone_1,dump_zone_1,0.000354,0.000949
2071.0,2026-07-02T16:36:28.710,1,148.512,212.667,18.341,1.0,1000.0,RETURNING_TO_START,load_zone_1,dump_zone_2,0.000368,0.000986
2071.0,2026-07-02T16:36:28.710,2,702.5,-187.201,7.171,-0.5,0.0,GOING_TO_ENDPOINT,dump_zone_3,load_zone_26,0.00025,0.00067
2071.0,2026-07-02T16:36:28.710,3,195.023,291.52,19.769,0.9167,1000.0,RETURNING_TO_START,load_zone_1,dump_zone_1,0.000369,0.000989
2072.0,2026-07-02T16:36:31.292,1,147.47,218.075,20.816,0.25,1000.0,RETURNING_TO_START,load_zone_1,dump_zone_2,0.0003,0.000804
2072.0,2026-07-02T16:36:31.292,2,702.498,-188.922,5.371,-0.5,0.0,GOING_TO_ENDPOINT,dump_zone_3,load_zone_26,0.00025,0.00067
2072.0,2026-07-02T16:36:31.292,3,192.235,296.537,21.119,-0.0833,1000.0,RETURNING_TO_START,load_zone_1,dump_zone_1,0.000263,0.000705
2073.0,2026-07-02T16:36:32.908,1,147.483,223.787,19.916,-0.5,1000.0,RETURNING_TO_START,load_zone_1,dump_zone_2,0.00025,0.00067
2073.0,2026-07-02T16:36:32.908,2,702.504,-190.142,3.571,-0.5,0.0,GOING_TO_ENDPOINT,dump_zone_3,load_zone_26,0.00025,0.00067
2073.0,2026-07-02T16:36:32.908,3,190.499,301.923,19.569,-0.5,1000.0,RETURNING_TO_START,load_zone_1,dump_zone_1,0.00025,0.00067
2074.0,2026-07-02T16:36:34.428,1,147.501,229.048,18.116,-0.5,1000.0,RETURNING_TO_START,load_zone_1,dump_zone_2,0.00025,0.00067
2074.0,2026-07-02T16:36:34.428,2,702.656,-190.846,1.771,-0.5,0.0,LOADING,dump_zone_3,load_zone_26,0.00025,0.00067
2074.0,2026-07-02T16:36:34.428,3,188.716,306.769,17.769,-0.5,1000.0,RETURNING_TO_START,load_zone_1,dump_zone_1,0.00025,0.00067
2075.0,2026-07-02T16:36:35.917,1,147.5,233.81,16.316,-0.5,1000.0,RETURNING_TO_START,load_zone_1,dump_zone_2,0.00025,0.00067
2075.0,2026-07-02T16:36:35.917,2,702.727,-191.056,0.0,-0.5,0.0,LOADING,dump_zone_3,load_zone_26,0.00025,0.00067
2075.0,2026-07-02T16:36:35.917,3,186.501,310.86,15.969,-0.5,1000.0,RETURNING_TO_START,load_zone_1,dump_zone_1,0.00025,0.00067
2076.0,2026-07-02T16:36:37.682,1,147.5,238.071,14.516,-0.5,1000.0,RETURNING_TO_START,load_zone_1,dump_zone_2,0.00025,0.00067
2076.0,2026-07-02T16:36:37.682,2,702.727,-191.056,0.0,-0.5,0.0,LOADING,dump_zone_3,load_zone_26,0.00025,0.00067
2076.0,2026-07-02T16:36:37.682,3,183.281,313.457,14.169,-0.5,1000.0,RETURNING_TO_START,load_zone_1,dump_zone_1,0.00025,0.00067
2077.0,2026-07-02T16:36:39.105,1,147.5,241.832,12.716,-0.5,1000.0,RETURNING_TO_START,load_zone_1,dump_zone_2,0.00025,0.00067
2077.0,2026-07-02T16:36:39.105,2,703.754,-192.555,7.2,0.0,1000.0,TURNING_AROUND,load_zone_26,dump_zone_3,0.000258,0.000691
2077.0,2026-07-02T16:36:39.105,3,180.257,315.516,12.369,-0.5,1000.0,RETURNING_TO_START,load_zone_1,dump_zone_1,0.00025,0.00067
2078.0,2026-07-02T16:36:40.772,1,147.5,245.093,10.916,-0.5,1000.0,RETURNING_TO_START,load_zone_1,dump_zone_2,0.00025,0.00067
2078.0,2026-07-02T16:36:40.772,2,704.399,-193.105,5.4,0.0,1000.0,TURNING_AROUND,load_zone_26,dump_zone_3,0.000256,0.000686
2078.0,2026-07-02T16:36:40.772,3,178.308,317.994,10.698,-0.3973,1000.0,RETURNING_TO_START,load_zone_1,dump_zone_1,0.00025,0.00067
2079.0,2026-07-02T16:36:42.534,1,147.508,247.855,9.116,-0.5,1000.0,RETURNING_TO_START,load_zone_1,dump_zone_2,0.00025,0.00067
2079.0,2026-07-02T16:36:42.534,2,704.079,-192.909,7.2,0.0,1000.0,TURNING_AROUND,load_zone_26,dump_zone_3,0.000258,0.000691
2079.0,2026-07-02T16:36:42.534,3,177.316,320.687,10.618,0.4361,1000.0,RETURNING_TO_START,load_zone_1,dump_zone_1,0.000286,0.000766
2080.0,2026-07-02T16:36:44.554,1,147.789,250.112,7.691,-0.0833,1000.0,RETURNING_TO_START,load_zone_1,dump_zone_2,0.000255,0.000683
2080.0,2026-07-02T16:36:44.554,2,705.914,-192.167,7.2,0.0,1000.0,TURNING_AROUND,load_zone_26,dump_zone_3,0.000258,0.000691
2080.0,2026-07-02T16:36:44.554,3,176.85,323.989,13.426,0.9167,1000.0,RETURNING_TO_START,load_zone_1,dump_zone_1,0.000331,0.000887
2081.0,2026-07-02T16:36:46.148,1,148.744,252.069,7.755,-0.3273,1000.0,RETURNING_TO_START,load_zone_1,dump_zone_2,0.00025,0.00067
2081.0,2026-07-02T16:36:46.148,2,705.596,-192.721,5.4,0.0,1000.0,TURNING_AROUND,load_zone_26,dump_zone_3,0.000256,0.000686
2081.0,2026-07-02T16:36:46.148,3,176.778,328.002,14.776,-0.0833,1000.0,RETURNING_TO_START,load_zone_1,dump_zone_1,0.000259,0.000694
2082.0,2026-07-02T16:36:47.626,1,149.966,253.656,7.077,0.1727,1000.0,RETURNING_TO_START,load_zone_1,dump_zone_2,0.000264,0.000708
2082.0,2026-07-02T16:36:47.626,2,705.691,-192.266,0.0,-0.25,1000.0,RETURNING_TO_START,load_zone_26,dump_zone_3,0.00025,0.00067
2082.0,2026-07-02T16:36:47.626,3,176.941,331.896,13.226,-0.5,1000.0,RETURNING_TO_START,load_zone_1,dump_zone_1,0.00025,0.00067
2083.0,2026-07-02T16:36:49.025,1,151.457,255.364,9.568,1.0,1000.0,RETURNING_TO_START,load_zone_1,dump_zone_2,0.000312,0.000836
2083.0,2026-07-02T16:36:49.025,2,705.69,-192.17,1.125,0.75,1000.0,RETURNING_TO_START,load_zone_26,dump_zone_3,0.000256,0.000686
2083.0,2026-07-02T16:36:49.025,3,177.181,335.29,11.426,-0.5,1000.0,RETURNING_TO_START,load_zone_1,dump_zone_1,0.00025,0.00067
2084.0,2026-07-02T16:36:50.495,1,153.628,257.714,13.168,1.0,1000.0,RETURNING_TO_START,load_zone_1,dump_zone_2,0.000335,0.000898
2084.0,2026-07-02T16:36:50.495,2,705.579,-191.346,4.65,1.0,1000.0,RETURNING_TO_START,load_zone_26,dump_zone_3,0.00028,0.00075
2084.0,2026-07-02T16:36:50.495,3,177.395,338.185,9.626,-0.5,1000.0,RETURNING_TO_START,load_zone_1,dump_zone_1,0.00025,0.00067
2085.0,2026-07-02T16:36:52.396,1,156.483,260.793,16.768,1.0,1000.0,RETURNING_TO_START,load_zone_1,dump_zone_2,0.000358,0.000959
2085.0,2026-07-02T16:36:52.396,2,704.754,-189.724,8.25,1.0,1000.0,RETURNING_TO_START,load_zone_26,dump_zone_3,0.000303,0.000812
2085.0,2026-07-02T16:36:52.396,3,177.701,340.561,7.826,-0.5,1000.0,RETURNING_TO_START,load_zone_1,dump_zone_1,0.00025,0.00067
2086.0,2026-07-02T16:36:54.365,1,159.982,264.605,20.073,0.7332,1000.0,RETURNING_TO_START,load_zone_1,dump_zone_2,0.000351,0.000941
2086.0,2026-07-02T16:36:54.365,2,702.72,-187.762,11.85,1.0,1000.0,RETURNING_TO_START,load_zone_26,dump_zone_3,0.000326,0.000874
2086.0,2026-07-02T16:36:54.365,3,178.605,342.216,6.026,-0.5,1000.0,RETURNING_TO_START,load_zone_1,dump_zone_1,0.00025,0.00067
2087.0,2026-07-02T16:36:56.487,1,163.917,268.815,20.762,-0.2668,1000.0,RETURNING_TO_START,load_zone_1,dump_zone_2,0.00025,0.00067
2087.0,2026-07-02T16:36:56.487,2,700.091,-184.976,15.45,1.0,1000.0,RETURNING_TO_START,load_zone_26,dump_zone_3,0.00035,0.000938
2087.0,2026-07-02T16:36:56.487,3,179.705,343.075,4.226,-0.5,1000.0,RETURNING_TO_START,load_zone_1,dump_zone_1,0.00025,0.00067
2088.0,2026-07-02T16:36:58.237,1,167.761,272.767,19.027,-0.5,1000.0,RETURNING_TO_START,load_zone_1,dump_zone_2,0.00025,0.00067
2088.0,2026-07-02T16:36:58.237,2,697.876,-180.739,18.675,0.5833,1000.0,RETURNING_TO_START,load_zone_26,dump_zone_3,0.000328,0.000879
2088.0,2026-07-02T16:36:58.237,3,180.542,343.41,2.426,-0.5,1000.0,UNLOADING,load_zone_1,dump_zone_1,0.00025,0.00067
2089.0,2026-07-02T16:37:00.928,1,171.368,276.25,17.227,-0.5,1000.0,RETURNING_TO_START,load_zone_1,dump_zone_2,0.00025,0.00067
2089.0,2026-07-02T16:37:00.928,2,697.434,-175.482,18.825,-0.4167,1000.0,RETURNING_TO_START,load_zone_26,dump_zone_3,0.00025,0.00067
2089.0,2026-07-02T16:37:00.928,3,180.925,343.537,0.626,-0.5,1000.0,UNLOADING,load_zone_1,dump_zone_1,0.00025,0.00067
2090.0,2026-07-02T16:37:03.556,1,174.76,279.229,15.427,-0.5,1000.0,RETURNING_TO_START,load_zone_1,dump_zone_2,0.00025,0.00067
2090.0,2026-07-02T16:37:03.556,2,697.488,-170.524,17.025,-0.5,1000.0,RETURNING_TO_START,load_zone_26,dump_zone_3,0.00025,0.00067
2090.0,2026-07-02T16:37:03.556,3,180.947,343.544,0.0,-0.5,1000.0,UNLOADING,load_zone_1,dump_zone_1,0.00025,0.00067
2091.0,2026-07-02T16:37:05.481,1,178.017,281.619,13.821,-0.4271,1000.0,RETURNING_TO_START,load_zone_1,dump_zone_2,0.00025,0.00067
2091.0,2026-07-02T16:37:05.481,2,697.501,-166.061,15.325,-0.4167,1000.0,RETURNING_TO_START,load_zone_26,dump_zone_3,0.00025,0.00067
2091.0,2026-07-02T16:37:05.481,3,181.925,343.74,7.2,0.0,0.0,TURNING_AROUND,dump_zone_1,load_zone_1,0.000255,0.000683
2092.0,2026-07-02T16:37:07.153,1,181.195,283.292,12.221,-0.4167,1000.0,RETURNING_TO_START,load_zone_1,dump_zone_2,0.00025,0.00067
2092.0,2026-07-02T16:37:07.153,2,697.501,-162.073,13.533,-0.5,1000.0,RETURNING_TO_START,load_zone_26,dump_zone_3,0.00025,0.00067
2092.0,2026-07-02T16:37:07.153,3,183.873,343.391,7.2,0.0,0.0,TURNING_AROUND,dump_zone_1,load_zone_1,0.000255,0.000683
2093.0,2026-07-02T16:37:08.907,1,184.334,284.258,12.071,0.4167,1000.0,RETURNING_TO_START,load_zone_1,dump_zone_2,0.00029,0.000777
2093.0,2026-07-02T16:37:08.907,2,697.5,-158.585,11.733,-0.5,1000.0,RETURNING_TO_START,load_zone_26,dump_zone_3,0.00025,0.00067
2093.0,2026-07-02T16:37:08.907,3,182.922,344.131,5.4,0.0,0.0,TURNING_AROUND,dump_zone_1,load_zone_1,0.000253,0.000678
2094.0,2026-07-02T16:37:10.861,1,187.963,284.644,13.921,0.25,1000.0,RETURNING_TO_START,load_zone_1,dump_zone_2,0.000283,0.000758
2094.0,2026-07-02T16:37:10.861,2,697.5,-155.597,9.933,-0.5,1000.0,RETURNING_TO_START,load_zone_26,dump_zone_3,0.00025,0.00067
2094.0,2026-07-02T16:37:10.861,3,183.704,342.626,7.2,0.0,0.0,TURNING_AROUND,dump_zone_1,load_zone_1,0.000255,0.000683
2095.0,2026-07-02T16:37:12.986,1,191.748,284.39,13.021,-0.5,1000.0,RETURNING_TO_START,load_zone_1,dump_zone_2,0.00025,0.00067
2095.0,2026-07-02T16:37:12.986,2,697.503,-153.108,8.133,-0.5,1000.0,RETURNING_TO_START,load_zone_26,dump_zone_3,0.00025,0.00067
2095.0,2026-07-02T16:37:12.986,3,183.779,342.295,0.15,0.25,0.0,GOING_TO_ENDPOINT,dump_zone_1,load_zone_1,0.00025,0.00067
2096.0,2026-07-02T16:37:15.378,1,195.027,283.73,11.221,-0.5,1000.0,RETURNING_TO_START,load_zone_1,dump_zone_2,0.00025,0.00067
2096.0,2026-07-02T16:37:15.378,2,697.408,-151.125,6.358,-0.4167,1000.0,RETURNING_TO_START,load_zone_26,dump_zone_3,0.00025,0.00067
2096.0,2026-07-02T16:37:15.378,3,183.768,341.913,2.85,1.0,0.0,GOING_TO_ENDPOINT,dump_zone_1,load_zone_1,0.000261,0.000699
2097.0,2026-07-02T16:37:17.514,1,197.78,283.007,9.421,-0.5,1000.0,RETURNING_TO_START,load_zone_1,dump_zone_2,0.00025,0.00067
2097.0,2026-07-02T16:37:17.514,2,696.7,-149.539,6.808,0.5833,1000.0,RETURNING_TO_START,load_zone_26,dump_zone_3,0.000279,0.000748
2097.0,2026-07-02T16:37:17.514,3,183.616,340.589,6.45,1.0,0.0,GOING_TO_ENDPOINT,dump_zone_1,load_zone_1,0.000275,0.000737
2098.0,2026-07-02T16:37:18.889,1,200.186,282.808,8.746,0.25,1000.0,RETURNING_TO_START,load_zone_1,dump_zone_2,0.000271,0.000726
2098.0,2026-07-02T16:37:18.889,2,695.053,-147.841,10.158,1.0,1000.0,RETURNING_TO_START,load_zone_26,dump_zone_3,0.000315,0.000844
2098.0,2026-07-02T16:37:18.889,3,183.151,338.303,10.05,1.0,0.0,GOING_TO_ENDPOINT,dump_zone_1,load_zone_1,0.000289,0.000775
2099.0,2026-07-02T16:37:20.943,1,202.495,284.234,11.446,1.0,1000.0,RETURNING_TO_START,load_zone_1,dump_zone_2,0.000324,0.000868
2099.0,2026-07-02T16:37:20.943,2,692.505,-145.645,13.758,1.0,1000.0,RETURNING_TO_START,load_zone_26,dump_zone_3,0.000339,0.000909
2099.0,2026-07-02T16:37:20.943,3,182.421,335.052,13.625,0.9167,0.0,GOING_TO_ENDPOINT,dump_zone_1,load_zone_1,0.000299,0.000801
2100.0,2026-07-02T16:37:22.852,1,203.193,287.752,15.046,1.0,1000.0,RETURNING_TO_START,load_zone_1,dump_zone_2,0.000347,0.00093
2100.0,2026-07-02T16:37:22.852,2,689.276,-142.711,17.358,1.0,1000.0,RETURNING_TO_START,load_zone_26,dump_zone_3,0.000362,0.00097
2100.0,2026-07-02T16:37:22.852,3,181.91,331.016,14.975,-0.0833,0.0,GOING_TO_ENDPOINT,dump_zone_1,load_zone_1,0.000255,0.000683
2101.0,2026-07-02T16:37:25.484,1,201.921,292.272,18.57,0.9567,1000.0,RETURNING_TO_START,load_zone_1,dump_zone_2,0.000365,0.000978
2101.0,2026-07-02T16:37:25.484,2,685.439,-138.972,20.808,0.75,1000.0,RETURNING_TO_START,load_zone_26,dump_zone_3,0.000356,0.000954
2101.0,2026-07-02T16:37:25.484,3,181.76,327.067,13.425,-0.5,0.0,GOING_TO_ENDPOINT,dump_zone_1,load_zone_1,0.00025,0.00067
2102.0,2026-07-02T16:37:28.404,1,202.804,297.711,20.52,0.0833,1000.0,RETURNING_TO_START,load_zone_1,dump_zone_2,0.000281,0.000753
2102.0,2026-07-02T16:37:28.404,2,681.098,-134.634,23.325,0.8075,1000.0,RETURNING_TO_START,load_zone_26,dump_zone_3,0.000376,0.001008
2102.0,2026-07-02T16:37:28.404,3,181.905,323.613,11.625,-0.5,0.0,GOING_TO_ENDPOINT,dump_zone_1,load_zone_1,0.00025,0.00067
2103.0,2026-07-02T16:37:30.638,1,204.526,302.991,19.245,-0.5,1000.0,RETURNING_TO_START,load_zone_1,dump_zone_2,0.00025,0.00067
2103.0,2026-07-02T16:37:30.638,2,676.325,-129.86,24.582,-0.1092,1000.0,RETURNING_TO_START,load_zone_26,dump_zone_3,0.000262,0.000702
2103.0,2026-07-02T16:37:30.638,3,182.515,320.727,9.825,-0.5,0.0,GOING_TO_ENDPOINT,dump_zone_1,load_zone_1,0.00025,0.00067
2104.0,2026-07-02T16:37:35.028,1,206.3,307.746,17.445,-0.5,1000.0,RETURNING_TO_START,load_zone_1,dump_zone_2,0.00025,0.00067
2104.0,2026-07-02T16:37:35.028,2,671.648,-125.184,23.001,-0.5,1000.0,RETURNING_TO_START,load_zone_26,dump_zone_3,0.00025,0.00067
2104.0,2026-07-02T16:37:35.028,3,183.939,318.752,8.05,-0.4167,0.0,GOING_TO_ENDPOINT,dump_zone_1,load_zone_1,0.00025,0.00067
2105.0,2026-07-02T16:37:39.491,1,208.265,311.873,15.645,-0.5,1000.0,RETURNING_TO_START,load_zone_1,dump_zone_2,0.00025,0.00067
2105.0,2026-07-02T16:37:39.491,2,667.322,-120.857,21.201,-0.5,1000.0,RETURNING_TO_START,load_zone_26,dump_zone_3,0.00025,0.00067
2105.0,2026-07-02T16:37:39.491,3,185.759,317.484,8.5,0.5833,0.0,GOING_TO_ENDPOINT,dump_zone_1,load_zone_1,0.000271,0.000726
2106.0,2026-07-02T16:37:42.309,1,210.75,315.088,13.845,-0.5,1000.0,RETURNING_TO_START,load_zone_1,dump_zone_2,0.00025,0.00067
2106.0,2026-07-02T16:37:42.309,2,663.349,-116.885,19.401,-0.5,1000.0,RETURNING_TO_START,load_zone_26,dump_zone_3,0.00025,0.00067
2106.0,2026-07-02T16:37:42.309,3,188.126,315.929,11.7,0.75,0.0,GOING_TO_ENDPOINT,dump_zone_1,load_zone_1,0.000286,0.000766
2107.0,2026-07-02T16:37:47.191,1,213.56,317.286,12.045,-0.5,1000.0,RETURNING_TO_START,load_zone_1,dump_zone_2,0.00025,0.00067
2107.0,2026-07-02T16:37:47.191,2,659.73,-113.265,17.601,-0.5,1000.0,RETURNING_TO_START,load_zone_26,dump_zone_3,0.00025,0.00067
2107.0,2026-07-02T16:37:47.191,3,190.613,313.556,12.45,-0.25,0.0,GOING_TO_ENDPOINT,dump_zone_1,load_zone_1,0.00025,0.00067
2108.0,2026-07-02T16:37:49.804,1,216.131,318.971,10.245,-0.5,1000.0,RETURNING_TO_START,load_zone_1,dump_zone_2,0.00025,0.00067
2108.0,2026-07-02T16:37:49.804,2,656.464,-110.0,15.801,-0.5,1000.0,RETURNING_TO_START,load_zone_26,dump_zone_3,0.00025,0.00067
2108.0,2026-07-02T16:37:49.804,3,192.442,310.648,12.9,0.5833,0.0,GOING_TO_ENDPOINT,dump_zone_1,load_zone_1,0.000283,0.000758
2109.0,2026-07-02T16:37:52.966,1,217.678,320.993,8.47,-0.4167,1000.0,RETURNING_TO_START,load_zone_1,dump_zone_2,0.00025,0.00067
2109.0,2026-07-02T16:37:52.966,2,653.552,-107.088,14.001,-0.5,1000.0,RETURNING_TO_START,load_zone_26,dump_zone_3,0.00025,0.00067
2109.0,2026-07-02T16:37:52.966,3,194.031,306.934,15.875,0.5833,0.0,GOING_TO_ENDPOINT,dump_zone_1,load_zone_1,0.00029,0.000777
2110.0,2026-07-02T16:37:56.066,1,218.206,323.119,7.868,0.25,1000.0,RETURNING_TO_START,load_zone_1,dump_zone_2,0.000269,0.000721
2110.0,2026-07-02T16:37:56.066,2,650.994,-104.529,12.201,-0.5,1000.0,RETURNING_TO_START,load_zone_26,dump_zone_3,0.00025,0.00067
2110.0,2026-07-02T16:37:56.066,3,195.559,302.686,16.025,-0.4167,0.0,GOING_TO_ENDPOINT,dump_zone_1,load_zone_1,0.00025,0.00067
2111.0,2026-07-02T16:37:58.308,1,218.346,325.639,10.568,1.0,1000.0,RETURNING_TO_START,load_zone_1,dump_zone_2,0.000318,0.000852
2111.0,2026-07-02T16:37:58.308,2,648.702,-102.427,10.426,-0.4167,1000.0,RETURNING_TO_START,load_zone_26,dump_zone_3,0.00025,0.00067
2111.0,2026-07-02T16:37:58.308,3,196.875,298.717,14.225,-0.5,0.0,GOING_TO_ENDPOINT,dump_zone_1,load_zone_1,0.00025,0.00067
2112.0,2026-07-02T16:38:00.273,1,218.227,328.948,12.518,0.0833,1000.0,RETURNING_TO_START,load_zone_1,dump_zone_2,0.000269,0.000721
2112.0,2026-07-02T16:38:00.273,2,645.921,-101.801,10.876,0.5833,1000.0,RETURNING_TO_START,load_zone_26,dump_zone_3,0.000296,0.000793
2112.0,2026-07-02T16:38:00.273,3,197.984,295.208,12.425,-0.5,0.0,GOING_TO_ENDPOINT,dump_zone_1,load_zone_1,0.00025,0.00067
2113.0,2026-07-02T16:38:02.900,1,218.023,332.273,11.243,-0.5,1000.0,RETURNING_TO_START,load_zone_1,dump_zone_2,0.00025,0.00067
2113.0,2026-07-02T16:38:02.900,2,642.43,-101.991,14.226,1.0,1000.0,RETURNING_TO_START,load_zone_26,dump_zone_3,0.000342,0.000917
2113.0,2026-07-02T16:38:02.900,3,199.19,292.278,10.625,-0.5,0.0,GOING_TO_ENDPOINT,dump_zone_1,load_zone_1,0.00025,0.00067
2114.0,2026-07-02T16:38:05.779,1,217.813,335.118,9.443,-0.5,1000.0,RETURNING_TO_START,load_zone_1,dump_zone_2,0.00025,0.00067
2114.0,2026-07-02T16:38:05.779,2,637.952,-102.366,17.826,1.0,1000.0,RETURNING_TO_START,load_zone_26,dump_zone_3,0.000365,0.000978
2114.0,2026-07-02T16:38:05.779,3,200.885,290.204,8.825,-0.5,0.0,GOING_TO_ENDPOINT,dump_zone_1,load_zone_1,0.00025,0.00067
2115.0,2026-07-02T16:38:08.639,1,217.638,337.463,7.643,-0.5,1000.0,RETURNING_TO_START,load_zone_1,dump_zone_2,0.00025,0.00067
2115.0,2026-07-02T16:38:08.639,2,632.627,-102.503,19.776,0.0833,1000.0,RETURNING_TO_START,load_zone_26,dump_zone_3,0.00028,0.00075
2115.0,2026-07-02T16:38:08.639,3,201.994,288.332,7.025,-0.5,0.0,GOING_TO_ENDPOINT,dump_zone_1,load_zone_1,0.00025,0.00067
2116.0,2026-07-02T16:38:11.435,1,217.552,339.313,5.843,-0.5,1000.0,RETURNING_TO_START,load_zone_1,dump_zone_2,0.00025,0.00067
2116.0,2026-07-02T16:38:11.435,2,627.279,-102.503,18.501,-0.5,1000.0,RETURNING_TO_START,load_zone_26,dump_zone_3,0.00025,0.00067
2116.0,2026-07-02T16:38:11.435,3,202.606,286.767,5.25,-0.4167,0.0,GOING_TO_ENDPOINT,dump_zone_1,load_zone_1,0.00025,0.00067
2117.0,2026-07-02T16:38:14.258,1,217.742,340.646,4.043,-0.5,1000.0,RETURNING_TO_START,load_zone_1,dump_zone_2,0.00025,0.00067
2117.0,2026-07-02T16:38:14.258,2,622.409,-102.5,16.712,-0.5,1000.0,RETURNING_TO_START,load_zone_26,dump_zone_3,0.00025,0.00067
2117.0,2026-07-02T16:38:14.258,3,203.03,285.474,4.569,-0.4004,0.0,GOING_TO_ENDPOINT,dump_zone_1,load_zone_1,0.00025,0.00067
2118.0,2026-07-02T16:38:23.168,1,218.081,341.426,2.243,-0.5,1000.0,UNLOADING,load_zone_1,dump_zone_2,0.00025,0.00067
2118.0,2026-07-02T16:38:23.168,2,618.038,-102.5,14.912,-0.5,1000.0,RETURNING_TO_START,load_zone_26,dump_zone_3,0.00025,0.00067
2118.0,2026-07-02T16:38:23.168,3,203.314,284.348,4.228,0.0996,0.0,GOING_TO_ENDPOINT,dump_zone_1,load_zone_1,0.000254,0.000681
2119.0,2026-07-02T16:38:28.037,1,218.266,341.725,0.443,-0.5,1000.0,UNLOADING,load_zone_1,dump_zone_2,0.00025,0.00067
2119.0,2026-07-02T16:38:28.037,2,614.137,-102.5,13.48,-0.25,1000.0,RETURNING_TO_START,load_zone_26,dump_zone_3,0.00025,0.00067
2119.0,2026-07-02T16:38:28.037,3,203.464,283.153,4.636,0.433,0.0,GOING_TO_ENDPOINT,dump_zone_1,load_zone_1,0.000259,0.000694
2120.0,2026-07-02T16:38:31.337,1,218.272,341.733,0.0,-0.5,1000.0,UNLOADING,load_zone_1,dump_zone_2,0.00025,0.00067
2120.0,2026-07-02T16:38:31.337,2,610.638,-102.5,11.834,-0.4295,1000.0,RETURNING_TO_START,load_zone_26,dump_zone_3,0.00025,0.00067
2120.0,2026-07-02T16:38:31.337,3,203.266,281.465,7.739,1.0,0.0,GOING_TO_ENDPOINT,dump_zone_1,load_zone_1,0.00028,0.00075
2121.0,2026-07-02T16:38:34.636,1,219.21,342.672,7.2,0.0,0.0,TURNING_AROUND,dump_zone_2,load_zone_1,0.000255,0.000683
2121.0,2026-07-02T16:38:34.636,2,607.574,-102.5,10.24,-0.5,1000.0,RETURNING_TO_START,load_zone_26,dump_zone_3,0.00025,0.00067
2121.0,2026-07-02T16:38:34.636,3,201.665,279.358,11.314,0.9167,0.0,GOING_TO_ENDPOINT,dump_zone_1,load_zone_1,0.000291,0.00078
2122.0,2026-07-02T16:38:37.468,1,220.768,343.344,5.4,0.0,0.0,TURNING_AROUND,dump_zone_2,load_zone_1,0.000253,0.000678
2122.0,2026-07-02T16:38:37.468,2,604.976,-102.5,8.69,-0.25,1000.0,RETURNING_TO_START,load_zone_26,dump_zone_3,0.00025,0.00067
2122.0,2026-07-02T16:38:37.468,3,198.597,277.888,12.664,-0.0833,0.0,GOING_TO_ENDPOINT,dump_zone_1,load_zone_1,0.000255,0.000683
2123.0,2026-07-02T16:38:40.646,1,219.563,343.356,7.2,0.0,0.0,TURNING_AROUND,dump_zone_2,load_zone_1,0.000255,0.000683
2123.0,2026-07-02T16:38:40.646,2,602.718,-102.498,7.465,-0.4167,1000.0,RETURNING_TO_START,load_zone_26,dump_zone_3,0.00025,0.00067
2123.0,2026-07-02T16:38:40.646,3,195.29,278.296,11.814,0.0833,0.0,GOING_TO_ENDPOINT,dump_zone_1,load_zone_1,0.000261,0.000699
2124.0,2026-07-02T16:38:43.534,1,221.294,342.396,7.2,0.0,0.0,TURNING_AROUND,dump_zone_2,load_zone_1,0.000255,0.000683
2124.0,2026-07-02T16:38:43.534,2,600.862,-102.343,6.336,-0.0024,1000.0,RETURNING_TO_START,load_zone_26,dump_zone_3,0.000257,0.000689
2124.0,2026-07-02T16:38:43.534,3,191.975,279.214,12.664,-0.0833,0.0,GOING_TO_ENDPOINT,dump_zone_1,load_zone_1,0.000255,0.000683
2125.0,2026-07-02T16:38:46.205,1,221.585,342.292,5.4,0.0,0.0,TURNING_AROUND,dump_zone_2,load_zone_1,0.000253,0.000678
2125.0,2026-07-02T16:38:46.205,2,599.115,-101.479,8.278,0.9976,1000.0,RETURNING_TO_START,load_zone_26,dump_zone_3,0.000303,0.000812
2125.0,2026-07-02T16:38:46.205,3,188.65,279.675,11.414,-0.5,0.0,GOING_TO_ENDPOINT,dump_zone_1,load_zone_1,0.00025,0.00067
2126.0,2026-07-02T16:38:49.507,1,221.428,342.766,0.025,0.0833,0.0,GOING_TO_ENDPOINT,dump_zone_2,load_zone_1,0.00025,0.00067
2126.0,2026-07-02T16:38:49.507,2,597.706,-99.242,10.228,0.0833,1000.0,RETURNING_TO_START,load_zone_26,dump_zone_3,0.000265,0.00071
2126.0,2026-07-02T16:38:49.507,3,185.756,279.505,9.714,-0.4167,0.0,GOING_TO_ENDPOINT,dump_zone_1,load_zone_1,0.00025,0.00067
2127.0,2026-07-02T16:38:52.250,1,221.435,342.504,2.25,1.0,0.0,GOING_TO_ENDPOINT,dump_zone_2,load_zone_1,0.000259,0.000694
2127.0,2026-07-02T16:38:52.250,2,597.394,-96.496,9.978,0.25,1000.0,RETURNING_TO_START,load_zone_26,dump_zone_3,0.000274,0.000734
2127.0,2026-07-02T16:38:52.250,3,183.293,278.824,9.011,-0.1985,0.0,GOING_TO_ENDPOINT,dump_zone_1,load_zone_1,0.00025,0.00067
2128.0,2026-07-02T16:38:54.572,1,221.536,341.342,5.85,1.0,0.0,GOING_TO_ENDPOINT,dump_zone_2,load_zone_1,0.000273,0.000732
2128.0,2026-07-02T16:38:54.572,2,597.381,-93.385,12.678,1.0,1000.0,RETURNING_TO_START,load_zone_26,dump_zone_3,0.000332,0.00089
2128.0,2026-07-02T16:38:54.572,3,181.067,277.722,9.196,0.3015,0.0,GOING_TO_ENDPOINT,dump_zone_1,load_zone_1,0.000265,0.00071
2129.0,2026-07-02T16:38:56.789,1,221.906,339.207,9.45,1.0,0.0,GOING_TO_ENDPOINT,dump_zone_2,load_zone_1,0.000287,0.000769
2129.0,2026-07-02T16:38:56.789,2,597.443,-89.322,16.278,1.0,1000.0,RETURNING_TO_START,load_zone_26,dump_zone_3,0.000355,0.000951
2129.0,2026-07-02T16:38:56.789,3,178.674,276.055,12.02,1.0,0.0,GOING_TO_ENDPOINT,dump_zone_1,load_zone_1,0.000296,0.000793
2130.0,2026-07-02T16:38:59.953,1,222.52,336.101,13.05,1.0,0.0,GOING_TO_ENDPOINT,dump_zone_2,load_zone_1,0.0003,0.000804
2130.0,2026-07-02T16:38:59.953,2,597.493,-84.259,19.878,1.0,1000.0,RETURNING_TO_START,load_zone_26,dump_zone_3,0.000378,0.001013
2130.0,2026-07-02T16:38:59.953,3,175.737,273.52,15.62,1.0,0.0,GOING_TO_ENDPOINT,dump_zone_1,load_zone_1,0.00031,0.000831
2131.0,2026-07-02T16:39:04.176,1,223.015,332.038,15.85,0.4167,0.0,GOING_TO_ENDPOINT,dump_zone_2,load_zone_1,0.000281,0.000753
2131.0,2026-07-02T16:39:04.176,2,597.501,-78.235,23.0,0.7049,1000.0,RETURNING_TO_START,load_zone_26,dump_zone_3,0.000362,0.00097
2131.0,2026-07-02T16:39:04.176,3,172.226,270.158,18.97,0.75,0.0,GOING_TO_ENDPOINT,dump_zone_1,load_zone_1,0.000308,0.000825
2132.0,2026-07-02T16:39:07.244,1,223.219,327.625,15.425,-0.5,0.0,GOING_TO_ENDPOINT,dump_zone_2,load_zone_1,0.00025,0.00067
2132.0,2026-07-02T16:39:07.244,2,597.5,-71.675,23.588,-0.2951,1000.0,RETURNING_TO_START,load_zone_26,dump_zone_3,0.00025,0.00067
2132.0,2026-07-02T16:39:07.244,3,168.39,266.266,19.72,-0.25,0.0,GOING_TO_ENDPOINT,dump_zone_1,load_zone_1,0.00025,0.00067
2133.0,2026-07-02T16:39:10.127,1,223.103,323.614,13.625,-0.5,0.0,GOING_TO_ENDPOINT,dump_zone_2,load_zone_1,0.00025,0.00067
2133.0,2026-07-02T16:39:10.127,2,597.5,-65.361,21.996,-0.5,1000.0,RETURNING_TO_START,load_zone_26,dump_zone_3,0.00025,0.00067
2133.0,2026-07-02T16:39:10.127,3,164.803,262.464,17.995,-0.5,0.0,GOING_TO_ENDPOINT,dump_zone_1,load_zone_1,0.00025,0.00067
2134.0,2026-07-02T16:39:13.723,1,222.534,320.152,11.825,-0.5,0.0,GOING_TO_ENDPOINT,dump_zone_2,load_zone_1,0.00025,0.00067
2134.0,2026-07-02T16:39:13.723,2,597.5,-59.357,21.796,0.25,1000.0,RETURNING_TO_START,load_zone_26,dump_zone_3,0.000302,0.000809
2134.0,2026-07-02T16:39:13.723,3,161.606,258.981,16.195,-0.5,0.0,GOING_TO_ENDPOINT,dump_zone_1,load_zone_1,0.00025,0.00067
2135.0,2026-07-02T16:39:19.080,1,221.347,317.383,10.15,-0.4167,0.0,GOING_TO_ENDPOINT,dump_zone_2,load_zone_1,0.00025,0.00067
2135.0,2026-07-02T16:39:19.080,2,597.5,-53.125,22.776,-0.0474,1000.0,RETURNING_TO_START,load_zone_26,dump_zone_3,0.000268,0.000718
2135.0,2026-07-02T16:39:19.080,3,158.768,255.847,14.395,-0.5,0.0,GOING_TO_ENDPOINT,dump_zone_1,load_zone_1,0.00025,0.00067
2136.0,2026-07-02T16:39:22.868,1,219.653,315.376,9.05,-0.25,0.0,GOING_TO_ENDPOINT,dump_zone_2,load_zone_1,0.00025,0.00067
2136.0,2026-07-02T16:39:22.868,2,597.5,-46.873,22.455,0.1193,1000.0,RETURNING_TO_START,load_zone_26,dump_zone_3,0.000288,0.000772
2136.0,2026-07-02T16:39:22.868,3,156.269,253.081,12.595,-0.5,0.0,GOING_TO_ENDPOINT,dump_zone_1,load_zone_1,0.00025,0.00067
2137.0,2026-07-02T16:39:26.177,1,217.656,313.879,9.5,0.5833,0.0,GOING_TO_ENDPOINT,dump_zone_2,load_zone_1,0.000274,0.000734
2137.0,2026-07-02T16:39:26.177,2,597.5,-40.595,22.884,0.2859,1000.0,RETURNING_TO_START,load_zone_26,dump_zone_3,0.000309,0.000828
2137.0,2026-07-02T16:39:26.177,3,154.093,250.697,10.795,-0.5,0.0,GOING_TO_ENDPOINT,dump_zone_1,load_zone_1,0.00025,0.00067
2138.0,2026-07-02T16:39:30.666,1,215.273,312.345,10.25,-0.25,0.0,GOING_TO_ENDPOINT,dump_zone_2,load_zone_1,0.00025,0.00067
2138.0,2026-07-02T16:39:30.666,2,597.5,-34.194,22.92,-0.1827,1000.0,RETURNING_TO_START,load_zone_26,dump_zone_3,0.000252,0.000675
2138.0,2026-07-02T16:39:30.666,3,152.117,248.82,9.032,-0.4854,0.0,GOING_TO_ENDPOINT,dump_zone_1,load_zone_1,0.00025,0.00067
2139.0,2026-07-02T16:39:34.451,1,213.354,310.599,8.625,-0.4167,0.0,GOING_TO_ENDPOINT,dump_zone_2,load_zone_1,0.00025,0.00067
2139.0,2026-07-02T16:39:34.451,2,597.5,-27.774,23.512,0.3173,1000.0,RETURNING_TO_START,load_zone_26,dump_zone_3,0.000315,0.000844
2139.0,2026-07-02T16:39:34.451,3,149.977,247.835,8.185,-0.4021,0.0,GOING_TO_ENDPOINT,dump_zone_1,load_zone_1,0.00025,0.00067
2140.0,2026-07-02T16:39:37.232,1,212.086,308.697,8.475,0.4167,0.0,GOING_TO_ENDPOINT,dump_zone_2,load_zone_1,0.000267,0.000716
2140.0,2026-07-02T16:39:37.232,2,597.5,-21.193,23.396,-0.3473,1000.0,RETURNING_TO_START,load_zone_26,dump_zone_3,0.00025,0.00067
2140.0,2026-07-02T16:39:37.232,3,147.983,247.507,6.764,-0.0833,0.0,GOING_TO_ENDPOINT,dump_zone_1,load_zone_1,0.000252,0.000675
2141.0,2026-07-02T16:39:39.697,1,210.908,306.191,11.55,1.0,0.0,GOING_TO_ENDPOINT,dump_zone_2,load_zone_1,0.000295,0.000791
2141.0,2026-07-02T16:39:39.697,2,597.5,-14.8,22.899,0.0038,1000.0,RETURNING_TO_START,load_zone_26,dump_zone_3,0.000275,0.000737
2141.0,2026-07-02T16:39:39.697,3,145.939,247.468,8.414,0.9167,0.0,GOING_TO_ENDPOINT,dump_zone_1,load_zone_1,0.00028,0.00075
2142.0,2026-07-02T16:39:42.629,1,209.664,302.655,15.125,0.9167,0.0,GOING_TO_ENDPOINT,dump_zone_2,load_zone_1,0.000304,0.000815
2142.0,2026-07-02T16:39:42.629,2,597.5,-8.519,22.294,-0.2531,1000.0,RETURNING_TO_START,load_zone_26,dump_zone_3,0.00025,0.00067
2142.0,2026-07-02T16:39:42.629,3,143.06,247.473,12.014,1.0,0.0,GOING_TO_ENDPOINT,dump_zone_1,load_zone_1,0.000296,0.000793
2143.0,2026-07-02T16:39:45.324,1,208.263,298.357,16.696,-0.0218,0.0,GOING_TO_ENDPOINT,dump_zone_2,load_zone_1,0.000259,0.000694
2143.0,2026-07-02T16:39:45.324,2,597.5,-2.388,22.24,0.2326,1000.0,RETURNING_TO_START,load_zone_26,dump_zone_3,0.000301,0.000807
2143.0,2026-07-02T16:39:45.324,3,139.182,247.492,15.614,1.0,0.0,GOING_TO_ENDPOINT,dump_zone_1,load_zone_1,0.00031,0.000831
2144.0,2026-07-02T16:39:47.596,1,206.914,294.114,15.239,-0.5,0.0,GOING_TO_ENDPOINT,dump_zone_2,load_zone_1,0.00025,0.00067
2144.0,2026-07-02T16:39:47.596,2,597.5,3.884,22.824,-0.0422,1000.0,RETURNING_TO_START,load_zone_26,dump_zone_3,0.000269,0.000721
2144.0,2026-07-02T16:39:47.596,3,134.308,247.5,19.064,0.75,0.0,GOING_TO_ENDPOINT,dump_zone_1,load_zone_1,0.000308,0.000825
2145.0,2026-07-02T16:39:50.564,1,205.749,290.327,13.439,-0.5,0.0,GOING_TO_ENDPOINT,dump_zone_2,load_zone_1,0.00025,0.00067
2145.0,2026-07-02T16:39:50.564,2,597.5,10.282,23.322,0.1245,1000.0,RETURNING_TO_START,load_zone_26,dump_zone_3,0.00029,0.000777
2145.0,2026-07-02T16:39:50.564,3,128.817,247.5,19.814,-0.25,0.0,GOING_TO_ENDPOINT,dump_zone_1,load_zone_1,0.00025,0.00067
2146.0,2026-07-02T16:39:52.948,1,204.75,287.012,11.639,-0.5,0.0,GOING_TO_ENDPOINT,dump_zone_2,load_zone_1,0.00025,0.00067
2146.0,2026-07-02T16:39:52.948,2,597.5,16.805,23.358,-0.0081,1000.0,RETURNING_TO_START,load_zone_26,dump_zone_3,0.000274,0.000734
2146.0,2026-07-02T16:39:52.948,3,123.564,247.5,18.089,-0.5,0.0,GOING_TO_ENDPOINT,dump_zone_1,load_zone_1,0.00025,0.00067
2147.0,2026-07-02T16:39:56.260,1,203.9,284.175,9.839,-0.5,0.0,GOING_TO_ENDPOINT,dump_zone_2,load_zone_1,0.00025,0.00067
2147.0,2026-07-02T16:39:56.260,2,597.5,23.344,23.632,0.0225,1000.0,RETURNING_TO_START,load_zone_26,dump_zone_3,0.000278,0.000745
2147.0,2026-07-02T16:39:56.260,3,118.81,247.5,16.289,-0.5,0.0,GOING_TO_ENDPOINT,dump_zone_1,load_zone_1,0.00025,0.00067
2148.0,2026-07-02T16:39:59.712,1,203.187,281.818,8.039,-0.5,0.0,GOING_TO_ENDPOINT,dump_zone_2,load_zone_1,0.00025,0.00067
2148.0,2026-07-02T16:39:59.712,2,597.5,29.759,22.622,-0.0833,1000.0,RETURNING_TO_START,load_zone_26,dump_zone_3,0.000264,0.000708
2148.0,2026-07-02T16:39:59.712,3,114.556,247.5,14.514,-0.4167,0.0,GOING_TO_ENDPOINT,dump_zone_1,load_zone_1,0.00025,0.00067
2149.0,2026-07-02T16:40:02.953,1,202.368,279.937,7.364,0.25,0.0,GOING_TO_ENDPOINT,dump_zone_2,load_zone_1,0.000261,0.000699
2149.0,2026-07-02T16:40:02.953,2,597.5,36.172,23.589,0.1394,1000.0,RETURNING_TO_START,load_zone_26,dump_zone_3,0.000293,0.000785
2149.0,2026-07-02T16:40:02.953,3,110.765,247.5,12.852,-0.5,0.0,GOING_TO_ENDPOINT,dump_zone_1,load_zone_1,0.00025,0.00067
2150.0,2026-07-02T16:40:06.407,1,200.61,278.377,9.914,0.75,0.0,GOING_TO_ENDPOINT,dump_zone_2,load_zone_1,0.00028,0.00075
2150.0,2026-07-02T16:40:06.407,2,597.5,42.649,23.073,0.0486,1000.0,RETURNING_TO_START,load_zone_26,dump_zone_3,0.00028,0.00075
2150.0,2026-07-02T16:40:06.407,3,107.466,247.5,11.052,-0.5,0.0,GOING_TO_ENDPOINT,dump_zone_1,load_zone_1,0.00025,0.00067
2151.0,2026-07-02T16:40:10.244,1,197.746,277.862,10.664,-0.25,0.0,GOING_TO_ENDPOINT,dump_zone_2,load_zone_1,0.00025,0.00067
2151.0,2026-07-02T16:40:10.244,2,597.5,49.246,24.35,0.1605,1000.0,RETURNING_TO_START,load_zone_26,dump_zone_3,0.000297,0.000796
2151.0,2026-07-02T16:40:10.244,3,104.667,247.5,9.252,-0.5,0.0,GOING_TO_ENDPOINT,dump_zone_1,load_zone_1,0.00025,0.00067
2152.0,2026-07-02T16:40:12.666,1,195.0,278.429,10.064,0.25,0.0,GOING_TO_ENDPOINT,dump_zone_2,load_zone_1,0.000265,0.00071
2152.0,2026-07-02T16:40:12.666,2,597.5,55.931,23.472,-0.4167,1000.0,RETURNING_TO_START,load_zone_26,dump_zone_3,0.00025,0.00067
2152.0,2026-07-02T16:40:12.666,3,102.367,247.496,7.477,-0.4167,0.0,GOING_TO_ENDPOINT,dump_zone_1,load_zone_1,0.00025,0.00067
2153.0,2026-07-02T16:40:15.627,1,191.999,279.208,12.202,0.472,0.0,GOING_TO_ENDPOINT,dump_zone_2,load_zone_1,0.000276,0.00074
2153.0,2026-07-02T16:40:15.627,2,597.5,62.249,22.444,0.0711,1000.0,RETURNING_TO_START,load_zone_26,dump_zone_3,0.000282,0.000756
2153.0,2026-07-02T16:40:15.627,3,100.422,246.883,7.927,0.5833,0.0,GOING_TO_ENDPOINT,dump_zone_1,load_zone_1,0.00027,0.000724
2154.0,2026-07-02T16:40:17.797,1,188.601,279.673,11.96,-0.5,0.0,GOING_TO_ENDPOINT,dump_zone_2,load_zone_1,0.00025,0.00067
2154.0,2026-07-02T16:40:17.797,2,597.5,68.419,21.789,-0.2854,1000.0,RETURNING_TO_START,load_zone_26,dump_zone_3,0.00025,0.00067
2154.0,2026-07-02T16:40:17.797,3,98.797,244.816,11.277,1.0,0.0,GOING_TO_ENDPOINT,dump_zone_1,load_zone_1,0.000294,0.000788
2155.0,2026-07-02T16:40:20.103,1,185.544,279.45,10.285,-0.4167,0.0,GOING_TO_ENDPOINT,dump_zone_2,load_zone_1,0.00025,0.00067
2155.0,2026-07-02T16:40:20.103,2,597.5,74.517,22.462,0.3813,1000.0,RETURNING_TO_START,load_zone_26,dump_zone_3,0.00032,0.000858
2155.0,2026-07-02T16:40:20.103,3,99.249,241.285,14.877,1.0,0.0,GOING_TO_ENDPOINT,dump_zone_1,load_zone_1,0.000308,0.000825
2156.0,2026-07-02T16:40:23.208,1,182.965,278.678,9.304,-0.0508,0.0,GOING_TO_ENDPOINT,dump_zone_2,load_zone_1,0.000254,0.000681
2156.0,2026-07-02T16:40:23.208,2,597.5,81.037,24.177,0.2344,1000.0,RETURNING_TO_START,load_zone_26,dump_zone_3,0.000306,0.00082
2156.0,2026-07-02T16:40:23.208,3,101.497,237.19,18.477,1.0,0.0,GOING_TO_ENDPOINT,dump_zone_1,load_zone_1,0.000321,0.00086
2157.0,2026-07-02T16:40:25.794,1,180.714,277.498,9.273,0.3249,0.0,GOING_TO_ENDPOINT,dump_zone_2,load_zone_1,0.000266,0.000713
2157.0,2026-07-02T16:40:25.794,2,597.5,87.764,23.97,-0.2656,1000.0,RETURNING_TO_START,load_zone_26,dump_zone_3,0.00025,0.00067
2157.0,2026-07-02T16:40:25.794,3,102.551,231.823,20.427,0.0833,0.0,GOING_TO_ENDPOINT,dump_zone_1,load_zone_1,0.000268,0.000718
2158.0,2026-07-02T16:40:29.937,1,178.325,275.767,12.153,1.0,0.0,GOING_TO_ENDPOINT,dump_zone_2,load_zone_1,0.000297,0.000796
2158.0,2026-07-02T16:40:29.937,2,597.5,94.424,24.297,0.2977,1000.0,RETURNING_TO_START,load_zone_26,dump_zone_3,0.000315,0.000844
2158.0,2026-07-02T16:40:29.937,3,102.52,226.295,19.152,-0.5,0.0,GOING_TO_ENDPOINT,dump_zone_1,load_zone_1,0.00025,0.00067
2159.0,2026-07-02T16:40:32.372,1,175.376,273.189,15.753,1.0,0.0,GOING_TO_ENDPOINT,dump_zone_2,load_zone_1,0.000311,0.000833
2159.0,2026-07-02T16:40:32.372,2,597.5,101.264,24.468,-0.369,1000.0,RETURNING_TO_START,load_zone_26,dump_zone_3,0.00025,0.00067
2159.0,2026-07-02T16:40:32.372,3,102.499,221.245,17.352,-0.5,0.0,GOING_TO_ENDPOINT,dump_zone_1,load_zone_1,0.00025,0.00067
2160.0,2026-07-02T16:40:35.008,1,171.852,269.788,18.987,0.5911,0.0,GOING_TO_ENDPOINT,dump_zone_2,load_zone_1,0.000298,0.000799
2160.0,2026-07-02T16:40:35.008,2,597.5,107.823,23.005,-0.202,1000.0,RETURNING_TO_START,load_zone_26,dump_zone_3,0.00025,0.00067
2160.0,2026-07-02T16:40:35.008,3,102.5,216.696,15.552,-0.5,0.0,GOING_TO_ENDPOINT,dump_zone_1,load_zone_1,0.00025,0.00067
2161.0,2026-07-02T16:40:38.009,1,168.082,265.945,19.165,-0.4089,0.0,GOING_TO_ENDPOINT,dump_zone_2,load_zone_1,0.00025,0.00067
2161.0,2026-07-02T16:40:38.009,2,597.5,114.21,23.127,0.1313,1000.0,RETURNING_TO_START,load_zone_26,dump_zone_3,0.000291,0.00078
2161.0,2026-07-02T16:40:38.009,3,102.5,212.647,13.752,-0.5,0.0,GOING_TO_ENDPOINT,dump_zone_1,load_zone_1,0.00025,0.00067
2162.0,2026-07-02T16:40:40.486,1,164.62,262.264,17.368,-0.5,0.0,GOING_TO_ENDPOINT,dump_zone_2,load_zone_1,0.00025,0.00067
2162.0,2026-07-02T16:40:40.486,2,597.5,120.626,23.0,0.1313,1000.0,RETURNING_TO_START,load_zone_26,dump_zone_3,0.000291,0.00078
2162.0,2026-07-02T16:40:40.486,3,102.5,209.098,11.952,-0.5,0.0,GOING_TO_ENDPOINT,dump_zone_1,load_zone_1,0.00025,0.00067
2163.0,2026-07-02T16:40:42.844,1,161.542,258.909,15.568,-0.5,0.0,GOING_TO_ENDPOINT,dump_zone_2,load_zone_1,0.00025,0.00067
2163.0,2026-07-02T16:40:42.844,2,597.5,127.146,23.621,-0.1647,1000.0,RETURNING_TO_START,load_zone_26,dump_zone_3,0.000254,0.000681
2163.0,2026-07-02T16:40:42.844,3,102.5,206.048,10.152,-0.5,0.0,GOING_TO_ENDPOINT,dump_zone_1,load_zone_1,0.00025,0.00067
2164.0,2026-07-02T16:40:45.332,1,158.82,255.904,13.768,-0.5,0.0,GOING_TO_ENDPOINT,dump_zone_2,load_zone_1,0.00025,0.00067
2164.0,2026-07-02T16:40:45.332,2,597.5,133.598,23.328,0.3353,1000.0,RETURNING_TO_START,load_zone_26,dump_zone_3,0.000317,0.00085
2164.0,2026-07-02T16:40:45.332,3,102.5,203.465,8.524,-0.5,0.0,GOING_TO_ENDPOINT,dump_zone_1,load_zone_1,0.00025,0.00067
2165.0,2026-07-02T16:40:47.811,1,156.438,253.267,11.968,-0.5,0.0,GOING_TO_ENDPOINT,dump_zone_2,load_zone_1,0.00025,0.00067
2165.0,2026-07-02T16:40:47.811,2,597.5,140.141,23.235,-0.3314,1000.0,RETURNING_TO_START,load_zone_26,dump_zone_3,0.00025,0.00067
2165.0,2026-07-02T16:40:47.811,3,102.431,201.244,7.674,-0.25,0.0,GOING_TO_ENDPOINT,dump_zone_1,load_zone_1,0.00025,0.00067
2166.0,2026-07-02T16:40:50.178,1,154.382,251.01,10.168,-0.5,0.0,GOING_TO_ENDPOINT,dump_zone_2,load_zone_1,0.00025,0.00067
2166.0,2026-07-02T16:40:50.178,2,597.5,146.598,23.442,-0.0146,1000.0,RETURNING_TO_START,load_zone_26,dump_zone_3,0.000273,0.000732
2166.0,2026-07-02T16:40:50.178,3,102.036,199.092,8.383,0.2172,0.0,GOING_TO_ENDPOINT,dump_zone_1,load_zone_1,0.000261,0.000699
2167.0,2026-07-02T16:40:52.459,1,152.548,249.203,8.593,-0.3309,0.0,GOING_TO_ENDPOINT,dump_zone_2,load_zone_1,0.00025,0.00067
2167.0,2026-07-02T16:40:52.459,2,597.5,153.182,23.989,-0.0146,1000.0,RETURNING_TO_START,load_zone_26,dump_zone_3,0.000273,0.000732
2167.0,2026-07-02T16:40:52.459,3,101.142,197.002,7.965,0.0506,0.0,GOING_TO_ENDPOINT,dump_zone_1,load_zone_1,0.000256,0.000686
2168.0,2026-07-02T16:40:54.905,1,150.642,248.068,7.952,0.0857,0.0,GOING_TO_ENDPOINT,dump_zone_2,load_zone_1,0.000257,0.000689
2168.0,2026-07-02T16:40:54.905,2,597.5,159.662,22.542,-0.5,1000.0,RETURNING_TO_START,load_zone_26,dump_zone_3,0.00025,0.00067
2168.0,2026-07-02T16:40:54.905,3,99.953,194.859,10.082,1.0,0.0,GOING_TO_ENDPOINT,dump_zone_1,load_zone_1,0.000289,0.000775
2169.0,2026-07-02T16:40:56.688,1,148.633,247.584,6.832,-0.25,0.0,GOING_TO_ENDPOINT,dump_zone_2,load_zone_1,0.00025,0.00067
2169.0,2026-07-02T16:40:56.688,2,597.5,165.653,20.742,-0.5,1000.0,RETURNING_TO_START,load_zone_26,dump_zone_3,0.00025,0.00067
2169.0,2026-07-02T16:40:56.688,3,98.217,192.004,13.682,1.0,0.0,GOING_TO_ENDPOINT,dump_zone_1,load_zone_1,0.000303,0.000812
2170.0,2026-07-02T16:40:58.591,1,146.666,247.444,7.882,0.75,0.0,GOING_TO_ENDPOINT,dump_zone_2,load_zone_1,0.000274,0.000734
2170.0,2026-07-02T16:40:58.591,2,597.5,171.144,18.942,-0.5,1000.0,RETURNING_TO_START,load_zone_26,dump_zone_3,0.00025,0.00067
2170.0,2026-07-02T16:40:58.591,3,95.925,188.33,17.102,0.75,0.0,GOING_TO_ENDPOINT,dump_zone_1,load_zone_1,0.000302,0.000809
2171.0,2026-07-02T16:41:00.200,1,143.955,247.437,11.407,1.0,0.0,GOING_TO_ENDPOINT,dump_zone_2,load_zone_1,0.000294,0.000788
2171.0,2026-07-02T16:41:00.200,2,597.5,176.135,17.142,-0.5,1000.0,RETURNING_TO_START,load_zone_26,dump_zone_3,0.00025,0.00067
2171.0,2026-07-02T16:41:00.200,3,93.363,184.099,17.852,-0.25,0.0,GOING_TO_ENDPOINT,dump_zone_1,load_zone_1,0.00025,0.00067
2172.0,2026-07-02T16:41:01.830,1,140.245,247.472,15.007,1.0,0.0,GOING_TO_ENDPOINT,dump_zone_2,load_zone_1,0.000308,0.000825
2172.0,2026-07-02T16:41:01.830,2,597.5,180.626,15.342,-0.5,1000.0,RETURNING_TO_START,load_zone_26,dump_zone_3,0.00025,0.00067
2172.0,2026-07-02T16:41:01.830,3,90.939,180.062,16.127,-0.5,0.0,GOING_TO_ENDPOINT,dump_zone_1,load_zone_1,0.00025,0.00067
2173.0,2026-07-02T16:41:03.703,1,135.536,247.497,18.582,0.9167,0.0,GOING_TO_ENDPOINT,dump_zone_2,load_zone_1,0.000317,0.00085
2173.0,2026-07-02T16:41:03.703,2,597.5,184.617,13.542,-0.5,1000.0,RETURNING_TO_START,load_zone_26,dump_zone_3,0.00025,0.00067
2173.0,2026-07-02T16:41:03.703,3,88.772,176.454,14.327,-0.5,0.0,GOING_TO_ENDPOINT,dump_zone_1,load_zone_1,0.00025,0.00067
2174.0,2026-07-02T16:41:05.838,1,130.088,247.501,19.932,-0.0833,0.0,GOING_TO_ENDPOINT,dump_zone_2,load_zone_1,0.000257,0.000689
2174.0,2026-07-02T16:41:05.838,2,597.193,188.078,11.742,-0.5,1000.0,RETURNING_TO_START,load_zone_26,dump_zone_3,0.00025,0.00067
2174.0,2026-07-02T16:41:05.838,3,86.863,173.274,12.527,-0.5,0.0,GOING_TO_ENDPOINT,dump_zone_1,load_zone_1,0.00025,0.00067
2175.0,2026-07-02T16:41:08.197,1,124.758,247.5,18.382,-0.5,0.0,GOING_TO_ENDPOINT,dump_zone_2,load_zone_1,0.00025,0.00067
2175.0,2026-07-02T16:41:08.197,2,596.02,190.823,9.942,-0.5,1000.0,RETURNING_TO_START,load_zone_26,dump_zone_3,0.00025,0.00067
2175.0,2026-07-02T16:41:08.197,3,85.094,170.602,10.727,-0.5,0.0,GOING_TO_ENDPOINT,dump_zone_1,load_zone_1,0.00025,0.00067
2176.0,2026-07-02T16:41:10.754,1,119.923,247.5,16.582,-0.5,0.0,GOING_TO_ENDPOINT,dump_zone_2,load_zone_1,0.00025,0.00067
2176.0,2026-07-02T16:41:10.754,2,595.559,193.264,8.142,-0.5,1000.0,RETURNING_TO_START,load_zone_26,dump_zone_3,0.00025,0.00067
2176.0,2026-07-02T16:41:10.754,3,83.125,168.752,8.927,-0.5,0.0,GOING_TO_ENDPOINT,dump_zone_1,load_zone_1,0.00025,0.00067
2177.0,2026-07-02T16:41:13.157,1,115.588,247.5,14.782,-0.5,0.0,GOING_TO_ENDPOINT,dump_zone_2,load_zone_1,0.00025,0.00067
2177.0,2026-07-02T16:41:13.157,2,595.591,195.249,6.367,-0.4167,1000.0,RETURNING_TO_START,load_zone_26,dump_zone_3,0.00025,0.00067
2177.0,2026-07-02T16:41:13.157,3,81.635,167.154,7.127,-0.5,0.0,GOING_TO_ENDPOINT,dump_zone_1,load_zone_1,0.00025,0.00067
2178.0,2026-07-02T16:41:15.553,1,111.749,247.5,13.017,-0.5,0.0,GOING_TO_ENDPOINT,dump_zone_2,load_zone_1,0.00025,0.00067
2178.0,2026-07-02T16:41:15.553,2,596.065,196.85,5.787,-0.0192,1000.0,RETURNING_TO_START,load_zone_26,dump_zone_3,0.000256,0.000686
2178.0,2026-07-02T16:41:15.553,3,81.179,165.514,5.477,-0.25,0.0,GOING_TO_ENDPOINT,dump_zone_1,load_zone_1,0.00025,0.00067
2179.0,2026-07-02T16:41:18.373,1,108.404,247.5,11.217,-0.5,0.0,GOING_TO_ENDPOINT,dump_zone_2,load_zone_1,0.00025,0.00067
2179.0,2026-07-02T16:41:18.373,2,596.73,198.379,6.618,0.6474,1000.0,RETURNING_TO_START,load_zone_26,dump_zone_3,0.00028,0.00075
2179.0,2026-07-02T16:41:18.373,3,81.391,163.94,6.527,0.75,0.0,GOING_TO_ENDPOINT,dump_zone_1,load_zone_1,0.00027,0.000724
2180.0,2026-07-02T16:41:21.430,1,105.559,247.5,9.417,-0.5,0.0,GOING_TO_ENDPOINT,dump_zone_2,load_zone_1,0.00025,0.00067
2180.0,2026-07-02T16:41:21.430,2,597.915,200.222,9.199,0.9808,1000.0,RETURNING_TO_START,load_zone_26,dump_zone_3,0.000308,0.000825
2180.0,2026-07-02T16:41:21.430,3,82.024,161.94,7.877,-0.0833,0.0,GOING_TO_ENDPOINT,dump_zone_1,load_zone_1,0.000253,0.000678
2181.0,2026-07-02T16:41:24.377,1,103.214,247.5,7.617,-0.5,0.0,GOING_TO_ENDPOINT,dump_zone_2,load_zone_1,0.00025,0.00067
2181.0,2026-07-02T16:41:24.377,2,600.661,201.371,12.099,0.4167,1000.0,RETURNING_TO_START,load_zone_26,dump_zone_3,0.00029,0.000777
2181.0,2026-07-02T16:41:24.377,3,82.332,159.986,6.327,-0.5,0.0,GOING_TO_ENDPOINT,dump_zone_1,load_zone_1,0.00025,0.00067
2182.0,2026-07-02T16:41:25.950,1,101.269,247.079,7.467,0.4167,0.0,GOING_TO_ENDPOINT,dump_zone_2,load_zone_1,0.000265,0.00071
2182.0,2026-07-02T16:41:25.950,2,603.824,200.373,11.674,-0.5,1000.0,RETURNING_TO_START,load_zone_26,dump_zone_3,0.00025,0.00067
2182.0,2026-07-02T16:41:25.950,3,82.787,158.579,4.527,-0.5,0.0,GOING_TO_ENDPOINT,dump_zone_1,load_zone_1,0.00025,0.00067
2183.0,2026-07-02T16:41:28.016,1,99.528,245.357,10.542,1.0,0.0,GOING_TO_ENDPOINT,dump_zone_2,load_zone_1,0.000291,0.00078
2183.0,2026-07-02T16:41:28.016,2,606.615,199.371,9.899,-0.4167,1000.0,RETURNING_TO_START,load_zone_26,dump_zone_3,0.00025,0.00067
2183.0,2026-07-02T16:41:28.016,3,83.357,157.776,2.727,-0.5,0.0,LOADING,dump_zone_1,load_zone_1,0.00025,0.00067
2184.0,2026-07-02T16:41:30.663,1,99.399,241.995,14.142,1.0,0.0,GOING_TO_ENDPOINT,dump_zone_2,load_zone_1,0.000305,0.000817
2184.0,2026-07-02T16:41:30.663,2,609.314,198.944,10.349,0.5833,1000.0,RETURNING_TO_START,load_zone_26,dump_zone_3,0.000293,0.000785
2184.0,2026-07-02T16:41:30.663,3,83.7,157.431,0.927,-0.5,0.0,LOADING,dump_zone_1,load_zone_1,0.00025,0.00067
2185.0,2026-07-02T16:41:33.336,1,101.143,237.883,17.742,1.0,0.0,GOING_TO_ENDPOINT,dump_zone_2,load_zone_1,0.000319,0.000855
2185.0,2026-07-02T16:41:33.336,2,612.659,198.798,13.61,0.8852,1000.0,RETURNING_TO_START,load_zone_26,dump_zone_3,0.000329,0.000882
2185.0,2026-07-02T16:41:33.336,3,83.74,157.393,0.0,-0.5,0.0,LOADING,dump_zone_1,load_zone_1,0.00025,0.00067
2186.0,2026-07-02T16:41:36.160,1,102.452,232.707,20.217,0.25,0.0,GOING_TO_ENDPOINT,dump_zone_2,load_zone_1,0.000279,0.000748
2186.0,2026-07-02T16:41:36.160,2,616.92,198.942,16.561,0.6594,1000.0,RETURNING_TO_START,load_zone_26,dump_zone_3,0.000326,0.000874
2186.0,2026-07-02T16:41:36.160,3,84.266,156.984,7.2,0.0,1000.0,TURNING_AROUND,load_zone_1,dump_zone_1,0.000258,0.000691
2187.0,2026-07-02T16:41:37.649,1,102.54,227.162,19.317,-0.5,0.0,GOING_TO_ENDPOINT,dump_zone_2,load_zone_1,0.00025,0.00067
2187.0,2026-07-02T16:41:37.649,2,621.859,199.395,18.501,0.1145,1000.0,RETURNING_TO_START,load_zone_26,dump_zone_3,0.000281,0.000753
2187.0,2026-07-02T16:41:37.649,3,86.141,156.349,7.2,0.0,1000.0,TURNING_AROUND,load_zone_1,dump_zone_1,0.000258,0.000691
2188.0,2026-07-02T16:41:39.427,1,102.509,222.068,17.517,-0.5,0.0,GOING_TO_ENDPOINT,dump_zone_2,load_zone_1,0.00025,0.00067
2188.0,2026-07-02T16:41:39.427,2,626.827,200.02,17.291,-0.5,1000.0,RETURNING_TO_START,load_zone_26,dump_zone_3,0.00025,0.00067
2188.0,2026-07-02T16:41:39.427,3,85.538,156.137,5.4,0.0,1000.0,TURNING_AROUND,load_zone_1,dump_zone_1,0.000256,0.000686
2189.0,2026-07-02T16:41:41.496,1,102.5,217.469,15.787,-0.4667,0.0,GOING_TO_ENDPOINT,dump_zone_2,load_zone_1,0.00025,0.00067
2189.0,2026-07-02T16:41:41.496,2,631.315,200.648,15.491,-0.5,1000.0,RETURNING_TO_START,load_zone_26,dump_zone_3,0.00025,0.00067
2189.0,2026-07-02T16:41:41.496,3,86.41,156.856,7.2,0.0,1000.0,TURNING_AROUND,load_zone_1,dump_zone_1,0.000258,0.000691
2190.0,2026-07-02T16:41:43.390,1,102.5,213.355,13.987,-0.5,0.0,GOING_TO_ENDPOINT,dump_zone_2,load_zone_1,0.00025,0.00067
2190.0,2026-07-02T16:41:43.390,2,635.309,201.206,13.691,-0.5,1000.0,RETURNING_TO_START,load_zone_26,dump_zone_3,0.00025,0.00067
2190.0,2026-07-02T16:41:43.390,3,87.214,158.018,5.4,0.0,1000.0,TURNING_AROUND,load_zone_1,dump_zone_1,0.000256,0.000686
2191.0,2026-07-02T16:41:46.512,1,102.5,209.74,12.187,-0.5,0.0,GOING_TO_ENDPOINT,dump_zone_2,load_zone_1,0.00025,0.00067
2191.0,2026-07-02T16:41:46.512,2,638.825,201.662,12.08,-0.25,1000.0,RETURNING_TO_START,load_zone_26,dump_zone_3,0.00025,0.00067
2191.0,2026-07-02T16:41:46.512,3,87.148,157.783,0.15,0.25,1000.0,RETURNING_TO_START,load_zone_1,dump_zone_1,0.00025,0.00067
2192.0,2026-07-02T16:41:49.985,1,102.5,206.592,10.655,-0.4121,0.0,GOING_TO_ENDPOINT,dump_zone_2,load_zone_1,0.00025,0.00067
2192.0,2026-07-02T16:41:49.985,2,642.036,202.022,10.959,-0.5,1000.0,RETURNING_TO_START,load_zone_26,dump_zone_3,0.00025,0.00067
2192.0,2026-07-02T16:41:49.985,3,87.127,158.164,2.85,1.0,1000.0,RETURNING_TO_START,load_zone_1,dump_zone_1,0.000268,0.000718
2193.0,2026-07-02T16:41:53.888,1,102.5,203.898,8.957,-0.4167,0.0,GOING_TO_ENDPOINT,dump_zone_2,load_zone_1,0.00025,0.00067
2193.0,2026-07-02T16:41:53.888,2,644.799,202.267,9.159,-0.5,1000.0,RETURNING_TO_START,load_zone_26,dump_zone_3,0.00025,0.00067
2193.0,2026-07-02T16:41:53.888,3,86.763,159.44,6.45,1.0,1000.0,RETURNING_TO_START,load_zone_1,dump_zone_1,0.000292,0.000783
2194.0,2026-07-02T16:41:56.652,1,102.463,201.651,7.584,-0.0833,0.0,GOING_TO_ENDPOINT,dump_zone_2,load_zone_1,0.000253,0.000678
2194.0,2026-07-02T16:41:56.652,2,647.068,202.406,7.384,-0.4167,1000.0,RETURNING_TO_START,load_zone_26,dump_zone_3,0.00025,0.00067
2194.0,2026-07-02T16:41:56.652,3,85.202,161.128,10.05,1.0,1000.0,RETURNING_TO_START,load_zone_1,dump_zone_1,0.000315,0.000844
2195.0,2026-07-02T16:41:59.578,1,102.134,199.466,8.535,0.393,0.0,GOING_TO_ENDPOINT,dump_zone_2,load_zone_1,0.000266,0.000713
2195.0,2026-07-02T16:41:59.578,2,648.912,202.334,6.359,0.0833,1000.0,RETURNING_TO_START,load_zone_26,dump_zone_3,0.00026,0.000697
2195.0,2026-07-02T16:41:59.578,3,82.088,162.306,13.65,1.0,1000.0,RETURNING_TO_START,load_zone_1,dump_zone_1,0.000338,0.000906
2196.0,2026-07-02T16:42:01.709,1,101.251,197.256,8.3,-0.107,0.0,GOING_TO_ENDPOINT,dump_zone_2,load_zone_1,0.000252,0.000675
2196.0,2026-07-02T16:42:01.709,2,650.749,201.542,8.584,1.0,1000.0,RETURNING_TO_START,load_zone_26,dump_zone_3,0.000305,0.000817
2196.0,2026-07-02T16:42:01.709,3,78.607,164.636,16.125,0.25,1000.0,RETURNING_TO_START,load_zone_1,dump_zone_1,0.000289,0.000775
2197.0,2026-07-02T16:42:04.164,1,100.061,195.105,9.865,0.893,0.0,GOING_TO_ENDPOINT,dump_zone_2,load_zone_1,0.000285,0.000764
2197.0,2026-07-02T16:42:04.164,2,652.268,199.283,10.534,0.0833,1000.0,RETURNING_TO_START,load_zone_26,dump_zone_3,0.000266,0.000713
2197.0,2026-07-02T16:42:04.164,3,77.655,168.771,15.225,-0.5,1000.0,RETURNING_TO_START,load_zone_1,dump_zone_1,0.00025,0.00067
2198.0,2026-07-02T16:42:07.308,1,98.371,192.294,13.458,1.0,0.0,GOING_TO_ENDPOINT,dump_zone_2,load_zone_1,0.000302,0.000809
2198.0,2026-07-02T16:42:07.308,2,652.584,196.451,10.284,0.25,1000.0,RETURNING_TO_START,load_zone_26,dump_zone_3,0.000275,0.000737
2198.0,2026-07-02T16:42:07.308,3,79.934,172.031,14.125,0.0833,1000.0,RETURNING_TO_START,load_zone_1,dump_zone_1,0.000271,0.000726
2199.0,2026-07-02T16:42:10.303,1,96.125,188.657,16.908,0.75,0.0,GOING_TO_ENDPOINT,dump_zone_2,load_zone_1,0.000302,0.000809
2199.0,2026-07-02T16:42:10.303,2,652.558,193.26,12.834,0.75,1000.0,RETURNING_TO_START,load_zone_26,dump_zone_3,0.000315,0.000844
2199.0,2026-07-02T16:42:10.303,3,82.32,175.459,16.35,1.0,1000.0,RETURNING_TO_START,load_zone_1,dump_zone_1,0.000355,0.000951
2200.0,2026-07-02T16:42:12.775,1,93.589,184.474,17.658,-0.25,0.0,GOING_TO_ENDPOINT,dump_zone_2,load_zone_1,0.00025,0.00067
2200.0,2026-07-02T16:42:12.775,2,652.506,189.5,13.584,-0.25,1000.0,RETURNING_TO_START,load_zone_26,dump_zone_3,0.00025,0.00067
2200.0,2026-07-02T16:42:12.775,3,84.91,179.722,18.825,0.25,1000.0,RETURNING_TO_START,load_zone_1,dump_zone_1,0.000295,0.000791
2201.0,2026-07-02T16:42:14.740,1,91.192,180.484,15.933,-0.5,0.0,GOING_TO_ENDPOINT,dump_zone_2,load_zone_1,0.00025,0.00067
2201.0,2026-07-02T16:42:14.740,2,652.498,185.977,11.859,-0.5,1000.0,RETURNING_TO_START,load_zone_26,dump_zone_3,0.00025,0.00067
2201.0,2026-07-02T16:42:14.740,3,87.562,184.148,17.925,-0.5,1000.0,RETURNING_TO_START,load_zone_1,dump_zone_1,0.00025,0.00067
2202.0,2026-07-02T16:42:16.574,1,89.053,176.922,14.133,-0.5,0.0,GOING_TO_ENDPOINT,dump_zone_2,load_zone_1,0.00025,0.00067
2202.0,2026-07-02T16:42:16.574,2,652.499,182.954,10.059,-0.5,1000.0,RETURNING_TO_START,load_zone_26,dump_zone_3,0.00025,0.00067
2202.0,2026-07-02T16:42:16.574,3,89.985,188.184,16.125,-0.5,1000.0,RETURNING_TO_START,load_zone_1,dump_zone_1,0.00025,0.00067
2203.0,2026-07-02T16:42:18.704,1,87.172,173.789,12.333,-0.5,0.0,GOING_TO_ENDPOINT,dump_zone_2,load_zone_1,0.00025,0.00067
2203.0,2026-07-02T16:42:18.704,2,652.461,180.432,8.259,-0.5,1000.0,RETURNING_TO_START,load_zone_26,dump_zone_3,0.00025,0.00067
2203.0,2026-07-02T16:42:18.704,3,92.153,191.792,14.325,-0.5,1000.0,RETURNING_TO_START,load_zone_1,dump_zone_1,0.00025,0.00067
2204.0,2026-07-02T16:42:20.590,1,85.483,171.125,10.533,-0.5,0.0,GOING_TO_ENDPOINT,dump_zone_2,load_zone_1,0.00025,0.00067
2204.0,2026-07-02T16:42:20.590,2,652.198,178.43,6.459,-0.5,1000.0,RETURNING_TO_START,load_zone_26,dump_zone_3,0.00025,0.00067
2204.0,2026-07-02T16:42:20.590,3,94.062,194.971,12.525,-0.5,1000.0,RETURNING_TO_START,load_zone_1,dump_zone_1,0.00025,0.00067
2205.0,2026-07-02T16:42:23.062,1,83.621,169.249,8.733,-0.5,0.0,GOING_TO_ENDPOINT,dump_zone_2,load_zone_1,0.00025,0.00067
2205.0,2026-07-02T16:42:23.062,2,652.533,176.953,4.659,-0.5,1000.0,RETURNING_TO_START,load_zone_26,dump_zone_3,0.00025,0.00067
2205.0,2026-07-02T16:42:23.062,3,95.715,197.721,10.725,-0.5,1000.0,RETURNING_TO_START,load_zone_1,dump_zone_1,0.00025,0.00067
2206.0,2026-07-02T16:42:25.101,1,81.966,167.88,6.933,-0.5,0.0,GOING_TO_ENDPOINT,dump_zone_2,load_zone_1,0.00025,0.00067
2206.0,2026-07-02T16:42:25.101,2,653.054,176.076,2.859,-0.5,1000.0,UNLOADING,load_zone_26,dump_zone_3,0.00025,0.00067
2206.0,2026-07-02T16:42:25.101,3,97.156,200.012,8.925,-0.5,1000.0,RETURNING_TO_START,load_zone_1,dump_zone_1,0.00025,0.00067
2207.0,2026-07-02T16:42:27.376,1,81.204,166.423,5.133,-0.5,0.0,GOING_TO_ENDPOINT,dump_zone_2,load_zone_1,0.00025,0.00067
2207.0,2026-07-02T16:42:27.376,2,653.397,175.68,1.059,-0.5,1000.0,UNLOADING,load_zone_26,dump_zone_3,0.00025,0.00067
2207.0,2026-07-02T16:42:27.376,3,98.743,201.597,7.825,0.0833,1000.0,RETURNING_TO_START,load_zone_1,dump_zone_1,0.000262,0.000702
2208.0,2026-07-02T16:42:29.525,1,81.052,165.187,4.458,0.25,0.0,GOING_TO_ENDPOINT,dump_zone_2,load_zone_1,0.000256,0.000686
2208.0,2026-07-02T16:42:29.525,2,653.448,175.626,0.0,-0.5,1000.0,UNLOADING,load_zone_26,dump_zone_3,0.00025,0.00067
2208.0,2026-07-02T16:42:29.525,3,100.815,202.365,7.677,-0.4661,1000.0,RETURNING_TO_START,load_zone_1,dump_zone_1,0.00025,0.00067
2209.0,2026-07-02T16:42:31.387,1,81.378,163.655,7.008,0.75,0.0,GOING_TO_ENDPOINT,dump_zone_2,load_zone_1,0.000271,0.000726
2209.0,2026-07-02T16:42:31.387,2,653.819,175.291,7.2,0.0,0.0,TURNING_AROUND,dump_zone_3,load_zone_26,0.000255,0.000683
2209.0,2026-07-02T16:42:31.387,3,102.827,202.591,7.527,0.4167,1000.0,RETURNING_TO_START,load_zone_1,dump_zone_1,0.000275,0.000737
2210.0,2026-07-02T16:42:32.348,1,82.066,161.596,7.953,-0.1957,0.0,GOING_TO_ENDPOINT,dump_zone_2,load_zone_1,0.00025,0.00067
2210.0,2026-07-02T16:42:32.348,2,655.625,174.481,7.2,0.0,0.0,TURNING_AROUND,dump_zone_3,load_zone_26,0.000255,0.000683
2210.0,2026-07-02T16:42:32.348,3,105.333,202.63,10.602,1.0,1000.0,RETURNING_TO_START,load_zone_1,dump_zone_1,0.000318,0.000852
2211.0,2026-07-02T16:42:32.931,1,82.412,159.658,6.277,-0.5,0.0,GOING_TO_ENDPOINT,dump_zone_2,load_zone_1,0.00025,0.00067
2211.0,2026-07-02T16:42:32.931,2,655.297,174.308,5.4,0.0,0.0,TURNING_AROUND,dump_zone_3,load_zone_26,0.000253,0.000678
2211.0,2026-07-02T16:42:32.931,3,108.819,202.587,14.202,1.0,1000.0,RETURNING_TO_START,load_zone_1,dump_zone_1,0.000342,0.000917
2212.0,2026-07-02T16:42:34.036,1,82.967,158.303,4.477,-0.5,0.0,GOING_TO_ENDPOINT,dump_zone_2,load_zone_1,0.00025,0.00067
2212.0,2026-07-02T16:42:34.036,2,655.961,174.838,7.2,0.0,0.0,TURNING_AROUND,dump_zone_3,load_zone_26,0.000255,0.000683
2212.0,2026-07-02T16:42:34.036,3,113.306,202.523,17.802,1.0,1000.0,RETURNING_TO_START,load_zone_1,dump_zone_1,0.000365,0.000978
2213.0,2026-07-02T16:42:35.701,1,83.585,157.554,2.677,-0.5,0.0,LOADING,dump_zone_2,load_zone_1,0.00025,0.00067
2213.0,2026-07-02T16:42:35.701,2,656.994,176.183,5.4,0.0,0.0,TURNING_AROUND,dump_zone_3,load_zone_26,0.000253,0.000678
2213.0,2026-07-02T16:42:35.701,3,118.697,202.5,20.277,0.25,1000.0,RETURNING_TO_START,load_zone_1,dump_zone_1,0.000299,0.000801
2214.0,2026-07-02T16:42:37.167,1,83.943,157.245,0.877,-0.5,0.0,LOADING,dump_zone_2,load_zone_1,0.00025,0.00067
2214.0,2026-07-02T16:42:37.167,2,656.807,175.587,0.0,-0.0,0.0,GOING_TO_ENDPOINT,dump_zone_3,load_zone_26,0.00025,0.00067
2214.0,2026-07-02T16:42:37.167,3,124.26,202.499,19.377,-0.5,1000.0,RETURNING_TO_START,load_zone_1,dump_zone_1,0.00025,0.00067
2215.0,2026-07-02T16:42:39.043,1,83.982,157.215,0.0,-0.5,0.0,LOADING,dump_zone_2,load_zone_1,0.00025,0.00067
2215.0,2026-07-02T16:42:39.043,2,656.801,175.798,1.95,1.0,0.0,GOING_TO_ENDPOINT,dump_zone_3,load_zone_26,0.000258,0.000691
2215.0,2026-07-02T16:42:39.043,3,129.371,202.5,17.577,-0.5,1000.0,RETURNING_TO_START,load_zone_1,dump_zone_1,0.00025,0.00067
2216.0,2026-07-02T16:42:40.756,1,84.695,156.786,7.2,0.0,1000.0,TURNING_AROUND,load_zone_1,dump_zone_2,0.000258,0.000691
2216.0,2026-07-02T16:42:40.756,2,656.588,176.856,5.55,1.0,0.0,GOING_TO_ENDPOINT,dump_zone_3,load_zone_26,0.000271,0.000726
2216.0,2026-07-02T16:42:40.756,3,133.983,202.5,15.777,-0.5,1000.0,RETURNING_TO_START,load_zone_1,dump_zone_1,0.00025,0.00067
2217.0,2026-07-02T16:42:42.120,1,86.639,156.417,7.2,0.0,1000.0,TURNING_AROUND,load_zone_1,dump_zone_2,0.000258,0.000691
2217.0,2026-07-02T16:42:42.120,2,655.485,178.607,9.15,1.0,0.0,GOING_TO_ENDPOINT,dump_zone_3,load_zone_26,0.000285,0.000764
2217.0,2026-07-02T16:42:42.120,3,138.094,202.5,13.977,-0.5,1000.0,RETURNING_TO_START,load_zone_1,dump_zone_1,0.00025,0.00067
2218.0,2026-07-02T16:42:43.198,1,85.78,156.087,5.4,0.0,1000.0,TURNING_AROUND,load_zone_1,dump_zone_2,0.000256,0.000686
2218.0,2026-07-02T16:42:43.198,2,652.984,180.388,12.75,1.0,0.0,GOING_TO_ENDPOINT,dump_zone_3,load_zone_26,0.000299,0.000801
2218.0,2026-07-02T16:42:43.198,3,141.706,202.5,12.177,-0.5,1000.0,RETURNING_TO_START,load_zone_1,dump_zone_1,0.00025,0.00067
2219.0,2026-07-02T16:42:44.537,1,86.793,157.074,7.2,0.0,1000.0,TURNING_AROUND,load_zone_1,dump_zone_2,0.000258,0.000691
2219.0,2026-07-02T16:42:44.537,2,649.601,182.656,16.325,0.9167,0.0,GOING_TO_ENDPOINT,dump_zone_3,load_zone_26,0.000309,0.000828
2219.0,2026-07-02T16:42:44.537,3,144.817,202.5,10.377,-0.5,1000.0,RETURNING_TO_START,load_zone_1,dump_zone_1,0.00025,0.00067
2220.0,2026-07-02T16:42:46.086,1,87.405,158.298,0.0,-0.4167,1000.0,RETURNING_TO_START,load_zone_1,dump_zone_2,0.00025,0.00067
2220.0,2026-07-02T16:42:46.086,2,647.536,186.897,17.675,-0.0833,0.0,GOING_TO_ENDPOINT,dump_zone_3,load_zone_26,0.000256,0.000686
2220.0,2026-07-02T16:42:46.086,3,147.429,202.498,8.577,-0.5,1000.0,RETURNING_TO_START,load_zone_1,dump_zone_1,0.00025,0.00067
2221.0,2026-07-02T16:42:47.000,1,87.404,158.347,0.7,0.5833,1000.0,RETURNING_TO_START,load_zone_1,dump_zone_2,0.000253,0.000678
2221.0,2026-07-02T16:42:47.000,2,647.454,191.594,16.125,-0.5,0.0,GOING_TO_ENDPOINT,dump_zone_3,load_zone_26,0.00025,0.00067
2221.0,2026-07-02T16:42:47.000,3,149.59,202.827,7.902,0.25,1000.0,RETURNING_TO_START,load_zone_1,dump_zone_1,0.000269,0.000721
2222.0,2026-07-02T16:42:48.097,1,87.335,159.015,4.05,1.0,1000.0,RETURNING_TO_START,load_zone_1,dump_zone_2,0.000276,0.00074
2222.0,2026-07-02T16:42:48.097,2,647.497,195.802,14.325,-0.5,0.0,GOING_TO_ENDPOINT,dump_zone_3,load_zone_26,0.00025,0.00067
2222.0,2026-07-02T16:42:48.097,3,151.444,204.492,10.602,1.0,1000.0,RETURNING_TO_START,load_zone_1,dump_zone_1,0.000318,0.000852
2223.0,2026-07-02T16:42:49.537,1,86.681,160.534,7.65,1.0,1000.0,RETURNING_TO_START,load_zone_1,dump_zone_2,0.000299,0.000801
2223.0,2026-07-02T16:42:49.537,2,647.34,199.492,12.55,-0.4167,0.0,GOING_TO_ENDPOINT,dump_zone_3,load_zone_26,0.00025,0.00067
2223.0,2026-07-02T16:42:49.537,3,151.701,207.858,14.202,1.0,1000.0,RETURNING_TO_START,load_zone_1,dump_zone_1,0.000342,0.000917
2224.0,2026-07-02T16:42:51.076,1,84.545,162.051,11.25,1.0,1000.0,RETURNING_TO_START,load_zone_1,dump_zone_2,0.000323,0.000866
2224.0,2026-07-02T16:42:51.076,2,645.073,201.976,13.0,0.5833,0.0,GOING_TO_ENDPOINT,dump_zone_3,load_zone_26,0.000283,0.000758
2224.0,2026-07-02T16:42:51.076,3,149.237,211.595,17.802,1.0,1000.0,RETURNING_TO_START,load_zone_1,dump_zone_1,0.000365,0.000978
2225.0,2026-07-02T16:42:53.147,1,81.055,163.172,14.825,0.9167,1000.0,RETURNING_TO_START,load_zone_1,dump_zone_2,0.000339,0.000909
2225.0,2026-07-02T16:42:53.147,2,641.19,201.504,16.35,1.0,0.0,GOING_TO_ENDPOINT,dump_zone_3,load_zone_26,0.000313,0.000839
2225.0,2026-07-02T16:42:53.147,3,147.599,216.727,20.702,0.4167,1000.0,RETURNING_TO_START,load_zone_1,dump_zone_1,0.000318,0.000852
2226.0,2026-07-02T16:42:56.184,1,77.702,165.823,16.175,-0.0833,1000.0,RETURNING_TO_START,load_zone_1,dump_zone_2,0.00026,0.000697
2226.0,2026-07-02T16:42:56.184,2,637.8,197.748,19.865,0.8496,0.0,GOING_TO_ENDPOINT,dump_zone_3,load_zone_26,0.000317,0.00085
2226.0,2026-07-02T16:42:56.184,3,147.483,222.517,20.472,-0.5,1000.0,RETURNING_TO_START,load_zone_1,dump_zone_1,0.00025,0.00067
2227.0,2026-07-02T16:42:59.086,1,78.178,169.883,14.625,-0.5,1000.0,RETURNING_TO_START,load_zone_1,dump_zone_2,0.00025,0.00067
2227.0,2026-07-02T16:42:59.086,2,632.492,195.661,20.973,-0.1504,0.0,GOING_TO_ENDPOINT,dump_zone_3,load_zone_26,0.000253,0.000678
2227.0,2026-07-02T16:42:59.086,3,147.499,227.933,18.672,-0.5,1000.0,RETURNING_TO_START,load_zone_1,dump_zone_1,0.00025,0.00067
2228.0,2026-07-02T16:43:00.972,1,80.664,172.958,14.475,0.4167,1000.0,RETURNING_TO_START,load_zone_1,dump_zone_2,0.000298,0.000799
2228.0,2026-07-02T16:43:00.972,2,626.938,194.955,19.343,-0.5,0.0,GOING_TO_ENDPOINT,dump_zone_3,load_zone_26,0.00025,0.00067
2228.0,2026-07-02T16:43:00.972,3,147.5,232.849,16.872,-0.5,1000.0,RETURNING_TO_START,load_zone_1,dump_zone_1,0.00025,0.00067
2229.0,2026-07-02T16:43:02.754,1,83.08,176.679,17.55,1.0,1000.0,RETURNING_TO_START,load_zone_1,dump_zone_2,0.000363,0.000973
2229.0,2026-07-02T16:43:02.754,2,621.869,194.373,17.543,-0.5,0.0,GOING_TO_ENDPOINT,dump_zone_3,load_zone_26,0.00025,0.00067
2229.0,2026-07-02T16:43:02.754,3,147.5,237.265,15.072,-0.5,1000.0,RETURNING_TO_START,load_zone_1,dump_zone_1,0.00025,0.00067
2230.0,2026-07-02T16:43:04.769,1,85.782,181.181,19.5,0.0833,1000.0,RETURNING_TO_START,load_zone_1,dump_zone_2,0.000279,0.000748
2230.0,2026-07-02T16:43:04.769,2,617.285,193.966,15.743,-0.5,0.0,GOING_TO_ENDPOINT,dump_zone_3,load_zone_26,0.00025,0.00067
2230.0,2026-07-02T16:43:04.769,3,147.5,241.181,13.272,-0.5,1000.0,RETURNING_TO_START,load_zone_1,dump_zone_1,0.00025,0.00067
2231.0,2026-07-02T16:43:06.888,1,88.494,185.702,18.225,-0.5,1000.0,RETURNING_TO_START,load_zone_1,dump_zone_2,0.00025,0.00067
2231.0,2026-07-02T16:43:06.888,2,613.186,193.824,13.943,-0.5,0.0,GOING_TO_ENDPOINT,dump_zone_3,load_zone_26,0.00025,0.00067
2231.0,2026-07-02T16:43:06.888,3,147.5,244.596,11.472,-0.5,1000.0,RETURNING_TO_START,load_zone_1,dump_zone_1,0.00025,0.00067
2232.0,2026-07-02T16:43:08.850,1,90.962,189.809,16.425,-0.5,1000.0,RETURNING_TO_START,load_zone_1,dump_zone_2,0.00025,0.00067
2232.0,2026-07-02T16:43:08.850,2,609.605,194.103,12.143,-0.5,0.0,GOING_TO_ENDPOINT,dump_zone_3,load_zone_26,0.00025,0.00067
2232.0,2026-07-02T16:43:08.850,3,147.508,247.512,9.672,-0.5,1000.0,RETURNING_TO_START,load_zone_1,dump_zone_1,0.00025,0.00067
2233.0,2026-07-02T16:43:10.867,1,93.172,193.488,14.625,-0.5,1000.0,RETURNING_TO_START,load_zone_1,dump_zone_2,0.00025,0.00067
2233.0,2026-07-02T16:43:10.867,2,606.835,195.472,10.343,-0.5,0.0,GOING_TO_ENDPOINT,dump_zone_3,load_zone_26,0.00025,0.00067
2233.0,2026-07-02T16:43:10.867,3,147.761,249.926,8.104,-0.25,1000.0,RETURNING_TO_START,load_zone_1,dump_zone_1,0.00025,0.00067
2234.0,2026-07-02T16:43:12.504,1,95.124,196.738,12.825,-0.5,1000.0,RETURNING_TO_START,load_zone_1,dump_zone_2,0.00025,0.00067
2234.0,2026-07-02T16:43:12.504,2,604.558,196.727,8.543,-0.5,0.0,GOING_TO_ENDPOINT,dump_zone_3,load_zone_26,0.00025,0.00067
2234.0,2026-07-02T16:43:12.504,3,148.685,251.946,7.754,-0.4167,1000.0,RETURNING_TO_START,load_zone_1,dump_zone_1,0.00025,0.00067
2235.0,2026-07-02T16:43:14.385,1,96.827,199.555,11.025,-0.5,1000.0,RETURNING_TO_START,load_zone_1,dump_zone_2,0.00025,0.00067
2235.0,2026-07-02T16:43:14.385,2,602.653,197.615,6.743,-0.5,0.0,GOING_TO_ENDPOINT,dump_zone_3,load_zone_26,0.00025,0.00067
2235.0,2026-07-02T16:43:14.385,3,149.862,253.535,7.079,0.25,1000.0,RETURNING_TO_START,load_zone_1,dump_zone_1,0.000267,0.000716
2236.0,2026-07-02T16:43:16.299,1,98.724,201.581,9.375,-0.25,1000.0,RETURNING_TO_START,load_zone_1,dump_zone_2,0.00025,0.00067
2236.0,2026-07-02T16:43:16.299,2,601.157,198.213,5.043,-0.5,0.0,GOING_TO_ENDPOINT,dump_zone_3,load_zone_26,0.00025,0.00067
2236.0,2026-07-02T16:43:16.299,3,151.382,255.27,9.779,1.0,1000.0,RETURNING_TO_START,load_zone_1,dump_zone_1,0.000313,0.000839
2237.0,2026-07-02T16:43:18.120,1,100.973,202.388,7.975,-0.25,1000.0,RETURNING_TO_START,load_zone_1,dump_zone_2,0.00025,0.00067
2237.0,2026-07-02T16:43:18.120,2,599.945,198.356,4.368,0.25,0.0,GOING_TO_ENDPOINT,dump_zone_3,load_zone_26,0.000256,0.000686
2237.0,2026-07-02T16:43:18.120,3,153.584,257.672,13.379,1.0,1000.0,RETURNING_TO_START,load_zone_1,dump_zone_1,0.000336,0.0009
2238.0,2026-07-02T16:43:19.617,1,103.253,202.587,9.025,0.75,1000.0,RETURNING_TO_START,load_zone_1,dump_zone_2,0.000296,0.000793
2238.0,2026-07-02T16:43:19.617,2,598.443,198.0,7.068,1.0,0.0,GOING_TO_ENDPOINT,dump_zone_3,load_zone_26,0.000277,0.000742
2238.0,2026-07-02T16:43:19.617,3,156.479,260.794,16.979,1.0,1000.0,RETURNING_TO_START,load_zone_1,dump_zone_1,0.000359,0.000962
2239.0,2026-07-02T16:43:20.866,1,106.28,202.638,12.55,1.0,1000.0,RETURNING_TO_START,load_zone_1,dump_zone_2,0.000331,0.000887
2239.0,2026-07-02T16:43:20.866,2,596.642,196.319,10.668,1.0,0.0,GOING_TO_ENDPOINT,dump_zone_3,load_zone_26,0.000291,0.00078
2239.0,2026-07-02T16:43:20.866,3,160.034,264.661,20.428,0.7491,1000.0,RETURNING_TO_START,load_zone_1,dump_zone_1,0.000354,0.000949
2240.0,2026-07-02T16:43:22.423,1,110.308,202.582,16.15,1.0,1000.0,RETURNING_TO_START,load_zone_1,dump_zone_2,0.000354,0.000949
2240.0,2026-07-02T16:43:22.423,2,596.444,192.933,14.268,1.0,0.0,GOING_TO_ENDPOINT,dump_zone_3,load_zone_26,0.000305,0.000817
2240.0,2026-07-02T16:43:22.423,3,164.041,268.95,21.175,-0.2509,1000.0,RETURNING_TO_START,load_zone_1,dump_zone_1,0.00025,0.00067
2241.0,2026-07-02T16:43:24.299,1,115.315,202.511,19.375,0.5833,1000.0,RETURNING_TO_START,load_zone_1,dump_zone_2,0.000331,0.000887
2241.0,2026-07-02T16:43:24.299,2,599.191,189.387,17.868,1.0,0.0,GOING_TO_ENDPOINT,dump_zone_3,load_zone_26,0.000319,0.000855
2241.0,2026-07-02T16:43:24.299,3,167.972,272.981,19.449,-0.5,1000.0,RETURNING_TO_START,load_zone_1,dump_zone_1,0.00025,0.00067
2242.0,2026-07-02T16:43:26.405,1,120.802,202.499,19.525,-0.4167,1000.0,RETURNING_TO_START,load_zone_1,dump_zone_2,0.00025,0.00067
2242.0,2026-07-02T16:43:26.405,2,601.706,184.517,21.468,1.0,0.0,GOING_TO_ENDPOINT,dump_zone_3,load_zone_26,0.000333,0.000892
2242.0,2026-07-02T16:43:26.405,3,171.673,276.536,17.649,-0.5,1000.0,RETURNING_TO_START,load_zone_1,dump_zone_1,0.00025,0.00067
2243.0,2026-07-02T16:43:28.205,1,125.955,202.5,17.725,-0.5,1000.0,RETURNING_TO_START,load_zone_1,dump_zone_2,0.00025,0.00067
2243.0,2026-07-02T16:43:28.205,2,602.5,178.088,25.068,1.0,0.0,GOING_TO_ENDPOINT,dump_zone_3,load_zone_26,0.000347,0.00093
2243.0,2026-07-02T16:43:28.205,3,175.175,279.565,15.849,-0.5,1000.0,RETURNING_TO_START,load_zone_1,dump_zone_1,0.00025,0.00067
2244.0,2026-07-02T16:43:30.571,1,130.608,202.5,15.925,-0.5,1000.0,RETURNING_TO_START,load_zone_1,dump_zone_2,0.00025,0.00067
2244.0,2026-07-02T16:43:30.571,2,602.502,170.655,27.868,0.4167,0.0,GOING_TO_ENDPOINT,dump_zone_3,load_zone_26,0.000305,0.000817
2244.0,2026-07-02T16:43:30.571,3,178.546,281.949,14.049,-0.5,1000.0,RETURNING_TO_START,load_zone_1,dump_zone_1,0.00025,0.00067
2245.0,2026-07-02T16:43:32.601,1,134.76,202.5,14.125,-0.5,1000.0,RETURNING_TO_START,load_zone_1,dump_zone_2,0.00025,0.00067
2245.0,2026-07-02T16:43:32.601,2,602.5,162.887,27.718,-0.0833,0.0,GOING_TO_ENDPOINT,dump_zone_3,load_zone_26,0.00026,0.000697
2245.0,2026-07-02T16:43:32.601,3,181.832,283.531,12.449,-0.4167,1000.0,RETURNING_TO_START,load_zone_1,dump_zone_1,0.00025,0.00067
2246.0,2026-07-02T16:43:34.916,1,138.427,202.5,12.425,-0.5,1000.0,RETURNING_TO_START,load_zone_1,dump_zone_2,0.00025,0.00067
2246.0,2026-07-02T16:43:34.916,2,602.5,155.12,27.96,-0.2534,0.0,GOING_TO_ENDPOINT,dump_zone_3,load_zone_26,0.00025,0.00067
2246.0,2026-07-02T16:43:34.916,3,184.968,284.376,11.013,-0.5,1000.0,RETURNING_TO_START,load_zone_1,dump_zone_1,0.00025,0.00067
2247.0,2026-07-02T16:43:37.335,1,141.613,202.5,10.679,-0.5,1000.0,RETURNING_TO_START,load_zone_1,dump_zone_2,0.00025,0.00067
2247.0,2026-07-02T16:43:37.335,2,602.5,147.584,26.608,-0.0833,0.0,GOING_TO_ENDPOINT,dump_zone_3,load_zone_26,0.00026,0.000697
2247.0,2026-07-02T16:43:37.335,3,187.738,284.454,9.213,-0.5,1000.0,RETURNING_TO_START,load_zone_1,dump_zone_1,0.00025,0.00067
2248.0,2026-07-02T16:43:40.176,1,144.329,202.5,9.249,-0.1002,1000.0,RETURNING_TO_START,load_zone_1,dump_zone_2,0.000255,0.000683
2248.0,2026-07-02T16:43:40.176,2,602.5,140.067,27.558,0.25,0.0,GOING_TO_ENDPOINT,dump_zone_3,load_zone_26,0.00029,0.000777
2248.0,2026-07-02T16:43:40.176,3,189.889,283.692,7.413,-0.5,1000.0,RETURNING_TO_START,load_zone_1,dump_zone_1,0.00025,0.00067
2249.0,2026-07-02T16:43:42.551,1,146.714,202.5,7.799,-0.5,1000.0,RETURNING_TO_START,load_zone_1,dump_zone_2,0.00025,0.00067
2249.0,2026-07-02T16:43:42.551,2,602.5,132.3,28.077,-0.1367,0.0,GOING_TO_ENDPOINT,dump_zone_3,load_zone_26,0.000255,0.000683
2249.0,2026-07-02T16:43:42.551,3,191.548,282.911,5.933,-0.3606,1000.0,RETURNING_TO_START,load_zone_1,dump_zone_1,0.00025,0.00067
2250.0,2026-07-02T16:43:44.703,1,148.644,202.656,6.699,0.0833,1000.0,RETURNING_TO_START,load_zone_1,dump_zone_2,0.00026,0.000697
2250.0,2026-07-02T16:43:44.703,2,602.5,124.484,28.435,0.1967,0.0,GOING_TO_ENDPOINT,dump_zone_3,load_zone_26,0.000286,0.000766
2250.0,2026-07-02T16:43:44.703,3,192.889,282.383,4.892,0.0833,1000.0,RETURNING_TO_START,load_zone_1,dump_zone_1,0.000257,0.000689
2251.0,2026-07-02T16:43:46.947,1,150.429,203.744,8.924,1.0,1000.0,RETURNING_TO_START,load_zone_1,dump_zone_2,0.000308,0.000825
2251.0,2026-07-02T16:43:46.947,2,602.5,116.66,27.693,-0.3033,0.0,GOING_TO_ENDPOINT,dump_zone_3,load_zone_26,0.00025,0.00067
2251.0,2026-07-02T16:43:46.947,3,194.245,281.936,5.275,0.0706,1000.0,RETURNING_TO_START,load_zone_1,dump_zone_1,0.000258,0.000691
2252.0,2026-07-02T16:43:48.878,1,151.501,206.49,12.524,1.0,1000.0,RETURNING_TO_START,load_zone_1,dump_zone_2,0.000331,0.000887
2252.0,2026-07-02T16:43:48.878,2,602.5,108.953,28.023,0.2481,0.0,GOING_TO_ENDPOINT,dump_zone_3,load_zone_26,0.00029,0.000777
2252.0,2026-07-02T16:43:48.878,3,195.539,281.547,4.286,-0.4167,1000.0,RETURNING_TO_START,load_zone_1,dump_zone_1,0.00025,0.00067
2253.0,2026-07-02T16:43:51.054,1,149.989,210.156,16.124,1.0,1000.0,RETURNING_TO_START,load_zone_1,dump_zone_2,0.000354,0.000949
2253.0,2026-07-02T16:43:51.054,2,602.5,101.101,28.086,-0.235,0.0,GOING_TO_ENDPOINT,dump_zone_3,load_zone_26,0.00025,0.00067
2253.0,2026-07-02T16:43:51.054,3,196.61,281.24,4.235,0.2724,1000.0,RETURNING_TO_START,load_zone_1,dump_zone_1,0.000261,0.000699
2254.0,2026-07-02T16:43:53.492,1,147.883,214.667,19.574,0.75,1000.0,RETURNING_TO_START,load_zone_1,dump_zone_2,0.00035,0.000938
2254.0,2026-07-02T16:43:53.492,2,602.5,93.284,28.24,-0.0683,0.0,GOING_TO_ENDPOINT,dump_zone_3,load_zone_26,0.000262,0.000702
2254.0,2026-07-02T16:43:53.492,3,197.816,281.01,4.441,-0.1609,1000.0,RETURNING_TO_START,load_zone_1,dump_zone_1,0.000251,0.000673
2255.0,2026-07-02T16:43:55.704,1,147.457,220.272,20.324,-0.25,1000.0,RETURNING_TO_START,load_zone_1,dump_zone_2,0.00025,0.00067
2255.0,2026-07-02T16:43:55.704,2,602.5,85.568,27.454,-0.1488,0.0,GOING_TO_ENDPOINT,dump_zone_3,load_zone_26,0.000254,0.000681
2255.0,2026-07-02T16:43:55.704,3,198.817,281.003,2.798,-0.5,1000.0,RETURNING_TO_START,load_zone_1,dump_zone_1,0.00025,0.00067
2256.0,2026-07-02T16:43:57.807,1,147.492,225.667,18.599,-0.5,1000.0,RETURNING_TO_START,load_zone_1,dump_zone_2,0.00025,0.00067
2256.0,2026-07-02T16:43:57.807,2,602.5,77.937,27.403,-0.0436,0.0,GOING_TO_ENDPOINT,dump_zone_3,load_zone_26,0.000264,0.000708
2256.0,2026-07-02T16:43:57.807,3,199.321,281.093,1.148,-0.25,1000.0,RETURNING_TO_START,load_zone_1,dump_zone_1,0.00025,0.00067
2257.0,2026-07-02T16:44:00.271,1,147.501,230.562,16.799,-0.5,1000.0,RETURNING_TO_START,load_zone_1,dump_zone_2,0.00025,0.00067
2257.0,2026-07-02T16:44:00.271,2,602.5,70.334,27.596,0.2064,0.0,GOING_TO_ENDPOINT,dump_zone_3,load_zone_26,0.000286,0.000766
2257.0,2026-07-02T16:44:00.271,3,199.699,281.205,2.198,0.75,1000.0,RETURNING_TO_START,load_zone_1,dump_zone_1,0.000261,0.000699
2258.0,2026-07-02T16:44:02.546,1,147.5,234.958,14.999,-0.5,1000.0,RETURNING_TO_START,load_zone_1,dump_zone_2,0.00025,0.00067
2258.0,2026-07-02T16:44:02.546,2,602.5,62.473,28.636,0.044,0.0,GOING_TO_ENDPOINT,dump_zone_3,load_zone_26,0.000272,0.000729
2258.0,2026-07-02T16:44:02.546,3,200.695,281.733,5.698,0.9167,1000.0,RETURNING_TO_START,load_zone_1,dump_zone_1,0.000284,0.000761
2259.0,2026-07-02T16:44:04.335,1,147.5,238.853,13.199,-0.5,1000.0,RETURNING_TO_START,load_zone_1,dump_zone_2,0.00025,0.00067
2259.0,2026-07-02T16:44:04.335,2,602.5,54.62,27.895,-0.0393,0.0,GOING_TO_ENDPOINT,dump_zone_3,load_zone_26,0.000264,0.000708
2259.0,2026-07-02T16:44:04.335,3,201.984,283.365,9.223,1.0,1000.0,RETURNING_TO_START,load_zone_1,dump_zone_1,0.000309,0.000828
2260.0,2026-07-02T16:44:06.237,1,147.5,242.262,11.499,-0.5,1000.0,RETURNING_TO_START,load_zone_1,dump_zone_2,0.00025,0.00067
2260.0,2026-07-02T16:44:06.237,2,602.5,46.776,28.55,-0.0024,0.0,GOING_TO_ENDPOINT,dump_zone_3,load_zone_26,0.000268,0.000718
2260.0,2026-07-02T16:44:06.237,3,202.007,286.389,12.823,1.0,1000.0,RETURNING_TO_START,load_zone_1,dump_zone_1,0.000333,0.000892
2261.0,2026-07-02T16:44:07.786,1,147.5,245.186,9.699,-0.5,1000.0,RETURNING_TO_START,load_zone_1,dump_zone_2,0.00025,0.00067
2261.0,2026-07-02T16:44:07.786,2,602.5,38.975,27.676,-0.1943,0.0,GOING_TO_ENDPOINT,dump_zone_3,load_zone_26,0.00025,0.00067
2261.0,2026-07-02T16:44:07.786,3,198.974,288.954,16.423,1.0,1000.0,RETURNING_TO_START,load_zone_1,dump_zone_1,0.000356,0.000954
2262.0,2026-07-02T16:44:10.111,1,147.506,247.609,7.924,-0.4167,1000.0,RETURNING_TO_START,load_zone_1,dump_zone_2,0.00025,0.00067
2262.0,2026-07-02T16:44:10.111,2,602.5,31.36,27.225,0.0296,0.0,GOING_TO_ENDPOINT,dump_zone_3,load_zone_26,0.00027,0.000724
2262.0,2026-07-02T16:44:10.111,3,194.756,291.705,19.873,0.75,1000.0,RETURNING_TO_START,load_zone_1,dump_zone_1,0.000351,0.000941
2263.0,2026-07-02T16:44:11.981,1,147.693,249.611,6.959,0.0833,1000.0,RETURNING_TO_START,load_zone_1,dump_zone_2,0.00026,0.000697
2263.0,2026-07-02T16:44:11.981,2,602.5,23.715,27.846,0.39,0.0,GOING_TO_ENDPOINT,dump_zone_3,load_zone_26,0.000303,0.000812
2263.0,2026-07-02T16:44:11.981,3,192.149,296.746,20.623,-0.25,1000.0,RETURNING_TO_START,load_zone_1,dump_zone_1,0.00025,0.00067
2264.0,2026-07-02T16:44:13.914,1,148.494,251.595,8.459,0.25,1000.0,RETURNING_TO_START,load_zone_1,dump_zone_2,0.00027,0.000724
2264.0,2026-07-02T16:44:13.914,2,602.5,15.749,28.95,-0.11,0.0,GOING_TO_ENDPOINT,dump_zone_3,load_zone_26,0.000258,0.000691
2264.0,2026-07-02T16:44:13.914,3,190.487,301.966,18.898,-0.5,1000.0,RETURNING_TO_START,load_zone_1,dump_zone_1,0.00025,0.00067
2265.0,2026-07-02T16:44:15.708,1,149.869,253.524,8.809,0.4167,1000.0,RETURNING_TO_START,load_zone_1,dump_zone_2,0.000279,0.000748
2265.0,2026-07-02T16:44:15.708,2,602.5,7.917,27.518,-0.25,0.0,GOING_TO_ENDPOINT,dump_zone_3,load_zone_26,0.00025,0.00067
2265.0,2026-07-02T16:44:15.708,3,188.769,306.638,17.098,-0.5,1000.0,RETURNING_TO_START,load_zone_1,dump_zone_1,0.00025,0.00067
2266.0,2026-07-02T16:44:17.132,1,151.744,255.687,11.884,1.0,1000.0,RETURNING_TO_START,load_zone_1,dump_zone_2,0.000327,0.000876
2266.0,2026-07-02T16:44:17.132,2,602.5,0.292,27.662,0.2404,0.0,GOING_TO_ENDPOINT,dump_zone_3,load_zone_26,0.000289,0.000775
2266.0,2026-07-02T16:44:17.132,3,186.685,310.589,15.298,-0.5,1000.0,RETURNING_TO_START,load_zone_1,dump_zone_1,0.00025,0.00067
2267.0,2026-07-02T16:44:19.057,1,154.35,258.511,15.484,1.0,1000.0,RETURNING_TO_START,load_zone_1,dump_zone_2,0.00035,0.000938
2267.0,2026-07-02T16:44:19.057,2,602.5,-7.491,28.528,0.2404,0.0,GOING_TO_ENDPOINT,dump_zone_3,load_zone_26,0.00029,0.000777
2267.0,2026-07-02T16:44:19.057,3,183.705,313.187,13.498,-0.5,1000.0,RETURNING_TO_START,load_zone_1,dump_zone_1,0.00025,0.00067
2268.0,2026-07-02T16:44:21.177,1,157.642,262.063,19.084,1.0,1000.0,RETURNING_TO_START,load_zone_1,dump_zone_2,0.000373,0.001
2268.0,2026-07-02T16:44:21.177,2,602.5,-15.475,28.504,-0.3899,0.0,GOING_TO_ENDPOINT,dump_zone_3,load_zone_26,0.00025,0.00067
2268.0,2026-07-02T16:44:21.177,3,180.795,315.089,11.698,-0.5,1000.0,RETURNING_TO_START,load_zone_1,dump_zone_1,0.00025,0.00067
2269.0,2026-07-02T16:44:23.299,1,161.491,266.235,21.034,0.0833,1000.0,RETURNING_TO_START,load_zone_1,dump_zone_2,0.000282,0.000756
2269.0,2026-07-02T16:44:23.299,2,602.5,-23.2,27.42,-0.0833,0.0,GOING_TO_ENDPOINT,dump_zone_3,load_zone_26,0.00026,0.000697
2269.0,2026-07-02T16:44:23.299,3,178.75,317.239,9.923,-0.4167,1000.0,RETURNING_TO_START,load_zone_1,dump_zone_1,0.00025,0.00067
2270.0,2026-07-02T16:44:25.550,1,165.408,270.373,19.759,-0.5,1000.0,RETURNING_TO_START,load_zone_1,dump_zone_2,0.00025,0.00067
2270.0,2026-07-02T16:44:25.550,2,602.5,-30.878,27.97,0.25,0.0,GOING_TO_ENDPOINT,dump_zone_3,load_zone_26,0.00029,0.000777
2270.0,2026-07-02T16:44:25.550,3,177.58,319.677,10.108,0.4761,1000.0,RETURNING_TO_START,load_zone_1,dump_zone_1,0.000287,0.000769
2271.0,2026-07-02T16:44:27.794,1,169.085,274.075,17.959,-0.5,1000.0,RETURNING_TO_START,load_zone_1,dump_zone_2,0.00025,0.00067
2271.0,2026-07-02T16:44:27.794,2,602.5,-38.719,28.17,-0.25,0.0,GOING_TO_ENDPOINT,dump_zone_3,load_zone_26,0.00025,0.00067
2271.0,2026-07-02T16:44:27.794,3,176.956,322.858,13.265,0.9167,1000.0,RETURNING_TO_START,load_zone_1,dump_zone_1,0.00033,0.000884
2272.0,2026-07-02T16:44:29.924,1,172.523,277.305,16.159,-0.5,1000.0,RETURNING_TO_START,load_zone_1,dump_zone_2,0.00025,0.00067
2272.0,2026-07-02T16:44:29.924,2,602.5,-46.446,27.723,0.094,0.0,GOING_TO_ENDPOINT,dump_zone_3,load_zone_26,0.000276,0.00074
2272.0,2026-07-02T16:44:29.924,3,176.767,326.822,14.615,-0.0833,1000.0,RETURNING_TO_START,load_zone_1,dump_zone_1,0.000259,0.000694
2273.0,2026-07-02T16:44:32.092,1,175.753,280.016,14.359,-0.5,1000.0,RETURNING_TO_START,load_zone_1,dump_zone_2,0.00025,0.00067
2273.0,2026-07-02T16:44:32.092,2,602.5,-54.228,28.011,-0.0726,0.0,GOING_TO_ENDPOINT,dump_zone_3,load_zone_26,0.000261,0.000699
2273.0,2026-07-02T16:44:32.092,3,176.87,330.673,13.065,-0.5,1000.0,RETURNING_TO_START,load_zone_1,dump_zone_1,0.00025,0.00067
2274.0,2026-07-02T16:44:33.957,1,178.899,282.14,13.301,-0.1864,1000.0,RETURNING_TO_START,load_zone_1,dump_zone_2,0.000251,0.000673
2274.0,2026-07-02T16:44:33.957,2,602.5,-61.927,27.45,-0.3053,0.0,GOING_TO_ENDPOINT,dump_zone_3,load_zone_26,0.00025,0.00067
2274.0,2026-07-02T16:44:33.957,3,177.086,334.024,11.265,-0.5,1000.0,RETURNING_TO_START,load_zone_1,dump_zone_1,0.00025,0.00067
2275.0,2026-07-02T16:44:35.476,1,182.065,283.623,11.928,-0.4161,1000.0,RETURNING_TO_START,load_zone_1,dump_zone_2,0.00025,0.00067
2275.0,2026-07-02T16:44:35.476,2,602.5,-69.293,25.692,-0.5,0.0,GOING_TO_ENDPOINT,dump_zone_3,load_zone_26,0.00025,0.00067
2275.0,2026-07-02T16:44:35.476,3,177.305,336.875,9.465,-0.5,1000.0,RETURNING_TO_START,load_zone_1,dump_zone_1,0.00025,0.00067
2276.0,2026-07-02T16:44:36.980,1,185.216,284.413,12.08,0.5006,1000.0,RETURNING_TO_START,load_zone_1,dump_zone_2,0.000295,0.000791
2276.0,2026-07-02T16:44:36.980,2,602.5,-76.158,23.892,-0.5,0.0,GOING_TO_ENDPOINT,dump_zone_3,load_zone_26,0.00025,0.00067
2276.0,2026-07-02T16:44:36.980,3,177.456,339.228,7.665,-0.5,1000.0,RETURNING_TO_START,load_zone_1,dump_zone_1,0.00025,0.00067
2277.0,2026-07-02T16:44:38.585,1,188.99,284.61,14.93,0.5833,1000.0,RETURNING_TO_START,load_zone_1,dump_zone_2,0.000313,0.000839
2277.0,2026-07-02T16:44:38.585,2,602.5,-82.524,22.092,-0.5,0.0,GOING_TO_ENDPOINT,dump_zone_3,load_zone_26,0.00025,0.00067
2277.0,2026-07-02T16:44:38.585,3,177.885,341.02,5.865,-0.5,1000.0,RETURNING_TO_START,load_zone_1,dump_zone_1,0.00025,0.00067
2278.0,2026-07-02T16:44:39.774,1,193.211,284.136,15.08,-0.4167,1000.0,RETURNING_TO_START,load_zone_1,dump_zone_2,0.00025,0.00067
2278.0,2026-07-02T16:44:39.774,2,602.5,-88.39,20.292,-0.5,0.0,GOING_TO_ENDPOINT,dump_zone_3,load_zone_26,0.00025,0.00067
2278.0,2026-07-02T16:44:39.774,3,178.682,342.113,4.065,-0.5,1000.0,RETURNING_TO_START,load_zone_1,dump_zone_1,0.00025,0.00067
2279.0,2026-07-02T16:44:40.909,1,197.016,283.205,13.28,-0.5,1000.0,RETURNING_TO_START,load_zone_1,dump_zone_2,0.00025,0.00067
2279.0,2026-07-02T16:44:40.909,2,602.5,-93.755,18.492,-0.5,0.0,GOING_TO_ENDPOINT,dump_zone_3,load_zone_26,0.00025,0.00067
2279.0,2026-07-02T16:44:40.909,3,179.354,342.644,2.265,-0.5,1000.0,UNLOADING,load_zone_1,dump_zone_1,0.00025,0.00067
2280.0,2026-07-02T16:44:42.213,1,200.374,282.572,11.855,-0.0833,1000.0,RETURNING_TO_START,load_zone_1,dump_zone_2,0.000257,0.000689
2280.0,2026-07-02T16:44:42.213,2,602.52,-98.621,16.717,-0.4167,0.0,GOING_TO_ENDPOINT,dump_zone_3,load_zone_26,0.00025,0.00067
2280.0,2026-07-02T16:44:42.213,3,179.664,342.824,0.465,-0.5,1000.0,UNLOADING,load_zone_1,dump_zone_1,0.00025,0.00067
2281.0,2026-07-02T16:44:43.068,1,203.261,284.275,13.505,0.9167,1000.0,RETURNING_TO_START,load_zone_1,dump_zone_2,0.000331,0.000887
2281.0,2026-07-02T16:44:43.068,2,605.283,-102.014,17.167,0.5833,0.0,GOING_TO_ENDPOINT,dump_zone_3,load_zone_26,0.000293,0.000785
2281.0,2026-07-02T16:44:43.068,3,179.675,342.829,0.0,-0.5,1000.0,UNLOADING,load_zone_1,dump_zone_1,0.00025,0.00067
2282.0,2026-07-02T16:44:44.159,1,203.521,288.362,17.105,1.0,1000.0,RETURNING_TO_START,load_zone_1,dump_zone_2,0.00036,0.000965
2282.0,2026-07-02T16:44:44.159,2,610.051,-100.529,20.517,1.0,0.0,GOING_TO_ENDPOINT,dump_zone_3,load_zone_26,0.000329,0.000882
2282.0,2026-07-02T16:44:44.159,3,180.775,343.204,7.2,0.0,0.0,TURNING_AROUND,dump_zone_1,load_zone_1,0.000255,0.000683
2283.0,2026-07-02T16:44:45.826,1,201.98,293.357,20.33,0.5833,1000.0,RETURNING_TO_START,load_zone_1,dump_zone_2,0.000335,0.000898
2283.0,2026-07-02T16:44:45.826,2,615.428,-97.683,22.992,0.25,0.0,GOING_TO_ENDPOINT,dump_zone_3,load_zone_26,0.000283,0.000758
2283.0,2026-07-02T16:44:45.826,3,182.75,343.07,7.2,0.0,0.0,TURNING_AROUND,dump_zone_1,load_zone_1,0.000255,0.000683
2284.0,2026-07-02T16:44:47.095,1,203.118,298.957,20.48,-0.4167,1000.0,RETURNING_TO_START,load_zone_1,dump_zone_2,0.00025,0.00067
2284.0,2026-07-02T16:44:47.095,2,621.723,-97.424,22.092,-0.5,0.0,GOING_TO_ENDPOINT,dump_zone_3,load_zone_26,0.00025,0.00067
2284.0,2026-07-02T16:44:47.095,3,181.441,343.785,5.4,0.0,0.0,TURNING_AROUND,dump_zone_1,load_zone_1,0.000253,0.000678
2285.0,2026-07-02T16:44:48.267,1,204.916,304.068,18.68,-0.5,1000.0,RETURNING_TO_START,load_zone_1,dump_zone_2,0.00025,0.00067
2285.0,2026-07-02T16:44:48.267,2,627.588,-97.513,20.292,-0.5,0.0,GOING_TO_ENDPOINT,dump_zone_3,load_zone_26,0.00025,0.00067
2285.0,2026-07-02T16:44:48.267,3,182.604,342.183,7.2,0.0,0.0,TURNING_AROUND,dump_zone_1,load_zone_1,0.000255,0.000683
2286.0,2026-07-02T16:44:49.635,1,206.68,308.658,16.88,-0.5,1000.0,RETURNING_TO_START,load_zone_1,dump_zone_2,0.00025,0.00067
2286.0,2026-07-02T16:44:49.635,2,632.953,-97.504,18.492,-0.5,0.0,GOING_TO_ENDPOINT,dump_zone_3,load_zone_26,0.00025,0.00067
2286.0,2026-07-02T16:44:49.635,3,182.797,341.545,0.025,0.0833,0.0,GOING_TO_ENDPOINT,dump_zone_1,load_zone_1,0.00025,0.00067
2287.0,2026-07-02T16:44:50.942,1,208.692,312.585,15.08,-0.5,1000.0,RETURNING_TO_START,load_zone_1,dump_zone_2,0.00025,0.00067
2287.0,2026-07-02T16:44:50.942,2,637.819,-97.5,16.692,-0.5,0.0,GOING_TO_ENDPOINT,dump_zone_3,load_zone_26,0.00025,0.00067
2287.0,2026-07-02T16:44:50.942,3,182.791,341.283,2.25,1.0,0.0,GOING_TO_ENDPOINT,dump_zone_1,load_zone_1,0.000259,0.000694
2288.0,2026-07-02T16:44:52.585,1,211.234,315.551,13.28,-0.5,1000.0,RETURNING_TO_START,load_zone_1,dump_zone_2,0.00025,0.00067
2288.0,2026-07-02T16:44:52.585,2,642.185,-97.5,14.892,-0.5,0.0,GOING_TO_ENDPOINT,dump_zone_3,load_zone_26,0.00025,0.00067
2288.0,2026-07-02T16:44:52.585,3,182.73,340.118,5.85,1.0,0.0,GOING_TO_ENDPOINT,dump_zone_1,load_zone_1,0.000273,0.000732
2289.0,2026-07-02T16:44:54.188,1,213.993,317.561,11.48,-0.5,1000.0,RETURNING_TO_START,load_zone_1,dump_zone_2,0.00025,0.00067
2289.0,2026-07-02T16:44:54.188,2,646.05,-97.5,13.092,-0.5,0.0,GOING_TO_ENDPOINT,dump_zone_3,load_zone_26,0.00025,0.00067
2289.0,2026-07-02T16:44:54.188,3,182.557,337.958,9.45,1.0,0.0,GOING_TO_ENDPOINT,dump_zone_1,load_zone_1,0.000287,0.000769
2290.0,2026-07-02T16:44:56.273,1,216.406,319.197,9.68,-0.5,1000.0,RETURNING_TO_START,load_zone_1,dump_zone_2,0.00025,0.00067
2290.0,2026-07-02T16:44:56.273,2,649.41,-97.638,11.292,-0.5,0.0,GOING_TO_ENDPOINT,dump_zone_3,load_zone_26,0.00025,0.00067
2290.0,2026-07-02T16:44:56.273,3,182.242,334.807,13.05,1.0,0.0,GOING_TO_ENDPOINT,dump_zone_1,load_zone_1,0.0003,0.000804
2291.0,2026-07-02T16:44:58.416,1,217.784,321.153,7.982,-0.4109,1000.0,RETURNING_TO_START,load_zone_1,dump_zone_2,0.00025,0.00067
2291.0,2026-07-02T16:44:58.416,2,652.038,-98.711,9.492,-0.5,0.0,GOING_TO_ENDPOINT,dump_zone_3,load_zone_26,0.00025,0.00067
2291.0,2026-07-02T16:44:58.416,3,181.904,330.751,15.525,0.25,0.0,GOING_TO_ENDPOINT,dump_zone_1,load_zone_1,0.000272,0.000729
2292.0,2026-07-02T16:45:00.132,1,218.243,323.258,8.153,0.5057,1000.0,RETURNING_TO_START,load_zone_1,dump_zone_2,0.000281,0.000753
2292.0,2026-07-02T16:45:00.132,2,653.97,-100.343,9.342,0.4167,0.0,GOING_TO_ENDPOINT,dump_zone_3,load_zone_26,0.000269,0.000721
2292.0,2026-07-02T16:45:00.132,3,181.774,326.51,14.625,-0.5,0.0,GOING_TO_ENDPOINT,dump_zone_1,load_zone_1,0.00025,0.00067
2293.0,2026-07-02T16:45:01.532,1,218.343,325.97,11.386,1.0,1000.0,RETURNING_TO_START,load_zone_1,dump_zone_2,0.000323,0.000866
2293.0,2026-07-02T16:45:01.532,2,656.11,-102.46,12.417,1.0,0.0,GOING_TO_ENDPOINT,dump_zone_3,load_zone_26,0.000298,0.000799
2293.0,2026-07-02T16:45:01.532,3,182.012,322.729,12.825,-0.5,0.0,GOING_TO_ENDPOINT,dump_zone_1,load_zone_1,0.00025,0.00067
2294.0,2026-07-02T16:45:03.003,1,218.196,329.506,13.336,0.0833,1000.0,RETURNING_TO_START,load_zone_1,dump_zone_2,0.00027,0.000724
2294.0,2026-07-02T16:45:03.003,2,658.897,-105.317,16.017,1.0,0.0,GOING_TO_ENDPOINT,dump_zone_3,load_zone_26,0.000312,0.000836
2294.0,2026-07-02T16:45:03.003,3,183.08,319.649,11.025,-0.5,0.0,GOING_TO_ENDPOINT,dump_zone_1,load_zone_1,0.00025,0.00067
2295.0,2026-07-02T16:45:04.626,1,217.967,333.058,12.061,-0.5,1000.0,RETURNING_TO_START,load_zone_1,dump_zone_2,0.00025,0.00067
2295.0,2026-07-02T16:45:04.626,2,662.405,-108.866,19.617,1.0,0.0,GOING_TO_ENDPOINT,dump_zone_3,load_zone_26,0.000326,0.000874
2295.0,2026-07-02T16:45:04.626,3,185.211,317.856,9.35,-0.4167,0.0,GOING_TO_ENDPOINT,dump_zone_1,load_zone_1,0.00025,0.00067
2296.0,2026-07-02T16:45:06.733,1,217.737,336.129,10.261,-0.5,1000.0,RETURNING_TO_START,load_zone_1,dump_zone_2,0.00025,0.00067
2296.0,2026-07-02T16:45:06.733,2,666.639,-113.105,23.217,1.0,0.0,GOING_TO_ENDPOINT,dump_zone_3,load_zone_26,0.00034,0.000911
2296.0,2026-07-02T16:45:06.733,3,187.395,316.479,9.8,0.5833,0.0,GOING_TO_ENDPOINT,dump_zone_1,load_zone_1,0.000275,0.000737
2297.0,2026-07-02T16:45:09.069,1,217.565,338.703,8.461,-0.5,1000.0,RETURNING_TO_START,load_zone_1,dump_zone_2,0.00025,0.00067
2297.0,2026-07-02T16:45:09.069,2,671.582,-118.047,26.792,0.9167,0.0,GOING_TO_ENDPOINT,dump_zone_3,load_zone_26,0.000346,0.000927
2297.0,2026-07-02T16:45:09.069,3,189.803,314.409,12.814,0.6162,0.0,GOING_TO_ENDPOINT,dump_zone_1,load_zone_1,0.000284,0.000761
2298.0,2026-07-02T16:45:10.959,1,217.753,340.763,6.661,-0.5,1000.0,RETURNING_TO_START,load_zone_1,dump_zone_2,0.00025,0.00067
2298.0,2026-07-02T16:45:10.959,2,677.052,-123.516,28.196,-0.0651,0.0,GOING_TO_ENDPOINT,dump_zone_3,load_zone_26,0.000262,0.000702
2298.0,2026-07-02T16:45:10.959,3,192.004,311.465,13.133,-0.2172,0.0,GOING_TO_ENDPOINT,dump_zone_1,load_zone_1,0.00025,0.00067
2299.0,2026-07-02T16:45:12.312,1,218.506,342.14,4.861,-0.5,1000.0,RETURNING_TO_START,load_zone_1,dump_zone_2,0.00025,0.00067
2299.0,2026-07-02T16:45:12.312,2,682.448,-128.913,26.674,-0.5,0.0,GOING_TO_ENDPOINT,dump_zone_3,load_zone_26,0.00025,0.00067
2299.0,2026-07-02T16:45:12.312,3,193.59,308.081,14.301,0.7828,0.0,GOING_TO_ENDPOINT,dump_zone_1,load_zone_1,0.000295,0.000791
2300.0,2026-07-02T16:45:13.613,1,219.298,342.869,3.061,-0.5,1000.0,UNLOADING,load_zone_1,dump_zone_2,0.00025,0.00067
2300.0,2026-07-02T16:45:13.613,2,687.496,-133.96,24.874,-0.5,0.0,GOING_TO_ENDPOINT,dump_zone_3,load_zone_26,0.00025,0.00067
2300.0,2026-07-02T16:45:13.613,3,195.079,304.073,15.769,-0.0505,0.0,GOING_TO_ENDPOINT,dump_zone_1,load_zone_1,0.000257,0.000689
2301.0,2026-07-02T16:45:14.540,1,219.794,343.167,1.261,-0.5,1000.0,UNLOADING,load_zone_1,dump_zone_2,0.00025,0.00067
2301.0,2026-07-02T16:45:14.540,2,692.19,-138.655,23.074,-0.5,0.0,GOING_TO_ENDPOINT,dump_zone_3,load_zone_26,0.00025,0.00067
2301.0,2026-07-02T16:45:14.540,3,196.423,300.11,14.268,-0.5,0.0,GOING_TO_ENDPOINT,dump_zone_1,load_zone_1,0.00025,0.00067
2302.0,2026-07-02T16:45:15.953,1,219.891,343.217,0.0,-0.5,1000.0,UNLOADING,load_zone_1,dump_zone_2,0.00025,0.00067
2302.0,2026-07-02T16:45:15.953,2,696.531,-142.995,21.274,-0.5,0.0,GOING_TO_ENDPOINT,dump_zone_3,load_zone_26,0.00025,0.00067
2302.0,2026-07-02T16:45:15.953,3,197.55,296.594,12.468,-0.5,0.0,GOING_TO_ENDPOINT,dump_zone_1,load_zone_1,0.00025,0.00067
2303.0,2026-07-02T16:45:17.171,1,220.197,343.348,7.2,0.0,0.0,TURNING_AROUND,dump_zone_2,load_zone_1,0.000255,0.000683
2303.0,2026-07-02T16:45:17.171,2,700.501,-146.998,19.474,-0.5,0.0,GOING_TO_ENDPOINT,dump_zone_3,load_zone_26,0.00025,0.00067
2303.0,2026-07-02T16:45:17.171,3,198.538,293.559,10.668,-0.5,0.0,GOING_TO_ENDPOINT,dump_zone_1,load_zone_1,0.00025,0.00067
2304.0,2026-07-02T16:45:18.771,1,222.164,343.573,7.2,0.0,0.0,TURNING_AROUND,dump_zone_2,load_zone_1,0.000255,0.000683
2304.0,2026-07-02T16:45:18.771,2,703.099,-151.376,17.674,-0.5,0.0,GOING_TO_ENDPOINT,dump_zone_3,load_zone_26,0.00025,0.00067
2304.0,2026-07-02T16:45:18.771,3,199.911,291.252,8.868,-0.5,0.0,GOING_TO_ENDPOINT,dump_zone_1,load_zone_1,0.00025,0.00067
2305.0,2026-07-02T16:45:20.227,1,222.185,343.754,5.4,0.0,0.0,TURNING_AROUND,dump_zone_2,load_zone_1,0.000253,0.000678
2305.0,2026-07-02T16:45:20.227,2,702.717,-156.081,16.999,0.25,0.0,GOING_TO_ENDPOINT,dump_zone_3,load_zone_26,0.000275,0.000737
2305.0,2026-07-02T16:45:20.227,3,201.252,289.519,7.068,-0.5,0.0,GOING_TO_ENDPOINT,dump_zone_1,load_zone_1,0.00025,0.00067
2306.0,2026-07-02T16:45:21.763,1,222.436,343.24,7.2,0.0,0.0,TURNING_AROUND,dump_zone_2,load_zone_1,0.000255,0.000683
2306.0,2026-07-02T16:45:21.763,2,702.513,-161.104,19.099,0.4167,0.0,GOING_TO_ENDPOINT,dump_zone_3,load_zone_26,0.000288,0.000772
2306.0,2026-07-02T16:45:21.763,3,202.079,288.022,5.643,-0.0833,0.0,GOING_TO_ENDPOINT,dump_zone_1,load_zone_1,0.000252,0.000675
2307.0,2026-07-02T16:45:23.498,1,222.944,342.014,0.0,-0.25,0.0,GOING_TO_ENDPOINT,dump_zone_2,load_zone_1,0.00025,0.00067
2307.0,2026-07-02T16:45:23.498,2,702.496,-166.424,18.674,-0.5,0.0,GOING_TO_ENDPOINT,dump_zone_3,load_zone_26,0.00025,0.00067
2307.0,2026-07-02T16:45:23.498,3,202.615,286.678,4.8,-0.2226,0.0,GOING_TO_ENDPOINT,dump_zone_1,load_zone_1,0.00025,0.00067
2308.0,2026-07-02T16:45:25.436,1,222.946,341.918,1.125,0.75,0.0,GOING_TO_ENDPOINT,dump_zone_2,load_zone_1,0.000253,0.000678
2308.0,2026-07-02T16:45:25.436,2,702.5,-171.341,16.874,-0.5,0.0,GOING_TO_ENDPOINT,dump_zone_3,load_zone_26,0.00025,0.00067
2308.0,2026-07-02T16:45:25.436,3,203.058,285.357,5.449,0.2774,0.0,GOING_TO_ENDPOINT,dump_zone_1,load_zone_1,0.000258,0.000691
2309.0,2026-07-02T16:45:27.204,1,222.962,341.084,4.65,1.0,0.0,GOING_TO_ENDPOINT,dump_zone_2,load_zone_1,0.000268,0.000718
2309.0,2026-07-02T16:45:27.204,2,702.5,-175.757,15.074,-0.5,0.0,GOING_TO_ENDPOINT,dump_zone_3,load_zone_26,0.00025,0.00067
2309.0,2026-07-02T16:45:27.204,3,203.464,283.938,4.748,-0.4167,0.0,GOING_TO_ENDPOINT,dump_zone_1,load_zone_1,0.00025,0.00067
2310.0,2026-07-02T16:45:29.329,1,222.955,339.251,8.25,1.0,0.0,GOING_TO_ENDPOINT,dump_zone_2,load_zone_1,0.000282,0.000756
2310.0,2026-07-02T16:45:29.329,2,702.5,-179.673,13.274,-0.5,0.0,GOING_TO_ENDPOINT,dump_zone_3,load_zone_26,0.00025,0.00067
2310.0,2026-07-02T16:45:29.329,3,203.586,282.673,4.748,0.25,0.0,GOING_TO_ENDPOINT,dump_zone_1,load_zone_1,0.000257,0.000689
2311.0,2026-07-02T16:45:31.203,1,222.904,336.418,11.85,1.0,0.0,GOING_TO_ENDPOINT,dump_zone_2,load_zone_1,0.000296,0.000793
2311.0,2026-07-02T16:45:31.203,2,702.5,-183.089,11.474,-0.5,0.0,GOING_TO_ENDPOINT,dump_zone_3,load_zone_26,0.00025,0.00067
2311.0,2026-07-02T16:45:31.203,3,203.156,281.083,7.448,1.0,0.0,GOING_TO_ENDPOINT,dump_zone_1,load_zone_1,0.000279,0.000748
2312.0,2026-07-02T16:45:33.634,1,223.019,332.636,14.75,0.4167,0.0,GOING_TO_ENDPOINT,dump_zone_2,load_zone_1,0.000279,0.000748
2312.0,2026-07-02T16:45:33.634,2,702.5,-186.006,9.674,-0.5,0.0,GOING_TO_ENDPOINT,dump_zone_3,load_zone_26,0.00025,0.00067
2312.0,2026-07-02T16:45:33.634,3,201.363,279.225,11.023,0.9167,0.0,GOING_TO_ENDPOINT,dump_zone_1,load_zone_1,0.00029,0.000777
2313.0,2026-07-02T16:45:36.593,1,223.19,328.526,14.325,-0.5,0.0,GOING_TO_ENDPOINT,dump_zone_2,load_zone_1,0.00025,0.00067
2313.0,2026-07-02T16:45:36.593,2,702.5,-188.422,7.874,-0.5,0.0,GOING_TO_ENDPOINT,dump_zone_3,load_zone_26,0.00025,0.00067
2313.0,2026-07-02T16:45:36.593,3,198.326,277.892,12.373,-0.0833,0.0,GOING_TO_ENDPOINT,dump_zone_1,load_zone_1,0.000255,0.000683
2314.0,2026-07-02T16:45:38.976,1,223.17,324.81,12.625,-0.5,0.0,GOING_TO_ENDPOINT,dump_zone_2,load_zone_1,0.00025,0.00067
2314.0,2026-07-02T16:45:38.976,2,702.45,-190.337,6.074,-0.5,0.0,GOING_TO_ENDPOINT,dump_zone_3,load_zone_26,0.00025,0.00067
2314.0,2026-07-02T16:45:38.976,3,195.011,278.401,12.373,0.4167,0.0,GOING_TO_ENDPOINT,dump_zone_1,load_zone_1,0.000275,0.000737
2315.0,2026-07-02T16:45:40.772,1,222.847,321.591,10.839,-0.5,0.0,GOING_TO_ENDPOINT,dump_zone_2,load_zone_1,0.00025,0.00067
2315.0,2026-07-02T16:45:40.772,2,702.759,-191.712,4.274,-0.5,0.0,GOING_TO_ENDPOINT,dump_zone_3,load_zone_26,0.00025,0.00067
2315.0,2026-07-02T16:45:40.772,3,191.586,279.301,12.523,-0.4167,0.0,GOING_TO_ENDPOINT,dump_zone_1,load_zone_1,0.00025,0.00067
2316.0,2026-07-02T16:45:42.927,1,222.093,318.874,9.914,-0.0833,0.0,GOING_TO_ENDPOINT,dump_zone_2,load_zone_1,0.000254,0.000681
2316.0,2026-07-02T16:45:42.927,2,703.204,-192.511,2.474,-0.5,0.0,LOADING,dump_zone_3,load_zone_26,0.00025,0.00067
2316.0,2026-07-02T16:45:42.927,3,188.382,279.683,10.823,-0.5,0.0,GOING_TO_ENDPOINT,dump_zone_1,load_zone_1,0.00025,0.00067
2317.0,2026-07-02T16:45:45.033,1,220.657,316.452,10.414,-0.0455,0.0,GOING_TO_ENDPOINT,dump_zone_2,load_zone_1,0.000255,0.000683
2317.0,2026-07-02T16:45:45.033,2,703.462,-192.837,0.674,-0.5,0.0,LOADING,dump_zone_3,load_zone_26,0.00025,0.00067
2317.0,2026-07-02T16:45:45.033,3,185.589,279.466,9.773,-0.0833,0.0,GOING_TO_ENDPOINT,dump_zone_1,load_zone_1,0.000254,0.000681
2318.0,2026-07-02T16:45:46.943,1,218.659,314.574,9.488,-0.0423,0.0,GOING_TO_ENDPOINT,dump_zone_2,load_zone_1,0.000255,0.000683
2318.0,2026-07-02T16:45:46.943,2,703.48,-192.858,0.0,-0.5,0.0,LOADING,dump_zone_3,load_zone_26,0.00025,0.00067
2318.0,2026-07-02T16:45:46.943,3,183.084,278.744,8.873,-0.25,0.0,GOING_TO_ENDPOINT,dump_zone_1,load_zone_1,0.00025,0.00067
2319.0,2026-07-02T16:45:48.774,1,216.365,313.075,10.258,0.0474,0.0,GOING_TO_ENDPOINT,dump_zone_2,load_zone_1,0.000258,0.000691
2319.0,2026-07-02T16:45:48.774,2,704.242,-193.502,7.2,0.0,1000.0,TURNING_AROUND,load_zone_26,dump_zone_3,0.000258,0.000691
2319.0,2026-07-02T16:45:48.774,3,180.831,277.579,9.923,0.75,0.0,GOING_TO_ENDPOINT,dump_zone_1,load_zone_1,0.00028,0.00075
2320.0,2026-07-02T16:45:50.388,1,214.204,311.48,8.944,-0.4167,0.0,GOING_TO_ENDPOINT,dump_zone_2,load_zone_1,0.00025,0.00067
2320.0,2026-07-02T16:45:50.388,2,706.117,-194.136,7.2,0.0,1000.0,TURNING_AROUND,load_zone_26,dump_zone_3,0.000258,0.000691
2320.0,2026-07-02T16:45:50.388,3,178.188,275.643,13.448,1.0,0.0,GOING_TO_ENDPOINT,dump_zone_1,load_zone_1,0.000302,0.000809
2321.0,2026-07-02T16:45:51.830,1,212.726,309.747,7.919,0.0833,0.0,GOING_TO_ENDPOINT,dump_zone_2,load_zone_1,0.000257,0.000689
2321.0,2026-07-02T16:45:51.830,2,704.927,-194.326,5.4,0.0,1000.0,TURNING_AROUND,load_zone_26,dump_zone_3,0.000256,0.000686
2321.0,2026-07-02T16:45:51.830,3,174.989,272.805,17.048,1.0,0.0,GOING_TO_ENDPOINT,dump_zone_1,load_zone_1,0.000316,0.000847
2322.0,2026-07-02T16:45:53.007,1,211.547,307.596,10.144,1.0,0.0,GOING_TO_ENDPOINT,dump_zone_2,load_zone_1,0.000289,0.000775
2322.0,2026-07-02T16:45:53.007,2,706.339,-193.385,7.2,0.0,1000.0,TURNING_AROUND,load_zone_26,dump_zone_3,0.000258,0.000691
2322.0,2026-07-02T16:45:53.007,3,171.314,269.253,18.998,0.0833,0.0,GOING_TO_ENDPOINT,dump_zone_1,load_zone_1,0.000267,0.000716
2323.0,2026-07-02T16:45:54.276,1,210.3,304.479,13.744,1.0,0.0,GOING_TO_ENDPOINT,dump_zone_2,load_zone_1,0.000303,0.000812
2323.0,2026-07-02T16:45:54.276,2,706.908,-192.757,5.4,0.0,1000.0,TURNING_AROUND,load_zone_26,dump_zone_3,0.000256,0.000686
2323.0,2026-07-02T16:45:54.276,3,167.73,265.58,17.723,-0.5,0.0,GOING_TO_ENDPOINT,dump_zone_1,load_zone_1,0.00025,0.00067
2324.0,2026-07-02T16:45:55.892,1,208.937,300.413,16.548,0.4167,0.0,GOING_TO_ENDPOINT,dump_zone_2,load_zone_1,0.000283,0.000758
2324.0,2026-07-02T16:45:55.892,2,706.808,-193.116,0.075,0.1667,1000.0,RETURNING_TO_START,load_zone_26,dump_zone_3,0.00025,0.00067
2324.0,2026-07-02T16:45:55.892,3,164.547,262.186,15.923,-0.5,0.0,GOING_TO_ENDPOINT,dump_zone_1,load_zone_1,0.00025,0.00067
2325.0,2026-07-02T16:45:57.808,1,207.516,296.025,16.123,-0.5,0.0,GOING_TO_ENDPOINT,dump_zone_2,load_zone_1,0.00025,0.00067
2325.0,2026-07-02T16:45:57.808,2,706.794,-192.797,2.55,1.0,1000.0,RETURNING_TO_START,load_zone_26,dump_zone_3,0.000266,0.000713
2325.0,2026-07-02T16:45:57.808,3,161.74,259.127,14.123,-0.5,0.0,GOING_TO_ENDPOINT,dump_zone_1,load_zone_1,0.00025,0.00067
2326.0,2026-07-02T16:46:00.096,1,206.263,292.008,14.323,-0.5,0.0,GOING_TO_ENDPOINT,dump_zone_2,load_zone_1,0.00025,0.00067
2326.0,2026-07-02T16:46:00.096,2,706.488,-191.59,6.15,1.0,1000.0,RETURNING_TO_START,load_zone_26,dump_zone_3,0.00029,0.000777
2326.0,2026-07-02T16:46:00.096,3,159.275,256.407,12.423,-0.5,0.0,GOING_TO_ENDPOINT,dump_zone_1,load_zone_1,0.00025,0.00067
2327.0,2026-07-02T16:46:01.952,1,205.185,288.46,12.523,-0.5,0.0,GOING_TO_ENDPOINT,dump_zone_2,load_zone_1,0.00025,0.00067
2327.0,2026-07-02T16:46:01.952,2,705.159,-189.794,9.75,1.0,1000.0,RETURNING_TO_START,load_zone_26,dump_zone_3,0.000313,0.000839
2327.0,2026-07-02T16:46:01.952,3,157.143,254.047,10.623,-0.5,0.0,GOING_TO_ENDPOINT,dump_zone_1,load_zone_1,0.00025,0.00067
2328.0,2026-07-02T16:46:04.630,1,204.264,285.388,10.723,-0.5,0.0,GOING_TO_ENDPOINT,dump_zone_2,load_zone_1,0.00025,0.00067
2328.0,2026-07-02T16:46:04.630,2,702.681,-187.692,13.35,1.0,1000.0,RETURNING_TO_START,load_zone_26,dump_zone_3,0.000336,0.0009
2328.0,2026-07-02T16:46:04.630,3,155.341,252.058,8.842,-0.5,0.0,GOING_TO_ENDPOINT,dump_zone_1,load_zone_1,0.00025,0.00067
2329.0,2026-07-02T16:46:07.464,1,203.484,282.795,8.923,-0.5,0.0,GOING_TO_ENDPOINT,dump_zone_2,load_zone_1,0.00025,0.00067
2329.0,2026-07-02T16:46:07.464,2,699.712,-184.664,16.95,1.0,1000.0,RETURNING_TO_START,load_zone_26,dump_zone_3,0.000359,0.000962
2329.0,2026-07-02T16:46:07.464,3,153.846,250.431,7.292,-0.25,0.0,GOING_TO_ENDPOINT,dump_zone_1,load_zone_1,0.00025,0.00067
2330.0,2026-07-02T16:46:10.253,1,202.791,280.699,7.123,-0.5,0.0,GOING_TO_ENDPOINT,dump_zone_2,load_zone_1,0.00025,0.00067
2330.0,2026-07-02T16:46:10.253,2,697.646,-179.964,19.85,0.4167,1000.0,RETURNING_TO_START,load_zone_26,dump_zone_3,0.000316,0.000847
2330.0,2026-07-02T16:46:10.253,3,152.447,249.078,6.995,0.0463,0.0,GOING_TO_ENDPOINT,dump_zone_1,load_zone_1,0.000255,0.000683
2331.0,2026-07-02T16:46:12.267,1,201.791,279.132,6.973,0.4167,0.0,GOING_TO_ENDPOINT,dump_zone_2,load_zone_1,0.000264,0.000708
2331.0,2026-07-02T16:46:12.267,2,697.452,-174.444,19.425,-0.5,1000.0,RETURNING_TO_START,load_zone_26,dump_zone_3,0.00025,0.00067
2331.0,2026-07-02T16:46:12.267,3,150.572,248.021,8.812,0.5463,0.0,GOING_TO_ENDPOINT,dump_zone_1,load_zone_1,0.000271,0.000726
2332.0,2026-07-02T16:46:14.293,1,199.77,278.025,9.631,0.5598,0.0,GOING_TO_ENDPOINT,dump_zone_2,load_zone_1,0.000274,0.000734
2332.0,2026-07-02T16:46:14.293,2,697.496,-169.319,17.625,-0.5,1000.0,RETURNING_TO_START,load_zone_26,dump_zone_3,0.00025,0.00067
2332.0,2026-07-02T16:46:14.293,3,148.002,247.481,10.229,0.713,0.0,GOING_TO_ENDPOINT,dump_zone_1,load_zone_1,0.00028,0.00075
2333.0,2026-07-02T16:46:16.005,1,196.991,277.978,10.446,0.3931,0.0,GOING_TO_ENDPOINT,dump_zone_2,load_zone_1,0.00027,0.000724
2333.0,2026-07-02T16:46:16.005,2,697.502,-164.694,15.825,-0.5,1000.0,RETURNING_TO_START,load_zone_26,dump_zone_3,0.00025,0.00067
2333.0,2026-07-02T16:46:16.005,3,144.652,247.348,13.72,1.0,0.0,GOING_TO_ENDPOINT,dump_zone_1,load_zone_1,0.000303,0.000812
2334.0,2026-07-02T16:46:17.636,1,193.791,278.786,13.321,0.75,0.0,GOING_TO_ENDPOINT,dump_zone_2,load_zone_1,0.000291,0.00078
2334.0,2026-07-02T16:46:17.636,2,697.501,-160.569,14.025,-0.5,1000.0,RETURNING_TO_START,load_zone_26,dump_zone_3,0.00025,0.00067
2334.0,2026-07-02T16:46:17.636,3,140.3,247.411,17.32,1.0,0.0,GOING_TO_ENDPOINT,dump_zone_1,load_zone_1,0.000317,0.00085
2335.0,2026-07-02T16:46:19.721,1,189.979,279.57,14.071,-0.25,0.0,GOING_TO_ENDPOINT,dump_zone_2,load_zone_1,0.00025,0.00067
2335.0,2026-07-02T16:46:19.721,2,697.5,-156.944,12.225,-0.5,1000.0,RETURNING_TO_START,load_zone_26,dump_zone_3,0.00025,0.00067
2335.0,2026-07-02T16:46:19.721,3,134.977,247.491,20.665,0.8658,0.0,GOING_TO_ENDPOINT,dump_zone_1,load_zone_1,0.000321,0.00086
2336.0,2026-07-02T16:46:22.807,1,186.329,279.587,12.346,-0.5,0.0,GOING_TO_ENDPOINT,dump_zone_2,load_zone_1,0.00025,0.00067
2336.0,2026-07-02T16:46:22.807,2,697.5,-153.819,10.425,-0.5,1000.0,RETURNING_TO_START,load_zone_26,dump_zone_3,0.00025,0.00067
2336.0,2026-07-02T16:46:22.807,3,128.978,247.501,21.832,-0.1342,0.0,GOING_TO_ENDPOINT,dump_zone_1,load_zone_1,0.000254,0.000681
2337.0,2026-07-02T16:46:25.170,1,183.272,278.823,10.571,-0.4167,0.0,GOING_TO_ENDPOINT,dump_zone_2,load_zone_1,0.00025,0.00067
2337.0,2026-07-02T16:46:25.170,2,697.454,-151.196,8.625,-0.5,1000.0,RETURNING_TO_START,load_zone_26,dump_zone_3,0.00025,0.00067
2337.0,2026-07-02T16:46:25.170,3,123.136,247.5,20.221,-0.5,0.0,GOING_TO_ENDPOINT,dump_zone_1,load_zone_1,0.00025,0.00067
2338.0,2026-07-02T16:46:27.567,1,180.688,277.481,10.982,0.5701,0.0,GOING_TO_ENDPOINT,dump_zone_2,load_zone_1,0.000277,0.000742
2338.0,2026-07-02T16:46:27.567,2,696.571,-149.189,7.95,0.25,1000.0,RETURNING_TO_START,load_zone_26,dump_zone_3,0.000269,0.000721
2338.0,2026-07-02T16:46:27.567,3,117.79,247.5,18.421,-0.5,0.0,GOING_TO_ENDPOINT,dump_zone_1,load_zone_1,0.00025,0.00067
2339.0,2026-07-02T16:46:29.524,1,177.881,275.381,14.196,1.0,0.0,GOING_TO_ENDPOINT,dump_zone_2,load_zone_1,0.000305,0.000817
2339.0,2026-07-02T16:46:29.524,2,694.74,-147.419,10.65,1.0,1000.0,RETURNING_TO_START,load_zone_26,dump_zone_3,0.000319,0.000855
2339.0,2026-07-02T16:46:29.524,3,112.944,247.5,16.621,-0.5,0.0,GOING_TO_ENDPOINT,dump_zone_1,load_zone_1,0.00025,0.00067
2340.0,2026-07-02T16:46:31.329,1,174.542,272.389,17.771,0.9167,0.0,GOING_TO_ENDPOINT,dump_zone_2,load_zone_1,0.000314,0.000842
2340.0,2026-07-02T16:46:31.329,2,692.092,-145.13,14.25,1.0,1000.0,RETURNING_TO_START,load_zone_26,dump_zone_3,0.000342,0.000917
2340.0,2026-07-02T16:46:31.329,3,108.598,247.5,14.821,-0.5,0.0,GOING_TO_ENDPOINT,dump_zone_1,load_zone_1,0.00025,0.00067
2341.0,2026-07-02T16:46:33.272,1,170.747,268.678,19.895,0.2182,0.0,GOING_TO_ENDPOINT,dump_zone_2,load_zone_1,0.000277,0.000742
2341.0,2026-07-02T16:46:33.272,2,688.727,-142.143,17.85,1.0,1000.0,RETURNING_TO_START,load_zone_26,dump_zone_3,0.000365,0.000978
2341.0,2026-07-02T16:46:33.272,3,104.752,247.5,13.021,-0.5,0.0,GOING_TO_ENDPOINT,dump_zone_1,load_zone_1,0.00025,0.00067
2342.0,2026-07-02T16:46:35.982,1,166.962,264.768,18.918,-0.5,0.0,GOING_TO_ENDPOINT,dump_zone_2,load_zone_1,0.00025,0.00067
2342.0,2026-07-02T16:46:35.982,2,684.779,-138.315,21.45,1.0,1000.0,RETURNING_TO_START,load_zone_26,dump_zone_3,0.000388,0.00104
2342.0,2026-07-02T16:46:35.982,3,101.405,247.423,11.371,-0.25,0.0,GOING_TO_ENDPOINT,dump_zone_1,load_zone_1,0.00025,0.00067
2343.0,2026-07-02T16:46:38.382,1,163.564,261.121,17.118,-0.5,0.0,GOING_TO_ENDPOINT,dump_zone_2,load_zone_1,0.00025,0.00067
2343.0,2026-07-02T16:46:38.382,2,680.299,-133.835,23.45,0.25,1000.0,RETURNING_TO_START,load_zone_26,dump_zone_3,0.000306,0.00082
2343.0,2026-07-02T16:46:38.382,3,98.816,245.635,12.421,0.75,0.0,GOING_TO_ENDPOINT,dump_zone_1,load_zone_1,0.000288,0.000772
2344.0,2026-07-02T16:46:40.298,1,160.542,257.809,15.318,-0.5,0.0,GOING_TO_ENDPOINT,dump_zone_2,load_zone_1,0.00025,0.00067
2344.0,2026-07-02T16:46:40.298,2,675.705,-129.241,22.872,-0.491,1000.0,RETURNING_TO_START,load_zone_26,dump_zone_3,0.00025,0.00067
2344.0,2026-07-02T16:46:40.298,3,98.593,241.832,15.946,1.0,0.0,GOING_TO_ENDPOINT,dump_zone_1,load_zone_1,0.000312,0.000836
2345.0,2026-07-02T16:46:42.601,1,157.87,254.853,13.518,-0.5,0.0,GOING_TO_ENDPOINT,dump_zone_2,load_zone_1,0.00025,0.00067
2345.0,2026-07-02T16:46:42.601,2,671.404,-124.94,21.072,-0.5,1000.0,RETURNING_TO_START,load_zone_26,dump_zone_3,0.00025,0.00067
2345.0,2026-07-02T16:46:42.601,3,101.205,237.606,19.546,1.0,0.0,GOING_TO_ENDPOINT,dump_zone_1,load_zone_1,0.000326,0.000874
2346.0,2026-07-02T16:46:45.291,1,155.533,252.269,11.718,-0.5,0.0,GOING_TO_ENDPOINT,dump_zone_2,load_zone_1,0.00025,0.00067
2346.0,2026-07-02T16:46:45.291,2,667.457,-120.992,19.272,-0.5,1000.0,RETURNING_TO_START,load_zone_26,dump_zone_3,0.00025,0.00067
2346.0,2026-07-02T16:46:45.291,3,102.566,232.022,21.496,0.0833,0.0,GOING_TO_ENDPOINT,dump_zone_1,load_zone_1,0.000269,0.000721
2347.0,2026-07-02T16:46:47.165,1,153.505,250.079,9.918,-0.5,0.0,GOING_TO_ENDPOINT,dump_zone_2,load_zone_1,0.00025,0.00067
2347.0,2026-07-02T16:46:47.165,2,663.863,-117.398,17.472,-0.5,1000.0,RETURNING_TO_START,load_zone_26,dump_zone_3,0.00025,0.00067
2347.0,2026-07-02T16:46:47.165,3,102.526,226.196,20.221,-0.5,0.0,GOING_TO_ENDPOINT,dump_zone_1,load_zone_1,0.00025,0.00067
2348.0,2026-07-02T16:46:49.553,1,151.578,248.492,8.493,-0.0833,0.0,GOING_TO_ENDPOINT,dump_zone_2,load_zone_1,0.000253,0.000678
2348.0,2026-07-02T16:46:49.553,2,660.62,-114.156,15.723,-0.4978,1000.0,RETURNING_TO_START,load_zone_26,dump_zone_3,0.00025,0.00067
2348.0,2026-07-02T16:46:49.553,3,102.499,220.851,18.421,-0.5,0.0,GOING_TO_ENDPOINT,dump_zone_1,load_zone_1,0.00025,0.00067
2349.0,2026-07-02T16:46:51.759,1,149.396,247.689,7.918,-0.5,0.0,GOING_TO_ENDPOINT,dump_zone_2,load_zone_1,0.00025,0.00067
2349.0,2026-07-02T16:46:51.759,2,657.723,-111.259,13.948,-0.4167,1000.0,RETURNING_TO_START,load_zone_26,dump_zone_3,0.00025,0.00067
2349.0,2026-07-02T16:46:51.759,3,102.499,216.005,16.621,-0.5,0.0,GOING_TO_ENDPOINT,dump_zone_1,load_zone_1,0.00025,0.00067
2350.0,2026-07-02T16:46:53.815,1,147.434,247.464,6.818,0.0833,0.0,GOING_TO_ENDPOINT,dump_zone_2,load_zone_1,0.000256,0.000686
2350.0,2026-07-02T16:46:53.815,2,655.161,-108.696,12.223,-0.5,1000.0,RETURNING_TO_START,load_zone_26,dump_zone_3,0.00025,0.00067
2350.0,2026-07-02T16:46:53.815,3,102.5,211.659,14.821,-0.5,0.0,GOING_TO_ENDPOINT,dump_zone_1,load_zone_1,0.00025,0.00067
2351.0,2026-07-02T16:46:56.078,1,145.286,247.398,9.043,1.0,0.0,GOING_TO_ENDPOINT,dump_zone_2,load_zone_1,0.000285,0.000764
2351.0,2026-07-02T16:46:56.078,2,652.951,-106.487,10.423,-0.5,1000.0,RETURNING_TO_START,load_zone_26,dump_zone_3,0.00025,0.00067
2351.0,2026-07-02T16:46:56.078,3,102.5,207.813,13.021,-0.5,0.0,GOING_TO_ENDPOINT,dump_zone_1,load_zone_1,0.00025,0.00067
2352.0,2026-07-02T16:46:58.424,1,142.233,247.427,12.643,1.0,0.0,GOING_TO_ENDPOINT,dump_zone_2,load_zone_1,0.000299,0.000801
2352.0,2026-07-02T16:46:58.424,2,651.079,-104.615,8.823,-0.4167,1000.0,RETURNING_TO_START,load_zone_26,dump_zone_3,0.00025,0.00067
2352.0,2026-07-02T16:46:58.424,3,102.5,204.467,11.221,-0.5,0.0,GOING_TO_ENDPOINT,dump_zone_1,load_zone_1,0.00025,0.00067
2353.0,2026-07-02T16:47:01.176,1,138.179,247.474,16.243,1.0,0.0,GOING_TO_ENDPOINT,dump_zone_2,load_zone_1,0.000313,0.000839
2353.0,2026-07-02T16:47:01.176,2,649.526,-103.085,7.023,-0.5,1000.0,RETURNING_TO_START,load_zone_26,dump_zone_3,0.00025,0.00067
2353.0,2026-07-02T16:47:01.176,3,102.458,201.621,9.421,-0.5,0.0,GOING_TO_ENDPOINT,dump_zone_1,load_zone_1,0.00025,0.00067
2354.0,2026-07-02T16:47:03.875,1,133.146,247.498,19.468,0.5833,0.0,GOING_TO_ENDPOINT,dump_zone_2,load_zone_1,0.000299,0.000801
2354.0,2026-07-02T16:47:03.875,2,648.037,-102.23,5.923,0.0833,1000.0,RETURNING_TO_START,load_zone_26,dump_zone_3,0.000259,0.000694
2354.0,2026-07-02T16:47:03.875,3,102.067,199.255,8.32,-0.0833,0.0,GOING_TO_ENDPOINT,dump_zone_1,load_zone_1,0.000253,0.000678
2355.0,2026-07-02T16:47:06.244,1,127.633,247.501,19.618,-0.4167,0.0,GOING_TO_ENDPOINT,dump_zone_2,load_zone_1,0.00025,0.00067
2355.0,2026-07-02T16:47:06.244,2,646.158,-101.999,8.148,1.0,1000.0,RETURNING_TO_START,load_zone_26,dump_zone_3,0.000303,0.000812
2355.0,2026-07-02T16:47:06.244,3,101.263,197.291,7.145,-0.0833,0.0,GOING_TO_ENDPOINT,dump_zone_1,load_zone_1,0.000253,0.000678
2356.0,2026-07-02T16:47:07.823,1,122.454,247.5,17.818,-0.5,0.0,GOING_TO_ENDPOINT,dump_zone_2,load_zone_1,0.00025,0.00067
2356.0,2026-07-02T16:47:07.823,2,643.355,-102.104,11.748,1.0,1000.0,RETURNING_TO_START,load_zone_26,dump_zone_3,0.000326,0.000874
2356.0,2026-07-02T16:47:07.823,3,100.226,195.407,8.795,0.9167,0.0,GOING_TO_ENDPOINT,dump_zone_1,load_zone_1,0.000282,0.000756
2357.0,2026-07-02T16:47:10.106,1,117.775,247.5,16.018,-0.5,0.0,GOING_TO_ENDPOINT,dump_zone_2,load_zone_1,0.00025,0.00067
2357.0,2026-07-02T16:47:10.106,2,639.557,-102.332,15.348,1.0,1000.0,RETURNING_TO_START,load_zone_26,dump_zone_3,0.000349,0.000935
2357.0,2026-07-02T16:47:10.106,3,98.703,192.841,12.395,1.0,0.0,GOING_TO_ENDPOINT,dump_zone_1,load_zone_1,0.000298,0.000799
2358.0,2026-07-02T16:47:12.824,1,113.583,247.5,14.318,-0.5,0.0,GOING_TO_ENDPOINT,dump_zone_2,load_zone_1,0.00025,0.00067
2358.0,2026-07-02T16:47:12.824,2,634.761,-102.484,18.798,0.75,1000.0,RETURNING_TO_START,load_zone_26,dump_zone_3,0.000346,0.000927
2358.0,2026-07-02T16:47:12.824,3,96.611,189.45,15.97,0.9167,0.0,GOING_TO_ENDPOINT,dump_zone_1,load_zone_1,0.000307,0.000823
2359.0,2026-07-02T16:47:16.072,1,109.876,247.5,12.518,-0.5,0.0,GOING_TO_ENDPOINT,dump_zone_2,load_zone_1,0.00025,0.00067
2359.0,2026-07-02T16:47:16.072,2,629.343,-102.503,19.548,-0.25,1000.0,RETURNING_TO_START,load_zone_26,dump_zone_3,0.00025,0.00067
2359.0,2026-07-02T16:47:16.072,3,94.085,185.296,18.37,0.25,0.0,GOING_TO_ENDPOINT,dump_zone_1,load_zone_1,0.000276,0.00074
2360.0,2026-07-02T16:47:19.007,1,106.67,247.5,10.718,-0.5,0.0,GOING_TO_ENDPOINT,dump_zone_2,load_zone_1,0.00025,0.00067
2360.0,2026-07-02T16:47:19.007,2,624.164,-102.5,17.823,-0.5,1000.0,RETURNING_TO_START,load_zone_26,dump_zone_3,0.00025,0.00067
2360.0,2026-07-02T16:47:19.007,3,91.491,180.982,17.47,-0.5,0.0,GOING_TO_ENDPOINT,dump_zone_1,load_zone_1,0.00025,0.00067
2361.0,2026-07-02T16:47:21.816,1,103.963,247.5,8.918,-0.5,0.0,GOING_TO_ENDPOINT,dump_zone_2,load_zone_1,0.00025,0.00067
2361.0,2026-07-02T16:47:21.816,2,619.484,-102.5,16.023,-0.5,1000.0,RETURNING_TO_START,load_zone_26,dump_zone_3,0.00025,0.00067
2361.0,2026-07-02T16:47:21.816,3,89.133,177.054,15.67,-0.5,0.0,GOING_TO_ENDPOINT,dump_zone_1,load_zone_1,0.00025,0.00067
2362.0,2026-07-02T16:47:24.705,1,101.757,247.49,7.143,-0.4167,0.0,GOING_TO_ENDPOINT,dump_zone_2,load_zone_1,0.00025,0.00067
2362.0,2026-07-02T16:47:24.705,2,615.304,-102.5,14.223,-0.5,1000.0,RETURNING_TO_START,load_zone_26,dump_zone_3,0.00025,0.00067
2362.0,2026-07-02T16:47:24.705,3,87.031,173.555,13.87,-0.5,0.0,GOING_TO_ENDPOINT,dump_zone_1,load_zone_1,0.00025,0.00067
2363.0,2026-07-02T16:47:27.065,1,99.905,246.88,7.593,0.5833,0.0,GOING_TO_ENDPOINT,dump_zone_2,load_zone_1,0.000269,0.000721
2363.0,2026-07-02T16:47:27.065,2,611.58,-102.5,12.696,-0.5,1000.0,RETURNING_TO_START,load_zone_26,dump_zone_3,0.00025,0.00067
2363.0,2026-07-02T16:47:27.065,3,85.089,170.55,12.07,-0.5,0.0,GOING_TO_ENDPOINT,dump_zone_1,load_zone_1,0.00025,0.00067
2364.0,2026-07-02T16:47:30.047,1,98.315,244.897,10.943,1.0,0.0,GOING_TO_ENDPOINT,dump_zone_2,load_zone_1,0.000292,0.000783
2364.0,2026-07-02T16:47:30.047,2,608.324,-102.5,10.896,-0.5,1000.0,RETURNING_TO_START,load_zone_26,dump_zone_3,0.00025,0.00067
2364.0,2026-07-02T16:47:30.047,3,82.735,168.576,10.27,-0.5,0.0,GOING_TO_ENDPOINT,dump_zone_1,load_zone_1,0.00025,0.00067
2365.0,2026-07-02T16:47:33.026,1,98.648,241.44,14.543,1.0,0.0,GOING_TO_ENDPOINT,dump_zone_2,load_zone_1,0.000306,0.00082
2365.0,2026-07-02T16:47:33.026,2,605.525,-102.5,9.385,-0.5,1000.0,RETURNING_TO_START,load_zone_26,dump_zone_3,0.00025,0.00067
2365.0,2026-07-02T16:47:33.026,3,81.304,166.48,8.47,-0.5,0.0,GOING_TO_ENDPOINT,dump_zone_1,load_zone_1,0.00025,0.00067
2366.0,2026-07-02T16:47:38.990,1,101.033,237.531,18.143,1.0,0.0,GOING_TO_ENDPOINT,dump_zone_2,load_zone_1,0.00032,0.000858
2366.0,2026-07-02T16:47:38.990,2,603.189,-102.5,7.585,-0.5,1000.0,RETURNING_TO_START,load_zone_26,dump_zone_3,0.00025,0.00067
2366.0,2026-07-02T16:47:38.990,3,81.272,164.374,7.37,0.0833,0.0,GOING_TO_ENDPOINT,dump_zone_1,load_zone_1,0.000257,0.000689
2367.0,2026-07-02T16:47:45.566,1,102.501,232.312,20.468,0.2046,0.0,GOING_TO_ENDPOINT,dump_zone_2,load_zone_1,0.000277,0.000742
2367.0,2026-07-02T16:47:45.566,2,601.344,-102.442,5.91,-0.4167,1000.0,RETURNING_TO_START,load_zone_26,dump_zone_3,0.00025,0.00067
2367.0,2026-07-02T16:47:45.566,3,81.911,162.361,7.37,-0.4167,0.0,GOING_TO_ENDPOINT,dump_zone_1,load_zone_1,0.00025,0.00067
2368.0,2026-07-02T16:47:50.785,1,102.524,226.719,19.459,-0.5,0.0,GOING_TO_ENDPOINT,dump_zone_2,load_zone_1,0.00025,0.00067
2368.0,2026-07-02T16:47:50.785,2,599.791,-101.994,6.36,0.5833,1000.0,RETURNING_TO_START,load_zone_26,dump_zone_3,0.000277,0.000742
2368.0,2026-07-02T16:47:50.785,3,82.295,160.628,5.57,-0.5,0.0,GOING_TO_ENDPOINT,dump_zone_1,load_zone_1,0.00025,0.00067
2369.0,2026-07-02T16:47:54.944,1,102.498,221.584,17.659,-0.5,0.0,GOING_TO_ENDPOINT,dump_zone_2,load_zone_1,0.00025,0.00067
2369.0,2026-07-02T16:47:54.944,2,598.206,-100.475,9.335,0.5833,1000.0,RETURNING_TO_START,load_zone_26,dump_zone_3,0.000289,0.000775
2369.0,2026-07-02T16:47:54.944,3,82.652,159.406,3.77,-0.5,0.0,GOING_TO_ENDPOINT,dump_zone_1,load_zone_1,0.00025,0.00067
2370.0,2026-07-02T16:47:58.610,1,102.499,216.95,15.859,-0.5,0.0,GOING_TO_ENDPOINT,dump_zone_2,load_zone_1,0.00025,0.00067
2370.0,2026-07-02T16:47:58.610,2,597.487,-97.893,9.785,0.0833,1000.0,RETURNING_TO_START,load_zone_26,dump_zone_3,0.000265,0.00071
2370.0,2026-07-02T16:47:58.610,3,83.039,158.735,1.97,-0.5,0.0,LOADING,dump_zone_1,load_zone_1,0.00025,0.00067
2371.0,2026-07-02T16:48:01.429,1,102.5,212.806,14.159,-0.5,0.0,GOING_TO_ENDPOINT,dump_zone_2,load_zone_1,0.00025,0.00067
2371.0,2026-07-02T16:48:01.429,2,597.422,-94.921,12.01,1.0,1000.0,RETURNING_TO_START,load_zone_26,dump_zone_3,0.000327,0.000876
2371.0,2026-07-02T16:48:01.429,3,83.207,158.515,0.17,-0.5,0.0,LOADING,dump_zone_1,load_zone_1,0.00025,0.00067
2372.0,2026-07-02T16:48:03.797,1,102.5,209.144,12.359,-0.5,0.0,GOING_TO_ENDPOINT,dump_zone_2,load_zone_1,0.00025,0.00067
2372.0,2026-07-02T16:48:03.797,2,597.439,-91.043,15.61,1.0,1000.0,RETURNING_TO_START,load_zone_26,dump_zone_3,0.000351,0.000941
2372.0,2026-07-02T16:48:03.797,3,83.207,158.515,0.0,-0.5,0.0,LOADING,dump_zone_1,load_zone_1,0.00025,0.00067
2373.0,2026-07-02T16:48:06.767,1,102.5,205.981,10.559,-0.5,0.0,GOING_TO_ENDPOINT,dump_zone_2,load_zone_1,0.00025,0.00067
2373.0,2026-07-02T16:48:06.767,2,597.486,-86.166,19.21,1.0,1000.0,RETURNING_TO_START,load_zone_26,dump_zone_3,0.000374,0.001002
2373.0,2026-07-02T16:48:06.767,3,84.364,157.574,7.2,0.0,1000.0,TURNING_AROUND,load_zone_1,dump_zone_1,0.000258,0.000691
2374.0,2026-07-02T16:48:09.876,1,102.499,203.313,8.909,-0.25,0.0,GOING_TO_ENDPOINT,dump_zone_2,load_zone_1,0.00025,0.00067
2374.0,2026-07-02T16:48:09.876,2,597.5,-80.335,22.16,0.5833,1000.0,RETURNING_TO_START,load_zone_26,dump_zone_3,0.000343,0.000919
2374.0,2026-07-02T16:48:09.876,3,85.701,157.119,5.4,0.0,1000.0,TURNING_AROUND,load_zone_1,dump_zone_1,0.000256,0.000686
2375.0,2026-07-02T16:48:13.221,1,102.416,201.042,7.509,-0.25,0.0,GOING_TO_ENDPOINT,dump_zone_2,load_zone_1,0.00025,0.00067
2375.0,2026-07-02T16:48:13.221,2,597.5,-73.964,23.148,-0.0794,1000.0,RETURNING_TO_START,load_zone_26,dump_zone_3,0.000265,0.00071
2375.0,2026-07-02T16:48:13.221,3,84.782,157.062,7.2,0.0,1000.0,TURNING_AROUND,load_zone_1,dump_zone_1,0.000258,0.000691
2376.0,2026-07-02T16:48:17.033,1,102.002,199.034,7.735,0.3411,0.0,GOING_TO_ENDPOINT,dump_zone_2,load_zone_1,0.000263,0.000705
2376.0,2026-07-02T16:48:17.033,2,597.5,-67.659,22.375,-0.0928,1000.0,RETURNING_TO_START,load_zone_26,dump_zone_3,0.000262,0.000702
2376.0,2026-07-02T16:48:17.033,3,86.381,158.228,7.2,0.0,1000.0,TURNING_AROUND,load_zone_1,dump_zone_1,0.000258,0.000691
2377.0,2026-07-02T16:48:20.261,1,101.149,197.049,7.763,0.1744,0.0,GOING_TO_ENDPOINT,dump_zone_2,load_zone_1,0.000259,0.000694
2377.0,2026-07-02T16:48:20.261,2,597.5,-61.407,22.641,0.0738,1000.0,RETURNING_TO_START,load_zone_26,dump_zone_3,0.000283,0.000758
2377.0,2026-07-02T16:48:20.261,3,86.519,158.109,5.4,0.0,1000.0,TURNING_AROUND,load_zone_1,dump_zone_1,0.000256,0.000686
2378.0,2026-07-02T16:48:23.516,1,99.981,194.885,10.259,1.0,0.0,GOING_TO_ENDPOINT,dump_zone_2,load_zone_1,0.00029,0.000777
2378.0,2026-07-02T16:48:23.516,2,597.5,-55.088,23.055,0.3386,1000.0,RETURNING_TO_START,load_zone_26,dump_zone_3,0.000316,0.000847
2378.0,2026-07-02T16:48:23.516,3,86.488,158.0,0.25,0.3333,1000.0,RETURNING_TO_START,load_zone_1,dump_zone_1,0.000251,0.000673
2379.0,2026-07-02T16:48:26.666,1,98.219,191.988,13.859,1.0,0.0,GOING_TO_ENDPOINT,dump_zone_2,load_zone_1,0.000304,0.000815
2379.0,2026-07-02T16:48:26.666,2,597.5,-48.592,23.436,-0.1814,1000.0,RETURNING_TO_START,load_zone_26,dump_zone_3,0.000252,0.000675
2379.0,2026-07-02T16:48:26.666,3,86.459,158.448,3.15,1.0,1000.0,RETURNING_TO_START,load_zone_1,dump_zone_1,0.00027,0.000724
2380.0,2026-07-02T16:48:30.393,1,95.892,188.27,17.309,0.75,0.0,GOING_TO_ENDPOINT,dump_zone_2,load_zone_1,0.000303,0.000812
2380.0,2026-07-02T16:48:30.393,2,597.5,-42.269,22.422,-0.0833,1000.0,RETURNING_TO_START,load_zone_26,dump_zone_3,0.000264,0.000708
2380.0,2026-07-02T16:48:30.393,3,86.034,159.791,6.75,1.0,1000.0,RETURNING_TO_START,load_zone_1,dump_zone_1,0.000294,0.000788
2381.0,2026-07-02T16:48:33.987,1,93.299,183.991,18.059,-0.25,0.0,GOING_TO_ENDPOINT,dump_zone_2,load_zone_1,0.00025,0.00067
2381.0,2026-07-02T16:48:33.987,2,597.5,-36.005,22.772,0.0833,1000.0,RETURNING_TO_START,load_zone_26,dump_zone_3,0.000284,0.000761
2381.0,2026-07-02T16:48:33.987,3,84.334,161.456,10.35,1.0,1000.0,RETURNING_TO_START,load_zone_1,dump_zone_1,0.000317,0.00085
2382.0,2026-07-02T16:48:37.554,1,90.845,179.906,16.334,-0.5,0.0,GOING_TO_ENDPOINT,dump_zone_2,load_zone_1,0.00025,0.00067
2382.0,2026-07-02T16:48:37.554,2,597.5,-29.519,23.658,-0.0238,1000.0,RETURNING_TO_START,load_zone_26,dump_zone_3,0.000272,0.000729
2382.0,2026-07-02T16:48:37.554,3,81.178,162.764,13.95,1.0,1000.0,RETURNING_TO_START,load_zone_1,dump_zone_1,0.00034,0.000911
2383.0,2026-07-02T16:48:41.489,1,88.649,176.248,14.534,-0.5,0.0,GOING_TO_ENDPOINT,dump_zone_2,load_zone_1,0.00025,0.00067
2383.0,2026-07-02T16:48:41.489,2,597.5,-23.019,23.172,-0.1905,1000.0,RETURNING_TO_START,load_zone_26,dump_zone_3,0.000251,0.000673
2383.0,2026-07-02T16:48:41.489,3,77.911,165.377,15.9,0.0833,1000.0,RETURNING_TO_START,load_zone_1,dump_zone_1,0.000274,0.000734
2384.0,2026-07-02T16:48:46.577,1,86.71,173.019,12.734,-0.5,0.0,GOING_TO_ENDPOINT,dump_zone_2,load_zone_1,0.00025,0.00067
2384.0,2026-07-02T16:48:46.577,2,597.5,-16.596,23.138,0.0191,1000.0,RETURNING_TO_START,load_zone_26,dump_zone_3,0.000277,0.000742
2384.0,2026-07-02T16:48:46.577,3,77.89,169.451,14.625,-0.5,1000.0,RETURNING_TO_START,load_zone_1,dump_zone_1,0.00025,0.00067
2385.0,2026-07-02T16:48:52.545,1,85.028,170.219,10.934,-0.5,0.0,GOING_TO_ENDPOINT,dump_zone_2,load_zone_1,0.00025,0.00067
2385.0,2026-07-02T16:48:52.545,2,597.5,-10.282,22.407,-0.1475,1000.0,RETURNING_TO_START,load_zone_26,dump_zone_3,0.000256,0.000686
2385.0,2026-07-02T16:48:52.545,3,80.961,171.431,12.825,-0.5,1000.0,RETURNING_TO_START,load_zone_1,dump_zone_1,0.00025,0.00067
2386.0,2026-07-02T16:48:59.297,1,83.604,167.847,9.134,-0.5,0.0,GOING_TO_ENDPOINT,dump_zone_2,load_zone_1,0.00025,0.00067
2386.0,2026-07-02T16:48:59.297,2,597.5,-3.957,23.326,0.3525,1000.0,RETURNING_TO_START,load_zone_26,dump_zone_3,0.000319,0.000855
2386.0,2026-07-02T16:48:59.297,3,84.012,170.461,11.025,-0.5,1000.0,RETURNING_TO_START,load_zone_1,dump_zone_1,0.00025,0.00067
2387.0,2026-07-02T16:49:05.366,1,82.4,165.831,8.129,-0.1898,0.0,GOING_TO_ENDPOINT,dump_zone_2,load_zone_1,0.00025,0.00067
2387.0,2026-07-02T16:49:05.366,2,597.5,2.571,23.537,0.0725,1000.0,RETURNING_TO_START,load_zone_26,dump_zone_3,0.000284,0.000761
2387.0,2026-07-02T16:49:05.366,3,85.414,168.092,9.225,-0.5,1000.0,RETURNING_TO_START,load_zone_1,dump_zone_1,0.00025,0.00067
2388.0,2026-07-02T16:49:08.552,1,81.927,163.867,6.832,-0.0845,0.0,GOING_TO_ENDPOINT,dump_zone_2,load_zone_1,0.000252,0.000675
2388.0,2026-07-02T16:49:08.552,2,597.5,9.039,23.094,-0.0675,1000.0,RETURNING_TO_START,load_zone_26,dump_zone_3,0.000266,0.000713
2388.0,2026-07-02T16:49:08.552,3,86.881,166.371,7.425,-0.5,1000.0,RETURNING_TO_START,load_zone_1,dump_zone_1,0.00025,0.00067
2389.0,2026-07-02T16:49:12.617,1,82.135,162.002,6.418,-0.3296,0.0,GOING_TO_ENDPOINT,dump_zone_2,load_zone_1,0.00025,0.00067
2389.0,2026-07-02T16:49:12.617,2,597.5,15.544,23.714,0.1789,1000.0,RETURNING_TO_START,load_zone_26,dump_zone_3,0.000298,0.000799
2389.0,2026-07-02T16:49:12.617,3,88.544,165.745,5.625,-0.5,1000.0,RETURNING_TO_START,load_zone_1,dump_zone_1,0.00025,0.00067
2390.0,2026-07-02T16:49:17.365,1,82.334,160.495,4.646,-0.5,0.0,GOING_TO_ENDPOINT,dump_zone_2,load_zone_1,0.00025,0.00067
2390.0,2026-07-02T16:49:17.365,2,597.5,22.158,23.608,-0.2377,1000.0,RETURNING_TO_START,load_zone_26,dump_zone_3,0.00025,0.00067
2390.0,2026-07-02T16:49:17.365,3,89.83,165.772,3.825,-0.5,1000.0,RETURNING_TO_START,load_zone_1,dump_zone_1,0.00025,0.00067
2391.0,2026-07-02T16:49:21.234,1,82.635,159.524,2.846,-0.5,0.0,LOADING,dump_zone_2,load_zone_1,0.00025,0.00067
2391.0,2026-07-02T16:49:21.234,2,597.5,28.757,23.952,-0.0711,1000.0,RETURNING_TO_START,load_zone_26,dump_zone_3,0.000266,0.000713
2391.0,2026-07-02T16:49:21.234,3,90.743,166.053,3.675,0.4167,1000.0,RETURNING_TO_START,load_zone_1,dump_zone_1,0.000262,0.000702
2392.0,2026-07-02T16:49:24.739,1,82.878,159.065,1.046,-0.5,0.0,LOADING,dump_zone_2,load_zone_1,0.00025,0.00067
2392.0,2026-07-02T16:49:24.739,2,597.5,35.219,22.611,-0.25,1000.0,RETURNING_TO_START,load_zone_26,dump_zone_3,0.00025,0.00067
2392.0,2026-07-02T16:49:24.739,3,91.92,166.863,6.75,1.0,1000.0,RETURNING_TO_START,load_zone_1,dump_zone_1,0.000294,0.000788
2393.0,2026-07-02T16:49:27.767,1,82.917,159.004,0.0,-0.5,0.0,LOADING,dump_zone_2,load_zone_1,0.00025,0.00067
2393.0,2026-07-02T16:49:27.767,2,597.5,41.546,23.211,0.4167,1000.0,RETURNING_TO_START,load_zone_26,dump_zone_3,0.000327,0.000876
2393.0,2026-07-02T16:49:27.767,3,93.009,168.978,10.35,1.0,1000.0,RETURNING_TO_START,load_zone_1,dump_zone_1,0.000317,0.00085
2394.0,2026-07-02T16:49:30.383,1,83.33,158.482,7.2,0.0,0.0,TURNING_AROUND,load_zone_1,load_zone_3,0.000255,0.000683
2394.0,2026-07-02T16:49:30.383,2,597.5,48.208,24.198,-0.1444,1000.0,RETURNING_TO_START,load_zone_26,dump_zone_3,0.000257,0.000689
2394.0,2026-07-02T16:49:30.383,3,92.19,172.205,13.95,1.0,1000.0,RETURNING_TO_START,load_zone_1,dump_zone_1,0.00034,0.000911
2395.0,2026-07-02T16:49:32.853,1,84.998,157.417,7.2,0.0,0.0,TURNING_AROUND,load_zone_1,load_zone_3,0.000255,0.000683
2395.0,2026-07-02T16:49:32.853,2,597.5,54.767,22.953,-0.4167,1000.0,RETURNING_TO_START,load_zone_26,dump_zone_3,0.00025,0.00067
2395.0,2026-07-02T16:49:32.853,3,89.643,175.808,17.55,1.0,1000.0,RETURNING_TO_START,load_zone_1,dump_zone_1,0.000363,0.000973
2396.0,2026-07-02T16:49:35.673,1,84.362,157.355,5.4,0.0,0.0,TURNING_AROUND,load_zone_1,load_zone_3,0.000253,0.000678
2396.0,2026-07-02T16:49:35.673,2,597.5,61.088,23.005,0.3757,1000.0,RETURNING_TO_START,load_zone_26,dump_zone_3,0.000321,0.00086
2396.0,2026-07-02T16:49:35.673,3,87.504,180.731,20.925,0.7001,1000.0,RETURNING_TO_START,load_zone_1,dump_zone_1,0.000351,0.000941
2397.0,2026-07-02T16:49:38.293,1,85.381,157.845,7.2,0.0,0.0,TURNING_AROUND,load_zone_1,load_zone_3,0.000255,0.000683
2397.0,2026-07-02T16:49:38.293,2,597.5,67.692,23.982,-0.1493,1000.0,RETURNING_TO_START,load_zone_26,dump_zone_3,0.000256,0.000686
2397.0,2026-07-02T16:49:38.293,3,88.501,186.445,21.495,-0.2999,1000.0,RETURNING_TO_START,load_zone_1,dump_zone_1,0.00025,0.00067
2398.0,2026-07-02T16:49:40.490,1,86.439,158.782,5.4,0.0,0.0,TURNING_AROUND,load_zone_1,load_zone_3,0.000253,0.000678
2398.0,2026-07-02T16:49:40.490,2,597.5,74.148,22.728,-0.0833,1000.0,RETURNING_TO_START,load_zone_26,dump_zone_3,0.000264,0.000708
2398.0,2026-07-02T16:49:40.490,3,92.208,190.786,19.741,-0.5,1000.0,RETURNING_TO_START,load_zone_1,dump_zone_1,0.00025,0.00067
2399.0,2026-07-02T16:49:43.807,1,85.974,157.627,0.0,-0.4167,0.0,RETURNING_TO_START,load_zone_1,load_zone_3,0.00025,0.00067
2399.0,2026-07-02T16:49:43.807,2,597.5,80.558,23.535,0.438,1000.0,RETURNING_TO_START,load_zone_26,dump_zone_3,0.00033,0.000884
2399.0,2026-07-02T16:49:43.807,3,94.114,195.589,17.941,-0.5,1000.0,RETURNING_TO_START,load_zone_1,dump_zone_1,0.00025,0.00067
2400.0,2026-07-02T16:49:46.964,1,85.973,157.676,0.7,0.5833,0.0,RETURNING_TO_START,load_zone_1,load_zone_3,0.000252,0.000675
2400.0,2026-07-02T16:49:46.964,2,597.5,87.226,24.068,-0.0297,1000.0,RETURNING_TO_START,load_zone_26,dump_zone_3,0.000272,0.000729
2400.0,2026-07-02T16:49:46.964,3,96.436,199.56,16.141,-0.5,1000.0,RETURNING_TO_START,load_zone_1,dump_zone_1,0.00025,0.00067
