sim_time_s,wall_time,truck_id,x_m,y_m,speed_kmh,accel_ms2,cargo_kg,op_state,current_node,target_node,fuel_L_step,co2_kg_step
2.029,2026-05-23T13:27:44.230,1,50.23,735.89,7.304,1.0,0.0,GOING_TO_ENDPOINT,dump_zone_15,load_zone_22,0.006775,0.018157
2.029,2026-05-23T13:27:44.230,2,699.63,134.1,7.304,1.0,0.0,GOING_TO_ENDPOINT,dump_zone_7,load_zone_26,0.006775,0.018157
2.029,2026-05-23T13:27:44.230,3,49.59,835.904,7.304,1.0,0.0,GOING_TO_ENDPOINT,dump_zone_19,load_zone_22,0.006775,0.018157
3.098,2026-05-23T13:27:45.247,1,50.854,733.195,11.153,1.0,0.0,GOING_TO_ENDPOINT,dump_zone_15,load_zone_22,0.000285,0.000764
3.098,2026-05-23T13:27:45.247,2,699.119,136.826,11.153,1.0,0.0,GOING_TO_ENDPOINT,dump_zone_7,load_zone_26,0.000285,0.000764
3.098,2026-05-23T13:27:45.247,3,49.443,833.134,11.128,1.0,0.0,GOING_TO_ENDPOINT,dump_zone_19,load_zone_22,0.000285,0.000764
4.108,2026-05-23T13:27:46.292,1,51.839,729.667,14.789,1.0,0.0,GOING_TO_ENDPOINT,dump_zone_15,load_zone_22,6.3e-05,0.000169
4.108,2026-05-23T13:27:46.292,2,698.511,140.439,14.789,1.0,0.0,GOING_TO_ENDPOINT,dump_zone_7,load_zone_26,6.3e-05,0.000169
4.108,2026-05-23T13:27:46.292,3,49.048,829.637,13.27,0.114,0.0,GOING_TO_ENDPOINT,dump_zone_19,load_zone_22,5.4e-05,0.000145
5.116,2026-05-23T13:27:47.265,1,52.4,725.035,18.373,0.966,0.0,GOING_TO_ENDPOINT,dump_zone_15,load_zone_22,0.000222,0.000595
5.116,2026-05-23T13:27:47.265,2,697.944,145.076,18.418,1.0,0.0,GOING_TO_ENDPOINT,dump_zone_7,load_zone_26,0.000224,0.0006
5.116,2026-05-23T13:27:47.265,3,49.023,826.058,12.084,-0.5,0.0,GOING_TO_ENDPOINT,dump_zone_19,load_zone_22,0.000174,0.000466
6.119,2026-05-23T13:27:48.268,1,52.506,719.474,20.9,0.249,0.0,GOING_TO_ENDPOINT,dump_zone_15,load_zone_22,0.000276,0.00074
6.119,2026-05-23T13:27:48.268,2,697.582,150.724,22.028,1.0,0.0,GOING_TO_ENDPOINT,dump_zone_7,load_zone_26,0.00033,0.000884
6.119,2026-05-23T13:27:48.268,3,50.271,823.249,10.279,-0.5,0.0,GOING_TO_ENDPOINT,dump_zone_19,load_zone_22,0.000246,0.000659
11.326,2026-05-23T13:27:53.560,1,52.534,699.891,12.46,-0.5,0.0,GOING_TO_ENDPOINT,dump_zone_15,load_zone_22,0.01362,0.036502
11.326,2026-05-23T13:27:53.560,2,698.511,192.865,30.0,1.0,0.0,GOING_TO_ENDPOINT,dump_zone_7,load_zone_26,0.019941,0.053442
11.326,2026-05-23T13:27:53.560,3,40.372,847.636,22.194,0.7981,0.0,GOING_TO_ENDPOINT,dump_zone_19,load_zone_22,0.017507,0.046919
12.371,2026-05-23T13:27:54.520,1,52.992,696.619,10.579,-0.5,0.0,GOING_TO_ENDPOINT,dump_zone_15,load_zone_22,0.000267,0.000716
12.371,2026-05-23T13:27:54.520,2,699.363,201.371,30.0,0.052,0.0,GOING_TO_ENDPOINT,dump_zone_7,load_zone_26,0.000293,0.000785
12.371,2026-05-23T13:27:54.520,3,34.773,849.679,23.42,-0.1499,0.0,GOING_TO_ENDPOINT,dump_zone_19,load_zone_22,0.000271,0.000726
13.421,2026-05-23T13:27:55.570,1,54.021,693.841,10.412,0.447,0.0,GOING_TO_ENDPOINT,dump_zone_15,load_zone_22,0.000205,0.000549
13.421,2026-05-23T13:27:55.570,2,692.859,204.128,28.777,-0.201,0.0,GOING_TO_ENDPOINT,dump_zone_7,load_zone_26,0.000189,0.000507
13.421,2026-05-23T13:27:55.570,3,33.338,843.752,24.545,0.7887,0.0,GOING_TO_ENDPOINT,dump_zone_19,load_zone_22,0.000248,0.000665
14.432,2026-05-23T13:27:56.662,1,55.51,690.945,12.903,0.766,0.0,GOING_TO_ENDPOINT,dump_zone_15,load_zone_22,5.6e-05,0.00015
14.432,2026-05-23T13:27:56.662,2,686.865,198.699,29.896,0.546,0.0,GOING_TO_ENDPOINT,dump_zone_7,load_zone_26,6.2e-05,0.000166
14.432,2026-05-23T13:27:56.662,3,39.4,839.55,28.119,1.0,0.0,GOING_TO_ENDPOINT,dump_zone_19,load_zone_22,6.9e-05,0.000185
15.5,2026-05-23T13:27:57.649,1,57.769,687.45,14.817,0.2761,0.0,GOING_TO_ENDPOINT,dump_zone_15,load_zone_22,0.000321,0.00086
15.5,2026-05-23T13:27:57.649,2,678.178,197.383,29.446,-0.5,0.0,GOING_TO_ENDPOINT,dump_zone_7,load_zone_26,0.000294,0.000788
15.5,2026-05-23T13:27:57.649,3,46.517,834.408,30.0,0.455,0.0,GOING_TO_ENDPOINT,dump_zone_19,load_zone_22,0.000368,0.000986
16.577,2026-05-23T13:27:58.726,1,60.585,683.825,16.122,0.508,0.0,GOING_TO_ENDPOINT,dump_zone_15,load_zone_22,0.000313,0.000839
16.577,2026-05-23T13:27:58.726,2,669.68,197.511,27.508,-0.5,0.0,GOING_TO_ENDPOINT,dump_zone_7,load_zone_26,0.000273,0.000732
16.577,2026-05-23T13:27:58.726,3,51.955,827.756,29.271,-0.5,0.0,GOING_TO_ENDPOINT,dump_zone_19,load_zone_22,0.000273,0.000732
17.635,2026-05-23T13:27:59.785,1,63.905,680.092,17.577,0.1725,0.0,GOING_TO_ENDPOINT,dump_zone_15,load_zone_22,0.000254,0.000681
17.635,2026-05-23T13:27:59.785,2,661.896,197.499,25.603,-0.5,0.0,GOING_TO_ENDPOINT,dump_zone_7,load_zone_26,0.000234,0.000627
17.635,2026-05-23T13:27:59.785,3,49.027,820.381,27.366,-0.5,0.0,GOING_TO_ENDPOINT,dump_zone_19,load_zone_22,0.000234,0.000627
18.732,2026-05-23T13:28:00.882,1,67.798,676.187,18.785,0.603,0.0,GOING_TO_ENDPOINT,dump_zone_15,load_zone_22,0.000351,0.000941
18.732,2026-05-23T13:28:00.882,2,654.414,197.501,23.629,-0.5,0.0,GOING_TO_ENDPOINT,dump_zone_7,load_zone_26,0.000294,0.000788
18.732,2026-05-23T13:28:00.882,3,53.952,815.831,25.392,-0.5,0.0,GOING_TO_ENDPOINT,dump_zone_19,load_zone_22,0.000294,0.000788
19.781,2026-05-23T13:28:01.931,1,72.137,672.244,21.072,0.336,0.0,GOING_TO_ENDPOINT,dump_zone_15,load_zone_22,0.000227,0.000608
19.781,2026-05-23T13:28:01.931,2,647.827,197.433,21.741,-0.5,0.0,GOING_TO_ENDPOINT,dump_zone_7,load_zone_26,0.000198,0.000531
19.781,2026-05-23T13:28:01.931,3,60.578,817.211,23.504,-0.5,0.0,GOING_TO_ENDPOINT,dump_zone_19,load_zone_22,0.000198,0.000531
20.848,2026-05-23T13:28:02.997,1,76.969,668.207,21.38,0.2215,0.0,GOING_TO_ENDPOINT,dump_zone_15,load_zone_22,0.000278,0.000745
20.848,2026-05-23T13:28:02.997,2,641.679,196.964,20.168,-0.3956,0.0,GOING_TO_ENDPOINT,dump_zone_7,load_zone_26,0.000249,0.000667
20.848,2026-05-23T13:28:02.997,3,66.695,814.576,21.583,-0.5,0.0,GOING_TO_ENDPOINT,dump_zone_19,load_zone_22,0.000249,0.000667
21.945,2026-05-23T13:28:04.169,1,82.252,664.15,21.913,-0.2295,0.0,GOING_TO_ENDPOINT,dump_zone_15,load_zone_22,0.000321,0.00086
21.945,2026-05-23T13:28:04.169,2,635.714,196.217,19.273,-0.3024,0.0,GOING_TO_ENDPOINT,dump_zone_7,load_zone_26,0.000321,0.00086
21.945,2026-05-23T13:28:04.169,3,72.526,812.315,19.608,-0.5,0.0,GOING_TO_ENDPOINT,dump_zone_19,load_zone_22,0.000321,0.00086
22.974,2026-05-23T13:28:05.124,1,87.147,660.666,20.193,-0.5,0.0,GOING_TO_ENDPOINT,dump_zone_15,load_zone_22,0.000207,0.000555
22.974,2026-05-23T13:28:05.124,2,630.488,195.484,17.654,-0.414,0.0,GOING_TO_ENDPOINT,dump_zone_7,load_zone_26,0.000207,0.000555
22.974,2026-05-23T13:28:05.124,3,77.527,810.504,17.756,-0.5,0.0,GOING_TO_ENDPOINT,dump_zone_19,load_zone_22,0.000207,0.000555
24.011,2026-05-23T13:28:06.160,1,91.774,657.615,18.489,-0.4433,0.0,GOING_TO_ENDPOINT,dump_zone_15,load_zone_22,0.000225,0.000603
24.011,2026-05-23T13:28:06.160,2,625.629,194.822,16.293,-0.5,0.0,GOING_TO_ENDPOINT,dump_zone_7,load_zone_26,0.000225,0.000603
24.011,2026-05-23T13:28:06.160,3,82.079,808.903,15.89,-0.5,0.0,GOING_TO_ENDPOINT,dump_zone_19,load_zone_22,0.000225,0.000603
25.021,2026-05-23T13:28:07.248,1,96.002,655.038,16.829,-0.5,0.0,GOING_TO_ENDPOINT,dump_zone_15,load_zone_22,4.8e-05,0.000129
25.021,2026-05-23T13:28:07.248,2,621.318,194.317,14.693,-0.4875,0.0,GOING_TO_ENDPOINT,dump_zone_7,load_zone_26,4.8e-05,0.000129
25.021,2026-05-23T13:28:07.248,3,86.034,807.538,14.072,-0.5,0.0,GOING_TO_ENDPOINT,dump_zone_19,load_zone_22,4.8e-05,0.000129
26.055,2026-05-23T13:28:08.204,1,99.984,652.846,14.968,-0.5,0.0,GOING_TO_ENDPOINT,dump_zone_15,load_zone_22,0.000261,0.000699
26.055,2026-05-23T13:28:08.204,2,617.373,193.98,12.967,-0.5,0.0,GOING_TO_ENDPOINT,dump_zone_7,load_zone_26,0.000261,0.000699
26.055,2026-05-23T13:28:08.204,3,89.678,806.748,12.21,-0.5,0.0,GOING_TO_ENDPOINT,dump_zone_19,load_zone_22,0.000261,0.000699
27.114,2026-05-23T13:28:09.263,1,103.757,651.15,13.271,-0.397,0.0,GOING_TO_ENDPOINT,dump_zone_15,load_zone_22,0.000258,0.000691
27.114,2026-05-23T13:28:09.263,2,613.851,193.831,11.202,-0.3828,0.0,GOING_TO_ENDPOINT,dump_zone_7,load_zone_26,0.000258,0.000691
27.114,2026-05-23T13:28:09.263,3,92.963,806.904,10.304,-0.5,0.0,GOING_TO_ENDPOINT,dump_zone_19,load_zone_22,0.000258,0.000691
28.17,2026-05-23T13:28:10.320,1,107.222,650.061,11.622,-0.306,0.0,GOING_TO_ENDPOINT,dump_zone_15,load_zone_22,0.000213,0.000571
28.17,2026-05-23T13:28:10.320,2,610.857,193.895,9.388,-0.4471,0.0,GOING_TO_ENDPOINT,dump_zone_7,load_zone_26,0.000213,0.000571
28.17,2026-05-23T13:28:10.320,3,95.623,806.354,8.403,-0.5,0.0,GOING_TO_ENDPOINT,dump_zone_19,load_zone_22,0.000213,0.000571
29.171,2026-05-23T13:28:11.400,1,110.428,649.412,12.455,0.695,0.0,GOING_TO_ENDPOINT,dump_zone_15,load_zone_22,5.5e-05,0.000147
29.171,2026-05-23T13:28:11.400,2,608.571,194.484,7.75,-0.484,0.0,GOING_TO_ENDPOINT,dump_zone_7,load_zone_26,4.8e-05,0.000129
29.171,2026-05-23T13:28:11.400,3,97.584,805.7,6.602,-0.5,0.0,GOING_TO_ENDPOINT,dump_zone_19,load_zone_22,4.8e-05,0.000129
30.232,2026-05-23T13:28:12.471,1,114.615,648.951,15.917,0.791,0.0,GOING_TO_ENDPOINT,dump_zone_15,load_zone_22,0.000372,0.000997
30.232,2026-05-23T13:28:12.471,2,606.795,195.447,6.194,-0.4418,0.0,GOING_TO_ENDPOINT,dump_zone_7,load_zone_26,0.000309,0.000828
30.232,2026-05-23T13:28:12.471,3,99.138,805.084,4.941,-0.4689,0.0,GOING_TO_ENDPOINT,dump_zone_19,load_zone_22,0.000309,0.000828
31.248,2026-05-23T13:28:13.397,1,119.402,648.813,17.712,0.2939,0.0,GOING_TO_ENDPOINT,dump_zone_15,load_zone_22,0.000254,0.000681
31.248,2026-05-23T13:28:13.397,2,605.501,196.177,4.574,-0.385,0.0,GOING_TO_ENDPOINT,dump_zone_7,load_zone_26,0.000228,0.000611
31.248,2026-05-23T13:28:13.397,3,100.255,804.333,5.233,0.5471,0.0,GOING_TO_ENDPOINT,dump_zone_19,load_zone_22,0.000239,0.000641
32.251,2026-05-23T13:28:14.460,1,124.343,649.046,17.588,-0.2891,0.0,GOING_TO_ENDPOINT,dump_zone_15,load_zone_22,5.1e-05,0.000137
32.251,2026-05-23T13:28:14.460,2,604.426,196.714,4.47,0.356,0.0,GOING_TO_ENDPOINT,dump_zone_7,load_zone_26,5.3e-05,0.000142
32.251,2026-05-23T13:28:14.460,3,101.279,802.732,8.53,1.0,0.0,GOING_TO_ENDPOINT,dump_zone_19,load_zone_22,5.8e-05,0.000155
33.302,2026-05-23T13:28:15.452,1,129.185,649.528,15.848,-0.5,0.0,GOING_TO_ENDPOINT,dump_zone_15,load_zone_22,0.000282,0.000756
33.302,2026-05-23T13:28:15.452,2,603.077,197.376,5.495,-0.0071,0.0,GOING_TO_ENDPOINT,dump_zone_7,load_zone_26,0.000286,0.000766
33.302,2026-05-23T13:28:15.452,3,101.096,799.737,12.109,0.7126,0.0,GOING_TO_ENDPOINT,dump_zone_19,load_zone_22,0.000322,0.000863
34.395,2026-05-23T13:28:16.603,1,133.655,650.143,14.151,-0.2577,0.0,GOING_TO_ENDPOINT,dump_zone_15,load_zone_22,0.000303,0.000812
34.395,2026-05-23T13:28:16.603,2,601.649,198.029,4.599,-0.3994,0.0,GOING_TO_ENDPOINT,dump_zone_7,load_zone_26,0.000303,0.000812
34.395,2026-05-23T13:28:16.603,3,98.546,796.939,13.098,0.2676,0.0,GOING_TO_ENDPOINT,dump_zone_19,load_zone_22,0.000327,0.000876
35.452,2026-05-23T13:28:17.601,1,137.701,650.798,13.674,-0.4117,0.0,GOING_TO_ENDPOINT,dump_zone_15,load_zone_22,0.000276,0.00074
35.452,2026-05-23T13:28:17.601,2,600.623,198.406,2.913,-0.5,0.0,GOING_TO_ENDPOINT,dump_zone_7,load_zone_26,0.000276,0.00074
35.452,2026-05-23T13:28:17.601,3,94.485,795.74,16.031,1.0,0.0,GOING_TO_ENDPOINT,dump_zone_19,load_zone_22,0.000344,0.000922
36.455,2026-05-23T13:28:18.681,1,141.209,651.393,12.028,-0.5,0.0,GOING_TO_ENDPOINT,dump_zone_15,load_zone_22,0.000318,0.000852
36.455,2026-05-23T13:28:18.681,2,600.044,198.496,1.769,0.063,0.0,GOING_TO_ENDPOINT,dump_zone_7,load_zone_26,0.00032,0.000858
36.455,2026-05-23T13:28:18.681,3,89.693,794.333,19.364,0.654,0.0,GOING_TO_ENDPOINT,dump_zone_19,load_zone_22,0.000386,0.001034
37.498,2026-05-23T13:28:19.648,1,144.358,651.907,10.15,-0.5,0.0,GOING_TO_ENDPOINT,dump_zone_15,load_zone_22,0.000258,0.000691
37.498,2026-05-23T13:28:19.648,2,599.259,198.48,4.088,1.0,0.0,GOING_TO_ENDPOINT,dump_zone_7,load_zone_26,0.000274,0.000734
37.498,2026-05-23T13:28:19.648,3,84.155,792.402,20.551,-0.0708,0.0,GOING_TO_ENDPOINT,dump_zone_19,load_zone_22,0.000267,0.000716
38.553,2026-05-23T13:28:20.702,1,147.036,652.265,8.439,-0.419,0.0,GOING_TO_ENDPOINT,dump_zone_15,load_zone_22,0.000195,0.000523
38.553,2026-05-23T13:28:20.702,2,597.593,197.88,7.886,1.0,0.0,GOING_TO_ENDPOINT,dump_zone_7,load_zone_26,0.000219,0.000587
38.553,2026-05-23T13:28:20.702,3,78.475,790.208,21.034,0.3022,0.0,GOING_TO_ENDPOINT,dump_zone_19,load_zone_22,0.000221,0.000592
39.632,2026-05-23T13:28:21.781,1,149.325,652.216,7.357,0.0847,0.0,GOING_TO_ENDPOINT,dump_zone_15,load_zone_22,0.000259,0.000694
39.632,2026-05-23T13:28:21.781,2,595.903,195.518,11.771,1.0,0.0,GOING_TO_ENDPOINT,dump_zone_7,load_zone_26,0.000298,0.000799
39.632,2026-05-23T13:28:21.781,3,72.279,787.614,24.069,0.9,0.0,GOING_TO_ENDPOINT,dump_zone_19,load_zone_22,0.000338,0.000906
40.702,2026-05-23T13:28:22.851,1,151.431,651.025,9.51,0.6256,0.0,GOING_TO_ENDPOINT,dump_zone_15,load_zone_22,0.000238,0.000638
40.702,2026-05-23T13:28:22.851,2,596.913,191.721,15.623,1.0,0.0,GOING_TO_ENDPOINT,dump_zone_7,load_zone_26,0.000268,0.000718
40.702,2026-05-23T13:28:22.851,3,65.244,784.466,27.279,0.464,0.0,GOING_TO_ENDPOINT,dump_zone_19,load_zone_22,0.000266,0.000713
41.797,2026-05-23T13:28:23.947,1,152.527,648.267,9.744,-0.2434,0.0,GOING_TO_ENDPOINT,dump_zone_15,load_zone_22,0.000288,0.000772
41.797,2026-05-23T13:28:23.947,2,600.169,187.448,19.565,1.0,0.0,GOING_TO_ENDPOINT,dump_zone_7,load_zone_26,0.000375,0.001005
41.797,2026-05-23T13:28:23.947,3,57.686,780.845,27.413,-0.1622,0.0,GOING_TO_ENDPOINT,dump_zone_19,load_zone_22,0.000291,0.00078
42.808,2026-05-23T13:28:25.005,1,152.603,645.464,10.788,0.7676,0.0,GOING_TO_ENDPOINT,dump_zone_15,load_zone_22,5.8e-05,0.000155
42.808,2026-05-23T13:28:25.005,2,601.949,181.721,23.204,1.0,0.0,GOING_TO_ENDPOINT,dump_zone_7,load_zone_26,6.9e-05,0.000185
42.808,2026-05-23T13:28:25.005,3,50.785,777.337,28.144,0.6288,0.0,GOING_TO_ENDPOINT,dump_zone_19,load_zone_22,6.6e-05,0.000177
43.867,2026-05-23T13:28:26.016,1,152.552,641.725,14.517,1.0,0.0,GOING_TO_ENDPOINT,dump_zone_15,load_zone_22,0.000298,0.000799
43.867,2026-05-23T13:28:26.016,2,602.469,174.329,27.017,1.0,0.0,GOING_TO_ENDPOINT,dump_zone_7,load_zone_26,0.000345,0.000925
43.867,2026-05-23T13:28:26.016,3,43.131,773.265,30.0,0.1798,0.0,GOING_TO_ENDPOINT,dump_zone_19,load_zone_22,0.000278,0.000745
44.871,2026-05-23T13:28:27.021,1,152.515,637.145,18.131,1.0,0.0,GOING_TO_ENDPOINT,dump_zone_15,load_zone_22,6.1e-05,0.000163
44.871,2026-05-23T13:28:27.021,2,602.501,166.316,29.953,0.444,0.0,GOING_TO_ENDPOINT,dump_zone_7,load_zone_26,6e-05,0.000161
44.871,2026-05-23T13:28:27.021,3,35.861,769.211,29.56,-0.2095,0.0,GOING_TO_ENDPOINT,dump_zone_19,load_zone_22,4.8e-05,0.000129
45.916,2026-05-23T13:28:28.065,1,152.501,631.302,21.893,1.0,0.0,GOING_TO_ENDPOINT,dump_zone_15,load_zone_22,0.000241,0.000646
45.916,2026-05-23T13:28:28.065,2,602.5,157.658,29.303,-0.5,0.0,GOING_TO_ENDPOINT,dump_zone_7,load_zone_26,0.00018,0.000482
45.916,2026-05-23T13:28:28.065,3,28.526,764.965,28.768,-0.3197,0.0,GOING_TO_ENDPOINT,dump_zone_19,load_zone_22,0.00018,0.000482
46.929,2026-05-23T13:28:29.140,1,152.5,624.587,25.54,1.0,0.0,GOING_TO_ENDPOINT,dump_zone_15,load_zone_22,6.7e-05,0.00018
46.929,2026-05-23T13:28:29.140,2,602.5,149.583,28.461,-0.171,0.0,GOING_TO_ENDPOINT,dump_zone_7,load_zone_26,4.8e-05,0.000129
46.929,2026-05-23T13:28:29.140,3,21.662,760.847,28.289,-0.2327,0.0,GOING_TO_ENDPOINT,dump_zone_19,load_zone_22,4.8e-05,0.000129
48.005,2026-05-23T13:28:30.234,1,152.5,616.423,28.512,0.699,0.0,GOING_TO_ENDPOINT,dump_zone_15,load_zone_22,0.000403,0.00108
48.005,2026-05-23T13:28:30.234,2,602.5,141.152,27.939,-0.095,0.0,GOING_TO_ENDPOINT,dump_zone_7,load_zone_26,0.000314,0.000842
48.005,2026-05-23T13:28:30.234,3,14.648,756.505,26.921,-0.268,0.0,GOING_TO_ENDPOINT,dump_zone_19,load_zone_22,0.000303,0.000812
49.064,2026-05-23T13:28:31.213,1,152.5,607.749,29.707,-0.1708,0.0,GOING_TO_ENDPOINT,dump_zone_15,load_zone_22,0.000254,0.000681
49.064,2026-05-23T13:28:31.213,2,602.5,132.972,27.916,0.298,0.0,GOING_TO_ENDPOINT,dump_zone_7,load_zone_26,0.000297,0.000796
49.064,2026-05-23T13:28:31.213,3,7.975,752.239,27.409,0.567,0.0,GOING_TO_ENDPOINT,dump_zone_19,load_zone_22,0.00032,0.000858
50.148,2026-05-23T13:28:32.297,1,152.5,599.027,28.442,-0.061,0.0,GOING_TO_ENDPOINT,dump_zone_15,load_zone_22,0.000299,0.000801
50.148,2026-05-23T13:28:32.297,2,602.5,124.404,28.987,0.48,0.0,GOING_TO_ENDPOINT,dump_zone_7,load_zone_26,0.000357,0.000957
50.148,2026-05-23T13:28:32.297,3,0.882,747.58,28.695,0.171,0.0,GOING_TO_ENDPOINT,dump_zone_19,load_zone_22,0.000324,0.000868
51.229,2026-05-23T13:28:33.458,1,152.5,590.646,27.394,-0.214,0.0,GOING_TO_ENDPOINT,dump_zone_15,load_zone_22,0.000324,0.000868
51.229,2026-05-23T13:28:33.458,2,602.5,115.56,29.38,-0.2558,0.0,GOING_TO_ENDPOINT,dump_zone_7,load_zone_26,0.000324,0.000868
51.229,2026-05-23T13:28:33.458,3,-6.179,742.855,27.573,-0.392,0.0,GOING_TO_ENDPOINT,dump_zone_19,load_zone_22,0.000324,0.000868
52.254,2026-05-23T13:28:34.403,1,152.5,583.04,25.886,-0.5,0.0,GOING_TO_ENDPOINT,dump_zone_15,load_zone_22,0.000219,0.000587
52.254,2026-05-23T13:28:34.403,2,602.5,107.302,28.945,0.0542,0.0,GOING_TO_ENDPOINT,dump_zone_7,load_zone_26,0.00024,0.000643
52.254,2026-05-23T13:28:34.403,3,-12.496,738.547,26.081,-0.5,0.0,GOING_TO_ENDPOINT,dump_zone_19,load_zone_22,0.000219,0.000587
53.305,2026-05-23T13:28:35.455,1,152.5,575.776,23.994,-0.5,0.0,GOING_TO_ENDPOINT,dump_zone_15,load_zone_22,0.000204,0.000547
53.305,2026-05-23T13:28:35.455,2,602.5,98.911,28.538,-0.1568,0.0,GOING_TO_ENDPOINT,dump_zone_7,load_zone_26,0.000207,0.000555
53.305,2026-05-23T13:28:35.455,3,-18.481,734.33,24.189,-0.5,0.0,GOING_TO_ENDPOINT,dump_zone_19,load_zone_22,0.000204,0.000547
54.356,2026-05-23T13:28:36.505,1,152.5,569.064,22.102,-0.5,0.0,GOING_TO_ENDPOINT,dump_zone_15,load_zone_22,0.00018,0.000482
54.356,2026-05-23T13:28:36.505,2,602.5,90.577,28.744,0.1434,0.0,GOING_TO_ENDPOINT,dump_zone_7,load_zone_26,0.000203,0.000544
54.356,2026-05-23T13:28:36.505,3,-23.922,730.301,22.308,-0.5,0.0,GOING_TO_ENDPOINT,dump_zone_19,load_zone_22,0.00018,0.000482
55.438,2026-05-23T13:28:37.588,1,152.5,562.732,20.155,-0.5,0.0,GOING_TO_ENDPOINT,dump_zone_15,load_zone_22,0.000252,0.000675
55.438,2026-05-23T13:28:37.588,2,602.5,81.905,28.84,0.0362,0.0,GOING_TO_ENDPOINT,dump_zone_7,load_zone_26,0.000274,0.000734
55.438,2026-05-23T13:28:37.588,3,-28.946,726.33,20.4,-0.5,0.0,GOING_TO_ENDPOINT,dump_zone_19,load_zone_22,0.000252,0.000675
56.481,2026-05-23T13:28:38.631,1,152.5,557.181,18.277,-0.5,0.0,GOING_TO_ENDPOINT,dump_zone_15,load_zone_22,0.000243,0.000651
56.481,2026-05-23T13:28:38.631,2,602.5,73.537,28.97,-0.0154,0.0,GOING_TO_ENDPOINT,dump_zone_7,load_zone_26,0.000259,0.000694
56.481,2026-05-23T13:28:38.631,3,-33.209,722.663,18.56,-0.496,0.0,GOING_TO_ENDPOINT,dump_zone_19,load_zone_22,0.000243,0.000651
57.567,2026-05-23T13:28:39.717,1,152.491,551.979,16.322,-0.5,0.0,GOING_TO_ENDPOINT,dump_zone_15,load_zone_22,0.000261,0.000699
57.567,2026-05-23T13:28:39.717,2,602.5,64.869,28.775,0.1602,0.0,GOING_TO_ENDPOINT,dump_zone_7,load_zone_26,0.000296,0.000793
57.567,2026-05-23T13:28:39.717,3,-37.041,719.01,16.633,-0.5,0.0,GOING_TO_ENDPOINT,dump_zone_19,load_zone_22,0.000261,0.000699
58.568,2026-05-23T13:28:40.792,1,150.8,548.251,14.521,-0.5,0.0,GOING_TO_ENDPOINT,dump_zone_15,load_zone_22,4.8e-05,0.000129
58.568,2026-05-23T13:28:40.792,2,602.5,56.782,29.261,-0.0348,0.0,GOING_TO_ENDPOINT,dump_zone_7,load_zone_26,5.1e-05,0.000137
58.568,2026-05-23T13:28:40.792,3,-40.001,715.816,14.831,-0.5,0.0,GOING_TO_ENDPOINT,dump_zone_19,load_zone_22,4.8e-05,0.000129
59.639,2026-05-23T13:28:41.872,1,146.936,547.494,12.854,-0.16,0.0,GOING_TO_ENDPOINT,dump_zone_15,load_zone_22,0.000326,0.000874
59.639,2026-05-23T13:28:41.872,2,602.5,48.264,28.145,-0.0521,0.0,GOING_TO_ENDPOINT,dump_zone_7,load_zone_26,0.000341,0.000914
59.639,2026-05-23T13:28:41.872,3,-42.563,712.587,13.019,-0.3984,0.0,GOING_TO_ENDPOINT,dump_zone_19,load_zone_22,0.000324,0.000868
60.708,2026-05-23T13:28:42.857,1,142.981,547.758,14.425,0.909,0.0,GOING_TO_ENDPOINT,dump_zone_15,load_zone_22,0.000297,0.000796
60.708,2026-05-23T13:28:42.857,2,602.5,39.807,29.137,0.3889,0.0,GOING_TO_ENDPOINT,dump_zone_7,load_zone_26,0.0003,0.000804
60.708,2026-05-23T13:28:42.857,3,-44.536,709.55,11.446,-0.4148,0.0,GOING_TO_ENDPOINT,dump_zone_19,load_zone_22,0.000246,0.000659
61.726,2026-05-23T13:28:43.876,1,138.371,548.141,18.082,1.0,0.0,GOING_TO_ENDPOINT,dump_zone_15,load_zone_22,0.000311,0.000833
61.726,2026-05-23T13:28:43.876,2,602.5,31.44,29.726,-0.1026,0.0,GOING_TO_ENDPOINT,dump_zone_7,load_zone_26,0.000252,0.000675
61.726,2026-05-23T13:28:43.876,3,-45.901,706.835,10.222,-0.278,0.0,GOING_TO_ENDPOINT,dump_zone_19,load_zone_22,0.000243,0.000651
62.736,2026-05-23T13:28:44.939,1,132.775,548.633,21.718,1.0,0.0,GOING_TO_ENDPOINT,dump_zone_15,load_zone_22,6.8e-05,0.000182
62.736,2026-05-23T13:28:44.939,2,602.5,23.233,28.94,-0.0063,0.0,GOING_TO_ENDPOINT,dump_zone_7,load_zone_26,5.5e-05,0.000147
62.736,2026-05-23T13:28:44.939,3,-46.796,704.354,8.713,-0.308,0.0,GOING_TO_ENDPOINT,dump_zone_19,load_zone_22,5.1e-05,0.000137
63.804,2026-05-23T13:28:45.953,1,125.755,549.318,25.563,1.0,0.0,GOING_TO_ENDPOINT,dump_zone_15,load_zone_22,0.00036,0.000965
63.804,2026-05-23T13:28:45.953,2,602.5,14.706,28.405,-0.1332,0.0,GOING_TO_ENDPOINT,dump_zone_7,load_zone_26,0.000264,0.000708
63.804,2026-05-23T13:28:45.953,3,-47.307,701.913,8.353,-0.1816,0.0,GOING_TO_ENDPOINT,dump_zone_19,load_zone_22,0.000258,0.000691
64.906,2026-05-23T13:28:47.153,1,117.402,550.17,28.663,0.564,0.0,GOING_TO_ENDPOINT,dump_zone_15,load_zone_22,0.000423,0.001134
64.906,2026-05-23T13:28:47.153,2,602.5,6.152,27.558,-0.201,0.0,GOING_TO_ENDPOINT,dump_zone_7,load_zone_26,0.00033,0.000884
64.906,2026-05-23T13:28:47.153,3,-47.439,699.497,7.912,0.2524,0.0,GOING_TO_ENDPOINT,dump_zone_19,load_zone_22,0.000345,0.000925
65.92,2026-05-23T13:28:48.069,1,109.274,551.001,28.765,-0.416,0.0,GOING_TO_ENDPOINT,dump_zone_15,load_zone_22,0.000207,0.000555
65.92,2026-05-23T13:28:48.069,2,602.5,-1.612,27.68,0.197,0.0,GOING_TO_ENDPOINT,dump_zone_7,load_zone_26,0.000236,0.000632
65.92,2026-05-23T13:28:48.069,3,-47.186,697.014,9.623,0.2704,0.0,GOING_TO_ENDPOINT,dump_zone_19,load_zone_22,0.000219,0.000587
66.936,2026-05-23T13:28:49.172,1,101.424,551.772,27.433,-0.129,0.0,GOING_TO_ENDPOINT,dump_zone_15,load_zone_22,0.000338,0.000906
66.936,2026-05-23T13:28:49.172,2,602.5,-9.566,28.502,0.313,0.0,GOING_TO_ENDPOINT,dump_zone_7,load_zone_26,0.000392,0.001051
66.936,2026-05-23T13:28:49.172,3,-46.516,694.291,10.436,0.3764,0.0,GOING_TO_ENDPOINT,dump_zone_19,load_zone_22,0.000356,0.000954
68.015,2026-05-23T13:28:50.246,1,93.126,552.538,28.465,0.458,0.0,GOING_TO_ENDPOINT,dump_zone_15,load_zone_22,0.000372,0.000997
68.015,2026-05-23T13:28:50.246,2,602.5,-18.219,28.884,-0.174,0.0,GOING_TO_ENDPOINT,dump_zone_7,load_zone_26,0.000302,0.000809
68.015,2026-05-23T13:28:50.246,3,-45.303,691.131,12.028,0.2787,0.0,GOING_TO_ENDPOINT,dump_zone_19,load_zone_22,0.000322,0.000863
69.104,2026-05-23T13:28:51.349,1,84.472,553.263,28.745,0.039,0.0,GOING_TO_ENDPOINT,dump_zone_15,load_zone_22,0.000326,0.000874
69.104,2026-05-23T13:28:51.349,2,602.5,-26.741,27.66,-0.082,0.0,GOING_TO_ENDPOINT,dump_zone_7,load_zone_26,0.000312,0.000836
69.104,2026-05-23T13:28:51.349,3,-43.622,687.786,12.804,0.2217,0.0,GOING_TO_ENDPOINT,dump_zone_19,load_zone_22,0.000321,0.00086
70.16,2026-05-23T13:28:52.309,1,76.25,553.858,27.28,-0.5,0.0,GOING_TO_ENDPOINT,dump_zone_15,load_zone_22,0.000252,0.000675
70.16,2026-05-23T13:28:52.309,2,602.5,-34.83,28.046,0.564,0.0,GOING_TO_ENDPOINT,dump_zone_7,load_zone_26,0.000321,0.00086
70.16,2026-05-23T13:28:52.309,3,-41.595,684.478,13.778,0.2944,0.0,GOING_TO_ENDPOINT,dump_zone_19,load_zone_22,0.000274,0.000734
71.221,2026-05-23T13:28:53.371,1,68.514,554.322,25.43,-0.5,0.0,GOING_TO_ENDPOINT,dump_zone_15,load_zone_22,0.000249,0.000667
71.221,2026-05-23T13:28:53.371,2,602.5,-43.342,29.379,0.105,0.0,GOING_TO_ENDPOINT,dump_zone_7,load_zone_26,0.000277,0.000742
71.221,2026-05-23T13:28:53.371,3,-39.081,680.995,15.483,0.6882,0.0,GOING_TO_ENDPOINT,dump_zone_19,load_zone_22,0.000293,0.000785
72.233,2026-05-23T13:28:54.470,1,61.619,554.624,23.738,-0.483,0.0,GOING_TO_ENDPOINT,dump_zone_15,load_zone_22,5.1e-05,0.000137
72.233,2026-05-23T13:28:54.470,2,602.5,-51.672,29.567,-0.217,0.0,GOING_TO_ENDPOINT,dump_zone_7,load_zone_26,5.1e-05,0.000137
72.233,2026-05-23T13:28:54.470,3,-36.061,677.355,17.676,0.5162,0.0,GOING_TO_ENDPOINT,dump_zone_19,load_zone_22,5.9e-05,0.000158
73.278,2026-05-23T13:28:55.428,1,55.012,554.81,21.945,-0.391,0.0,GOING_TO_ENDPOINT,dump_zone_15,load_zone_22,0.000276,0.00074
73.278,2026-05-23T13:28:55.428,2,602.5,-60.22,29.136,-0.408,0.0,GOING_TO_ENDPOINT,dump_zone_7,load_zone_26,0.000276,0.00074
73.278,2026-05-23T13:28:55.428,3,-32.48,673.545,17.885,-0.3128,0.0,GOING_TO_ENDPOINT,dump_zone_19,load_zone_22,0.000276,0.00074
74.341,2026-05-23T13:28:56.491,1,48.805,554.88,20.35,-0.178,0.0,GOING_TO_ENDPOINT,dump_zone_15,load_zone_22,0.000268,0.000718
74.341,2026-05-23T13:28:56.491,2,602.5,-68.523,27.227,-0.5,0.0,GOING_TO_ENDPOINT,dump_zone_7,load_zone_26,0.000267,0.000716
74.341,2026-05-23T13:28:56.491,3,-28.788,670.066,16.5,-0.284,0.0,GOING_TO_ENDPOINT,dump_zone_19,load_zone_22,0.000267,0.000716
75.387,2026-05-23T13:28:57.536,1,43.078,554.838,18.946,-0.397,0.0,GOING_TO_ENDPOINT,dump_zone_15,load_zone_22,0.000261,0.000699
75.387,2026-05-23T13:28:57.536,2,602.5,-76.14,25.345,-0.5,0.0,GOING_TO_ENDPOINT,dump_zone_7,load_zone_26,0.000261,0.000699
75.387,2026-05-23T13:28:57.536,3,-25.16,667.0,16.336,-0.1477,0.0,GOING_TO_ENDPOINT,dump_zone_19,load_zone_22,0.000264,0.000708
76.43,2026-05-23T13:28:58.580,1,37.791,554.678,18.015,0.021,0.0,GOING_TO_ENDPOINT,dump_zone_15,load_zone_22,0.000268,0.000718
76.43,2026-05-23T13:28:58.580,2,602.5,-83.194,23.467,-0.5,0.0,GOING_TO_ENDPOINT,dump_zone_7,load_zone_26,0.000255,0.000683
76.43,2026-05-23T13:28:58.580,3,-21.372,664.105,16.988,0.404,0.0,GOING_TO_ENDPOINT,dump_zone_19,load_zone_22,0.000289,0.000775
77.484,2026-05-23T13:28:59.634,1,32.624,554.41,17.438,-0.175,0.0,GOING_TO_ENDPOINT,dump_zone_15,load_zone_22,0.00025,0.00067
77.484,2026-05-23T13:28:59.634,2,602.5,-89.768,21.57,-0.5,0.0,GOING_TO_ENDPOINT,dump_zone_7,load_zone_26,0.000249,0.000667
77.484,2026-05-23T13:28:59.634,3,-17.198,661.24,17.383,-0.022,0.0,GOING_TO_ENDPOINT,dump_zone_19,load_zone_22,0.000259,0.000694
78.569,2026-05-23T13:29:00.718,1,27.565,554.006,16.175,-0.5,0.0,GOING_TO_ENDPOINT,dump_zone_15,load_zone_22,0.00027,0.000724
78.569,2026-05-23T13:29:00.718,2,602.5,-95.954,19.617,-0.5,0.0,GOING_TO_ENDPOINT,dump_zone_7,load_zone_26,0.00027,0.000724
78.569,2026-05-23T13:29:00.718,3,-12.791,658.56,16.639,-0.393,0.0,GOING_TO_ENDPOINT,dump_zone_19,load_zone_22,0.00027,0.000724
79.64,2026-05-23T13:29:01.789,1,23.028,553.496,14.714,-0.2492,0.0,GOING_TO_ENDPOINT,dump_zone_15,load_zone_22,0.000252,0.000675
79.64,2026-05-23T13:29:01.789,2,604.337,-100.953,18.83,0.26,0.0,GOING_TO_ENDPOINT,dump_zone_7,load_zone_26,0.00028,0.00075
79.64,2026-05-23T13:29:01.789,3,-8.564,656.305,16.039,0.25,0.0,GOING_TO_ENDPOINT,dump_zone_19,load_zone_22,0.000275,0.000737
80.715,2026-05-23T13:29:02.864,1,18.793,552.884,14.174,-0.1255,0.0,GOING_TO_ENDPOINT,dump_zone_15,load_zone_22,0.000252,0.000675
80.715,2026-05-23T13:29:02.864,2,609.837,-100.075,21.814,1.0,0.0,GOING_TO_ENDPOINT,dump_zone_7,load_zone_26,0.000333,0.000892
80.715,2026-05-23T13:29:02.864,3,-4.101,654.248,16.262,-0.415,0.0,GOING_TO_ENDPOINT,dump_zone_19,load_zone_22,0.000249,0.000667
81.815,2026-05-23T13:29:04.067,1,14.784,552.134,12.685,-0.171,0.0,GOING_TO_ENDPOINT,dump_zone_15,load_zone_22,0.00031,0.000831
81.815,2026-05-23T13:29:04.067,2,616.354,-97.52,23.97,0.042,0.0,GOING_TO_ENDPOINT,dump_zone_7,load_zone_26,0.000332,0.00089
81.815,2026-05-23T13:29:04.067,3,0.243,652.593,14.38,-0.3862,0.0,GOING_TO_ENDPOINT,dump_zone_19,load_zone_22,0.000309,0.000828
82.873,2026-05-23T13:29:05.022,1,11.363,551.355,11.316,-0.176,0.0,GOING_TO_ENDPOINT,dump_zone_15,load_zone_22,0.000289,0.000775
82.873,2026-05-23T13:29:05.022,2,623.205,-97.478,22.496,-0.5,0.0,GOING_TO_ENDPOINT,dump_zone_7,load_zone_26,0.000288,0.000772
82.873,2026-05-23T13:29:05.022,3,4.011,651.474,12.558,-0.388,0.0,GOING_TO_ENDPOINT,dump_zone_19,load_zone_22,0.000288,0.000772
83.929,2026-05-23T13:29:06.079,1,8.099,550.43,11.814,-0.04,0.0,GOING_TO_ENDPOINT,dump_zone_15,load_zone_22,0.000276,0.00074
83.929,2026-05-23T13:29:06.079,2,629.505,-97.502,20.596,-0.5,0.0,GOING_TO_ENDPOINT,dump_zone_7,load_zone_26,0.00027,0.000724
83.929,2026-05-23T13:29:06.079,3,7.618,650.686,13.236,0.668,0.0,GOING_TO_ENDPOINT,dump_zone_19,load_zone_22,0.00031,0.000831
85.009,2026-05-23T13:29:07.158,1,4.834,549.304,11.28,0.0444,0.0,GOING_TO_ENDPOINT,dump_zone_15,load_zone_22,0.000279,0.000748
85.009,2026-05-23T13:29:07.158,2,635.373,-97.5,18.652,-0.5,0.0,GOING_TO_ENDPOINT,dump_zone_7,load_zone_26,0.00027,0.000724
85.009,2026-05-23T13:29:07.158,3,12.037,649.988,16.61,1.0,0.0,GOING_TO_ENDPOINT,dump_zone_19,load_zone_22,0.000339,0.000909
86.062,2026-05-23T13:29:08.211,1,1.87,548.042,10.35,-0.5,0.0,GOING_TO_ENDPOINT,dump_zone_15,load_zone_22,0.000243,0.000651
86.062,2026-05-23T13:29:08.211,2,640.533,-97.5,16.756,-0.5,0.0,GOING_TO_ENDPOINT,dump_zone_7,load_zone_26,0.000243,0.000651
86.062,2026-05-23T13:29:08.211,3,17.357,649.414,19.453,0.4131,0.0,GOING_TO_ENDPOINT,dump_zone_19,load_zone_22,0.00028,0.00075
87.158,2026-05-23T13:29:09.387,1,-0.799,546.632,10.198,0.471,0.0,GOING_TO_ENDPOINT,dump_zone_15,load_zone_22,0.000359,0.000962
87.158,2026-05-23T13:29:09.387,2,645.315,-97.5,14.783,-0.5,0.0,GOING_TO_ENDPOINT,dump_zone_7,load_zone_26,0.00033,0.000884
87.158,2026-05-23T13:29:09.387,3,23.45,649.023,20.327,0.1991,0.0,GOING_TO_ENDPOINT,dump_zone_19,load_zone_22,0.000364,0.000976
88.222,2026-05-23T13:29:10.371,1,-3.539,544.891,11.15,-0.199,0.0,GOING_TO_ENDPOINT,dump_zone_15,load_zone_22,0.00027,0.000724
88.222,2026-05-23T13:29:10.371,2,649.371,-97.655,12.868,-0.5,0.0,GOING_TO_ENDPOINT,dump_zone_7,load_zone_26,0.00027,0.000724
88.222,2026-05-23T13:29:10.371,3,29.701,648.838,22.225,0.7887,0.0,GOING_TO_ENDPOINT,dump_zone_19,load_zone_22,0.000346,0.000927
89.316,2026-05-23T13:29:11.545,1,-6.087,542.952,10.189,0.045,0.0,GOING_TO_ENDPOINT,dump_zone_15,load_zone_22,0.00034,0.000911
89.316,2026-05-23T13:29:11.545,2,652.59,-99.159,10.95,-0.373,0.0,GOING_TO_ENDPOINT,dump_zone_7,load_zone_26,0.00033,0.000884
89.316,2026-05-23T13:29:11.545,3,36.745,648.826,23.786,0.3827,0.0,GOING_TO_ENDPOINT,dump_zone_19,load_zone_22,0.000389,0.001043
90.33,2026-05-23T13:29:12.480,1,-8.284,541.034,10.666,0.419,0.0,GOING_TO_ENDPOINT,dump_zone_15,load_zone_22,0.000225,0.000603
90.33,2026-05-23T13:29:12.480,2,654.86,-101.25,11.555,0.641,0.0,GOING_TO_ENDPOINT,dump_zone_7,load_zone_26,0.000233,0.000624
90.33,2026-05-23T13:29:12.480,3,43.678,648.984,25.579,0.7727,0.0,GOING_TO_ENDPOINT,dump_zone_19,load_zone_22,0.000273,0.000732
91.383,2026-05-23T13:29:13.533,1,-10.689,538.632,12.082,0.1277,0.0,GOING_TO_ENDPOINT,dump_zone_15,load_zone_22,0.000265,0.00071
91.383,2026-05-23T13:29:13.533,2,657.608,-104.038,15.147,1.0,0.0,GOING_TO_ENDPOINT,dump_zone_7,load_zone_26,0.000311,0.000833
91.383,2026-05-23T13:29:13.533,3,51.652,649.311,28.566,0.616,0.0,GOING_TO_ENDPOINT,dump_zone_19,load_zone_22,0.000328,0.000879
92.438,2026-05-23T13:29:14.588,1,-13.123,535.859,13.391,0.5867,0.0,GOING_TO_ENDPOINT,dump_zone_15,load_zone_22,0.000238,0.000638
92.438,2026-05-23T13:29:14.588,2,661.148,-107.609,18.945,1.0,0.0,GOING_TO_ENDPOINT,dump_zone_7,load_zone_26,0.000272,0.000729
92.438,2026-05-23T13:29:14.588,3,60.171,649.799,29.314,-0.005,0.0,GOING_TO_ENDPOINT,dump_zone_19,load_zone_22,0.000225,0.000603
93.444,2026-05-23T13:29:15.594,1,-15.518,532.788,14.158,0.0207,0.0,GOING_TO_ENDPOINT,dump_zone_15,load_zone_22,0.000271,0.000726
93.444,2026-05-23T13:29:15.594,2,665.268,-111.733,22.566,1.0,0.0,GOING_TO_ENDPOINT,dump_zone_7,load_zone_26,0.000352,0.000943
93.444,2026-05-23T13:29:15.594,3,68.171,650.351,27.892,-0.5,0.0,GOING_TO_ENDPOINT,dump_zone_19,load_zone_22,0.000261,0.000699
94.49,2026-05-23T13:29:16.639,1,-17.882,529.366,14.547,0.13,0.0,GOING_TO_ENDPOINT,dump_zone_15,load_zone_22,0.000248,0.000665
94.49,2026-05-23T13:29:16.639,2,670.319,-116.784,26.332,1.0,0.0,GOING_TO_ENDPOINT,dump_zone_7,load_zone_26,0.000329,0.000882
94.49,2026-05-23T13:29:16.639,3,75.961,650.92,26.009,-0.5,0.0,GOING_TO_ENDPOINT,dump_zone_19,load_zone_22,0.000234,0.000627
95.579,2026-05-23T13:29:17.728,1,-20.267,525.503,15.451,0.1103,0.0,GOING_TO_ENDPOINT,dump_zone_15,load_zone_22,0.000296,0.000793
95.579,2026-05-23T13:29:17.728,2,676.343,-122.807,29.192,0.277,0.0,GOING_TO_ENDPOINT,dump_zone_7,load_zone_26,0.000329,0.000882
95.579,2026-05-23T13:29:17.728,3,83.496,650.955,24.049,-0.5,0.0,GOING_TO_ENDPOINT,dump_zone_19,load_zone_22,0.000279,0.000748
96.639,2026-05-23T13:29:18.789,1,-22.494,521.504,15.509,0.0639,0.0,GOING_TO_ENDPOINT,dump_zone_15,load_zone_22,0.000243,0.000651
96.639,2026-05-23T13:29:18.789,2,682.373,-128.838,28.273,-0.5,0.0,GOING_TO_ENDPOINT,dump_zone_7,load_zone_26,0.000231,0.000619
96.639,2026-05-23T13:29:18.789,3,89.718,653.45,22.141,-0.5,0.0,GOING_TO_ENDPOINT,dump_zone_19,load_zone_22,0.000231,0.000619
97.718,2026-05-23T13:29:19.868,1,-24.678,517.164,16.824,0.1108,0.0,GOING_TO_ENDPOINT,dump_zone_15,load_zone_22,0.000269,0.000721
97.718,2026-05-23T13:29:19.868,2,688.148,-134.612,26.331,-0.5,0.0,GOING_TO_ENDPOINT,dump_zone_7,load_zone_26,0.000252,0.000675
97.718,2026-05-23T13:29:19.868,3,95.56,651.518,20.198,-0.5,0.0,GOING_TO_ENDPOINT,dump_zone_19,load_zone_22,0.000252,0.000675
98.797,2026-05-23T13:29:20.947,1,-26.82,512.466,17.696,0.3358,0.0,GOING_TO_ENDPOINT,dump_zone_15,load_zone_22,0.000316,0.000847
98.797,2026-05-23T13:29:20.947,2,693.512,-139.976,24.389,-0.5,0.0,GOING_TO_ENDPOINT,dump_zone_7,load_zone_26,0.000282,0.000756
98.797,2026-05-23T13:29:20.947,3,101.118,652.324,18.256,-0.5,0.0,GOING_TO_ENDPOINT,dump_zone_19,load_zone_22,0.000282,0.000756
99.848,2026-05-23T13:29:21.997,1,-28.938,507.367,20.264,0.7912,0.0,GOING_TO_ENDPOINT,dump_zone_15,load_zone_22,0.000211,0.000565
99.848,2026-05-23T13:29:21.997,2,698.342,-144.802,22.497,-0.5,0.0,GOING_TO_ENDPOINT,dump_zone_7,load_zone_26,0.000168,0.00045
99.848,2026-05-23T13:29:21.997,3,105.803,650.771,16.364,-0.5,0.0,GOING_TO_ENDPOINT,dump_zone_19,load_zone_22,0.000168,0.00045
100.874,2026-05-23T13:29:23.116,1,-31.122,501.619,22.484,0.4987,0.0,GOING_TO_ENDPOINT,dump_zone_15,load_zone_22,0.000397,0.001064
100.874,2026-05-23T13:29:23.116,2,702.601,-149.208,20.65,-0.5,0.0,GOING_TO_ENDPOINT,dump_zone_7,load_zone_26,0.00033,0.000884
100.874,2026-05-23T13:29:23.116,3,109.98,649.471,14.614,-0.373,0.0,GOING_TO_ENDPOINT,dump_zone_19,load_zone_22,0.00033,0.000884
101.957,2026-05-23T13:29:24.165,1,-33.383,495.122,23.168,0.3777,0.0,GOING_TO_ENDPOINT,dump_zone_15,load_zone_22,0.000394,0.001056
101.957,2026-05-23T13:29:24.165,2,703.025,-154.881,19.173,-0.036,0.0,GOING_TO_ENDPOINT,dump_zone_7,load_zone_26,0.000349,0.000935
101.957,2026-05-23T13:29:24.165,3,114.189,648.969,14.12,0.286,0.0,GOING_TO_ENDPOINT,dump_zone_19,load_zone_22,0.000366,0.000981
103.031,2026-05-23T13:29:25.257,1,-35.619,488.104,26.147,0.658,0.0,GOING_TO_ENDPOINT,dump_zone_15,load_zone_22,0.000429,0.00115
103.031,2026-05-23T13:29:25.257,2,702.514,-160.646,19.333,-0.33,0.0,GOING_TO_ENDPOINT,dump_zone_7,load_zone_26,0.000333,0.000892
103.031,2026-05-23T13:29:25.257,3,118.747,648.813,16.258,0.492,0.0,GOING_TO_ENDPOINT,dump_zone_19,load_zone_22,0.000381,0.001021
104.087,2026-05-23T13:29:26.236,1,-37.858,480.608,26.507,-0.398,0.0,GOING_TO_ENDPOINT,dump_zone_15,load_zone_22,0.000249,0.000667
104.087,2026-05-23T13:29:26.236,2,702.489,-166.047,17.679,-0.4373,0.0,GOING_TO_ENDPOINT,dump_zone_7,load_zone_26,0.000249,0.000667
104.087,2026-05-23T13:29:26.236,3,123.76,648.999,17.575,0.0109,0.0,GOING_TO_ENDPOINT,dump_zone_19,load_zone_22,0.000261,0.000699
105.176,2026-05-23T13:29:27.325,1,-39.961,473.195,24.556,-0.5,0.0,GOING_TO_ENDPOINT,dump_zone_15,load_zone_22,0.000276,0.00074
105.176,2026-05-23T13:29:27.325,2,702.499,-171.103,15.994,-0.408,0.0,GOING_TO_ENDPOINT,dump_zone_7,load_zone_26,0.000276,0.00074
105.176,2026-05-23T13:29:27.325,3,128.848,649.484,16.063,-0.391,0.0,GOING_TO_ENDPOINT,dump_zone_19,load_zone_22,0.000276,0.00074
106.234,2026-05-23T13:29:28.384,1,-41.826,466.535,22.651,-0.5,0.0,GOING_TO_ENDPOINT,dump_zone_15,load_zone_22,0.000258,0.000691
106.234,2026-05-23T13:29:28.384,2,702.5,-175.52,14.175,-0.5,0.0,GOING_TO_ENDPOINT,dump_zone_7,load_zone_26,0.000258,0.000691
106.234,2026-05-23T13:29:28.384,3,133.297,650.09,14.789,-0.39,0.0,GOING_TO_ENDPOINT,dump_zone_19,load_zone_22,0.000258,0.000691
107.248,2026-05-23T13:29:29.398,1,-43.525,460.67,20.826,-0.5,0.0,GOING_TO_ENDPOINT,dump_zone_15,load_zone_22,0.000213,0.000571
107.248,2026-05-23T13:29:29.398,2,702.5,-179.239,12.37,-0.5,0.0,GOING_TO_ENDPOINT,dump_zone_7,load_zone_26,0.000213,0.000571
107.248,2026-05-23T13:29:29.398,3,137.17,650.708,13.119,-0.5,0.0,GOING_TO_ENDPOINT,dump_zone_19,load_zone_22,0.000213,0.000571
108.323,2026-05-23T13:29:30.472,1,-45.309,455.034,18.891,-0.5,0.0,GOING_TO_ENDPOINT,dump_zone_15,load_zone_22,0.000261,0.000699
108.323,2026-05-23T13:29:30.472,2,702.5,-182.63,10.45,-0.5,0.0,GOING_TO_ENDPOINT,dump_zone_7,load_zone_26,0.000261,0.000699
108.323,2026-05-23T13:29:30.472,3,140.75,651.315,11.334,-0.5,0.0,GOING_TO_ENDPOINT,dump_zone_19,load_zone_22,0.000261,0.000699
109.393,2026-05-23T13:29:31.543,1,-47.332,450.134,16.965,-0.5,0.0,GOING_TO_ENDPOINT,dump_zone_15,load_zone_22,0.000261,0.000699
109.393,2026-05-23T13:29:31.543,2,702.5,-185.445,8.685,-0.4765,0.0,GOING_TO_ENDPOINT,dump_zone_7,load_zone_26,0.000261,0.000699
109.393,2026-05-23T13:29:31.543,3,143.773,651.815,9.408,-0.5,0.0,GOING_TO_ENDPOINT,dump_zone_19,load_zone_22,0.000261,0.000699
110.473,2026-05-23T13:29:32.622,1,-51.049,447.424,15.021,-0.5,0.0,GOING_TO_ENDPOINT,dump_zone_15,load_zone_22,0.00024,0.000643
110.473,2026-05-23T13:29:32.622,2,702.5,-187.742,6.779,-0.5,0.0,GOING_TO_ENDPOINT,dump_zone_7,load_zone_26,0.00024,0.000643
110.473,2026-05-23T13:29:32.622,3,146.269,652.177,7.537,-0.5,0.0,GOING_TO_ENDPOINT,dump_zone_19,load_zone_22,0.00024,0.000643
111.48,2026-05-23T13:29:33.630,1,-55.116,447.435,14.678,0.374,0.0,GOING_TO_ENDPOINT,dump_zone_15,load_zone_22,5.3e-05,0.000142
111.48,2026-05-23T13:29:33.630,2,702.496,-189.37,4.967,-0.5,0.0,GOING_TO_ENDPOINT,dump_zone_7,load_zone_26,4.8e-05,0.000129
111.48,2026-05-23T13:29:33.630,3,148.178,652.342,6.435,-0.165,0.0,GOING_TO_ENDPOINT,dump_zone_19,load_zone_22,4.8e-05,0.000129
112.53,2026-05-23T13:29:34.680,1,-59.813,447.476,17.803,1.0,0.0,GOING_TO_ENDPOINT,dump_zone_15,load_zone_22,0.000245,0.000657
112.53,2026-05-23T13:29:34.680,2,702.67,-190.515,3.077,-0.5,0.0,LOADING,dump_zone_7,load_zone_26,0.000192,0.000515
112.53,2026-05-23T13:29:34.680,3,150.108,651.989,7.612,0.7595,0.0,GOING_TO_ENDPOINT,dump_zone_19,load_zone_22,0.00021,0.000563
113.53,2026-05-23T13:29:35.737,1,-65.256,447.497,20.987,0.689,0.0,GOING_TO_ENDPOINT,dump_zone_15,load_zone_22,6.3e-05,0.000169
113.53,2026-05-23T13:29:35.737,2,702.882,-191.066,1.277,-0.5,0.0,LOADING,dump_zone_7,load_zone_26,5.1e-05,0.000137
113.53,2026-05-23T13:29:35.737,3,151.973,650.298,10.324,0.362,0.0,GOING_TO_ENDPOINT,dump_zone_19,load_zone_22,5.5e-05,0.000147
114.548,2026-05-23T13:29:36.697,1,-71.362,447.5,21.557,-0.329,0.0,GOING_TO_ENDPOINT,dump_zone_15,load_zone_22,0.000171,0.000458
114.548,2026-05-23T13:29:36.697,2,702.934,-191.171,0.0,-0.5,0.0,LOADING,dump_zone_7,load_zone_26,0.000171,0.000458
114.548,2026-05-23T13:29:36.697,3,152.609,647.459,10.29,0.11,0.0,GOING_TO_ENDPOINT,dump_zone_19,load_zone_22,0.000178,0.000477
115.563,2026-05-23T13:29:37.747,1,-77.186,447.5,19.774,-0.5,0.0,GOING_TO_ENDPOINT,dump_zone_15,load_zone_22,4.8e-05,0.000129
115.563,2026-05-23T13:29:37.747,2,703.208,-191.626,7.2,0.0,1000.0,TURNING_AROUND,load_zone_26,dump_zone_3,4.9e-05,0.000131
115.563,2026-05-23T13:29:37.747,3,152.609,644.309,12.57,1.0,0.0,GOING_TO_ENDPOINT,dump_zone_19,load_zone_22,5.7e-05,0.000153
116.568,2026-05-23T13:29:38.717,1,-82.446,447.5,17.965,-0.5,0.0,GOING_TO_ENDPOINT,dump_zone_15,load_zone_22,5.1e-05,0.000137
116.568,2026-05-23T13:29:38.717,2,704.715,-192.925,7.2,0.0,1000.0,TURNING_AROUND,load_zone_26,dump_zone_3,5.3e-05,0.000142
116.568,2026-05-23T13:29:38.717,3,152.557,640.279,16.188,1.0,0.0,GOING_TO_ENDPOINT,dump_zone_19,load_zone_22,6.4e-05,0.000172
117.575,2026-05-23T13:29:39.724,1,-87.211,447.5,16.153,-0.5,0.0,GOING_TO_ENDPOINT,dump_zone_15,load_zone_22,0.00021,0.000563
117.575,2026-05-23T13:29:39.724,2,704.017,-192.879,5.4,0.0,1000.0,TURNING_AROUND,load_zone_26,dump_zone_3,0.000215,0.000576
117.575,2026-05-23T13:29:39.724,3,152.515,635.23,19.813,1.0,0.0,GOING_TO_ENDPOINT,dump_zone_19,load_zone_22,0.000274,0.000734
118.616,2026-05-23T13:29:40.765,1,-91.6,447.5,14.279,-0.5,0.0,GOING_TO_ENDPOINT,dump_zone_15,load_zone_22,0.000153,0.00041
118.616,2026-05-23T13:29:40.765,2,705.22,-192.497,7.2,0.0,1000.0,TURNING_AROUND,load_zone_26,dump_zone_3,0.000158,0.000423
118.616,2026-05-23T13:29:40.765,3,152.502,628.938,23.561,1.0,0.0,GOING_TO_ENDPOINT,dump_zone_19,load_zone_22,0.000209,0.00056
119.629,2026-05-23T13:29:41.815,1,-95.353,447.5,12.455,-0.5,0.0,GOING_TO_ENDPOINT,dump_zone_15,load_zone_22,5.1e-05,0.000137
119.629,2026-05-23T13:29:41.815,2,706.16,-191.932,5.4,0.0,1000.0,TURNING_AROUND,load_zone_26,dump_zone_3,5.2e-05,0.000139
119.629,2026-05-23T13:29:41.815,3,152.5,621.778,27.208,1.0,0.0,GOING_TO_ENDPOINT,dump_zone_19,load_zone_22,7.2e-05,0.000193
120.683,2026-05-23T13:29:42.832,1,-98.709,447.459,10.558,-0.5,0.0,GOING_TO_ENDPOINT,dump_zone_15,load_zone_22,0.000228,0.000611
120.683,2026-05-23T13:29:42.832,2,705.795,-192.288,7.2,0.0,1000.0,TURNING_AROUND,load_zone_26,dump_zone_3,0.000235,0.00063
120.683,2026-05-23T13:29:42.832,3,152.5,613.295,30.0,0.363,0.0,GOING_TO_ENDPOINT,dump_zone_19,load_zone_22,0.000277,0.000742
121.757,2026-05-23T13:29:43.906,1,-101.28,446.018,10.329,0.447,0.0,GOING_TO_ENDPOINT,dump_zone_15,load_zone_22,0.000261,0.000699
121.757,2026-05-23T13:29:43.906,2,705.795,-192.25,0.62,0.558,1000.0,RETURNING_TO_START,load_zone_26,dump_zone_3,0.000242,0.000649
121.757,2026-05-23T13:29:43.906,3,152.5,604.36,29.784,-0.0449,0.0,GOING_TO_ENDPOINT,dump_zone_19,load_zone_22,0.000254,0.000681
122.796,2026-05-23T13:29:44.945,1,-103.451,443.374,13.56,1.0,0.0,GOING_TO_ENDPOINT,dump_zone_15,load_zone_22,0.000258,0.000691
122.796,2026-05-23T13:29:44.945,2,705.733,-191.591,4.042,1.0,1000.0,RETURNING_TO_START,load_zone_26,dump_zone_3,0.000235,0.00063
122.796,2026-05-23T13:29:44.945,3,152.5,595.92,28.812,0.004,0.0,GOING_TO_ENDPOINT,dump_zone_19,load_zone_22,0.000229,0.000614
123.833,2026-05-23T13:29:45.983,1,-106.357,439.984,17.293,1.0,0.0,GOING_TO_ENDPOINT,dump_zone_15,load_zone_22,0.000156,0.000418
123.833,2026-05-23T13:29:45.983,2,705.087,-190.006,7.775,1.0,1000.0,RETURNING_TO_START,load_zone_26,dump_zone_3,0.000148,0.000397
123.833,2026-05-23T13:29:45.983,3,152.5,587.492,29.506,-0.137,0.0,GOING_TO_ENDPOINT,dump_zone_19,load_zone_22,0.000126,0.000338
124.836,2026-05-23T13:29:46.985,1,-109.921,436.008,20.904,1.0,0.0,GOING_TO_ENDPOINT,dump_zone_15,load_zone_22,6.7e-05,0.00018
124.836,2026-05-23T13:29:46.985,2,703.201,-188.101,11.386,1.0,1000.0,RETURNING_TO_START,load_zone_26,dump_zone_3,6.6e-05,0.000177
124.836,2026-05-23T13:29:46.985,3,152.5,579.477,27.921,-0.5,0.0,GOING_TO_ENDPOINT,dump_zone_19,load_zone_22,5.1e-05,0.000137
125.879,2026-05-23T13:29:48.028,1,-114.436,431.168,24.659,1.0,0.0,GOING_TO_ENDPOINT,dump_zone_15,load_zone_22,0.000261,0.000699
125.879,2026-05-23T13:29:48.028,2,700.376,-185.469,15.14,1.0,1000.0,RETURNING_TO_START,load_zone_26,dump_zone_3,0.000263,0.000705
125.879,2026-05-23T13:29:48.028,3,152.5,571.669,26.044,-0.5,0.0,GOING_TO_ENDPOINT,dump_zone_19,load_zone_22,0.000189,0.000507
126.889,2026-05-23T13:29:49.038,1,-119.563,425.764,28.076,0.682,0.0,GOING_TO_ENDPOINT,dump_zone_15,load_zone_22,0.000305,0.000817
126.889,2026-05-23T13:29:49.038,2,698.073,-181.332,18.732,0.982,1000.0,RETURNING_TO_START,load_zone_26,dump_zone_3,0.000341,0.000914
126.889,2026-05-23T13:29:49.038,3,152.5,564.632,24.226,-0.5,0.0,GOING_TO_ENDPOINT,dump_zone_19,load_zone_22,0.000231,0.000619
127.923,2026-05-23T13:29:50.072,1,-125.265,419.828,28.576,-0.352,0.0,GOING_TO_ENDPOINT,dump_zone_15,load_zone_22,0.000177,0.000474
127.923,2026-05-23T13:29:50.072,2,697.47,-175.644,20.467,-0.02,1000.0,RETURNING_TO_START,load_zone_26,dump_zone_3,0.000191,0.000512
127.923,2026-05-23T13:29:50.072,3,152.5,557.957,22.364,-0.5,0.0,GOING_TO_ENDPOINT,dump_zone_19,load_zone_22,0.000177,0.000474
128.937,2026-05-23T13:29:51.086,1,-130.721,414.269,26.779,-0.5,0.0,GOING_TO_ENDPOINT,dump_zone_15,load_zone_22,4.8e-05,0.000129
128.937,2026-05-23T13:29:51.086,2,697.488,-170.054,19.026,-0.5,1000.0,RETURNING_TO_START,load_zone_26,dump_zone_3,4.8e-05,0.000129
128.937,2026-05-23T13:29:51.086,3,152.485,551.926,20.539,-0.5,0.0,GOING_TO_ENDPOINT,dump_zone_19,load_zone_22,4.8e-05,0.000129
129.989,2026-05-23T13:29:52.138,1,-136.075,408.967,24.885,-0.5,0.0,GOING_TO_ENDPOINT,dump_zone_15,load_zone_22,0.000159,0.000426
129.989,2026-05-23T13:29:52.138,2,697.501,-164.784,17.132,-0.5,1000.0,RETURNING_TO_START,load_zone_26,dump_zone_3,0.000159,0.000426
129.989,2026-05-23T13:29:52.138,3,149.843,547.245,18.646,-0.5,0.0,GOING_TO_ENDPOINT,dump_zone_19,load_zone_22,0.000159,0.000426
131.0,2026-05-23T13:29:53.149,1,-140.952,404.346,23.065,-0.5,0.0,GOING_TO_ENDPOINT,dump_zone_15,load_zone_22,0.000255,0.000683
131.0,2026-05-23T13:29:53.149,2,697.5,-160.242,15.312,-0.5,1000.0,RETURNING_TO_START,load_zone_26,dump_zone_3,0.000255,0.000683
131.0,2026-05-23T13:29:53.149,3,144.969,547.235,17.078,-0.189,0.0,GOING_TO_ENDPOINT,dump_zone_19,load_zone_22,0.000255,0.000683
132.031,2026-05-23T13:29:54.181,1,-145.715,400.178,21.209,-0.5,0.0,GOING_TO_ENDPOINT,dump_zone_15,load_zone_22,0.000123,0.00033
132.031,2026-05-23T13:29:54.181,2,697.5,-156.133,13.457,-0.5,1000.0,RETURNING_TO_START,load_zone_26,dump_zone_3,0.000123,0.00033
132.031,2026-05-23T13:29:54.181,3,140.025,547.909,18.365,0.842,0.0,GOING_TO_ENDPOINT,dump_zone_19,load_zone_22,0.000153,0.00041
133.036,2026-05-23T13:29:55.185,1,-150.272,396.834,19.4,-0.5,0.0,GOING_TO_ENDPOINT,dump_zone_15,load_zone_22,5.1e-05,0.000137
133.036,2026-05-23T13:29:55.185,2,697.516,-152.641,11.648,-0.5,1000.0,RETURNING_TO_START,load_zone_26,dump_zone_3,5.1e-05,0.000137
133.036,2026-05-23T13:29:55.185,3,134.406,548.468,21.947,1.0,0.0,GOING_TO_ENDPOINT,dump_zone_19,load_zone_22,6.8e-05,0.000182
134.083,2026-05-23T13:29:56.233,1,-155.118,394.583,17.516,-0.5,0.0,GOING_TO_ENDPOINT,dump_zone_15,load_zone_22,0.000189,0.000507
134.083,2026-05-23T13:29:56.233,2,696.924,-149.618,10.274,0.007,1000.0,RETURNING_TO_START,load_zone_26,dump_zone_3,0.000198,0.000531
134.083,2026-05-23T13:29:56.233,3,127.484,549.145,25.716,1.0,0.0,GOING_TO_ENDPOINT,dump_zone_19,load_zone_22,0.000264,0.000708
135.097,2026-05-23T13:29:57.330,1,-159.603,393.315,15.691,-0.5,0.0,GOING_TO_ENDPOINT,dump_zone_15,load_zone_22,0.000321,0.00086
135.097,2026-05-23T13:29:57.330,2,694.72,-147.459,12.249,1.0,1000.0,RETURNING_TO_START,load_zone_26,dump_zone_3,0.000422,0.001131
135.097,2026-05-23T13:29:57.330,3,119.766,549.928,28.913,0.552,0.0,GOING_TO_ENDPOINT,dump_zone_19,load_zone_22,0.000411,0.001101
136.148,2026-05-23T13:29:58.297,1,-163.754,392.365,13.799,-0.5,0.0,GOING_TO_ENDPOINT,dump_zone_15,load_zone_22,0.000222,0.000595
136.148,2026-05-23T13:29:58.297,2,691.546,-144.768,16.033,1.0,1000.0,RETURNING_TO_START,load_zone_26,dump_zone_3,0.000314,0.000842
136.148,2026-05-23T13:29:58.297,3,111.205,550.805,29.726,-0.071,0.0,GOING_TO_ENDPOINT,dump_zone_19,load_zone_22,0.000233,0.000624
137.155,2026-05-23T13:29:59.304,1,-167.087,393.634,11.986,-0.5,0.0,GOING_TO_ENDPOINT,dump_zone_15,load_zone_22,5.1e-05,0.000137
137.155,2026-05-23T13:29:59.304,2,687.867,-141.356,19.658,1.0,1000.0,RETURNING_TO_START,load_zone_26,dump_zone_3,7.7e-05,0.000206
137.155,2026-05-23T13:29:59.304,3,102.95,551.626,29.442,-0.21,0.0,GOING_TO_ENDPOINT,dump_zone_19,load_zone_22,5.1e-05,0.000137
138.209,2026-05-23T13:30:00.358,1,-169.893,395.197,10.089,-0.5,0.0,GOING_TO_ENDPOINT,dump_zone_15,load_zone_22,0.00027,0.000724
138.209,2026-05-23T13:30:00.358,2,683.359,-136.893,23.38,0.893,1000.0,RETURNING_TO_START,load_zone_26,dump_zone_3,0.000418,0.00112
138.209,2026-05-23T13:30:00.358,3,94.403,552.427,29.348,-0.05,0.0,GOING_TO_ENDPOINT,dump_zone_19,load_zone_22,0.000285,0.000764
139.253,2026-05-23T13:30:01.403,1,-171.834,397.026,9.169,0.059,0.0,GOING_TO_ENDPOINT,dump_zone_15,load_zone_22,0.00017,0.000456
139.253,2026-05-23T13:30:01.403,2,678.36,-131.896,24.63,-0.151,1000.0,RETURNING_TO_START,load_zone_26,dump_zone_3,0.000169,0.000453
139.253,2026-05-23T13:30:01.403,3,86.07,553.139,28.253,-0.424,0.0,GOING_TO_ENDPOINT,dump_zone_19,load_zone_22,0.000165,0.000442
140.266,2026-05-23T13:30:02.416,1,-172.269,399.381,7.888,-0.5,0.0,GOING_TO_ENDPOINT,dump_zone_15,load_zone_22,0.000294,0.000788
140.266,2026-05-23T13:30:02.416,2,673.585,-127.12,23.21,-0.5,1000.0,RETURNING_TO_START,load_zone_26,dump_zone_3,0.000294,0.000788
140.266,2026-05-23T13:30:02.416,3,78.288,553.721,27.198,-0.4351,0.0,GOING_TO_ENDPOINT,dump_zone_19,load_zone_22,0.000294,0.000788
141.321,2026-05-23T13:30:03.471,1,-171.555,401.247,5.989,-0.5,0.0,GOING_TO_ENDPOINT,dump_zone_15,load_zone_22,0.000204,0.000547
141.321,2026-05-23T13:30:03.471,2,668.983,-122.518,21.311,-0.5,1000.0,RETURNING_TO_START,load_zone_26,dump_zone_3,0.000204,0.000547
141.321,2026-05-23T13:30:03.471,3,70.607,554.202,25.407,-0.416,0.0,GOING_TO_ENDPOINT,dump_zone_19,load_zone_22,0.000204,0.000547
142.395,2026-05-23T13:30:04.603,1,-170.498,402.272,4.056,-0.5,0.0,GOING_TO_ENDPOINT,dump_zone_15,load_zone_22,0.000309,0.000828
142.395,2026-05-23T13:30:04.603,2,664.704,-118.239,19.378,-0.5,1000.0,RETURNING_TO_START,load_zone_26,dump_zone_3,0.000309,0.000828
142.395,2026-05-23T13:30:04.603,3,63.243,554.557,23.946,-0.5,0.0,GOING_TO_ENDPOINT,dump_zone_19,load_zone_22,0.000309,0.000828
143.414,2026-05-23T13:30:05.564,1,-169.734,402.692,2.222,-0.5,0.0,LOADING,dump_zone_15,load_zone_22,0.000225,0.000603
143.414,2026-05-23T13:30:05.564,2,661.02,-114.555,17.544,-0.5,1000.0,RETURNING_TO_START,load_zone_26,dump_zone_3,0.000225,0.000603
143.414,2026-05-23T13:30:05.564,3,56.714,554.772,22.407,-0.462,0.0,GOING_TO_ENDPOINT,dump_zone_19,load_zone_22,0.000225,0.000603
144.501,2026-05-23T13:30:06.650,1,-169.417,402.857,0.265,-0.5,0.0,LOADING,dump_zone_15,load_zone_22,0.000264,0.000708
144.501,2026-05-23T13:30:06.650,2,657.496,-111.031,15.587,-0.5,1000.0,RETURNING_TO_START,load_zone_26,dump_zone_3,0.000264,0.000708
144.501,2026-05-23T13:30:06.650,3,50.22,554.877,20.906,-0.2396,0.0,GOING_TO_ENDPOINT,dump_zone_19,load_zone_22,0.000264,0.000708
145.512,2026-05-23T13:30:07.732,1,-169.414,402.859,0.0,-0.5,0.0,LOADING,dump_zone_15,load_zone_22,5.1e-05,0.000137
145.512,2026-05-23T13:30:07.732,2,654.591,-108.127,13.767,-0.5,1000.0,RETURNING_TO_START,load_zone_26,dump_zone_3,5.1e-05,0.000137
145.512,2026-05-23T13:30:07.732,3,44.549,554.858,19.428,-0.48,0.0,GOING_TO_ENDPOINT,dump_zone_19,load_zone_22,5.1e-05,0.000137
146.514,2026-05-23T13:30:08.722,1,-167.993,403.325,0.0,-0.462,1000.0,RETURNING_TO_START,load_zone_22,dump_zone_22,0.000114,0.000306
146.514,2026-05-23T13:30:08.722,2,652.068,-105.603,11.964,-0.5,1000.0,RETURNING_TO_START,load_zone_26,dump_zone_3,0.000114,0.000306
146.514,2026-05-23T13:30:08.722,3,39.285,554.732,18.57,-0.226,0.0,GOING_TO_ENDPOINT,dump_zone_19,load_zone_22,0.000114,0.000306
147.565,2026-05-23T13:30:09.714,1,-167.946,403.319,0.699,0.589,1000.0,RETURNING_TO_START,load_zone_22,dump_zone_22,0.000264,0.000708
147.565,2026-05-23T13:30:09.714,2,649.812,-103.336,10.072,-0.5,1000.0,RETURNING_TO_START,load_zone_26,dump_zone_3,0.000261,0.000699
147.565,2026-05-23T13:30:09.714,3,34.064,554.501,17.21,-0.4403,0.0,GOING_TO_ENDPOINT,dump_zone_19,load_zone_22,0.000261,0.000699
148.631,2026-05-23T13:30:10.781,1,-167.228,403.158,4.276,1.0,1000.0,RETURNING_TO_START,load_zone_22,dump_zone_22,0.000276,0.00074
148.631,2026-05-23T13:30:10.781,2,647.538,-101.957,8.519,-0.078,1000.0,RETURNING_TO_START,load_zone_26,dump_zone_3,0.000254,0.000681
148.631,2026-05-23T13:30:10.781,3,29.182,554.147,16.01,-0.2323,0.0,GOING_TO_ENDPOINT,dump_zone_19,load_zone_22,0.000249,0.000667
149.689,2026-05-23T13:30:11.838,1,-165.649,402.223,8.084,1.0,1000.0,RETURNING_TO_START,load_zone_22,dump_zone_22,0.000225,0.000603
149.689,2026-05-23T13:30:11.838,2,644.86,-101.969,10.351,0.98,1000.0,RETURNING_TO_START,load_zone_26,dump_zone_3,0.000235,0.00063
149.689,2026-05-23T13:30:11.838,3,24.656,553.699,14.996,-0.0855,0.0,GOING_TO_ENDPOINT,dump_zone_19,load_zone_22,0.00019,0.000509
150.689,2026-05-23T13:30:12.838,1,-163.619,400.388,11.08,0.477,1000.0,RETURNING_TO_START,load_zone_22,dump_zone_22,0.000313,0.000839
150.689,2026-05-23T13:30:12.838,2,641.464,-102.273,13.951,1.0,1000.0,RETURNING_TO_START,load_zone_26,dump_zone_3,0.000367,0.000984
150.689,2026-05-23T13:30:12.838,3,20.494,553.148,15.118,-0.1061,0.0,GOING_TO_ENDPOINT,dump_zone_19,load_zone_22,0.000275,0.000737
151.768,2026-05-23T13:30:13.917,1,-160.636,398.915,10.726,-0.5,1000.0,RETURNING_TO_START,load_zone_22,dump_zone_22,0.000255,0.000683
151.768,2026-05-23T13:30:13.917,2,636.663,-102.454,17.835,1.0,1000.0,RETURNING_TO_START,load_zone_26,dump_zone_3,0.000372,0.000997
151.768,2026-05-23T13:30:13.917,3,16.22,552.422,13.803,-0.4379,0.0,GOING_TO_ENDPOINT,dump_zone_19,load_zone_22,0.000255,0.000683
152.776,2026-05-23T13:30:15.021,1,-157.921,398.933,8.913,-0.484,1000.0,RETURNING_TO_START,load_zone_22,dump_zone_22,4.8e-05,0.000129
152.776,2026-05-23T13:30:15.021,2,631.204,-102.5,20.514,0.33,1000.0,RETURNING_TO_START,load_zone_26,dump_zone_3,5.9e-05,0.000158
152.776,2026-05-23T13:30:15.021,3,12.669,551.674,12.484,-0.246,0.0,GOING_TO_ENDPOINT,dump_zone_19,load_zone_22,4.8e-05,0.000129
153.794,2026-05-23T13:30:15.943,1,-155.617,399.623,8.585,0.308,1000.0,RETURNING_TO_START,load_zone_22,dump_zone_22,0.00021,0.000563
153.794,2026-05-23T13:30:15.943,2,625.435,-102.501,19.801,-0.5,1000.0,RETURNING_TO_START,load_zone_26,dump_zone_3,0.000192,0.000515
153.794,2026-05-23T13:30:15.943,3,9.241,550.769,12.867,0.087,0.0,GOING_TO_ENDPOINT,dump_zone_19,load_zone_22,0.000201,0.000539
154.806,2026-05-23T13:30:17.028,1,-153.145,400.895,11.412,0.881,1000.0,RETURNING_TO_START,load_zone_22,dump_zone_22,0.000387,0.001037
154.806,2026-05-23T13:30:17.028,2,620.143,-102.5,17.98,-0.5,1000.0,RETURNING_TO_START,load_zone_26,dump_zone_3,0.000306,0.00082
154.806,2026-05-23T13:30:17.028,3,5.924,549.72,11.65,-0.5,0.0,GOING_TO_ENDPOINT,dump_zone_19,load_zone_22,0.000306,0.00082
155.841,2026-05-23T13:30:17.991,1,-150.03,403.101,14.987,1.0,1000.0,RETURNING_TO_START,load_zone_22,dump_zone_22,0.000308,0.000825
155.841,2026-05-23T13:30:17.991,2,615.262,-102.5,16.117,-0.5,1000.0,RETURNING_TO_START,load_zone_26,dump_zone_3,0.000222,0.000595
155.841,2026-05-23T13:30:17.991,3,3.067,548.585,9.885,-0.409,0.0,GOING_TO_ENDPOINT,dump_zone_19,load_zone_22,0.000222,0.000595
156.841,2026-05-23T13:30:19.074,1,-146.451,406.125,18.543,1.0,1000.0,RETURNING_TO_START,load_zone_22,dump_zone_22,7.5e-05,0.000201
156.841,2026-05-23T13:30:19.074,2,611.051,-102.5,14.317,-0.5,1000.0,RETURNING_TO_START,load_zone_26,dump_zone_3,5.1e-05,0.000137
156.841,2026-05-23T13:30:19.074,3,0.737,547.485,8.923,-0.0028,0.0,GOING_TO_ENDPOINT,dump_zone_19,load_zone_22,5.2e-05,0.000139
157.91,2026-05-23T13:30:20.125,1,-141.957,410.266,22.343,1.0,1000.0,RETURNING_TO_START,load_zone_22,dump_zone_22,0.000515,0.00138
157.91,2026-05-23T13:30:20.125,2,607.107,-102.5,12.392,-0.5,1000.0,RETURNING_TO_START,load_zone_26,dump_zone_3,0.000327,0.000876
157.91,2026-05-23T13:30:20.125,3,-1.727,546.078,10.44,0.5001,0.0,GOING_TO_ENDPOINT,dump_zone_19,load_zone_22,0.000358,0.000959
158.947,2026-05-23T13:30:21.096,1,-137.037,415.032,24.556,0.269,1000.0,RETURNING_TO_START,load_zone_22,dump_zone_22,0.000288,0.000772
158.947,2026-05-23T13:30:21.096,2,603.827,-102.5,10.526,-0.5,1000.0,RETURNING_TO_START,load_zone_26,dump_zone_3,0.000231,0.000619
158.947,2026-05-23T13:30:21.096,3,-4.3,544.348,10.779,0.1131,0.0,GOING_TO_ENDPOINT,dump_zone_19,load_zone_22,0.000241,0.000646
160.029,2026-05-23T13:30:22.178,1,-131.887,420.205,23.563,-0.5,1000.0,RETURNING_TO_START,load_zone_22,dump_zone_22,0.000264,0.000708
160.029,2026-05-23T13:30:22.178,2,600.984,-102.375,8.578,-0.5,1000.0,RETURNING_TO_START,load_zone_26,dump_zone_3,0.000264,0.000708
160.029,2026-05-23T13:30:22.178,3,-6.947,542.233,11.289,-0.2929,0.0,GOING_TO_ENDPOINT,dump_zone_19,load_zone_22,0.000264,0.000708
161.113,2026-05-23T13:30:23.340,1,-127.158,425.066,21.612,-0.5,1000.0,RETURNING_TO_START,load_zone_22,dump_zone_22,0.000321,0.00086
161.113,2026-05-23T13:30:23.340,2,598.838,-101.255,8.456,0.473,1000.0,RETURNING_TO_START,load_zone_26,dump_zone_3,0.00036,0.000965
161.113,2026-05-23T13:30:23.340,3,-9.279,540.081,10.277,0.153,0.0,GOING_TO_ENDPOINT,dump_zone_19,load_zone_22,0.000336,0.0009
162.179,2026-05-23T13:30:24.329,1,-122.94,429.465,19.693,-0.5,1000.0,RETURNING_TO_START,load_zone_22,dump_zone_22,0.000279,0.000748
162.179,2026-05-23T13:30:24.329,2,597.628,-98.93,8.844,-0.193,1000.0,RETURNING_TO_START,load_zone_26,dump_zone_3,0.000279,0.000748
162.179,2026-05-23T13:30:24.329,3,-11.585,537.664,12.376,0.5231,0.0,GOING_TO_ENDPOINT,dump_zone_19,load_zone_22,0.000311,0.000833
163.194,2026-05-23T13:30:25.378,1,-119.303,433.292,17.866,-0.5,1000.0,RETURNING_TO_START,load_zone_22,dump_zone_22,4.8e-05,0.000129
163.194,2026-05-23T13:30:25.378,2,597.447,-96.348,10.103,0.822,1000.0,RETURNING_TO_START,load_zone_26,dump_zone_3,5.9e-05,0.000158
163.194,2026-05-23T13:30:25.378,3,-14.027,534.741,14.535,0.4041,0.0,GOING_TO_ENDPOINT,dump_zone_19,load_zone_22,5.3e-05,0.000142
164.259,2026-05-23T13:30:26.409,1,-115.877,436.918,15.949,-0.5,1000.0,RETURNING_TO_START,load_zone_22,dump_zone_22,0.000234,0.000627
164.259,2026-05-23T13:30:26.409,2,597.485,-92.777,13.892,1.0,1000.0,RETURNING_TO_START,load_zone_26,dump_zone_3,0.000318,0.000852
164.259,2026-05-23T13:30:26.409,3,-16.623,531.231,14.782,-0.066,0.0,GOING_TO_ENDPOINT,dump_zone_19,load_zone_22,0.00024,0.000643
165.33,2026-05-23T13:30:27.479,1,-112.833,440.149,14.021,-0.5,1000.0,RETURNING_TO_START,load_zone_22,dump_zone_22,0.000252,0.000675
165.33,2026-05-23T13:30:27.479,2,597.498,-88.034,17.747,1.0,1000.0,RETURNING_TO_START,load_zone_26,dump_zone_3,0.000367,0.000984
165.33,2026-05-23T13:30:27.479,3,-19.031,527.568,14.938,0.245,0.0,GOING_TO_ENDPOINT,dump_zone_19,load_zone_22,0.000273,0.000732
166.33,2026-05-23T13:30:28.554,1,-110.127,442.546,12.221,-0.5,1000.0,RETURNING_TO_START,load_zone_22,dump_zone_22,5.1e-05,0.000137
166.33,2026-05-23T13:30:28.554,2,597.5,-82.569,21.346,0.983,1000.0,RETURNING_TO_START,load_zone_26,dump_zone_3,7.9e-05,0.000212
166.33,2026-05-23T13:30:28.554,3,-21.23,523.825,16.109,0.2895,0.0,GOING_TO_ENDPOINT,dump_zone_19,load_zone_22,5.6e-05,0.00015
167.39,2026-05-23T13:30:29.540,1,-107.172,443.99,10.313,-0.5,1000.0,RETURNING_TO_START,load_zone_22,dump_zone_22,0.000255,0.000683
167.39,2026-05-23T13:30:29.540,2,597.5,-75.709,24.729,0.573,1000.0,RETURNING_TO_START,load_zone_26,dump_zone_3,0.00036,0.000965
167.39,2026-05-23T13:30:29.540,3,-23.475,519.592,16.661,0.4895,0.0,GOING_TO_ENDPOINT,dump_zone_19,load_zone_22,0.000293,0.000785
168.459,2026-05-23T13:30:30.608,1,-104.964,445.626,8.389,-0.5,1000.0,RETURNING_TO_START,load_zone_22,dump_zone_22,0.000273,0.000732
168.459,2026-05-23T13:30:30.608,2,597.5,-68.256,24.941,-0.106,1000.0,RETURNING_TO_START,load_zone_26,dump_zone_3,0.000286,0.000766
168.459,2026-05-23T13:30:30.608,3,-25.711,514.935,18.072,0.4725,0.0,GOING_TO_ENDPOINT,dump_zone_19,load_zone_22,0.000316,0.000847
169.556,2026-05-23T13:30:31.793,1,-103.386,447.203,6.414,-0.5,1000.0,RETURNING_TO_START,load_zone_22,dump_zone_22,0.000309,0.000828
169.556,2026-05-23T13:30:31.793,2,597.5,-60.902,23.393,-0.277,1000.0,RETURNING_TO_START,load_zone_26,dump_zone_3,0.000309,0.000828
169.556,2026-05-23T13:30:31.793,3,-27.949,509.809,18.206,-0.1625,0.0,GOING_TO_ENDPOINT,dump_zone_19,load_zone_22,0.000311,0.000833
170.654,2026-05-23T13:30:32.896,1,-102.265,448.411,4.713,-0.2282,1000.0,RETURNING_TO_START,load_zone_22,dump_zone_22,0.000303,0.000812
170.654,2026-05-23T13:30:32.896,2,597.5,-53.929,22.745,0.2232,1000.0,RETURNING_TO_START,load_zone_26,dump_zone_3,0.000365,0.000978
170.654,2026-05-23T13:30:32.896,3,-30.001,504.649,18.308,0.0435,0.0,GOING_TO_ENDPOINT,dump_zone_19,load_zone_22,0.00032,0.000858
171.712,2026-05-23T13:30:33.861,1,-101.601,449.359,3.14,-0.5,1000.0,RETURNING_TO_START,load_zone_22,dump_zone_22,0.000216,0.000579
171.712,2026-05-23T13:30:33.861,2,597.5,-47.239,22.991,0.3275,1000.0,RETURNING_TO_START,load_zone_26,dump_zone_3,0.000272,0.000729
171.712,2026-05-23T13:30:33.861,3,-31.836,499.635,18.197,0.2615,0.0,GOING_TO_ENDPOINT,dump_zone_19,load_zone_22,0.000239,0.000641
172.712,2026-05-23T13:30:34.861,1,-101.356,449.914,1.34,-0.5,1000.0,RETURNING_TO_START,load_zone_22,dump_zone_22,0.00024,0.000643
172.712,2026-05-23T13:30:34.861,2,597.5,-40.611,24.546,0.2355,1000.0,RETURNING_TO_START,load_zone_26,dump_zone_3,0.000295,0.000791
172.712,2026-05-23T13:30:34.861,3,-33.565,494.536,20.891,1.0,0.0,GOING_TO_ENDPOINT,dump_zone_19,load_zone_22,0.000318,0.000852
173.717,2026-05-23T13:30:35.940,1,-101.315,450.035,0.0,-0.5,1000.0,RETURNING_TO_START,load_zone_22,dump_zone_22,4.8e-05,0.000129
173.717,2026-05-23T13:30:35.940,2,597.5,-33.799,24.087,-0.0572,1000.0,RETURNING_TO_START,load_zone_26,dump_zone_3,5.1e-05,0.000137
173.717,2026-05-23T13:30:35.940,3,-35.5,488.47,24.469,0.881,0.0,GOING_TO_ENDPOINT,dump_zone_19,load_zone_22,6.4e-05,0.000172
174.775,2026-05-23T13:30:36.924,1,-101.315,450.035,0.0,-0.5,1000.0,RETURNING_TO_START,load_zone_22,dump_zone_22,0.000207,0.000555
174.775,2026-05-23T13:30:36.924,2,597.5,-26.634,24.601,0.0593,1000.0,RETURNING_TO_START,load_zone_26,dump_zone_3,0.000235,0.00063
174.775,2026-05-23T13:30:36.924,3,-37.653,481.307,25.698,-0.177,0.0,GOING_TO_ENDPOINT,dump_zone_19,load_zone_22,0.000208,0.000557
175.787,2026-05-23T13:30:37.973,1,-101.315,450.035,0.0,-0.5,1000.0,RETURNING_TO_START,load_zone_22,dump_zone_22,5.1e-05,0.000137
175.787,2026-05-23T13:30:37.973,2,597.5,-19.761,24.439,0.2095,1000.0,RETURNING_TO_START,load_zone_26,dump_zone_3,6.2e-05,0.000166
175.787,2026-05-23T13:30:37.973,3,-39.571,474.577,24.039,-0.5,0.0,GOING_TO_ENDPOINT,dump_zone_19,load_zone_22,5.1e-05,0.000137
176.828,2026-05-23T13:30:38.978,1,-101.315,450.035,0.0,-0.5,1000.0,RETURNING_TO_START,load_zone_22,dump_zone_22,0.000195,0.000523
176.828,2026-05-23T13:30:38.978,2,597.5,-12.541,25.154,0.0964,1000.0,RETURNING_TO_START,load_zone_26,dump_zone_3,0.000226,0.000606
176.828,2026-05-23T13:30:38.978,3,-41.37,468.155,22.165,-0.5,0.0,GOING_TO_ENDPOINT,dump_zone_19,load_zone_22,0.000195,0.000523
177.839,2026-05-23T13:30:39.989,1,-101.315,450.035,0.0,-0.5,1000.0,RETURNING_TO_START,load_zone_22,dump_zone_22,0.000204,0.000547
177.839,2026-05-23T13:30:39.989,2,597.5,-5.537,24.566,-0.2386,1000.0,RETURNING_TO_START,load_zone_26,dump_zone_3,0.000204,0.000547
177.839,2026-05-23T13:30:39.989,3,-43.005,462.426,20.345,-0.5,0.0,GOING_TO_ENDPOINT,dump_zone_19,load_zone_22,0.000204,0.000547
178.847,2026-05-23T13:30:40.997,1,-101.315,450.035,0.0,-0.5,1000.0,RETURNING_TO_START,load_zone_22,dump_zone_22,4.8e-05,0.000129
178.847,2026-05-23T13:30:40.997,2,597.5,1.225,23.718,-0.1941,1000.0,RETURNING_TO_START,load_zone_26,dump_zone_3,4.8e-05,0.000129
178.847,2026-05-23T13:30:40.997,3,-44.587,457.231,18.531,-0.5,0.0,GOING_TO_ENDPOINT,dump_zone_19,load_zone_22,4.8e-05,0.000129
179.918,2026-05-23T13:30:42.067,1,-101.315,450.035,0.0,-0.5,1000.0,RETURNING_TO_START,load_zone_22,dump_zone_22,0.000273,0.000732
179.918,2026-05-23T13:30:42.067,2,597.5,8.347,24.354,0.2537,1000.0,RETURNING_TO_START,load_zone_26,dump_zone_3,0.000337,0.000903
179.918,2026-05-23T13:30:42.067,3,-46.309,452.312,16.603,-0.5,0.0,GOING_TO_ENDPOINT,dump_zone_19,load_zone_22,0.000273,0.000732
180.98,2026-05-23T13:30:43.129,1,-101.315,450.035,0.0,-0.5,1000.0,RETURNING_TO_START,load_zone_22,dump_zone_22,0.000225,0.000603
180.98,2026-05-23T13:30:43.129,2,597.5,15.593,24.543,-0.1483,1000.0,RETURNING_TO_START,load_zone_26,dump_zone_3,0.000231,0.000619
180.98,2026-05-23T13:30:43.129,3,-48.735,448.477,14.691,-0.5,0.0,GOING_TO_ENDPOINT,dump_zone_19,load_zone_22,0.000225,0.000603
181.99,2026-05-23T13:30:44.171,1,-101.315,450.035,0.0,-0.5,1000.0,RETURNING_TO_START,load_zone_22,dump_zone_22,5.1e-05,0.000137
181.99,2026-05-23T13:30:44.171,2,597.5,22.457,24.624,-0.0203,1000.0,RETURNING_TO_START,load_zone_26,dump_zone_3,5.6e-05,0.00015
181.99,2026-05-23T13:30:44.171,3,-52.391,447.464,13.112,-0.169,0.0,GOING_TO_ENDPOINT,dump_zone_19,load_zone_22,5.1e-05,0.000137
183.01,2026-05-23T13:30:45.160,1,-101.315,450.035,0.0,-0.5,1000.0,RETURNING_TO_START,load_zone_22,dump_zone_22,0.000168,0.00045
183.01,2026-05-23T13:30:45.160,2,597.5,29.41,24.381,-0.1687,1000.0,RETURNING_TO_START,load_zone_26,dump_zone_3,0.00017,0.000456
183.01,2026-05-23T13:30:45.160,3,-56.213,447.46,14.438,0.851,0.0,GOING_TO_ENDPOINT,dump_zone_19,load_zone_22,0.000201,0.000539
184.019,2026-05-23T13:30:46.244,1,-101.315,450.035,0.0,-0.5,1000.0,RETURNING_TO_START,load_zone_22,dump_zone_22,4.8e-05,0.000129
184.019,2026-05-23T13:30:46.244,2,597.5,36.237,24.453,0.1992,1000.0,RETURNING_TO_START,load_zone_26,dump_zone_3,5.8e-05,0.000155
184.019,2026-05-23T13:30:46.244,3,-60.785,447.485,18.041,1.0,0.0,GOING_TO_ENDPOINT,dump_zone_19,load_zone_22,6.1e-05,0.000163
185.054,2026-05-23T13:30:47.203,1,-101.315,450.035,0.0,-0.5,1000.0,RETURNING_TO_START,load_zone_22,dump_zone_22,0.000267,0.000716
185.054,2026-05-23T13:30:47.203,2,597.5,43.182,23.551,-0.36,1000.0,RETURNING_TO_START,load_zone_26,dump_zone_3,0.000267,0.000716
185.054,2026-05-23T13:30:47.203,3,-66.515,447.499,21.365,0.576,0.0,GOING_TO_ENDPOINT,dump_zone_19,load_zone_22,0.000324,0.000868
186.067,2026-05-23T13:30:48.283,1,-101.315,450.035,0.0,-0.5,1000.0,RETURNING_TO_START,load_zone_22,dump_zone_22,5.1e-05,0.000137
186.067,2026-05-23T13:30:48.283,2,597.5,49.727,23.361,0.215,1000.0,RETURNING_TO_START,load_zone_26,dump_zone_3,6.2e-05,0.000166
186.067,2026-05-23T13:30:48.283,3,-72.633,447.5,21.504,-0.437,0.0,GOING_TO_ENDPOINT,dump_zone_19,load_zone_22,5.1e-05,0.000137
187.122,2026-05-23T13:30:49.271,1,-101.315,450.035,0.0,-0.5,1000.0,RETURNING_TO_START,load_zone_22,dump_zone_22,0.000231,0.000619
187.122,2026-05-23T13:30:49.271,2,597.5,56.701,24.192,0.22,1000.0,RETURNING_TO_START,load_zone_26,dump_zone_3,0.000281,0.000753
187.122,2026-05-23T13:30:49.271,3,-78.64,447.5,19.605,-0.5,0.0,GOING_TO_ENDPOINT,dump_zone_19,load_zone_22,0.000231,0.000619
188.179,2026-05-23T13:30:50.328,1,-101.315,450.035,0.0,-0.5,1000.0,RETURNING_TO_START,load_zone_22,dump_zone_22,0.000192,0.000515
188.179,2026-05-23T13:30:50.328,2,597.5,63.884,24.71,0.0203,1000.0,RETURNING_TO_START,load_zone_26,dump_zone_3,0.000214,0.000574
188.179,2026-05-23T13:30:50.328,3,-84.101,447.5,17.702,-0.5,0.0,GOING_TO_ENDPOINT,dump_zone_19,load_zone_22,0.000192,0.000515
189.188,2026-05-23T13:30:51.422,1,-101.315,450.035,0.0,-0.5,1000.0,RETURNING_TO_START,load_zone_22,dump_zone_22,4.8e-05,0.000129
189.188,2026-05-23T13:30:51.422,2,597.5,70.741,24.221,-0.0551,1000.0,RETURNING_TO_START,load_zone_26,dump_zone_3,5.2e-05,0.000139
189.188,2026-05-23T13:30:51.422,3,-88.791,447.513,15.886,-0.5,0.0,GOING_TO_ENDPOINT,dump_zone_19,load_zone_22,4.8e-05,0.000129
190.241,2026-05-23T13:30:52.390,1,-101.315,450.035,0.0,-0.5,1000.0,RETURNING_TO_START,load_zone_22,dump_zone_22,0.000264,0.000708
190.241,2026-05-23T13:30:52.390,2,597.5,77.714,23.414,-0.1646,1000.0,RETURNING_TO_START,load_zone_26,dump_zone_3,0.000268,0.000718
190.241,2026-05-23T13:30:52.390,3,-93.139,447.75,14.035,-0.5,0.0,GOING_TO_ENDPOINT,dump_zone_19,load_zone_22,0.000264,0.000708
191.249,2026-05-23T13:30:53.509,1,-101.315,450.035,0.0,-0.5,1000.0,RETURNING_TO_START,load_zone_22,dump_zone_22,4.8e-05,0.000129
191.249,2026-05-23T13:30:53.509,2,597.5,84.192,23.187,-0.0066,1000.0,RETURNING_TO_START,load_zone_26,dump_zone_3,5.3e-05,0.000142
191.249,2026-05-23T13:30:53.509,3,-96.77,447.525,12.22,-0.5,0.0,GOING_TO_ENDPOINT,dump_zone_19,load_zone_22,4.8e-05,0.000129
192.271,2026-05-23T13:30:54.532,1,-101.315,450.035,0.0,-0.3697,1000.0,RETURNING_TO_START,load_zone_22,dump_zone_22,0.000315,0.000844
192.271,2026-05-23T13:30:54.532,2,597.5,90.782,22.809,-0.3976,1000.0,RETURNING_TO_START,load_zone_26,dump_zone_3,0.000315,0.000844
192.271,2026-05-23T13:30:54.532,3,-99.85,446.739,10.381,-0.5,0.0,GOING_TO_ENDPOINT,dump_zone_19,load_zone_22,0.000315,0.000844
193.379,2026-05-23T13:30:55.627,1,-101.286,450.132,1.132,0.7383,1000.0,RETURNING_TO_START,load_zone_22,dump_zone_22,0.000365,0.000978
193.379,2026-05-23T13:30:55.627,2,597.5,97.484,21.105,-0.1858,1000.0,RETURNING_TO_START,load_zone_26,dump_zone_3,0.000359,0.000962
193.379,2026-05-23T13:30:55.627,3,-102.591,445.493,9.944,0.377,0.0,GOING_TO_ENDPOINT,dump_zone_19,load_zone_22,0.000383,0.001026
194.381,2026-05-23T13:30:56.621,1,-101.146,450.891,3.781,0.335,1000.0,RETURNING_TO_START,load_zone_22,dump_zone_22,5.3e-05,0.000142
194.381,2026-05-23T13:30:56.621,2,597.5,103.471,22.396,0.8162,1000.0,RETURNING_TO_START,load_zone_26,dump_zone_3,7.6e-05,0.000204
194.381,2026-05-23T13:30:56.621,3,-105.523,444.312,12.968,1.0,0.0,GOING_TO_ENDPOINT,dump_zone_19,load_zone_22,6.1e-05,0.000163
195.448,2026-05-23T13:30:57.597,1,-101.24,452.128,4.645,0.128,1000.0,RETURNING_TO_START,load_zone_22,dump_zone_22,0.000251,0.000673
195.448,2026-05-23T13:30:57.597,2,597.5,110.57,24.683,0.128,1000.0,RETURNING_TO_START,load_zone_26,dump_zone_3,0.000285,0.000764
195.448,2026-05-23T13:30:57.597,3,-107.718,440.536,16.624,1.0,0.0,GOING_TO_ENDPOINT,dump_zone_19,load_zone_22,0.000305,0.000817
196.452,2026-05-23T13:30:58.601,1,-101.867,453.527,6.871,1.0,1000.0,RETURNING_TO_START,load_zone_22,dump_zone_22,5.7e-05,0.000153
196.452,2026-05-23T13:30:58.601,2,597.5,117.497,25.066,0.2616,1000.0,RETURNING_TO_START,load_zone_26,dump_zone_3,6e-05,0.000161
196.452,2026-05-23T13:30:58.601,3,-110.5,436.193,20.238,1.0,0.0,GOING_TO_ENDPOINT,dump_zone_19,load_zone_22,6.3e-05,0.000169
197.454,2026-05-23T13:30:59.677,1,-103.774,454.979,10.478,1.0,1000.0,RETURNING_TO_START,load_zone_22,dump_zone_22,6.5e-05,0.000174
197.454,2026-05-23T13:30:59.677,2,597.5,124.539,25.227,0.053,1000.0,RETURNING_TO_START,load_zone_26,dump_zone_3,5.8e-05,0.000155
197.454,2026-05-23T13:30:59.677,3,-114.349,431.393,23.845,1.0,0.0,GOING_TO_ENDPOINT,dump_zone_19,load_zone_22,7e-05,0.000188
198.539,2026-05-23T13:31:00.752,1,-107.374,454.425,14.384,1.0,1000.0,RETURNING_TO_START,load_zone_22,dump_zone_22,0.000419,0.001123
198.539,2026-05-23T13:31:00.752,2,597.5,132.074,24.534,-0.396,1000.0,RETURNING_TO_START,load_zone_26,dump_zone_3,0.000306,0.00082
198.539,2026-05-23T13:31:00.752,3,-119.649,425.671,27.432,0.6573,0.0,GOING_TO_ENDPOINT,dump_zone_19,load_zone_22,0.000399,0.001069
199.604,2026-05-23T13:31:01.753,1,-110.623,450.828,18.218,1.0,1000.0,RETURNING_TO_START,load_zone_22,dump_zone_22,0.000414,0.00111
199.604,2026-05-23T13:31:01.753,2,597.5,139.158,23.822,0.045,1000.0,RETURNING_TO_START,load_zone_26,dump_zone_3,0.000317,0.00085
199.604,2026-05-23T13:31:01.753,3,-125.383,419.71,27.784,-0.4077,0.0,GOING_TO_ENDPOINT,dump_zone_19,load_zone_22,0.000282,0.000756
200.63,2026-05-23T13:31:02.780,1,-115.55,448.028,21.912,1.0,1000.0,RETURNING_TO_START,load_zone_22,dump_zone_22,0.000329,0.000882
200.63,2026-05-23T13:31:02.780,2,597.5,145.973,24.097,0.0703,1000.0,RETURNING_TO_START,load_zone_26,dump_zone_3,0.000239,0.000641
200.63,2026-05-23T13:31:02.780,3,-130.732,414.255,25.945,-0.5,0.0,GOING_TO_ENDPOINT,dump_zone_19,load_zone_22,0.00021,0.000563
201.642,2026-05-23T13:31:03.836,1,-122.182,447.505,24.915,0.438,1000.0,RETURNING_TO_START,load_zone_22,dump_zone_22,6.8e-05,0.000182
201.642,2026-05-23T13:31:03.836,2,597.5,152.829,24.55,-0.107,1000.0,RETURNING_TO_START,load_zone_26,dump_zone_3,5.3e-05,0.000142
201.642,2026-05-23T13:31:03.836,3,-135.717,409.313,24.123,-0.5,0.0,GOING_TO_ENDPOINT,dump_zone_19,load_zone_22,5.1e-05,0.000137
202.679,2026-05-23T13:31:04.829,1,-129.391,447.495,24.547,-0.5,1000.0,RETURNING_TO_START,load_zone_22,dump_zone_22,0.000258,0.000691
202.679,2026-05-23T13:31:04.829,2,597.5,159.682,22.927,-0.5,1000.0,RETURNING_TO_START,load_zone_26,dump_zone_3,0.000258,0.000691
202.679,2026-05-23T13:31:04.829,3,-140.552,404.724,22.257,-0.5,0.0,GOING_TO_ENDPOINT,dump_zone_19,load_zone_22,0.000258,0.000691
203.708,2026-05-23T13:31:05.857,1,-136.128,447.501,22.695,-0.5,1000.0,RETURNING_TO_START,load_zone_22,dump_zone_22,0.000126,0.000338
203.708,2026-05-23T13:31:05.857,2,597.5,165.956,21.075,-0.5,1000.0,RETURNING_TO_START,load_zone_26,dump_zone_3,0.000126,0.000338
203.708,2026-05-23T13:31:05.857,3,-145.104,400.691,20.404,-0.5,0.0,GOING_TO_ENDPOINT,dump_zone_19,load_zone_22,0.000126,0.000338
204.714,2026-05-23T13:31:06.863,1,-142.207,447.5,20.884,-0.5,1000.0,RETURNING_TO_START,load_zone_22,dump_zone_22,4.8e-05,0.000129
204.714,2026-05-23T13:31:06.863,2,597.5,171.582,19.264,-0.5,1000.0,RETURNING_TO_START,load_zone_26,dump_zone_3,4.8e-05,0.000129
204.714,2026-05-23T13:31:06.863,3,-149.437,397.41,18.594,-0.5,0.0,GOING_TO_ENDPOINT,dump_zone_19,load_zone_22,4.8e-05,0.000129
205.719,2026-05-23T13:31:07.901,1,-147.774,447.5,19.075,-0.5,1000.0,RETURNING_TO_START,load_zone_22,dump_zone_22,5.1e-05,0.000137
205.719,2026-05-23T13:31:07.901,2,597.5,176.697,17.455,-0.5,1000.0,RETURNING_TO_START,load_zone_26,dump_zone_3,5.1e-05,0.000137
205.719,2026-05-23T13:31:07.901,3,-153.77,395.08,16.785,-0.5,0.0,GOING_TO_ENDPOINT,dump_zone_19,load_zone_22,5.1e-05,0.000137
206.781,2026-05-23T13:31:08.930,1,-153.105,447.5,17.164,-0.5,1000.0,RETURNING_TO_START,load_zone_22,dump_zone_22,0.000291,0.00078
206.781,2026-05-23T13:31:08.930,2,597.5,181.55,15.544,-0.5,1000.0,RETURNING_TO_START,load_zone_26,dump_zone_3,0.000291,0.00078
206.781,2026-05-23T13:31:08.930,3,-158.228,393.751,14.873,-0.5,0.0,GOING_TO_ENDPOINT,dump_zone_19,load_zone_22,0.000291,0.00078
207.785,2026-05-23T13:31:09.960,1,-157.614,447.294,15.356,-0.5,1000.0,RETURNING_TO_START,load_zone_22,dump_zone_22,4.8e-05,0.000129
207.785,2026-05-23T13:31:09.960,2,597.482,185.621,13.736,-0.5,1000.0,RETURNING_TO_START,load_zone_26,dump_zone_3,4.8e-05,0.000129
207.785,2026-05-23T13:31:09.960,3,-161.934,392.62,13.066,-0.5,0.0,GOING_TO_ENDPOINT,dump_zone_19,load_zone_22,4.8e-05,0.000129
208.821,2026-05-23T13:31:10.970,1,-161.461,445.797,13.492,-0.5,1000.0,RETURNING_TO_START,load_zone_22,dump_zone_22,0.000249,0.000667
208.821,2026-05-23T13:31:10.970,2,596.716,189.189,11.872,-0.5,1000.0,RETURNING_TO_START,load_zone_26,dump_zone_3,0.000249,0.000667
208.821,2026-05-23T13:31:10.970,3,-165.362,392.974,11.201,-0.5,0.0,GOING_TO_ENDPOINT,dump_zone_19,load_zone_22,0.000249,0.000667
209.83,2026-05-23T13:31:11.980,1,-164.921,445.45,11.675,-0.5,1000.0,RETURNING_TO_START,load_zone_22,dump_zone_22,5.1e-05,0.000137
209.83,2026-05-23T13:31:11.980,2,595.693,192.063,10.055,-0.5,1000.0,RETURNING_TO_START,load_zone_26,dump_zone_3,5.1e-05,0.000137
209.83,2026-05-23T13:31:11.980,3,-167.986,394.133,9.385,-0.5,0.0,GOING_TO_ENDPOINT,dump_zone_19,load_zone_22,5.1e-05,0.000137
210.832,2026-05-23T13:31:13.039,1,-167.906,445.524,9.872,-0.5,1000.0,RETURNING_TO_START,load_zone_22,dump_zone_22,4.8e-05,0.000129
210.832,2026-05-23T13:31:13.039,2,595.492,194.586,8.252,-0.5,1000.0,RETURNING_TO_START,load_zone_26,dump_zone_3,4.8e-05,0.000129
210.832,2026-05-23T13:31:13.039,3,-170.05,395.252,7.581,-0.5,0.0,GOING_TO_ENDPOINT,dump_zone_19,load_zone_22,4.8e-05,0.000129
211.857,2026-05-23T13:31:14.006,1,-170.326,446.164,8.027,-0.5,1000.0,RETURNING_TO_START,load_zone_22,dump_zone_22,0.000219,0.000587
211.857,2026-05-23T13:31:14.006,2,595.914,196.621,6.824,-0.0938,1000.0,RETURNING_TO_START,load_zone_26,dump_zone_3,0.000222,0.000595
211.857,2026-05-23T13:31:14.006,3,-171.531,396.508,6.767,0.216,0.0,GOING_TO_ENDPOINT,dump_zone_19,load_zone_22,0.000227,0.000608
212.857,2026-05-23T13:31:15.071,1,-171.757,447.533,6.774,-0.146,1000.0,RETURNING_TO_START,load_zone_22,dump_zone_22,5.1e-05,0.000137
212.857,2026-05-23T13:31:15.071,2,596.753,198.342,7.034,0.2004,1000.0,RETURNING_TO_START,load_zone_26,dump_zone_3,5.4e-05,0.000145
212.857,2026-05-23T13:31:15.071,3,-172.267,398.467,8.23,0.112,0.0,GOING_TO_ENDPOINT,dump_zone_19,load_zone_22,5.3e-05,0.000142
213.876,2026-05-23T13:31:16.026,1,-172.352,449.264,5.903,-0.5,1000.0,RETURNING_TO_START,load_zone_22,dump_zone_22,0.000114,0.000306
213.876,2026-05-23T13:31:16.026,2,598.026,200.192,9.237,1.0,1000.0,RETURNING_TO_START,load_zone_26,dump_zone_3,0.000141,0.000378
213.876,2026-05-23T13:31:16.026,3,-171.885,400.607,7.004,-0.5,0.0,GOING_TO_ENDPOINT,dump_zone_19,load_zone_22,0.000114,0.000306
214.886,2026-05-23T13:31:17.035,1,-172.26,450.646,4.085,-0.5,1000.0,RETURNING_TO_START,load_zone_22,dump_zone_22,4.8e-05,0.000129
214.886,2026-05-23T13:31:17.035,2,600.81,201.313,12.099,0.363,1000.0,RETURNING_TO_START,load_zone_26,dump_zone_3,5.5e-05,0.000147
214.886,2026-05-23T13:31:17.035,3,-170.855,401.945,5.186,-0.5,0.0,GOING_TO_ENDPOINT,dump_zone_19,load_zone_22,4.8e-05,0.000129
215.942,2026-05-23T13:31:18.092,1,-171.946,451.499,2.184,-0.5,1000.0,UNLOADING,load_zone_22,dump_zone_22,0.000174,0.000466
215.942,2026-05-23T13:31:18.092,2,604.18,200.373,11.486,-0.5,1000.0,RETURNING_TO_START,load_zone_26,dump_zone_3,0.000174,0.000466
215.942,2026-05-23T13:31:18.092,3,-169.807,402.588,3.286,-0.5,0.0,LOADING,dump_zone_19,load_zone_22,0.000174,0.000466
216.954,2026-05-23T13:31:19.103,1,-171.779,451.803,0.362,-0.5,1000.0,UNLOADING,load_zone_22,dump_zone_22,5.1e-05,0.000137
216.954,2026-05-23T13:31:19.103,2,607.064,199.379,10.813,0.2765,1000.0,RETURNING_TO_START,load_zone_26,dump_zone_3,5.7e-05,0.000153
216.954,2026-05-23T13:31:19.103,3,-169.209,402.86,1.464,-0.5,0.0,LOADING,dump_zone_19,load_zone_22,5.1e-05,0.000137
218.013,2026-05-23T13:31:20.162,1,-171.775,451.81,0.0,-0.5,1000.0,UNLOADING,load_zone_22,dump_zone_22,0.000189,0.000507
218.013,2026-05-23T13:31:20.162,2,610.467,198.872,13.135,1.0,1000.0,RETURNING_TO_START,load_zone_26,dump_zone_3,0.000253,0.000678
218.013,2026-05-23T13:31:20.162,3,-169.071,402.936,0.0,-0.5,0.0,LOADING,dump_zone_19,load_zone_22,0.000189,0.000507
219.023,2026-05-23T13:31:21.190,1,-170.712,452.979,7.2,0.0,0.0,TURNING_AROUND,dump_zone_22,load_zone_22,5.2e-05,0.000139
219.023,2026-05-23T13:31:21.190,2,614.653,198.829,16.633,1.0,1000.0,RETURNING_TO_START,load_zone_26,dump_zone_3,7.3e-05,0.000196
219.023,2026-05-23T13:31:21.190,3,-168.797,403.077,7.2,0.0,1000.0,TURNING_AROUND,load_zone_22,dump_zone_22,5.3e-05,0.000142
220.026,2026-05-23T13:31:22.236,1,-169.48,453.596,0.0,-0.322,0.0,GOING_TO_ENDPOINT,dump_zone_22,load_zone_22,5.1e-05,0.000137
220.026,2026-05-23T13:31:22.236,2,619.743,199.174,19.532,0.4313,1000.0,RETURNING_TO_START,load_zone_26,dump_zone_3,6.4e-05,0.000172
220.026,2026-05-23T13:31:22.236,3,-167.653,403.415,0.0,-0.113,1000.0,RETURNING_TO_START,load_zone_22,dump_zone_22,5.1e-05,0.000137
221.06,2026-05-23T13:31:23.209,1,-169.41,453.596,0.96,0.712,0.0,GOING_TO_ENDPOINT,dump_zone_22,load_zone_22,0.000176,0.000472
221.06,2026-05-23T13:31:23.209,2,625.348,199.819,19.16,-0.5,1000.0,RETURNING_TO_START,load_zone_26,dump_zone_3,0.000174,0.000466
221.06,2026-05-23T13:31:23.209,3,-167.505,403.396,1.596,0.921,1000.0,RETURNING_TO_START,load_zone_22,dump_zone_22,0.000181,0.000485
222.074,2026-05-23T13:31:24.267,1,-168.641,453.579,4.474,1.0,0.0,GOING_TO_ENDPOINT,dump_zone_22,load_zone_22,5.1e-05,0.000137
222.074,2026-05-23T13:31:24.267,2,630.43,200.521,17.335,-0.5,1000.0,RETURNING_TO_START,load_zone_26,dump_zone_3,4.8e-05,0.000129
222.074,2026-05-23T13:31:24.267,3,-166.565,403.127,5.239,1.0,1000.0,RETURNING_TO_START,load_zone_22,dump_zone_22,5.4e-05,0.000145
223.123,2026-05-23T13:31:25.272,1,-166.767,453.433,8.25,1.0,0.0,GOING_TO_ENDPOINT,dump_zone_22,load_zone_22,0.00022,0.00059
223.123,2026-05-23T13:31:25.272,2,635.146,201.184,15.446,-0.5,1000.0,RETURNING_TO_START,load_zone_26,dump_zone_3,0.000195,0.000523
223.123,2026-05-23T13:31:25.272,3,-164.891,401.878,8.995,0.918,1000.0,RETURNING_TO_START,load_zone_22,dump_zone_22,0.000237,0.000635
224.136,2026-05-23T13:31:26.285,1,-163.912,453.169,11.897,1.0,0.0,GOING_TO_ENDPOINT,dump_zone_22,load_zone_22,5.7e-05,0.000153
224.136,2026-05-23T13:31:26.285,2,639.186,201.708,13.623,-0.5,1000.0,RETURNING_TO_START,load_zone_26,dump_zone_3,4.8e-05,0.000129
224.136,2026-05-23T13:31:26.285,3,-162.714,399.855,11.504,0.245,1000.0,RETURNING_TO_START,load_zone_22,dump_zone_22,5.3e-05,0.000142
225.191,2026-05-23T13:31:27.340,1,-159.856,452.836,15.695,1.0,0.0,GOING_TO_ENDPOINT,dump_zone_22,load_zone_22,0.000287,0.000769
225.191,2026-05-23T13:31:27.340,2,642.865,202.104,11.724,-0.5,1000.0,RETURNING_TO_START,load_zone_26,dump_zone_3,0.000231,0.000619
225.191,2026-05-23T13:31:27.340,3,-159.624,398.828,10.538,-0.5,1000.0,RETURNING_TO_START,load_zone_22,dump_zone_22,0.000231,0.000619
226.192,2026-05-23T13:31:28.342,1,-154.972,452.592,19.299,1.0,0.0,GOING_TO_ENDPOINT,dump_zone_22,load_zone_22,6.2e-05,0.000166
226.192,2026-05-23T13:31:28.342,2,645.852,202.341,9.922,-0.5,1000.0,RETURNING_TO_START,load_zone_26,dump_zone_3,4.8e-05,0.000129
226.192,2026-05-23T13:31:28.342,3,-156.969,399.145,9.122,-0.061,1000.0,RETURNING_TO_START,load_zone_22,dump_zone_22,4.9e-05,0.000131
227.276,2026-05-23T13:31:29.484,1,-148.542,452.507,23.063,0.764,0.0,GOING_TO_ENDPOINT,dump_zone_22,load_zone_22,0.000413,0.001107
227.276,2026-05-23T13:31:29.484,2,648.527,202.403,8.016,-0.5,1000.0,RETURNING_TO_START,load_zone_26,dump_zone_3,0.000321,0.00086
227.276,2026-05-23T13:31:29.484,3,-154.332,400.222,10.107,0.613,1000.0,RETURNING_TO_START,load_zone_22,dump_zone_22,0.000378,0.001013
228.292,2026-05-23T13:31:30.442,1,-141.823,452.499,23.889,-0.252,0.0,GOING_TO_ENDPOINT,dump_zone_22,load_zone_22,0.000195,0.000523
228.292,2026-05-23T13:31:30.442,2,650.57,201.8,7.841,0.429,1000.0,RETURNING_TO_START,load_zone_26,dump_zone_3,0.000216,0.000579
228.292,2026-05-23T13:31:30.442,3,-151.504,401.989,13.498,1.0,1000.0,RETURNING_TO_START,load_zone_22,dump_zone_22,0.000263,0.000705
229.297,2026-05-23T13:31:31.446,1,-135.399,452.5,22.17,-0.5,0.0,GOING_TO_ENDPOINT,dump_zone_22,load_zone_22,5.1e-05,0.000137
229.297,2026-05-23T13:31:31.446,2,652.192,199.895,10.081,0.3192,1000.0,RETURNING_TO_START,load_zone_26,dump_zone_3,5.7e-05,0.000153
229.297,2026-05-23T13:31:31.446,3,-148.18,404.619,16.443,0.736,1000.0,RETURNING_TO_START,load_zone_22,dump_zone_22,6.8e-05,0.000182
230.301,2026-05-23T13:31:32.491,1,-129.482,452.5,20.362,-0.5,0.0,GOING_TO_ENDPOINT,dump_zone_22,load_zone_22,5.1e-05,0.000137
230.301,2026-05-23T13:31:32.491,2,652.622,197.017,11.163,0.6592,1000.0,RETURNING_TO_START,load_zone_26,dump_zone_3,6.1e-05,0.000163
230.301,2026-05-23T13:31:32.491,3,-144.384,407.997,19.905,1.0,1000.0,RETURNING_TO_START,load_zone_22,dump_zone_22,7.7e-05,0.000206
231.324,2026-05-23T13:31:33.473,1,-123.977,452.5,18.521,-0.5,0.0,GOING_TO_ENDPOINT,dump_zone_22,load_zone_22,0.000204,0.000547
231.324,2026-05-23T13:31:33.473,2,652.558,193.347,14.311,0.583,1000.0,RETURNING_TO_START,load_zone_26,dump_zone_3,0.000253,0.000678
231.324,2026-05-23T13:31:33.473,3,-139.882,412.251,23.379,0.915,1000.0,RETURNING_TO_START,load_zone_22,dump_zone_22,0.000318,0.000852
232.329,2026-05-23T13:31:34.539,1,-119.071,452.5,16.712,-0.5,0.0,GOING_TO_ENDPOINT,dump_zone_22,load_zone_22,5.1e-05,0.000137
232.329,2026-05-23T13:31:34.539,2,652.502,189.238,14.514,-0.422,1000.0,RETURNING_TO_START,load_zone_26,dump_zone_3,5.1e-05,0.000137
232.329,2026-05-23T13:31:34.539,3,-134.908,417.155,26.089,0.325,1000.0,RETURNING_TO_START,load_zone_22,dump_zone_22,6.6e-05,0.000177
233.337,2026-05-23T13:31:35.486,1,-114.659,452.503,14.898,-0.5,0.0,GOING_TO_ENDPOINT,dump_zone_22,load_zone_22,0.000186,0.000498
233.337,2026-05-23T13:31:35.486,2,652.498,185.441,12.701,-0.5,1000.0,RETURNING_TO_START,load_zone_26,dump_zone_3,0.000186,0.000498
233.337,2026-05-23T13:31:35.486,3,-129.796,422.342,25.42,-0.5,1000.0,RETURNING_TO_START,load_zone_22,dump_zone_22,0.000186,0.000498
234.342,2026-05-23T13:31:36.548,1,-110.904,453.368,13.089,-0.5,0.0,GOING_TO_ENDPOINT,dump_zone_22,load_zone_22,5.1e-05,0.000137
234.342,2026-05-23T13:31:36.548,2,652.5,182.159,10.892,-0.5,1000.0,RETURNING_TO_START,load_zone_26,dump_zone_3,5.1e-05,0.000137
234.342,2026-05-23T13:31:36.548,3,-125.05,427.256,23.611,-0.5,1000.0,RETURNING_TO_START,load_zone_22,dump_zone_22,5.1e-05,0.000137
235.375,2026-05-23T13:31:37.525,1,-107.623,454.43,11.229,-0.5,0.0,GOING_TO_ENDPOINT,dump_zone_22,load_zone_22,0.000129,0.000346
235.375,2026-05-23T13:31:37.525,2,652.304,179.332,9.033,-0.5,1000.0,RETURNING_TO_START,load_zone_26,dump_zone_3,0.000129,0.000346
235.375,2026-05-23T13:31:37.525,3,-120.567,431.959,21.752,-0.5,1000.0,RETURNING_TO_START,load_zone_22,dump_zone_22,0.000129,0.000346
236.385,2026-05-23T13:31:38.535,1,-104.738,454.529,9.411,-0.5,0.0,GOING_TO_ENDPOINT,dump_zone_22,load_zone_22,4.8e-05,0.000129
236.385,2026-05-23T13:31:38.535,2,651.601,177.185,7.215,-0.5,1000.0,RETURNING_TO_START,load_zone_26,dump_zone_3,4.8e-05,0.000129
236.385,2026-05-23T13:31:38.535,3,-116.553,436.2,19.934,-0.5,1000.0,RETURNING_TO_START,load_zone_22,dump_zone_22,4.8e-05,0.000129
237.396,2026-05-23T13:31:39.546,1,-102.365,454.44,7.591,-0.5,0.0,GOING_TO_ENDPOINT,dump_zone_22,load_zone_22,4.8e-05,0.000129
237.396,2026-05-23T13:31:39.546,2,651.824,175.452,5.395,-0.5,1000.0,RETURNING_TO_START,load_zone_26,dump_zone_3,4.8e-05,0.000129
237.396,2026-05-23T13:31:39.546,3,-112.897,440.082,18.114,-0.5,1000.0,RETURNING_TO_START,load_zone_22,dump_zone_22,4.8e-05,0.000129
238.446,2026-05-23T13:31:40.596,1,-100.467,453.712,6.94,0.236,0.0,GOING_TO_ENDPOINT,dump_zone_22,load_zone_22,0.000193,0.000517
238.446,2026-05-23T13:31:40.596,2,652.447,174.333,3.505,-0.5,1000.0,RETURNING_TO_START,load_zone_26,dump_zone_3,0.000186,0.000498
238.446,2026-05-23T13:31:40.596,3,-109.057,443.216,16.224,-0.5,1000.0,RETURNING_TO_START,load_zone_22,dump_zone_22,0.000186,0.000498
239.45,2026-05-23T13:31:41.599,1,-99.058,451.974,9.606,1.0,0.0,GOING_TO_ENDPOINT,dump_zone_22,load_zone_22,0.000324,0.000868
239.45,2026-05-23T13:31:41.599,2,652.93,173.821,1.698,-0.5,1000.0,UNLOADING,load_zone_26,dump_zone_3,0.000282,0.000756
239.45,2026-05-23T13:31:41.599,3,-105.278,445.146,14.417,-0.5,1000.0,RETURNING_TO_START,load_zone_22,dump_zone_22,0.000282,0.000756
240.508,2026-05-23T13:31:42.658,1,-99.081,448.858,11.378,-0.0259,0.0,GOING_TO_ENDPOINT,dump_zone_22,load_zone_22,0.000209,0.00056
240.508,2026-05-23T13:31:42.658,2,653.086,173.688,0.0,-0.5,1000.0,UNLOADING,load_zone_26,dump_zone_3,0.000204,0.000547
240.508,2026-05-23T13:31:42.658,3,-102.985,448.251,12.512,-0.5,1000.0,RETURNING_TO_START,load_zone_22,dump_zone_22,0.000204,0.000547
241.514,2026-05-23T13:31:43.719,1,-100.9,446.467,10.24,-0.1339,0.0,GOING_TO_ENDPOINT,dump_zone_22,load_zone_22,4.8e-05,0.000129
241.514,2026-05-23T13:31:43.719,2,653.164,173.626,7.2,0.0,0.0,TURNING_AROUND,dump_zone_3,load_zone_26,4.9e-05,0.000131
241.514,2026-05-23T13:31:43.719,3,-102.503,451.415,10.701,-0.5,1000.0,RETURNING_TO_START,load_zone_22,dump_zone_22,4.8e-05,0.000129
242.524,2026-05-23T13:31:44.673,1,-102.784,444.143,11.653,0.8761,0.0,GOING_TO_ENDPOINT,dump_zone_22,load_zone_22,5.9e-05,0.000158
242.524,2026-05-23T13:31:44.673,2,655.006,172.848,7.2,0.0,0.0,TURNING_AROUND,dump_zone_3,load_zone_26,5.2e-05,0.000139
242.524,2026-05-23T13:31:44.673,3,-103.834,453.82,9.809,0.202,1000.0,RETURNING_TO_START,load_zone_22,dump_zone_22,5.5e-05,0.000147
243.53,2026-05-23T13:31:45.679,1,-105.194,441.248,15.251,1.0,0.0,GOING_TO_ENDPOINT,dump_zone_22,load_zone_22,6.3e-05,0.000169
243.53,2026-05-23T13:31:45.679,2,655.049,172.665,5.4,0.0,0.0,TURNING_AROUND,dump_zone_3,load_zone_26,5.2e-05,0.000139
243.53,2026-05-23T13:31:45.679,3,-106.616,454.807,12.315,1.0,1000.0,RETURNING_TO_START,load_zone_22,dump_zone_22,6.7e-05,0.00018
244.532,2026-05-23T13:31:46.714,1,-108.347,437.682,18.858,1.0,0.0,GOING_TO_ENDPOINT,dump_zone_22,load_zone_22,6.6e-05,0.000177
244.532,2026-05-23T13:31:46.714,2,655.374,173.057,7.2,0.0,0.0,TURNING_AROUND,dump_zone_3,load_zone_26,5.2e-05,0.000139
244.532,2026-05-23T13:31:46.714,3,-109.971,452.968,15.922,1.0,1000.0,RETURNING_TO_START,load_zone_22,dump_zone_22,7.2e-05,0.000193
245.557,2026-05-23T13:31:47.706,1,-112.371,433.354,22.548,1.0,0.0,GOING_TO_ENDPOINT,dump_zone_22,load_zone_22,0.000206,0.000552
245.557,2026-05-23T13:31:47.706,2,656.392,174.475,5.4,0.0,0.0,TURNING_AROUND,dump_zone_3,load_zone_26,0.000155,0.000415
245.557,2026-05-23T13:31:47.706,3,-113.73,449.59,19.612,1.0,1000.0,RETURNING_TO_START,load_zone_22,dump_zone_22,0.00023,0.000616
246.571,2026-05-23T13:31:48.794,1,-117.104,428.348,26.199,1.0,0.0,GOING_TO_ENDPOINT,dump_zone_22,load_zone_22,7.2e-05,0.000193
246.571,2026-05-23T13:31:48.794,2,656.289,174.142,0.152,0.261,0.0,GOING_TO_ENDPOINT,dump_zone_3,load_zone_26,5.1e-05,0.000137
246.571,2026-05-23T13:31:48.794,3,-119.455,447.738,23.224,0.883,1000.0,RETURNING_TO_START,load_zone_22,dump_zone_22,7.9e-05,0.000212
247.584,2026-05-23T13:31:49.733,1,-122.461,422.738,28.211,0.072,0.0,GOING_TO_ENDPOINT,dump_zone_22,load_zone_22,5.6e-05,0.00015
247.584,2026-05-23T13:31:49.733,2,656.271,174.523,2.895,1.0,0.0,GOING_TO_ENDPOINT,dump_zone_3,load_zone_26,5.3e-05,0.000142
247.584,2026-05-23T13:31:49.733,3,-126.256,447.48,24.5,-0.13,1000.0,RETURNING_TO_START,load_zone_22,dump_zone_22,5.3e-05,0.000142
248.592,2026-05-23T13:31:50.741,1,-127.863,417.166,26.943,-0.5,0.0,GOING_TO_ENDPOINT,dump_zone_22,load_zone_22,4.8e-05,0.000129
248.592,2026-05-23T13:31:50.741,2,655.916,175.811,6.524,1.0,0.0,GOING_TO_ENDPOINT,dump_zone_3,load_zone_26,5.3e-05,0.000142
248.592,2026-05-23T13:31:50.741,3,-132.906,447.499,22.909,-0.5,1000.0,RETURNING_TO_START,load_zone_22,dump_zone_22,4.8e-05,0.000129
249.608,2026-05-23T13:31:51.809,1,-133.028,411.959,25.114,-0.5,0.0,GOING_TO_ENDPOINT,dump_zone_22,load_zone_22,5.1e-05,0.000137
249.608,2026-05-23T13:31:51.809,2,654.512,177.716,10.182,1.0,0.0,GOING_TO_ENDPOINT,dump_zone_3,load_zone_26,5.9e-05,0.000158
249.608,2026-05-23T13:31:51.809,3,-139.102,447.5,21.08,-0.5,1000.0,RETURNING_TO_START,load_zone_22,dump_zone_22,5.1e-05,0.000137
250.658,2026-05-23T13:31:52.807,1,-138.071,407.051,23.224,-0.5,0.0,GOING_TO_ENDPOINT,dump_zone_22,load_zone_22,0.000246,0.000659
250.658,2026-05-23T13:31:52.807,2,651.72,179.901,13.962,1.0,0.0,GOING_TO_ENDPOINT,dump_zone_3,load_zone_26,0.000299,0.000801
250.658,2026-05-23T13:31:52.807,3,-144.961,447.5,19.19,-0.5,1000.0,RETURNING_TO_START,load_zone_22,dump_zone_22,0.000246,0.000659
251.659,2026-05-23T13:31:53.808,1,-142.616,402.846,21.423,-0.5,0.0,GOING_TO_ENDPOINT,dump_zone_22,load_zone_22,5.1e-05,0.000137
251.659,2026-05-23T13:31:53.808,2,648.663,183.03,17.328,0.664,0.0,GOING_TO_ENDPOINT,dump_zone_3,load_zone_26,6.1e-05,0.000163
251.659,2026-05-23T13:31:53.808,3,-150.033,447.5,17.389,-0.5,1000.0,RETURNING_TO_START,load_zone_22,dump_zone_22,5.1e-05,0.000137
252.675,2026-05-23T13:31:54.876,1,-147.039,399.128,19.594,-0.5,0.0,GOING_TO_ENDPOINT,dump_zone_22,load_zone_22,5.1e-05,0.000137
252.675,2026-05-23T13:31:54.876,2,647.455,187.875,17.836,-0.352,0.0,GOING_TO_ENDPOINT,dump_zone_3,load_zone_26,5.1e-05,0.000137
252.675,2026-05-23T13:31:54.876,3,-154.673,447.5,15.56,-0.5,1000.0,RETURNING_TO_START,load_zone_22,dump_zone_22,5.1e-05,0.000137
253.728,2026-05-23T13:31:55.878,1,-151.569,396.121,17.698,-0.5,0.0,GOING_TO_ENDPOINT,dump_zone_22,load_zone_22,0.000195,0.000523
253.728,2026-05-23T13:31:55.878,2,647.479,192.812,15.969,-0.5,0.0,GOING_TO_ENDPOINT,dump_zone_3,load_zone_26,0.000195,0.000523
253.728,2026-05-23T13:31:55.878,3,-158.861,446.904,13.664,-0.5,1000.0,RETURNING_TO_START,load_zone_22,dump_zone_22,0.000195,0.000523
254.74,2026-05-23T13:31:56.945,1,-155.926,394.362,15.877,-0.5,0.0,GOING_TO_ENDPOINT,dump_zone_22,load_zone_22,4.8e-05,0.000129
254.74,2026-05-23T13:31:56.945,2,647.5,197.034,14.148,-0.5,0.0,GOING_TO_ENDPOINT,dump_zone_3,load_zone_26,4.8e-05,0.000129
254.74,2026-05-23T13:31:56.945,3,-162.168,445.595,11.843,-0.5,1000.0,RETURNING_TO_START,load_zone_22,dump_zone_22,4.8e-05,0.000129
255.793,2026-05-23T13:31:57.942,1,-160.093,393.12,13.981,-0.5,0.0,GOING_TO_ENDPOINT,dump_zone_22,load_zone_22,0.000261,0.000699
255.793,2026-05-23T13:31:57.942,2,646.713,200.746,12.819,0.033,0.0,GOING_TO_ENDPOINT,dump_zone_3,load_zone_26,0.000271,0.000726
255.793,2026-05-23T13:31:57.942,3,-165.335,445.483,9.947,-0.5,1000.0,RETURNING_TO_START,load_zone_22,dump_zone_22,0.000261,0.000699
256.797,2026-05-23T13:31:59.003,1,-163.625,392.402,12.174,-0.5,0.0,GOING_TO_ENDPOINT,dump_zone_22,load_zone_22,5.1e-05,0.000137
256.797,2026-05-23T13:31:59.003,2,643.436,202.357,14.86,1.0,0.0,GOING_TO_ENDPOINT,dump_zone_3,load_zone_26,6.3e-05,0.000169
256.797,2026-05-23T13:31:59.003,3,-167.841,445.529,8.14,-0.5,1000.0,RETURNING_TO_START,load_zone_22,dump_zone_22,5.1e-05,0.000137
257.876,2026-05-23T13:32:00.025,1,-166.769,393.483,10.232,-0.5,0.0,GOING_TO_ENDPOINT,dump_zone_22,load_zone_22,0.00027,0.000724
257.876,2026-05-23T13:32:00.025,2,639.417,199.636,18.744,1.0,0.0,GOING_TO_ENDPOINT,dump_zone_3,load_zone_26,0.000348,0.000933
257.876,2026-05-23T13:32:00.025,3,-169.894,446.055,6.198,-0.5,1000.0,RETURNING_TO_START,load_zone_22,dump_zone_22,0.00027,0.000724
258.918,2026-05-23T13:32:01.067,1,-169.121,394.755,8.356,-0.5,0.0,GOING_TO_ENDPOINT,dump_zone_22,load_zone_22,0.000195,0.000523
258.918,2026-05-23T13:32:01.067,2,634.55,196.352,21.958,0.481,0.0,GOING_TO_ENDPOINT,dump_zone_3,load_zone_26,0.000232,0.000622
258.918,2026-05-23T13:32:01.067,3,-171.224,447.111,6.046,0.154,1000.0,RETURNING_TO_START,load_zone_22,dump_zone_22,0.000204,0.000547
259.928,2026-05-23T13:32:02.156,1,-170.946,395.764,6.787,-0.156,0.0,GOING_TO_ENDPOINT,dump_zone_22,load_zone_22,5.1e-05,0.000137
259.928,2026-05-23T13:32:02.156,2,628.457,195.153,21.775,-0.5,0.0,GOING_TO_ENDPOINT,dump_zone_3,load_zone_26,5.1e-05,0.000137
259.928,2026-05-23T13:32:02.156,3,-172.019,448.713,6.471,-0.25,1000.0,RETURNING_TO_START,load_zone_22,dump_zone_22,5.1e-05,0.000137
260.963,2026-05-23T13:32:03.112,1,-172.272,397.31,7.884,0.437,0.0,GOING_TO_ENDPOINT,dump_zone_22,load_zone_22,0.000185,0.000496
260.963,2026-05-23T13:32:03.112,2,622.517,194.435,19.912,-0.5,0.0,GOING_TO_ENDPOINT,dump_zone_3,load_zone_26,0.000174,0.000466
260.963,2026-05-23T13:32:03.112,3,-172.08,450.308,4.696,-0.5,1000.0,RETURNING_TO_START,load_zone_22,dump_zone_22,0.000174,0.000466
261.977,2026-05-23T13:32:04.163,1,-172.643,399.545,7.816,-0.5,0.0,GOING_TO_ENDPOINT,dump_zone_22,load_zone_22,4.8e-05,0.000129
261.977,2026-05-23T13:32:04.163,2,617.196,193.955,18.087,-0.5,0.0,GOING_TO_ENDPOINT,dump_zone_3,load_zone_26,4.8e-05,0.000129
261.977,2026-05-23T13:32:04.163,3,-171.778,451.318,2.87,-0.5,1000.0,UNLOADING,load_zone_22,dump_zone_22,4.8e-05,0.000129
262.997,2026-05-23T13:32:05.146,1,-171.957,401.348,5.98,-0.5,0.0,GOING_TO_ENDPOINT,dump_zone_22,load_zone_22,0.000141,0.000378
262.997,2026-05-23T13:32:05.146,2,612.342,193.824,16.251,-0.5,0.0,GOING_TO_ENDPOINT,dump_zone_3,load_zone_26,0.000141,0.000378
262.997,2026-05-23T13:32:05.146,3,-171.523,451.801,1.034,-0.5,1000.0,UNLOADING,load_zone_22,dump_zone_22,0.000141,0.000378
264.007,2026-05-23T13:32:06.156,1,-170.965,402.344,4.162,-0.5,0.0,GOING_TO_ENDPOINT,dump_zone_22,load_zone_22,4.8e-05,0.000129
264.007,2026-05-23T13:32:06.156,2,608.196,194.718,14.433,-0.5,0.0,GOING_TO_ENDPOINT,dump_zone_3,load_zone_26,4.8e-05,0.000129
264.007,2026-05-23T13:32:06.156,3,-171.483,451.868,0.0,-0.5,1000.0,UNLOADING,load_zone_22,dump_zone_22,4.8e-05,0.000129
265.021,2026-05-23T13:32:07.170,1,-170.179,402.79,2.336,-0.5,0.0,LOADING,dump_zone_22,load_zone_22,0.000147,0.000394
265.021,2026-05-23T13:32:07.170,2,605.06,196.837,12.608,-0.5,0.0,GOING_TO_ENDPOINT,dump_zone_3,load_zone_26,0.000147,0.000394
265.021,2026-05-23T13:32:07.170,3,-170.976,452.525,7.2,0.0,0.0,TURNING_AROUND,dump_zone_22,load_zone_22,0.00015,0.000402
266.031,2026-05-23T13:32:08.210,1,-169.826,402.965,0.518,-0.5,0.0,LOADING,dump_zone_22,load_zone_22,5.1e-05,0.000137
266.031,2026-05-23T13:32:08.210,2,601.989,197.968,10.79,-0.5,0.0,GOING_TO_ENDPOINT,dump_zone_3,load_zone_26,5.1e-05,0.000137
266.031,2026-05-23T13:32:08.210,3,-169.28,453.582,7.2,0.0,0.0,TURNING_AROUND,dump_zone_22,load_zone_22,5.2e-05,0.000139
267.047,2026-05-23T13:32:09.196,1,-169.809,402.973,0.0,-0.5,0.0,LOADING,dump_zone_22,load_zone_22,0.000135,0.000362
267.047,2026-05-23T13:32:09.196,2,599.304,198.549,9.126,-0.214,0.0,GOING_TO_ENDPOINT,dump_zone_3,load_zone_26,0.000135,0.000362
267.047,2026-05-23T13:32:09.196,3,-169.236,453.596,0.245,0.351,0.0,GOING_TO_ENDPOINT,dump_zone_22,load_zone_22,0.000135,0.000362
268.059,2026-05-23T13:32:10.209,1,-168.572,403.358,0.0,-0.463,1000.0,RETURNING_TO_START,load_zone_22,dump_zone_22,0.000111,0.000297
268.059,2026-05-23T13:32:10.209,2,596.95,197.464,10.235,0.798,0.0,GOING_TO_ENDPOINT,dump_zone_3,load_zone_26,0.000126,0.000338
268.059,2026-05-23T13:32:10.209,3,-168.807,453.592,3.162,1.0,0.0,GOING_TO_ENDPOINT,dump_zone_22,load_zone_22,0.000116,0.000311
269.071,2026-05-23T13:32:11.278,1,-168.54,403.354,0.566,0.549,1000.0,RETURNING_TO_START,load_zone_22,dump_zone_22,4.8e-05,0.000129
269.071,2026-05-23T13:32:11.278,2,595.724,194.414,13.819,1.0,0.0,GOING_TO_ENDPOINT,dump_zone_3,load_zone_26,5.8e-05,0.000155
269.071,2026-05-23T13:32:11.278,3,-167.394,453.517,6.805,1.0,0.0,GOING_TO_ENDPOINT,dump_zone_22,load_zone_22,5.3e-05,0.000142
270.096,2026-05-23T13:32:12.246,1,-167.924,403.228,3.924,1.0,1000.0,RETURNING_TO_START,load_zone_22,dump_zone_22,0.000182,0.000488
270.096,2026-05-23T13:32:12.246,2,597.82,190.547,17.509,1.0,0.0,GOING_TO_ENDPOINT,dump_zone_3,load_zone_26,0.00021,0.000563
270.096,2026-05-23T13:32:12.246,3,-164.916,453.282,10.495,1.0,0.0,GOING_TO_ENDPOINT,dump_zone_22,load_zone_22,0.000192,0.000515
271.111,2026-05-23T13:32:13.305,1,-166.477,402.473,7.578,1.0,1000.0,RETURNING_TO_START,load_zone_22,dump_zone_22,6.1e-05,0.000163
271.111,2026-05-23T13:32:13.305,2,600.59,185.836,21.163,1.0,0.0,GOING_TO_ENDPOINT,dump_zone_3,load_zone_26,6.8e-05,0.000182
271.111,2026-05-23T13:32:13.305,3,-161.436,452.953,14.149,1.0,0.0,GOING_TO_ENDPOINT,dump_zone_22,load_zone_22,6.2e-05,0.000166
272.178,2026-05-23T13:32:14.327,1,-164.299,400.682,11.04,0.567,1000.0,RETURNING_TO_START,load_zone_22,dump_zone_22,0.000301,0.000807
272.178,2026-05-23T13:32:14.327,2,602.277,179.224,25.004,1.0,0.0,GOING_TO_ENDPOINT,dump_zone_3,load_zone_26,0.000354,0.000949
272.178,2026-05-23T13:32:14.327,3,-156.66,452.653,17.99,1.0,0.0,GOING_TO_ENDPOINT,dump_zone_22,load_zone_22,0.000326,0.000874
273.185,2026-05-23T13:32:15.334,1,-161.526,399.136,11.172,-0.44,1000.0,RETURNING_TO_START,load_zone_22,dump_zone_22,0.000291,0.00078
273.185,2026-05-23T13:32:15.334,2,602.497,171.704,28.543,0.8569,0.0,GOING_TO_ENDPOINT,dump_zone_3,load_zone_26,0.000404,0.001083
273.185,2026-05-23T13:32:15.334,3,-151.095,452.521,21.615,1.0,0.0,GOING_TO_ENDPOINT,dump_zone_22,load_zone_22,0.000388,0.00104
274.246,2026-05-23T13:32:16.395,1,-158.568,398.855,9.265,-0.5,1000.0,RETURNING_TO_START,load_zone_22,dump_zone_22,0.000273,0.000732
274.246,2026-05-23T13:32:16.395,2,602.5,163.018,29.659,-0.1978,0.0,GOING_TO_ENDPOINT,dump_zone_3,load_zone_26,0.000273,0.000732
274.246,2026-05-23T13:32:16.395,3,-144.218,452.5,24.313,0.245,0.0,GOING_TO_ENDPOINT,dump_zone_22,load_zone_22,0.000311,0.000833
275.302,2026-05-23T13:32:17.451,1,-156.121,399.442,8.513,0.251,1000.0,RETURNING_TO_START,load_zone_22,dump_zone_22,0.00025,0.00067
275.302,2026-05-23T13:32:17.451,2,602.5,154.562,28.147,-0.192,0.0,GOING_TO_ENDPOINT,dump_zone_3,load_zone_26,0.000231,0.000619
275.302,2026-05-23T13:32:17.451,3,-137.17,452.5,23.311,-0.5,0.0,GOING_TO_ENDPOINT,dump_zone_22,load_zone_22,0.000231,0.000619
276.364,2026-05-23T13:32:18.513,1,-153.566,400.656,10.878,0.881,1000.0,RETURNING_TO_START,load_zone_22,dump_zone_22,0.000256,0.000686
276.364,2026-05-23T13:32:18.513,2,602.5,146.232,28.587,0.3593,0.0,GOING_TO_ENDPOINT,dump_zone_3,load_zone_26,0.000246,0.000659
276.364,2026-05-23T13:32:18.513,3,-130.592,452.5,21.4,-0.5,0.0,GOING_TO_ENDPOINT,dump_zone_22,load_zone_22,0.000204,0.000547
277.402,2026-05-23T13:32:19.551,1,-150.507,402.733,14.563,1.0,1000.0,RETURNING_TO_START,load_zone_22,dump_zone_22,0.000305,0.000817
277.402,2026-05-23T13:32:19.551,2,602.5,137.832,29.221,-0.0797,0.0,GOING_TO_ENDPOINT,dump_zone_3,load_zone_26,0.000232,0.000622
277.402,2026-05-23T13:32:19.551,3,-124.708,452.5,19.531,-0.5,0.0,GOING_TO_ENDPOINT,dump_zone_22,load_zone_22,0.000222,0.000595
278.405,2026-05-23T13:32:20.626,1,-147.012,405.623,17.728,0.9927,1000.0,RETURNING_TO_START,load_zone_22,dump_zone_22,7e-05,0.000188
278.405,2026-05-23T13:32:20.626,2,602.5,129.756,28.945,-0.0073,0.0,GOING_TO_ENDPOINT,dump_zone_3,load_zone_26,5.1e-05,0.000137
278.405,2026-05-23T13:32:20.626,3,-119.532,452.5,17.726,-0.5,0.0,GOING_TO_ENDPOINT,dump_zone_22,load_zone_22,4.8e-05,0.000129
280.391,2026-05-23T13:32:22.630,1,-138.255,413.891,23.914,0.7442,1000.0,RETURNING_TO_START,load_zone_22,dump_zone_22,0.00465,0.012462
280.391,2026-05-23T13:32:22.630,2,602.5,114.306,27.192,-0.5,0.0,GOING_TO_ENDPOINT,dump_zone_3,load_zone_26,0.003132,0.008394
280.391,2026-05-23T13:32:22.630,3,-111.057,453.002,14.151,-0.5,0.0,GOING_TO_ENDPOINT,dump_zone_22,load_zone_22,0.003132,0.008394
281.446,2026-05-23T13:32:23.596,1,-133.062,418.729,24.574,-0.3108,1000.0,RETURNING_TO_START,load_zone_22,dump_zone_22,0.000273,0.000732
281.446,2026-05-23T13:32:23.596,2,602.5,106.539,26.44,0.257,0.0,GOING_TO_ENDPOINT,dump_zone_3,load_zone_26,0.000315,0.000844
281.446,2026-05-23T13:32:23.596,3,-107.355,453.74,12.252,-0.5,0.0,GOING_TO_ENDPOINT,dump_zone_22,load_zone_22,0.000273,0.000732
282.484,2026-05-23T13:32:24.634,1,-128.464,423.747,22.746,-0.5,1000.0,RETURNING_TO_START,load_zone_22,dump_zone_22,0.000267,0.000716
282.484,2026-05-23T13:32:24.634,2,602.5,98.672,28.307,0.7931,0.0,GOING_TO_ENDPOINT,dump_zone_3,load_zone_26,0.000364,0.000976
282.484,2026-05-23T13:32:24.634,3,-104.226,454.476,10.384,-0.5,0.0,GOING_TO_ENDPOINT,dump_zone_22,load_zone_22,0.000267,0.000716
283.523,2026-05-23T13:32:25.672,1,-124.096,428.255,20.876,-0.5,1000.0,RETURNING_TO_START,load_zone_22,dump_zone_22,0.000213,0.000571
283.523,2026-05-23T13:32:25.672,2,602.5,90.244,29.566,-0.0439,0.0,GOING_TO_ENDPOINT,dump_zone_3,load_zone_26,0.000225,0.000603
283.523,2026-05-23T13:32:25.672,3,-101.537,454.233,8.608,-0.299,0.0,GOING_TO_ENDPOINT,dump_zone_22,load_zone_22,0.000213,0.000571
284.534,2026-05-23T13:32:26.736,1,-120.241,432.302,19.056,-0.5,1000.0,RETURNING_TO_START,load_zone_22,dump_zone_22,4.8e-05,0.000129
284.534,2026-05-23T13:32:26.736,2,602.5,81.969,29.514,0.1028,0.0,GOING_TO_ENDPOINT,dump_zone_3,load_zone_26,5.3e-05,0.000142
284.534,2026-05-23T13:32:26.736,3,-99.701,453.016,7.753,0.171,0.0,GOING_TO_ENDPOINT,dump_zone_22,load_zone_22,5e-05,0.000134
285.591,2026-05-23T13:32:27.741,1,-116.599,436.152,17.154,-0.5,1000.0,RETURNING_TO_START,load_zone_22,dump_zone_22,0.000267,0.000716
285.591,2026-05-23T13:32:27.741,2,602.5,73.277,29.343,-0.3402,0.0,GOING_TO_ENDPOINT,dump_zone_3,load_zone_26,0.000267,0.000716
285.591,2026-05-23T13:32:27.741,3,-98.736,450.642,10.379,0.894,0.0,GOING_TO_ENDPOINT,dump_zone_22,load_zone_22,0.000306,0.00082
286.596,2026-05-23T13:32:28.804,1,-113.498,439.442,15.345,-0.5,1000.0,RETURNING_TO_START,load_zone_22,dump_zone_22,0.000324,0.000868
286.596,2026-05-23T13:32:28.804,2,602.5,65.177,29.273,0.4468,0.0,GOING_TO_ENDPOINT,dump_zone_3,load_zone_26,0.000403,0.00108
286.596,2026-05-23T13:32:28.804,3,-99.177,447.536,11.684,-0.111,0.0,GOING_TO_ENDPOINT,dump_zone_22,load_zone_22,0.000328,0.000879
287.661,2026-05-23T13:32:29.810,1,-110.435,442.359,13.428,-0.5,1000.0,RETURNING_TO_START,load_zone_22,dump_zone_22,0.000255,0.000683
287.661,2026-05-23T13:32:29.810,2,602.5,56.333,29.997,-0.0102,0.0,GOING_TO_ENDPOINT,dump_zone_3,load_zone_26,0.000273,0.000732
287.661,2026-05-23T13:32:29.810,3,-101.382,444.806,12.755,0.78,0.0,GOING_TO_ENDPOINT,dump_zone_22,load_zone_22,0.000296,0.000793
288.67,2026-05-23T13:32:30.928,1,-107.388,444.033,11.612,-0.5,1000.0,RETURNING_TO_START,load_zone_22,dump_zone_22,0.000351,0.000941
288.67,2026-05-23T13:32:30.928,2,602.5,48.08,28.775,-0.383,0.0,GOING_TO_ENDPOINT,dump_zone_3,load_zone_26,0.000351,0.000941
288.67,2026-05-23T13:32:30.928,3,-104.349,441.959,16.326,1.0,0.0,GOING_TO_ENDPOINT,dump_zone_22,load_zone_22,0.00044,0.001179
289.678,2026-05-23T13:32:31.890,1,-104.465,444.539,9.797,-0.5,1000.0,RETURNING_TO_START,load_zone_22,dump_zone_22,0.0003,0.000804
289.678,2026-05-23T13:32:31.890,2,602.5,40.287,27.156,-0.487,0.0,GOING_TO_ENDPOINT,dump_zone_3,load_zone_26,0.0003,0.000804
289.678,2026-05-23T13:32:31.890,3,-108.967,440.476,18.687,0.213,0.0,GOING_TO_ENDPOINT,dump_zone_22,load_zone_22,0.00033,0.000884
