sim_time_s,wall_time,truck_id,x_m,y_m,speed_kmh,accel_ms2,cargo_kg,op_state,current_node,target_node,fuel_L_step,co2_kg_step
1.0,2026-07-02T12:32:09.400,1,150.028,789.791,1.95,1.0,0.0,GOING_TO_ENDPOINT,dump_zone_16,load_zone_22,0.000258,0.000691
1.0,2026-07-02T12:32:09.400,2,250.002,739.789,1.95,1.0,0.0,GOING_TO_ENDPOINT,dump_zone_17,load_zone_22,0.000258,0.000691
1.0,2026-07-02T12:32:09.400,3,650.002,319.789,1.95,1.0,0.0,GOING_TO_ENDPOINT,dump_zone_9,load_zone_26,0.000258,0.000691
2.0,2026-07-02T12:32:10.832,1,150.351,788.761,5.55,1.0,0.0,GOING_TO_ENDPOINT,dump_zone_16,load_zone_22,0.000271,0.000726
2.0,2026-07-02T12:32:10.832,2,250.113,738.713,5.55,1.0,0.0,GOING_TO_ENDPOINT,dump_zone_17,load_zone_22,0.000271,0.000726
2.0,2026-07-02T12:32:10.832,3,650.156,318.72,5.55,1.0,0.0,GOING_TO_ENDPOINT,dump_zone_9,load_zone_26,0.000271,0.000726
3.0,2026-07-02T12:32:13.244,1,151.624,787.126,9.15,1.0,0.0,GOING_TO_ENDPOINT,dump_zone_16,load_zone_22,0.000285,0.000764
3.0,2026-07-02T12:32:13.244,2,250.624,736.695,9.15,1.0,0.0,GOING_TO_ENDPOINT,dump_zone_17,load_zone_22,0.000285,0.000764
3.0,2026-07-02T12:32:13.244,3,650.87,316.766,9.15,1.0,0.0,GOING_TO_ENDPOINT,dump_zone_9,load_zone_26,0.000285,0.000764
4.0,2026-07-02T12:32:15.530,1,153.722,784.87,12.75,1.0,0.0,GOING_TO_ENDPOINT,dump_zone_16,load_zone_22,0.000299,0.000801
4.0,2026-07-02T12:32:15.530,2,251.484,733.734,12.75,1.0,0.0,GOING_TO_ENDPOINT,dump_zone_17,load_zone_22,0.000299,0.000801
4.0,2026-07-02T12:32:15.530,3,651.99,313.904,12.6,0.75,0.0,GOING_TO_ENDPOINT,dump_zone_9,load_zone_26,0.000289,0.000775
5.0,2026-07-02T12:32:17.521,1,155.545,781.425,14.7,0.0833,0.0,GOING_TO_ENDPOINT,dump_zone_16,load_zone_22,0.000263,0.000705
5.0,2026-07-02T12:32:17.521,2,252.231,729.723,16.35,1.0,0.0,GOING_TO_ENDPOINT,dump_zone_17,load_zone_22,0.000313,0.000839
5.0,2026-07-02T12:32:17.521,3,652.48,310.248,13.35,-0.25,0.0,GOING_TO_ENDPOINT,dump_zone_9,load_zone_26,0.00025,0.00067
6.0,2026-07-02T12:32:19.640,1,156.139,777.548,13.425,-0.5,0.0,GOING_TO_ENDPOINT,dump_zone_16,load_zone_22,0.00025,0.00067
6.0,2026-07-02T12:32:19.640,2,252.494,724.697,19.25,0.4167,0.0,GOING_TO_ENDPOINT,dump_zone_17,load_zone_22,0.000288,0.000772
6.0,2026-07-02T12:32:19.640,3,652.525,306.791,11.625,-0.5,0.0,GOING_TO_ENDPOINT,dump_zone_9,load_zone_26,0.00025,0.00067
7.0,2026-07-02T12:32:21.821,1,155.654,774.135,11.625,-0.5,0.0,GOING_TO_ENDPOINT,dump_zone_16,load_zone_22,0.00025,0.00067
7.0,2026-07-02T12:32:21.821,2,252.507,719.334,18.825,-0.5,0.0,GOING_TO_ENDPOINT,dump_zone_17,load_zone_22,0.00025,0.00067
7.0,2026-07-02T12:32:21.821,3,652.509,303.833,9.825,-0.5,0.0,GOING_TO_ENDPOINT,dump_zone_9,load_zone_26,0.00025,0.00067
8.0,2026-07-02T12:32:24.522,1,154.385,771.334,10.725,-0.4167,0.0,GOING_TO_ENDPOINT,dump_zone_16,load_zone_22,0.00025,0.00067
8.0,2026-07-02T12:32:24.522,2,252.5,714.376,17.025,-0.5,0.0,GOING_TO_ENDPOINT,dump_zone_17,load_zone_22,0.00025,0.00067
8.0,2026-07-02T12:32:24.522,3,652.438,301.376,8.05,-0.4167,0.0,GOING_TO_ENDPOINT,dump_zone_9,load_zone_26,0.00025,0.00067
9.0,2026-07-02T12:32:26.630,1,152.623,769.107,10.212,0.1845,0.0,GOING_TO_ENDPOINT,dump_zone_16,load_zone_22,0.000263,0.000705
9.0,2026-07-02T12:32:26.630,2,252.5,709.918,15.225,-0.5,0.0,GOING_TO_ENDPOINT,dump_zone_17,load_zone_22,0.00025,0.00067
9.0,2026-07-02T12:32:26.630,3,651.657,299.325,8.5,0.5833,0.0,GOING_TO_ENDPOINT,dump_zone_9,load_zone_26,0.000271,0.000726
10.0,2026-07-02T12:32:28.845,1,150.224,767.131,12.233,0.6643,0.0,GOING_TO_ENDPOINT,dump_zone_16,load_zone_22,0.000284,0.000761
10.0,2026-07-02T12:32:28.845,2,252.501,705.941,13.527,-0.5,0.0,GOING_TO_ENDPOINT,dump_zone_17,load_zone_22,0.00025,0.00067
10.0,2026-07-02T12:32:28.845,3,649.478,297.805,10.3,0.0833,0.0,GOING_TO_ENDPOINT,dump_zone_9,load_zone_26,0.000259,0.000694
11.0,2026-07-02T12:32:31.083,1,146.93,765.155,15.178,0.7537,0.0,GOING_TO_ENDPOINT,dump_zone_16,load_zone_22,0.000297,0.000796
11.0,2026-07-02T12:32:31.083,2,252.495,702.36,12.316,-0.4167,0.0,GOING_TO_ENDPOINT,dump_zone_17,load_zone_22,0.00025,0.00067
11.0,2026-07-02T12:32:31.083,3,646.714,297.524,10.05,0.25,0.0,GOING_TO_ENDPOINT,dump_zone_9,load_zone_26,0.000264,0.000708
12.0,2026-07-02T12:32:32.979,1,142.728,763.087,18.441,1.0,0.0,GOING_TO_ENDPOINT,dump_zone_16,load_zone_22,0.000321,0.00086
12.0,2026-07-02T12:32:32.979,2,252.384,699.183,10.716,-0.4167,0.0,GOING_TO_ENDPOINT,dump_zone_17,load_zone_22,0.00025,0.00067
12.0,2026-07-02T12:32:32.979,3,643.59,297.738,12.75,1.0,0.0,GOING_TO_ENDPOINT,dump_zone_9,load_zone_26,0.000299,0.000801
13.0,2026-07-02T12:32:34.929,1,137.522,760.856,22.041,1.0,0.0,GOING_TO_ENDPOINT,dump_zone_16,load_zone_22,0.000335,0.000898
13.0,2026-07-02T12:32:34.929,2,251.966,696.299,10.477,-0.1139,0.0,GOING_TO_ENDPOINT,dump_zone_17,load_zone_22,0.000253,0.000678
13.0,2026-07-02T12:32:34.929,3,639.534,298.203,16.35,1.0,0.0,GOING_TO_ENDPOINT,dump_zone_9,load_zone_26,0.000313,0.000839
14.0,2026-07-02T12:32:37.370,1,131.324,758.424,25.491,0.75,0.0,GOING_TO_ENDPOINT,dump_zone_16,load_zone_22,0.000328,0.000879
14.0,2026-07-02T12:32:37.370,2,251.167,693.472,10.967,0.3861,0.0,GOING_TO_ENDPOINT,dump_zone_17,load_zone_22,0.000271,0.000726
14.0,2026-07-02T12:32:37.370,3,634.504,298.897,19.8,0.75,0.0,GOING_TO_ENDPOINT,dump_zone_9,load_zone_26,0.000311,0.000833
15.0,2026-07-02T12:32:39.293,1,124.494,755.914,26.241,-0.25,0.0,GOING_TO_ENDPOINT,dump_zone_16,load_zone_22,0.00025,0.00067
15.0,2026-07-02T12:32:39.293,2,249.893,690.477,12.155,0.33,0.0,GOING_TO_ENDPOINT,dump_zone_17,load_zone_22,0.000271,0.000726
15.0,2026-07-02T12:32:39.293,3,628.865,299.696,20.55,-0.25,0.0,GOING_TO_ENDPOINT,dump_zone_9,load_zone_26,0.00025,0.00067
16.0,2026-07-02T12:32:41.266,1,117.852,753.585,24.516,-0.5,0.0,GOING_TO_ENDPOINT,dump_zone_16,load_zone_22,0.00025,0.00067
16.0,2026-07-02T12:32:41.266,2,248.161,687.359,13.543,0.4967,0.0,GOING_TO_ENDPOINT,dump_zone_17,load_zone_22,0.00028,0.00075
16.0,2026-07-02T12:32:41.266,3,623.454,300.414,18.825,-0.5,0.0,GOING_TO_ENDPOINT,dump_zone_9,load_zone_26,0.00025,0.00067
17.0,2026-07-02T12:32:43.391,1,111.666,751.466,22.716,-0.5,0.0,GOING_TO_ENDPOINT,dump_zone_16,load_zone_22,0.00025,0.00067
17.0,2026-07-02T12:32:43.391,2,245.915,684.03,15.081,0.1633,0.0,GOING_TO_ENDPOINT,dump_zone_17,load_zone_22,0.000268,0.000718
17.0,2026-07-02T12:32:43.391,3,618.523,300.927,17.025,-0.5,0.0,GOING_TO_ENDPOINT,dump_zone_9,load_zone_26,0.00025,0.00067
18.0,2026-07-02T12:32:45.390,1,105.955,749.503,20.916,-0.5,0.0,GOING_TO_ENDPOINT,dump_zone_16,load_zone_22,0.00025,0.00067
18.0,2026-07-02T12:32:45.390,2,243.328,680.716,15.33,0.1767,0.0,GOING_TO_ENDPOINT,dump_zone_17,load_zone_22,0.000268,0.000718
18.0,2026-07-02T12:32:45.390,3,614.072,301.171,15.225,-0.5,0.0,GOING_TO_ENDPOINT,dump_zone_9,load_zone_26,0.00025,0.00067
19.0,2026-07-02T12:32:47.548,1,100.744,747.623,19.116,-0.5,0.0,GOING_TO_ENDPOINT,dump_zone_16,load_zone_22,0.00025,0.00067
19.0,2026-07-02T12:32:47.548,2,240.417,677.4,16.366,0.3433,0.0,GOING_TO_ENDPOINT,dump_zone_17,load_zone_22,0.000279,0.000748
19.0,2026-07-02T12:32:47.548,3,610.116,301.074,13.425,-0.5,0.0,GOING_TO_ENDPOINT,dump_zone_9,load_zone_26,0.00025,0.00067
20.0,2026-07-02T12:32:49.790,1,96.04,745.806,17.416,-0.4167,0.0,GOING_TO_ENDPOINT,dump_zone_16,load_zone_22,0.00025,0.00067
20.0,2026-07-02T12:32:49.790,2,237.161,674.035,17.402,0.3433,0.0,GOING_TO_ENDPOINT,dump_zone_17,load_zone_22,0.00028,0.00075
20.0,2026-07-02T12:32:49.790,3,606.697,300.573,11.625,-0.5,0.0,GOING_TO_ENDPOINT,dump_zone_9,load_zone_26,0.00025,0.00067
21.0,2026-07-02T12:32:52.405,1,91.861,743.916,15.991,-0.0833,0.0,GOING_TO_ENDPOINT,dump_zone_16,load_zone_22,0.000256,0.000686
21.0,2026-07-02T12:32:52.405,2,233.602,670.658,18.088,0.51,0.0,GOING_TO_ENDPOINT,dump_zone_17,load_zone_22,0.000291,0.00078
21.0,2026-07-02T12:32:52.405,3,603.907,299.611,9.825,-0.5,0.0,GOING_TO_ENDPOINT,dump_zone_9,load_zone_26,0.00025,0.00067
22.0,2026-07-02T12:32:55.018,1,87.954,741.867,15.702,-0.0607,0.0,GOING_TO_ENDPOINT,dump_zone_16,load_zone_22,0.000257,0.000689
22.0,2026-07-02T12:32:55.018,2,229.539,667.093,20.724,0.6767,0.0,GOING_TO_ENDPOINT,dump_zone_17,load_zone_22,0.000308,0.000825
22.0,2026-07-02T12:32:55.018,3,601.885,298.231,8.05,-0.4167,0.0,GOING_TO_ENDPOINT,dump_zone_9,load_zone_26,0.00025,0.00067
23.0,2026-07-02T12:32:57.487,1,84.138,739.609,16.284,0.106,0.0,GOING_TO_ENDPOINT,dump_zone_16,load_zone_22,0.000266,0.000713
23.0,2026-07-02T12:32:57.487,2,224.954,663.35,21.31,-0.136,0.0,GOING_TO_ENDPOINT,dump_zone_17,load_zone_22,0.000254,0.000681
23.0,2026-07-02T12:32:57.487,3,600.675,296.639,6.7,-0.0833,0.0,GOING_TO_ENDPOINT,dump_zone_9,load_zone_26,0.000252,0.000675
24.0,2026-07-02T12:32:59.954,1,80.252,737.048,17.192,0.0651,0.0,GOING_TO_ENDPOINT,dump_zone_16,load_zone_22,0.000265,0.00071
24.0,2026-07-02T12:32:59.954,2,220.282,659.801,20.577,-0.5,0.0,GOING_TO_ENDPOINT,dump_zone_17,load_zone_22,0.00025,0.00067
24.0,2026-07-02T12:32:59.954,3,599.879,294.78,8.35,0.9167,0.0,GOING_TO_ENDPOINT,dump_zone_9,load_zone_26,0.00028,0.00075
25.0,2026-07-02T12:33:02.585,1,76.372,734.206,17.628,0.112,0.0,GOING_TO_ENDPOINT,dump_zone_16,load_zone_22,0.000268,0.000718
25.0,2026-07-02T12:33:02.585,2,215.81,656.63,19.227,-0.25,0.0,GOING_TO_ENDPOINT,dump_zone_17,load_zone_22,0.00025,0.00067
25.0,2026-07-02T12:33:02.585,3,599.254,292.063,11.2,0.5833,0.0,GOING_TO_ENDPOINT,dump_zone_9,load_zone_26,0.000278,0.000745
26.0,2026-07-02T12:33:04.683,1,72.664,731.198,16.514,-0.4167,0.0,GOING_TO_ENDPOINT,dump_zone_16,load_zone_22,0.00025,0.00067
26.0,2026-07-02T12:33:04.683,2,211.52,653.785,17.765,-0.4167,0.0,GOING_TO_ENDPOINT,dump_zone_17,load_zone_22,0.00025,0.00067
26.0,2026-07-02T12:33:04.683,3,598.896,288.736,12.7,0.5833,0.0,GOING_TO_ENDPOINT,dump_zone_9,load_zone_26,0.000282,0.000756
27.0,2026-07-02T12:33:07.112,1,69.292,728.172,16.214,-0.25,0.0,GOING_TO_ENDPOINT,dump_zone_16,load_zone_22,0.00025,0.00067
27.0,2026-07-02T12:33:07.112,2,207.531,651.32,16.19,-0.25,0.0,GOING_TO_ENDPOINT,dump_zone_17,load_zone_22,0.00025,0.00067
27.0,2026-07-02T12:33:07.112,3,598.805,284.847,15.347,0.9977,0.0,GOING_TO_ENDPOINT,dump_zone_9,load_zone_26,0.000309,0.000828
28.0,2026-07-02T12:33:09.548,1,66.222,725.13,15.23,-0.0833,0.0,GOING_TO_ENDPOINT,dump_zone_16,load_zone_22,0.000256,0.000686
28.0,2026-07-02T12:33:09.548,2,203.748,649.165,15.332,-0.1512,0.0,GOING_TO_ENDPOINT,dump_zone_17,load_zone_22,0.000252,0.000675
28.0,2026-07-02T12:33:09.548,3,598.977,280.078,18.747,1.0,0.0,GOING_TO_ENDPOINT,dump_zone_9,load_zone_26,0.000323,0.000866
29.0,2026-07-02T12:33:12.113,1,63.386,722.019,15.0,-0.1218,0.0,GOING_TO_ENDPOINT,dump_zone_16,load_zone_22,0.000254,0.000681
29.0,2026-07-02T12:33:12.113,2,200.106,647.343,13.875,-0.5,0.0,GOING_TO_ENDPOINT,dump_zone_17,load_zone_22,0.00025,0.00067
29.0,2026-07-02T12:33:12.113,3,599.458,274.421,21.547,0.4167,0.0,GOING_TO_ENDPOINT,dump_zone_9,load_zone_26,0.000293,0.000785
30.0,2026-07-02T12:33:14.422,1,60.738,718.763,14.949,-0.3564,0.0,GOING_TO_ENDPOINT,dump_zone_16,load_zone_22,0.00025,0.00067
30.0,2026-07-02T12:33:14.422,2,196.724,646.027,12.725,-0.0833,0.0,GOING_TO_ENDPOINT,dump_zone_17,load_zone_22,0.000255,0.000683
30.0,2026-07-02T12:33:14.422,3,600.167,268.462,21.122,-0.5,0.0,GOING_TO_ENDPOINT,dump_zone_9,load_zone_26,0.00025,0.00067
31.0,2026-07-02T12:33:16.682,1,58.465,715.599,13.292,-0.4167,0.0,GOING_TO_ENDPOINT,dump_zone_16,load_zone_22,0.00025,0.00067
31.0,2026-07-02T12:33:16.682,2,193.251,645.051,13.725,0.5833,0.0,GOING_TO_ENDPOINT,dump_zone_17,load_zone_22,0.000285,0.000764
31.0,2026-07-02T12:33:16.682,3,600.945,262.92,19.322,-0.5,0.0,GOING_TO_ENDPOINT,dump_zone_9,load_zone_26,0.00025,0.00067
32.0,2026-07-02T12:33:19.294,1,56.613,712.615,12.321,-0.0172,0.0,GOING_TO_ENDPOINT,dump_zone_16,load_zone_22,0.000257,0.000689
32.0,2026-07-02T12:33:19.294,2,189.212,644.317,15.471,0.1924,0.0,GOING_TO_ENDPOINT,dump_zone_17,load_zone_22,0.000269,0.000721
32.0,2026-07-02T12:33:19.294,3,601.68,257.877,17.522,-0.5,0.0,GOING_TO_ENDPOINT,dump_zone_9,load_zone_26,0.00025,0.00067
33.0,2026-07-02T12:33:22.132,1,55.07,709.652,11.628,-0.2366,0.0,GOING_TO_ENDPOINT,dump_zone_16,load_zone_22,0.00025,0.00067
33.0,2026-07-02T12:33:22.132,2,184.955,643.909,15.364,0.0258,0.0,GOING_TO_ENDPOINT,dump_zone_17,load_zone_22,0.000261,0.000699
33.0,2026-07-02T12:33:22.132,3,602.251,253.317,15.722,-0.5,0.0,GOING_TO_ENDPOINT,dump_zone_9,load_zone_26,0.00025,0.00067
34.0,2026-07-02T12:33:24.685,1,53.901,706.854,10.15,-0.4167,0.0,GOING_TO_ENDPOINT,dump_zone_16,load_zone_22,0.00025,0.00067
34.0,2026-07-02T12:33:24.685,2,180.521,643.83,16.757,0.6924,0.0,GOING_TO_ENDPOINT,dump_zone_17,load_zone_22,0.000298,0.000799
34.0,2026-07-02T12:33:24.685,3,602.425,249.189,14.122,-0.5,0.0,GOING_TO_ENDPOINT,dump_zone_9,load_zone_26,0.00025,0.00067
35.0,2026-07-02T12:33:26.871,1,53.122,704.303,9.014,-0.5,0.0,GOING_TO_ENDPOINT,dump_zone_16,load_zone_22,0.00025,0.00067
35.0,2026-07-02T12:33:26.871,2,175.613,644.037,17.933,-0.1271,0.0,GOING_TO_ENDPOINT,dump_zone_17,load_zone_22,0.000254,0.000681
35.0,2026-07-02T12:33:26.871,3,602.139,245.384,13.972,0.4167,0.0,GOING_TO_ENDPOINT,dump_zone_9,load_zone_26,0.000278,0.000745
36.0,2026-07-02T12:33:29.031,1,52.686,701.972,8.388,-0.1791,0.0,GOING_TO_ENDPOINT,dump_zone_16,load_zone_22,0.00025,0.00067
36.0,2026-07-02T12:33:29.031,2,170.861,644.487,16.383,-0.5,0.0,GOING_TO_ENDPOINT,dump_zone_17,load_zone_22,0.00025,0.00067
36.0,2026-07-02T12:33:29.031,3,601.566,241.125,17.047,1.0,0.0,GOING_TO_ENDPOINT,dump_zone_9,load_zone_26,0.000316,0.000847
37.0,2026-07-02T12:33:31.503,1,52.577,699.771,7.498,-0.1829,0.0,GOING_TO_ENDPOINT,dump_zone_16,load_zone_22,0.00025,0.00067
37.0,2026-07-02T12:33:31.503,2,166.593,645.05,14.84,-0.4958,0.0,GOING_TO_ENDPOINT,dump_zone_17,load_zone_22,0.00025,0.00067
37.0,2026-07-02T12:33:31.503,3,600.786,235.912,20.497,0.75,0.0,GOING_TO_ENDPOINT,dump_zone_9,load_zone_26,0.000313,0.000839
38.0,2026-07-02T12:33:33.857,1,52.803,697.666,7.989,0.2338,0.0,GOING_TO_ENDPOINT,dump_zone_16,load_zone_22,0.000261,0.000699
38.0,2026-07-02T12:33:33.857,2,162.788,645.645,13.04,-0.5,0.0,GOING_TO_ENDPOINT,dump_zone_17,load_zone_22,0.00025,0.00067
38.0,2026-07-02T12:33:33.857,3,599.98,230.078,21.247,-0.25,0.0,GOING_TO_ENDPOINT,dump_zone_9,load_zone_26,0.00025,0.00067
39.0,2026-07-02T12:33:36.192,1,53.408,695.406,9.078,0.4171,0.0,GOING_TO_ENDPOINT,dump_zone_16,load_zone_22,0.000268,0.000718
39.0,2026-07-02T12:33:36.192,2,159.474,646.205,11.33,-0.5,0.0,GOING_TO_ENDPOINT,dump_zone_17,load_zone_22,0.00025,0.00067
39.0,2026-07-02T12:33:36.192,3,599.341,224.463,19.522,-0.5,0.0,GOING_TO_ENDPOINT,dump_zone_9,load_zone_26,0.00025,0.00067
40.0,2026-07-02T12:33:38.600,1,54.472,692.859,10.879,0.5005,0.0,GOING_TO_ENDPOINT,dump_zone_16,load_zone_22,0.000275,0.000737
40.0,2026-07-02T12:33:38.600,2,156.609,646.689,9.821,-0.3067,0.0,GOING_TO_ENDPOINT,dump_zone_17,load_zone_22,0.00025,0.00067
40.0,2026-07-02T12:33:38.600,3,598.944,219.327,17.722,-0.5,0.0,GOING_TO_ENDPOINT,dump_zone_9,load_zone_26,0.00025,0.00067
41.0,2026-07-02T12:33:40.719,1,55.999,690.092,11.776,0.179,0.0,GOING_TO_ENDPOINT,dump_zone_16,load_zone_22,0.000264,0.000708
41.0,2026-07-02T12:33:40.719,2,154.155,647.072,8.12,-0.5,0.0,GOING_TO_ENDPOINT,dump_zone_17,load_zone_22,0.00025,0.00067
41.0,2026-07-02T12:33:40.719,3,598.818,214.677,15.922,-0.5,0.0,GOING_TO_ENDPOINT,dump_zone_9,load_zone_26,0.00025,0.00067
42.0,2026-07-02T12:33:42.731,1,57.954,687.187,13.603,0.7574,0.0,GOING_TO_ENDPOINT,dump_zone_16,load_zone_22,0.000292,0.000783
42.0,2026-07-02T12:33:42.731,2,152.183,647.319,6.356,-0.4167,0.0,GOING_TO_ENDPOINT,dump_zone_17,load_zone_22,0.00025,0.00067
42.0,2026-07-02T12:33:42.731,3,598.991,210.53,14.122,-0.5,0.0,GOING_TO_ENDPOINT,dump_zone_9,load_zone_26,0.00025,0.00067
43.0,2026-07-02T12:33:44.476,1,60.562,683.853,16.639,0.8989,0.0,GOING_TO_ENDPOINT,dump_zone_16,load_zone_22,0.000309,0.000828
43.0,2026-07-02T12:33:44.476,2,150.584,647.213,5.756,0.25,0.0,GOING_TO_ENDPOINT,dump_zone_17,load_zone_22,0.000258,0.000691
43.0,2026-07-02T12:33:44.476,3,599.519,206.919,12.322,-0.5,0.0,GOING_TO_ENDPOINT,dump_zone_9,load_zone_26,0.00025,0.00067
44.0,2026-07-02T12:33:45.954,1,63.876,680.121,18.775,0.2322,0.0,GOING_TO_ENDPOINT,dump_zone_16,load_zone_22,0.000276,0.00074
44.0,2026-07-02T12:33:45.954,2,148.898,646.294,8.456,1.0,0.0,GOING_TO_ENDPOINT,dump_zone_17,load_zone_22,0.000283,0.000758
44.0,2026-07-02T12:33:45.954,3,600.477,203.922,10.522,-0.5,0.0,GOING_TO_ENDPOINT,dump_zone_9,load_zone_26,0.00025,0.00067
45.0,2026-07-02T12:33:48.407,1,67.597,676.374,19.161,-0.1011,0.0,GOING_TO_ENDPOINT,dump_zone_16,load_zone_22,0.000256,0.000686
45.0,2026-07-02T12:33:48.407,2,147.649,643.758,12.056,1.0,0.0,GOING_TO_ENDPOINT,dump_zone_17,load_zone_22,0.000297,0.000796
45.0,2026-07-02T12:33:48.407,3,601.663,201.545,8.872,-0.25,0.0,GOING_TO_ENDPOINT,dump_zone_9,load_zone_26,0.00025,0.00067
46.0,2026-07-02T12:33:51.161,1,71.464,672.827,19.078,0.335,0.0,GOING_TO_ENDPOINT,dump_zone_16,load_zone_22,0.000283,0.000758
46.0,2026-07-02T12:33:51.161,2,148.949,640.194,15.656,1.0,0.0,GOING_TO_ENDPOINT,dump_zone_17,load_zone_22,0.000311,0.000833
46.0,2026-07-02T12:33:51.161,3,602.313,199.286,7.847,-0.4167,0.0,GOING_TO_ENDPOINT,dump_zone_9,load_zone_26,0.00025,0.00067
47.0,2026-07-02T12:33:53.658,1,75.642,669.28,20.165,0.3269,0.0,GOING_TO_ENDPOINT,dump_zone_16,load_zone_22,0.000284,0.000761
47.0,2026-07-02T12:33:53.658,2,150.984,635.772,19.256,1.0,0.0,GOING_TO_ENDPOINT,dump_zone_17,load_zone_22,0.000324,0.000868
47.0,2026-07-02T12:33:53.658,3,602.505,197.273,7.247,0.25,0.0,GOING_TO_ENDPOINT,dump_zone_9,load_zone_26,0.00026,0.000697
48.0,2026-07-02T12:33:55.320,1,80.193,665.689,21.393,0.1188,0.0,GOING_TO_ENDPOINT,dump_zone_16,load_zone_22,0.000272,0.000729
48.0,2026-07-02T12:33:55.320,2,152.22,630.026,22.856,1.0,0.0,GOING_TO_ENDPOINT,dump_zone_17,load_zone_22,0.000338,0.000906
48.0,2026-07-02T12:33:55.320,3,602.528,194.919,9.947,1.0,0.0,GOING_TO_ENDPOINT,dump_zone_9,load_zone_26,0.000288,0.000772
49.0,2026-07-02T12:33:57.059,1,84.876,662.245,20.193,-0.5,0.0,GOING_TO_ENDPOINT,dump_zone_16,load_zone_22,0.00025,0.00067
49.0,2026-07-02T12:33:57.059,2,152.508,623.151,26.306,0.75,0.0,GOING_TO_ENDPOINT,dump_zone_17,load_zone_22,0.00033,0.000884
49.0,2026-07-02T12:33:57.059,3,602.522,191.615,13.547,1.0,0.0,GOING_TO_ENDPOINT,dump_zone_9,load_zone_26,0.000302,0.000809
50.0,2026-07-02T12:33:58.888,1,89.28,659.229,18.393,-0.5,0.0,GOING_TO_ENDPOINT,dump_zone_16,load_zone_22,0.00025,0.00067
50.0,2026-07-02T12:33:58.888,2,152.501,615.476,28.588,0.3537,0.0,GOING_TO_ENDPOINT,dump_zone_17,load_zone_22,0.000301,0.000807
50.0,2026-07-02T12:33:58.888,3,602.504,187.31,17.147,1.0,0.0,GOING_TO_ENDPOINT,dump_zone_9,load_zone_26,0.000316,0.000847
51.0,2026-07-02T12:34:00.617,1,93.362,656.619,16.701,-0.4537,0.0,GOING_TO_ENDPOINT,dump_zone_16,load_zone_22,0.00025,0.00067
51.0,2026-07-02T12:34:00.617,2,152.5,607.552,27.974,-0.5,0.0,GOING_TO_ENDPOINT,dump_zone_17,load_zone_22,0.00025,0.00067
51.0,2026-07-02T12:34:00.617,3,602.499,182.005,20.747,1.0,0.0,GOING_TO_ENDPOINT,dump_zone_9,load_zone_26,0.00033,0.000884
52.0,2026-07-02T12:34:02.999,1,97.129,654.389,15.001,-0.5,0.0,GOING_TO_ENDPOINT,dump_zone_16,load_zone_22,0.00025,0.00067
52.0,2026-07-02T12:34:02.999,2,152.5,600.025,26.487,-0.227,0.0,GOING_TO_ENDPOINT,dump_zone_17,load_zone_22,0.00025,0.00067
52.0,2026-07-02T12:34:02.999,3,602.5,175.7,24.347,1.0,0.0,GOING_TO_ENDPOINT,dump_zone_9,load_zone_26,0.000344,0.000922
53.0,2026-07-02T12:34:05.309,1,100.57,652.55,13.314,-0.4167,0.0,GOING_TO_ENDPOINT,dump_zone_16,load_zone_22,0.00025,0.00067
53.0,2026-07-02T12:34:05.309,2,152.5,592.609,27.169,0.4397,0.0,GOING_TO_ENDPOINT,dump_zone_17,load_zone_22,0.000306,0.00082
53.0,2026-07-02T12:34:05.309,3,602.5,168.416,27.572,0.5833,0.0,GOING_TO_ENDPOINT,dump_zone_9,load_zone_26,0.000319,0.000855
54.0,2026-07-02T12:34:07.281,1,103.768,651.146,12.189,-0.0833,0.0,GOING_TO_ENDPOINT,dump_zone_16,load_zone_22,0.000254,0.000681
54.0,2026-07-02T12:34:07.281,2,152.5,584.853,28.23,-0.0695,0.0,GOING_TO_ENDPOINT,dump_zone_17,load_zone_22,0.000262,0.000702
54.0,2026-07-02T12:34:07.281,3,602.5,160.651,27.722,-0.4167,0.0,GOING_TO_ENDPOINT,dump_zone_9,load_zone_26,0.00025,0.00067
55.0,2026-07-02T12:34:08.993,1,106.874,650.155,11.289,-0.0833,0.0,GOING_TO_ENDPOINT,dump_zone_16,load_zone_22,0.000254,0.000681
55.0,2026-07-02T12:34:08.993,2,152.5,577.213,26.701,-0.5,0.0,GOING_TO_ENDPOINT,dump_zone_17,load_zone_22,0.00025,0.00067
55.0,2026-07-02T12:34:08.993,3,602.5,153.089,27.201,0.2281,0.0,GOING_TO_ENDPOINT,dump_zone_9,load_zone_26,0.000287,0.000769
56.0,2026-07-02T12:34:10.872,1,110.004,649.471,11.589,-0.0833,0.0,GOING_TO_ENDPOINT,dump_zone_16,load_zone_22,0.000254,0.000681
56.0,2026-07-02T12:34:10.872,2,152.5,570.067,24.901,-0.5,0.0,GOING_TO_ENDPOINT,dump_zone_17,load_zone_22,0.00025,0.00067
56.0,2026-07-02T12:34:10.872,3,602.5,145.34,28.872,0.7281,0.0,GOING_TO_ENDPOINT,dump_zone_9,load_zone_26,0.000336,0.0009
57.0,2026-07-02T12:34:12.541,1,113.35,649.041,12.989,0.5833,0.0,GOING_TO_ENDPOINT,dump_zone_16,load_zone_22,0.000283,0.000758
57.0,2026-07-02T12:34:12.541,2,152.5,563.421,23.101,-0.5,0.0,GOING_TO_ENDPOINT,dump_zone_17,load_zone_22,0.00025,0.00067
57.0,2026-07-02T12:34:12.541,3,602.5,137.136,29.544,-0.2719,0.0,GOING_TO_ENDPOINT,dump_zone_9,load_zone_26,0.00025,0.00067
58.0,2026-07-02T12:34:14.966,1,117.417,648.828,16.142,0.75,0.0,GOING_TO_ENDPOINT,dump_zone_16,load_zone_22,0.000299,0.000801
58.0,2026-07-02T12:34:14.966,2,152.5,557.275,21.301,-0.5,0.0,GOING_TO_ENDPOINT,dump_zone_17,load_zone_22,0.00025,0.00067
58.0,2026-07-02T12:34:14.966,3,602.5,129.178,27.928,-0.3432,0.0,GOING_TO_ENDPOINT,dump_zone_9,load_zone_26,0.00025,0.00067
59.0,2026-07-02T12:34:17.198,1,122.18,648.904,17.992,0.4167,0.0,GOING_TO_ENDPOINT,dump_zone_16,load_zone_22,0.000286,0.000766
59.0,2026-07-02T12:34:17.198,2,152.484,551.629,19.501,-0.5,0.0,GOING_TO_ENDPOINT,dump_zone_17,load_zone_22,0.00025,0.00067
59.0,2026-07-02T12:34:17.198,3,602.5,121.545,27.231,-0.1954,0.0,GOING_TO_ENDPOINT,dump_zone_9,load_zone_26,0.00025,0.00067
60.0,2026-07-02T12:34:19.625,1,127.178,649.296,17.572,-0.5,0.0,GOING_TO_ENDPOINT,dump_zone_16,load_zone_22,0.00025,0.00067
60.0,2026-07-02T12:34:19.625,2,149.744,547.65,17.701,-0.5,0.0,GOING_TO_ENDPOINT,dump_zone_17,load_zone_22,0.00025,0.00067
60.0,2026-07-02T12:34:19.625,3,602.5,114.023,27.227,0.3046,0.0,GOING_TO_ENDPOINT,dump_zone_9,load_zone_26,0.000294,0.000788
61.0,2026-07-02T12:34:22.716,1,131.762,649.864,15.872,-0.5,0.0,GOING_TO_ENDPOINT,dump_zone_16,load_zone_22,0.00025,0.00067
61.0,2026-07-02T12:34:22.716,2,145.156,547.266,16.601,0.0833,0.0,GOING_TO_ENDPOINT,dump_zone_17,load_zone_22,0.000265,0.00071
61.0,2026-07-02T12:34:22.716,3,602.5,106.195,28.995,0.3035,0.0,GOING_TO_ENDPOINT,dump_zone_9,load_zone_26,0.000297,0.000796
62.0,2026-07-02T12:34:24.802,1,135.853,650.49,14.072,-0.5,0.0,GOING_TO_ENDPOINT,dump_zone_16,load_zone_22,0.00025,0.00067
62.0,2026-07-02T12:34:24.802,2,140.333,547.911,18.826,1.0,0.0,GOING_TO_ENDPOINT,dump_zone_17,load_zone_22,0.000323,0.000866
62.0,2026-07-02T12:34:24.802,3,602.5,98.183,28.264,-0.4167,0.0,GOING_TO_ENDPOINT,dump_zone_9,load_zone_26,0.00025,0.00067
63.0,2026-07-02T12:34:26.715,1,139.44,651.092,12.272,-0.5,0.0,GOING_TO_ENDPOINT,dump_zone_16,load_zone_22,0.00025,0.00067
63.0,2026-07-02T12:34:26.715,2,134.589,548.471,22.426,1.0,0.0,GOING_TO_ENDPOINT,dump_zone_17,load_zone_22,0.000337,0.000903
63.0,2026-07-02T12:34:26.715,3,602.5,90.495,27.635,0.25,0.0,GOING_TO_ENDPOINT,dump_zone_9,load_zone_26,0.00029,0.000777
64.0,2026-07-02T12:34:29.172,1,142.553,651.618,10.658,-0.5,0.0,GOING_TO_ENDPOINT,dump_zone_16,load_zone_22,0.00025,0.00067
64.0,2026-07-02T12:34:29.172,2,127.848,549.109,26.026,1.0,0.0,GOING_TO_ENDPOINT,dump_zone_17,load_zone_22,0.000351,0.000941
64.0,2026-07-02T12:34:29.172,3,602.5,82.624,29.135,0.4167,0.0,GOING_TO_ENDPOINT,dump_zone_9,load_zone_26,0.000308,0.000825
65.0,2026-07-02T12:34:31.593,1,145.211,652.032,8.858,-0.5,0.0,GOING_TO_ENDPOINT,dump_zone_16,load_zone_22,0.00025,0.00067
65.0,2026-07-02T12:34:31.593,2,120.281,549.874,27.976,0.0833,0.0,GOING_TO_ENDPOINT,dump_zone_17,load_zone_22,0.000275,0.000737
65.0,2026-07-02T12:34:31.593,3,602.5,74.487,29.135,-0.25,0.0,GOING_TO_ENDPOINT,dump_zone_9,load_zone_26,0.00025,0.00067
66.0,2026-07-02T12:34:34.186,1,147.394,652.29,7.183,-0.4167,0.0,GOING_TO_ENDPOINT,dump_zone_16,load_zone_22,0.00025,0.00067
66.0,2026-07-02T12:34:34.186,2,112.509,550.673,28.097,-0.2303,0.0,GOING_TO_ENDPOINT,dump_zone_17,load_zone_22,0.00025,0.00067
66.0,2026-07-02T12:34:34.186,3,602.5,66.625,27.659,-0.2516,0.0,GOING_TO_ENDPOINT,dump_zone_9,load_zone_26,0.00025,0.00067
67.0,2026-07-02T12:34:36.636,1,149.237,652.203,6.619,0.1029,0.0,GOING_TO_ENDPOINT,dump_zone_16,load_zone_22,0.000256,0.000686
67.0,2026-07-02T12:34:36.636,2,104.941,551.433,27.038,-0.086,0.0,GOING_TO_ENDPOINT,dump_zone_17,load_zone_22,0.00026,0.000697
67.0,2026-07-02T12:34:36.636,3,602.5,58.993,27.533,0.2497,0.0,GOING_TO_ENDPOINT,dump_zone_9,load_zone_26,0.00029,0.000777
68.0,2026-07-02T12:34:38.978,1,151.054,651.384,8.34,0.9362,0.0,GOING_TO_ENDPOINT,dump_zone_16,load_zone_22,0.000281,0.000753
68.0,2026-07-02T12:34:38.978,2,97.536,552.143,26.34,-0.324,0.0,GOING_TO_ENDPOINT,dump_zone_17,load_zone_22,0.00025,0.00067
68.0,2026-07-02T12:34:38.978,3,602.5,51.297,27.683,0.0006,0.0,GOING_TO_ENDPOINT,dump_zone_9,load_zone_26,0.000268,0.000718
69.0,2026-07-02T12:34:41.268,1,152.439,649.134,10.29,0.0833,0.0,GOING_TO_ENDPOINT,dump_zone_16,load_zone_22,0.000259,0.000694
69.0,2026-07-02T12:34:41.268,2,90.219,552.793,27.0,0.5114,0.0,GOING_TO_ENDPOINT,dump_zone_17,load_zone_22,0.000312,0.000836
69.0,2026-07-02T12:34:41.268,3,602.5,43.622,28.005,0.4623,0.0,GOING_TO_ENDPOINT,dump_zone_9,load_zone_26,0.00031,0.000831
70.0,2026-07-02T12:34:43.159,1,152.581,646.353,10.04,0.25,0.0,GOING_TO_ENDPOINT,dump_zone_16,load_zone_22,0.000264,0.000708
70.0,2026-07-02T12:34:43.159,2,82.587,553.409,27.491,-0.3219,0.0,GOING_TO_ENDPOINT,dump_zone_17,load_zone_22,0.00025,0.00067
70.0,2026-07-02T12:34:43.159,3,602.5,35.744,28.271,-0.1627,0.0,GOING_TO_ENDPOINT,dump_zone_9,load_zone_26,0.000253,0.000678
71.0,2026-07-02T12:34:44.956,1,152.576,643.224,12.74,1.0,0.0,GOING_TO_ENDPOINT,dump_zone_16,load_zone_22,0.000299,0.000801
71.0,2026-07-02T12:34:44.956,2,75.131,553.933,26.253,-0.5,0.0,GOING_TO_ENDPOINT,dump_zone_17,load_zone_22,0.00025,0.00067
71.0,2026-07-02T12:34:44.956,3,602.5,28.091,26.878,-0.25,0.0,GOING_TO_ENDPOINT,dump_zone_9,load_zone_26,0.00025,0.00067
72.0,2026-07-02T12:34:46.717,1,152.534,639.143,16.34,1.0,0.0,GOING_TO_ENDPOINT,dump_zone_16,load_zone_22,0.000313,0.000839
72.0,2026-07-02T12:34:46.717,2,68.121,554.341,24.478,-0.4167,0.0,GOING_TO_ENDPOINT,dump_zone_17,load_zone_22,0.00025,0.00067
72.0,2026-07-02T12:34:46.717,3,602.5,20.557,27.733,0.3955,0.0,GOING_TO_ENDPOINT,dump_zone_9,load_zone_26,0.000303,0.000812
73.0,2026-07-02T12:34:48.670,1,152.5,634.063,19.94,1.0,0.0,GOING_TO_ENDPOINT,dump_zone_16,load_zone_22,0.000327,0.000876
73.0,2026-07-02T12:34:48.670,2,61.559,554.626,23.078,-0.25,0.0,GOING_TO_ENDPOINT,dump_zone_17,load_zone_22,0.00025,0.00067
73.0,2026-07-02T12:34:48.670,3,602.5,12.838,27.507,-0.1045,0.0,GOING_TO_ENDPOINT,dump_zone_9,load_zone_26,0.000258,0.000691
74.0,2026-07-02T12:34:51.359,1,152.497,627.983,23.54,1.0,0.0,GOING_TO_ENDPOINT,dump_zone_16,load_zone_22,0.000341,0.000914
74.0,2026-07-02T12:34:51.359,2,55.316,554.804,21.972,-0.5,0.0,GOING_TO_ENDPOINT,dump_zone_17,load_zone_22,0.00025,0.00067
74.0,2026-07-02T12:34:51.359,3,602.5,5.204,27.331,-0.1045,0.0,GOING_TO_ENDPOINT,dump_zone_9,load_zone_26,0.000258,0.000691
75.0,2026-07-02T12:34:53.895,1,152.5,620.928,26.707,0.5561,0.0,GOING_TO_ENDPOINT,dump_zone_16,load_zone_22,0.000315,0.000844
75.0,2026-07-02T12:34:53.895,2,49.479,554.882,20.272,-0.4167,0.0,GOING_TO_ENDPOINT,dump_zone_17,load_zone_22,0.00025,0.00067
75.0,2026-07-02T12:34:53.895,3,602.5,-2.502,28.189,0.1754,0.0,GOING_TO_ENDPOINT,dump_zone_9,load_zone_26,0.000284,0.000761
76.0,2026-07-02T12:34:56.576,1,152.5,613.379,27.46,0.2228,0.0,GOING_TO_ENDPOINT,dump_zone_16,load_zone_22,0.000287,0.000769
76.0,2026-07-02T12:34:56.576,2,44.033,554.852,19.351,-0.1625,0.0,GOING_TO_ENDPOINT,dump_zone_17,load_zone_22,0.000252,0.000675
76.0,2026-07-02T12:34:56.576,3,602.5,-10.303,27.92,0.0921,0.0,GOING_TO_ENDPOINT,dump_zone_9,load_zone_26,0.000276,0.00074
77.0,2026-07-02T12:34:58.912,1,152.5,605.828,26.644,-0.251,0.0,GOING_TO_ENDPOINT,dump_zone_16,load_zone_22,0.00025,0.00067
77.0,2026-07-02T12:34:58.912,2,38.853,554.72,17.936,-0.4167,0.0,GOING_TO_ENDPOINT,dump_zone_17,load_zone_22,0.00025,0.00067
77.0,2026-07-02T12:34:58.912,3,602.5,-18.221,28.802,-0.0746,0.0,GOING_TO_ENDPOINT,dump_zone_9,load_zone_26,0.000261,0.000699
78.0,2026-07-02T12:35:01.626,1,152.5,598.364,27.39,0.249,0.0,GOING_TO_ENDPOINT,dump_zone_16,load_zone_22,0.000289,0.000775
78.0,2026-07-02T12:35:01.626,2,34.049,554.5,16.988,0.0158,0.0,GOING_TO_ENDPOINT,dump_zone_17,load_zone_22,0.000262,0.000702
78.0,2026-07-02T12:35:01.626,3,602.5,-26.123,28.133,-0.2412,0.0,GOING_TO_ENDPOINT,dump_zone_9,load_zone_26,0.00025,0.00067
79.0,2026-07-02T12:35:03.784,1,152.5,590.808,26.793,-0.2634,0.0,GOING_TO_ENDPOINT,dump_zone_16,load_zone_22,0.00025,0.00067
79.0,2026-07-02T12:35:03.784,2,29.309,554.155,16.874,-0.3133,0.0,GOING_TO_ENDPOINT,dump_zone_17,load_zone_22,0.00025,0.00067
79.0,2026-07-02T12:35:03.784,3,602.5,-33.806,27.526,0.1797,0.0,GOING_TO_ENDPOINT,dump_zone_9,load_zone_26,0.000283,0.000758
80.0,2026-07-02T12:35:06.123,1,152.5,583.611,25.087,-0.5,0.0,GOING_TO_ENDPOINT,dump_zone_16,load_zone_22,0.00025,0.00067
80.0,2026-07-02T12:35:06.123,2,24.894,553.726,15.236,-0.4167,0.0,GOING_TO_ENDPOINT,dump_zone_17,load_zone_22,0.00025,0.00067
80.0,2026-07-02T12:35:06.123,3,602.5,-41.603,28.44,0.1707,0.0,GOING_TO_ENDPOINT,dump_zone_9,load_zone_26,0.000284,0.000761
81.0,2026-07-02T12:35:08.346,1,152.5,576.913,23.287,-0.5,0.0,GOING_TO_ENDPOINT,dump_zone_16,load_zone_22,0.00025,0.00067
81.0,2026-07-02T12:35:08.346,2,20.879,553.204,14.186,-0.0833,0.0,GOING_TO_ENDPOINT,dump_zone_17,load_zone_22,0.000255,0.000683
81.0,2026-07-02T12:35:08.346,3,602.5,-49.507,28.405,-0.1626,0.0,GOING_TO_ENDPOINT,dump_zone_9,load_zone_26,0.000253,0.000678
82.0,2026-07-02T12:35:10.524,1,152.5,570.715,21.487,-0.5,0.0,GOING_TO_ENDPOINT,dump_zone_16,load_zone_22,0.00025,0.00067
82.0,2026-07-02T12:35:10.524,2,16.932,552.553,14.686,0.0833,0.0,GOING_TO_ENDPOINT,dump_zone_17,load_zone_22,0.000263,0.000705
82.0,2026-07-02T12:35:10.524,3,602.5,-57.279,27.87,0.0041,0.0,GOING_TO_ENDPOINT,dump_zone_9,load_zone_26,0.000268,0.000718
83.0,2026-07-02T12:35:12.550,1,152.5,565.018,19.687,-0.5,0.0,GOING_TO_ENDPOINT,dump_zone_16,load_zone_22,0.00025,0.00067
83.0,2026-07-02T12:35:12.550,2,13.078,551.766,13.411,-0.5,0.0,GOING_TO_ENDPOINT,dump_zone_17,load_zone_22,0.00025,0.00067
83.0,2026-07-02T12:35:12.550,3,602.5,-65.133,28.398,-0.1778,0.0,GOING_TO_ENDPOINT,dump_zone_9,load_zone_26,0.000252,0.000675
84.0,2026-07-02T12:35:14.097,1,152.5,559.82,17.887,-0.5,0.0,GOING_TO_ENDPOINT,dump_zone_16,load_zone_22,0.00025,0.00067
84.0,2026-07-02T12:35:14.097,2,9.686,550.898,12.261,-0.0833,0.0,GOING_TO_ENDPOINT,dump_zone_17,load_zone_22,0.000254,0.000681
84.0,2026-07-02T12:35:14.097,3,602.5,-72.787,26.738,-0.5,0.0,GOING_TO_ENDPOINT,dump_zone_9,load_zone_26,0.00025,0.00067
85.0,2026-07-02T12:35:15.724,1,152.5,555.122,16.087,-0.5,0.0,GOING_TO_ENDPOINT,dump_zone_16,load_zone_22,0.00025,0.00067
85.0,2026-07-02T12:35:15.724,2,6.515,549.914,11.561,-0.25,0.0,GOING_TO_ENDPOINT,dump_zone_17,load_zone_22,0.00025,0.00067
85.0,2026-07-02T12:35:15.724,3,602.5,-79.944,24.938,-0.5,0.0,GOING_TO_ENDPOINT,dump_zone_9,load_zone_26,0.00025,0.00067
86.0,2026-07-02T12:35:17.723,1,152.348,550.934,14.287,-0.5,0.0,GOING_TO_ENDPOINT,dump_zone_16,load_zone_22,0.00025,0.00067
86.0,2026-07-02T12:35:17.723,2,3.613,548.808,10.811,-0.4167,0.0,GOING_TO_ENDPOINT,dump_zone_17,load_zone_22,0.00025,0.00067
86.0,2026-07-02T12:35:17.723,3,602.5,-86.6,23.138,-0.5,0.0,GOING_TO_ENDPOINT,dump_zone_9,load_zone_26,0.00025,0.00067
87.0,2026-07-02T12:35:19.899,1,150.322,547.983,12.487,-0.5,0.0,GOING_TO_ENDPOINT,dump_zone_16,load_zone_22,0.00025,0.00067
87.0,2026-07-02T12:35:19.899,2,1.067,547.647,9.686,-0.0833,0.0,GOING_TO_ENDPOINT,dump_zone_17,load_zone_22,0.000254,0.000681
87.0,2026-07-02T12:35:19.899,3,602.5,-92.756,21.338,-0.5,0.0,GOING_TO_ENDPOINT,dump_zone_9,load_zone_26,0.00025,0.00067
88.0,2026-07-02T12:35:22.070,1,147.195,547.432,11.062,-0.0833,0.0,GOING_TO_ENDPOINT,dump_zone_16,load_zone_22,0.000254,0.000681
88.0,2026-07-02T12:35:22.070,2,-1.301,546.332,9.802,0.0522,0.0,GOING_TO_ENDPOINT,dump_zone_17,load_zone_22,0.000258,0.000691
88.0,2026-07-02T12:35:22.070,3,602.454,-98.412,19.563,-0.4167,0.0,GOING_TO_ENDPOINT,dump_zone_9,load_zone_26,0.00025,0.00067
89.0,2026-07-02T12:35:24.062,1,143.963,547.62,12.712,0.9167,0.0,GOING_TO_ENDPOINT,dump_zone_16,load_zone_22,0.000296,0.000793
89.0,2026-07-02T12:35:24.062,2,-3.63,544.833,9.967,-0.2004,0.0,GOING_TO_ENDPOINT,dump_zone_17,load_zone_22,0.00025,0.00067
89.0,2026-07-02T12:35:24.062,3,605.746,-102.196,20.013,0.5833,0.0,GOING_TO_ENDPOINT,dump_zone_9,load_zone_26,0.0003,0.000804
90.0,2026-07-02T12:35:25.763,1,139.906,547.978,16.312,1.0,0.0,GOING_TO_ENDPOINT,dump_zone_16,load_zone_22,0.000313,0.000839
90.0,2026-07-02T12:35:25.763,2,-5.874,543.134,10.646,0.3829,0.0,GOING_TO_ENDPOINT,dump_zone_17,load_zone_22,0.00027,0.000724
90.0,2026-07-02T12:35:25.763,3,610.975,-99.698,23.338,0.9167,0.0,GOING_TO_ENDPOINT,dump_zone_9,load_zone_26,0.000334,0.000895
91.0,2026-07-02T12:35:27.621,1,134.854,548.438,19.912,1.0,0.0,GOING_TO_ENDPOINT,dump_zone_16,load_zone_22,0.000327,0.000876
91.0,2026-07-02T12:35:27.621,2,-8.245,541.077,11.574,0.0496,0.0,GOING_TO_ENDPOINT,dump_zone_17,load_zone_22,0.000259,0.000694
91.0,2026-07-02T12:35:27.621,3,617.16,-97.337,24.688,-0.0833,0.0,GOING_TO_ENDPOINT,dump_zone_9,load_zone_26,0.000259,0.000694
92.0,2026-07-02T12:35:29.734,1,128.809,549.014,23.512,1.0,0.0,GOING_TO_ENDPOINT,dump_zone_16,load_zone_22,0.000341,0.000914
92.0,2026-07-02T12:35:29.734,2,-10.524,538.808,11.303,-0.2837,0.0,GOING_TO_ENDPOINT,dump_zone_17,load_zone_22,0.00025,0.00067
92.0,2026-07-02T12:35:29.734,3,623.808,-97.458,23.138,-0.5,0.0,GOING_TO_ENDPOINT,dump_zone_9,load_zone_26,0.00025,0.00067
93.0,2026-07-02T12:35:31.649,1,121.772,549.722,27.087,0.9167,0.0,GOING_TO_ENDPOINT,dump_zone_16,load_zone_22,0.000347,0.00093
93.0,2026-07-02T12:35:31.649,2,-12.514,536.602,10.412,0.0833,0.0,GOING_TO_ENDPOINT,dump_zone_17,load_zone_22,0.000259,0.000694
93.0,2026-07-02T12:35:31.649,3,629.964,-97.493,21.338,-0.5,0.0,GOING_TO_ENDPOINT,dump_zone_9,load_zone_26,0.00025,0.00067
94.0,2026-07-02T12:35:33.673,1,113.974,550.523,28.887,0.25,0.0,GOING_TO_ENDPOINT,dump_zone_16,load_zone_22,0.000292,0.000783
94.0,2026-07-02T12:35:33.673,2,-14.475,534.179,12.162,0.5833,0.0,GOING_TO_ENDPOINT,dump_zone_17,load_zone_22,0.000281,0.000753
94.0,2026-07-02T12:35:33.673,3,635.62,-97.5,19.538,-0.5,0.0,GOING_TO_ENDPOINT,dump_zone_9,load_zone_26,0.00025,0.00067
95.0,2026-07-02T12:35:35.833,1,106.06,551.323,27.987,-0.5,0.0,GOING_TO_ENDPOINT,dump_zone_16,load_zone_22,0.00025,0.00067
95.0,2026-07-02T12:35:35.833,2,-16.569,531.319,13.197,0.4541,0.0,GOING_TO_ENDPOINT,dump_zone_17,load_zone_22,0.000278,0.000745
95.0,2026-07-02T12:35:35.833,3,640.777,-97.5,17.738,-0.5,0.0,GOING_TO_ENDPOINT,dump_zone_9,load_zone_26,0.00025,0.00067
96.0,2026-07-02T12:35:37.949,1,98.433,552.057,27.669,0.0916,0.0,GOING_TO_ENDPOINT,dump_zone_16,load_zone_22,0.000276,0.00074
96.0,2026-07-02T12:35:37.949,2,-18.743,528.044,14.532,-0.0459,0.0,GOING_TO_ENDPOINT,dump_zone_17,load_zone_22,0.000257,0.000689
96.0,2026-07-02T12:35:37.949,3,645.433,-97.5,15.938,-0.5,0.0,GOING_TO_ENDPOINT,dump_zone_9,load_zone_26,0.00025,0.00067
97.0,2026-07-02T12:35:40.314,1,90.715,552.75,28.096,-0.0078,0.0,GOING_TO_ENDPOINT,dump_zone_16,load_zone_22,0.000267,0.000716
97.0,2026-07-02T12:35:40.314,2,-20.842,524.521,15.186,0.2358,0.0,GOING_TO_ENDPOINT,dump_zone_17,load_zone_22,0.000271,0.000726
97.0,2026-07-02T12:35:40.314,3,649.579,-97.68,14.138,-0.5,0.0,GOING_TO_ENDPOINT,dump_zone_9,load_zone_26,0.00025,0.00067
98.0,2026-07-02T12:35:42.709,1,82.861,553.387,28.667,-0.0078,0.0,GOING_TO_ENDPOINT,dump_zone_16,load_zone_22,0.000267,0.000716
98.0,2026-07-02T12:35:42.709,2,-22.854,520.821,15.249,0.2782,0.0,GOING_TO_ENDPOINT,dump_zone_17,load_zone_22,0.000273,0.000732
98.0,2026-07-02T12:35:42.709,3,652.803,-99.314,12.338,-0.5,0.0,GOING_TO_ENDPOINT,dump_zone_9,load_zone_26,0.00025,0.00067
99.0,2026-07-02T12:35:44.619,1,74.99,553.941,27.821,-0.5,0.0,GOING_TO_ENDPOINT,dump_zone_16,load_zone_22,0.00025,0.00067
99.0,2026-07-02T12:35:44.619,2,-24.784,516.953,15.55,-0.2218,0.0,GOING_TO_ENDPOINT,dump_zone_17,load_zone_22,0.00025,0.00067
99.0,2026-07-02T12:35:44.619,3,655.234,-101.577,12.188,0.4167,0.0,GOING_TO_ENDPOINT,dump_zone_9,load_zone_26,0.000274,0.000734
100.0,2026-07-02T12:35:46.439,1,67.545,554.37,26.021,-0.5,0.0,GOING_TO_ENDPOINT,dump_zone_16,load_zone_22,0.00025,0.00067
100.0,2026-07-02T12:35:46.439,2,-26.579,513.024,16.102,0.6115,0.0,GOING_TO_ENDPOINT,dump_zone_17,load_zone_22,0.000292,0.000783
100.0,2026-07-02T12:35:46.439,3,657.905,-104.282,15.263,1.0,0.0,GOING_TO_ENDPOINT,dump_zone_9,load_zone_26,0.000309,0.000828
101.0,2026-07-02T12:35:48.346,1,60.594,554.665,24.221,-0.5,0.0,GOING_TO_ENDPOINT,dump_zone_16,load_zone_22,0.00025,0.00067
101.0,2026-07-02T12:35:48.346,2,-28.463,508.552,18.453,0.4449,0.0,GOING_TO_ENDPOINT,dump_zone_17,load_zone_22,0.000288,0.000772
101.0,2026-07-02T12:35:48.346,3,661.251,-107.697,18.863,1.0,0.0,GOING_TO_ENDPOINT,dump_zone_9,load_zone_26,0.000323,0.000866
102.0,2026-07-02T12:35:50.674,1,54.139,554.83,22.421,-0.5,0.0,GOING_TO_ENDPOINT,dump_zone_16,load_zone_22,0.00025,0.00067
102.0,2026-07-02T12:35:50.674,2,-30.43,503.502,20.505,0.6115,0.0,GOING_TO_ENDPOINT,dump_zone_17,load_zone_22,0.000304,0.000815
102.0,2026-07-02T12:35:50.674,3,665.329,-111.796,22.463,1.0,0.0,GOING_TO_ENDPOINT,dump_zone_9,load_zone_26,0.000337,0.000903
103.0,2026-07-02T12:35:53.218,1,48.177,554.884,20.721,-0.4167,0.0,GOING_TO_ENDPOINT,dump_zone_16,load_zone_22,0.00025,0.00067
103.0,2026-07-02T12:35:53.218,2,-32.437,497.916,21.807,0.1115,0.0,GOING_TO_ENDPOINT,dump_zone_17,load_zone_22,0.000272,0.000729
103.0,2026-07-02T12:35:53.218,3,670.124,-116.59,26.038,0.9167,0.0,GOING_TO_ENDPOINT,dump_zone_9,load_zone_26,0.000344,0.000922
104.0,2026-07-02T12:35:55.895,1,42.674,554.832,19.021,-0.5,0.0,GOING_TO_ENDPOINT,dump_zone_16,load_zone_22,0.00025,0.00067
104.0,2026-07-02T12:35:55.895,2,-34.394,492.019,23.177,0.669,0.0,GOING_TO_ENDPOINT,dump_zone_17,load_zone_22,0.000315,0.000844
104.0,2026-07-02T12:35:55.895,3,675.5,-121.964,28.131,0.2054,0.0,GOING_TO_ENDPOINT,dump_zone_9,load_zone_26,0.000287,0.000769
105.0,2026-07-02T12:35:58.018,1,37.556,554.667,18.171,-0.0833,0.0,GOING_TO_ENDPOINT,dump_zone_16,load_zone_22,0.000257,0.000689
105.0,2026-07-02T12:35:58.018,2,-36.433,485.435,25.929,0.4167,0.0,GOING_TO_ENDPOINT,dump_zone_17,load_zone_22,0.000301,0.000807
105.0,2026-07-02T12:35:58.018,3,680.961,-127.425,27.124,-0.5,0.0,GOING_TO_ENDPOINT,dump_zone_9,load_zone_26,0.00025,0.00067
106.0,2026-07-02T12:35:59.620,1,32.619,554.412,17.471,-0.25,0.0,GOING_TO_ENDPOINT,dump_zone_16,load_zone_22,0.00025,0.00067
106.0,2026-07-02T12:35:59.620,2,-38.463,478.508,25.504,-0.5,0.0,GOING_TO_ENDPOINT,dump_zone_17,load_zone_22,0.00025,0.00067
106.0,2026-07-02T12:35:59.620,3,686.097,-132.562,25.324,-0.5,0.0,GOING_TO_ENDPOINT,dump_zone_9,load_zone_26,0.00025,0.00067
107.0,2026-07-02T12:36:01.087,1,27.974,554.042,16.053,-0.4372,0.0,GOING_TO_ENDPOINT,dump_zone_16,load_zone_22,0.00025,0.00067
107.0,2026-07-02T12:36:01.087,2,-40.31,471.95,23.704,-0.5,0.0,GOING_TO_ENDPOINT,dump_zone_17,load_zone_22,0.00025,0.00067
107.0,2026-07-02T12:36:01.087,3,690.88,-137.344,23.524,-0.5,0.0,GOING_TO_ENDPOINT,dump_zone_9,load_zone_26,0.00025,0.00067
108.0,2026-07-02T12:36:03.279,1,23.784,553.594,14.639,-0.0902,0.0,GOING_TO_ENDPOINT,dump_zone_16,load_zone_22,0.000255,0.000683
108.0,2026-07-02T12:36:03.279,2,-42.015,465.871,21.904,-0.5,0.0,GOING_TO_ENDPOINT,dump_zone_17,load_zone_22,0.00025,0.00067
108.0,2026-07-02T12:36:03.279,3,695.308,-141.774,21.724,-0.5,0.0,GOING_TO_ENDPOINT,dump_zone_9,load_zone_26,0.00025,0.00067
109.0,2026-07-02T12:36:05.495,1,19.819,553.051,14.114,-0.0902,0.0,GOING_TO_ENDPOINT,dump_zone_16,load_zone_22,0.000255,0.000683
109.0,2026-07-02T12:36:05.495,2,-43.638,460.289,20.104,-0.5,0.0,GOING_TO_ENDPOINT,dump_zone_17,load_zone_22,0.00025,0.00067
109.0,2026-07-02T12:36:05.495,3,699.389,-145.844,19.924,-0.5,0.0,GOING_TO_ENDPOINT,dump_zone_9,load_zone_26,0.00025,0.00067
110.0,2026-07-02T12:36:07.576,1,15.984,552.375,13.906,-0.1249,0.0,GOING_TO_ENDPOINT,dump_zone_16,load_zone_22,0.000253,0.000678
110.0,2026-07-02T12:36:07.576,2,-45.252,455.226,18.304,-0.5,0.0,GOING_TO_ENDPOINT,dump_zone_17,load_zone_22,0.00025,0.00067
110.0,2026-07-02T12:36:07.576,3,702.509,-150.047,18.124,-0.5,0.0,GOING_TO_ENDPOINT,dump_zone_9,load_zone_26,0.00025,0.00067
111.0,2026-07-02T12:36:09.811,1,12.311,551.587,13.143,-0.3441,0.0,GOING_TO_ENDPOINT,dump_zone_16,load_zone_22,0.00025,0.00067
111.0,2026-07-02T12:36:09.811,2,-46.978,450.735,16.504,-0.5,0.0,GOING_TO_ENDPOINT,dump_zone_17,load_zone_22,0.00025,0.00067
111.0,2026-07-02T12:36:09.811,3,702.95,-154.773,17.449,0.25,0.0,GOING_TO_ENDPOINT,dump_zone_9,load_zone_26,0.000275,0.000737
112.0,2026-07-02T12:36:12.229,1,9.013,550.704,11.59,-0.4167,0.0,GOING_TO_ENDPOINT,dump_zone_16,load_zone_22,0.00025,0.00067
112.0,2026-07-02T12:36:12.229,2,-50.039,447.872,14.704,-0.5,0.0,GOING_TO_ENDPOINT,dump_zone_17,load_zone_22,0.00025,0.00067
112.0,2026-07-02T12:36:12.229,3,702.54,-159.907,19.549,0.4167,0.0,GOING_TO_ENDPOINT,dump_zone_9,load_zone_26,0.000289,0.000775
113.0,2026-07-02T12:36:13.926,1,6.049,549.757,10.747,-0.4362,0.0,GOING_TO_ENDPOINT,dump_zone_16,load_zone_22,0.00025,0.00067
113.0,2026-07-02T12:36:13.926,2,-53.906,447.42,14.029,0.25,0.0,GOING_TO_ENDPOINT,dump_zone_17,load_zone_22,0.00027,0.000724
113.0,2026-07-02T12:36:13.926,3,702.49,-165.352,19.124,-0.5,0.0,GOING_TO_ENDPOINT,dump_zone_9,load_zone_26,0.00025,0.00067
114.0,2026-07-02T12:36:15.688,1,3.375,548.711,10.172,-0.1052,0.0,GOING_TO_ENDPOINT,dump_zone_16,load_zone_22,0.000253,0.000678
114.0,2026-07-02T12:36:15.688,2,-58.143,447.425,16.729,1.0,0.0,GOING_TO_ENDPOINT,dump_zone_17,load_zone_22,0.000315,0.000844
114.0,2026-07-02T12:36:15.688,3,702.498,-170.393,17.324,-0.5,0.0,GOING_TO_ENDPOINT,dump_zone_9,load_zone_26,0.00025,0.00067
115.0,2026-07-02T12:36:17.997,1,0.907,547.567,9.643,0.0614,0.0,GOING_TO_ENDPOINT,dump_zone_16,load_zone_22,0.000258,0.000691
115.0,2026-07-02T12:36:17.997,2,-63.326,447.486,20.191,0.7692,0.0,GOING_TO_ENDPOINT,dump_zone_17,load_zone_22,0.000313,0.000839
115.0,2026-07-02T12:36:17.997,3,702.5,-174.935,15.524,-0.5,0.0,GOING_TO_ENDPOINT,dump_zone_9,load_zone_26,0.00025,0.00067
116.0,2026-07-02T12:36:20.538,1,-1.547,546.183,10.714,0.3948,0.0,GOING_TO_ENDPOINT,dump_zone_16,load_zone_22,0.00027,0.000724
116.0,2026-07-02T12:36:20.538,2,-69.141,447.501,21.01,-0.2308,0.0,GOING_TO_ENDPOINT,dump_zone_17,load_zone_22,0.00025,0.00067
116.0,2026-07-02T12:36:20.538,3,702.5,-178.976,13.724,-0.5,0.0,GOING_TO_ENDPOINT,dump_zone_9,load_zone_26,0.00025,0.00067
117.0,2026-07-02T12:36:22.709,1,-4.128,544.473,11.213,-0.124,0.0,GOING_TO_ENDPOINT,dump_zone_16,load_zone_22,0.000253,0.000678
117.0,2026-07-02T12:36:22.709,2,-74.731,447.5,19.302,-0.5,0.0,GOING_TO_ENDPOINT,dump_zone_17,load_zone_22,0.00025,0.00067
117.0,2026-07-02T12:36:22.709,3,702.5,-182.518,11.924,-0.5,0.0,GOING_TO_ENDPOINT,dump_zone_9,load_zone_26,0.00025,0.00067
118.0,2026-07-02T12:36:24.981,1,-6.507,542.609,10.733,-0.0779,0.0,GOING_TO_ENDPOINT,dump_zone_16,load_zone_22,0.000254,0.000681
118.0,2026-07-02T12:36:24.981,2,-79.821,447.5,17.502,-0.5,0.0,GOING_TO_ENDPOINT,dump_zone_17,load_zone_22,0.00025,0.00067
118.0,2026-07-02T12:36:24.981,3,702.5,-185.559,10.124,-0.5,0.0,GOING_TO_ENDPOINT,dump_zone_9,load_zone_26,0.00025,0.00067
119.0,2026-07-02T12:36:27.211,1,-8.705,540.637,10.855,0.3896,0.0,GOING_TO_ENDPOINT,dump_zone_16,load_zone_22,0.000271,0.000726
119.0,2026-07-02T12:36:27.211,2,-84.412,447.5,15.702,-0.5,0.0,GOING_TO_ENDPOINT,dump_zone_17,load_zone_22,0.00025,0.00067
119.0,2026-07-02T12:36:27.211,3,702.5,-188.1,8.324,-0.5,0.0,GOING_TO_ENDPOINT,dump_zone_9,load_zone_26,0.00025,0.00067
120.0,2026-07-02T12:36:29.407,1,-11.042,538.251,12.807,0.2229,0.0,GOING_TO_ENDPOINT,dump_zone_16,load_zone_22,0.000267,0.000716
120.0,2026-07-02T12:36:29.407,2,-88.503,447.5,13.902,-0.5,0.0,GOING_TO_ENDPOINT,dump_zone_17,load_zone_22,0.00025,0.00067
120.0,2026-07-02T12:36:29.407,3,702.448,-190.14,6.524,-0.5,0.0,GOING_TO_ENDPOINT,dump_zone_9,load_zone_26,0.00025,0.00067
121.0,2026-07-02T12:36:31.708,1,-13.453,535.454,13.834,0.3043,0.0,GOING_TO_ENDPOINT,dump_zone_16,load_zone_22,0.000272,0.000729
121.0,2026-07-02T12:36:31.708,2,-92.094,447.5,12.102,-0.5,0.0,GOING_TO_ENDPOINT,dump_zone_17,load_zone_22,0.00025,0.00067
121.0,2026-07-02T12:36:31.708,3,702.816,-191.627,4.724,-0.5,0.0,GOING_TO_ENDPOINT,dump_zone_9,load_zone_26,0.00025,0.00067
122.0,2026-07-02T12:36:34.029,1,-15.804,532.401,13.58,-0.1123,0.0,GOING_TO_ENDPOINT,dump_zone_16,load_zone_22,0.000254,0.000681
122.0,2026-07-02T12:36:34.029,2,-95.185,447.5,10.302,-0.5,0.0,GOING_TO_ENDPOINT,dump_zone_17,load_zone_22,0.00025,0.00067
122.0,2026-07-02T12:36:34.029,3,703.368,-192.507,2.924,-0.5,0.0,LOADING,dump_zone_9,load_zone_26,0.00025,0.00067
123.0,2026-07-02T12:36:36.720,1,-17.934,529.291,13.575,0.0543,0.0,GOING_TO_ENDPOINT,dump_zone_16,load_zone_22,0.000261,0.000699
123.0,2026-07-02T12:36:36.720,2,-97.776,447.498,8.502,-0.5,0.0,GOING_TO_ENDPOINT,dump_zone_17,load_zone_22,0.00025,0.00067
123.0,2026-07-02T12:36:36.720,3,703.736,-192.904,1.124,-0.5,0.0,LOADING,dump_zone_9,load_zone_26,0.00025,0.00067
124.0,2026-07-02T12:36:38.919,1,-19.921,526.114,13.439,0.1602,0.0,GOING_TO_ENDPOINT,dump_zone_16,load_zone_22,0.000265,0.00071
124.0,2026-07-02T12:36:38.919,2,-99.815,447.037,7.077,-0.0833,0.0,GOING_TO_ENDPOINT,dump_zone_17,load_zone_22,0.000253,0.000678
124.0,2026-07-02T12:36:38.919,3,703.796,-192.964,0.0,-0.5,0.0,LOADING,dump_zone_9,load_zone_26,0.00025,0.00067
125.0,2026-07-02T12:36:41.194,1,-21.825,522.767,14.216,0.1602,0.0,GOING_TO_ENDPOINT,dump_zone_16,load_zone_22,0.000266,0.000713
125.0,2026-07-02T12:36:41.194,2,-101.455,445.692,8.727,0.9167,0.0,GOING_TO_ENDPOINT,dump_zone_17,load_zone_22,0.000281,0.000753
125.0,2026-07-02T12:36:41.194,3,704.181,-193.282,7.2,0.0,1000.0,TURNING_AROUND,load_zone_26,dump_zone_3,0.000258,0.000691
126.0,2026-07-02T12:36:42.447,1,-23.751,519.047,15.928,0.4985,0.0,GOING_TO_ENDPOINT,dump_zone_16,load_zone_22,0.000286,0.000766
126.0,2026-07-02T12:36:42.447,2,-103.41,443.462,12.327,1.0,0.0,GOING_TO_ENDPOINT,dump_zone_17,load_zone_22,0.000298,0.000799
126.0,2026-07-02T12:36:42.447,3,706.02,-194.013,7.2,0.0,1000.0,TURNING_AROUND,load_zone_26,dump_zone_3,0.000258,0.000691
127.0,2026-07-02T12:36:43.627,1,-25.725,514.914,17.173,0.6652,0.0,GOING_TO_ENDPOINT,dump_zone_16,load_zone_22,0.000298,0.000799
127.0,2026-07-02T12:36:43.627,2,-105.956,440.421,15.927,1.0,0.0,GOING_TO_ENDPOINT,dump_zone_17,load_zone_22,0.000312,0.000836
127.0,2026-07-02T12:36:43.627,3,705.701,-194.2,5.4,0.0,1000.0,TURNING_AROUND,load_zone_26,dump_zone_3,0.000256,0.000686
128.0,2026-07-02T12:36:44.828,1,-27.79,510.196,19.267,0.1652,0.0,GOING_TO_ENDPOINT,dump_zone_16,load_zone_22,0.000273,0.000732
128.0,2026-07-02T12:36:44.828,2,-109.254,436.709,19.527,1.0,0.0,GOING_TO_ENDPOINT,dump_zone_17,load_zone_22,0.000326,0.000874
128.0,2026-07-02T12:36:44.828,3,706.341,-193.642,7.2,0.0,1000.0,TURNING_AROUND,load_zone_26,dump_zone_3,0.000258,0.000691
129.0,2026-07-02T12:36:46.096,1,-29.824,505.124,19.812,-0.1681,0.0,GOING_TO_ENDPOINT,dump_zone_16,load_zone_22,0.000252,0.000675
129.0,2026-07-02T12:36:46.096,2,-113.317,432.341,23.127,1.0,0.0,GOING_TO_ENDPOINT,dump_zone_17,load_zone_22,0.000339,0.000909
129.0,2026-07-02T12:36:46.096,3,707.315,-192.254,5.4,0.0,1000.0,TURNING_AROUND,load_zone_26,dump_zone_3,0.000256,0.000686
130.0,2026-07-02T12:36:48.235,1,-31.653,500.159,18.536,-0.0833,0.0,GOING_TO_ENDPOINT,dump_zone_16,load_zone_22,0.000257,0.000689
130.0,2026-07-02T12:36:48.235,2,-118.097,427.3,26.381,0.6319,0.0,GOING_TO_ENDPOINT,dump_zone_17,load_zone_22,0.000321,0.00086
130.0,2026-07-02T12:36:48.235,3,707.207,-192.611,0.075,0.1667,1000.0,RETURNING_TO_START,load_zone_26,dump_zone_3,0.00025,0.00067
131.0,2026-07-02T12:36:50.062,1,-33.374,495.131,20.186,0.9167,0.0,GOING_TO_ENDPOINT,dump_zone_16,load_zone_22,0.000323,0.000866
131.0,2026-07-02T12:36:50.062,2,-123.254,421.911,26.706,-0.3681,0.0,GOING_TO_ENDPOINT,dump_zone_17,load_zone_22,0.00025,0.00067
131.0,2026-07-02T12:36:50.062,3,707.193,-192.292,2.55,1.0,1000.0,RETURNING_TO_START,load_zone_26,dump_zone_3,0.000266,0.000713
132.0,2026-07-02T12:36:52.112,1,-35.255,489.277,23.761,0.9167,0.0,GOING_TO_ENDPOINT,dump_zone_16,load_zone_22,0.000335,0.000898
132.0,2026-07-02T12:36:52.112,2,-128.239,416.783,24.921,-0.5,0.0,GOING_TO_ENDPOINT,dump_zone_17,load_zone_22,0.00025,0.00067
132.0,2026-07-02T12:36:52.112,3,706.887,-191.085,6.15,1.0,1000.0,RETURNING_TO_START,load_zone_26,dump_zone_3,0.00029,0.000777
133.0,2026-07-02T12:36:54.821,1,-37.25,482.687,25.111,-0.0833,0.0,GOING_TO_ENDPOINT,dump_zone_16,load_zone_22,0.000259,0.000694
133.0,2026-07-02T12:36:54.821,2,-132.927,412.064,23.121,-0.5,0.0,GOING_TO_ENDPOINT,dump_zone_17,load_zone_22,0.00025,0.00067
133.0,2026-07-02T12:36:54.821,3,705.507,-189.336,9.75,1.0,1000.0,RETURNING_TO_START,load_zone_26,dump_zone_3,0.000313,0.000839
134.0,2026-07-02T12:36:56.819,1,-39.121,476.183,23.561,-0.5,0.0,GOING_TO_ENDPOINT,dump_zone_16,load_zone_22,0.00025,0.00067
134.0,2026-07-02T12:36:56.819,2,-137.324,407.761,21.321,-0.5,0.0,GOING_TO_ENDPOINT,dump_zone_17,load_zone_22,0.00025,0.00067
134.0,2026-07-02T12:36:56.819,3,702.975,-187.299,13.35,1.0,1000.0,RETURNING_TO_START,load_zone_26,dump_zone_3,0.000336,0.0009
135.0,2026-07-02T12:36:58.680,1,-40.813,470.141,21.761,-0.5,0.0,GOING_TO_ENDPOINT,dump_zone_16,load_zone_22,0.00025,0.00067
135.0,2026-07-02T12:36:58.680,2,-141.452,403.902,19.521,-0.5,0.0,GOING_TO_ENDPOINT,dump_zone_17,load_zone_22,0.00025,0.00067
135.0,2026-07-02T12:36:58.680,3,699.955,-184.311,16.95,1.0,1000.0,RETURNING_TO_START,load_zone_26,dump_zone_3,0.000359,0.000962
136.0,2026-07-02T12:37:00.522,1,-42.381,464.584,19.961,-0.5,0.0,GOING_TO_ENDPOINT,dump_zone_16,load_zone_22,0.00025,0.00067
136.0,2026-07-02T12:37:00.522,2,-145.33,400.512,17.721,-0.5,0.0,GOING_TO_ENDPOINT,dump_zone_17,load_zone_22,0.00025,0.00067
136.0,2026-07-02T12:37:00.522,3,697.784,-179.629,20.175,0.5833,1000.0,RETURNING_TO_START,load_zone_26,dump_zone_3,0.000335,0.000898
137.0,2026-07-02T12:37:02.252,1,-43.87,459.525,18.161,-0.5,0.0,GOING_TO_ENDPOINT,dump_zone_16,load_zone_22,0.00025,0.00067
137.0,2026-07-02T12:37:02.252,2,-149.034,397.701,15.921,-0.5,0.0,GOING_TO_ENDPOINT,dump_zone_17,load_zone_22,0.00025,0.00067
137.0,2026-07-02T12:37:02.252,3,697.454,-173.937,20.325,-0.4167,1000.0,RETURNING_TO_START,load_zone_26,dump_zone_3,0.00025,0.00067
138.0,2026-07-02T12:37:03.695,1,-45.337,454.983,16.361,-0.5,0.0,GOING_TO_ENDPOINT,dump_zone_16,load_zone_22,0.00025,0.00067
138.0,2026-07-02T12:37:03.695,2,-152.621,395.62,14.121,-0.5,0.0,GOING_TO_ENDPOINT,dump_zone_17,load_zone_22,0.00025,0.00067
138.0,2026-07-02T12:37:03.695,3,697.495,-168.562,18.525,-0.5,1000.0,RETURNING_TO_START,load_zone_26,dump_zone_3,0.00025,0.00067
139.0,2026-07-02T12:37:05.597,1,-46.865,450.993,14.561,-0.5,0.0,GOING_TO_ENDPOINT,dump_zone_16,load_zone_22,0.00025,0.00067
139.0,2026-07-02T12:37:05.597,2,-156.044,394.361,12.321,-0.5,0.0,GOING_TO_ENDPOINT,dump_zone_17,load_zone_22,0.00025,0.00067
139.0,2026-07-02T12:37:05.597,3,697.501,-163.687,16.725,-0.5,1000.0,RETURNING_TO_START,load_zone_26,dump_zone_3,0.00025,0.00067
140.0,2026-07-02T12:37:07.633,1,-49.356,448.255,12.761,-0.5,0.0,GOING_TO_ENDPOINT,dump_zone_16,load_zone_22,0.00025,0.00067
140.0,2026-07-02T12:37:07.633,2,-159.102,393.601,10.521,-0.5,0.0,GOING_TO_ENDPOINT,dump_zone_17,load_zone_22,0.00025,0.00067
140.0,2026-07-02T12:37:07.633,3,697.5,-159.312,14.925,-0.5,1000.0,RETURNING_TO_START,load_zone_26,dump_zone_3,0.00025,0.00067
141.0,2026-07-02T12:37:10.100,1,-52.525,447.467,11.336,-0.0833,0.0,GOING_TO_ENDPOINT,dump_zone_16,load_zone_22,0.000254,0.000681
141.0,2026-07-02T12:37:10.100,2,-161.633,392.814,8.721,-0.5,0.0,GOING_TO_ENDPOINT,dump_zone_17,load_zone_22,0.00025,0.00067
141.0,2026-07-02T12:37:10.100,3,697.5,-155.437,13.125,-0.5,1000.0,RETURNING_TO_START,load_zone_26,dump_zone_3,0.00025,0.00067
142.0,2026-07-02T12:37:12.004,1,-55.837,447.378,12.986,0.9167,0.0,GOING_TO_ENDPOINT,dump_zone_16,load_zone_22,0.000297,0.000796
142.0,2026-07-02T12:37:12.004,2,-163.78,392.684,7.021,-0.5,0.0,GOING_TO_ENDPOINT,dump_zone_17,load_zone_22,0.00025,0.00067
142.0,2026-07-02T12:37:12.004,3,697.501,-152.062,11.325,-0.5,1000.0,RETURNING_TO_START,load_zone_26,dump_zone_3,0.00025,0.00067
143.0,2026-07-02T12:37:14.255,1,-59.986,447.44,16.586,1.0,0.0,GOING_TO_ENDPOINT,dump_zone_16,load_zone_22,0.000314,0.000842
143.0,2026-07-02T12:37:14.255,2,-165.484,393.045,5.896,-0.0833,0.0,GOING_TO_ENDPOINT,dump_zone_17,load_zone_22,0.000252,0.000675
143.0,2026-07-02T12:37:14.255,3,696.65,-149.346,9.9,-0.0833,1000.0,RETURNING_TO_START,load_zone_26,dump_zone_3,0.000256,0.000686
144.0,2026-07-02T12:37:17.037,1,-65.114,447.495,19.811,0.5833,0.0,GOING_TO_ENDPOINT,dump_zone_16,load_zone_22,0.0003,0.000804
144.0,2026-07-02T12:37:17.037,2,-167.034,393.662,5.946,-0.25,0.0,GOING_TO_ENDPOINT,dump_zone_17,load_zone_22,0.00025,0.00067
144.0,2026-07-02T12:37:17.037,3,694.594,-147.288,11.55,0.9167,1000.0,RETURNING_TO_START,load_zone_26,dump_zone_3,0.000319,0.000855
145.0,2026-07-02T12:37:19.685,1,-70.722,447.502,19.961,-0.4167,0.0,GOING_TO_ENDPOINT,dump_zone_16,load_zone_22,0.00025,0.00067
145.0,2026-07-02T12:37:19.685,2,-168.367,394.338,5.296,0.0833,0.0,GOING_TO_ENDPOINT,dump_zone_17,load_zone_22,0.000255,0.000683
145.0,2026-07-02T12:37:19.685,3,691.722,-144.877,15.15,1.0,1000.0,RETURNING_TO_START,load_zone_26,dump_zone_3,0.000348,0.000933
146.0,2026-07-02T12:37:22.118,1,-75.996,447.5,18.161,-0.5,0.0,GOING_TO_ENDPOINT,dump_zone_16,load_zone_22,0.00025,0.00067
146.0,2026-07-02T12:37:22.118,2,-169.532,394.981,4.121,-0.4167,0.0,GOING_TO_ENDPOINT,dump_zone_17,load_zone_22,0.00025,0.00067
146.0,2026-07-02T12:37:22.118,3,688.205,-141.685,18.75,1.0,1000.0,RETURNING_TO_START,load_zone_26,dump_zone_3,0.000371,0.000994
147.0,2026-07-02T12:37:25.107,1,-80.775,447.5,16.461,-0.4167,0.0,GOING_TO_ENDPOINT,dump_zone_16,load_zone_22,0.00025,0.00067
147.0,2026-07-02T12:37:25.107,2,-170.327,395.416,2.48,-0.5,0.0,LOADING,dump_zone_17,load_zone_22,0.00025,0.00067
147.0,2026-07-02T12:37:25.107,3,684.11,-137.649,22.325,0.9167,1000.0,RETURNING_TO_START,load_zone_26,dump_zone_3,0.000384,0.001029
148.0,2026-07-02T12:37:27.643,1,-85.076,447.5,14.661,-0.5,0.0,GOING_TO_ENDPOINT,dump_zone_16,load_zone_22,0.00025,0.00067
148.0,2026-07-02T12:37:27.643,2,-170.697,395.611,0.68,-0.5,0.0,LOADING,dump_zone_17,load_zone_22,0.00025,0.00067
148.0,2026-07-02T12:37:27.643,3,679.525,-133.061,23.675,-0.0833,1000.0,RETURNING_TO_START,load_zone_26,dump_zone_3,0.000264,0.000708
149.0,2026-07-02T12:37:29.508,1,-88.878,447.5,12.861,-0.5,0.0,GOING_TO_ENDPOINT,dump_zone_16,load_zone_22,0.00025,0.00067
149.0,2026-07-02T12:37:29.508,2,-170.723,395.625,0.0,-0.0833,0.0,LOADING,dump_zone_17,load_zone_22,0.00025,0.00067
149.0,2026-07-02T12:37:29.508,3,675.012,-128.547,22.246,-0.5,1000.0,RETURNING_TO_START,load_zone_26,dump_zone_3,0.00025,0.00067
150.0,2026-07-02T12:37:31.757,1,-92.207,447.5,11.25,-0.4337,0.0,GOING_TO_ENDPOINT,dump_zone_16,load_zone_22,0.00025,0.00067
150.0,2026-07-02T12:37:31.757,2,-171.532,396.241,7.2,0.0,1000.0,TURNING_AROUND,load_zone_22,dump_zone_22,0.000258,0.000691
150.0,2026-07-02T12:37:31.757,3,670.834,-124.37,20.446,-0.5,1000.0,RETURNING_TO_START,load_zone_26,dump_zone_3,0.00025,0.00067
151.0,2026-07-02T12:37:34.176,1,-95.061,447.5,9.45,-0.5,0.0,GOING_TO_ENDPOINT,dump_zone_16,load_zone_22,0.00025,0.00067
151.0,2026-07-02T12:37:34.176,2,-172.553,397.937,7.2,0.0,1000.0,TURNING_AROUND,load_zone_22,dump_zone_22,0.000258,0.000691
151.0,2026-07-02T12:37:34.176,3,667.006,-120.542,18.746,-0.4167,1000.0,RETURNING_TO_START,load_zone_26,dump_zone_3,0.00025,0.00067
152.0,2026-07-02T12:37:36.695,1,-97.43,447.501,7.711,-0.5,0.0,GOING_TO_ENDPOINT,dump_zone_16,load_zone_22,0.00025,0.00067
152.0,2026-07-02T12:37:36.695,2,-172.484,396.734,5.4,0.0,1000.0,TURNING_AROUND,load_zone_22,dump_zone_22,0.000256,0.000686
152.0,2026-07-02T12:37:36.695,3,663.506,-117.041,17.046,-0.5,1000.0,RETURNING_TO_START,load_zone_26,dump_zone_3,0.00025,0.00067
153.0,2026-07-02T12:37:40.185,1,-99.277,447.273,5.911,-0.5,0.0,GOING_TO_ENDPOINT,dump_zone_16,load_zone_22,0.00025,0.00067
153.0,2026-07-02T12:37:40.185,2,-171.866,398.314,7.2,0.0,1000.0,TURNING_AROUND,load_zone_22,dump_zone_22,0.000258,0.000691
153.0,2026-07-02T12:37:40.185,3,660.349,-113.885,15.246,-0.5,1000.0,RETURNING_TO_START,load_zone_26,dump_zone_3,0.00025,0.00067
154.0,2026-07-02T12:37:42.842,1,-100.606,446.52,5.761,0.4167,0.0,GOING_TO_ENDPOINT,dump_zone_16,load_zone_22,0.000261,0.000699
154.0,2026-07-02T12:37:42.842,2,-171.375,399.005,5.4,0.0,1000.0,TURNING_AROUND,load_zone_22,dump_zone_22,0.000256,0.000686
154.0,2026-07-02T12:37:42.842,3,657.546,-111.082,13.446,-0.5,1000.0,RETURNING_TO_START,load_zone_26,dump_zone_3,0.00025,0.00067
155.0,2026-07-02T12:37:45.024,1,-102.014,445.079,8.836,1.0,0.0,GOING_TO_ENDPOINT,dump_zone_16,load_zone_22,0.000284,0.000761
155.0,2026-07-02T12:37:45.024,2,-171.637,398.737,7.2,0.0,1000.0,TURNING_AROUND,load_zone_22,dump_zone_22,0.000258,0.000691
155.0,2026-07-02T12:37:45.024,3,655.084,-108.619,11.746,-0.5,1000.0,RETURNING_TO_START,load_zone_26,dump_zone_3,0.00025,0.00067
156.0,2026-07-02T12:37:48.388,1,-103.958,442.799,12.436,1.0,0.0,GOING_TO_ENDPOINT,dump_zone_16,load_zone_22,0.000298,0.000799
156.0,2026-07-02T12:37:48.388,2,-171.293,398.706,2.775,1.0,1000.0,RETURNING_TO_START,load_zone_22,dump_zone_22,0.000268,0.000718
156.0,2026-07-02T12:37:48.388,3,652.959,-106.495,9.996,-0.5,1000.0,RETURNING_TO_START,load_zone_26,dump_zone_3,0.00025,0.00067
157.0,2026-07-02T12:37:51.662,1,-106.535,439.746,16.036,1.0,0.0,GOING_TO_ENDPOINT,dump_zone_16,load_zone_22,0.000312,0.000836
157.0,2026-07-02T12:37:51.662,2,-169.996,398.859,6.375,1.0,1000.0,RETURNING_TO_START,load_zone_22,dump_zone_22,0.000291,0.00078
157.0,2026-07-02T12:37:51.662,3,651.147,-104.683,8.711,-0.3112,1000.0,RETURNING_TO_START,load_zone_26,dump_zone_3,0.00025,0.00067
158.0,2026-07-02T12:37:56.248,1,-109.866,436.023,19.636,1.0,0.0,GOING_TO_ENDPOINT,dump_zone_16,load_zone_22,0.000326,0.000874
158.0,2026-07-02T12:37:56.248,2,-167.907,399.84,9.975,1.0,1000.0,RETURNING_TO_START,load_zone_22,dump_zone_22,0.000314,0.000842
158.0,2026-07-02T12:37:56.248,3,649.611,-103.165,6.95,-0.5,1000.0,RETURNING_TO_START,load_zone_26,dump_zone_3,0.00025,0.00067
159.0,2026-07-02T12:38:00.519,1,-113.967,431.648,23.236,1.0,0.0,GOING_TO_ENDPOINT,dump_zone_16,load_zone_22,0.00034,0.000911
159.0,2026-07-02T12:38:00.519,2,-164.713,399.964,12.775,0.4167,1000.0,RETURNING_TO_START,load_zone_22,dump_zone_22,0.000292,0.000783
159.0,2026-07-02T12:38:00.519,3,648.156,-102.296,5.85,0.0833,1000.0,RETURNING_TO_START,load_zone_26,dump_zone_3,0.000259,0.000694
160.0,2026-07-02T12:38:03.950,1,-118.786,426.577,26.811,0.9167,0.0,GOING_TO_ENDPOINT,dump_zone_16,load_zone_22,0.000346,0.000927
160.0,2026-07-02T12:38:03.950,2,-161.264,399.072,12.35,-0.5,1000.0,RETURNING_TO_START,load_zone_22,dump_zone_22,0.00025,0.00067
160.0,2026-07-02T12:38:03.950,3,646.299,-102.053,8.075,1.0,1000.0,RETURNING_TO_START,load_zone_26,dump_zone_3,0.000302,0.000809
161.0,2026-07-02T12:38:06.799,1,-124.139,420.996,28.161,-0.0833,0.0,GOING_TO_ENDPOINT,dump_zone_16,load_zone_22,0.00026,0.000697
161.0,2026-07-02T12:38:06.799,2,-158.123,398.939,10.55,-0.5,1000.0,RETURNING_TO_START,load_zone_22,dump_zone_22,0.00025,0.00067
161.0,2026-07-02T12:38:06.799,3,643.516,-102.107,11.675,1.0,1000.0,RETURNING_TO_START,load_zone_26,dump_zone_3,0.000325,0.000871
162.0,2026-07-02T12:38:09.137,1,-129.455,415.543,26.611,-0.5,0.0,GOING_TO_ENDPOINT,dump_zone_16,load_zone_22,0.00025,0.00067
162.0,2026-07-02T12:38:09.137,2,-155.525,399.679,9.45,0.0833,1000.0,RETURNING_TO_START,load_zone_22,dump_zone_22,0.000264,0.000708
162.0,2026-07-02T12:38:09.137,3,639.737,-102.32,15.275,1.0,1000.0,RETURNING_TO_START,load_zone_26,dump_zone_3,0.000348,0.000933
163.0,2026-07-02T12:38:11.511,1,-134.493,410.51,24.811,-0.5,0.0,GOING_TO_ENDPOINT,dump_zone_16,load_zone_22,0.00025,0.00067
163.0,2026-07-02T12:38:11.511,2,-152.995,401.024,11.4,0.5833,1000.0,RETURNING_TO_START,load_zone_22,dump_zone_22,0.000298,0.000799
163.0,2026-07-02T12:38:11.511,3,634.964,-102.484,18.684,0.7229,1000.0,RETURNING_TO_START,load_zone_26,dump_zone_3,0.000343,0.000919
164.0,2026-07-02T12:38:14.525,1,-139.264,405.92,23.011,-0.5,0.0,GOING_TO_ENDPOINT,dump_zone_16,load_zone_22,0.00025,0.00067
164.0,2026-07-02T12:38:14.525,2,-150.114,403.072,13.95,0.75,1000.0,RETURNING_TO_START,load_zone_22,dump_zone_22,0.000321,0.00086
164.0,2026-07-02T12:38:14.525,3,629.594,-102.504,19.336,-0.2771,1000.0,RETURNING_TO_START,load_zone_26,dump_zone_3,0.00025,0.00067
165.0,2026-07-02T12:38:17.503,1,-143.791,401.801,21.211,-0.5,0.0,GOING_TO_ENDPOINT,dump_zone_16,load_zone_22,0.00025,0.00067
165.0,2026-07-02T12:38:17.503,2,-146.744,405.859,17.352,1.0,1000.0,RETURNING_TO_START,load_zone_22,dump_zone_22,0.000362,0.00097
165.0,2026-07-02T12:38:17.503,3,624.477,-102.5,17.595,-0.5,1000.0,RETURNING_TO_START,load_zone_26,dump_zone_3,0.00025,0.00067
166.0,2026-07-02T12:38:20.340,1,-148.163,398.272,19.411,-0.5,0.0,GOING_TO_ENDPOINT,dump_zone_16,load_zone_22,0.00025,0.00067
166.0,2026-07-02T12:38:20.340,2,-142.784,409.474,20.952,1.0,1000.0,RETURNING_TO_START,load_zone_22,dump_zone_22,0.000385,0.001032
166.0,2026-07-02T12:38:20.340,3,619.86,-102.5,15.814,-0.4363,1000.0,RETURNING_TO_START,load_zone_26,dump_zone_3,0.00025,0.00067
167.0,2026-07-02T12:38:23.140,1,-152.545,395.632,17.611,-0.5,0.0,GOING_TO_ENDPOINT,dump_zone_16,load_zone_22,0.00025,0.00067
167.0,2026-07-02T12:38:23.140,2,-138.313,413.77,22.937,0.095,1000.0,RETURNING_TO_START,load_zone_22,dump_zone_22,0.000286,0.000766
167.0,2026-07-02T12:38:23.140,3,615.729,-102.5,14.106,-0.4622,1000.0,RETURNING_TO_START,load_zone_26,dump_zone_3,0.00025,0.00067
168.0,2026-07-02T12:38:25.864,1,-156.9,394.113,15.811,-0.5,0.0,GOING_TO_ENDPOINT,dump_zone_16,load_zone_22,0.00025,0.00067
168.0,2026-07-02T12:38:25.864,2,-133.871,418.193,22.001,-0.5,1000.0,RETURNING_TO_START,load_zone_22,dump_zone_22,0.00025,0.00067
168.0,2026-07-02T12:38:25.864,3,612.082,-102.5,12.306,-0.5,1000.0,RETURNING_TO_START,load_zone_26,dump_zone_3,0.00025,0.00067
169.0,2026-07-02T12:38:28.784,1,-160.842,392.917,14.011,-0.5,0.0,GOING_TO_ENDPOINT,dump_zone_16,load_zone_22,0.00025,0.00067
169.0,2026-07-02T12:38:28.784,2,-129.779,422.361,20.201,-0.5,1000.0,RETURNING_TO_START,load_zone_22,dump_zone_22,0.00025,0.00067
169.0,2026-07-02T12:38:28.784,3,608.906,-102.5,10.719,-0.3726,1000.0,RETURNING_TO_START,load_zone_26,dump_zone_3,0.00025,0.00067
170.0,2026-07-02T12:38:31.667,1,-164.366,392.598,12.211,-0.5,0.0,GOING_TO_ENDPOINT,dump_zone_16,load_zone_22,0.00025,0.00067
170.0,2026-07-02T12:38:31.667,2,-126.066,426.2,18.401,-0.5,1000.0,RETURNING_TO_START,load_zone_22,dump_zone_22,0.00025,0.00067
170.0,2026-07-02T12:38:31.667,3,606.176,-102.5,9.071,-0.5,1000.0,RETURNING_TO_START,load_zone_26,dump_zone_3,0.00025,0.00067
171.0,2026-07-02T12:38:34.840,1,-167.259,393.755,10.411,-0.5,0.0,GOING_TO_ENDPOINT,dump_zone_16,load_zone_22,0.00025,0.00067
171.0,2026-07-02T12:38:34.840,2,-122.719,429.697,16.626,-0.4167,1000.0,RETURNING_TO_START,load_zone_22,dump_zone_22,0.00025,0.00067
171.0,2026-07-02T12:38:34.840,3,603.912,-102.5,7.355,-0.5,1000.0,RETURNING_TO_START,load_zone_26,dump_zone_3,0.00025,0.00067
172.0,2026-07-02T12:38:38.499,1,-169.566,394.999,8.611,-0.5,0.0,GOING_TO_ENDPOINT,dump_zone_16,load_zone_22,0.00025,0.00067
172.0,2026-07-02T12:38:38.499,2,-119.675,432.9,15.139,-0.5,1000.0,RETURNING_TO_START,load_zone_22,dump_zone_22,0.00025,0.00067
172.0,2026-07-02T12:38:38.499,3,602.096,-102.483,5.972,-0.193,1000.0,RETURNING_TO_START,load_zone_26,dump_zone_3,0.00025,0.00067
173.0,2026-07-02T12:38:41.592,1,-171.37,396.191,7.511,0.0833,0.0,GOING_TO_ENDPOINT,dump_zone_16,load_zone_22,0.000257,0.000689
173.0,2026-07-02T12:38:41.592,2,-116.965,435.765,13.429,-0.5,1000.0,RETURNING_TO_START,load_zone_22,dump_zone_22,0.00025,0.00067
173.0,2026-07-02T12:38:41.592,3,600.425,-102.24,6.278,-0.0335,1000.0,RETURNING_TO_START,load_zone_26,dump_zone_3,0.000256,0.000686
174.0,2026-07-02T12:38:44.113,1,-172.456,398.113,8.611,0.25,0.0,GOING_TO_ENDPOINT,dump_zone_16,load_zone_22,0.000262,0.000702
174.0,2026-07-02T12:38:44.113,2,-114.566,438.309,12.079,-0.25,1000.0,RETURNING_TO_START,load_zone_22,dump_zone_22,0.00025,0.00067
174.0,2026-07-02T12:38:44.113,3,598.784,-101.335,7.808,0.8832,1000.0,RETURNING_TO_START,load_zone_26,dump_zone_3,0.000295,0.000791
175.0,2026-07-02T12:38:46.117,1,-172.326,400.4,7.711,-0.5,0.0,GOING_TO_ENDPOINT,dump_zone_16,load_zone_22,0.00025,0.00067
175.0,2026-07-02T12:38:46.117,2,-112.407,440.601,10.529,-0.5,1000.0,RETURNING_TO_START,load_zone_22,dump_zone_22,0.00025,0.00067
175.0,2026-07-02T12:38:46.117,3,597.561,-99.169,9.637,0.0498,1000.0,RETURNING_TO_START,load_zone_26,dump_zone_3,0.000263,0.000705
176.0,2026-07-02T12:38:47.897,1,-171.315,401.955,5.911,-0.5,0.0,GOING_TO_ENDPOINT,dump_zone_16,load_zone_22,0.00025,0.00067
176.0,2026-07-02T12:38:47.897,2,-110.47,442.443,8.829,-0.5,1000.0,RETURNING_TO_START,load_zone_22,dump_zone_22,0.00025,0.00067
176.0,2026-07-02T12:38:47.897,3,597.416,-96.587,9.267,0.2165,1000.0,RETURNING_TO_START,load_zone_26,dump_zone_3,0.000271,0.000726
177.0,2026-07-02T12:38:49.488,1,-170.184,402.719,4.111,-0.5,0.0,GOING_TO_ENDPOINT,dump_zone_16,load_zone_22,0.00025,0.00067
177.0,2026-07-02T12:38:49.488,2,-108.559,443.535,7.229,-0.4167,1000.0,RETURNING_TO_START,load_zone_22,dump_zone_22,0.00025,0.00067
177.0,2026-07-02T12:38:49.488,3,597.446,-93.69,11.876,1.0,1000.0,RETURNING_TO_START,load_zone_26,dump_zone_3,0.000327,0.000876
178.0,2026-07-02T12:38:51.832,1,-169.368,403.022,2.311,-0.5,0.0,LOADING,dump_zone_16,load_zone_22,0.00025,0.00067
178.0,2026-07-02T12:38:51.832,2,-106.913,444.34,6.035,-0.5,1000.0,RETURNING_TO_START,load_zone_22,dump_zone_22,0.00025,0.00067
178.0,2026-07-02T12:38:51.832,3,597.48,-89.849,15.476,1.0,1000.0,RETURNING_TO_START,load_zone_26,dump_zone_3,0.00035,0.000938
179.0,2026-07-02T12:38:54.176,1,-169.031,403.176,0.511,-0.5,0.0,LOADING,dump_zone_16,load_zone_22,0.00025,0.00067
179.0,2026-07-02T12:38:54.176,2,-105.681,445.158,4.96,-0.2914,1000.0,RETURNING_TO_START,load_zone_22,dump_zone_22,0.00025,0.00067
179.0,2026-07-02T12:38:54.176,3,597.502,-85.009,19.076,1.0,1000.0,RETURNING_TO_START,load_zone_26,dump_zone_3,0.000373,0.001
180.0,2026-07-02T12:38:57.056,1,-169.018,403.183,0.0,-0.5,0.0,LOADING,dump_zone_16,load_zone_22,0.00025,0.00067
180.0,2026-07-02T12:38:57.056,2,-104.653,446.017,5.261,0.5419,1000.0,RETURNING_TO_START,load_zone_22,dump_zone_22,0.000271,0.000726
180.0,2026-07-02T12:38:57.056,3,597.5,-79.195,22.409,0.75,1000.0,RETURNING_TO_START,load_zone_26,dump_zone_3,0.000364,0.000976
181.0,2026-07-02T12:38:59.630,1,-167.909,403.533,7.2,0.0,1000.0,TURNING_AROUND,load_zone_22,dump_zone_23,0.000258,0.000691
181.0,2026-07-02T12:38:59.630,2,-103.472,447.147,5.862,-0.2914,1000.0,RETURNING_TO_START,load_zone_22,dump_zone_22,0.00025,0.00067
181.0,2026-07-02T12:38:59.630,3,597.5,-72.774,23.209,-0.0833,1000.0,RETURNING_TO_START,load_zone_26,dump_zone_3,0.000264,0.000708
182.0,2026-07-02T12:39:02.397,1,-167.733,403.555,0.25,0.3333,1000.0,RETURNING_TO_START,load_zone_22,dump_zone_23,0.000251,0.000673
182.0,2026-07-02T12:39:02.397,2,-102.515,448.135,4.212,-0.4167,1000.0,RETURNING_TO_START,load_zone_22,dump_zone_22,0.00025,0.00067
182.0,2026-07-02T12:39:02.397,3,597.5,-66.378,22.674,-0.3945,1000.0,RETURNING_TO_START,load_zone_26,dump_zone_3,0.00025,0.00067
183.0,2026-07-02T12:39:05.065,1,-167.291,403.476,3.15,1.0,1000.0,RETURNING_TO_START,load_zone_22,dump_zone_23,0.00027,0.000724
183.0,2026-07-02T12:39:05.065,2,-101.871,449.023,4.085,0.041,1000.0,RETURNING_TO_START,load_zone_22,dump_zone_22,0.000255,0.000683
183.0,2026-07-02T12:39:05.065,3,597.5,-60.157,22.45,0.1811,1000.0,RETURNING_TO_START,load_zone_26,dump_zone_3,0.000296,0.000793
184.0,2026-07-02T12:39:07.399,1,-166.004,402.902,6.75,1.0,1000.0,RETURNING_TO_START,load_zone_22,dump_zone_23,0.000294,0.000788
184.0,2026-07-02T12:39:07.399,2,-101.507,449.922,2.734,-0.5,1000.0,RETURNING_TO_START,load_zone_22,dump_zone_22,0.00025,0.00067
184.0,2026-07-02T12:39:07.399,3,597.5,-53.803,22.829,-0.2262,1000.0,RETURNING_TO_START,load_zone_26,dump_zone_3,0.00025,0.00067
185.0,2026-07-02T12:39:10.307,1,-164.274,401.224,10.325,0.9167,1000.0,RETURNING_TO_START,load_zone_22,dump_zone_23,0.000312,0.000836
185.0,2026-07-02T12:39:10.307,2,-101.407,450.4,0.934,-0.5,1000.0,RETURNING_TO_START,load_zone_22,dump_zone_22,0.00025,0.00067
185.0,2026-07-02T12:39:10.307,3,597.5,-47.548,22.303,-0.0079,1000.0,RETURNING_TO_START,load_zone_26,dump_zone_3,0.000273,0.000732
186.0,2026-07-02T12:39:12.757,1,-161.806,399.292,11.675,-0.0833,1000.0,RETURNING_TO_START,load_zone_22,dump_zone_23,0.000257,0.000689
186.0,2026-07-02T12:39:12.757,2,-101.399,450.456,0.0,-0.5,1000.0,RETURNING_TO_START,load_zone_22,dump_zone_22,0.00025,0.00067
186.0,2026-07-02T12:39:12.757,3,597.5,-41.323,22.552,0.1004,1000.0,RETURNING_TO_START,load_zone_26,dump_zone_3,0.000286,0.000766
187.0,2026-07-02T12:39:16.018,1,-158.846,398.793,10.125,-0.5,1000.0,RETURNING_TO_START,load_zone_22,dump_zone_23,0.00025,0.00067
187.0,2026-07-02T12:39:16.018,2,-101.399,450.456,0.0,-0.0833,1000.0,RETURNING_TO_START,load_zone_22,dump_zone_22,0.00025,0.00067
187.0,2026-07-02T12:39:16.018,3,597.5,-34.956,23.063,-0.0663,1000.0,RETURNING_TO_START,load_zone_26,dump_zone_3,0.000266,0.000713
188.0,2026-07-02T12:39:20.095,1,-156.348,399.329,8.7,-0.0833,1000.0,RETURNING_TO_START,load_zone_22,dump_zone_23,0.000255,0.000683
188.0,2026-07-02T12:39:20.095,2,-101.38,450.62,1.65,0.9167,1000.0,RETURNING_TO_START,load_zone_22,dump_zone_22,0.00026,0.000697
188.0,2026-07-02T12:39:20.095,3,597.5,-28.641,22.581,0.0205,1000.0,RETURNING_TO_START,load_zone_26,dump_zone_3,0.000276,0.00074
189.0,2026-07-02T12:39:23.397,1,-154.027,400.385,9.891,0.5536,1000.0,RETURNING_TO_START,load_zone_22,dump_zone_23,0.00029,0.000777
189.0,2026-07-02T12:39:23.397,2,-101.42,451.617,5.25,1.0,1000.0,RETURNING_TO_START,load_zone_22,dump_zone_22,0.000284,0.000761
189.0,2026-07-02T12:39:23.397,3,597.5,-22.437,22.055,0.0205,1000.0,RETURNING_TO_START,load_zone_26,dump_zone_3,0.000276,0.00074
190.0,2026-07-02T12:39:26.227,1,-151.347,402.1,13.038,0.9167,1000.0,RETURNING_TO_START,load_zone_22,dump_zone_23,0.000328,0.000879
190.0,2026-07-02T12:39:26.227,2,-102.237,453.419,8.85,1.0,1000.0,RETURNING_TO_START,load_zone_22,dump_zone_22,0.000307,0.000823
190.0,2026-07-02T12:39:26.227,3,597.5,-16.23,22.979,0.5205,1000.0,RETURNING_TO_START,load_zone_26,dump_zone_3,0.000339,0.000909
191.0,2026-07-02T12:39:28.389,1,-148.189,404.605,15.738,0.75,1000.0,RETURNING_TO_START,load_zone_22,dump_zone_23,0.00033,0.000884
191.0,2026-07-02T12:39:28.389,2,-104.794,454.848,12.45,1.0,1000.0,RETURNING_TO_START,load_zone_22,dump_zone_22,0.00033,0.000884
191.0,2026-07-02T12:39:28.389,3,597.5,-9.725,23.627,0.0614,1000.0,RETURNING_TO_START,load_zone_26,dump_zone_3,0.000283,0.000758
192.0,2026-07-02T12:39:30.588,1,-144.53,407.853,19.263,1.0,1000.0,RETURNING_TO_START,load_zone_22,dump_zone_23,0.000374,0.001002
192.0,2026-07-02T12:39:30.588,2,-108.362,453.442,16.05,1.0,1000.0,RETURNING_TO_START,load_zone_22,dump_zone_22,0.000353,0.000946
192.0,2026-07-02T12:39:30.588,3,597.5,-3.239,23.126,0.0747,1000.0,RETURNING_TO_START,load_zone_26,dump_zone_3,0.000284,0.000761
193.0,2026-07-02T12:39:33.497,1,-140.259,411.882,22.488,0.5833,1000.0,RETURNING_TO_START,load_zone_22,dump_zone_23,0.000344,0.000922
193.0,2026-07-02T12:39:33.497,2,-111.795,449.843,19.65,1.0,1000.0,RETURNING_TO_START,load_zone_22,dump_zone_22,0.000377,0.00101
193.0,2026-07-02T12:39:33.497,3,597.5,3.32,24.113,0.3559,1000.0,RETURNING_TO_START,load_zone_26,dump_zone_3,0.000322,0.000863
194.0,2026-07-02T12:39:36.275,1,-135.717,416.34,22.807,-0.2769,1000.0,RETURNING_TO_START,load_zone_22,dump_zone_23,0.00025,0.00067
194.0,2026-07-02T12:39:36.275,2,-117.308,447.663,23.1,0.75,1000.0,RETURNING_TO_START,load_zone_22,dump_zone_22,0.000368,0.000986
194.0,2026-07-02T12:39:36.275,3,597.5,10.094,24.295,-0.3107,1000.0,RETURNING_TO_START,load_zone_26,dump_zone_3,0.00025,0.00067
195.0,2026-07-02T12:39:38.120,1,-131.42,420.679,21.472,-0.0833,1000.0,RETURNING_TO_START,load_zone_22,dump_zone_23,0.000263,0.000705
195.0,2026-07-02T12:39:38.120,2,-123.911,447.455,23.85,-0.25,1000.0,RETURNING_TO_START,load_zone_22,dump_zone_22,0.00025,0.00067
195.0,2026-07-02T12:39:38.120,3,597.5,16.601,22.858,-0.2505,1000.0,RETURNING_TO_START,load_zone_26,dump_zone_3,0.00025,0.00067
196.0,2026-07-02T12:39:40.760,1,-127.178,425.047,22.372,0.0833,1000.0,RETURNING_TO_START,load_zone_22,dump_zone_23,0.000284,0.000761
196.0,2026-07-02T12:39:40.760,2,-130.286,447.504,22.125,-0.5,1000.0,RETURNING_TO_START,load_zone_22,dump_zone_22,0.00025,0.00067
196.0,2026-07-02T12:39:40.760,3,597.5,22.935,23.306,0.5828,1000.0,RETURNING_TO_START,load_zone_26,dump_zone_3,0.000348,0.000933
197.0,2026-07-02T12:39:43.063,1,-122.976,429.427,21.097,-0.5,1000.0,RETURNING_TO_START,load_zone_22,dump_zone_23,0.00025,0.00067
197.0,2026-07-02T12:39:43.063,2,-136.161,447.502,20.325,-0.5,1000.0,RETURNING_TO_START,load_zone_22,dump_zone_22,0.00025,0.00067
197.0,2026-07-02T12:39:43.063,3,597.5,29.604,24.054,-0.2505,1000.0,RETURNING_TO_START,load_zone_26,dump_zone_3,0.00025,0.00067
198.0,2026-07-02T12:39:45.307,1,-119.126,433.479,19.297,-0.5,1000.0,RETURNING_TO_START,load_zone_22,dump_zone_23,0.00025,0.00067
198.0,2026-07-02T12:39:45.307,2,-141.536,447.5,18.525,-0.5,1000.0,RETURNING_TO_START,load_zone_22,dump_zone_22,0.00025,0.00067
198.0,2026-07-02T12:39:45.307,3,597.5,36.09,22.854,-0.0833,1000.0,RETURNING_TO_START,load_zone_26,dump_zone_3,0.000264,0.000708
199.0,2026-07-02T12:39:47.924,1,-115.631,437.179,17.497,-0.5,1000.0,RETURNING_TO_START,load_zone_22,dump_zone_23,0.00025,0.00067
199.0,2026-07-02T12:39:47.924,2,-146.411,447.5,16.725,-0.5,1000.0,RETURNING_TO_START,load_zone_22,dump_zone_22,0.00025,0.00067
199.0,2026-07-02T12:39:47.924,3,597.5,42.592,24.204,0.4167,1000.0,RETURNING_TO_START,load_zone_26,dump_zone_3,0.00033,0.000884
200.0,2026-07-02T12:39:50.307,1,-112.484,440.52,15.697,-0.5,1000.0,RETURNING_TO_START,load_zone_22,dump_zone_23,0.00025,0.00067
200.0,2026-07-02T12:39:50.307,2,-150.786,447.5,14.925,-0.5,1000.0,RETURNING_TO_START,load_zone_22,dump_zone_22,0.00025,0.00067
200.0,2026-07-02T12:39:50.307,3,597.5,49.341,24.004,-0.25,1000.0,RETURNING_TO_START,load_zone_26,dump_zone_3,0.00025,0.00067
201.0,2026-07-02T12:39:52.849,1,-109.68,443.497,13.897,-0.5,1000.0,RETURNING_TO_START,load_zone_22,dump_zone_23,0.00025,0.00067
201.0,2026-07-02T12:39:52.849,2,-154.661,447.5,13.125,-0.5,1000.0,RETURNING_TO_START,load_zone_22,dump_zone_22,0.00025,0.00067
201.0,2026-07-02T12:39:52.849,3,597.5,55.796,22.749,-0.0833,1000.0,RETURNING_TO_START,load_zone_26,dump_zone_3,0.000264,0.000708
202.0,2026-07-02T12:39:55.968,1,-107.215,446.106,12.097,-0.5,1000.0,RETURNING_TO_START,load_zone_22,dump_zone_23,0.00025,0.00067
202.0,2026-07-02T12:39:55.968,2,-158.014,447.239,11.325,-0.5,1000.0,RETURNING_TO_START,load_zone_22,dump_zone_22,0.00025,0.00067
202.0,2026-07-02T12:39:55.968,3,597.5,62.259,23.975,0.3963,1000.0,RETURNING_TO_START,load_zone_26,dump_zone_3,0.000327,0.000876
203.0,2026-07-02T12:39:58.343,1,-105.086,448.345,10.297,-0.5,1000.0,RETURNING_TO_START,load_zone_22,dump_zone_23,0.00025,0.00067
203.0,2026-07-02T12:39:58.343,2,-160.684,446.179,9.525,-0.5,1000.0,RETURNING_TO_START,load_zone_22,dump_zone_22,0.00025,0.00067
203.0,2026-07-02T12:39:58.343,3,597.5,68.924,23.514,-0.4167,1000.0,RETURNING_TO_START,load_zone_26,dump_zone_3,0.00025,0.00067
204.0,2026-07-02T12:40:00.976,1,-103.289,450.209,8.497,-0.5,1000.0,RETURNING_TO_START,load_zone_22,dump_zone_23,0.00025,0.00067
204.0,2026-07-02T12:40:00.976,2,-162.986,445.621,7.725,-0.5,1000.0,RETURNING_TO_START,load_zone_22,dump_zone_22,0.00025,0.00067
204.0,2026-07-02T12:40:00.976,3,597.5,75.347,23.114,0.25,1000.0,RETURNING_TO_START,load_zone_26,dump_zone_3,0.000306,0.00082
205.0,2026-07-02T12:40:03.426,1,-102.151,451.993,7.397,0.0833,1000.0,RETURNING_TO_START,load_zone_22,dump_zone_23,0.000261,0.000699
205.0,2026-07-02T12:40:03.426,2,-164.856,445.492,5.925,-0.5,1000.0,RETURNING_TO_START,load_zone_22,dump_zone_22,0.00025,0.00067
205.0,2026-07-02T12:40:03.426,3,597.5,81.952,24.164,0.0833,1000.0,RETURNING_TO_START,load_zone_26,dump_zone_3,0.000286,0.000766
206.0,2026-07-02T12:40:05.974,1,-101.885,454.279,9.622,1.0,1000.0,RETURNING_TO_START,load_zone_22,dump_zone_23,0.000312,0.000836
206.0,2026-07-02T12:40:05.974,2,-166.287,445.474,4.55,-0.4167,1000.0,RETURNING_TO_START,load_zone_22,dump_zone_22,0.00025,0.00067
206.0,2026-07-02T12:40:05.974,3,597.5,88.675,23.943,-0.2857,1000.0,RETURNING_TO_START,load_zone_26,dump_zone_3,0.00025,0.00067
207.0,2026-07-02T12:40:08.618,1,-102.117,457.485,13.222,1.0,1000.0,RETURNING_TO_START,load_zone_22,dump_zone_23,0.000335,0.000898
207.0,2026-07-02T12:40:08.618,2,-167.517,445.488,4.611,0.1409,1000.0,RETURNING_TO_START,load_zone_22,dump_zone_22,0.000258,0.000691
207.0,2026-07-02T12:40:08.618,3,597.5,95.221,23.115,-0.2857,1000.0,RETURNING_TO_START,load_zone_26,dump_zone_3,0.00025,0.00067
208.0,2026-07-02T12:40:10.766,1,-102.427,461.687,16.822,1.0,1000.0,RETURNING_TO_START,load_zone_22,dump_zone_23,0.000358,0.000959
208.0,2026-07-02T12:40:10.766,2,-168.919,445.719,5.31,-0.1468,1000.0,RETURNING_TO_START,load_zone_22,dump_zone_22,0.000251,0.000673
208.0,2026-07-02T12:40:10.766,3,597.5,101.523,22.666,0.2532,1000.0,RETURNING_TO_START,load_zone_26,dump_zone_3,0.000305,0.000817
209.0,2026-07-02T12:40:13.441,1,-102.507,466.901,20.422,1.0,1000.0,RETURNING_TO_START,load_zone_22,dump_zone_23,0.000382,0.001024
209.0,2026-07-02T12:40:13.441,2,-170.126,446.18,4.334,-0.0833,1000.0,RETURNING_TO_START,load_zone_22,dump_zone_22,0.000253,0.000678
209.0,2026-07-02T12:40:13.441,3,597.5,107.959,23.528,0.0865,1000.0,RETURNING_TO_START,load_zone_26,dump_zone_3,0.000286,0.000766
210.0,2026-07-02T12:40:16.277,1,-102.5,473.067,23.322,0.4167,1000.0,RETURNING_TO_START,load_zone_22,dump_zone_23,0.000327,0.000876
210.0,2026-07-02T12:40:16.277,2,-171.114,446.983,5.384,0.75,1000.0,RETURNING_TO_START,load_zone_22,dump_zone_22,0.000277,0.000742
210.0,2026-07-02T12:40:16.277,3,597.5,114.448,23.222,-0.013,1000.0,RETURNING_TO_START,load_zone_26,dump_zone_3,0.000273,0.000732
211.0,2026-07-02T12:40:19.150,1,-102.5,479.572,23.172,-0.0833,1000.0,RETURNING_TO_START,load_zone_22,dump_zone_23,0.000264,0.000708
211.0,2026-07-02T12:40:19.150,2,-172.006,448.715,8.209,0.4167,1000.0,RETURNING_TO_START,load_zone_22,dump_zone_22,0.000277,0.000742
211.0,2026-07-02T12:40:19.150,3,597.5,120.865,23.123,0.0683,1000.0,RETURNING_TO_START,load_zone_26,dump_zone_3,0.000283,0.000758
212.0,2026-07-02T12:40:21.366,1,-102.5,485.836,21.774,-0.5,1000.0,RETURNING_TO_START,load_zone_22,dump_zone_23,0.00025,0.00067
212.0,2026-07-02T12:40:21.366,2,-171.868,450.975,7.784,-0.5,1000.0,RETURNING_TO_START,load_zone_22,dump_zone_22,0.00025,0.00067
212.0,2026-07-02T12:40:21.366,3,597.5,127.356,23.519,0.0954,1000.0,RETURNING_TO_START,load_zone_26,dump_zone_3,0.000287,0.000769
213.0,2026-07-02T12:40:23.818,1,-102.5,491.614,19.974,-0.5,1000.0,RETURNING_TO_START,load_zone_22,dump_zone_23,0.00025,0.00067
213.0,2026-07-02T12:40:23.818,2,-170.84,452.543,5.984,-0.5,1000.0,RETURNING_TO_START,load_zone_22,dump_zone_22,0.00025,0.00067
213.0,2026-07-02T12:40:23.818,3,597.5,133.92,23.634,0.011,1000.0,RETURNING_TO_START,load_zone_26,dump_zone_3,0.000276,0.00074
214.0,2026-07-02T12:40:26.115,1,-102.5,496.891,18.174,-0.5,1000.0,RETURNING_TO_START,load_zone_22,dump_zone_23,0.00025,0.00067
214.0,2026-07-02T12:40:26.115,2,-169.686,453.307,4.184,-0.5,1000.0,RETURNING_TO_START,load_zone_22,dump_zone_22,0.00025,0.00067
214.0,2026-07-02T12:40:26.115,3,597.5,140.56,24.022,-0.0715,1000.0,RETURNING_TO_START,load_zone_26,dump_zone_3,0.000266,0.000713
215.0,2026-07-02T12:40:28.318,1,-102.5,501.668,16.374,-0.5,1000.0,RETURNING_TO_START,load_zone_22,dump_zone_23,0.00025,0.00067
215.0,2026-07-02T12:40:28.318,2,-168.864,453.652,2.384,-0.5,1000.0,UNLOADING,load_zone_22,dump_zone_22,0.00025,0.00067
215.0,2026-07-02T12:40:28.318,3,597.5,147.07,22.965,-0.2381,1000.0,RETURNING_TO_START,load_zone_26,dump_zone_3,0.00025,0.00067
216.0,2026-07-02T12:40:30.233,1,-102.5,505.946,14.574,-0.5,1000.0,RETURNING_TO_START,load_zone_22,dump_zone_23,0.00025,0.00067
216.0,2026-07-02T12:40:30.233,2,-168.525,453.847,0.584,-0.5,1000.0,UNLOADING,load_zone_22,dump_zone_22,0.00025,0.00067
216.0,2026-07-02T12:40:30.233,3,597.5,153.397,22.458,-0.4048,1000.0,RETURNING_TO_START,load_zone_26,dump_zone_3,0.00025,0.00067
217.0,2026-07-02T12:40:32.331,1,-102.5,509.723,12.774,-0.5,1000.0,RETURNING_TO_START,load_zone_22,dump_zone_23,0.00025,0.00067
217.0,2026-07-02T12:40:32.331,2,-168.509,453.858,0.0,-0.5,1000.0,UNLOADING,load_zone_22,dump_zone_22,0.00025,0.00067
217.0,2026-07-02T12:40:32.331,3,597.5,159.365,20.661,-0.5,1000.0,RETURNING_TO_START,load_zone_26,dump_zone_3,0.00025,0.00067
218.0,2026-07-02T12:40:34.455,1,-102.5,513.001,10.974,-0.5,1000.0,RETURNING_TO_START,load_zone_22,dump_zone_23,0.00025,0.00067
218.0,2026-07-02T12:40:34.455,2,-167.44,454.317,7.2,0.0,0.0,TURNING_AROUND,dump_zone_22,load_zone_22,0.000255,0.000683
218.0,2026-07-02T12:40:34.455,3,597.5,164.834,18.861,-0.5,1000.0,RETURNING_TO_START,load_zone_26,dump_zone_3,0.00025,0.00067
219.0,2026-07-02T12:40:36.827,1,-102.5,515.778,9.174,-0.5,1000.0,RETURNING_TO_START,load_zone_22,dump_zone_23,0.00025,0.00067
219.0,2026-07-02T12:40:36.827,2,-167.267,454.356,0.25,0.3333,0.0,GOING_TO_ENDPOINT,dump_zone_22,load_zone_22,0.00025,0.00067
219.0,2026-07-02T12:40:36.827,3,597.5,169.816,17.201,-0.5,1000.0,RETURNING_TO_START,load_zone_26,dump_zone_3,0.00025,0.00067
220.0,2026-07-02T12:40:38.949,1,-102.5,518.056,7.374,-0.5,1000.0,RETURNING_TO_START,load_zone_22,dump_zone_23,0.00025,0.00067
220.0,2026-07-02T12:40:38.949,2,-166.818,454.35,3.15,1.0,0.0,GOING_TO_ENDPOINT,dump_zone_22,load_zone_22,0.000262,0.000702
220.0,2026-07-02T12:40:38.949,3,597.5,174.323,15.401,-0.5,1000.0,RETURNING_TO_START,load_zone_26,dump_zone_3,0.00025,0.00067
221.0,2026-07-02T12:40:40.935,1,-102.379,519.824,5.574,-0.5,1000.0,RETURNING_TO_START,load_zone_22,dump_zone_23,0.00025,0.00067
221.0,2026-07-02T12:40:40.935,2,-165.408,454.213,6.75,1.0,0.0,GOING_TO_ENDPOINT,dump_zone_22,load_zone_22,0.000276,0.00074
221.0,2026-07-02T12:40:40.935,3,597.5,178.33,13.601,-0.5,1000.0,RETURNING_TO_START,load_zone_26,dump_zone_3,0.00025,0.00067
222.0,2026-07-02T12:40:43.235,1,-101.882,520.994,3.774,-0.5,1000.0,RETURNING_TO_START,load_zone_22,dump_zone_23,0.00025,0.00067
222.0,2026-07-02T12:40:43.235,2,-163.03,453.784,10.35,1.0,0.0,GOING_TO_ENDPOINT,dump_zone_22,load_zone_22,0.00029,0.000777
222.0,2026-07-02T12:40:43.235,3,597.5,181.837,11.801,-0.5,1000.0,RETURNING_TO_START,load_zone_26,dump_zone_3,0.00025,0.00067
223.0,2026-07-02T12:40:44.951,1,-101.409,521.611,1.974,-0.5,1000.0,UNLOADING,load_zone_22,dump_zone_23,0.00025,0.00067
223.0,2026-07-02T12:40:44.951,2,-159.653,453.27,13.95,1.0,0.0,GOING_TO_ENDPOINT,dump_zone_22,load_zone_22,0.000304,0.000815
223.0,2026-07-02T12:40:44.951,3,597.499,184.845,10.022,-0.4298,1000.0,RETURNING_TO_START,load_zone_26,dump_zone_3,0.00025,0.00067
224.0,2026-07-02T12:40:46.791,1,-101.214,521.808,0.174,-0.5,1000.0,UNLOADING,load_zone_22,dump_zone_23,0.00025,0.00067
224.0,2026-07-02T12:40:46.791,2,-155.263,452.789,17.55,1.0,0.0,GOING_TO_ENDPOINT,dump_zone_22,load_zone_22,0.000318,0.000852
224.0,2026-07-02T12:40:46.791,3,597.238,187.363,8.568,-0.25,1000.0,RETURNING_TO_START,load_zone_26,dump_zone_3,0.00025,0.00067
225.0,2026-07-02T12:40:48.486,1,-101.214,521.808,0.0,-0.5,1000.0,UNLOADING,load_zone_22,dump_zone_23,0.00025,0.00067
225.0,2026-07-02T12:40:48.486,2,-149.854,452.513,21.15,1.0,0.0,GOING_TO_ENDPOINT,dump_zone_22,load_zone_22,0.000332,0.00089
225.0,2026-07-02T12:40:48.486,3,596.598,189.394,6.846,-0.5,1000.0,RETURNING_TO_START,load_zone_26,dump_zone_3,0.00025,0.00067
226.0,2026-07-02T12:40:50.743,1,-99.943,522.588,7.2,0.0,0.0,TURNING_AROUND,dump_zone_23,load_zone_22,0.000255,0.000683
226.0,2026-07-02T12:40:50.743,2,-143.603,452.491,23.1,0.0833,0.0,GOING_TO_ENDPOINT,dump_zone_22,load_zone_22,0.000271,0.000726
226.0,2026-07-02T12:40:50.743,3,596.037,191.009,5.596,-0.25,1000.0,RETURNING_TO_START,load_zone_26,dump_zone_3,0.00025,0.00067
227.0,2026-07-02T12:40:53.148,1,-98.557,522.863,5.4,0.0,0.0,TURNING_AROUND,dump_zone_23,load_zone_22,0.000253,0.000678
227.0,2026-07-02T12:40:53.148,2,-137.332,452.501,21.825,-0.5,0.0,GOING_TO_ENDPOINT,dump_zone_22,load_zone_22,0.00025,0.00067
227.0,2026-07-02T12:40:53.148,3,595.718,192.507,5.246,-0.4167,1000.0,RETURNING_TO_START,load_zone_26,dump_zone_3,0.00025,0.00067
228.0,2026-07-02T12:40:55.256,1,-99.46,523.041,7.2,0.0,0.0,TURNING_AROUND,dump_zone_23,load_zone_22,0.000255,0.000683
228.0,2026-07-02T12:40:55.256,2,-131.54,452.5,20.025,-0.5,0.0,GOING_TO_ENDPOINT,dump_zone_22,load_zone_22,0.00025,0.00067
228.0,2026-07-02T12:40:55.256,3,595.582,193.763,4.29,0.0441,1000.0,RETURNING_TO_START,load_zone_26,dump_zone_3,0.000256,0.000686
229.0,2026-07-02T12:40:57.026,1,-98.029,521.674,7.2,0.0,0.0,TURNING_AROUND,dump_zone_23,load_zone_22,0.000255,0.000683
229.0,2026-07-02T12:40:57.026,2,-126.249,452.5,18.225,-0.5,0.0,GOING_TO_ENDPOINT,dump_zone_22,load_zone_22,0.00025,0.00067
229.0,2026-07-02T12:40:57.026,3,595.539,194.977,4.398,0.0021,1000.0,RETURNING_TO_START,load_zone_26,dump_zone_3,0.000255,0.000683
230.0,2026-07-02T12:40:58.746,1,-97.808,521.405,0.0,-0.3333,0.0,GOING_TO_ENDPOINT,dump_zone_23,load_zone_22,0.00025,0.00067
230.0,2026-07-02T12:40:58.746,2,-121.457,452.5,16.425,-0.5,0.0,GOING_TO_ENDPOINT,dump_zone_22,load_zone_22,0.00025,0.00067
230.0,2026-07-02T12:40:58.746,3,595.734,196.279,4.95,0.0647,1000.0,RETURNING_TO_START,load_zone_26,dump_zone_3,0.000257,0.000689
231.0,2026-07-02T12:41:01.167,1,-97.808,521.335,0.9,0.6667,0.0,GOING_TO_ENDPOINT,dump_zone_23,load_zone_22,0.000253,0.000678
231.0,2026-07-02T12:41:01.167,2,-117.165,452.5,14.625,-0.5,0.0,GOING_TO_ENDPOINT,dump_zone_22,load_zone_22,0.00025,0.00067
231.0,2026-07-02T12:41:01.167,3,596.175,197.496,4.583,0.0647,1000.0,RETURNING_TO_START,load_zone_26,dump_zone_3,0.000256,0.000686
232.0,2026-07-02T12:41:04.059,1,-97.804,520.583,4.35,1.0,0.0,GOING_TO_ENDPOINT,dump_zone_23,load_zone_22,0.000267,0.000716
232.0,2026-07-02T12:41:04.059,2,-113.376,452.574,12.825,-0.5,0.0,GOING_TO_ENDPOINT,dump_zone_22,load_zone_22,0.00025,0.00067
232.0,2026-07-02T12:41:04.059,3,596.806,198.776,6.166,0.8981,1000.0,RETURNING_TO_START,load_zone_26,dump_zone_3,0.000286,0.000766
233.0,2026-07-02T12:41:06.252,1,-97.761,518.833,7.95,1.0,0.0,GOING_TO_ENDPOINT,dump_zone_23,load_zone_22,0.000281,0.000753
233.0,2026-07-02T12:41:06.252,2,-110.267,453.59,11.025,-0.5,0.0,GOING_TO_ENDPOINT,dump_zone_22,load_zone_22,0.00025,0.00067
233.0,2026-07-02T12:41:06.252,3,598.349,200.381,9.76,1.0,1000.0,RETURNING_TO_START,load_zone_26,dump_zone_3,0.000313,0.000839
234.0,2026-07-02T12:41:08.107,1,-97.677,516.085,11.55,1.0,0.0,GOING_TO_ENDPOINT,dump_zone_23,load_zone_22,0.000295,0.000791
234.0,2026-07-02T12:41:08.107,2,-107.594,454.361,9.225,-0.5,0.0,GOING_TO_ENDPOINT,dump_zone_22,load_zone_22,0.00025,0.00067
234.0,2026-07-02T12:41:08.107,3,601.381,201.152,12.235,0.25,1000.0,RETURNING_TO_START,load_zone_26,dump_zone_3,0.000279,0.000748
235.0,2026-07-02T12:41:10.016,1,-97.589,512.336,15.15,1.0,0.0,GOING_TO_ENDPOINT,dump_zone_23,load_zone_22,0.000309,0.000828
235.0,2026-07-02T12:41:10.016,2,-105.308,454.508,7.425,-0.5,0.0,GOING_TO_ENDPOINT,dump_zone_22,load_zone_22,0.00025,0.00067
235.0,2026-07-02T12:41:10.016,3,604.541,200.211,11.335,-0.5,1000.0,RETURNING_TO_START,load_zone_26,dump_zone_3,0.00025,0.00067
236.0,2026-07-02T12:41:12.020,1,-97.521,507.586,18.75,1.0,0.0,GOING_TO_ENDPOINT,dump_zone_23,load_zone_22,0.000323,0.000866
236.0,2026-07-02T12:41:12.020,2,-103.508,454.514,5.721,-0.5,0.0,GOING_TO_ENDPOINT,dump_zone_22,load_zone_22,0.00025,0.00067
236.0,2026-07-02T12:41:12.020,3,607.268,199.288,9.685,-0.25,1000.0,RETURNING_TO_START,load_zone_26,dump_zone_3,0.00025,0.00067
237.0,2026-07-02T12:41:14.436,1,-97.497,501.836,22.35,1.0,0.0,GOING_TO_ENDPOINT,dump_zone_23,load_zone_22,0.000336,0.0009
237.0,2026-07-02T12:41:14.436,2,-102.11,454.336,4.996,0.0833,0.0,GOING_TO_ENDPOINT,dump_zone_22,load_zone_22,0.000255,0.000683
237.0,2026-07-02T12:41:14.436,3,609.997,198.894,10.641,0.6715,1000.0,RETURNING_TO_START,load_zone_26,dump_zone_3,0.0003,0.000804
238.0,2026-07-02T12:41:16.966,1,-97.499,495.086,25.95,1.0,0.0,GOING_TO_ENDPOINT,dump_zone_23,load_zone_22,0.00035,0.000938
238.0,2026-07-02T12:41:16.966,2,-100.719,453.69,6.396,0.5833,0.0,GOING_TO_ENDPOINT,dump_zone_22,load_zone_22,0.000266,0.000713
238.0,2026-07-02T12:41:16.966,3,613.373,198.796,13.701,1.0,1000.0,RETURNING_TO_START,load_zone_26,dump_zone_3,0.000338,0.000906
239.0,2026-07-02T12:41:19.539,1,-97.5,487.502,27.9,0.0833,0.0,GOING_TO_ENDPOINT,dump_zone_23,load_zone_22,0.000275,0.000737
239.0,2026-07-02T12:41:19.539,2,-99.339,451.945,9.746,1.0,0.0,GOING_TO_ENDPOINT,dump_zone_22,load_zone_22,0.000288,0.000772
239.0,2026-07-02T12:41:19.539,3,617.687,198.998,17.101,1.0,1000.0,RETURNING_TO_START,load_zone_26,dump_zone_3,0.00036,0.000965
240.0,2026-07-02T12:41:22.028,1,-97.5,479.897,26.625,-0.5,0.0,GOING_TO_ENDPOINT,dump_zone_23,load_zone_22,0.00025,0.00067
240.0,2026-07-02T12:41:22.028,2,-98.943,448.817,12.438,0.3399,0.0,GOING_TO_ENDPOINT,dump_zone_22,load_zone_22,0.000272,0.000729
240.0,2026-07-02T12:41:22.028,3,622.788,199.504,19.051,0.0833,1000.0,RETURNING_TO_START,load_zone_26,dump_zone_3,0.000279,0.000748
241.0,2026-07-02T12:41:24.149,1,-97.5,472.772,24.825,-0.5,0.0,GOING_TO_ENDPOINT,dump_zone_23,load_zone_22,0.00025,0.00067
241.0,2026-07-02T12:41:24.149,2,-100.38,445.733,12.462,0.1732,0.0,GOING_TO_ENDPOINT,dump_zone_22,load_zone_22,0.000265,0.00071
241.0,2026-07-02T12:41:24.149,3,627.892,200.164,17.776,-0.5,1000.0,RETURNING_TO_START,load_zone_26,dump_zone_3,0.00025,0.00067
242.0,2026-07-02T12:41:25.851,1,-97.5,466.147,23.025,-0.5,0.0,GOING_TO_ENDPOINT,dump_zone_23,load_zone_22,0.00025,0.00067
242.0,2026-07-02T12:41:25.851,2,-102.927,442.964,14.954,1.0,0.0,GOING_TO_ENDPOINT,dump_zone_22,load_zone_22,0.000308,0.000825
242.0,2026-07-02T12:41:25.851,3,632.513,200.816,15.976,-0.5,1000.0,RETURNING_TO_START,load_zone_26,dump_zone_3,0.00025,0.00067
243.0,2026-07-02T12:41:27.148,1,-97.5,460.022,21.225,-0.5,0.0,GOING_TO_ENDPOINT,dump_zone_23,load_zone_22,0.00025,0.00067
243.0,2026-07-02T12:41:27.148,2,-106.271,439.668,18.554,1.0,0.0,GOING_TO_ENDPOINT,dump_zone_22,load_zone_22,0.000322,0.000863
243.0,2026-07-02T12:41:27.148,3,636.641,201.384,14.176,-0.5,1000.0,RETURNING_TO_START,load_zone_26,dump_zone_3,0.00025,0.00067
244.0,2026-07-02T12:41:29.027,1,-97.501,454.397,19.425,-0.5,0.0,GOING_TO_ENDPOINT,dump_zone_23,load_zone_22,0.00025,0.00067
244.0,2026-07-02T12:41:29.027,2,-110.247,435.589,22.154,1.0,0.0,GOING_TO_ENDPOINT,dump_zone_22,load_zone_22,0.000336,0.0009
244.0,2026-07-02T12:41:29.027,3,640.28,201.834,12.376,-0.5,1000.0,RETURNING_TO_START,load_zone_26,dump_zone_3,0.00025,0.00067
245.0,2026-07-02T12:41:31.397,1,-97.859,449.297,17.625,-0.5,0.0,GOING_TO_ENDPOINT,dump_zone_23,load_zone_22,0.00025,0.00067
245.0,2026-07-02T12:41:31.397,2,-114.851,430.729,25.729,0.9167,0.0,GOING_TO_ENDPOINT,dump_zone_22,load_zone_22,0.000343,0.000919
245.0,2026-07-02T12:41:31.397,3,643.454,202.156,10.676,-0.5,1000.0,RETURNING_TO_START,load_zone_26,dump_zone_3,0.00025,0.00067
246.0,2026-07-02T12:41:33.861,1,-100.043,445.378,15.975,-0.25,0.0,GOING_TO_ENDPOINT,dump_zone_23,load_zone_22,0.00025,0.00067
246.0,2026-07-02T12:41:33.861,2,-120.064,425.236,28.129,0.25,0.0,GOING_TO_ENDPOINT,dump_zone_22,load_zone_22,0.000291,0.00078
246.0,2026-07-02T12:41:33.861,3,646.141,202.357,8.876,-0.5,1000.0,RETURNING_TO_START,load_zone_26,dump_zone_3,0.00025,0.00067
247.0,2026-07-02T12:41:36.157,1,-103.434,442.402,17.025,0.75,0.0,GOING_TO_ENDPOINT,dump_zone_23,load_zone_22,0.000302,0.000809
247.0,2026-07-02T12:41:36.157,2,-125.435,419.656,27.229,-0.5,0.0,GOING_TO_ENDPOINT,dump_zone_22,load_zone_22,0.00025,0.00067
247.0,2026-07-02T12:41:36.157,3,648.335,202.414,7.101,-0.4167,1000.0,RETURNING_TO_START,load_zone_26,dump_zone_3,0.00025,0.00067
248.0,2026-07-02T12:41:37.474,1,-107.207,438.751,20.55,1.0,0.0,GOING_TO_ENDPOINT,dump_zone_23,load_zone_22,0.000329,0.000882
248.0,2026-07-02T12:41:37.474,2,-130.54,414.448,25.429,-0.5,0.0,GOING_TO_ENDPOINT,dump_zone_22,load_zone_22,0.00025,0.00067
248.0,2026-07-02T12:41:37.474,3,650.207,201.906,7.551,0.5833,1000.0,RETURNING_TO_START,load_zone_26,dump_zone_3,0.000282,0.000756
249.0,2026-07-02T12:41:39.243,1,-111.534,434.241,24.15,1.0,0.0,GOING_TO_ENDPOINT,dump_zone_23,load_zone_22,0.000343,0.000919
249.0,2026-07-02T12:41:39.243,2,-135.358,409.66,23.629,-0.5,0.0,GOING_TO_ENDPOINT,dump_zone_22,load_zone_22,0.00025,0.00067
249.0,2026-07-02T12:41:39.243,3,651.935,200.118,10.201,0.4167,1000.0,RETURNING_TO_START,load_zone_26,dump_zone_3,0.000284,0.000761
250.0,2026-07-02T12:41:41.475,1,-116.508,428.974,27.6,0.75,0.0,GOING_TO_ENDPOINT,dump_zone_23,load_zone_22,0.000334,0.000895
250.0,2026-07-02T12:41:41.475,2,-139.907,405.312,21.829,-0.5,0.0,GOING_TO_ENDPOINT,dump_zone_22,load_zone_22,0.00025,0.00067
250.0,2026-07-02T12:41:41.475,3,652.554,197.324,10.501,0.25,1000.0,RETURNING_TO_START,load_zone_26,dump_zone_3,0.000275,0.000737
251.0,2026-07-02T12:41:43.676,1,-121.932,423.283,28.35,-0.25,0.0,GOING_TO_ENDPOINT,dump_zone_23,load_zone_22,0.00025,0.00067
251.0,2026-07-02T12:41:43.676,2,-144.214,401.438,20.029,-0.5,0.0,GOING_TO_ENDPOINT,dump_zone_22,load_zone_22,0.00025,0.00067
251.0,2026-07-02T12:41:43.676,3,652.558,194.131,12.39,0.4075,1000.0,RETURNING_TO_START,load_zone_26,dump_zone_3,0.00029,0.000777
252.0,2026-07-02T12:41:45.848,1,-127.235,417.805,26.625,-0.5,0.0,GOING_TO_ENDPOINT,dump_zone_23,load_zone_22,0.00025,0.00067
252.0,2026-07-02T12:41:45.848,2,-148.36,398.151,18.229,-0.5,0.0,GOING_TO_ENDPOINT,dump_zone_22,load_zone_22,0.00025,0.00067
252.0,2026-07-02T12:41:45.848,3,652.511,190.679,11.937,-0.5,1000.0,RETURNING_TO_START,load_zone_26,dump_zone_3,0.00025,0.00067
253.0,2026-07-02T12:41:47.711,1,-132.246,412.74,24.825,-0.5,0.0,GOING_TO_ENDPOINT,dump_zone_23,load_zone_22,0.00025,0.00067
253.0,2026-07-02T12:41:47.711,2,-152.461,395.68,16.429,-0.5,0.0,GOING_TO_ENDPOINT,dump_zone_22,load_zone_22,0.00025,0.00067
253.0,2026-07-02T12:41:47.711,3,652.5,187.564,10.505,-0.5,1000.0,RETURNING_TO_START,load_zone_26,dump_zone_3,0.00025,0.00067
254.0,2026-07-02T12:41:49.775,1,-136.975,408.1,23.025,-0.5,0.0,GOING_TO_ENDPOINT,dump_zone_23,load_zone_22,0.00025,0.00067
254.0,2026-07-02T12:41:49.775,2,-156.491,394.223,14.629,-0.5,0.0,GOING_TO_ENDPOINT,dump_zone_22,load_zone_22,0.00025,0.00067
254.0,2026-07-02T12:41:49.775,3,652.499,184.917,8.705,-0.5,1000.0,RETURNING_TO_START,load_zone_26,dump_zone_3,0.00025,0.00067
255.0,2026-07-02T12:41:52.270,1,-141.438,403.905,21.225,-0.5,0.0,GOING_TO_ENDPOINT,dump_zone_23,load_zone_22,0.00025,0.00067
255.0,2026-07-02T12:41:52.270,2,-160.125,393.142,12.829,-0.5,0.0,GOING_TO_ENDPOINT,dump_zone_22,load_zone_22,0.00025,0.00067
255.0,2026-07-02T12:41:52.270,3,652.5,182.77,6.905,-0.5,1000.0,RETURNING_TO_START,load_zone_26,dump_zone_3,0.00025,0.00067
256.0,2026-07-02T12:41:54.578,1,-145.681,400.213,19.425,-0.5,0.0,GOING_TO_ENDPOINT,dump_zone_23,load_zone_22,0.00025,0.00067
256.0,2026-07-02T12:41:54.578,2,-163.369,392.656,11.029,-0.5,0.0,GOING_TO_ENDPOINT,dump_zone_22,load_zone_22,0.00025,0.00067
256.0,2026-07-02T12:41:54.578,3,652.498,181.123,5.105,-0.5,1000.0,RETURNING_TO_START,load_zone_26,dump_zone_3,0.00025,0.00067
257.0,2026-07-02T12:41:56.480,1,-149.81,397.183,17.625,-0.5,0.0,GOING_TO_ENDPOINT,dump_zone_23,load_zone_22,0.00025,0.00067
257.0,2026-07-02T12:41:56.480,2,-166.086,393.249,9.229,-0.5,0.0,GOING_TO_ENDPOINT,dump_zone_22,load_zone_22,0.00025,0.00067
257.0,2026-07-02T12:41:56.480,3,652.476,179.977,3.305,-0.5,1000.0,UNLOADING,load_zone_26,dump_zone_3,0.00025,0.00067
258.0,2026-07-02T12:41:58.012,1,-153.91,395.061,15.825,-0.5,0.0,GOING_TO_ENDPOINT,dump_zone_23,load_zone_22,0.00025,0.00067
258.0,2026-07-02T12:41:58.012,2,-168.163,394.217,7.429,-0.5,0.0,GOING_TO_ENDPOINT,dump_zone_22,load_zone_22,0.00025,0.00067
258.0,2026-07-02T12:41:58.012,3,652.575,179.338,1.505,-0.5,1000.0,UNLOADING,load_zone_26,dump_zone_3,0.00025,0.00067
259.0,2026-07-02T12:41:59.561,1,-157.848,393.839,14.025,-0.5,0.0,GOING_TO_ENDPOINT,dump_zone_23,load_zone_22,0.00025,0.00067
259.0,2026-07-02T12:41:59.561,2,-169.733,395.082,5.629,-0.5,0.0,GOING_TO_ENDPOINT,dump_zone_22,load_zone_22,0.00025,0.00067
259.0,2026-07-02T12:41:59.561,3,652.613,179.185,0.0,-0.5,1000.0,UNLOADING,load_zone_26,dump_zone_3,0.00025,0.00067
260.0,2026-07-02T12:42:01.834,1,-161.294,392.733,12.225,-0.5,0.0,GOING_TO_ENDPOINT,dump_zone_23,load_zone_22,0.00025,0.00067
260.0,2026-07-02T12:42:01.834,2,-170.885,395.669,3.854,-0.4167,0.0,GOING_TO_ENDPOINT,dump_zone_22,load_zone_22,0.00025,0.00067
260.0,2026-07-02T12:42:01.834,3,652.613,179.185,0.0,-0.5,1000.0,UNLOADING,load_zone_26,dump_zone_3,0.00025,0.00067
261.0,2026-07-02T12:42:03.906,1,-164.332,392.443,10.425,-0.5,0.0,GOING_TO_ENDPOINT,dump_zone_23,load_zone_22,0.00025,0.00067
261.0,2026-07-02T12:42:03.906,2,-171.77,396.239,4.304,0.5833,0.0,GOING_TO_ENDPOINT,dump_zone_22,load_zone_22,0.000261,0.000699
261.0,2026-07-02T12:42:03.906,3,653.626,177.484,7.2,0.0,0.0,TURNING_AROUND,dump_zone_3,load_zone_26,0.000255,0.000683
262.0,2026-07-02T12:42:06.294,1,-166.529,393.83,8.625,-0.5,0.0,GOING_TO_ENDPOINT,dump_zone_23,load_zone_22,0.00025,0.00067
262.0,2026-07-02T12:42:06.294,2,-172.775,397.562,7.654,1.0,0.0,GOING_TO_ENDPOINT,dump_zone_22,load_zone_22,0.00028,0.00075
262.0,2026-07-02T12:42:06.294,3,653.989,177.046,5.4,0.0,0.0,TURNING_AROUND,dump_zone_3,load_zone_26,0.000253,0.000678
263.0,2026-07-02T12:42:08.326,1,-168.069,395.288,6.825,-0.5,0.0,GOING_TO_ENDPOINT,dump_zone_23,load_zone_22,0.00025,0.00067
263.0,2026-07-02T12:42:08.326,2,-173.068,400.006,9.604,0.0833,0.0,GOING_TO_ENDPOINT,dump_zone_22,load_zone_22,0.000259,0.000694
263.0,2026-07-02T12:42:08.326,3,653.971,177.236,7.2,0.0,0.0,TURNING_AROUND,dump_zone_3,load_zone_26,0.000255,0.000683
264.0,2026-07-02T12:42:09.762,1,-169.363,396.271,5.025,-0.5,0.0,GOING_TO_ENDPOINT,dump_zone_23,load_zone_22,0.00025,0.00067
264.0,2026-07-02T12:42:09.762,2,-171.858,402.173,8.329,-0.5,0.0,GOING_TO_ENDPOINT,dump_zone_22,load_zone_22,0.00025,0.00067
264.0,2026-07-02T12:42:09.762,3,655.836,177.898,7.2,0.0,0.0,TURNING_AROUND,dump_zone_3,load_zone_26,0.000255,0.000683
265.0,2026-07-02T12:42:10.910,1,-170.369,396.766,3.225,-0.5,0.0,LOADING,dump_zone_23,load_zone_22,0.00025,0.00067
265.0,2026-07-02T12:42:10.910,2,-170.08,403.134,6.529,-0.5,0.0,GOING_TO_ENDPOINT,dump_zone_22,load_zone_22,0.00025,0.00067
265.0,2026-07-02T12:42:10.910,3,655.261,177.18,5.4,0.0,0.0,TURNING_AROUND,dump_zone_3,load_zone_26,0.000253,0.000678
266.0,2026-07-02T12:42:12.279,1,-170.942,397.016,1.425,-0.5,0.0,LOADING,dump_zone_23,load_zone_22,0.00025,0.00067
266.0,2026-07-02T12:42:12.279,2,-168.548,403.215,4.729,-0.5,0.0,GOING_TO_ENDPOINT,dump_zone_22,load_zone_22,0.00025,0.00067
266.0,2026-07-02T12:42:12.279,3,655.554,178.05,0.0,-0.3333,0.0,GOING_TO_ENDPOINT,dump_zone_3,load_zone_26,0.00025,0.00067
267.0,2026-07-02T12:42:13.799,1,-171.066,397.084,0.0,-0.1667,0.0,LOADING,dump_zone_23,load_zone_22,0.00025,0.00067
267.0,2026-07-02T12:42:13.799,2,-167.536,402.938,3.029,-0.5,0.0,LOADING,dump_zone_22,load_zone_22,0.00025,0.00067
267.0,2026-07-02T12:42:13.799,3,655.554,178.119,0.9,0.6667,0.0,GOING_TO_ENDPOINT,dump_zone_3,load_zone_26,0.000253,0.000678
268.0,2026-07-02T12:42:15.440,1,-171.268,397.211,7.2,0.0,1000.0,TURNING_AROUND,load_zone_22,dump_zone_22,0.000258,0.000691
268.0,2026-07-02T12:42:15.440,2,-167.027,402.682,1.229,-0.5,0.0,LOADING,dump_zone_22,load_zone_22,0.00025,0.00067
268.0,2026-07-02T12:42:15.440,3,655.464,178.865,4.35,1.0,0.0,GOING_TO_ENDPOINT,dump_zone_3,load_zone_26,0.000267,0.000716
269.0,2026-07-02T12:42:16.171,1,-172.579,398.694,7.2,0.0,1000.0,TURNING_AROUND,load_zone_22,dump_zone_22,0.000258,0.000691
269.0,2026-07-02T12:42:16.171,2,-166.936,402.628,0.0,-0.0,0.0,LOADING,dump_zone_22,load_zone_22,0.00025,0.00067
269.0,2026-07-02T12:42:16.171,3,654.722,180.434,7.95,1.0,0.0,GOING_TO_ENDPOINT,dump_zone_3,load_zone_26,0.000281,0.000753
270.0,2026-07-02T12:42:16.994,1,-172.819,398.889,5.4,0.0,1000.0,TURNING_AROUND,load_zone_22,dump_zone_22,0.000256,0.000686
270.0,2026-07-02T12:42:16.994,2,-166.434,402.353,7.2,0.0,1000.0,TURNING_AROUND,load_zone_22,dump_zone_23,0.000258,0.000691
270.0,2026-07-02T12:42:16.994,3,652.584,182.145,11.55,1.0,0.0,GOING_TO_ENDPOINT,dump_zone_3,load_zone_26,0.000295,0.000791
271.0,2026-07-02T12:42:18.578,1,-172.586,399.101,7.2,0.0,1000.0,TURNING_AROUND,load_zone_22,dump_zone_22,0.000258,0.000691
271.0,2026-07-02T12:42:18.578,2,-166.005,402.213,1.35,0.8333,1000.0,RETURNING_TO_START,load_zone_22,dump_zone_23,0.000257,0.000689
271.0,2026-07-02T12:42:18.578,3,649.587,184.375,15.125,0.9167,0.0,GOING_TO_ENDPOINT,dump_zone_3,load_zone_26,0.000304,0.000815
272.0,2026-07-02T12:42:20.043,1,-171.386,400.675,7.2,0.0,1000.0,TURNING_AROUND,load_zone_22,dump_zone_22,0.000258,0.000691
272.0,2026-07-02T12:42:20.043,2,-165.127,401.984,4.925,1.0,1000.0,RETURNING_TO_START,load_zone_22,dump_zone_23,0.000282,0.000756
272.0,2026-07-02T12:42:20.043,3,647.649,188.342,16.475,-0.0833,0.0,GOING_TO_ENDPOINT,dump_zone_3,load_zone_26,0.000256,0.000686
273.0,2026-07-02T12:42:21.647,1,-172.479,400.167,5.4,0.0,1000.0,TURNING_AROUND,load_zone_22,dump_zone_22,0.000256,0.000686
273.0,2026-07-02T12:42:21.647,2,-163.55,400.928,8.5,0.9167,1000.0,RETURNING_TO_START,load_zone_22,dump_zone_23,0.000301,0.000807
273.0,2026-07-02T12:42:21.647,3,647.446,192.7,14.925,-0.5,0.0,GOING_TO_ENDPOINT,dump_zone_3,load_zone_26,0.00025,0.00067
274.0,2026-07-02T12:42:23.687,1,-171.899,400.24,0.675,0.5833,1000.0,RETURNING_TO_START,load_zone_22,dump_zone_22,0.000253,0.000678
274.0,2026-07-02T12:42:23.687,2,-161.434,399.354,9.85,-0.0833,1000.0,RETURNING_TO_START,load_zone_22,dump_zone_23,0.000256,0.000686
274.0,2026-07-02T12:42:23.687,3,647.494,196.575,13.125,-0.5,0.0,GOING_TO_ENDPOINT,dump_zone_3,load_zone_26,0.00025,0.00067
275.0,2026-07-02T12:42:26.137,1,-171.235,400.19,4.025,1.0,1000.0,RETURNING_TO_START,load_zone_22,dump_zone_22,0.000276,0.00074
275.0,2026-07-02T12:42:26.137,2,-158.984,398.817,8.364,-0.3732,1000.0,RETURNING_TO_START,load_zone_22,dump_zone_23,0.00025,0.00067
275.0,2026-07-02T12:42:26.137,3,647.123,199.893,11.328,-0.4907,0.0,GOING_TO_ENDPOINT,dump_zone_3,load_zone_26,0.00025,0.00067
276.0,2026-07-02T12:42:28.276,1,-169.588,400.356,7.625,1.0,1000.0,RETURNING_TO_START,load_zone_22,dump_zone_22,0.000299,0.000801
276.0,2026-07-02T12:42:28.276,2,-156.828,399.17,7.921,0.2935,1000.0,RETURNING_TO_START,load_zone_22,dump_zone_23,0.000271,0.000726
276.0,2026-07-02T12:42:28.276,3,644.944,201.916,11.211,0.4259,0.0,GOING_TO_ENDPOINT,dump_zone_3,load_zone_26,0.000273,0.000732
277.0,2026-07-02T12:42:30.676,1,-167.077,400.763,10.225,0.4167,1000.0,RETURNING_TO_START,load_zone_22,dump_zone_22,0.000284,0.000761
277.0,2026-07-02T12:42:30.676,2,-154.518,400.123,10.086,0.6579,1000.0,RETURNING_TO_START,load_zone_22,dump_zone_23,0.000296,0.000793
277.0,2026-07-02T12:42:30.676,3,641.536,201.644,14.303,1.0,0.0,GOING_TO_ENDPOINT,dump_zone_3,load_zone_26,0.000305,0.000817
278.0,2026-07-02T12:42:33.404,1,-164.195,400.087,10.939,-0.0885,1000.0,RETURNING_TO_START,load_zone_22,dump_zone_22,0.000256,0.000686
278.0,2026-07-02T12:42:33.404,2,-151.798,401.771,12.455,0.4912,1000.0,RETURNING_TO_START,load_zone_22,dump_zone_23,0.000296,0.000793
278.0,2026-07-02T12:42:33.404,3,638.339,198.483,17.903,1.0,0.0,GOING_TO_ENDPOINT,dump_zone_3,load_zone_26,0.000319,0.000855
279.0,2026-07-02T12:42:36.187,1,-161.525,399.155,9.383,-0.5,1000.0,RETURNING_TO_START,load_zone_22,dump_zone_22,0.00025,0.00067
279.0,2026-07-02T12:42:36.187,2,-148.766,404.111,15.023,0.6579,1000.0,RETURNING_TO_START,load_zone_22,dump_zone_23,0.000319,0.000855
279.0,2026-07-02T12:42:36.187,3,633.536,196.04,20.464,0.2859,0.0,GOING_TO_ENDPOINT,dump_zone_3,load_zone_26,0.000282,0.000756
280.0,2026-07-02T12:42:38.609,1,-159.167,398.875,8.233,-0.0833,1000.0,RETURNING_TO_START,load_zone_22,dump_zone_22,0.000255,0.000683
280.0,2026-07-02T12:42:38.609,2,-145.292,407.154,18.232,1.0,1000.0,RETURNING_TO_START,load_zone_22,dump_zone_23,0.000368,0.000986
280.0,2026-07-02T12:42:38.609,3,627.989,195.088,19.661,-0.5,0.0,GOING_TO_ENDPOINT,dump_zone_3,load_zone_26,0.00025,0.00067
281.0,2026-07-02T12:42:41.500,1,-156.974,399.198,8.233,0.4167,1000.0,RETURNING_TO_START,load_zone_22,dump_zone_22,0.000277,0.000742
281.0,2026-07-02T12:42:41.500,2,-141.197,410.982,21.831,0.995,1000.0,RETURNING_TO_START,load_zone_22,dump_zone_23,0.00039,0.001045
281.0,2026-07-02T12:42:41.500,3,622.835,194.476,17.861,-0.5,0.0,GOING_TO_ENDPOINT,dump_zone_3,load_zone_26,0.00025,0.00067
282.0,2026-07-02T12:42:43.821,1,-154.482,400.179,10.933,0.5833,1000.0,RETURNING_TO_START,load_zone_22,dump_zone_22,0.000296,0.000793
282.0,2026-07-02T12:42:43.821,2,-136.586,415.475,23.763,0.0784,1000.0,RETURNING_TO_START,load_zone_22,dump_zone_23,0.000285,0.000764
282.0,2026-07-02T12:42:43.821,3,618.166,194.031,16.061,-0.5,0.0,GOING_TO_ENDPOINT,dump_zone_3,load_zone_26,0.00025,0.00067
283.0,2026-07-02T12:42:46.433,1,-151.736,401.824,11.848,0.1378,1000.0,RETURNING_TO_START,load_zone_22,dump_zone_22,0.000271,0.000726
283.0,2026-07-02T12:42:46.433,2,-132.032,420.056,22.629,-0.25,1000.0,RETURNING_TO_START,load_zone_22,dump_zone_23,0.00025,0.00067
283.0,2026-07-02T12:42:46.433,3,613.98,193.831,14.261,-0.5,0.0,GOING_TO_ENDPOINT,dump_zone_3,load_zone_26,0.00025,0.00067
284.0,2026-07-02T12:42:48.740,1,-149.003,403.907,13.244,0.8045,1000.0,RETURNING_TO_START,load_zone_22,dump_zone_22,0.000321,0.00086
284.0,2026-07-02T12:42:48.740,2,-127.723,424.481,21.605,-0.4167,1000.0,RETURNING_TO_START,load_zone_22,dump_zone_23,0.00025,0.00067
284.0,2026-07-02T12:42:48.740,3,610.295,193.956,12.461,-0.5,0.0,GOING_TO_ENDPOINT,dump_zone_3,load_zone_26,0.00025,0.00067
285.0,2026-07-02T12:42:51.441,1,-145.828,406.669,16.802,1.0,1000.0,RETURNING_TO_START,load_zone_22,dump_zone_22,0.000358,0.000959
285.0,2026-07-02T12:42:51.441,2,-123.748,428.62,19.836,-0.5,1000.0,RETURNING_TO_START,load_zone_22,dump_zone_23,0.00025,0.00067
285.0,2026-07-02T12:42:51.441,3,607.366,195.159,10.661,-0.5,0.0,GOING_TO_ENDPOINT,dump_zone_3,load_zone_26,0.00025,0.00067
286.0,2026-07-02T12:42:54.631,1,-142.008,410.21,20.402,1.0,1000.0,RETURNING_TO_START,load_zone_22,dump_zone_22,0.000382,0.001024
286.0,2026-07-02T12:42:54.631,2,-120.132,432.418,18.136,-0.4167,1000.0,RETURNING_TO_START,load_zone_22,dump_zone_23,0.00025,0.00067
286.0,2026-07-02T12:42:54.631,3,605.037,196.504,8.861,-0.5,0.0,GOING_TO_ENDPOINT,dump_zone_3,load_zone_26,0.00025,0.00067
287.0,2026-07-02T12:42:57.633,1,-137.595,414.479,23.122,0.3501,1000.0,RETURNING_TO_START,load_zone_22,dump_zone_22,0.000318,0.000852
287.0,2026-07-02T12:42:57.633,2,-116.853,435.884,16.441,-0.3999,1000.0,RETURNING_TO_START,load_zone_22,dump_zone_23,0.00025,0.00067
287.0,2026-07-02T12:42:57.633,3,603.054,197.435,7.061,-0.5,0.0,GOING_TO_ENDPOINT,dump_zone_3,load_zone_26,0.00025,0.00067
288.0,2026-07-02T12:42:59.920,1,-133.068,419.008,22.498,-0.5,1000.0,RETURNING_TO_START,load_zone_22,dump_zone_22,0.00025,0.00067
288.0,2026-07-02T12:42:59.920,2,-113.899,439.017,14.676,-0.5,1000.0,RETURNING_TO_START,load_zone_22,dump_zone_23,0.00025,0.00067
288.0,2026-07-02T12:42:59.920,3,601.53,198.199,5.386,-0.4167,0.0,GOING_TO_ENDPOINT,dump_zone_3,load_zone_26,0.00025,0.00067
289.0,2026-07-02T12:43:02.261,1,-128.885,423.28,20.698,-0.5,1000.0,RETURNING_TO_START,load_zone_22,dump_zone_22,0.00025,0.00067
289.0,2026-07-02T12:43:02.261,2,-111.267,441.812,13.101,-0.4167,1000.0,RETURNING_TO_START,load_zone_22,dump_zone_23,0.00025,0.00067
289.0,2026-07-02T12:43:02.261,3,600.346,198.545,3.651,-0.4167,0.0,GOING_TO_ENDPOINT,dump_zone_3,load_zone_26,0.00025,0.00067
290.0,2026-07-02T12:50:54.314,1,-125.083,427.224,18.898,-0.5,1000.0,RETURNING_TO_START,load_zone_22,dump_zone_22,0.00025,0.00067
290.0,2026-07-02T12:50:54.314,2,-108.911,444.313,12.026,-0.0833,1000.0,RETURNING_TO_START,load_zone_22,dump_zone_23,0.000257,0.000689
290.0,2026-07-02T12:50:54.314,3,599.36,198.57,3.851,0.25,0.0,GOING_TO_ENDPOINT,dump_zone_3,load_zone_26,0.000256,0.000686
291.0,2026-07-02T12:50:57.558,1,-121.645,430.825,17.098,-0.5,1000.0,RETURNING_TO_START,load_zone_22,dump_zone_22,0.00025,0.00067
291.0,2026-07-02T12:50:57.558,2,-106.688,446.663,11.276,-0.4167,1000.0,RETURNING_TO_START,load_zone_22,dump_zone_23,0.00025,0.00067
291.0,2026-07-02T12:50:57.558,3,598.012,198.183,6.551,1.0,0.0,GOING_TO_ENDPOINT,dump_zone_3,load_zone_26,0.000275,0.000737
292.0,2026-07-02T12:51:00.607,1,-118.563,434.074,15.298,-0.5,1000.0,RETURNING_TO_START,load_zone_22,dump_zone_22,0.00025,0.00067
292.0,2026-07-02T12:51:00.607,2,-104.713,448.735,9.476,-0.5,1000.0,RETURNING_TO_START,load_zone_22,dump_zone_23,0.00025,0.00067
292.0,2026-07-02T12:51:00.607,3,596.327,196.58,10.151,1.0,0.0,GOING_TO_ENDPOINT,dump_zone_3,load_zone_26,0.000289,0.000775
293.0,2026-07-02T12:51:04.889,1,-115.828,436.97,13.598,-0.4167,1000.0,RETURNING_TO_START,load_zone_22,dump_zone_22,0.00025,0.00067
293.0,2026-07-02T12:51:04.889,2,-103.082,450.442,7.676,-0.5,1000.0,RETURNING_TO_START,load_zone_22,dump_zone_23,0.00025,0.00067
293.0,2026-07-02T12:51:04.889,3,596.053,193.33,13.751,1.0,0.0,GOING_TO_ENDPOINT,dump_zone_3,load_zone_26,0.000303,0.000812
294.0,2026-07-02T12:51:08.925,1,-113.423,439.522,11.798,-0.5,1000.0,RETURNING_TO_START,load_zone_22,dump_zone_22,0.00025,0.00067
294.0,2026-07-02T12:51:08.925,2,-102.104,452.067,6.576,0.0833,1000.0,RETURNING_TO_START,load_zone_22,dump_zone_23,0.00026,0.000697
294.0,2026-07-02T12:51:08.925,3,598.559,189.789,17.351,1.0,0.0,GOING_TO_ENDPOINT,dump_zone_3,load_zone_26,0.000317,0.00085
295.0,2026-07-02T12:51:12.212,1,-111.338,441.687,9.998,-0.5,1000.0,RETURNING_TO_START,load_zone_22,dump_zone_22,0.00025,0.00067
295.0,2026-07-02T12:51:12.212,2,-101.883,454.127,8.801,1.0,1000.0,RETURNING_TO_START,load_zone_22,dump_zone_23,0.000307,0.000823
295.0,2026-07-02T12:51:12.212,3,601.047,185.049,20.951,1.0,0.0,GOING_TO_ENDPOINT,dump_zone_3,load_zone_26,0.000331,0.000887
296.0,2026-07-02T12:51:15.460,1,-109.255,443.066,8.198,-0.5,1000.0,RETURNING_TO_START,load_zone_22,dump_zone_22,0.00025,0.00067
296.0,2026-07-02T12:51:15.460,2,-102.089,457.106,12.401,1.0,1000.0,RETURNING_TO_START,load_zone_22,dump_zone_23,0.00033,0.000884
296.0,2026-07-02T12:51:15.460,3,602.372,178.851,24.551,1.0,0.0,GOING_TO_ENDPOINT,dump_zone_3,load_zone_26,0.000345,0.000925
297.0,2026-07-02T12:51:18.936,1,-107.434,443.948,6.67,-0.337,1000.0,RETURNING_TO_START,load_zone_22,dump_zone_22,0.00025,0.00067
297.0,2026-07-02T12:51:18.936,2,-102.343,461.084,16.001,1.0,1000.0,RETURNING_TO_START,load_zone_22,dump_zone_23,0.000353,0.000946
297.0,2026-07-02T12:51:18.936,3,602.51,171.558,27.526,0.75,0.0,GOING_TO_ENDPOINT,dump_zone_3,load_zone_26,0.000334,0.000895
298.0,2026-07-02T12:51:21.153,1,-106.009,444.854,5.815,-0.0802,1000.0,RETURNING_TO_START,load_zone_22,dump_zone_22,0.000254,0.000681
298.0,2026-07-02T12:51:21.153,2,-102.487,466.068,19.601,1.0,1000.0,RETURNING_TO_START,load_zone_22,dump_zone_23,0.000376,0.001008
298.0,2026-07-02T12:51:21.153,3,602.499,163.652,28.701,-0.1319,0.0,GOING_TO_ENDPOINT,dump_zone_3,load_zone_26,0.000256,0.000686
299.0,2026-07-02T12:51:24.092,1,-104.886,445.784,4.976,0.0864,1000.0,RETURNING_TO_START,load_zone_22,dump_zone_22,0.000258,0.000691
299.0,2026-07-02T12:51:24.092,2,-102.501,472.035,22.826,0.5833,1000.0,RETURNING_TO_START,load_zone_22,dump_zone_23,0.000346,0.000927
299.0,2026-07-02T12:51:24.092,3,602.5,155.882,27.418,-0.25,0.0,GOING_TO_ENDPOINT,dump_zone_3,load_zone_26,0.00025,0.00067
300.0,2026-07-02T12:51:27.310,1,-103.776,446.843,6.173,0.4608,1000.0,RETURNING_TO_START,load_zone_22,dump_zone_22,0.000272,0.000729
300.0,2026-07-02T12:51:27.310,2,-102.5,478.492,23.276,0.0833,1000.0,RETURNING_TO_START,load_zone_22,dump_zone_23,0.000285,0.000764
300.0,2026-07-02T12:51:27.310,3,602.5,148.421,26.818,0.25,0.0,GOING_TO_ENDPOINT,dump_zone_3,load_zone_26,0.000289,0.000775
301.0,2026-07-02T12:51:29.560,1,-102.546,448.094,5.894,-0.5,1000.0,RETURNING_TO_START,load_zone_22,dump_zone_22,0.00025,0.00067
301.0,2026-07-02T12:51:29.560,2,-102.5,485.037,23.419,-0.3574,1000.0,RETURNING_TO_START,load_zone_22,dump_zone_23,0.00025,0.00067
301.0,2026-07-02T12:51:29.560,3,602.5,140.731,28.518,0.4167,0.0,GOING_TO_ENDPOINT,dump_zone_3,load_zone_26,0.000307,0.000823
302.0,2026-07-02T12:51:31.790,1,-101.751,449.265,4.389,-0.5,1000.0,RETURNING_TO_START,load_zone_22,dump_zone_22,0.00025,0.00067
302.0,2026-07-02T12:51:31.790,2,-102.5,491.277,21.636,-0.5,1000.0,RETURNING_TO_START,load_zone_22,dump_zone_23,0.00025,0.00067
302.0,2026-07-02T12:51:31.790,3,602.5,132.755,28.768,0.0833,0.0,GOING_TO_ENDPOINT,dump_zone_3,load_zone_26,0.000276,0.00074
303.0,2026-07-02T12:51:33.809,1,-101.427,450.155,2.589,-0.5,1000.0,RETURNING_TO_START,load_zone_22,dump_zone_22,0.00025,0.00067
303.0,2026-07-02T12:51:33.809,2,-102.5,497.016,19.836,-0.5,1000.0,RETURNING_TO_START,load_zone_22,dump_zone_23,0.00025,0.00067
303.0,2026-07-02T12:51:33.809,3,602.5,124.835,27.993,-0.5,0.0,GOING_TO_ENDPOINT,dump_zone_3,load_zone_26,0.00025,0.00067
304.0,2026-07-02T12:51:35.654,1,-101.344,450.595,0.789,-0.5,1000.0,RETURNING_TO_START,load_zone_22,dump_zone_22,0.00025,0.00067
304.0,2026-07-02T12:51:35.654,2,-102.5,502.255,18.036,-0.5,1000.0,RETURNING_TO_START,load_zone_22,dump_zone_23,0.00025,0.00067
304.0,2026-07-02T12:51:35.654,3,602.5,117.195,27.379,0.0758,0.0,GOING_TO_ENDPOINT,dump_zone_3,load_zone_26,0.000274,0.000734
305.0,2026-07-02T12:51:37.778,1,-101.339,450.634,0.0,-0.5,1000.0,RETURNING_TO_START,load_zone_22,dump_zone_22,0.00025,0.00067
305.0,2026-07-02T12:51:37.778,2,-102.5,506.995,16.236,-0.5,1000.0,RETURNING_TO_START,load_zone_22,dump_zone_23,0.00025,0.00067
305.0,2026-07-02T12:51:37.778,3,602.5,109.46,28.374,0.1962,0.0,GOING_TO_ENDPOINT,dump_zone_3,load_zone_26,0.000286,0.000766
306.0,2026-07-02T12:51:40.197,1,-101.339,450.634,0.0,-0.5,1000.0,RETURNING_TO_START,load_zone_22,dump_zone_22,0.00025,0.00067
306.0,2026-07-02T12:51:40.197,2,-102.5,511.234,14.436,-0.5,1000.0,RETURNING_TO_START,load_zone_22,dump_zone_23,0.00025,0.00067
306.0,2026-07-02T12:51:40.197,3,602.5,101.642,27.88,0.0295,0.0,GOING_TO_ENDPOINT,dump_zone_3,load_zone_26,0.00027,0.000724
307.0,2026-07-02T12:51:42.099,1,-101.339,450.634,0.0,-0.5,1000.0,RETURNING_TO_START,load_zone_22,dump_zone_22,0.00025,0.00067
307.0,2026-07-02T12:51:42.099,2,-102.5,514.973,12.636,-0.5,1000.0,RETURNING_TO_START,load_zone_22,dump_zone_23,0.00025,0.00067
307.0,2026-07-02T12:51:42.099,3,602.5,93.805,28.336,-0.1372,0.0,GOING_TO_ENDPOINT,dump_zone_3,load_zone_26,0.000255,0.000683
308.0,2026-07-02T12:51:44.205,1,-101.339,450.634,0.0,-0.5,1000.0,RETURNING_TO_START,load_zone_22,dump_zone_22,0.00025,0.00067
308.0,2026-07-02T12:51:44.205,2,-102.5,518.213,10.836,-0.5,1000.0,RETURNING_TO_START,load_zone_22,dump_zone_23,0.00025,0.00067
308.0,2026-07-02T12:51:44.205,3,602.5,86.119,27.148,-0.3724,0.0,GOING_TO_ENDPOINT,dump_zone_3,load_zone_26,0.00025,0.00067
309.0,2026-07-02T12:51:46.536,1,-101.339,450.634,0.0,-0.5,1000.0,RETURNING_TO_START,load_zone_22,dump_zone_22,0.00025,0.00067
309.0,2026-07-02T12:51:46.536,2,-101.999,520.867,9.036,-0.5,1000.0,RETURNING_TO_START,load_zone_22,dump_zone_23,0.00025,0.00067
309.0,2026-07-02T12:51:46.536,3,602.5,78.68,26.843,0.2157,0.0,GOING_TO_ENDPOINT,dump_zone_3,load_zone_26,0.000286,0.000766
310.0,2026-07-02T12:51:48.710,1,-101.339,450.634,0.0,-0.5,1000.0,RETURNING_TO_START,load_zone_22,dump_zone_22,0.00025,0.00067
310.0,2026-07-02T12:51:48.710,2,-100.442,522.437,7.236,-0.5,1000.0,RETURNING_TO_START,load_zone_22,dump_zone_23,0.00025,0.00067
310.0,2026-07-02T12:51:48.710,3,602.5,71.038,27.869,-0.0343,0.0,GOING_TO_ENDPOINT,dump_zone_3,load_zone_26,0.000265,0.00071
311.0,2026-07-02T12:51:50.903,1,-101.339,450.634,0.0,-0.5,1000.0,RETURNING_TO_START,load_zone_22,dump_zone_22,0.00025,0.00067
311.0,2026-07-02T12:51:50.903,2,-98.792,522.943,5.436,-0.5,1000.0,RETURNING_TO_START,load_zone_22,dump_zone_23,0.00025,0.00067
311.0,2026-07-02T12:51:50.903,3,602.5,63.393,27.12,-0.1747,0.0,GOING_TO_ENDPOINT,dump_zone_3,load_zone_26,0.000252,0.000675
312.0,2026-07-02T12:51:53.129,1,-101.339,450.634,0.0,-0.5,1000.0,RETURNING_TO_START,load_zone_22,dump_zone_22,0.00025,0.00067
312.0,2026-07-02T12:51:53.129,2,-97.56,522.857,3.636,-0.5,1000.0,RETURNING_TO_START,load_zone_22,dump_zone_23,0.00025,0.00067
312.0,2026-07-02T12:51:53.129,3,602.5,55.782,27.787,0.2349,0.0,GOING_TO_ENDPOINT,dump_zone_3,load_zone_26,0.000289,0.000775
313.0,2026-07-02T12:51:55.333,1,-101.339,450.634,0.0,-0.5,1000.0,RETURNING_TO_START,load_zone_22,dump_zone_22,0.00025,0.00067
313.0,2026-07-02T12:51:55.333,2,-96.828,522.76,1.836,-0.5,1000.0,UNLOADING,load_zone_22,dump_zone_23,0.00025,0.00067
313.0,2026-07-02T12:51:55.333,3,602.5,47.963,28.133,-0.2651,0.0,GOING_TO_ENDPOINT,dump_zone_3,load_zone_26,0.00025,0.00067
314.0,2026-07-02T12:51:58.178,1,-101.338,450.64,0.15,0.25,1000.0,RETURNING_TO_START,load_zone_22,dump_zone_22,0.00025,0.00067
314.0,2026-07-02T12:51:58.178,2,-96.589,522.755,0.036,-0.5,1000.0,UNLOADING,load_zone_22,dump_zone_23,0.00025,0.00067
314.0,2026-07-02T12:51:58.178,3,602.5,40.22,27.705,-0.2301,0.0,GOING_TO_ENDPOINT,dump_zone_3,load_zone_26,0.00025,0.00067
315.0,2026-07-02T12:52:01.443,1,-101.311,451.021,2.85,1.0,1000.0,RETURNING_TO_START,load_zone_22,dump_zone_22,0.000268,0.000718
315.0,2026-07-02T12:52:01.443,2,-96.589,522.755,0.0,-0.5,1000.0,UNLOADING,load_zone_22,dump_zone_23,0.00025,0.00067
315.0,2026-07-02T12:52:01.443,3,602.5,32.559,27.726,0.1033,0.0,GOING_TO_ENDPOINT,dump_zone_3,load_zone_26,0.000277,0.000742
316.0,2026-07-02T12:52:03.678,1,-101.486,452.253,5.625,0.75,1000.0,RETURNING_TO_START,load_zone_22,dump_zone_22,0.000279,0.000748
316.0,2026-07-02T12:52:03.678,2,-94.977,522.379,7.2,0.0,0.0,TURNING_AROUND,dump_zone_23,load_zone_22,0.000255,0.000683
316.0,2026-07-02T12:52:03.678,3,602.5,24.79,27.973,-0.1157,0.0,GOING_TO_ENDPOINT,dump_zone_3,load_zone_26,0.000257,0.000689
317.0,2026-07-02T12:52:04.920,1,-102.591,453.991,9.15,1.0,1000.0,RETURNING_TO_START,load_zone_22,dump_zone_22,0.000309,0.000828
317.0,2026-07-02T12:52:04.920,2,-94.014,521.789,5.4,0.0,0.0,TURNING_AROUND,dump_zone_23,load_zone_22,0.000253,0.000678
317.0,2026-07-02T12:52:04.920,3,602.5,16.968,28.156,-0.1157,0.0,GOING_TO_ENDPOINT,dump_zone_3,load_zone_26,0.000257,0.000689
318.0,2026-07-02T12:52:06.370,1,-105.417,455.015,12.75,1.0,1000.0,RETURNING_TO_START,load_zone_22,dump_zone_22,0.000332,0.00089
318.0,2026-07-02T12:52:06.370,2,-94.423,522.283,7.2,0.0,0.0,TURNING_AROUND,dump_zone_23,load_zone_22,0.000255,0.000683
318.0,2026-07-02T12:52:06.370,3,602.5,9.196,27.989,0.2176,0.0,GOING_TO_ENDPOINT,dump_zone_3,load_zone_26,0.000287,0.000769
319.0,2026-07-02T12:52:08.621,1,-108.839,453.034,16.35,1.0,1000.0,RETURNING_TO_START,load_zone_22,dump_zone_22,0.000355,0.000951
319.0,2026-07-02T12:52:08.621,2,-94.384,522.11,0.25,0.3333,0.0,GOING_TO_ENDPOINT,dump_zone_23,load_zone_22,0.00025,0.00067
319.0,2026-07-02T12:52:08.621,3,602.5,1.365,28.147,0.0508,0.0,GOING_TO_ENDPOINT,dump_zone_3,load_zone_26,0.000272,0.000729
320.0,2026-07-02T12:52:11.164,1,-112.51,449.528,19.95,1.0,1000.0,RETURNING_TO_START,load_zone_22,dump_zone_22,0.000379,0.001016
320.0,2026-07-02T12:52:11.164,2,-94.399,521.661,3.15,1.0,0.0,GOING_TO_ENDPOINT,dump_zone_23,load_zone_22,0.000262,0.000702
320.0,2026-07-02T12:52:11.164,3,602.5,-6.558,28.68,-0.1159,0.0,GOING_TO_ENDPOINT,dump_zone_3,load_zone_26,0.000257,0.000689
321.0,2026-07-02T12:52:13.502,1,-118.091,447.527,23.012,0.6164,1000.0,RETURNING_TO_START,load_zone_22,dump_zone_22,0.000351,0.000941
321.0,2026-07-02T12:52:13.502,2,-94.651,520.269,6.75,1.0,0.0,GOING_TO_ENDPOINT,dump_zone_23,load_zone_22,0.000276,0.00074
321.0,2026-07-02T12:52:13.502,3,602.5,-14.486,28.263,-0.2826,0.0,GOING_TO_ENDPOINT,dump_zone_3,load_zone_26,0.00025,0.00067
322.0,2026-07-02T12:52:15.903,1,-124.605,447.485,23.281,-0.3836,1000.0,RETURNING_TO_START,load_zone_22,dump_zone_22,0.00025,0.00067
322.0,2026-07-02T12:52:15.903,2,-95.338,517.952,10.35,1.0,0.0,GOING_TO_ENDPOINT,dump_zone_23,load_zone_22,0.00029,0.000777
322.0,2026-07-02T12:52:15.903,3,602.5,-22.307,28.161,0.0708,0.0,GOING_TO_ENDPOINT,dump_zone_3,load_zone_26,0.000274,0.000734
323.0,2026-07-02T12:52:18.185,1,-130.804,447.502,21.491,-0.5,1000.0,RETURNING_TO_START,load_zone_22,dump_zone_22,0.00025,0.00067
323.0,2026-07-02T12:52:18.185,2,-96.172,514.639,13.95,1.0,0.0,GOING_TO_ENDPOINT,dump_zone_23,load_zone_22,0.000304,0.000815
323.0,2026-07-02T12:52:18.185,3,602.5,-30.09,27.679,-0.2676,0.0,GOING_TO_ENDPOINT,dump_zone_3,load_zone_26,0.00025,0.00067
324.0,2026-07-02T12:52:20.421,1,-136.503,447.501,19.691,-0.5,1000.0,RETURNING_TO_START,load_zone_22,dump_zone_22,0.00025,0.00067
324.0,2026-07-02T12:52:20.421,2,-97.008,510.303,17.55,1.0,0.0,GOING_TO_ENDPOINT,dump_zone_23,load_zone_22,0.000318,0.000852
324.0,2026-07-02T12:52:20.421,3,602.5,-37.704,27.615,0.3991,0.0,GOING_TO_ENDPOINT,dump_zone_3,load_zone_26,0.000303,0.000812
325.0,2026-07-02T12:52:22.757,1,-141.701,447.5,17.891,-0.5,1000.0,RETURNING_TO_START,load_zone_22,dump_zone_22,0.00025,0.00067
325.0,2026-07-02T12:52:22.757,2,-97.46,504.909,21.15,1.0,0.0,GOING_TO_ENDPOINT,dump_zone_23,load_zone_22,0.000332,0.00089
325.0,2026-07-02T12:52:22.757,3,602.5,-45.611,28.752,-0.1009,0.0,GOING_TO_ENDPOINT,dump_zone_3,load_zone_26,0.000259,0.000694
326.0,2026-07-02T12:52:24.922,1,-146.4,447.5,16.091,-0.5,1000.0,RETURNING_TO_START,load_zone_22,dump_zone_22,0.00025,0.00067
326.0,2026-07-02T12:52:24.922,2,-97.506,498.493,24.75,1.0,0.0,GOING_TO_ENDPOINT,dump_zone_23,load_zone_22,0.000346,0.000927
326.0,2026-07-02T12:52:24.922,3,602.5,-53.398,27.299,-0.5,0.0,GOING_TO_ENDPOINT,dump_zone_3,load_zone_26,0.00025,0.00067
327.0,2026-07-02T12:52:27.261,1,-150.599,447.5,14.291,-0.5,1000.0,RETURNING_TO_START,load_zone_22,dump_zone_22,0.00025,0.00067
327.0,2026-07-02T12:52:27.261,2,-97.5,491.172,27.225,0.25,0.0,GOING_TO_ENDPOINT,dump_zone_23,load_zone_22,0.000289,0.000775
327.0,2026-07-02T12:52:27.261,3,602.5,-60.874,27.099,0.25,0.0,GOING_TO_ENDPOINT,dump_zone_3,load_zone_26,0.000289,0.000775
328.0,2026-07-02T12:52:28.907,1,-154.298,447.5,12.491,-0.5,1000.0,RETURNING_TO_START,load_zone_22,dump_zone_22,0.00025,0.00067
328.0,2026-07-02T12:52:28.907,2,-97.5,483.573,26.997,-0.4926,0.0,GOING_TO_ENDPOINT,dump_zone_23,load_zone_22,0.00025,0.00067
328.0,2026-07-02T12:52:28.907,3,602.5,-68.333,26.199,-0.5,0.0,GOING_TO_ENDPOINT,dump_zone_3,load_zone_26,0.00025,0.00067
329.0,2026-07-02T12:52:30.459,1,-157.491,447.403,10.691,-0.5,1000.0,RETURNING_TO_START,load_zone_22,dump_zone_22,0.00025,0.00067
329.0,2026-07-02T12:52:30.459,2,-97.5,476.345,25.197,-0.5,0.0,GOING_TO_ENDPOINT,dump_zone_23,load_zone_22,0.00025,0.00067
329.0,2026-07-02T12:52:30.459,3,602.5,-75.339,24.399,-0.5,0.0,GOING_TO_ENDPOINT,dump_zone_3,load_zone_26,0.00025,0.00067
330.0,2026-07-02T12:52:32.412,1,-160.033,446.513,8.891,-0.5,1000.0,RETURNING_TO_START,load_zone_22,dump_zone_22,0.00025,0.00067
330.0,2026-07-02T12:52:32.412,2,-97.5,469.617,23.397,-0.5,0.0,GOING_TO_ENDPOINT,dump_zone_23,load_zone_22,0.00025,0.00067
330.0,2026-07-02T12:52:32.412,3,602.5,-81.846,22.599,-0.5,0.0,GOING_TO_ENDPOINT,dump_zone_3,load_zone_26,0.00025,0.00067
331.0,2026-07-02T12:52:34.399,1,-162.119,445.815,7.191,-0.4167,1000.0,RETURNING_TO_START,load_zone_22,dump_zone_22,0.00025,0.00067
331.0,2026-07-02T12:52:34.399,2,-97.5,463.388,21.597,-0.5,0.0,GOING_TO_ENDPOINT,dump_zone_23,load_zone_22,0.00025,0.00067
331.0,2026-07-02T12:52:34.399,3,602.5,-87.853,20.799,-0.5,0.0,GOING_TO_ENDPOINT,dump_zone_3,load_zone_26,0.00025,0.00067
332.0,2026-07-02T12:52:35.923,1,-163.828,445.578,5.395,-0.5,1000.0,RETURNING_TO_START,load_zone_22,dump_zone_22,0.00025,0.00067
332.0,2026-07-02T12:52:35.923,2,-97.5,457.66,19.797,-0.5,0.0,GOING_TO_ENDPOINT,dump_zone_23,load_zone_22,0.00025,0.00067
332.0,2026-07-02T12:52:35.923,3,602.5,-93.359,18.999,-0.5,0.0,GOING_TO_ENDPOINT,dump_zone_3,load_zone_26,0.00025,0.00067
333.0,2026-07-02T12:52:37.431,1,-165.218,445.508,5.195,0.25,1000.0,RETURNING_TO_START,load_zone_22,dump_zone_22,0.000262,0.000702
333.0,2026-07-02T12:52:37.431,2,-97.502,452.432,17.997,-0.5,0.0,GOING_TO_ENDPOINT,dump_zone_23,load_zone_22,0.00025,0.00067
333.0,2026-07-02T12:52:37.431,3,602.523,-98.366,17.224,-0.4167,0.0,GOING_TO_ENDPOINT,dump_zone_3,load_zone_26,0.00025,0.00067
334.0,2026-07-02T12:52:39.270,1,-166.592,445.487,4.32,-0.4167,1000.0,RETURNING_TO_START,load_zone_22,dump_zone_22,0.00025,0.00067
334.0,2026-07-02T12:52:39.270,2,-98.778,447.962,16.197,-0.5,0.0,GOING_TO_ENDPOINT,dump_zone_23,load_zone_22,0.00025,0.00067
334.0,2026-07-02T12:52:39.270,3,605.434,-101.789,17.674,0.5833,0.0,GOING_TO_ENDPOINT,dump_zone_3,load_zone_26,0.000295,0.000791
335.0,2026-07-02T12:52:41.484,1,-167.766,445.508,4.52,0.25,1000.0,RETURNING_TO_START,load_zone_22,dump_zone_22,0.000261,0.000699
335.0,2026-07-02T12:52:41.484,2,-101.592,444.686,15.522,0.25,0.0,GOING_TO_ENDPOINT,dump_zone_23,load_zone_22,0.000272,0.000729
335.0,2026-07-02T12:52:41.484,3,610.321,-100.133,21.024,1.0,0.0,GOING_TO_ENDPOINT,dump_zone_3,load_zone_26,0.000331,0.000887
336.0,2026-07-02T12:52:43.498,1,-169.098,445.684,4.806,-0.1304,1000.0,RETURNING_TO_START,load_zone_22,dump_zone_22,0.000252,0.000675
336.0,2026-07-02T12:52:43.498,2,-104.811,441.327,18.222,1.0,0.0,GOING_TO_ENDPOINT,dump_zone_23,load_zone_22,0.00032,0.000858
336.0,2026-07-02T12:52:43.498,3,615.866,-97.517,23.1,0.1254,0.0,GOING_TO_ENDPOINT,dump_zone_3,load_zone_26,0.000274,0.000734
337.0,2026-07-02T12:52:45.322,1,-170.195,446.141,3.822,-0.0833,1000.0,RETURNING_TO_START,load_zone_22,dump_zone_22,0.000252,0.000675
337.0,2026-07-02T12:52:45.322,2,-108.676,437.27,21.822,1.0,0.0,GOING_TO_ENDPOINT,dump_zone_23,load_zone_22,0.000334,0.000895
337.0,2026-07-02T12:52:45.322,3,622.151,-97.449,21.914,-0.5,0.0,GOING_TO_ENDPOINT,dump_zone_3,load_zone_26,0.00025,0.00067
338.0,2026-07-02T12:52:47.540,1,-171.141,446.916,5.472,0.9167,1000.0,RETURNING_TO_START,load_zone_22,dump_zone_22,0.000283,0.000758
338.0,2026-07-02T12:52:47.540,2,-113.206,432.466,25.422,1.0,0.0,GOING_TO_ENDPOINT,dump_zone_23,load_zone_22,0.000348,0.000933
338.0,2026-07-02T12:52:47.540,3,627.967,-97.5,20.114,-0.5,0.0,GOING_TO_ENDPOINT,dump_zone_3,load_zone_26,0.00025,0.00067
339.0,2026-07-02T12:52:49.880,1,-172.045,448.69,8.372,0.4167,1000.0,RETURNING_TO_START,load_zone_22,dump_zone_22,0.000278,0.000745
339.0,2026-07-02T12:52:49.880,2,-118.401,426.981,28.322,0.4167,0.0,GOING_TO_ENDPOINT,dump_zone_23,load_zone_22,0.000306,0.00082
339.0,2026-07-02T12:52:49.880,3,633.283,-97.501,18.314,-0.5,0.0,GOING_TO_ENDPOINT,dump_zone_3,load_zone_26,0.00025,0.00067
340.0,2026-07-02T12:52:51.728,1,-171.869,450.991,7.947,-0.5,1000.0,RETURNING_TO_START,load_zone_22,dump_zone_22,0.00025,0.00067
340.0,2026-07-02T12:52:51.728,2,-123.853,421.287,27.897,-0.5,0.0,GOING_TO_ENDPOINT,dump_zone_23,load_zone_22,0.00025,0.00067
340.0,2026-07-02T12:52:51.728,3,638.099,-97.5,16.514,-0.5,0.0,GOING_TO_ENDPOINT,dump_zone_3,load_zone_26,0.00025,0.00067
341.0,2026-07-02T12:52:52.992,1,-170.774,452.567,6.147,-0.5,1000.0,RETURNING_TO_START,load_zone_22,dump_zone_22,0.00025,0.00067
341.0,2026-07-02T12:52:52.992,2,-129.073,415.933,26.097,-0.5,0.0,GOING_TO_ENDPOINT,dump_zone_23,load_zone_22,0.00025,0.00067
341.0,2026-07-02T12:52:52.992,3,642.416,-97.5,14.714,-0.5,0.0,GOING_TO_ENDPOINT,dump_zone_3,load_zone_26,0.00025,0.00067
342.0,2026-07-02T12:52:54.776,1,-169.554,453.312,4.347,-0.5,1000.0,RETURNING_TO_START,load_zone_22,dump_zone_22,0.00025,0.00067
342.0,2026-07-02T12:52:54.776,2,-134.003,410.994,24.297,-0.5,0.0,GOING_TO_ENDPOINT,dump_zone_23,load_zone_22,0.00025,0.00067
342.0,2026-07-02T12:52:54.776,3,646.232,-97.5,12.914,-0.5,0.0,GOING_TO_ENDPOINT,dump_zone_3,load_zone_26,0.00025,0.00067
343.0,2026-07-02T12:52:56.214,1,-168.737,453.765,2.547,-0.5,1000.0,UNLOADING,load_zone_22,dump_zone_22,0.00025,0.00067
343.0,2026-07-02T12:52:56.214,2,-138.66,406.49,22.497,-0.5,0.0,GOING_TO_ENDPOINT,dump_zone_23,load_zone_22,0.00025,0.00067
343.0,2026-07-02T12:52:56.214,3,649.539,-97.677,11.114,-0.5,0.0,GOING_TO_ENDPOINT,dump_zone_3,load_zone_26,0.00025,0.00067
344.0,2026-07-02T12:52:57.698,1,-168.396,454.038,0.747,-0.5,1000.0,UNLOADING,load_zone_22,dump_zone_22,0.00025,0.00067
344.0,2026-07-02T12:52:57.698,2,-143.066,402.45,20.697,-0.5,0.0,GOING_TO_ENDPOINT,dump_zone_23,load_zone_22,0.00025,0.00067
344.0,2026-07-02T12:52:57.698,3,652.109,-98.77,9.314,-0.5,0.0,GOING_TO_ENDPOINT,dump_zone_3,load_zone_26,0.00025,0.00067
345.0,2026-07-02T12:52:59.276,1,-168.37,454.06,0.0,-0.5,1000.0,UNLOADING,load_zone_22,dump_zone_22,0.00025,0.00067
345.0,2026-07-02T12:52:59.276,2,-147.274,398.944,18.897,-0.5,0.0,GOING_TO_ENDPOINT,dump_zone_23,load_zone_22,0.00025,0.00067
345.0,2026-07-02T12:52:59.276,3,654.03,-100.338,9.164,0.4167,0.0,GOING_TO_ENDPOINT,dump_zone_3,load_zone_26,0.000268,0.000718
346.0,2026-07-02T12:53:00.266,1,-167.538,454.61,7.2,0.0,0.0,TURNING_AROUND,dump_zone_22,load_zone_22,0.000255,0.000683
346.0,2026-07-02T12:53:00.266,2,-151.428,396.208,17.097,-0.5,0.0,GOING_TO_ENDPOINT,dump_zone_23,load_zone_22,0.00025,0.00067
346.0,2026-07-02T12:53:00.266,3,656.136,-102.42,12.239,1.0,0.0,GOING_TO_ENDPOINT,dump_zone_3,load_zone_26,0.000297,0.000796
347.0,2026-07-02T12:53:01.639,1,-166.596,454.937,0.0,-0.0833,0.0,GOING_TO_ENDPOINT,dump_zone_22,load_zone_22,0.00025,0.00067
347.0,2026-07-02T12:53:01.639,2,-155.546,394.471,15.297,-0.5,0.0,GOING_TO_ENDPOINT,dump_zone_23,load_zone_22,0.00025,0.00067
347.0,2026-07-02T12:53:01.639,3,658.871,-105.258,15.839,1.0,0.0,GOING_TO_ENDPOINT,dump_zone_3,load_zone_26,0.000311,0.000833
348.0,2026-07-02T12:53:03.440,1,-166.43,454.937,1.65,0.9167,0.0,GOING_TO_ENDPOINT,dump_zone_22,load_zone_22,0.000256,0.000686
348.0,2026-07-02T12:53:03.440,2,-159.384,393.424,13.497,-0.5,0.0,GOING_TO_ENDPOINT,dump_zone_23,load_zone_22,0.00025,0.00067
348.0,2026-07-02T12:53:03.440,3,662.329,-108.787,19.439,1.0,0.0,GOING_TO_ENDPOINT,dump_zone_3,load_zone_26,0.000325,0.000871
349.0,2026-07-02T12:53:05.882,1,-165.434,454.865,5.25,1.0,0.0,GOING_TO_ENDPOINT,dump_zone_22,load_zone_22,0.00027,0.000724
349.0,2026-07-02T12:53:05.882,2,-162.749,392.602,11.697,-0.5,0.0,GOING_TO_ENDPOINT,dump_zone_23,load_zone_22,0.00025,0.00067
349.0,2026-07-02T12:53:05.882,3,666.525,-112.993,23.039,1.0,0.0,GOING_TO_ENDPOINT,dump_zone_3,load_zone_26,0.000339,0.000909
350.0,2026-07-02T12:53:08.333,1,-163.476,454.462,8.85,1.0,0.0,GOING_TO_ENDPOINT,dump_zone_22,load_zone_22,0.000284,0.000761
350.0,2026-07-02T12:53:08.333,2,-165.67,393.095,9.897,-0.5,0.0,GOING_TO_ENDPOINT,dump_zone_23,load_zone_22,0.00025,0.00067
350.0,2026-07-02T12:53:08.333,3,671.432,-117.897,26.571,0.9707,0.0,GOING_TO_ENDPOINT,dump_zone_3,load_zone_26,0.00035,0.000938
351.0,2026-07-02T12:53:10.488,1,-160.55,453.804,12.45,1.0,0.0,GOING_TO_ENDPOINT,dump_zone_22,load_zone_22,0.000298,0.000799
351.0,2026-07-02T12:53:10.488,2,-167.93,394.105,8.097,-0.5,0.0,GOING_TO_ENDPOINT,dump_zone_23,load_zone_22,0.00025,0.00067
351.0,2026-07-02T12:53:10.488,3,676.918,-123.382,28.521,0.0833,0.0,GOING_TO_ENDPOINT,dump_zone_3,load_zone_26,0.000276,0.00074
352.0,2026-07-02T12:53:12.476,1,-156.609,453.128,16.05,1.0,0.0,GOING_TO_ENDPOINT,dump_zone_22,load_zone_22,0.000312,0.000836
352.0,2026-07-02T12:53:12.476,2,-169.667,395.053,6.297,-0.5,0.0,GOING_TO_ENDPOINT,dump_zone_23,load_zone_22,0.00025,0.00067
352.0,2026-07-02T12:53:12.476,3,682.417,-128.881,27.246,-0.5,0.0,GOING_TO_ENDPOINT,dump_zone_3,load_zone_26,0.00025,0.00067
353.0,2026-07-02T12:53:14.003,1,-151.631,452.666,19.65,1.0,0.0,GOING_TO_ENDPOINT,dump_zone_22,load_zone_22,0.000326,0.000874
353.0,2026-07-02T12:53:14.003,2,-170.969,395.793,4.872,-0.0833,0.0,GOING_TO_ENDPOINT,dump_zone_23,load_zone_22,0.000252,0.000675
353.0,2026-07-02T12:53:14.003,3,687.577,-134.042,25.446,-0.5,0.0,GOING_TO_ENDPOINT,dump_zone_3,load_zone_26,0.00025,0.00067
354.0,2026-07-02T12:53:15.980,1,-145.654,452.497,22.875,0.5833,0.0,GOING_TO_ENDPOINT,dump_zone_22,load_zone_22,0.000308,0.000825
354.0,2026-07-02T12:53:15.980,2,-172.063,396.833,6.522,0.9167,0.0,GOING_TO_ENDPOINT,dump_zone_23,load_zone_22,0.000273,0.000732
354.0,2026-07-02T12:53:15.980,3,692.383,-138.849,23.646,-0.5,0.0,GOING_TO_ENDPOINT,dump_zone_3,load_zone_26,0.00025,0.00067
355.0,2026-07-02T12:53:18.073,1,-139.195,452.496,23.025,-0.4167,0.0,GOING_TO_ENDPOINT,dump_zone_22,load_zone_22,0.00025,0.00067
355.0,2026-07-02T12:53:18.073,2,-172.788,398.986,9.422,0.4167,0.0,GOING_TO_ENDPOINT,dump_zone_23,load_zone_22,0.000269,0.000721
355.0,2026-07-02T12:53:18.073,3,696.84,-143.298,21.846,-0.5,0.0,GOING_TO_ENDPOINT,dump_zone_3,load_zone_26,0.00025,0.00067
356.0,2026-07-02T12:53:19.611,1,-133.07,452.5,21.225,-0.5,0.0,GOING_TO_ENDPOINT,dump_zone_22,load_zone_22,0.00025,0.00067
356.0,2026-07-02T12:53:19.611,2,-172.034,401.46,8.997,-0.5,0.0,GOING_TO_ENDPOINT,dump_zone_23,load_zone_22,0.00025,0.00067
356.0,2026-07-02T12:53:19.611,3,700.87,-147.46,20.046,-0.5,0.0,GOING_TO_ENDPOINT,dump_zone_3,load_zone_26,0.00025,0.00067
357.0,2026-07-02T12:53:21.474,1,-127.445,452.5,19.425,-0.5,0.0,GOING_TO_ENDPOINT,dump_zone_22,load_zone_22,0.00025,0.00067
357.0,2026-07-02T12:53:21.474,2,-170.311,402.829,7.197,-0.5,0.0,GOING_TO_ENDPOINT,dump_zone_23,load_zone_22,0.00025,0.00067
357.0,2026-07-02T12:53:21.474,3,703.356,-152.051,18.271,-0.4167,0.0,GOING_TO_ENDPOINT,dump_zone_3,load_zone_26,0.00025,0.00067
358.0,2026-07-02T12:53:23.586,1,-122.32,452.5,17.625,-0.5,0.0,GOING_TO_ENDPOINT,dump_zone_22,load_zone_22,0.00025,0.00067
358.0,2026-07-02T12:53:23.586,2,-168.624,403.138,5.397,-0.5,0.0,GOING_TO_ENDPOINT,dump_zone_23,load_zone_22,0.00025,0.00067
358.0,2026-07-02T12:53:23.586,3,702.729,-157.065,18.671,0.4167,0.0,GOING_TO_ENDPOINT,dump_zone_3,load_zone_26,0.000287,0.000769
359.0,2026-07-02T12:53:25.259,1,-117.695,452.5,15.825,-0.5,0.0,GOING_TO_ENDPOINT,dump_zone_22,load_zone_22,0.00025,0.00067
359.0,2026-07-02T12:53:25.259,2,-167.42,402.916,3.597,-0.5,0.0,GOING_TO_ENDPOINT,dump_zone_23,load_zone_22,0.00025,0.00067
359.0,2026-07-02T12:53:25.259,3,702.49,-162.26,18.271,-0.4167,0.0,GOING_TO_ENDPOINT,dump_zone_3,load_zone_26,0.00025,0.00067
360.0,2026-07-02T12:53:27.258,1,-113.571,452.536,14.025,-0.5,0.0,GOING_TO_ENDPOINT,dump_zone_22,load_zone_22,0.00025,0.00067
360.0,2026-07-02T12:53:27.258,2,-166.757,402.618,1.797,-0.5,0.0,LOADING,dump_zone_23,load_zone_22,0.00025,0.00067
360.0,2026-07-02T12:53:27.258,3,702.495,-167.155,16.907,-0.5,0.0,GOING_TO_ENDPOINT,dump_zone_3,load_zone_26,0.00025,0.00067
361.0,2026-07-02T12:53:29.418,1,-110.141,453.616,12.225,-0.5,0.0,GOING_TO_ENDPOINT,dump_zone_22,load_zone_22,0.00025,0.00067
361.0,2026-07-02T12:53:29.418,2,-166.559,402.499,0.072,-0.3333,0.0,LOADING,dump_zone_23,load_zone_22,0.00025,0.00067
361.0,2026-07-02T12:53:29.418,3,702.5,-171.589,15.166,-0.5,0.0,GOING_TO_ENDPOINT,dump_zone_3,load_zone_26,0.00025,0.00067
362.0,2026-07-02T12:53:31.430,1,-107.182,454.499,10.425,-0.5,0.0,GOING_TO_ENDPOINT,dump_zone_22,load_zone_22,0.00025,0.00067
362.0,2026-07-02T12:53:31.430,2,-166.51,402.468,0.6,0.1667,0.0,LOADING,dump_zone_23,load_zone_22,0.000251,0.000673
362.0,2026-07-02T12:53:31.430,3,702.5,-175.532,13.391,-0.4167,0.0,GOING_TO_ENDPOINT,dump_zone_3,load_zone_26,0.00025,0.00067
363.0,2026-07-02T12:53:33.440,1,-104.557,454.52,8.625,-0.5,0.0,GOING_TO_ENDPOINT,dump_zone_22,load_zone_22,0.00025,0.00067
363.0,2026-07-02T12:53:33.440,2,-165.726,402.091,0.432,0.4432,1000.0,RETURNING_TO_START,load_zone_22,dump_zone_22,0.000251,0.000673
363.0,2026-07-02T12:53:33.440,3,702.5,-179.14,12.466,-0.5,0.0,GOING_TO_ENDPOINT,dump_zone_3,load_zone_26,0.00025,0.00067
364.0,2026-07-02T12:53:35.996,1,-102.435,454.447,6.825,-0.5,0.0,GOING_TO_ENDPOINT,dump_zone_22,load_zone_22,0.00025,0.00067
364.0,2026-07-02T12:53:35.996,2,-165.189,401.991,3.555,1.0,1000.0,RETURNING_TO_START,load_zone_22,dump_zone_22,0.000273,0.000732
364.0,2026-07-02T12:53:35.996,3,702.5,-182.332,10.666,-0.5,0.0,GOING_TO_ENDPOINT,dump_zone_3,load_zone_26,0.00025,0.00067
365.0,2026-07-02T12:53:38.539,1,-100.759,453.851,6.675,0.4167,0.0,GOING_TO_ENDPOINT,dump_zone_22,load_zone_22,0.000263,0.000705
365.0,2026-07-02T12:53:38.539,2,-163.823,401.326,7.155,1.0,1000.0,RETURNING_TO_START,load_zone_22,dump_zone_22,0.000296,0.000793
365.0,2026-07-02T12:53:38.539,3,702.5,-185.023,8.866,-0.5,0.0,GOING_TO_ENDPOINT,dump_zone_3,load_zone_26,0.00025,0.00067
366.0,2026-07-02T12:53:41.136,1,-99.258,452.189,9.75,1.0,0.0,GOING_TO_ENDPOINT,dump_zone_22,load_zone_22,0.000288,0.000772
366.0,2026-07-02T12:53:41.136,2,-161.92,399.781,9.862,0.3727,1000.0,RETURNING_TO_START,load_zone_22,dump_zone_22,0.00028,0.00075
366.0,2026-07-02T12:53:41.136,3,702.5,-187.253,7.308,-0.5,0.0,GOING_TO_ENDPOINT,dump_zone_3,load_zone_26,0.00025,0.00067
367.0,2026-07-02T12:53:43.716,1,-98.832,449.05,12.65,0.4167,0.0,GOING_TO_ENDPOINT,dump_zone_22,load_zone_22,0.000275,0.000737
367.0,2026-07-02T12:53:43.716,2,-159.373,398.881,9.305,-0.5,1000.0,RETURNING_TO_START,load_zone_22,dump_zone_22,0.00025,0.00067
367.0,2026-07-02T12:53:43.716,3,702.498,-189.012,5.508,-0.5,0.0,GOING_TO_ENDPOINT,dump_zone_3,load_zone_26,0.00025,0.00067
368.0,2026-07-02T12:53:45.901,1,-100.28,445.898,12.5,-0.0833,0.0,GOING_TO_ENDPOINT,dump_zone_22,load_zone_22,0.000255,0.000683
368.0,2026-07-02T12:53:45.901,2,-157.033,399.111,8.205,0.0833,1000.0,RETURNING_TO_START,load_zone_22,dump_zone_22,0.000262,0.000702
368.0,2026-07-02T12:53:45.901,3,702.551,-190.266,3.708,-0.5,0.0,GOING_TO_ENDPOINT,dump_zone_3,load_zone_26,0.00025,0.00067
369.0,2026-07-02T12:53:47.714,1,-102.748,443.227,14.15,0.9167,0.0,GOING_TO_ENDPOINT,dump_zone_22,load_zone_22,0.000301,0.000807
369.0,2026-07-02T12:53:47.714,2,-154.678,400.033,10.405,0.9167,1000.0,RETURNING_TO_START,load_zone_22,dump_zone_22,0.000312,0.000836
369.0,2026-07-02T12:53:47.714,3,702.761,-190.995,1.908,-0.5,0.0,LOADING,dump_zone_3,load_zone_26,0.00025,0.00067
370.0,2026-07-02T12:53:49.028,1,-105.905,440.059,17.75,1.0,0.0,GOING_TO_ENDPOINT,dump_zone_22,load_zone_22,0.000319,0.000855
370.0,2026-07-02T12:53:49.028,2,-151.84,401.743,12.805,0.25,1000.0,RETURNING_TO_START,load_zone_22,dump_zone_22,0.000281,0.000753
370.0,2026-07-02T12:53:49.028,3,702.862,-191.233,0.108,-0.5,0.0,LOADING,dump_zone_3,load_zone_26,0.00025,0.00067
371.0,2026-07-02T12:53:50.511,1,-109.722,436.138,21.35,1.0,0.0,GOING_TO_ENDPOINT,dump_zone_22,load_zone_22,0.000333,0.000892
371.0,2026-07-02T12:53:50.511,2,-148.926,403.978,14.005,0.75,1000.0,RETURNING_TO_START,load_zone_22,dump_zone_22,0.000321,0.00086
371.0,2026-07-02T12:53:50.511,3,702.862,-191.233,0.0,-0.5,0.0,LOADING,dump_zone_3,load_zone_26,0.00025,0.00067
372.0,2026-07-02T12:53:51.735,1,-114.175,431.441,24.95,1.0,0.0,GOING_TO_ENDPOINT,dump_zone_22,load_zone_22,0.000346,0.000927
372.0,2026-07-02T12:53:51.735,2,-145.596,406.871,17.53,1.0,1000.0,RETURNING_TO_START,load_zone_22,dump_zone_22,0.000363,0.000973
372.0,2026-07-02T12:53:51.735,3,703.879,-192.539,7.2,0.0,1000.0,TURNING_AROUND,load_zone_26,dump_zone_3,0.000258,0.000691
373.0,2026-07-02T12:53:53.359,1,-119.205,426.135,26.946,0.1024,0.0,GOING_TO_ENDPOINT,dump_zone_22,load_zone_22,0.000276,0.00074
373.0,2026-07-02T12:53:53.359,2,-141.635,410.557,21.13,1.0,1000.0,RETURNING_TO_START,load_zone_22,dump_zone_22,0.000386,0.001034
373.0,2026-07-02T12:53:53.359,3,704.818,-193.166,5.4,0.0,1000.0,TURNING_AROUND,load_zone_26,dump_zone_3,0.000256,0.000686
374.0,2026-07-02T12:53:55.047,1,-124.294,420.834,25.711,-0.5,0.0,GOING_TO_ENDPOINT,dump_zone_22,load_zone_22,0.00025,0.00067
374.0,2026-07-02T12:53:55.047,2,-137.075,414.991,24.022,0.4167,1000.0,RETURNING_TO_START,load_zone_22,dump_zone_22,0.000329,0.000882
374.0,2026-07-02T12:53:55.047,3,704.198,-193.002,7.2,0.0,1000.0,TURNING_AROUND,load_zone_26,dump_zone_3,0.000258,0.000691
375.0,2026-07-02T12:53:56.342,1,-129.092,415.916,23.911,-0.5,0.0,GOING_TO_ENDPOINT,dump_zone_22,load_zone_22,0.00025,0.00067
375.0,2026-07-02T12:53:56.342,2,-132.353,419.728,23.597,-0.5,1000.0,RETURNING_TO_START,load_zone_22,dump_zone_22,0.00025,0.00067
375.0,2026-07-02T12:53:56.342,3,706.002,-192.187,7.2,0.0,1000.0,TURNING_AROUND,load_zone_26,dump_zone_3,0.000258,0.000691
376.0,2026-07-02T12:53:57.739,1,-133.592,411.406,22.111,-0.5,0.0,GOING_TO_ENDPOINT,dump_zone_22,load_zone_22,0.00025,0.00067
376.0,2026-07-02T12:53:57.739,2,-127.966,424.227,21.797,-0.5,1000.0,RETURNING_TO_START,load_zone_22,dump_zone_22,0.00025,0.00067
376.0,2026-07-02T12:53:57.739,3,705.915,-192.547,5.4,0.0,1000.0,TURNING_AROUND,load_zone_26,dump_zone_3,0.000256,0.000686
377.0,2026-07-02T12:53:59.426,1,-137.798,407.31,20.311,-0.5,0.0,GOING_TO_ENDPOINT,dump_zone_22,load_zone_22,0.00025,0.00067
377.0,2026-07-02T12:53:59.426,2,-123.959,428.398,19.997,-0.5,1000.0,RETURNING_TO_START,load_zone_22,dump_zone_22,0.00025,0.00067
377.0,2026-07-02T12:53:59.426,3,705.854,-192.525,0.0,-0.1667,1000.0,RETURNING_TO_START,load_zone_26,dump_zone_3,0.00025,0.00067
378.0,2026-07-02T12:54:01.311,1,-141.727,403.648,18.511,-0.5,0.0,GOING_TO_ENDPOINT,dump_zone_22,load_zone_22,0.00025,0.00067
378.0,2026-07-02T12:54:01.311,2,-120.315,432.224,18.197,-0.5,1000.0,RETURNING_TO_START,load_zone_22,dump_zone_22,0.00025,0.00067
378.0,2026-07-02T12:54:01.311,3,705.852,-192.397,1.375,0.8333,1000.0,RETURNING_TO_START,load_zone_26,dump_zone_3,0.000258,0.000691
379.0,2026-07-02T12:54:03.149,1,-145.402,400.452,16.711,-0.5,0.0,GOING_TO_ENDPOINT,dump_zone_22,load_zone_22,0.00025,0.00067
379.0,2026-07-02T12:54:03.149,2,-117.027,435.699,16.397,-0.5,1000.0,RETURNING_TO_START,load_zone_22,dump_zone_22,0.00025,0.00067
379.0,2026-07-02T12:54:03.149,3,705.713,-191.493,4.95,1.0,1000.0,RETURNING_TO_START,load_zone_26,dump_zone_3,0.000282,0.000756
380.0,2026-07-02T12:54:05.661,1,-148.873,397.797,14.911,-0.5,0.0,GOING_TO_ENDPOINT,dump_zone_22,load_zone_22,0.00025,0.00067
380.0,2026-07-02T12:54:05.661,2,-114.088,438.816,14.597,-0.5,1000.0,RETURNING_TO_START,load_zone_22,dump_zone_22,0.00025,0.00067
380.0,2026-07-02T12:54:05.661,3,704.799,-189.825,8.55,1.0,1000.0,RETURNING_TO_START,load_zone_26,dump_zone_3,0.000305,0.000817
381.0,2026-07-02T12:54:08.094,1,-152.198,395.821,13.12,-0.4704,0.0,GOING_TO_ENDPOINT,dump_zone_22,load_zone_22,0.00025,0.00067
381.0,2026-07-02T12:54:08.094,2,-111.479,441.556,12.797,-0.5,1000.0,RETURNING_TO_START,load_zone_22,dump_zone_22,0.00025,0.00067
381.0,2026-07-02T12:54:08.094,3,702.687,-187.816,12.15,1.0,1000.0,RETURNING_TO_START,load_zone_26,dump_zone_3,0.000328,0.000879
382.0,2026-07-02T12:54:10.810,1,-155.324,394.554,11.329,-0.5,0.0,GOING_TO_ENDPOINT,dump_zone_22,load_zone_22,0.00025,0.00067
382.0,2026-07-02T12:54:10.810,2,-108.746,443.336,10.997,-0.5,1000.0,RETURNING_TO_START,load_zone_22,dump_zone_22,0.00025,0.00067
382.0,2026-07-02T12:54:10.810,3,699.924,-185.042,15.75,1.0,1000.0,RETURNING_TO_START,load_zone_26,dump_zone_3,0.000352,0.000943
383.0,2026-07-02T12:54:13.791,1,-158.146,393.835,9.954,-0.25,0.0,GOING_TO_ENDPOINT,dump_zone_22,load_zone_22,0.00025,0.00067
383.0,2026-07-02T12:54:13.791,2,-106.256,444.567,9.197,-0.5,1000.0,RETURNING_TO_START,load_zone_22,dump_zone_22,0.00025,0.00067
383.0,2026-07-02T12:54:13.791,3,697.857,-180.65,18.975,0.5833,1000.0,RETURNING_TO_START,load_zone_26,dump_zone_3,0.00033,0.000884
384.0,2026-07-02T12:54:16.566,1,-160.615,393.092,8.529,-0.5,0.0,GOING_TO_ENDPOINT,dump_zone_22,load_zone_22,0.00025,0.00067
384.0,2026-07-02T12:54:16.566,2,-104.517,446.044,7.397,-0.5,1000.0,RETURNING_TO_START,load_zone_22,dump_zone_22,0.00025,0.00067
384.0,2026-07-02T12:54:16.566,3,697.463,-175.299,19.125,-0.4167,1000.0,RETURNING_TO_START,load_zone_26,dump_zone_3,0.00025,0.00067
385.0,2026-07-02T12:54:19.212,1,-162.741,392.716,7.182,-0.25,0.0,GOING_TO_ENDPOINT,dump_zone_22,load_zone_22,0.00025,0.00067
385.0,2026-07-02T12:54:19.212,2,-103.26,447.322,5.697,-0.5,1000.0,RETURNING_TO_START,load_zone_22,dump_zone_22,0.00025,0.00067
385.0,2026-07-02T12:54:19.212,3,697.492,-170.258,17.325,-0.5,1000.0,RETURNING_TO_START,load_zone_26,dump_zone_3,0.00025,0.00067
386.0,2026-07-02T12:54:21.840,1,-164.639,392.873,6.482,-0.25,0.0,GOING_TO_ENDPOINT,dump_zone_22,load_zone_22,0.00025,0.00067
386.0,2026-07-02T12:54:21.840,2,-102.348,448.366,4.717,0.03,1000.0,RETURNING_TO_START,load_zone_22,dump_zone_22,0.000256,0.000686
386.0,2026-07-02T12:54:21.840,3,697.501,-165.716,15.525,-0.5,1000.0,RETURNING_TO_START,load_zone_26,dump_zone_3,0.00025,0.00067
387.0,2026-07-02T12:54:24.568,1,-166.279,393.366,5.89,-0.3005,0.0,GOING_TO_ENDPOINT,dump_zone_22,load_zone_22,0.00025,0.00067
387.0,2026-07-02T12:54:24.568,2,-101.689,449.408,3.832,-0.5,1000.0,RETURNING_TO_START,load_zone_22,dump_zone_22,0.00025,0.00067
387.0,2026-07-02T12:54:24.568,3,697.501,-161.674,13.725,-0.5,1000.0,RETURNING_TO_START,load_zone_26,dump_zone_3,0.00025,0.00067
388.0,2026-07-02T12:54:29.277,1,-167.561,393.931,4.53,-0.0833,0.0,GOING_TO_ENDPOINT,dump_zone_22,load_zone_22,0.000252,0.000675
388.0,2026-07-02T12:54:29.277,2,-101.438,450.16,2.032,-0.5,1000.0,RETURNING_TO_START,load_zone_22,dump_zone_22,0.00025,0.00067
388.0,2026-07-02T12:54:29.277,3,697.5,-158.133,11.925,-0.5,1000.0,RETURNING_TO_START,load_zone_26,dump_zone_3,0.00025,0.00067
389.0,2026-07-02T12:54:31.388,1,-168.696,394.522,4.824,0.1679,0.0,GOING_TO_ENDPOINT,dump_zone_22,load_zone_22,0.000256,0.000686
389.0,2026-07-02T12:54:31.388,2,-101.382,450.448,0.232,-0.5,1000.0,RETURNING_TO_START,load_zone_22,dump_zone_22,0.00025,0.00067
389.0,2026-07-02T12:54:31.388,3,697.5,-155.091,10.125,-0.5,1000.0,RETURNING_TO_START,load_zone_26,dump_zone_3,0.00025,0.00067
390.0,2026-07-02T12:54:33.947,1,-169.897,395.16,4.528,-0.4988,0.0,GOING_TO_ENDPOINT,dump_zone_22,load_zone_22,0.00025,0.00067
390.0,2026-07-02T12:54:33.947,2,-101.382,450.45,0.0,-0.5,1000.0,RETURNING_TO_START,load_zone_22,dump_zone_22,0.00025,0.00067
390.0,2026-07-02T12:54:33.947,3,697.512,-152.549,8.325,-0.5,1000.0,RETURNING_TO_START,load_zone_26,dump_zone_3,0.00025,0.00067
391.0,2026-07-02T12:54:42.277,1,-170.779,395.625,2.828,-0.5,0.0,LOADING,dump_zone_22,load_zone_22,0.00025,0.00067
391.0,2026-07-02T12:54:42.277,2,-101.382,450.45,0.0,-0.5,1000.0,RETURNING_TO_START,load_zone_22,dump_zone_22,0.00025,0.00067
391.0,2026-07-02T12:54:42.277,3,697.257,-150.534,6.55,-0.4167,1000.0,RETURNING_TO_START,load_zone_26,dump_zone_3,0.00025,0.00067
392.0,2026-07-02T12:54:54.274,1,-171.218,395.892,1.028,-0.5,0.0,LOADING,dump_zone_22,load_zone_22,0.00025,0.00067
392.0,2026-07-02T12:54:54.274,2,-101.382,450.45,0.0,-0.5,1000.0,RETURNING_TO_START,load_zone_22,dump_zone_22,0.00025,0.00067
392.0,2026-07-02T12:54:54.274,3,696.312,-149.012,7.0,0.5833,1000.0,RETURNING_TO_START,load_zone_26,dump_zone_3,0.000279,0.000748
393.0,2026-07-02T12:55:17.518,1,-171.278,395.933,0.025,0.0833,0.0,LOADING,dump_zone_22,load_zone_22,0.00025,0.00067
393.0,2026-07-02T12:55:17.518,2,-101.382,450.45,0.0,-0.0833,1000.0,RETURNING_TO_START,load_zone_22,dump_zone_22,0.00025,0.00067
393.0,2026-07-02T12:55:17.518,3,694.56,-147.341,10.35,1.0,1000.0,RETURNING_TO_START,load_zone_26,dump_zone_3,0.000317,0.00085
394.0,2026-07-02T12:55:27.261,1,-171.834,396.417,7.2,0.0,1000.0,TURNING_AROUND,load_zone_22,dump_zone_23,0.000258,0.000691
394.0,2026-07-02T12:55:27.261,2,-101.361,450.602,1.35,0.4167,1000.0,RETURNING_TO_START,load_zone_22,dump_zone_22,0.000254,0.000681
394.0,2026-07-02T12:55:27.261,3,691.992,-145.088,13.95,1.0,1000.0,RETURNING_TO_START,load_zone_26,dump_zone_3,0.00034,0.000911
395.0,2026-07-02T12:55:30.914,1,-172.802,398.144,7.2,0.0,1000.0,TURNING_AROUND,load_zone_22,dump_zone_23,0.000258,0.000691
395.0,2026-07-02T12:55:30.914,2,-101.335,450.992,0.925,-0.5,1000.0,RETURNING_TO_START,load_zone_22,dump_zone_22,0.00025,0.00067
395.0,2026-07-02T12:55:30.914,3,688.713,-142.129,17.55,1.0,1000.0,RETURNING_TO_START,load_zone_26,dump_zone_3,0.000363,0.000973
396.0,2026-07-02T12:55:32.407,1,-172.9,397.512,5.4,0.0,1000.0,TURNING_AROUND,load_zone_22,dump_zone_23,0.000256,0.000686
396.0,2026-07-02T12:55:32.407,2,-101.334,451.05,0.0,-0.5,1000.0,RETURNING_TO_START,load_zone_22,dump_zone_22,0.00025,0.00067
396.0,2026-07-02T12:55:32.407,3,684.824,-138.36,21.125,0.9167,1000.0,RETURNING_TO_START,load_zone_26,dump_zone_3,0.000377,0.00101
397.0,2026-07-02T12:55:34.569,1,-172.352,398.501,7.2,0.0,1000.0,TURNING_AROUND,load_zone_22,dump_zone_23,0.000258,0.000691
397.0,2026-07-02T12:55:34.569,2,-101.334,451.05,0.0,-0.0833,1000.0,RETURNING_TO_START,load_zone_22,dump_zone_22,0.00025,0.00067
397.0,2026-07-02T12:55:34.569,3,680.466,-134.003,22.693,0.2981,1000.0,RETURNING_TO_START,load_zone_26,dump_zone_3,0.00031,0.000831
398.0,2026-07-02T12:55:36.152,1,-171.356,399.503,5.4,0.0,1000.0,TURNING_AROUND,load_zone_22,dump_zone_23,0.000256,0.000686
398.0,2026-07-02T12:55:36.152,2,-101.334,451.05,0.0,-0.5,1000.0,RETURNING_TO_START,load_zone_22,dump_zone_22,0.00025,0.00067
398.0,2026-07-02T12:55:36.152,3,675.94,-129.476,23.067,-0.2019,1000.0,RETURNING_TO_START,load_zone_26,dump_zone_3,0.00025,0.00067
399.0,2026-07-02T12:55:38.197,1,-172.371,399.129,0.0,0.0,1000.0,RETURNING_TO_START,load_zone_22,dump_zone_23,0.00025,0.00067
399.0,2026-07-02T12:55:38.197,2,-101.334,451.05,0.0,-0.25,1000.0,RETURNING_TO_START,load_zone_22,dump_zone_22,0.00025,0.00067
399.0,2026-07-02T12:55:38.197,3,671.579,-125.114,21.385,-0.5,1000.0,RETURNING_TO_START,load_zone_26,dump_zone_3,0.00025,0.00067
400.0,2026-07-02T12:55:40.552,1,-172.117,399.102,2.225,1.0,1000.0,RETURNING_TO_START,load_zone_22,dump_zone_23,0.000264,0.000708
400.0,2026-07-02T12:55:40.552,2,-101.335,451.145,1.125,0.75,1000.0,RETURNING_TO_START,load_zone_22,dump_zone_22,0.000256,0.000686
400.0,2026-07-02T12:55:40.552,3,667.569,-121.105,19.59,-0.5,1000.0,RETURNING_TO_START,load_zone_26,dump_zone_3,0.00025,0.00067
401.0,2026-07-02T12:55:42.648,1,-170.961,399.126,5.825,1.0,1000.0,RETURNING_TO_START,load_zone_22,dump_zone_23,0.000288,0.000772
401.0,2026-07-02T12:55:42.648,2,-101.443,451.97,4.65,1.0,1000.0,RETURNING_TO_START,load_zone_22,dump_zone_22,0.00028,0.00075
401.0,2026-07-02T12:55:42.648,3,663.913,-117.449,17.79,-0.5,1000.0,RETURNING_TO_START,load_zone_26,dump_zone_3,0.00025,0.00067
402.0,2026-07-02T12:55:44.477,1,-168.951,399.886,9.4,0.9167,1000.0,RETURNING_TO_START,load_zone_22,dump_zone_23,0.000306,0.00082
402.0,2026-07-02T12:55:44.477,2,-102.272,453.587,8.25,1.0,1000.0,RETURNING_TO_START,load_zone_22,dump_zone_22,0.000303,0.000812
402.0,2026-07-02T12:55:44.477,3,660.594,-114.129,16.09,-0.5,1000.0,RETURNING_TO_START,load_zone_26,dump_zone_3,0.00025,0.00067
403.0,2026-07-02T12:55:46.546,1,-166.031,400.468,12.014,0.5046,1000.0,RETURNING_TO_START,load_zone_22,dump_zone_23,0.000295,0.000791
403.0,2026-07-02T12:55:46.546,2,-104.702,454.924,11.85,1.0,1000.0,RETURNING_TO_START,load_zone_22,dump_zone_22,0.000326,0.000874
403.0,2026-07-02T12:55:46.546,3,657.625,-111.161,14.29,-0.5,1000.0,RETURNING_TO_START,load_zone_26,dump_zone_3,0.00025,0.00067
404.0,2026-07-02T12:55:49.205,1,-162.772,399.522,11.881,-0.4954,1000.0,RETURNING_TO_START,load_zone_22,dump_zone_23,0.00025,0.00067
404.0,2026-07-02T12:55:49.205,2,-108.19,453.707,15.45,1.0,1000.0,RETURNING_TO_START,load_zone_22,dump_zone_22,0.00035,0.000938
404.0,2026-07-02T12:55:49.205,3,655.01,-108.545,12.49,-0.5,1000.0,RETURNING_TO_START,load_zone_26,dump_zone_3,0.00025,0.00067
405.0,2026-07-02T12:55:53.210,1,-159.822,398.878,10.081,-0.5,1000.0,RETURNING_TO_START,load_zone_22,dump_zone_23,0.00025,0.00067
405.0,2026-07-02T12:55:53.210,2,-111.768,450.463,19.05,1.0,1000.0,RETURNING_TO_START,load_zone_22,dump_zone_22,0.000373,0.001
405.0,2026-07-02T12:55:53.210,3,652.748,-106.284,10.69,-0.5,1000.0,RETURNING_TO_START,load_zone_26,dump_zone_3,0.00025,0.00067
406.0,2026-07-02T12:55:55.789,1,-157.292,399.102,8.644,-0.1236,1000.0,RETURNING_TO_START,load_zone_22,dump_zone_23,0.000253,0.000678
406.0,2026-07-02T12:55:55.789,2,-116.896,447.804,22.5,0.75,1000.0,RETURNING_TO_START,load_zone_22,dump_zone_22,0.000365,0.000978
406.0,2026-07-02T12:55:55.789,3,650.84,-104.375,8.89,-0.5,1000.0,RETURNING_TO_START,load_zone_26,dump_zone_3,0.00025,0.00067
407.0,2026-07-02T12:55:58.679,1,-154.956,399.929,9.687,0.7258,1000.0,RETURNING_TO_START,load_zone_22,dump_zone_23,0.000298,0.000799
407.0,2026-07-02T12:55:58.679,2,-123.32,447.468,23.25,-0.25,1000.0,RETURNING_TO_START,load_zone_22,dump_zone_22,0.00025,0.00067
407.0,2026-07-02T12:55:58.679,3,649.256,-102.853,7.09,-0.5,1000.0,RETURNING_TO_START,load_zone_26,dump_zone_3,0.00025,0.00067
408.0,2026-07-02T12:56:00.973,1,-152.317,401.433,12.028,0.8276,1000.0,RETURNING_TO_START,load_zone_22,dump_zone_23,0.000316,0.000847
408.0,2026-07-02T12:56:00.973,2,-129.528,447.499,21.525,-0.5,1000.0,RETURNING_TO_START,load_zone_22,dump_zone_22,0.00025,0.00067
408.0,2026-07-02T12:56:00.973,3,647.563,-102.112,6.94,0.4167,1000.0,RETURNING_TO_START,load_zone_26,dump_zone_3,0.000273,0.000732
409.0,2026-07-02T12:56:03.099,1,-149.28,403.69,14.614,0.4327,1000.0,RETURNING_TO_START,load_zone_22,dump_zone_23,0.0003,0.000804
409.0,2026-07-02T12:56:03.099,2,-135.236,447.501,19.725,-0.5,1000.0,RETURNING_TO_START,load_zone_22,dump_zone_22,0.00025,0.00067
409.0,2026-07-02T12:56:03.099,3,645.224,-102.032,10.015,1.0,1000.0,RETURNING_TO_START,load_zone_26,dump_zone_3,0.000315,0.000844
410.0,2026-07-02T12:56:04.679,1,-145.938,406.562,17.352,1.0,1000.0,RETURNING_TO_START,load_zone_22,dump_zone_23,0.000362,0.00097
410.0,2026-07-02T12:56:04.679,2,-140.445,447.5,17.925,-0.5,1000.0,RETURNING_TO_START,load_zone_22,dump_zone_22,0.00025,0.00067
410.0,2026-07-02T12:56:04.679,3,641.906,-102.208,13.615,1.0,1000.0,RETURNING_TO_START,load_zone_26,dump_zone_3,0.000338,0.000906
411.0,2026-07-02T12:59:51.035,1,-142.005,410.206,20.952,1.0,1000.0,RETURNING_TO_START,load_zone_22,dump_zone_23,0.000385,0.001032
411.0,2026-07-02T12:59:51.035,2,-145.153,447.5,16.125,-0.5,1000.0,RETURNING_TO_START,load_zone_22,dump_zone_22,0.00025,0.00067
411.0,2026-07-02T12:59:51.035,3,637.587,-102.423,17.215,1.0,1000.0,RETURNING_TO_START,load_zone_26,dump_zone_3,0.000361,0.000967
412.0,2026-07-02T12:59:55.723,1,-137.505,414.566,23.427,0.25,1000.0,RETURNING_TO_START,load_zone_22,dump_zone_23,0.000306,0.00082
412.0,2026-07-02T12:59:55.723,2,-149.361,447.5,14.325,-0.5,1000.0,RETURNING_TO_START,load_zone_22,dump_zone_22,0.00025,0.00067
412.0,2026-07-02T12:59:55.723,3,632.337,-102.503,19.911,0.3412,1000.0,RETURNING_TO_START,load_zone_26,dump_zone_3,0.000308,0.000825
413.0,2026-07-02T12:59:58.663,1,-132.867,419.207,23.337,-0.4466,1000.0,RETURNING_TO_START,load_zone_22,dump_zone_23,0.00025,0.00067
413.0,2026-07-02T12:59:58.663,2,-153.07,447.5,12.525,-0.5,1000.0,RETURNING_TO_START,load_zone_22,dump_zone_22,0.00025,0.00067
413.0,2026-07-02T12:59:58.663,3,626.83,-102.502,19.26,-0.5,1000.0,RETURNING_TO_START,load_zone_26,dump_zone_3,0.00025,0.00067
414.0,2026-07-02T13:00:01.515,1,-128.479,423.699,22.256,-0.122,1000.0,RETURNING_TO_START,load_zone_22,dump_zone_23,0.000259,0.000694
414.0,2026-07-02T13:00:01.515,2,-156.278,447.468,10.725,-0.5,1000.0,RETURNING_TO_START,load_zone_22,dump_zone_22,0.00025,0.00067
414.0,2026-07-02T13:00:01.515,3,621.751,-102.5,17.46,-0.5,1000.0,RETURNING_TO_START,load_zone_26,dump_zone_3,0.00025,0.00067
415.0,2026-07-02T13:00:04.060,1,-124.343,427.996,20.66,-0.5,1000.0,RETURNING_TO_START,load_zone_22,dump_zone_23,0.00025,0.00067
415.0,2026-07-02T13:00:04.060,2,-158.935,446.988,8.925,-0.5,1000.0,RETURNING_TO_START,load_zone_22,dump_zone_22,0.00025,0.00067
415.0,2026-07-02T13:00:04.060,3,617.171,-102.5,15.66,-0.5,1000.0,RETURNING_TO_START,load_zone_26,dump_zone_3,0.00025,0.00067
416.0,2026-07-02T13:00:06.822,1,-120.571,431.954,18.86,-0.5,1000.0,RETURNING_TO_START,load_zone_22,dump_zone_23,0.00025,0.00067
416.0,2026-07-02T13:00:06.822,2,-160.989,446.179,7.125,-0.5,1000.0,RETURNING_TO_START,load_zone_22,dump_zone_22,0.00025,0.00067
416.0,2026-07-02T13:00:06.822,3,613.092,-102.5,13.86,-0.5,1000.0,RETURNING_TO_START,load_zone_26,dump_zone_3,0.00025,0.00067
417.0,2026-07-02T13:00:09.012,1,-117.156,435.562,17.06,-0.5,1000.0,RETURNING_TO_START,load_zone_22,dump_zone_23,0.00025,0.00067
417.0,2026-07-02T13:00:09.012,2,-162.647,445.749,5.475,-0.25,1000.0,RETURNING_TO_START,load_zone_22,dump_zone_22,0.00025,0.00067
417.0,2026-07-02T13:00:09.012,3,609.51,-102.5,12.077,-0.5,1000.0,RETURNING_TO_START,load_zone_26,dump_zone_3,0.00025,0.00067
418.0,2026-07-02T13:00:11.746,1,-114.084,438.82,15.385,-0.4167,1000.0,RETURNING_TO_START,load_zone_22,dump_zone_23,0.00025,0.00067
418.0,2026-07-02T13:00:11.746,2,-164.136,445.573,5.174,-0.252,1000.0,RETURNING_TO_START,load_zone_22,dump_zone_22,0.00025,0.00067
418.0,2026-07-02T13:00:11.746,3,606.422,-102.5,10.369,-0.4301,1000.0,RETURNING_TO_START,load_zone_26,dump_zone_3,0.00025,0.00067
419.0,2026-07-02T13:00:14.389,1,-111.319,441.757,13.784,-0.4167,1000.0,RETURNING_TO_START,load_zone_22,dump_zone_23,0.00025,0.00067
419.0,2026-07-02T13:00:14.389,2,-165.45,445.511,4.617,-0.002,1000.0,RETURNING_TO_START,load_zone_22,dump_zone_22,0.000255,0.000683
419.0,2026-07-02T13:00:14.389,3,603.812,-102.5,8.569,-0.5,1000.0,RETURNING_TO_START,load_zone_26,dump_zone_3,0.00025,0.00067
420.0,2026-07-02T13:00:17.091,1,-108.879,444.347,12.009,-0.4167,1000.0,RETURNING_TO_START,load_zone_22,dump_zone_23,0.00025,0.00067
420.0,2026-07-02T13:00:17.091,2,-166.875,445.492,5.66,0.3314,1000.0,RETURNING_TO_START,load_zone_22,dump_zone_22,0.000266,0.000713
420.0,2026-07-02T13:00:17.091,3,601.689,-102.474,6.894,-0.4167,1000.0,RETURNING_TO_START,load_zone_26,dump_zone_3,0.00025,0.00067
421.0,2026-07-02T13:00:19.902,1,-106.756,446.592,10.384,-0.4167,1000.0,RETURNING_TO_START,load_zone_22,dump_zone_23,0.00025,0.00067
421.0,2026-07-02T13:00:19.902,2,-168.584,445.618,6.287,-0.1871,1000.0,RETURNING_TO_START,load_zone_22,dump_zone_22,0.00025,0.00067
421.0,2026-07-02T13:00:19.902,3,599.867,-101.988,7.344,0.5833,1000.0,RETURNING_TO_START,load_zone_26,dump_zone_3,0.000281,0.000753
422.0,2026-07-02T13:00:22.570,1,-104.95,448.489,8.649,-0.4167,1000.0,RETURNING_TO_START,load_zone_22,dump_zone_23,0.00025,0.00067
422.0,2026-07-02T13:00:22.570,2,-170.026,446.106,4.993,-0.0833,1000.0,RETURNING_TO_START,load_zone_22,dump_zone_22,0.000253,0.000678
422.0,2026-07-02T13:00:22.570,3,598.119,-100.299,9.994,0.4167,1000.0,RETURNING_TO_START,load_zone_26,dump_zone_3,0.000283,0.000758
423.0,2026-07-02T13:00:25.239,1,-103.409,450.082,7.224,-0.5,1000.0,RETURNING_TO_START,load_zone_22,dump_zone_23,0.00025,0.00067
423.0,2026-07-02T13:00:25.239,2,-171.202,447.105,6.643,0.9167,1000.0,RETURNING_TO_START,load_zone_22,dump_zone_22,0.00029,0.000777
423.0,2026-07-02T13:00:25.239,3,597.414,-97.612,9.853,-0.0756,1000.0,RETURNING_TO_START,load_zone_26,dump_zone_3,0.000256,0.000686
424.0,2026-07-02T13:00:26.881,1,-102.37,451.487,5.799,-0.0833,1000.0,RETURNING_TO_START,load_zone_22,dump_zone_23,0.000254,0.000681
424.0,2026-07-02T13:00:26.881,2,-172.037,449.205,9.118,0.25,1000.0,RETURNING_TO_START,load_zone_22,dump_zone_22,0.000272,0.000729
424.0,2026-07-02T13:00:26.881,3,597.338,-94.706,11.531,0.9244,1000.0,RETURNING_TO_START,load_zone_26,dump_zone_3,0.00032,0.000858
425.0,2026-07-02T13:00:28.260,1,-101.98,453.207,7.449,0.9167,1000.0,RETURNING_TO_START,load_zone_22,dump_zone_23,0.000295,0.000791
425.0,2026-07-02T13:00:28.260,2,-171.513,451.573,8.218,-0.5,1000.0,RETURNING_TO_START,load_zone_22,dump_zone_22,0.00025,0.00067
425.0,2026-07-02T13:00:28.260,3,597.397,-90.962,15.131,1.0,1000.0,RETURNING_TO_START,load_zone_26,dump_zone_3,0.000348,0.000933
426.0,2026-07-02T13:00:30.007,1,-102.001,455.817,11.049,1.0,1000.0,RETURNING_TO_START,load_zone_22,dump_zone_23,0.000321,0.00086
426.0,2026-07-02T13:00:30.007,2,-170.123,452.998,6.418,-0.5,1000.0,RETURNING_TO_START,load_zone_22,dump_zone_22,0.00025,0.00067
426.0,2026-07-02T13:00:30.007,3,597.48,-86.218,18.731,1.0,1000.0,RETURNING_TO_START,load_zone_26,dump_zone_3,0.000371,0.000994
427.0,2026-07-02T13:00:31.675,1,-102.222,459.421,14.649,1.0,1000.0,RETURNING_TO_START,load_zone_22,dump_zone_23,0.000344,0.000922
427.0,2026-07-02T13:00:31.675,2,-168.731,453.58,4.618,-0.5,1000.0,RETURNING_TO_START,load_zone_22,dump_zone_22,0.00025,0.00067
427.0,2026-07-02T13:00:31.675,3,597.5,-80.479,22.181,0.75,1000.0,RETURNING_TO_START,load_zone_26,dump_zone_3,0.000363,0.000973
428.0,2026-07-02T13:00:33.185,1,-102.442,464.026,18.249,1.0,1000.0,RETURNING_TO_START,load_zone_22,dump_zone_23,0.000368,0.000986
428.0,2026-07-02T13:00:33.185,2,-167.851,454.074,2.818,-0.5,1000.0,UNLOADING,load_zone_22,dump_zone_22,0.00025,0.00067
428.0,2026-07-02T13:00:33.185,3,597.5,-74.093,23.381,0.0833,1000.0,RETURNING_TO_START,load_zone_26,dump_zone_3,0.000285,0.000764
429.0,2026-07-02T13:00:34.724,1,-102.503,469.637,21.849,1.0,1000.0,RETURNING_TO_START,load_zone_22,dump_zone_23,0.000391,0.001048
429.0,2026-07-02T13:00:34.724,2,-167.458,454.402,1.018,-0.5,1000.0,UNLOADING,load_zone_22,dump_zone_22,0.00025,0.00067
429.0,2026-07-02T13:00:34.724,3,597.5,-67.645,22.878,-0.4301,1000.0,RETURNING_TO_START,load_zone_26,dump_zone_3,0.00025,0.00067
430.0,2026-07-02T13:00:36.541,1,-102.5,476.082,23.799,0.0833,1000.0,RETURNING_TO_START,load_zone_22,dump_zone_23,0.000286,0.000766
430.0,2026-07-02T13:00:36.541,2,-167.409,454.449,0.0,-0.5,1000.0,UNLOADING,load_zone_22,dump_zone_22,0.00025,0.00067
430.0,2026-07-02T13:00:36.541,3,597.5,-61.54,21.453,-0.0833,1000.0,RETURNING_TO_START,load_zone_26,dump_zone_3,0.000263,0.000705
431.0,2026-07-02T13:00:38.353,1,-102.5,482.557,22.624,-0.5,1000.0,RETURNING_TO_START,load_zone_22,dump_zone_23,0.00025,0.00067
431.0,2026-07-02T13:00:38.353,2,-166.886,454.861,7.2,0.0,0.0,TURNING_AROUND,dump_zone_22,load_zone_22,0.000255,0.000683
431.0,2026-07-02T13:00:38.353,3,597.5,-55.417,23.053,0.75,1000.0,RETURNING_TO_START,load_zone_26,dump_zone_3,0.000368,0.000986
432.0,2026-07-02T13:00:40.033,1,-102.5,488.571,20.824,-0.5,1000.0,RETURNING_TO_START,load_zone_22,dump_zone_23,0.00025,0.00067
432.0,2026-07-02T13:00:40.033,2,-165.509,455.435,0.0,-0.3333,0.0,GOING_TO_ENDPOINT,dump_zone_22,load_zone_22,0.00025,0.00067
432.0,2026-07-02T13:00:40.033,3,597.5,-48.789,24.253,0.0833,1000.0,RETURNING_TO_START,load_zone_26,dump_zone_3,0.000287,0.000769
433.0,2026-07-02T13:00:42.103,1,-102.5,494.084,19.024,-0.5,1000.0,RETURNING_TO_START,load_zone_22,dump_zone_23,0.00025,0.00067
433.0,2026-07-02T13:00:42.103,2,-165.44,455.435,0.9,0.6667,0.0,GOING_TO_ENDPOINT,dump_zone_22,load_zone_22,0.000253,0.000678
433.0,2026-07-02T13:00:42.103,3,597.5,-42.181,23.09,-0.415,1000.0,RETURNING_TO_START,load_zone_26,dump_zone_3,0.00025,0.00067
434.0,2026-07-02T13:00:44.338,1,-102.5,499.098,17.224,-0.5,1000.0,RETURNING_TO_START,load_zone_22,dump_zone_23,0.00025,0.00067
434.0,2026-07-02T13:00:44.338,2,-164.689,455.394,4.35,1.0,0.0,GOING_TO_ENDPOINT,dump_zone_22,load_zone_22,0.000267,0.000716
434.0,2026-07-02T13:00:44.338,3,597.5,-35.793,23.246,0.085,1000.0,RETURNING_TO_START,load_zone_26,dump_zone_3,0.000285,0.000764
435.0,2026-07-02T13:00:46.880,1,-102.5,503.612,15.424,-0.5,1000.0,RETURNING_TO_START,load_zone_22,dump_zone_23,0.00025,0.00067
435.0,2026-07-02T13:00:46.880,2,-162.985,455.004,7.95,1.0,0.0,GOING_TO_ENDPOINT,dump_zone_22,load_zone_22,0.000281,0.000753
435.0,2026-07-02T13:00:46.880,3,597.5,-29.21,24.152,0.085,1000.0,RETURNING_TO_START,load_zone_26,dump_zone_3,0.000287,0.000769
436.0,2026-07-02T13:00:50.282,1,-102.5,507.63,13.724,-0.4167,1000.0,RETURNING_TO_START,load_zone_22,dump_zone_23,0.00025,0.00067
436.0,2026-07-02T13:00:50.282,2,-160.345,454.239,11.55,1.0,0.0,GOING_TO_ENDPOINT,dump_zone_22,load_zone_22,0.000295,0.000791
436.0,2026-07-02T13:00:50.282,3,597.5,-22.629,23.171,-0.1616,1000.0,RETURNING_TO_START,load_zone_26,dump_zone_3,0.000254,0.000681
437.0,2026-07-02T13:00:52.891,1,-102.5,511.172,11.924,-0.5,1000.0,RETURNING_TO_START,load_zone_22,dump_zone_23,0.00025,0.00067
437.0,2026-07-02T13:00:52.891,2,-156.673,453.478,15.15,1.0,0.0,GOING_TO_ENDPOINT,dump_zone_22,load_zone_22,0.000309,0.000828
437.0,2026-07-02T13:00:52.891,3,597.5,-16.179,23.525,0.4087,1000.0,RETURNING_TO_START,load_zone_26,dump_zone_3,0.000327,0.000876
438.0,2026-07-02T13:00:54.917,1,-102.5,514.213,10.124,-0.5,1000.0,RETURNING_TO_START,load_zone_22,dump_zone_23,0.00025,0.00067
438.0,2026-07-02T13:00:54.917,2,-151.97,452.816,18.75,1.0,0.0,GOING_TO_ENDPOINT,dump_zone_22,load_zone_22,0.000323,0.000866
438.0,2026-07-02T13:00:54.917,3,597.5,-9.486,24.296,-0.0913,1000.0,RETURNING_TO_START,load_zone_26,dump_zone_3,0.000264,0.000708
439.0,2026-07-02T13:00:57.478,1,-102.5,516.755,8.324,-0.5,1000.0,RETURNING_TO_START,load_zone_22,dump_zone_23,0.00025,0.00067
439.0,2026-07-02T13:00:57.478,2,-146.251,452.508,21.975,0.5833,0.0,GOING_TO_ENDPOINT,dump_zone_22,load_zone_22,0.000305,0.000817
439.0,2026-07-02T13:00:57.478,3,597.5,-2.864,23.585,-0.0341,1000.0,RETURNING_TO_START,load_zone_26,dump_zone_3,0.000271,0.000726
440.0,2026-07-02T13:00:59.897,1,-102.497,518.796,6.524,-0.5,1000.0,RETURNING_TO_START,load_zone_22,dump_zone_23,0.00025,0.00067
440.0,2026-07-02T13:00:59.897,2,-140.041,452.495,22.125,-0.4167,0.0,GOING_TO_ENDPOINT,dump_zone_22,load_zone_22,0.00025,0.00067
440.0,2026-07-02T13:00:59.897,3,597.5,3.695,23.505,-0.156,1000.0,RETURNING_TO_START,load_zone_26,dump_zone_3,0.000255,0.000683
441.0,2026-07-02T13:01:01.835,1,-102.145,520.287,4.724,-0.5,1000.0,RETURNING_TO_START,load_zone_22,dump_zone_23,0.00025,0.00067
441.0,2026-07-02T13:01:01.835,2,-134.166,452.5,20.325,-0.5,0.0,GOING_TO_ENDPOINT,dump_zone_22,load_zone_22,0.00025,0.00067
441.0,2026-07-02T13:01:01.835,3,597.5,10.265,23.844,-0.0727,1000.0,RETURNING_TO_START,load_zone_26,dump_zone_3,0.000266,0.000713
442.0,2026-07-02T13:01:03.713,1,-101.603,521.173,2.924,-0.5,1000.0,UNLOADING,load_zone_22,dump_zone_23,0.00025,0.00067
442.0,2026-07-02T13:01:03.713,2,-128.791,452.5,18.525,-0.5,0.0,GOING_TO_ENDPOINT,dump_zone_22,load_zone_22,0.00025,0.00067
442.0,2026-07-02T13:01:03.713,3,597.5,16.79,23.182,-0.2394,1000.0,RETURNING_TO_START,load_zone_26,dump_zone_3,0.00025,0.00067
443.0,2026-07-02T13:01:05.782,1,-101.238,521.572,1.124,-0.5,1000.0,UNLOADING,load_zone_22,dump_zone_23,0.00025,0.00067
443.0,2026-07-02T13:01:05.782,2,-123.916,452.5,16.725,-0.5,0.0,GOING_TO_ENDPOINT,dump_zone_22,load_zone_22,0.00025,0.00067
443.0,2026-07-02T13:01:05.782,3,597.5,23.152,22.943,0.2121,1000.0,RETURNING_TO_START,load_zone_26,dump_zone_3,0.0003,0.000804
444.0,2026-07-02T13:01:07.606,1,-101.176,521.63,0.0,-0.5,1000.0,UNLOADING,load_zone_22,dump_zone_23,0.00025,0.00067
444.0,2026-07-02T13:01:07.606,2,-119.541,452.5,14.925,-0.5,0.0,GOING_TO_ENDPOINT,dump_zone_22,load_zone_22,0.00025,0.00067
444.0,2026-07-02T13:01:07.606,3,597.5,29.754,24.256,0.0454,1000.0,RETURNING_TO_START,load_zone_26,dump_zone_3,0.000282,0.000756
445.0,2026-07-02T13:01:09.174,1,-100.782,521.938,7.2,0.0,0.0,TURNING_AROUND,dump_zone_23,load_zone_22,0.000255,0.000683
445.0,2026-07-02T13:01:09.174,2,-115.666,452.5,13.125,-0.5,0.0,GOING_TO_ENDPOINT,dump_zone_22,load_zone_22,0.00025,0.00067
445.0,2026-07-02T13:01:09.174,3,597.5,36.416,23.606,-0.2966,1000.0,RETURNING_TO_START,load_zone_26,dump_zone_3,0.00025,0.00067
446.0,2026-07-02T13:01:10.988,1,-98.923,522.618,7.2,0.0,0.0,TURNING_AROUND,dump_zone_23,load_zone_22,0.000255,0.000683
446.0,2026-07-02T13:01:10.988,2,-112.301,452.664,11.325,-0.5,0.0,GOING_TO_ENDPOINT,dump_zone_22,load_zone_22,0.00025,0.00067
446.0,2026-07-02T13:01:10.988,3,597.5,42.937,23.381,0.014,1000.0,RETURNING_TO_START,load_zone_26,dump_zone_3,0.000276,0.00074
447.0,2026-07-02T13:01:12.874,1,-99.237,522.814,5.4,0.0,0.0,TURNING_AROUND,dump_zone_23,load_zone_22,0.000253,0.000678
447.0,2026-07-02T13:01:12.874,2,-109.639,453.73,9.525,-0.5,0.0,GOING_TO_ENDPOINT,dump_zone_22,load_zone_22,0.00025,0.00067
447.0,2026-07-02T13:01:12.874,3,597.5,49.399,22.94,-0.2948,1000.0,RETURNING_TO_START,load_zone_26,dump_zone_3,0.00025,0.00067
448.0,2026-07-02T13:01:14.692,1,-98.613,522.238,7.2,0.0,0.0,TURNING_AROUND,dump_zone_23,load_zone_22,0.000255,0.000683
448.0,2026-07-02T13:01:14.692,2,-107.359,454.366,7.725,-0.5,0.0,GOING_TO_ENDPOINT,dump_zone_22,load_zone_22,0.00025,0.00067
448.0,2026-07-02T13:01:14.692,3,597.5,55.816,23.65,0.3677,1000.0,RETURNING_TO_START,load_zone_26,dump_zone_3,0.000322,0.000863
449.0,2026-07-02T13:01:16.672,1,-97.678,520.823,5.4,0.0,0.0,TURNING_AROUND,dump_zone_23,load_zone_22,0.000253,0.000678
449.0,2026-07-02T13:01:16.672,2,-105.49,454.502,5.925,-0.5,0.0,GOING_TO_ENDPOINT,dump_zone_22,load_zone_22,0.00025,0.00067
449.0,2026-07-02T13:01:16.672,3,597.5,62.52,24.224,-0.1037,1000.0,RETURNING_TO_START,load_zone_26,dump_zone_3,0.000262,0.000702
450.0,2026-07-02T13:01:19.319,1,-97.776,521.182,0.075,0.1667,0.0,GOING_TO_ENDPOINT,dump_zone_23,load_zone_22,0.00025,0.00067
450.0,2026-07-02T13:01:19.319,2,-103.998,454.521,4.959,-0.4386,0.0,GOING_TO_ENDPOINT,dump_zone_22,load_zone_22,0.00025,0.00067
450.0,2026-07-02T13:01:19.319,3,597.5,69.155,23.367,-0.4167,1000.0,RETURNING_TO_START,load_zone_26,dump_zone_3,0.00025,0.00067
451.0,2026-07-02T13:01:22.045,1,-97.775,520.863,2.55,1.0,0.0,GOING_TO_ENDPOINT,dump_zone_23,load_zone_22,0.00026,0.000697
451.0,2026-07-02T13:01:22.045,2,-102.79,454.498,4.006,-0.1563,0.0,GOING_TO_ENDPOINT,dump_zone_22,load_zone_22,0.000251,0.000673
451.0,2026-07-02T13:01:22.045,3,597.5,75.484,22.694,0.0833,1000.0,RETURNING_TO_START,load_zone_26,dump_zone_3,0.000284,0.000761
452.0,2026-07-02T13:01:24.446,1,-97.757,519.613,6.15,1.0,0.0,GOING_TO_ENDPOINT,dump_zone_23,load_zone_22,0.000274,0.000734
452.0,2026-07-02T13:01:24.446,2,-101.63,454.28,4.968,0.6806,0.0,GOING_TO_ENDPOINT,dump_zone_22,load_zone_22,0.000264,0.000708
452.0,2026-07-02T13:01:24.446,3,597.5,81.923,23.862,0.4483,1000.0,RETURNING_TO_START,load_zone_26,dump_zone_3,0.000333,0.000892
453.0,2026-07-02T13:01:26.512,1,-97.696,517.364,9.75,1.0,0.0,GOING_TO_ENDPOINT,dump_zone_23,load_zone_22,0.000288,0.000772
453.0,2026-07-02T13:01:26.512,2,-100.137,453.442,7.458,0.9806,0.0,GOING_TO_ENDPOINT,dump_zone_22,load_zone_22,0.000278,0.000745
453.0,2026-07-02T13:01:26.512,3,597.5,88.585,23.595,-0.3523,1000.0,RETURNING_TO_START,load_zone_26,dump_zone_3,0.00025,0.00067
454.0,2026-07-02T13:01:28.461,1,-97.618,514.115,13.35,1.0,0.0,GOING_TO_ENDPOINT,dump_zone_23,load_zone_22,0.000302,0.000809
454.0,2026-07-02T13:01:28.461,2,-98.882,451.203,11.058,1.0,0.0,GOING_TO_ENDPOINT,dump_zone_22,load_zone_22,0.000293,0.000785
454.0,2026-07-02T13:01:28.461,3,597.5,95.102,23.722,0.2845,1000.0,RETURNING_TO_START,load_zone_26,dump_zone_3,0.000311,0.000833
455.0,2026-07-02T13:01:30.470,1,-97.545,509.865,16.95,1.0,0.0,GOING_TO_ENDPOINT,dump_zone_23,load_zone_22,0.000316,0.000847
455.0,2026-07-02T13:01:30.470,2,-99.064,447.795,13.008,0.0833,0.0,GOING_TO_ENDPOINT,dump_zone_22,load_zone_22,0.000262,0.000702
455.0,2026-07-02T13:01:30.470,3,597.5,101.718,23.831,0.197,1000.0,RETURNING_TO_START,load_zone_26,dump_zone_3,0.0003,0.000804
456.0,2026-07-02T13:01:32.479,1,-97.505,504.615,20.55,1.0,0.0,GOING_TO_ENDPOINT,dump_zone_23,load_zone_22,0.000329,0.000882
456.0,2026-07-02T13:01:32.479,2,-101.219,445.013,12.758,0.25,0.0,GOING_TO_ENDPOINT,dump_zone_22,load_zone_22,0.000268,0.000718
456.0,2026-07-02T13:01:32.479,3,597.5,108.353,23.669,-0.1539,1000.0,RETURNING_TO_START,load_zone_26,dump_zone_3,0.000255,0.000683
457.0,2026-07-02T13:01:34.322,1,-97.499,498.365,24.15,1.0,0.0,GOING_TO_ENDPOINT,dump_zone_23,load_zone_22,0.000343,0.000919
457.0,2026-07-02T13:01:34.322,2,-103.925,442.227,15.458,1.0,0.0,GOING_TO_ENDPOINT,dump_zone_22,load_zone_22,0.00031,0.000831
457.0,2026-07-02T13:01:34.322,3,597.5,114.82,22.707,-0.4167,1000.0,RETURNING_TO_START,load_zone_26,dump_zone_3,0.00025,0.00067
458.0,2026-07-02T13:01:36.202,1,-97.5,491.126,27.674,0.9167,0.0,GOING_TO_ENDPOINT,dump_zone_23,load_zone_22,0.00035,0.000938
458.0,2026-07-02T13:01:36.202,2,-107.279,438.743,19.058,1.0,0.0,GOING_TO_ENDPOINT,dump_zone_22,load_zone_22,0.000324,0.000868
458.0,2026-07-02T13:01:36.202,3,597.5,121.112,23.13,0.492,1000.0,RETURNING_TO_START,load_zone_26,dump_zone_3,0.000336,0.0009
459.0,2026-07-02T13:01:38.403,1,-97.5,483.153,29.024,-0.0833,0.0,GOING_TO_ENDPOINT,dump_zone_23,load_zone_22,0.000261,0.000699
459.0,2026-07-02T13:01:38.403,2,-111.287,434.502,22.658,1.0,0.0,GOING_TO_ENDPOINT,dump_zone_22,load_zone_22,0.000338,0.000906
459.0,2026-07-02T13:01:38.403,3,597.5,127.778,24.301,-0.0914,1000.0,RETURNING_TO_START,load_zone_26,dump_zone_3,0.000264,0.000708
460.0,2026-07-02T13:01:40.388,1,-97.5,475.298,27.474,-0.5,0.0,GOING_TO_ENDPOINT,dump_zone_23,load_zone_22,0.00025,0.00067
460.0,2026-07-02T13:01:40.388,2,-115.972,429.538,26.133,0.9167,0.0,GOING_TO_ENDPOINT,dump_zone_22,load_zone_22,0.000344,0.000922
460.0,2026-07-02T13:01:40.388,3,597.5,134.339,22.991,-0.25,1000.0,RETURNING_TO_START,load_zone_26,dump_zone_3,0.00025,0.00067
461.0,2026-07-02T13:01:42.208,1,-97.5,467.937,25.674,-0.5,0.0,GOING_TO_ENDPOINT,dump_zone_23,load_zone_22,0.00025,0.00067
461.0,2026-07-02T13:01:42.208,2,-121.175,424.074,27.483,-0.0833,0.0,GOING_TO_ENDPOINT,dump_zone_22,load_zone_22,0.00026,0.000697
461.0,2026-07-02T13:01:42.208,3,597.5,140.653,22.793,0.2918,1000.0,RETURNING_TO_START,load_zone_26,dump_zone_3,0.00031,0.000831
462.0,2026-07-02T13:01:44.231,1,-97.501,461.076,23.874,-0.5,0.0,GOING_TO_ENDPOINT,dump_zone_23,load_zone_22,0.00025,0.00067
462.0,2026-07-02T13:01:44.231,2,-126.333,418.73,25.933,-0.5,0.0,GOING_TO_ENDPOINT,dump_zone_22,load_zone_22,0.00025,0.00067
462.0,2026-07-02T13:01:44.231,3,597.5,147.213,24.253,0.2606,1000.0,RETURNING_TO_START,load_zone_26,dump_zone_3,0.00031,0.000831
463.0,2026-07-02T13:01:45.749,1,-97.501,454.715,22.074,-0.5,0.0,GOING_TO_ENDPOINT,dump_zone_23,load_zone_22,0.00025,0.00067
463.0,2026-07-02T13:01:45.749,2,-131.195,413.788,24.133,-0.5,0.0,GOING_TO_ENDPOINT,dump_zone_22,load_zone_22,0.00025,0.00067
463.0,2026-07-02T13:01:45.749,3,597.5,153.964,23.968,-0.4645,1000.0,RETURNING_TO_START,load_zone_26,dump_zone_3,0.00025,0.00067
464.0,2026-07-02T13:01:48.345,1,-97.748,448.866,20.274,-0.5,0.0,GOING_TO_ENDPOINT,dump_zone_23,load_zone_22,0.00025,0.00067
464.0,2026-07-02T13:01:48.345,2,-135.77,409.266,22.333,-0.5,0.0,GOING_TO_ENDPOINT,dump_zone_22,load_zone_22,0.00025,0.00067
464.0,2026-07-02T13:01:48.345,3,597.5,160.351,22.168,-0.5,1000.0,RETURNING_TO_START,load_zone_26,dump_zone_3,0.00025,0.00067
465.0,2026-07-02T13:01:50.588,1,-100.738,444.568,19.174,0.0833,0.0,GOING_TO_ENDPOINT,dump_zone_23,load_zone_22,0.000267,0.000716
465.0,2026-07-02T13:01:50.588,2,-140.065,405.173,20.533,-0.5,0.0,GOING_TO_ENDPOINT,dump_zone_22,load_zone_22,0.00025,0.00067
465.0,2026-07-02T13:01:50.588,3,597.5,166.238,20.368,-0.5,1000.0,RETURNING_TO_START,load_zone_26,dump_zone_3,0.00025,0.00067
466.0,2026-07-02T13:01:52.356,1,-105.01,440.982,21.399,1.0,0.0,GOING_TO_ENDPOINT,dump_zone_23,load_zone_22,0.000333,0.000892
466.0,2026-07-02T13:01:52.356,2,-144.109,401.546,18.733,-0.5,0.0,GOING_TO_ENDPOINT,dump_zone_22,load_zone_22,0.00025,0.00067
466.0,2026-07-02T13:01:52.356,3,597.5,171.625,18.568,-0.5,1000.0,RETURNING_TO_START,load_zone_26,dump_zone_3,0.00025,0.00067
467.0,2026-07-02T13:01:54.514,1,-109.553,436.354,24.999,1.0,0.0,GOING_TO_ENDPOINT,dump_zone_23,load_zone_22,0.000347,0.00093
467.0,2026-07-02T13:01:54.514,2,-147.95,398.453,16.933,-0.5,0.0,GOING_TO_ENDPOINT,dump_zone_22,load_zone_22,0.00025,0.00067
467.0,2026-07-02T13:01:54.514,3,597.5,176.512,16.768,-0.5,1000.0,RETURNING_TO_START,load_zone_26,dump_zone_3,0.00025,0.00067
468.0,2026-07-02T13:01:56.913,1,-114.656,430.929,28.076,0.5512,0.0,GOING_TO_ENDPOINT,dump_zone_23,load_zone_22,0.000318,0.000852
468.0,2026-07-02T13:01:56.913,2,-151.689,396.08,15.133,-0.5,0.0,GOING_TO_ENDPOINT,dump_zone_22,load_zone_22,0.00025,0.00067
468.0,2026-07-02T13:01:56.913,3,597.5,180.899,14.968,-0.5,1000.0,RETURNING_TO_START,load_zone_26,dump_zone_3,0.00025,0.00067
469.0,2026-07-02T13:01:59.212,1,-120.088,425.21,28.11,-0.4488,0.0,GOING_TO_ENDPOINT,dump_zone_23,load_zone_22,0.00025,0.00067
469.0,2026-07-02T13:01:59.212,2,-155.31,394.564,13.333,-0.5,0.0,GOING_TO_ENDPOINT,dump_zone_22,load_zone_22,0.00025,0.00067
469.0,2026-07-02T13:01:59.212,3,597.5,184.786,13.168,-0.5,1000.0,RETURNING_TO_START,load_zone_26,dump_zone_3,0.00025,0.00067
470.0,2026-07-02T13:02:01.857,1,-125.314,419.778,26.31,-0.5,0.0,GOING_TO_ENDPOINT,dump_zone_23,load_zone_22,0.00025,0.00067
470.0,2026-07-02T13:02:01.857,2,-158.622,393.662,11.533,-0.5,0.0,GOING_TO_ENDPOINT,dump_zone_22,load_zone_22,0.00025,0.00067
470.0,2026-07-02T13:02:01.857,3,597.107,188.13,11.368,-0.5,1000.0,RETURNING_TO_START,load_zone_26,dump_zone_3,0.00025,0.00067
471.0,2026-07-02T13:02:04.342,1,-130.241,414.753,24.51,-0.5,0.0,GOING_TO_ENDPOINT,dump_zone_23,load_zone_22,0.00025,0.00067
471.0,2026-07-02T13:02:04.342,2,-161.428,392.811,9.733,-0.5,0.0,GOING_TO_ENDPOINT,dump_zone_22,load_zone_22,0.00025,0.00067
471.0,2026-07-02T13:02:04.342,3,596.014,190.802,9.568,-0.5,1000.0,RETURNING_TO_START,load_zone_26,dump_zone_3,0.00025,0.00067
472.0,2026-07-02T13:02:06.720,1,-134.874,410.141,22.71,-0.5,0.0,GOING_TO_ENDPOINT,dump_zone_23,load_zone_22,0.00025,0.00067
472.0,2026-07-02T13:02:06.720,2,-163.838,392.618,7.933,-0.5,0.0,GOING_TO_ENDPOINT,dump_zone_22,load_zone_22,0.00025,0.00067
472.0,2026-07-02T13:02:06.720,3,595.561,193.138,7.768,-0.5,1000.0,RETURNING_TO_START,load_zone_26,dump_zone_3,0.00025,0.00067
473.0,2026-07-02T13:02:09.441,1,-139.228,405.958,20.91,-0.5,0.0,GOING_TO_ENDPOINT,dump_zone_23,load_zone_22,0.00025,0.00067
473.0,2026-07-02T13:02:09.441,2,-165.717,393.073,6.233,-0.4167,0.0,GOING_TO_ENDPOINT,dump_zone_22,load_zone_22,0.00025,0.00067
473.0,2026-07-02T13:02:09.441,3,595.582,195.02,5.968,-0.5,1000.0,RETURNING_TO_START,load_zone_26,dump_zone_3,0.00025,0.00067
474.0,2026-07-02T13:02:12.017,1,-143.321,402.228,19.11,-0.5,0.0,GOING_TO_ENDPOINT,dump_zone_23,load_zone_22,0.00025,0.00067
474.0,2026-07-02T13:02:12.017,2,-167.122,393.678,5.183,-0.0833,0.0,GOING_TO_ENDPOINT,dump_zone_22,load_zone_22,0.000252,0.000675
474.0,2026-07-02T13:02:12.017,3,595.985,196.517,5.818,0.4167,1000.0,RETURNING_TO_START,load_zone_26,dump_zone_3,0.000269,0.000721
475.0,2026-07-02T13:02:14.874,1,-147.202,399.018,17.31,-0.5,0.0,GOING_TO_ENDPOINT,dump_zone_23,load_zone_22,0.00025,0.00067
475.0,2026-07-02T13:02:14.874,2,-168.331,394.309,4.883,-0.0833,0.0,GOING_TO_ENDPOINT,dump_zone_22,load_zone_22,0.000252,0.000675
475.0,2026-07-02T13:02:14.874,3,596.739,198.261,7.579,0.3553,1000.0,RETURNING_TO_START,load_zone_26,dump_zone_3,0.000273,0.000732
476.0,2026-07-02T13:02:17.495,1,-150.964,396.486,15.51,-0.5,0.0,GOING_TO_ENDPOINT,dump_zone_23,load_zone_22,0.00025,0.00067
476.0,2026-07-02T13:02:17.495,2,-169.426,394.914,4.133,-0.4167,0.0,GOING_TO_ENDPOINT,dump_zone_22,load_zone_22,0.00025,0.00067
476.0,2026-07-02T13:02:17.495,3,598.006,200.239,9.308,0.6886,1000.0,RETURNING_TO_START,load_zone_26,dump_zone_3,0.000294,0.000788
477.0,2026-07-02T13:02:20.238,1,-154.617,394.782,13.71,-0.5,0.0,GOING_TO_ENDPOINT,dump_zone_23,load_zone_22,0.00025,0.00067
477.0,2026-07-02T13:02:20.238,2,-170.202,395.323,2.333,-0.5,0.0,LOADING,dump_zone_22,load_zone_22,0.00025,0.00067
477.0,2026-07-02T13:02:20.238,3,600.732,201.421,12.078,0.4167,1000.0,RETURNING_TO_START,load_zone_26,dump_zone_3,0.00029,0.000777
478.0,2026-07-02T13:02:22.923,1,-158.018,393.811,11.91,-0.5,0.0,GOING_TO_ENDPOINT,dump_zone_23,load_zone_22,0.00025,0.00067
478.0,2026-07-02T13:02:22.923,2,-170.539,395.492,0.533,-0.5,0.0,LOADING,dump_zone_22,load_zone_22,0.00025,0.00067
478.0,2026-07-02T13:02:22.923,3,603.909,200.433,11.653,-0.5,1000.0,RETURNING_TO_START,load_zone_26,dump_zone_3,0.00025,0.00067
479.0,2026-07-02T13:02:25.547,1,-160.945,393.001,10.135,-0.4167,0.0,GOING_TO_ENDPOINT,dump_zone_23,load_zone_22,0.00025,0.00067
479.0,2026-07-02T13:02:25.547,2,-170.553,395.499,0.0,-0.25,0.0,LOADING,dump_zone_22,load_zone_22,0.00025,0.00067
479.0,2026-07-02T13:02:25.547,3,606.688,199.407,9.878,-0.4167,1000.0,RETURNING_TO_START,load_zone_26,dump_zone_3,0.00025,0.00067
480.0,2026-07-02T13:02:28.248,1,-163.478,392.607,8.41,-0.5,0.0,GOING_TO_ENDPOINT,dump_zone_23,load_zone_22,0.00025,0.00067
480.0,2026-07-02T13:02:28.248,2,-171.496,396.18,7.2,0.0,1000.0,TURNING_AROUND,load_zone_22,dump_zone_22,0.000258,0.000691
480.0,2026-07-02T13:02:28.248,3,609.375,198.947,10.328,0.5833,1000.0,RETURNING_TO_START,load_zone_26,dump_zone_3,0.000293,0.000785
481.0,2026-07-02T13:02:30.455,1,-165.516,392.869,6.635,-0.4167,0.0,GOING_TO_ENDPOINT,dump_zone_23,load_zone_22,0.00025,0.00067
481.0,2026-07-02T13:02:30.455,2,-172.53,397.868,7.2,0.0,1000.0,TURNING_AROUND,load_zone_22,dump_zone_22,0.000258,0.000691
481.0,2026-07-02T13:02:30.455,3,612.708,198.797,13.578,1.0,1000.0,RETURNING_TO_START,load_zone_26,dump_zone_3,0.000338,0.000906
482.0,2026-07-02T13:02:32.894,1,-167.126,393.615,6.335,-0.25,0.0,GOING_TO_ENDPOINT,dump_zone_23,load_zone_22,0.00025,0.00067
482.0,2026-07-02T13:02:32.894,2,-172.356,396.387,5.4,0.0,1000.0,TURNING_AROUND,load_zone_22,dump_zone_22,0.000256,0.000686
482.0,2026-07-02T13:02:32.894,3,616.98,198.95,16.778,0.9167,1000.0,RETURNING_TO_START,load_zone_26,dump_zone_3,0.000351,0.000941
483.0,2026-07-02T13:02:35.282,1,-168.422,394.375,4.61,-0.5,0.0,GOING_TO_ENDPOINT,dump_zone_23,load_zone_22,0.00025,0.00067
483.0,2026-07-02T13:02:35.282,2,-171.722,398.262,7.2,0.0,1000.0,TURNING_AROUND,load_zone_22,dump_zone_22,0.000258,0.000691
483.0,2026-07-02T13:02:35.282,3,621.996,199.411,18.728,0.0833,1000.0,RETURNING_TO_START,load_zone_26,dump_zone_3,0.000278,0.000745
484.0,2026-07-02T13:02:37.358,1,-169.425,394.674,3.21,-0.4167,0.0,LOADING,dump_zone_23,load_zone_22,0.00025,0.00067
484.0,2026-07-02T13:02:37.358,2,-171.459,398.767,5.4,0.0,1000.0,TURNING_AROUND,load_zone_22,dump_zone_22,0.000256,0.000686
484.0,2026-07-02T13:02:37.358,3,627.013,200.043,17.453,-0.5,1000.0,RETURNING_TO_START,load_zone_26,dump_zone_3,0.00025,0.00067
485.0,2026-07-02T13:02:39.732,1,-169.989,394.931,1.41,-0.5,0.0,LOADING,dump_zone_23,load_zone_22,0.00025,0.00067
485.0,2026-07-02T13:02:39.732,2,-171.437,398.577,7.2,0.0,1000.0,TURNING_AROUND,load_zone_22,dump_zone_22,0.000258,0.000691
485.0,2026-07-02T13:02:39.732,3,631.548,200.681,15.666,-0.5,1000.0,RETURNING_TO_START,load_zone_26,dump_zone_3,0.00025,0.00067
486.0,2026-07-02T13:02:43.131,1,-170.109,394.999,0.0,-0.1667,0.0,LOADING,dump_zone_23,load_zone_22,0.00025,0.00067
486.0,2026-07-02T13:02:43.131,2,-171.315,398.565,1.339,0.8214,1000.0,RETURNING_TO_START,load_zone_22,dump_zone_22,0.000257,0.000689
486.0,2026-07-02T13:02:43.131,3,635.603,201.246,14.088,-0.3481,1000.0,RETURNING_TO_START,load_zone_26,dump_zone_3,0.00025,0.00067
487.0,2026-07-02T13:02:45.926,1,-170.538,395.303,7.2,0.0,1000.0,TURNING_AROUND,load_zone_22,dump_zone_23,0.000258,0.000691
487.0,2026-07-02T13:02:45.926,2,-170.42,398.571,4.782,0.9167,1000.0,RETURNING_TO_START,load_zone_22,dump_zone_22,0.000279,0.000748
487.0,2026-07-02T13:02:45.926,3,639.222,201.71,12.309,-0.5,1000.0,RETURNING_TO_START,load_zone_26,dump_zone_3,0.00025,0.00067
488.0,2026-07-02T13:02:48.071,1,-171.715,396.895,7.2,0.0,1000.0,TURNING_AROUND,load_zone_22,dump_zone_23,0.000258,0.000691
488.0,2026-07-02T13:02:48.071,2,-168.639,398.669,7.682,0.75,1000.0,RETURNING_TO_START,load_zone_22,dump_zone_22,0.000289,0.000775
488.0,2026-07-02T13:02:48.071,3,642.376,202.055,10.84,-0.1819,1000.0,RETURNING_TO_START,load_zone_26,dump_zone_3,0.000251,0.000673
489.0,2026-07-02T13:02:50.024,1,-171.814,396.538,5.4,0.0,1000.0,TURNING_AROUND,load_zone_22,dump_zone_23,0.000256,0.000686
489.0,2026-07-02T13:02:50.024,2,-166.137,398.502,9.882,0.25,1000.0,RETURNING_TO_START,load_zone_22,dump_zone_22,0.000274,0.000734
489.0,2026-07-02T13:02:50.024,3,645.193,202.295,9.393,-0.5,1000.0,RETURNING_TO_START,load_zone_26,dump_zone_3,0.00025,0.00067
490.0,2026-07-02T13:02:52.014,1,-171.438,397.299,7.2,0.0,1000.0,TURNING_AROUND,load_zone_22,dump_zone_23,0.000258,0.000691
490.0,2026-07-02T13:02:52.014,2,-163.472,398.281,8.982,-0.5,1000.0,RETURNING_TO_START,load_zone_22,dump_zone_22,0.00025,0.00067
490.0,2026-07-02T13:02:52.014,3,647.528,202.422,7.593,-0.5,1000.0,RETURNING_TO_START,load_zone_26,dump_zone_3,0.00025,0.00067
491.0,2026-07-02T13:02:54.172,1,-170.345,398.596,5.4,0.0,1000.0,TURNING_AROUND,load_zone_22,dump_zone_23,0.000256,0.000686
491.0,2026-07-02T13:02:54.172,2,-161.185,398.465,7.982,0.0833,1000.0,RETURNING_TO_START,load_zone_22,dump_zone_22,0.000262,0.000702
491.0,2026-07-02T13:02:54.172,3,649.403,202.283,6.493,0.0833,1000.0,RETURNING_TO_START,load_zone_26,dump_zone_3,0.00026,0.000697
492.0,2026-07-02T13:02:55.838,1,-171.429,398.069,7.2,0.0,1000.0,TURNING_AROUND,load_zone_22,dump_zone_23,0.000258,0.000691
492.0,2026-07-02T13:02:55.838,2,-159.032,398.756,7.531,-0.034,1000.0,RETURNING_TO_START,load_zone_22,dump_zone_22,0.000257,0.000689
492.0,2026-07-02T13:02:55.838,3,651.197,201.321,8.693,0.9167,1000.0,RETURNING_TO_START,load_zone_26,dump_zone_3,0.000302,0.000809
493.0,2026-07-02T13:02:58.154,1,-171.031,398.116,0.9,0.6667,1000.0,RETURNING_TO_START,load_zone_22,dump_zone_23,0.000254,0.000681
493.0,2026-07-02T13:02:58.154,2,-156.82,399.273,9.059,0.466,1000.0,RETURNING_TO_START,load_zone_22,dump_zone_22,0.000282,0.000756
493.0,2026-07-02T13:02:58.154,3,652.448,198.978,10.043,-0.0833,1000.0,RETURNING_TO_START,load_zone_26,dump_zone_3,0.000256,0.000686
494.0,2026-07-02T13:03:00.608,1,-170.28,398.107,4.35,1.0,1000.0,RETURNING_TO_START,load_zone_22,dump_zone_23,0.000278,0.000745
494.0,2026-07-02T13:03:00.608,2,-154.221,400.344,11.123,0.5916,1000.0,RETURNING_TO_START,load_zone_22,dump_zone_22,0.000297,0.000796
494.0,2026-07-02T13:03:00.608,3,652.596,196.354,9.193,0.0833,1000.0,RETURNING_TO_START,load_zone_26,dump_zone_3,0.000264,0.000708
495.0,2026-07-02T13:03:03.320,1,-168.611,398.603,7.95,1.0,1000.0,RETURNING_TO_START,load_zone_22,dump_zone_23,0.000301,0.000807
495.0,2026-07-02T13:03:03.320,2,-151.322,402.131,13.303,0.7583,1000.0,RETURNING_TO_START,load_zone_22,dump_zone_22,0.000318,0.000852
495.0,2026-07-02T13:03:03.320,3,652.562,193.546,11.393,0.9167,1000.0,RETURNING_TO_START,load_zone_26,dump_zone_3,0.000318,0.000852
496.0,2026-07-02T13:03:06.480,1,-165.968,399.336,11.525,0.9167,1000.0,RETURNING_TO_START,load_zone_22,dump_zone_23,0.000319,0.000855
496.0,2026-07-02T13:03:06.480,2,-148.09,404.683,16.253,1.0,1000.0,RETURNING_TO_START,load_zone_22,dump_zone_22,0.000355,0.000951
496.0,2026-07-02T13:03:06.480,3,652.511,190.096,12.743,-0.0833,1000.0,RETURNING_TO_START,load_zone_26,dump_zone_3,0.000258,0.000691
497.0,2026-07-02T13:03:09.125,1,-162.473,399.227,13.025,-0.0418,1000.0,RETURNING_TO_START,load_zone_22,dump_zone_23,0.000261,0.000699
497.0,2026-07-02T13:03:09.125,2,-144.315,408.046,19.828,0.9167,1000.0,RETURNING_TO_START,load_zone_22,dump_zone_22,0.000369,0.000989
497.0,2026-07-02T13:03:09.125,3,652.498,186.764,11.193,-0.5,1000.0,RETURNING_TO_START,load_zone_26,dump_zone_3,0.00025,0.00067
498.0,2026-07-02T13:03:11.551,1,-159.07,398.902,11.537,-0.5,1000.0,RETURNING_TO_START,load_zone_22,dump_zone_23,0.00025,0.00067
498.0,2026-07-02T13:03:11.551,2,-139.947,412.182,23.003,0.5833,1000.0,RETURNING_TO_START,load_zone_22,dump_zone_22,0.000347,0.00093
498.0,2026-07-02T13:03:11.551,3,652.499,183.925,9.393,-0.5,1000.0,RETURNING_TO_START,load_zone_26,dump_zone_3,0.00025,0.00067
499.0,2026-07-02T13:03:13.766,1,-156.194,399.427,9.762,-0.4167,1000.0,RETURNING_TO_START,load_zone_22,dump_zone_23,0.00025,0.00067
499.0,2026-07-02T13:03:13.766,2,-135.319,416.738,23.153,-0.4167,1000.0,RETURNING_TO_START,load_zone_22,dump_zone_22,0.00025,0.00067
499.0,2026-07-02T13:03:13.766,3,652.5,181.587,7.593,-0.5,1000.0,RETURNING_TO_START,load_zone_26,dump_zone_3,0.00025,0.00067
500.0,2026-07-02T13:03:16.358,1,-153.769,400.53,9.762,0.25,1000.0,RETURNING_TO_START,load_zone_22,dump_zone_23,0.000273,0.000732
500.0,2026-07-02T13:03:16.358,2,-130.988,421.12,21.353,-0.5,1000.0,RETURNING_TO_START,load_zone_22,dump_zone_22,0.00025,0.00067
500.0,2026-07-02T13:03:16.358,3,652.513,179.75,5.793,-0.5,1000.0,RETURNING_TO_START,load_zone_26,dump_zone_3,0.00025,0.00067
501.0,2026-07-02T13:03:18.799,1,-151.221,402.197,12.362,0.9167,1000.0,RETURNING_TO_START,load_zone_22,dump_zone_23,0.000324,0.000868
501.0,2026-07-02T13:03:18.799,2,-127.046,425.182,19.553,-0.5,1000.0,RETURNING_TO_START,load_zone_22,dump_zone_22,0.00025,0.00067
501.0,2026-07-02T13:03:18.799,3,652.871,178.466,3.993,-0.5,1000.0,RETURNING_TO_START,load_zone_26,dump_zone_3,0.00025,0.00067
502.0,2026-07-02T13:03:21.077,1,-148.177,404.622,15.137,0.75,1000.0,RETURNING_TO_START,load_zone_22,dump_zone_23,0.000327,0.000876
502.0,2026-07-02T13:03:21.077,2,-123.473,428.906,17.753,-0.5,1000.0,RETURNING_TO_START,load_zone_22,dump_zone_22,0.00025,0.00067
502.0,2026-07-02T13:03:21.077,3,653.3,177.748,2.193,-0.5,1000.0,UNLOADING,load_zone_26,dump_zone_3,0.00025,0.00067
503.0,2026-07-02T13:03:23.576,1,-144.642,407.758,18.662,1.0,1000.0,RETURNING_TO_START,load_zone_22,dump_zone_23,0.00037,0.000992
503.0,2026-07-02T13:03:23.576,2,-120.253,432.291,16.011,-0.5,1000.0,RETURNING_TO_START,load_zone_22,dump_zone_22,0.00025,0.00067
503.0,2026-07-02T13:03:23.576,3,653.509,177.482,0.393,-0.5,1000.0,UNLOADING,load_zone_26,dump_zone_3,0.00025,0.00067
504.0,2026-07-02T13:03:26.467,1,-140.495,411.65,21.812,0.75,1000.0,RETURNING_TO_START,load_zone_22,dump_zone_23,0.000361,0.000967
504.0,2026-07-02T13:03:26.467,2,-117.331,435.378,14.844,-0.3614,1000.0,RETURNING_TO_START,load_zone_22,dump_zone_22,0.00025,0.00067
504.0,2026-07-02T13:03:26.467,3,653.514,177.476,0.0,-0.5,1000.0,UNLOADING,load_zone_26,dump_zone_3,0.00025,0.00067
505.0,2026-07-02T13:03:28.163,1,-135.908,416.15,23.82,0.141,1000.0,RETURNING_TO_START,load_zone_22,dump_zone_23,0.000293,0.000785
505.0,2026-07-02T13:03:28.163,2,-114.684,438.184,13.061,-0.5,1000.0,RETURNING_TO_START,load_zone_22,dump_zone_22,0.00025,0.00067
505.0,2026-07-02T13:03:28.163,3,654.532,176.625,7.2,0.0,0.0,TURNING_AROUND,dump_zone_3,load_zone_26,0.000255,0.000683
506.0,2026-07-02T13:03:29.662,1,-131.336,420.765,22.691,-0.4167,1000.0,RETURNING_TO_START,load_zone_22,dump_zone_23,0.00025,0.00067
506.0,2026-07-02T13:03:29.662,2,-112.383,440.628,11.261,-0.5,1000.0,RETURNING_TO_START,load_zone_22,dump_zone_22,0.00025,0.00067
506.0,2026-07-02T13:03:29.662,3,656.143,176.095,5.4,0.0,0.0,TURNING_AROUND,dump_zone_3,load_zone_26,0.000253,0.000678
507.0,2026-07-02T13:04:00.527,1,-127.08,425.147,21.366,-0.5,1000.0,RETURNING_TO_START,load_zone_22,dump_zone_23,0.00025,0.00067
507.0,2026-07-02T13:04:00.527,2,-110.282,442.553,9.461,-0.5,1000.0,RETURNING_TO_START,load_zone_22,dump_zone_22,0.00025,0.00067
507.0,2026-07-02T13:04:00.527,3,654.944,175.975,7.2,0.0,0.0,TURNING_AROUND,dump_zone_3,load_zone_26,0.000255,0.000683
508.0,2026-07-02T13:04:04.152,1,-123.159,429.235,19.591,-0.4167,1000.0,RETURNING_TO_START,load_zone_22,dump_zone_23,0.00025,0.00067
508.0,2026-07-02T13:04:04.152,2,-108.196,443.645,7.661,-0.5,1000.0,RETURNING_TO_START,load_zone_22,dump_zone_22,0.00025,0.00067
508.0,2026-07-02T13:04:04.152,3,656.583,177.085,7.2,0.0,0.0,TURNING_AROUND,dump_zone_3,load_zone_26,0.000255,0.000683
509.0,2026-07-02T13:04:07.570,1,-119.582,432.997,17.866,-0.5,1000.0,RETURNING_TO_START,load_zone_22,dump_zone_23,0.00025,0.00067
509.0,2026-07-02T13:04:07.570,2,-106.536,444.524,5.961,-0.5,1000.0,RETURNING_TO_START,load_zone_22,dump_zone_22,0.00025,0.00067
509.0,2026-07-02T13:04:07.570,3,656.864,177.215,5.4,0.0,0.0,TURNING_AROUND,dump_zone_3,load_zone_26,0.000253,0.000678
510.0,2026-07-02T13:04:11.119,1,-116.312,436.458,16.697,-0.2627,1000.0,RETURNING_TO_START,load_zone_22,dump_zone_23,0.00025,0.00067
510.0,2026-07-02T13:04:11.119,2,-105.366,445.381,4.78,-0.1853,1000.0,RETURNING_TO_START,load_zone_22,dump_zone_22,0.00025,0.00067
510.0,2026-07-02T13:04:11.119,3,656.799,176.979,0.15,0.25,0.0,GOING_TO_ENDPOINT,dump_zone_3,load_zone_26,0.00025,0.00067
511.0,2026-07-02T13:04:13.773,1,-113.266,439.67,15.132,-0.5,1000.0,RETURNING_TO_START,load_zone_22,dump_zone_23,0.00025,0.00067
511.0,2026-07-02T13:04:13.773,2,-104.336,446.297,5.513,0.4173,1000.0,RETURNING_TO_START,load_zone_22,dump_zone_22,0.000268,0.000718
511.0,2026-07-02T13:04:13.773,3,656.779,177.36,2.85,1.0,0.0,GOING_TO_ENDPOINT,dump_zone_3,load_zone_26,0.000261,0.000699
512.0,2026-07-02T13:04:17.642,1,-110.55,442.579,14.032,0.0833,1000.0,RETURNING_TO_START,load_zone_22,dump_zone_23,0.000271,0.000726
512.0,2026-07-02T13:04:17.642,2,-103.14,447.493,6.498,0.0467,1000.0,RETURNING_TO_START,load_zone_22,dump_zone_22,0.000259,0.000694
512.0,2026-07-02T13:04:17.642,3,656.416,178.636,6.45,1.0,0.0,GOING_TO_ENDPOINT,dump_zone_3,load_zone_26,0.000275,0.000737
513.0,2026-07-02T13:04:22.156,1,-107.116,444.693,14.882,-0.0833,1000.0,RETURNING_TO_START,load_zone_22,dump_zone_23,0.000259,0.000694
513.0,2026-07-02T13:04:22.156,2,-101.98,448.773,5.909,-0.1841,1000.0,RETURNING_TO_START,load_zone_22,dump_zone_22,0.00025,0.00067
513.0,2026-07-02T13:04:22.156,3,654.877,180.355,10.05,1.0,0.0,GOING_TO_ENDPOINT,dump_zone_3,load_zone_26,0.000289,0.000775
514.0,2026-07-02T13:04:26.702,1,-103.274,445.469,13.332,-0.5,1000.0,RETURNING_TO_START,load_zone_22,dump_zone_23,0.00025,0.00067
514.0,2026-07-02T13:04:26.702,2,-100.971,449.961,5.408,-0.107,1000.0,RETURNING_TO_START,load_zone_22,dump_zone_22,0.000253,0.000678
514.0,2026-07-02T13:04:26.702,3,652.014,182.06,13.65,1.0,0.0,GOING_TO_ENDPOINT,dump_zone_3,load_zone_26,0.000303,0.000812
515.0,2026-07-02T13:04:31.676,1,-100.465,447.273,11.532,-0.5,1000.0,RETURNING_TO_START,load_zone_22,dump_zone_23,0.00025,0.00067
515.0,2026-07-02T13:04:31.676,2,-100.054,451.084,5.058,-0.0962,1000.0,RETURNING_TO_START,load_zone_22,dump_zone_22,0.000253,0.000678
515.0,2026-07-02T13:04:31.676,3,648.753,184.834,16.875,0.5833,0.0,GOING_TO_ENDPOINT,dump_zone_3,load_zone_26,0.000293,0.000785
516.0,2026-07-02T13:04:35.593,1,-99.303,449.951,9.732,-0.5,1000.0,RETURNING_TO_START,load_zone_22,dump_zone_23,0.00025,0.00067
516.0,2026-07-02T13:04:35.593,2,-99.192,452.064,4.124,-0.4167,1000.0,RETURNING_TO_START,load_zone_22,dump_zone_22,0.00025,0.00067
516.0,2026-07-02T13:04:35.593,3,647.448,189.378,17.025,-0.4167,0.0,GOING_TO_ENDPOINT,dump_zone_3,load_zone_26,0.00025,0.00067
517.0,2026-07-02T13:04:39.584,1,-97.649,451.687,7.957,-0.4167,1000.0,RETURNING_TO_START,load_zone_22,dump_zone_23,0.00025,0.00067
517.0,2026-07-02T13:04:39.584,2,-98.46,452.576,2.401,-0.5,1000.0,RETURNING_TO_START,load_zone_22,dump_zone_22,0.00025,0.00067
517.0,2026-07-02T13:04:39.584,3,647.477,193.835,15.225,-0.5,0.0,GOING_TO_ENDPOINT,dump_zone_3,load_zone_26,0.00025,0.00067
518.0,2026-07-02T13:04:44.611,1,-95.553,452.196,8.107,0.0833,1000.0,RETURNING_TO_START,load_zone_22,dump_zone_23,0.000262,0.000702
518.0,2026-07-02T13:04:44.611,2,-98.105,452.75,0.601,-0.5,1000.0,RETURNING_TO_START,load_zone_22,dump_zone_22,0.00025,0.00067
518.0,2026-07-02T13:04:44.611,3,647.501,197.794,13.425,-0.5,0.0,GOING_TO_ENDPOINT,dump_zone_3,load_zone_26,0.00025,0.00067
519.0,2026-07-02T13:04:49.332,1,-93.46,452.017,6.832,-0.5,1000.0,RETURNING_TO_START,load_zone_22,dump_zone_23,0.00025,0.00067
519.0,2026-07-02T13:04:49.332,2,-98.084,452.759,0.028,0.0386,1000.0,RETURNING_TO_START,load_zone_22,dump_zone_22,0.00025,0.00067
519.0,2026-07-02T13:04:49.332,3,646.27,201.01,12.75,0.25,0.0,GOING_TO_ENDPOINT,dump_zone_3,load_zone_26,0.000268,0.000718
520.0,2026-07-02T13:04:53.832,1,-91.838,452.142,5.032,-0.5,1000.0,RETURNING_TO_START,load_zone_22,dump_zone_23,0.00025,0.00067
520.0,2026-07-02T13:04:53.832,2,-97.965,452.81,0.767,-0.0447,1000.0,RETURNING_TO_START,load_zone_22,dump_zone_22,0.000251,0.000673
520.0,2026-07-02T13:04:53.832,3,642.68,202.022,15.45,1.0,0.0,GOING_TO_ENDPOINT,dump_zone_3,load_zone_26,0.00031,0.000831
521.0,2026-07-02T13:04:59.337,1,-90.747,452.411,3.232,-0.5,1000.0,RETURNING_TO_START,load_zone_22,dump_zone_23,0.00025,0.00067
521.0,2026-07-02T13:04:59.337,2,-97.841,452.859,0.306,-0.0447,1000.0,RETURNING_TO_START,load_zone_22,dump_zone_22,0.00025,0.00067
521.0,2026-07-02T13:04:59.337,3,639.102,198.955,19.05,1.0,0.0,GOING_TO_ENDPOINT,dump_zone_3,load_zone_26,0.000324,0.000868
522.0,2026-07-02T13:05:03.510,1,-90.185,452.687,1.432,-0.5,1000.0,RETURNING_TO_START,load_zone_22,dump_zone_23,0.00025,0.00067
522.0,2026-07-02T13:05:03.510,2,-97.744,452.896,0.345,0.122,1000.0,RETURNING_TO_START,load_zone_22,dump_zone_22,0.000251,0.000673
522.0,2026-07-02T13:05:03.510,3,634.328,196.113,21.0,0.0833,0.0,GOING_TO_ENDPOINT,dump_zone_3,load_zone_26,0.000269,0.000721
523.0,2026-07-02T13:05:07.154,1,-90.064,452.761,0.0,-0.5,1000.0,RETURNING_TO_START,load_zone_22,dump_zone_23,0.00025,0.00067
523.0,2026-07-02T13:05:07.154,2,-97.646,452.936,0.484,0.2886,1000.0,RETURNING_TO_START,load_zone_22,dump_zone_22,0.000251,0.000673
523.0,2026-07-02T13:05:07.154,3,628.719,195.182,19.725,-0.5,0.0,GOING_TO_ENDPOINT,dump_zone_3,load_zone_26,0.00025,0.00067
524.0,2026-07-02T13:05:11.191,1,-90.064,452.761,0.0,-0.0833,1000.0,RETURNING_TO_START,load_zone_22,dump_zone_23,0.00025,0.00067
524.0,2026-07-02T13:05:11.191,2,-97.232,453.138,2.723,0.4553,1000.0,RETURNING_TO_START,load_zone_22,dump_zone_22,0.00026,0.000697
524.0,2026-07-02T13:05:11.191,3,623.549,194.551,17.925,-0.5,0.0,GOING_TO_ENDPOINT,dump_zone_3,load_zone_26,0.00025,0.00067
525.0,2026-07-02T13:05:15.077,1,-89.926,452.852,1.65,0.9167,1000.0,RETURNING_TO_START,load_zone_22,dump_zone_23,0.00026,0.000697
525.0,2026-07-02T13:05:15.077,2,-96.586,453.595,2.426,-0.5,1000.0,RETURNING_TO_START,load_zone_22,dump_zone_22,0.00025,0.00067
525.0,2026-07-02T13:05:15.077,3,618.864,194.082,16.125,-0.5,0.0,GOING_TO_ENDPOINT,dump_zone_3,load_zone_26,0.00025,0.00067
526.0,2026-07-02T13:05:17.122,1,-89.19,453.525,5.25,1.0,1000.0,RETURNING_TO_START,load_zone_22,dump_zone_23,0.000284,0.000761
526.0,2026-07-02T13:05:17.122,2,-96.294,453.873,0.626,-0.5,1000.0,RETURNING_TO_START,load_zone_22,dump_zone_22,0.00025,0.00067
526.0,2026-07-02T13:05:17.122,3,614.663,193.844,14.325,-0.5,0.0,GOING_TO_ENDPOINT,dump_zone_3,load_zone_26,0.00025,0.00067
527.0,2026-07-02T13:05:19.266,1,-88.337,455.31,8.85,1.0,1000.0,RETURNING_TO_START,load_zone_22,dump_zone_23,0.000307,0.000823
527.0,2026-07-02T13:05:19.266,2,-96.278,453.89,0.0,-0.5,1000.0,RETURNING_TO_START,load_zone_22,dump_zone_22,0.00025,0.00067
527.0,2026-07-02T13:05:19.266,3,610.958,193.903,12.525,-0.5,0.0,GOING_TO_ENDPOINT,dump_zone_3,load_zone_26,0.00025,0.00067
528.0,2026-07-02T13:05:21.915,1,-88.89,458.186,12.45,1.0,1000.0,RETURNING_TO_START,load_zone_22,dump_zone_23,0.00033,0.000884
528.0,2026-07-02T13:05:21.915,2,-96.278,453.89,0.0,-0.5,1000.0,RETURNING_TO_START,load_zone_22,dump_zone_22,0.00025,0.00067
528.0,2026-07-02T13:05:21.915,3,607.917,194.867,10.725,-0.5,0.0,GOING_TO_ENDPOINT,dump_zone_3,load_zone_26,0.00025,0.00067
529.0,2026-07-02T13:05:24.931,1,-92.106,460.464,16.05,1.0,1000.0,RETURNING_TO_START,load_zone_22,dump_zone_23,0.000353,0.000946
529.0,2026-07-02T13:05:24.931,2,-96.278,453.89,0.0,-0.5,1000.0,RETURNING_TO_START,load_zone_22,dump_zone_22,0.00025,0.00067
529.0,2026-07-02T13:05:24.931,3,605.593,196.256,8.925,-0.5,0.0,GOING_TO_ENDPOINT,dump_zone_3,load_zone_26,0.00025,0.00067
530.0,2026-07-02T13:05:27.908,1,-96.551,462.744,19.65,1.0,1000.0,RETURNING_TO_START,load_zone_22,dump_zone_23,0.000377,0.00101
530.0,2026-07-02T13:05:27.908,2,-96.278,453.89,0.0,-0.5,1000.0,RETURNING_TO_START,load_zone_22,dump_zone_22,0.00025,0.00067
530.0,2026-07-02T13:05:27.908,3,603.594,197.195,7.125,-0.5,0.0,GOING_TO_ENDPOINT,dump_zone_3,load_zone_26,0.00025,0.00067
531.0,2026-07-02T13:05:31.318,1,-100.894,466.825,23.225,0.9167,1000.0,RETURNING_TO_START,load_zone_22,dump_zone_23,0.000389,0.001043
531.0,2026-07-02T13:05:31.318,2,-96.278,453.89,0.0,-0.5,1000.0,RETURNING_TO_START,load_zone_22,dump_zone_22,0.00025,0.00067
531.0,2026-07-02T13:05:31.318,3,602.012,197.918,5.771,-0.2205,0.0,GOING_TO_ENDPOINT,dump_zone_3,load_zone_26,0.00025,0.00067
532.0,2026-07-02T13:05:34.863,1,-102.619,473.279,24.802,-0.0203,1000.0,RETURNING_TO_START,load_zone_22,dump_zone_23,0.000274,0.000734
532.0,2026-07-02T13:05:34.863,2,-96.278,453.89,0.0,-0.5,1000.0,RETURNING_TO_START,load_zone_22,dump_zone_22,0.00025,0.00067
532.0,2026-07-02T13:05:34.863,3,600.708,198.368,4.208,-0.5,0.0,GOING_TO_ENDPOINT,dump_zone_3,load_zone_26,0.00025,0.00067
533.0,2026-07-02T13:05:37.404,1,-102.505,479.982,23.347,-0.5,1000.0,RETURNING_TO_START,load_zone_22,dump_zone_23,0.00025,0.00067
533.0,2026-07-02T13:05:37.404,2,-96.278,453.89,0.0,-0.5,1000.0,RETURNING_TO_START,load_zone_22,dump_zone_22,0.00025,0.00067
533.0,2026-07-02T13:05:37.404,3,599.718,198.42,3.533,0.25,0.0,GOING_TO_ENDPOINT,dump_zone_3,load_zone_26,0.000255,0.000683
534.0,2026-07-02T13:05:39.833,1,-102.495,486.197,21.547,-0.5,1000.0,RETURNING_TO_START,load_zone_22,dump_zone_23,0.00025,0.00067
534.0,2026-07-02T13:05:39.833,2,-96.278,453.89,0.0,-0.5,1000.0,RETURNING_TO_START,load_zone_22,dump_zone_22,0.00025,0.00067
534.0,2026-07-02T13:05:39.833,3,598.564,198.159,5.333,0.9167,0.0,GOING_TO_ENDPOINT,dump_zone_3,load_zone_26,0.000269,0.000721
535.0,2026-07-02T13:05:42.294,1,-102.5,491.911,19.747,-0.5,1000.0,RETURNING_TO_START,load_zone_22,dump_zone_23,0.00025,0.00067
535.0,2026-07-02T13:05:42.294,2,-96.278,453.89,0.0,-0.5,1000.0,RETURNING_TO_START,load_zone_22,dump_zone_22,0.00025,0.00067
535.0,2026-07-02T13:05:42.294,3,596.951,196.976,8.933,1.0,0.0,GOING_TO_ENDPOINT,dump_zone_3,load_zone_26,0.000285,0.000764
536.0,2026-07-02T13:05:44.745,1,-102.5,497.125,17.947,-0.5,1000.0,RETURNING_TO_START,load_zone_22,dump_zone_23,0.00025,0.00067
536.0,2026-07-02T13:05:44.745,2,-96.278,453.89,0.0,-0.5,1000.0,RETURNING_TO_START,load_zone_22,dump_zone_22,0.00025,0.00067
536.0,2026-07-02T13:05:44.745,3,596.088,194.155,12.533,1.0,0.0,GOING_TO_ENDPOINT,dump_zone_3,load_zone_26,0.000298,0.000799
537.0,2026-07-02T13:05:47.887,1,-102.5,501.84,16.147,-0.5,1000.0,RETURNING_TO_START,load_zone_22,dump_zone_23,0.00025,0.00067
537.0,2026-07-02T13:05:47.887,2,-96.278,453.89,0.0,-0.5,1000.0,RETURNING_TO_START,load_zone_22,dump_zone_22,0.00025,0.00067
537.0,2026-07-02T13:05:47.887,3,598.052,190.745,16.133,1.0,0.0,GOING_TO_ENDPOINT,dump_zone_3,load_zone_26,0.000312,0.000836
538.0,2026-07-02T13:05:50.906,1,-102.5,506.054,14.347,-0.5,1000.0,RETURNING_TO_START,load_zone_22,dump_zone_23,0.00025,0.00067
538.0,2026-07-02T13:05:50.906,2,-96.278,453.89,0.0,-0.5,1000.0,RETURNING_TO_START,load_zone_22,dump_zone_22,0.00025,0.00067
538.0,2026-07-02T13:05:50.906,3,600.575,186.423,19.733,1.0,0.0,GOING_TO_ENDPOINT,dump_zone_3,load_zone_26,0.000326,0.000874
539.0,2026-07-02T13:05:53.329,1,-102.5,509.768,12.547,-0.5,1000.0,RETURNING_TO_START,load_zone_22,dump_zone_23,0.00025,0.00067
539.0,2026-07-02T13:05:53.329,2,-96.278,453.89,0.0,-0.5,1000.0,RETURNING_TO_START,load_zone_22,dump_zone_22,0.00025,0.00067
539.0,2026-07-02T13:05:53.329,3,602.33,180.687,23.333,1.0,0.0,GOING_TO_ENDPOINT,dump_zone_3,load_zone_26,0.00034,0.000911
540.0,2026-07-02T13:05:55.541,1,-102.5,512.983,10.747,-0.5,1000.0,RETURNING_TO_START,load_zone_22,dump_zone_23,0.00025,0.00067
540.0,2026-07-02T13:05:55.541,2,-96.278,453.89,0.0,-0.5,1000.0,RETURNING_TO_START,load_zone_22,dump_zone_22,0.00025,0.00067
540.0,2026-07-02T13:05:55.541,3,602.513,173.671,26.908,0.9167,0.0,GOING_TO_ENDPOINT,dump_zone_3,load_zone_26,0.000347,0.00093
541.0,2026-07-02T13:05:57.551,1,-102.5,515.716,9.029,-0.5,1000.0,RETURNING_TO_START,load_zone_22,dump_zone_23,0.00025,0.00067
541.0,2026-07-02T13:05:57.551,2,-96.278,453.89,0.0,-0.5,1000.0,RETURNING_TO_START,load_zone_22,dump_zone_22,0.00025,0.00067
541.0,2026-07-02T13:05:57.551,3,602.499,165.911,28.258,-0.0833,0.0,GOING_TO_ENDPOINT,dump_zone_3,load_zone_26,0.00026,0.000697
542.0,2026-07-02T13:05:59.800,1,-102.5,517.954,7.229,-0.5,1000.0,RETURNING_TO_START,load_zone_22,dump_zone_23,0.00025,0.00067
542.0,2026-07-02T13:05:59.800,2,-96.278,453.89,0.0,-0.5,1000.0,RETURNING_TO_START,load_zone_22,dump_zone_22,0.00025,0.00067
542.0,2026-07-02T13:05:59.800,3,602.5,158.25,27.033,-0.25,0.0,GOING_TO_ENDPOINT,dump_zone_3,load_zone_26,0.00025,0.00067
543.0,2026-07-02T13:06:01.937,1,-102.431,519.689,5.429,-0.5,1000.0,RETURNING_TO_START,load_zone_22,dump_zone_23,0.00025,0.00067
543.0,2026-07-02T13:06:01.937,2,-96.278,453.89,0.0,-0.5,1000.0,RETURNING_TO_START,load_zone_22,dump_zone_22,0.00025,0.00067
543.0,2026-07-02T13:06:01.937,3,602.5,150.909,26.196,0.1159,0.0,GOING_TO_ENDPOINT,dump_zone_3,load_zone_26,0.000276,0.00074
544.0,2026-07-02T13:06:03.534,1,-102.212,520.902,3.629,-0.5,1000.0,RETURNING_TO_START,load_zone_22,dump_zone_23,0.00025,0.00067
544.0,2026-07-02T13:06:03.534,2,-96.278,453.89,0.0,-0.5,1000.0,RETURNING_TO_START,load_zone_22,dump_zone_22,0.00025,0.00067
544.0,2026-07-02T13:06:03.534,3,602.5,143.398,27.864,0.4492,0.0,GOING_TO_ENDPOINT,dump_zone_3,load_zone_26,0.000308,0.000825
545.0,2026-07-02T13:06:04.745,1,-101.914,521.576,1.829,-0.5,1000.0,UNLOADING,load_zone_22,dump_zone_23,0.00025,0.00067
545.0,2026-07-02T13:06:04.745,2,-96.278,453.89,0.0,-0.5,1000.0,RETURNING_TO_START,load_zone_22,dump_zone_22,0.00025,0.00067
545.0,2026-07-02T13:06:04.745,3,602.5,135.575,27.909,-0.293,0.0,GOING_TO_ENDPOINT,dump_zone_3,load_zone_26,0.00025,0.00067
546.0,2026-07-02T13:06:06.151,1,-101.793,521.78,0.029,-0.5,1000.0,UNLOADING,load_zone_22,dump_zone_23,0.00025,0.00067
546.0,2026-07-02T13:06:06.151,2,-96.278,453.89,0.0,-0.5,1000.0,RETURNING_TO_START,load_zone_22,dump_zone_22,0.00025,0.00067
546.0,2026-07-02T13:06:06.151,3,602.5,127.921,27.304,0.0404,0.0,GOING_TO_ENDPOINT,dump_zone_3,load_zone_26,0.000271,0.000726
547.0,2026-07-02T13:06:07.706,1,-101.793,521.78,0.0,-0.5,1000.0,UNLOADING,load_zone_22,dump_zone_23,0.00025,0.00067
547.0,2026-07-02T13:06:07.706,2,-96.278,453.89,0.0,-0.5,1000.0,RETURNING_TO_START,load_zone_22,dump_zone_22,0.00025,0.00067
547.0,2026-07-02T13:06:07.706,3,602.5,120.217,27.912,-0.0056,0.0,GOING_TO_ENDPOINT,dump_zone_3,load_zone_26,0.000267,0.000716
548.0,2026-07-02T13:06:09.186,1,-100.618,522.945,7.2,0.0,0.0,TURNING_AROUND,dump_zone_23,load_zone_22,0.000255,0.000683
548.0,2026-07-02T13:06:09.186,2,-96.278,453.89,0.0,-0.5,1000.0,RETURNING_TO_START,load_zone_22,dump_zone_22,0.00025,0.00067
548.0,2026-07-02T13:06:09.186,3,602.5,112.378,28.73,0.2406,0.0,GOING_TO_ENDPOINT,dump_zone_3,load_zone_26,0.000291,0.00078
549.0,2026-07-02T13:06:10.195,1,-99.606,523.447,5.4,0.0,0.0,TURNING_AROUND,dump_zone_23,load_zone_22,0.000253,0.000678
549.0,2026-07-02T13:06:10.195,2,-96.278,453.89,0.0,-0.5,1000.0,RETURNING_TO_START,load_zone_22,dump_zone_22,0.00025,0.00067
549.0,2026-07-02T13:06:10.195,3,602.5,104.47,27.833,-0.4167,0.0,GOING_TO_ENDPOINT,dump_zone_3,load_zone_26,0.00025,0.00067
550.0,2026-07-02T13:06:11.283,1,-100.242,523.364,7.2,0.0,0.0,TURNING_AROUND,dump_zone_23,load_zone_22,0.000255,0.000683
550.0,2026-07-02T13:06:11.283,2,-96.278,453.89,0.0,-0.5,1000.0,RETURNING_TO_START,load_zone_22,dump_zone_22,0.00025,0.00067
550.0,2026-07-02T13:06:11.283,3,602.5,96.793,27.583,-0.0833,0.0,GOING_TO_ENDPOINT,dump_zone_3,load_zone_26,0.00026,0.000697
551.0,2026-07-02T13:06:12.384,1,-98.557,522.324,7.2,0.0,0.0,TURNING_AROUND,dump_zone_23,load_zone_22,0.000255,0.000683
551.0,2026-07-02T13:06:12.384,2,-96.278,453.89,0.0,-0.5,1000.0,RETURNING_TO_START,load_zone_22,dump_zone_22,0.00025,0.00067
551.0,2026-07-02T13:06:12.384,3,602.5,89.102,27.739,0.0033,0.0,GOING_TO_ENDPOINT,dump_zone_3,load_zone_26,0.000268,0.000718
552.0,2026-07-02T13:06:13.454,1,-98.598,522.693,5.4,0.0,0.0,TURNING_AROUND,dump_zone_23,load_zone_22,0.000253,0.000678
552.0,2026-07-02T13:06:13.454,2,-96.278,453.89,0.0,-0.5,1000.0,RETURNING_TO_START,load_zone_22,dump_zone_22,0.00025,0.00067
552.0,2026-07-02T13:06:13.454,3,602.5,81.415,28.022,0.4061,0.0,GOING_TO_ENDPOINT,dump_zone_3,load_zone_26,0.000305,0.000817
553.0,2026-07-02T13:06:15.110,1,-98.742,523.17,0.025,0.0833,0.0,GOING_TO_ENDPOINT,dump_zone_23,load_zone_22,0.00025,0.00067
553.0,2026-07-02T13:06:15.110,2,-96.278,453.89,0.0,-0.5,1000.0,RETURNING_TO_START,load_zone_22,dump_zone_22,0.00025,0.00067
553.0,2026-07-02T13:06:15.110,3,602.5,73.576,27.883,-0.3439,0.0,GOING_TO_ENDPOINT,dump_zone_3,load_zone_26,0.00025,0.00067
554.0,2026-07-02T13:06:16.717,1,-98.742,522.908,2.25,1.0,0.0,GOING_TO_ENDPOINT,dump_zone_23,load_zone_22,0.000259,0.000694
554.0,2026-07-02T13:06:16.717,2,-96.278,453.89,0.0,-0.5,1000.0,RETURNING_TO_START,load_zone_22,dump_zone_22,0.00025,0.00067
554.0,2026-07-02T13:06:16.717,3,602.5,65.937,27.087,-0.274,0.0,GOING_TO_ENDPOINT,dump_zone_3,load_zone_26,0.00025,0.00067
555.0,2026-07-02T13:06:18.456,1,-98.695,521.743,5.85,1.0,0.0,GOING_TO_ENDPOINT,dump_zone_23,load_zone_22,0.000273,0.000732
555.0,2026-07-02T13:06:18.456,2,-96.278,453.89,0.0,-0.5,1000.0,RETURNING_TO_START,load_zone_22,dump_zone_22,0.00025,0.00067
555.0,2026-07-02T13:06:18.456,3,602.5,58.363,27.812,0.3664,0.0,GOING_TO_ENDPOINT,dump_zone_3,load_zone_26,0.000301,0.000807
556.0,2026-07-02T13:06:20.093,1,-98.471,519.588,9.45,1.0,0.0,GOING_TO_ENDPOINT,dump_zone_23,load_zone_22,0.000287,0.000769
556.0,2026-07-02T13:06:20.093,2,-96.278,453.89,0.0,-0.5,1000.0,RETURNING_TO_START,load_zone_22,dump_zone_22,0.00025,0.00067
556.0,2026-07-02T13:06:20.093,3,602.5,50.508,28.608,0.0684,0.0,GOING_TO_ENDPOINT,dump_zone_3,load_zone_26,0.000274,0.000734
557.0,2026-07-02T13:06:21.717,1,-98.114,516.441,13.05,1.0,0.0,GOING_TO_ENDPOINT,dump_zone_23,load_zone_22,0.0003,0.000804
557.0,2026-07-02T13:06:21.717,2,-96.278,453.89,0.0,-0.5,1000.0,RETURNING_TO_START,load_zone_22,dump_zone_22,0.00025,0.00067
557.0,2026-07-02T13:06:21.717,3,602.5,42.619,27.948,-0.3188,0.0,GOING_TO_ENDPOINT,dump_zone_3,load_zone_26,0.00025,0.00067
558.0,2026-07-02T13:06:23.101,1,-97.739,512.292,16.65,1.0,0.0,GOING_TO_ENDPOINT,dump_zone_23,load_zone_22,0.000314,0.000842
558.0,2026-07-02T13:06:23.101,2,-96.278,453.89,0.0,-0.5,1000.0,RETURNING_TO_START,load_zone_22,dump_zone_22,0.00025,0.00067
558.0,2026-07-02T13:06:23.101,3,602.5,34.939,27.456,-0.1201,0.0,GOING_TO_ENDPOINT,dump_zone_3,load_zone_26,0.000257,0.000689
559.0,2026-07-02T13:06:24.690,1,-97.51,507.131,20.25,1.0,0.0,GOING_TO_ENDPOINT,dump_zone_23,load_zone_22,0.000328,0.000879
559.0,2026-07-02T13:06:24.690,2,-96.278,453.89,0.0,-0.5,1000.0,RETURNING_TO_START,load_zone_22,dump_zone_22,0.00025,0.00067
559.0,2026-07-02T13:06:24.690,3,602.5,27.279,27.432,-0.3456,0.0,GOING_TO_ENDPOINT,dump_zone_3,load_zone_26,0.00025,0.00067
560.0,2026-07-02T13:06:26.936,1,-97.491,500.964,23.85,1.0,0.0,GOING_TO_ENDPOINT,dump_zone_23,load_zone_22,0.000342,0.000917
560.0,2026-07-02T13:06:26.936,2,-96.278,453.89,0.0,-0.5,1000.0,RETURNING_TO_START,load_zone_22,dump_zone_22,0.00025,0.00067
560.0,2026-07-02T13:06:26.936,3,602.5,19.743,27.336,0.3799,0.0,GOING_TO_ENDPOINT,dump_zone_3,load_zone_26,0.000301,0.000807
561.0,2026-07-02T13:06:29.259,1,-97.5,493.818,27.075,0.5833,0.0,GOING_TO_ENDPOINT,dump_zone_23,load_zone_22,0.000318,0.000852
561.0,2026-07-02T13:06:29.259,2,-96.278,453.89,0.0,-0.5,1000.0,RETURNING_TO_START,load_zone_22,dump_zone_22,0.00025,0.00067
561.0,2026-07-02T13:06:29.259,3,602.5,12.063,27.404,-0.2868,0.0,GOING_TO_ENDPOINT,dump_zone_3,load_zone_26,0.00025,0.00067
562.0,2026-07-02T13:06:31.635,1,-97.5,486.192,27.225,-0.4167,0.0,GOING_TO_ENDPOINT,dump_zone_23,load_zone_22,0.00025,0.00067
562.0,2026-07-02T13:06:31.635,2,-96.278,453.89,0.0,-0.5,1000.0,RETURNING_TO_START,load_zone_22,dump_zone_22,0.00025,0.00067
562.0,2026-07-02T13:06:31.635,3,602.5,4.62,26.51,0.0833,0.0,GOING_TO_ENDPOINT,dump_zone_3,load_zone_26,0.000274,0.000734
563.0,2026-07-02T13:06:33.666,1,-97.5,478.9,25.425,-0.5,0.0,GOING_TO_ENDPOINT,dump_zone_23,load_zone_22,0.00025,0.00067
563.0,2026-07-02T13:06:33.666,2,-96.278,453.89,0.0,-0.5,1000.0,RETURNING_TO_START,load_zone_22,dump_zone_22,0.00025,0.00067
563.0,2026-07-02T13:06:33.666,3,602.5,-2.975,28.258,0.4323,0.0,GOING_TO_ENDPOINT,dump_zone_3,load_zone_26,0.000307,0.000823
564.0,2026-07-02T13:06:35.838,1,-97.5,472.109,23.625,-0.5,0.0,GOING_TO_ENDPOINT,dump_zone_23,load_zone_22,0.00025,0.00067
564.0,2026-07-02T13:06:35.838,2,-96.278,453.89,0.0,-0.5,1000.0,RETURNING_TO_START,load_zone_22,dump_zone_22,0.00025,0.00067
564.0,2026-07-02T13:06:35.838,3,602.5,-10.86,28.164,-0.0677,0.0,GOING_TO_ENDPOINT,dump_zone_3,load_zone_26,0.000262,0.000702
565.0,2026-07-02T13:06:38.906,1,-97.361,465.821,21.85,-0.4167,0.0,GOING_TO_ENDPOINT,dump_zone_23,load_zone_22,0.00025,0.00067
565.0,2026-07-02T13:06:38.906,2,-96.278,453.89,0.0,-0.4964,1000.0,RETURNING_TO_START,load_zone_22,dump_zone_22,0.00025,0.00067
565.0,2026-07-02T13:06:38.906,3,602.5,-18.777,28.71,-0.0892,0.0,GOING_TO_ENDPOINT,dump_zone_3,load_zone_26,0.00026,0.000697
566.0,2026-07-02T13:06:43.421,1,-98.243,459.988,21.8,0.0833,0.0,GOING_TO_ENDPOINT,dump_zone_23,load_zone_22,0.00027,0.000724
566.0,2026-07-02T13:06:43.421,2,-96.278,453.89,0.0,-0.0967,1000.0,RETURNING_TO_START,load_zone_22,dump_zone_22,0.00025,0.00067
566.0,2026-07-02T13:06:43.421,3,602.5,-26.648,28.208,0.1339,0.0,GOING_TO_ENDPOINT,dump_zone_3,load_zone_26,0.00028,0.00075
567.0,2026-07-02T13:06:48.356,1,-99.581,454.573,20.525,-0.5,0.0,GOING_TO_ENDPOINT,dump_zone_23,load_zone_22,0.00025,0.00067
567.0,2026-07-02T13:06:48.356,2,-96.278,453.89,0.0,-0.3523,1000.0,RETURNING_TO_START,load_zone_22,dump_zone_22,0.00025,0.00067
567.0,2026-07-02T13:06:48.356,3,602.5,-34.575,28.549,-0.0631,0.0,GOING_TO_ENDPOINT,dump_zone_3,load_zone_26,0.000262,0.000702
568.0,2026-07-02T13:06:52.598,1,-100.36,449.585,18.725,-0.5,0.0,GOING_TO_ENDPOINT,dump_zone_23,load_zone_22,0.00025,0.00067
568.0,2026-07-02T13:06:52.598,2,-96.278,453.89,0.0,-0.5,1000.0,RETURNING_TO_START,load_zone_22,dump_zone_22,0.00025,0.00067
568.0,2026-07-02T13:06:52.598,3,602.5,-42.46,28.342,-0.0479,0.0,GOING_TO_ENDPOINT,dump_zone_3,load_zone_26,0.000264,0.000708
569.0,2026-07-02T13:06:55.198,1,-101.061,444.887,17.825,-0.4167,0.0,GOING_TO_ENDPOINT,dump_zone_23,load_zone_22,0.00025,0.00067
569.0,2026-07-02T13:06:55.198,2,-96.278,453.89,0.0,-0.5,1000.0,RETURNING_TO_START,load_zone_22,dump_zone_22,0.00025,0.00067
569.0,2026-07-02T13:06:55.198,3,602.5,-50.335,28.379,-0.1197,0.0,GOING_TO_ENDPOINT,dump_zone_3,load_zone_26,0.000257,0.000689
570.0,2026-07-02T13:06:56.796,1,-104.517,441.491,17.675,0.4167,0.0,GOING_TO_ENDPOINT,dump_zone_23,load_zone_22,0.000285,0.000764
570.0,2026-07-02T13:06:56.796,2,-96.278,453.89,0.0,-0.5,1000.0,RETURNING_TO_START,load_zone_22,dump_zone_22,0.00025,0.00067
570.0,2026-07-02T13:06:56.796,3,602.5,-58.045,27.157,-0.25,0.0,GOING_TO_ENDPOINT,dump_zone_3,load_zone_26,0.00025,0.00067
571.0,2026-07-02T13:06:57.994,1,-108.255,437.698,20.75,1.0,0.0,GOING_TO_ENDPOINT,dump_zone_23,load_zone_22,0.00033,0.000884
571.0,2026-07-02T13:06:57.994,2,-96.278,453.89,0.0,-0.5,1000.0,RETURNING_TO_START,load_zone_22,dump_zone_22,0.00025,0.00067
571.0,2026-07-02T13:06:57.994,3,602.5,-65.479,26.107,-0.5,0.0,GOING_TO_ENDPOINT,dump_zone_3,load_zone_26,0.00025,0.00067
572.0,2026-07-02T13:06:59.451,1,-112.591,433.119,24.35,1.0,0.0,GOING_TO_ENDPOINT,dump_zone_23,load_zone_22,0.000344,0.000922
572.0,2026-07-02T13:06:59.451,2,-96.278,453.89,0.0,-0.5,1000.0,RETURNING_TO_START,load_zone_22,dump_zone_22,0.00025,0.00067
572.0,2026-07-02T13:06:59.451,3,602.5,-72.46,24.307,-0.5,0.0,GOING_TO_ENDPOINT,dump_zone_3,load_zone_26,0.00025,0.00067
573.0,2026-07-02T13:07:01.178,1,-117.548,427.877,26.934,0.3994,0.0,GOING_TO_ENDPOINT,dump_zone_23,load_zone_22,0.000302,0.000809
573.0,2026-07-02T13:07:01.178,2,-96.278,453.89,0.0,-0.5,1000.0,RETURNING_TO_START,load_zone_22,dump_zone_22,0.00025,0.00067
573.0,2026-07-02T13:07:01.178,3,602.5,-78.941,22.507,-0.5,0.0,GOING_TO_ENDPOINT,dump_zone_3,load_zone_26,0.00025,0.00067
574.0,2026-07-02T13:07:02.645,1,-122.721,422.463,26.458,-0.5,0.0,GOING_TO_ENDPOINT,dump_zone_23,load_zone_22,0.00025,0.00067
574.0,2026-07-02T13:07:02.645,2,-96.278,453.89,0.0,-0.5,1000.0,RETURNING_TO_START,load_zone_22,dump_zone_22,0.00025,0.00067
574.0,2026-07-02T13:07:02.645,3,602.5,-84.922,20.707,-0.5,0.0,GOING_TO_ENDPOINT,dump_zone_3,load_zone_26,0.00025,0.00067
575.0,2026-07-02T13:07:05.105,1,-127.652,417.384,24.658,-0.5,0.0,GOING_TO_ENDPOINT,dump_zone_23,load_zone_22,0.00025,0.00067
575.0,2026-07-02T13:07:05.105,2,-96.278,453.89,0.0,-0.5,1000.0,RETURNING_TO_START,load_zone_22,dump_zone_22,0.00025,0.00067
575.0,2026-07-02T13:07:05.105,3,602.5,-90.403,18.907,-0.5,0.0,GOING_TO_ENDPOINT,dump_zone_3,load_zone_26,0.00025,0.00067
576.0,2026-07-02T13:07:08.722,1,-132.28,412.709,22.858,-0.5,0.0,GOING_TO_ENDPOINT,dump_zone_23,load_zone_22,0.00025,0.00067
576.0,2026-07-02T13:07:08.722,2,-96.278,453.89,0.0,-0.5,1000.0,RETURNING_TO_START,load_zone_22,dump_zone_22,0.00025,0.00067
576.0,2026-07-02T13:07:08.722,3,602.5,-95.384,17.107,-0.5,0.0,GOING_TO_ENDPOINT,dump_zone_3,load_zone_26,0.00025,0.00067
577.0,2026-07-02T13:07:11.220,1,-136.616,408.449,21.058,-0.5,0.0,GOING_TO_ENDPOINT,dump_zone_23,load_zone_22,0.00025,0.00067
577.0,2026-07-02T13:07:11.220,2,-96.278,453.89,0.0,-0.5,1000.0,RETURNING_TO_START,load_zone_22,dump_zone_22,0.00025,0.00067
577.0,2026-07-02T13:07:11.220,3,602.867,-99.831,15.682,-0.0833,0.0,GOING_TO_ENDPOINT,dump_zone_3,load_zone_26,0.000256,0.000686
578.0,2026-07-02T13:07:13.917,1,-140.669,404.616,19.258,-0.5,0.0,GOING_TO_ENDPOINT,dump_zone_23,load_zone_22,0.00025,0.00067
578.0,2026-07-02T13:07:13.917,2,-96.278,453.89,0.0,-0.5,1000.0,RETURNING_TO_START,load_zone_22,dump_zone_22,0.00025,0.00067
578.0,2026-07-02T13:07:13.917,3,606.483,-102.128,17.332,0.9167,0.0,GOING_TO_ENDPOINT,dump_zone_3,load_zone_26,0.000312,0.000836
579.0,2026-07-02T13:07:17.844,1,-144.463,401.241,17.458,-0.5,0.0,GOING_TO_ENDPOINT,dump_zone_23,load_zone_22,0.00025,0.00067
579.0,2026-07-02T13:07:17.844,2,-96.278,453.89,0.0,-0.5,1000.0,RETURNING_TO_START,load_zone_22,dump_zone_22,0.00025,0.00067
579.0,2026-07-02T13:07:17.844,3,611.222,-99.822,20.932,1.0,0.0,GOING_TO_ENDPOINT,dump_zone_3,load_zone_26,0.000331,0.000887
580.0,2026-07-02T13:07:20.597,1,-148.045,398.391,15.658,-0.5,0.0,GOING_TO_ENDPOINT,dump_zone_23,load_zone_22,0.00025,0.00067
580.0,2026-07-02T13:07:20.597,2,-96.278,453.89,0.0,-0.5,1000.0,RETURNING_TO_START,load_zone_22,dump_zone_22,0.00025,0.00067
580.0,2026-07-02T13:07:20.597,3,616.935,-97.563,23.206,0.189,0.0,GOING_TO_ENDPOINT,dump_zone_3,load_zone_26,0.000279,0.000748
581.0,2026-07-02T13:07:23.265,1,-151.48,396.197,13.858,-0.5,0.0,GOING_TO_ENDPOINT,dump_zone_23,load_zone_22,0.00025,0.00067
581.0,2026-07-02T13:07:23.265,2,-96.278,453.89,0.0,-0.5,1000.0,RETURNING_TO_START,load_zone_22,dump_zone_22,0.00025,0.00067
581.0,2026-07-02T13:07:23.265,3,623.278,-97.446,22.159,-0.5,0.0,GOING_TO_ENDPOINT,dump_zone_3,load_zone_26,0.00025,0.00067
582.0,2026-07-02T13:07:25.637,1,-154.744,394.741,12.058,-0.5,0.0,GOING_TO_ENDPOINT,dump_zone_23,load_zone_22,0.00025,0.00067
582.0,2026-07-02T13:07:25.637,2,-96.278,453.89,0.0,-0.5,1000.0,RETURNING_TO_START,load_zone_22,dump_zone_22,0.00025,0.00067
582.0,2026-07-02T13:07:25.637,3,629.162,-97.503,20.359,-0.5,0.0,GOING_TO_ENDPOINT,dump_zone_3,load_zone_26,0.00025,0.00067
583.0,2026-07-02T13:07:28.984,1,-157.719,393.88,10.458,-0.4167,0.0,GOING_TO_ENDPOINT,dump_zone_23,load_zone_22,0.00025,0.00067
583.0,2026-07-02T13:07:28.984,2,-96.278,453.89,0.0,-0.5,1000.0,RETURNING_TO_START,load_zone_22,dump_zone_22,0.00025,0.00067
583.0,2026-07-02T13:07:28.984,3,634.546,-97.501,18.559,-0.5,0.0,GOING_TO_ENDPOINT,dump_zone_3,load_zone_26,0.00025,0.00067
584.0,2026-07-02T13:07:31.404,1,-160.261,393.179,8.679,-0.5,0.0,GOING_TO_ENDPOINT,dump_zone_23,load_zone_22,0.00025,0.00067
584.0,2026-07-02T13:07:31.404,2,-96.278,453.89,0.0,-0.5,1000.0,RETURNING_TO_START,load_zone_22,dump_zone_22,0.00025,0.00067
584.0,2026-07-02T13:07:31.404,3,639.431,-97.5,16.759,-0.5,0.0,GOING_TO_ENDPOINT,dump_zone_3,load_zone_26,0.00025,0.00067
585.0,2026-07-02T13:07:33.750,1,-162.469,392.698,7.779,-0.4167,0.0,GOING_TO_ENDPOINT,dump_zone_23,load_zone_22,0.00025,0.00067
585.0,2026-07-02T13:07:33.750,2,-96.278,453.89,0.0,-0.5,1000.0,RETURNING_TO_START,load_zone_22,dump_zone_22,0.00025,0.00067
585.0,2026-07-02T13:07:33.750,3,643.815,-97.5,14.959,-0.5,0.0,GOING_TO_ENDPOINT,dump_zone_3,load_zone_26,0.00025,0.00067
586.0,2026-07-02T13:07:36.342,1,-164.396,392.805,6.465,-0.0833,0.0,GOING_TO_ENDPOINT,dump_zone_23,load_zone_22,0.000252,0.000675
586.0,2026-07-02T13:07:36.342,2,-96.278,453.89,0.0,-0.5,1000.0,RETURNING_TO_START,load_zone_22,dump_zone_22,0.00025,0.00067
586.0,2026-07-02T13:07:36.342,3,647.7,-97.51,13.159,-0.5,0.0,GOING_TO_ENDPOINT,dump_zone_3,load_zone_26,0.00025,0.00067
587.0,2026-07-02T13:07:38.817,1,-166.085,393.289,6.103,-0.1874,0.0,GOING_TO_ENDPOINT,dump_zone_23,load_zone_22,0.00025,0.00067
587.0,2026-07-02T13:07:38.817,2,-96.278,453.89,0.0,-0.5,1000.0,RETURNING_TO_START,load_zone_22,dump_zone_22,0.00025,0.00067
587.0,2026-07-02T13:07:38.817,3,650.998,-98.144,11.359,-0.5,0.0,GOING_TO_ENDPOINT,dump_zone_3,load_zone_26,0.00025,0.00067
588.0,2026-07-02T13:07:41.368,1,-167.572,393.941,5.745,-0.0465,0.0,GOING_TO_ENDPOINT,dump_zone_23,load_zone_22,0.000253,0.000678
588.0,2026-07-02T13:07:41.368,2,-96.278,453.89,0.0,-0.5,1000.0,RETURNING_TO_START,load_zone_22,dump_zone_22,0.00025,0.00067
588.0,2026-07-02T13:07:41.368,3,653.363,-99.788,9.709,-0.25,0.0,GOING_TO_ENDPOINT,dump_zone_3,load_zone_26,0.00025,0.00067
589.0,2026-07-02T13:07:43.677,1,-168.93,394.658,5.118,-0.398,0.0,GOING_TO_ENDPOINT,dump_zone_23,load_zone_22,0.00025,0.00067
589.0,2026-07-02T13:07:43.677,2,-96.278,453.89,0.0,-0.5,1000.0,RETURNING_TO_START,load_zone_22,dump_zone_22,0.00025,0.00067
589.0,2026-07-02T13:07:43.677,3,655.367,-101.703,10.759,0.75,0.0,GOING_TO_ENDPOINT,dump_zone_3,load_zone_26,0.000283,0.000758
590.0,2026-07-02T13:07:45.812,1,-169.948,395.197,3.324,-0.5,0.0,LOADING,dump_zone_23,load_zone_22,0.00025,0.00067
590.0,2026-07-02T13:07:45.812,2,-96.278,453.89,0.0,-0.5,1000.0,RETURNING_TO_START,load_zone_22,dump_zone_22,0.00025,0.00067
590.0,2026-07-02T13:07:45.812,3,657.823,-104.211,14.284,1.0,0.0,GOING_TO_ENDPOINT,dump_zone_3,load_zone_26,0.000305,0.000817
591.0,2026-07-02T13:07:48.226,1,-170.529,395.496,1.524,-0.5,0.0,LOADING,dump_zone_23,load_zone_22,0.00025,0.00067
591.0,2026-07-02T13:07:48.226,2,-96.278,453.89,0.0,-0.5,1000.0,RETURNING_TO_START,load_zone_22,dump_zone_22,0.00025,0.00067
591.0,2026-07-02T13:07:48.226,3,660.984,-107.427,17.884,1.0,0.0,GOING_TO_ENDPOINT,dump_zone_3,load_zone_26,0.000319,0.000855
592.0,2026-07-02T13:07:49.895,1,-170.673,395.575,0.0,-0.1667,0.0,LOADING,dump_zone_23,load_zone_22,0.00025,0.00067
592.0,2026-07-02T13:07:49.895,2,-96.278,453.89,0.0,-0.5,1000.0,RETURNING_TO_START,load_zone_22,dump_zone_22,0.00025,0.00067
592.0,2026-07-02T13:07:49.895,3,664.869,-111.334,21.484,1.0,0.0,GOING_TO_ENDPOINT,dump_zone_3,load_zone_26,0.000333,0.000892
593.0,2026-07-02T13:07:52.541,1,-170.701,395.591,0.475,0.3333,0.0,LOADING,dump_zone_23,load_zone_22,0.000251,0.000673
593.0,2026-07-02T13:07:52.541,2,-96.278,453.89,0.0,-0.5,1000.0,RETURNING_TO_START,load_zone_22,dump_zone_22,0.00025,0.00067
593.0,2026-07-02T13:07:52.541,3,669.472,-115.937,25.084,1.0,0.0,GOING_TO_ENDPOINT,dump_zone_3,load_zone_26,0.000347,0.00093
594.0,2026-07-02T13:07:54.730,1,-172.088,397.003,7.2,0.0,1000.0,TURNING_AROUND,load_zone_22,dump_zone_23,0.000258,0.000691
594.0,2026-07-02T13:07:54.730,2,-96.278,453.89,0.0,-0.5,1000.0,RETURNING_TO_START,load_zone_22,dump_zone_22,0.00025,0.00067
594.0,2026-07-02T13:07:54.730,3,674.705,-121.169,27.684,0.4167,0.0,GOING_TO_ENDPOINT,dump_zone_3,load_zone_26,0.000305,0.000817
595.0,2026-07-02T13:07:56.273,1,-172.419,397.467,5.4,0.0,1000.0,TURNING_AROUND,load_zone_22,dump_zone_23,0.000256,0.000686
595.0,2026-07-02T13:07:56.273,2,-96.278,453.89,0.0,-0.5,1000.0,RETURNING_TO_START,load_zone_22,dump_zone_22,0.00025,0.00067
595.0,2026-07-02T13:07:56.273,3,680.154,-126.618,27.259,-0.5,0.0,GOING_TO_ENDPOINT,dump_zone_3,load_zone_26,0.00025,0.00067
596.0,2026-07-02T13:07:57.041,1,-172.24,397.401,7.2,0.0,1000.0,TURNING_AROUND,load_zone_22,dump_zone_23,0.000258,0.000691
596.0,2026-07-02T13:07:57.041,2,-96.278,453.89,0.0,-0.5,1000.0,RETURNING_TO_START,load_zone_22,dump_zone_22,0.00025,0.00067
596.0,2026-07-02T13:07:57.041,3,685.316,-131.781,25.459,-0.5,0.0,GOING_TO_ENDPOINT,dump_zone_3,load_zone_26,0.00025,0.00067
597.0,2026-07-02T13:07:57.861,1,-171.124,399.035,7.2,0.0,1000.0,TURNING_AROUND,load_zone_22,dump_zone_23,0.000258,0.000691
597.0,2026-07-02T13:07:57.861,2,-96.278,453.89,0.0,-0.5,1000.0,RETURNING_TO_START,load_zone_22,dump_zone_22,0.00025,0.00067
597.0,2026-07-02T13:07:57.861,3,690.126,-136.59,23.659,-0.5,0.0,GOING_TO_ENDPOINT,dump_zone_3,load_zone_26,0.00025,0.00067
598.0,2026-07-02T13:07:59.004,1,-171.965,398.662,5.4,0.0,1000.0,TURNING_AROUND,load_zone_22,dump_zone_23,0.000256,0.000686
598.0,2026-07-02T13:07:59.004,2,-96.278,453.89,0.0,-0.5,1000.0,RETURNING_TO_START,load_zone_22,dump_zone_22,0.00025,0.00067
598.0,2026-07-02T13:07:59.004,3,694.581,-141.046,21.859,-0.5,0.0,GOING_TO_ENDPOINT,dump_zone_3,load_zone_26,0.00025,0.00067
599.0,2026-07-02T13:08:00.766,1,-171.494,398.701,0.875,0.75,1000.0,RETURNING_TO_START,load_zone_22,dump_zone_23,0.000254,0.000681
599.0,2026-07-02T13:08:00.766,2,-96.278,453.89,0.0,-0.5,1000.0,RETURNING_TO_START,load_zone_22,dump_zone_22,0.00025,0.00067
599.0,2026-07-02T13:08:00.766,3,698.684,-145.148,20.059,-0.5,0.0,GOING_TO_ENDPOINT,dump_zone_3,load_zone_26,0.00025,0.00067
600.0,2026-07-02T13:08:02.480,1,-170.731,398.68,4.4,1.0,1000.0,RETURNING_TO_START,load_zone_22,dump_zone_23,0.000278,0.000745
600.0,2026-07-02T13:08:02.480,2,-96.278,453.89,0.0,-0.5,1000.0,RETURNING_TO_START,load_zone_22,dump_zone_22,0.00025,0.00067
600.0,2026-07-02T13:08:02.480,3,702.086,-149.188,18.259,-0.5,0.0,GOING_TO_ENDPOINT,dump_zone_3,load_zone_26,0.00025,0.00067
601.0,2026-07-02T13:08:05.151,1,-169.055,399.184,8.0,1.0,1000.0,RETURNING_TO_START,load_zone_22,dump_zone_23,0.000302,0.000809
601.0,2026-07-02T13:08:05.151,2,-96.278,453.89,0.0,-0.5,1000.0,RETURNING_TO_START,load_zone_22,dump_zone_22,0.00025,0.00067
601.0,2026-07-02T13:08:05.151,3,703.011,-153.768,16.834,-0.0833,0.0,GOING_TO_ENDPOINT,dump_zone_3,load_zone_26,0.000256,0.000686
602.0,2026-07-02T13:08:08.483,1,-166.446,400.022,11.45,0.75,1000.0,RETURNING_TO_START,load_zone_22,dump_zone_23,0.000308,0.000825
602.0,2026-07-02T13:08:08.483,2,-96.278,453.89,0.0,-0.5,1000.0,RETURNING_TO_START,load_zone_22,dump_zone_22,0.00025,0.00067
602.0,2026-07-02T13:08:08.483,3,702.581,-158.579,18.234,0.5833,0.0,GOING_TO_ENDPOINT,dump_zone_3,load_zone_26,0.000296,0.000793
603.0,2026-07-02T13:08:11.556,1,-163.123,399.564,12.2,-0.25,1000.0,RETURNING_TO_START,load_zone_22,dump_zone_23,0.00025,0.00067
603.0,2026-07-02T13:08:11.556,2,-96.278,453.89,0.0,-0.5,1000.0,RETURNING_TO_START,load_zone_22,dump_zone_22,0.00025,0.00067
603.0,2026-07-02T13:08:11.556,3,702.486,-163.824,18.891,-0.276,0.0,GOING_TO_ENDPOINT,dump_zone_3,load_zone_26,0.00025,0.00067
604.0,2026-07-02T13:08:14.308,1,-160.06,398.903,10.475,-0.5,1000.0,RETURNING_TO_START,load_zone_22,dump_zone_23,0.00025,0.00067
604.0,2026-07-02T13:08:14.308,2,-96.278,453.89,0.0,-0.5,1000.0,RETURNING_TO_START,load_zone_22,dump_zone_22,0.00025,0.00067
604.0,2026-07-02T13:08:14.308,3,702.496,-168.817,17.15,-0.5,0.0,GOING_TO_ENDPOINT,dump_zone_3,load_zone_26,0.00025,0.00067
605.0,2026-07-02T13:08:17.119,1,-157.433,399.085,8.775,-0.4167,1000.0,RETURNING_TO_START,load_zone_22,dump_zone_23,0.00025,0.00067
605.0,2026-07-02T13:08:17.119,2,-96.278,453.89,0.0,-0.5,1000.0,RETURNING_TO_START,load_zone_22,dump_zone_22,0.00025,0.00067
605.0,2026-07-02T13:08:17.119,3,702.5,-173.31,15.35,-0.5,0.0,GOING_TO_ENDPOINT,dump_zone_3,load_zone_26,0.00025,0.00067
606.0,2026-07-02T13:08:21.814,1,-155.261,399.791,8.284,0.3058,1000.0,RETURNING_TO_START,load_zone_22,dump_zone_23,0.000272,0.000729
606.0,2026-07-02T13:08:21.814,2,-96.278,453.89,0.0,-0.5,1000.0,RETURNING_TO_START,load_zone_22,dump_zone_22,0.00025,0.00067
606.0,2026-07-02T13:08:21.814,3,702.5,-177.303,13.55,-0.5,0.0,GOING_TO_ENDPOINT,dump_zone_3,load_zone_26,0.00025,0.00067
607.0,2026-07-02T13:08:28.219,1,-152.924,401.034,10.885,0.9725,1000.0,RETURNING_TO_START,load_zone_22,dump_zone_23,0.000319,0.000855
607.0,2026-07-02T13:08:28.219,2,-96.278,453.89,0.0,-0.5,1000.0,RETURNING_TO_START,load_zone_22,dump_zone_22,0.00025,0.00067
607.0,2026-07-02T13:08:28.219,3,702.5,-180.796,11.75,-0.5,0.0,GOING_TO_ENDPOINT,dump_zone_3,load_zone_26,0.00025,0.00067
608.0,2026-07-02T13:08:32.555,1,-150.024,403.102,14.466,1.0,1000.0,RETURNING_TO_START,load_zone_22,dump_zone_23,0.000343,0.000919
608.0,2026-07-02T13:08:32.555,2,-96.278,453.89,0.0,-0.5,1000.0,RETURNING_TO_START,load_zone_22,dump_zone_22,0.00025,0.00067
608.0,2026-07-02T13:08:32.555,3,702.5,-183.789,9.95,-0.5,0.0,GOING_TO_ENDPOINT,dump_zone_3,load_zone_26,0.00025,0.00067
609.0,2026-07-02T13:08:35.904,1,-146.553,406.023,17.966,1.0,1000.0,RETURNING_TO_START,load_zone_22,dump_zone_23,0.000366,0.000981
609.0,2026-07-02T13:08:35.904,2,-96.278,453.89,0.0,-0.5,1000.0,RETURNING_TO_START,load_zone_22,dump_zone_22,0.00025,0.00067
609.0,2026-07-02T13:08:35.904,3,702.5,-186.282,8.15,-0.5,0.0,GOING_TO_ENDPOINT,dump_zone_3,load_zone_26,0.00025,0.00067
610.0,2026-07-02T13:08:38.861,1,-142.477,409.763,21.566,1.0,1000.0,RETURNING_TO_START,load_zone_22,dump_zone_23,0.000389,0.001043
610.0,2026-07-02T13:08:38.861,2,-96.278,453.89,0.0,-0.5,1000.0,RETURNING_TO_START,load_zone_22,dump_zone_22,0.00025,0.00067
610.0,2026-07-02T13:08:38.861,3,702.5,-188.276,6.35,-0.5,0.0,GOING_TO_ENDPOINT,dump_zone_3,load_zone_26,0.00025,0.00067
611.0,2026-07-02T13:08:41.373,1,-137.894,414.183,23.516,0.0833,1000.0,RETURNING_TO_START,load_zone_22,dump_zone_23,0.000285,0.000764
611.0,2026-07-02T13:08:41.373,2,-96.278,453.89,0.0,-0.5,1000.0,RETURNING_TO_START,load_zone_22,dump_zone_22,0.00025,0.00067
611.0,2026-07-02T13:08:41.373,3,702.539,-189.767,4.55,-0.5,0.0,GOING_TO_ENDPOINT,dump_zone_3,load_zone_26,0.00025,0.00067
612.0,2026-07-02T13:08:44.174,1,-133.369,418.699,22.391,-0.25,1000.0,RETURNING_TO_START,load_zone_22,dump_zone_23,0.00025,0.00067
612.0,2026-07-02T13:08:44.174,2,-96.278,453.89,0.0,-0.5,1000.0,RETURNING_TO_START,load_zone_22,dump_zone_22,0.00025,0.00067
612.0,2026-07-02T13:08:44.174,3,702.746,-190.737,2.75,-0.5,0.0,LOADING,dump_zone_3,load_zone_26,0.00025,0.00067
613.0,2026-07-02T13:08:46.715,1,-129.104,423.056,21.693,-0.0787,1000.0,RETURNING_TO_START,load_zone_22,dump_zone_23,0.000264,0.000708
613.0,2026-07-02T13:08:46.715,2,-96.278,453.89,0.0,-0.5,1000.0,RETURNING_TO_START,load_zone_22,dump_zone_22,0.00025,0.00067
613.0,2026-07-02T13:08:46.715,3,702.928,-191.195,0.95,-0.5,0.0,LOADING,dump_zone_3,load_zone_26,0.00025,0.00067
614.0,2026-07-02T13:08:48.703,1,-125.039,427.27,20.357,-0.4888,1000.0,RETURNING_TO_START,load_zone_22,dump_zone_23,0.00025,0.00067
614.0,2026-07-02T13:08:48.703,2,-96.278,453.89,0.0,-0.5,1000.0,RETURNING_TO_START,load_zone_22,dump_zone_22,0.00025,0.00067
614.0,2026-07-02T13:08:48.703,3,702.953,-191.248,0.0,-0.5,0.0,LOADING,dump_zone_3,load_zone_26,0.00025,0.00067
615.0,2026-07-02T13:08:50.637,1,-121.256,431.235,19.287,-0.3105,1000.0,RETURNING_TO_START,load_zone_22,dump_zone_23,0.00025,0.00067
615.0,2026-07-02T13:08:50.637,2,-96.278,453.89,0.0,-0.5,1000.0,RETURNING_TO_START,load_zone_22,dump_zone_22,0.00025,0.00067
615.0,2026-07-02T13:08:50.637,3,703.304,-191.814,7.2,0.0,1000.0,TURNING_AROUND,load_zone_26,dump_zone_3,0.000258,0.000691
616.0,2026-07-02T13:08:52.060,1,-117.749,434.934,17.526,-0.5,1000.0,RETURNING_TO_START,load_zone_22,dump_zone_23,0.00025,0.00067
616.0,2026-07-02T13:08:52.060,2,-96.278,453.89,0.0,-0.5,1000.0,RETURNING_TO_START,load_zone_22,dump_zone_22,0.00025,0.00067
616.0,2026-07-02T13:08:52.060,3,704.838,-193.065,7.2,0.0,1000.0,TURNING_AROUND,load_zone_26,dump_zone_3,0.000258,0.000691
617.0,2026-07-02T13:08:53.579,1,-114.576,438.298,15.884,-0.5,1000.0,RETURNING_TO_START,load_zone_22,dump_zone_23,0.00025,0.00067
617.0,2026-07-02T13:08:53.579,2,-96.278,453.89,0.0,-0.5,1000.0,RETURNING_TO_START,load_zone_22,dump_zone_22,0.00025,0.00067
617.0,2026-07-02T13:08:53.579,3,704.199,-193.053,5.4,0.0,1000.0,TURNING_AROUND,load_zone_26,dump_zone_3,0.000256,0.000686
618.0,2026-07-02T13:08:55.156,1,-111.737,441.313,14.084,-0.5,1000.0,RETURNING_TO_START,load_zone_22,dump_zone_23,0.00025,0.00067
618.0,2026-07-02T13:08:55.156,2,-96.278,453.89,0.0,-0.5,1000.0,RETURNING_TO_START,load_zone_22,dump_zone_22,0.00025,0.00067
618.0,2026-07-02T13:08:55.156,3,705.268,-192.683,7.2,0.0,1000.0,TURNING_AROUND,load_zone_26,dump_zone_3,0.000258,0.000691
619.0,2026-07-02T13:08:56.618,1,-109.241,443.963,12.284,-0.5,1000.0,RETURNING_TO_START,load_zone_22,dump_zone_23,0.00025,0.00067
619.0,2026-07-02T13:08:56.618,2,-96.278,453.89,0.0,-0.5,1000.0,RETURNING_TO_START,load_zone_22,dump_zone_22,0.00025,0.00067
619.0,2026-07-02T13:08:56.618,3,706.427,-191.875,5.4,0.0,1000.0,TURNING_AROUND,load_zone_26,dump_zone_3,0.000256,0.000686
620.0,2026-07-02T13:08:58.464,1,-107.058,446.273,10.884,-0.4167,1000.0,RETURNING_TO_START,load_zone_22,dump_zone_23,0.00025,0.00067
620.0,2026-07-02T13:08:58.464,2,-96.278,453.89,0.0,-0.5,1000.0,RETURNING_TO_START,load_zone_22,dump_zone_22,0.00025,0.00067
620.0,2026-07-02T13:08:58.464,3,705.928,-192.65,7.2,0.0,1000.0,TURNING_AROUND,load_zone_26,dump_zone_3,0.000258,0.000691
621.0,2026-07-02T13:09:01.056,1,-105.142,448.249,9.084,-0.5,1000.0,RETURNING_TO_START,load_zone_22,dump_zone_23,0.00025,0.00067
621.0,2026-07-02T13:09:01.056,2,-96.278,453.89,0.0,-0.5,1000.0,RETURNING_TO_START,load_zone_22,dump_zone_22,0.00025,0.00067
621.0,2026-07-02T13:09:01.056,3,705.967,-192.476,0.25,0.3333,1000.0,RETURNING_TO_START,load_zone_26,dump_zone_3,0.000251,0.000673
622.0,2026-07-02T13:09:04.772,1,-103.466,449.807,7.536,-0.5,1000.0,RETURNING_TO_START,load_zone_22,dump_zone_23,0.00025,0.00067
622.0,2026-07-02T13:09:04.772,2,-96.278,453.89,0.0,-0.5,1000.0,RETURNING_TO_START,load_zone_22,dump_zone_22,0.00025,0.00067
622.0,2026-07-02T13:09:04.772,3,705.939,-192.028,3.15,1.0,1000.0,RETURNING_TO_START,load_zone_26,dump_zone_3,0.00027,0.000724
623.0,2026-07-02T13:09:08.805,1,-102.365,451.249,5.736,-0.5,1000.0,RETURNING_TO_START,load_zone_22,dump_zone_23,0.00025,0.00067
623.0,2026-07-02T13:09:08.805,2,-96.278,453.89,0.0,-0.5,1000.0,RETURNING_TO_START,load_zone_22,dump_zone_22,0.00025,0.00067
623.0,2026-07-02T13:09:08.805,3,705.518,-190.684,6.75,1.0,1000.0,RETURNING_TO_START,load_zone_26,dump_zone_3,0.000294,0.000788
624.0,2026-07-02T13:09:12.162,1,-101.91,452.659,5.586,0.4167,1000.0,RETURNING_TO_START,load_zone_22,dump_zone_23,0.000268,0.000718
624.0,2026-07-02T13:09:12.162,2,-96.278,453.89,0.0,-0.5,1000.0,RETURNING_TO_START,load_zone_22,dump_zone_22,0.00025,0.00067
624.0,2026-07-02T13:09:12.162,3,703.895,-188.918,10.35,1.0,1000.0,RETURNING_TO_START,load_zone_26,dump_zone_3,0.000317,0.00085
625.0,2026-07-02T13:09:14.428,1,-101.89,454.624,8.661,1.0,1000.0,RETURNING_TO_START,load_zone_22,dump_zone_23,0.000306,0.00082
625.0,2026-07-02T13:09:14.428,2,-96.278,453.89,0.0,-0.5,1000.0,RETURNING_TO_START,load_zone_22,dump_zone_22,0.00025,0.00067
625.0,2026-07-02T13:09:14.428,3,701.404,-186.585,13.95,1.0,1000.0,RETURNING_TO_START,load_zone_26,dump_zone_3,0.00034,0.000911
626.0,2026-07-02T13:09:16.939,1,-102.106,457.563,12.261,1.0,1000.0,RETURNING_TO_START,load_zone_22,dump_zone_23,0.000329,0.000882
626.0,2026-07-02T13:09:16.939,2,-96.278,453.89,0.0,-0.5,1000.0,RETURNING_TO_START,load_zone_22,dump_zone_22,0.00025,0.00067
626.0,2026-07-02T13:09:16.939,3,698.717,-183.105,17.55,1.0,1000.0,RETURNING_TO_START,load_zone_26,dump_zone_3,0.000363,0.000973
627.0,2026-07-02T13:09:19.174,1,-102.385,461.5,15.861,1.0,1000.0,RETURNING_TO_START,load_zone_22,dump_zone_23,0.000352,0.000943
627.0,2026-07-02T13:09:19.174,2,-96.278,453.89,0.0,-0.5,1000.0,RETURNING_TO_START,load_zone_22,dump_zone_22,0.00025,0.00067
627.0,2026-07-02T13:09:19.174,3,697.516,-178.035,19.5,0.0833,1000.0,RETURNING_TO_START,load_zone_26,dump_zone_3,0.000279,0.000748
628.0,2026-07-02T13:09:21.818,1,-102.507,466.446,19.461,1.0,1000.0,RETURNING_TO_START,load_zone_22,dump_zone_23,0.000375,0.001005
628.0,2026-07-02T13:09:21.818,2,-96.278,453.89,0.0,-0.5,1000.0,RETURNING_TO_START,load_zone_22,dump_zone_22,0.00025,0.00067
628.0,2026-07-02T13:09:21.818,3,697.477,-172.764,18.225,-0.5,1000.0,RETURNING_TO_START,load_zone_26,dump_zone_3,0.00025,0.00067
629.0,2026-07-02T13:09:24.540,1,-102.503,472.361,22.654,0.6181,1000.0,RETURNING_TO_START,load_zone_22,dump_zone_23,0.000349,0.000935
629.0,2026-07-02T13:09:24.540,2,-96.278,453.89,0.0,-0.5,1000.0,RETURNING_TO_START,load_zone_22,dump_zone_22,0.00025,0.00067
629.0,2026-07-02T13:09:24.540,3,697.499,-167.973,16.425,-0.5,1000.0,RETURNING_TO_START,load_zone_26,dump_zone_3,0.00025,0.00067
630.0,2026-07-02T13:09:27.304,1,-102.5,478.83,23.557,0.0109,1000.0,RETURNING_TO_START,load_zone_22,dump_zone_23,0.000276,0.00074
630.0,2026-07-02T13:09:27.304,2,-96.278,453.89,0.0,-0.5,1000.0,RETURNING_TO_START,load_zone_22,dump_zone_22,0.00025,0.00067
630.0,2026-07-02T13:09:27.304,3,697.501,-163.681,14.625,-0.5,1000.0,RETURNING_TO_START,load_zone_26,dump_zone_3,0.00025,0.00067
631.0,2026-07-02T13:09:30.082,1,-102.5,485.311,22.765,-0.5,1000.0,RETURNING_TO_START,load_zone_22,dump_zone_23,0.00025,0.00067
631.0,2026-07-02T13:09:30.082,2,-96.278,453.89,0.0,-0.5,1000.0,RETURNING_TO_START,load_zone_22,dump_zone_22,0.00025,0.00067
631.0,2026-07-02T13:09:30.082,3,697.5,-159.88,12.874,-0.5,1000.0,RETURNING_TO_START,load_zone_26,dump_zone_3,0.00025,0.00067
632.0,2026-07-02T13:09:32.691,1,-102.5,491.364,20.965,-0.5,1000.0,RETURNING_TO_START,load_zone_22,dump_zone_23,0.00025,0.00067
632.0,2026-07-02T13:09:32.691,2,-96.278,453.89,0.0,-0.5,1000.0,RETURNING_TO_START,load_zone_22,dump_zone_22,0.00025,0.00067
632.0,2026-07-02T13:09:32.691,3,697.5,-156.574,11.074,-0.5,1000.0,RETURNING_TO_START,load_zone_26,dump_zone_3,0.00025,0.00067
633.0,2026-07-02T13:09:35.305,1,-102.5,496.916,19.165,-0.5,1000.0,RETURNING_TO_START,load_zone_22,dump_zone_23,0.00025,0.00067
633.0,2026-07-02T13:09:35.305,2,-96.278,453.89,0.0,-0.5,1000.0,RETURNING_TO_START,load_zone_22,dump_zone_22,0.00025,0.00067
633.0,2026-07-02T13:09:35.305,3,697.5,-153.769,9.274,-0.5,1000.0,RETURNING_TO_START,load_zone_26,dump_zone_3,0.00025,0.00067
634.0,2026-07-02T13:09:37.570,1,-102.5,501.969,17.365,-0.5,1000.0,RETURNING_TO_START,load_zone_22,dump_zone_23,0.00025,0.00067
634.0,2026-07-02T13:09:37.570,2,-96.278,453.89,0.0,-0.5,1000.0,RETURNING_TO_START,load_zone_22,dump_zone_22,0.00025,0.00067
634.0,2026-07-02T13:09:37.570,3,697.474,-151.465,7.474,-0.5,1000.0,RETURNING_TO_START,load_zone_26,dump_zone_3,0.00025,0.00067
635.0,2026-07-02T13:09:39.760,1,-102.5,506.522,15.565,-0.5,1000.0,RETURNING_TO_START,load_zone_22,dump_zone_23,0.00025,0.00067
635.0,2026-07-02T13:09:39.760,2,-96.278,453.89,0.0,-0.5,1000.0,RETURNING_TO_START,load_zone_22,dump_zone_22,0.00025,0.00067
635.0,2026-07-02T13:09:39.760,3,696.894,-149.721,6.374,0.0833,1000.0,RETURNING_TO_START,load_zone_26,dump_zone_3,0.00026,0.000697
636.0,2026-07-02T13:09:41.749,1,-102.5,510.575,13.765,-0.5,1000.0,RETURNING_TO_START,load_zone_22,dump_zone_23,0.00025,0.00067
636.0,2026-07-02T13:09:41.749,2,-96.278,453.89,0.0,-0.5,1000.0,RETURNING_TO_START,load_zone_22,dump_zone_22,0.00025,0.00067
636.0,2026-07-02T13:09:41.749,3,695.549,-148.214,8.599,1.0,1000.0,RETURNING_TO_START,load_zone_26,dump_zone_3,0.000305,0.000817
637.0,2026-07-02T13:09:44.225,1,-102.5,514.127,11.965,-0.5,1000.0,RETURNING_TO_START,load_zone_22,dump_zone_23,0.00025,0.00067
637.0,2026-07-02T13:09:44.225,2,-96.278,453.89,0.0,-0.5,1000.0,RETURNING_TO_START,load_zone_22,dump_zone_22,0.00025,0.00067
637.0,2026-07-02T13:09:44.225,3,693.363,-146.263,12.199,1.0,1000.0,RETURNING_TO_START,load_zone_26,dump_zone_3,0.000329,0.000882
638.0,2026-07-02T13:09:46.385,1,-102.5,517.18,10.165,-0.5,1000.0,RETURNING_TO_START,load_zone_22,dump_zone_23,0.00025,0.00067
638.0,2026-07-02T13:09:46.385,2,-96.278,453.89,0.0,-0.5,1000.0,RETURNING_TO_START,load_zone_22,dump_zone_22,0.00025,0.00067
638.0,2026-07-02T13:09:46.385,3,690.391,-143.692,15.799,1.0,1000.0,RETURNING_TO_START,load_zone_26,dump_zone_3,0.000352,0.000943
639.0,2026-07-02T13:09:48.765,1,-102.494,519.733,8.365,-0.5,1000.0,RETURNING_TO_START,load_zone_22,dump_zone_23,0.00025,0.00067
639.0,2026-07-02T13:09:48.765,2,-96.278,453.89,0.0,-0.5,1000.0,RETURNING_TO_START,load_zone_22,dump_zone_22,0.00025,0.00067
639.0,2026-07-02T13:09:48.765,3,686.792,-140.322,19.399,1.0,1000.0,RETURNING_TO_START,load_zone_26,dump_zone_3,0.000375,0.001005
640.0,2026-07-02T13:09:50.748,1,-101.881,521.669,6.565,-0.5,1000.0,RETURNING_TO_START,load_zone_22,dump_zone_23,0.00025,0.00067
640.0,2026-07-02T13:09:50.748,2,-96.278,453.89,0.0,-0.5,1000.0,RETURNING_TO_START,load_zone_22,dump_zone_22,0.00025,0.00067
640.0,2026-07-02T13:09:50.748,3,682.608,-136.147,22.823,0.9167,1000.0,RETURNING_TO_START,load_zone_26,dump_zone_3,0.000387,0.001037
641.0,2026-07-02T13:09:52.696,1,-100.826,522.796,4.765,-0.5,1000.0,RETURNING_TO_START,load_zone_22,dump_zone_23,0.00025,0.00067
641.0,2026-07-02T13:09:52.696,2,-96.278,453.89,0.0,-0.5,1000.0,RETURNING_TO_START,load_zone_22,dump_zone_22,0.00025,0.00067
641.0,2026-07-02T13:09:52.696,3,677.925,-131.46,24.173,-0.0833,1000.0,RETURNING_TO_START,load_zone_26,dump_zone_3,0.000265,0.00071
642.0,2026-07-02T13:09:54.274,1,-99.904,523.297,2.965,-0.5,1000.0,UNLOADING,load_zone_22,dump_zone_23,0.00025,0.00067
642.0,2026-07-02T13:09:54.274,2,-96.278,453.89,0.0,-0.5,1000.0,RETURNING_TO_START,load_zone_22,dump_zone_22,0.00025,0.00067
642.0,2026-07-02T13:09:54.274,3,673.323,-126.858,22.623,-0.5,1000.0,RETURNING_TO_START,load_zone_26,dump_zone_3,0.00025,0.00067
643.0,2026-07-02T13:09:56.755,1,-99.383,523.483,1.165,-0.5,1000.0,UNLOADING,load_zone_22,dump_zone_23,0.00025,0.00067
643.0,2026-07-02T13:09:56.755,2,-96.278,453.89,0.0,-0.5,1000.0,RETURNING_TO_START,load_zone_22,dump_zone_22,0.00025,0.00067
643.0,2026-07-02T13:09:56.755,3,669.071,-122.606,20.823,-0.5,1000.0,RETURNING_TO_START,load_zone_26,dump_zone_3,0.00025,0.00067
644.0,2026-07-02T13:09:59.196,1,-99.298,523.516,0.0,-0.5,1000.0,UNLOADING,load_zone_22,dump_zone_23,0.00025,0.00067
644.0,2026-07-02T13:09:59.196,2,-96.278,453.89,0.0,-0.5,1000.0,RETURNING_TO_START,load_zone_22,dump_zone_22,0.00025,0.00067
644.0,2026-07-02T13:09:59.196,3,665.172,-118.708,19.023,-0.5,1000.0,RETURNING_TO_START,load_zone_26,dump_zone_3,0.00025,0.00067
645.0,2026-07-02T13:10:01.641,1,-98.818,523.654,7.2,0.0,0.0,TURNING_AROUND,dump_zone_23,load_zone_22,0.000255,0.000683
645.0,2026-07-02T13:10:01.641,2,-96.278,453.89,0.0,-0.5,1000.0,RETURNING_TO_START,load_zone_22,dump_zone_22,0.00025,0.00067
645.0,2026-07-02T13:10:01.641,3,661.627,-115.163,17.223,-0.5,1000.0,RETURNING_TO_START,load_zone_26,dump_zone_3,0.00025,0.00067
646.0,2026-07-02T13:10:02.922,1,-96.839,523.589,7.2,0.0,0.0,TURNING_AROUND,dump_zone_23,load_zone_22,0.000255,0.000683
646.0,2026-07-02T13:10:02.922,2,-96.278,453.89,0.0,-0.5,1000.0,RETURNING_TO_START,load_zone_22,dump_zone_22,0.00025,0.00067
646.0,2026-07-02T13:10:02.922,3,658.436,-111.971,15.423,-0.5,1000.0,RETURNING_TO_START,load_zone_26,dump_zone_3,0.00025,0.00067
647.0,2026-07-02T13:10:04.632,1,-97.058,523.888,5.4,0.0,0.0,TURNING_AROUND,dump_zone_23,load_zone_22,0.000253,0.000678
647.0,2026-07-02T13:10:04.632,2,-96.278,453.89,0.0,-0.5,1000.0,RETURNING_TO_START,load_zone_22,dump_zone_22,0.00025,0.00067
647.0,2026-07-02T13:10:04.632,3,655.598,-109.134,13.623,-0.5,1000.0,RETURNING_TO_START,load_zone_26,dump_zone_3,0.00025,0.00067
648.0,2026-07-02T13:10:06.416,1,-96.694,523.121,7.2,0.0,0.0,TURNING_AROUND,dump_zone_23,load_zone_22,0.000255,0.000683
648.0,2026-07-02T13:10:06.416,2,-96.278,453.89,0.0,-0.5,1000.0,RETURNING_TO_START,load_zone_22,dump_zone_22,0.00025,0.00067
648.0,2026-07-02T13:10:06.416,3,653.114,-106.649,11.823,-0.5,1000.0,RETURNING_TO_START,load_zone_26,dump_zone_3,0.00025,0.00067
649.0,2026-07-02T13:10:08.723,1,-96.442,522.328,0.0,-0.0,0.0,GOING_TO_ENDPOINT,dump_zone_23,load_zone_22,0.00025,0.00067
649.0,2026-07-02T13:10:08.723,2,-96.278,453.89,0.0,-0.5,1000.0,RETURNING_TO_START,load_zone_22,dump_zone_22,0.00025,0.00067
649.0,2026-07-02T13:10:08.723,3,650.983,-104.518,10.023,-0.5,1000.0,RETURNING_TO_START,load_zone_26,dump_zone_3,0.00025,0.00067
650.0,2026-07-02T13:10:11.016,1,-96.442,522.117,1.95,1.0,0.0,GOING_TO_ENDPOINT,dump_zone_23,load_zone_22,0.000258,0.000691
650.0,2026-07-02T13:10:11.016,2,-96.278,453.89,0.0,-0.5,1000.0,RETURNING_TO_START,load_zone_22,dump_zone_22,0.00025,0.00067
650.0,2026-07-02T13:10:11.016,3,649.187,-102.761,8.223,-0.5,1000.0,RETURNING_TO_START,load_zone_26,dump_zone_3,0.00025,0.00067
651.0,2026-07-02T13:10:13.136,1,-96.475,521.035,5.55,1.0,0.0,GOING_TO_ENDPOINT,dump_zone_23,load_zone_22,0.000271,0.000726
651.0,2026-07-02T13:10:13.136,2,-96.278,453.89,0.0,-0.5,1000.0,RETURNING_TO_START,load_zone_22,dump_zone_22,0.00025,0.00067
651.0,2026-07-02T13:10:13.136,3,647.211,-101.906,8.073,0.4167,1000.0,RETURNING_TO_START,load_zone_26,dump_zone_3,0.000277,0.000742
652.0,2026-07-02T13:10:15.270,1,-96.68,518.962,9.15,1.0,0.0,GOING_TO_ENDPOINT,dump_zone_23,load_zone_22,0.000285,0.000764
652.0,2026-07-02T13:10:15.270,2,-96.278,453.89,0.0,-0.5,1000.0,RETURNING_TO_START,load_zone_22,dump_zone_22,0.00025,0.00067
652.0,2026-07-02T13:10:15.270,3,644.559,-101.877,11.148,1.0,1000.0,RETURNING_TO_START,load_zone_26,dump_zone_3,0.000322,0.000863
653.0,2026-07-02T13:10:17.260,1,-96.987,515.894,12.75,1.0,0.0,GOING_TO_ENDPOINT,dump_zone_23,load_zone_22,0.000299,0.000801
653.0,2026-07-02T13:10:17.260,2,-96.278,453.89,0.0,-0.5,1000.0,RETURNING_TO_START,load_zone_22,dump_zone_22,0.00025,0.00067
653.0,2026-07-02T13:10:17.260,3,640.933,-102.178,14.748,1.0,1000.0,RETURNING_TO_START,load_zone_26,dump_zone_3,0.000345,0.000925
654.0,2026-07-02T13:10:19.416,1,-97.297,511.822,16.35,1.0,0.0,GOING_TO_ENDPOINT,dump_zone_23,load_zone_22,0.000313,0.000839
654.0,2026-07-02T13:10:19.416,2,-96.278,453.89,0.0,-0.5,1000.0,RETURNING_TO_START,load_zone_22,dump_zone_22,0.00025,0.00067
654.0,2026-07-02T13:10:19.416,3,636.303,-102.438,18.348,1.0,1000.0,RETURNING_TO_START,load_zone_26,dump_zone_3,0.000368,0.000986
655.0,2026-07-02T13:10:21.579,1,-97.486,506.743,19.95,1.0,0.0,GOING_TO_ENDPOINT,dump_zone_23,load_zone_22,0.000327,0.000876
655.0,2026-07-02T13:10:21.579,2,-96.278,453.89,0.0,-0.5,1000.0,RETURNING_TO_START,load_zone_22,dump_zone_22,0.00025,0.00067
655.0,2026-07-02T13:10:21.579,3,630.824,-102.503,20.352,0.1013,1000.0,RETURNING_TO_START,load_zone_26,dump_zone_3,0.000283,0.000758
656.0,2026-07-02T13:10:23.600,1,-97.513,500.66,23.55,1.0,0.0,GOING_TO_ENDPOINT,dump_zone_23,load_zone_22,0.000341,0.000914
656.0,2026-07-02T13:10:23.600,2,-96.278,453.89,0.0,-0.5,1000.0,RETURNING_TO_START,load_zone_22,dump_zone_22,0.00025,0.00067
656.0,2026-07-02T13:10:23.600,3,625.308,-102.501,19.115,-0.5,1000.0,RETURNING_TO_START,load_zone_26,dump_zone_3,0.00025,0.00067
657.0,2026-07-02T13:10:26.479,1,-97.501,493.581,27.032,0.8031,0.0,GOING_TO_ENDPOINT,dump_zone_23,load_zone_22,0.000337,0.000903
657.0,2026-07-02T13:10:26.479,2,-96.278,453.89,0.0,-0.5,1000.0,RETURNING_TO_START,load_zone_22,dump_zone_22,0.00025,0.00067
657.0,2026-07-02T13:10:26.479,3,620.269,-102.5,17.315,-0.5,1000.0,RETURNING_TO_START,load_zone_26,dump_zone_3,0.00025,0.00067
658.0,2026-07-02T13:10:29.195,1,-97.5,485.848,27.973,-0.1969,0.0,GOING_TO_ENDPOINT,dump_zone_23,load_zone_22,0.00025,0.00067
658.0,2026-07-02T13:10:29.195,2,-96.278,453.89,0.0,-0.5,1000.0,RETURNING_TO_START,load_zone_22,dump_zone_22,0.00025,0.00067
658.0,2026-07-02T13:10:29.195,3,615.73,-102.5,15.515,-0.5,1000.0,RETURNING_TO_START,load_zone_26,dump_zone_3,0.00025,0.00067
659.0,2026-07-02T13:10:31.364,1,-97.5,478.316,26.296,-0.5,0.0,GOING_TO_ENDPOINT,dump_zone_23,load_zone_22,0.00025,0.00067
659.0,2026-07-02T13:10:31.364,2,-96.278,453.89,0.0,-0.5,1000.0,RETURNING_TO_START,load_zone_22,dump_zone_22,0.00025,0.00067
659.0,2026-07-02T13:10:31.364,3,611.691,-102.5,13.715,-0.5,1000.0,RETURNING_TO_START,load_zone_26,dump_zone_3,0.00025,0.00067
660.0,2026-07-02T13:10:33.281,1,-97.5,471.282,24.496,-0.5,0.0,GOING_TO_ENDPOINT,dump_zone_23,load_zone_22,0.00025,0.00067
660.0,2026-07-02T13:10:33.281,2,-96.278,453.89,0.0,-0.5,1000.0,RETURNING_TO_START,load_zone_22,dump_zone_22,0.00025,0.00067
660.0,2026-07-02T13:10:33.281,3,608.152,-102.5,11.915,-0.5,1000.0,RETURNING_TO_START,load_zone_26,dump_zone_3,0.00025,0.00067
661.0,2026-07-02T13:10:36.545,1,-97.857,464.776,22.846,-0.25,0.0,GOING_TO_ENDPOINT,dump_zone_23,load_zone_22,0.00025,0.00067
661.0,2026-07-02T13:10:36.545,2,-96.278,453.89,0.0,-0.5,1000.0,RETURNING_TO_START,load_zone_22,dump_zone_22,0.00025,0.00067
661.0,2026-07-02T13:10:36.545,3,605.113,-102.5,10.115,-0.5,1000.0,RETURNING_TO_START,load_zone_26,dump_zone_3,0.00025,0.00067
662.0,2026-07-02T13:10:40.787,1,-95.355,459.182,21.796,-0.5,0.0,GOING_TO_ENDPOINT,dump_zone_23,load_zone_22,0.00025,0.00067
662.0,2026-07-02T13:10:40.787,2,-96.278,453.89,0.0,-0.2717,1000.0,RETURNING_TO_START,load_zone_22,dump_zone_22,0.00025,0.00067
662.0,2026-07-02T13:10:40.787,3,602.574,-102.497,8.315,-0.5,1000.0,RETURNING_TO_START,load_zone_26,dump_zone_3,0.00025,0.00067
663.0,2026-07-02T13:10:44.970,1,-93.05,454.006,19.996,-0.5,0.0,GOING_TO_ENDPOINT,dump_zone_23,load_zone_22,0.00025,0.00067
663.0,2026-07-02T13:10:44.970,2,-96.27,453.898,0.105,-0.0692,1000.0,RETURNING_TO_START,load_zone_22,dump_zone_22,0.00025,0.00067
663.0,2026-07-02T13:10:44.970,3,600.497,-102.209,7.19,-0.0833,1000.0,RETURNING_TO_START,load_zone_26,dump_zone_3,0.000254,0.000681
664.0,2026-07-02T13:10:50.928,1,-96.307,450.307,18.196,-0.5,0.0,GOING_TO_ENDPOINT,dump_zone_23,load_zone_22,0.00025,0.00067
664.0,2026-07-02T13:10:50.928,2,-96.269,453.899,0.0,-0.5,1000.0,RETURNING_TO_START,load_zone_22,dump_zone_22,0.00025,0.00067
664.0,2026-07-02T13:10:50.928,3,598.738,-100.999,8.79,0.75,1000.0,RETURNING_TO_START,load_zone_26,dump_zone_3,0.000295,0.000791
665.0,2026-07-02T13:10:54.470,1,-100.951,449.163,16.396,-0.5,0.0,GOING_TO_ENDPOINT,dump_zone_23,load_zone_22,0.00025,0.00067
665.0,2026-07-02T13:10:54.470,2,-96.269,453.899,0.0,-0.5,1000.0,RETURNING_TO_START,load_zone_22,dump_zone_22,0.00025,0.00067
665.0,2026-07-02T13:10:54.470,3,597.599,-98.648,9.54,-0.25,1000.0,RETURNING_TO_START,load_zone_26,dump_zone_3,0.00025,0.00067
666.0,2026-07-02T13:10:56.780,1,-103.719,446.093,14.746,-0.25,0.0,GOING_TO_ENDPOINT,dump_zone_23,load_zone_22,0.00025,0.00067
666.0,2026-07-02T13:10:56.780,2,-96.269,453.899,0.0,-0.5,1000.0,RETURNING_TO_START,load_zone_22,dump_zone_22,0.00025,0.00067
666.0,2026-07-02T13:10:56.780,3,597.417,-96.021,9.99,0.5833,1000.0,RETURNING_TO_START,load_zone_26,dump_zone_3,0.000292,0.000783
667.0,2026-07-02T13:10:58.614,1,-105.647,442.399,15.796,0.75,0.0,GOING_TO_ENDPOINT,dump_zone_23,load_zone_22,0.000298,0.000799
667.0,2026-07-02T13:10:58.614,2,-96.269,453.899,0.0,-0.5,1000.0,RETURNING_TO_START,load_zone_22,dump_zone_22,0.00025,0.00067
667.0,2026-07-02T13:10:58.614,3,597.405,-92.769,13.34,1.0,1000.0,RETURNING_TO_START,load_zone_26,dump_zone_3,0.000336,0.0009
668.0,2026-07-02T13:11:00.182,1,-108.355,438.306,19.321,1.0,0.0,GOING_TO_ENDPOINT,dump_zone_23,load_zone_22,0.000325,0.000871
668.0,2026-07-02T13:11:00.182,2,-96.269,453.899,0.0,-0.5,1000.0,RETURNING_TO_START,load_zone_22,dump_zone_22,0.00025,0.00067
668.0,2026-07-02T13:11:00.182,3,597.459,-88.522,16.94,1.0,1000.0,RETURNING_TO_START,load_zone_26,dump_zone_3,0.000359,0.000962
669.0,2026-07-02T13:11:02.227,1,-112.063,433.709,22.921,1.0,0.0,GOING_TO_ENDPOINT,dump_zone_23,load_zone_22,0.000339,0.000909
669.0,2026-07-02T13:11:02.227,2,-96.269,453.899,0.0,-0.5,1000.0,RETURNING_TO_START,load_zone_22,dump_zone_22,0.00025,0.00067
669.0,2026-07-02T13:11:02.227,3,597.497,-83.275,20.54,1.0,1000.0,RETURNING_TO_START,load_zone_26,dump_zone_3,0.000382,0.001024
670.0,2026-07-02T13:11:05.703,1,-116.788,428.67,26.496,0.9167,0.0,GOING_TO_ENDPOINT,dump_zone_23,load_zone_22,0.000345,0.000925
670.0,2026-07-02T13:11:05.703,2,-96.269,453.899,0.0,-0.5,1000.0,RETURNING_TO_START,load_zone_22,dump_zone_22,0.00025,0.00067
670.0,2026-07-02T13:11:05.703,3,597.5,-77.048,23.765,0.5833,1000.0,RETURNING_TO_START,load_zone_26,dump_zone_3,0.00035,0.000938
671.0,2026-07-02T13:11:08.149,1,-122.07,423.142,27.846,-0.0833,0.0,GOING_TO_ENDPOINT,dump_zone_23,load_zone_22,0.00026,0.000697
671.0,2026-07-02T13:11:08.149,2,-96.269,453.899,0.0,-0.5,1000.0,RETURNING_TO_START,load_zone_22,dump_zone_22,0.00025,0.00067
671.0,2026-07-02T13:11:08.149,3,597.5,-70.341,23.915,-0.4167,1000.0,RETURNING_TO_START,load_zone_26,dump_zone_3,0.00025,0.00067
672.0,2026-07-02T13:11:11.147,1,-127.306,417.734,26.296,-0.5,0.0,GOING_TO_ENDPOINT,dump_zone_23,load_zone_22,0.00025,0.00067
672.0,2026-07-02T13:11:11.147,2,-96.269,453.899,0.0,-0.5,1000.0,RETURNING_TO_START,load_zone_22,dump_zone_22,0.00025,0.00067
672.0,2026-07-02T13:11:11.147,3,597.5,-63.908,22.665,-0.25,1000.0,RETURNING_TO_START,load_zone_26,dump_zone_3,0.00025,0.00067
673.0,2026-07-02T13:11:13.776,1,-132.252,412.733,24.496,-0.5,0.0,GOING_TO_ENDPOINT,dump_zone_23,load_zone_22,0.00025,0.00067
673.0,2026-07-02T13:11:13.776,2,-96.269,453.899,0.0,-0.5,1000.0,RETURNING_TO_START,load_zone_22,dump_zone_22,0.00025,0.00067
673.0,2026-07-02T13:11:13.776,3,597.5,-57.687,22.412,0.0735,1000.0,RETURNING_TO_START,load_zone_26,dump_zone_3,0.000283,0.000758
674.0,2026-07-02T13:11:16.171,1,-136.912,408.154,22.696,-0.5,0.0,GOING_TO_ENDPOINT,dump_zone_23,load_zone_22,0.00025,0.00067
674.0,2026-07-02T13:11:16.171,2,-96.269,453.899,0.0,-0.5,1000.0,RETURNING_TO_START,load_zone_22,dump_zone_22,0.00025,0.00067
674.0,2026-07-02T13:11:16.171,3,597.5,-51.329,23.326,0.1627,1000.0,RETURNING_TO_START,load_zone_26,dump_zone_3,0.000295,0.000791
675.0,2026-07-02T13:11:18.533,1,-141.311,404.024,20.896,-0.5,0.0,GOING_TO_ENDPOINT,dump_zone_23,load_zone_22,0.00025,0.00067
675.0,2026-07-02T13:11:18.533,2,-96.269,453.899,0.0,-0.5,1000.0,RETURNING_TO_START,load_zone_22,dump_zone_22,0.00025,0.00067
675.0,2026-07-02T13:11:18.533,3,597.5,-44.82,23.507,-0.0725,1000.0,RETURNING_TO_START,load_zone_26,dump_zone_3,0.000266,0.000713
676.0,2026-07-02T13:11:20.761,1,-145.477,400.383,19.096,-0.5,0.0,GOING_TO_ENDPOINT,dump_zone_23,load_zone_22,0.00025,0.00067
676.0,2026-07-02T13:11:20.761,2,-96.269,453.899,0.0,-0.5,1000.0,RETURNING_TO_START,load_zone_22,dump_zone_22,0.00025,0.00067
676.0,2026-07-02T13:11:20.761,3,597.5,-38.444,22.464,-0.1244,1000.0,RETURNING_TO_START,load_zone_26,dump_zone_3,0.000259,0.000694
677.0,2026-07-02T13:11:22.798,1,-149.504,397.367,17.296,-0.5,0.0,GOING_TO_ENDPOINT,dump_zone_23,load_zone_22,0.00025,0.00067
677.0,2026-07-02T13:11:22.798,2,-96.269,453.899,0.0,-0.5,1000.0,RETURNING_TO_START,load_zone_22,dump_zone_22,0.00025,0.00067
677.0,2026-07-02T13:11:22.798,3,597.5,-32.143,23.283,0.4931,1000.0,RETURNING_TO_START,load_zone_26,dump_zone_3,0.000336,0.0009
678.0,2026-07-02T13:11:24.690,1,-153.487,395.215,15.496,-0.5,0.0,GOING_TO_ENDPOINT,dump_zone_23,load_zone_22,0.00025,0.00067
678.0,2026-07-02T13:11:24.690,2,-96.269,453.899,0.0,-0.5,1000.0,RETURNING_TO_START,load_zone_22,dump_zone_22,0.00025,0.00067
678.0,2026-07-02T13:11:24.690,3,597.5,-25.555,23.849,-0.0578,1000.0,RETURNING_TO_START,load_zone_26,dump_zone_3,0.000268,0.000718
679.0,2026-07-02T13:11:26.990,1,-157.322,393.975,13.696,-0.5,0.0,GOING_TO_ENDPOINT,dump_zone_23,load_zone_22,0.00025,0.00067
679.0,2026-07-02T13:11:26.990,2,-96.269,453.899,0.0,-0.5,1000.0,RETURNING_TO_START,load_zone_22,dump_zone_22,0.00025,0.00067
679.0,2026-07-02T13:11:26.990,3,597.5,-19.086,22.841,-0.2244,1000.0,RETURNING_TO_START,load_zone_26,dump_zone_3,0.00025,0.00067
680.0,2026-07-02T13:11:29.711,1,-160.744,393.095,11.896,-0.5,0.0,GOING_TO_ENDPOINT,dump_zone_23,load_zone_22,0.00025,0.00067
680.0,2026-07-02T13:11:29.711,2,-96.269,453.899,0.0,-0.5,1000.0,RETURNING_TO_START,load_zone_22,dump_zone_22,0.00025,0.00067
680.0,2026-07-02T13:11:29.711,3,597.5,-12.683,23.471,0.2549,1000.0,RETURNING_TO_START,load_zone_26,dump_zone_3,0.000307,0.000823
681.0,2026-07-02T13:11:32.314,1,-163.726,392.662,10.096,-0.5,0.0,GOING_TO_ENDPOINT,dump_zone_23,load_zone_22,0.00025,0.00067
681.0,2026-07-02T13:11:32.314,2,-96.269,453.899,0.0,-0.5,1000.0,RETURNING_TO_START,load_zone_22,dump_zone_22,0.00025,0.00067
681.0,2026-07-02T13:11:32.314,3,597.5,-6.156,23.521,0.0015,1000.0,RETURNING_TO_START,load_zone_26,dump_zone_3,0.000275,0.000737
682.0,2026-07-02T13:11:34.768,1,-166.175,393.277,8.296,-0.5,0.0,GOING_TO_ENDPOINT,dump_zone_23,load_zone_22,0.00025,0.00067
682.0,2026-07-02T13:11:34.768,2,-96.269,453.899,0.0,-0.5,1000.0,RETURNING_TO_START,load_zone_22,dump_zone_22,0.00025,0.00067
682.0,2026-07-02T13:11:34.768,3,597.5,0.321,23.143,-0.2302,1000.0,RETURNING_TO_START,load_zone_26,dump_zone_3,0.00025,0.00067
683.0,2026-07-02T13:11:37.453,1,-168.016,394.139,6.496,-0.5,0.0,GOING_TO_ENDPOINT,dump_zone_23,load_zone_22,0.00025,0.00067
683.0,2026-07-02T13:11:37.453,2,-96.269,453.899,0.0,-0.5,1000.0,RETURNING_TO_START,load_zone_22,dump_zone_22,0.00025,0.00067
683.0,2026-07-02T13:11:37.453,3,597.5,6.623,22.364,-0.0636,1000.0,RETURNING_TO_START,load_zone_26,dump_zone_3,0.000266,0.000713
684.0,2026-07-02T13:11:41.834,1,-169.36,394.877,4.696,-0.5,0.0,GOING_TO_ENDPOINT,dump_zone_23,load_zone_22,0.00025,0.00067
684.0,2026-07-02T13:11:41.834,2,-96.269,453.899,0.0,-0.5,1000.0,RETURNING_TO_START,load_zone_22,dump_zone_22,0.00025,0.00067
684.0,2026-07-02T13:11:41.834,3,597.5,12.949,23.301,0.3657,1000.0,RETURNING_TO_START,load_zone_26,dump_zone_3,0.000321,0.00086
685.0,2026-07-02T13:11:46.156,1,-170.272,395.382,2.996,-0.5,0.0,LOADING,dump_zone_23,load_zone_22,0.00025,0.00067
685.0,2026-07-02T13:11:46.156,2,-96.269,453.899,0.0,-0.5,1000.0,RETURNING_TO_START,load_zone_22,dump_zone_22,0.00025,0.00067
685.0,2026-07-02T13:11:46.156,3,597.5,19.476,23.605,0.1584,1000.0,RETURNING_TO_START,load_zone_26,dump_zone_3,0.000295,0.000791
686.0,2026-07-02T13:11:50.385,1,-170.759,395.661,1.196,-0.5,0.0,LOADING,dump_zone_23,load_zone_22,0.00025,0.00067
686.0,2026-07-02T13:11:50.385,2,-96.269,453.899,0.0,-0.5,1000.0,RETURNING_TO_START,load_zone_22,dump_zone_22,0.00025,0.00067
686.0,2026-07-02T13:11:50.385,3,597.5,25.966,22.835,-0.25,1000.0,RETURNING_TO_START,load_zone_26,dump_zone_3,0.00025,0.00067
687.0,2026-07-02T13:11:53.432,1,-170.847,395.706,0.0,-0.0,0.0,LOADING,dump_zone_23,load_zone_22,0.00025,0.00067
687.0,2026-07-02T13:11:53.432,2,-96.269,453.899,0.0,-0.5,1000.0,RETURNING_TO_START,load_zone_22,dump_zone_22,0.00025,0.00067
687.0,2026-07-02T13:11:53.432,3,597.5,32.344,23.155,-0.0186,1000.0,RETURNING_TO_START,load_zone_26,dump_zone_3,0.000272,0.000729
688.0,2026-07-02T13:11:56.374,1,-171.326,396.019,7.2,0.0,1000.0,TURNING_AROUND,load_zone_22,dump_zone_23,0.000258,0.000691
688.0,2026-07-02T13:11:56.374,2,-96.269,453.899,0.0,-0.5,1000.0,RETURNING_TO_START,load_zone_22,dump_zone_22,0.00025,0.00067
688.0,2026-07-02T13:11:56.374,3,597.5,38.733,23.001,0.1699,1000.0,RETURNING_TO_START,load_zone_26,dump_zone_3,0.000295,0.000791
689.0,2026-07-02T13:11:58.934,1,-172.554,397.571,7.2,0.0,1000.0,TURNING_AROUND,load_zone_22,dump_zone_23,0.000258,0.000691
689.0,2026-07-02T13:11:58.934,2,-96.269,453.899,0.0,-0.5,1000.0,RETURNING_TO_START,load_zone_22,dump_zone_22,0.00025,0.00067
689.0,2026-07-02T13:11:58.934,3,597.5,45.328,24.162,0.0032,1000.0,RETURNING_TO_START,load_zone_26,dump_zone_3,0.000276,0.00074
690.0,2026-07-02T13:21:09.081,1,-172.641,397.211,5.4,0.0,1000.0,TURNING_AROUND,load_zone_22,dump_zone_23,0.000256,0.000686
690.0,2026-07-02T13:21:09.081,2,-96.269,453.899,0.0,-0.5,1000.0,RETURNING_TO_START,load_zone_22,dump_zone_22,0.00025,0.00067
690.0,2026-07-02T13:21:09.081,3,597.5,51.973,23.372,-0.4167,1000.0,RETURNING_TO_START,load_zone_26,dump_zone_3,0.00025,0.00067
691.0,2026-07-02T13:21:11.531,1,-172.29,397.984,7.2,0.0,1000.0,TURNING_AROUND,load_zone_22,dump_zone_23,0.000258,0.000691
691.0,2026-07-02T13:21:11.531,2,-96.269,453.899,0.0,-0.5,1000.0,RETURNING_TO_START,load_zone_22,dump_zone_22,0.00025,0.00067
691.0,2026-07-02T13:21:11.531,3,597.5,58.311,22.772,0.25,1000.0,RETURNING_TO_START,load_zone_26,dump_zone_3,0.000305,0.000817
692.0,2026-07-02T13:22:20.308,1,-171.239,399.316,5.4,0.0,1000.0,TURNING_AROUND,load_zone_22,dump_zone_23,0.000256,0.000686
692.0,2026-07-02T13:22:20.308,2,-96.269,453.899,0.0,-0.5,1000.0,RETURNING_TO_START,load_zone_22,dump_zone_22,0.00025,0.00067
692.0,2026-07-02T13:22:20.308,3,597.5,64.723,23.34,0.3065,1000.0,RETURNING_TO_START,load_zone_26,dump_zone_3,0.000313,0.000839
693.0,2026-07-02T13:22:22.510,1,-172.305,398.754,7.2,0.0,1000.0,TURNING_AROUND,load_zone_22,dump_zone_23,0.000258,0.000691
693.0,2026-07-02T13:22:22.510,2,-96.269,453.899,0.0,-0.5,1000.0,RETURNING_TO_START,load_zone_22,dump_zone_22,0.00025,0.00067
693.0,2026-07-02T13:22:22.510,3,597.5,71.264,23.393,-0.0269,1000.0,RETURNING_TO_START,load_zone_26,dump_zone_3,0.000271,0.000726
694.0,2026-07-02T13:22:26.676,1,-171.724,398.831,1.1,0.75,1000.0,RETURNING_TO_START,load_zone_22,dump_zone_23,0.000256,0.000686
694.0,2026-07-02T13:22:26.676,2,-96.269,453.899,0.0,-0.5,1000.0,RETURNING_TO_START,load_zone_22,dump_zone_22,0.00025,0.00067
694.0,2026-07-02T13:22:26.676,3,597.5,77.809,23.621,-0.0697,1000.0,RETURNING_TO_START,load_zone_26,dump_zone_3,0.000266,0.000713
695.0,2026-07-02T13:22:29.167,1,-170.899,398.808,4.625,1.0,1000.0,RETURNING_TO_START,load_zone_22,dump_zone_23,0.00028,0.00075
695.0,2026-07-02T13:22:29.167,2,-96.269,453.899,0.0,-0.5,1000.0,RETURNING_TO_START,load_zone_22,dump_zone_22,0.00025,0.00067
695.0,2026-07-02T13:22:29.167,3,597.5,84.367,23.49,-0.2737,1000.0,RETURNING_TO_START,load_zone_26,dump_zone_3,0.00025,0.00067
696.0,2026-07-02T13:22:31.843,1,-169.161,399.331,8.225,1.0,1000.0,RETURNING_TO_START,load_zone_22,dump_zone_23,0.000303,0.000812
696.0,2026-07-02T13:22:31.843,2,-96.269,453.899,0.0,-0.5,1000.0,RETURNING_TO_START,load_zone_22,dump_zone_22,0.00025,0.00067
696.0,2026-07-02T13:22:31.843,3,597.5,90.824,23.154,-0.107,1000.0,RETURNING_TO_START,load_zone_26,dump_zone_3,0.000261,0.000699
697.0,2026-07-02T13:22:34.892,1,-166.459,400.081,11.8,0.9167,1000.0,RETURNING_TO_START,load_zone_22,dump_zone_23,0.000321,0.00086
697.0,2026-07-02T13:22:34.892,2,-96.269,453.899,0.0,-0.5,1000.0,RETURNING_TO_START,load_zone_22,dump_zone_22,0.00025,0.00067
697.0,2026-07-02T13:22:34.892,3,597.5,97.118,22.261,-0.0772,1000.0,RETURNING_TO_START,load_zone_26,dump_zone_3,0.000264,0.000708
698.0,2026-07-02T13:22:37.480,1,-162.958,399.515,13.15,-0.0833,1000.0,RETURNING_TO_START,load_zone_22,dump_zone_23,0.000258,0.000691
698.0,2026-07-02T13:22:37.480,2,-96.269,453.899,0.0,-0.5,1000.0,RETURNING_TO_START,load_zone_22,dump_zone_22,0.00025,0.00067
698.0,2026-07-02T13:22:37.480,3,597.5,103.43,23.184,0.0895,1000.0,RETURNING_TO_START,load_zone_26,dump_zone_3,0.000286,0.000766
699.0,2026-07-02T13:25:28.508,1,-159.583,398.868,11.6,-0.5,1000.0,RETURNING_TO_START,load_zone_22,dump_zone_23,0.00025,0.00067
699.0,2026-07-02T13:25:28.508,2,-96.269,453.899,0.0,-0.5,1000.0,RETURNING_TO_START,load_zone_22,dump_zone_22,0.00025,0.00067
699.0,2026-07-02T13:25:28.508,3,597.5,110.004,24.288,0.2857,1000.0,RETURNING_TO_START,load_zone_26,dump_zone_3,0.000313,0.000839
700.0,2026-07-02T14:50:14.579,1,-156.67,399.257,9.8,-0.5,1000.0,RETURNING_TO_START,load_zone_22,dump_zone_23,0.00025,0.00067
700.0,2026-07-02T14:50:14.579,2,-96.269,453.899,0.0,-0.5,1000.0,RETURNING_TO_START,load_zone_22,dump_zone_22,0.00025,0.00067
700.0,2026-07-02T14:50:14.579,3,597.5,116.699,23.509,-0.4167,1000.0,RETURNING_TO_START,load_zone_26,dump_zone_3,0.00025,0.00067
701.0,2026-07-02T14:50:18.662,1,-154.358,400.199,8.7,0.0833,1000.0,RETURNING_TO_START,load_zone_22,dump_zone_23,0.000263,0.000705
701.0,2026-07-02T14:50:18.662,2,-96.269,453.899,0.0,-0.5,1000.0,RETURNING_TO_START,load_zone_22,dump_zone_22,0.00025,0.00067
701.0,2026-07-02T14:50:18.662,3,597.5,123.21,23.826,0.2961,1000.0,RETURNING_TO_START,load_zone_26,dump_zone_3,0.000313,0.000839
702.0,2026-07-02T14:50:22.062,1,-152.073,401.58,10.925,1.0,1000.0,RETURNING_TO_START,load_zone_22,dump_zone_23,0.00032,0.000858
702.0,2026-07-02T14:50:22.062,2,-96.269,453.899,0.0,-0.5,1000.0,RETURNING_TO_START,load_zone_22,dump_zone_22,0.00025,0.00067
702.0,2026-07-02T14:50:22.062,3,597.5,129.854,23.939,0.0232,1000.0,RETURNING_TO_START,load_zone_26,dump_zone_3,0.000278,0.000745
703.0,2026-07-02T14:50:24.861,1,-149.246,403.723,14.325,0.9167,1000.0,RETURNING_TO_START,load_zone_22,dump_zone_23,0.000336,0.0009
703.0,2026-07-02T14:50:24.861,2,-96.269,453.899,0.0,-0.5,1000.0,RETURNING_TO_START,load_zone_22,dump_zone_22,0.00025,0.00067
703.0,2026-07-02T14:50:24.861,3,597.5,136.422,23.09,-0.3791,1000.0,RETURNING_TO_START,load_zone_26,dump_zone_3,0.00025,0.00067
704.0,2026-07-02T14:50:27.250,1,-145.82,406.672,17.925,1.0,1000.0,RETURNING_TO_START,load_zone_22,dump_zone_23,0.000366,0.000981
704.0,2026-07-02T14:50:27.250,2,-96.269,453.899,0.0,-0.5,1000.0,RETURNING_TO_START,load_zone_22,dump_zone_22,0.00025,0.00067
704.0,2026-07-02T14:50:27.250,3,597.5,142.69,22.175,-0.0457,1000.0,RETURNING_TO_START,load_zone_26,dump_zone_3,0.000268,0.000718
705.0,2026-07-02T14:50:30.110,1,-141.777,410.424,21.39,0.7749,1000.0,RETURNING_TO_START,load_zone_22,dump_zone_23,0.000362,0.00097
705.0,2026-07-02T14:50:30.110,2,-96.269,453.899,0.0,-0.5,1000.0,RETURNING_TO_START,load_zone_22,dump_zone_22,0.00025,0.00067
705.0,2026-07-02T14:50:30.110,3,597.5,149.02,23.602,0.4216,1000.0,RETURNING_TO_START,load_zone_26,dump_zone_3,0.000329,0.000882
706.0,2026-07-02T14:50:33.852,1,-137.341,414.726,22.679,0.1082,1000.0,RETURNING_TO_START,load_zone_22,dump_zone_23,0.000287,0.000769
706.0,2026-07-02T14:50:33.852,2,-96.269,453.899,0.0,-0.5,1000.0,RETURNING_TO_START,load_zone_22,dump_zone_22,0.00025,0.00067
706.0,2026-07-02T14:50:33.852,3,597.5,155.594,23.193,-0.5,1000.0,RETURNING_TO_START,load_zone_26,dump_zone_3,0.00025,0.00067
707.0,2026-07-02T14:50:36.455,1,-132.923,419.151,22.269,-0.0585,1000.0,RETURNING_TO_START,load_zone_22,dump_zone_23,0.000267,0.000716
707.0,2026-07-02T14:50:36.455,2,-96.269,453.899,0.0,-0.5,1000.0,RETURNING_TO_START,load_zone_22,dump_zone_22,0.00025,0.00067
707.0,2026-07-02T14:50:36.455,3,597.5,161.766,21.393,-0.5,1000.0,RETURNING_TO_START,load_zone_26,dump_zone_3,0.00025,0.00067
708.0,2026-07-02T14:50:39.394,1,-128.549,423.629,22.859,0.1082,1000.0,RETURNING_TO_START,load_zone_22,dump_zone_23,0.000287,0.000769
708.0,2026-07-02T14:50:39.394,2,-96.269,453.899,0.0,-0.5,1000.0,RETURNING_TO_START,load_zone_22,dump_zone_22,0.00025,0.00067
708.0,2026-07-02T14:50:39.394,3,597.5,167.438,19.593,-0.5,1000.0,RETURNING_TO_START,load_zone_26,dump_zone_3,0.00025,0.00067
709.0,2026-07-02T14:50:41.477,1,-124.238,428.106,21.636,-0.5,1000.0,RETURNING_TO_START,load_zone_22,dump_zone_23,0.00025,0.00067
709.0,2026-07-02T14:50:41.477,2,-96.269,453.899,0.0,-0.5,1000.0,RETURNING_TO_START,load_zone_22,dump_zone_22,0.00025,0.00067
709.0,2026-07-02T14:50:41.477,3,597.5,172.609,17.793,-0.5,1000.0,RETURNING_TO_START,load_zone_26,dump_zone_3,0.00025,0.00067
710.0,2026-07-02T14:50:44.012,1,-120.28,432.261,19.836,-0.5,1000.0,RETURNING_TO_START,load_zone_22,dump_zone_23,0.00025,0.00067
710.0,2026-07-02T14:50:44.012,2,-96.269,453.899,0.0,-0.5,1000.0,RETURNING_TO_START,load_zone_22,dump_zone_22,0.00025,0.00067
710.0,2026-07-02T14:50:44.012,3,597.5,177.281,15.993,-0.5,1000.0,RETURNING_TO_START,load_zone_26,dump_zone_3,0.00025,0.00067
711.0,2026-07-02T14:50:46.156,1,-116.679,436.067,18.036,-0.5,1000.0,RETURNING_TO_START,load_zone_22,dump_zone_23,0.00025,0.00067
711.0,2026-07-02T14:50:46.156,2,-96.269,453.899,0.0,-0.5,1000.0,RETURNING_TO_START,load_zone_22,dump_zone_22,0.00025,0.00067
711.0,2026-07-02T14:50:46.156,3,597.5,181.453,14.193,-0.5,1000.0,RETURNING_TO_START,load_zone_26,dump_zone_3,0.00025,0.00067
712.0,2026-07-02T14:50:48.336,1,-113.429,439.516,16.236,-0.5,1000.0,RETURNING_TO_START,load_zone_22,dump_zone_23,0.00025,0.00067
712.0,2026-07-02T14:50:48.336,2,-96.269,453.899,0.0,-0.5,1000.0,RETURNING_TO_START,load_zone_22,dump_zone_22,0.00025,0.00067
712.0,2026-07-02T14:50:48.336,3,597.497,185.124,12.393,-0.5,1000.0,RETURNING_TO_START,load_zone_26,dump_zone_3,0.00025,0.00067
713.0,2026-07-02T14:50:50.450,1,-110.523,442.603,14.436,-0.5,1000.0,RETURNING_TO_START,load_zone_22,dump_zone_23,0.00025,0.00067
713.0,2026-07-02T14:50:50.450,2,-96.269,453.899,0.0,-0.5,1000.0,RETURNING_TO_START,load_zone_22,dump_zone_22,0.00025,0.00067
713.0,2026-07-02T14:50:50.450,3,597.074,188.246,10.593,-0.5,1000.0,RETURNING_TO_START,load_zone_26,dump_zone_3,0.00025,0.00067
714.0,2026-07-02T14:50:53.289,1,-107.957,445.323,12.636,-0.5,1000.0,RETURNING_TO_START,load_zone_22,dump_zone_23,0.00025,0.00067
714.0,2026-07-02T14:50:53.289,2,-96.269,453.899,0.0,-0.5,1000.0,RETURNING_TO_START,load_zone_22,dump_zone_22,0.00025,0.00067
714.0,2026-07-02T14:50:53.289,3,596.055,190.714,8.793,-0.5,1000.0,RETURNING_TO_START,load_zone_26,dump_zone_3,0.00025,0.00067
715.0,2026-07-02T14:50:55.862,1,-105.711,447.664,10.888,-0.5,1000.0,RETURNING_TO_START,load_zone_22,dump_zone_23,0.00025,0.00067
715.0,2026-07-02T14:50:55.862,2,-96.269,453.899,0.0,-0.5,1000.0,RETURNING_TO_START,load_zone_22,dump_zone_22,0.00025,0.00067
715.0,2026-07-02T14:50:55.862,3,595.619,192.838,6.993,-0.5,1000.0,RETURNING_TO_START,load_zone_26,dump_zone_3,0.00025,0.00067
716.0,2026-07-02T14:50:59.723,1,-103.646,449.501,9.463,-0.0833,1000.0,RETURNING_TO_START,load_zone_22,dump_zone_23,0.000256,0.000686
716.0,2026-07-02T14:50:59.723,2,-96.269,453.899,0.0,-0.5,1000.0,RETURNING_TO_START,load_zone_22,dump_zone_22,0.00025,0.00067
716.0,2026-07-02T14:50:59.723,3,595.51,194.525,5.293,-0.5,1000.0,RETURNING_TO_START,load_zone_26,dump_zone_3,0.00025,0.00067
717.0,2026-07-02T14:51:04.101,1,-101.061,450.191,9.713,-0.25,1000.0,RETURNING_TO_START,load_zone_22,dump_zone_23,0.00025,0.00067
717.0,2026-07-02T14:51:04.101,2,-96.269,453.899,0.0,-0.5,1000.0,RETURNING_TO_START,load_zone_22,dump_zone_22,0.00025,0.00067
717.0,2026-07-02T14:51:04.101,3,595.622,195.735,3.868,-0.0833,1000.0,RETURNING_TO_START,load_zone_26,dump_zone_3,0.000252,0.000675
718.0,2026-07-02T14:51:07.969,1,-98.615,450.211,7.988,-0.5,1000.0,RETURNING_TO_START,load_zone_22,dump_zone_23,0.00025,0.00067
718.0,2026-07-02T14:51:07.969,2,-96.269,453.899,0.0,-0.4167,1000.0,RETURNING_TO_START,load_zone_22,dump_zone_22,0.00025,0.00067
718.0,2026-07-02T14:51:07.969,3,596.007,196.912,5.518,0.9167,1000.0,RETURNING_TO_START,load_zone_26,dump_zone_3,0.000283,0.000758
719.0,2026-07-02T14:51:11.727,1,-96.701,450.547,6.188,-0.5,1000.0,RETURNING_TO_START,load_zone_22,dump_zone_23,0.00025,0.00067
719.0,2026-07-02T14:51:11.727,2,-96.236,453.935,0.7,0.5833,1000.0,RETURNING_TO_START,load_zone_22,dump_zone_22,0.000253,0.000678
719.0,2026-07-02T14:51:11.727,3,596.914,198.753,8.941,0.8588,1000.0,RETURNING_TO_START,load_zone_26,dump_zone_3,0.000301,0.000807
720.0,2026-07-02T14:51:15.794,1,-95.385,451.138,4.388,-0.5,1000.0,RETURNING_TO_START,load_zone_22,dump_zone_23,0.00025,0.00067
720.0,2026-07-02T14:51:15.794,2,-95.829,454.469,4.05,1.0,1000.0,RETURNING_TO_START,load_zone_22,dump_zone_22,0.000276,0.00074
720.0,2026-07-02T14:51:15.794,3,598.699,200.905,11.183,0.5255,1000.0,RETURNING_TO_START,load_zone_26,dump_zone_3,0.000293,0.000785
721.0,2026-07-02T14:51:18.704,1,-94.664,451.751,2.588,-0.5,1000.0,RETURNING_TO_START,load_zone_22,dump_zone_23,0.00025,0.00067
721.0,2026-07-02T14:51:18.704,2,-95.262,456.023,7.65,1.0,1000.0,RETURNING_TO_START,load_zone_22,dump_zone_22,0.000299,0.000801
721.0,2026-07-02T14:51:18.704,3,601.772,201.507,11.371,-0.406,1000.0,RETURNING_TO_START,load_zone_26,dump_zone_3,0.00025,0.00067
722.0,2026-07-02T14:51:21.214,1,-94.321,452.172,1.913,0.25,1000.0,RETURNING_TO_START,load_zone_22,dump_zone_23,0.000255,0.000683
722.0,2026-07-02T14:51:21.214,2,-95.787,458.586,11.25,1.0,1000.0,RETURNING_TO_START,load_zone_22,dump_zone_22,0.000323,0.000866
722.0,2026-07-02T14:51:21.214,3,604.309,200.173,9.574,-0.5,1000.0,RETURNING_TO_START,load_zone_26,dump_zone_3,0.00025,0.00067
723.0,2026-07-02T14:51:23.267,1,-93.902,452.935,4.613,1.0,1000.0,RETURNING_TO_START,load_zone_22,dump_zone_23,0.00028,0.00075
723.0,2026-07-02T14:51:23.267,2,-98.773,460.483,14.85,1.0,1000.0,RETURNING_TO_START,load_zone_22,dump_zone_22,0.000346,0.000927
723.0,2026-07-02T14:51:23.267,3,606.64,199.337,8.899,0.25,1000.0,RETURNING_TO_START,load_zone_26,dump_zone_3,0.000271,0.000726
724.0,2026-07-02T14:51:25.382,1,-93.622,454.719,8.213,1.0,1000.0,RETURNING_TO_START,load_zone_22,dump_zone_23,0.000303,0.000812
724.0,2026-07-02T14:51:25.382,2,-102.666,458.426,18.45,1.0,1000.0,RETURNING_TO_START,load_zone_22,dump_zone_22,0.000369,0.000989
724.0,2026-07-02T14:51:25.382,3,609.234,198.931,9.934,0.4803,1000.0,RETURNING_TO_START,load_zone_26,dump_zone_3,0.000286,0.000766
725.0,2026-07-02T14:51:27.352,1,-94.778,457.234,11.813,1.0,1000.0,RETURNING_TO_START,load_zone_22,dump_zone_23,0.000326,0.000874
725.0,2026-07-02T14:51:27.352,2,-105.301,453.418,22.05,1.0,1000.0,RETURNING_TO_START,load_zone_22,dump_zone_22,0.000392,0.001051
725.0,2026-07-02T14:51:27.352,3,612.42,198.79,12.999,0.9167,1000.0,RETURNING_TO_START,load_zone_26,dump_zone_3,0.000328,0.000879
726.0,2026-07-02T14:51:30.382,1,-97.505,459.91,15.413,1.0,1000.0,RETURNING_TO_START,load_zone_22,dump_zone_23,0.000349,0.000935
726.0,2026-07-02T14:51:30.382,2,-109.736,448.538,25.5,0.75,1000.0,RETURNING_TO_START,load_zone_22,dump_zone_22,0.00038,0.001018
726.0,2026-07-02T14:51:30.382,3,616.517,198.917,16.148,0.6659,1000.0,RETURNING_TO_START,load_zone_26,dump_zone_3,0.000325,0.000871
727.0,2026-07-02T14:51:33.578,1,-100.675,463.533,19.013,1.0,1000.0,RETURNING_TO_START,load_zone_22,dump_zone_23,0.000373,0.001
727.0,2026-07-02T14:51:33.578,2,-116.808,447.355,26.25,-0.25,1000.0,RETURNING_TO_START,load_zone_22,dump_zone_22,0.00025,0.00067
727.0,2026-07-02T14:51:33.578,3,621.367,199.339,18.495,0.3325,1000.0,RETURNING_TO_START,load_zone_26,dump_zone_3,0.000303,0.000812
728.0,2026-07-02T14:51:36.602,1,-102.361,469.052,22.588,0.9167,1000.0,RETURNING_TO_START,load_zone_22,dump_zone_23,0.000385,0.001032
728.0,2026-07-02T14:51:36.602,2,-123.847,447.518,24.525,-0.5,1000.0,RETURNING_TO_START,load_zone_22,dump_zone_22,0.00025,0.00067
728.0,2026-07-02T14:51:36.602,3,626.438,199.966,17.818,-0.5,1000.0,RETURNING_TO_START,load_zone_26,dump_zone_3,0.00025,0.00067
729.0,2026-07-02T14:51:38.852,1,-102.532,475.608,23.938,-0.0833,1000.0,RETURNING_TO_START,load_zone_22,dump_zone_23,0.000265,0.00071
729.0,2026-07-02T14:51:38.852,2,-130.389,447.506,22.725,-0.5,1000.0,RETURNING_TO_START,load_zone_22,dump_zone_22,0.00025,0.00067
729.0,2026-07-02T14:51:38.852,3,631.072,200.611,16.018,-0.5,1000.0,RETURNING_TO_START,load_zone_26,dump_zone_3,0.00025,0.00067
730.0,2026-07-02T14:51:41.366,1,-102.5,482.059,22.488,-0.5,1000.0,RETURNING_TO_START,load_zone_22,dump_zone_23,0.00025,0.00067
730.0,2026-07-02T14:51:41.366,2,-136.43,447.5,20.925,-0.5,1000.0,RETURNING_TO_START,load_zone_22,dump_zone_22,0.00025,0.00067
730.0,2026-07-02T14:51:41.366,3,635.209,201.192,14.218,-0.5,1000.0,RETURNING_TO_START,load_zone_26,dump_zone_3,0.00025,0.00067
731.0,2026-07-02T14:51:43.246,1,-102.499,488.035,20.688,-0.5,1000.0,RETURNING_TO_START,load_zone_22,dump_zone_23,0.00025,0.00067
731.0,2026-07-02T14:51:43.246,2,-141.972,447.5,19.125,-0.5,1000.0,RETURNING_TO_START,load_zone_22,dump_zone_22,0.00025,0.00067
731.0,2026-07-02T14:51:43.246,3,638.857,201.667,12.418,-0.5,1000.0,RETURNING_TO_START,load_zone_26,dump_zone_3,0.00025,0.00067
732.0,2026-07-02T14:51:45.530,1,-102.5,493.511,18.888,-0.5,1000.0,RETURNING_TO_START,load_zone_22,dump_zone_23,0.00025,0.00067
732.0,2026-07-02T14:51:45.530,2,-147.014,447.5,17.325,-0.5,1000.0,RETURNING_TO_START,load_zone_22,dump_zone_22,0.00025,0.00067
732.0,2026-07-02T14:51:45.530,3,642.034,202.024,10.718,-0.5,1000.0,RETURNING_TO_START,load_zone_26,dump_zone_3,0.00025,0.00067
733.0,2026-07-02T14:51:47.620,1,-102.5,498.505,17.188,-0.5,1000.0,RETURNING_TO_START,load_zone_22,dump_zone_23,0.00025,0.00067
733.0,2026-07-02T14:51:47.620,2,-151.555,447.5,15.525,-0.5,1000.0,RETURNING_TO_START,load_zone_22,dump_zone_22,0.00025,0.00067
733.0,2026-07-02T14:51:47.620,3,644.73,202.263,8.918,-0.5,1000.0,RETURNING_TO_START,load_zone_26,dump_zone_3,0.00025,0.00067
734.0,2026-07-02T14:51:49.504,1,-102.5,503.009,15.388,-0.5,1000.0,RETURNING_TO_START,load_zone_22,dump_zone_23,0.00025,0.00067
734.0,2026-07-02T14:51:49.504,2,-155.597,447.5,13.725,-0.5,1000.0,RETURNING_TO_START,load_zone_22,dump_zone_22,0.00025,0.00067
734.0,2026-07-02T14:51:49.504,3,646.935,202.402,7.146,-0.5,1000.0,RETURNING_TO_START,load_zone_26,dump_zone_3,0.00025,0.00067
735.0,2026-07-02T14:51:51.933,1,-102.5,507.013,13.588,-0.5,1000.0,RETURNING_TO_START,load_zone_22,dump_zone_23,0.00025,0.00067
735.0,2026-07-02T14:51:51.933,2,-159.047,446.863,11.925,-0.5,1000.0,RETURNING_TO_START,load_zone_22,dump_zone_22,0.00025,0.00067
735.0,2026-07-02T14:51:51.933,3,648.689,202.405,5.566,-0.4167,1000.0,RETURNING_TO_START,load_zone_26,dump_zone_3,0.00025,0.00067
736.0,2026-07-02T14:51:53.995,1,-102.5,510.516,11.788,-0.5,1000.0,RETURNING_TO_START,load_zone_22,dump_zone_23,0.00025,0.00067
736.0,2026-07-02T14:51:53.995,2,-161.9,445.821,10.125,-0.5,1000.0,RETURNING_TO_START,load_zone_22,dump_zone_22,0.00025,0.00067
736.0,2026-07-02T14:51:53.995,3,650.162,202.02,6.016,0.5833,1000.0,RETURNING_TO_START,load_zone_26,dump_zone_3,0.000275,0.000737
737.0,2026-07-02T14:51:56.290,1,-102.5,513.52,9.988,-0.5,1000.0,RETURNING_TO_START,load_zone_22,dump_zone_23,0.00025,0.00067
737.0,2026-07-02T14:51:56.290,2,-164.419,445.516,8.325,-0.5,1000.0,RETURNING_TO_START,load_zone_22,dump_zone_22,0.00025,0.00067
737.0,2026-07-02T14:51:56.290,3,651.751,200.632,9.104,0.6754,1000.0,RETURNING_TO_START,load_zone_26,dump_zone_3,0.000293,0.000785
738.0,2026-07-02T14:51:58.764,1,-102.5,516.028,8.288,-0.4167,1000.0,RETURNING_TO_START,load_zone_22,dump_zone_23,0.00025,0.00067
738.0,2026-07-02T14:51:58.764,2,-166.461,445.482,6.525,-0.5,1000.0,RETURNING_TO_START,load_zone_22,dump_zone_22,0.00025,0.00067
738.0,2026-07-02T14:51:58.764,3,652.562,198.091,9.886,0.1754,1000.0,RETURNING_TO_START,load_zone_26,dump_zone_3,0.00027,0.000724
739.0,2026-07-02T14:52:01.233,1,-102.5,518.073,6.557,-0.5,1000.0,RETURNING_TO_START,load_zone_22,dump_zone_23,0.00025,0.00067
739.0,2026-07-02T14:52:01.233,2,-168.02,445.521,4.825,-0.5,1000.0,RETURNING_TO_START,load_zone_22,dump_zone_22,0.00025,0.00067
739.0,2026-07-02T14:52:01.233,3,652.615,195.044,12.384,1.0,1000.0,RETURNING_TO_START,load_zone_26,dump_zone_3,0.00033,0.000884
740.0,2026-07-02T14:52:03.908,1,-102.407,519.619,4.757,-0.5,1000.0,RETURNING_TO_START,load_zone_22,dump_zone_23,0.00025,0.00067
740.0,2026-07-02T14:52:03.908,2,-169.16,445.727,3.809,-0.1695,1000.0,RETURNING_TO_START,load_zone_22,dump_zone_22,0.000251,0.000673
740.0,2026-07-02T14:52:03.908,3,652.524,191.229,14.334,0.0833,1000.0,RETURNING_TO_START,load_zone_26,dump_zone_3,0.000272,0.000729
741.0,2026-07-02T14:52:05.945,1,-102.208,520.648,2.957,-0.5,1000.0,UNLOADING,load_zone_22,dump_zone_23,0.00025,0.00067
741.0,2026-07-02T14:52:05.945,2,-170.08,446.087,2.977,-0.5,1000.0,UNLOADING,load_zone_22,dump_zone_22,0.00025,0.00067
741.0,2026-07-02T14:52:05.945,3,652.498,187.393,13.059,-0.5,1000.0,RETURNING_TO_START,load_zone_26,dump_zone_3,0.00025,0.00067
742.0,2026-07-02T14:52:08.108,1,-102.001,521.157,1.157,-0.5,1000.0,UNLOADING,load_zone_22,dump_zone_23,0.00025,0.00067
742.0,2026-07-02T14:52:08.108,2,-170.561,446.366,1.177,-0.5,1000.0,UNLOADING,load_zone_22,dump_zone_22,0.00025,0.00067
742.0,2026-07-02T14:52:08.108,3,652.498,184.036,11.259,-0.5,1000.0,RETURNING_TO_START,load_zone_26,dump_zone_3,0.00025,0.00067
743.0,2026-07-02T14:52:09.944,1,-101.961,521.238,0.0,-0.5,1000.0,UNLOADING,load_zone_22,dump_zone_23,0.00025,0.00067
743.0,2026-07-02T14:52:09.944,2,-170.639,446.42,0.0,-0.0,1000.0,UNLOADING,load_zone_22,dump_zone_22,0.00025,0.00067
743.0,2026-07-02T14:52:09.944,3,652.5,181.179,9.459,-0.5,1000.0,RETURNING_TO_START,load_zone_26,dump_zone_3,0.00025,0.00067
744.0,2026-07-02T14:52:11.469,1,-101.698,521.663,7.2,0.0,0.0,TURNING_AROUND,dump_zone_23,load_zone_23,0.000255,0.000683
744.0,2026-07-02T14:52:11.469,2,-171.076,446.789,7.2,0.0,0.0,TURNING_AROUND,dump_zone_22,load_zone_23,0.000255,0.000683
744.0,2026-07-02T14:52:11.469,3,652.328,178.837,7.659,-0.5,1000.0,RETURNING_TO_START,load_zone_26,dump_zone_3,0.00025,0.00067
745.0,2026-07-02T14:52:11.958,1,-100.19,522.944,7.2,0.0,0.0,TURNING_AROUND,dump_zone_23,load_zone_23,0.000255,0.000683
745.0,2026-07-02T14:52:11.958,2,-172.103,448.481,7.2,0.0,0.0,TURNING_AROUND,dump_zone_22,load_zone_23,0.000255,0.000683
745.0,2026-07-02T14:52:11.958,3,652.139,177.003,5.859,-0.5,1000.0,RETURNING_TO_START,load_zone_26,dump_zone_3,0.00025,0.00067
746.0,2026-07-02T14:52:12.504,1,-100.552,523.019,5.4,0.0,0.0,TURNING_AROUND,dump_zone_23,load_zone_23,0.000253,0.000678
746.0,2026-07-02T14:52:12.504,2,-172.234,448.134,5.4,0.0,0.0,TURNING_AROUND,dump_zone_22,load_zone_23,0.000253,0.000678
746.0,2026-07-02T14:52:12.504,3,652.517,175.707,4.059,-0.5,1000.0,RETURNING_TO_START,load_zone_26,dump_zone_3,0.00025,0.00067
747.0,2026-07-02T14:52:12.815,1,-99.767,522.695,7.2,0.0,0.0,TURNING_AROUND,dump_zone_23,load_zone_23,0.000255,0.000683
747.0,2026-07-02T14:52:12.815,2,-171.79,448.858,7.2,0.0,0.0,TURNING_AROUND,dump_zone_22,load_zone_23,0.000255,0.000683
747.0,2026-07-02T14:52:12.815,3,652.968,174.98,2.259,-0.5,1000.0,UNLOADING,load_zone_26,dump_zone_3,0.00025,0.00067
748.0,2026-07-02T14:52:13.166,1,-98.4,521.691,5.4,0.0,0.0,TURNING_AROUND,dump_zone_23,load_zone_23,0.000253,0.000678
748.0,2026-07-02T14:52:13.166,2,-170.583,450.05,5.4,0.0,0.0,TURNING_AROUND,dump_zone_22,load_zone_23,0.000253,0.000678
748.0,2026-07-02T14:52:13.166,3,653.199,174.708,0.459,-0.5,1000.0,UNLOADING,load_zone_26,dump_zone_3,0.00025,0.00067
749.0,2026-07-02T14:52:13.900,1,-98.999,522.737,7.2,0.0,0.0,TURNING_AROUND,dump_zone_23,load_zone_23,0.000255,0.000683
749.0,2026-07-02T14:52:13.900,2,-171.626,449.649,0.125,0.25,0.0,GOING_TO_ENDPOINT,dump_zone_22,load_zone_23,0.00025,0.00067
749.0,2026-07-02T14:52:13.900,3,653.206,174.7,0.0,-0.5,1000.0,UNLOADING,load_zone_26,dump_zone_3,0.00025,0.00067
750.0,2026-07-02T14:52:15.728,1,-98.957,522.564,0.25,0.3333,0.0,GOING_TO_ENDPOINT,dump_zone_23,load_zone_23,0.00025,0.00067
750.0,2026-07-02T14:52:15.728,2,-171.251,449.652,2.825,1.0,0.0,GOING_TO_ENDPOINT,dump_zone_22,load_zone_23,0.000261,0.000699
750.0,2026-07-02T14:52:15.728,3,654.126,173.988,7.2,0.0,0.0,TURNING_AROUND,dump_zone_3,load_zone_26,0.000255,0.000683
751.0,2026-07-02T14:52:17.236,1,-98.954,522.115,3.15,1.0,0.0,GOING_TO_ENDPOINT,dump_zone_23,load_zone_23,0.000262,0.000702
751.0,2026-07-02T14:52:17.236,2,-169.936,449.805,6.425,1.0,0.0,GOING_TO_ENDPOINT,dump_zone_22,load_zone_23,0.000275,0.000737
751.0,2026-07-02T14:52:17.236,3,656.037,173.474,7.2,0.0,0.0,TURNING_AROUND,dump_zone_3,load_zone_26,0.000255,0.000683
752.0,2026-07-02T14:52:18.731,1,-98.851,520.703,6.75,1.0,0.0,GOING_TO_ENDPOINT,dump_zone_23,load_zone_23,0.000276,0.00074
752.0,2026-07-02T14:52:18.731,2,-167.702,450.45,10.025,1.0,0.0,GOING_TO_ENDPOINT,dump_zone_22,load_zone_23,0.000289,0.000775
752.0,2026-07-02T14:52:18.731,3,654.567,173.222,5.4,0.0,0.0,TURNING_AROUND,dump_zone_3,load_zone_26,0.000253,0.000678
753.0,2026-07-02T14:52:20.643,1,-98.509,518.311,10.35,1.0,0.0,GOING_TO_ENDPOINT,dump_zone_23,load_zone_23,0.00029,0.000777
753.0,2026-07-02T14:52:20.643,2,-164.476,451.262,13.625,1.0,0.0,GOING_TO_ENDPOINT,dump_zone_22,load_zone_23,0.000303,0.000812
753.0,2026-07-02T14:52:20.643,3,656.187,174.36,7.2,0.0,0.0,TURNING_AROUND,dump_zone_3,load_zone_26,0.000255,0.000683
754.0,2026-07-02T14:52:21.875,1,-98.098,514.919,13.95,1.0,0.0,GOING_TO_ENDPOINT,dump_zone_23,load_zone_23,0.000304,0.000815
754.0,2026-07-02T14:52:21.875,2,-160.207,451.957,17.225,1.0,0.0,GOING_TO_ENDPOINT,dump_zone_22,load_zone_23,0.000317,0.00085
754.0,2026-07-02T14:52:21.875,3,656.596,174.756,5.4,0.0,0.0,TURNING_AROUND,dump_zone_3,load_zone_26,0.000253,0.000678
755.0,2026-07-02T14:52:23.041,1,-97.693,510.521,17.55,1.0,0.0,GOING_TO_ENDPOINT,dump_zone_23,load_zone_23,0.000318,0.000852
755.0,2026-07-02T14:52:23.041,2,-154.904,452.437,20.825,1.0,0.0,GOING_TO_ENDPOINT,dump_zone_22,load_zone_23,0.000331,0.000887
755.0,2026-07-02T14:52:23.041,3,656.565,174.646,0.25,0.3333,0.0,GOING_TO_ENDPOINT,dump_zone_3,load_zone_26,0.00025,0.00067
756.0,2026-07-02T14:52:24.141,1,-97.497,505.109,21.15,1.0,0.0,GOING_TO_ENDPOINT,dump_zone_23,load_zone_23,0.000332,0.00089
756.0,2026-07-02T14:52:24.141,2,-148.579,452.523,24.425,1.0,0.0,GOING_TO_ENDPOINT,dump_zone_22,load_zone_23,0.000344,0.000922
756.0,2026-07-02T14:52:24.141,3,656.537,175.094,3.15,1.0,0.0,GOING_TO_ENDPOINT,dump_zone_3,load_zone_26,0.000262,0.000702
757.0,2026-07-02T14:52:26.064,1,-97.492,498.692,24.75,1.0,0.0,GOING_TO_ENDPOINT,dump_zone_23,load_zone_23,0.000346,0.000927
757.0,2026-07-02T14:52:26.064,2,-141.273,452.5,27.65,0.5833,0.0,GOING_TO_ENDPOINT,dump_zone_22,load_zone_23,0.00032,0.000858
757.0,2026-07-02T14:52:26.064,3,656.116,176.439,6.75,1.0,0.0,GOING_TO_ENDPOINT,dump_zone_3,load_zone_26,0.000276,0.00074
758.0,2026-07-02T14:52:27.685,1,-97.501,491.419,26.971,0.2726,0.0,GOING_TO_ENDPOINT,dump_zone_23,load_zone_23,0.000291,0.00078
758.0,2026-07-02T14:52:27.685,2,-133.487,452.499,27.8,-0.4167,0.0,GOING_TO_ENDPOINT,dump_zone_22,load_zone_23,0.00025,0.00067
758.0,2026-07-02T14:52:27.685,3,654.652,178.348,10.35,1.0,0.0,GOING_TO_ENDPOINT,dump_zone_3,load_zone_26,0.00029,0.000777
759.0,2026-07-02T14:52:29.351,1,-97.5,483.886,27.102,-0.0331,0.0,GOING_TO_ENDPOINT,dump_zone_23,load_zone_23,0.000264,0.000708
759.0,2026-07-02T14:52:29.351,2,-126.036,452.499,26.0,-0.5,0.0,GOING_TO_ENDPOINT,dump_zone_22,load_zone_23,0.00025,0.00067
759.0,2026-07-02T14:52:29.351,3,651.899,180.365,13.95,1.0,0.0,GOING_TO_ENDPOINT,dump_zone_3,load_zone_26,0.000304,0.000815
760.0,2026-07-02T14:52:31.565,1,-97.5,476.447,26.611,-0.0593,0.0,GOING_TO_ENDPOINT,dump_zone_23,load_zone_23,0.000262,0.000702
760.0,2026-07-02T14:52:31.565,2,-119.084,452.501,24.2,-0.5,0.0,GOING_TO_ENDPOINT,dump_zone_22,load_zone_23,0.00025,0.00067
760.0,2026-07-02T14:52:31.565,3,648.756,183.403,17.175,0.5833,0.0,GOING_TO_ENDPOINT,dump_zone_3,load_zone_26,0.000293,0.000785
761.0,2026-07-02T14:52:34.122,1,-97.5,468.967,27.1,-0.0285,0.0,GOING_TO_ENDPOINT,dump_zone_23,load_zone_23,0.000265,0.00071
761.0,2026-07-02T14:52:34.122,2,-112.633,452.509,22.4,-0.5,0.0,GOING_TO_ENDPOINT,dump_zone_22,load_zone_23,0.00025,0.00067
761.0,2026-07-02T14:52:34.122,3,647.449,188.032,17.325,-0.4167,0.0,GOING_TO_ENDPOINT,dump_zone_3,load_zone_26,0.00025,0.00067
762.0,2026-07-02T14:52:37.244,1,-97.5,461.346,28.048,0.3048,0.0,GOING_TO_ENDPOINT,dump_zone_23,load_zone_23,0.000295,0.000791
762.0,2026-07-02T14:52:37.244,2,-106.767,453.294,20.6,-0.5,0.0,GOING_TO_ENDPOINT,dump_zone_22,load_zone_23,0.00025,0.00067
762.0,2026-07-02T14:52:37.244,3,647.477,192.573,15.525,-0.5,0.0,GOING_TO_ENDPOINT,dump_zone_3,load_zone_26,0.00025,0.00067
763.0,2026-07-02T14:52:41.506,1,-97.54,453.557,28.002,0.17,0.0,GOING_TO_ENDPOINT,dump_zone_23,load_zone_23,0.000283,0.000758
763.0,2026-07-02T14:52:41.506,2,-101.469,454.367,18.8,-0.5,0.0,GOING_TO_ENDPOINT,dump_zone_22,load_zone_23,0.00025,0.00067
763.0,2026-07-02T14:52:41.506,3,647.499,196.615,13.725,-0.5,0.0,GOING_TO_ENDPOINT,dump_zone_3,load_zone_26,0.00025,0.00067
764.0,2026-07-02T14:52:45.118,1,-100.005,446.517,27.337,-0.5,0.0,GOING_TO_ENDPOINT,dump_zone_23,load_zone_23,0.00025,0.00067
764.0,2026-07-02T14:52:45.118,2,-97.216,452.068,17.0,-0.5,0.0,GOING_TO_ENDPOINT,dump_zone_22,load_zone_23,0.00025,0.00067
764.0,2026-07-02T14:52:45.118,3,646.632,200.009,12.625,0.0833,0.0,GOING_TO_ENDPOINT,dump_zone_3,load_zone_26,0.000261,0.000699
765.0,2026-07-02T14:52:48.068,1,-98.887,439.852,26.237,0.0833,0.0,GOING_TO_ENDPOINT,dump_zone_23,load_zone_23,0.000274,0.000734
765.0,2026-07-02T14:52:48.068,2,-96.89,447.843,15.2,-0.5,0.0,GOING_TO_ENDPOINT,dump_zone_22,load_zone_23,0.00025,0.00067
765.0,2026-07-02T14:52:48.068,3,643.333,201.509,14.85,1.0,0.0,GOING_TO_ENDPOINT,dump_zone_3,load_zone_26,0.000307,0.000823
766.0,2026-07-02T14:52:51.395,1,-96.813,432.745,27.716,0.6527,0.0,GOING_TO_ENDPOINT,dump_zone_23,load_zone_23,0.000326,0.000874
766.0,2026-07-02T14:52:51.395,2,-97.526,443.954,13.55,-0.25,0.0,GOING_TO_ENDPOINT,dump_zone_22,load_zone_23,0.00025,0.00067
766.0,2026-07-02T14:52:51.395,3,639.595,199.021,18.45,1.0,0.0,GOING_TO_ENDPOINT,dump_zone_3,load_zone_26,0.000321,0.00086
767.0,2026-07-02T14:52:54.221,1,-97.505,424.709,29.766,0.1527,0.0,GOING_TO_ENDPOINT,dump_zone_23,load_zone_23,0.000284,0.000761
767.0,2026-07-02T14:52:54.221,2,-97.57,440.115,14.6,0.75,0.0,GOING_TO_ENDPOINT,dump_zone_22,load_zone_23,0.000295,0.000791
767.0,2026-07-02T14:52:54.221,3,634.95,196.169,20.658,0.1691,0.0,GOING_TO_ENDPOINT,dump_zone_3,load_zone_26,0.000274,0.000734
768.0,2026-07-02T14:52:56.393,1,-97.501,416.555,28.661,-0.4167,0.0,GOING_TO_ENDPOINT,dump_zone_23,load_zone_23,0.00025,0.00067
768.0,2026-07-02T14:52:56.393,2,-97.525,435.539,18.125,1.0,0.0,GOING_TO_ENDPOINT,dump_zone_22,load_zone_23,0.00032,0.000858
768.0,2026-07-02T14:52:56.393,3,629.394,195.281,19.564,-0.5,0.0,GOING_TO_ENDPOINT,dump_zone_3,load_zone_26,0.00025,0.00067
769.0,2026-07-02T14:52:59.008,1,-97.5,408.779,27.649,-0.0378,0.0,GOING_TO_ENDPOINT,dump_zone_23,load_zone_23,0.000264,0.000708
769.0,2026-07-02T14:52:59.008,2,-97.5,429.962,21.725,1.0,0.0,GOING_TO_ENDPOINT,dump_zone_22,load_zone_23,0.000334,0.000895
769.0,2026-07-02T14:52:59.008,3,624.269,194.649,17.764,-0.5,0.0,GOING_TO_ENDPOINT,dump_zone_3,load_zone_26,0.00025,0.00067
770.0,2026-07-02T14:53:01.358,1,-97.5,400.987,28.356,0.0188,0.0,GOING_TO_ENDPOINT,dump_zone_23,load_zone_23,0.00027,0.000724
770.0,2026-07-02T14:53:01.358,2,-97.499,423.386,25.325,1.0,0.0,GOING_TO_ENDPOINT,dump_zone_22,load_zone_23,0.000348,0.000933
770.0,2026-07-02T14:53:01.358,3,619.633,194.15,15.964,-0.5,0.0,GOING_TO_ENDPOINT,dump_zone_3,load_zone_26,0.00025,0.00067
771.0,2026-07-02T14:53:04.217,1,-97.5,393.115,28.1,-0.1048,0.0,GOING_TO_ENDPOINT,dump_zone_23,load_zone_23,0.000258,0.000691
771.0,2026-07-02T14:53:04.217,2,-97.5,415.887,27.968,0.32,0.0,GOING_TO_ENDPOINT,dump_zone_22,load_zone_23,0.000297,0.000796
771.0,2026-07-02T14:53:04.217,3,615.479,193.872,14.164,-0.5,0.0,GOING_TO_ENDPOINT,dump_zone_3,load_zone_26,0.00025,0.00067
772.0,2026-07-02T14:53:06.157,1,-97.5,385.294,27.906,-0.3564,0.0,GOING_TO_ENDPOINT,dump_zone_23,load_zone_23,0.00025,0.00067
772.0,2026-07-02T14:53:06.157,2,-97.5,408.147,27.368,-0.4325,0.0,GOING_TO_ENDPOINT,dump_zone_22,load_zone_23,0.00025,0.00067
772.0,2026-07-02T14:53:06.157,3,611.816,193.839,12.364,-0.5,0.0,GOING_TO_ENDPOINT,dump_zone_3,load_zone_26,0.00025,0.00067
773.0,2026-07-02T14:53:08.782,1,-97.5,377.627,27.623,0.2269,0.0,GOING_TO_ENDPOINT,dump_zone_23,load_zone_23,0.000288,0.000772
773.0,2026-07-02T14:53:08.782,2,-97.5,400.672,26.841,0.0603,0.0,GOING_TO_ENDPOINT,dump_zone_22,load_zone_23,0.000272,0.000729
773.0,2026-07-02T14:53:08.782,3,608.705,194.298,10.564,-0.5,0.0,GOING_TO_ENDPOINT,dump_zone_3,load_zone_26,0.00025,0.00067
774.0,2026-07-02T14:53:11.555,1,-97.5,369.821,28.22,0.0521,0.0,GOING_TO_ENDPOINT,dump_zone_23,load_zone_23,0.000273,0.000732
774.0,2026-07-02T14:53:11.555,2,-97.5,393.013,28.258,0.227,0.0,GOING_TO_ENDPOINT,dump_zone_22,load_zone_23,0.000289,0.000775
774.0,2026-07-02T14:53:11.555,3,606.431,195.679,8.764,-0.5,0.0,GOING_TO_ENDPOINT,dump_zone_3,load_zone_26,0.00025,0.00067
775.0,2026-07-02T14:53:13.693,1,-97.5,362.066,27.245,-0.5,0.0,GOING_TO_ENDPOINT,dump_zone_23,load_zone_23,0.00025,0.00067
775.0,2026-07-02T14:53:13.693,2,-97.5,385.212,27.826,-0.1063,0.0,GOING_TO_ENDPOINT,dump_zone_22,load_zone_23,0.000258,0.000691
775.0,2026-07-02T14:53:13.693,3,604.533,196.715,6.964,-0.5,0.0,GOING_TO_ENDPOINT,dump_zone_3,load_zone_26,0.00025,0.00067
776.0,2026-07-02T14:53:15.806,1,-97.5,354.769,25.445,-0.5,0.0,GOING_TO_ENDPOINT,dump_zone_23,load_zone_23,0.00025,0.00067
776.0,2026-07-02T14:53:15.806,2,-97.5,377.44,28.403,0.1896,0.0,GOING_TO_ENDPOINT,dump_zone_22,load_zone_23,0.000285,0.000764
776.0,2026-07-02T14:53:15.806,3,603.004,197.452,5.575,-0.2139,0.0,GOING_TO_ENDPOINT,dump_zone_3,load_zone_26,0.00025,0.00067
777.0,2026-07-02T14:53:17.694,1,-97.5,347.972,23.645,-0.5,0.0,GOING_TO_ENDPOINT,dump_zone_23,load_zone_23,0.00025,0.00067
777.0,2026-07-02T14:53:17.694,2,-97.5,369.554,28.404,-0.0798,0.0,GOING_TO_ENDPOINT,dump_zone_22,load_zone_23,0.000261,0.000699
777.0,2026-07-02T14:53:17.694,3,601.579,198.053,5.935,0.2954,0.0,GOING_TO_ENDPOINT,dump_zone_3,load_zone_26,0.000259,0.000694
778.0,2026-07-02T14:53:19.270,1,-97.5,341.674,21.845,-0.5,0.0,GOING_TO_ENDPOINT,dump_zone_23,load_zone_23,0.00025,0.00067
778.0,2026-07-02T14:53:19.270,2,-97.5,361.87,26.859,-0.5,0.0,GOING_TO_ENDPOINT,dump_zone_22,load_zone_23,0.00025,0.00067
778.0,2026-07-02T14:53:19.270,3,599.975,198.353,5.799,0.1288,0.0,GOING_TO_ENDPOINT,dump_zone_3,load_zone_26,0.000256,0.000686
779.0,2026-07-02T14:53:20.178,1,-97.5,335.877,20.045,-0.5,0.0,GOING_TO_ENDPOINT,dump_zone_23,load_zone_23,0.00025,0.00067
779.0,2026-07-02T14:53:20.178,2,-97.5,354.68,25.059,-0.5,0.0,GOING_TO_ENDPOINT,dump_zone_22,load_zone_23,0.00025,0.00067
779.0,2026-07-02T14:53:20.178,3,598.155,197.917,8.16,1.0,0.0,GOING_TO_ENDPOINT,dump_zone_3,load_zone_26,0.000282,0.000756
780.0,2026-07-02T14:53:21.320,1,-97.526,330.581,18.245,-0.5,0.0,GOING_TO_ENDPOINT,dump_zone_23,load_zone_23,0.00025,0.00067
780.0,2026-07-02T14:53:21.320,2,-97.5,347.99,23.259,-0.5,0.0,GOING_TO_ENDPOINT,dump_zone_22,load_zone_23,0.00025,0.00067
780.0,2026-07-02T14:53:21.320,3,596.303,195.885,11.76,1.0,0.0,GOING_TO_ENDPOINT,dump_zone_3,load_zone_26,0.000295,0.000791
781.0,2026-07-02T14:53:23.338,1,-100.48,327.16,16.445,-0.5,0.0,GOING_TO_ENDPOINT,dump_zone_23,load_zone_23,0.00025,0.00067
781.0,2026-07-02T14:53:23.338,2,-97.5,341.8,21.459,-0.5,0.0,GOING_TO_ENDPOINT,dump_zone_22,load_zone_23,0.00025,0.00067
781.0,2026-07-02T14:53:23.338,3,596.661,192.237,15.36,1.0,0.0,GOING_TO_ENDPOINT,dump_zone_3,load_zone_26,0.000309,0.000828
782.0,2026-07-02T14:53:25.825,1,-104.425,328.267,14.645,-0.5,0.0,GOING_TO_ENDPOINT,dump_zone_23,load_zone_23,0.00025,0.00067
782.0,2026-07-02T14:53:25.825,2,-97.5,336.11,19.659,-0.5,0.0,GOING_TO_ENDPOINT,dump_zone_22,load_zone_23,0.00025,0.00067
782.0,2026-07-02T14:53:25.825,3,599.613,188.46,18.96,1.0,0.0,GOING_TO_ENDPOINT,dump_zone_3,load_zone_26,0.000323,0.000866
783.0,2026-07-02T14:53:27.733,1,-105.472,331.773,12.845,-0.5,0.0,GOING_TO_ENDPOINT,dump_zone_23,load_zone_23,0.00025,0.00067
783.0,2026-07-02T14:53:27.733,2,-97.5,330.92,17.859,-0.5,0.0,GOING_TO_ENDPOINT,dump_zone_22,load_zone_23,0.00025,0.00067
783.0,2026-07-02T14:53:27.733,3,601.713,183.058,22.56,1.0,0.0,GOING_TO_ENDPOINT,dump_zone_3,load_zone_26,0.000337,0.000903
784.0,2026-07-02T14:53:29.930,1,-103.642,334.459,11.745,0.0833,0.0,GOING_TO_ENDPOINT,dump_zone_23,load_zone_23,0.000261,0.000699
784.0,2026-07-02T14:53:29.930,2,-98.937,326.658,16.059,-0.5,0.0,GOING_TO_ENDPOINT,dump_zone_22,load_zone_23,0.00025,0.00067
784.0,2026-07-02T14:53:29.930,3,602.5,176.314,26.117,0.9167,0.0,GOING_TO_ENDPOINT,dump_zone_3,load_zone_26,0.000344,0.000922
785.0,2026-07-02T14:53:32.270,1,-100.259,334.842,13.945,0.9167,0.0,GOING_TO_ENDPOINT,dump_zone_23,load_zone_23,0.0003,0.000804
785.0,2026-07-02T14:53:32.270,2,-102.879,325.957,14.259,-0.5,0.0,GOING_TO_ENDPOINT,dump_zone_22,load_zone_23,0.00025,0.00067
785.0,2026-07-02T14:53:32.270,3,602.505,168.77,27.576,0.177,0.0,GOING_TO_ENDPOINT,dump_zone_3,load_zone_26,0.000283,0.000758
786.0,2026-07-02T14:53:34.270,1,-97.316,332.056,15.295,-0.0833,0.0,GOING_TO_ENDPOINT,dump_zone_23,load_zone_23,0.000256,0.000686
786.0,2026-07-02T14:53:34.270,2,-105.352,328.522,12.459,-0.5,0.0,GOING_TO_ENDPOINT,dump_zone_22,load_zone_23,0.00025,0.00067
786.0,2026-07-02T14:53:34.270,3,602.5,161.1,27.48,0.0008,0.0,GOING_TO_ENDPOINT,dump_zone_3,load_zone_26,0.000268,0.000718
787.0,2026-07-02T14:53:36.813,1,-97.799,328.211,13.745,-0.5,0.0,GOING_TO_ENDPOINT,dump_zone_23,load_zone_23,0.00025,0.00067
787.0,2026-07-02T14:53:36.813,2,-105.078,331.618,10.659,-0.5,0.0,GOING_TO_ENDPOINT,dump_zone_22,load_zone_23,0.00025,0.00067
787.0,2026-07-02T14:53:36.813,3,602.5,153.445,27.233,-0.3325,0.0,GOING_TO_ENDPOINT,dump_zone_3,load_zone_26,0.00025,0.00067
788.0,2026-07-02T14:53:41.128,1,-100.81,326.559,11.945,-0.5,0.0,GOING_TO_ENDPOINT,dump_zone_23,load_zone_23,0.00025,0.00067
788.0,2026-07-02T14:53:41.128,2,-102.995,333.483,10.509,0.4167,0.0,GOING_TO_ENDPOINT,dump_zone_22,load_zone_23,0.000271,0.000726
788.0,2026-07-02T14:53:41.128,3,602.5,145.862,27.685,0.1675,0.0,GOING_TO_ENDPOINT,dump_zone_3,load_zone_26,0.000283,0.000758
789.0,2026-07-02T14:53:45.099,1,-103.637,327.487,10.145,-0.5,0.0,GOING_TO_ENDPOINT,dump_zone_23,load_zone_23,0.00025,0.00067
789.0,2026-07-02T14:53:45.099,2,-99.766,333.327,13.434,0.75,0.0,GOING_TO_ENDPOINT,dump_zone_22,load_zone_23,0.000291,0.00078
789.0,2026-07-02T14:53:45.099,3,602.5,138.153,27.725,-0.0886,0.0,GOING_TO_ENDPOINT,dump_zone_3,load_zone_26,0.00026,0.000697
790.0,2026-07-02T14:53:48.897,1,-104.965,329.611,8.345,-0.5,0.0,GOING_TO_ENDPOINT,dump_zone_23,load_zone_23,0.00025,0.00067
790.0,2026-07-02T14:53:48.897,2,-97.608,330.233,14.184,-0.25,0.0,GOING_TO_ENDPOINT,dump_zone_22,load_zone_23,0.00025,0.00067
790.0,2026-07-02T14:53:48.897,3,602.5,130.428,27.734,-0.1061,0.0,GOING_TO_ENDPOINT,dump_zone_3,load_zone_26,0.000258,0.000691
791.0,2026-07-02T14:53:53.926,1,-104.945,331.637,6.57,-0.4167,0.0,GOING_TO_ENDPOINT,dump_zone_23,load_zone_23,0.00025,0.00067
791.0,2026-07-02T14:53:53.926,2,-98.798,326.876,12.459,-0.5,0.0,GOING_TO_ENDPOINT,dump_zone_22,load_zone_23,0.00025,0.00067
791.0,2026-07-02T14:53:53.926,3,602.5,122.832,27.28,0.2131,0.0,GOING_TO_ENDPOINT,dump_zone_3,load_zone_26,0.000286,0.000766
792.0,2026-07-02T14:53:57.757,1,-104.1,333.221,7.02,0.5833,0.0,GOING_TO_ENDPOINT,dump_zone_23,load_zone_23,0.000268,0.000718
792.0,2026-07-02T14:53:57.757,2,-101.69,325.738,10.659,-0.5,0.0,GOING_TO_ENDPOINT,dump_zone_22,load_zone_23,0.00025,0.00067
792.0,2026-07-02T14:53:57.757,3,602.5,115.107,28.078,-0.011,0.0,GOING_TO_ENDPOINT,dump_zone_3,load_zone_26,0.000267,0.000716
793.0,2026-07-02T14:54:01.023,1,-102.055,334.458,10.37,1.0,0.0,GOING_TO_ENDPOINT,dump_zone_23,load_zone_23,0.00029,0.000777
793.0,2026-07-02T14:54:01.023,2,-104.166,326.655,8.859,-0.5,0.0,GOING_TO_ENDPOINT,dump_zone_22,load_zone_23,0.00025,0.00067
793.0,2026-07-02T14:54:01.023,3,602.5,107.449,27.055,-0.3167,0.0,GOING_TO_ENDPOINT,dump_zone_3,load_zone_26,0.00025,0.00067
794.0,2026-07-02T14:54:06.015,1,-98.833,333.829,13.402,0.4899,0.0,GOING_TO_ENDPOINT,dump_zone_23,load_zone_23,0.00028,0.00075
794.0,2026-07-02T14:54:06.015,2,-105.407,328.427,7.059,-0.5,0.0,GOING_TO_ENDPOINT,dump_zone_22,load_zone_23,0.00025,0.00067
794.0,2026-07-02T14:54:06.015,3,602.5,100.017,26.565,0.0166,0.0,GOING_TO_ENDPOINT,dump_zone_3,load_zone_26,0.000268,0.000718
795.0,2026-07-02T14:54:12.003,1,-97.156,330.599,13.219,-0.5,0.0,GOING_TO_ENDPOINT,dump_zone_23,load_zone_23,0.00025,0.00067
795.0,2026-07-02T14:54:12.003,2,-105.624,330.111,5.634,-0.0833,0.0,GOING_TO_ENDPOINT,dump_zone_22,load_zone_23,0.000252,0.000675
795.0,2026-07-02T14:54:12.003,3,602.5,92.459,27.824,0.1833,0.0,GOING_TO_ENDPOINT,dump_zone_3,load_zone_26,0.000284,0.000761
796.0,2026-07-02T14:54:16.968,1,-98.487,327.577,11.419,-0.5,0.0,GOING_TO_ENDPOINT,dump_zone_23,load_zone_23,0.00025,0.00067
796.0,2026-07-02T14:54:16.968,2,-105.188,331.618,6.059,0.4499,0.0,GOING_TO_ENDPOINT,dump_zone_22,load_zone_23,0.000263,0.000705
796.0,2026-07-02T14:54:16.968,3,602.5,84.759,27.595,-0.1719,0.0,GOING_TO_ENDPOINT,dump_zone_3,load_zone_26,0.000252,0.000675
797.0,2026-07-02T14:54:21.409,1,-101.13,326.537,9.619,-0.5,0.0,GOING_TO_ENDPOINT,dump_zone_23,load_zone_23,0.00025,0.00067
797.0,2026-07-02T14:54:21.409,2,-103.767,333.147,9.194,1.0,0.0,GOING_TO_ENDPOINT,dump_zone_22,load_zone_23,0.000286,0.000766
797.0,2026-07-02T14:54:21.409,3,602.5,77.169,27.367,0.1418,0.0,GOING_TO_ENDPOINT,dump_zone_3,load_zone_26,0.00028,0.00075
798.0,2026-07-02T14:54:27.328,1,-103.428,325.952,7.819,-0.5,0.0,GOING_TO_ENDPOINT,dump_zone_23,load_zone_23,0.00025,0.00067
798.0,2026-07-02T14:54:27.328,2,-100.788,333.628,12.794,1.0,0.0,GOING_TO_ENDPOINT,dump_zone_22,load_zone_23,0.000299,0.000801
798.0,2026-07-02T14:54:27.328,3,602.5,69.466,27.877,-0.0249,0.0,GOING_TO_ENDPOINT,dump_zone_3,load_zone_26,0.000265,0.00071
799.0,2026-07-02T14:54:31.827,1,-104.775,324.636,6.019,-0.5,0.0,GOING_TO_ENDPOINT,dump_zone_23,load_zone_23,0.00025,0.00067
799.0,2026-07-02T14:54:31.827,2,-97.777,331.291,14.744,0.0833,0.0,GOING_TO_ENDPOINT,dump_zone_22,load_zone_23,0.000263,0.000705
799.0,2026-07-02T14:54:31.827,3,602.5,61.723,27.774,-0.1384,0.0,GOING_TO_ENDPOINT,dump_zone_3,load_zone_26,0.000255,0.000683
800.0,2026-07-02T14:54:36.953,1,-105.304,323.346,4.219,-0.5,0.0,GOING_TO_ENDPOINT,dump_zone_23,load_zone_23,0.00025,0.00067
800.0,2026-07-02T14:54:36.953,2,-97.928,327.501,13.469,-0.5,0.0,GOING_TO_ENDPOINT,dump_zone_22,load_zone_23,0.00025,0.00067
800.0,2026-07-02T14:54:36.953,3,602.5,54.032,27.553,-0.2242,0.0,GOING_TO_ENDPOINT,dump_zone_3,load_zone_26,0.00025,0.00067
801.0,2026-07-02T14:54:42.938,1,-105.4,322.452,2.419,-0.5,0.0,LOADING,dump_zone_23,load_zone_23,0.00025,0.00067
801.0,2026-07-02T14:54:42.938,2,-100.685,325.373,12.069,-0.5,0.0,GOING_TO_ENDPOINT,dump_zone_22,load_zone_23,0.00025,0.00067
801.0,2026-07-02T14:54:42.938,3,602.5,46.39,27.846,0.2758,0.0,GOING_TO_ENDPOINT,dump_zone_3,load_zone_26,0.000292,0.000783
802.0,2026-07-02T14:54:49.866,1,-105.379,322.051,0.619,-0.5,0.0,LOADING,dump_zone_23,load_zone_23,0.00025,0.00067
802.0,2026-07-02T14:54:49.866,2,-103.707,325.434,10.269,-0.5,0.0,GOING_TO_ENDPOINT,dump_zone_22,load_zone_23,0.00025,0.00067
802.0,2026-07-02T14:54:49.866,3,602.5,38.604,27.831,-0.313,0.0,GOING_TO_ENDPOINT,dump_zone_3,load_zone_26,0.00025,0.00067
803.0,2026-07-02T14:54:56.668,1,-105.377,322.029,0.0,-0.5,0.0,LOADING,dump_zone_23,load_zone_23,0.00025,0.00067
803.0,2026-07-02T14:54:56.668,2,-106.247,325.293,8.469,-0.5,0.0,GOING_TO_ENDPOINT,dump_zone_22,load_zone_23,0.00025,0.00067
803.0,2026-07-02T14:54:56.668,3,602.5,31.038,27.193,0.25,0.0,GOING_TO_ENDPOINT,dump_zone_3,load_zone_26,0.000289,0.000775
804.0,2026-07-02T14:55:01.137,1,-105.133,321.062,7.2,0.0,1000.0,TURNING_AROUND,load_zone_23,dump_zone_22,0.000258,0.000691
804.0,2026-07-02T14:55:01.137,2,-108.061,324.303,6.669,-0.5,0.0,GOING_TO_ENDPOINT,dump_zone_22,load_zone_23,0.00025,0.00067
804.0,2026-07-02T14:55:01.137,3,602.5,23.277,28.282,-0.0318,0.0,GOING_TO_ENDPOINT,dump_zone_3,load_zone_26,0.000265,0.00071
805.0,2026-07-02T14:55:03.936,1,-103.979,319.454,7.2,0.0,1000.0,TURNING_AROUND,load_zone_23,dump_zone_22,0.000258,0.000691
805.0,2026-07-02T14:55:03.936,2,-109.009,323.049,4.869,-0.5,0.0,GOING_TO_ENDPOINT,dump_zone_22,load_zone_23,0.00025,0.00067
805.0,2026-07-02T14:55:03.936,3,602.5,15.591,27.135,-0.25,0.0,GOING_TO_ENDPOINT,dump_zone_3,load_zone_26,0.00025,0.00067
806.0,2026-07-02T14:55:06.992,1,-105.056,319.993,5.4,0.0,1000.0,TURNING_AROUND,load_zone_23,dump_zone_22,0.000256,0.000686
806.0,2026-07-02T14:55:06.992,2,-109.347,322.025,3.069,-0.5,0.0,LOADING,dump_zone_22,load_zone_23,0.00025,0.00067
806.0,2026-07-02T14:55:06.992,3,602.5,8.045,27.501,0.1313,0.0,GOING_TO_ENDPOINT,dump_zone_3,load_zone_26,0.000279,0.000748
807.0,2026-07-02T14:55:11.684,1,-103.361,319.935,7.2,0.0,1000.0,TURNING_AROUND,load_zone_23,dump_zone_22,0.000258,0.000691
807.0,2026-07-02T14:55:11.684,2,-109.415,321.448,1.269,-0.5,0.0,LOADING,dump_zone_22,load_zone_23,0.00025,0.00067
807.0,2026-07-02T14:55:11.684,3,602.5,0.392,27.632,0.0568,0.0,GOING_TO_ENDPOINT,dump_zone_3,load_zone_26,0.000273,0.000732
808.0,2026-07-02T14:55:16.718,1,-102.532,320.114,5.4,0.0,1000.0,TURNING_AROUND,load_zone_23,dump_zone_22,0.000256,0.000686
808.0,2026-07-02T14:55:16.718,2,-109.419,321.338,0.0,-0.5,0.0,LOADING,dump_zone_22,load_zone_23,0.00025,0.00067
808.0,2026-07-02T14:55:16.718,3,602.5,-7.484,29.036,0.2235,0.0,GOING_TO_ENDPOINT,dump_zone_3,load_zone_26,0.000289,0.000775
809.0,2026-07-02T14:55:20.063,1,-102.881,319.979,7.2,0.0,1000.0,TURNING_AROUND,load_zone_23,dump_zone_22,0.000258,0.000691
809.0,2026-07-02T14:55:20.063,2,-109.449,321.006,7.2,0.0,1000.0,TURNING_AROUND,load_zone_23,dump_zone_23,0.000258,0.000691
809.0,2026-07-02T14:55:20.063,3,602.5,-15.494,28.23,-0.5,0.0,GOING_TO_ENDPOINT,dump_zone_3,load_zone_26,0.00025,0.00067
810.0,2026-07-02T14:55:22.387,1,-102.458,321.062,0.0,-0.1667,1000.0,RETURNING_TO_START,load_zone_23,dump_zone_22,0.00025,0.00067
810.0,2026-07-02T14:55:22.387,2,-110.189,319.17,7.2,0.0,1000.0,TURNING_AROUND,load_zone_23,dump_zone_23,0.000258,0.000691
810.0,2026-07-02T14:55:22.387,3,602.5,-23.223,27.924,0.1628,0.0,GOING_TO_ENDPOINT,dump_zone_3,load_zone_26,0.000282,0.000756
811.0,2026-07-02T14:55:25.584,1,-102.458,321.189,1.375,0.8333,1000.0,RETURNING_TO_START,load_zone_23,dump_zone_22,0.000258,0.000691
811.0,2026-07-02T14:55:25.584,2,-110.04,319.066,5.4,0.0,1000.0,TURNING_AROUND,load_zone_23,dump_zone_23,0.000256,0.000686
811.0,2026-07-02T14:55:25.584,3,602.5,-31.035,28.077,-0.1269,0.0,GOING_TO_ENDPOINT,dump_zone_3,load_zone_26,0.000256,0.000686
812.0,2026-07-02T14:55:28.618,1,-102.459,322.106,4.95,1.0,1000.0,RETURNING_TO_START,load_zone_23,dump_zone_22,0.000282,0.000756
812.0,2026-07-02T14:55:28.618,2,-110.612,319.09,7.2,0.0,1000.0,TURNING_AROUND,load_zone_23,dump_zone_23,0.000258,0.000691
812.0,2026-07-02T14:55:28.618,3,602.5,-38.769,27.6,-0.1722,0.0,GOING_TO_ENDPOINT,dump_zone_3,load_zone_26,0.000252,0.000675
813.0,2026-07-02T14:55:31.914,1,-102.463,324.022,8.55,1.0,1000.0,RETURNING_TO_START,load_zone_23,dump_zone_22,0.000305,0.000817
813.0,2026-07-02T14:55:31.914,2,-112.557,319.459,7.2,0.0,1000.0,TURNING_AROUND,load_zone_23,dump_zone_23,0.000258,0.000691
813.0,2026-07-02T14:55:31.914,3,602.5,-46.454,28.093,0.3314,0.0,GOING_TO_ENDPOINT,dump_zone_3,load_zone_26,0.000298,0.000799
814.0,2026-07-02T14:55:35.010,1,-102.472,326.939,12.15,1.0,1000.0,RETURNING_TO_START,load_zone_23,dump_zone_22,0.000328,0.000879
814.0,2026-07-02T14:55:35.010,2,-111.343,318.592,5.4,0.0,1000.0,TURNING_AROUND,load_zone_23,dump_zone_23,0.000256,0.000686
814.0,2026-07-02T14:55:35.010,3,602.5,-54.502,29.649,0.2009,0.0,GOING_TO_ENDPOINT,dump_zone_3,load_zone_26,0.000288,0.000772
815.0,2026-07-02T14:55:37.717,1,-102.487,330.856,15.75,1.0,1000.0,RETURNING_TO_START,load_zone_23,dump_zone_22,0.000352,0.000943
815.0,2026-07-02T14:55:37.717,2,-112.306,320.322,7.2,0.0,1000.0,TURNING_AROUND,load_zone_23,dump_zone_23,0.000258,0.000691
815.0,2026-07-02T14:55:37.717,3,602.5,-62.646,28.631,-0.5,0.0,GOING_TO_ENDPOINT,dump_zone_3,load_zone_26,0.00025,0.00067
816.0,2026-07-02T14:55:41.906,1,-102.499,335.772,19.35,1.0,1000.0,RETURNING_TO_START,load_zone_23,dump_zone_22,0.000375,0.001005
816.0,2026-07-02T14:55:41.906,2,-112.345,320.496,0.25,0.3333,1000.0,RETURNING_TO_START,load_zone_23,dump_zone_23,0.000251,0.000673
816.0,2026-07-02T14:55:41.906,3,602.5,-70.328,26.831,-0.5,0.0,GOING_TO_ENDPOINT,dump_zone_3,load_zone_26,0.00025,0.00067
817.0,2026-07-02T14:55:45.572,1,-102.5,341.649,22.537,0.7954,1000.0,RETURNING_TO_START,load_zone_23,dump_zone_22,0.00037,0.000992
817.0,2026-07-02T14:55:45.572,2,-112.322,320.944,3.15,1.0,1000.0,RETURNING_TO_START,load_zone_23,dump_zone_23,0.00027,0.000724
817.0,2026-07-02T14:55:45.572,3,602.5,-77.51,25.031,-0.5,0.0,GOING_TO_ENDPOINT,dump_zone_3,load_zone_26,0.00025,0.00067
818.0,2026-07-02T14:55:48.545,1,-102.5,348.129,23.45,-0.2046,1000.0,RETURNING_TO_START,load_zone_23,dump_zone_22,0.00025,0.00067
818.0,2026-07-02T14:55:48.545,2,-111.925,322.297,6.75,1.0,1000.0,RETURNING_TO_START,load_zone_23,dump_zone_23,0.000294,0.000788
818.0,2026-07-02T14:55:48.545,3,602.5,-84.193,23.231,-0.5,0.0,GOING_TO_ENDPOINT,dump_zone_3,load_zone_26,0.00025,0.00067
819.0,2026-07-02T14:55:51.265,1,-102.5,354.458,22.493,0.0833,1000.0,RETURNING_TO_START,load_zone_23,dump_zone_22,0.000284,0.000761
819.0,2026-07-02T14:55:51.265,2,-110.712,324.379,10.35,1.0,1000.0,RETURNING_TO_START,load_zone_23,dump_zone_23,0.000317,0.00085
819.0,2026-07-02T14:55:51.265,3,602.5,-90.375,21.431,-0.5,0.0,GOING_TO_ENDPOINT,dump_zone_3,load_zone_26,0.00025,0.00067
820.0,2026-07-02T14:55:55.546,1,-102.5,360.718,22.774,0.3917,1000.0,RETURNING_TO_START,load_zone_23,dump_zone_22,0.000322,0.000863
820.0,2026-07-02T14:55:55.546,2,-108.538,327.013,13.95,1.0,1000.0,RETURNING_TO_START,load_zone_23,dump_zone_23,0.00034,0.000911
820.0,2026-07-02T14:55:55.546,3,602.5,-96.057,19.631,-0.5,0.0,GOING_TO_ENDPOINT,dump_zone_3,load_zone_26,0.00025,0.00067
821.0,2026-07-02T14:55:59.519,1,-102.5,367.325,24.434,0.1417,1000.0,RETURNING_TO_START,load_zone_23,dump_zone_22,0.000294,0.000788
821.0,2026-07-02T14:55:59.519,2,-105.837,330.506,17.55,1.0,1000.0,RETURNING_TO_START,load_zone_23,dump_zone_23,0.000363,0.000973
821.0,2026-07-02T14:55:59.519,3,603.944,-100.864,18.531,0.0833,0.0,GOING_TO_ENDPOINT,dump_zone_3,load_zone_26,0.000267,0.000716
822.0,2026-07-02T14:56:03.858,1,-102.5,373.998,23.431,-0.25,1000.0,RETURNING_TO_START,load_zone_23,dump_zone_22,0.00025,0.00067
822.0,2026-07-02T14:56:03.858,2,-103.153,335.158,21.15,1.0,1000.0,RETURNING_TO_START,load_zone_23,dump_zone_23,0.000386,0.001034
822.0,2026-07-02T14:56:03.858,3,608.96,-100.994,20.756,1.0,0.0,GOING_TO_ENDPOINT,dump_zone_3,load_zone_26,0.00033,0.000884
823.0,2026-07-02T14:56:09.638,1,-102.5,380.514,23.57,0.0743,1000.0,RETURNING_TO_START,load_zone_23,dump_zone_22,0.000284,0.000761
823.0,2026-07-02T14:56:09.638,2,-102.472,341.369,23.403,0.3022,1000.0,RETURNING_TO_START,load_zone_23,dump_zone_23,0.000313,0.000839
823.0,2026-07-02T14:56:09.638,3,614.286,-97.793,23.656,0.4167,0.0,GOING_TO_ENDPOINT,dump_zone_3,load_zone_26,0.000297,0.000796
824.0,2026-07-02T14:56:14.173,1,-102.5,387.006,22.802,-0.4167,1000.0,RETURNING_TO_START,load_zone_23,dump_zone_22,0.00025,0.00067
824.0,2026-07-02T14:56:14.173,2,-102.496,347.855,23.075,-0.2437,1000.0,RETURNING_TO_START,load_zone_23,dump_zone_23,0.00025,0.00067
824.0,2026-07-02T14:56:14.173,3,620.833,-97.409,23.231,-0.5,0.0,GOING_TO_ENDPOINT,dump_zone_3,load_zone_26,0.00025,0.00067
825.0,2026-07-02T14:56:18.871,1,-102.5,393.325,23.252,0.5833,1000.0,RETURNING_TO_START,load_zone_23,dump_zone_22,0.000348,0.000933
825.0,2026-07-02T14:56:18.871,2,-102.501,354.113,22.497,0.2563,1000.0,RETURNING_TO_START,load_zone_23,dump_zone_23,0.000305,0.000817
825.0,2026-07-02T14:56:18.871,3,627.014,-97.512,21.431,-0.5,0.0,GOING_TO_ENDPOINT,dump_zone_3,load_zone_26,0.00025,0.00067
826.0,2026-07-02T14:56:22.865,1,-102.5,399.98,24.002,-0.25,1000.0,RETURNING_TO_START,load_zone_23,dump_zone_22,0.00025,0.00067
826.0,2026-07-02T14:56:22.865,2,-102.5,360.615,23.97,0.0896,1000.0,RETURNING_TO_START,load_zone_23,dump_zone_23,0.000287,0.000769
826.0,2026-07-02T14:56:22.865,3,632.696,-97.502,19.631,-0.5,0.0,GOING_TO_ENDPOINT,dump_zone_3,load_zone_26,0.00025,0.00067
827.0,2026-07-02T14:56:27.208,1,-102.5,406.428,22.702,-0.0833,1000.0,RETURNING_TO_START,load_zone_23,dump_zone_22,0.000264,0.000708
827.0,2026-07-02T14:56:27.208,2,-102.5,367.164,22.988,-0.4167,1000.0,RETURNING_TO_START,load_zone_23,dump_zone_23,0.00025,0.00067
827.0,2026-07-02T14:56:27.208,3,637.879,-97.5,17.831,-0.5,0.0,GOING_TO_ENDPOINT,dump_zone_3,load_zone_26,0.00025,0.00067
828.0,2026-07-02T14:56:31.677,1,-102.5,412.823,23.198,-0.1212,1000.0,RETURNING_TO_START,load_zone_23,dump_zone_22,0.000259,0.000694
828.0,2026-07-02T14:56:31.677,2,-102.5,373.415,22.369,0.0521,1000.0,RETURNING_TO_START,load_zone_23,dump_zone_23,0.00028,0.00075
828.0,2026-07-02T14:56:31.677,3,642.561,-97.5,16.031,-0.5,0.0,GOING_TO_ENDPOINT,dump_zone_3,load_zone_26,0.00025,0.00067
829.0,2026-07-02T14:56:35.832,1,-102.5,419.049,21.602,-0.5,1000.0,RETURNING_TO_START,load_zone_23,dump_zone_22,0.00025,0.00067
829.0,2026-07-02T14:56:35.832,2,-102.5,379.765,23.205,0.1563,1000.0,RETURNING_TO_START,load_zone_23,dump_zone_23,0.000294,0.000788
829.0,2026-07-02T14:56:35.832,3,646.743,-97.5,14.231,-0.5,0.0,GOING_TO_ENDPOINT,dump_zone_3,load_zone_26,0.00025,0.00067
830.0,2026-07-02T14:56:41.361,1,-102.5,424.779,19.802,-0.5,1000.0,RETURNING_TO_START,load_zone_23,dump_zone_22,0.00025,0.00067
830.0,2026-07-02T14:56:41.361,2,-102.5,386.244,23.616,0.2392,1000.0,RETURNING_TO_START,load_zone_23,dump_zone_23,0.000305,0.000817
830.0,2026-07-02T14:56:41.361,3,650.376,-97.936,12.431,-0.5,0.0,GOING_TO_ENDPOINT,dump_zone_3,load_zone_26,0.00025,0.00067
831.0,2026-07-02T14:56:45.708,1,-102.5,430.008,18.002,-0.5,1000.0,RETURNING_TO_START,load_zone_23,dump_zone_22,0.00025,0.00067
831.0,2026-07-02T14:56:45.708,2,-102.5,392.871,23.564,-0.4543,1000.0,RETURNING_TO_START,load_zone_23,dump_zone_23,0.00025,0.00067
831.0,2026-07-02T14:56:45.708,3,653.085,-99.588,10.781,-0.25,0.0,GOING_TO_ENDPOINT,dump_zone_3,load_zone_26,0.00025,0.00067
832.0,2026-07-02T14:56:50.111,1,-102.5,434.738,16.202,-0.5,1000.0,RETURNING_TO_START,load_zone_23,dump_zone_22,0.00025,0.00067
832.0,2026-07-02T14:56:50.111,2,-102.5,399.229,22.554,-0.0146,1000.0,RETURNING_TO_START,load_zone_23,dump_zone_23,0.000272,0.000729
832.0,2026-07-02T14:56:50.111,3,655.331,-101.681,11.831,0.75,0.0,GOING_TO_ENDPOINT,dump_zone_3,load_zone_26,0.000286,0.000766
833.0,2026-07-02T14:56:53.643,1,-102.5,438.968,14.402,-0.5,1000.0,RETURNING_TO_START,load_zone_23,dump_zone_22,0.00025,0.00067
833.0,2026-07-02T14:56:53.643,2,-102.5,405.535,22.673,-0.1461,1000.0,RETURNING_TO_START,load_zone_23,dump_zone_23,0.000256,0.000686
833.0,2026-07-02T14:56:53.643,3,658.01,-104.387,15.356,1.0,0.0,GOING_TO_ENDPOINT,dump_zone_3,load_zone_26,0.000309,0.000828
834.0,2026-07-02T14:56:58.094,1,-102.5,442.698,12.602,-0.5,1000.0,RETURNING_TO_START,load_zone_23,dump_zone_22,0.00025,0.00067
834.0,2026-07-02T14:56:58.094,2,-102.5,411.812,22.714,0.118,1000.0,RETURNING_TO_START,load_zone_23,dump_zone_23,0.000288,0.000772
834.0,2026-07-02T14:56:58.094,3,661.373,-107.822,18.956,1.0,0.0,GOING_TO_ENDPOINT,dump_zone_3,load_zone_26,0.000323,0.000866
835.0,2026-07-02T14:57:02.527,1,-102.5,445.927,10.802,-0.5,1000.0,RETURNING_TO_START,load_zone_23,dump_zone_22,0.00025,0.00067
835.0,2026-07-02T14:57:02.527,2,-102.5,418.116,22.288,-0.382,1000.0,RETURNING_TO_START,load_zone_23,dump_zone_23,0.00025,0.00067
835.0,2026-07-02T14:57:02.527,3,665.47,-111.938,22.556,1.0,0.0,GOING_TO_ENDPOINT,dump_zone_3,load_zone_26,0.000337,0.000903
836.0,2026-07-02T14:57:07.311,1,-102.494,448.662,9.152,-0.25,1000.0,RETURNING_TO_START,load_zone_23,dump_zone_22,0.00025,0.00067
836.0,2026-07-02T14:57:07.311,2,-102.5,424.31,22.846,0.5591,1000.0,RETURNING_TO_START,load_zone_23,dump_zone_23,0.000343,0.000919
836.0,2026-07-02T14:57:07.311,3,670.285,-116.75,26.156,1.0,0.0,GOING_TO_ENDPOINT,dump_zone_3,load_zone_26,0.000351,0.000941
837.0,2026-07-02T14:57:11.668,1,-103.592,450.986,10.202,0.75,1000.0,RETURNING_TO_START,load_zone_23,dump_zone_22,0.000302,0.000809
837.0,2026-07-02T14:57:11.668,2,-102.5,430.997,24.867,0.2279,1000.0,RETURNING_TO_START,load_zone_23,dump_zone_23,0.000307,0.000823
837.0,2026-07-02T14:57:11.668,3,675.755,-122.219,28.956,0.4167,0.0,GOING_TO_ENDPOINT,dump_zone_3,load_zone_26,0.000307,0.000823
838.0,2026-07-02T14:57:15.022,1,-106.622,452.179,13.727,1.0,1000.0,RETURNING_TO_START,load_zone_23,dump_zone_22,0.000338,0.000906
838.0,2026-07-02T14:57:15.022,2,-102.5,437.824,23.914,-0.5,1000.0,RETURNING_TO_START,load_zone_23,dump_zone_23,0.00025,0.00067
838.0,2026-07-02T14:57:15.022,3,681.454,-127.918,28.531,-0.5,0.0,GOING_TO_ENDPOINT,dump_zone_3,load_zone_26,0.00025,0.00067
839.0,2026-07-02T14:57:18.175,1,-110.427,450.226,17.327,1.0,1000.0,RETURNING_TO_START,load_zone_23,dump_zone_22,0.000362,0.00097
839.0,2026-07-02T14:57:18.175,2,-102.5,444.216,22.439,-0.25,1000.0,RETURNING_TO_START,load_zone_23,dump_zone_23,0.00025,0.00067
839.0,2026-07-02T14:57:18.175,3,686.866,-133.331,26.731,-0.5,0.0,GOING_TO_ENDPOINT,dump_zone_3,load_zone_26,0.00025,0.00067
840.0,2026-07-02T14:57:22.406,1,-115.244,447.954,20.927,1.0,1000.0,RETURNING_TO_START,load_zone_23,dump_zone_22,0.000385,0.001032
840.0,2026-07-02T14:57:22.406,2,-102.5,450.394,22.189,-0.0833,1000.0,RETURNING_TO_START,load_zone_23,dump_zone_23,0.000263,0.000705
840.0,2026-07-02T14:57:22.406,3,691.925,-138.389,24.931,-0.5,0.0,GOING_TO_ENDPOINT,dump_zone_3,load_zone_26,0.00025,0.00067
841.0,2026-07-02T14:57:26.170,1,-121.426,447.46,23.327,0.4167,1000.0,RETURNING_TO_START,load_zone_23,dump_zone_22,0.000327,0.000876
841.0,2026-07-02T14:57:26.170,2,-102.5,456.723,23.839,0.9167,1000.0,RETURNING_TO_START,load_zone_23,dump_zone_23,0.000393,0.001053
841.0,2026-07-02T14:57:26.170,3,696.632,-143.094,23.131,-0.5,0.0,GOING_TO_ENDPOINT,dump_zone_3,load_zone_26,0.00025,0.00067
842.0,2026-07-02T14:57:31.282,1,-127.921,447.498,22.902,-0.5,1000.0,RETURNING_TO_START,load_zone_23,dump_zone_22,0.00025,0.00067
842.0,2026-07-02T14:57:31.282,2,-102.5,463.722,25.789,0.0833,1000.0,RETURNING_TO_START,load_zone_23,dump_zone_23,0.000289,0.000775
842.0,2026-07-02T14:57:31.282,3,700.355,-147.904,21.331,-0.5,0.0,GOING_TO_ENDPOINT,dump_zone_3,load_zone_26,0.00025,0.00067
843.0,2026-07-02T14:57:36.938,1,-134.012,447.502,21.102,-0.5,1000.0,RETURNING_TO_START,load_zone_23,dump_zone_22,0.00025,0.00067
843.0,2026-07-02T14:57:36.938,2,-102.5,470.74,24.514,-0.5,1000.0,RETURNING_TO_START,load_zone_23,dump_zone_23,0.00025,0.00067
843.0,2026-07-02T14:57:36.938,3,701.274,-153.467,19.681,-0.25,0.0,GOING_TO_ENDPOINT,dump_zone_3,load_zone_26,0.00025,0.00067
844.0,2026-07-02T14:57:42.350,1,-139.603,447.5,19.302,-0.5,1000.0,RETURNING_TO_START,load_zone_23,dump_zone_22,0.00025,0.00067
844.0,2026-07-02T14:57:42.350,2,-102.5,477.324,23.037,-0.3284,1000.0,RETURNING_TO_START,load_zone_23,dump_zone_23,0.00025,0.00067
844.0,2026-07-02T14:57:42.350,3,702.417,-158.795,19.924,0.1617,0.0,GOING_TO_ENDPOINT,dump_zone_3,load_zone_26,0.000273,0.000732
845.0,2026-07-02T14:57:46.544,1,-144.693,447.5,17.502,-0.5,1000.0,RETURNING_TO_START,load_zone_23,dump_zone_22,0.00025,0.00067
845.0,2026-07-02T14:57:46.544,2,-102.5,483.556,21.807,-0.5,1000.0,RETURNING_TO_START,load_zone_23,dump_zone_23,0.00025,0.00067
845.0,2026-07-02T14:57:46.544,3,702.514,-164.216,18.813,-0.5,0.0,GOING_TO_ENDPOINT,dump_zone_3,load_zone_26,0.00025,0.00067
846.0,2026-07-02T14:57:50.279,1,-149.284,447.5,15.702,-0.5,1000.0,RETURNING_TO_START,load_zone_23,dump_zone_22,0.00025,0.00067
846.0,2026-07-02T14:57:50.279,2,-102.5,489.342,20.007,-0.5,1000.0,RETURNING_TO_START,load_zone_23,dump_zone_23,0.00025,0.00067
846.0,2026-07-02T14:57:50.279,3,702.504,-169.171,17.013,-0.5,0.0,GOING_TO_ENDPOINT,dump_zone_3,load_zone_26,0.00025,0.00067
847.0,2026-07-02T14:57:55.674,1,-153.375,447.5,13.902,-0.5,1000.0,RETURNING_TO_START,load_zone_23,dump_zone_22,0.00025,0.00067
847.0,2026-07-02T14:57:55.674,2,-102.5,494.629,18.207,-0.5,1000.0,RETURNING_TO_START,load_zone_23,dump_zone_23,0.00025,0.00067
847.0,2026-07-02T14:57:55.674,3,702.5,-173.631,15.277,-0.4951,0.0,GOING_TO_ENDPOINT,dump_zone_3,load_zone_26,0.00025,0.00067
848.0,2026-07-02T14:58:00.959,1,-156.961,447.404,12.102,-0.5,1000.0,RETURNING_TO_START,load_zone_23,dump_zone_22,0.00025,0.00067
848.0,2026-07-02T14:58:00.959,2,-102.5,499.416,16.407,-0.5,1000.0,RETURNING_TO_START,load_zone_23,dump_zone_23,0.00025,0.00067
848.0,2026-07-02T14:58:00.959,3,702.5,-177.603,13.477,-0.5,0.0,GOING_TO_ENDPOINT,dump_zone_3,load_zone_26,0.00025,0.00067
849.0,2026-07-02T14:58:06.056,1,-159.919,446.52,10.302,-0.5,1000.0,RETURNING_TO_START,load_zone_23,dump_zone_22,0.00025,0.00067
849.0,2026-07-02T14:58:06.056,2,-102.5,503.721,14.728,-0.5,1000.0,RETURNING_TO_START,load_zone_23,dump_zone_23,0.00025,0.00067
849.0,2026-07-02T14:58:06.056,3,702.5,-181.076,11.677,-0.5,0.0,GOING_TO_ENDPOINT,dump_zone_3,load_zone_26,0.00025,0.00067
850.0,2026-07-02T14:58:11.419,1,-162.389,445.753,8.502,-0.5,1000.0,RETURNING_TO_START,load_zone_23,dump_zone_22,0.00025,0.00067
850.0,2026-07-02T14:58:11.419,2,-102.5,507.561,13.253,-0.25,1000.0,RETURNING_TO_START,load_zone_23,dump_zone_23,0.00025,0.00067
850.0,2026-07-02T14:58:11.419,3,702.5,-184.054,9.895,-0.5,0.0,GOING_TO_ENDPOINT,dump_zone_3,load_zone_26,0.00025,0.00067
851.0,2026-07-02T14:58:16.168,1,-164.465,445.523,6.702,-0.5,1000.0,RETURNING_TO_START,load_zone_23,dump_zone_22,0.00025,0.00067
851.0,2026-07-02T14:58:16.168,2,-102.5,511.005,11.631,-0.5,1000.0,RETURNING_TO_START,load_zone_23,dump_zone_23,0.00025,0.00067
851.0,2026-07-02T14:58:16.168,3,702.5,-186.531,8.095,-0.5,0.0,GOING_TO_ENDPOINT,dump_zone_3,load_zone_26,0.00025,0.00067
852.0,2026-07-02T14:58:21.894,1,-166.076,445.482,5.277,-0.0833,1000.0,RETURNING_TO_START,load_zone_23,dump_zone_22,0.000253,0.000678
852.0,2026-07-02T14:58:21.894,2,-102.5,513.983,10.031,-0.4167,1000.0,RETURNING_TO_START,load_zone_23,dump_zone_23,0.00025,0.00067
852.0,2026-07-02T14:58:21.894,3,702.5,-188.509,6.295,-0.5,0.0,GOING_TO_ENDPOINT,dump_zone_3,load_zone_26,0.00025,0.00067
853.0,2026-07-02T14:58:26.952,1,-167.569,445.483,5.251,-0.1899,1000.0,RETURNING_TO_START,load_zone_23,dump_zone_22,0.00025,0.00067
853.0,2026-07-02T14:58:26.952,2,-102.5,516.501,8.237,-0.5,1000.0,RETURNING_TO_START,load_zone_23,dump_zone_23,0.00025,0.00067
853.0,2026-07-02T14:58:26.952,3,702.539,-189.985,4.495,-0.5,0.0,GOING_TO_ENDPOINT,dump_zone_3,load_zone_26,0.00025,0.00067
854.0,2026-07-02T14:58:30.844,1,-168.877,445.597,4.13,-0.25,1000.0,RETURNING_TO_START,load_zone_23,dump_zone_22,0.00025,0.00067
854.0,2026-07-02T14:58:30.844,2,-102.5,518.518,6.437,-0.5,1000.0,RETURNING_TO_START,load_zone_23,dump_zone_23,0.00025,0.00067
854.0,2026-07-02T14:58:30.844,3,702.79,-190.928,2.695,-0.5,0.0,LOADING,dump_zone_3,load_zone_26,0.00025,0.00067
855.0,2026-07-02T14:58:34.623,1,-169.914,445.96,4.29,0.47,1000.0,RETURNING_TO_START,load_zone_23,dump_zone_22,0.000265,0.00071
855.0,2026-07-02T14:58:34.623,2,-102.346,520.023,4.637,-0.5,1000.0,RETURNING_TO_START,load_zone_23,dump_zone_23,0.00025,0.00067
855.0,2026-07-02T14:58:34.623,3,702.992,-191.361,0.895,-0.5,0.0,LOADING,dump_zone_3,load_zone_26,0.00025,0.00067
856.0,2026-07-02T14:58:37.537,1,-171.168,446.981,7.46,1.0,1000.0,RETURNING_TO_START,load_zone_23,dump_zone_22,0.000298,0.000799
856.0,2026-07-02T14:58:37.537,2,-101.97,520.965,2.837,-0.5,1000.0,UNLOADING,load_zone_23,dump_zone_23,0.00025,0.00067
856.0,2026-07-02T14:58:37.537,3,703.016,-191.406,0.0,-0.5,0.0,LOADING,dump_zone_3,load_zone_26,0.00025,0.00067
857.0,2026-07-02T14:58:39.930,1,-172.039,449.3,9.935,0.25,1000.0,RETURNING_TO_START,load_zone_23,dump_zone_22,0.000274,0.000734
857.0,2026-07-02T14:58:39.930,2,-101.692,521.401,1.037,-0.5,1000.0,UNLOADING,load_zone_23,dump_zone_23,0.00025,0.00067
857.0,2026-07-02T14:58:39.930,3,703.506,-192.079,7.2,0.0,1000.0,TURNING_AROUND,load_zone_26,dump_zone_3,0.000258,0.000691
858.0,2026-07-02T14:58:41.370,1,-171.275,451.827,9.035,-0.5,1000.0,RETURNING_TO_START,load_zone_23,dump_zone_22,0.00025,0.00067
858.0,2026-07-02T14:58:41.370,2,-101.65,521.459,0.0,-0.5,1000.0,UNLOADING,load_zone_23,dump_zone_23,0.00025,0.00067
858.0,2026-07-02T14:58:41.370,3,705.153,-193.177,7.2,0.0,1000.0,TURNING_AROUND,load_zone_26,dump_zone_3,0.000258,0.000691
859.0,2026-07-02T14:58:42.430,1,-169.536,453.192,7.235,-0.5,1000.0,RETURNING_TO_START,load_zone_23,dump_zone_22,0.00025,0.00067
859.0,2026-07-02T14:58:42.430,2,-101.197,521.947,7.2,0.0,0.0,TURNING_AROUND,dump_zone_23,load_zone_23,0.000255,0.000683
859.0,2026-07-02T14:58:42.430,3,704.233,-193.146,5.4,0.0,1000.0,TURNING_AROUND,load_zone_26,dump_zone_3,0.000256,0.000686
860.0,2026-07-02T14:58:43.029,1,-167.836,453.49,5.435,-0.5,1000.0,RETURNING_TO_START,load_zone_23,dump_zone_22,0.00025,0.00067
860.0,2026-07-02T14:58:43.029,2,-99.45,522.878,7.2,0.0,0.0,TURNING_AROUND,dump_zone_23,load_zone_23,0.000255,0.000683
860.0,2026-07-02T14:58:43.029,3,705.55,-192.632,7.2,0.0,1000.0,TURNING_AROUND,load_zone_26,dump_zone_3,0.000258,0.000691
861.0,2026-07-02T14:58:43.940,1,-166.536,453.217,4.76,0.25,1000.0,RETURNING_TO_START,load_zone_23,dump_zone_22,0.000261,0.000699
861.0,2026-07-02T14:58:43.940,2,-100.079,522.989,5.4,0.0,0.0,TURNING_AROUND,dump_zone_23,load_zone_23,0.000253,0.000678
861.0,2026-07-02T14:58:43.940,3,706.449,-191.949,5.4,0.0,1000.0,TURNING_AROUND,load_zone_26,dump_zone_3,0.000256,0.000686
862.0,2026-07-02T14:58:44.556,1,-165.16,452.306,7.46,1.0,1000.0,RETURNING_TO_START,load_zone_23,dump_zone_22,0.000298,0.000799
862.0,2026-07-02T14:58:44.556,2,-99.102,522.42,7.2,0.0,0.0,TURNING_AROUND,dump_zone_23,load_zone_23,0.000255,0.000683
862.0,2026-07-02T14:58:44.556,3,706.063,-192.645,0.0,0.0,1000.0,RETURNING_TO_START,load_zone_26,dump_zone_3,0.00025,0.00067
863.0,2026-07-02T14:58:46.485,1,-164.065,449.984,11.06,1.0,1000.0,RETURNING_TO_START,load_zone_23,dump_zone_22,0.000321,0.00086
863.0,2026-07-02T14:58:46.485,2,-98.121,521.404,5.4,0.0,0.0,TURNING_AROUND,dump_zone_23,load_zone_23,0.000253,0.000678
863.0,2026-07-02T14:58:46.485,3,706.063,-192.612,0.525,0.5,1000.0,RETURNING_TO_START,load_zone_26,dump_zone_3,0.000252,0.000675
864.0,2026-07-02T14:58:48.988,1,-165.218,446.736,13.96,0.4167,1000.0,RETURNING_TO_START,load_zone_23,dump_zone_22,0.000296,0.000793
864.0,2026-07-02T14:58:48.988,2,-98.421,522.224,0.0,-0.1667,0.0,GOING_TO_ENDPOINT,dump_zone_23,load_zone_23,0.00025,0.00067
864.0,2026-07-02T14:58:48.988,3,706.012,-192.02,3.75,1.0,1000.0,RETURNING_TO_START,load_zone_26,dump_zone_3,0.000274,0.000734
865.0,2026-07-02T14:58:52.701,1,-168.64,445.037,13.535,-0.5,1000.0,RETURNING_TO_START,load_zone_23,dump_zone_22,0.00025,0.00067
865.0,2026-07-02T14:58:52.701,2,-98.421,522.096,1.375,0.8333,0.0,GOING_TO_ENDPOINT,dump_zone_23,load_zone_23,0.000255,0.000683
865.0,2026-07-02T14:58:52.701,3,705.446,-190.553,7.35,1.0,1000.0,RETURNING_TO_START,load_zone_26,dump_zone_3,0.000297,0.000796
866.0,2026-07-02T14:58:57.849,1,-171.784,446.281,11.735,-0.5,1000.0,RETURNING_TO_START,load_zone_23,dump_zone_22,0.00025,0.00067
866.0,2026-07-02T14:58:57.849,2,-98.404,521.18,4.95,1.0,0.0,GOING_TO_ENDPOINT,dump_zone_23,load_zone_23,0.000269,0.000721
866.0,2026-07-02T14:58:57.849,3,703.606,-188.756,10.95,1.0,1000.0,RETURNING_TO_START,load_zone_26,dump_zone_3,0.000321,0.00086
867.0,2026-07-02T14:59:01.971,1,-172.892,448.983,9.935,-0.5,1000.0,RETURNING_TO_START,load_zone_23,dump_zone_22,0.00025,0.00067
867.0,2026-07-02T14:59:01.971,2,-98.253,519.27,8.55,1.0,0.0,GOING_TO_ENDPOINT,dump_zone_23,load_zone_23,0.000283,0.000758
867.0,2026-07-02T14:59:01.971,3,701.003,-186.296,14.55,1.0,1000.0,RETURNING_TO_START,load_zone_26,dump_zone_3,0.000344,0.000922
868.0,2026-07-02T14:59:05.292,1,-172.191,451.331,8.135,-0.5,1000.0,RETURNING_TO_START,load_zone_23,dump_zone_22,0.00025,0.00067
868.0,2026-07-02T14:59:05.292,2,-97.996,516.364,12.15,1.0,0.0,GOING_TO_ENDPOINT,dump_zone_23,load_zone_23,0.000297,0.000796
868.0,2026-07-02T14:59:05.292,3,698.335,-182.605,18.15,1.0,1000.0,RETURNING_TO_START,load_zone_26,dump_zone_3,0.000367,0.000984
869.0,2026-07-02T14:59:08.269,1,-170.718,452.637,6.335,-0.5,1000.0,RETURNING_TO_START,load_zone_23,dump_zone_22,0.00025,0.00067
869.0,2026-07-02T14:59:08.269,2,-97.724,512.457,15.75,1.0,0.0,GOING_TO_ENDPOINT,dump_zone_23,load_zone_23,0.000311,0.000833
869.0,2026-07-02T14:59:08.269,3,697.48,-177.209,20.625,0.25,1000.0,RETURNING_TO_START,load_zone_26,dump_zone_3,0.0003,0.000804
870.0,2026-07-02T14:59:10.674,1,-169.305,453.087,4.535,-0.5,1000.0,RETURNING_TO_START,load_zone_23,dump_zone_22,0.00025,0.00067
870.0,2026-07-02T14:59:10.674,2,-97.532,507.545,19.35,1.0,0.0,GOING_TO_ENDPOINT,dump_zone_23,load_zone_23,0.000325,0.000871
870.0,2026-07-02T14:59:10.674,3,697.473,-171.549,19.725,-0.5,1000.0,RETURNING_TO_START,load_zone_26,dump_zone_3,0.00025,0.00067
871.0,2026-07-02T14:59:13.356,1,-168.382,453.438,2.735,-0.5,1000.0,UNLOADING,load_zone_23,dump_zone_22,0.00025,0.00067
871.0,2026-07-02T14:59:13.356,2,-97.493,501.628,22.95,1.0,0.0,GOING_TO_ENDPOINT,dump_zone_23,load_zone_23,0.000339,0.000909
871.0,2026-07-02T14:59:13.356,3,697.501,-166.341,17.925,-0.5,1000.0,RETURNING_TO_START,load_zone_26,dump_zone_3,0.00025,0.00067
872.0,2026-07-02T14:59:16.514,1,-167.964,453.69,0.935,-0.5,1000.0,UNLOADING,load_zone_23,dump_zone_22,0.00025,0.00067
872.0,2026-07-02T14:59:16.514,2,-97.499,494.721,26.425,0.9167,0.0,GOING_TO_ENDPOINT,dump_zone_23,load_zone_23,0.000345,0.000925
872.0,2026-07-02T14:59:16.514,3,697.501,-161.633,16.125,-0.5,1000.0,RETURNING_TO_START,load_zone_26,dump_zone_3,0.00025,0.00067
873.0,2026-07-02T14:59:19.811,1,-167.917,453.722,0.0,-0.5,1000.0,UNLOADING,load_zone_23,dump_zone_22,0.00025,0.00067
873.0,2026-07-02T14:59:19.811,2,-97.5,487.095,27.775,-0.0833,0.0,GOING_TO_ENDPOINT,dump_zone_23,load_zone_23,0.00026,0.000697
873.0,2026-07-02T14:59:19.811,3,697.5,-157.424,14.325,-0.5,1000.0,RETURNING_TO_START,load_zone_26,dump_zone_3,0.00025,0.00067
874.0,2026-07-02T14:59:23.319,1,-167.335,454.046,7.2,0.0,0.0,TURNING_AROUND,dump_zone_22,load_zone_23,0.000255,0.000683
874.0,2026-07-02T14:59:23.319,2,-97.5,479.461,27.126,-0.2215,0.0,GOING_TO_ENDPOINT,dump_zone_23,load_zone_23,0.00025,0.00067
874.0,2026-07-02T14:59:23.319,3,697.5,-153.716,12.525,-0.5,1000.0,RETURNING_TO_START,load_zone_26,dump_zone_3,0.00025,0.00067
875.0,2026-07-02T14:59:27.225,1,-166.545,454.309,0.0,-0.0,0.0,GOING_TO_ENDPOINT,dump_zone_22,load_zone_23,0.00025,0.00067
875.0,2026-07-02T14:59:27.225,2,-97.5,471.924,27.105,0.0019,0.0,GOING_TO_ENDPOINT,dump_zone_23,load_zone_23,0.000267,0.000716
875.0,2026-07-02T14:59:27.225,3,697.311,-150.525,10.75,-0.4167,1000.0,RETURNING_TO_START,load_zone_26,dump_zone_3,0.00025,0.00067
876.0,2026-07-02T14:59:31.453,1,-166.335,454.308,1.95,1.0,0.0,GOING_TO_ENDPOINT,dump_zone_22,load_zone_23,0.000258,0.000691
876.0,2026-07-02T14:59:31.453,2,-97.5,464.298,27.922,0.3852,0.0,GOING_TO_ENDPOINT,dump_zone_23,load_zone_23,0.000302,0.000809
876.0,2026-07-02T14:59:31.453,3,695.66,-148.089,11.2,0.5833,1000.0,RETURNING_TO_START,load_zone_26,dump_zone_3,0.000297,0.000796
877.0,2026-07-02T14:59:35.521,1,-165.254,454.238,5.55,1.0,0.0,GOING_TO_ENDPOINT,dump_zone_22,load_zone_23,0.000271,0.000726
877.0,2026-07-02T14:59:35.521,2,-97.5,456.367,28.821,-0.0451,0.0,GOING_TO_ENDPOINT,dump_zone_23,load_zone_23,0.000264,0.000708
877.0,2026-07-02T14:59:35.521,3,692.919,-145.775,14.55,1.0,1000.0,RETURNING_TO_START,load_zone_26,dump_zone_3,0.000344,0.000922
878.0,2026-07-02T14:59:39.149,1,-163.196,453.919,9.15,1.0,0.0,GOING_TO_ENDPOINT,dump_zone_22,load_zone_23,0.000285,0.000764
878.0,2026-07-02T14:59:39.149,2,-97.5,448.505,27.79,-0.25,0.0,GOING_TO_ENDPOINT,dump_zone_23,load_zone_23,0.00025,0.00067
878.0,2026-07-02T14:59:39.149,3,689.415,-142.821,18.15,1.0,1000.0,RETURNING_TO_START,load_zone_26,dump_zone_3,0.000367,0.000984
879.0,2026-07-02T14:59:44.296,1,-160.152,453.43,12.75,1.0,0.0,GOING_TO_ENDPOINT,dump_zone_22,load_zone_23,0.000299,0.000801
879.0,2026-07-02T14:59:44.296,2,-97.5,440.783,28.131,0.1363,0.0,GOING_TO_ENDPOINT,dump_zone_23,load_zone_23,0.00028,0.00075
879.0,2026-07-02T14:59:44.296,3,685.408,-138.955,21.523,0.8865,1000.0,RETURNING_TO_START,load_zone_26,dump_zone_3,0.000376,0.001008
880.0,2026-07-02T14:59:49.235,1,-156.101,452.925,16.35,1.0,0.0,GOING_TO_ENDPOINT,dump_zone_22,load_zone_23,0.000313,0.000839
880.0,2026-07-02T14:59:49.235,2,-97.5,432.969,27.742,-0.3736,0.0,GOING_TO_ENDPOINT,dump_zone_23,load_zone_23,0.00025,0.00067
880.0,2026-07-02T14:59:49.235,3,680.931,-134.468,23.364,0.0532,1000.0,RETURNING_TO_START,load_zone_26,dump_zone_3,0.000281,0.000753
881.0,2026-07-02T14:59:53.656,1,-151.03,452.569,19.95,1.0,0.0,GOING_TO_ENDPOINT,dump_zone_22,load_zone_23,0.000327,0.000876
881.0,2026-07-02T14:59:53.656,2,-97.5,425.266,28.047,0.1264,0.0,GOING_TO_ENDPOINT,dump_zone_23,load_zone_23,0.000279,0.000748
881.0,2026-07-02T14:59:53.656,3,676.44,-129.975,22.41,-0.0833,1000.0,RETURNING_TO_START,load_zone_26,dump_zone_3,0.000264,0.000708
882.0,2026-07-02T14:59:58.246,1,-144.948,452.487,23.55,1.0,0.0,GOING_TO_ENDPOINT,dump_zone_22,load_zone_23,0.000341,0.000914
882.0,2026-07-02T14:59:58.246,2,-97.5,417.345,29.127,0.2933,0.0,GOING_TO_ENDPOINT,dump_zone_23,load_zone_23,0.000296,0.000793
882.0,2026-07-02T14:59:58.246,3,672.141,-125.676,21.135,-0.5,1000.0,RETURNING_TO_START,load_zone_26,dump_zone_3,0.00025,0.00067
883.0,2026-07-02T15:00:03.477,1,-137.871,452.499,27.0,0.75,0.0,GOING_TO_ENDPOINT,dump_zone_22,load_zone_23,0.000333,0.000892
883.0,2026-07-02T15:00:03.477,2,-97.5,409.301,28.362,-0.4404,0.0,GOING_TO_ENDPOINT,dump_zone_23,load_zone_23,0.00025,0.00067
883.0,2026-07-02T15:00:03.477,3,668.181,-121.716,19.335,-0.5,1000.0,RETURNING_TO_START,load_zone_26,dump_zone_3,0.00025,0.00067
884.0,2026-07-02T15:00:06.919,1,-130.175,452.502,27.75,-0.25,0.0,GOING_TO_ENDPOINT,dump_zone_22,load_zone_23,0.00025,0.00067
884.0,2026-07-02T15:00:06.919,2,-97.5,401.64,27.28,0.0833,0.0,GOING_TO_ENDPOINT,dump_zone_23,load_zone_23,0.000275,0.000737
884.0,2026-07-02T15:00:06.919,3,664.575,-118.11,17.535,-0.5,1000.0,RETURNING_TO_START,load_zone_26,dump_zone_3,0.00025,0.00067
885.0,2026-07-02T15:00:11.160,1,-122.717,452.506,26.025,-0.5,0.0,GOING_TO_ENDPOINT,dump_zone_22,load_zone_23,0.00025,0.00067
885.0,2026-07-02T15:00:11.160,2,-97.5,393.921,27.991,-0.1298,0.0,GOING_TO_ENDPOINT,dump_zone_23,load_zone_23,0.000256,0.000686
885.0,2026-07-02T15:00:11.160,3,661.3,-114.836,15.909,-0.5,1000.0,RETURNING_TO_START,load_zone_26,dump_zone_3,0.00025,0.00067
886.0,2026-07-02T15:00:16.334,1,-115.759,452.547,24.225,-0.5,0.0,GOING_TO_ENDPOINT,dump_zone_22,load_zone_23,0.00025,0.00067
886.0,2026-07-02T15:00:16.334,2,-97.5,386.244,27.352,-0.228,0.0,GOING_TO_ENDPOINT,dump_zone_23,load_zone_23,0.00025,0.00067
886.0,2026-07-02T15:00:16.334,3,658.367,-111.903,14.109,-0.5,1000.0,RETURNING_TO_START,load_zone_26,dump_zone_3,0.00025,0.00067
887.0,2026-07-02T15:00:21.371,1,-109.315,452.262,22.425,-0.5,0.0,GOING_TO_ENDPOINT,dump_zone_22,load_zone_23,0.00025,0.00067
887.0,2026-07-02T15:00:21.371,2,-97.5,378.73,26.95,0.0919,0.0,GOING_TO_ENDPOINT,dump_zone_23,load_zone_23,0.000275,0.000737
887.0,2026-07-02T15:00:21.371,3,655.788,-109.323,12.309,-0.5,1000.0,RETURNING_TO_START,load_zone_26,dump_zone_3,0.00025,0.00067
888.0,2026-07-02T15:00:24.041,1,-103.452,451.234,20.625,-0.5,0.0,GOING_TO_ENDPOINT,dump_zone_22,load_zone_23,0.00025,0.00067
888.0,2026-07-02T15:00:24.041,2,-97.5,371.18,27.58,0.1752,0.0,GOING_TO_ENDPOINT,dump_zone_23,load_zone_23,0.000283,0.000758
888.0,2026-07-02T15:00:24.041,3,653.561,-107.097,10.534,-0.4167,1000.0,RETURNING_TO_START,load_zone_26,dump_zone_3,0.00025,0.00067
889.0,2026-07-02T15:00:26.790,1,-98.228,452.581,18.825,-0.5,0.0,GOING_TO_ENDPOINT,dump_zone_22,load_zone_23,0.00025,0.00067
889.0,2026-07-02T15:00:26.790,2,-97.5,363.624,26.501,-0.5,0.0,GOING_TO_ENDPOINT,dump_zone_23,load_zone_23,0.00025,0.00067
889.0,2026-07-02T15:00:26.790,3,651.665,-105.201,8.959,-0.25,1000.0,RETURNING_TO_START,load_zone_26,dump_zone_3,0.00025,0.00067
890.0,2026-07-02T15:00:28.562,1,-94.22,450.222,17.025,-0.5,0.0,GOING_TO_ENDPOINT,dump_zone_22,load_zone_23,0.00025,0.00067
890.0,2026-07-02T15:00:28.562,2,-97.5,356.534,24.701,-0.5,0.0,GOING_TO_ENDPOINT,dump_zone_23,load_zone_23,0.00025,0.00067
890.0,2026-07-02T15:00:28.562,3,650.046,-103.578,7.464,-0.5,1000.0,RETURNING_TO_START,load_zone_26,dump_zone_3,0.00025,0.00067
891.0,2026-07-02T15:00:30.640,1,-94.718,445.963,15.6,-0.0833,0.0,GOING_TO_ENDPOINT,dump_zone_22,load_zone_23,0.000256,0.000686
891.0,2026-07-02T15:00:30.640,2,-97.5,349.943,22.901,-0.5,0.0,GOING_TO_ENDPOINT,dump_zone_23,load_zone_23,0.00025,0.00067
891.0,2026-07-02T15:00:30.640,3,648.652,-102.444,5.689,-0.4167,1000.0,RETURNING_TO_START,load_zone_26,dump_zone_3,0.00025,0.00067
892.0,2026-07-02T15:00:32.731,1,-96.25,441.747,17.25,0.9167,0.0,GOING_TO_ENDPOINT,dump_zone_22,load_zone_23,0.000312,0.000836
892.0,2026-07-02T15:00:32.731,2,-97.5,343.853,21.101,-0.5,0.0,GOING_TO_ENDPOINT,dump_zone_23,load_zone_23,0.00025,0.00067
892.0,2026-07-02T15:00:32.731,3,647.171,-101.967,6.139,0.5833,1000.0,RETURNING_TO_START,load_zone_26,dump_zone_3,0.000276,0.00074
893.0,2026-07-02T15:00:34.246,1,-97.219,436.508,20.85,1.0,0.0,GOING_TO_ENDPOINT,dump_zone_22,load_zone_23,0.000331,0.000887
893.0,2026-07-02T15:00:34.246,2,-97.5,338.262,19.301,-0.5,0.0,GOING_TO_ENDPOINT,dump_zone_23,load_zone_23,0.00025,0.00067
893.0,2026-07-02T15:00:34.246,3,644.99,-101.956,9.489,1.0,1000.0,RETURNING_TO_START,load_zone_26,dump_zone_3,0.000311,0.000833
894.0,2026-07-02T15:00:35.735,1,-97.489,430.183,24.45,1.0,0.0,GOING_TO_ENDPOINT,dump_zone_22,load_zone_23,0.000345,0.000925
894.0,2026-07-02T15:00:35.735,2,-97.5,333.172,17.501,-0.5,0.0,GOING_TO_ENDPOINT,dump_zone_23,load_zone_23,0.00025,0.00067
894.0,2026-07-02T15:00:35.735,3,641.821,-102.177,13.089,1.0,1000.0,RETURNING_TO_START,load_zone_26,dump_zone_3,0.000334,0.000895
895.0,2026-07-02T15:00:38.107,1,-97.501,422.905,27.625,0.9167,0.0,GOING_TO_ENDPOINT,dump_zone_22,load_zone_23,0.000349,0.000935
895.0,2026-07-02T15:00:38.107,2,-97.659,328.596,15.701,-0.5,0.0,GOING_TO_ENDPOINT,dump_zone_23,load_zone_23,0.00025,0.00067
895.0,2026-07-02T15:00:38.107,3,637.651,-102.428,16.689,1.0,1000.0,RETURNING_TO_START,load_zone_26,dump_zone_3,0.000358,0.000959
896.0,2026-07-02T15:00:41.813,1,-97.5,414.946,28.975,-0.0833,0.0,GOING_TO_ENDPOINT,dump_zone_22,load_zone_23,0.000261,0.000699
896.0,2026-07-02T15:00:41.813,2,-100.446,325.843,13.901,-0.5,0.0,GOING_TO_ENDPOINT,dump_zone_23,load_zone_23,0.00025,0.00067
896.0,2026-07-02T15:00:41.813,3,632.523,-102.501,19.589,0.4167,1000.0,RETURNING_TO_START,load_zone_26,dump_zone_3,0.000315,0.000844
897.0,2026-07-02T15:00:44.312,1,-97.5,407.104,27.45,-0.4167,0.0,GOING_TO_ENDPOINT,dump_zone_22,load_zone_23,0.00025,0.00067
897.0,2026-07-02T15:00:44.312,2,-103.866,326.451,12.101,-0.5,0.0,GOING_TO_ENDPOINT,dump_zone_23,load_zone_23,0.00025,0.00067
897.0,2026-07-02T15:00:44.312,3,627.066,-102.501,19.164,-0.5,1000.0,RETURNING_TO_START,load_zone_26,dump_zone_3,0.00025,0.00067
898.0,2026-07-02T15:00:46.113,1,-97.5,399.659,26.175,-0.25,0.0,GOING_TO_ENDPOINT,dump_zone_22,load_zone_23,0.00025,0.00067
898.0,2026-07-02T15:00:46.113,2,-105.48,328.999,10.301,-0.5,0.0,GOING_TO_ENDPOINT,dump_zone_23,load_zone_23,0.00025,0.00067
898.0,2026-07-02T15:00:46.113,3,622.014,-102.5,17.364,-0.5,1000.0,RETURNING_TO_START,load_zone_26,dump_zone_3,0.00025,0.00067
899.0,2026-07-02T15:00:48.696,1,-97.5,392.313,27.206,0.6867,0.0,GOING_TO_ENDPOINT,dump_zone_22,load_zone_23,0.000328,0.000879
899.0,2026-07-02T15:00:48.696,2,-105.123,331.52,8.501,-0.5,0.0,GOING_TO_ENDPOINT,dump_zone_23,load_zone_23,0.00025,0.00067
899.0,2026-07-02T15:00:48.696,3,617.461,-102.5,15.564,-0.5,1000.0,RETURNING_TO_START,load_zone_26,dump_zone_3,0.00025,0.00067
900.0,2026-07-02T15:00:50.785,1,-97.5,384.421,29.152,0.1941,0.0,GOING_TO_ENDPOINT,dump_zone_22,load_zone_23,0.000287,0.000769
900.0,2026-07-02T15:00:50.785,2,-103.617,333.16,8.351,0.4167,0.0,GOING_TO_ENDPOINT,dump_zone_23,load_zone_23,0.000267,0.000716
900.0,2026-07-02T15:00:50.785,3,613.409,-102.5,13.764,-0.5,1000.0,RETURNING_TO_START,load_zone_26,dump_zone_3,0.00025,0.00067
901.0,2026-07-02T15:00:53.145,1,-97.5,376.414,28.218,-0.4167,0.0,GOING_TO_ENDPOINT,dump_zone_22,load_zone_23,0.00025,0.00067
901.0,2026-07-02T15:00:53.145,2,-100.988,333.688,11.426,1.0,0.0,GOING_TO_ENDPOINT,dump_zone_23,load_zone_23,0.000294,0.000788
901.0,2026-07-02T15:00:53.145,3,609.857,-102.5,11.964,-0.5,1000.0,RETURNING_TO_START,load_zone_26,dump_zone_3,0.00025,0.00067
902.0,2026-07-02T15:00:55.572,1,-97.5,368.816,26.712,-0.5,0.0,GOING_TO_ENDPOINT,dump_zone_22,load_zone_23,0.00025,0.00067
902.0,2026-07-02T15:00:55.572,2,-98.113,331.699,13.901,0.25,0.0,GOING_TO_ENDPOINT,dump_zone_23,load_zone_23,0.00027,0.000724
902.0,2026-07-02T15:00:55.572,3,606.804,-102.5,10.164,-0.5,1000.0,RETURNING_TO_START,load_zone_26,dump_zone_3,0.00025,0.00067
903.0,2026-07-02T15:00:57.568,1,-97.5,361.667,24.912,-0.5,0.0,GOING_TO_ENDPOINT,dump_zone_22,load_zone_23,0.00025,0.00067
903.0,2026-07-02T15:00:57.568,2,-97.978,328.048,13.001,-0.5,0.0,GOING_TO_ENDPOINT,dump_zone_23,load_zone_23,0.00025,0.00067
903.0,2026-07-02T15:00:57.568,3,604.252,-102.5,8.364,-0.5,1000.0,RETURNING_TO_START,load_zone_26,dump_zone_3,0.00025,0.00067
904.0,2026-07-02T15:00:59.520,1,-97.5,355.017,23.112,-0.5,0.0,GOING_TO_ENDPOINT,dump_zone_22,load_zone_23,0.00025,0.00067
904.0,2026-07-02T15:00:59.520,2,-100.416,325.906,11.201,-0.5,0.0,GOING_TO_ENDPOINT,dump_zone_23,load_zone_23,0.00025,0.00067
904.0,2026-07-02T15:00:59.520,3,602.198,-102.495,6.594,-0.4167,1000.0,RETURNING_TO_START,load_zone_26,dump_zone_3,0.00025,0.00067
905.0,2026-07-02T15:01:01.615,1,-97.5,348.868,21.312,-0.5,0.0,GOING_TO_ENDPOINT,dump_zone_22,load_zone_23,0.00025,0.00067
905.0,2026-07-02T15:01:01.615,2,-103.196,326.037,9.401,-0.5,0.0,GOING_TO_ENDPOINT,dump_zone_23,load_zone_23,0.00025,0.00067
905.0,2026-07-02T15:01:01.615,3,600.537,-102.297,5.994,0.25,1000.0,RETURNING_TO_START,load_zone_26,dump_zone_3,0.000264,0.000708
906.0,2026-07-02T15:01:04.746,1,-97.5,343.219,19.512,-0.5,0.0,GOING_TO_ENDPOINT,dump_zone_22,load_zone_23,0.00025,0.00067
906.0,2026-07-02T15:01:04.746,2,-104.976,327.505,7.601,-0.5,0.0,GOING_TO_ENDPOINT,dump_zone_23,load_zone_23,0.00025,0.00067
906.0,2026-07-02T15:01:04.746,3,598.797,-101.343,8.669,0.9167,1000.0,RETURNING_TO_START,load_zone_26,dump_zone_3,0.000302,0.000809
907.0,2026-07-02T15:01:08.233,1,-97.5,338.07,17.712,-0.5,0.0,GOING_TO_ENDPOINT,dump_zone_22,load_zone_23,0.00025,0.00067
907.0,2026-07-02T15:01:08.233,2,-105.625,329.21,5.801,-0.5,0.0,GOING_TO_ENDPOINT,dump_zone_23,load_zone_23,0.00025,0.00067
907.0,2026-07-02T15:01:08.233,3,597.55,-99.005,10.019,-0.0833,1000.0,RETURNING_TO_START,load_zone_26,dump_zone_3,0.000256,0.000686
908.0,2026-07-02T15:01:10.944,1,-97.5,333.421,15.912,-0.5,0.0,GOING_TO_ENDPOINT,dump_zone_22,load_zone_23,0.00025,0.00067
908.0,2026-07-02T15:01:10.944,2,-105.564,330.647,4.94,0.0326,0.0,GOING_TO_ENDPOINT,dump_zone_23,load_zone_23,0.000254,0.000681
908.0,2026-07-02T15:01:10.944,3,597.378,-96.294,10.019,0.4167,1000.0,RETURNING_TO_START,load_zone_26,dump_zone_3,0.000283,0.000758
909.0,2026-07-02T15:01:13.806,1,-97.854,329.322,14.112,-0.5,0.0,GOING_TO_ENDPOINT,dump_zone_22,load_zone_23,0.00025,0.00067
909.0,2026-07-02T15:01:13.806,2,-104.907,332.094,6.997,1.0,0.0,GOING_TO_ENDPOINT,dump_zone_23,load_zone_23,0.000277,0.000742
909.0,2026-07-02T15:01:13.806,3,597.392,-93.095,13.094,1.0,1000.0,RETURNING_TO_START,load_zone_26,dump_zone_3,0.000334,0.000895
910.0,2026-07-02T15:01:17.614,1,-100.564,327.066,12.312,-0.5,0.0,GOING_TO_ENDPOINT,dump_zone_22,load_zone_23,0.00025,0.00067
910.0,2026-07-02T15:01:17.614,2,-102.925,333.525,10.597,1.0,0.0,GOING_TO_ENDPOINT,dump_zone_23,load_zone_23,0.000291,0.00078
910.0,2026-07-02T15:01:17.614,3,597.459,-88.917,16.694,1.0,1000.0,RETURNING_TO_START,load_zone_26,dump_zone_3,0.000358,0.000959
911.0,2026-07-02T15:01:21.972,1,-103.6,327.527,10.512,-0.5,0.0,GOING_TO_ENDPOINT,dump_zone_22,load_zone_23,0.00025,0.00067
911.0,2026-07-02T15:01:21.972,2,-99.594,333.094,13.839,0.597,0.0,GOING_TO_ENDPOINT,dump_zone_23,load_zone_23,0.000285,0.000764
911.0,2026-07-02T15:01:21.972,3,597.498,-83.738,20.294,1.0,1000.0,RETURNING_TO_START,load_zone_26,dump_zone_3,0.000381,0.001021
912.0,2026-07-02T15:01:25.923,1,-105.276,329.517,8.712,-0.5,0.0,GOING_TO_ENDPOINT,dump_zone_22,load_zone_23,0.00025,0.00067
912.0,2026-07-02T15:01:25.923,2,-97.141,330.073,14.038,-0.403,0.0,GOING_TO_ENDPOINT,dump_zone_23,load_zone_23,0.00025,0.00067
912.0,2026-07-02T15:01:25.923,3,597.5,-77.618,23.181,0.4762,1000.0,RETURNING_TO_START,load_zone_26,dump_zone_3,0.000334,0.000895
913.0,2026-07-02T15:01:30.839,1,-105.5,331.629,6.912,-0.5,0.0,GOING_TO_ENDPOINT,dump_zone_22,load_zone_23,0.00025,0.00067
913.0,2026-07-02T15:01:30.839,2,-97.637,326.599,12.242,-0.5,0.0,GOING_TO_ENDPOINT,dump_zone_23,load_zone_23,0.00025,0.00067
913.0,2026-07-02T15:01:30.839,3,597.5,-71.12,23.246,-0.0238,1000.0,RETURNING_TO_START,load_zone_26,dump_zone_3,0.000272,0.000729
914.0,2026-07-02T15:01:34.912,1,-104.822,333.295,6.762,0.4167,0.0,GOING_TO_ENDPOINT,dump_zone_22,load_zone_23,0.000263,0.000705
914.0,2026-07-02T15:01:34.912,2,-100.175,324.904,10.442,-0.5,0.0,GOING_TO_ENDPOINT,dump_zone_23,load_zone_23,0.00025,0.00067
914.0,2026-07-02T15:01:34.912,3,597.5,-64.578,23.671,0.0488,1000.0,RETURNING_TO_START,load_zone_26,dump_zone_3,0.000281,0.000753
915.0,2026-07-02T15:01:39.606,1,-103.042,334.692,9.837,1.0,0.0,GOING_TO_ENDPOINT,dump_zone_22,load_zone_23,0.000288,0.000772
915.0,2026-07-02T15:01:39.606,2,-102.739,325.229,8.642,-0.5,0.0,GOING_TO_ENDPOINT,dump_zone_23,load_zone_23,0.00025,0.00067
915.0,2026-07-02T15:01:39.606,3,597.5,-58.016,23.185,-0.3462,1000.0,RETURNING_TO_START,load_zone_26,dump_zone_3,0.00025,0.00067
916.0,2026-07-02T15:01:45.464,1,-99.867,334.563,13.325,0.8138,0.0,GOING_TO_ENDPOINT,dump_zone_22,load_zone_23,0.000294,0.000788
916.0,2026-07-02T15:01:45.464,2,-104.327,326.611,6.867,-0.4167,0.0,GOING_TO_ENDPOINT,dump_zone_23,load_zone_23,0.00025,0.00067
916.0,2026-07-02T15:01:45.464,3,597.5,-51.749,22.189,-0.0128,1000.0,RETURNING_TO_START,load_zone_26,dump_zone_3,0.000272,0.000729
917.0,2026-07-02T15:01:50.325,1,-97.378,331.628,14.305,-0.1862,0.0,GOING_TO_ENDPOINT,dump_zone_22,load_zone_23,0.00025,0.00067
917.0,2026-07-02T15:01:50.325,2,-104.966,328.265,6.217,-0.0833,0.0,GOING_TO_ENDPOINT,dump_zone_23,load_zone_23,0.000252,0.000675
917.0,2026-07-02T15:01:50.325,3,597.5,-45.607,22.237,0.1943,1000.0,RETURNING_TO_START,load_zone_26,dump_zone_3,0.000297,0.000796
918.0,2026-07-02T15:01:54.574,1,-97.788,328.046,12.637,-0.5,0.0,GOING_TO_ENDPOINT,dump_zone_22,load_zone_23,0.00025,0.00067
918.0,2026-07-02T15:01:54.574,2,-104.792,330.131,7.817,0.75,0.0,GOING_TO_ENDPOINT,dump_zone_23,load_zone_23,0.000274,0.000734
918.0,2026-07-02T15:01:54.574,3,597.5,-39.373,22.787,0.361,1000.0,RETURNING_TO_START,load_zone_26,dump_zone_3,0.000318,0.000852
919.0,2026-07-02T15:01:58.494,1,-100.409,326.292,10.837,-0.5,0.0,GOING_TO_ENDPOINT,dump_zone_22,load_zone_23,0.00025,0.00067
919.0,2026-07-02T15:01:58.494,2,-103.192,332.164,11.067,1.0,0.0,GOING_TO_ENDPOINT,dump_zone_23,load_zone_23,0.000293,0.000785
919.0,2026-07-02T15:01:58.494,3,597.5,-32.827,23.836,0.0276,1000.0,RETURNING_TO_START,load_zone_26,dump_zone_3,0.000279,0.000748
920.0,2026-07-02T15:02:03.341,1,-103.065,326.701,9.037,-0.5,0.0,GOING_TO_ENDPOINT,dump_zone_22,load_zone_23,0.00025,0.00067
920.0,2026-07-02T15:02:03.341,2,-99.741,332.562,14.292,0.5833,0.0,GOING_TO_ENDPOINT,dump_zone_23,load_zone_23,0.000286,0.000766
920.0,2026-07-02T15:02:03.341,3,597.5,-26.241,23.362,-0.3507,1000.0,RETURNING_TO_START,load_zone_26,dump_zone_3,0.00025,0.00067
921.0,2026-07-02T15:02:07.984,1,-104.652,328.24,7.237,-0.5,0.0,GOING_TO_ENDPOINT,dump_zone_22,load_zone_23,0.00025,0.00067
921.0,2026-07-02T15:02:07.984,2,-97.007,329.71,14.442,-0.4167,0.0,GOING_TO_ENDPOINT,dump_zone_23,load_zone_23,0.00025,0.00067
921.0,2026-07-02T15:02:07.984,3,597.5,-19.806,23.249,0.0659,1000.0,RETURNING_TO_START,load_zone_26,dump_zone_3,0.000283,0.000758
922.0,2026-07-02T15:02:12.949,1,-105.176,329.885,5.437,-0.5,0.0,GOING_TO_ENDPOINT,dump_zone_22,load_zone_23,0.00025,0.00067
922.0,2026-07-02T15:02:12.949,2,-97.502,326.136,12.642,-0.5,0.0,GOING_TO_ENDPOINT,dump_zone_23,load_zone_23,0.00025,0.00067
922.0,2026-07-02T15:02:12.949,3,597.5,-13.415,22.743,-0.0436,1000.0,RETURNING_TO_START,load_zone_26,dump_zone_3,0.000269,0.000721
923.0,2026-07-02T15:02:17.832,1,-105.098,331.138,4.017,-0.0811,0.0,GOING_TO_ENDPOINT,dump_zone_22,load_zone_23,0.000251,0.000673
923.0,2026-07-02T15:02:17.832,2,-100.166,324.445,10.842,-0.5,0.0,GOING_TO_ENDPOINT,dump_zone_23,load_zone_23,0.00025,0.00067
923.0,2026-07-02T15:02:17.832,3,597.5,-6.951,23.786,0.123,1000.0,RETURNING_TO_START,load_zone_26,dump_zone_3,0.000291,0.00078
924.0,2026-07-02T15:02:22.669,1,-104.625,332.324,5.675,0.9189,0.0,GOING_TO_ENDPOINT,dump_zone_22,load_zone_23,0.00027,0.000724
924.0,2026-07-02T15:02:22.669,2,-102.812,324.92,9.042,-0.5,0.0,GOING_TO_ENDPOINT,dump_zone_23,load_zone_23,0.00025,0.00067
924.0,2026-07-02T15:02:22.669,3,597.5,-0.441,22.862,-0.4167,1000.0,RETURNING_TO_START,load_zone_26,dump_zone_3,0.00025,0.00067
925.0,2026-07-02T15:02:26.941,1,-103.103,333.76,9.275,1.0,0.0,GOING_TO_ENDPOINT,dump_zone_22,load_zone_23,0.000286,0.000766
925.0,2026-07-02T15:02:26.941,2,-104.364,326.503,7.342,-0.4167,0.0,GOING_TO_ENDPOINT,dump_zone_23,load_zone_23,0.00025,0.00067
925.0,2026-07-02T15:02:26.941,3,597.5,5.725,21.873,0.0334,1000.0,RETURNING_TO_START,load_zone_26,dump_zone_3,0.000277,0.000742
926.0,2026-07-02T15:02:30.639,1,-100.078,334.039,12.85,0.9167,0.0,GOING_TO_ENDPOINT,dump_zone_22,load_zone_23,0.000296,0.000793
926.0,2026-07-02T15:02:30.639,2,-104.849,328.356,7.192,0.4167,0.0,GOING_TO_ENDPOINT,dump_zone_23,load_zone_23,0.000264,0.000708
926.0,2026-07-02T15:02:30.639,3,597.5,12.018,23.65,0.5555,1000.0,RETURNING_TO_START,load_zone_26,dump_zone_3,0.000346,0.000927
927.0,2026-07-02T15:02:34.848,1,-97.426,331.444,14.2,-0.0833,0.0,GOING_TO_ENDPOINT,dump_zone_22,load_zone_23,0.000255,0.000683
927.0,2026-07-02T15:02:34.848,2,-104.184,330.601,9.967,1.0,0.0,GOING_TO_ENDPOINT,dump_zone_23,load_zone_23,0.000289,0.000775
927.0,2026-07-02T15:02:34.848,3,597.5,18.72,24.174,-0.2068,1000.0,RETURNING_TO_START,load_zone_26,dump_zone_3,0.00025,0.00067
928.0,2026-07-02T15:02:40.840,1,-97.966,327.879,12.65,-0.5,0.0,GOING_TO_ENDPOINT,dump_zone_22,load_zone_23,0.00025,0.00067
928.0,2026-07-02T15:02:40.840,2,-101.463,332.314,13.566,0.9958,0.0,GOING_TO_ENDPOINT,dump_zone_23,load_zone_23,0.000302,0.000809
928.0,2026-07-02T15:02:40.840,3,597.5,25.251,22.968,-0.3432,1000.0,RETURNING_TO_START,load_zone_26,dump_zone_3,0.00025,0.00067
929.0,2026-07-02T15:02:44.291,1,-100.652,326.221,10.85,-0.5,0.0,GOING_TO_ENDPOINT,dump_zone_22,load_zone_23,0.00025,0.00067
929.0,2026-07-02T15:02:44.291,2,-97.784,330.852,15.501,0.0791,0.0,GOING_TO_ENDPOINT,dump_zone_23,load_zone_23,0.000264,0.000708
929.0,2026-07-02T15:02:44.291,3,597.5,31.543,22.803,0.3034,1000.0,RETURNING_TO_START,load_zone_26,dump_zone_3,0.000311,0.000833
930.0,2026-07-02T15:02:49.751,1,-103.294,326.731,9.05,-0.5,0.0,GOING_TO_ENDPOINT,dump_zone_22,load_zone_23,0.00025,0.00067
930.0,2026-07-02T15:02:49.751,2,-97.106,326.929,14.218,-0.5,0.0,GOING_TO_ENDPOINT,dump_zone_23,load_zone_23,0.00025,0.00067
930.0,2026-07-02T15:02:49.751,3,597.5,37.955,23.148,0.0108,1000.0,RETURNING_TO_START,load_zone_26,dump_zone_3,0.000276,0.00074
931.0,2026-07-02T15:02:56.790,1,-104.823,328.333,7.25,-0.5,0.0,GOING_TO_ENDPOINT,dump_zone_22,load_zone_23,0.00025,0.00067
931.0,2026-07-02T15:02:56.790,2,-99.658,324.457,12.418,-0.5,0.0,GOING_TO_ENDPOINT,dump_zone_23,load_zone_23,0.00025,0.00067
931.0,2026-07-02T15:02:56.790,3,597.5,44.5,24.237,0.3441,1000.0,RETURNING_TO_START,load_zone_26,dump_zone_3,0.000321,0.00086
932.0,2026-07-02T15:03:03.319,1,-105.283,330.0,5.45,-0.5,0.0,GOING_TO_ENDPOINT,dump_zone_22,load_zone_23,0.00025,0.00067
932.0,2026-07-02T15:03:03.319,2,-102.745,324.714,10.618,-0.5,0.0,GOING_TO_ENDPOINT,dump_zone_23,load_zone_23,0.00025,0.00067
932.0,2026-07-02T15:03:03.319,3,597.5,51.21,23.594,-0.5,1000.0,RETURNING_TO_START,load_zone_26,dump_zone_3,0.00025,0.00067
933.0,2026-07-02T15:03:10.685,1,-105.16,331.232,3.65,-0.5,0.0,GOING_TO_ENDPOINT,dump_zone_22,load_zone_23,0.00025,0.00067
933.0,2026-07-02T15:03:10.685,2,-104.558,326.619,8.818,-0.5,0.0,GOING_TO_ENDPOINT,dump_zone_23,load_zone_23,0.00025,0.00067
933.0,2026-07-02T15:03:10.685,3,597.5,57.582,22.711,0.0318,1000.0,RETURNING_TO_START,load_zone_26,dump_zone_3,0.000278,0.000745
934.0,2026-07-02T15:03:17.583,1,-104.911,331.931,1.85,-0.5,0.0,LOADING,dump_zone_22,load_zone_23,0.00025,0.00067
934.0,2026-07-02T15:03:17.583,2,-104.944,328.745,7.018,-0.5,0.0,GOING_TO_ENDPOINT,dump_zone_23,load_zone_23,0.00025,0.00067
934.0,2026-07-02T15:03:17.583,3,597.5,63.938,22.776,-0.1348,1000.0,RETURNING_TO_START,load_zone_26,dump_zone_3,0.000258,0.000691
935.0,2026-07-02T15:03:25.190,1,-104.801,332.151,0.125,-0.3333,0.0,LOADING,dump_zone_22,load_zone_23,0.00025,0.00067
935.0,2026-07-02T15:03:25.190,2,-104.567,330.368,5.218,-0.5,0.0,GOING_TO_ENDPOINT,dump_zone_23,load_zone_23,0.00025,0.00067
935.0,2026-07-02T15:03:25.190,3,597.5,70.171,22.584,0.3449,1000.0,RETURNING_TO_START,load_zone_26,dump_zone_3,0.000316,0.000847
936.0,2026-07-02T15:03:32.724,1,-104.773,332.203,0.6,0.1667,0.0,LOADING,dump_zone_22,load_zone_23,0.000251,0.000673
936.0,2026-07-02T15:03:32.724,2,-104.008,331.405,3.418,-0.5,0.0,LOADING,dump_zone_23,load_zone_23,0.00025,0.00067
936.0,2026-07-02T15:03:32.724,3,597.5,76.558,23.387,0.4417,1000.0,RETURNING_TO_START,load_zone_26,dump_zone_3,0.00033,0.000884
937.0,2026-07-02T15:03:38.787,1,-104.403,333.166,0.15,0.25,1000.0,RETURNING_TO_START,load_zone_23,dump_zone_22,0.00025,0.00067
937.0,2026-07-02T15:03:38.787,2,-103.77,332.04,1.618,-0.5,0.0,LOADING,dump_zone_23,load_zone_23,0.00025,0.00067
937.0,2026-07-02T15:03:38.787,3,597.5,83.173,23.627,-0.3917,1000.0,RETURNING_TO_START,load_zone_26,dump_zone_3,0.00025,0.00067
938.0,2026-07-02T15:03:46.041,1,-104.398,333.507,2.187,0.392,1000.0,RETURNING_TO_START,load_zone_23,dump_zone_22,0.000257,0.000689
938.0,2026-07-02T15:03:46.041,2,-103.718,332.217,0.0,-0.4167,0.0,LOADING,dump_zone_23,load_zone_23,0.00025,0.00067
938.0,2026-07-02T15:03:46.041,3,597.5,89.614,23.067,-0.0583,1000.0,RETURNING_TO_START,load_zone_26,dump_zone_3,0.000267,0.000716
939.0,2026-07-02T15:03:50.635,1,-104.339,334.145,2.031,-0.2587,1000.0,RETURNING_TO_START,load_zone_23,dump_zone_22,0.00025,0.00067
939.0,2026-07-02T15:03:50.635,2,-103.718,332.217,0.0,-0.0261,0.0,LOADING,dump_zone_23,load_zone_23,0.00025,0.00067
939.0,2026-07-02T15:03:50.635,3,597.5,96.061,23.723,0.4385,1000.0,RETURNING_TO_START,load_zone_26,dump_zone_3,0.000331,0.000887
940.0,2026-07-02T15:04:00.957,1,-104.276,334.574,1.199,-0.2023,1000.0,RETURNING_TO_START,load_zone_23,dump_zone_22,0.00025,0.00067
940.0,2026-07-02T15:04:00.957,2,-103.681,332.473,0.797,0.1405,1000.0,RETURNING_TO_START,load_zone_23,dump_zone_23,0.000251,0.000673
940.0,2026-07-02T15:04:00.957,3,597.5,102.679,23.402,-0.3949,1000.0,RETURNING_TO_START,load_zone_26,dump_zone_3,0.00025,0.00067
941.0,2026-07-02T15:04:06.642,1,-104.242,334.794,0.47,-0.2023,1000.0,RETURNING_TO_START,load_zone_23,dump_zone_22,0.00025,0.00067
941.0,2026-07-02T15:04:06.642,2,-103.681,332.59,0.0,-0.1667,1000.0,RETURNING_TO_START,load_zone_23,dump_zone_23,0.00025,0.00067
941.0,2026-07-02T15:04:06.642,3,597.5,109.071,22.78,-0.2282,1000.0,RETURNING_TO_START,load_zone_26,dump_zone_3,0.00025,0.00067
942.0,2026-07-02T15:04:14.324,1,-104.236,334.831,0.0,-0.5,1000.0,RETURNING_TO_START,load_zone_23,dump_zone_22,0.00025,0.00067
942.0,2026-07-02T15:04:14.324,2,-103.681,332.59,0.0,-0.0272,1000.0,RETURNING_TO_START,load_zone_23,dump_zone_23,0.00025,0.00067
942.0,2026-07-02T15:04:14.324,3,597.5,115.342,22.845,0.292,1000.0,RETURNING_TO_START,load_zone_26,dump_zone_3,0.00031,0.000831
943.0,2026-07-02T15:04:21.684,1,-104.236,334.831,0.0,-0.5,1000.0,RETURNING_TO_START,load_zone_23,dump_zone_22,0.00025,0.00067
943.0,2026-07-02T15:04:21.684,2,-103.681,332.59,0.0,-0.0378,1000.0,RETURNING_TO_START,load_zone_23,dump_zone_23,0.00025,0.00067
943.0,2026-07-02T15:04:21.684,3,597.5,121.733,23.346,0.4586,1000.0,RETURNING_TO_START,load_zone_26,dump_zone_3,0.000332,0.00089
944.0,2026-07-02T15:04:28.372,1,-104.236,334.831,0.0,-0.5,1000.0,RETURNING_TO_START,load_zone_23,dump_zone_22,0.00025,0.00067
944.0,2026-07-02T15:04:28.372,2,-103.681,332.59,0.0,-0.0064,1000.0,RETURNING_TO_START,load_zone_23,dump_zone_23,0.00025,0.00067
944.0,2026-07-02T15:04:28.372,3,597.5,128.355,23.864,-0.0955,1000.0,RETURNING_TO_START,load_zone_26,dump_zone_3,0.000263,0.000705
945.0,2026-07-02T15:04:35.863,1,-104.236,334.831,0.025,0.0833,1000.0,RETURNING_TO_START,load_zone_23,dump_zone_22,0.00025,0.00067
945.0,2026-07-02T15:04:35.863,2,-103.681,332.59,0.0,-0.0256,1000.0,RETURNING_TO_START,load_zone_23,dump_zone_23,0.00025,0.00067
945.0,2026-07-02T15:04:35.863,3,597.5,134.844,22.87,-0.4288,1000.0,RETURNING_TO_START,load_zone_26,dump_zone_3,0.00025,0.00067
946.0,2026-07-02T15:04:42.221,1,-104.194,335.09,2.25,1.0,1000.0,RETURNING_TO_START,load_zone_23,dump_zone_22,0.000265,0.00071
946.0,2026-07-02T15:04:42.221,2,-103.681,332.59,0.0,-0.0022,1000.0,RETURNING_TO_START,load_zone_23,dump_zone_23,0.00025,0.00067
946.0,2026-07-02T15:04:42.221,3,597.5,141.063,22.27,0.0833,1000.0,RETURNING_TO_START,load_zone_26,dump_zone_3,0.000284,0.000761
947.0,2026-07-02T15:04:51.108,1,-103.988,336.238,5.85,1.0,1000.0,RETURNING_TO_START,load_zone_23,dump_zone_22,0.000288,0.000772
947.0,2026-07-02T15:04:51.108,2,-103.681,332.59,0.0,-0.0067,1000.0,RETURNING_TO_START,load_zone_23,dump_zone_23,0.00025,0.00067
947.0,2026-07-02T15:04:51.108,3,597.5,147.437,23.796,0.4471,1000.0,RETURNING_TO_START,load_zone_26,dump_zone_3,0.000332,0.00089
948.0,2026-07-02T15:04:58.707,1,-103.521,338.354,9.45,1.0,1000.0,RETURNING_TO_START,load_zone_23,dump_zone_22,0.000311,0.000833
948.0,2026-07-02T15:04:58.707,2,-103.681,332.59,0.0,-0.0191,1000.0,RETURNING_TO_START,load_zone_23,dump_zone_23,0.00025,0.00067
948.0,2026-07-02T15:04:58.707,3,597.5,154.091,23.571,-0.5,1000.0,RETURNING_TO_START,load_zone_26,dump_zone_3,0.00025,0.00067
949.0,2026-07-02T15:05:02.474,1,-102.88,341.451,13.025,0.9167,1000.0,RETURNING_TO_START,load_zone_23,dump_zone_22,0.000328,0.000879
949.0,2026-07-02T15:05:02.474,2,-103.681,332.59,0.012,0.0414,1000.0,RETURNING_TO_START,load_zone_23,dump_zone_23,0.00025,0.00067
949.0,2026-07-02T15:05:02.474,3,597.5,160.367,21.771,-0.5,1000.0,RETURNING_TO_START,load_zone_26,dump_zone_3,0.00025,0.00067
950.0,2026-07-02T15:05:06.530,1,-102.544,345.556,16.45,1.0,1000.0,RETURNING_TO_START,load_zone_23,dump_zone_22,0.000356,0.000954
950.0,2026-07-02T15:05:06.530,2,-103.676,332.826,2.099,1.0,1000.0,RETURNING_TO_START,load_zone_23,dump_zone_23,0.000264,0.000708
950.0,2026-07-02T15:05:06.530,3,597.5,166.144,19.971,-0.5,1000.0,RETURNING_TO_START,load_zone_26,dump_zone_3,0.00025,0.00067
951.0,2026-07-02T15:05:10.669,1,-102.483,350.667,20.05,1.0,1000.0,RETURNING_TO_START,load_zone_23,dump_zone_22,0.000379,0.001016
951.0,2026-07-02T15:05:10.669,2,-103.6,333.948,5.699,1.0,1000.0,RETURNING_TO_START,load_zone_23,dump_zone_23,0.000287,0.000769
951.0,2026-07-02T15:05:10.669,3,597.5,171.421,18.171,-0.5,1000.0,RETURNING_TO_START,load_zone_26,dump_zone_3,0.00025,0.00067
952.0,2026-07-02T15:05:16.277,1,-102.5,356.738,23.156,0.6767,1000.0,RETURNING_TO_START,load_zone_23,dump_zone_22,0.000359,0.000962
952.0,2026-07-02T15:05:16.277,2,-103.336,336.056,9.299,1.0,1000.0,RETURNING_TO_START,load_zone_23,dump_zone_23,0.00031,0.000831
952.0,2026-07-02T15:05:16.277,3,597.5,176.198,16.371,-0.5,1000.0,RETURNING_TO_START,load_zone_26,dump_zone_3,0.00025,0.00067
953.0,2026-07-02T15:05:20.834,1,-102.5,363.326,23.642,-0.3233,1000.0,RETURNING_TO_START,load_zone_23,dump_zone_22,0.00025,0.00067
953.0,2026-07-02T15:05:20.834,2,-102.972,339.159,12.899,1.0,1000.0,RETURNING_TO_START,load_zone_23,dump_zone_23,0.000333,0.000892
953.0,2026-07-02T15:05:20.834,3,597.5,180.474,14.571,-0.5,1000.0,RETURNING_TO_START,load_zone_26,dump_zone_3,0.00025,0.00067
954.0,2026-07-02T15:05:24.454,1,-102.5,369.651,22.123,-0.25,1000.0,RETURNING_TO_START,load_zone_23,dump_zone_22,0.00025,0.00067
954.0,2026-07-02T15:05:24.454,2,-102.642,343.271,16.499,1.0,1000.0,RETURNING_TO_START,load_zone_23,dump_zone_23,0.000356,0.000954
954.0,2026-07-02T15:05:24.454,3,597.5,184.251,12.771,-0.5,1000.0,RETURNING_TO_START,load_zone_26,dump_zone_3,0.00025,0.00067
955.0,2026-07-02T15:05:28.784,1,-102.5,375.859,22.873,0.25,1000.0,RETURNING_TO_START,load_zone_23,dump_zone_22,0.000305,0.000817
955.0,2026-07-02T15:05:28.784,2,-102.505,348.393,20.099,1.0,1000.0,RETURNING_TO_START,load_zone_23,dump_zone_23,0.00038,0.001018
955.0,2026-07-02T15:05:28.784,3,597.336,187.519,10.971,-0.5,1000.0,RETURNING_TO_START,load_zone_26,dump_zone_3,0.00025,0.00067
956.0,2026-07-02T15:05:33.769,1,-102.5,382.288,23.126,0.0018,1000.0,RETURNING_TO_START,load_zone_23,dump_zone_22,0.000275,0.000737
956.0,2026-07-02T15:05:33.769,2,-102.498,354.494,23.402,0.682,1000.0,RETURNING_TO_START,load_zone_23,dump_zone_23,0.000361,0.000967
956.0,2026-07-02T15:05:33.769,3,596.34,190.102,9.171,-0.5,1000.0,RETURNING_TO_START,load_zone_26,dump_zone_3,0.00025,0.00067
957.0,2026-07-02T15:05:38.280,1,-102.5,388.826,23.683,-0.1649,1000.0,RETURNING_TO_START,load_zone_23,dump_zone_22,0.000254,0.000681
957.0,2026-07-02T15:05:38.280,2,-102.5,361.182,24.136,-0.2418,1000.0,RETURNING_TO_START,load_zone_23,dump_zone_23,0.00025,0.00067
957.0,2026-07-02T15:05:38.280,3,595.71,192.284,7.371,-0.5,1000.0,RETURNING_TO_START,load_zone_26,dump_zone_3,0.00025,0.00067
958.0,2026-07-02T15:05:43.214,1,-102.5,395.324,23.202,-0.1593,1000.0,RETURNING_TO_START,load_zone_23,dump_zone_22,0.000255,0.000683
958.0,2026-07-02T15:05:43.214,2,-102.5,367.653,22.511,-0.4542,1000.0,RETURNING_TO_START,load_zone_23,dump_zone_23,0.00025,0.00067
958.0,2026-07-02T15:05:43.214,3,595.534,194.07,5.696,-0.4167,1000.0,RETURNING_TO_START,load_zone_26,dump_zone_3,0.00025,0.00067
959.0,2026-07-02T15:05:49.565,1,-102.5,401.728,22.826,-0.1718,1000.0,RETURNING_TO_START,load_zone_23,dump_zone_22,0.000253,0.000678
959.0,2026-07-02T15:05:49.565,2,-102.5,373.809,22.26,0.2394,1000.0,RETURNING_TO_START,load_zone_23,dump_zone_23,0.000302,0.000809
959.0,2026-07-02T15:05:49.565,3,595.598,195.462,4.752,0.0743,1000.0,RETURNING_TO_START,load_zone_26,dump_zone_3,0.000257,0.000689
960.0,2026-07-02T15:05:55.166,1,-102.5,408.049,22.933,0.1414,1000.0,RETURNING_TO_START,load_zone_23,dump_zone_22,0.000292,0.000783
960.0,2026-07-02T15:05:55.166,2,-102.5,380.188,23.329,-0.0206,1000.0,RETURNING_TO_START,load_zone_23,dump_zone_23,0.000272,0.000729
960.0,2026-07-02T15:05:55.166,3,595.993,196.779,4.903,0.0353,1000.0,RETURNING_TO_START,load_zone_26,dump_zone_3,0.000256,0.000686
961.0,2026-07-02T15:06:00.455,1,-102.5,414.299,21.78,-0.5,1000.0,RETURNING_TO_START,load_zone_23,dump_zone_22,0.00025,0.00067
961.0,2026-07-02T15:06:00.455,2,-102.5,386.533,22.385,-0.1814,1000.0,RETURNING_TO_START,load_zone_23,dump_zone_23,0.000252,0.000675
961.0,2026-07-02T15:06:00.455,3,596.633,198.224,6.68,0.5353,1000.0,RETURNING_TO_START,load_zone_26,dump_zone_3,0.000276,0.00074
962.0,2026-07-02T15:06:06.098,1,-102.5,420.078,19.98,-0.5,1000.0,RETURNING_TO_START,load_zone_23,dump_zone_22,0.00025,0.00067
962.0,2026-07-02T15:06:06.098,2,-102.5,392.834,23.228,0.4728,1000.0,RETURNING_TO_START,load_zone_23,dump_zone_23,0.000334,0.000895
962.0,2026-07-02T15:06:06.098,3,597.79,200.121,9.441,1.0,1000.0,RETURNING_TO_START,load_zone_26,dump_zone_3,0.000311,0.000833
963.0,2026-07-02T15:06:11.847,1,-102.5,425.358,18.18,-0.5,1000.0,RETURNING_TO_START,load_zone_23,dump_zone_22,0.00025,0.00067
963.0,2026-07-02T15:06:11.847,2,-102.5,399.408,23.73,-0.0273,1000.0,RETURNING_TO_START,load_zone_23,dump_zone_23,0.000272,0.000729
963.0,2026-07-02T15:06:11.847,3,600.509,201.473,12.341,0.4167,1000.0,RETURNING_TO_START,load_zone_26,dump_zone_3,0.000291,0.00078
964.0,2026-07-02T15:06:17.164,1,-102.5,430.152,16.607,-0.3867,1000.0,RETURNING_TO_START,load_zone_23,dump_zone_22,0.00025,0.00067
964.0,2026-07-02T15:06:17.164,2,-102.5,405.872,23.082,0.1394,1000.0,RETURNING_TO_START,load_zone_23,dump_zone_23,0.000292,0.000783
964.0,2026-07-02T15:06:17.164,3,603.716,200.425,11.916,-0.5,1000.0,RETURNING_TO_START,load_zone_26,dump_zone_3,0.00025,0.00067
965.0,2026-07-02T15:06:23.431,1,-102.5,434.497,14.816,-0.5,1000.0,RETURNING_TO_START,load_zone_23,dump_zone_22,0.00025,0.00067
965.0,2026-07-02T15:06:23.431,2,-102.5,412.344,23.383,0.1394,1000.0,RETURNING_TO_START,load_zone_23,dump_zone_23,0.000292,0.000783
965.0,2026-07-02T15:06:23.431,3,606.562,199.38,10.141,-0.4167,1000.0,RETURNING_TO_START,load_zone_26,dump_zone_3,0.00025,0.00067
966.0,2026-07-02T15:06:29.520,1,-102.5,438.352,13.088,-0.5,1000.0,RETURNING_TO_START,load_zone_23,dump_zone_22,0.00025,0.00067
966.0,2026-07-02T15:06:29.520,2,-102.5,418.921,23.888,0.002,1000.0,RETURNING_TO_START,load_zone_23,dump_zone_23,0.000276,0.00074
966.0,2026-07-02T15:06:29.520,3,609.233,198.946,9.741,0.25,1000.0,RETURNING_TO_START,load_zone_26,dump_zone_3,0.000273,0.000732
967.0,2026-07-02T15:06:34.856,1,-102.5,441.717,11.288,-0.5,1000.0,RETURNING_TO_START,load_zone_23,dump_zone_22,0.00025,0.00067
967.0,2026-07-02T15:06:34.856,2,-102.5,425.379,22.466,-0.5,1000.0,RETURNING_TO_START,load_zone_23,dump_zone_23,0.00025,0.00067
967.0,2026-07-02T15:06:34.856,3,612.274,198.79,12.441,1.0,1000.0,RETURNING_TO_START,load_zone_26,dump_zone_3,0.00033,0.000884
968.0,2026-07-02T15:06:40.127,1,-102.5,444.582,9.488,-0.5,1000.0,RETURNING_TO_START,load_zone_23,dump_zone_22,0.00025,0.00067
968.0,2026-07-02T15:06:40.127,2,-102.5,431.349,20.666,-0.5,1000.0,RETURNING_TO_START,load_zone_23,dump_zone_23,0.00025,0.00067
968.0,2026-07-02T15:06:40.127,3,616.222,198.895,15.391,0.5833,1000.0,RETURNING_TO_START,load_zone_26,dump_zone_3,0.000315,0.000844
969.0,2026-07-02T15:06:46.375,1,-102.5,446.946,7.688,-0.5,1000.0,RETURNING_TO_START,load_zone_23,dump_zone_22,0.00025,0.00067
969.0,2026-07-02T15:06:46.375,2,-102.5,436.819,18.866,-0.5,1000.0,RETURNING_TO_START,load_zone_23,dump_zone_23,0.00025,0.00067
969.0,2026-07-02T15:06:46.375,3,620.937,199.294,18.366,0.5833,1000.0,RETURNING_TO_START,load_zone_26,dump_zone_3,0.000327,0.000876
970.0,2026-07-02T15:06:53.157,1,-102.5,448.822,6.041,-0.3777,1000.0,RETURNING_TO_START,load_zone_23,dump_zone_22,0.00025,0.00067
970.0,2026-07-02T15:06:53.157,2,-102.5,441.789,17.066,-0.5,1000.0,RETURNING_TO_START,load_zone_23,dump_zone_23,0.00025,0.00067
970.0,2026-07-02T15:06:53.157,3,626.107,199.918,18.516,-0.4167,1000.0,RETURNING_TO_START,load_zone_26,dump_zone_3,0.00025,0.00067
971.0,2026-07-02T15:07:00.155,1,-102.508,450.279,4.466,-0.4915,1000.0,RETURNING_TO_START,load_zone_23,dump_zone_22,0.00025,0.00067
971.0,2026-07-02T15:07:00.155,2,-102.912,446.196,15.266,-0.5,1000.0,RETURNING_TO_START,load_zone_23,dump_zone_23,0.00025,0.00067
971.0,2026-07-02T15:07:00.155,3,630.932,200.591,16.716,-0.5,1000.0,RETURNING_TO_START,load_zone_26,dump_zone_3,0.00025,0.00067
972.0,2026-07-02T15:07:06.228,1,-102.622,451.24,2.668,-0.5,1000.0,RETURNING_TO_START,load_zone_23,dump_zone_22,0.00025,0.00067
972.0,2026-07-02T15:07:06.228,2,-105.56,449.162,13.866,-0.4167,1000.0,RETURNING_TO_START,load_zone_23,dump_zone_23,0.00025,0.00067
972.0,2026-07-02T15:07:06.228,3,635.262,201.199,14.916,-0.5,1000.0,RETURNING_TO_START,load_zone_26,dump_zone_3,0.00025,0.00067
973.0,2026-07-02T15:07:13.783,1,-102.764,451.709,1.243,-0.0833,1000.0,RETURNING_TO_START,load_zone_23,dump_zone_22,0.000251,0.000673
973.0,2026-07-02T15:07:13.783,2,-106.235,452.579,12.198,-0.5,1000.0,RETURNING_TO_START,load_zone_23,dump_zone_23,0.00025,0.00067
973.0,2026-07-02T15:07:13.783,3,639.102,201.696,13.116,-0.5,1000.0,RETURNING_TO_START,load_zone_26,dump_zone_3,0.00025,0.00067
974.0,2026-07-02T15:07:21.157,1,-102.839,451.898,0.043,-0.3333,1000.0,RETURNING_TO_START,load_zone_23,dump_zone_22,0.00025,0.00067
974.0,2026-07-02T15:07:21.157,2,-104.557,455.14,10.398,-0.5,1000.0,RETURNING_TO_START,load_zone_23,dump_zone_23,0.00025,0.00067
974.0,2026-07-02T15:07:21.157,3,642.455,202.063,11.316,-0.5,1000.0,RETURNING_TO_START,load_zone_26,dump_zone_3,0.00025,0.00067
975.0,2026-07-02T15:07:28.628,1,-102.861,451.951,0.6,0.1667,1000.0,RETURNING_TO_START,load_zone_23,dump_zone_22,0.000251,0.000673
975.0,2026-07-02T15:07:28.628,2,-102.199,456.259,8.598,-0.5,1000.0,RETURNING_TO_START,load_zone_23,dump_zone_23,0.00025,0.00067
975.0,2026-07-02T15:07:28.628,3,645.317,202.304,9.516,-0.5,1000.0,RETURNING_TO_START,load_zone_26,dump_zone_3,0.00025,0.00067
976.0,2026-07-02T15:07:34.921,1,-102.892,452.028,0.0,-0.25,1000.0,RETURNING_TO_START,load_zone_23,dump_zone_22,0.00025,0.00067
976.0,2026-07-02T15:07:34.921,2,-100.234,457.048,6.798,-0.5,1000.0,RETURNING_TO_START,load_zone_23,dump_zone_23,0.00025,0.00067
976.0,2026-07-02T15:07:34.921,3,647.686,202.43,7.716,-0.5,1000.0,RETURNING_TO_START,load_zone_26,dump_zone_3,0.00025,0.00067
977.0,2026-07-02T15:07:40.756,1,-102.93,452.116,1.125,0.75,1000.0,RETURNING_TO_START,load_zone_23,dump_zone_22,0.000256,0.000686
977.0,2026-07-02T15:07:40.756,2,-98.697,457.546,4.998,-0.5,1000.0,RETURNING_TO_START,load_zone_23,dump_zone_23,0.00025,0.00067
977.0,2026-07-02T15:07:40.756,3,649.63,202.19,7.041,0.25,1000.0,RETURNING_TO_START,load_zone_26,dump_zone_3,0.000267,0.000716
978.0,2026-07-02T15:07:45.853,1,-103.348,452.836,4.65,1.0,1000.0,RETURNING_TO_START,load_zone_23,dump_zone_22,0.00028,0.00075
978.0,2026-07-02T15:07:45.853,2,-97.636,458.257,4.848,0.4167,1000.0,RETURNING_TO_START,load_zone_23,dump_zone_23,0.000266,0.000713
978.0,2026-07-02T15:07:45.853,3,651.502,200.927,9.591,0.75,1000.0,RETURNING_TO_START,load_zone_26,dump_zone_3,0.000299,0.000801
979.0,2026-07-02T15:07:49.044,1,-104.737,454.007,8.25,1.0,1000.0,RETURNING_TO_START,load_zone_23,dump_zone_22,0.000303,0.000812
979.0,2026-07-02T15:07:49.044,2,-96.656,459.705,7.923,1.0,1000.0,RETURNING_TO_START,load_zone_23,dump_zone_23,0.000301,0.000807
979.0,2026-07-02T15:07:49.044,3,652.524,198.288,10.641,0.25,1000.0,RETURNING_TO_START,load_zone_26,dump_zone_3,0.000276,0.00074
980.0,2026-07-02T15:07:53.482,1,-107.494,454.302,11.85,1.0,1000.0,RETURNING_TO_START,load_zone_23,dump_zone_22,0.000326,0.000874
980.0,2026-07-02T15:07:53.482,2,-96.6,462.392,11.523,1.0,1000.0,RETURNING_TO_START,load_zone_23,dump_zone_23,0.000324,0.000868
980.0,2026-07-02T15:07:53.482,3,652.594,195.063,12.502,0.5052,1000.0,RETURNING_TO_START,load_zone_26,dump_zone_3,0.000297,0.000796
981.0,2026-07-02T15:07:58.966,1,-110.53,452.059,15.45,1.0,1000.0,RETURNING_TO_START,load_zone_23,dump_zone_22,0.00035,0.000938
981.0,2026-07-02T15:07:58.966,2,-98.825,465.365,15.123,1.0,1000.0,RETURNING_TO_START,load_zone_23,dump_zone_23,0.000347,0.00093
981.0,2026-07-02T15:07:58.966,3,652.521,191.528,12.37,-0.4948,1000.0,RETURNING_TO_START,load_zone_26,dump_zone_3,0.00025,0.00067
982.0,2026-07-02T15:08:03.698,1,-114.324,449.106,19.05,1.0,1000.0,RETURNING_TO_START,load_zone_23,dump_zone_22,0.000373,0.001
982.0,2026-07-02T15:08:03.698,2,-101.214,469.449,18.723,1.0,1000.0,RETURNING_TO_START,load_zone_23,dump_zone_23,0.000371,0.000994
982.0,2026-07-02T15:08:03.698,3,652.5,188.363,10.57,-0.5,1000.0,RETURNING_TO_START,load_zone_26,dump_zone_3,0.00025,0.00067
983.0,2026-07-02T15:08:08.947,1,-119.901,447.591,22.292,0.5971,1000.0,RETURNING_TO_START,load_zone_23,dump_zone_22,0.000345,0.000925
983.0,2026-07-02T15:08:08.947,2,-102.41,475.038,22.323,1.0,1000.0,RETURNING_TO_START,load_zone_23,dump_zone_23,0.000394,0.001056
983.0,2026-07-02T15:08:08.947,3,652.498,185.693,8.87,-0.4167,1000.0,RETURNING_TO_START,load_zone_26,dump_zone_3,0.00025,0.00067
984.0,2026-07-02T15:08:14.287,1,-126.202,447.476,22.491,-0.4029,1000.0,RETURNING_TO_START,load_zone_23,dump_zone_22,0.00025,0.00067
984.0,2026-07-02T15:08:14.287,2,-102.509,481.613,24.273,0.0833,1000.0,RETURNING_TO_START,load_zone_23,dump_zone_23,0.000287,0.000769
984.0,2026-07-02T15:08:14.287,3,652.499,183.486,7.17,-0.5,1000.0,RETURNING_TO_START,load_zone_26,dump_zone_3,0.00025,0.00067
985.0,2026-07-02T15:08:19.142,1,-132.18,447.499,20.695,-0.5,1000.0,RETURNING_TO_START,load_zone_23,dump_zone_22,0.00025,0.00067
985.0,2026-07-02T15:08:19.142,2,-102.5,488.211,22.998,-0.5,1000.0,RETURNING_TO_START,load_zone_23,dump_zone_23,0.00025,0.00067
985.0,2026-07-02T15:08:19.142,3,652.5,181.728,5.57,-0.5,1000.0,RETURNING_TO_START,load_zone_26,dump_zone_3,0.00025,0.00067
986.0,2026-07-02T15:08:23.208,1,-137.658,447.501,18.895,-0.5,1000.0,RETURNING_TO_START,load_zone_23,dump_zone_22,0.00025,0.00067
986.0,2026-07-02T15:08:23.208,2,-102.5,494.328,21.198,-0.5,1000.0,RETURNING_TO_START,load_zone_23,dump_zone_23,0.00025,0.00067
986.0,2026-07-02T15:08:23.208,3,652.498,180.452,3.77,-0.5,1000.0,RETURNING_TO_START,load_zone_26,dump_zone_3,0.00025,0.00067
987.0,2026-07-02T15:08:27.043,1,-142.636,447.5,17.095,-0.5,1000.0,RETURNING_TO_START,load_zone_23,dump_zone_22,0.00025,0.00067
987.0,2026-07-02T15:08:27.043,2,-102.5,499.946,19.398,-0.5,1000.0,RETURNING_TO_START,load_zone_23,dump_zone_23,0.00025,0.00067
987.0,2026-07-02T15:08:27.043,3,652.586,179.681,1.97,-0.5,1000.0,UNLOADING,load_zone_26,dump_zone_3,0.00025,0.00067
988.0,2026-07-02T15:08:30.008,1,-147.114,447.5,15.295,-0.5,1000.0,RETURNING_TO_START,load_zone_23,dump_zone_22,0.00025,0.00067
988.0,2026-07-02T15:08:30.008,2,-102.5,505.063,17.598,-0.5,1000.0,RETURNING_TO_START,load_zone_23,dump_zone_23,0.00025,0.00067
988.0,2026-07-02T15:08:30.008,3,652.651,179.413,0.17,-0.5,1000.0,UNLOADING,load_zone_26,dump_zone_3,0.00025,0.00067
989.0,2026-07-02T15:08:33.103,1,-151.092,447.5,13.495,-0.5,1000.0,RETURNING_TO_START,load_zone_23,dump_zone_22,0.00025,0.00067
989.0,2026-07-02T15:08:33.103,2,-102.5,509.68,15.798,-0.5,1000.0,RETURNING_TO_START,load_zone_23,dump_zone_23,0.00025,0.00067
989.0,2026-07-02T15:08:33.103,3,652.651,179.412,0.0,-0.5,1000.0,UNLOADING,load_zone_26,dump_zone_3,0.00025,0.00067
990.0,2026-07-02T15:08:35.496,1,-154.569,447.5,11.695,-0.5,1000.0,RETURNING_TO_START,load_zone_23,dump_zone_22,0.00025,0.00067
990.0,2026-07-02T15:08:35.496,2,-102.5,513.798,13.998,-0.5,1000.0,RETURNING_TO_START,load_zone_23,dump_zone_23,0.00025,0.00067
990.0,2026-07-02T15:08:35.496,3,653.339,178.089,7.2,0.0,0.0,TURNING_AROUND,dump_zone_3,load_zone_26,0.000255,0.000683
991.0,2026-07-02T15:08:38.354,1,-157.537,447.327,9.895,-0.5,1000.0,RETURNING_TO_START,load_zone_23,dump_zone_22,0.00025,0.00067
991.0,2026-07-02T15:08:38.354,2,-102.5,517.415,12.198,-0.5,1000.0,RETURNING_TO_START,load_zone_23,dump_zone_23,0.00025,0.00067
991.0,2026-07-02T15:08:38.354,3,654.385,177.139,5.4,0.0,0.0,TURNING_AROUND,dump_zone_3,load_zone_26,0.000253,0.000678
992.0,2026-07-02T15:08:41.536,1,-159.895,446.582,8.095,-0.5,1000.0,RETURNING_TO_START,load_zone_23,dump_zone_22,0.00025,0.00067
992.0,2026-07-02T15:08:41.536,2,-102.304,520.513,10.398,-0.5,1000.0,RETURNING_TO_START,load_zone_23,dump_zone_23,0.00025,0.00067
992.0,2026-07-02T15:08:41.536,3,653.519,177.453,7.2,0.0,0.0,TURNING_AROUND,dump_zone_3,load_zone_26,0.000255,0.000683
993.0,2026-07-02T15:08:44.351,1,-161.76,445.928,6.295,-0.5,1000.0,RETURNING_TO_START,load_zone_23,dump_zone_22,0.00025,0.00067
993.0,2026-07-02T15:08:44.351,2,-100.771,522.578,8.598,-0.5,1000.0,RETURNING_TO_START,load_zone_23,dump_zone_23,0.00025,0.00067
993.0,2026-07-02T15:08:44.351,3,655.45,177.887,7.2,0.0,0.0,TURNING_AROUND,dump_zone_3,load_zone_26,0.000255,0.000683
994.0,2026-07-02T15:08:47.786,1,-163.288,445.65,5.154,-0.1759,1000.0,RETURNING_TO_START,load_zone_23,dump_zone_22,0.000251,0.000673
994.0,2026-07-02T15:08:47.786,2,-98.802,523.288,6.798,-0.5,1000.0,RETURNING_TO_START,load_zone_23,dump_zone_23,0.00025,0.00067
994.0,2026-07-02T15:08:47.786,3,655.529,177.723,5.4,0.0,0.0,TURNING_AROUND,dump_zone_3,load_zone_26,0.000253,0.000678
995.0,2026-07-02T15:08:50.348,1,-164.674,445.539,5.127,0.0079,1000.0,RETURNING_TO_START,load_zone_23,dump_zone_22,0.000256,0.000686
995.0,2026-07-02T15:08:50.348,2,-97.206,523.101,4.998,-0.5,1000.0,RETURNING_TO_START,load_zone_23,dump_zone_23,0.00025,0.00067
995.0,2026-07-02T15:08:50.348,3,655.598,178.291,7.2,0.0,0.0,TURNING_AROUND,dump_zone_3,load_zone_26,0.000255,0.000683
996.0,2026-07-02T15:08:54.051,1,-166.025,445.498,4.781,0.008,1000.0,RETURNING_TO_START,load_zone_23,dump_zone_22,0.000255,0.000683
996.0,2026-07-02T15:08:54.051,2,-96.172,522.678,3.198,-0.5,1000.0,UNLOADING,load_zone_23,dump_zone_23,0.00025,0.00067
996.0,2026-07-02T15:08:54.051,3,655.598,178.312,0.375,0.4167,0.0,GOING_TO_ENDPOINT,dump_zone_3,load_zone_26,0.000251,0.000673
997.0,2026-07-02T15:08:57.182,1,-167.325,445.494,4.49,-0.1044,1000.0,RETURNING_TO_START,load_zone_23,dump_zone_22,0.000252,0.000675
997.0,2026-07-02T15:08:57.182,2,-95.575,522.525,1.398,-0.5,1000.0,UNLOADING,load_zone_23,dump_zone_23,0.00025,0.00067
997.0,2026-07-02T15:08:57.182,3,655.558,178.83,3.45,1.0,0.0,GOING_TO_ENDPOINT,dump_zone_3,load_zone_26,0.000263,0.000705
998.0,2026-07-02T15:09:01.383,1,-168.545,445.57,4.303,-0.1227,1000.0,RETURNING_TO_START,load_zone_23,dump_zone_22,0.000252,0.000675
998.0,2026-07-02T15:09:01.383,2,-95.441,522.503,0.0,-0.5,1000.0,UNLOADING,load_zone_23,dump_zone_23,0.00025,0.00067
998.0,2026-07-02T15:09:01.383,3,655.065,180.237,7.05,1.0,0.0,GOING_TO_ENDPOINT,dump_zone_3,load_zone_26,0.000277,0.000742
999.0,2026-07-02T15:09:05.844,1,-169.579,445.843,3.258,-0.4167,1000.0,UNLOADING,load_zone_23,dump_zone_22,0.00025,0.00067
999.0,2026-07-02T15:09:05.844,2,-95.278,522.471,7.2,0.0,0.0,TURNING_AROUND,dump_zone_23,load_zone_23,0.000255,0.000683
999.0,2026-07-02T15:09:05.844,3,653.281,181.956,10.65,1.0,0.0,GOING_TO_ENDPOINT,dump_zone_3,load_zone_26,0.000291,0.00078
1000.0,2026-07-02T15:09:08.973,1,-170.151,446.116,1.458,-0.5,1000.0,UNLOADING,load_zone_23,dump_zone_22,0.00025,0.00067
1000.0,2026-07-02T15:09:08.973,2,-93.51,521.58,7.2,0.0,0.0,TURNING_AROUND,dump_zone_23,load_zone_23,0.000255,0.000683
1000.0,2026-07-02T15:09:08.973,3,650.435,183.99,14.25,1.0,0.0,GOING_TO_ENDPOINT,dump_zone_3,load_zone_26,0.000305,0.000817
1001.0,2026-07-02T15:09:11.776,1,-170.281,446.189,0.0,-0.1667,1000.0,UNLOADING,load_zone_23,dump_zone_22,0.00025,0.00067
1001.0,2026-07-02T15:09:11.776,2,-93.215,521.488,5.4,0.0,0.0,TURNING_AROUND,dump_zone_23,load_zone_23,0.000253,0.000678
1001.0,2026-07-02T15:09:11.776,3,647.869,187.511,16.725,0.25,0.0,GOING_TO_ENDPOINT,dump_zone_3,load_zone_26,0.000274,0.000734
1002.0,2026-07-02T15:09:13.698,1,-170.481,446.32,7.2,0.0,0.0,TURNING_AROUND,dump_zone_22,load_zone_23,0.000255,0.000683
1002.0,2026-07-02T15:09:13.698,2,-93.456,522.197,0.0,-0.0833,0.0,GOING_TO_ENDPOINT,dump_zone_23,load_zone_23,0.00025,0.00067
1002.0,2026-07-02T15:09:13.698,3,647.439,192.045,15.825,-0.5,0.0,GOING_TO_ENDPOINT,dump_zone_3,load_zone_26,0.00025,0.00067
1003.0,2026-07-02T15:09:15.883,1,-171.768,447.823,7.2,0.0,0.0,TURNING_AROUND,dump_zone_22,load_zone_23,0.000255,0.000683
1003.0,2026-07-02T15:09:15.883,2,-93.457,522.032,1.65,0.9167,0.0,GOING_TO_ENDPOINT,dump_zone_23,load_zone_23,0.000256,0.000686
1003.0,2026-07-02T15:09:15.883,3,647.491,196.17,14.025,-0.5,0.0,GOING_TO_ENDPOINT,dump_zone_3,load_zone_26,0.00025,0.00067
1004.0,2026-07-02T15:09:18.844,1,-172.005,448.022,5.4,0.0,0.0,TURNING_AROUND,dump_zone_22,load_zone_23,0.000253,0.000678
1004.0,2026-07-02T15:09:18.844,2,-93.582,521.041,5.25,1.0,0.0,GOING_TO_ENDPOINT,dump_zone_23,load_zone_23,0.00027,0.000724
1004.0,2026-07-02T15:09:18.844,3,647.227,199.763,12.25,-0.4167,0.0,GOING_TO_ENDPOINT,dump_zone_3,load_zone_26,0.00025,0.00067
1005.0,2026-07-02T15:09:22.422,1,-171.769,448.23,7.2,0.0,0.0,TURNING_AROUND,dump_zone_22,load_zone_23,0.000255,0.000683
1005.0,2026-07-02T15:09:22.422,2,-94.257,519.161,8.85,1.0,0.0,GOING_TO_ENDPOINT,dump_zone_23,load_zone_23,0.000284,0.000761
1005.0,2026-07-02T15:09:22.422,3,644.886,202.072,12.7,0.5833,0.0,GOING_TO_ENDPOINT,dump_zone_3,load_zone_26,0.000282,0.000756
1006.0,2026-07-02T15:09:24.997,1,-170.544,449.785,7.2,0.0,0.0,TURNING_AROUND,dump_zone_22,load_zone_23,0.000255,0.000683
1006.0,2026-07-02T15:09:24.997,2,-95.304,516.351,12.45,1.0,0.0,GOING_TO_ENDPOINT,dump_zone_23,load_zone_23,0.000298,0.000799
1006.0,2026-07-02T15:09:24.997,3,641.093,201.489,16.05,1.0,0.0,GOING_TO_ENDPOINT,dump_zone_3,load_zone_26,0.000312,0.000836
1007.0,2026-07-02T15:09:27.910,1,-171.644,449.295,5.4,0.0,0.0,TURNING_AROUND,dump_zone_22,load_zone_23,0.000253,0.000678
1007.0,2026-07-02T15:09:27.910,2,-96.474,512.527,16.05,1.0,0.0,GOING_TO_ENDPOINT,dump_zone_23,load_zone_23,0.000312,0.000836
1007.0,2026-07-02T15:09:27.910,3,637.622,197.912,19.625,0.9167,0.0,GOING_TO_ENDPOINT,dump_zone_3,load_zone_26,0.000321,0.00086
1008.0,2026-07-02T15:09:32.071,1,-171.606,449.263,1.625,0.9167,0.0,GOING_TO_ENDPOINT,dump_zone_22,load_zone_23,0.000256,0.000686
1008.0,2026-07-02T15:09:32.071,2,-97.308,507.604,19.65,1.0,0.0,GOING_TO_ENDPOINT,dump_zone_23,load_zone_23,0.000326,0.000874
1008.0,2026-07-02T15:09:32.071,3,632.393,195.692,20.975,-0.0833,0.0,GOING_TO_ENDPOINT,dump_zone_3,load_zone_26,0.000258,0.000691
1009.0,2026-07-02T15:09:36.214,1,-170.617,449.335,5.225,1.0,0.0,GOING_TO_ENDPOINT,dump_zone_22,load_zone_23,0.00027,0.000724
1009.0,2026-07-02T15:09:36.214,2,-97.508,501.608,23.25,1.0,0.0,GOING_TO_ENDPOINT,dump_zone_23,load_zone_23,0.00034,0.000911
1009.0,2026-07-02T15:09:36.214,3,626.824,194.944,19.425,-0.5,0.0,GOING_TO_ENDPOINT,dump_zone_3,load_zone_26,0.00025,0.00067
1010.0,2026-07-02T15:09:40.632,1,-168.702,449.879,8.825,1.0,0.0,GOING_TO_ENDPOINT,dump_zone_22,load_zone_23,0.000284,0.000761
1010.0,2026-07-02T15:09:40.632,2,-97.503,494.612,26.765,0.914,0.0,GOING_TO_ENDPOINT,dump_zone_23,load_zone_23,0.000346,0.000927
1010.0,2026-07-02T15:09:40.632,3,621.733,194.359,17.625,-0.5,0.0,GOING_TO_ENDPOINT,dump_zone_3,load_zone_26,0.00025,0.00067
1011.0,2026-07-02T15:09:44.473,1,-165.848,450.776,12.425,1.0,0.0,GOING_TO_ENDPOINT,dump_zone_22,load_zone_23,0.000298,0.000799
1011.0,2026-07-02T15:09:44.473,2,-97.499,486.848,28.406,-0.0026,0.0,GOING_TO_ENDPOINT,dump_zone_23,load_zone_23,0.000268,0.000718
1011.0,2026-07-02T15:09:44.473,3,617.126,193.957,15.825,-0.5,0.0,GOING_TO_ENDPOINT,dump_zone_3,load_zone_26,0.00025,0.00067
1012.0,2026-07-02T15:09:52.933,1,-161.953,451.645,16.025,1.0,0.0,GOING_TO_ENDPOINT,dump_zone_22,load_zone_23,0.000312,0.000836
1012.0,2026-07-02T15:09:52.933,2,-97.5,479.136,27.002,-0.4167,0.0,GOING_TO_ENDPOINT,dump_zone_23,load_zone_23,0.00025,0.00067
1012.0,2026-07-02T15:09:52.933,3,613.004,193.823,14.025,-0.5,0.0,GOING_TO_ENDPOINT,dump_zone_3,load_zone_26,0.00025,0.00067
1013.0,2026-07-02T15:09:57.469,1,-157.005,452.3,19.625,1.0,0.0,GOING_TO_ENDPOINT,dump_zone_22,load_zone_23,0.000326,0.000874
1013.0,2026-07-02T15:09:57.469,2,-97.5,471.736,26.352,-0.0833,0.0,GOING_TO_ENDPOINT,dump_zone_23,load_zone_23,0.00026,0.000697
1013.0,2026-07-02T15:09:57.469,3,609.415,194.205,12.225,-0.5,0.0,GOING_TO_ENDPOINT,dump_zone_3,load_zone_26,0.00025,0.00067
1014.0,2026-07-02T15:10:02.695,1,-151.018,452.514,23.225,1.0,0.0,GOING_TO_ENDPOINT,dump_zone_22,load_zone_23,0.00034,0.000911
1014.0,2026-07-02T15:10:02.695,2,-97.5,464.262,27.702,0.4167,0.0,GOING_TO_ENDPOINT,dump_zone_23,load_zone_23,0.000305,0.000817
1014.0,2026-07-02T15:10:02.695,3,606.622,195.599,10.425,-0.5,0.0,GOING_TO_ENDPOINT,dump_zone_3,load_zone_26,0.00025,0.00067
1015.0,2026-07-02T15:10:08.056,1,-144.031,452.502,26.675,0.75,0.0,GOING_TO_ENDPOINT,dump_zone_22,load_zone_23,0.000332,0.00089
1015.0,2026-07-02T15:10:08.056,2,-97.5,456.463,28.061,-0.267,0.0,GOING_TO_ENDPOINT,dump_zone_23,load_zone_23,0.00025,0.00067
1015.0,2026-07-02T15:10:08.056,3,604.307,196.834,8.625,-0.5,0.0,GOING_TO_ENDPOINT,dump_zone_3,load_zone_26,0.00025,0.00067
1016.0,2026-07-02T15:10:16.294,1,-136.414,452.5,27.512,-0.2211,0.0,GOING_TO_ENDPOINT,dump_zone_22,load_zone_23,0.00025,0.00067
1016.0,2026-07-02T15:10:16.294,2,-97.5,448.899,26.595,-0.2427,0.0,GOING_TO_ENDPOINT,dump_zone_23,load_zone_23,0.00025,0.00067
1016.0,2026-07-02T15:10:16.294,3,602.39,197.751,6.825,-0.5,0.0,GOING_TO_ENDPOINT,dump_zone_3,load_zone_26,0.00025,0.00067
1017.0,2026-07-02T15:10:21.971,1,-129.016,452.5,25.813,-0.5,0.0,GOING_TO_ENDPOINT,dump_zone_22,load_zone_23,0.00025,0.00067
1017.0,2026-07-02T15:10:21.971,2,-97.5,441.461,27.222,0.4239,0.0,GOING_TO_ENDPOINT,dump_zone_23,load_zone_23,0.000305,0.000817
1017.0,2026-07-02T15:10:21.971,3,600.896,198.386,5.025,-0.5,0.0,GOING_TO_ENDPOINT,dump_zone_3,load_zone_26,0.00025,0.00067
1018.0,2026-07-02T15:10:27.192,1,-122.117,452.5,24.013,-0.5,0.0,GOING_TO_ENDPOINT,dump_zone_22,load_zone_23,0.00025,0.00067
1018.0,2026-07-02T15:10:27.192,2,-97.5,433.751,28.063,0.1536,0.0,GOING_TO_ENDPOINT,dump_zone_23,load_zone_23,0.000282,0.000756
1018.0,2026-07-02T15:10:27.192,3,599.737,198.546,3.934,0.0868,0.0,GOING_TO_ENDPOINT,dump_zone_3,load_zone_26,0.000254,0.000681
1019.0,2026-07-02T15:10:29.886,1,-115.717,452.5,22.213,-0.5,0.0,GOING_TO_ENDPOINT,dump_zone_22,load_zone_23,0.00025,0.00067
1019.0,2026-07-02T15:10:29.886,2,-97.5,425.937,28.144,-0.0531,0.0,GOING_TO_ENDPOINT,dump_zone_23,load_zone_23,0.000263,0.000705
1019.0,2026-07-02T15:10:29.886,3,598.415,198.306,6.17,1.0,0.0,GOING_TO_ENDPOINT,dump_zone_3,load_zone_26,0.000274,0.000734
1020.0,2026-07-02T15:10:32.513,1,-109.818,452.5,20.413,-0.5,0.0,GOING_TO_ENDPOINT,dump_zone_22,load_zone_23,0.00025,0.00067
1020.0,2026-07-02T15:10:32.513,2,-97.5,418.152,27.922,0.1268,0.0,GOING_TO_ENDPOINT,dump_zone_23,load_zone_23,0.000279,0.000748
1020.0,2026-07-02T15:10:32.513,3,596.631,196.976,9.77,1.0,0.0,GOING_TO_ENDPOINT,dump_zone_3,load_zone_26,0.000288,0.000772
1021.0,2026-07-02T15:10:37.240,1,-104.419,452.5,18.613,-0.5,0.0,GOING_TO_ENDPOINT,dump_zone_22,load_zone_23,0.00025,0.00067
1021.0,2026-07-02T15:10:37.240,2,-97.5,410.325,28.009,-0.2396,0.0,GOING_TO_ENDPOINT,dump_zone_23,load_zone_23,0.00025,0.00067
1021.0,2026-07-02T15:10:37.240,3,595.907,193.895,13.37,1.0,0.0,GOING_TO_ENDPOINT,dump_zone_3,load_zone_26,0.000302,0.000809
1022.0,2026-07-02T15:10:42.661,1,-99.609,451.942,16.813,-0.5,0.0,GOING_TO_ENDPOINT,dump_zone_22,load_zone_23,0.00025,0.00067
1022.0,2026-07-02T15:10:42.661,2,-97.5,402.504,28.346,-0.073,0.0,GOING_TO_ENDPOINT,dump_zone_23,load_zone_23,0.000261,0.000699
1022.0,2026-07-02T15:10:42.661,3,598.05,190.264,16.97,1.0,0.0,GOING_TO_ENDPOINT,dump_zone_3,load_zone_26,0.000316,0.000847
1023.0,2026-07-02T15:10:48.464,1,-97.483,448.316,15.013,-0.5,0.0,GOING_TO_ENDPOINT,dump_zone_22,load_zone_23,0.00025,0.00067
1023.0,2026-07-02T15:10:48.464,2,-97.5,394.701,27.883,-0.073,0.0,GOING_TO_ENDPOINT,dump_zone_23,load_zone_23,0.000261,0.000699
1023.0,2026-07-02T15:10:48.464,3,600.572,185.658,20.57,1.0,0.0,GOING_TO_ENDPOINT,dump_zone_3,load_zone_26,0.00033,0.000884
1024.0,2026-07-02T15:10:53.247,1,-97.468,444.322,14.338,0.25,0.0,GOING_TO_ENDPOINT,dump_zone_22,load_zone_23,0.000271,0.000726
1024.0,2026-07-02T15:10:53.247,2,-97.5,386.915,28.208,-0.0209,0.0,GOING_TO_ENDPOINT,dump_zone_23,load_zone_23,0.000266,0.000713
1024.0,2026-07-02T15:10:53.247,3,602.318,179.69,24.17,1.0,0.0,GOING_TO_ENDPOINT,dump_zone_3,load_zone_26,0.000343,0.000919
1025.0,2026-07-02T15:10:58.510,1,-97.494,439.999,17.038,1.0,0.0,GOING_TO_ENDPOINT,dump_zone_22,load_zone_23,0.000316,0.000847
1025.0,2026-07-02T15:10:58.510,2,-97.5,379.066,28.554,0.2638,0.0,GOING_TO_ENDPOINT,dump_zone_23,load_zone_23,0.000292,0.000783
1025.0,2026-07-02T15:10:58.510,3,602.511,172.459,27.546,0.7929,0.0,GOING_TO_ENDPOINT,dump_zone_3,load_zone_26,0.000338,0.000906
1026.0,2026-07-02T15:11:02.118,1,-97.5,434.724,20.638,1.0,0.0,GOING_TO_ENDPOINT,dump_zone_22,load_zone_23,0.00033,0.000884
1026.0,2026-07-02T15:11:02.118,2,-97.5,371.146,28.203,-0.4029,0.0,GOING_TO_ENDPOINT,dump_zone_23,load_zone_23,0.00025,0.00067
1026.0,2026-07-02T15:11:02.118,3,602.499,164.589,28.45,-0.2071,0.0,GOING_TO_ENDPOINT,dump_zone_3,load_zone_26,0.00025,0.00067
1027.0,2026-07-02T15:11:07.612,1,-97.5,428.45,24.238,1.0,0.0,GOING_TO_ENDPOINT,dump_zone_22,load_zone_23,0.000344,0.000922
1027.0,2026-07-02T15:11:07.612,2,-97.5,363.554,26.524,-0.5,0.0,GOING_TO_ENDPOINT,dump_zone_23,load_zone_23,0.00025,0.00067
1027.0,2026-07-02T15:11:07.612,3,602.5,156.893,27.065,-0.25,0.0,GOING_TO_ENDPOINT,dump_zone_3,load_zone_26,0.00025,0.00067
1028.0,2026-07-02T15:11:12.621,1,-97.5,421.192,27.539,0.6471,0.0,GOING_TO_ENDPOINT,dump_zone_22,load_zone_23,0.000325,0.000871
1028.0,2026-07-02T15:11:12.621,2,-97.5,356.457,24.724,-0.5,0.0,GOING_TO_ENDPOINT,dump_zone_23,load_zone_23,0.00025,0.00067
1028.0,2026-07-02T15:11:12.621,3,602.5,149.445,27.009,0.3855,0.0,GOING_TO_ENDPOINT,dump_zone_3,load_zone_26,0.000301,0.000807
1029.0,2026-07-02T15:11:16.400,1,-97.5,413.402,27.919,-0.3529,0.0,GOING_TO_ENDPOINT,dump_zone_22,load_zone_23,0.00025,0.00067
1029.0,2026-07-02T15:11:16.400,2,-97.5,349.86,22.924,-0.5,0.0,GOING_TO_ENDPOINT,dump_zone_23,load_zone_23,0.00025,0.00067
1029.0,2026-07-02T15:11:16.400,3,602.5,141.703,28.347,0.2188,0.0,GOING_TO_ENDPOINT,dump_zone_3,load_zone_26,0.000288,0.000772
1030.0,2026-07-02T15:11:21.654,1,-97.5,405.902,26.263,-0.4167,0.0,GOING_TO_ENDPOINT,dump_zone_22,load_zone_23,0.00025,0.00067
1030.0,2026-07-02T15:11:21.654,2,-97.5,343.763,21.124,-0.5,0.0,GOING_TO_ENDPOINT,dump_zone_23,load_zone_23,0.00025,0.00067
1030.0,2026-07-02T15:11:21.654,3,602.5,133.83,28.157,-0.1675,0.0,GOING_TO_ENDPOINT,dump_zone_3,load_zone_26,0.000253,0.000678
1031.0,2026-07-02T15:11:25.646,1,-97.5,398.622,26.713,0.5833,0.0,GOING_TO_ENDPOINT,dump_zone_22,load_zone_23,0.000317,0.00085
1031.0,2026-07-02T15:11:25.646,2,-97.5,338.167,19.324,-0.5,0.0,GOING_TO_ENDPOINT,dump_zone_23,load_zone_23,0.00025,0.00067
1031.0,2026-07-02T15:11:25.646,3,602.5,126.122,27.26,-0.2634,0.0,GOING_TO_ENDPOINT,dump_zone_3,load_zone_26,0.00025,0.00067
1032.0,2026-07-02T15:11:30.553,1,-97.5,390.976,27.963,0.25,0.0,GOING_TO_ENDPOINT,dump_zone_22,load_zone_23,0.00029,0.000777
1032.0,2026-07-02T15:11:30.553,2,-97.5,333.07,17.524,-0.5,0.0,GOING_TO_ENDPOINT,dump_zone_23,load_zone_23,0.00025,0.00067
1032.0,2026-07-02T15:11:30.553,3,602.5,118.542,27.588,0.3953,0.0,GOING_TO_ENDPOINT,dump_zone_3,load_zone_26,0.000303,0.000812
1033.0,2026-07-02T15:11:35.164,1,-97.5,383.04,28.846,-0.0212,0.0,GOING_TO_ENDPOINT,dump_zone_22,load_zone_23,0.000266,0.000713
1033.0,2026-07-02T15:11:35.164,2,-97.937,328.541,15.724,-0.5,0.0,GOING_TO_ENDPOINT,dump_zone_23,load_zone_23,0.00025,0.00067
1033.0,2026-07-02T15:11:35.164,3,602.5,110.644,28.712,-0.1047,0.0,GOING_TO_ENDPOINT,dump_zone_3,load_zone_26,0.000258,0.000691
1034.0,2026-07-02T15:11:40.889,1,-97.5,375.207,27.539,-0.25,0.0,GOING_TO_ENDPOINT,dump_zone_22,load_zone_23,0.00025,0.00067
1034.0,2026-07-02T15:11:40.889,2,-101.195,326.356,13.924,-0.5,0.0,GOING_TO_ENDPOINT,dump_zone_23,load_zone_23,0.00025,0.00067
1034.0,2026-07-02T15:11:40.889,3,602.5,102.86,27.522,-0.0833,0.0,GOING_TO_ENDPOINT,dump_zone_3,load_zone_26,0.00026,0.000697
1035.0,2026-07-02T15:11:44.979,1,-97.5,367.569,27.439,-0.0833,0.0,GOING_TO_ENDPOINT,dump_zone_22,load_zone_23,0.00026,0.000697
1035.0,2026-07-02T15:11:44.979,2,-104.443,327.602,12.124,-0.5,0.0,GOING_TO_ENDPOINT,dump_zone_23,load_zone_23,0.00025,0.00067
1035.0,2026-07-02T15:11:44.979,3,602.5,95.229,27.222,-0.0833,0.0,GOING_TO_ENDPOINT,dump_zone_3,load_zone_26,0.00026,0.000697
1036.0,2026-07-02T15:11:48.272,1,-97.5,360.154,25.889,-0.5,0.0,GOING_TO_ENDPOINT,dump_zone_22,load_zone_23,0.00025,0.00067
1036.0,2026-07-02T15:11:48.272,2,-105.544,330.416,10.324,-0.5,0.0,GOING_TO_ENDPOINT,dump_zone_23,load_zone_23,0.00025,0.00067
1036.0,2026-07-02T15:11:48.272,3,602.5,87.588,27.675,0.025,0.0,GOING_TO_ENDPOINT,dump_zone_3,load_zone_26,0.00027,0.000724
1037.0,2026-07-02T15:11:52.794,1,-97.5,353.233,24.089,-0.5,0.0,GOING_TO_ENDPOINT,dump_zone_22,load_zone_23,0.00025,0.00067
1037.0,2026-07-02T15:11:52.794,2,-104.676,332.866,9.224,0.0833,0.0,GOING_TO_ENDPOINT,dump_zone_23,load_zone_23,0.000258,0.000691
1037.0,2026-07-02T15:11:52.794,3,602.5,79.853,28.031,0.0222,0.0,GOING_TO_ENDPOINT,dump_zone_3,load_zone_26,0.00027,0.000724
1038.0,2026-07-02T15:11:58.015,1,-97.51,346.813,22.289,-0.5,0.0,GOING_TO_ENDPOINT,dump_zone_22,load_zone_23,0.00025,0.00067
1038.0,2026-07-02T15:11:58.015,2,-102.318,334.297,11.449,1.0,0.0,GOING_TO_ENDPOINT,dump_zone_23,load_zone_23,0.000294,0.000788
1038.0,2026-07-02T15:11:58.015,3,602.5,71.937,28.956,0.0903,0.0,GOING_TO_ENDPOINT,dump_zone_3,load_zone_26,0.000277,0.000742
1039.0,2026-07-02T15:12:04.544,1,-97.552,340.892,20.489,-0.5,0.0,GOING_TO_ENDPOINT,dump_zone_22,load_zone_23,0.00025,0.00067
1039.0,2026-07-02T15:12:04.544,2,-98.872,333.299,15.049,1.0,0.0,GOING_TO_ENDPOINT,dump_zone_23,load_zone_23,0.000308,0.000825
1039.0,2026-07-02T15:12:04.544,3,602.5,64.032,27.795,-0.4167,0.0,GOING_TO_ENDPOINT,dump_zone_3,load_zone_26,0.00025,0.00067
1040.0,2026-07-02T15:12:11.975,1,-98.019,335.508,18.689,-0.5,0.0,GOING_TO_ENDPOINT,dump_zone_22,load_zone_23,0.00025,0.00067
1040.0,2026-07-02T15:12:11.975,2,-97.803,329.115,16.999,0.0833,0.0,GOING_TO_ENDPOINT,dump_zone_23,load_zone_23,0.000265,0.00071
1040.0,2026-07-02T15:12:11.975,3,602.5,56.469,26.831,-0.1084,0.0,GOING_TO_ENDPOINT,dump_zone_3,load_zone_26,0.000258,0.000691
1041.0,2026-07-02T15:12:18.625,1,-101.082,331.985,17.482,0.0238,0.0,GOING_TO_ENDPOINT,dump_zone_22,load_zone_23,0.000262,0.000702
1041.0,2026-07-02T15:12:18.625,2,-101.167,326.381,15.724,-0.5,0.0,GOING_TO_ENDPOINT,dump_zone_23,load_zone_23,0.00025,0.00067
1041.0,2026-07-02T15:12:18.625,3,602.5,48.95,27.291,0.225,0.0,GOING_TO_ENDPOINT,dump_zone_3,load_zone_26,0.000287,0.000769
1042.0,2026-07-02T15:12:25.531,1,-105.842,332.423,16.873,-0.5,0.0,GOING_TO_ENDPOINT,dump_zone_22,load_zone_23,0.00025,0.00067
1042.0,2026-07-02T15:12:25.531,2,-104.796,327.913,14.249,-0.25,0.0,GOING_TO_ENDPOINT,dump_zone_23,load_zone_23,0.00025,0.00067
1042.0,2026-07-02T15:12:25.531,3,602.5,41.134,28.951,0.5019,0.0,GOING_TO_ENDPOINT,dump_zone_3,load_zone_26,0.000315,0.000844
1043.0,2026-07-02T15:12:31.086,1,-109.133,329.816,15.073,-0.5,0.0,GOING_TO_ENDPOINT,dump_zone_22,load_zone_23,0.00025,0.00067
1043.0,2026-07-02T15:12:31.086,2,-105.506,331.424,12.524,-0.5,0.0,GOING_TO_ENDPOINT,dump_zone_23,load_zone_23,0.00025,0.00067
1043.0,2026-07-02T15:12:31.086,3,602.5,32.986,29.117,-0.3841,0.0,GOING_TO_ENDPOINT,dump_zone_3,load_zone_26,0.00025,0.00067
1044.0,2026-07-02T15:12:37.007,1,-108.623,326.086,13.298,-0.4167,0.0,GOING_TO_ENDPOINT,dump_zone_22,load_zone_23,0.00025,0.00067
1044.0,2026-07-02T15:12:37.007,2,-103.732,334.019,11.099,-0.0833,0.0,GOING_TO_ENDPOINT,dump_zone_23,load_zone_23,0.000254,0.000681
1044.0,2026-07-02T15:12:37.007,3,602.5,25.084,27.932,-0.2284,0.0,GOING_TO_ENDPOINT,dump_zone_3,load_zone_26,0.00025,0.00067
1045.0,2026-07-02T15:12:43.193,1,-105.678,324.425,12.247,0.0691,0.0,GOING_TO_ENDPOINT,dump_zone_22,load_zone_23,0.000261,0.000699
1045.0,2026-07-02T15:12:43.193,2,-100.614,334.525,12.749,0.9167,0.0,GOING_TO_ENDPOINT,dump_zone_23,load_zone_23,0.000296,0.000793
1045.0,2026-07-02T15:12:43.193,3,602.5,17.388,27.643,-0.0894,0.0,GOING_TO_ENDPOINT,dump_zone_3,load_zone_26,0.00026,0.000697
1046.0,2026-07-02T15:12:50.752,1,-102.406,325.734,14.425,1.0,0.0,GOING_TO_ENDPOINT,dump_zone_22,load_zone_23,0.000306,0.00082
1046.0,2026-07-02T15:12:50.752,2,-97.82,331.914,15.224,0.25,0.0,GOING_TO_ENDPOINT,dump_zone_23,load_zone_23,0.000272,0.000729
1046.0,2026-07-02T15:12:50.752,3,602.5,9.688,27.864,0.0469,0.0,GOING_TO_ENDPOINT,dump_zone_3,load_zone_26,0.000272,0.000729
1047.0,2026-07-02T15:12:56.864,1,-101.475,329.836,16.375,0.0833,0.0,GOING_TO_ENDPOINT,dump_zone_22,load_zone_23,0.000265,0.00071
1047.0,2026-07-02T15:12:56.864,2,-98.615,328.018,14.324,-0.5,0.0,GOING_TO_ENDPOINT,dump_zone_23,load_zone_23,0.00025,0.00067
1047.0,2026-07-02T15:12:56.864,3,602.5,1.949,27.587,-0.2757,0.0,GOING_TO_ENDPOINT,dump_zone_3,load_zone_26,0.00025,0.00067
1048.0,2026-07-02T15:13:00.470,1,-101.353,334.058,15.1,-0.5,0.0,GOING_TO_ENDPOINT,dump_zone_22,load_zone_23,0.00025,0.00067
1048.0,2026-07-02T15:13:00.470,2,-101.924,326.655,12.524,-0.5,0.0,GOING_TO_ENDPOINT,dump_zone_23,load_zone_23,0.00025,0.00067
1048.0,2026-07-02T15:13:00.470,3,602.5,-5.653,27.244,0.0576,0.0,GOING_TO_ENDPOINT,dump_zone_3,load_zone_26,0.000272,0.000729
1049.0,2026-07-02T15:13:04.272,1,-98.092,335.952,13.3,-0.5,0.0,GOING_TO_ENDPOINT,dump_zone_22,load_zone_23,0.00025,0.00067
1049.0,2026-07-02T15:13:04.272,2,-104.711,328.067,10.724,-0.5,0.0,GOING_TO_ENDPOINT,dump_zone_23,load_zone_23,0.00025,0.00067
1049.0,2026-07-02T15:13:04.272,3,602.5,-13.357,28.252,0.2243,0.0,GOING_TO_ENDPOINT,dump_zone_3,load_zone_26,0.000288,0.000772
1050.0,2026-07-02T15:13:06.606,1,-95.016,334.697,11.5,-0.5,0.0,GOING_TO_ENDPOINT,dump_zone_22,load_zone_23,0.00025,0.00067
1050.0,2026-07-02T15:13:06.606,2,-105.666,330.548,8.924,-0.5,0.0,GOING_TO_ENDPOINT,dump_zone_23,load_zone_23,0.00025,0.00067
1050.0,2026-07-02T15:13:06.606,3,602.5,-21.155,27.809,-0.109,0.0,GOING_TO_ENDPOINT,dump_zone_3,load_zone_26,0.000258,0.000691
1051.0,2026-07-02T15:13:11.446,1,-93.916,332.057,9.7,-0.5,0.0,GOING_TO_ENDPOINT,dump_zone_22,load_zone_23,0.00025,0.00067
1051.0,2026-07-02T15:13:11.446,2,-105.117,332.707,7.824,0.0833,0.0,GOING_TO_ENDPOINT,dump_zone_23,load_zone_23,0.000257,0.000689
1051.0,2026-07-02T15:13:11.446,3,602.5,-28.879,27.599,-0.3779,0.0,GOING_TO_ENDPOINT,dump_zone_3,load_zone_26,0.00025,0.00067
1052.0,2026-07-02T15:13:17.739,1,-94.549,329.755,7.9,-0.5,0.0,GOING_TO_ENDPOINT,dump_zone_22,load_zone_23,0.00025,0.00067
1052.0,2026-07-02T15:13:17.739,2,-103.343,334.309,10.049,1.0,0.0,GOING_TO_ENDPOINT,dump_zone_23,load_zone_23,0.000289,0.000775
1052.0,2026-07-02T15:13:17.739,3,602.5,-36.46,27.559,0.356,0.0,GOING_TO_ENDPOINT,dump_zone_3,load_zone_26,0.000299,0.000801
1053.0,2026-07-02T15:13:24.199,1,-96.071,328.36,7.7,0.25,0.0,GOING_TO_ENDPOINT,dump_zone_22,load_zone_23,0.000261,0.000699
1053.0,2026-07-02T15:13:24.199,2,-100.258,334.391,12.007,0.086,0.0,GOING_TO_ENDPOINT,dump_zone_23,load_zone_23,0.000261,0.000699
1053.0,2026-07-02T15:13:24.199,3,602.5,-44.243,28.191,-0.0323,0.0,GOING_TO_ENDPOINT,dump_zone_3,load_zone_26,0.000265,0.00071
1054.0,2026-07-02T15:13:31.659,1,-98.038,327.781,6.8,-0.5,0.0,GOING_TO_ENDPOINT,dump_zone_22,load_zone_23,0.00025,0.00067
1054.0,2026-07-02T15:13:31.659,2,-98.023,332.231,10.738,-0.5,0.0,GOING_TO_ENDPOINT,dump_zone_23,load_zone_23,0.00025,0.00067
1054.0,2026-07-02T15:13:31.659,3,602.5,-52.054,28.124,0.1343,0.0,GOING_TO_ENDPOINT,dump_zone_3,load_zone_26,0.00028,0.00075
1055.0,2026-07-02T15:13:39.458,1,-99.639,327.981,5.0,-0.5,0.0,GOING_TO_ENDPOINT,dump_zone_22,load_zone_23,0.00025,0.00067
1055.0,2026-07-02T15:13:39.458,2,-97.839,329.576,8.938,-0.5,0.0,GOING_TO_ENDPOINT,dump_zone_23,load_zone_23,0.00025,0.00067
1055.0,2026-07-02T15:13:39.458,3,602.5,-59.97,28.456,-0.1581,0.0,GOING_TO_ENDPOINT,dump_zone_3,load_zone_26,0.000254,0.000681
1056.0,2026-07-02T15:13:46.732,1,-100.753,328.006,3.2,-0.5,0.0,LOADING,dump_zone_22,load_zone_23,0.00025,0.00067
1056.0,2026-07-02T15:13:46.732,2,-98.965,327.704,7.138,-0.5,0.0,GOING_TO_ENDPOINT,dump_zone_23,load_zone_23,0.00025,0.00067
1056.0,2026-07-02T15:13:46.732,3,602.5,-67.7,27.046,-0.5,0.0,GOING_TO_ENDPOINT,dump_zone_3,load_zone_26,0.00025,0.00067
1057.0,2026-07-02T15:13:53.095,1,-101.36,327.89,1.4,-0.5,0.0,LOADING,dump_zone_22,load_zone_23,0.00025,0.00067
1057.0,2026-07-02T15:13:53.095,2,-100.419,326.824,5.338,-0.5,0.0,GOING_TO_ENDPOINT,dump_zone_23,load_zone_23,0.00025,0.00067
1057.0,2026-07-02T15:13:53.095,3,602.5,-74.942,25.246,-0.5,0.0,GOING_TO_ENDPOINT,dump_zone_3,load_zone_26,0.00025,0.00067
1058.0,2026-07-02T15:13:59.667,1,-101.493,327.852,0.0,-0.0833,0.0,LOADING,dump_zone_22,load_zone_23,0.00025,0.00067
1058.0,2026-07-02T15:13:59.667,2,-101.655,326.602,4.238,0.0833,0.0,GOING_TO_ENDPOINT,dump_zone_23,load_zone_23,0.000254,0.000681
1058.0,2026-07-02T15:13:59.667,3,602.5,-81.684,23.446,-0.5,0.0,GOING_TO_ENDPOINT,dump_zone_3,load_zone_26,0.00025,0.00067
1059.0,2026-07-02T15:14:04.668,1,-101.714,327.789,7.2,0.0,1000.0,TURNING_AROUND,load_zone_23,dump_zone_22,0.000258,0.000691
1059.0,2026-07-02T15:14:04.668,2,-103.079,326.701,6.438,0.9167,0.0,GOING_TO_ENDPOINT,dump_zone_23,load_zone_23,0.000273,0.000732
1059.0,2026-07-02T15:14:04.668,3,602.5,-87.926,21.646,-0.5,0.0,GOING_TO_ENDPOINT,dump_zone_3,load_zone_26,0.00025,0.00067
1060.0,2026-07-02T15:14:07.819,1,-103.693,327.797,7.2,0.0,1000.0,TURNING_AROUND,load_zone_23,dump_zone_22,0.000258,0.000691
1060.0,2026-07-02T15:14:07.819,2,-105.132,326.695,7.788,-0.0833,0.0,GOING_TO_ENDPOINT,dump_zone_23,load_zone_23,0.000253,0.000678
1060.0,2026-07-02T15:14:07.819,3,602.5,-93.668,19.846,-0.5,0.0,GOING_TO_ENDPOINT,dump_zone_3,load_zone_26,0.00025,0.00067
1061.0,2026-07-02T15:14:09.758,1,-103.998,327.747,5.4,0.0,1000.0,TURNING_AROUND,load_zone_23,dump_zone_22,0.000256,0.000686
1061.0,2026-07-02T15:14:09.758,2,-106.833,325.768,6.238,-0.5,0.0,GOING_TO_ENDPOINT,dump_zone_23,load_zone_23,0.00025,0.00067
1061.0,2026-07-02T15:14:09.758,3,602.546,-98.909,18.071,-0.4167,0.0,GOING_TO_ENDPOINT,dump_zone_3,load_zone_26,0.00025,0.00067
1062.0,2026-07-02T15:14:11.736,1,-104.001,328.062,7.2,0.0,1000.0,TURNING_AROUND,load_zone_23,dump_zone_22,0.000258,0.000691
1062.0,2026-07-02T15:14:11.736,2,-107.712,324.61,4.438,-0.5,0.0,GOING_TO_ENDPOINT,dump_zone_23,load_zone_23,0.00025,0.00067
1062.0,2026-07-02T15:14:11.736,3,605.791,-102.29,18.521,0.5833,0.0,GOING_TO_ENDPOINT,dump_zone_3,load_zone_26,0.000297,0.000796
1063.0,2026-07-02T15:14:15.282,1,-104.277,328.859,0.25,0.3333,1000.0,RETURNING_TO_START,load_zone_23,dump_zone_22,0.000251,0.000673
1063.0,2026-07-02T15:14:15.282,2,-108.042,323.709,2.638,-0.5,0.0,LOADING,dump_zone_23,load_zone_23,0.00025,0.00067
1063.0,2026-07-02T15:14:15.282,3,610.746,-100.12,21.871,1.0,0.0,GOING_TO_ENDPOINT,dump_zone_3,load_zone_26,0.000335,0.000898
1064.0,2026-07-02T15:14:19.626,1,-104.283,329.308,3.15,1.0,1000.0,RETURNING_TO_START,load_zone_23,dump_zone_22,0.00027,0.000724
1064.0,2026-07-02T15:14:19.626,2,-108.124,323.255,0.838,-0.5,0.0,LOADING,dump_zone_23,load_zone_23,0.00025,0.00067
1064.0,2026-07-02T15:14:19.626,3,616.592,-97.451,24.23,0.2147,0.0,GOING_TO_ENDPOINT,dump_zone_3,load_zone_26,0.000282,0.000756
1065.0,2026-07-02T15:14:23.738,1,-104.199,330.721,6.75,1.0,1000.0,RETURNING_TO_START,load_zone_23,dump_zone_22,0.000294,0.000788
1065.0,2026-07-02T15:14:23.738,2,-108.129,323.21,0.0,-0.5,0.0,LOADING,dump_zone_23,load_zone_23,0.00025,0.00067
1065.0,2026-07-02T15:14:23.738,3,623.228,-97.425,23.245,-0.5,0.0,GOING_TO_ENDPOINT,dump_zone_3,load_zone_26,0.00025,0.00067
1066.0,2026-07-02T15:14:26.900,1,-103.596,333.058,10.35,1.0,1000.0,RETURNING_TO_START,load_zone_23,dump_zone_22,0.000317,0.00085
1066.0,2026-07-02T15:14:26.900,2,-108.327,322.402,7.2,0.0,1000.0,TURNING_AROUND,load_zone_23,dump_zone_23,0.000258,0.000691
1066.0,2026-07-02T15:14:26.900,3,629.413,-97.521,21.445,-0.5,0.0,GOING_TO_ENDPOINT,dump_zone_3,load_zone_26,0.00025,0.00067
1067.0,2026-07-02T15:14:29.160,1,-102.999,336.421,13.95,1.0,1000.0,RETURNING_TO_START,load_zone_23,dump_zone_22,0.00034,0.000911
1067.0,2026-07-02T15:14:29.160,2,-109.435,320.762,7.2,0.0,1000.0,TURNING_AROUND,load_zone_23,dump_zone_23,0.000258,0.000691
1067.0,2026-07-02T15:14:29.160,3,635.099,-97.504,19.645,-0.5,0.0,GOING_TO_ENDPOINT,dump_zone_3,load_zone_26,0.00025,0.00067
1068.0,2026-07-02T15:14:31.041,1,-102.573,340.815,17.55,1.0,1000.0,RETURNING_TO_START,load_zone_23,dump_zone_22,0.000363,0.000973
1068.0,2026-07-02T15:14:31.041,2,-108.596,321.139,5.4,0.0,1000.0,TURNING_AROUND,load_zone_23,dump_zone_23,0.000256,0.000686
1068.0,2026-07-02T15:14:31.041,3,640.285,-97.501,17.845,-0.5,0.0,GOING_TO_ENDPOINT,dump_zone_3,load_zone_26,0.00025,0.00067
1069.0,2026-07-02T15:14:34.104,1,-102.491,346.231,21.15,1.0,1000.0,RETURNING_TO_START,load_zone_23,dump_zone_22,0.000386,0.001034
1069.0,2026-07-02T15:14:34.104,2,-110.009,321.115,7.2,0.0,1000.0,TURNING_AROUND,load_zone_23,dump_zone_23,0.000258,0.000691
1069.0,2026-07-02T15:14:34.104,3,644.971,-97.5,16.045,-0.5,0.0,GOING_TO_ENDPOINT,dump_zone_3,load_zone_26,0.00025,0.00067
1070.0,2026-07-02T15:14:38.256,1,-102.5,352.482,23.1,0.0833,1000.0,RETURNING_TO_START,load_zone_23,dump_zone_22,0.000285,0.000764
1070.0,2026-07-02T15:14:38.256,2,-111.1,321.406,5.4,0.0,1000.0,TURNING_AROUND,load_zone_23,dump_zone_23,0.000256,0.000686
1070.0,2026-07-02T15:14:38.256,3,649.152,-97.631,14.245,-0.5,0.0,GOING_TO_ENDPOINT,dump_zone_3,load_zone_26,0.00025,0.00067
1071.0,2026-07-02T15:14:41.768,1,-102.5,358.822,22.305,-0.4167,1000.0,RETURNING_TO_START,load_zone_23,dump_zone_22,0.00025,0.00067
1071.0,2026-07-02T15:14:41.768,2,-110.568,321.049,7.2,0.0,1000.0,TURNING_AROUND,load_zone_23,dump_zone_23,0.000258,0.000691
1071.0,2026-07-02T15:14:41.768,3,652.492,-99.088,12.445,-0.5,0.0,GOING_TO_ENDPOINT,dump_zone_3,load_zone_26,0.00025,0.00067
1072.0,2026-07-02T15:14:45.131,1,-102.5,364.993,22.505,0.25,1000.0,RETURNING_TO_START,load_zone_23,dump_zone_22,0.000304,0.000815
1072.0,2026-07-02T15:14:45.131,2,-111.061,322.282,0.0,-0.25,1000.0,RETURNING_TO_START,load_zone_23,dump_zone_23,0.00025,0.00067
1072.0,2026-07-02T15:14:45.131,3,654.937,-101.378,12.295,0.4167,0.0,GOING_TO_ENDPOINT,dump_zone_3,load_zone_26,0.000274,0.000734
1073.0,2026-07-02T15:14:49.466,1,-102.5,371.301,22.705,0.095,1000.0,RETURNING_TO_START,load_zone_23,dump_zone_22,0.000286,0.000766
1073.0,2026-07-02T15:14:49.466,2,-111.06,322.377,1.125,0.75,1000.0,RETURNING_TO_START,load_zone_23,dump_zone_23,0.000256,0.000686
1073.0,2026-07-02T15:14:49.466,3,657.641,-104.091,15.37,1.0,0.0,GOING_TO_ENDPOINT,dump_zone_3,load_zone_26,0.000309,0.000828
1074.0,2026-07-02T15:14:53.944,1,-102.5,377.685,22.967,-0.08,1000.0,RETURNING_TO_START,load_zone_23,dump_zone_22,0.000264,0.000708
1074.0,2026-07-02T15:14:53.944,2,-110.961,323.204,4.65,1.0,1000.0,RETURNING_TO_START,load_zone_23,dump_zone_23,0.00028,0.00075
1074.0,2026-07-02T15:14:53.944,3,661.039,-107.498,18.97,1.0,0.0,GOING_TO_ENDPOINT,dump_zone_3,load_zone_26,0.000323,0.000866
1075.0,2026-07-02T15:14:58.567,1,-102.5,384.094,23.422,0.2656,1000.0,RETURNING_TO_START,load_zone_23,dump_zone_22,0.000308,0.000825
1075.0,2026-07-02T15:14:58.567,2,-110.244,324.885,8.25,1.0,1000.0,RETURNING_TO_START,load_zone_23,dump_zone_23,0.000303,0.000812
1075.0,2026-07-02T15:14:58.567,3,665.145,-111.61,22.57,1.0,0.0,GOING_TO_ENDPOINT,dump_zone_3,load_zone_26,0.000337,0.000903
1076.0,2026-07-02T15:15:03.724,1,-102.5,390.554,22.79,-0.2173,1000.0,RETURNING_TO_START,load_zone_23,dump_zone_22,0.00025,0.00067
1076.0,2026-07-02T15:15:03.724,2,-108.675,327.243,11.85,1.0,1000.0,RETURNING_TO_START,load_zone_23,dump_zone_23,0.000326,0.000874
1076.0,2026-07-02T15:15:03.724,3,669.959,-116.423,26.072,0.835,0.0,GOING_TO_ENDPOINT,dump_zone_3,load_zone_26,0.000337,0.000903
1077.0,2026-07-02T15:15:08.374,1,-102.5,396.911,23.472,0.6318,1000.0,RETURNING_TO_START,load_zone_23,dump_zone_22,0.000355,0.000951
1077.0,2026-07-02T15:15:08.374,2,-106.414,330.337,15.45,1.0,1000.0,RETURNING_TO_START,load_zone_23,dump_zone_23,0.00035,0.000938
1077.0,2026-07-02T15:15:08.374,3,675.29,-121.754,27.766,0.1618,0.0,GOING_TO_ENDPOINT,dump_zone_3,load_zone_26,0.000282,0.000756
1078.0,2026-07-02T15:15:12.851,1,-102.5,403.653,24.397,-0.2015,1000.0,RETURNING_TO_START,load_zone_23,dump_zone_22,0.00025,0.00067
1078.0,2026-07-02T15:15:12.851,2,-103.728,334.343,19.05,1.0,1000.0,RETURNING_TO_START,load_zone_23,dump_zone_23,0.000373,0.001
1078.0,2026-07-02T15:15:12.851,3,680.665,-127.13,26.656,-0.5,0.0,GOING_TO_ENDPOINT,dump_zone_3,load_zone_26,0.00025,0.00067
1079.0,2026-07-02T15:15:17.179,1,-102.5,410.228,23.034,-0.376,1000.0,RETURNING_TO_START,load_zone_23,dump_zone_22,0.00025,0.00067
1079.0,2026-07-02T15:15:17.179,2,-102.547,339.999,22.275,0.5833,1000.0,RETURNING_TO_START,load_zone_23,dump_zone_23,0.000344,0.000922
1079.0,2026-07-02T15:15:17.179,3,685.71,-132.174,24.856,-0.5,0.0,GOING_TO_ENDPOINT,dump_zone_3,load_zone_26,0.00025,0.00067
1080.0,2026-07-02T15:15:21.361,1,-102.5,416.359,21.247,-0.5,1000.0,RETURNING_TO_START,load_zone_23,dump_zone_22,0.00025,0.00067
1080.0,2026-07-02T15:15:21.361,2,-102.485,346.301,22.675,-0.0833,1000.0,RETURNING_TO_START,load_zone_23,dump_zone_23,0.000264,0.000708
1080.0,2026-07-02T15:15:21.361,3,690.4,-136.865,23.056,-0.5,0.0,GOING_TO_ENDPOINT,dump_zone_3,load_zone_26,0.00025,0.00067
1081.0,2026-07-02T15:15:25.718,1,-102.5,421.99,19.447,-0.5,1000.0,RETURNING_TO_START,load_zone_23,dump_zone_22,0.00025,0.00067
1081.0,2026-07-02T15:15:25.718,2,-102.5,352.652,23.29,0.2765,1000.0,RETURNING_TO_START,load_zone_23,dump_zone_23,0.000309,0.000828
1081.0,2026-07-02T15:15:25.718,3,694.737,-141.202,21.256,-0.5,0.0,GOING_TO_ENDPOINT,dump_zone_3,load_zone_26,0.00025,0.00067
1082.0,2026-07-02T15:15:30.324,1,-102.5,427.121,17.647,-0.5,1000.0,RETURNING_TO_START,load_zone_23,dump_zone_22,0.00025,0.00067
1082.0,2026-07-02T15:15:30.324,2,-102.5,359.152,22.985,-0.3902,1000.0,RETURNING_TO_START,load_zone_23,dump_zone_23,0.00025,0.00067
1082.0,2026-07-02T15:15:30.324,3,698.721,-145.185,19.456,-0.5,0.0,GOING_TO_ENDPOINT,dump_zone_3,load_zone_26,0.00025,0.00067
1083.0,2026-07-02T15:15:36.352,1,-102.5,431.761,15.948,-0.496,1000.0,RETURNING_TO_START,load_zone_23,dump_zone_22,0.00025,0.00067
1083.0,2026-07-02T15:15:36.352,2,-102.5,365.496,22.78,-0.2235,1000.0,RETURNING_TO_START,load_zone_23,dump_zone_23,0.00025,0.00067
1083.0,2026-07-02T15:15:36.352,3,702.011,-149.099,17.656,-0.5,0.0,GOING_TO_ENDPOINT,dump_zone_3,load_zone_26,0.00025,0.00067
1084.0,2026-07-02T15:15:42.473,1,-102.5,435.92,14.149,-0.5,1000.0,RETURNING_TO_START,load_zone_23,dump_zone_22,0.00025,0.00067
1084.0,2026-07-02T15:15:42.473,2,-102.5,371.683,22.275,0.2765,1000.0,RETURNING_TO_START,load_zone_23,dump_zone_23,0.000307,0.000823
1084.0,2026-07-02T15:15:42.473,3,703.169,-153.467,16.006,-0.25,0.0,GOING_TO_ENDPOINT,dump_zone_3,load_zone_26,0.00025,0.00067
1085.0,2026-07-02T15:15:48.559,1,-102.5,439.598,12.549,-0.4167,1000.0,RETURNING_TO_START,load_zone_23,dump_zone_22,0.00025,0.00067
1085.0,2026-07-02T15:15:48.559,2,-102.5,378.07,23.342,-0.041,1000.0,RETURNING_TO_START,load_zone_23,dump_zone_23,0.00027,0.000724
1085.0,2026-07-02T15:15:48.559,3,702.665,-157.96,17.056,0.75,0.0,GOING_TO_ENDPOINT,dump_zone_3,load_zone_26,0.000302,0.000809
1086.0,2026-07-02T15:15:54.275,1,-102.5,442.813,10.749,-0.5,1000.0,RETURNING_TO_START,load_zone_23,dump_zone_22,0.00025,0.00067
1086.0,2026-07-02T15:15:54.275,2,-102.5,384.555,23.405,0.1476,1000.0,RETURNING_TO_START,load_zone_23,dump_zone_23,0.000293,0.000785
1086.0,2026-07-02T15:15:54.275,3,702.496,-163.041,18.869,0.0645,0.0,GOING_TO_ENDPOINT,dump_zone_3,load_zone_26,0.000266,0.000713
1087.0,2026-07-02T15:15:59.463,1,-102.5,445.528,8.949,-0.5,1000.0,RETURNING_TO_START,load_zone_23,dump_zone_22,0.00025,0.00067
1087.0,2026-07-02T15:15:59.463,2,-102.5,391.156,23.636,-0.3524,1000.0,RETURNING_TO_START,load_zone_23,dump_zone_23,0.00025,0.00067
1087.0,2026-07-02T15:15:59.463,3,702.496,-168.129,17.56,-0.5,0.0,GOING_TO_ENDPOINT,dump_zone_3,load_zone_26,0.00025,0.00067
1088.0,2026-07-02T15:16:05.398,1,-102.5,447.743,7.149,-0.5,1000.0,RETURNING_TO_START,load_zone_23,dump_zone_22,0.00025,0.00067
1088.0,2026-07-02T15:16:05.398,2,-102.5,397.5,22.393,-0.0488,1000.0,RETURNING_TO_START,load_zone_23,dump_zone_23,0.000268,0.000718
1088.0,2026-07-02T15:16:05.398,3,702.5,-172.736,15.76,-0.5,0.0,GOING_TO_ENDPOINT,dump_zone_3,load_zone_26,0.00025,0.00067
1089.0,2026-07-02T15:16:09.622,1,-102.892,449.565,6.999,0.4167,1000.0,RETURNING_TO_START,load_zone_23,dump_zone_22,0.000273,0.000732
1089.0,2026-07-02T15:16:09.622,2,-102.5,403.724,22.433,-0.1163,1000.0,RETURNING_TO_START,load_zone_23,dump_zone_23,0.00026,0.000697
1089.0,2026-07-02T15:16:09.622,3,702.5,-176.843,13.96,-0.5,0.0,GOING_TO_ENDPOINT,dump_zone_3,load_zone_26,0.00025,0.00067
1090.0,2026-07-02T15:16:14.467,1,-104.471,451.272,10.074,1.0,1000.0,RETURNING_TO_START,load_zone_23,dump_zone_22,0.000315,0.000844
1090.0,2026-07-02T15:16:14.467,2,-102.5,409.794,21.574,0.0833,1000.0,RETURNING_TO_START,load_zone_23,dump_zone_23,0.000282,0.000756
1090.0,2026-07-02T15:16:14.467,3,702.5,-180.45,12.16,-0.5,0.0,GOING_TO_ENDPOINT,dump_zone_3,load_zone_26,0.00025,0.00067
1091.0,2026-07-02T15:16:19.362,1,-107.697,451.6,13.674,1.0,1000.0,RETURNING_TO_START,load_zone_23,dump_zone_22,0.000338,0.000906
1091.0,2026-07-02T15:16:19.362,2,-102.5,416.042,23.774,0.9167,1000.0,RETURNING_TO_START,load_zone_23,dump_zone_23,0.000393,0.001053
1091.0,2026-07-02T15:16:19.362,3,702.5,-183.557,10.36,-0.5,0.0,GOING_TO_ENDPOINT,dump_zone_3,load_zone_26,0.00025,0.00067
1092.0,2026-07-02T15:16:24.247,1,-111.398,449.351,17.274,1.0,1000.0,RETURNING_TO_START,load_zone_23,dump_zone_22,0.000361,0.000967
1092.0,2026-07-02T15:16:24.247,2,-102.5,422.931,25.124,-0.0833,1000.0,RETURNING_TO_START,load_zone_23,dump_zone_23,0.000265,0.00071
1092.0,2026-07-02T15:16:24.247,3,702.5,-186.163,8.56,-0.5,0.0,GOING_TO_ENDPOINT,dump_zone_3,load_zone_26,0.00025,0.00067
1093.0,2026-07-02T15:16:29.869,1,-116.415,447.655,20.874,1.0,1000.0,RETURNING_TO_START,load_zone_23,dump_zone_22,0.000385,0.001032
1093.0,2026-07-02T15:16:29.869,2,-102.5,429.705,23.608,-0.4167,1000.0,RETURNING_TO_START,load_zone_23,dump_zone_23,0.00025,0.00067
1093.0,2026-07-02T15:16:29.869,3,702.5,-188.27,6.76,-0.5,0.0,GOING_TO_ENDPOINT,dump_zone_3,load_zone_26,0.00025,0.00067
1094.0,2026-07-02T15:16:36.315,1,-122.73,447.49,24.224,0.75,1000.0,RETURNING_TO_START,load_zone_23,dump_zone_22,0.000374,0.001002
1094.0,2026-07-02T15:16:36.315,2,-102.5,436.19,23.358,0.0833,1000.0,RETURNING_TO_START,load_zone_23,dump_zone_23,0.000285,0.000764
1094.0,2026-07-02T15:16:36.315,3,702.509,-189.877,4.96,-0.5,0.0,GOING_TO_ENDPOINT,dump_zone_3,load_zone_26,0.00025,0.00067
1095.0,2026-07-02T15:16:40.198,1,-129.654,447.5,24.974,-0.25,1000.0,RETURNING_TO_START,load_zone_23,dump_zone_22,0.00025,0.00067
1095.0,2026-07-02T15:16:40.198,2,-102.5,442.6,22.815,0.0326,1000.0,RETURNING_TO_START,load_zone_23,dump_zone_23,0.000278,0.000745
1095.0,2026-07-02T15:16:40.198,3,702.715,-190.961,3.16,-0.5,0.0,LOADING,dump_zone_3,load_zone_26,0.00025,0.00067
1096.0,2026-07-02T15:16:44.178,1,-136.341,447.5,23.249,-0.5,1000.0,RETURNING_TO_START,load_zone_23,dump_zone_22,0.00025,0.00067
1096.0,2026-07-02T15:16:44.178,2,-102.5,449.015,23.383,0.3659,1000.0,RETURNING_TO_START,load_zone_23,dump_zone_23,0.000321,0.00086
1096.0,2026-07-02T15:16:44.178,3,702.949,-191.52,1.36,-0.5,0.0,LOADING,dump_zone_3,load_zone_26,0.00025,0.00067
1097.0,2026-07-02T15:16:47.858,1,-142.528,447.5,21.449,-0.5,1000.0,RETURNING_TO_START,load_zone_23,dump_zone_22,0.00025,0.00067
1097.0,2026-07-02T15:16:47.858,2,-102.5,455.653,24.008,-0.1873,1000.0,RETURNING_TO_START,load_zone_23,dump_zone_23,0.000251,0.000673
1097.0,2026-07-02T15:16:47.858,3,703.009,-191.633,0.0,-0.5,0.0,LOADING,dump_zone_3,load_zone_26,0.00025,0.00067
1098.0,2026-07-02T15:16:50.769,1,-148.215,447.5,19.649,-0.5,1000.0,RETURNING_TO_START,load_zone_23,dump_zone_22,0.00025,0.00067
1098.0,2026-07-02T15:16:50.769,2,-102.5,462.1,22.44,-0.5,1000.0,RETURNING_TO_START,load_zone_23,dump_zone_23,0.00025,0.00067
1098.0,2026-07-02T15:16:50.769,3,703.094,-191.776,7.2,0.0,1000.0,TURNING_AROUND,load_zone_26,dump_zone_3,0.000258,0.000691
1099.0,2026-07-02T15:16:53.447,1,-153.403,447.5,17.849,-0.5,1000.0,RETURNING_TO_START,load_zone_23,dump_zone_22,0.00025,0.00067
1099.0,2026-07-02T15:16:53.447,2,-102.5,468.228,22.29,0.4167,1000.0,RETURNING_TO_START,load_zone_23,dump_zone_23,0.000324,0.000868
1099.0,2026-07-02T15:16:53.447,3,704.528,-193.14,7.2,0.0,1000.0,TURNING_AROUND,load_zone_26,dump_zone_3,0.000258,0.000691
1100.0,2026-07-02T15:16:57.229,1,-158.064,447.182,16.049,-0.5,1000.0,RETURNING_TO_START,load_zone_23,dump_zone_22,0.00025,0.00067
1100.0,2026-07-02T15:16:57.229,2,-102.5,474.723,24.036,0.1757,1000.0,RETURNING_TO_START,load_zone_23,dump_zone_23,0.000298,0.000799
1100.0,2026-07-02T15:16:57.229,3,704.714,-193.387,5.4,0.0,1000.0,TURNING_AROUND,load_zone_26,dump_zone_3,0.000256,0.000686
1101.0,2026-07-02T15:16:59.857,1,-161.91,445.539,14.249,-0.5,1000.0,RETURNING_TO_START,load_zone_23,dump_zone_22,0.00025,0.00067
1101.0,2026-07-02T15:16:59.857,2,-102.5,481.378,23.568,-0.4909,1000.0,RETURNING_TO_START,load_zone_23,dump_zone_23,0.00025,0.00067
1101.0,2026-07-02T15:16:59.857,3,704.934,-193.162,7.2,0.0,1000.0,TURNING_AROUND,load_zone_26,dump_zone_3,0.000258,0.000691
1102.0,2026-07-02T15:17:02.816,1,-165.549,445.456,12.449,-0.5,1000.0,RETURNING_TO_START,load_zone_23,dump_zone_22,0.00025,0.00067
1102.0,2026-07-02T15:17:02.816,2,-102.5,487.653,21.768,-0.5,1000.0,RETURNING_TO_START,load_zone_23,dump_zone_23,0.00025,0.00067
1102.0,2026-07-02T15:17:02.816,3,706.551,-192.021,7.2,0.0,1000.0,TURNING_AROUND,load_zone_26,dump_zone_3,0.000258,0.000691
1103.0,2026-07-02T15:17:05.917,1,-168.73,445.606,10.649,-0.5,1000.0,RETURNING_TO_START,load_zone_23,dump_zone_22,0.00025,0.00067
1103.0,2026-07-02T15:17:05.917,2,-102.5,493.429,19.968,-0.5,1000.0,RETURNING_TO_START,load_zone_23,dump_zone_23,0.00025,0.00067
1103.0,2026-07-02T15:17:05.917,3,706.004,-193.094,5.4,0.0,1000.0,TURNING_AROUND,load_zone_26,dump_zone_3,0.000256,0.000686
1104.0,2026-07-02T15:17:09.554,1,-171.165,446.626,8.874,-0.4167,1000.0,RETURNING_TO_START,load_zone_23,dump_zone_22,0.00025,0.00067
1104.0,2026-07-02T15:17:09.554,2,-102.5,498.705,18.168,-0.5,1000.0,RETURNING_TO_START,load_zone_23,dump_zone_23,0.00025,0.00067
1104.0,2026-07-02T15:17:09.554,3,706.047,-192.888,0.075,0.1667,1000.0,RETURNING_TO_START,load_zone_26,dump_zone_3,0.00025,0.00067
1105.0,2026-07-02T15:17:13.268,1,-172.378,448.608,7.985,-0.5,1000.0,RETURNING_TO_START,load_zone_23,dump_zone_22,0.00025,0.00067
1105.0,2026-07-02T15:17:13.268,2,-102.5,503.481,16.368,-0.5,1000.0,RETURNING_TO_START,load_zone_23,dump_zone_23,0.00025,0.00067
1105.0,2026-07-02T15:17:13.268,3,706.034,-192.568,2.55,1.0,1000.0,RETURNING_TO_START,load_zone_26,dump_zone_3,0.000266,0.000713
1106.0,2026-07-02T15:17:16.606,1,-172.407,450.536,6.185,-0.5,1000.0,RETURNING_TO_START,load_zone_23,dump_zone_22,0.00025,0.00067
1106.0,2026-07-02T15:17:16.606,2,-102.5,507.757,14.568,-0.5,1000.0,RETURNING_TO_START,load_zone_23,dump_zone_23,0.00025,0.00067
1106.0,2026-07-02T15:17:16.606,3,705.732,-191.361,6.15,1.0,1000.0,RETURNING_TO_START,load_zone_26,dump_zone_3,0.00029,0.000777
1107.0,2026-07-02T15:17:20.009,1,-171.84,451.859,4.385,-0.5,1000.0,RETURNING_TO_START,load_zone_23,dump_zone_22,0.00025,0.00067
1107.0,2026-07-02T15:17:20.009,2,-102.5,511.533,12.768,-0.5,1000.0,RETURNING_TO_START,load_zone_23,dump_zone_23,0.00025,0.00067
1107.0,2026-07-02T15:17:20.009,3,704.412,-189.557,9.75,1.0,1000.0,RETURNING_TO_START,load_zone_26,dump_zone_3,0.000313,0.000839
1108.0,2026-07-02T15:17:24.113,1,-171.238,452.588,2.585,-0.5,1000.0,UNLOADING,load_zone_23,dump_zone_22,0.00025,0.00067
1108.0,2026-07-02T15:17:24.113,2,-102.5,514.809,10.968,-0.5,1000.0,RETURNING_TO_START,load_zone_23,dump_zone_23,0.00025,0.00067
1108.0,2026-07-02T15:17:24.113,3,702.021,-187.359,13.35,1.0,1000.0,RETURNING_TO_START,load_zone_26,dump_zone_3,0.000336,0.0009
1109.0,2026-07-02T15:17:28.215,1,-170.917,452.899,0.785,-0.5,1000.0,UNLOADING,load_zone_23,dump_zone_22,0.00025,0.00067
1109.0,2026-07-02T15:17:28.215,2,-102.5,517.585,9.168,-0.5,1000.0,RETURNING_TO_START,load_zone_23,dump_zone_23,0.00025,0.00067
1109.0,2026-07-02T15:17:28.215,3,699.253,-184.145,16.95,1.0,1000.0,RETURNING_TO_START,load_zone_26,dump_zone_3,0.000359,0.000962
1110.0,2026-07-02T15:17:32.434,1,-170.889,452.926,0.0,-0.5,1000.0,UNLOADING,load_zone_23,dump_zone_22,0.00025,0.00067
1110.0,2026-07-02T15:17:32.434,2,-102.496,519.861,7.368,-0.5,1000.0,RETURNING_TO_START,load_zone_23,dump_zone_23,0.00025,0.00067
1110.0,2026-07-02T15:17:32.434,3,697.621,-179.29,19.425,0.25,1000.0,RETURNING_TO_START,load_zone_26,dump_zone_3,0.000297,0.000796
1111.0,2026-07-02T15:17:35.738,1,-170.214,453.413,7.2,0.0,0.0,TURNING_AROUND,dump_zone_22,load_zone_23,0.000255,0.000683
1111.0,2026-07-02T15:17:35.738,2,-102.033,521.561,5.568,-0.5,1000.0,RETURNING_TO_START,load_zone_23,dump_zone_23,0.00025,0.00067
1111.0,2026-07-02T15:17:35.738,3,697.464,-173.971,18.525,-0.5,1000.0,RETURNING_TO_START,load_zone_26,dump_zone_3,0.00025,0.00067
1112.0,2026-07-02T15:17:38.207,1,-169.133,453.84,0.0,-0.1667,0.0,GOING_TO_ENDPOINT,dump_zone_22,load_zone_23,0.00025,0.00067
1112.0,2026-07-02T15:17:38.207,2,-101.271,522.578,3.768,-0.5,1000.0,RETURNING_TO_START,load_zone_23,dump_zone_23,0.00025,0.00067
1112.0,2026-07-02T15:17:38.207,3,697.499,-169.096,16.725,-0.5,1000.0,RETURNING_TO_START,load_zone_26,dump_zone_3,0.00025,0.00067
1113.0,2026-07-02T15:17:42.034,1,-169.006,453.84,1.375,0.8333,0.0,GOING_TO_ENDPOINT,dump_zone_22,load_zone_23,0.000255,0.000683
1113.0,2026-07-02T15:17:42.034,2,-100.668,523.063,1.968,-0.5,1000.0,UNLOADING,load_zone_23,dump_zone_23,0.00025,0.00067
1113.0,2026-07-02T15:17:42.034,3,697.502,-164.721,14.925,-0.5,1000.0,RETURNING_TO_START,load_zone_26,dump_zone_3,0.00025,0.00067
1114.0,2026-07-02T15:17:45.741,1,-168.09,453.805,4.95,1.0,0.0,GOING_TO_ENDPOINT,dump_zone_22,load_zone_23,0.000269,0.000721
1114.0,2026-07-02T15:17:45.741,2,-100.433,523.208,0.168,-0.5,1000.0,UNLOADING,load_zone_23,dump_zone_23,0.00025,0.00067
1114.0,2026-07-02T15:17:45.741,3,697.5,-160.846,13.125,-0.5,1000.0,RETURNING_TO_START,load_zone_26,dump_zone_3,0.00025,0.00067
1115.0,2026-07-02T15:17:48.949,1,-166.186,453.591,8.55,1.0,0.0,GOING_TO_ENDPOINT,dump_zone_22,load_zone_23,0.000283,0.000758
1115.0,2026-07-02T15:17:48.949,2,-100.433,523.209,0.0,-0.5,1000.0,UNLOADING,load_zone_23,dump_zone_23,0.00025,0.00067
1115.0,2026-07-02T15:17:48.949,3,697.5,-157.471,11.35,-0.4167,1000.0,RETURNING_TO_START,load_zone_26,dump_zone_3,0.00025,0.00067
1116.0,2026-07-02T15:17:52.320,1,-163.293,453.217,12.15,1.0,0.0,GOING_TO_ENDPOINT,dump_zone_22,load_zone_23,0.000297,0.000796
1116.0,2026-07-02T15:17:52.320,2,-99.019,523.683,7.2,0.0,0.0,TURNING_AROUND,dump_zone_23,load_zone_23,0.000255,0.000683
1116.0,2026-07-02T15:17:52.320,3,697.5,-154.577,9.592,-0.5,1000.0,RETURNING_TO_START,load_zone_26,dump_zone_3,0.00025,0.00067
1117.0,2026-07-02T15:17:55.781,1,-159.393,452.86,15.75,1.0,0.0,GOING_TO_ENDPOINT,dump_zone_22,load_zone_23,0.000311,0.000833
1117.0,2026-07-02T15:17:55.781,2,-97.607,523.64,5.4,0.0,0.0,TURNING_AROUND,dump_zone_23,load_zone_23,0.000253,0.000678
1117.0,2026-07-02T15:17:55.781,3,697.501,-152.184,7.792,-0.5,1000.0,RETURNING_TO_START,load_zone_26,dump_zone_3,0.00025,0.00067
1118.0,2026-07-02T15:17:58.256,1,-154.485,452.577,19.35,1.0,0.0,GOING_TO_ENDPOINT,dump_zone_22,load_zone_23,0.000325,0.000871
1118.0,2026-07-02T15:17:58.256,2,-98.447,524.016,7.2,0.0,0.0,TURNING_AROUND,dump_zone_23,load_zone_23,0.000255,0.000683
1118.0,2026-07-02T15:17:58.256,3,697.137,-150.33,6.117,-0.4167,1000.0,RETURNING_TO_START,load_zone_26,dump_zone_3,0.00025,0.00067
1119.0,2026-07-02T15:18:01.107,1,-148.569,452.485,22.95,1.0,0.0,GOING_TO_ENDPOINT,dump_zone_22,load_zone_23,0.000339,0.000909
1119.0,2026-07-02T15:18:01.107,2,-97.359,522.363,7.2,0.0,0.0,TURNING_AROUND,dump_zone_23,load_zone_23,0.000255,0.000683
1119.0,2026-07-02T15:18:01.107,3,696.19,-148.949,6.567,0.5833,1000.0,RETURNING_TO_START,load_zone_26,dump_zone_3,0.000278,0.000745
1120.0,2026-07-02T15:18:05.295,1,-141.658,452.499,26.45,0.8603,0.0,GOING_TO_ENDPOINT,dump_zone_22,load_zone_23,0.00034,0.000911
1120.0,2026-07-02T15:18:05.295,2,-97.226,521.879,0.075,0.1667,0.0,GOING_TO_ENDPOINT,dump_zone_23,load_zone_23,0.00025,0.00067
1120.0,2026-07-02T15:18:05.295,3,694.511,-147.376,9.917,1.0,1000.0,RETURNING_TO_START,load_zone_26,dump_zone_3,0.000314,0.000842
1121.0,2026-07-02T15:18:08.196,1,-134.055,452.5,27.597,-0.1397,0.0,GOING_TO_ENDPOINT,dump_zone_22,load_zone_23,0.000255,0.000683
1121.0,2026-07-02T15:18:08.196,2,-97.227,521.559,2.55,1.0,0.0,GOING_TO_ENDPOINT,dump_zone_23,load_zone_23,0.00026,0.000697
1121.0,2026-07-02T15:18:08.196,3,692.032,-145.202,13.517,1.0,1000.0,RETURNING_TO_START,load_zone_26,dump_zone_3,0.000337,0.000903
1122.0,2026-07-02T15:18:10.651,1,-126.613,452.5,25.979,-0.5,0.0,GOING_TO_ENDPOINT,dump_zone_22,load_zone_23,0.00025,0.00067
1122.0,2026-07-02T15:18:10.651,2,-97.242,520.309,6.15,1.0,0.0,GOING_TO_ENDPOINT,dump_zone_23,load_zone_23,0.000274,0.000734
1122.0,2026-07-02T15:18:10.651,3,688.853,-142.313,17.117,1.0,1000.0,RETURNING_TO_START,load_zone_26,dump_zone_3,0.00036,0.000965
1123.0,2026-07-02T15:18:13.679,1,-119.667,452.499,24.179,-0.5,0.0,GOING_TO_ENDPOINT,dump_zone_22,load_zone_23,0.00025,0.00067
1123.0,2026-07-02T15:18:13.679,2,-97.305,518.06,9.75,1.0,0.0,GOING_TO_ENDPOINT,dump_zone_23,load_zone_23,0.000288,0.000772
1123.0,2026-07-02T15:18:13.679,3,685.069,-138.608,20.692,0.9167,1000.0,RETURNING_TO_START,load_zone_26,dump_zone_3,0.000374,0.001002
1124.0,2026-07-02T15:18:16.853,1,-113.222,452.498,22.379,-0.5,0.0,GOING_TO_ENDPOINT,dump_zone_22,load_zone_23,0.00025,0.00067
1124.0,2026-07-02T15:18:16.853,2,-97.386,514.811,13.35,1.0,0.0,GOING_TO_ENDPOINT,dump_zone_23,load_zone_23,0.000302,0.000809
1124.0,2026-07-02T15:18:16.853,3,680.732,-134.268,23.02,0.398,1000.0,RETURNING_TO_START,load_zone_26,dump_zone_3,0.000324,0.000868
1125.0,2026-07-02T15:18:19.469,1,-107.276,452.51,20.579,-0.5,0.0,GOING_TO_ENDPOINT,dump_zone_22,load_zone_23,0.00025,0.00067
1125.0,2026-07-02T15:18:19.469,2,-97.453,510.562,16.95,1.0,0.0,GOING_TO_ENDPOINT,dump_zone_23,load_zone_23,0.000316,0.000847
1125.0,2026-07-02T15:18:19.469,3,676.167,-129.703,23.153,-0.2687,1000.0,RETURNING_TO_START,load_zone_26,dump_zone_3,0.00025,0.00067
1126.0,2026-07-02T15:18:22.711,1,-101.831,452.507,18.779,-0.5,0.0,GOING_TO_ENDPOINT,dump_zone_22,load_zone_23,0.00025,0.00067
1126.0,2026-07-02T15:18:22.711,2,-97.494,505.312,20.55,1.0,0.0,GOING_TO_ENDPOINT,dump_zone_23,load_zone_23,0.000329,0.000882
1126.0,2026-07-02T15:18:22.711,3,671.799,-125.334,21.417,-0.5,1000.0,RETURNING_TO_START,load_zone_26,dump_zone_3,0.00025,0.00067
1127.0,2026-07-02T15:18:27.087,1,-97.719,450.234,16.979,-0.5,0.0,GOING_TO_ENDPOINT,dump_zone_22,load_zone_23,0.00025,0.00067
1127.0,2026-07-02T15:18:27.087,2,-97.502,499.062,24.15,1.0,0.0,GOING_TO_ENDPOINT,dump_zone_23,load_zone_23,0.000343,0.000919
1127.0,2026-07-02T15:18:27.087,3,667.784,-121.319,19.617,-0.5,1000.0,RETURNING_TO_START,load_zone_26,dump_zone_3,0.00025,0.00067
1128.0,2026-07-02T15:18:31.816,1,-97.309,445.812,15.879,0.0833,0.0,GOING_TO_ENDPOINT,dump_zone_22,load_zone_23,0.000264,0.000708
1128.0,2026-07-02T15:18:31.816,2,-97.5,491.861,27.05,0.4167,0.0,GOING_TO_ENDPOINT,dump_zone_23,load_zone_23,0.000304,0.000815
1128.0,2026-07-02T15:18:31.816,3,664.122,-117.658,17.817,-0.5,1000.0,RETURNING_TO_START,load_zone_26,dump_zone_3,0.00025,0.00067
1129.0,2026-07-02T15:18:36.747,1,-97.434,441.147,18.104,1.0,0.0,GOING_TO_ENDPOINT,dump_zone_22,load_zone_23,0.00032,0.000858
1129.0,2026-07-02T15:18:36.747,2,-97.5,484.214,27.811,0.0098,0.0,GOING_TO_ENDPOINT,dump_zone_23,load_zone_23,0.000269,0.000721
1129.0,2026-07-02T15:18:36.747,3,660.814,-114.35,16.017,-0.5,1000.0,RETURNING_TO_START,load_zone_26,dump_zone_3,0.00025,0.00067
1130.0,2026-07-02T15:18:41.013,1,-97.495,435.577,21.704,1.0,0.0,GOING_TO_ENDPOINT,dump_zone_22,load_zone_23,0.000334,0.000895
1130.0,2026-07-02T15:18:41.013,2,-97.5,476.473,27.965,-0.0587,0.0,GOING_TO_ENDPOINT,dump_zone_23,load_zone_23,0.000262,0.000702
1130.0,2026-07-02T15:18:41.013,3,657.86,-111.395,14.217,-0.5,1000.0,RETURNING_TO_START,load_zone_26,dump_zone_3,0.00025,0.00067
1131.0,2026-07-02T15:18:45.197,1,-97.503,429.006,25.304,1.0,0.0,GOING_TO_ENDPOINT,dump_zone_22,load_zone_23,0.000348,0.000933
1131.0,2026-07-02T15:18:45.197,2,-97.5,468.797,27.282,-0.2587,0.0,GOING_TO_ENDPOINT,dump_zone_23,load_zone_23,0.00025,0.00067
1131.0,2026-07-02T15:18:45.197,3,655.259,-108.794,12.417,-0.5,1000.0,RETURNING_TO_START,load_zone_26,dump_zone_3,0.00025,0.00067
1132.0,2026-07-02T15:18:50.017,1,-97.5,421.46,28.651,0.75,0.0,GOING_TO_ENDPOINT,dump_zone_22,load_zone_23,0.000338,0.000906
1132.0,2026-07-02T15:18:50.017,2,-97.5,461.24,27.38,0.0298,0.0,GOING_TO_ENDPOINT,dump_zone_23,load_zone_23,0.00027,0.000724
1132.0,2026-07-02T15:18:50.017,3,653.011,-106.547,10.617,-0.5,1000.0,RETURNING_TO_START,load_zone_26,dump_zone_3,0.00025,0.00067
1133.0,2026-07-02T15:18:55.304,1,-97.5,413.306,29.401,-0.25,0.0,GOING_TO_ENDPOINT,dump_zone_22,load_zone_23,0.00025,0.00067
1133.0,2026-07-02T15:18:55.304,2,-97.5,453.654,27.191,-0.1048,0.0,GOING_TO_ENDPOINT,dump_zone_23,load_zone_23,0.000258,0.000691
1133.0,2026-07-02T15:18:55.304,3,651.111,-104.647,8.917,-0.5,1000.0,RETURNING_TO_START,load_zone_26,dump_zone_3,0.00025,0.00067
1134.0,2026-07-02T15:19:01.419,1,-97.5,405.385,27.786,-0.3771,0.0,GOING_TO_ENDPOINT,dump_zone_22,load_zone_23,0.00025,0.00067
1134.0,2026-07-02T15:19:01.419,2,-97.5,446.186,26.677,0.0675,0.0,GOING_TO_ENDPOINT,dump_zone_23,load_zone_23,0.000273,0.000732
1134.0,2026-07-02T15:19:01.419,3,649.541,-103.097,7.117,-0.5,1000.0,RETURNING_TO_START,load_zone_26,dump_zone_3,0.00025,0.00067
1135.0,2026-07-02T15:19:07.025,1,-97.5,397.851,26.648,-0.0833,0.0,GOING_TO_ENDPOINT,dump_zone_22,load_zone_23,0.00026,0.000697
1135.0,2026-07-02T15:19:07.025,2,-97.5,438.581,28.187,0.4958,0.0,GOING_TO_ENDPOINT,dump_zone_23,load_zone_23,0.000313,0.000839
1135.0,2026-07-02T15:19:07.025,3,648.092,-102.18,5.692,-0.0833,1000.0,RETURNING_TO_START,load_zone_26,dump_zone_3,0.000253,0.000678
1136.0,2026-07-02T15:19:12.050,1,-97.5,390.315,27.761,0.3542,0.0,GOING_TO_ENDPOINT,dump_zone_22,load_zone_23,0.000299,0.000801
1136.0,2026-07-02T15:19:12.050,2,-97.5,430.693,28.072,-0.3375,0.0,GOING_TO_ENDPOINT,dump_zone_23,load_zone_23,0.00025,0.00067
1136.0,2026-07-02T15:19:12.050,3,646.376,-101.913,7.342,0.9167,1000.0,RETURNING_TO_START,load_zone_26,dump_zone_3,0.000294,0.000788
1137.0,2026-07-02T15:19:16.621,1,-97.5,382.583,27.825,0.1785,0.0,GOING_TO_ENDPOINT,dump_zone_22,load_zone_23,0.000284,0.000761
1137.0,2026-07-02T15:19:16.621,2,-97.5,423.04,26.963,-0.25,0.0,GOING_TO_ENDPOINT,dump_zone_23,load_zone_23,0.00025,0.00067
1137.0,2026-07-02T15:19:16.621,3,643.797,-102.005,10.942,1.0,1000.0,RETURNING_TO_START,load_zone_26,dump_zone_3,0.000321,0.00086
1138.0,2026-07-02T15:19:21.462,1,-97.5,374.819,27.787,-0.3055,0.0,GOING_TO_ENDPOINT,dump_zone_22,load_zone_23,0.00025,0.00067
1138.0,2026-07-02T15:19:21.462,2,-97.5,415.49,27.657,0.2031,0.0,GOING_TO_ENDPOINT,dump_zone_23,load_zone_23,0.000286,0.000766
1138.0,2026-07-02T15:19:21.462,3,640.226,-102.271,14.542,1.0,1000.0,RETURNING_TO_START,load_zone_26,dump_zone_3,0.000344,0.000922
1139.0,2026-07-02T15:19:27.224,1,-97.5,367.157,27.737,0.0278,0.0,GOING_TO_ENDPOINT,dump_zone_22,load_zone_23,0.00027,0.000724
1139.0,2026-07-02T15:19:27.224,2,-97.5,407.838,27.265,-0.0925,0.0,GOING_TO_ENDPOINT,dump_zone_23,load_zone_23,0.000259,0.000694
1139.0,2026-07-02T15:19:27.224,3,635.649,-102.457,18.142,1.0,1000.0,RETURNING_TO_START,load_zone_26,dump_zone_3,0.000367,0.000984
1140.0,2026-07-02T15:19:32.106,1,-97.5,359.62,26.362,-0.5,0.0,GOING_TO_ENDPOINT,dump_zone_22,load_zone_23,0.00025,0.00067
1140.0,2026-07-02T15:19:32.106,2,-97.5,400.358,26.634,-0.141,0.0,GOING_TO_ENDPOINT,dump_zone_23,load_zone_23,0.000255,0.000683
1140.0,2026-07-02T15:19:32.106,3,630.228,-102.502,20.146,0.106,1000.0,RETURNING_TO_START,load_zone_26,dump_zone_3,0.000283,0.000758
1141.0,2026-07-02T15:19:36.968,1,-97.5,352.568,24.562,-0.5,0.0,GOING_TO_ENDPOINT,dump_zone_22,load_zone_23,0.00025,0.00067
1141.0,2026-07-02T15:19:36.968,2,-97.5,392.916,27.476,0.6923,0.0,GOING_TO_ENDPOINT,dump_zone_23,load_zone_23,0.000329,0.000882
1141.0,2026-07-02T15:19:36.968,3,624.767,-102.501,18.919,-0.5,1000.0,RETURNING_TO_START,load_zone_26,dump_zone_3,0.00025,0.00067
1142.0,2026-07-02T15:19:40.808,1,-97.5,346.016,22.762,-0.5,0.0,GOING_TO_ENDPOINT,dump_zone_22,load_zone_23,0.00025,0.00067
1142.0,2026-07-02T15:19:40.808,2,-97.5,384.972,29.269,0.1923,0.0,GOING_TO_ENDPOINT,dump_zone_23,load_zone_23,0.000287,0.000769
1142.0,2026-07-02T15:19:40.808,3,619.783,-102.5,17.119,-0.5,1000.0,RETURNING_TO_START,load_zone_26,dump_zone_3,0.00025,0.00067
1143.0,2026-07-02T15:19:45.407,1,-97.5,339.964,20.962,-0.5,0.0,GOING_TO_ENDPOINT,dump_zone_22,load_zone_23,0.00025,0.00067
1143.0,2026-07-02T15:19:45.407,2,-97.5,376.927,28.38,-0.4117,0.0,GOING_TO_ENDPOINT,dump_zone_23,load_zone_23,0.00025,0.00067
1143.0,2026-07-02T15:19:45.407,3,615.299,-102.5,15.319,-0.5,1000.0,RETURNING_TO_START,load_zone_26,dump_zone_3,0.00025,0.00067
1144.0,2026-07-02T15:19:49.526,1,-97.5,334.412,19.162,-0.5,0.0,GOING_TO_ENDPOINT,dump_zone_22,load_zone_23,0.00025,0.00067
1144.0,2026-07-02T15:19:49.526,2,-97.5,369.151,27.933,0.0638,0.0,GOING_TO_ENDPOINT,dump_zone_23,load_zone_23,0.000273,0.000732
1144.0,2026-07-02T15:19:49.526,3,611.314,-102.5,13.519,-0.5,1000.0,RETURNING_TO_START,load_zone_26,dump_zone_3,0.00025,0.00067
1145.0,2026-07-02T15:19:53.801,1,-97.524,329.361,17.362,-0.5,0.0,GOING_TO_ENDPOINT,dump_zone_22,load_zone_23,0.00025,0.00067
1145.0,2026-07-02T15:19:53.801,2,-97.5,361.545,26.623,-0.5,0.0,GOING_TO_ENDPOINT,dump_zone_23,load_zone_23,0.00025,0.00067
1145.0,2026-07-02T15:19:53.801,3,607.83,-102.5,11.719,-0.5,1000.0,RETURNING_TO_START,load_zone_26,dump_zone_3,0.00025,0.00067
1146.0,2026-07-02T15:19:58.370,1,-100.223,325.996,15.562,-0.5,0.0,GOING_TO_ENDPOINT,dump_zone_22,load_zone_23,0.00025,0.00067
1146.0,2026-07-02T15:19:58.370,2,-97.5,354.42,24.823,-0.5,0.0,GOING_TO_ENDPOINT,dump_zone_23,load_zone_23,0.00025,0.00067
1146.0,2026-07-02T15:19:58.370,3,604.846,-102.5,9.919,-0.5,1000.0,RETURNING_TO_START,load_zone_26,dump_zone_3,0.00025,0.00067
1147.0,2026-07-02T15:20:01.118,1,-104.047,326.675,13.762,-0.5,0.0,GOING_TO_ENDPOINT,dump_zone_22,load_zone_23,0.00025,0.00067
1147.0,2026-07-02T15:20:01.118,2,-97.5,347.796,23.023,-0.5,0.0,GOING_TO_ENDPOINT,dump_zone_23,load_zone_23,0.00025,0.00067
1147.0,2026-07-02T15:20:01.118,3,602.361,-102.498,8.119,-0.5,1000.0,RETURNING_TO_START,load_zone_26,dump_zone_3,0.00025,0.00067
1148.0,2026-07-02T15:20:03.488,1,-105.541,329.773,11.962,-0.5,0.0,GOING_TO_ENDPOINT,dump_zone_22,load_zone_23,0.00025,0.00067
1148.0,2026-07-02T15:20:03.488,2,-97.5,341.671,21.223,-0.5,0.0,GOING_TO_ENDPOINT,dump_zone_23,load_zone_23,0.00025,0.00067
1148.0,2026-07-02T15:20:03.488,3,600.342,-102.213,6.994,-0.0833,1000.0,RETURNING_TO_START,load_zone_26,dump_zone_3,0.000254,0.000681
1149.0,2026-07-02T15:20:08.067,1,-104.46,332.55,10.162,-0.5,0.0,GOING_TO_ENDPOINT,dump_zone_22,load_zone_23,0.00025,0.00067
1149.0,2026-07-02T15:20:08.067,2,-97.5,336.047,19.423,-0.5,0.0,GOING_TO_ENDPOINT,dump_zone_23,load_zone_23,0.00025,0.00067
1149.0,2026-07-02T15:20:08.067,3,598.639,-101.013,8.594,0.75,1000.0,RETURNING_TO_START,load_zone_26,dump_zone_3,0.000294,0.000788
1150.0,2026-07-02T15:20:14.698,1,-102.262,333.762,8.362,-0.5,0.0,GOING_TO_ENDPOINT,dump_zone_22,load_zone_23,0.00025,0.00067
1150.0,2026-07-02T15:20:14.698,2,-97.355,330.929,17.623,-0.5,0.0,GOING_TO_ENDPOINT,dump_zone_23,load_zone_23,0.00025,0.00067
1150.0,2026-07-02T15:20:14.698,3,597.574,-98.688,9.394,-0.0833,1000.0,RETURNING_TO_START,load_zone_26,dump_zone_3,0.000256,0.000686
1151.0,2026-07-02T15:20:19.132,1,-100.147,333.594,7.687,0.25,0.0,GOING_TO_ENDPOINT,dump_zone_22,load_zone_23,0.000261,0.000699
1151.0,2026-07-02T15:20:19.132,2,-99.38,326.994,15.823,-0.5,0.0,GOING_TO_ENDPOINT,dump_zone_23,load_zone_23,0.00025,0.00067
1151.0,2026-07-02T15:20:19.132,3,597.337,-95.926,11.044,0.9167,1000.0,RETURNING_TO_START,load_zone_26,dump_zone_3,0.000316,0.000847
1152.0,2026-07-02T15:20:23.664,1,-98.274,332.175,9.137,0.0833,0.0,GOING_TO_ENDPOINT,dump_zone_22,load_zone_23,0.000258,0.000691
1152.0,2026-07-02T15:20:23.664,2,-103.325,326.866,14.023,-0.5,0.0,GOING_TO_ENDPOINT,dump_zone_23,load_zone_23,0.00025,0.00067
1152.0,2026-07-02T15:20:23.664,3,597.334,-92.317,14.644,1.0,1000.0,RETURNING_TO_START,load_zone_26,dump_zone_3,0.000344,0.000922
1153.0,2026-07-02T15:20:26.909,1,-97.521,329.941,7.862,-0.5,0.0,GOING_TO_ENDPOINT,dump_zone_22,load_zone_23,0.00025,0.00067
1153.0,2026-07-02T15:20:26.909,2,-105.416,329.678,12.223,-0.5,0.0,GOING_TO_ENDPOINT,dump_zone_23,load_zone_23,0.00025,0.00067
1153.0,2026-07-02T15:20:26.909,3,597.442,-87.709,18.244,1.0,1000.0,RETURNING_TO_START,load_zone_26,dump_zone_3,0.000368,0.000986
1154.0,2026-07-02T15:20:31.994,1,-97.627,328.034,6.062,-0.5,0.0,GOING_TO_ENDPOINT,dump_zone_22,load_zone_23,0.00025,0.00067
1154.0,2026-07-02T15:20:31.994,2,-104.809,332.669,10.573,-0.25,0.0,GOING_TO_ENDPOINT,dump_zone_23,load_zone_23,0.00025,0.00067
1154.0,2026-07-02T15:20:31.994,3,597.496,-82.105,21.694,0.75,1000.0,RETURNING_TO_START,load_zone_26,dump_zone_3,0.000361,0.000967
1155.0,2026-07-02T15:20:38.718,1,-97.276,326.672,4.262,-0.5,0.0,GOING_TO_ENDPOINT,dump_zone_22,load_zone_23,0.00025,0.00067
1155.0,2026-07-02T15:20:38.718,2,-102.389,334.34,11.623,0.75,0.0,GOING_TO_ENDPOINT,dump_zone_23,load_zone_23,0.000286,0.000766
1155.0,2026-07-02T15:20:38.718,3,597.501,-75.707,23.833,0.2184,1000.0,RETURNING_TO_START,load_zone_26,dump_zone_3,0.000303,0.000812
1156.0,2026-07-02T15:20:45.459,1,-96.809,325.89,2.462,-0.5,0.0,LOADING,dump_zone_22,load_zone_23,0.00025,0.00067
1156.0,2026-07-02T15:20:45.459,2,-98.926,333.484,14.459,0.4421,0.0,GOING_TO_ENDPOINT,dump_zone_23,load_zone_23,0.00028,0.00075
1156.0,2026-07-02T15:20:45.459,3,597.5,-69.17,22.882,-0.4167,1000.0,RETURNING_TO_START,load_zone_26,dump_zone_3,0.00025,0.00067
1157.0,2026-07-02T15:20:52.606,1,-96.549,325.569,0.662,-0.5,0.0,LOADING,dump_zone_22,load_zone_23,0.00025,0.00067
1157.0,2026-07-02T15:20:52.606,2,-96.996,329.838,15.151,-0.2246,0.0,GOING_TO_ENDPOINT,dump_zone_23,load_zone_23,0.00025,0.00067
1157.0,2026-07-02T15:20:52.606,3,597.5,-62.974,21.756,-0.303,1000.0,RETURNING_TO_START,load_zone_26,dump_zone_3,0.00025,0.00067
1158.0,2026-07-02T15:20:59.016,1,-96.531,325.549,0.0,-0.4167,0.0,LOADING,dump_zone_22,load_zone_23,0.00025,0.00067
1158.0,2026-07-02T15:20:59.016,2,-93.691,327.808,13.449,-0.5,0.0,GOING_TO_ENDPOINT,dump_zone_23,load_zone_23,0.00025,0.00067
1158.0,2026-07-02T15:20:59.016,3,597.5,-56.885,22.566,0.5303,1000.0,RETURNING_TO_START,load_zone_26,dump_zone_3,0.000338,0.000906
1159.0,2026-07-02T15:21:02.616,1,-95.765,324.911,7.2,0.0,1000.0,TURNING_AROUND,load_zone_23,dump_zone_22,0.000258,0.000691
1159.0,2026-07-02T15:21:02.616,2,-91.602,325.177,11.649,-0.5,0.0,GOING_TO_ENDPOINT,dump_zone_23,load_zone_23,0.00025,0.00067
1159.0,2026-07-02T15:21:02.616,3,597.5,-50.513,23.018,0.156,1000.0,RETURNING_TO_START,load_zone_26,dump_zone_3,0.000294,0.000788
1160.0,2026-07-02T15:21:05.113,1,-93.885,324.29,7.2,0.0,1000.0,TURNING_AROUND,load_zone_23,dump_zone_22,0.000258,0.000691
1160.0,2026-07-02T15:21:05.113,2,-91.971,322.302,9.849,-0.5,0.0,GOING_TO_ENDPOINT,dump_zone_23,load_zone_23,0.00025,0.00067
1160.0,2026-07-02T15:21:05.113,3,597.5,-44.116,22.929,-0.0106,1000.0,RETURNING_TO_START,load_zone_26,dump_zone_3,0.000273,0.000732
1161.0,2026-07-02T15:21:07.622,1,-95.074,324.092,5.4,0.0,1000.0,TURNING_AROUND,load_zone_23,dump_zone_22,0.000256,0.000686
1161.0,2026-07-02T15:21:07.622,2,-93.733,320.605,8.424,-0.0833,0.0,GOING_TO_ENDPOINT,dump_zone_23,load_zone_23,0.000253,0.000678
1161.0,2026-07-02T15:21:07.622,3,597.5,-37.772,23.144,0.4478,1000.0,RETURNING_TO_START,load_zone_26,dump_zone_3,0.00033,0.000884
1162.0,2026-07-02T15:21:11.478,1,-93.669,325.044,7.2,0.0,1000.0,TURNING_AROUND,load_zone_23,dump_zone_22,0.000258,0.000691
1162.0,2026-07-02T15:21:11.478,2,-96.172,320.255,10.074,0.9167,0.0,GOING_TO_ENDPOINT,dump_zone_23,load_zone_23,0.000286,0.000766
1162.0,2026-07-02T15:21:11.478,3,597.5,-31.211,23.671,-0.0026,1000.0,RETURNING_TO_START,load_zone_26,dump_zone_3,0.000275,0.000737
1163.0,2026-07-02T15:21:15.863,1,-93.104,325.676,5.4,0.0,1000.0,TURNING_AROUND,load_zone_23,dump_zone_22,0.000256,0.000686
1163.0,2026-07-02T15:21:15.863,2,-98.804,321.996,12.549,0.25,0.0,GOING_TO_ENDPOINT,dump_zone_23,load_zone_23,0.000268,0.000718
1163.0,2026-07-02T15:21:15.863,3,597.5,-24.661,23.117,-0.4098,1000.0,RETURNING_TO_START,load_zone_26,dump_zone_3,0.00025,0.00067
1164.0,2026-07-02T15:21:21.382,1,-93.202,325.343,0.481,0.4755,1000.0,RETURNING_TO_START,load_zone_23,dump_zone_22,0.000252,0.000675
1164.0,2026-07-02T15:21:21.382,2,-99.306,325.272,11.649,-0.5,0.0,GOING_TO_ENDPOINT,dump_zone_23,load_zone_23,0.00025,0.00067
1164.0,2026-07-02T15:21:21.382,3,597.5,-18.26,23.474,0.4008,1000.0,RETURNING_TO_START,load_zone_26,dump_zone_3,0.000326,0.000874
1165.0,2026-07-02T15:21:28.417,1,-93.248,325.913,3.662,1.0,1000.0,RETURNING_TO_START,load_zone_23,dump_zone_22,0.000274,0.000734
1165.0,2026-07-02T15:21:28.417,2,-97.571,327.596,9.874,-0.4167,0.0,GOING_TO_ENDPOINT,dump_zone_23,load_zone_23,0.00025,0.00067
1165.0,2026-07-02T15:21:28.417,3,597.5,-11.732,23.027,-0.4167,1000.0,RETURNING_TO_START,load_zone_26,dump_zone_3,0.00025,0.00067
1166.0,2026-07-02T15:21:36.964,1,-93.761,327.324,6.562,0.4167,1000.0,RETURNING_TO_START,load_zone_23,dump_zone_22,0.000272,0.000729
1166.0,2026-07-02T15:21:36.964,2,-95.057,328.193,8.949,-0.5,0.0,GOING_TO_ENDPOINT,dump_zone_23,load_zone_23,0.00025,0.00067
1166.0,2026-07-02T15:21:36.964,3,597.5,-5.392,22.932,0.2186,1000.0,RETURNING_TO_START,load_zone_26,dump_zone_3,0.000301,0.000807
1167.0,2026-07-02T15:21:45.060,1,-95.031,328.631,6.137,-0.5,1000.0,RETURNING_TO_START,load_zone_23,dump_zone_22,0.00025,0.00067
1167.0,2026-07-02T15:21:45.060,2,-92.979,327.375,7.799,-0.0833,0.0,GOING_TO_ENDPOINT,dump_zone_23,load_zone_23,0.000253,0.000678
1167.0,2026-07-02T15:21:45.060,3,597.5,1.068,23.088,-0.2379,1000.0,RETURNING_TO_START,load_zone_26,dump_zone_3,0.00025,0.00067
1168.0,2026-07-02T15:21:51.132,1,-96.319,329.364,5.037,0.0833,1000.0,RETURNING_TO_START,load_zone_23,dump_zone_22,0.000258,0.000691
1168.0,2026-07-02T15:21:51.132,2,-91.772,325.856,6.249,-0.5,0.0,GOING_TO_ENDPOINT,dump_zone_23,load_zone_23,0.00025,0.00067
1168.0,2026-07-02T15:21:51.132,3,597.5,7.444,22.955,0.1564,1000.0,RETURNING_TO_START,load_zone_26,dump_zone_3,0.000294,0.000788
1169.0,2026-07-02T15:21:55.704,1,-97.614,330.39,7.262,1.0,1000.0,RETURNING_TO_START,load_zone_23,dump_zone_22,0.000297,0.000796
1169.0,2026-07-02T15:21:55.704,2,-91.414,324.444,4.449,-0.5,0.0,GOING_TO_ENDPOINT,dump_zone_23,load_zone_23,0.00025,0.00067
1169.0,2026-07-02T15:21:55.704,3,597.5,13.988,23.968,0.0727,1000.0,RETURNING_TO_START,load_zone_26,dump_zone_3,0.000285,0.000764
1170.0,2026-07-02T15:22:00.948,1,-99.533,332.074,10.862,1.0,1000.0,RETURNING_TO_START,load_zone_23,dump_zone_22,0.00032,0.000858
1170.0,2026-07-02T15:22:00.948,2,-91.447,323.481,2.649,-0.5,0.0,LOADING,dump_zone_23,load_zone_23,0.00025,0.00067
1170.0,2026-07-02T15:22:00.948,3,597.5,20.625,23.579,-0.2607,1000.0,RETURNING_TO_START,load_zone_26,dump_zone_3,0.00025,0.00067
1171.0,2026-07-02T15:22:05.827,1,-101.221,335.188,14.462,1.0,1000.0,RETURNING_TO_START,load_zone_23,dump_zone_22,0.000343,0.000919
1171.0,2026-07-02T15:22:05.827,2,-91.466,323.016,0.849,-0.5,0.0,LOADING,dump_zone_23,load_zone_23,0.00025,0.00067
1171.0,2026-07-02T15:22:05.827,3,597.5,27.03,22.641,-0.2607,1000.0,RETURNING_TO_START,load_zone_26,dump_zone_3,0.00025,0.00067
1172.0,2026-07-02T15:22:11.225,1,-102.291,339.604,18.062,1.0,1000.0,RETURNING_TO_START,load_zone_23,dump_zone_22,0.000366,0.000981
1172.0,2026-07-02T15:22:11.225,2,-91.465,322.97,0.0,-0.5,0.0,LOADING,dump_zone_23,load_zone_23,0.00025,0.00067
1172.0,2026-07-02T15:22:11.225,3,597.5,33.298,23.048,0.5608,1000.0,RETURNING_TO_START,load_zone_26,dump_zone_3,0.000344,0.000922
1173.0,2026-07-02T15:22:17.393,1,-102.508,345.151,21.558,0.9039,1000.0,RETURNING_TO_START,load_zone_23,dump_zone_22,0.000378,0.001013
1173.0,2026-07-02T15:22:17.393,2,-91.341,322.148,7.2,0.0,1000.0,TURNING_AROUND,load_zone_23,dump_zone_23,0.000258,0.000691
1173.0,2026-07-02T15:22:17.393,3,597.5,39.854,23.722,0.0005,1000.0,RETURNING_TO_START,load_zone_26,dump_zone_3,0.000275,0.000737
1174.0,2026-07-02T15:22:21.884,1,-102.502,351.477,23.33,0.0789,1000.0,RETURNING_TO_START,load_zone_23,dump_zone_22,0.000285,0.000764
1174.0,2026-07-02T15:22:21.884,2,-90.386,320.414,7.2,0.0,1000.0,TURNING_AROUND,load_zone_23,dump_zone_23,0.000258,0.000691
1174.0,2026-07-02T15:22:21.884,3,597.5,46.482,24.139,0.0894,1000.0,RETURNING_TO_START,load_zone_26,dump_zone_3,0.000287,0.000769
1175.0,2026-07-02T15:22:25.424,1,-102.5,357.828,22.365,-0.1307,1000.0,RETURNING_TO_START,load_zone_23,dump_zone_22,0.000258,0.000691
1175.0,2026-07-02T15:22:25.424,2,-91.187,320.866,5.4,0.0,1000.0,TURNING_AROUND,load_zone_23,dump_zone_23,0.000256,0.000686
1175.0,2026-07-02T15:22:25.424,3,597.5,53.067,23.065,-0.4167,1000.0,RETURNING_TO_START,load_zone_26,dump_zone_3,0.00025,0.00067
1176.0,2026-07-02T15:22:29.515,1,-102.5,364.056,22.789,0.3485,1000.0,RETURNING_TO_START,load_zone_23,dump_zone_22,0.000317,0.00085
1176.0,2026-07-02T15:22:29.515,2,-89.782,320.714,7.2,0.0,1000.0,TURNING_AROUND,load_zone_23,dump_zone_23,0.000258,0.000691
1176.0,2026-07-02T15:22:29.515,3,597.5,59.319,22.465,0.25,1000.0,RETURNING_TO_START,load_zone_26,dump_zone_3,0.000304,0.000815
1177.0,2026-07-02T15:22:33.555,1,-102.5,370.485,23.52,0.1455,1000.0,RETURNING_TO_START,load_zone_23,dump_zone_22,0.000293,0.000785
1177.0,2026-07-02T15:22:33.555,2,-88.669,320.905,5.4,0.0,1000.0,TURNING_AROUND,load_zone_23,dump_zone_23,0.000256,0.000686
1177.0,2026-07-02T15:22:33.555,3,597.5,65.725,23.335,0.172,1000.0,RETURNING_TO_START,load_zone_26,dump_zone_3,0.000296,0.000793
1178.0,2026-07-02T15:22:37.686,1,-102.5,376.917,22.598,-0.3523,1000.0,RETURNING_TO_START,load_zone_23,dump_zone_22,0.00025,0.00067
1178.0,2026-07-02T15:22:37.686,2,-89.231,320.598,7.2,0.0,1000.0,TURNING_AROUND,load_zone_23,dump_zone_23,0.000258,0.000691
1178.0,2026-07-02T15:22:37.686,3,597.5,72.275,23.354,-0.4113,1000.0,RETURNING_TO_START,load_zone_26,dump_zone_3,0.00025,0.00067
1179.0,2026-07-02T15:22:42.149,1,-102.5,383.177,22.717,0.1215,1000.0,RETURNING_TO_START,load_zone_23,dump_zone_22,0.000289,0.000775
1179.0,2026-07-02T15:22:42.149,2,-88.543,322.103,0.0,-0.4167,1000.0,RETURNING_TO_START,load_zone_23,dump_zone_23,0.00025,0.00067
1179.0,2026-07-02T15:22:42.149,3,597.5,78.624,22.738,-0.1397,1000.0,RETURNING_TO_START,load_zone_26,dump_zone_3,0.000257,0.000689
1180.0,2026-07-02T15:22:47.203,1,-102.5,389.435,22.258,-0.0476,1000.0,RETURNING_TO_START,load_zone_23,dump_zone_22,0.000268,0.000718
1180.0,2026-07-02T15:22:47.203,2,-88.543,322.151,0.7,0.5833,1000.0,RETURNING_TO_START,load_zone_23,dump_zone_23,0.000253,0.000678
1180.0,2026-07-02T15:22:47.203,3,597.5,84.975,23.315,0.2432,1000.0,RETURNING_TO_START,load_zone_26,dump_zone_3,0.000305,0.000817
1181.0,2026-07-02T15:22:52.142,1,-102.5,395.783,23.633,0.402,1000.0,RETURNING_TO_START,load_zone_23,dump_zone_22,0.000326,0.000874
1181.0,2026-07-02T15:22:52.142,2,-88.612,322.819,4.05,1.0,1000.0,RETURNING_TO_START,load_zone_23,dump_zone_23,0.000276,0.00074
1181.0,2026-07-02T15:22:52.142,3,597.5,91.485,23.628,0.2616,1000.0,RETURNING_TO_START,load_zone_26,dump_zone_3,0.000308,0.000825
1182.0,2026-07-02T15:22:58.568,1,-102.5,402.398,23.749,-0.0773,1000.0,RETURNING_TO_START,load_zone_23,dump_zone_22,0.000265,0.00071
1182.0,2026-07-02T15:22:58.568,2,-89.262,324.341,7.65,1.0,1000.0,RETURNING_TO_START,load_zone_23,dump_zone_23,0.000299,0.000801
1182.0,2026-07-02T15:22:58.568,3,597.5,98.127,23.914,-0.0879,1000.0,RETURNING_TO_START,load_zone_26,dump_zone_3,0.000264,0.000708
1183.0,2026-07-02T15:23:04.180,1,-102.5,408.869,22.685,-0.5,1000.0,RETURNING_TO_START,load_zone_23,dump_zone_22,0.00025,0.00067
1183.0,2026-07-02T15:23:04.180,2,-91.044,326.314,11.25,1.0,1000.0,RETURNING_TO_START,load_zone_23,dump_zone_23,0.000323,0.000866
1183.0,2026-07-02T15:23:04.180,3,597.5,104.61,22.858,-0.0833,1000.0,RETURNING_TO_START,load_zone_26,dump_zone_3,0.000264,0.000708
1184.0,2026-07-02T15:23:09.889,1,-102.5,414.974,21.285,-0.5,1000.0,RETURNING_TO_START,load_zone_23,dump_zone_22,0.00025,0.00067
1184.0,2026-07-02T15:23:09.889,2,-93.865,328.65,14.85,1.0,1000.0,RETURNING_TO_START,load_zone_23,dump_zone_23,0.000346,0.000927
1184.0,2026-07-02T15:23:09.889,3,597.5,110.955,22.941,0.0559,1000.0,RETURNING_TO_START,load_zone_26,dump_zone_3,0.000281,0.000753
1185.0,2026-07-02T15:23:15.295,1,-102.5,420.616,19.485,-0.5,1000.0,RETURNING_TO_START,load_zone_23,dump_zone_22,0.00025,0.00067
1185.0,2026-07-02T15:23:15.295,2,-97.714,331.288,18.45,1.0,1000.0,RETURNING_TO_START,load_zone_23,dump_zone_23,0.000369,0.000989
1185.0,2026-07-02T15:23:15.295,3,597.5,117.369,23.093,-0.0351,1000.0,RETURNING_TO_START,load_zone_26,dump_zone_3,0.00027,0.000724
1186.0,2026-07-02T15:23:22.460,1,-102.5,425.761,17.712,-0.5,1000.0,RETURNING_TO_START,load_zone_23,dump_zone_22,0.00025,0.00067
1186.0,2026-07-02T15:23:22.460,2,-101.311,335.576,22.05,1.0,1000.0,RETURNING_TO_START,load_zone_23,dump_zone_23,0.000392,0.001051
1186.0,2026-07-02T15:23:22.460,3,597.5,123.792,23.27,0.3002,1000.0,RETURNING_TO_START,load_zone_26,dump_zone_3,0.000312,0.000836
1187.0,2026-07-02T15:23:29.046,1,-102.5,430.411,15.912,-0.5,1000.0,RETURNING_TO_START,load_zone_23,dump_zone_22,0.00025,0.00067
1187.0,2026-07-02T15:23:29.046,2,-102.571,341.973,24.525,0.25,1000.0,RETURNING_TO_START,load_zone_23,dump_zone_23,0.000309,0.000828
1187.0,2026-07-02T15:23:29.046,3,597.5,130.306,23.275,-0.0396,1000.0,RETURNING_TO_START,load_zone_26,dump_zone_3,0.00027,0.000724
1188.0,2026-07-02T15:23:35.203,1,-102.5,434.584,14.237,-0.4167,1000.0,RETURNING_TO_START,load_zone_23,dump_zone_22,0.00025,0.00067
1188.0,2026-07-02T15:23:35.203,2,-102.511,348.715,23.625,-0.5,1000.0,RETURNING_TO_START,load_zone_23,dump_zone_23,0.00025,0.00067
1188.0,2026-07-02T15:23:35.203,3,597.5,136.727,23.183,0.2938,1000.0,RETURNING_TO_START,load_zone_26,dump_zone_3,0.000311,0.000833
1189.0,2026-07-02T15:23:41.582,1,-102.5,438.306,12.612,-0.5,1000.0,RETURNING_TO_START,load_zone_23,dump_zone_22,0.00025,0.00067
1189.0,2026-07-02T15:23:41.582,2,-102.497,355.027,22.075,-0.25,1000.0,RETURNING_TO_START,load_zone_23,dump_zone_23,0.00025,0.00067
1189.0,2026-07-02T15:23:41.582,3,597.5,143.214,23.111,-0.2548,1000.0,RETURNING_TO_START,load_zone_26,dump_zone_3,0.00025,0.00067
1190.0,2026-07-02T15:23:48.489,1,-102.5,441.587,11.222,-0.3265,1000.0,RETURNING_TO_START,load_zone_23,dump_zone_22,0.00025,0.00067
1190.0,2026-07-02T15:23:48.489,2,-102.5,361.233,23.084,0.6139,1000.0,RETURNING_TO_START,load_zone_23,dump_zone_23,0.000351,0.000941
1190.0,2026-07-02T15:23:48.489,3,597.5,149.517,22.326,-0.127,1000.0,RETURNING_TO_START,load_zone_26,dump_zone_3,0.000258,0.000691
1191.0,2026-07-02T15:23:55.170,1,-102.5,444.442,9.452,-0.5,1000.0,RETURNING_TO_START,load_zone_23,dump_zone_22,0.00025,0.00067
1191.0,2026-07-02T15:23:55.170,2,-102.5,367.83,23.856,-0.19,1000.0,RETURNING_TO_START,load_zone_23,dump_zone_23,0.000251,0.000673
1191.0,2026-07-02T15:23:55.170,3,597.5,155.586,21.248,-0.25,1000.0,RETURNING_TO_START,load_zone_26,dump_zone_3,0.00025,0.00067
1192.0,2026-07-02T15:24:00.461,1,-102.5,446.796,7.652,-0.5,1000.0,RETURNING_TO_START,load_zone_23,dump_zone_22,0.00025,0.00067
1192.0,2026-07-02T15:24:00.461,2,-102.5,374.297,22.871,-0.3453,1000.0,RETURNING_TO_START,load_zone_23,dump_zone_23,0.00025,0.00067
1192.0,2026-07-02T15:24:00.461,3,597.5,161.281,19.698,-0.5,1000.0,RETURNING_TO_START,load_zone_26,dump_zone_3,0.00025,0.00067
1193.0,2026-07-02T15:24:05.776,1,-102.744,448.698,6.652,0.0833,1000.0,RETURNING_TO_START,load_zone_23,dump_zone_22,0.00026,0.000697
1193.0,2026-07-02T15:24:05.776,2,-102.5,380.48,22.218,0.25,1000.0,RETURNING_TO_START,load_zone_23,dump_zone_23,0.000303,0.000812
1193.0,2026-07-02T15:24:05.776,3,597.5,166.482,17.902,-0.4881,1000.0,RETURNING_TO_START,load_zone_26,dump_zone_3,0.00025,0.00067
1194.0,2026-07-02T15:24:08.340,1,-103.908,450.42,8.877,1.0,1000.0,RETURNING_TO_START,load_zone_23,dump_zone_22,0.000307,0.000823
1194.0,2026-07-02T15:24:08.340,2,-102.5,386.915,23.893,0.2503,1000.0,RETURNING_TO_START,load_zone_23,dump_zone_23,0.000307,0.000823
1194.0,2026-07-02T15:24:08.340,3,597.5,171.185,16.106,-0.5,1000.0,RETURNING_TO_START,load_zone_26,dump_zone_3,0.00025,0.00067
1195.0,2026-07-02T15:24:13.374,1,-106.688,451.364,12.477,1.0,1000.0,RETURNING_TO_START,load_zone_23,dump_zone_22,0.00033,0.000884
1195.0,2026-07-02T15:24:13.374,2,-102.5,393.678,24.477,-0.1719,1000.0,RETURNING_TO_START,load_zone_23,dump_zone_23,0.000253,0.000678
1195.0,2026-07-02T15:24:13.374,3,597.5,175.388,14.306,-0.5,1000.0,RETURNING_TO_START,load_zone_26,dump_zone_3,0.00025,0.00067
1196.0,2026-07-02T15:24:18.176,1,-110.339,449.81,16.077,1.0,1000.0,RETURNING_TO_START,load_zone_23,dump_zone_22,0.000354,0.000949
1196.0,2026-07-02T15:24:18.176,2,-102.5,400.289,23.171,-0.25,1000.0,RETURNING_TO_START,load_zone_23,dump_zone_23,0.00025,0.00067
1196.0,2026-07-02T15:24:18.176,3,597.5,179.11,12.606,-0.5,1000.0,RETURNING_TO_START,load_zone_26,dump_zone_3,0.00025,0.00067
1197.0,2026-07-02T15:24:23.949,1,-115.003,448.032,19.677,1.0,1000.0,RETURNING_TO_START,load_zone_23,dump_zone_22,0.000377,0.00101
1197.0,2026-07-02T15:24:23.949,2,-102.5,406.657,22.754,-0.1565,1000.0,RETURNING_TO_START,load_zone_23,dump_zone_23,0.000255,0.000683
1197.0,2026-07-02T15:24:23.949,3,597.5,182.389,11.506,0.0833,1000.0,RETURNING_TO_START,load_zone_26,dump_zone_3,0.000267,0.000716
1198.0,2026-07-02T15:24:29.189,1,-120.956,447.501,22.902,0.5833,1000.0,RETURNING_TO_START,load_zone_23,dump_zone_22,0.000346,0.000927
1198.0,2026-07-02T15:24:29.189,2,-102.5,412.986,23.09,0.3645,1000.0,RETURNING_TO_START,load_zone_23,dump_zone_23,0.00032,0.000858
1198.0,2026-07-02T15:24:29.189,3,597.489,185.516,10.606,-0.5,1000.0,RETURNING_TO_START,load_zone_26,dump_zone_3,0.00025,0.00067
1199.0,2026-07-02T15:24:34.827,1,-127.423,447.49,23.052,-0.4167,1000.0,RETURNING_TO_START,load_zone_23,dump_zone_22,0.00025,0.00067
1199.0,2026-07-02T15:24:34.827,2,-102.5,419.501,23.41,-0.2037,1000.0,RETURNING_TO_START,load_zone_23,dump_zone_23,0.00025,0.00067
1199.0,2026-07-02T15:24:34.827,3,597.092,188.153,8.806,-0.5,1000.0,RETURNING_TO_START,load_zone_26,dump_zone_3,0.00025,0.00067
1200.0,2026-07-02T15:24:40.488,1,-133.555,447.499,21.252,-0.5,1000.0,RETURNING_TO_START,load_zone_23,dump_zone_22,0.00025,0.00067
1200.0,2026-07-02T15:24:40.488,2,-102.5,425.879,22.576,-0.287,1000.0,RETURNING_TO_START,load_zone_23,dump_zone_23,0.00025,0.00067
1200.0,2026-07-02T15:24:40.488,3,596.326,190.188,7.006,-0.5,1000.0,RETURNING_TO_START,load_zone_26,dump_zone_3,0.00025,0.00067
1201.0,2026-07-02T15:24:46.122,1,-139.188,447.5,19.452,-0.5,1000.0,RETURNING_TO_START,load_zone_23,dump_zone_22,0.00025,0.00067
1201.0,2026-07-02T15:24:46.122,2,-102.5,432.064,22.393,0.213,1000.0,RETURNING_TO_START,load_zone_23,dump_zone_23,0.000299,0.000801
1201.0,2026-07-02T15:24:46.122,3,595.839,191.793,5.296,-0.3439,1000.0,RETURNING_TO_START,load_zone_26,dump_zone_3,0.00025,0.00067
1202.0,2026-07-02T15:24:51.427,1,-144.32,447.5,17.652,-0.5,1000.0,RETURNING_TO_START,load_zone_23,dump_zone_22,0.00025,0.00067
1202.0,2026-07-02T15:24:51.427,2,-102.5,438.48,23.76,0.213,1000.0,RETURNING_TO_START,load_zone_23,dump_zone_23,0.000302,0.000809
1202.0,2026-07-02T15:24:51.427,3,595.626,193.154,4.924,-0.0891,1000.0,RETURNING_TO_START,load_zone_26,dump_zone_3,0.000253,0.000678
1203.0,2026-07-02T15:24:55.649,1,-148.952,447.5,15.852,-0.5,1000.0,RETURNING_TO_START,load_zone_23,dump_zone_22,0.00025,0.00067
1203.0,2026-07-02T15:24:55.649,2,-102.5,445.078,23.427,-0.4537,1000.0,RETURNING_TO_START,load_zone_23,dump_zone_23,0.00025,0.00067
1203.0,2026-07-02T15:24:55.649,3,595.553,194.529,5.268,0.1198,1000.0,RETURNING_TO_START,load_zone_26,dump_zone_3,0.000259,0.000694
1204.0,2026-07-02T15:25:01.027,1,-153.085,447.5,14.052,-0.5,1000.0,RETURNING_TO_START,load_zone_23,dump_zone_22,0.00025,0.00067
1204.0,2026-07-02T15:25:01.027,2,-102.5,451.359,22.17,-0.0453,1000.0,RETURNING_TO_START,load_zone_23,dump_zone_23,0.000268,0.000718
1204.0,2026-07-02T15:25:01.027,3,595.68,195.861,4.219,-0.25,1000.0,RETURNING_TO_START,load_zone_26,dump_zone_3,0.00025,0.00067
1205.0,2026-07-02T15:25:07.024,1,-156.716,447.445,12.252,-0.5,1000.0,RETURNING_TO_START,load_zone_23,dump_zone_22,0.00025,0.00067
1205.0,2026-07-02T15:25:07.024,2,-102.5,457.663,23.207,0.1213,1000.0,RETURNING_TO_START,load_zone_23,dump_zone_23,0.00029,0.000777
1205.0,2026-07-02T15:25:07.024,3,596.058,197.047,5.269,0.75,1000.0,RETURNING_TO_START,load_zone_26,dump_zone_3,0.000277,0.000742
1206.0,2026-07-02T15:25:14.385,1,-159.71,446.563,10.452,-0.5,1000.0,RETURNING_TO_START,load_zone_23,dump_zone_22,0.00025,0.00067
1206.0,2026-07-02T15:25:14.385,2,-102.5,464.186,23.774,0.0654,1000.0,RETURNING_TO_START,load_zone_23,dump_zone_23,0.000284,0.000761
1206.0,2026-07-02T15:25:14.385,3,596.902,198.769,8.169,0.75,1000.0,RETURNING_TO_START,load_zone_26,dump_zone_3,0.000292,0.000783
1207.0,2026-07-02T15:25:20.111,1,-162.191,445.71,8.652,-0.5,1000.0,RETURNING_TO_START,load_zone_23,dump_zone_22,0.00025,0.00067
1207.0,2026-07-02T15:25:20.111,2,-102.5,470.739,23.324,-0.2504,1000.0,RETURNING_TO_START,load_zone_23,dump_zone_23,0.00025,0.00067
1207.0,2026-07-02T15:25:20.111,3,598.604,200.772,10.894,1.0,1000.0,RETURNING_TO_START,load_zone_26,dump_zone_3,0.00032,0.000858
1208.0,2026-07-02T15:25:25.267,1,-164.312,445.506,6.859,-0.4746,1000.0,RETURNING_TO_START,load_zone_23,dump_zone_22,0.00025,0.00067
1208.0,2026-07-02T15:25:25.267,2,-102.5,477.133,22.811,-0.1159,1000.0,RETURNING_TO_START,load_zone_23,dump_zone_23,0.00026,0.000697
1208.0,2026-07-02T15:25:25.267,3,601.867,201.32,12.844,0.0833,1000.0,RETURNING_TO_START,load_zone_26,dump_zone_3,0.000269,0.000721
1209.0,2026-07-02T15:25:31.401,1,-165.985,445.478,5.376,-0.25,1000.0,RETURNING_TO_START,load_zone_23,dump_zone_22,0.00025,0.00067
1209.0,2026-07-02T15:25:31.401,2,-102.5,483.484,22.744,-0.2825,1000.0,RETURNING_TO_START,load_zone_23,dump_zone_23,0.00025,0.00067
1209.0,2026-07-02T15:25:31.401,3,605.002,199.957,11.569,-0.5,1000.0,RETURNING_TO_START,load_zone_26,dump_zone_3,0.00025,0.00067
1210.0,2026-07-02T15:25:36.545,1,-167.377,445.481,4.505,-0.3511,1000.0,RETURNING_TO_START,load_zone_23,dump_zone_22,0.00025,0.00067
1210.0,2026-07-02T15:25:36.545,2,-102.5,489.546,21.0,-0.5,1000.0,RETURNING_TO_START,load_zone_23,dump_zone_23,0.00025,0.00067
1210.0,2026-07-02T15:25:36.545,3,607.867,199.15,10.219,-0.25,1000.0,RETURNING_TO_START,load_zone_26,dump_zone_3,0.00025,0.00067
1211.0,2026-07-02T15:25:41.266,1,-168.552,445.549,4.478,0.2185,1000.0,RETURNING_TO_START,load_zone_23,dump_zone_22,0.00026,0.000697
1211.0,2026-07-02T15:25:41.266,2,-102.5,495.108,19.2,-0.5,1000.0,RETURNING_TO_START,load_zone_23,dump_zone_23,0.00025,0.00067
1211.0,2026-07-02T15:25:41.266,3,610.762,198.838,11.269,0.75,1000.0,RETURNING_TO_START,load_zone_26,dump_zone_3,0.000307,0.000823
1212.0,2026-07-02T15:25:45.853,1,-169.741,445.901,4.661,0.3554,1000.0,RETURNING_TO_START,load_zone_23,dump_zone_22,0.000264,0.000708
1212.0,2026-07-02T15:25:45.853,2,-102.5,500.17,17.4,-0.5,1000.0,RETURNING_TO_START,load_zone_23,dump_zone_23,0.00025,0.00067
1212.0,2026-07-02T15:25:45.853,3,614.408,198.817,14.694,0.9167,1000.0,RETURNING_TO_START,load_zone_26,dump_zone_3,0.000338,0.000906
1213.0,2026-07-02T15:25:50.573,1,-171.066,446.92,7.607,1.0,1000.0,RETURNING_TO_START,load_zone_23,dump_zone_22,0.000299,0.000801
1213.0,2026-07-02T15:25:50.573,2,-102.5,504.733,15.6,-0.5,1000.0,RETURNING_TO_START,load_zone_23,dump_zone_23,0.00025,0.00067
1213.0,2026-07-02T15:25:50.573,3,619.007,199.109,18.066,0.7748,1000.0,RETURNING_TO_START,load_zone_26,dump_zone_3,0.000345,0.000925
1214.0,2026-07-02T15:25:53.886,1,-171.988,449.26,10.082,0.25,1000.0,RETURNING_TO_START,load_zone_23,dump_zone_22,0.000274,0.000734
1214.0,2026-07-02T15:25:53.886,2,-102.5,508.795,13.8,-0.5,1000.0,RETURNING_TO_START,load_zone_23,dump_zone_23,0.00025,0.00067
1214.0,2026-07-02T15:25:53.886,3,624.204,199.675,18.906,-0.2252,1000.0,RETURNING_TO_START,load_zone_26,dump_zone_3,0.00025,0.00067
1215.0,2026-07-02T15:25:57.127,1,-171.228,451.829,9.182,-0.5,1000.0,RETURNING_TO_START,load_zone_23,dump_zone_22,0.00025,0.00067
1215.0,2026-07-02T15:25:57.127,2,-102.5,512.357,12.0,-0.5,1000.0,RETURNING_TO_START,load_zone_23,dump_zone_23,0.00025,0.00067
1215.0,2026-07-02T15:25:57.127,3,629.166,200.341,17.203,-0.5,1000.0,RETURNING_TO_START,load_zone_26,dump_zone_3,0.00025,0.00067
1216.0,2026-07-02T15:26:00.254,1,-169.452,453.21,7.382,-0.5,1000.0,RETURNING_TO_START,load_zone_23,dump_zone_22,0.00025,0.00067
1216.0,2026-07-02T15:26:00.254,2,-102.5,515.42,10.2,-0.5,1000.0,RETURNING_TO_START,load_zone_23,dump_zone_23,0.00025,0.00067
1216.0,2026-07-02T15:26:00.254,3,633.629,200.974,15.403,-0.5,1000.0,RETURNING_TO_START,load_zone_26,dump_zone_3,0.00025,0.00067
1217.0,2026-07-02T15:26:03.836,1,-167.708,453.489,5.582,-0.5,1000.0,RETURNING_TO_START,load_zone_23,dump_zone_22,0.00025,0.00067
1217.0,2026-07-02T15:26:03.836,2,-102.5,517.982,8.4,-0.5,1000.0,RETURNING_TO_START,load_zone_23,dump_zone_23,0.00025,0.00067
1217.0,2026-07-02T15:26:03.836,3,637.601,201.509,13.603,-0.5,1000.0,RETURNING_TO_START,load_zone_26,dump_zone_3,0.00025,0.00067
1218.0,2026-07-02T15:26:07.111,1,-166.376,453.175,4.907,0.25,1000.0,RETURNING_TO_START,load_zone_23,dump_zone_22,0.000262,0.000702
1218.0,2026-07-02T15:26:07.111,2,-102.335,520.029,6.6,-0.5,1000.0,RETURNING_TO_START,load_zone_23,dump_zone_23,0.00025,0.00067
1218.0,2026-07-02T15:26:07.111,3,641.084,201.923,11.803,-0.5,1000.0,RETURNING_TO_START,load_zone_26,dump_zone_3,0.00025,0.00067
1219.0,2026-07-02T15:26:09.770,1,-165.001,452.193,7.607,1.0,1000.0,RETURNING_TO_START,load_zone_23,dump_zone_22,0.000299,0.000801
1219.0,2026-07-02T15:26:09.770,2,-101.618,521.406,4.8,-0.5,1000.0,RETURNING_TO_START,load_zone_23,dump_zone_23,0.00025,0.00067
1219.0,2026-07-02T15:26:09.770,3,644.078,202.21,10.003,-0.5,1000.0,RETURNING_TO_START,load_zone_26,dump_zone_3,0.00025,0.00067
1220.0,2026-07-02T15:26:13.315,1,-163.996,449.789,11.207,1.0,1000.0,RETURNING_TO_START,load_zone_23,dump_zone_22,0.000322,0.000863
1220.0,2026-07-02T15:26:13.315,2,-100.856,522.142,3.0,-0.5,1000.0,UNLOADING,load_zone_23,dump_zone_23,0.00025,0.00067
1220.0,2026-07-02T15:26:13.315,3,646.58,202.382,8.203,-0.5,1000.0,RETURNING_TO_START,load_zone_26,dump_zone_3,0.00025,0.00067
1221.0,2026-07-02T15:26:17.688,1,-165.141,446.521,13.682,0.25,1000.0,RETURNING_TO_START,load_zone_23,dump_zone_22,0.000283,0.000758
1221.0,2026-07-02T15:26:17.688,2,-100.384,522.446,1.2,-0.5,1000.0,UNLOADING,load_zone_23,dump_zone_23,0.00025,0.00067
1221.0,2026-07-02T15:26:17.688,3,648.653,202.385,6.866,-0.25,1000.0,RETURNING_TO_START,load_zone_26,dump_zone_3,0.00025,0.00067
1222.0,2026-07-02T15:26:21.706,1,-168.534,445.319,12.782,-0.5,1000.0,RETURNING_TO_START,load_zone_23,dump_zone_22,0.00025,0.00067
1222.0,2026-07-02T15:26:21.706,2,-100.299,522.494,0.0,-0.5,1000.0,UNLOADING,load_zone_23,dump_zone_23,0.00025,0.00067
1222.0,2026-07-02T15:26:21.706,3,650.49,201.696,7.916,0.75,1000.0,RETURNING_TO_START,load_zone_26,dump_zone_3,0.00029,0.000777
1223.0,2026-07-02T15:26:25.466,1,-171.284,446.935,10.982,-0.5,1000.0,RETURNING_TO_START,load_zone_23,dump_zone_22,0.00025,0.00067
1223.0,2026-07-02T15:26:25.466,2,-99.843,522.698,7.2,0.0,0.0,TURNING_AROUND,dump_zone_23,load_zone_23,0.000255,0.000683
1223.0,2026-07-02T15:26:25.466,3,652.087,199.652,10.316,0.25,1000.0,RETURNING_TO_START,load_zone_26,dump_zone_3,0.000275,0.000737
1224.0,2026-07-02T15:26:28.807,1,-172.056,449.549,9.182,-0.5,1000.0,RETURNING_TO_START,load_zone_23,dump_zone_22,0.00025,0.00067
1224.0,2026-07-02T15:26:28.807,2,-97.875,522.91,7.2,0.0,0.0,TURNING_AROUND,dump_zone_23,load_zone_23,0.000255,0.000683
1224.0,2026-07-02T15:26:28.807,3,652.59,196.732,11.516,0.75,1000.0,RETURNING_TO_START,load_zone_26,dump_zone_3,0.000309,0.000828
1225.0,2026-07-02T15:26:31.560,1,-171.304,451.67,7.382,-0.5,1000.0,RETURNING_TO_START,load_zone_23,dump_zone_22,0.00025,0.00067
1225.0,2026-07-02T15:26:31.560,2,-98.133,523.176,5.4,0.0,0.0,TURNING_AROUND,dump_zone_23,load_zone_23,0.000253,0.000678
1225.0,2026-07-02T15:26:31.560,3,652.553,193.248,12.866,-0.0833,1000.0,RETURNING_TO_START,load_zone_26,dump_zone_3,0.000258,0.000691
1226.0,2026-07-02T15:26:34.004,1,-169.986,452.844,5.582,-0.5,1000.0,RETURNING_TO_START,load_zone_23,dump_zone_22,0.00025,0.00067
1226.0,2026-07-02T15:26:34.004,2,-97.665,522.467,7.2,0.0,0.0,TURNING_AROUND,dump_zone_23,load_zone_23,0.000255,0.000683
1226.0,2026-07-02T15:26:34.004,3,652.506,189.882,11.316,-0.5,1000.0,RETURNING_TO_START,load_zone_26,dump_zone_3,0.00025,0.00067
1227.0,2026-07-02T15:26:37.454,1,-168.792,453.295,3.782,-0.5,1000.0,RETURNING_TO_START,load_zone_23,dump_zone_22,0.00025,0.00067
1227.0,2026-07-02T15:26:37.454,2,-97.165,521.238,0.0,-0.25,0.0,GOING_TO_ENDPOINT,dump_zone_23,load_zone_23,0.00025,0.00067
1227.0,2026-07-02T15:26:37.454,3,652.498,186.988,9.647,-0.5,1000.0,RETURNING_TO_START,load_zone_26,dump_zone_3,0.00025,0.00067
1228.0,2026-07-02T15:26:40.813,1,-168.074,453.595,1.982,-0.5,1000.0,UNLOADING,load_zone_23,dump_zone_22,0.00025,0.00067
1228.0,2026-07-02T15:26:40.813,2,-97.165,521.142,1.125,0.75,0.0,GOING_TO_ENDPOINT,dump_zone_23,load_zone_23,0.000253,0.000678
1228.0,2026-07-02T15:26:40.813,3,652.499,184.579,7.847,-0.5,1000.0,RETURNING_TO_START,load_zone_26,dump_zone_3,0.00025,0.00067
1229.0,2026-07-02T15:26:44.925,1,-167.832,453.735,0.182,-0.5,1000.0,UNLOADING,load_zone_23,dump_zone_22,0.00025,0.00067
1229.0,2026-07-02T15:26:44.925,2,-97.171,520.308,4.65,1.0,0.0,GOING_TO_ENDPOINT,dump_zone_23,load_zone_23,0.000268,0.000718
1229.0,2026-07-02T15:26:44.925,3,652.5,182.633,6.298,-0.5,1000.0,RETURNING_TO_START,load_zone_26,dump_zone_3,0.00025,0.00067
1230.0,2026-07-02T15:26:48.558,1,-167.831,453.736,0.0,-0.5,1000.0,UNLOADING,load_zone_23,dump_zone_22,0.00025,0.00067
1230.0,2026-07-02T15:26:48.558,2,-97.221,518.476,8.25,1.0,0.0,GOING_TO_ENDPOINT,dump_zone_23,load_zone_23,0.000282,0.000756
1230.0,2026-07-02T15:26:48.558,3,652.5,181.132,4.598,-0.5,1000.0,RETURNING_TO_START,load_zone_26,dump_zone_3,0.00025,0.00067
1231.0,2026-07-02T15:26:51.286,1,-166.593,454.213,0.0,0.0,0.0,GOING_TO_ENDPOINT,dump_zone_22,load_zone_23,0.00025,0.00067
1231.0,2026-07-02T15:26:51.286,2,-97.312,515.644,11.85,1.0,0.0,GOING_TO_ENDPOINT,dump_zone_23,load_zone_23,0.000296,0.000793
1231.0,2026-07-02T15:26:51.286,3,652.535,180.127,2.798,-0.5,1000.0,UNLOADING,load_zone_26,dump_zone_3,0.00025,0.00067
1232.0,2026-07-02T15:26:53.798,1,-166.56,454.213,0.525,0.5,0.0,GOING_TO_ENDPOINT,dump_zone_22,load_zone_23,0.000251,0.000673
1232.0,2026-07-02T15:26:53.798,2,-97.404,511.812,15.45,1.0,0.0,GOING_TO_ENDPOINT,dump_zone_23,load_zone_23,0.00031,0.000831
1232.0,2026-07-02T15:26:53.798,3,652.631,179.63,0.998,-0.5,1000.0,UNLOADING,load_zone_26,dump_zone_3,0.00025,0.00067
1233.0,2026-07-02T15:26:56.632,1,-165.966,454.199,3.75,1.0,0.0,GOING_TO_ENDPOINT,dump_zone_22,load_zone_23,0.000265,0.00071
1233.0,2026-07-02T15:26:56.632,2,-97.476,506.979,19.05,1.0,0.0,GOING_TO_ENDPOINT,dump_zone_23,load_zone_23,0.000324,0.000868
1233.0,2026-07-02T15:26:56.632,3,652.648,179.567,0.0,-0.5,1000.0,UNLOADING,load_zone_26,dump_zone_3,0.00025,0.00067
1234.0,2026-07-02T15:26:59.557,1,-164.396,454.002,7.35,1.0,0.0,GOING_TO_ENDPOINT,dump_zone_22,load_zone_23,0.000278,0.000745
1234.0,2026-07-02T15:26:59.557,2,-97.501,501.146,22.65,1.0,0.0,GOING_TO_ENDPOINT,dump_zone_23,load_zone_23,0.000338,0.000906
1234.0,2026-07-02T15:26:59.557,3,652.889,178.946,7.2,0.0,0.0,TURNING_AROUND,dump_zone_3,load_zone_26,0.000255,0.000683
1235.0,2026-07-02T15:27:02.172,1,-161.853,453.548,10.95,1.0,0.0,GOING_TO_ENDPOINT,dump_zone_22,load_zone_23,0.000292,0.000783
1235.0,2026-07-02T15:27:02.172,2,-97.501,494.313,26.225,0.9179,0.0,GOING_TO_ENDPOINT,dump_zone_23,load_zone_23,0.000344,0.000922
1235.0,2026-07-02T15:27:02.172,3,654.17,177.437,7.2,0.0,0.0,TURNING_AROUND,dump_zone_3,load_zone_26,0.000255,0.000683
1236.0,2026-07-02T15:27:05.212,1,-158.301,453.077,14.55,1.0,0.0,GOING_TO_ENDPOINT,dump_zone_22,load_zone_23,0.000306,0.00082
1236.0,2026-07-02T15:27:05.212,2,-97.5,486.696,27.88,0.0013,0.0,GOING_TO_ENDPOINT,dump_zone_23,load_zone_23,0.000268,0.000718
1236.0,2026-07-02T15:27:05.212,3,653.544,177.565,5.4,0.0,0.0,TURNING_AROUND,dump_zone_3,load_zone_26,0.000253,0.000678
1237.0,2026-07-02T15:27:07.603,1,-153.735,452.682,18.15,1.0,0.0,GOING_TO_ENDPOINT,dump_zone_22,load_zone_23,0.00032,0.000858
1237.0,2026-07-02T15:27:07.603,2,-97.5,479.092,26.771,-0.25,0.0,GOING_TO_ENDPOINT,dump_zone_23,load_zone_23,0.00025,0.00067
1237.0,2026-07-02T15:27:07.603,3,654.662,177.733,7.2,0.0,0.0,TURNING_AROUND,dump_zone_3,load_zone_26,0.000255,0.000683
1238.0,2026-07-02T15:27:10.000,1,-148.155,452.497,21.75,1.0,0.0,GOING_TO_ENDPOINT,dump_zone_22,load_zone_23,0.000334,0.000895
1238.0,2026-07-02T15:27:10.000,2,-97.5,471.593,27.521,0.25,0.0,GOING_TO_ENDPOINT,dump_zone_23,load_zone_23,0.00029,0.000777
1238.0,2026-07-02T15:27:10.000,3,655.949,178.316,5.4,0.0,0.0,TURNING_AROUND,dump_zone_3,load_zone_26,0.000253,0.000678
1239.0,2026-07-02T15:27:13.900,1,-141.572,452.489,25.35,1.0,0.0,GOING_TO_ENDPOINT,dump_zone_22,load_zone_23,0.000348,0.000933
1239.0,2026-07-02T15:27:13.900,2,-97.5,463.911,27.76,0.1936,0.0,GOING_TO_ENDPOINT,dump_zone_23,load_zone_23,0.000285,0.000764
1239.0,2026-07-02T15:27:13.900,3,655.317,177.646,7.2,0.0,0.0,TURNING_AROUND,dump_zone_3,load_zone_26,0.000255,0.000683
1240.0,2026-07-02T15:27:18.681,1,-134.084,452.501,27.825,0.25,0.0,GOING_TO_ENDPOINT,dump_zone_22,load_zone_23,0.00029,0.000777
1240.0,2026-07-02T15:27:18.681,2,-97.5,456.114,28.125,-0.0917,0.0,GOING_TO_ENDPOINT,dump_zone_23,load_zone_23,0.00026,0.000697
1240.0,2026-07-02T15:27:18.681,3,655.589,178.432,0.0,-0.0,0.0,GOING_TO_ENDPOINT,dump_zone_3,load_zone_26,0.00025,0.00067
1241.0,2026-07-02T15:27:21.576,1,-126.425,452.504,26.925,-0.5,0.0,GOING_TO_ENDPOINT,dump_zone_22,load_zone_23,0.00025,0.00067
1241.0,2026-07-02T15:27:21.576,2,-97.5,448.367,27.621,-0.0808,0.0,GOING_TO_ENDPOINT,dump_zone_23,load_zone_23,0.00026,0.000697
1241.0,2026-07-02T15:27:21.576,3,655.583,178.642,1.95,1.0,0.0,GOING_TO_ENDPOINT,dump_zone_3,load_zone_26,0.000258,0.000691
1242.0,2026-07-02T15:27:25.249,1,-119.216,452.54,25.125,-0.5,0.0,GOING_TO_ENDPOINT,dump_zone_22,load_zone_23,0.00025,0.00067
1242.0,2026-07-02T15:27:25.249,2,-97.5,440.623,27.93,-0.0808,0.0,GOING_TO_ENDPOINT,dump_zone_23,load_zone_23,0.00026,0.000697
1242.0,2026-07-02T15:27:25.249,3,655.369,179.701,5.55,1.0,0.0,GOING_TO_ENDPOINT,dump_zone_3,load_zone_26,0.000271,0.000726
1243.0,2026-07-02T15:27:29.385,1,-112.586,453.378,23.325,-0.5,0.0,GOING_TO_ENDPOINT,dump_zone_22,load_zone_23,0.00025,0.00067
1243.0,2026-07-02T15:27:29.385,2,-97.5,432.799,28.184,-0.1577,0.0,GOING_TO_ENDPOINT,dump_zone_23,load_zone_23,0.000254,0.000681
1243.0,2026-07-02T15:27:29.385,3,654.204,181.401,9.15,1.0,0.0,GOING_TO_ENDPOINT,dump_zone_3,load_zone_26,0.000285,0.000764
1244.0,2026-07-02T15:27:34.373,1,-106.538,453.283,21.525,-0.5,0.0,GOING_TO_ENDPOINT,dump_zone_22,load_zone_23,0.00025,0.00067
1244.0,2026-07-02T15:27:34.373,2,-97.5,425.169,26.705,-0.4167,0.0,GOING_TO_ENDPOINT,dump_zone_23,load_zone_23,0.00025,0.00067
1244.0,2026-07-02T15:27:34.373,3,651.668,183.148,12.75,1.0,0.0,GOING_TO_ENDPOINT,dump_zone_3,load_zone_26,0.000299,0.000801
1245.0,2026-07-02T15:27:39.699,1,-101.332,451.144,19.725,-0.5,0.0,GOING_TO_ENDPOINT,dump_zone_22,load_zone_23,0.00025,0.00067
1245.0,2026-07-02T15:27:39.699,2,-97.5,417.767,27.105,0.4167,0.0,GOING_TO_ENDPOINT,dump_zone_23,load_zone_23,0.000304,0.000815
1245.0,2026-07-02T15:27:39.699,3,648.663,185.829,15.975,0.5833,0.0,GOING_TO_ENDPOINT,dump_zone_3,load_zone_26,0.00029,0.000777
1246.0,2026-07-02T15:27:44.137,1,-96.281,451.341,17.925,-0.5,0.0,GOING_TO_ENDPOINT,dump_zone_22,load_zone_23,0.00025,0.00067
1246.0,2026-07-02T15:27:44.137,2,-97.5,410.028,28.707,0.4451,0.0,GOING_TO_ENDPOINT,dump_zone_23,load_zone_23,0.00031,0.000831
1246.0,2026-07-02T15:27:44.137,3,647.452,190.151,16.125,-0.4167,0.0,GOING_TO_ENDPOINT,dump_zone_3,load_zone_26,0.00025,0.00067
1247.0,2026-07-02T15:27:47.996,1,-94.142,447.444,16.15,-0.4167,0.0,GOING_TO_ENDPOINT,dump_zone_22,load_zone_23,0.00025,0.00067
1247.0,2026-07-02T15:27:47.996,2,-97.5,401.989,28.753,-0.3557,0.0,GOING_TO_ENDPOINT,dump_zone_23,load_zone_23,0.00025,0.00067
1247.0,2026-07-02T15:27:47.996,3,647.472,194.358,14.325,-0.5,0.0,GOING_TO_ENDPOINT,dump_zone_3,load_zone_26,0.00025,0.00067
1248.0,2026-07-02T15:27:52.809,1,-95.642,443.25,16.6,0.5833,0.0,GOING_TO_ENDPOINT,dump_zone_22,load_zone_23,0.000292,0.000783
1248.0,2026-07-02T15:27:52.809,2,-97.5,394.219,27.671,0.0833,0.0,GOING_TO_ENDPOINT,dump_zone_23,load_zone_23,0.000275,0.000737
1248.0,2026-07-02T15:27:52.809,3,647.503,198.066,12.525,-0.5,0.0,GOING_TO_ENDPOINT,dump_zone_3,load_zone_26,0.00025,0.00067
1249.0,2026-07-02T15:27:58.729,1,-96.95,438.335,19.95,1.0,0.0,GOING_TO_ENDPOINT,dump_zone_22,load_zone_23,0.000327,0.000876
1249.0,2026-07-02T15:27:58.729,2,-97.5,386.435,28.207,0.103,0.0,GOING_TO_ENDPOINT,dump_zone_23,load_zone_23,0.000277,0.000742
1249.0,2026-07-02T15:27:58.729,3,646.796,201.136,10.875,-0.25,0.0,GOING_TO_ENDPOINT,dump_zone_3,load_zone_26,0.00025,0.00067
1250.0,2026-07-02T15:28:02.897,1,-97.489,432.285,23.55,1.0,0.0,GOING_TO_ENDPOINT,dump_zone_22,load_zone_23,0.000341,0.000914
1250.0,2026-07-02T15:28:02.897,2,-97.5,378.549,28.705,0.2779,0.0,GOING_TO_ENDPOINT,dump_zone_23,load_zone_23,0.000294,0.000788
1250.0,2026-07-02T15:28:02.897,3,644.27,202.789,11.925,0.75,0.0,GOING_TO_ENDPOINT,dump_zone_3,load_zone_26,0.000286,0.000766
1251.0,2026-07-02T15:28:08.467,1,-97.504,425.207,27.0,0.75,0.0,GOING_TO_ENDPOINT,dump_zone_22,load_zone_23,0.000333,0.000892
1251.0,2026-07-02T15:28:08.467,2,-97.5,370.625,28.023,-0.3284,0.0,GOING_TO_ENDPOINT,dump_zone_23,load_zone_23,0.00025,0.00067
1251.0,2026-07-02T15:28:08.467,3,640.743,201.718,15.45,1.0,0.0,GOING_TO_ENDPOINT,dump_zone_3,load_zone_26,0.00031,0.000831
1252.0,2026-07-02T15:28:13.496,1,-97.5,417.501,28.0,0.0833,0.0,GOING_TO_ENDPOINT,dump_zone_22,load_zone_23,0.000275,0.000737
1252.0,2026-07-02T15:28:13.496,2,-97.5,363.024,26.608,-0.5,0.0,GOING_TO_ENDPOINT,dump_zone_23,load_zone_23,0.00025,0.00067
1252.0,2026-07-02T15:28:13.496,3,637.558,198.088,19.025,0.9167,0.0,GOING_TO_ENDPOINT,dump_zone_3,load_zone_26,0.000318,0.000852
1253.0,2026-07-02T15:28:17.902,1,-97.5,409.827,27.011,-0.4167,0.0,GOING_TO_ENDPOINT,dump_zone_22,load_zone_23,0.00025,0.00067
1253.0,2026-07-02T15:28:17.902,2,-97.5,355.904,24.808,-0.5,0.0,GOING_TO_ENDPOINT,dump_zone_23,load_zone_23,0.00025,0.00067
1253.0,2026-07-02T15:28:17.902,3,632.588,195.754,20.375,-0.0833,0.0,GOING_TO_ENDPOINT,dump_zone_3,load_zone_26,0.000257,0.000689
1254.0,2026-07-02T15:28:20.677,1,-97.5,402.39,27.073,0.4583,0.0,GOING_TO_ENDPOINT,dump_zone_22,load_zone_23,0.000307,0.000823
1254.0,2026-07-02T15:28:20.677,2,-97.5,349.284,23.008,-0.5,0.0,GOING_TO_ENDPOINT,dump_zone_23,load_zone_23,0.00025,0.00067
1254.0,2026-07-02T15:28:20.677,3,627.189,195.0,18.825,-0.5,0.0,GOING_TO_ENDPOINT,dump_zone_3,load_zone_26,0.00025,0.00067
1255.0,2026-07-02T15:28:23.863,1,-97.5,394.721,27.654,-0.0866,0.0,GOING_TO_ENDPOINT,dump_zone_22,load_zone_23,0.00026,0.000697
1255.0,2026-07-02T15:28:23.863,2,-97.5,343.163,21.208,-0.5,0.0,GOING_TO_ENDPOINT,dump_zone_23,load_zone_23,0.00025,0.00067
1255.0,2026-07-02T15:28:23.863,3,622.265,194.415,17.025,-0.5,0.0,GOING_TO_ENDPOINT,dump_zone_3,load_zone_26,0.00025,0.00067
1256.0,2026-07-02T15:28:32.891,1,-97.5,386.916,28.649,0.3058,0.0,GOING_TO_ENDPOINT,dump_zone_22,load_zone_23,0.000296,0.000793
1256.0,2026-07-02T15:28:32.891,2,-97.5,337.543,19.408,-0.5,0.0,GOING_TO_ENDPOINT,dump_zone_23,load_zone_23,0.00025,0.00067
1256.0,2026-07-02T15:28:32.891,3,617.826,194.005,15.225,-0.5,0.0,GOING_TO_ENDPOINT,dump_zone_3,load_zone_26,0.00025,0.00067
1257.0,2026-07-02T15:28:37.123,1,-97.5,378.999,27.925,-0.4167,0.0,GOING_TO_ENDPOINT,dump_zone_22,load_zone_23,0.00025,0.00067
1257.0,2026-07-02T15:28:37.123,2,-97.5,332.422,17.608,-0.5,0.0,GOING_TO_ENDPOINT,dump_zone_23,load_zone_23,0.00025,0.00067
1257.0,2026-07-02T15:28:37.123,3,613.872,193.832,13.425,-0.5,0.0,GOING_TO_ENDPOINT,dump_zone_3,load_zone_26,0.00025,0.00067
1258.0,2026-07-02T15:28:43.657,1,-97.5,371.343,27.275,-0.0833,0.0,GOING_TO_ENDPOINT,dump_zone_22,load_zone_23,0.00026,0.000697
1258.0,2026-07-02T15:28:43.657,2,-98.356,327.994,15.808,-0.5,0.0,GOING_TO_ENDPOINT,dump_zone_23,load_zone_23,0.00025,0.00067
1258.0,2026-07-02T15:28:43.657,3,610.416,193.914,11.625,-0.5,0.0,GOING_TO_ENDPOINT,dump_zone_3,load_zone_26,0.00025,0.00067
1259.0,2026-07-02T15:28:49.729,1,-97.5,363.791,26.7,-0.5,0.0,GOING_TO_ENDPOINT,dump_zone_22,load_zone_23,0.00025,0.00067
1259.0,2026-07-02T15:28:49.729,2,-101.998,326.482,14.008,-0.5,0.0,GOING_TO_ENDPOINT,dump_zone_23,load_zone_23,0.00025,0.00067
1259.0,2026-07-02T15:28:49.729,3,607.655,194.892,9.825,-0.5,0.0,GOING_TO_ENDPOINT,dump_zone_3,load_zone_26,0.00025,0.00067
1260.0,2026-07-02T15:28:53.571,1,-97.5,356.645,24.9,-0.5,0.0,GOING_TO_ENDPOINT,dump_zone_22,load_zone_23,0.00025,0.00067
1260.0,2026-07-02T15:28:53.571,2,-104.946,328.369,12.208,-0.5,0.0,GOING_TO_ENDPOINT,dump_zone_23,load_zone_23,0.00025,0.00067
1260.0,2026-07-02T15:28:53.571,3,605.563,196.182,8.025,-0.5,0.0,GOING_TO_ENDPOINT,dump_zone_3,load_zone_26,0.00025,0.00067
1261.0,2026-07-02T15:28:57.722,1,-97.5,350.0,23.1,-0.5,0.0,GOING_TO_ENDPOINT,dump_zone_22,load_zone_23,0.00025,0.00067
1261.0,2026-07-02T15:28:57.722,2,-105.442,331.372,10.408,-0.5,0.0,GOING_TO_ENDPOINT,dump_zone_23,load_zone_23,0.00025,0.00067
1261.0,2026-07-02T15:28:57.722,3,603.808,197.063,6.375,-0.25,0.0,GOING_TO_ENDPOINT,dump_zone_3,load_zone_26,0.00025,0.00067
1262.0,2026-07-02T15:29:05.544,1,-98.107,343.91,21.3,-0.5,0.0,GOING_TO_ENDPOINT,dump_zone_22,load_zone_23,0.00025,0.00067
1262.0,2026-07-02T15:29:05.544,2,-104.08,333.583,8.733,-0.4167,0.0,GOING_TO_ENDPOINT,dump_zone_23,load_zone_23,0.00025,0.00067
1262.0,2026-07-02T15:29:05.544,3,602.183,197.808,6.47,-0.1915,0.0,GOING_TO_ENDPOINT,dump_zone_3,load_zone_26,0.00025,0.00067
1263.0,2026-07-02T15:29:13.006,1,-97.119,338.391,19.5,-0.5,0.0,GOING_TO_ENDPOINT,dump_zone_22,load_zone_23,0.00025,0.00067
1263.0,2026-07-02T15:29:13.006,2,-101.895,334.484,8.883,0.0833,0.0,GOING_TO_ENDPOINT,dump_zone_23,load_zone_23,0.000258,0.000691
1263.0,2026-07-02T15:29:13.006,3,600.617,198.272,5.168,-0.5,0.0,GOING_TO_ENDPOINT,dump_zone_3,load_zone_26,0.00025,0.00067
1264.0,2026-07-02T15:29:21.574,1,-95.815,333.489,17.7,-0.5,0.0,GOING_TO_ENDPOINT,dump_zone_22,load_zone_23,0.00025,0.00067
1264.0,2026-07-02T15:29:21.574,2,-99.612,334.148,7.608,-0.5,0.0,GOING_TO_ENDPOINT,dump_zone_23,load_zone_23,0.00025,0.00067
1264.0,2026-07-02T15:29:21.574,3,599.361,198.272,4.493,0.25,0.0,GOING_TO_ENDPOINT,dump_zone_3,load_zone_26,0.000256,0.000686
1265.0,2026-07-02T15:29:25.429,1,-98.809,330.275,15.9,-0.5,0.0,GOING_TO_ENDPOINT,dump_zone_22,load_zone_23,0.00025,0.00067
1265.0,2026-07-02T15:29:25.429,2,-97.98,333.322,5.808,-0.5,0.0,GOING_TO_ENDPOINT,dump_zone_23,load_zone_23,0.00025,0.00067
1265.0,2026-07-02T15:29:25.429,3,597.885,197.718,7.193,1.0,0.0,GOING_TO_ENDPOINT,dump_zone_3,load_zone_26,0.000278,0.000745
1266.0,2026-07-02T15:29:29.733,1,-102.628,331.346,14.1,-0.5,0.0,GOING_TO_ENDPOINT,dump_zone_22,load_zone_23,0.00025,0.00067
1266.0,2026-07-02T15:29:29.733,2,-97.095,332.296,4.208,-0.4167,0.0,GOING_TO_ENDPOINT,dump_zone_23,load_zone_23,0.00025,0.00067
1266.0,2026-07-02T15:29:29.733,3,596.305,195.785,10.793,1.0,0.0,GOING_TO_ENDPOINT,dump_zone_3,load_zone_26,0.000292,0.000783
1267.0,2026-07-02T15:29:33.661,1,-103.764,334.68,12.3,-0.5,0.0,GOING_TO_ENDPOINT,dump_zone_22,load_zone_23,0.00025,0.00067
1267.0,2026-07-02T15:29:33.661,2,-96.689,331.39,3.108,-0.4167,0.0,LOADING,dump_zone_23,load_zone_23,0.00025,0.00067
1267.0,2026-07-02T15:29:33.661,3,596.595,192.374,14.393,1.0,0.0,GOING_TO_ENDPOINT,dump_zone_3,load_zone_26,0.000306,0.00082
1268.0,2026-07-02T15:29:39.186,1,-102.249,337.351,10.607,-0.3214,0.0,GOING_TO_ENDPOINT,dump_zone_22,load_zone_23,0.00025,0.00067
1268.0,2026-07-02T15:29:39.186,2,-96.556,330.813,1.308,-0.5,0.0,LOADING,dump_zone_23,load_zone_23,0.00025,0.00067
1268.0,2026-07-02T15:29:39.186,3,599.18,188.649,17.993,1.0,0.0,GOING_TO_ENDPOINT,dump_zone_3,load_zone_26,0.00032,0.000858
1269.0,2026-07-02T15:29:45.851,1,-99.468,338.185,11.1,0.1786,0.0,GOING_TO_ENDPOINT,dump_zone_22,load_zone_23,0.000263,0.000705
1269.0,2026-07-02T15:29:45.851,2,-96.539,330.696,0.0,-0.0833,0.0,LOADING,dump_zone_23,load_zone_23,0.00025,0.00067
1269.0,2026-07-02T15:29:45.851,3,601.365,183.564,21.593,1.0,0.0,GOING_TO_ENDPOINT,dump_zone_3,load_zone_26,0.000334,0.000895
1270.0,2026-07-02T15:29:53.295,1,-96.849,336.91,10.029,-0.5,0.0,GOING_TO_ENDPOINT,dump_zone_22,load_zone_23,0.00025,0.00067
1270.0,2026-07-02T15:29:53.295,2,-96.386,330.014,7.2,0.0,1000.0,TURNING_AROUND,load_zone_23,dump_zone_22,0.000258,0.000691
1270.0,2026-07-02T15:29:53.295,3,602.453,177.14,25.193,1.0,0.0,GOING_TO_ENDPOINT,dump_zone_3,load_zone_26,0.000347,0.00093
1271.0,2026-07-02T15:29:58.478,1,-95.8,334.611,8.629,-0.5,0.0,GOING_TO_ENDPOINT,dump_zone_22,load_zone_23,0.00025,0.00067
1271.0,2026-07-02T15:29:58.478,2,-95.335,328.336,7.2,0.0,1000.0,TURNING_AROUND,load_zone_23,dump_zone_22,0.000258,0.000691
1271.0,2026-07-02T15:29:58.478,3,602.504,169.64,28.318,0.5833,0.0,GOING_TO_ENDPOINT,dump_zone_3,load_zone_26,0.000321,0.00086
1272.0,2026-07-02T15:30:03.205,1,-95.993,332.502,6.829,-0.5,0.0,GOING_TO_ENDPOINT,dump_zone_22,load_zone_23,0.00025,0.00067
1272.0,2026-07-02T15:30:03.205,2,-95.936,328.554,5.4,0.0,1000.0,TURNING_AROUND,load_zone_23,dump_zone_22,0.000256,0.000686
1272.0,2026-07-02T15:30:03.205,3,602.5,161.669,28.468,-0.4167,0.0,GOING_TO_ENDPOINT,dump_zone_3,load_zone_26,0.00025,0.00067
1273.0,2026-07-02T15:30:08.514,1,-95.763,330.904,5.029,-0.5,0.0,GOING_TO_ENDPOINT,dump_zone_22,load_zone_23,0.00025,0.00067
1273.0,2026-07-02T15:30:08.514,2,-94.806,328.559,7.2,0.0,1000.0,TURNING_AROUND,load_zone_23,dump_zone_22,0.000258,0.000691
1273.0,2026-07-02T15:30:08.514,3,602.5,153.971,27.395,0.0483,0.0,GOING_TO_ENDPOINT,dump_zone_3,load_zone_26,0.000272,0.000729
1274.0,2026-07-02T15:30:13.844,1,-95.242,329.909,3.229,-0.5,0.0,LOADING,dump_zone_22,load_zone_23,0.00025,0.00067
1274.0,2026-07-02T15:30:13.844,2,-93.448,328.951,5.4,0.0,1000.0,TURNING_AROUND,load_zone_23,dump_zone_22,0.000256,0.000686
1274.0,2026-07-02T15:30:13.844,3,602.5,146.299,27.563,-0.1056,0.0,GOING_TO_ENDPOINT,dump_zone_3,load_zone_26,0.000258,0.000691
1275.0,2026-07-02T15:30:19.608,1,-94.882,329.397,1.429,-0.5,0.0,LOADING,dump_zone_22,load_zone_23,0.00025,0.00067
1275.0,2026-07-02T15:30:19.608,2,-94.17,328.378,7.2,0.0,1000.0,TURNING_AROUND,load_zone_23,dump_zone_22,0.000258,0.000691
1275.0,2026-07-02T15:30:19.608,3,602.5,138.571,28.233,0.2938,0.0,GOING_TO_ENDPOINT,dump_zone_3,load_zone_26,0.000295,0.000791
1276.0,2026-07-02T15:30:25.345,1,-94.808,329.277,0.0,-0.5,0.0,LOADING,dump_zone_22,load_zone_23,0.00025,0.00067
1276.0,2026-07-02T15:30:25.345,2,-93.597,329.762,0.199,0.3738,1000.0,RETURNING_TO_START,load_zone_23,dump_zone_22,0.000251,0.000673
1276.0,2026-07-02T15:30:25.345,3,602.5,130.613,28.624,-0.2757,0.0,GOING_TO_ENDPOINT,dump_zone_3,load_zone_26,0.00025,0.00067
1277.0,2026-07-02T15:30:33.680,1,-94.717,329.137,7.2,0.0,1000.0,TURNING_AROUND,load_zone_23,dump_zone_23,0.000258,0.000691
1277.0,2026-07-02T15:30:33.680,2,-93.625,330.213,3.184,1.0,1000.0,RETURNING_TO_START,load_zone_23,dump_zone_22,0.000271,0.000726
1277.0,2026-07-02T15:30:33.680,3,602.5,122.832,27.759,-0.0833,0.0,GOING_TO_ENDPOINT,dump_zone_3,load_zone_26,0.00026,0.000697
1278.0,2026-07-02T15:30:38.463,1,-93.234,327.826,7.2,0.0,1000.0,TURNING_AROUND,load_zone_23,dump_zone_23,0.000258,0.000691
1278.0,2026-07-02T15:30:38.463,2,-94.051,331.566,6.784,1.0,1000.0,RETURNING_TO_START,load_zone_23,dump_zone_22,0.000294,0.000788
1278.0,2026-07-02T15:30:38.463,3,602.5,115.147,27.319,-0.2801,0.0,GOING_TO_ENDPOINT,dump_zone_3,load_zone_26,0.00025,0.00067
1279.0,2026-07-02T15:30:43.632,1,-93.039,327.586,5.4,0.0,1000.0,TURNING_AROUND,load_zone_23,dump_zone_23,0.000256,0.000686
1279.0,2026-07-02T15:30:43.632,2,-95.716,333.213,9.684,0.4167,1000.0,RETURNING_TO_START,load_zone_23,dump_zone_22,0.000282,0.000756
1279.0,2026-07-02T15:30:43.632,3,602.5,107.619,27.21,0.2199,0.0,GOING_TO_ENDPOINT,dump_zone_3,load_zone_26,0.000287,0.000769
1280.0,2026-07-02T15:30:48.509,1,-92.827,327.819,7.2,0.0,1000.0,TURNING_AROUND,load_zone_23,dump_zone_23,0.000258,0.000691
1280.0,2026-07-02T15:30:48.509,2,-98.287,334.037,9.284,-0.4167,1000.0,RETURNING_TO_START,load_zone_23,dump_zone_22,0.00025,0.00067
1280.0,2026-07-02T15:30:48.509,3,602.5,99.877,28.488,0.284,0.0,GOING_TO_ENDPOINT,dump_zone_3,load_zone_26,0.000294,0.000788
1281.0,2026-07-02T15:30:51.579,1,-91.254,329.02,7.2,0.0,1000.0,TURNING_AROUND,load_zone_23,dump_zone_23,0.000258,0.000691
1281.0,2026-07-02T15:30:51.579,2,-100.684,334.841,9.734,0.5833,1000.0,RETURNING_TO_START,load_zone_23,dump_zone_22,0.000291,0.00078
1281.0,2026-07-02T15:30:51.579,3,602.5,91.99,27.844,-0.4167,0.0,GOING_TO_ENDPOINT,dump_zone_3,load_zone_26,0.00025,0.00067
1282.0,2026-07-02T15:30:54.696,1,-91.761,327.927,5.4,0.0,1000.0,TURNING_AROUND,load_zone_23,dump_zone_23,0.000256,0.000686
1282.0,2026-07-02T15:30:54.696,2,-102.304,337.496,13.084,1.0,1000.0,RETURNING_TO_START,load_zone_23,dump_zone_22,0.000334,0.000895
1282.0,2026-07-02T15:30:54.696,3,602.5,84.467,26.594,-0.0833,0.0,GOING_TO_ENDPOINT,dump_zone_3,load_zone_26,0.00026,0.000697
1283.0,2026-07-02T15:30:58.838,1,-91.757,327.975,0.15,0.25,1000.0,RETURNING_TO_START,load_zone_23,dump_zone_23,0.00025,0.00067
1283.0,2026-07-02T15:30:58.838,2,-102.643,341.645,16.684,1.0,1000.0,RETURNING_TO_START,load_zone_23,dump_zone_22,0.000358,0.000959
1283.0,2026-07-02T15:30:58.838,3,602.5,76.973,27.544,0.4167,0.0,GOING_TO_ENDPOINT,dump_zone_3,load_zone_26,0.000305,0.000817
1284.0,2026-07-02T15:31:03.111,1,-91.777,328.356,2.85,1.0,1000.0,RETURNING_TO_START,load_zone_23,dump_zone_23,0.000268,0.000718
1284.0,2026-07-02T15:31:03.111,2,-102.533,346.82,20.284,1.0,1000.0,RETURNING_TO_START,load_zone_23,dump_zone_22,0.000381,0.001021
1284.0,2026-07-02T15:31:03.111,3,602.5,69.244,27.961,0.1191,0.0,GOING_TO_ENDPOINT,dump_zone_3,load_zone_26,0.000279,0.000748
1285.0,2026-07-02T15:31:08.208,1,-92.14,329.632,6.45,1.0,1000.0,RETURNING_TO_START,load_zone_23,dump_zone_23,0.000292,0.000783
1285.0,2026-07-02T15:31:08.208,2,-102.499,352.954,23.327,0.6032,1000.0,RETURNING_TO_START,load_zone_23,dump_zone_22,0.00035,0.000938
1285.0,2026-07-02T15:31:08.208,3,602.5,61.466,28.151,0.1639,0.0,GOING_TO_ENDPOINT,dump_zone_3,load_zone_26,0.000283,0.000758
1286.0,2026-07-02T15:31:11.558,1,-93.645,331.386,10.05,1.0,1000.0,RETURNING_TO_START,load_zone_23,dump_zone_23,0.000315,0.000844
1286.0,2026-07-02T15:31:11.558,2,-102.5,359.549,23.549,-0.3968,1000.0,RETURNING_TO_START,load_zone_23,dump_zone_22,0.00025,0.00067
1286.0,2026-07-02T15:31:11.558,3,602.5,53.745,27.132,-0.4167,0.0,GOING_TO_ENDPOINT,dump_zone_3,load_zone_26,0.00025,0.00067
1287.0,2026-07-02T15:31:19.866,1,-96.239,333.478,13.65,1.0,1000.0,RETURNING_TO_START,load_zone_23,dump_zone_23,0.000338,0.000906
1287.0,2026-07-02T15:31:19.866,2,-102.5,365.835,21.954,-0.25,1000.0,RETURNING_TO_START,load_zone_23,dump_zone_22,0.00025,0.00067
1287.0,2026-07-02T15:31:19.866,3,602.5,46.369,26.511,0.25,0.0,GOING_TO_ENDPOINT,dump_zone_3,load_zone_26,0.000288,0.000772
1288.0,2026-07-02T15:31:30.261,1,-99.184,336.644,17.25,1.0,1000.0,RETURNING_TO_START,load_zone_23,dump_zone_23,0.000361,0.000967
1288.0,2026-07-02T15:31:30.261,2,-102.5,371.99,22.827,0.6764,1000.0,RETURNING_TO_START,load_zone_23,dump_zone_22,0.000357,0.000957
1288.0,2026-07-02T15:31:30.261,3,602.5,38.831,27.659,0.3131,0.0,GOING_TO_ENDPOINT,dump_zone_3,load_zone_26,0.000296,0.000793
1289.0,2026-07-02T15:31:38.982,1,-101.888,341.199,20.85,1.0,1000.0,RETURNING_TO_START,load_zone_23,dump_zone_23,0.000384,0.001029
1289.0,2026-07-02T15:31:38.982,2,-102.5,378.582,23.979,-0.1188,1000.0,RETURNING_TO_START,load_zone_23,dump_zone_22,0.00026,0.000697
1289.0,2026-07-02T15:31:38.982,3,602.5,31.02,28.336,-0.0202,0.0,GOING_TO_ENDPOINT,dump_zone_3,load_zone_26,0.000266,0.000713
1290.0,2026-07-02T15:31:46.789,1,-102.529,347.428,23.756,0.4202,1000.0,RETURNING_TO_START,load_zone_23,dump_zone_23,0.000329,0.000882
1290.0,2026-07-02T15:31:46.789,2,-102.5,385.102,23.201,0.0478,1000.0,RETURNING_TO_START,load_zone_23,dump_zone_22,0.000281,0.000753
1290.0,2026-07-02T15:31:46.789,3,602.5,23.136,28.671,0.2419,0.0,GOING_TO_ENDPOINT,dump_zone_3,load_zone_26,0.000291,0.00078
1291.0,2026-07-02T15:31:52.837,1,-102.504,354.044,23.343,-0.5,1000.0,RETURNING_TO_START,load_zone_23,dump_zone_23,0.00025,0.00067
1291.0,2026-07-02T15:31:52.837,2,-102.5,391.579,23.377,-0.089,1000.0,RETURNING_TO_START,load_zone_23,dump_zone_22,0.000264,0.000708
1291.0,2026-07-02T15:31:52.837,3,602.5,15.231,28.006,-0.2987,0.0,GOING_TO_ENDPOINT,dump_zone_3,load_zone_26,0.00025,0.00067
1292.0,2026-07-02T15:31:58.551,1,-102.499,360.38,22.76,0.0988,1000.0,RETURNING_TO_START,load_zone_23,dump_zone_23,0.000286,0.000766
1292.0,2026-07-02T15:31:58.551,2,-102.5,397.884,22.195,-0.0833,1000.0,RETURNING_TO_START,load_zone_23,dump_zone_22,0.000263,0.000705
1292.0,2026-07-02T15:31:58.551,3,602.5,7.614,27.376,0.25,0.0,GOING_TO_ENDPOINT,dump_zone_3,load_zone_26,0.000289,0.000775
1293.0,2026-07-02T15:32:05.175,1,-102.5,366.656,22.351,-0.2122,1000.0,RETURNING_TO_START,load_zone_23,dump_zone_23,0.00025,0.00067
1293.0,2026-07-02T15:32:05.175,2,-102.5,404.185,23.35,0.4206,1000.0,RETURNING_TO_START,load_zone_23,dump_zone_22,0.000328,0.000879
1293.0,2026-07-02T15:32:05.175,3,602.5,-0.16,28.331,0.2952,0.0,GOING_TO_ENDPOINT,dump_zone_3,load_zone_26,0.000295,0.000791
1294.0,2026-07-02T15:32:10.576,1,-102.5,372.836,22.458,0.3825,1000.0,RETURNING_TO_START,load_zone_23,dump_zone_23,0.00032,0.000858
1294.0,2026-07-02T15:32:10.576,2,-102.5,410.689,22.938,-0.5,1000.0,RETURNING_TO_START,load_zone_23,dump_zone_22,0.00025,0.00067
1294.0,2026-07-02T15:32:10.576,3,602.5,-8.137,28.759,-0.196,0.0,GOING_TO_ENDPOINT,dump_zone_3,load_zone_26,0.00025,0.00067
1295.0,2026-07-02T15:32:15.875,1,-102.5,379.301,23.535,-0.1175,1000.0,RETURNING_TO_START,load_zone_23,dump_zone_23,0.00026,0.000697
1295.0,2026-07-02T15:32:15.875,2,-102.5,416.79,21.138,-0.5,1000.0,RETURNING_TO_START,load_zone_23,dump_zone_22,0.00025,0.00067
1295.0,2026-07-02T15:32:15.875,3,602.5,-16.049,28.126,-0.3666,0.0,GOING_TO_ENDPOINT,dump_zone_3,load_zone_26,0.00025,0.00067
1296.0,2026-07-02T15:32:21.545,1,-102.5,385.719,22.961,0.0145,1000.0,RETURNING_TO_START,load_zone_23,dump_zone_23,0.000276,0.00074
1296.0,2026-07-02T15:32:21.545,2,-102.5,422.391,19.338,-0.5,1000.0,RETURNING_TO_START,load_zone_23,dump_zone_22,0.00025,0.00067
1296.0,2026-07-02T15:32:21.545,3,602.5,-23.761,27.556,-0.1166,0.0,GOING_TO_ENDPOINT,dump_zone_3,load_zone_26,0.000257,0.000689
1297.0,2026-07-02T15:32:26.823,1,-102.5,392.084,23.264,0.3479,1000.0,RETURNING_TO_START,load_zone_23,dump_zone_23,0.000318,0.000852
1297.0,2026-07-02T15:32:26.823,2,-102.5,427.492,17.538,-0.5,1000.0,RETURNING_TO_START,load_zone_23,dump_zone_22,0.00025,0.00067
1297.0,2026-07-02T15:32:26.823,3,602.5,-31.552,28.787,0.3834,0.0,GOING_TO_ENDPOINT,dump_zone_3,load_zone_26,0.000304,0.000815
1298.0,2026-07-02T15:32:32.683,1,-102.5,398.637,23.676,-0.0403,1000.0,RETURNING_TO_START,load_zone_23,dump_zone_23,0.00027,0.000724
1298.0,2026-07-02T15:32:32.683,2,-102.5,432.092,15.738,-0.5,1000.0,RETURNING_TO_START,load_zone_23,dump_zone_22,0.00025,0.00067
1298.0,2026-07-02T15:32:32.683,3,602.5,-39.602,28.867,-0.2832,0.0,GOING_TO_ENDPOINT,dump_zone_3,load_zone_26,0.00025,0.00067
1299.0,2026-07-02T15:32:39.054,1,-102.5,405.139,23.13,-0.0403,1000.0,RETURNING_TO_START,load_zone_23,dump_zone_23,0.000269,0.000721
1299.0,2026-07-02T15:32:39.054,2,-102.5,436.26,14.456,-0.4857,1000.0,RETURNING_TO_START,load_zone_23,dump_zone_22,0.00025,0.00067
1299.0,2026-07-02T15:32:39.054,3,602.5,-47.442,28.035,0.0158,0.0,GOING_TO_ENDPOINT,dump_zone_3,load_zone_26,0.000269,0.000721
1300.0,2026-07-02T15:32:44.508,1,-102.5,411.561,23.109,0.0354,1000.0,RETURNING_TO_START,load_zone_23,dump_zone_23,0.000279,0.000748
1300.0,2026-07-02T15:32:44.508,2,-102.5,440.005,12.656,-0.5,1000.0,RETURNING_TO_START,load_zone_23,dump_zone_22,0.00025,0.00067
1300.0,2026-07-02T15:32:44.508,3,602.5,-55.206,28.103,0.2085,0.0,GOING_TO_ENDPOINT,dump_zone_3,load_zone_26,0.000287,0.000769
1301.0,2026-07-02T15:32:49.339,1,-102.5,418.027,23.132,-0.1082,1000.0,RETURNING_TO_START,load_zone_23,dump_zone_23,0.000261,0.000699
1301.0,2026-07-02T15:32:49.339,2,-102.5,443.249,10.856,-0.5,1000.0,RETURNING_TO_START,load_zone_23,dump_zone_22,0.00025,0.00067
1301.0,2026-07-02T15:32:49.339,3,602.5,-63.054,27.941,-0.4646,0.0,GOING_TO_ENDPOINT,dump_zone_3,load_zone_26,0.00025,0.00067
1302.0,2026-07-02T15:32:53.698,1,-102.5,424.368,22.283,-0.5,1000.0,RETURNING_TO_START,load_zone_23,dump_zone_23,0.00025,0.00067
1302.0,2026-07-02T15:32:53.698,2,-102.5,445.994,9.056,-0.5,1000.0,RETURNING_TO_START,load_zone_23,dump_zone_22,0.00025,0.00067
1302.0,2026-07-02T15:32:53.698,3,602.5,-70.544,26.141,-0.5,0.0,GOING_TO_ENDPOINT,dump_zone_3,load_zone_26,0.00025,0.00067
1303.0,2026-07-02T15:32:58.959,1,-102.5,430.441,21.833,-0.0833,1000.0,RETURNING_TO_START,load_zone_23,dump_zone_23,0.000263,0.000705
1303.0,2026-07-02T15:32:58.959,2,-102.605,448.251,7.631,-0.0833,1000.0,RETURNING_TO_START,load_zone_23,dump_zone_22,0.000255,0.000683
1303.0,2026-07-02T15:32:58.959,3,602.5,-77.535,24.341,-0.5,0.0,GOING_TO_ENDPOINT,dump_zone_3,load_zone_26,0.00025,0.00067
1304.0,2026-07-02T15:33:01.710,1,-102.5,436.299,20.283,-0.5,1000.0,RETURNING_TO_START,load_zone_23,dump_zone_23,0.00025,0.00067
1304.0,2026-07-02T15:33:01.710,2,-103.718,450.211,9.281,0.9167,1000.0,RETURNING_TO_START,load_zone_23,dump_zone_22,0.000306,0.00082
1304.0,2026-07-02T15:33:01.710,3,602.5,-84.025,22.541,-0.5,0.0,GOING_TO_ENDPOINT,dump_zone_3,load_zone_26,0.00025,0.00067
1305.0,2026-07-02T15:33:04.992,1,-102.5,441.668,18.633,-0.25,1000.0,RETURNING_TO_START,load_zone_23,dump_zone_23,0.00025,0.00067
1305.0,2026-07-02T15:33:04.992,2,-106.552,451.31,12.881,1.0,1000.0,RETURNING_TO_START,load_zone_23,dump_zone_22,0.000333,0.000892
1305.0,2026-07-02T15:33:04.992,3,602.5,-90.016,20.741,-0.5,0.0,GOING_TO_ENDPOINT,dump_zone_3,load_zone_26,0.00025,0.00067
1306.0,2026-07-02T15:33:08.773,1,-102.5,446.919,19.683,0.75,1000.0,RETURNING_TO_START,load_zone_23,dump_zone_23,0.00035,0.000938
1306.0,2026-07-02T15:33:08.773,2,-110.321,449.762,16.481,1.0,1000.0,RETURNING_TO_START,load_zone_23,dump_zone_22,0.000356,0.000954
1306.0,2026-07-02T15:33:08.773,3,602.5,-95.506,18.941,-0.5,0.0,GOING_TO_ENDPOINT,dump_zone_3,load_zone_26,0.00025,0.00067
1307.0,2026-07-02T15:33:13.998,1,-102.5,452.902,23.058,0.75,1000.0,RETURNING_TO_START,load_zone_23,dump_zone_23,0.000368,0.000986
1307.0,2026-07-02T15:33:13.998,2,-115.081,447.929,20.081,1.0,1000.0,RETURNING_TO_START,load_zone_23,dump_zone_22,0.000379,0.001016
1307.0,2026-07-02T15:33:13.998,3,602.883,-100.453,17.516,-0.0833,0.0,GOING_TO_ENDPOINT,dump_zone_3,load_zone_26,0.000256,0.000686
1308.0,2026-07-02T15:33:18.431,1,-102.5,459.502,23.808,-0.25,1000.0,RETURNING_TO_START,load_zone_23,dump_zone_23,0.00025,0.00067
1308.0,2026-07-02T15:33:18.431,2,-121.126,447.471,22.981,0.4167,1000.0,RETURNING_TO_START,load_zone_23,dump_zone_22,0.000326,0.000874
1308.0,2026-07-02T15:33:18.431,3,607.057,-102.626,19.166,0.9167,0.0,GOING_TO_ENDPOINT,dump_zone_3,load_zone_26,0.000319,0.000855
1309.0,2026-07-02T15:33:24.114,1,-102.5,465.885,22.458,-0.0833,1000.0,RETURNING_TO_START,load_zone_23,dump_zone_23,0.000264,0.000708
1309.0,2026-07-02T15:33:24.114,2,-127.525,447.496,22.556,-0.5,1000.0,RETURNING_TO_START,load_zone_23,dump_zone_22,0.00025,0.00067
1309.0,2026-07-02T15:33:24.114,3,611.738,-99.257,22.616,0.75,0.0,GOING_TO_ENDPOINT,dump_zone_3,load_zone_26,0.000319,0.000855
1310.0,2026-07-02T15:33:30.514,1,-102.5,472.224,23.214,0.2171,1000.0,RETURNING_TO_START,load_zone_23,dump_zone_23,0.000302,0.000809
1310.0,2026-07-02T15:33:30.514,2,-133.52,447.501,20.756,-0.5,1000.0,RETURNING_TO_START,load_zone_23,dump_zone_22,0.00025,0.00067
1310.0,2026-07-02T15:33:30.514,3,617.805,-97.353,23.366,-0.25,0.0,GOING_TO_ENDPOINT,dump_zone_3,load_zone_26,0.00025,0.00067
1311.0,2026-07-02T15:33:35.748,1,-102.5,478.702,23.339,-0.1216,1000.0,RETURNING_TO_START,load_zone_23,dump_zone_23,0.000259,0.000694
1311.0,2026-07-02T15:33:35.748,2,-139.014,447.5,18.956,-0.5,1000.0,RETURNING_TO_START,load_zone_23,dump_zone_22,0.00025,0.00067
1311.0,2026-07-02T15:33:35.748,3,624.044,-97.445,21.641,-0.5,0.0,GOING_TO_ENDPOINT,dump_zone_3,load_zone_26,0.00025,0.00067
1312.0,2026-07-02T15:33:39.966,1,-102.5,485.057,22.197,-0.5,1000.0,RETURNING_TO_START,load_zone_23,dump_zone_23,0.00025,0.00067
1312.0,2026-07-02T15:33:39.966,2,-144.009,447.5,17.156,-0.5,1000.0,RETURNING_TO_START,load_zone_23,dump_zone_22,0.00025,0.00067
1312.0,2026-07-02T15:33:39.966,3,629.784,-97.495,19.841,-0.5,0.0,GOING_TO_ENDPOINT,dump_zone_3,load_zone_26,0.00025,0.00067
1313.0,2026-07-02T15:33:44.267,1,-102.5,490.952,20.397,-0.5,1000.0,RETURNING_TO_START,load_zone_23,dump_zone_23,0.00025,0.00067
1313.0,2026-07-02T15:33:44.267,2,-148.504,447.5,15.356,-0.5,1000.0,RETURNING_TO_START,load_zone_23,dump_zone_22,0.00025,0.00067
1313.0,2026-07-02T15:33:44.267,3,635.025,-97.499,18.041,-0.5,0.0,GOING_TO_ENDPOINT,dump_zone_3,load_zone_26,0.00025,0.00067
1314.0,2026-07-02T15:33:48.355,1,-102.5,496.347,18.597,-0.5,1000.0,RETURNING_TO_START,load_zone_23,dump_zone_23,0.00025,0.00067
1314.0,2026-07-02T15:33:48.355,2,-152.499,447.5,13.556,-0.5,1000.0,RETURNING_TO_START,load_zone_23,dump_zone_22,0.00025,0.00067
1314.0,2026-07-02T15:33:48.355,3,639.765,-97.5,16.241,-0.5,0.0,GOING_TO_ENDPOINT,dump_zone_3,load_zone_26,0.00025,0.00067
1315.0,2026-07-02T15:33:52.608,1,-102.5,501.242,16.797,-0.5,1000.0,RETURNING_TO_START,load_zone_23,dump_zone_23,0.00025,0.00067
1315.0,2026-07-02T15:33:52.608,2,-155.994,447.486,11.756,-0.5,1000.0,RETURNING_TO_START,load_zone_23,dump_zone_22,0.00025,0.00067
1315.0,2026-07-02T15:33:52.608,3,644.006,-97.5,14.441,-0.5,0.0,GOING_TO_ENDPOINT,dump_zone_3,load_zone_26,0.00025,0.00067
1316.0,2026-07-02T15:33:57.556,1,-102.5,505.638,14.997,-0.5,1000.0,RETURNING_TO_START,load_zone_23,dump_zone_23,0.00025,0.00067
1316.0,2026-07-02T15:33:57.556,2,-158.924,446.973,9.956,-0.5,1000.0,RETURNING_TO_START,load_zone_23,dump_zone_22,0.00025,0.00067
1316.0,2026-07-02T15:33:57.556,3,647.746,-97.508,12.641,-0.5,0.0,GOING_TO_ENDPOINT,dump_zone_3,load_zone_26,0.00025,0.00067
1317.0,2026-07-02T15:34:03.100,1,-102.5,509.533,13.197,-0.5,1000.0,RETURNING_TO_START,load_zone_23,dump_zone_23,0.00025,0.00067
1317.0,2026-07-02T15:34:03.100,2,-161.224,446.013,8.156,-0.5,1000.0,RETURNING_TO_START,load_zone_23,dump_zone_22,0.00025,0.00067
1317.0,2026-07-02T15:34:03.100,3,650.915,-98.084,10.841,-0.5,0.0,GOING_TO_ENDPOINT,dump_zone_3,load_zone_26,0.00025,0.00067
1318.0,2026-07-02T15:34:07.449,1,-102.5,512.928,11.397,-0.5,1000.0,RETURNING_TO_START,load_zone_23,dump_zone_23,0.00025,0.00067
1318.0,2026-07-02T15:34:07.449,2,-163.176,445.615,6.356,-0.5,1000.0,RETURNING_TO_START,load_zone_23,dump_zone_22,0.00025,0.00067
1318.0,2026-07-02T15:34:07.449,3,653.185,-99.61,9.191,-0.25,0.0,GOING_TO_ENDPOINT,dump_zone_3,load_zone_26,0.00025,0.00067
1319.0,2026-07-02T15:34:12.499,1,-102.5,515.823,9.597,-0.5,1000.0,RETURNING_TO_START,load_zone_23,dump_zone_23,0.00025,0.00067
1319.0,2026-07-02T15:34:12.499,2,-164.739,445.509,5.186,-0.3968,1000.0,RETURNING_TO_START,load_zone_23,dump_zone_22,0.00025,0.00067
1319.0,2026-07-02T15:34:12.499,3,655.09,-101.42,10.241,0.75,0.0,GOING_TO_ENDPOINT,dump_zone_3,load_zone_26,0.000281,0.000753
1320.0,2026-07-02T15:34:16.672,1,-102.5,518.218,7.797,-0.5,1000.0,RETURNING_TO_START,load_zone_23,dump_zone_23,0.00025,0.00067
1320.0,2026-07-02T15:34:16.672,2,-166.039,445.485,4.763,0.3244,1000.0,RETURNING_TO_START,load_zone_23,dump_zone_22,0.000263,0.000705
1320.0,2026-07-02T15:34:16.672,3,657.439,-103.831,13.766,1.0,0.0,GOING_TO_ENDPOINT,dump_zone_3,load_zone_26,0.000303,0.000812
1321.0,2026-07-02T15:34:20.995,1,-102.432,520.109,5.997,-0.5,1000.0,RETURNING_TO_START,load_zone_23,dump_zone_23,0.00025,0.00067
1321.0,2026-07-02T15:34:20.995,2,-167.428,445.491,4.831,-0.1756,1000.0,RETURNING_TO_START,load_zone_23,dump_zone_22,0.000251,0.000673
1321.0,2026-07-02T15:34:20.995,3,660.499,-106.945,17.366,1.0,0.0,GOING_TO_ENDPOINT,dump_zone_3,load_zone_26,0.000317,0.00085
1322.0,2026-07-02T15:34:25.238,1,-101.948,521.41,4.197,-0.5,1000.0,RETURNING_TO_START,load_zone_23,dump_zone_23,0.00025,0.00067
1322.0,2026-07-02T15:34:25.238,2,-168.716,445.638,4.722,-0.0594,1000.0,RETURNING_TO_START,load_zone_23,dump_zone_22,0.000253,0.000678
1322.0,2026-07-02T15:34:25.238,3,664.284,-110.748,20.966,1.0,0.0,GOING_TO_ENDPOINT,dump_zone_3,load_zone_26,0.000331,0.000887
1323.0,2026-07-02T15:34:29.024,1,-101.417,522.128,2.397,-0.5,1000.0,UNLOADING,load_zone_23,dump_zone_23,0.00025,0.00067
1323.0,2026-07-02T15:34:29.024,2,-169.797,445.991,3.654,-0.0496,1000.0,RETURNING_TO_START,load_zone_23,dump_zone_22,0.000253,0.000678
1323.0,2026-07-02T15:34:29.024,3,668.784,-115.25,24.566,1.0,0.0,GOING_TO_ENDPOINT,dump_zone_3,load_zone_26,0.000345,0.000925
1324.0,2026-07-02T15:34:33.466,1,-101.135,522.405,0.597,-0.5,1000.0,UNLOADING,load_zone_23,dump_zone_23,0.00025,0.00067
1324.0,2026-07-02T15:34:33.466,2,-170.783,446.664,5.425,0.9504,1000.0,RETURNING_TO_START,load_zone_23,dump_zone_22,0.000284,0.000761
1324.0,2026-07-02T15:34:33.466,3,673.989,-120.453,28.016,0.75,0.0,GOING_TO_ENDPOINT,dump_zone_3,load_zone_26,0.000336,0.0009
1325.0,2026-07-02T15:34:37.102,1,-101.12,522.419,0.0,-0.5,1000.0,UNLOADING,load_zone_23,dump_zone_23,0.00025,0.00067
1325.0,2026-07-02T15:34:37.102,2,-171.848,448.364,8.65,0.5833,1000.0,RETURNING_TO_START,load_zone_23,dump_zone_22,0.000286,0.000766
1325.0,2026-07-02T15:34:37.102,3,679.63,-126.094,28.766,-0.25,0.0,GOING_TO_ENDPOINT,dump_zone_3,load_zone_26,0.00025,0.00067
1326.0,2026-07-02T15:34:38.653,1,-100.136,523.039,7.2,0.0,0.0,TURNING_AROUND,dump_zone_23,load_zone_1,0.000255,0.000683
1326.0,2026-07-02T15:34:38.653,2,-171.818,450.831,8.8,-0.4167,1000.0,RETURNING_TO_START,load_zone_23,dump_zone_22,0.00025,0.00067
1326.0,2026-07-02T15:34:38.653,3,685.103,-131.567,27.041,-0.5,0.0,GOING_TO_ENDPOINT,dump_zone_3,load_zone_26,0.00025,0.00067
1327.0,2026-07-02T15:34:40.430,1,-98.184,523.366,7.2,0.0,0.0,TURNING_AROUND,dump_zone_23,load_zone_1,0.000255,0.000683
1327.0,2026-07-02T15:34:40.430,2,-170.616,452.611,7.0,-0.5,1000.0,RETURNING_TO_START,load_zone_23,dump_zone_22,0.00025,0.00067
1327.0,2026-07-02T15:34:40.430,3,690.222,-136.688,25.241,-0.5,0.0,GOING_TO_ENDPOINT,dump_zone_3,load_zone_26,0.00025,0.00067
1328.0,2026-07-02T15:34:42.030,1,-99.623,523.758,5.4,0.0,0.0,TURNING_AROUND,dump_zone_23,load_zone_1,0.000253,0.000678
1328.0,2026-07-02T15:34:42.030,2,-169.159,453.411,5.2,-0.5,1000.0,RETURNING_TO_START,load_zone_23,dump_zone_22,0.00025,0.00067
1328.0,2026-07-02T15:34:42.030,3,694.991,-141.452,23.441,-0.5,0.0,GOING_TO_ENDPOINT,dump_zone_3,load_zone_26,0.00025,0.00067
1329.0,2026-07-02T15:34:42.908,1,-98.121,522.469,7.2,0.0,0.0,TURNING_AROUND,dump_zone_23,load_zone_1,0.000255,0.000683
1329.0,2026-07-02T15:34:42.908,2,-168.113,453.935,3.4,-0.5,1000.0,UNLOADING,load_zone_23,dump_zone_22,0.00025,0.00067
1329.0,2026-07-02T15:34:42.908,3,699.405,-145.863,21.641,-0.5,0.0,GOING_TO_ENDPOINT,dump_zone_3,load_zone_26,0.00025,0.00067
1330.0,2026-07-02T15:34:45.353,1,-97.702,521.791,0.0,-0.4167,0.0,GOING_TO_ENDPOINT,dump_zone_23,load_zone_1,0.00025,0.00067
1330.0,2026-07-02T15:34:45.353,2,-167.594,454.363,1.6,-0.5,1000.0,UNLOADING,load_zone_23,dump_zone_22,0.00025,0.00067
1330.0,2026-07-02T15:34:45.353,3,702.924,-150.376,19.841,-0.5,0.0,GOING_TO_ENDPOINT,dump_zone_3,load_zone_26,0.00025,0.00067
1331.0,2026-07-02T15:34:49.513,1,-97.702,521.742,0.7,0.5833,0.0,GOING_TO_ENDPOINT,dump_zone_23,load_zone_1,0.000252,0.000675
1331.0,2026-07-02T15:34:49.513,2,-167.468,454.491,0.0,-0.5,1000.0,UNLOADING,load_zone_23,dump_zone_22,0.00025,0.00067
1331.0,2026-07-02T15:34:49.513,3,703.022,-155.548,19.166,0.25,0.0,GOING_TO_ENDPOINT,dump_zone_3,load_zone_26,0.000278,0.000745
1332.0,2026-07-02T15:34:53.073,1,-97.7,521.07,4.05,1.0,0.0,GOING_TO_ENDPOINT,dump_zone_23,load_zone_1,0.000266,0.000713
1332.0,2026-07-02T15:34:53.073,2,-167.468,454.491,0.0,-0.5,1000.0,UNLOADING,load_zone_23,dump_zone_22,0.00025,0.00067
1332.0,2026-07-02T15:34:53.073,3,702.506,-160.997,19.766,-0.25,0.0,GOING_TO_ENDPOINT,dump_zone_3,load_zone_26,0.00025,0.00067
1333.0,2026-07-02T15:34:55.703,1,-97.676,519.403,7.65,1.0,0.0,GOING_TO_ENDPOINT,dump_zone_23,load_zone_1,0.00028,0.00075
1333.0,2026-07-02T15:34:55.703,2,-165.771,455.51,7.2,0.0,0.0,TURNING_AROUND,dump_zone_22,load_zone_1,0.000255,0.000683
1333.0,2026-07-02T15:34:55.703,3,702.485,-166.237,18.066,-0.4167,0.0,GOING_TO_ENDPOINT,dump_zone_3,load_zone_26,0.00025,0.00067
1334.0,2026-07-02T15:35:00.167,1,-97.622,516.737,11.25,1.0,0.0,GOING_TO_ENDPOINT,dump_zone_23,load_zone_1,0.000294,0.000788
1334.0,2026-07-02T15:35:00.167,2,-165.442,455.592,0.15,0.25,0.0,GOING_TO_ENDPOINT,dump_zone_22,load_zone_1,0.00025,0.00067
1334.0,2026-07-02T15:35:00.167,3,702.499,-171.003,16.333,-0.5,0.0,GOING_TO_ENDPOINT,dump_zone_3,load_zone_26,0.00025,0.00067
1335.0,2026-07-02T15:35:03.600,1,-97.566,513.071,14.85,1.0,0.0,GOING_TO_ENDPOINT,dump_zone_23,load_zone_1,0.000307,0.000823
1335.0,2026-07-02T15:35:03.600,2,-165.06,455.584,2.85,1.0,0.0,GOING_TO_ENDPOINT,dump_zone_22,load_zone_1,0.000261,0.000699
1335.0,2026-07-02T15:35:03.600,3,702.5,-175.269,14.533,-0.5,0.0,GOING_TO_ENDPOINT,dump_zone_3,load_zone_26,0.00025,0.00067
1336.0,2026-07-02T15:35:07.392,1,-97.518,508.405,18.45,1.0,0.0,GOING_TO_ENDPOINT,dump_zone_23,load_zone_1,0.000321,0.00086
1336.0,2026-07-02T15:35:07.392,2,-163.748,455.366,6.45,1.0,0.0,GOING_TO_ENDPOINT,dump_zone_22,load_zone_1,0.000275,0.000737
1336.0,2026-07-02T15:35:07.392,3,702.5,-179.035,12.733,-0.5,0.0,GOING_TO_ENDPOINT,dump_zone_3,load_zone_26,0.00025,0.00067
1337.0,2026-07-02T15:35:12.345,1,-97.5,502.738,22.05,1.0,0.0,GOING_TO_ENDPOINT,dump_zone_23,load_zone_1,0.000335,0.000898
1337.0,2026-07-02T15:35:12.345,2,-161.522,454.669,10.05,1.0,0.0,GOING_TO_ENDPOINT,dump_zone_22,load_zone_1,0.000289,0.000775
1337.0,2026-07-02T15:35:12.345,3,702.5,-182.301,10.933,-0.5,0.0,GOING_TO_ENDPOINT,dump_zone_3,load_zone_26,0.00025,0.00067
1338.0,2026-07-02T15:35:17.109,1,-97.5,496.071,25.65,1.0,0.0,GOING_TO_ENDPOINT,dump_zone_23,load_zone_1,0.000349,0.000935
1338.0,2026-07-02T15:35:17.109,2,-158.296,453.834,13.65,1.0,0.0,GOING_TO_ENDPOINT,dump_zone_22,load_zone_1,0.000303,0.000812
1338.0,2026-07-02T15:35:17.109,3,702.5,-185.07,9.177,-0.5,0.0,GOING_TO_ENDPOINT,dump_zone_3,load_zone_26,0.00025,0.00067
1339.0,2026-07-02T15:35:21.805,1,-97.5,488.466,28.605,0.5143,0.0,GOING_TO_ENDPOINT,dump_zone_23,load_zone_1,0.000316,0.000847
1339.0,2026-07-02T15:35:21.805,2,-154.042,453.012,17.25,1.0,0.0,GOING_TO_ENDPOINT,dump_zone_22,load_zone_1,0.000317,0.00085
1339.0,2026-07-02T15:35:21.805,3,702.5,-187.348,7.377,-0.5,0.0,GOING_TO_ENDPOINT,dump_zone_3,load_zone_26,0.00025,0.00067
1340.0,2026-07-02T15:35:24.968,1,-97.5,480.452,28.507,-0.4857,0.0,GOING_TO_ENDPOINT,dump_zone_23,load_zone_1,0.00025,0.00067
1340.0,2026-07-02T15:35:24.968,2,-148.732,452.553,20.85,1.0,0.0,GOING_TO_ENDPOINT,dump_zone_22,load_zone_1,0.000331,0.000887
1340.0,2026-07-02T15:35:24.968,3,702.5,-189.126,5.577,-0.5,0.0,GOING_TO_ENDPOINT,dump_zone_3,load_zone_26,0.00025,0.00067
1341.0,2026-07-02T15:35:27.721,1,-97.5,472.804,26.707,-0.5,0.0,GOING_TO_ENDPOINT,dump_zone_23,load_zone_1,0.00025,0.00067
1341.0,2026-07-02T15:35:27.721,2,-142.399,452.489,24.45,1.0,0.0,GOING_TO_ENDPOINT,dump_zone_22,load_zone_1,0.000345,0.000925
1341.0,2026-07-02T15:35:27.721,3,702.604,-190.397,3.777,-0.5,0.0,GOING_TO_ENDPOINT,dump_zone_3,load_zone_26,0.00025,0.00067
1342.0,2026-07-02T15:35:31.647,1,-97.5,465.657,24.907,-0.5,0.0,GOING_TO_ENDPOINT,dump_zone_23,load_zone_1,0.00025,0.00067
1342.0,2026-07-02T15:35:31.647,2,-135.114,452.501,27.35,0.4167,0.0,GOING_TO_ENDPOINT,dump_zone_22,load_zone_1,0.000304,0.000815
1342.0,2026-07-02T15:35:31.647,3,702.85,-191.134,1.977,-0.5,0.0,LOADING,dump_zone_3,load_zone_26,0.00025,0.00067
1343.0,2026-07-02T15:35:34.648,1,-97.501,459.009,23.107,-0.5,0.0,GOING_TO_ENDPOINT,dump_zone_23,load_zone_1,0.00025,0.00067
1343.0,2026-07-02T15:35:34.648,2,-127.501,452.502,26.925,-0.5,0.0,GOING_TO_ENDPOINT,dump_zone_22,load_zone_1,0.00025,0.00067
1343.0,2026-07-02T15:35:34.648,3,702.971,-191.384,0.177,-0.5,0.0,LOADING,dump_zone_3,load_zone_26,0.00025,0.00067
1344.0,2026-07-02T15:35:37.522,1,-97.5,452.861,21.307,-0.5,0.0,GOING_TO_ENDPOINT,dump_zone_23,load_zone_1,0.00025,0.00067
1344.0,2026-07-02T15:35:37.522,2,-120.293,452.505,25.125,-0.5,0.0,GOING_TO_ENDPOINT,dump_zone_22,load_zone_1,0.00025,0.00067
1344.0,2026-07-02T15:35:37.522,3,702.971,-191.385,0.0,-0.5,0.0,LOADING,dump_zone_3,load_zone_26,0.00025,0.00067
1345.0,2026-07-02T15:35:40.225,1,-97.171,447.341,20.632,0.25,0.0,GOING_TO_ENDPOINT,dump_zone_23,load_zone_1,0.00028,0.00075
1345.0,2026-07-02T15:35:40.225,2,-113.585,452.494,23.325,-0.5,0.0,GOING_TO_ENDPOINT,dump_zone_22,load_zone_1,0.00025,0.00067
1345.0,2026-07-02T15:35:40.225,3,703.919,-192.536,7.2,0.0,1000.0,TURNING_AROUND,load_zone_26,dump_zone_3,0.000258,0.000691
1346.0,2026-07-02T15:35:41.891,1,-91.626,446.096,23.332,1.0,0.0,GOING_TO_ENDPOINT,dump_zone_23,load_zone_1,0.00034,0.000911
1346.0,2026-07-02T15:35:41.891,2,-107.378,452.413,21.525,-0.5,0.0,GOING_TO_ENDPOINT,dump_zone_22,load_zone_1,0.00025,0.00067
1346.0,2026-07-02T15:35:41.891,3,705.14,-193.247,5.4,0.0,1000.0,TURNING_AROUND,load_zone_26,dump_zone_3,0.000256,0.000686
1347.0,2026-07-02T15:35:44.367,1,-84.698,445.447,26.755,0.782,0.0,GOING_TO_ENDPOINT,dump_zone_23,load_zone_1,0.000335,0.000898
1347.0,2026-07-02T15:35:44.367,2,-101.678,452.565,19.725,-0.5,0.0,GOING_TO_ENDPOINT,dump_zone_22,load_zone_1,0.00025,0.00067
1347.0,2026-07-02T15:35:44.367,3,704.228,-193.121,7.2,0.0,1000.0,TURNING_AROUND,load_zone_26,dump_zone_3,0.000258,0.000691
1348.0,2026-07-02T15:35:47.174,1,-77.66,442.311,28.09,-0.0642,0.0,GOING_TO_ENDPOINT,dump_zone_23,load_zone_1,0.000262,0.000702
1348.0,2026-07-02T15:35:47.174,2,-96.585,451.544,17.95,-0.4167,0.0,GOING_TO_ENDPOINT,dump_zone_22,load_zone_1,0.00025,0.00067
1348.0,2026-07-02T15:35:47.174,3,706.026,-192.294,7.2,0.0,1000.0,TURNING_AROUND,load_zone_26,dump_zone_3,0.000258,0.000691
1349.0,2026-07-02T15:35:49.360,1,-70.715,439.092,26.951,-0.4167,0.0,GOING_TO_ENDPOINT,dump_zone_23,load_zone_1,0.00025,0.00067
1349.0,2026-07-02T15:35:49.360,2,-92.183,449.235,18.4,0.5833,0.0,GOING_TO_ENDPOINT,dump_zone_22,load_zone_1,0.000296,0.000793
1349.0,2026-07-02T15:35:49.360,3,706.138,-192.438,5.4,0.0,1000.0,TURNING_AROUND,load_zone_26,dump_zone_3,0.000256,0.000686
1350.0,2026-07-02T15:35:51.888,1,-64.081,436.021,26.276,0.25,0.0,GOING_TO_ENDPOINT,dump_zone_23,load_zone_1,0.000288,0.000772
1350.0,2026-07-02T15:35:51.888,2,-87.19,446.724,21.75,1.0,0.0,GOING_TO_ENDPOINT,dump_zone_22,load_zone_1,0.000334,0.000895
1350.0,2026-07-02T15:35:51.888,3,705.988,-192.694,0.0,-0.1667,1000.0,RETURNING_TO_START,load_zone_26,dump_zone_3,0.00025,0.00067
1351.0,2026-07-02T15:35:56.253,1,-57.301,432.855,27.326,0.0833,0.0,GOING_TO_ENDPOINT,dump_zone_23,load_zone_1,0.000275,0.000737
1351.0,2026-07-02T15:35:56.253,2,-81.228,443.933,25.347,0.9887,0.0,GOING_TO_ENDPOINT,dump_zone_22,load_zone_1,0.000347,0.00093
1351.0,2026-07-02T15:35:56.253,3,705.986,-192.567,1.375,0.8333,1000.0,RETURNING_TO_START,load_zone_26,dump_zone_3,0.000258,0.000691
1352.0,2026-07-02T15:36:01.200,1,-50.375,429.585,27.576,-0.25,0.0,GOING_TO_ENDPOINT,dump_zone_23,load_zone_1,0.00025,0.00067
1352.0,2026-07-02T15:36:01.200,2,-74.484,440.832,27.522,0.4143,0.0,GOING_TO_ENDPOINT,dump_zone_22,load_zone_1,0.000304,0.000815
1352.0,2026-07-02T15:36:01.200,3,705.847,-191.663,4.95,1.0,1000.0,RETURNING_TO_START,load_zone_26,dump_zone_3,0.000282,0.000756
1353.0,2026-07-02T15:36:06.443,1,-43.581,426.329,27.08,0.1465,0.0,GOING_TO_ENDPOINT,dump_zone_23,load_zone_1,0.00028,0.00075
1353.0,2026-07-02T15:36:06.443,2,-67.453,437.585,28.163,0.081,0.0,GOING_TO_ENDPOINT,dump_zone_22,load_zone_1,0.000275,0.000737
1353.0,2026-07-02T15:36:06.443,3,704.935,-189.993,8.55,1.0,1000.0,RETURNING_TO_START,load_zone_26,dump_zone_3,0.000305,0.000817
1354.0,2026-07-02T15:36:12.701,1,-36.645,422.948,28.207,0.1465,0.0,GOING_TO_ENDPOINT,dump_zone_23,load_zone_1,0.000281,0.000753
1354.0,2026-07-02T15:36:12.701,2,-60.373,434.293,27.738,-0.345,0.0,GOING_TO_ENDPOINT,dump_zone_22,load_zone_1,0.00025,0.00067
1354.0,2026-07-02T15:36:12.701,3,702.754,-188.065,12.15,1.0,1000.0,RETURNING_TO_START,load_zone_26,dump_zone_3,0.000328,0.000879
1355.0,2026-07-02T15:36:18.229,1,-29.594,419.429,28.485,-0.0201,0.0,GOING_TO_ENDPOINT,dump_zone_23,load_zone_1,0.000266,0.000713
1355.0,2026-07-02T15:36:18.229,2,-53.39,431.012,28.11,0.1251,0.0,GOING_TO_ENDPOINT,dump_zone_22,load_zone_1,0.000279,0.000748
1355.0,2026-07-02T15:36:18.229,3,699.939,-185.344,15.75,1.0,1000.0,RETURNING_TO_START,load_zone_26,dump_zone_3,0.000352,0.000943
1356.0,2026-07-02T15:36:24.250,1,-22.718,415.904,27.03,-0.5,0.0,GOING_TO_ENDPOINT,dump_zone_23,load_zone_1,0.00025,0.00067
1356.0,2026-07-02T15:36:24.250,2,-46.431,427.701,27.36,-0.0416,0.0,GOING_TO_ENDPOINT,dump_zone_22,load_zone_1,0.000264,0.000708
1356.0,2026-07-02T15:36:24.250,3,697.762,-181.042,18.975,0.5833,1000.0,RETURNING_TO_START,load_zone_26,dump_zone_3,0.00033,0.000884
1357.0,2026-07-02T15:36:29.249,1,-16.324,412.511,25.248,-0.5,0.0,GOING_TO_ENDPOINT,dump_zone_23,load_zone_1,0.00025,0.00067
1357.0,2026-07-02T15:36:29.249,2,-39.567,424.38,27.775,0.3874,0.0,GOING_TO_ENDPOINT,dump_zone_22,load_zone_1,0.000302,0.000809
1357.0,2026-07-02T15:36:29.249,3,697.449,-175.683,19.125,-0.4167,1000.0,RETURNING_TO_START,load_zone_26,dump_zone_3,0.00025,0.00067
1358.0,2026-07-02T15:36:34.854,1,-10.393,409.222,23.951,-0.163,0.0,GOING_TO_ENDPOINT,dump_zone_23,load_zone_1,0.000253,0.000678
1358.0,2026-07-02T15:36:34.854,2,-32.444,420.861,28.87,-0.1126,0.0,GOING_TO_ENDPOINT,dump_zone_22,load_zone_1,0.000258,0.000691
1358.0,2026-07-02T15:36:34.854,3,697.489,-170.642,17.325,-0.5,1000.0,RETURNING_TO_START,load_zone_26,dump_zone_3,0.00025,0.00067
1359.0,2026-07-02T15:36:40.602,1,-4.8,405.958,22.533,-0.5,0.0,GOING_TO_ENDPOINT,dump_zone_23,load_zone_1,0.00025,0.00067
1359.0,2026-07-02T15:36:40.602,2,-25.47,417.329,27.385,-0.5,0.0,GOING_TO_ENDPOINT,dump_zone_22,load_zone_1,0.00025,0.00067
1359.0,2026-07-02T15:36:40.602,3,697.501,-166.1,15.525,-0.5,1000.0,RETURNING_TO_START,load_zone_26,dump_zone_3,0.00025,0.00067
1360.0,2026-07-02T15:36:46.203,1,0.293,402.773,21.058,-0.25,0.0,GOING_TO_ENDPOINT,dump_zone_23,load_zone_1,0.00025,0.00067
1360.0,2026-07-02T15:36:46.203,2,-18.944,413.915,25.789,-0.4167,0.0,GOING_TO_ENDPOINT,dump_zone_22,load_zone_1,0.00025,0.00067
1360.0,2026-07-02T15:36:46.203,3,697.501,-162.059,13.725,-0.5,1000.0,RETURNING_TO_START,load_zone_26,dump_zone_3,0.00025,0.00067
1361.0,2026-07-02T15:36:52.549,1,4.981,399.576,20.225,0.0071,0.0,GOING_TO_ENDPOINT,dump_zone_23,load_zone_1,0.000263,0.000705
1361.0,2026-07-02T15:36:52.549,2,-12.855,410.606,24.214,-0.4167,0.0,GOING_TO_ENDPOINT,dump_zone_22,load_zone_1,0.00025,0.00067
1361.0,2026-07-02T15:36:52.549,3,697.5,-158.517,11.925,-0.5,1000.0,RETURNING_TO_START,load_zone_26,dump_zone_3,0.00025,0.00067
1362.0,2026-07-02T15:36:57.995,1,9.564,396.173,21.167,0.446,0.0,GOING_TO_ENDPOINT,dump_zone_23,load_zone_1,0.000294,0.000788
1362.0,2026-07-02T15:36:57.995,2,-7.226,407.404,22.489,-0.5,0.0,GOING_TO_ENDPOINT,dump_zone_22,load_zone_1,0.00025,0.00067
1362.0,2026-07-02T15:36:57.995,3,697.5,-155.475,10.125,-0.5,1000.0,RETURNING_TO_START,load_zone_26,dump_zone_3,0.00025,0.00067
1363.0,2026-07-02T15:37:04.053,1,14.247,392.37,21.813,-0.1477,0.0,GOING_TO_ENDPOINT,dump_zone_23,load_zone_1,0.000253,0.000678
1363.0,2026-07-02T15:37:04.053,2,-2.111,404.315,20.689,-0.5,0.0,GOING_TO_ENDPOINT,dump_zone_22,load_zone_1,0.00025,0.00067
1363.0,2026-07-02T15:37:04.053,3,697.5,-152.934,8.325,-0.5,1000.0,RETURNING_TO_START,load_zone_26,dump_zone_3,0.00025,0.00067
1364.0,2026-07-02T15:37:09.638,1,18.643,388.454,20.786,-0.0919,0.0,GOING_TO_ENDPOINT,dump_zone_23,load_zone_1,0.000257,0.000689
1364.0,2026-07-02T15:37:09.638,2,2.506,401.3,19.359,-0.0833,0.0,GOING_TO_ENDPOINT,dump_zone_22,load_zone_1,0.000257,0.000689
1364.0,2026-07-02T15:37:09.638,3,697.385,-150.898,6.525,-0.5,1000.0,RETURNING_TO_START,load_zone_26,dump_zone_3,0.00025,0.00067
1365.0,2026-07-02T15:37:15.958,1,22.891,384.311,22.355,0.7415,0.0,GOING_TO_ENDPOINT,dump_zone_23,load_zone_1,0.000318,0.000852
1365.0,2026-07-02T15:37:15.958,2,6.943,398.156,19.909,0.25,0.0,GOING_TO_ENDPOINT,dump_zone_22,load_zone_1,0.000279,0.000748
1365.0,2026-07-02T15:37:15.958,3,696.767,-149.394,5.85,0.25,1000.0,RETURNING_TO_START,load_zone_26,dump_zone_3,0.000264,0.000708
1366.0,2026-07-02T15:37:21.775,1,27.38,379.578,24.424,0.5748,0.0,GOING_TO_ENDPOINT,dump_zone_23,load_zone_1,0.000311,0.000833
1366.0,2026-07-02T15:37:21.775,2,11.468,394.667,20.959,0.0833,0.0,GOING_TO_ENDPOINT,dump_zone_22,load_zone_1,0.000269,0.000721
1366.0,2026-07-02T15:37:21.775,3,695.421,-147.969,8.55,1.0,1000.0,RETURNING_TO_START,load_zone_26,dump_zone_3,0.000305,0.000817
1367.0,2026-07-02T15:37:26.391,1,32.037,374.293,26.094,0.5748,0.0,GOING_TO_ENDPOINT,dump_zone_23,load_zone_1,0.000315,0.000844
1367.0,2026-07-02T15:37:26.391,2,15.878,390.956,20.529,-0.1848,0.0,GOING_TO_ENDPOINT,dump_zone_22,load_zone_1,0.000251,0.000673
1367.0,2026-07-02T15:37:26.391,3,693.201,-146.078,12.15,1.0,1000.0,RETURNING_TO_START,load_zone_26,dump_zone_3,0.000328,0.000879
1368.0,2026-07-02T15:37:31.013,1,36.917,368.494,27.863,0.0748,0.0,GOING_TO_ENDPOINT,dump_zone_23,load_zone_1,0.000274,0.000734
1368.0,2026-07-02T15:37:31.013,2,20.048,387.12,20.564,0.3152,0.0,GOING_TO_ENDPOINT,dump_zone_22,load_zone_1,0.000284,0.000761
1368.0,2026-07-02T15:37:31.013,3,690.216,-143.542,15.75,1.0,1000.0,RETURNING_TO_START,load_zone_26,dump_zone_3,0.000352,0.000943
1369.0,2026-07-02T15:37:36.290,1,41.805,362.68,26.673,-0.4167,0.0,GOING_TO_ENDPOINT,dump_zone_23,load_zone_1,0.00025,0.00067
1369.0,2026-07-02T15:37:36.290,2,24.299,382.878,22.758,0.8407,0.0,GOING_TO_ENDPOINT,dump_zone_22,load_zone_1,0.000326,0.000874
1369.0,2026-07-02T15:37:36.290,3,686.639,-140.17,19.35,1.0,1000.0,RETURNING_TO_START,load_zone_26,dump_zone_3,0.000375,0.001005
1370.0,2026-07-02T15:37:42.162,1,46.512,357.313,24.898,-0.4167,0.0,GOING_TO_ENDPOINT,dump_zone_23,load_zone_1,0.00025,0.00067
1370.0,2026-07-02T15:37:42.162,2,28.92,377.865,25.86,0.5833,0.0,GOING_TO_ENDPOINT,dump_zone_22,load_zone_1,0.000315,0.000844
1370.0,2026-07-02T15:37:42.162,3,682.518,-136.057,21.854,0.2975,1000.0,RETURNING_TO_START,load_zone_26,dump_zone_3,0.000308,0.000825
1371.0,2026-07-02T15:37:45.286,1,51.085,352.463,23.198,-0.4167,0.0,GOING_TO_ENDPOINT,dump_zone_23,load_zone_1,0.00025,0.00067
1371.0,2026-07-02T15:37:45.286,2,33.853,372.148,28.36,0.5833,0.0,GOING_TO_ENDPOINT,dump_zone_22,load_zone_1,0.000321,0.00086
1371.0,2026-07-02T15:37:45.286,3,678.103,-131.638,23.125,0.2975,1000.0,RETURNING_TO_START,load_zone_26,dump_zone_3,0.000312,0.000836
1372.0,2026-07-02T15:37:49.378,1,55.619,347.905,23.648,0.5833,0.0,GOING_TO_ENDPOINT,dump_zone_23,load_zone_1,0.00031,0.000831
1372.0,2026-07-02T15:37:49.378,2,38.978,366.027,28.51,-0.4167,0.0,GOING_TO_ENDPOINT,dump_zone_22,load_zone_1,0.00025,0.00067
1372.0,2026-07-02T15:37:49.378,3,673.593,-127.129,22.353,-0.5,1000.0,RETURNING_TO_START,load_zone_26,dump_zone_3,0.00025,0.00067
1373.0,2026-07-02T15:37:56.713,1,60.606,342.928,26.973,0.9163,0.0,GOING_TO_ENDPOINT,dump_zone_23,load_zone_1,0.000347,0.00093
1373.0,2026-07-02T15:37:56.713,2,43.935,360.202,26.71,-0.5,0.0,GOING_TO_ENDPOINT,dump_zone_22,load_zone_1,0.00025,0.00067
1373.0,2026-07-02T15:37:56.713,3,669.394,-122.93,20.553,-0.5,1000.0,RETURNING_TO_START,load_zone_26,dump_zone_3,0.00025,0.00067
1374.0,2026-07-02T15:38:03.382,1,66.147,337.388,28.972,0.2497,0.0,GOING_TO_ENDPOINT,dump_zone_23,load_zone_1,0.000292,0.000783
1374.0,2026-07-02T15:38:03.382,2,48.735,354.904,24.935,-0.4167,0.0,GOING_TO_ENDPOINT,dump_zone_22,load_zone_1,0.00025,0.00067
1374.0,2026-07-02T15:38:03.382,3,665.549,-119.084,18.753,-0.5,1000.0,RETURNING_TO_START,load_zone_26,dump_zone_3,0.00025,0.00067
1375.0,2026-07-02T15:38:09.119,1,71.789,331.747,28.071,-0.5,0.0,GOING_TO_ENDPOINT,dump_zone_23,load_zone_1,0.00025,0.00067
1375.0,2026-07-02T15:38:09.119,2,53.466,350.06,24.335,0.25,0.0,GOING_TO_ENDPOINT,dump_zone_22,load_zone_1,0.000285,0.000764
1375.0,2026-07-02T15:38:09.119,3,662.057,-115.592,16.953,-0.5,1000.0,RETURNING_TO_START,load_zone_26,dump_zone_3,0.00025,0.00067
1376.0,2026-07-02T15:38:15.390,1,77.148,326.388,26.772,-0.1326,0.0,GOING_TO_ENDPOINT,dump_zone_23,load_zone_1,0.000256,0.000686
1376.0,2026-07-02T15:38:15.390,2,58.477,345.058,26.718,0.7078,0.0,GOING_TO_ENDPOINT,dump_zone_22,load_zone_1,0.000328,0.000879
1376.0,2026-07-02T15:38:15.390,3,658.918,-112.454,15.153,-0.5,1000.0,RETURNING_TO_START,load_zone_26,dump_zone_3,0.00025,0.00067
1377.0,2026-07-02T15:38:21.266,1,82.469,321.066,27.688,0.5859,0.0,GOING_TO_ENDPOINT,dump_zone_23,load_zone_1,0.00032,0.000858
1377.0,2026-07-02T15:38:21.266,2,63.867,339.669,27.666,0.1121,0.0,GOING_TO_ENDPOINT,dump_zone_22,load_zone_1,0.000278,0.000745
1377.0,2026-07-02T15:38:21.266,3,656.133,-109.669,13.353,-0.5,1000.0,RETURNING_TO_START,load_zone_26,dump_zone_3,0.00025,0.00067
1378.0,2026-07-02T15:38:26.925,1,88.047,315.488,28.447,-0.2475,0.0,GOING_TO_ENDPOINT,dump_zone_23,load_zone_1,0.00025,0.00067
1378.0,2026-07-02T15:38:26.925,2,69.286,334.249,27.42,-0.0545,0.0,GOING_TO_ENDPOINT,dump_zone_22,load_zone_1,0.000263,0.000705
1378.0,2026-07-02T15:38:26.925,3,653.699,-107.235,11.604,-0.4167,1000.0,RETURNING_TO_START,load_zone_26,dump_zone_3,0.00025,0.00067
1379.0,2026-07-02T15:38:32.149,1,93.506,310.03,27.312,-0.0833,0.0,GOING_TO_ENDPOINT,dump_zone_23,load_zone_1,0.00026,0.000697
1379.0,2026-07-02T15:38:32.149,2,74.554,328.982,26.355,-0.0618,0.0,GOING_TO_ENDPOINT,dump_zone_22,load_zone_1,0.000261,0.000699
1379.0,2026-07-02T15:38:32.149,3,651.597,-105.133,9.879,-0.5,1000.0,RETURNING_TO_START,load_zone_26,dump_zone_3,0.00025,0.00067
1380.0,2026-07-02T15:38:38.191,1,98.959,304.577,28.212,0.0833,0.0,GOING_TO_ENDPOINT,dump_zone_23,load_zone_1,0.000275,0.000737
1380.0,2026-07-02T15:38:38.191,2,79.789,323.746,27.234,0.6055,0.0,GOING_TO_ENDPOINT,dump_zone_22,load_zone_1,0.000321,0.00086
1380.0,2026-07-02T15:38:38.191,3,649.849,-103.383,8.079,-0.5,1000.0,RETURNING_TO_START,load_zone_26,dump_zone_3,0.00025,0.00067
1381.0,2026-07-02T15:38:43.741,1,104.444,299.091,27.703,-0.1121,0.0,GOING_TO_ENDPOINT,dump_zone_23,load_zone_1,0.000258,0.000691
1381.0,2026-07-02T15:38:43.741,2,85.39,318.146,29.324,0.2372,0.0,GOING_TO_ENDPOINT,dump_zone_22,load_zone_1,0.000291,0.00078
1381.0,2026-07-02T15:38:43.741,3,648.245,-102.22,6.654,-0.0833,1000.0,RETURNING_TO_START,load_zone_26,dump_zone_3,0.000254,0.000681
1382.0,2026-07-02T15:38:48.939,1,109.853,293.683,27.599,-0.0288,0.0,GOING_TO_ENDPOINT,dump_zone_23,load_zone_1,0.000265,0.00071
1382.0,2026-07-02T15:38:48.939,2,91.113,312.422,28.744,-0.2349,0.0,GOING_TO_ENDPOINT,dump_zone_22,load_zone_1,0.00025,0.00067
1382.0,2026-07-02T15:38:48.939,3,646.276,-101.87,8.304,0.9167,1000.0,RETURNING_TO_START,load_zone_26,dump_zone_3,0.0003,0.000804
1383.0,2026-07-02T15:38:53.893,1,115.248,288.288,27.781,0.465,0.0,GOING_TO_ENDPOINT,dump_zone_23,load_zone_1,0.000309,0.000828
1383.0,2026-07-02T15:38:53.893,2,96.63,306.906,27.542,-0.25,0.0,GOING_TO_ENDPOINT,dump_zone_22,load_zone_1,0.00025,0.00067
1383.0,2026-07-02T15:38:53.893,3,643.431,-101.964,11.904,1.0,1000.0,RETURNING_TO_START,load_zone_26,dump_zone_3,0.000327,0.000876
1384.0,2026-07-02T15:38:58.225,1,120.896,282.639,29.155,-0.035,0.0,GOING_TO_ENDPOINT,dump_zone_23,load_zone_1,0.000265,0.00071
1384.0,2026-07-02T15:38:58.225,2,102.029,301.507,27.992,0.5833,0.0,GOING_TO_ENDPOINT,dump_zone_22,load_zone_1,0.000321,0.00086
1384.0,2026-07-02T15:38:58.225,3,639.593,-102.251,15.504,1.0,1000.0,RETURNING_TO_START,load_zone_26,dump_zone_3,0.00035,0.000938
1385.0,2026-07-02T15:39:03.464,1,126.488,277.047,27.677,-0.5,0.0,GOING_TO_ENDPOINT,dump_zone_23,load_zone_1,0.00025,0.00067
1385.0,2026-07-02T15:39:03.464,2,107.638,295.897,28.487,-0.3207,0.0,GOING_TO_ENDPOINT,dump_zone_22,load_zone_1,0.00025,0.00067
1385.0,2026-07-02T15:39:03.464,3,634.757,-102.479,18.954,0.75,1000.0,RETURNING_TO_START,load_zone_26,dump_zone_3,0.000347,0.00093
1386.0,2026-07-02T15:39:07.769,1,131.733,271.803,25.877,-0.5,0.0,GOING_TO_ENDPOINT,dump_zone_23,load_zone_1,0.00025,0.00067
1386.0,2026-07-02T15:39:07.769,2,113.125,290.411,27.711,0.0815,0.0,GOING_TO_ENDPOINT,dump_zone_22,load_zone_1,0.000275,0.000737
1386.0,2026-07-02T15:39:07.769,3,629.297,-102.505,19.704,-0.25,1000.0,RETURNING_TO_START,load_zone_26,dump_zone_3,0.00025,0.00067
1387.0,2026-07-02T15:39:11.555,1,136.624,266.911,24.077,-0.5,0.0,GOING_TO_ENDPOINT,dump_zone_23,load_zone_1,0.00025,0.00067
1387.0,2026-07-02T15:39:11.555,2,118.612,284.923,27.832,-0.3023,0.0,GOING_TO_ENDPOINT,dump_zone_22,load_zone_1,0.00025,0.00067
1387.0,2026-07-02T15:39:11.555,3,624.074,-102.501,17.979,-0.5,1000.0,RETURNING_TO_START,load_zone_26,dump_zone_3,0.00025,0.00067
1388.0,2026-07-02T15:39:15.446,1,141.162,262.374,22.277,-0.5,0.0,GOING_TO_ENDPOINT,dump_zone_23,load_zone_1,0.00025,0.00067
1388.0,2026-07-02T15:39:15.446,2,123.896,279.64,26.075,-0.5,0.0,GOING_TO_ENDPOINT,dump_zone_22,load_zone_1,0.00025,0.00067
1388.0,2026-07-02T15:39:15.446,3,619.351,-102.5,16.179,-0.5,1000.0,RETURNING_TO_START,load_zone_26,dump_zone_3,0.00025,0.00067
1389.0,2026-07-02T15:39:20.641,1,145.644,258.557,20.477,-0.5,0.0,GOING_TO_ENDPOINT,dump_zone_23,load_zone_1,0.00025,0.00067
1389.0,2026-07-02T15:39:20.641,2,128.826,274.71,24.275,-0.5,0.0,GOING_TO_ENDPOINT,dump_zone_22,load_zone_1,0.00025,0.00067
1389.0,2026-07-02T15:39:20.641,3,615.128,-102.5,14.379,-0.5,1000.0,RETURNING_TO_START,load_zone_26,dump_zone_3,0.00025,0.00067
1390.0,2026-07-02T15:39:25.644,1,150.762,257.119,18.677,-0.5,0.0,GOING_TO_ENDPOINT,dump_zone_23,load_zone_1,0.00025,0.00067
1390.0,2026-07-02T15:39:25.644,2,133.403,270.133,22.475,-0.5,0.0,GOING_TO_ENDPOINT,dump_zone_22,load_zone_1,0.00025,0.00067
1390.0,2026-07-02T15:39:25.644,3,611.386,-102.5,12.683,-0.484,1000.0,RETURNING_TO_START,load_zone_26,dump_zone_3,0.00025,0.00067
1391.0,2026-07-02T15:39:30.205,1,152.753,252.899,16.902,-0.4167,0.0,GOING_TO_ENDPOINT,dump_zone_23,load_zone_1,0.00025,0.00067
1391.0,2026-07-02T15:39:30.205,2,137.626,265.91,20.675,-0.5,0.0,GOING_TO_ENDPOINT,dump_zone_22,load_zone_1,0.00025,0.00067
1391.0,2026-07-02T15:39:30.205,3,608.132,-102.5,10.888,-0.5,1000.0,RETURNING_TO_START,load_zone_26,dump_zone_3,0.00025,0.00067
1392.0,2026-07-02T15:39:34.914,1,150.496,248.969,15.977,-0.5,0.0,GOING_TO_ENDPOINT,dump_zone_23,load_zone_1,0.00025,0.00067
1392.0,2026-07-02T15:39:34.914,2,141.501,262.046,18.875,-0.5,0.0,GOING_TO_ENDPOINT,dump_zone_22,load_zone_1,0.00025,0.00067
1392.0,2026-07-02T15:39:34.914,3,605.364,-102.5,9.188,-0.5,1000.0,RETURNING_TO_START,load_zone_26,dump_zone_3,0.00025,0.00067
1393.0,2026-07-02T15:39:40.437,1,146.971,246.99,14.327,-0.25,0.0,GOING_TO_ENDPOINT,dump_zone_23,load_zone_1,0.00025,0.00067
1393.0,2026-07-02T15:39:40.437,2,145.691,259.431,17.075,-0.5,0.0,GOING_TO_ENDPOINT,dump_zone_22,load_zone_1,0.00025,0.00067
1393.0,2026-07-02T15:39:40.437,3,603.072,-102.499,7.521,-0.4167,1000.0,RETURNING_TO_START,load_zone_26,dump_zone_3,0.00025,0.00067
1394.0,2026-07-02T15:39:45.528,1,142.923,247.142,15.377,0.75,0.0,GOING_TO_ENDPOINT,dump_zone_23,load_zone_1,0.000297,0.000796
1394.0,2026-07-02T15:39:45.528,2,149.635,257.467,15.275,-0.5,0.0,GOING_TO_ENDPOINT,dump_zone_22,load_zone_1,0.00025,0.00067
1394.0,2026-07-02T15:39:45.528,3,601.154,-102.366,6.471,-0.0833,1000.0,RETURNING_TO_START,load_zone_26,dump_zone_3,0.000254,0.000681
1395.0,2026-07-02T15:39:50.609,1,138.138,247.422,18.902,1.0,0.0,GOING_TO_ENDPOINT,dump_zone_23,load_zone_1,0.000323,0.000866
1395.0,2026-07-02T15:39:50.609,2,151.683,254.074,13.475,-0.5,0.0,GOING_TO_ENDPOINT,dump_zone_22,load_zone_1,0.00025,0.00067
1395.0,2026-07-02T15:39:50.609,3,599.38,-101.574,8.121,0.9167,1000.0,RETURNING_TO_START,load_zone_26,dump_zone_3,0.000299,0.000801
1396.0,2026-07-02T15:39:55.973,1,132.512,247.507,20.852,0.0833,0.0,GOING_TO_ENDPOINT,dump_zone_23,load_zone_1,0.000269,0.000721
1396.0,2026-07-02T15:39:55.973,2,151.649,250.622,12.8,0.25,0.0,GOING_TO_ENDPOINT,dump_zone_22,load_zone_1,0.000268,0.000718
1396.0,2026-07-02T15:39:55.973,3,597.85,-99.385,10.596,0.25,1000.0,RETURNING_TO_START,load_zone_26,dump_zone_3,0.000275,0.000737
1397.0,2026-07-02T15:40:00.326,1,126.865,247.502,19.577,-0.5,0.0,GOING_TO_ENDPOINT,dump_zone_23,load_zone_1,0.00025,0.00067
1397.0,2026-07-02T15:40:00.326,2,149.323,247.96,12.375,-0.5,0.0,GOING_TO_ENDPOINT,dump_zone_22,load_zone_1,0.00025,0.00067
1397.0,2026-07-02T15:40:00.326,3,597.386,-96.374,11.796,0.75,1000.0,RETURNING_TO_START,load_zone_26,dump_zone_3,0.00031,0.000831
1398.0,2026-07-02T15:40:04.472,1,121.698,247.5,17.777,-0.5,0.0,GOING_TO_ENDPOINT,dump_zone_23,load_zone_1,0.00025,0.00067
1398.0,2026-07-02T15:40:04.472,2,146.257,247.251,10.95,-0.0833,0.0,GOING_TO_ENDPOINT,dump_zone_22,load_zone_1,0.000254,0.000681
1398.0,2026-07-02T15:40:04.472,3,597.364,-92.577,15.321,1.0,1000.0,RETURNING_TO_START,load_zone_26,dump_zone_3,0.000349,0.000935
1399.0,2026-07-02T15:40:08.044,1,117.031,247.5,15.977,-0.5,0.0,GOING_TO_ENDPOINT,dump_zone_23,load_zone_1,0.00025,0.00067
1399.0,2026-07-02T15:40:08.044,2,143.05,247.248,12.6,0.9167,0.0,GOING_TO_ENDPOINT,dump_zone_22,load_zone_1,0.000295,0.000791
1399.0,2026-07-02T15:40:08.044,3,597.469,-87.78,18.921,1.0,1000.0,RETURNING_TO_START,load_zone_26,dump_zone_3,0.000372,0.000997
1400.0,2026-07-02T15:40:13.674,1,112.863,247.5,14.177,-0.5,0.0,GOING_TO_ENDPOINT,dump_zone_23,load_zone_1,0.00025,0.00067
1400.0,2026-07-02T15:40:13.674,2,139.011,247.404,16.2,1.0,0.0,GOING_TO_ENDPOINT,dump_zone_22,load_zone_1,0.000313,0.000839
1400.0,2026-07-02T15:40:13.674,3,597.501,-82.015,22.083,0.5833,1000.0,RETURNING_TO_START,load_zone_26,dump_zone_3,0.000343,0.000919
1401.0,2026-07-02T15:40:19.429,1,109.196,247.5,12.377,-0.5,0.0,GOING_TO_ENDPOINT,dump_zone_23,load_zone_1,0.00025,0.00067
1401.0,2026-07-02T15:40:19.429,2,133.977,247.495,19.648,0.75,0.0,GOING_TO_ENDPOINT,dump_zone_22,load_zone_1,0.00031,0.000831
1401.0,2026-07-02T15:40:19.429,3,597.5,-75.764,22.533,0.0833,1000.0,RETURNING_TO_START,load_zone_26,dump_zone_3,0.000284,0.000761
1402.0,2026-07-02T15:40:24.983,1,106.029,247.5,10.577,-0.5,0.0,GOING_TO_ENDPOINT,dump_zone_23,load_zone_1,0.00025,0.00067
1402.0,2026-07-02T15:40:24.983,2,128.323,247.502,20.398,-0.25,0.0,GOING_TO_ENDPOINT,dump_zone_22,load_zone_1,0.00025,0.00067
1402.0,2026-07-02T15:40:24.983,3,597.5,-69.457,22.783,-0.0833,1000.0,RETURNING_TO_START,load_zone_26,dump_zone_3,0.000264,0.000708
1403.0,2026-07-02T15:40:29.577,1,103.362,247.5,8.777,-0.5,0.0,GOING_TO_ENDPOINT,dump_zone_23,load_zone_1,0.00025,0.00067
1403.0,2026-07-02T15:40:29.577,2,122.908,247.5,18.673,-0.5,0.0,GOING_TO_ENDPOINT,dump_zone_22,load_zone_1,0.00025,0.00067
1403.0,2026-07-02T15:40:29.577,3,597.5,-63.199,22.637,0.128,1000.0,RETURNING_TO_START,load_zone_26,dump_zone_3,0.00029,0.000777
1404.0,2026-07-02T15:40:35.034,1,101.191,247.438,7.127,-0.25,0.0,GOING_TO_ENDPOINT,dump_zone_23,load_zone_1,0.00025,0.00067
1404.0,2026-07-02T15:40:35.034,2,117.992,247.5,16.873,-0.5,0.0,GOING_TO_ENDPOINT,dump_zone_22,load_zone_1,0.00025,0.00067
1404.0,2026-07-02T15:40:35.034,3,597.5,-56.872,22.941,0.2828,1000.0,RETURNING_TO_START,load_zone_26,dump_zone_3,0.000309,0.000828
1405.0,2026-07-02T15:40:39.522,1,99.339,246.603,8.177,0.75,0.0,GOING_TO_ENDPOINT,dump_zone_23,load_zone_1,0.000275,0.000737
1405.0,2026-07-02T15:40:39.522,2,113.576,247.5,15.073,-0.5,0.0,GOING_TO_ENDPOINT,dump_zone_22,load_zone_1,0.00025,0.00067
1405.0,2026-07-02T15:40:39.522,3,597.5,-50.308,23.942,-0.0116,1000.0,RETURNING_TO_START,load_zone_26,dump_zone_3,0.000274,0.000734
1406.0,2026-07-02T15:40:43.982,1,97.948,244.247,11.702,1.0,0.0,GOING_TO_ENDPOINT,dump_zone_23,load_zone_1,0.000295,0.000791
1406.0,2026-07-02T15:40:43.982,2,109.66,247.5,13.273,-0.5,0.0,GOING_TO_ENDPOINT,dump_zone_22,load_zone_1,0.00025,0.00067
1406.0,2026-07-02T15:40:43.982,3,597.5,-43.777,23.35,0.155,1000.0,RETURNING_TO_START,load_zone_26,dump_zone_3,0.000294,0.000788
1407.0,2026-07-02T15:40:50.302,1,98.938,240.7,15.302,1.0,0.0,GOING_TO_ENDPOINT,dump_zone_23,load_zone_1,0.000309,0.000828
1407.0,2026-07-02T15:40:50.302,2,106.244,247.5,11.473,-0.5,0.0,GOING_TO_ENDPOINT,dump_zone_22,load_zone_1,0.00025,0.00067
1407.0,2026-07-02T15:40:50.302,3,597.5,-37.25,23.617,0.111,1000.0,RETURNING_TO_START,load_zone_26,dump_zone_3,0.000289,0.000775
1408.0,2026-07-02T15:40:55.951,1,101.392,236.593,18.902,1.0,0.0,GOING_TO_ENDPOINT,dump_zone_23,load_zone_1,0.000323,0.000866
1408.0,2026-07-02T15:40:55.951,2,103.328,247.5,9.673,-0.5,0.0,GOING_TO_ENDPOINT,dump_zone_22,load_zone_1,0.00025,0.00067
1408.0,2026-07-02T15:40:55.951,3,597.5,-30.69,23.391,-0.2101,1000.0,RETURNING_TO_START,load_zone_26,dump_zone_3,0.00025,0.00067
1409.0,2026-07-02T15:41:01.208,1,102.487,231.029,21.377,0.25,0.0,GOING_TO_ENDPOINT,dump_zone_23,load_zone_1,0.000281,0.000753
1409.0,2026-07-02T15:41:01.208,2,100.902,247.379,8.248,-0.0833,0.0,GOING_TO_ENDPOINT,dump_zone_22,load_zone_1,0.000253,0.000678
1409.0,2026-07-02T15:41:01.208,3,597.5,-24.255,23.035,-0.2101,1000.0,RETURNING_TO_START,load_zone_26,dump_zone_3,0.00025,0.00067
1410.0,2026-07-02T15:41:04.674,1,102.527,225.161,20.477,-0.5,0.0,GOING_TO_ENDPOINT,dump_zone_23,load_zone_1,0.00025,0.00067
1410.0,2026-07-02T15:41:04.674,2,98.85,246.1,9.898,0.9167,0.0,GOING_TO_ENDPOINT,dump_zone_22,load_zone_1,0.000286,0.000766
1410.0,2026-07-02T15:41:04.674,3,597.5,-17.937,22.707,0.0044,1000.0,RETURNING_TO_START,load_zone_26,dump_zone_3,0.000275,0.000737
1411.0,2026-07-02T15:41:09.174,1,102.503,219.744,18.677,-0.5,0.0,GOING_TO_ENDPOINT,dump_zone_23,load_zone_1,0.00025,0.00067
1411.0,2026-07-02T15:41:09.174,2,97.948,243.033,13.498,1.0,0.0,GOING_TO_ENDPOINT,dump_zone_22,load_zone_1,0.000302,0.000809
1411.0,2026-07-02T15:41:09.174,3,597.5,-11.691,22.158,-0.1224,1000.0,RETURNING_TO_START,load_zone_26,dump_zone_3,0.000259,0.000694
1412.0,2026-07-02T15:41:14.687,1,102.499,214.827,16.877,-0.5,0.0,GOING_TO_ENDPOINT,dump_zone_23,load_zone_1,0.00025,0.00067
1412.0,2026-07-02T15:41:14.687,2,99.937,239.279,17.098,1.0,0.0,GOING_TO_ENDPOINT,dump_zone_22,load_zone_1,0.000316,0.000847
1412.0,2026-07-02T15:41:14.687,3,597.5,-5.459,22.875,0.3391,1000.0,RETURNING_TO_START,load_zone_26,dump_zone_3,0.000316,0.000847
1413.0,2026-07-02T15:41:19.060,1,102.5,210.409,15.077,-0.5,0.0,GOING_TO_ENDPOINT,dump_zone_23,load_zone_1,0.00025,0.00067
1413.0,2026-07-02T15:41:19.060,2,102.17,234.544,20.443,0.68,0.0,GOING_TO_ENDPOINT,dump_zone_22,load_zone_1,0.000308,0.000825
1413.0,2026-07-02T15:41:19.060,3,597.5,0.909,22.862,0.0111,1000.0,RETURNING_TO_START,load_zone_26,dump_zone_3,0.000276,0.00074
1414.0,2026-07-02T15:41:24.266,1,102.5,206.492,13.277,-0.5,0.0,GOING_TO_ENDPOINT,dump_zone_23,load_zone_1,0.00025,0.00067
1414.0,2026-07-02T15:41:24.266,2,102.536,228.732,20.94,-0.32,0.0,GOING_TO_ENDPOINT,dump_zone_22,load_zone_1,0.00025,0.00067
1414.0,2026-07-02T15:41:24.266,3,597.5,7.231,23.06,0.4523,1000.0,RETURNING_TO_START,load_zone_26,dump_zone_3,0.000331,0.000887
1415.0,2026-07-02T15:41:28.034,1,102.5,203.075,11.477,-0.5,0.0,GOING_TO_ENDPOINT,dump_zone_23,load_zone_1,0.00025,0.00067
1415.0,2026-07-02T15:41:28.034,2,102.503,223.177,19.173,-0.5,0.0,GOING_TO_ENDPOINT,dump_zone_22,load_zone_1,0.00025,0.00067
1415.0,2026-07-02T15:41:28.034,3,597.5,13.975,25.055,0.2132,1000.0,RETURNING_TO_START,load_zone_26,dump_zone_3,0.000305,0.000817
1416.0,2026-07-02T15:41:32.323,1,102.298,200.165,9.775,-0.3358,0.0,GOING_TO_ENDPOINT,dump_zone_23,load_zone_1,0.00025,0.00067
1416.0,2026-07-02T15:41:32.323,2,102.499,218.122,17.373,-0.5,0.0,GOING_TO_ENDPOINT,dump_zone_22,load_zone_1,0.00025,0.00067
1416.0,2026-07-02T15:41:32.323,3,597.5,20.853,24.181,-0.3682,1000.0,RETURNING_TO_START,load_zone_26,dump_zone_3,0.00025,0.00067
1417.0,2026-07-02T15:41:37.311,1,101.484,197.781,8.376,-0.4167,0.0,GOING_TO_ENDPOINT,dump_zone_23,load_zone_1,0.00025,0.00067
1417.0,2026-07-02T15:41:37.311,2,102.5,213.567,15.573,-0.5,0.0,GOING_TO_ENDPOINT,dump_zone_22,load_zone_1,0.00025,0.00067
1417.0,2026-07-02T15:41:37.311,3,597.5,27.334,22.685,-0.25,1000.0,RETURNING_TO_START,load_zone_26,dump_zone_3,0.00025,0.00067
1418.0,2026-07-02T15:41:40.855,1,100.418,195.73,8.826,0.5833,0.0,GOING_TO_ENDPOINT,dump_zone_23,load_zone_1,0.000272,0.000729
1418.0,2026-07-02T15:41:40.855,2,102.5,209.512,13.773,-0.5,0.0,GOING_TO_ENDPOINT,dump_zone_22,load_zone_1,0.00025,0.00067
1418.0,2026-07-02T15:41:40.855,3,597.5,33.699,23.435,0.25,1000.0,RETURNING_TO_START,load_zone_26,dump_zone_3,0.000306,0.00082
1419.0,2026-07-02T15:41:45.163,1,98.957,193.191,12.176,1.0,0.0,GOING_TO_ENDPOINT,dump_zone_23,load_zone_1,0.000297,0.000796
1419.0,2026-07-02T15:41:45.163,2,102.5,205.957,11.973,-0.5,0.0,GOING_TO_ENDPOINT,dump_zone_22,load_zone_1,0.00025,0.00067
1419.0,2026-07-02T15:41:45.163,3,597.5,40.209,23.374,-0.0241,1000.0,RETURNING_TO_START,load_zone_26,dump_zone_3,0.000272,0.000729
1420.0,2026-07-02T15:41:51.538,1,96.878,189.863,15.776,1.0,0.0,GOING_TO_ENDPOINT,dump_zone_23,load_zone_1,0.000311,0.000833
1420.0,2026-07-02T15:41:51.538,2,102.496,202.902,10.173,-0.5,0.0,GOING_TO_ENDPOINT,dump_zone_22,load_zone_1,0.00025,0.00067
1420.0,2026-07-02T15:41:51.538,3,597.5,46.719,23.242,-0.0989,1000.0,RETURNING_TO_START,load_zone_26,dump_zone_3,0.000262,0.000702
1421.0,2026-07-02T15:41:58.243,1,94.375,185.777,17.984,0.1691,0.0,GOING_TO_ENDPOINT,dump_zone_23,load_zone_1,0.000271,0.000726
1421.0,2026-07-02T15:41:58.243,2,102.314,200.336,8.573,-0.4167,0.0,GOING_TO_ENDPOINT,dump_zone_22,load_zone_1,0.00025,0.00067
1421.0,2026-07-02T15:41:58.243,3,597.5,53.17,23.036,-0.2656,1000.0,RETURNING_TO_START,load_zone_26,dump_zone_3,0.00025,0.00067
1422.0,2026-07-02T15:42:04.312,1,91.856,181.589,16.89,-0.5,0.0,GOING_TO_ENDPOINT,dump_zone_23,load_zone_1,0.00025,0.00067
1422.0,2026-07-02T15:42:04.312,2,101.708,198.241,7.213,-0.4167,0.0,GOING_TO_ENDPOINT,dump_zone_22,load_zone_1,0.00025,0.00067
1422.0,2026-07-02T15:42:04.312,3,597.5,59.554,23.31,0.2705,1000.0,RETURNING_TO_START,load_zone_26,dump_zone_3,0.000309,0.000828
1423.0,2026-07-02T15:42:09.307,1,89.58,177.799,15.09,-0.5,0.0,GOING_TO_ENDPOINT,dump_zone_23,load_zone_1,0.00025,0.00067
1423.0,2026-07-02T15:42:09.307,2,100.835,196.455,7.663,0.5833,0.0,GOING_TO_ENDPOINT,dump_zone_22,load_zone_1,0.000269,0.000721
1423.0,2026-07-02T15:42:09.307,3,597.5,66.066,23.2,-0.1748,1000.0,RETURNING_TO_START,load_zone_26,dump_zone_3,0.000253,0.000678
1424.0,2026-07-02T15:42:12.967,1,87.561,174.437,13.29,-0.5,0.0,GOING_TO_ENDPOINT,dump_zone_23,load_zone_1,0.00025,0.00067
1424.0,2026-07-02T15:42:12.967,2,99.56,194.181,11.013,1.0,0.0,GOING_TO_ENDPOINT,dump_zone_22,load_zone_1,0.000293,0.000785
1424.0,2026-07-02T15:42:12.967,3,597.5,72.464,23.119,-0.0165,1000.0,RETURNING_TO_START,load_zone_26,dump_zone_3,0.000272,0.000729
1425.0,2026-07-02T15:42:18.572,1,85.786,171.514,11.49,-0.5,0.0,GOING_TO_ENDPOINT,dump_zone_23,load_zone_1,0.00025,0.00067
1425.0,2026-07-02T15:42:18.572,2,97.669,191.118,14.613,1.0,0.0,GOING_TO_ENDPOINT,dump_zone_22,load_zone_1,0.000307,0.000823
1425.0,2026-07-02T15:42:18.572,3,597.5,78.809,22.882,0.1492,1000.0,RETURNING_TO_START,load_zone_26,dump_zone_3,0.000293,0.000785
1426.0,2026-07-02T15:42:24.651,1,83.856,169.339,9.69,-0.5,0.0,GOING_TO_ENDPOINT,dump_zone_23,load_zone_1,0.00025,0.00067
1426.0,2026-07-02T15:42:24.651,2,95.267,187.251,17.513,0.4167,0.0,GOING_TO_ENDPOINT,dump_zone_22,load_zone_1,0.000285,0.000764
1426.0,2026-07-02T15:42:24.651,3,597.5,85.216,23.475,0.3241,1000.0,RETURNING_TO_START,load_zone_26,dump_zone_3,0.000316,0.000847
1427.0,2026-07-02T15:42:30.181,1,81.968,167.825,7.89,-0.5,0.0,GOING_TO_ENDPOINT,dump_zone_23,load_zone_1,0.00025,0.00067
1427.0,2026-07-02T15:42:30.181,2,92.744,183.073,17.088,-0.5,0.0,GOING_TO_ENDPOINT,dump_zone_22,load_zone_1,0.00025,0.00067
1427.0,2026-07-02T15:42:30.181,3,597.5,91.862,24.063,-0.0727,1000.0,RETURNING_TO_START,load_zone_26,dump_zone_3,0.000266,0.000713
1428.0,2026-07-02T15:42:34.690,1,80.985,166.196,6.09,-0.5,0.0,GOING_TO_ENDPOINT,dump_zone_23,load_zone_1,0.00025,0.00067
1428.0,2026-07-02T15:42:34.690,2,90.442,179.235,15.288,-0.5,0.0,GOING_TO_ENDPOINT,dump_zone_22,load_zone_1,0.00025,0.00067
1428.0,2026-07-02T15:42:34.690,3,597.5,98.389,22.934,-0.2202,1000.0,RETURNING_TO_START,load_zone_26,dump_zone_3,0.00025,0.00067
1429.0,2026-07-02T15:42:39.431,1,80.808,164.699,5.415,0.25,0.0,GOING_TO_ENDPOINT,dump_zone_23,load_zone_1,0.000258,0.000691
1429.0,2026-07-02T15:42:39.431,2,88.395,175.826,13.488,-0.5,0.0,GOING_TO_ENDPOINT,dump_zone_22,load_zone_1,0.00025,0.00067
1429.0,2026-07-02T15:42:39.431,3,597.5,104.84,23.842,0.4465,1000.0,RETURNING_TO_START,load_zone_26,dump_zone_3,0.000333,0.000892
1430.0,2026-07-02T15:42:45.428,1,81.309,162.971,7.515,0.4167,0.0,GOING_TO_ENDPOINT,dump_zone_23,load_zone_1,0.000265,0.00071
1430.0,2026-07-02T15:42:45.428,2,86.606,172.846,11.688,-0.5,0.0,GOING_TO_ENDPOINT,dump_zone_22,load_zone_1,0.00025,0.00067
1430.0,2026-07-02T15:42:45.428,3,597.5,111.585,24.099,-0.3869,1000.0,RETURNING_TO_START,load_zone_26,dump_zone_3,0.00025,0.00067
1431.0,2026-07-02T15:42:51.654,1,82.06,161.009,7.09,-0.5,0.0,GOING_TO_ENDPOINT,dump_zone_23,load_zone_1,0.00025,0.00067
1431.0,2026-07-02T15:42:51.654,2,84.926,170.399,9.888,-0.5,0.0,GOING_TO_ENDPOINT,dump_zone_22,load_zone_1,0.00025,0.00067
1431.0,2026-07-02T15:42:51.654,3,597.5,118.049,22.783,-0.0833,1000.0,RETURNING_TO_START,load_zone_26,dump_zone_3,0.000264,0.000708
1432.0,2026-07-02T15:42:57.458,1,82.39,159.344,5.29,-0.5,0.0,GOING_TO_ENDPOINT,dump_zone_23,load_zone_1,0.00025,0.00067
1432.0,2026-07-02T15:42:57.458,2,83.08,168.738,8.142,-0.5,0.0,GOING_TO_ENDPOINT,dump_zone_22,load_zone_1,0.00025,0.00067
1432.0,2026-07-02T15:42:57.458,3,597.5,124.426,23.002,-0.0301,1000.0,RETURNING_TO_START,load_zone_26,dump_zone_3,0.000271,0.000726
1433.0,2026-07-02T15:43:03.413,1,82.879,158.254,3.49,-0.5,0.0,GOING_TO_ENDPOINT,dump_zone_23,load_zone_1,0.00025,0.00067
1433.0,2026-07-02T15:43:03.413,2,81.771,167.256,6.429,-0.4392,0.0,GOING_TO_ENDPOINT,dump_zone_22,load_zone_1,0.00025,0.00067
1433.0,2026-07-02T15:43:03.413,3,597.5,130.86,23.406,0.1616,1000.0,RETURNING_TO_START,load_zone_26,dump_zone_3,0.000295,0.000791
1434.0,2026-07-02T15:43:10.594,1,83.302,157.699,1.69,-0.5,0.0,LOADING,dump_zone_23,load_zone_1,0.00025,0.00067
1434.0,2026-07-02T15:43:10.594,2,81.331,165.805,4.784,-0.3805,0.0,GOING_TO_ENDPOINT,dump_zone_22,load_zone_1,0.00025,0.00067
1434.0,2026-07-02T15:43:10.594,3,597.5,137.381,23.587,0.0386,1000.0,RETURNING_TO_START,load_zone_26,dump_zone_3,0.00028,0.00075
1435.0,2026-07-02T15:43:18.635,1,83.435,157.549,0.0,-0.5,0.0,LOADING,dump_zone_23,load_zone_1,0.00025,0.00067
1435.0,2026-07-02T15:43:18.635,2,81.335,164.688,3.528,-0.1781,0.0,LOADING,dump_zone_22,load_zone_1,0.00025,0.00067
1435.0,2026-07-02T15:43:18.635,3,597.5,143.946,23.498,-0.1557,1000.0,RETURNING_TO_START,load_zone_26,dump_zone_3,0.000255,0.000683
1436.0,2026-07-02T15:43:26.325,1,83.435,157.549,0.0,-0.5,0.0,LOADING,dump_zone_23,load_zone_1,0.00025,0.00067
1436.0,2026-07-02T15:43:26.325,2,81.459,163.929,1.965,-0.5,0.0,LOADING,dump_zone_22,load_zone_1,0.00025,0.00067
1436.0,2026-07-02T15:43:26.325,3,597.5,150.472,23.403,0.026,1000.0,RETURNING_TO_START,load_zone_26,dump_zone_3,0.000278,0.000745
1437.0,2026-07-02T15:43:31.309,1,84.939,156.527,7.2,0.0,1000.0,TURNING_AROUND,load_zone_1,dump_zone_1,0.000258,0.000691
1437.0,2026-07-02T15:43:31.309,2,81.523,163.661,0.19,-0.4167,0.0,LOADING,dump_zone_22,load_zone_1,0.00025,0.00067
1437.0,2026-07-02T15:43:31.309,3,597.5,156.876,22.365,-0.5,1000.0,RETURNING_TO_START,load_zone_26,dump_zone_3,0.00025,0.00067
1438.0,2026-07-02T15:43:35.201,1,85.74,156.251,5.4,0.0,1000.0,TURNING_AROUND,load_zone_1,dump_zone_1,0.000256,0.000686
1438.0,2026-07-02T15:43:35.201,2,81.535,163.616,0.55,0.25,0.0,LOADING,dump_zone_22,load_zone_1,0.000251,0.000673
1438.0,2026-07-02T15:43:35.201,3,597.5,162.818,20.565,-0.5,1000.0,RETURNING_TO_START,load_zone_26,dump_zone_3,0.00025,0.00067
1439.0,2026-07-02T15:43:36.905,1,85.371,156.316,7.2,0.0,1000.0,TURNING_AROUND,load_zone_1,dump_zone_1,0.000258,0.000691
1439.0,2026-07-02T15:43:36.905,2,82.534,161.907,7.2,0.0,1000.0,TURNING_AROUND,load_zone_1,dump_zone_2,0.000258,0.000691
1439.0,2026-07-02T15:43:36.905,3,597.5,168.259,18.765,-0.5,1000.0,RETURNING_TO_START,load_zone_26,dump_zone_3,0.00025,0.00067
1440.0,2026-07-02T15:43:38.570,1,86.809,157.677,7.2,0.0,1000.0,TURNING_AROUND,load_zone_1,dump_zone_1,0.000258,0.000691
1440.0,2026-07-02T15:43:38.570,2,82.894,161.466,5.4,0.0,1000.0,TURNING_AROUND,load_zone_1,dump_zone_2,0.000256,0.000686
1440.0,2026-07-02T15:43:38.570,3,597.5,173.201,16.965,-0.5,1000.0,RETURNING_TO_START,load_zone_26,dump_zone_3,0.00025,0.00067
1441.0,2026-07-02T15:43:40.703,1,86.763,157.29,0.0,-0.4167,1000.0,RETURNING_TO_START,load_zone_1,dump_zone_1,0.00025,0.00067
1441.0,2026-07-02T15:43:40.703,2,82.877,161.656,7.2,0.0,1000.0,TURNING_AROUND,load_zone_1,dump_zone_2,0.000258,0.000691
1441.0,2026-07-02T15:43:40.703,3,597.5,177.643,15.165,-0.5,1000.0,RETURNING_TO_START,load_zone_26,dump_zone_3,0.00025,0.00067
1442.0,2026-07-02T15:43:45.142,1,86.762,157.334,0.55,0.25,1000.0,RETURNING_TO_START,load_zone_1,dump_zone_1,0.000251,0.000673
1442.0,2026-07-02T15:43:45.142,2,84.748,162.304,7.2,0.0,1000.0,TURNING_AROUND,load_zone_1,dump_zone_2,0.000258,0.000691
1442.0,2026-07-02T15:43:45.142,3,597.5,181.585,13.365,-0.5,1000.0,RETURNING_TO_START,load_zone_26,dump_zone_3,0.00025,0.00067
1443.0,2026-07-02T15:43:49.100,1,86.76,157.435,0.0,-0.0833,1000.0,RETURNING_TO_START,load_zone_1,dump_zone_1,0.00025,0.00067
1443.0,2026-07-02T15:43:49.100,2,84.167,161.591,5.4,0.0,1000.0,TURNING_AROUND,load_zone_1,dump_zone_2,0.000256,0.000686
1443.0,2026-07-02T15:43:49.100,3,597.5,185.026,11.565,-0.5,1000.0,RETURNING_TO_START,load_zone_26,dump_zone_3,0.00025,0.00067
1444.0,2026-07-02T15:43:55.047,1,86.755,157.535,0.6,-0.0833,1000.0,RETURNING_TO_START,load_zone_1,dump_zone_1,0.00025,0.00067
1444.0,2026-07-02T15:43:55.047,2,84.467,162.466,0.225,0.4167,1000.0,RETURNING_TO_START,load_zone_1,dump_zone_2,0.000251,0.000673
1444.0,2026-07-02T15:43:55.047,3,597.212,187.943,9.765,-0.5,1000.0,RETURNING_TO_START,load_zone_26,dump_zone_3,0.00025,0.00067
1445.0,2026-07-02T15:44:03.146,1,86.752,157.584,0.1,0.0833,1000.0,RETURNING_TO_START,load_zone_1,dump_zone_1,0.00025,0.00067
1445.0,2026-07-02T15:44:03.146,2,84.437,162.943,3.3,1.0,1000.0,RETURNING_TO_START,load_zone_1,dump_zone_2,0.000271,0.000726
1445.0,2026-07-02T15:44:03.146,3,596.349,190.226,7.965,-0.5,1000.0,RETURNING_TO_START,load_zone_26,dump_zone_3,0.00025,0.00067
1446.0,2026-07-02T15:44:09.469,1,86.751,157.591,0.087,0.1804,1000.0,RETURNING_TO_START,load_zone_1,dump_zone_1,0.00025,0.00067
1446.0,2026-07-02T15:44:09.469,2,84.007,164.29,6.5,0.9167,1000.0,RETURNING_TO_START,load_zone_1,dump_zone_2,0.000289,0.000775
1446.0,2026-07-02T15:44:09.469,3,595.797,192.086,6.19,-0.4167,1000.0,RETURNING_TO_START,load_zone_26,dump_zone_3,0.00025,0.00067
1447.0,2026-07-02T15:44:15.366,1,86.712,157.919,2.6,1.0,1000.0,RETURNING_TO_START,load_zone_1,dump_zone_1,0.000267,0.000716
1447.0,2026-07-02T15:44:15.366,2,82.377,165.937,10.1,1.0,1000.0,RETURNING_TO_START,load_zone_1,dump_zone_2,0.000315,0.000844
1447.0,2026-07-02T15:44:15.366,3,595.592,193.598,5.193,0.0601,1000.0,RETURNING_TO_START,load_zone_26,dump_zone_3,0.000257,0.000689
1448.0,2026-07-02T15:44:20.244,1,86.306,159.11,6.2,1.0,1000.0,RETURNING_TO_START,load_zone_1,dump_zone_1,0.00029,0.000777
1448.0,2026-07-02T15:44:20.244,2,79.739,167.882,13.325,0.5833,1000.0,RETURNING_TO_START,load_zone_1,dump_zone_2,0.000306,0.00082
1448.0,2026-07-02T15:44:20.244,3,595.589,195.107,5.319,-0.2822,1000.0,RETURNING_TO_START,load_zone_26,dump_zone_3,0.00025,0.00067
1449.0,2026-07-02T15:44:25.104,1,84.738,160.699,9.8,1.0,1000.0,RETURNING_TO_START,load_zone_1,dump_zone_1,0.000313,0.000839
1449.0,2026-07-02T15:44:25.104,2,79.502,171.811,16.4,1.0,1000.0,RETURNING_TO_START,load_zone_1,dump_zone_2,0.000356,0.000954
1449.0,2026-07-02T15:44:25.104,3,595.882,196.446,5.054,0.2014,1000.0,RETURNING_TO_START,load_zone_26,dump_zone_3,0.000261,0.000699
1450.0,2026-07-02T15:44:31.298,1,81.726,161.951,13.4,1.0,1000.0,RETURNING_TO_START,load_zone_1,dump_zone_1,0.000336,0.0009
1450.0,2026-07-02T15:44:31.298,2,82.395,175.799,18.35,0.0833,1000.0,RETURNING_TO_START,load_zone_1,dump_zone_2,0.000278,0.000745
1450.0,2026-07-02T15:44:31.298,3,596.486,197.877,6.062,0.2478,1000.0,RETURNING_TO_START,load_zone_26,dump_zone_3,0.000265,0.00071
1451.0,2026-07-02T15:44:37.137,1,78.327,164.244,15.875,0.25,1000.0,RETURNING_TO_START,load_zone_1,dump_zone_1,0.000288,0.000772
1451.0,2026-07-02T15:44:37.137,2,85.071,179.975,17.175,-0.5,1000.0,RETURNING_TO_START,load_zone_1,dump_zone_2,0.00025,0.00067
1451.0,2026-07-02T15:44:37.137,3,597.36,199.54,7.654,0.7478,1000.0,RETURNING_TO_START,load_zone_26,dump_zone_3,0.000289,0.000775
1452.0,2026-07-02T15:44:42.367,1,77.701,168.346,14.975,-0.5,1000.0,RETURNING_TO_START,load_zone_1,dump_zone_1,0.00025,0.00067
1452.0,2026-07-02T15:44:42.367,2,87.382,183.843,15.525,-0.25,1000.0,RETURNING_TO_START,load_zone_1,dump_zone_2,0.00025,0.00067
1452.0,2026-07-02T15:44:42.367,3,599.437,201.093,11.027,0.75,1000.0,RETURNING_TO_START,load_zone_26,dump_zone_3,0.000306,0.00082
1453.0,2026-07-02T15:44:47.426,1,80.044,171.487,13.875,0.0833,1000.0,RETURNING_TO_START,load_zone_1,dump_zone_1,0.000271,0.000726
1453.0,2026-07-02T15:44:47.426,2,89.483,187.347,13.943,-0.4799,1000.0,RETURNING_TO_START,load_zone_1,dump_zone_2,0.00025,0.00067
1453.0,2026-07-02T15:44:47.426,3,602.634,201.007,11.777,-0.25,1000.0,RETURNING_TO_START,load_zone_26,dump_zone_3,0.00025,0.00067
1454.0,2026-07-02T15:44:52.657,1,82.177,174.998,16.1,1.0,1000.0,RETURNING_TO_START,load_zone_1,dump_zone_1,0.000354,0.000949
1454.0,2026-07-02T15:44:52.657,2,91.376,190.499,12.543,-0.5,1000.0,RETURNING_TO_START,load_zone_1,dump_zone_2,0.00025,0.00067
1454.0,2026-07-02T15:44:52.657,3,605.399,199.785,10.139,-0.4387,1000.0,RETURNING_TO_START,load_zone_26,dump_zone_3,0.00025,0.00067
1455.0,2026-07-02T15:44:58.141,1,84.635,179.258,18.575,0.25,1000.0,RETURNING_TO_START,load_zone_1,dump_zone_1,0.000295,0.000791
1455.0,2026-07-02T15:44:58.141,2,93.036,193.262,10.846,-0.5,1000.0,RETURNING_TO_START,load_zone_1,dump_zone_2,0.00025,0.00067
1455.0,2026-07-02T15:44:58.141,3,607.908,199.14,8.786,-0.1692,1000.0,RETURNING_TO_START,load_zone_26,dump_zone_3,0.000251,0.000673
1456.0,2026-07-02T15:45:03.578,1,87.245,183.628,17.675,-0.5,1000.0,RETURNING_TO_START,load_zone_1,dump_zone_1,0.00025,0.00067
1456.0,2026-07-02T15:45:03.578,2,94.481,195.668,9.686,-0.1878,1000.0,RETURNING_TO_START,load_zone_1,dump_zone_2,0.00025,0.00067
1456.0,2026-07-02T15:45:03.578,3,610.451,198.856,10.127,0.8308,1000.0,RETURNING_TO_START,load_zone_26,dump_zone_3,0.000306,0.00082
1457.0,2026-07-02T15:45:08.727,1,89.636,187.603,15.875,-0.5,1000.0,RETURNING_TO_START,load_zone_1,dump_zone_1,0.00025,0.00067
1457.0,2026-07-02T15:45:08.727,2,95.802,197.866,8.567,-0.5,1000.0,RETURNING_TO_START,load_zone_1,dump_zone_2,0.00025,0.00067
1457.0,2026-07-02T15:45:08.727,3,613.797,198.799,13.7,1.0,1000.0,RETURNING_TO_START,load_zone_26,dump_zone_3,0.000338,0.000906
1458.0,2026-07-02T15:45:14.992,1,91.767,191.151,14.075,-0.5,1000.0,RETURNING_TO_START,load_zone_1,dump_zone_1,0.00025,0.00067
1458.0,2026-07-02T15:45:14.992,2,96.946,199.681,7.167,-0.4167,1000.0,RETURNING_TO_START,load_zone_1,dump_zone_2,0.00025,0.00067
1458.0,2026-07-02T15:45:14.992,3,618.131,199.035,17.15,0.75,1000.0,RETURNING_TO_START,load_zone_26,dump_zone_3,0.000337,0.000903
1459.0,2026-07-02T15:45:21.318,1,93.657,194.267,12.425,-0.25,1000.0,RETURNING_TO_START,load_zone_1,dump_zone_1,0.00025,0.00067
1459.0,2026-07-02T15:45:21.318,2,98.11,201.071,6.492,0.25,1000.0,RETURNING_TO_START,load_zone_1,dump_zone_2,0.000266,0.000713
1459.0,2026-07-02T15:45:21.318,3,623.204,199.551,18.95,0.0833,1000.0,RETURNING_TO_START,load_zone_26,dump_zone_3,0.000279,0.000748
1460.0,2026-07-02T15:45:27.967,1,95.572,197.004,11.375,-0.5,1000.0,RETURNING_TO_START,load_zone_1,dump_zone_1,0.00025,0.00067
1460.0,2026-07-02T15:45:27.967,2,99.981,202.059,9.133,0.8786,1000.0,RETURNING_TO_START,load_zone_1,dump_zone_2,0.000303,0.000812
1460.0,2026-07-02T15:45:27.967,3,628.28,200.214,17.675,-0.5,1000.0,RETURNING_TO_START,load_zone_26,dump_zone_3,0.00025,0.00067
1461.0,2026-07-02T15:45:34.417,1,96.973,199.518,9.575,-0.5,1000.0,RETURNING_TO_START,load_zone_1,dump_zone_1,0.00025,0.00067
1461.0,2026-07-02T15:45:34.417,2,102.753,201.893,10.43,0.1011,1000.0,RETURNING_TO_START,load_zone_1,dump_zone_2,0.000267,0.000716
1461.0,2026-07-02T15:45:34.417,3,632.873,200.865,15.875,-0.5,1000.0,RETURNING_TO_START,load_zone_26,dump_zone_3,0.00025,0.00067
1462.0,2026-07-02T15:45:40.265,1,98.41,201.412,8.15,-0.0833,1000.0,RETURNING_TO_START,load_zone_1,dump_zone_1,0.000255,0.000683
1462.0,2026-07-02T15:45:40.265,2,105.658,200.73,12.291,0.4828,1000.0,RETURNING_TO_START,load_zone_1,dump_zone_2,0.000295,0.000791
1462.0,2026-07-02T15:45:40.265,3,636.973,201.427,14.075,-0.5,1000.0,RETURNING_TO_START,load_zone_26,dump_zone_3,0.00025,0.00067
1463.0,2026-07-02T15:45:46.006,1,100.479,202.209,7.575,-0.5,1000.0,RETURNING_TO_START,load_zone_1,dump_zone_1,0.00025,0.00067
1463.0,2026-07-02T15:45:46.006,2,109.238,201.301,14.241,0.8274,1000.0,RETURNING_TO_START,load_zone_1,dump_zone_2,0.000329,0.000882
1463.0,2026-07-02T15:45:46.006,3,640.585,201.869,12.275,-0.5,1000.0,RETURNING_TO_START,load_zone_26,dump_zone_3,0.00025,0.00067
1464.0,2026-07-02T15:45:51.272,1,102.342,202.469,6.475,0.0833,1000.0,RETURNING_TO_START,load_zone_1,dump_zone_1,0.00026,0.000697
1464.0,2026-07-02T15:45:51.272,2,113.597,202.279,17.713,1.0,1000.0,RETURNING_TO_START,load_zone_1,dump_zone_2,0.000364,0.000976
1464.0,2026-07-02T15:45:51.272,3,643.709,202.181,10.475,-0.5,1000.0,RETURNING_TO_START,load_zone_26,dump_zone_3,0.00025,0.00067
1465.0,2026-07-02T15:45:55.533,1,104.392,202.567,8.7,1.0,1000.0,RETURNING_TO_START,load_zone_1,dump_zone_1,0.000306,0.00082
1465.0,2026-07-02T15:45:55.533,2,118.884,202.516,19.663,0.0833,1000.0,RETURNING_TO_START,load_zone_1,dump_zone_2,0.00028,0.00075
1465.0,2026-07-02T15:45:55.533,3,646.341,202.369,8.675,-0.5,1000.0,RETURNING_TO_START,load_zone_26,dump_zone_3,0.00025,0.00067
1466.0,2026-07-02T15:45:59.385,1,107.351,202.573,12.3,1.0,1000.0,RETURNING_TO_START,load_zone_1,dump_zone_1,0.000329,0.000882
1466.0,2026-07-02T15:45:59.385,2,124.201,202.503,18.388,-0.5,1000.0,RETURNING_TO_START,load_zone_1,dump_zone_2,0.00025,0.00067
1466.0,2026-07-02T15:45:59.385,3,648.483,202.41,6.975,-0.4167,1000.0,RETURNING_TO_START,load_zone_26,dump_zone_3,0.00025,0.00067
1467.0,2026-07-02T15:46:03.522,1,111.309,202.532,15.9,1.0,1000.0,RETURNING_TO_START,load_zone_1,dump_zone_1,0.000352,0.000943
1467.0,2026-07-02T15:46:03.522,2,129.038,202.5,16.588,-0.5,1000.0,RETURNING_TO_START,load_zone_1,dump_zone_2,0.00025,0.00067
1467.0,2026-07-02T15:46:03.522,3,650.243,201.955,6.825,0.4167,1000.0,RETURNING_TO_START,load_zone_26,dump_zone_3,0.000273,0.000732
1468.0,2026-07-02T15:46:08.860,1,116.253,202.502,19.242,0.6782,1000.0,RETURNING_TO_START,load_zone_1,dump_zone_1,0.000341,0.000914
1468.0,2026-07-02T15:46:08.860,2,133.393,202.5,14.888,-0.5,1000.0,RETURNING_TO_START,load_zone_1,dump_zone_2,0.00025,0.00067
1468.0,2026-07-02T15:46:08.860,3,651.869,200.385,9.525,0.5833,1000.0,RETURNING_TO_START,load_zone_26,dump_zone_3,0.00029,0.000777
1469.0,2026-07-02T15:46:14.294,1,121.755,202.499,19.733,-0.3218,1000.0,RETURNING_TO_START,load_zone_1,dump_zone_1,0.00025,0.00067
1469.0,2026-07-02T15:46:14.294,2,137.277,202.5,13.213,-0.4167,1000.0,RETURNING_TO_START,load_zone_1,dump_zone_2,0.00025,0.00067
1469.0,2026-07-02T15:46:14.294,3,652.553,197.739,9.975,0.0833,1000.0,RETURNING_TO_START,load_zone_26,dump_zone_3,0.000265,0.00071
1470.0,2026-07-02T15:46:20.380,1,126.975,202.5,17.965,-0.5,1000.0,RETURNING_TO_START,load_zone_1,dump_zone_1,0.00025,0.00067
1470.0,2026-07-02T15:46:20.380,2,140.741,202.5,11.802,-0.4167,1000.0,RETURNING_TO_START,load_zone_1,dump_zone_2,0.00025,0.00067
1470.0,2026-07-02T15:46:20.380,3,652.575,194.717,12.102,0.8079,1000.0,RETURNING_TO_START,load_zone_26,dump_zone_3,0.000315,0.000844
1471.0,2026-07-02T15:46:25.425,1,131.694,202.5,16.165,-0.5,1000.0,RETURNING_TO_START,load_zone_1,dump_zone_1,0.00025,0.00067
1471.0,2026-07-02T15:46:25.425,2,143.772,202.5,10.102,-0.5,1000.0,RETURNING_TO_START,load_zone_1,dump_zone_2,0.00025,0.00067
1471.0,2026-07-02T15:46:25.425,3,652.515,191.129,13.061,-0.1921,1000.0,RETURNING_TO_START,load_zone_26,dump_zone_3,0.00025,0.00067
1472.0,2026-07-02T15:46:31.876,1,135.914,202.5,14.365,-0.5,1000.0,RETURNING_TO_START,load_zone_1,dump_zone_1,0.00025,0.00067
1472.0,2026-07-02T15:46:31.876,2,146.321,202.5,8.402,-0.5,1000.0,RETURNING_TO_START,load_zone_1,dump_zone_2,0.00025,0.00067
1472.0,2026-07-02T15:46:31.876,3,652.499,187.738,11.388,-0.5,1000.0,RETURNING_TO_START,load_zone_26,dump_zone_3,0.00025,0.00067
1473.0,2026-07-02T15:46:38.807,1,139.666,202.5,12.995,-0.1982,1000.0,RETURNING_TO_START,load_zone_1,dump_zone_1,0.00025,0.00067
1473.0,2026-07-02T15:46:38.807,2,148.383,202.528,6.606,-0.488,1000.0,RETURNING_TO_START,load_zone_1,dump_zone_2,0.00025,0.00067
1473.0,2026-07-02T15:46:38.807,3,652.498,184.846,9.588,-0.5,1000.0,RETURNING_TO_START,load_zone_26,dump_zone_3,0.00025,0.00067
1474.0,2026-07-02T15:46:45.622,1,143.239,203.191,13.632,0.2185,1000.0,RETURNING_TO_START,load_zone_1,dump_zone_1,0.00028,0.00075
1474.0,2026-07-02T15:46:45.622,2,149.89,202.959,4.877,-0.4167,1000.0,RETURNING_TO_START,load_zone_1,dump_zone_2,0.00025,0.00067
1474.0,2026-07-02T15:46:45.622,3,652.499,182.453,7.788,-0.5,1000.0,RETURNING_TO_START,load_zone_26,dump_zone_3,0.00025,0.00067
1475.0,2026-07-02T15:46:53.103,1,146.936,203.144,12.657,-0.5,1000.0,RETURNING_TO_START,load_zone_1,dump_zone_1,0.00025,0.00067
1475.0,2026-07-02T15:46:53.103,2,150.962,203.752,5.327,0.5833,1000.0,RETURNING_TO_START,load_zone_1,dump_zone_2,0.000272,0.000729
1475.0,2026-07-02T15:46:53.103,3,652.459,180.562,5.988,-0.5,1000.0,RETURNING_TO_START,load_zone_26,dump_zone_3,0.00025,0.00067
1476.0,2026-07-02T15:46:59.799,1,150.173,202.928,10.857,-0.5,1000.0,RETURNING_TO_START,load_zone_1,dump_zone_1,0.00025,0.00067
1476.0,2026-07-02T15:46:59.799,2,151.916,205.438,8.677,1.0,1000.0,RETURNING_TO_START,load_zone_1,dump_zone_2,0.000306,0.00082
1476.0,2026-07-02T15:46:59.799,3,652.625,179.186,4.188,-0.5,1000.0,RETURNING_TO_START,load_zone_26,dump_zone_3,0.00025,0.00067
1477.0,2026-07-02T15:47:05.656,1,152.863,203.373,9.432,-0.0833,1000.0,RETURNING_TO_START,load_zone_1,dump_zone_1,0.000256,0.000686
1477.0,2026-07-02T15:47:05.656,2,151.611,208.308,12.252,0.9167,1000.0,RETURNING_TO_START,load_zone_1,dump_zone_2,0.000323,0.000866
1477.0,2026-07-02T15:47:05.656,3,652.972,178.366,2.388,-0.5,1000.0,UNLOADING,load_zone_26,dump_zone_3,0.00025,0.00067
1478.0,2026-07-02T15:47:10.310,1,154.693,205.397,11.082,0.9167,1000.0,RETURNING_TO_START,load_zone_1,dump_zone_1,0.000316,0.000847
1478.0,2026-07-02T15:47:10.310,2,148.965,210.835,13.902,0.4167,1000.0,RETURNING_TO_START,load_zone_1,dump_zone_2,0.000296,0.000793
1478.0,2026-07-02T15:47:10.310,3,653.18,178.033,0.588,-0.5,1000.0,UNLOADING,load_zone_26,dump_zone_3,0.00025,0.00067
1479.0,2026-07-02T15:47:13.863,1,154.433,208.883,14.682,1.0,1000.0,RETURNING_TO_START,load_zone_1,dump_zone_1,0.000345,0.000925
1479.0,2026-07-02T15:47:13.863,2,147.613,214.714,16.297,1.0,1000.0,RETURNING_TO_START,load_zone_1,dump_zone_2,0.000355,0.000951
1479.0,2026-07-02T15:47:13.863,3,653.191,178.016,0.0,-0.5,1000.0,UNLOADING,load_zone_26,dump_zone_3,0.00025,0.00067
1480.0,2026-07-02T15:47:16.072,1,151.188,212.094,17.907,0.5833,1000.0,RETURNING_TO_START,load_zone_1,dump_zone_1,0.000325,0.000871
1480.0,2026-07-02T15:47:16.072,2,147.481,219.759,19.522,0.5833,1000.0,RETURNING_TO_START,load_zone_1,dump_zone_2,0.000332,0.00089
1480.0,2026-07-02T15:47:16.072,3,654.003,177.184,7.2,0.0,0.0,TURNING_AROUND,dump_zone_3,load_zone_26,0.000255,0.000683
1481.0,2026-07-02T15:47:17.711,1,149.133,216.712,18.057,-0.4167,1000.0,RETURNING_TO_START,load_zone_1,dump_zone_1,0.00025,0.00067
1481.0,2026-07-02T15:47:17.711,2,147.498,225.287,19.672,-0.4167,1000.0,RETURNING_TO_START,load_zone_1,dump_zone_2,0.00025,0.00067
1481.0,2026-07-02T15:47:17.711,3,655.824,176.409,7.2,0.0,0.0,TURNING_AROUND,dump_zone_3,load_zone_26,0.000255,0.000683
1482.0,2026-07-02T15:47:19.466,1,147.641,221.235,16.632,-0.0833,1000.0,RETURNING_TO_START,load_zone_1,dump_zone_1,0.00026,0.000697
1482.0,2026-07-02T15:47:19.466,2,147.5,230.48,17.872,-0.5,1000.0,RETURNING_TO_START,load_zone_1,dump_zone_2,0.00025,0.00067
1482.0,2026-07-02T15:47:19.466,3,654.334,176.364,5.4,0.0,0.0,TURNING_AROUND,dump_zone_3,load_zone_26,0.000253,0.000678
1483.0,2026-07-02T15:47:21.247,1,147.461,226.001,18.282,0.9167,1000.0,RETURNING_TO_START,load_zone_1,dump_zone_1,0.00036,0.000965
1483.0,2026-07-02T15:47:21.247,2,147.5,235.174,16.072,-0.5,1000.0,RETURNING_TO_START,load_zone_1,dump_zone_2,0.00025,0.00067
1483.0,2026-07-02T15:47:21.247,3,656.095,177.266,7.2,0.0,0.0,TURNING_AROUND,dump_zone_3,load_zone_26,0.000255,0.000683
1484.0,2026-07-02T15:47:23.330,1,147.787,231.418,20.062,0.0362,1000.0,RETURNING_TO_START,load_zone_1,dump_zone_1,0.000275,0.000737
1484.0,2026-07-02T15:47:23.330,2,147.5,239.367,14.272,-0.5,1000.0,RETURNING_TO_START,load_zone_1,dump_zone_2,0.00025,0.00067
1484.0,2026-07-02T15:47:23.330,3,656.556,177.601,5.4,0.0,0.0,TURNING_AROUND,dump_zone_3,load_zone_26,0.000253,0.000678
1485.0,2026-07-02T15:47:25.987,1,149.286,236.588,18.702,-0.5,1000.0,RETURNING_TO_START,load_zone_1,dump_zone_1,0.00025,0.00067
1485.0,2026-07-02T15:47:25.987,2,147.548,243.059,12.472,-0.5,1000.0,RETURNING_TO_START,load_zone_1,dump_zone_2,0.00025,0.00067
1485.0,2026-07-02T15:47:25.987,3,656.327,176.888,0.0,-0.0833,0.0,GOING_TO_ENDPOINT,dump_zone_3,load_zone_26,0.00025,0.00067
1486.0,2026-07-02T15:47:28.828,1,150.673,241.312,16.902,-0.5,1000.0,RETURNING_TO_START,load_zone_1,dump_zone_1,0.00025,0.00067
1486.0,2026-07-02T15:47:28.828,2,148.476,246.108,10.672,-0.5,1000.0,RETURNING_TO_START,load_zone_1,dump_zone_2,0.00025,0.00067
1486.0,2026-07-02T15:47:28.828,3,656.323,177.054,1.65,0.9167,0.0,GOING_TO_ENDPOINT,dump_zone_3,load_zone_26,0.000256,0.000686
1487.0,2026-07-02T15:47:31.621,1,152.447,245.319,15.102,-0.5,1000.0,RETURNING_TO_START,load_zone_1,dump_zone_1,0.00025,0.00067
1487.0,2026-07-02T15:47:31.621,2,149.907,248.372,8.872,-0.5,1000.0,RETURNING_TO_START,load_zone_1,dump_zone_2,0.00025,0.00067
1487.0,2026-07-02T15:47:31.621,3,656.148,178.035,5.25,1.0,0.0,GOING_TO_ENDPOINT,dump_zone_3,load_zone_26,0.00027,0.000724
1488.0,2026-07-02T15:47:34.037,1,155.047,248.192,13.302,-0.5,1000.0,RETURNING_TO_START,load_zone_1,dump_zone_1,0.00025,0.00067
1488.0,2026-07-02T15:47:34.037,2,150.957,250.278,7.222,-0.25,1000.0,RETURNING_TO_START,load_zone_1,dump_zone_2,0.00025,0.00067
1488.0,2026-07-02T15:47:34.037,3,655.097,179.712,8.85,1.0,0.0,GOING_TO_ENDPOINT,dump_zone_3,load_zone_26,0.000284,0.000761
1489.0,2026-07-02T15:47:37.094,1,154.832,251.551,12.152,-0.0833,1000.0,RETURNING_TO_START,load_zone_1,dump_zone_1,0.000257,0.000689
1489.0,2026-07-02T15:47:37.094,2,151.482,252.287,8.272,0.75,1000.0,RETURNING_TO_START,load_zone_1,dump_zone_2,0.000292,0.000783
1489.0,2026-07-02T15:47:37.094,3,652.632,181.407,12.45,1.0,0.0,GOING_TO_ENDPOINT,dump_zone_3,load_zone_26,0.000298,0.000799
1490.0,2026-07-02T15:47:40.540,1,152.46,253.559,10.602,-0.5,1000.0,RETURNING_TO_START,load_zone_1,dump_zone_1,0.00025,0.00067
1490.0,2026-07-02T15:47:40.540,2,152.913,254.603,10.972,0.75,1000.0,RETURNING_TO_START,load_zone_1,dump_zone_2,0.000306,0.00082
1490.0,2026-07-02T15:47:40.540,3,649.433,183.783,16.025,0.9167,0.0,GOING_TO_ENDPOINT,dump_zone_3,load_zone_26,0.000308,0.000825
1491.0,2026-07-02T15:47:43.570,1,150.497,255.324,8.802,-0.5,1000.0,RETURNING_TO_START,load_zone_1,dump_zone_1,0.00025,0.00067
1491.0,2026-07-02T15:47:43.570,2,152.619,257.932,13.192,0.197,1000.0,RETURNING_TO_START,load_zone_1,dump_zone_2,0.000278,0.000745
1491.0,2026-07-02T15:47:43.570,3,647.506,188.019,17.375,-0.0833,0.0,GOING_TO_ENDPOINT,dump_zone_3,load_zone_26,0.000256,0.000686
1492.0,2026-07-02T15:47:46.566,1,149.13,257.007,7.002,-0.5,1000.0,RETURNING_TO_START,load_zone_1,dump_zone_1,0.00025,0.00067
1492.0,2026-07-02T15:47:46.566,2,149.843,260.039,12.165,-0.5,1000.0,RETURNING_TO_START,load_zone_1,dump_zone_2,0.00025,0.00067
1492.0,2026-07-02T15:47:46.566,3,647.466,192.635,15.825,-0.5,0.0,GOING_TO_ENDPOINT,dump_zone_3,load_zone_26,0.00025,0.00067
1493.0,2026-07-02T15:47:49.563,1,148.582,258.582,5.202,-0.5,1000.0,RETURNING_TO_START,load_zone_1,dump_zone_1,0.00025,0.00067
1493.0,2026-07-02T15:47:49.563,2,146.791,259.871,10.365,-0.5,1000.0,RETURNING_TO_START,load_zone_1,dump_zone_2,0.00025,0.00067
1493.0,2026-07-02T15:47:49.563,3,647.498,196.76,14.025,-0.5,0.0,GOING_TO_ENDPOINT,dump_zone_3,load_zone_26,0.00025,0.00067
1494.0,2026-07-02T15:47:52.727,1,148.155,259.672,3.402,-0.5,1000.0,RETURNING_TO_START,load_zone_1,dump_zone_1,0.00025,0.00067
1494.0,2026-07-02T15:47:52.727,2,144.172,259.728,9.265,0.0833,1000.0,RETURNING_TO_START,load_zone_1,dump_zone_2,0.000264,0.000708
1494.0,2026-07-02T15:47:52.727,3,646.968,200.298,12.375,-0.25,0.0,GOING_TO_ENDPOINT,dump_zone_3,load_zone_26,0.00025,0.00067
1495.0,2026-07-02T15:47:54.958,1,147.824,260.365,2.727,0.25,1000.0,RETURNING_TO_START,load_zone_1,dump_zone_1,0.000257,0.000689
1495.0,2026-07-02T15:47:54.958,2,141.953,261.23,10.115,-0.0833,1000.0,RETURNING_TO_START,load_zone_1,dump_zone_2,0.000256,0.000686
1495.0,2026-07-02T15:47:54.958,3,644.182,202.248,13.425,0.75,0.0,GOING_TO_ENDPOINT,dump_zone_3,load_zone_26,0.000291,0.00078
1496.0,2026-07-02T15:47:56.284,1,147.594,261.435,5.427,1.0,1000.0,RETURNING_TO_START,load_zone_1,dump_zone_1,0.000285,0.000764
1496.0,2026-07-02T15:47:56.284,2,141.173,263.666,8.565,-0.5,1000.0,RETURNING_TO_START,load_zone_1,dump_zone_2,0.00025,0.00067
1496.0,2026-07-02T15:47:56.284,3,640.394,200.799,16.95,1.0,0.0,GOING_TO_ENDPOINT,dump_zone_3,load_zone_26,0.000316,0.000847
1497.0,2026-07-02T15:47:59.451,1,147.979,263.424,9.027,1.0,1000.0,RETURNING_TO_START,load_zone_1,dump_zone_1,0.000308,0.000825
1497.0,2026-07-02T15:47:59.451,2,141.828,265.812,8.415,0.4167,1000.0,RETURNING_TO_START,load_zone_1,dump_zone_2,0.000278,0.000745
1497.0,2026-07-02T15:47:59.451,3,636.805,197.056,20.175,0.5833,0.0,GOING_TO_ENDPOINT,dump_zone_3,load_zone_26,0.000301,0.000807
1498.0,2026-07-02T15:48:02.538,1,150.103,265.555,12.627,1.0,1000.0,RETURNING_TO_START,load_zone_1,dump_zone_1,0.000331,0.000887
1498.0,2026-07-02T15:48:02.538,2,143.991,267.425,11.49,1.0,1000.0,RETURNING_TO_START,load_zone_1,dump_zone_2,0.000324,0.000868
1498.0,2026-07-02T15:48:02.538,3,631.342,195.526,20.325,-0.4167,0.0,GOING_TO_ENDPOINT,dump_zone_3,load_zone_26,0.00025,0.00067
1499.0,2026-07-02T15:48:05.438,1,153.642,267.358,15.817,0.8824,1000.0,RETURNING_TO_START,load_zone_1,dump_zone_1,0.000342,0.000917
1499.0,2026-07-02T15:48:05.438,2,147.539,267.039,13.965,0.25,1000.0,RETURNING_TO_START,load_zone_1,dump_zone_2,0.000284,0.000761
1499.0,2026-07-02T15:48:05.438,3,626.01,194.851,18.525,-0.5,0.0,GOING_TO_ENDPOINT,dump_zone_3,load_zone_26,0.00025,0.00067
1500.0,2026-07-02T15:48:08.449,1,157.855,265.615,17.343,-0.0343,1000.0,RETURNING_TO_START,load_zone_1,dump_zone_1,0.000265,0.00071
1500.0,2026-07-02T15:48:08.449,2,151.068,265.587,13.615,-0.0833,1000.0,RETURNING_TO_START,load_zone_1,dump_zone_2,0.000258,0.000691
1500.0,2026-07-02T15:48:08.449,3,621.166,194.299,16.725,-0.5,0.0,GOING_TO_ENDPOINT,dump_zone_3,load_zone_26,0.00025,0.00067
1501.0,2026-07-02T15:48:11.028,1,162.316,265.454,16.426,-0.5,1000.0,RETURNING_TO_START,load_zone_1,dump_zone_1,0.00025,0.00067
1501.0,2026-07-02T15:48:11.028,2,154.443,264.414,12.215,-0.25,1000.0,RETURNING_TO_START,load_zone_1,dump_zone_2,0.00025,0.00067
1501.0,2026-07-02T15:48:11.028,3,616.806,193.94,14.925,-0.5,0.0,GOING_TO_ENDPOINT,dump_zone_3,load_zone_26,0.00025,0.00067
1502.0,2026-07-02T15:48:13.965,1,164.886,269.026,16.276,0.4167,1000.0,RETURNING_TO_START,load_zone_1,dump_zone_1,0.000304,0.000815
1502.0,2026-07-02T15:48:13.965,2,157.762,265.18,13.265,0.75,1000.0,RETURNING_TO_START,load_zone_1,dump_zone_2,0.000318,0.000852
1502.0,2026-07-02T15:48:13.965,3,612.934,193.825,13.125,-0.5,0.0,GOING_TO_ENDPOINT,dump_zone_3,load_zone_26,0.00025,0.00067
1503.0,2026-07-02T15:48:17.129,1,167.883,272.841,18.326,0.25,1000.0,RETURNING_TO_START,load_zone_1,dump_zone_1,0.000294,0.000788
1503.0,2026-07-02T15:48:17.129,2,161.309,267.387,16.415,0.5833,1000.0,RETURNING_TO_START,load_zone_1,dump_zone_2,0.000319,0.000855
1503.0,2026-07-02T15:48:17.129,3,609.574,194.072,11.325,-0.5,0.0,GOING_TO_ENDPOINT,dump_zone_3,load_zone_26,0.00025,0.00067
1504.0,2026-07-02T15:48:20.295,1,171.467,276.356,17.426,-0.5,1000.0,RETURNING_TO_START,load_zone_1,dump_zone_1,0.00025,0.00067
1504.0,2026-07-02T15:48:20.295,2,165.165,270.106,17.123,-0.24,1000.0,RETURNING_TO_START,load_zone_1,dump_zone_2,0.00025,0.00067
1504.0,2026-07-02T15:48:20.295,3,607.003,195.321,9.525,-0.5,0.0,GOING_TO_ENDPOINT,dump_zone_3,load_zone_26,0.00025,0.00067
1505.0,2026-07-02T15:48:23.221,1,174.918,279.357,15.726,-0.4167,1000.0,RETURNING_TO_START,load_zone_1,dump_zone_1,0.00025,0.00067
1505.0,2026-07-02T15:48:23.221,2,168.329,273.317,15.432,-0.4167,1000.0,RETURNING_TO_START,load_zone_1,dump_zone_2,0.00025,0.00067
1505.0,2026-07-02T15:48:23.221,3,604.959,196.526,7.725,-0.5,0.0,GOING_TO_ENDPOINT,dump_zone_3,load_zone_26,0.00025,0.00067
1506.0,2026-07-02T15:48:27.273,1,178.238,281.754,13.951,-0.4167,1000.0,RETURNING_TO_START,load_zone_1,dump_zone_1,0.00025,0.00067
1506.0,2026-07-02T15:48:27.273,2,171.232,276.191,14.351,-0.0192,1000.0,RETURNING_TO_START,load_zone_1,dump_zone_2,0.000264,0.000708
1506.0,2026-07-02T15:48:27.273,3,603.259,197.339,6.025,-0.5,0.0,GOING_TO_ENDPOINT,dump_zone_3,load_zone_26,0.00025,0.00067
1507.0,2026-07-02T15:48:31.489,1,181.526,283.419,12.526,-0.5,1000.0,RETURNING_TO_START,load_zone_1,dump_zone_1,0.00025,0.00067
1507.0,2026-07-02T15:48:31.489,2,174.297,278.823,14.645,-0.0761,1000.0,RETURNING_TO_START,load_zone_1,dump_zone_2,0.000259,0.000694
1507.0,2026-07-02T15:48:31.489,3,601.862,197.984,5.403,0.0463,0.0,GOING_TO_ENDPOINT,dump_zone_3,load_zone_26,0.000254,0.000681
1508.0,2026-07-02T15:48:35.396,1,184.596,284.338,10.728,-0.5,1000.0,RETURNING_TO_START,load_zone_1,dump_zone_1,0.00025,0.00067
1508.0,2026-07-02T15:48:35.396,2,177.517,281.4,15.016,-0.1175,1000.0,RETURNING_TO_START,load_zone_1,dump_zone_2,0.000256,0.000686
1508.0,2026-07-02T15:48:35.396,3,600.496,198.354,4.564,-0.25,0.0,GOING_TO_ENDPOINT,dump_zone_3,load_zone_26,0.00025,0.00067
1509.0,2026-07-02T15:48:38.905,1,187.294,284.666,9.133,-0.3074,1000.0,RETURNING_TO_START,load_zone_1,dump_zone_1,0.00025,0.00067
1509.0,2026-07-02T15:48:38.905,2,180.553,283.925,13.425,-0.5,1000.0,RETURNING_TO_START,load_zone_1,dump_zone_2,0.00025,0.00067
1509.0,2026-07-02T15:48:38.905,3,599.308,198.314,4.114,0.0833,0.0,GOING_TO_ENDPOINT,dump_zone_3,load_zone_26,0.000254,0.000681
1510.0,2026-07-02T15:48:41.706,1,189.661,284.588,7.974,-0.3819,1000.0,RETURNING_TO_START,load_zone_1,dump_zone_1,0.00025,0.00067
1510.0,2026-07-02T15:48:41.706,2,183.314,286.007,11.625,-0.5,1000.0,RETURNING_TO_START,load_zone_1,dump_zone_2,0.00025,0.00067
1510.0,2026-07-02T15:48:41.706,3,598.007,197.824,6.339,1.0,0.0,GOING_TO_ENDPOINT,dump_zone_3,load_zone_26,0.000275,0.000737
1511.0,2026-07-02T15:48:44.639,1,191.619,284.301,6.338,-0.5,1000.0,RETURNING_TO_START,load_zone_1,dump_zone_1,0.00025,0.00067
1511.0,2026-07-02T15:48:44.639,2,186.031,287.095,9.825,-0.5,1000.0,RETURNING_TO_START,load_zone_1,dump_zone_2,0.00025,0.00067
1511.0,2026-07-02T15:48:44.639,3,596.478,196.145,9.939,1.0,0.0,GOING_TO_ENDPOINT,dump_zone_3,load_zone_26,0.000288,0.000772
1512.0,2026-07-02T15:48:48.090,1,193.073,283.979,4.538,-0.5,1000.0,RETURNING_TO_START,load_zone_1,dump_zone_1,0.00025,0.00067
1512.0,2026-07-02T15:48:48.090,2,188.422,286.638,8.025,-0.5,1000.0,RETURNING_TO_START,load_zone_1,dump_zone_2,0.00025,0.00067
1512.0,2026-07-02T15:48:48.090,3,596.39,192.939,13.539,1.0,0.0,GOING_TO_ENDPOINT,dump_zone_3,load_zone_26,0.000302,0.000809
1513.0,2026-07-02T15:48:51.634,1,194.028,283.717,2.738,-0.5,1000.0,RETURNING_TO_START,load_zone_1,dump_zone_1,0.00025,0.00067
1513.0,2026-07-02T15:48:51.634,2,190.145,285.714,6.225,-0.5,1000.0,RETURNING_TO_START,load_zone_1,dump_zone_2,0.00025,0.00067
1513.0,2026-07-02T15:48:51.634,3,599.025,189.566,17.139,1.0,0.0,GOING_TO_ENDPOINT,dump_zone_3,load_zone_26,0.000316,0.000847
1514.0,2026-07-02T15:48:54.885,1,194.496,283.573,0.938,-0.5,1000.0,RETURNING_TO_START,load_zone_1,dump_zone_1,0.00025,0.00067
1514.0,2026-07-02T15:48:54.885,2,191.299,284.824,4.425,-0.5,1000.0,RETURNING_TO_START,load_zone_1,dump_zone_2,0.00025,0.00067
1514.0,2026-07-02T15:48:54.885,3,601.331,184.803,20.739,1.0,0.0,GOING_TO_ENDPOINT,dump_zone_3,load_zone_26,0.00033,0.000884
1515.0,2026-07-02T15:48:58.588,1,194.551,283.556,0.0,-0.5,1000.0,RETURNING_TO_START,load_zone_1,dump_zone_1,0.00025,0.00067
1515.0,2026-07-02T15:48:58.588,2,191.986,284.157,2.625,-0.5,1000.0,RETURNING_TO_START,load_zone_1,dump_zone_2,0.00025,0.00067
1515.0,2026-07-02T15:48:58.588,3,602.407,178.616,24.339,1.0,0.0,GOING_TO_ENDPOINT,dump_zone_3,load_zone_26,0.000344,0.000922
1516.0,2026-07-02T15:49:02.064,1,194.551,283.556,0.0,-0.5,1000.0,RETURNING_TO_START,load_zone_1,dump_zone_1,0.00025,0.00067
1516.0,2026-07-02T15:49:02.064,2,192.293,283.816,0.825,-0.5,1000.0,RETURNING_TO_START,load_zone_1,dump_zone_2,0.00025,0.00067
1516.0,2026-07-02T15:49:02.064,3,602.506,171.336,27.564,0.5833,0.0,GOING_TO_ENDPOINT,dump_zone_3,load_zone_26,0.000319,0.000855
1517.0,2026-07-02T15:49:05.115,1,194.551,283.556,0.0,-0.5,1000.0,RETURNING_TO_START,load_zone_1,dump_zone_1,0.00025,0.00067
1517.0,2026-07-02T15:49:05.115,2,192.321,283.783,0.0,-0.0526,1000.0,RETURNING_TO_START,load_zone_1,dump_zone_2,0.00025,0.00067
1517.0,2026-07-02T15:49:05.115,3,602.5,163.574,27.714,-0.4167,0.0,GOING_TO_ENDPOINT,dump_zone_3,load_zone_26,0.00025,0.00067
1518.0,2026-07-02T15:49:08.174,1,194.551,283.556,0.0,-0.5,1000.0,RETURNING_TO_START,load_zone_1,dump_zone_1,0.00025,0.00067
1518.0,2026-07-02T15:49:08.174,2,192.321,283.783,0.0,-0.0758,1000.0,RETURNING_TO_START,load_zone_1,dump_zone_2,0.00025,0.00067
1518.0,2026-07-02T15:49:08.174,3,602.5,156.051,27.039,0.25,0.0,GOING_TO_ENDPOINT,dump_zone_3,load_zone_26,0.000289,0.000775
1519.0,2026-07-02T15:49:11.457,1,194.551,283.556,0.0,-0.5,1000.0,RETURNING_TO_START,load_zone_1,dump_zone_1,0.00025,0.00067
1519.0,2026-07-02T15:49:11.457,2,192.321,283.783,0.0,-0.1655,1000.0,RETURNING_TO_START,load_zone_1,dump_zone_2,0.00025,0.00067
1519.0,2026-07-02T15:49:11.457,3,602.5,148.432,27.427,-0.2549,0.0,GOING_TO_ENDPOINT,dump_zone_3,load_zone_26,0.00025,0.00067
1520.0,2026-07-02T15:49:14.801,1,194.551,283.556,0.0,-0.5,1000.0,RETURNING_TO_START,load_zone_1,dump_zone_1,0.00025,0.00067
1520.0,2026-07-02T15:49:14.801,2,192.321,283.783,0.0,-0.0792,1000.0,RETURNING_TO_START,load_zone_1,dump_zone_2,0.00025,0.00067
1520.0,2026-07-02T15:49:14.801,3,602.5,140.85,27.534,0.2114,0.0,GOING_TO_ENDPOINT,dump_zone_3,load_zone_26,0.000286,0.000766
1521.0,2026-07-02T15:49:18.082,1,194.551,283.556,0.0,-0.5,1000.0,RETURNING_TO_START,load_zone_1,dump_zone_1,0.00025,0.00067
1521.0,2026-07-02T15:49:18.082,2,192.321,283.783,0.0,-0.1617,1000.0,RETURNING_TO_START,load_zone_1,dump_zone_2,0.00025,0.00067
1521.0,2026-07-02T15:49:18.082,3,602.5,133.128,27.895,0.0447,0.0,GOING_TO_ENDPOINT,dump_zone_3,load_zone_26,0.000272,0.000729
1522.0,2026-07-02T15:49:21.129,1,194.551,283.556,0.0,-0.5,1000.0,RETURNING_TO_START,load_zone_1,dump_zone_1,0.00025,0.00067
1522.0,2026-07-02T15:49:21.129,2,192.321,283.783,0.0,-0.1458,1000.0,RETURNING_TO_START,load_zone_1,dump_zone_2,0.00025,0.00067
1522.0,2026-07-02T15:49:21.129,3,602.5,125.353,27.622,-0.4999,0.0,GOING_TO_ENDPOINT,dump_zone_3,load_zone_26,0.00025,0.00067
1523.0,2026-07-02T15:49:24.284,1,194.551,283.556,0.0,-0.5,1000.0,RETURNING_TO_START,load_zone_1,dump_zone_1,0.00025,0.00067
1523.0,2026-07-02T15:49:24.284,2,192.321,283.783,0.0,-0.1458,1000.0,RETURNING_TO_START,load_zone_1,dump_zone_2,0.00025,0.00067
1523.0,2026-07-02T15:49:24.284,3,602.5,117.814,27.022,0.0833,0.0,GOING_TO_ENDPOINT,dump_zone_3,load_zone_26,0.000274,0.000734
1524.0,2026-07-02T15:49:27.443,1,194.551,283.556,0.0,-0.5,1000.0,RETURNING_TO_START,load_zone_1,dump_zone_1,0.00025,0.00067
1524.0,2026-07-02T15:49:27.443,2,192.321,283.783,0.0,-0.1451,1000.0,RETURNING_TO_START,load_zone_1,dump_zone_2,0.00025,0.00067
1524.0,2026-07-02T15:49:27.443,3,602.5,110.28,26.921,-0.191,0.0,GOING_TO_ENDPOINT,dump_zone_3,load_zone_26,0.00025,0.00067
1525.0,2026-07-02T15:49:30.637,1,194.551,283.556,0.0,-0.5,1000.0,RETURNING_TO_START,load_zone_1,dump_zone_1,0.00025,0.00067
1525.0,2026-07-02T15:49:30.637,2,192.321,283.783,0.0,-0.1405,1000.0,RETURNING_TO_START,load_zone_1,dump_zone_2,0.00025,0.00067
1525.0,2026-07-02T15:49:30.637,3,602.5,102.774,27.387,0.3245,0.0,GOING_TO_ENDPOINT,dump_zone_3,load_zone_26,0.000296,0.000793
1526.0,2026-07-02T15:49:33.832,1,194.551,283.556,0.0,-0.5,1000.0,RETURNING_TO_START,load_zone_1,dump_zone_1,0.00025,0.00067
1526.0,2026-07-02T15:49:33.832,2,192.321,283.783,0.0,-0.1382,1000.0,RETURNING_TO_START,load_zone_1,dump_zone_2,0.00025,0.00067
1526.0,2026-07-02T15:49:33.832,3,602.5,94.995,28.381,0.2682,0.0,GOING_TO_ENDPOINT,dump_zone_3,load_zone_26,0.000293,0.000785
1527.0,2026-07-02T15:49:36.915,1,194.551,283.556,0.0,-0.5,1000.0,RETURNING_TO_START,load_zone_1,dump_zone_1,0.00025,0.00067
1527.0,2026-07-02T15:49:36.915,2,192.321,283.783,0.0,-0.1366,1000.0,RETURNING_TO_START,load_zone_1,dump_zone_2,0.00025,0.00067
1527.0,2026-07-02T15:49:36.915,3,602.5,87.046,28.797,0.0182,0.0,GOING_TO_ENDPOINT,dump_zone_3,load_zone_26,0.00027,0.000724
1528.0,2026-07-02T15:49:40.091,1,194.551,283.556,0.0,-0.5,1000.0,RETURNING_TO_START,load_zone_1,dump_zone_1,0.00025,0.00067
1528.0,2026-07-02T15:49:40.091,2,192.321,283.783,0.0,-0.1362,1000.0,RETURNING_TO_START,load_zone_1,dump_zone_2,0.00025,0.00067
1528.0,2026-07-02T15:49:40.091,3,602.5,79.145,28.143,-0.1796,0.0,GOING_TO_ENDPOINT,dump_zone_3,load_zone_26,0.000252,0.000675
1529.0,2026-07-02T15:49:43.279,1,194.551,283.556,0.0,-0.5,1000.0,RETURNING_TO_START,load_zone_1,dump_zone_1,0.00025,0.00067
1529.0,2026-07-02T15:49:43.279,2,192.321,283.783,0.0,-0.1377,1000.0,RETURNING_TO_START,load_zone_1,dump_zone_2,0.00025,0.00067
1529.0,2026-07-02T15:49:43.279,3,602.5,71.377,27.65,-0.1154,0.0,GOING_TO_ENDPOINT,dump_zone_3,load_zone_26,0.000257,0.000689
1530.0,2026-07-02T15:49:46.517,1,194.551,283.556,0.0,-0.5,1000.0,RETURNING_TO_START,load_zone_1,dump_zone_1,0.00025,0.00067
1530.0,2026-07-02T15:49:46.517,2,192.321,283.783,0.0,-0.1373,1000.0,RETURNING_TO_START,load_zone_1,dump_zone_2,0.00025,0.00067
1530.0,2026-07-02T15:49:46.517,3,602.5,63.752,27.559,0.3221,0.0,GOING_TO_ENDPOINT,dump_zone_3,load_zone_26,0.000296,0.000793
1531.0,2026-07-02T15:49:49.609,1,194.551,283.556,0.0,-0.5,1000.0,RETURNING_TO_START,load_zone_1,dump_zone_1,0.00025,0.00067
1531.0,2026-07-02T15:49:49.609,2,192.321,283.783,0.0,-0.1363,1000.0,RETURNING_TO_START,load_zone_1,dump_zone_2,0.00025,0.00067
1531.0,2026-07-02T15:49:49.609,3,602.5,55.883,28.609,-0.0984,0.0,GOING_TO_ENDPOINT,dump_zone_3,load_zone_26,0.000259,0.000694
1532.0,2026-07-02T15:49:52.645,1,194.551,283.556,0.0,-0.5,1000.0,RETURNING_TO_START,load_zone_1,dump_zone_1,0.00025,0.00067
1532.0,2026-07-02T15:49:52.645,2,192.321,283.783,0.0,-0.1325,1000.0,RETURNING_TO_START,load_zone_1,dump_zone_2,0.00025,0.00067
1532.0,2026-07-02T15:49:52.645,3,602.5,48.099,27.741,0.0833,0.0,GOING_TO_ENDPOINT,dump_zone_3,load_zone_26,0.000275,0.000737
1533.0,2026-07-02T15:49:55.783,1,194.551,283.556,0.0,-0.5,1000.0,RETURNING_TO_START,load_zone_1,dump_zone_1,0.00025,0.00067
1533.0,2026-07-02T15:49:55.783,2,192.321,283.783,0.0,-0.1309,1000.0,RETURNING_TO_START,load_zone_1,dump_zone_2,0.00025,0.00067
1533.0,2026-07-02T15:49:55.783,3,602.5,40.424,27.481,0.1,0.0,GOING_TO_ENDPOINT,dump_zone_3,load_zone_26,0.000276,0.00074
1534.0,2026-07-02T15:49:58.933,1,194.551,283.556,0.0,-0.5,1000.0,RETURNING_TO_START,load_zone_1,dump_zone_1,0.00025,0.00067
1534.0,2026-07-02T15:49:58.933,2,192.321,283.783,0.0,-0.1299,1000.0,RETURNING_TO_START,load_zone_1,dump_zone_2,0.00025,0.00067
1534.0,2026-07-02T15:49:58.933,3,602.5,32.783,27.533,0.1767,0.0,GOING_TO_ENDPOINT,dump_zone_3,load_zone_26,0.000283,0.000758
1535.0,2026-07-02T15:50:02.037,1,194.551,283.556,0.0,-0.5,1000.0,RETURNING_TO_START,load_zone_1,dump_zone_1,0.00025,0.00067
1535.0,2026-07-02T15:50:02.037,2,192.321,283.783,0.0,-0.1297,1000.0,RETURNING_TO_START,load_zone_1,dump_zone_2,0.00025,0.00067
1535.0,2026-07-02T15:50:02.037,3,602.5,24.99,28.206,-0.1509,0.0,GOING_TO_ENDPOINT,dump_zone_3,load_zone_26,0.000254,0.000681
1536.0,2026-07-02T15:50:05.016,1,194.551,283.556,0.0,-0.5,1000.0,RETURNING_TO_START,load_zone_1,dump_zone_1,0.00025,0.00067
1536.0,2026-07-02T15:50:05.016,2,192.321,283.783,0.0,-0.1286,1000.0,RETURNING_TO_START,load_zone_1,dump_zone_2,0.00025,0.00067
1536.0,2026-07-02T15:50:05.016,3,602.5,17.344,27.052,-0.1832,0.0,GOING_TO_ENDPOINT,dump_zone_3,load_zone_26,0.000251,0.000673
1537.0,2026-07-02T15:50:08.220,1,194.551,283.556,0.0,-0.5,1000.0,RETURNING_TO_START,load_zone_1,dump_zone_1,0.00025,0.00067
1537.0,2026-07-02T15:50:08.220,2,192.321,283.783,0.0,-0.1264,1000.0,RETURNING_TO_START,load_zone_1,dump_zone_2,0.00025,0.00067
1537.0,2026-07-02T15:50:08.220,3,602.5,9.739,27.89,0.198,0.0,GOING_TO_ENDPOINT,dump_zone_3,load_zone_26,0.000286,0.000766
1538.0,2026-07-02T15:50:11.916,1,194.551,283.556,0.0,-0.5,1000.0,RETURNING_TO_START,load_zone_1,dump_zone_1,0.00025,0.00067
1538.0,2026-07-02T15:50:11.916,2,192.321,283.783,0.0,-0.1252,1000.0,RETURNING_TO_START,load_zone_1,dump_zone_2,0.00025,0.00067
1538.0,2026-07-02T15:50:11.916,3,602.5,1.933,28.055,-0.1422,0.0,GOING_TO_ENDPOINT,dump_zone_3,load_zone_26,0.000255,0.000683
1539.0,2026-07-02T15:50:14.910,1,194.551,283.556,0.0,-0.5,1000.0,RETURNING_TO_START,load_zone_1,dump_zone_1,0.00025,0.00067
1539.0,2026-07-02T15:50:14.910,2,192.321,283.783,0.0,-0.1241,1000.0,RETURNING_TO_START,load_zone_1,dump_zone_2,0.00025,0.00067
1539.0,2026-07-02T15:50:14.910,3,602.5,-5.733,27.181,-0.0629,0.0,GOING_TO_ENDPOINT,dump_zone_3,load_zone_26,0.000262,0.000702
1540.0,2026-07-02T15:50:18.057,1,194.551,283.556,0.0,-0.5,1000.0,RETURNING_TO_START,load_zone_1,dump_zone_1,0.00025,0.00067
1540.0,2026-07-02T15:50:18.057,2,192.321,283.783,0.0,-0.1241,1000.0,RETURNING_TO_START,load_zone_1,dump_zone_2,0.00025,0.00067
1540.0,2026-07-02T15:50:18.057,3,602.5,-13.365,28.005,0.4371,0.0,GOING_TO_ENDPOINT,dump_zone_3,load_zone_26,0.000307,0.000823
1541.0,2026-07-02T15:50:21.231,1,194.551,283.556,0.0,-0.5,1000.0,RETURNING_TO_START,load_zone_1,dump_zone_1,0.00025,0.00067
1541.0,2026-07-02T15:50:21.231,2,192.321,283.783,0.0,-0.1235,1000.0,RETURNING_TO_START,load_zone_1,dump_zone_2,0.00025,0.00067
1541.0,2026-07-02T15:50:21.231,3,602.5,-21.182,27.929,-0.0629,0.0,GOING_TO_ENDPOINT,dump_zone_3,load_zone_26,0.000262,0.000702
1542.0,2026-07-02T15:50:24.381,1,194.551,283.556,0.0,-0.5,1000.0,RETURNING_TO_START,load_zone_1,dump_zone_1,0.00025,0.00067
1542.0,2026-07-02T15:50:24.381,2,192.321,283.783,0.0,-0.1209,1000.0,RETURNING_TO_START,load_zone_1,dump_zone_2,0.00025,0.00067
1542.0,2026-07-02T15:50:24.381,3,602.5,-29.019,28.729,0.4295,0.0,GOING_TO_ENDPOINT,dump_zone_3,load_zone_26,0.000308,0.000825
1543.0,2026-07-02T15:50:27.544,1,194.551,283.556,0.0,-0.5,1000.0,RETURNING_TO_START,load_zone_1,dump_zone_1,0.00025,0.00067
1543.0,2026-07-02T15:50:27.544,2,192.321,283.783,0.0,-0.1198,1000.0,RETURNING_TO_START,load_zone_1,dump_zone_2,0.00025,0.00067
1543.0,2026-07-02T15:50:27.544,3,602.5,-37.055,28.711,-0.3748,0.0,GOING_TO_ENDPOINT,dump_zone_3,load_zone_26,0.00025,0.00067
1544.0,2026-07-02T15:50:30.809,1,194.551,283.556,0.0,-0.5,1000.0,RETURNING_TO_START,load_zone_1,dump_zone_1,0.00025,0.00067
1544.0,2026-07-02T15:50:30.809,2,192.321,283.783,0.0,-0.1169,1000.0,RETURNING_TO_START,load_zone_1,dump_zone_2,0.00025,0.00067
1544.0,2026-07-02T15:50:30.809,3,602.5,-44.859,28.049,0.25,0.0,GOING_TO_ENDPOINT,dump_zone_3,load_zone_26,0.00029,0.000777
1545.0,2026-07-02T15:50:33.762,1,194.551,283.556,0.0,-0.5,1000.0,RETURNING_TO_START,load_zone_1,dump_zone_1,0.00025,0.00067
1545.0,2026-07-02T15:50:33.762,2,192.321,283.783,0.0,-0.1165,1000.0,RETURNING_TO_START,load_zone_1,dump_zone_2,0.00025,0.00067
1545.0,2026-07-02T15:50:33.762,3,602.5,-52.791,28.711,-0.1606,0.0,GOING_TO_ENDPOINT,dump_zone_3,load_zone_26,0.000253,0.000678
1546.0,2026-07-02T15:50:36.855,1,194.551,283.556,0.0,-0.5,1000.0,RETURNING_TO_START,load_zone_1,dump_zone_1,0.00025,0.00067
1546.0,2026-07-02T15:50:36.855,2,192.321,283.783,0.0,-0.1168,1000.0,RETURNING_TO_START,load_zone_1,dump_zone_2,0.00025,0.00067
1546.0,2026-07-02T15:50:36.855,3,602.5,-60.594,27.805,-0.0603,0.0,GOING_TO_ENDPOINT,dump_zone_3,load_zone_26,0.000262,0.000702
1547.0,2026-07-02T15:50:39.729,1,194.551,283.556,0.0,-0.5,1000.0,RETURNING_TO_START,load_zone_1,dump_zone_1,0.00025,0.00067
1547.0,2026-07-02T15:50:39.729,2,192.321,283.783,0.0,-0.1145,1000.0,RETURNING_TO_START,load_zone_1,dump_zone_2,0.00025,0.00067
1547.0,2026-07-02T15:50:39.729,3,602.5,-68.118,26.289,-0.5,0.0,GOING_TO_ENDPOINT,dump_zone_3,load_zone_26,0.00025,0.00067
1548.0,2026-07-02T15:50:42.483,1,194.551,283.556,0.0,-0.5,1000.0,RETURNING_TO_START,load_zone_1,dump_zone_1,0.00025,0.00067
1548.0,2026-07-02T15:50:42.483,2,192.321,283.783,0.0,-0.1133,1000.0,RETURNING_TO_START,load_zone_1,dump_zone_2,0.00025,0.00067
1548.0,2026-07-02T15:50:42.483,3,602.5,-75.15,24.489,-0.5,0.0,GOING_TO_ENDPOINT,dump_zone_3,load_zone_26,0.00025,0.00067
1549.0,2026-07-02T15:50:45.211,1,194.551,283.556,0.0,-0.5,1000.0,RETURNING_TO_START,load_zone_1,dump_zone_1,0.00025,0.00067
1549.0,2026-07-02T15:50:45.211,2,192.321,283.783,0.0,-0.1142,1000.0,RETURNING_TO_START,load_zone_1,dump_zone_2,0.00025,0.00067
1549.0,2026-07-02T15:50:45.211,3,602.5,-81.682,22.689,-0.5,0.0,GOING_TO_ENDPOINT,dump_zone_3,load_zone_26,0.00025,0.00067
1550.0,2026-07-02T15:50:48.037,1,194.551,283.556,0.0,-0.5,1000.0,RETURNING_TO_START,load_zone_1,dump_zone_1,0.00025,0.00067
1550.0,2026-07-02T15:50:48.037,2,192.321,283.783,0.0,-0.1116,1000.0,RETURNING_TO_START,load_zone_1,dump_zone_2,0.00025,0.00067
1550.0,2026-07-02T15:50:48.037,3,602.5,-87.713,20.889,-0.5,0.0,GOING_TO_ENDPOINT,dump_zone_3,load_zone_26,0.00025,0.00067
1551.0,2026-07-02T15:50:50.547,1,194.551,283.556,0.0,-0.5,1000.0,RETURNING_TO_START,load_zone_1,dump_zone_1,0.00025,0.00067
1551.0,2026-07-02T15:50:50.547,2,192.321,283.783,0.0,-0.1111,1000.0,RETURNING_TO_START,load_zone_1,dump_zone_2,0.00025,0.00067
1551.0,2026-07-02T15:50:50.547,3,602.5,-93.245,19.089,-0.5,0.0,GOING_TO_ENDPOINT,dump_zone_3,load_zone_26,0.00025,0.00067
1552.0,2026-07-02T15:50:53.152,1,194.551,283.556,0.0,-0.5,1000.0,RETURNING_TO_START,load_zone_1,dump_zone_1,0.00025,0.00067
1552.0,2026-07-02T15:50:53.152,2,192.321,283.783,0.0,-0.109,1000.0,RETURNING_TO_START,load_zone_1,dump_zone_2,0.00025,0.00067
1552.0,2026-07-02T15:50:53.152,3,602.519,-98.277,17.314,-0.4167,0.0,GOING_TO_ENDPOINT,dump_zone_3,load_zone_26,0.00025,0.00067
1553.0,2026-07-02T15:50:55.857,1,194.551,283.556,0.0,-0.5,1000.0,RETURNING_TO_START,load_zone_1,dump_zone_1,0.00025,0.00067
1553.0,2026-07-02T15:50:55.857,2,192.321,283.783,0.0,-0.1073,1000.0,RETURNING_TO_START,load_zone_1,dump_zone_2,0.00025,0.00067
1553.0,2026-07-02T15:50:55.857,3,605.436,-101.721,17.764,0.5833,0.0,GOING_TO_ENDPOINT,dump_zone_3,load_zone_26,0.000295,0.000791
1554.0,2026-07-02T15:50:58.539,1,194.551,283.556,0.0,-0.5,1000.0,RETURNING_TO_START,load_zone_1,dump_zone_1,0.00025,0.00067
1554.0,2026-07-02T15:50:58.539,2,192.321,283.783,0.0,-0.1072,1000.0,RETURNING_TO_START,load_zone_1,dump_zone_2,0.00025,0.00067
1554.0,2026-07-02T15:50:58.539,3,610.344,-100.047,21.114,1.0,0.0,GOING_TO_ENDPOINT,dump_zone_3,load_zone_26,0.000332,0.00089
1555.0,2026-07-02T15:51:02.229,1,194.551,283.556,0.0,-0.5,1000.0,RETURNING_TO_START,load_zone_1,dump_zone_1,0.00025,0.00067
1555.0,2026-07-02T15:51:02.229,2,192.321,283.783,0.0,-0.107,1000.0,RETURNING_TO_START,load_zone_1,dump_zone_2,0.00025,0.00067
1555.0,2026-07-02T15:51:02.229,3,615.939,-97.537,23.064,0.0833,0.0,GOING_TO_ENDPOINT,dump_zone_3,load_zone_26,0.000271,0.000726
1556.0,2026-07-02T15:51:05.335,1,194.551,283.556,0.0,-0.5,1000.0,RETURNING_TO_START,load_zone_1,dump_zone_1,0.00025,0.00067
1556.0,2026-07-02T15:51:05.335,2,192.321,283.783,0.0,-0.1075,1000.0,RETURNING_TO_START,load_zone_1,dump_zone_2,0.00025,0.00067
1556.0,2026-07-02T15:51:05.335,3,622.194,-97.44,21.789,-0.5,0.0,GOING_TO_ENDPOINT,dump_zone_3,load_zone_26,0.00025,0.00067
1557.0,2026-07-02T15:51:08.373,1,194.551,283.556,0.0,-0.5,1000.0,RETURNING_TO_START,load_zone_1,dump_zone_1,0.00025,0.00067
1557.0,2026-07-02T15:51:08.373,2,192.321,283.783,0.0,-0.1046,1000.0,RETURNING_TO_START,load_zone_1,dump_zone_2,0.00025,0.00067
1557.0,2026-07-02T15:51:08.373,3,627.975,-97.507,19.989,-0.5,0.0,GOING_TO_ENDPOINT,dump_zone_3,load_zone_26,0.00025,0.00067
1558.0,2026-07-02T15:51:11.270,1,194.551,283.556,0.0,-0.5,1000.0,RETURNING_TO_START,load_zone_1,dump_zone_1,0.00025,0.00067
1558.0,2026-07-02T15:51:11.270,2,192.321,283.783,0.0,-0.1013,1000.0,RETURNING_TO_START,load_zone_1,dump_zone_2,0.00025,0.00067
1558.0,2026-07-02T15:51:11.270,3,633.256,-97.503,18.189,-0.5,0.0,GOING_TO_ENDPOINT,dump_zone_3,load_zone_26,0.00025,0.00067
1559.0,2026-07-02T15:51:13.957,1,194.551,283.556,0.0,-0.5,1000.0,RETURNING_TO_START,load_zone_1,dump_zone_1,0.00025,0.00067
1559.0,2026-07-02T15:51:13.957,2,192.321,283.783,0.0,-0.1012,1000.0,RETURNING_TO_START,load_zone_1,dump_zone_2,0.00025,0.00067
1559.0,2026-07-02T15:51:13.957,3,638.038,-97.5,16.389,-0.5,0.0,GOING_TO_ENDPOINT,dump_zone_3,load_zone_26,0.00025,0.00067
1560.0,2026-07-02T15:51:16.773,1,194.551,283.556,0.0,-0.5,1000.0,RETURNING_TO_START,load_zone_1,dump_zone_1,0.00025,0.00067
1560.0,2026-07-02T15:51:16.773,2,192.321,283.783,0.0,-0.1001,1000.0,RETURNING_TO_START,load_zone_1,dump_zone_2,0.00025,0.00067
1560.0,2026-07-02T15:51:16.773,3,642.32,-97.5,14.589,-0.5,0.0,GOING_TO_ENDPOINT,dump_zone_3,load_zone_26,0.00025,0.00067
1561.0,2026-07-02T15:51:19.746,1,194.551,283.556,0.0,-0.5,1000.0,RETURNING_TO_START,load_zone_1,dump_zone_1,0.00025,0.00067
1561.0,2026-07-02T15:51:19.746,2,192.321,283.783,0.0,-0.0999,1000.0,RETURNING_TO_START,load_zone_1,dump_zone_2,0.00025,0.00067
1561.0,2026-07-02T15:51:19.746,3,646.101,-97.5,12.789,-0.5,0.0,GOING_TO_ENDPOINT,dump_zone_3,load_zone_26,0.00025,0.00067
1562.0,2026-07-02T15:51:22.830,1,194.551,283.556,0.0,-0.5,1000.0,RETURNING_TO_START,load_zone_1,dump_zone_1,0.00025,0.00067
1562.0,2026-07-02T15:51:22.830,2,192.321,283.783,0.0,-0.0981,1000.0,RETURNING_TO_START,load_zone_1,dump_zone_2,0.00025,0.00067
1562.0,2026-07-02T15:51:22.830,3,649.375,-97.674,10.989,-0.5,0.0,GOING_TO_ENDPOINT,dump_zone_3,load_zone_26,0.00025,0.00067
1563.0,2026-07-02T15:51:25.793,1,194.551,283.556,0.0,-0.5,1000.0,RETURNING_TO_START,load_zone_1,dump_zone_1,0.00025,0.00067
1563.0,2026-07-02T15:51:25.793,2,192.321,283.783,0.0,-0.0975,1000.0,RETURNING_TO_START,load_zone_1,dump_zone_2,0.00025,0.00067
1563.0,2026-07-02T15:51:25.793,3,651.946,-98.694,9.227,-0.5,0.0,GOING_TO_ENDPOINT,dump_zone_3,load_zone_26,0.00025,0.00067
1564.0,2026-07-02T15:51:28.485,1,194.551,283.556,0.0,-0.5,1000.0,RETURNING_TO_START,load_zone_1,dump_zone_1,0.00025,0.00067
1564.0,2026-07-02T15:51:28.485,2,192.321,283.783,0.0,-0.0947,1000.0,RETURNING_TO_START,load_zone_1,dump_zone_2,0.00025,0.00067
1564.0,2026-07-02T15:51:28.485,3,653.804,-100.189,8.552,0.25,0.0,GOING_TO_ENDPOINT,dump_zone_3,load_zone_26,0.000262,0.000702
1565.0,2026-07-02T15:51:31.006,1,194.551,283.556,0.0,-0.5,1000.0,RETURNING_TO_START,load_zone_1,dump_zone_1,0.00025,0.00067
1565.0,2026-07-02T15:51:31.006,2,192.321,283.783,0.0,-0.0955,1000.0,RETURNING_TO_START,load_zone_1,dump_zone_2,0.00025,0.00067
1565.0,2026-07-02T15:51:31.006,3,655.743,-102.091,11.252,1.0,0.0,GOING_TO_ENDPOINT,dump_zone_3,load_zone_26,0.000294,0.000788
1566.0,2026-07-02T15:51:33.606,1,194.551,283.556,0.0,-0.5,1000.0,RETURNING_TO_START,load_zone_1,dump_zone_1,0.00025,0.00067
1566.0,2026-07-02T15:51:33.606,2,192.321,283.783,0.0,-0.0941,1000.0,RETURNING_TO_START,load_zone_1,dump_zone_2,0.00025,0.00067
1566.0,2026-07-02T15:51:33.606,3,658.308,-104.711,14.852,1.0,0.0,GOING_TO_ENDPOINT,dump_zone_3,load_zone_26,0.000307,0.000823
1567.0,2026-07-02T15:51:36.098,1,194.551,283.556,0.0,-0.5,1000.0,RETURNING_TO_START,load_zone_1,dump_zone_1,0.00025,0.00067
1567.0,2026-07-02T15:51:36.098,2,192.321,283.783,0.0,-0.0909,1000.0,RETURNING_TO_START,load_zone_1,dump_zone_2,0.00025,0.00067
1567.0,2026-07-02T15:51:36.098,3,661.584,-108.035,18.452,1.0,0.0,GOING_TO_ENDPOINT,dump_zone_3,load_zone_26,0.000321,0.00086
1568.0,2026-07-02T15:51:38.878,1,194.551,283.556,0.0,-0.5,1000.0,RETURNING_TO_START,load_zone_1,dump_zone_1,0.00025,0.00067
1568.0,2026-07-02T15:51:38.878,2,192.321,283.783,0.0,-0.0878,1000.0,RETURNING_TO_START,load_zone_1,dump_zone_2,0.00025,0.00067
1568.0,2026-07-02T15:51:38.878,3,665.584,-112.05,22.052,1.0,0.0,GOING_TO_ENDPOINT,dump_zone_3,load_zone_26,0.000335,0.000898
1569.0,2026-07-02T15:51:41.985,1,194.551,283.556,0.0,-0.5,1000.0,RETURNING_TO_START,load_zone_1,dump_zone_1,0.00025,0.00067
1569.0,2026-07-02T15:51:41.985,2,192.321,283.783,0.0,-0.0874,1000.0,RETURNING_TO_START,load_zone_1,dump_zone_2,0.00025,0.00067
1569.0,2026-07-02T15:51:41.985,3,670.299,-116.764,25.652,1.0,0.0,GOING_TO_ENDPOINT,dump_zone_3,load_zone_26,0.000349,0.000935
1570.0,2026-07-02T15:51:44.913,1,194.551,283.556,0.0,-0.5,1000.0,RETURNING_TO_START,load_zone_1,dump_zone_1,0.00025,0.00067
1570.0,2026-07-02T15:51:44.913,2,192.321,283.783,0.0,-0.0864,1000.0,RETURNING_TO_START,load_zone_1,dump_zone_2,0.00025,0.00067
1570.0,2026-07-02T15:51:44.913,3,675.604,-122.068,27.602,0.0833,0.0,GOING_TO_ENDPOINT,dump_zone_3,load_zone_26,0.000275,0.000737
1571.0,2026-07-02T15:51:47.626,1,194.551,283.556,0.0,-0.5,1000.0,RETURNING_TO_START,load_zone_1,dump_zone_1,0.00025,0.00067
1571.0,2026-07-02T15:51:47.626,2,192.321,283.783,0.0,-0.0837,1000.0,RETURNING_TO_START,load_zone_1,dump_zone_2,0.00025,0.00067
1571.0,2026-07-02T15:51:47.626,3,680.922,-127.387,26.327,-0.5,0.0,GOING_TO_ENDPOINT,dump_zone_3,load_zone_26,0.00025,0.00067
1572.0,2026-07-02T15:51:50.171,1,194.551,283.556,0.0,-0.5,1000.0,RETURNING_TO_START,load_zone_1,dump_zone_1,0.00025,0.00067
1572.0,2026-07-02T15:51:50.171,2,192.321,283.783,0.0,-0.083,1000.0,RETURNING_TO_START,load_zone_1,dump_zone_2,0.00025,0.00067
1572.0,2026-07-02T15:51:50.171,3,685.902,-132.366,24.527,-0.5,0.0,GOING_TO_ENDPOINT,dump_zone_3,load_zone_26,0.00025,0.00067
1573.0,2026-07-02T15:51:52.833,1,194.551,283.556,0.0,-0.5,1000.0,RETURNING_TO_START,load_zone_1,dump_zone_1,0.00025,0.00067
1573.0,2026-07-02T15:51:52.833,2,192.321,283.783,0.0,-0.0836,1000.0,RETURNING_TO_START,load_zone_1,dump_zone_2,0.00025,0.00067
1573.0,2026-07-02T15:51:52.833,3,690.528,-136.993,22.727,-0.5,0.0,GOING_TO_ENDPOINT,dump_zone_3,load_zone_26,0.00025,0.00067
1574.0,2026-07-02T15:51:58.629,1,194.551,283.556,0.0,-0.5,1000.0,RETURNING_TO_START,load_zone_1,dump_zone_1,0.00025,0.00067
1574.0,2026-07-02T15:51:58.629,2,192.321,283.783,0.0,-0.0824,1000.0,RETURNING_TO_START,load_zone_1,dump_zone_2,0.00025,0.00067
1574.0,2026-07-02T15:51:58.629,3,694.801,-141.265,20.927,-0.5,0.0,GOING_TO_ENDPOINT,dump_zone_3,load_zone_26,0.00025,0.00067
1575.0,2026-07-02T15:52:04.959,1,194.551,283.556,0.0,-0.5,1000.0,RETURNING_TO_START,load_zone_1,dump_zone_1,0.00025,0.00067
1575.0,2026-07-02T15:52:04.959,2,192.321,283.783,0.0,-0.08,1000.0,RETURNING_TO_START,load_zone_1,dump_zone_2,0.00025,0.00067
1575.0,2026-07-02T15:52:04.959,3,698.719,-145.184,19.127,-0.5,0.0,GOING_TO_ENDPOINT,dump_zone_3,load_zone_26,0.00025,0.00067
1576.0,2026-07-02T15:59:18.822,1,194.551,283.556,0.0,-0.5,1000.0,RETURNING_TO_START,load_zone_1,dump_zone_1,0.00025,0.00067
1576.0,2026-07-02T15:59:18.822,2,192.321,283.783,0.0,-0.0807,1000.0,RETURNING_TO_START,load_zone_1,dump_zone_2,0.00025,0.00067
1576.0,2026-07-02T15:59:18.822,3,701.974,-149.013,17.327,-0.5,0.0,GOING_TO_ENDPOINT,dump_zone_3,load_zone_26,0.00025,0.00067
1577.0,2026-07-02T16:30:57.299,1,194.551,283.556,0.0,-0.5,1000.0,RETURNING_TO_START,load_zone_1,dump_zone_1,0.00025,0.00067
1577.0,2026-07-02T16:30:57.299,2,192.321,283.783,0.0,-0.0799,1000.0,RETURNING_TO_START,load_zone_1,dump_zone_2,0.00025,0.00067
1577.0,2026-07-02T16:30:57.299,3,703.088,-153.354,16.227,0.0833,0.0,GOING_TO_ENDPOINT,dump_zone_3,load_zone_26,0.000265,0.00071
1578.0,2026-07-02T16:31:02.452,1,194.551,283.556,0.0,-0.5,1000.0,RETURNING_TO_START,load_zone_1,dump_zone_1,0.00025,0.00067
1578.0,2026-07-02T16:31:02.452,2,192.321,283.783,0.0,-0.078,1000.0,RETURNING_TO_START,load_zone_1,dump_zone_2,0.00025,0.00067
1578.0,2026-07-02T16:31:02.452,3,702.615,-158.088,18.355,0.9196,0.0,GOING_TO_ENDPOINT,dump_zone_3,load_zone_26,0.000316,0.000847
1579.0,2026-07-02T16:31:05.283,1,194.551,283.556,0.0,-0.5,1000.0,RETURNING_TO_START,load_zone_1,dump_zone_1,0.00025,0.00067
1579.0,2026-07-02T16:31:05.283,2,192.321,283.783,0.0,-0.0765,1000.0,RETURNING_TO_START,load_zone_1,dump_zone_2,0.00025,0.00067
1579.0,2026-07-02T16:31:05.283,3,702.495,-163.56,20.305,0.0833,0.0,GOING_TO_ENDPOINT,dump_zone_3,load_zone_26,0.000268,0.000718
1580.0,2026-07-02T16:31:08.137,1,194.551,283.556,0.0,-0.5,1000.0,RETURNING_TO_START,load_zone_1,dump_zone_1,0.00025,0.00067
1580.0,2026-07-02T16:31:08.137,2,192.321,283.783,0.0,-0.0771,1000.0,RETURNING_TO_START,load_zone_1,dump_zone_2,0.00025,0.00067
1580.0,2026-07-02T16:31:08.137,3,702.497,-169.055,19.03,-0.5,0.0,GOING_TO_ENDPOINT,dump_zone_3,load_zone_26,0.00025,0.00067
1581.0,2026-07-02T16:31:13.051,1,194.551,283.556,0.0,-0.5,1000.0,RETURNING_TO_START,load_zone_1,dump_zone_1,0.00025,0.00067
1581.0,2026-07-02T16:31:13.051,2,192.321,283.783,0.0,-0.0774,1000.0,RETURNING_TO_START,load_zone_1,dump_zone_2,0.00025,0.00067
1581.0,2026-07-02T16:31:13.051,3,702.5,-174.07,17.23,-0.5,0.0,GOING_TO_ENDPOINT,dump_zone_3,load_zone_26,0.00025,0.00067
1582.0,2026-07-02T16:31:18.779,1,194.551,283.556,0.0,-0.5,1000.0,RETURNING_TO_START,load_zone_1,dump_zone_1,0.00025,0.00067
1582.0,2026-07-02T16:31:18.779,2,192.321,283.783,0.0,-0.0762,1000.0,RETURNING_TO_START,load_zone_1,dump_zone_2,0.00025,0.00067
1582.0,2026-07-02T16:31:18.779,3,702.5,-178.586,15.43,-0.5,0.0,GOING_TO_ENDPOINT,dump_zone_3,load_zone_26,0.00025,0.00067
1583.0,2026-07-02T16:31:22.271,1,194.551,283.556,0.0,-0.5,1000.0,RETURNING_TO_START,load_zone_1,dump_zone_1,0.00025,0.00067
1583.0,2026-07-02T16:31:22.271,2,192.321,283.783,0.0,-0.0741,1000.0,RETURNING_TO_START,load_zone_1,dump_zone_2,0.00025,0.00067
1583.0,2026-07-02T16:31:22.271,3,702.5,-182.601,13.63,-0.5,0.0,GOING_TO_ENDPOINT,dump_zone_3,load_zone_26,0.00025,0.00067
1584.0,2026-07-02T16:31:25.359,1,194.551,283.556,0.0,-0.5,1000.0,RETURNING_TO_START,load_zone_1,dump_zone_1,0.00025,0.00067
1584.0,2026-07-02T16:31:25.359,2,192.321,283.783,0.0,-0.0731,1000.0,RETURNING_TO_START,load_zone_1,dump_zone_2,0.00025,0.00067
1584.0,2026-07-02T16:31:25.359,3,702.5,-186.116,11.83,-0.5,0.0,GOING_TO_ENDPOINT,dump_zone_3,load_zone_26,0.00025,0.00067
1585.0,2026-07-02T16:31:28.065,1,194.551,283.556,0.0,-0.5,1000.0,RETURNING_TO_START,load_zone_1,dump_zone_1,0.00025,0.00067
1585.0,2026-07-02T16:31:28.065,2,192.321,283.783,0.0,-0.0719,1000.0,RETURNING_TO_START,load_zone_1,dump_zone_2,0.00025,0.00067
1585.0,2026-07-02T16:31:28.065,3,702.492,-189.131,10.03,-0.5,0.0,GOING_TO_ENDPOINT,dump_zone_3,load_zone_26,0.00025,0.00067
1586.0,2026-07-02T16:31:31.113,1,194.551,283.556,0.0,-0.5,1000.0,RETURNING_TO_START,load_zone_1,dump_zone_1,0.00025,0.00067
1586.0,2026-07-02T16:31:31.113,2,192.321,283.783,0.0,-0.0709,1000.0,RETURNING_TO_START,load_zone_1,dump_zone_2,0.00025,0.00067
1586.0,2026-07-02T16:31:31.113,3,702.298,-191.632,8.23,-0.5,0.0,GOING_TO_ENDPOINT,dump_zone_3,load_zone_26,0.00025,0.00067
1587.0,2026-07-02T16:31:33.734,1,194.551,283.556,0.0,-0.5,1000.0,RETURNING_TO_START,load_zone_1,dump_zone_1,0.00025,0.00067
1587.0,2026-07-02T16:31:33.734,2,192.321,283.783,0.0,-0.071,1000.0,RETURNING_TO_START,load_zone_1,dump_zone_2,0.00025,0.00067
1587.0,2026-07-02T16:31:33.734,3,702.069,-193.619,6.43,-0.5,0.0,GOING_TO_ENDPOINT,dump_zone_3,load_zone_26,0.00025,0.00067
1588.0,2026-07-02T16:31:36.368,1,194.551,283.556,0.0,-0.5,1000.0,RETURNING_TO_START,load_zone_1,dump_zone_1,0.00025,0.00067
1588.0,2026-07-02T16:31:36.368,2,192.321,283.783,0.0,-0.0697,1000.0,RETURNING_TO_START,load_zone_1,dump_zone_2,0.00025,0.00067
1588.0,2026-07-02T16:31:36.368,3,702.522,-195.056,4.63,-0.5,0.0,GOING_TO_ENDPOINT,dump_zone_3,load_zone_26,0.00025,0.00067
1589.0,2026-07-02T16:31:39.186,1,194.551,283.556,0.0,-0.5,1000.0,RETURNING_TO_START,load_zone_1,dump_zone_1,0.00025,0.00067
1589.0,2026-07-02T16:31:39.186,2,192.321,283.783,0.0,-0.0659,1000.0,RETURNING_TO_START,load_zone_1,dump_zone_2,0.00025,0.00067
1589.0,2026-07-02T16:31:39.186,3,703.107,-195.882,2.83,-0.5,0.0,LOADING,dump_zone_3,load_zone_26,0.00025,0.00067
1590.0,2026-07-02T16:31:42.174,1,194.551,283.556,0.0,-0.5,1000.0,RETURNING_TO_START,load_zone_1,dump_zone_1,0.00025,0.00067
1590.0,2026-07-02T16:31:42.174,2,192.321,283.783,0.0,-0.0635,1000.0,RETURNING_TO_START,load_zone_1,dump_zone_2,0.00025,0.00067
1590.0,2026-07-02T16:31:42.174,3,703.473,-196.245,1.03,-0.5,0.0,LOADING,dump_zone_3,load_zone_26,0.00025,0.00067
1591.0,2026-07-02T16:31:45.188,1,194.551,283.556,0.0,-0.5,1000.0,RETURNING_TO_START,load_zone_1,dump_zone_1,0.00025,0.00067
1591.0,2026-07-02T16:31:45.188,2,192.321,283.783,0.0,-0.0633,1000.0,RETURNING_TO_START,load_zone_1,dump_zone_2,0.00025,0.00067
1591.0,2026-07-02T16:31:45.188,3,703.524,-196.292,0.0,-0.5,0.0,LOADING,dump_zone_3,load_zone_26,0.00025,0.00067
1592.0,2026-07-02T16:31:47.967,1,194.551,283.556,0.0,-0.5,1000.0,RETURNING_TO_START,load_zone_1,dump_zone_1,0.00025,0.00067
1592.0,2026-07-02T16:31:47.967,2,192.321,283.783,0.0,-0.0631,1000.0,RETURNING_TO_START,load_zone_1,dump_zone_2,0.00025,0.00067
1592.0,2026-07-02T16:31:47.967,3,704.059,-196.69,7.2,0.0,1000.0,TURNING_AROUND,load_zone_26,dump_zone_3,0.000258,0.000691
1593.0,2026-07-02T16:31:50.098,1,194.551,283.556,0.0,-0.5,1000.0,RETURNING_TO_START,load_zone_1,dump_zone_1,0.00025,0.00067
1593.0,2026-07-02T16:31:50.098,2,192.321,283.783,0.0,-0.0604,1000.0,RETURNING_TO_START,load_zone_1,dump_zone_2,0.00025,0.00067
1593.0,2026-07-02T16:31:50.098,3,705.946,-197.287,7.2,0.0,1000.0,TURNING_AROUND,load_zone_26,dump_zone_3,0.000258,0.000691
1594.0,2026-07-02T16:31:52.449,1,194.551,283.556,0.0,-0.5,1000.0,RETURNING_TO_START,load_zone_1,dump_zone_1,0.00025,0.00067
1594.0,2026-07-02T16:31:52.449,2,192.321,283.783,0.0,-0.0585,1000.0,RETURNING_TO_START,load_zone_1,dump_zone_2,0.00025,0.00067
1594.0,2026-07-02T16:31:52.449,3,705.348,-197.511,5.4,0.0,1000.0,TURNING_AROUND,load_zone_26,dump_zone_3,0.000256,0.000686
1595.0,2026-07-02T16:31:54.721,1,194.551,283.556,0.0,-0.5,1000.0,RETURNING_TO_START,load_zone_1,dump_zone_1,0.00025,0.00067
1595.0,2026-07-02T16:31:54.721,2,192.321,283.783,0.0,-0.0548,1000.0,RETURNING_TO_START,load_zone_1,dump_zone_2,0.00025,0.00067
1595.0,2026-07-02T16:31:54.721,3,706.205,-196.774,7.2,0.0,1000.0,TURNING_AROUND,load_zone_26,dump_zone_3,0.000258,0.000691
1596.0,2026-07-02T16:31:56.853,1,194.551,283.556,0.0,-0.5,1000.0,RETURNING_TO_START,load_zone_1,dump_zone_1,0.00025,0.00067
1596.0,2026-07-02T16:31:56.853,2,192.321,283.783,0.0,-0.0558,1000.0,RETURNING_TO_START,load_zone_1,dump_zone_2,0.00025,0.00067
1596.0,2026-07-02T16:31:56.853,3,706.984,-195.596,5.4,0.0,1000.0,TURNING_AROUND,load_zone_26,dump_zone_3,0.000256,0.000686
1597.0,2026-07-02T16:31:59.136,1,194.551,283.556,0.0,-0.5,1000.0,RETURNING_TO_START,load_zone_1,dump_zone_1,0.00025,0.00067
1597.0,2026-07-02T16:31:59.136,2,192.321,283.783,0.0,-0.0564,1000.0,RETURNING_TO_START,load_zone_1,dump_zone_2,0.00025,0.00067
1597.0,2026-07-02T16:31:59.136,3,706.923,-195.817,0.389,0.4246,1000.0,RETURNING_TO_START,load_zone_26,dump_zone_3,0.000251,0.000673
1598.0,2026-07-02T16:32:01.585,1,194.551,283.556,0.0,-0.5,1000.0,RETURNING_TO_START,load_zone_1,dump_zone_1,0.00025,0.00067
1598.0,2026-07-02T16:32:01.585,2,192.321,283.783,0.0,-0.0543,1000.0,RETURNING_TO_START,load_zone_1,dump_zone_2,0.00025,0.00067
1598.0,2026-07-02T16:32:01.585,3,706.889,-195.291,3.478,1.0,1000.0,RETURNING_TO_START,load_zone_26,dump_zone_3,0.000272,0.000729
1599.0,2026-07-02T16:32:04.421,1,194.551,283.556,0.0,-0.5,1000.0,RETURNING_TO_START,load_zone_1,dump_zone_1,0.00025,0.00067
1599.0,2026-07-02T16:32:04.421,2,192.321,283.783,0.0,-0.0549,1000.0,RETURNING_TO_START,load_zone_1,dump_zone_2,0.00025,0.00067
1599.0,2026-07-02T16:32:04.421,3,706.406,-193.872,7.078,1.0,1000.0,RETURNING_TO_START,load_zone_26,dump_zone_3,0.000296,0.000793
1600.0,2026-07-02T16:32:07.263,1,194.551,283.556,0.0,-0.5,1000.0,RETURNING_TO_START,load_zone_1,dump_zone_1,0.00025,0.00067
1600.0,2026-07-02T16:32:07.263,2,192.321,283.783,0.0,-0.0546,1000.0,RETURNING_TO_START,load_zone_1,dump_zone_2,0.00025,0.00067
1600.0,2026-07-02T16:32:07.263,3,704.887,-191.883,10.678,1.0,1000.0,RETURNING_TO_START,load_zone_26,dump_zone_3,0.000319,0.000855
1601.0,2026-07-02T16:32:10.023,1,194.551,283.556,0.0,-0.5,1000.0,RETURNING_TO_START,load_zone_1,dump_zone_1,0.00025,0.00067
1601.0,2026-07-02T16:32:10.023,2,192.321,283.783,0.0,-0.0533,1000.0,RETURNING_TO_START,load_zone_1,dump_zone_2,0.00025,0.00067
1601.0,2026-07-02T16:32:10.023,3,702.357,-189.46,14.278,1.0,1000.0,RETURNING_TO_START,load_zone_26,dump_zone_3,0.000342,0.000917
1602.0,2026-07-02T16:32:12.760,1,194.551,283.556,0.0,-0.5,1000.0,RETURNING_TO_START,load_zone_1,dump_zone_1,0.00025,0.00067
1602.0,2026-07-02T16:32:12.760,2,192.321,283.783,0.0,-0.0513,1000.0,RETURNING_TO_START,load_zone_1,dump_zone_2,0.00025,0.00067
1602.0,2026-07-02T16:32:12.760,3,699.238,-186.235,17.878,1.0,1000.0,RETURNING_TO_START,load_zone_26,dump_zone_3,0.000365,0.000978
1603.0,2026-07-02T16:32:15.833,1,194.551,283.556,0.0,-0.5,1000.0,RETURNING_TO_START,load_zone_1,dump_zone_1,0.00025,0.00067
1603.0,2026-07-02T16:32:15.833,2,192.321,283.783,0.0,-0.0507,1000.0,RETURNING_TO_START,load_zone_1,dump_zone_2,0.00025,0.00067
1603.0,2026-07-02T16:32:15.833,3,697.607,-181.092,20.726,0.4394,1000.0,RETURNING_TO_START,load_zone_26,dump_zone_3,0.000321,0.00086
1604.0,2026-07-02T16:32:18.418,1,194.551,283.556,0.0,-0.5,1000.0,RETURNING_TO_START,load_zone_1,dump_zone_1,0.00025,0.00067
1604.0,2026-07-02T16:32:18.418,2,192.321,283.783,0.0,-0.0487,1000.0,RETURNING_TO_START,load_zone_1,dump_zone_2,0.00025,0.00067
1604.0,2026-07-02T16:32:18.418,3,697.466,-175.312,20.376,-0.5,1000.0,RETURNING_TO_START,load_zone_26,dump_zone_3,0.00025,0.00067
1605.0,2026-07-02T16:32:21.157,1,194.551,283.556,0.0,-0.5,1000.0,RETURNING_TO_START,load_zone_1,dump_zone_1,0.00025,0.00067
1605.0,2026-07-02T16:32:21.157,2,192.321,283.783,0.0,-0.0458,1000.0,RETURNING_TO_START,load_zone_1,dump_zone_2,0.00025,0.00067
1605.0,2026-07-02T16:32:21.157,3,697.502,-169.923,18.576,-0.5,1000.0,RETURNING_TO_START,load_zone_26,dump_zone_3,0.00025,0.00067
1606.0,2026-07-02T16:32:24.100,1,194.551,283.556,0.0,-0.5,1000.0,RETURNING_TO_START,load_zone_1,dump_zone_1,0.00025,0.00067
1606.0,2026-07-02T16:32:24.100,2,192.321,283.783,0.0,-0.0455,1000.0,RETURNING_TO_START,load_zone_1,dump_zone_2,0.00025,0.00067
1606.0,2026-07-02T16:32:24.100,3,697.502,-165.034,16.776,-0.5,1000.0,RETURNING_TO_START,load_zone_26,dump_zone_3,0.00025,0.00067
1607.0,2026-07-02T16:32:27.124,1,194.551,283.556,0.0,-0.5,1000.0,RETURNING_TO_START,load_zone_1,dump_zone_1,0.00025,0.00067
1607.0,2026-07-02T16:32:27.124,2,192.321,283.783,0.0,-0.0452,1000.0,RETURNING_TO_START,load_zone_1,dump_zone_2,0.00025,0.00067
1607.0,2026-07-02T16:32:27.124,3,697.5,-160.645,14.976,-0.5,1000.0,RETURNING_TO_START,load_zone_26,dump_zone_3,0.00025,0.00067
1608.0,2026-07-02T16:32:30.187,1,194.551,283.556,0.0,-0.5,1000.0,RETURNING_TO_START,load_zone_1,dump_zone_1,0.00025,0.00067
1608.0,2026-07-02T16:32:30.187,2,192.321,283.783,0.0,-0.0422,1000.0,RETURNING_TO_START,load_zone_1,dump_zone_2,0.00025,0.00067
1608.0,2026-07-02T16:32:30.187,3,697.5,-156.755,13.176,-0.5,1000.0,RETURNING_TO_START,load_zone_26,dump_zone_3,0.00025,0.00067
1609.0,2026-07-02T16:32:33.057,1,194.551,283.556,0.0,-0.5,1000.0,RETURNING_TO_START,load_zone_1,dump_zone_1,0.00025,0.00067
1609.0,2026-07-02T16:32:33.057,2,192.321,283.783,0.0,-0.0421,1000.0,RETURNING_TO_START,load_zone_1,dump_zone_2,0.00025,0.00067
1609.0,2026-07-02T16:32:33.057,3,697.501,-153.366,11.376,-0.5,1000.0,RETURNING_TO_START,load_zone_26,dump_zone_3,0.00025,0.00067
1610.0,2026-07-02T16:32:35.892,1,194.551,283.556,0.0,-0.5,1000.0,RETURNING_TO_START,load_zone_1,dump_zone_1,0.00025,0.00067
1610.0,2026-07-02T16:32:35.892,2,192.321,283.783,0.0,-0.0415,1000.0,RETURNING_TO_START,load_zone_1,dump_zone_2,0.00025,0.00067
1610.0,2026-07-02T16:32:35.892,3,697.386,-150.484,9.601,-0.4167,1000.0,RETURNING_TO_START,load_zone_26,dump_zone_3,0.00025,0.00067
1611.0,2026-07-02T16:32:38.488,1,194.551,283.556,0.0,-0.5,1000.0,RETURNING_TO_START,load_zone_1,dump_zone_1,0.00025,0.00067
1611.0,2026-07-02T16:32:38.488,2,192.321,283.783,0.0,-0.041,1000.0,RETURNING_TO_START,load_zone_1,dump_zone_2,0.00025,0.00067
1611.0,2026-07-02T16:32:38.488,3,696.049,-148.235,10.051,0.5833,1000.0,RETURNING_TO_START,load_zone_26,dump_zone_3,0.000292,0.000783
1612.0,2026-07-02T16:32:41.180,1,194.551,283.556,0.0,-0.5,1000.0,RETURNING_TO_START,load_zone_1,dump_zone_1,0.00025,0.00067
1612.0,2026-07-02T16:32:41.180,2,192.321,283.783,0.0,-0.0398,1000.0,RETURNING_TO_START,load_zone_1,dump_zone_2,0.00025,0.00067
1612.0,2026-07-02T16:32:41.180,3,693.581,-146.095,13.401,1.0,1000.0,RETURNING_TO_START,load_zone_26,dump_zone_3,0.000336,0.0009
1613.0,2026-07-02T16:32:43.639,1,194.551,283.556,0.0,-0.5,1000.0,RETURNING_TO_START,load_zone_1,dump_zone_1,0.00025,0.00067
1613.0,2026-07-02T16:32:43.639,2,192.321,283.783,0.0,-0.0372,1000.0,RETURNING_TO_START,load_zone_1,dump_zone_2,0.00025,0.00067
1613.0,2026-07-02T16:32:43.639,3,690.242,-143.444,17.001,1.0,1000.0,RETURNING_TO_START,load_zone_26,dump_zone_3,0.00036,0.000965
1614.0,2026-07-02T16:32:46.824,1,194.551,283.556,0.0,-0.5,1000.0,RETURNING_TO_START,load_zone_1,dump_zone_1,0.00025,0.00067
1614.0,2026-07-02T16:32:46.824,2,192.321,283.783,0.0,-0.0366,1000.0,RETURNING_TO_START,load_zone_1,dump_zone_2,0.00025,0.00067
1614.0,2026-07-02T16:32:46.824,3,686.367,-139.882,20.601,1.0,1000.0,RETURNING_TO_START,load_zone_26,dump_zone_3,0.000383,0.001026
1615.0,2026-07-02T16:32:49.809,1,194.551,283.556,0.0,-0.5,1000.0,RETURNING_TO_START,load_zone_1,dump_zone_1,0.00025,0.00067
1615.0,2026-07-02T16:32:49.809,2,192.321,283.783,0.0,-0.0359,1000.0,RETURNING_TO_START,load_zone_1,dump_zone_2,0.00025,0.00067
1615.0,2026-07-02T16:32:49.809,3,681.976,-135.516,23.401,0.4167,1000.0,RETURNING_TO_START,load_zone_26,dump_zone_3,0.000327,0.000876
1616.0,2026-07-02T16:32:52.564,1,194.551,283.556,0.0,-0.5,1000.0,RETURNING_TO_START,load_zone_1,dump_zone_1,0.00025,0.00067
1616.0,2026-07-02T16:32:52.564,2,192.321,283.783,0.0,-0.0342,1000.0,RETURNING_TO_START,load_zone_1,dump_zone_2,0.00025,0.00067
1616.0,2026-07-02T16:32:52.564,3,677.37,-130.906,23.014,-0.3953,1000.0,RETURNING_TO_START,load_zone_26,dump_zone_3,0.00025,0.00067
1617.0,2026-07-02T16:32:55.556,1,194.551,283.556,0.0,-0.5,1000.0,RETURNING_TO_START,load_zone_1,dump_zone_1,0.00025,0.00067
1617.0,2026-07-02T16:32:55.556,2,192.321,283.783,0.0,-0.0332,1000.0,RETURNING_TO_START,load_zone_1,dump_zone_2,0.00025,0.00067
1617.0,2026-07-02T16:32:55.556,3,673.018,-126.554,21.345,-0.5,1000.0,RETURNING_TO_START,load_zone_26,dump_zone_3,0.00025,0.00067
1618.0,2026-07-02T16:32:58.354,1,194.551,283.556,0.0,-0.5,1000.0,RETURNING_TO_START,load_zone_1,dump_zone_1,0.00025,0.00067
1618.0,2026-07-02T16:32:58.354,2,192.321,283.783,0.0,-0.0316,1000.0,RETURNING_TO_START,load_zone_1,dump_zone_2,0.00025,0.00067
1618.0,2026-07-02T16:32:58.354,3,669.017,-122.553,19.545,-0.5,1000.0,RETURNING_TO_START,load_zone_26,dump_zone_3,0.00025,0.00067
1619.0,2026-07-02T16:33:02.203,1,194.551,283.556,0.0,-0.5,1000.0,RETURNING_TO_START,load_zone_1,dump_zone_1,0.00025,0.00067
1619.0,2026-07-02T16:33:02.203,2,192.321,283.783,0.0,-0.0303,1000.0,RETURNING_TO_START,load_zone_1,dump_zone_2,0.00025,0.00067
1619.0,2026-07-02T16:33:02.203,3,665.37,-118.905,17.745,-0.5,1000.0,RETURNING_TO_START,load_zone_26,dump_zone_3,0.00025,0.00067
1620.0,2026-07-02T16:33:07.077,1,194.551,283.556,0.0,-0.5,1000.0,RETURNING_TO_START,load_zone_1,dump_zone_1,0.00025,0.00067
1620.0,2026-07-02T16:33:07.077,2,192.321,283.783,0.0,-0.029,1000.0,RETURNING_TO_START,load_zone_1,dump_zone_2,0.00025,0.00067
1620.0,2026-07-02T16:33:07.077,3,662.062,-115.598,16.27,-0.25,1000.0,RETURNING_TO_START,load_zone_26,dump_zone_3,0.00025,0.00067
1621.0,2026-07-02T16:33:10.134,1,194.551,283.556,0.0,-0.5,1000.0,RETURNING_TO_START,load_zone_1,dump_zone_1,0.00025,0.00067
1621.0,2026-07-02T16:33:10.134,2,192.321,283.783,0.0,-0.029,1000.0,RETURNING_TO_START,load_zone_1,dump_zone_2,0.00025,0.00067
1621.0,2026-07-02T16:33:10.134,3,659.037,-112.572,14.589,-0.5,1000.0,RETURNING_TO_START,load_zone_26,dump_zone_3,0.00025,0.00067
1622.0,2026-07-02T16:33:13.275,1,194.551,283.556,0.0,-0.5,1000.0,RETURNING_TO_START,load_zone_1,dump_zone_1,0.00025,0.00067
1622.0,2026-07-02T16:33:13.275,2,192.321,283.783,0.0,-0.0269,1000.0,RETURNING_TO_START,load_zone_1,dump_zone_2,0.00025,0.00067
1622.0,2026-07-02T16:33:13.275,3,656.362,-109.898,12.789,-0.5,1000.0,RETURNING_TO_START,load_zone_26,dump_zone_3,0.00025,0.00067
1623.0,2026-07-02T16:33:16.328,1,194.551,283.556,0.0,-0.5,1000.0,RETURNING_TO_START,load_zone_1,dump_zone_1,0.00025,0.00067
1623.0,2026-07-02T16:33:16.328,2,192.321,283.783,0.0,-0.0278,1000.0,RETURNING_TO_START,load_zone_1,dump_zone_2,0.00025,0.00067
1623.0,2026-07-02T16:33:16.328,3,654.021,-107.557,11.239,-0.25,1000.0,RETURNING_TO_START,load_zone_26,dump_zone_3,0.00025,0.00067
1624.0,2026-07-02T16:33:19.619,1,194.551,283.556,0.0,-0.5,1000.0,RETURNING_TO_START,load_zone_1,dump_zone_1,0.00025,0.00067
1624.0,2026-07-02T16:33:19.619,2,192.321,283.783,0.0,-0.0261,1000.0,RETURNING_TO_START,load_zone_1,dump_zone_2,0.00025,0.00067
1624.0,2026-07-02T16:33:19.619,3,651.96,-105.495,9.71,-0.5,1000.0,RETURNING_TO_START,load_zone_26,dump_zone_3,0.00025,0.00067
1625.0,2026-07-02T16:33:23.186,1,194.551,283.556,0.0,-0.5,1000.0,RETURNING_TO_START,load_zone_1,dump_zone_1,0.00025,0.00067
1625.0,2026-07-02T16:33:23.186,2,192.321,283.783,0.0,-0.0218,1000.0,RETURNING_TO_START,load_zone_1,dump_zone_2,0.00025,0.00067
1625.0,2026-07-02T16:33:23.186,3,650.248,-103.776,7.91,-0.5,1000.0,RETURNING_TO_START,load_zone_26,dump_zone_3,0.00025,0.00067
1626.0,2026-07-02T16:33:26.446,1,194.551,283.556,0.0,-0.5,1000.0,RETURNING_TO_START,load_zone_1,dump_zone_1,0.00025,0.00067
1626.0,2026-07-02T16:33:26.446,2,192.321,283.783,0.0,-0.0212,1000.0,RETURNING_TO_START,load_zone_1,dump_zone_2,0.00025,0.00067
1626.0,2026-07-02T16:33:26.446,3,648.772,-102.548,6.135,-0.4167,1000.0,RETURNING_TO_START,load_zone_26,dump_zone_3,0.00025,0.00067
1627.0,2026-07-02T16:33:31.031,1,194.551,283.556,0.0,-0.5,1000.0,RETURNING_TO_START,load_zone_1,dump_zone_1,0.00025,0.00067
1627.0,2026-07-02T16:33:31.031,2,192.321,283.783,0.0,-0.0214,1000.0,RETURNING_TO_START,load_zone_1,dump_zone_2,0.00025,0.00067
1627.0,2026-07-02T16:33:31.031,3,647.167,-102.065,6.585,0.5833,1000.0,RETURNING_TO_START,load_zone_26,dump_zone_3,0.000278,0.000745
1628.0,2026-07-02T16:33:36.983,1,194.551,283.556,0.0,-0.5,1000.0,RETURNING_TO_START,load_zone_1,dump_zone_1,0.00025,0.00067
1628.0,2026-07-02T16:33:36.983,2,192.321,283.783,0.0,-0.0207,1000.0,RETURNING_TO_START,load_zone_1,dump_zone_2,0.00025,0.00067
1628.0,2026-07-02T16:33:36.983,3,644.861,-102.058,9.935,1.0,1000.0,RETURNING_TO_START,load_zone_26,dump_zone_3,0.000314,0.000842
1629.0,2026-07-02T16:33:42.937,1,194.551,283.556,0.0,-0.5,1000.0,RETURNING_TO_START,load_zone_1,dump_zone_1,0.00025,0.00067
1629.0,2026-07-02T16:33:42.937,2,192.321,283.783,0.0,-0.0196,1000.0,RETURNING_TO_START,load_zone_1,dump_zone_2,0.00025,0.00067
1629.0,2026-07-02T16:33:42.937,3,641.565,-102.238,13.535,1.0,1000.0,RETURNING_TO_START,load_zone_26,dump_zone_3,0.000337,0.000903
1630.0,2026-07-02T16:33:50.022,1,194.551,283.556,0.0,-0.5,1000.0,RETURNING_TO_START,load_zone_1,dump_zone_1,0.00025,0.00067
1630.0,2026-07-02T16:33:50.022,2,192.321,283.783,0.0,-0.0176,1000.0,RETURNING_TO_START,load_zone_1,dump_zone_2,0.00025,0.00067
1630.0,2026-07-02T16:33:50.022,3,637.268,-102.444,17.135,1.0,1000.0,RETURNING_TO_START,load_zone_26,dump_zone_3,0.00036,0.000965
1631.0,2026-07-02T16:33:57.337,1,194.551,283.556,0.0,-0.5,1000.0,RETURNING_TO_START,load_zone_1,dump_zone_1,0.00025,0.00067
1631.0,2026-07-02T16:33:57.337,2,192.321,283.783,0.0,-0.0163,1000.0,RETURNING_TO_START,load_zone_1,dump_zone_2,0.00025,0.00067
1631.0,2026-07-02T16:33:57.337,3,632.016,-102.503,20.035,0.4167,1000.0,RETURNING_TO_START,load_zone_26,dump_zone_3,0.000316,0.000847
1632.0,2026-07-02T16:34:04.239,1,194.551,283.556,0.0,-0.5,1000.0,RETURNING_TO_START,load_zone_1,dump_zone_1,0.00025,0.00067
1632.0,2026-07-02T16:34:04.239,2,192.321,283.783,0.0,-0.0117,1000.0,RETURNING_TO_START,load_zone_1,dump_zone_2,0.00025,0.00067
1632.0,2026-07-02T16:34:04.239,3,626.436,-102.501,19.61,-0.5,1000.0,RETURNING_TO_START,load_zone_26,dump_zone_3,0.00025,0.00067
1633.0,2026-07-02T16:34:11.255,1,194.551,283.556,0.0,-0.5,1000.0,RETURNING_TO_START,load_zone_1,dump_zone_1,0.00025,0.00067
1633.0,2026-07-02T16:34:11.255,2,192.321,283.783,0.0,-0.0098,1000.0,RETURNING_TO_START,load_zone_1,dump_zone_2,0.00025,0.00067
1633.0,2026-07-02T16:34:11.255,3,621.259,-102.5,17.81,-0.5,1000.0,RETURNING_TO_START,load_zone_26,dump_zone_3,0.00025,0.00067
1634.0,2026-07-02T16:34:18.107,1,194.551,283.556,0.0,-0.5,1000.0,RETURNING_TO_START,load_zone_1,dump_zone_1,0.00025,0.00067
1634.0,2026-07-02T16:34:18.107,2,192.321,283.783,0.0,-0.0128,1000.0,RETURNING_TO_START,load_zone_1,dump_zone_2,0.00025,0.00067
1634.0,2026-07-02T16:34:18.107,3,616.583,-102.5,16.01,-0.5,1000.0,RETURNING_TO_START,load_zone_26,dump_zone_3,0.00025,0.00067
1635.0,2026-07-02T16:34:24.463,1,194.551,283.556,0.0,-0.5,1000.0,RETURNING_TO_START,load_zone_1,dump_zone_1,0.00025,0.00067
1635.0,2026-07-02T16:34:24.463,2,192.321,283.783,0.0,-0.0146,1000.0,RETURNING_TO_START,load_zone_1,dump_zone_2,0.00025,0.00067
1635.0,2026-07-02T16:34:24.463,3,612.407,-102.5,14.21,-0.5,1000.0,RETURNING_TO_START,load_zone_26,dump_zone_3,0.00025,0.00067
1636.0,2026-07-02T16:34:30.449,1,194.551,283.556,0.0,-0.5,1000.0,RETURNING_TO_START,load_zone_1,dump_zone_1,0.00025,0.00067
1636.0,2026-07-02T16:34:30.449,2,192.321,283.783,0.0,-0.0133,1000.0,RETURNING_TO_START,load_zone_1,dump_zone_2,0.00025,0.00067
1636.0,2026-07-02T16:34:30.449,3,608.731,-102.5,12.41,-0.5,1000.0,RETURNING_TO_START,load_zone_26,dump_zone_3,0.00025,0.00067
1637.0,2026-07-02T16:34:33.016,1,194.551,283.556,0.0,-0.5,1000.0,RETURNING_TO_START,load_zone_1,dump_zone_1,0.00025,0.00067
1637.0,2026-07-02T16:34:33.016,2,192.321,283.783,0.0,-0.0097,1000.0,RETURNING_TO_START,load_zone_1,dump_zone_2,0.00025,0.00067
1637.0,2026-07-02T16:34:33.016,3,605.554,-102.5,10.61,-0.5,1000.0,RETURNING_TO_START,load_zone_26,dump_zone_3,0.00025,0.00067
1638.0,2026-07-02T16:34:35.882,1,194.551,283.556,0.0,-0.5,1000.0,RETURNING_TO_START,load_zone_1,dump_zone_1,0.00025,0.00067
1638.0,2026-07-02T16:34:35.882,2,192.321,283.783,0.0,-0.0084,1000.0,RETURNING_TO_START,load_zone_1,dump_zone_2,0.00025,0.00067
1638.0,2026-07-02T16:34:35.882,3,602.878,-102.5,8.81,-0.5,1000.0,RETURNING_TO_START,load_zone_26,dump_zone_3,0.00025,0.00067
1639.0,2026-07-02T16:34:39.236,1,194.551,283.556,0.0,-0.5,1000.0,RETURNING_TO_START,load_zone_1,dump_zone_1,0.00025,0.00067
1639.0,2026-07-02T16:34:39.236,2,192.321,283.783,0.0,-0.0088,1000.0,RETURNING_TO_START,load_zone_1,dump_zone_2,0.00025,0.00067
1639.0,2026-07-02T16:34:39.236,3,600.694,-102.322,7.385,-0.0833,1000.0,RETURNING_TO_START,load_zone_26,dump_zone_3,0.000254,0.000681
1640.0,2026-07-02T16:34:42.400,1,194.551,283.556,0.0,-0.5,1000.0,RETURNING_TO_START,load_zone_1,dump_zone_1,0.00025,0.00067
1640.0,2026-07-02T16:34:42.400,2,192.321,283.783,0.0,-0.0071,1000.0,RETURNING_TO_START,load_zone_1,dump_zone_2,0.00025,0.00067
1640.0,2026-07-02T16:34:42.400,3,598.801,-101.224,8.985,0.75,1000.0,RETURNING_TO_START,load_zone_26,dump_zone_3,0.000296,0.000793
1641.0,2026-07-02T16:34:45.589,1,194.551,283.556,0.0,-0.5,1000.0,RETURNING_TO_START,load_zone_1,dump_zone_1,0.00025,0.00067
1641.0,2026-07-02T16:34:45.589,2,192.321,283.783,0.0,-0.005,1000.0,RETURNING_TO_START,load_zone_1,dump_zone_2,0.00025,0.00067
1641.0,2026-07-02T16:34:45.589,3,597.598,-98.854,9.785,-0.0833,1000.0,RETURNING_TO_START,load_zone_26,dump_zone_3,0.000256,0.000686
1642.0,2026-07-02T16:34:48.614,1,194.551,283.556,0.0,-0.5,1000.0,RETURNING_TO_START,load_zone_1,dump_zone_1,0.00025,0.00067
1642.0,2026-07-02T16:34:48.614,2,192.321,283.783,0.0,-0.0031,1000.0,RETURNING_TO_START,load_zone_1,dump_zone_2,0.00025,0.00067
1642.0,2026-07-02T16:34:48.614,3,597.294,-95.991,11.435,0.9167,1000.0,RETURNING_TO_START,load_zone_26,dump_zone_3,0.000319,0.000855
1643.0,2026-07-02T16:34:52.871,1,194.551,283.556,0.0,-0.5,1000.0,RETURNING_TO_START,load_zone_1,dump_zone_1,0.00025,0.00067
1643.0,2026-07-02T16:34:52.871,2,192.321,283.783,0.0,-0.0022,1000.0,RETURNING_TO_START,load_zone_1,dump_zone_2,0.00025,0.00067
1643.0,2026-07-02T16:34:52.871,3,597.324,-92.274,15.035,1.0,1000.0,RETURNING_TO_START,load_zone_26,dump_zone_3,0.000347,0.00093
1644.0,2026-07-02T16:35:03.645,1,194.551,283.556,0.0,-0.5,1000.0,RETURNING_TO_START,load_zone_1,dump_zone_1,0.00025,0.00067
1644.0,2026-07-02T16:35:03.645,2,192.321,283.783,0.0,-0.0022,1000.0,RETURNING_TO_START,load_zone_1,dump_zone_2,0.00025,0.00067
1644.0,2026-07-02T16:35:03.645,3,597.456,-87.558,18.635,1.0,1000.0,RETURNING_TO_START,load_zone_26,dump_zone_3,0.00037,0.000992
1645.0,2026-07-02T16:35:09.626,1,194.551,283.556,0.0,-0.5,1000.0,RETURNING_TO_START,load_zone_1,dump_zone_1,0.00025,0.00067
1645.0,2026-07-02T16:35:09.626,2,192.321,283.783,0.0,-0.0027,1000.0,RETURNING_TO_START,load_zone_1,dump_zone_2,0.00025,0.00067
1645.0,2026-07-02T16:35:09.626,3,597.501,-81.845,22.109,0.7906,1000.0,RETURNING_TO_START,load_zone_26,dump_zone_3,0.000368,0.000986
1646.0,2026-07-02T16:35:14.905,1,194.551,283.556,0.0,-0.5,1000.0,RETURNING_TO_START,load_zone_1,dump_zone_1,0.00025,0.00067
1646.0,2026-07-02T16:35:14.905,2,192.321,283.783,0.0,-0.0014,1000.0,RETURNING_TO_START,load_zone_1,dump_zone_2,0.00025,0.00067
1646.0,2026-07-02T16:35:14.905,3,597.5,-75.486,23.005,-0.2094,1000.0,RETURNING_TO_START,load_zone_26,dump_zone_3,0.00025,0.00067
1647.0,2026-07-02T16:35:24.595,1,194.551,283.556,0.0,-0.5,1000.0,RETURNING_TO_START,load_zone_1,dump_zone_1,0.00025,0.00067
1647.0,2026-07-02T16:35:24.595,2,192.321,283.783,0.0,-0.0001,1000.0,RETURNING_TO_START,load_zone_1,dump_zone_2,0.00025,0.00067
1647.0,2026-07-02T16:35:24.595,3,597.5,-69.233,22.068,-0.1397,1000.0,RETURNING_TO_START,load_zone_26,dump_zone_3,0.000257,0.000689
1648.0,2026-07-02T16:35:32.637,1,194.551,283.556,0.0,-0.5,1000.0,RETURNING_TO_START,load_zone_1,dump_zone_1,0.00025,0.00067
1648.0,2026-07-02T16:35:32.637,2,192.321,283.783,0.0,-0.0681,1000.0,RETURNING_TO_START,load_zone_1,dump_zone_2,0.00025,0.00067
1648.0,2026-07-02T16:35:32.637,3,597.5,-62.983,23.159,0.314,1000.0,RETURNING_TO_START,load_zone_26,dump_zone_3,0.000314,0.000842
1649.0,2026-07-02T16:35:38.554,1,194.551,283.556,0.0,-0.5,1000.0,RETURNING_TO_START,load_zone_1,dump_zone_1,0.00025,0.00067
1649.0,2026-07-02T16:35:38.554,2,192.321,283.783,0.0,-0.0366,1000.0,RETURNING_TO_START,load_zone_1,dump_zone_2,0.00025,0.00067
1649.0,2026-07-02T16:35:38.554,3,597.5,-56.496,23.547,0.1567,1000.0,RETURNING_TO_START,load_zone_26,dump_zone_3,0.000295,0.000791
1650.0,2026-07-02T16:35:45.015,1,194.551,283.556,0.0,-0.5,1000.0,RETURNING_TO_START,load_zone_1,dump_zone_1,0.00025,0.00067
1650.0,2026-07-02T16:35:45.015,2,192.321,283.783,0.0,-0.0585,1000.0,RETURNING_TO_START,load_zone_1,dump_zone_2,0.00025,0.00067
1650.0,2026-07-02T16:35:45.015,3,597.5,-49.986,23.202,-0.1772,1000.0,RETURNING_TO_START,load_zone_26,dump_zone_3,0.000252,0.000675
1651.0,2026-07-02T16:35:49.343,1,194.551,283.556,0.0,-0.5,1000.0,RETURNING_TO_START,load_zone_1,dump_zone_1,0.00025,0.00067
1651.0,2026-07-02T16:35:49.343,2,192.321,283.783,0.0,-0.0334,1000.0,RETURNING_TO_START,load_zone_1,dump_zone_2,0.00025,0.00067
1651.0,2026-07-02T16:35:49.343,3,597.5,-43.605,22.564,-0.1772,1000.0,RETURNING_TO_START,load_zone_26,dump_zone_3,0.000252,0.000675
1652.0,2026-07-02T16:35:55.086,1,194.551,283.556,0.0,-0.5,1000.0,RETURNING_TO_START,load_zone_1,dump_zone_1,0.00025,0.00067
1652.0,2026-07-02T16:35:55.086,2,192.321,283.783,0.0,-0.0557,1000.0,RETURNING_TO_START,load_zone_1,dump_zone_2,0.00025,0.00067
1652.0,2026-07-02T16:35:55.086,3,597.5,-37.304,22.831,0.1862,1000.0,RETURNING_TO_START,load_zone_26,dump_zone_3,0.000297,0.000796
1653.0,2026-07-02T16:36:00.984,1,194.551,283.556,0.0,-0.5,1000.0,RETURNING_TO_START,load_zone_1,dump_zone_1,0.00025,0.00067
1653.0,2026-07-02T16:36:00.984,2,192.321,283.783,0.0,-0.0228,1000.0,RETURNING_TO_START,load_zone_1,dump_zone_2,0.00025,0.00067
1653.0,2026-07-02T16:36:00.984,3,597.5,-30.843,23.573,0.133,1000.0,RETURNING_TO_START,load_zone_26,dump_zone_3,0.000292,0.000783
1654.0,2026-07-02T16:36:05.529,1,194.551,283.556,0.0,-0.5,1000.0,RETURNING_TO_START,load_zone_1,dump_zone_1,0.00025,0.00067
1654.0,2026-07-02T16:36:05.529,2,192.321,283.783,0.0,-0.0505,1000.0,RETURNING_TO_START,load_zone_1,dump_zone_2,0.00025,0.00067
1654.0,2026-07-02T16:36:05.529,3,597.5,-24.271,23.642,-0.1217,1000.0,RETURNING_TO_START,load_zone_26,dump_zone_3,0.000259,0.000694
1655.0,2026-07-02T16:36:09.094,1,194.551,283.556,0.0,-0.5,1000.0,RETURNING_TO_START,load_zone_1,dump_zone_1,0.00025,0.00067
1655.0,2026-07-02T16:36:09.094,2,192.321,283.783,0.0,-0.0123,1000.0,RETURNING_TO_START,load_zone_1,dump_zone_2,0.00025,0.00067
1655.0,2026-07-02T16:36:09.094,3,597.5,-17.873,22.746,0.0833,1000.0,RETURNING_TO_START,load_zone_26,dump_zone_3,0.000284,0.000761
1656.0,2026-07-02T16:36:12.930,1,194.551,283.556,0.0,-0.5,1000.0,RETURNING_TO_START,load_zone_1,dump_zone_1,0.00025,0.00067
1656.0,2026-07-02T16:36:12.930,2,192.321,283.783,0.0,-0.0401,1000.0,RETURNING_TO_START,load_zone_1,dump_zone_2,0.00025,0.00067
1656.0,2026-07-02T16:36:12.930,3,597.5,-11.501,22.7,-0.2821,1000.0,RETURNING_TO_START,load_zone_26,dump_zone_3,0.00025,0.00067
1657.0,2026-07-02T16:36:16.648,1,194.551,283.556,0.0,-0.5,1000.0,RETURNING_TO_START,load_zone_1,dump_zone_1,0.00025,0.00067
1657.0,2026-07-02T16:36:16.648,2,192.321,283.783,0.0,-0.0012,1000.0,RETURNING_TO_START,load_zone_1,dump_zone_2,0.00025,0.00067
1657.0,2026-07-02T16:36:16.648,3,597.5,-5.243,22.702,0.1127,1000.0,RETURNING_TO_START,load_zone_26,dump_zone_3,0.000288,0.000772
1658.0,2026-07-02T16:36:20.367,1,194.551,283.556,0.0,-0.5,1000.0,RETURNING_TO_START,load_zone_1,dump_zone_1,0.00025,0.00067
1658.0,2026-07-02T16:36:20.367,2,192.321,283.783,0.0,-0.0325,1000.0,RETURNING_TO_START,load_zone_1,dump_zone_2,0.00025,0.00067
1658.0,2026-07-02T16:36:20.367,3,597.5,1.07,22.97,0.2496,1000.0,RETURNING_TO_START,load_zone_26,dump_zone_3,0.000305,0.000817
1659.0,2026-07-02T16:36:24.421,1,194.551,283.556,0.0,-0.5,1000.0,RETURNING_TO_START,load_zone_1,dump_zone_1,0.00025,0.00067
1659.0,2026-07-02T16:36:24.421,2,192.321,283.783,0.0,-0.0589,1000.0,RETURNING_TO_START,load_zone_1,dump_zone_2,0.00025,0.00067
1659.0,2026-07-02T16:36:24.421,3,597.5,7.624,24.163,0.2145,1000.0,RETURNING_TO_START,load_zone_26,dump_zone_3,0.000303,0.000812
1660.0,2026-07-02T16:36:28.314,1,194.551,283.556,0.0,-0.5,1000.0,RETURNING_TO_START,load_zone_1,dump_zone_1,0.00025,0.00067
1660.0,2026-07-02T16:36:28.314,2,192.321,283.783,0.0,-0.0154,1000.0,RETURNING_TO_START,load_zone_1,dump_zone_2,0.00025,0.00067
1660.0,2026-07-02T16:36:28.314,3,597.5,14.26,23.261,-0.5,1000.0,RETURNING_TO_START,load_zone_26,dump_zone_3,0.00025,0.00067
1661.0,2026-07-02T16:36:32.189,1,194.551,283.556,0.0,-0.5,1000.0,RETURNING_TO_START,load_zone_1,dump_zone_1,0.00025,0.00067
1661.0,2026-07-02T16:36:32.189,2,192.321,283.783,0.0,-0.0445,1000.0,RETURNING_TO_START,load_zone_1,dump_zone_2,0.00025,0.00067
1661.0,2026-07-02T16:36:32.189,3,597.5,20.587,22.661,0.0833,1000.0,RETURNING_TO_START,load_zone_26,dump_zone_3,0.000284,0.000761
1662.0,2026-07-02T16:36:35.596,1,194.551,283.556,0.0,-0.5,1000.0,RETURNING_TO_START,load_zone_1,dump_zone_1,0.00025,0.00067
1662.0,2026-07-02T16:36:35.596,2,192.321,283.783,0.0,-0.0026,1000.0,RETURNING_TO_START,load_zone_1,dump_zone_2,0.00025,0.00067
1662.0,2026-07-02T16:36:35.596,3,597.5,27.041,23.538,0.0041,1000.0,RETURNING_TO_START,load_zone_26,dump_zone_3,0.000275,0.000737
1663.0,2026-07-02T16:36:38.654,1,194.551,283.556,0.0,-0.5,1000.0,RETURNING_TO_START,load_zone_1,dump_zone_1,0.00025,0.00067
1663.0,2026-07-02T16:36:38.654,2,192.321,283.783,0.0,-0.0269,1000.0,RETURNING_TO_START,load_zone_1,dump_zone_2,0.00025,0.00067
1663.0,2026-07-02T16:36:38.654,3,597.5,33.551,23.406,-0.043,1000.0,RETURNING_TO_START,load_zone_26,dump_zone_3,0.000269,0.000721
1664.0,2026-07-02T16:36:41.974,1,194.551,283.556,0.0,-0.5,1000.0,RETURNING_TO_START,load_zone_1,dump_zone_1,0.00025,0.00067
1664.0,2026-07-02T16:36:41.974,2,192.321,283.783,0.0,-0.0541,1000.0,RETURNING_TO_START,load_zone_1,dump_zone_2,0.00025,0.00067
1664.0,2026-07-02T16:36:41.974,3,597.5,40.09,23.825,0.1789,1000.0,RETURNING_TO_START,load_zone_26,dump_zone_3,0.000298,0.000799
1665.0,2026-07-02T16:36:45.261,1,194.551,283.556,0.0,-0.5,1000.0,RETURNING_TO_START,load_zone_1,dump_zone_1,0.00025,0.00067
1665.0,2026-07-02T16:36:45.261,2,192.321,283.783,0.0,-0.0086,1000.0,RETURNING_TO_START,load_zone_1,dump_zone_2,0.00025,0.00067
1665.0,2026-07-02T16:36:45.261,3,597.5,46.747,23.699,-0.2964,1000.0,RETURNING_TO_START,load_zone_26,dump_zone_3,0.00025,0.00067
1666.0,2026-07-02T16:36:48.427,1,194.551,283.556,0.0,-0.5,1000.0,RETURNING_TO_START,load_zone_1,dump_zone_1,0.00025,0.00067
1666.0,2026-07-02T16:36:48.427,2,192.321,283.783,0.0,-0.0336,1000.0,RETURNING_TO_START,load_zone_1,dump_zone_2,0.00025,0.00067
1666.0,2026-07-02T16:36:48.427,3,597.5,53.198,22.907,-0.0018,1000.0,RETURNING_TO_START,load_zone_26,dump_zone_3,0.000274,0.000734
1667.0,2026-07-02T16:36:51.879,1,194.551,283.556,0.0,-0.5,1000.0,RETURNING_TO_START,load_zone_1,dump_zone_1,0.00025,0.00067
1667.0,2026-07-02T16:36:51.879,2,192.321,283.783,0.0,-0.0563,1000.0,RETURNING_TO_START,load_zone_1,dump_zone_2,0.00025,0.00067
1667.0,2026-07-02T16:36:51.879,3,597.5,59.613,23.045,-0.0323,1000.0,RETURNING_TO_START,load_zone_26,dump_zone_3,0.00027,0.000724
1668.0,2026-07-02T16:36:54.818,1,194.551,283.556,0.0,-0.5,1000.0,RETURNING_TO_START,load_zone_1,dump_zone_1,0.00025,0.00067
1668.0,2026-07-02T16:36:54.818,2,192.321,283.783,0.0,-0.0643,1000.0,RETURNING_TO_START,load_zone_1,dump_zone_2,0.00025,0.00067
1668.0,2026-07-02T16:36:54.818,3,597.5,66.026,22.777,-0.3932,1000.0,RETURNING_TO_START,load_zone_26,dump_zone_3,0.00025,0.00067
1669.0,2026-07-02T16:36:57.805,1,194.551,283.556,0.0,-0.5,1000.0,RETURNING_TO_START,load_zone_1,dump_zone_1,0.00025,0.00067
1669.0,2026-07-02T16:36:57.805,2,192.321,283.783,0.0,-0.0164,1000.0,RETURNING_TO_START,load_zone_1,dump_zone_2,0.00025,0.00067
1669.0,2026-07-02T16:36:57.805,3,597.5,72.259,22.661,0.2735,1000.0,RETURNING_TO_START,load_zone_26,dump_zone_3,0.000307,0.000823
1670.0,2026-07-02T16:37:01.571,1,194.551,283.556,0.0,-0.5,1000.0,RETURNING_TO_START,load_zone_1,dump_zone_1,0.00025,0.00067
1670.0,2026-07-02T16:37:01.571,2,192.321,283.783,0.0,-0.0362,1000.0,RETURNING_TO_START,load_zone_1,dump_zone_2,0.00025,0.00067
1670.0,2026-07-02T16:37:01.571,3,597.5,78.578,22.846,0.1068,1000.0,RETURNING_TO_START,load_zone_26,dump_zone_3,0.000287,0.000769
1671.0,2026-07-02T16:37:04.990,1,194.551,283.556,0.0,-0.5,1000.0,RETURNING_TO_START,load_zone_1,dump_zone_1,0.00025,0.00067
1671.0,2026-07-02T16:37:04.990,2,192.321,283.783,0.0,-0.0481,1000.0,RETURNING_TO_START,load_zone_1,dump_zone_2,0.00025,0.00067
1671.0,2026-07-02T16:37:04.990,3,597.5,85.072,23.708,-0.0064,1000.0,RETURNING_TO_START,load_zone_26,dump_zone_3,0.000274,0.000734
1672.0,2026-07-02T16:37:08.264,1,194.551,283.556,0.0,-0.5,1000.0,RETURNING_TO_START,load_zone_1,dump_zone_1,0.00025,0.00067
1672.0,2026-07-02T16:37:08.264,2,192.321,283.783,0.0,-0.0576,1000.0,RETURNING_TO_START,load_zone_1,dump_zone_2,0.00025,0.00067
1672.0,2026-07-02T16:37:08.264,3,597.5,91.487,22.399,-0.4167,1000.0,RETURNING_TO_START,load_zone_26,dump_zone_3,0.00025,0.00067
1673.0,2026-07-02T16:37:11.966,1,194.551,283.556,0.0,-0.5,1000.0,RETURNING_TO_START,load_zone_1,dump_zone_1,0.00025,0.00067
1673.0,2026-07-02T16:37:11.966,2,192.321,283.783,0.0,-0.0093,1000.0,RETURNING_TO_START,load_zone_1,dump_zone_2,0.00025,0.00067
1673.0,2026-07-02T16:37:11.966,3,597.5,97.694,22.849,0.5833,1000.0,RETURNING_TO_START,load_zone_26,dump_zone_3,0.000346,0.000927
1674.0,2026-07-02T16:37:15.680,1,194.551,283.556,0.0,-0.5,1000.0,RETURNING_TO_START,load_zone_1,dump_zone_1,0.00025,0.00067
1674.0,2026-07-02T16:37:15.680,2,192.321,283.783,0.0,-0.0232,1000.0,RETURNING_TO_START,load_zone_1,dump_zone_2,0.00025,0.00067
1674.0,2026-07-02T16:37:15.680,3,597.5,104.3,24.078,-0.0971,1000.0,RETURNING_TO_START,load_zone_26,dump_zone_3,0.000263,0.000705
1675.0,2026-07-02T16:37:19.323,1,194.551,283.556,0.0,-0.5,1000.0,RETURNING_TO_START,load_zone_1,dump_zone_1,0.00025,0.00067
1675.0,2026-07-02T16:37:19.323,2,192.321,283.783,0.0,-0.03,1000.0,RETURNING_TO_START,load_zone_1,dump_zone_2,0.00025,0.00067
1675.0,2026-07-02T16:37:19.323,3,597.5,110.824,23.162,-0.0833,1000.0,RETURNING_TO_START,load_zone_26,dump_zone_3,0.000264,0.000708
1676.0,2026-07-02T16:37:23.621,1,194.551,283.556,0.0,-0.5,1000.0,RETURNING_TO_START,load_zone_1,dump_zone_1,0.00025,0.00067
1676.0,2026-07-02T16:37:23.621,2,192.321,283.783,0.0,-0.0384,1000.0,RETURNING_TO_START,load_zone_1,dump_zone_2,0.00025,0.00067
1676.0,2026-07-02T16:37:23.621,3,597.5,117.261,23.227,-0.0964,1000.0,RETURNING_TO_START,load_zone_26,dump_zone_3,0.000262,0.000702
1677.0,2026-07-02T16:37:27.445,1,194.551,283.556,0.0,-0.5,1000.0,RETURNING_TO_START,load_zone_1,dump_zone_1,0.00025,0.00067
1677.0,2026-07-02T16:37:27.445,2,192.321,283.783,0.0,-0.0461,1000.0,RETURNING_TO_START,load_zone_1,dump_zone_2,0.00025,0.00067
1677.0,2026-07-02T16:37:27.445,3,597.5,123.781,23.935,0.1979,1000.0,RETURNING_TO_START,load_zone_26,dump_zone_3,0.000301,0.000807
1678.0,2026-07-02T16:37:31.355,1,194.551,283.556,0.0,-0.5,1000.0,RETURNING_TO_START,load_zone_1,dump_zone_1,0.00025,0.00067
1678.0,2026-07-02T16:37:31.355,2,192.321,283.783,0.0,-0.0529,1000.0,RETURNING_TO_START,load_zone_1,dump_zone_2,0.00025,0.00067
1678.0,2026-07-02T16:37:31.355,3,597.5,130.468,23.798,-0.3021,1000.0,RETURNING_TO_START,load_zone_26,dump_zone_3,0.00025,0.00067
1679.0,2026-07-02T16:37:39.283,1,194.551,283.556,0.0,-0.5,1000.0,RETURNING_TO_START,load_zone_1,dump_zone_1,0.00025,0.00067
1679.0,2026-07-02T16:37:39.283,2,192.321,283.783,0.0,-0.0623,1000.0,RETURNING_TO_START,load_zone_1,dump_zone_2,0.00025,0.00067
1679.0,2026-07-02T16:37:39.283,3,597.5,136.954,23.21,-0.0196,1000.0,RETURNING_TO_START,load_zone_26,dump_zone_3,0.000272,0.000729
1680.0,2026-07-02T16:37:42.759,1,194.551,283.556,0.0,-0.5,1000.0,RETURNING_TO_START,load_zone_1,dump_zone_1,0.00025,0.00067
1680.0,2026-07-02T16:37:42.759,2,192.321,283.783,0.0,-0.0073,1000.0,RETURNING_TO_START,load_zone_1,dump_zone_2,0.00025,0.00067
1680.0,2026-07-02T16:37:42.759,3,597.5,143.33,22.771,0.1023,1000.0,RETURNING_TO_START,load_zone_26,dump_zone_3,0.000287,0.000769
1681.0,2026-07-02T16:37:48.797,1,194.551,283.556,0.0,-0.5,1000.0,RETURNING_TO_START,load_zone_1,dump_zone_1,0.00025,0.00067
1681.0,2026-07-02T16:37:48.797,2,192.321,283.783,0.0,-0.02,1000.0,RETURNING_TO_START,load_zone_1,dump_zone_2,0.00025,0.00067
1681.0,2026-07-02T16:37:48.797,3,597.5,149.799,23.707,0.2307,1000.0,RETURNING_TO_START,load_zone_26,dump_zone_3,0.000305,0.000817
1682.0,2026-07-02T16:37:53.000,1,194.551,283.556,0.0,-0.5,1000.0,RETURNING_TO_START,load_zone_1,dump_zone_1,0.00025,0.00067
1682.0,2026-07-02T16:37:53.000,2,192.321,283.783,0.0,-0.0248,1000.0,RETURNING_TO_START,load_zone_1,dump_zone_2,0.00025,0.00067
1682.0,2026-07-02T16:37:53.000,3,597.5,156.389,23.224,-0.5,1000.0,RETURNING_TO_START,load_zone_26,dump_zone_3,0.00025,0.00067
1683.0,2026-07-02T16:37:57.363,1,194.551,283.556,0.0,-0.5,1000.0,RETURNING_TO_START,load_zone_1,dump_zone_1,0.00025,0.00067
1683.0,2026-07-02T16:37:57.363,2,192.321,283.783,0.0,-0.0322,1000.0,RETURNING_TO_START,load_zone_1,dump_zone_2,0.00025,0.00067
1683.0,2026-07-02T16:37:57.363,3,597.5,162.57,21.424,-0.5,1000.0,RETURNING_TO_START,load_zone_26,dump_zone_3,0.00025,0.00067
1684.0,2026-07-02T16:38:00.795,1,194.551,283.556,0.0,-0.5,1000.0,RETURNING_TO_START,load_zone_1,dump_zone_1,0.00025,0.00067
1684.0,2026-07-02T16:38:00.795,2,192.321,283.783,0.0,-0.0409,1000.0,RETURNING_TO_START,load_zone_1,dump_zone_2,0.00025,0.00067
1684.0,2026-07-02T16:38:00.795,3,597.5,168.25,19.624,-0.5,1000.0,RETURNING_TO_START,load_zone_26,dump_zone_3,0.00025,0.00067
1685.0,2026-07-02T16:38:04.600,1,194.551,283.556,0.0,-0.5,1000.0,RETURNING_TO_START,load_zone_1,dump_zone_1,0.00025,0.00067
1685.0,2026-07-02T16:38:04.600,2,192.321,283.783,0.0,-0.0491,1000.0,RETURNING_TO_START,load_zone_1,dump_zone_2,0.00025,0.00067
1685.0,2026-07-02T16:38:04.600,3,597.5,173.43,17.824,-0.5,1000.0,RETURNING_TO_START,load_zone_26,dump_zone_3,0.00025,0.00067
1686.0,2026-07-02T16:38:08.125,1,194.551,283.556,0.0,-0.5,1000.0,RETURNING_TO_START,load_zone_1,dump_zone_1,0.00025,0.00067
1686.0,2026-07-02T16:38:08.125,2,192.321,283.783,0.0,-0.0566,1000.0,RETURNING_TO_START,load_zone_1,dump_zone_2,0.00025,0.00067
1686.0,2026-07-02T16:38:08.125,3,597.5,178.11,16.024,-0.5,1000.0,RETURNING_TO_START,load_zone_26,dump_zone_3,0.00025,0.00067
1687.0,2026-07-02T16:38:11.790,1,194.551,283.556,0.0,-0.5,1000.0,RETURNING_TO_START,load_zone_1,dump_zone_1,0.00025,0.00067
1687.0,2026-07-02T16:38:11.790,2,192.321,283.783,0.0,-0.0001,1000.0,RETURNING_TO_START,load_zone_1,dump_zone_2,0.00025,0.00067
1687.0,2026-07-02T16:38:11.790,3,597.5,182.29,14.224,-0.5,1000.0,RETURNING_TO_START,load_zone_26,dump_zone_3,0.00025,0.00067
1688.0,2026-07-02T16:38:20.302,1,194.551,283.556,0.0,-0.5,1000.0,RETURNING_TO_START,load_zone_1,dump_zone_1,0.00025,0.00067
1688.0,2026-07-02T16:38:20.302,2,192.321,283.783,0.0,-0.0106,1000.0,RETURNING_TO_START,load_zone_1,dump_zone_2,0.00025,0.00067
1688.0,2026-07-02T16:38:20.302,3,597.48,185.97,12.424,-0.5,1000.0,RETURNING_TO_START,load_zone_26,dump_zone_3,0.00025,0.00067
1689.0,2026-07-02T16:38:28.279,1,194.551,283.556,0.0,-0.5,1000.0,RETURNING_TO_START,load_zone_1,dump_zone_1,0.00025,0.00067
1689.0,2026-07-02T16:38:28.279,2,192.321,283.783,0.0,-0.0116,1000.0,RETURNING_TO_START,load_zone_1,dump_zone_2,0.00025,0.00067
1689.0,2026-07-02T16:38:28.279,3,596.788,189.051,10.624,-0.5,1000.0,RETURNING_TO_START,load_zone_26,dump_zone_3,0.00025,0.00067
1690.0,2026-07-02T16:38:34.100,1,194.551,283.556,0.0,-0.5,1000.0,RETURNING_TO_START,load_zone_1,dump_zone_1,0.00025,0.00067
1690.0,2026-07-02T16:38:34.100,2,192.321,283.783,0.0,-0.0134,1000.0,RETURNING_TO_START,load_zone_1,dump_zone_2,0.00025,0.00067
1690.0,2026-07-02T16:38:34.100,3,595.865,191.565,8.824,-0.5,1000.0,RETURNING_TO_START,load_zone_26,dump_zone_3,0.00025,0.00067
1691.0,2026-07-02T16:38:39.216,1,194.551,283.556,0.0,-0.5,1000.0,RETURNING_TO_START,load_zone_1,dump_zone_1,0.00025,0.00067
1691.0,2026-07-02T16:38:39.216,2,192.321,283.783,0.0,-0.0192,1000.0,RETURNING_TO_START,load_zone_1,dump_zone_2,0.00025,0.00067
1691.0,2026-07-02T16:38:39.216,3,595.548,193.719,7.024,-0.5,1000.0,RETURNING_TO_START,load_zone_26,dump_zone_3,0.00025,0.00067
1692.0,2026-07-02T16:38:44.983,1,194.551,283.556,0.0,-0.5,1000.0,RETURNING_TO_START,load_zone_1,dump_zone_1,0.00025,0.00067
1692.0,2026-07-02T16:38:44.983,2,192.321,283.783,0.0,-0.0141,1000.0,RETURNING_TO_START,load_zone_1,dump_zone_2,0.00025,0.00067
1692.0,2026-07-02T16:38:44.983,3,595.572,195.415,5.474,-0.25,1000.0,RETURNING_TO_START,load_zone_26,dump_zone_3,0.00025,0.00067
1693.0,2026-07-02T16:38:50.638,1,194.551,283.556,0.0,-0.5,1000.0,RETURNING_TO_START,load_zone_1,dump_zone_1,0.00025,0.00067
1693.0,2026-07-02T16:38:50.638,2,192.321,283.783,0.0,-0.0141,1000.0,RETURNING_TO_START,load_zone_1,dump_zone_2,0.00025,0.00067
1693.0,2026-07-02T16:38:50.638,3,595.975,196.867,5.424,0.0833,1000.0,RETURNING_TO_START,load_zone_26,dump_zone_3,0.000258,0.000691
1694.0,2026-07-02T16:38:55.766,1,194.551,283.556,0.0,-0.5,1000.0,RETURNING_TO_START,load_zone_1,dump_zone_1,0.00025,0.00067
1694.0,2026-07-02T16:38:55.766,2,192.321,283.783,0.0,-0.0145,1000.0,RETURNING_TO_START,load_zone_1,dump_zone_2,0.00025,0.00067
1694.0,2026-07-02T16:38:55.766,3,596.671,198.404,6.568,0.2114,1000.0,RETURNING_TO_START,load_zone_26,dump_zone_3,0.000264,0.000708
1695.0,2026-07-02T16:39:00.556,1,194.551,283.556,0.0,-0.5,1000.0,RETURNING_TO_START,load_zone_1,dump_zone_1,0.00025,0.00067
1695.0,2026-07-02T16:39:00.556,2,192.321,283.783,0.0,-0.0146,1000.0,RETURNING_TO_START,load_zone_1,dump_zone_2,0.00025,0.00067
1695.0,2026-07-02T16:39:00.556,3,597.847,200.189,9.164,1.0,1000.0,RETURNING_TO_START,load_zone_26,dump_zone_3,0.000309,0.000828
1696.0,2026-07-02T16:39:05.155,1,194.551,283.556,0.0,-0.5,1000.0,RETURNING_TO_START,load_zone_1,dump_zone_1,0.00025,0.00067
1696.0,2026-07-02T16:39:05.155,2,192.321,283.783,0.0,-0.0137,1000.0,RETURNING_TO_START,load_zone_1,dump_zone_2,0.00025,0.00067
1696.0,2026-07-02T16:39:05.155,3,600.546,201.42,12.064,0.4167,1000.0,RETURNING_TO_START,load_zone_26,dump_zone_3,0.00029,0.000777
1697.0,2026-07-02T16:39:09.690,1,194.551,283.556,0.0,-0.5,1000.0,RETURNING_TO_START,load_zone_1,dump_zone_1,0.00025,0.00067
1697.0,2026-07-02T16:39:09.690,2,192.321,283.783,0.0,-0.0115,1000.0,RETURNING_TO_START,load_zone_1,dump_zone_2,0.00025,0.00067
1697.0,2026-07-02T16:39:09.690,3,603.696,200.437,11.639,-0.5,1000.0,RETURNING_TO_START,load_zone_26,dump_zone_3,0.00025,0.00067
1698.0,2026-07-02T16:39:16.058,1,194.551,283.556,0.0,-0.5,1000.0,RETURNING_TO_START,load_zone_1,dump_zone_1,0.00025,0.00067
1698.0,2026-07-02T16:39:16.058,2,192.321,283.783,0.0,-0.0101,1000.0,RETURNING_TO_START,load_zone_1,dump_zone_2,0.00025,0.00067
1698.0,2026-07-02T16:39:16.058,3,606.45,199.376,9.864,-0.4167,1000.0,RETURNING_TO_START,load_zone_26,dump_zone_3,0.00025,0.00067
1699.0,2026-07-02T16:39:21.557,1,194.551,283.556,0.0,-0.5,1000.0,RETURNING_TO_START,load_zone_1,dump_zone_1,0.00025,0.00067
1699.0,2026-07-02T16:39:21.557,2,192.321,283.783,0.0,-0.0039,1000.0,RETURNING_TO_START,load_zone_1,dump_zone_2,0.00025,0.00067
1699.0,2026-07-02T16:39:21.557,3,609.072,198.955,9.414,-0.0833,1000.0,RETURNING_TO_START,load_zone_26,dump_zone_3,0.000256,0.000686
1700.0,2026-07-02T16:39:25.947,1,194.551,283.556,0.0,-0.5,1000.0,RETURNING_TO_START,load_zone_1,dump_zone_1,0.00025,0.00067
1700.0,2026-07-02T16:39:25.947,2,192.321,283.783,0.0,-0.0634,1000.0,RETURNING_TO_START,load_zone_1,dump_zone_2,0.00025,0.00067
1700.0,2026-07-02T16:39:25.947,3,611.847,198.8,11.064,0.9167,1000.0,RETURNING_TO_START,load_zone_26,dump_zone_3,0.000316,0.000847
1701.0,2026-07-02T16:39:31.359,1,194.551,283.556,0.0,-0.5,1000.0,RETURNING_TO_START,load_zone_1,dump_zone_1,0.00025,0.00067
1701.0,2026-07-02T16:39:31.359,2,192.321,283.783,0.0,-0.0558,1000.0,RETURNING_TO_START,load_zone_1,dump_zone_2,0.00025,0.00067
1701.0,2026-07-02T16:39:31.359,3,615.461,198.863,14.664,1.0,1000.0,RETURNING_TO_START,load_zone_26,dump_zone_3,0.000345,0.000925
1702.0,2026-07-02T16:39:35.801,1,194.551,283.556,0.0,-0.5,1000.0,RETURNING_TO_START,load_zone_1,dump_zone_1,0.00025,0.00067
1702.0,2026-07-02T16:39:35.801,2,192.321,283.783,0.0,-0.049,1000.0,RETURNING_TO_START,load_zone_1,dump_zone_2,0.00025,0.00067
1702.0,2026-07-02T16:39:35.801,3,620.042,199.208,17.889,0.5833,1000.0,RETURNING_TO_START,load_zone_26,dump_zone_3,0.000325,0.000871
1703.0,2026-07-02T16:39:40.480,1,194.551,283.556,0.0,-0.5,1000.0,RETURNING_TO_START,load_zone_1,dump_zone_1,0.00025,0.00067
1703.0,2026-07-02T16:39:40.480,2,192.321,283.783,0.0,-0.0415,1000.0,RETURNING_TO_START,load_zone_1,dump_zone_2,0.00025,0.00067
1703.0,2026-07-02T16:39:40.480,3,625.105,199.792,18.224,-0.3335,1000.0,RETURNING_TO_START,load_zone_26,dump_zone_3,0.00025,0.00067
1704.0,2026-07-02T16:39:45.002,1,194.551,283.556,0.0,-0.5,1000.0,RETURNING_TO_START,load_zone_1,dump_zone_1,0.00025,0.00067
1704.0,2026-07-02T16:39:45.002,2,192.321,283.783,0.0,-0.0249,1000.0,RETURNING_TO_START,load_zone_1,dump_zone_2,0.00025,0.00067
1704.0,2026-07-02T16:39:45.002,3,629.859,200.44,16.449,-0.5,1000.0,RETURNING_TO_START,load_zone_26,dump_zone_3,0.00025,0.00067
1705.0,2026-07-02T16:39:48.381,1,194.551,283.556,0.0,-0.5,1000.0,RETURNING_TO_START,load_zone_1,dump_zone_1,0.00025,0.00067
1705.0,2026-07-02T16:39:48.381,2,192.321,283.783,0.0,-0.0134,1000.0,RETURNING_TO_START,load_zone_1,dump_zone_2,0.00025,0.00067
1705.0,2026-07-02T16:39:48.381,3,634.115,201.041,14.649,-0.5,1000.0,RETURNING_TO_START,load_zone_26,dump_zone_3,0.00025,0.00067
1706.0,2026-07-02T16:39:51.876,1,194.551,283.556,0.0,-0.5,1000.0,RETURNING_TO_START,load_zone_1,dump_zone_1,0.00025,0.00067
1706.0,2026-07-02T16:39:51.876,2,192.321,283.783,0.0,-0.0642,1000.0,RETURNING_TO_START,load_zone_1,dump_zone_2,0.00025,0.00067
1706.0,2026-07-02T16:39:51.876,3,637.88,201.546,12.849,-0.5,1000.0,RETURNING_TO_START,load_zone_26,dump_zone_3,0.00025,0.00067
1707.0,2026-07-02T16:39:56.217,1,194.551,283.556,0.0,-0.5,1000.0,RETURNING_TO_START,load_zone_1,dump_zone_1,0.00025,0.00067
1707.0,2026-07-02T16:39:56.217,2,192.321,283.783,0.0,-0.0492,1000.0,RETURNING_TO_START,load_zone_1,dump_zone_2,0.00025,0.00067
1707.0,2026-07-02T16:39:56.217,3,641.165,201.932,11.149,-0.5,1000.0,RETURNING_TO_START,load_zone_26,dump_zone_3,0.00025,0.00067
1708.0,2026-07-02T16:40:00.342,1,194.551,283.556,0.0,-0.5,1000.0,RETURNING_TO_START,load_zone_1,dump_zone_1,0.00025,0.00067
1708.0,2026-07-02T16:40:00.342,2,192.321,283.783,0.0,-0.0347,1000.0,RETURNING_TO_START,load_zone_1,dump_zone_2,0.00025,0.00067
1708.0,2026-07-02T16:40:00.342,3,643.978,202.203,9.374,-0.4167,1000.0,RETURNING_TO_START,load_zone_26,dump_zone_3,0.00025,0.00067
1709.0,2026-07-02T16:40:04.270,1,194.551,283.556,0.0,-0.5,1000.0,RETURNING_TO_START,load_zone_1,dump_zone_1,0.00025,0.00067
1709.0,2026-07-02T16:40:04.270,2,192.321,283.783,0.0,-0.0193,1000.0,RETURNING_TO_START,load_zone_1,dump_zone_2,0.00025,0.00067
1709.0,2026-07-02T16:40:04.270,3,646.34,202.368,7.786,-0.4034,1000.0,RETURNING_TO_START,load_zone_26,dump_zone_3,0.00025,0.00067
1710.0,2026-07-02T16:40:09.189,1,194.551,283.556,0.0,-0.5,1000.0,RETURNING_TO_START,load_zone_1,dump_zone_1,0.00025,0.00067
1710.0,2026-07-02T16:40:09.189,2,192.321,283.783,0.0,-0.0066,1000.0,RETURNING_TO_START,load_zone_1,dump_zone_2,0.00025,0.00067
1710.0,2026-07-02T16:40:09.189,3,648.355,202.393,6.968,0.0028,1000.0,RETURNING_TO_START,load_zone_26,dump_zone_3,0.000257,0.000689
1711.0,2026-07-02T16:40:12.560,1,194.551,283.556,0.0,-0.5,1000.0,RETURNING_TO_START,load_zone_1,dump_zone_1,0.00025,0.00067
1711.0,2026-07-02T16:40:12.560,2,192.321,283.783,0.0,-0.0574,1000.0,RETURNING_TO_START,load_zone_1,dump_zone_2,0.00025,0.00067
1711.0,2026-07-02T16:40:12.560,3,650.27,201.848,7.878,0.6694,1000.0,RETURNING_TO_START,load_zone_26,dump_zone_3,0.000287,0.000769
1712.0,2026-07-02T16:40:16.670,1,194.551,283.556,0.0,-0.5,1000.0,RETURNING_TO_START,load_zone_1,dump_zone_1,0.00025,0.00067
1712.0,2026-07-02T16:40:16.670,2,192.321,283.783,0.0,-0.0425,1000.0,RETURNING_TO_START,load_zone_1,dump_zone_2,0.00025,0.00067
1712.0,2026-07-02T16:40:16.670,3,652.005,199.909,10.63,0.4167,1000.0,RETURNING_TO_START,load_zone_26,dump_zone_3,0.000285,0.000764
1713.0,2026-07-02T16:40:20.377,1,194.551,283.556,0.0,-0.5,1000.0,RETURNING_TO_START,load_zone_1,dump_zone_1,0.00025,0.00067
1713.0,2026-07-02T16:40:20.377,2,192.321,283.783,0.0,-0.0294,1000.0,RETURNING_TO_START,load_zone_1,dump_zone_2,0.00025,0.00067
1713.0,2026-07-02T16:40:20.377,3,652.553,196.954,11.13,0.25,1000.0,RETURNING_TO_START,load_zone_26,dump_zone_3,0.000277,0.000742
1714.0,2026-07-02T16:40:24.056,1,194.551,283.556,0.0,-0.5,1000.0,RETURNING_TO_START,load_zone_1,dump_zone_1,0.00025,0.00067
1714.0,2026-07-02T16:40:24.056,2,192.321,283.783,0.0,-0.0179,1000.0,RETURNING_TO_START,load_zone_1,dump_zone_2,0.00025,0.00067
1714.0,2026-07-02T16:40:24.056,3,652.533,193.528,13.68,0.75,1000.0,RETURNING_TO_START,load_zone_26,dump_zone_3,0.00032,0.000858
1715.0,2026-07-02T16:40:28.090,1,194.551,283.556,0.0,-0.5,1000.0,RETURNING_TO_START,load_zone_1,dump_zone_1,0.00025,0.00067
1715.0,2026-07-02T16:40:28.090,2,192.321,283.783,0.0,-0.0036,1000.0,RETURNING_TO_START,load_zone_1,dump_zone_2,0.00025,0.00067
1715.0,2026-07-02T16:40:28.090,3,652.503,189.532,14.43,-0.25,1000.0,RETURNING_TO_START,load_zone_26,dump_zone_3,0.00025,0.00067
1716.0,2026-07-02T16:40:31.896,1,194.551,283.556,0.0,-0.5,1000.0,RETURNING_TO_START,load_zone_1,dump_zone_1,0.00025,0.00067
1716.0,2026-07-02T16:40:31.896,2,192.321,283.783,0.0,-0.052,1000.0,RETURNING_TO_START,load_zone_1,dump_zone_2,0.00025,0.00067
1716.0,2026-07-02T16:40:31.896,3,652.499,185.775,12.705,-0.5,1000.0,RETURNING_TO_START,load_zone_26,dump_zone_3,0.00025,0.00067
1717.0,2026-07-02T16:40:35.003,1,194.551,283.556,0.0,-0.5,1000.0,RETURNING_TO_START,load_zone_1,dump_zone_1,0.00025,0.00067
1717.0,2026-07-02T16:40:35.003,2,192.321,283.783,0.0,-0.0386,1000.0,RETURNING_TO_START,load_zone_1,dump_zone_2,0.00025,0.00067
1717.0,2026-07-02T16:40:35.003,3,652.5,182.516,10.905,-0.5,1000.0,RETURNING_TO_START,load_zone_26,dump_zone_3,0.00025,0.00067
1718.0,2026-07-02T16:40:38.396,1,194.551,283.556,0.0,-0.5,1000.0,RETURNING_TO_START,load_zone_1,dump_zone_1,0.00025,0.00067
1718.0,2026-07-02T16:40:38.396,2,192.321,283.783,0.0,-0.0266,1000.0,RETURNING_TO_START,load_zone_1,dump_zone_2,0.00025,0.00067
1718.0,2026-07-02T16:40:38.396,3,652.445,179.761,9.105,-0.5,1000.0,RETURNING_TO_START,load_zone_26,dump_zone_3,0.00025,0.00067
1719.0,2026-07-02T16:40:41.149,1,194.551,283.556,0.0,-0.5,1000.0,RETURNING_TO_START,load_zone_1,dump_zone_1,0.00025,0.00067
1719.0,2026-07-02T16:40:41.149,2,192.321,283.783,0.0,-0.0134,1000.0,RETURNING_TO_START,load_zone_1,dump_zone_2,0.00025,0.00067
1719.0,2026-07-02T16:40:41.149,3,651.738,177.623,7.305,-0.5,1000.0,RETURNING_TO_START,load_zone_26,dump_zone_3,0.00025,0.00067
1720.0,2026-07-02T16:40:44.025,1,194.551,283.556,0.0,-0.5,1000.0,RETURNING_TO_START,load_zone_1,dump_zone_1,0.00025,0.00067
1720.0,2026-07-02T16:40:44.025,2,192.321,283.783,0.0,-0.0666,1000.0,RETURNING_TO_START,load_zone_1,dump_zone_2,0.00025,0.00067
1720.0,2026-07-02T16:40:44.025,3,651.755,175.878,5.505,-0.5,1000.0,RETURNING_TO_START,load_zone_26,dump_zone_3,0.00025,0.00067
1721.0,2026-07-02T16:40:46.741,1,194.551,283.556,0.0,-0.5,1000.0,RETURNING_TO_START,load_zone_1,dump_zone_1,0.00025,0.00067
1721.0,2026-07-02T16:40:46.741,2,192.321,283.783,0.0,-0.0439,1000.0,RETURNING_TO_START,load_zone_1,dump_zone_2,0.00025,0.00067
1721.0,2026-07-02T16:40:46.741,3,652.222,174.715,3.705,-0.5,1000.0,RETURNING_TO_START,load_zone_26,dump_zone_3,0.00025,0.00067
1722.0,2026-07-02T16:40:49.527,1,194.551,283.556,0.0,-0.5,1000.0,RETURNING_TO_START,load_zone_1,dump_zone_1,0.00025,0.00067
1722.0,2026-07-02T16:40:49.527,2,192.321,283.783,0.0,-0.0187,1000.0,RETURNING_TO_START,load_zone_1,dump_zone_2,0.00025,0.00067
1722.0,2026-07-02T16:40:49.527,3,652.668,174.103,1.905,-0.5,1000.0,UNLOADING,load_zone_26,dump_zone_3,0.00025,0.00067
1723.0,2026-07-02T16:40:53.387,1,194.551,283.556,0.0,-0.5,1000.0,RETURNING_TO_START,load_zone_1,dump_zone_1,0.00025,0.00067
1723.0,2026-07-02T16:40:53.387,2,192.321,283.783,0.0,-0.0634,1000.0,RETURNING_TO_START,load_zone_1,dump_zone_2,0.00025,0.00067
1723.0,2026-07-02T16:40:53.387,3,652.84,173.911,0.105,-0.5,1000.0,UNLOADING,load_zone_26,dump_zone_3,0.00025,0.00067
1724.0,2026-07-02T16:40:56.737,1,194.551,283.556,0.0,-0.5,1000.0,RETURNING_TO_START,load_zone_1,dump_zone_1,0.00025,0.00067
1724.0,2026-07-02T16:40:56.737,2,192.321,283.783,0.0,-0.0417,1000.0,RETURNING_TO_START,load_zone_1,dump_zone_2,0.00025,0.00067
1724.0,2026-07-02T16:40:56.737,3,652.84,173.911,0.0,-0.5,1000.0,UNLOADING,load_zone_26,dump_zone_3,0.00025,0.00067
1725.0,2026-07-02T16:40:59.053,1,194.551,283.556,0.0,-0.5,1000.0,RETURNING_TO_START,load_zone_1,dump_zone_1,0.00025,0.00067
1725.0,2026-07-02T16:40:59.053,2,192.321,283.783,0.0,-0.0169,1000.0,RETURNING_TO_START,load_zone_1,dump_zone_2,0.00025,0.00067
1725.0,2026-07-02T16:40:59.053,3,654.204,172.974,7.2,0.0,0.0,TURNING_AROUND,dump_zone_3,load_zone_26,0.000255,0.000683
1726.0,2026-07-02T16:41:01.448,1,194.551,283.556,0.0,-0.5,1000.0,RETURNING_TO_START,load_zone_1,dump_zone_1,0.00025,0.00067
1726.0,2026-07-02T16:41:01.448,2,192.321,283.783,0.0,-0.0602,1000.0,RETURNING_TO_START,load_zone_1,dump_zone_2,0.00025,0.00067
1726.0,2026-07-02T16:41:01.448,3,655.289,172.66,5.4,0.0,0.0,TURNING_AROUND,dump_zone_3,load_zone_26,0.000253,0.000678
1727.0,2026-07-02T16:41:03.683,1,194.551,283.556,0.0,-0.5,1000.0,RETURNING_TO_START,load_zone_1,dump_zone_1,0.00025,0.00067
1727.0,2026-07-02T16:41:03.683,2,192.321,283.783,0.0,-0.0367,1000.0,RETURNING_TO_START,load_zone_1,dump_zone_2,0.00025,0.00067
1727.0,2026-07-02T16:41:03.683,3,654.649,172.629,7.2,0.0,0.0,TURNING_AROUND,dump_zone_3,load_zone_26,0.000255,0.000683
1728.0,2026-07-02T16:41:05.787,1,194.551,283.556,0.0,-0.5,1000.0,RETURNING_TO_START,load_zone_1,dump_zone_1,0.00025,0.00067
1728.0,2026-07-02T16:41:05.787,2,192.321,283.783,0.0,-0.0019,1000.0,RETURNING_TO_START,load_zone_1,dump_zone_2,0.00025,0.00067
1728.0,2026-07-02T16:41:05.787,3,656.122,173.952,7.2,0.0,0.0,TURNING_AROUND,dump_zone_3,load_zone_26,0.000255,0.000683
1729.0,2026-07-02T16:41:08.183,1,194.551,283.556,0.0,-0.5,1000.0,RETURNING_TO_START,load_zone_1,dump_zone_1,0.00025,0.00067
1729.0,2026-07-02T16:41:08.183,2,192.321,283.783,0.0,-0.0477,1000.0,RETURNING_TO_START,load_zone_1,dump_zone_2,0.00025,0.00067
1729.0,2026-07-02T16:41:08.183,3,656.199,173.827,0.0,-0.4167,0.0,GOING_TO_ENDPOINT,dump_zone_3,load_zone_26,0.00025,0.00067
1730.0,2026-07-02T16:41:10.713,1,194.551,283.556,0.0,-0.5,1000.0,RETURNING_TO_START,load_zone_1,dump_zone_1,0.00025,0.00067
1730.0,2026-07-02T16:41:10.713,2,192.321,283.783,0.0,-0.0179,1000.0,RETURNING_TO_START,load_zone_1,dump_zone_2,0.00025,0.00067
1730.0,2026-07-02T16:41:10.713,3,656.199,173.875,0.7,0.5833,0.0,GOING_TO_ENDPOINT,dump_zone_3,load_zone_26,0.000252,0.000675
1731.0,2026-07-02T16:41:13.195,1,194.551,283.556,0.0,-0.5,1000.0,RETURNING_TO_START,load_zone_1,dump_zone_1,0.00025,0.00067
1731.0,2026-07-02T16:41:13.195,2,192.321,283.783,0.0,-0.0485,1000.0,RETURNING_TO_START,load_zone_1,dump_zone_2,0.00025,0.00067
1731.0,2026-07-02T16:41:13.195,3,656.133,174.544,4.05,1.0,0.0,GOING_TO_ENDPOINT,dump_zone_3,load_zone_26,0.000266,0.000713
1732.0,2026-07-02T16:41:15.901,1,194.551,283.556,0.0,-0.5,1000.0,RETURNING_TO_START,load_zone_1,dump_zone_1,0.00025,0.00067
1732.0,2026-07-02T16:41:15.901,2,192.321,283.783,0.0,-0.0153,1000.0,RETURNING_TO_START,load_zone_1,dump_zone_2,0.00025,0.00067
1732.0,2026-07-02T16:41:15.901,3,655.522,176.083,7.65,1.0,0.0,GOING_TO_ENDPOINT,dump_zone_3,load_zone_26,0.00028,0.00075
1733.0,2026-07-02T16:41:18.927,1,194.551,283.556,0.0,-0.5,1000.0,RETURNING_TO_START,load_zone_1,dump_zone_1,0.00025,0.00067
1733.0,2026-07-02T16:41:18.927,2,192.321,283.783,0.0,-0.0443,1000.0,RETURNING_TO_START,load_zone_1,dump_zone_2,0.00025,0.00067
1733.0,2026-07-02T16:41:18.927,3,653.836,178.135,11.25,1.0,0.0,GOING_TO_ENDPOINT,dump_zone_3,load_zone_26,0.000294,0.000788
1734.0,2026-07-02T16:41:22.660,1,194.551,283.556,0.0,-0.5,1000.0,RETURNING_TO_START,load_zone_1,dump_zone_1,0.00025,0.00067
1734.0,2026-07-02T16:41:22.660,2,192.321,283.783,0.0,-0.0125,1000.0,RETURNING_TO_START,load_zone_1,dump_zone_2,0.00025,0.00067
1734.0,2026-07-02T16:41:22.660,3,651.006,180.466,14.85,1.0,0.0,GOING_TO_ENDPOINT,dump_zone_3,load_zone_26,0.000307,0.000823
1735.0,2026-07-02T16:41:25.957,1,194.551,283.556,0.0,-0.5,1000.0,RETURNING_TO_START,load_zone_1,dump_zone_1,0.00025,0.00067
1735.0,2026-07-02T16:41:25.957,2,192.321,283.783,0.0,-0.0422,1000.0,RETURNING_TO_START,load_zone_1,dump_zone_2,0.00025,0.00067
1735.0,2026-07-02T16:41:25.957,3,648.115,184.001,17.75,0.4167,0.0,GOING_TO_ENDPOINT,dump_zone_3,load_zone_26,0.000285,0.000764
1736.0,2026-07-02T16:41:28.987,1,194.551,283.556,0.0,-0.5,1000.0,RETURNING_TO_START,load_zone_1,dump_zone_1,0.00025,0.00067
1736.0,2026-07-02T16:41:28.987,2,192.321,283.783,0.0,-0.0124,1000.0,RETURNING_TO_START,load_zone_1,dump_zone_2,0.00025,0.00067
1736.0,2026-07-02T16:41:28.987,3,647.417,188.861,17.325,-0.5,0.0,GOING_TO_ENDPOINT,dump_zone_3,load_zone_26,0.00025,0.00067
1737.0,2026-07-02T16:41:31.890,1,194.551,283.556,0.0,-0.5,1000.0,RETURNING_TO_START,load_zone_1,dump_zone_1,0.00025,0.00067
1737.0,2026-07-02T16:41:31.890,2,192.321,283.783,0.0,-0.04,1000.0,RETURNING_TO_START,load_zone_1,dump_zone_2,0.00025,0.00067
1737.0,2026-07-02T16:41:31.890,3,647.491,193.402,15.525,-0.5,0.0,GOING_TO_ENDPOINT,dump_zone_3,load_zone_26,0.00025,0.00067
1738.0,2026-07-02T16:41:34.820,1,194.551,283.556,0.0,-0.5,1000.0,RETURNING_TO_START,load_zone_1,dump_zone_1,0.00025,0.00067
1738.0,2026-07-02T16:41:34.820,2,192.321,283.783,0.0,-0.0062,1000.0,RETURNING_TO_START,load_zone_1,dump_zone_2,0.00025,0.00067
1738.0,2026-07-02T16:41:34.820,3,647.5,197.444,13.725,-0.5,0.0,GOING_TO_ENDPOINT,dump_zone_3,load_zone_26,0.00025,0.00067
1739.0,2026-07-02T16:41:38.249,1,194.551,283.556,0.0,-0.5,1000.0,RETURNING_TO_START,load_zone_1,dump_zone_1,0.00025,0.00067
1739.0,2026-07-02T16:41:38.249,2,192.321,283.783,0.0,-0.0361,1000.0,RETURNING_TO_START,load_zone_1,dump_zone_2,0.00025,0.00067
1739.0,2026-07-02T16:41:38.249,3,647.576,200.957,11.925,-0.5,0.0,GOING_TO_ENDPOINT,dump_zone_3,load_zone_26,0.00025,0.00067
1740.0,2026-07-02T16:41:42.037,1,194.551,283.556,0.0,-0.5,1000.0,RETURNING_TO_START,load_zone_1,dump_zone_1,0.00025,0.00067
1740.0,2026-07-02T16:41:42.037,2,192.321,283.783,0.0,-0.0052,1000.0,RETURNING_TO_START,load_zone_1,dump_zone_2,0.00025,0.00067
1740.0,2026-07-02T16:41:42.037,3,645.627,203.396,11.775,0.4167,0.0,GOING_TO_ENDPOINT,dump_zone_3,load_zone_26,0.000273,0.000732
1741.0,2026-07-02T16:41:46.010,1,194.551,283.556,0.0,-0.5,1000.0,RETURNING_TO_START,load_zone_1,dump_zone_1,0.00025,0.00067
1741.0,2026-07-02T16:41:46.010,2,192.321,283.783,0.0,-0.0368,1000.0,RETURNING_TO_START,load_zone_1,dump_zone_2,0.00025,0.00067
1741.0,2026-07-02T16:41:46.010,3,642.072,203.5,14.85,1.0,0.0,GOING_TO_ENDPOINT,dump_zone_3,load_zone_26,0.000307,0.000823
1742.0,2026-07-02T16:41:51.610,1,194.551,283.556,0.0,-0.5,1000.0,RETURNING_TO_START,load_zone_1,dump_zone_1,0.00025,0.00067
1742.0,2026-07-02T16:41:51.610,2,192.321,283.783,0.0,-0.006,1000.0,RETURNING_TO_START,load_zone_1,dump_zone_2,0.00025,0.00067
1742.0,2026-07-02T16:41:51.610,3,639.107,200.0,18.45,1.0,0.0,GOING_TO_ENDPOINT,dump_zone_3,load_zone_26,0.000321,0.00086
1743.0,2026-07-02T16:41:56.642,1,194.551,283.556,0.0,-0.5,1000.0,RETURNING_TO_START,load_zone_1,dump_zone_1,0.00025,0.00067
1743.0,2026-07-02T16:41:56.642,2,192.321,283.783,0.0,-0.0365,1000.0,RETURNING_TO_START,load_zone_1,dump_zone_2,0.00025,0.00067
1743.0,2026-07-02T16:41:56.642,3,634.983,196.393,21.029,0.2934,0.0,GOING_TO_ENDPOINT,dump_zone_3,load_zone_26,0.000283,0.000758
1744.0,2026-07-02T16:42:00.037,1,194.551,283.556,0.0,-0.5,1000.0,RETURNING_TO_START,load_zone_1,dump_zone_1,0.00025,0.00067
1744.0,2026-07-02T16:42:00.037,2,192.321,283.783,0.0,-0.0038,1000.0,RETURNING_TO_START,load_zone_1,dump_zone_2,0.00025,0.00067
1744.0,2026-07-02T16:42:00.037,3,629.319,195.235,20.246,-0.5,0.0,GOING_TO_ENDPOINT,dump_zone_3,load_zone_26,0.00025,0.00067
1745.0,2026-07-02T16:42:03.507,1,194.551,283.556,0.0,-0.5,1000.0,RETURNING_TO_START,load_zone_1,dump_zone_1,0.00025,0.00067
1745.0,2026-07-02T16:42:03.507,2,192.321,283.783,0.0,-0.0333,1000.0,RETURNING_TO_START,load_zone_1,dump_zone_2,0.00025,0.00067
1745.0,2026-07-02T16:42:03.507,3,624.004,194.6,18.446,-0.5,0.0,GOING_TO_ENDPOINT,dump_zone_3,load_zone_26,0.00025,0.00067
1746.0,2026-07-02T16:42:07.460,1,194.551,283.556,0.0,-0.5,1000.0,RETURNING_TO_START,load_zone_1,dump_zone_1,0.00025,0.00067
1746.0,2026-07-02T16:42:07.460,2,192.321,283.783,0.0,-0.0666,1000.0,RETURNING_TO_START,load_zone_1,dump_zone_2,0.00025,0.00067
1746.0,2026-07-02T16:42:07.460,3,619.175,194.111,16.646,-0.5,0.0,GOING_TO_ENDPOINT,dump_zone_3,load_zone_26,0.00025,0.00067
1747.0,2026-07-02T16:42:10.793,1,194.551,283.556,0.0,-0.5,1000.0,RETURNING_TO_START,load_zone_1,dump_zone_1,0.00025,0.00067
1747.0,2026-07-02T16:42:10.793,2,192.321,283.783,0.0,-0.0223,1000.0,RETURNING_TO_START,load_zone_1,dump_zone_2,0.00025,0.00067
1747.0,2026-07-02T16:42:10.793,3,614.83,193.855,14.846,-0.5,0.0,GOING_TO_ENDPOINT,dump_zone_3,load_zone_26,0.00025,0.00067
1748.0,2026-07-02T16:42:13.777,1,194.551,283.556,0.0,-0.5,1000.0,RETURNING_TO_START,load_zone_1,dump_zone_1,0.00025,0.00067
1748.0,2026-07-02T16:42:13.777,2,192.321,283.783,0.0,-0.0497,1000.0,RETURNING_TO_START,load_zone_1,dump_zone_2,0.00025,0.00067
1748.0,2026-07-02T16:42:13.777,3,610.978,193.876,13.046,-0.5,0.0,GOING_TO_ENDPOINT,dump_zone_3,load_zone_26,0.00025,0.00067
1749.0,2026-07-02T16:42:17.161,1,194.551,283.556,0.0,-0.5,1000.0,RETURNING_TO_START,load_zone_1,dump_zone_1,0.00025,0.00067
1749.0,2026-07-02T16:42:17.161,2,192.321,283.783,0.0,-0.0052,1000.0,RETURNING_TO_START,load_zone_1,dump_zone_2,0.00025,0.00067
1749.0,2026-07-02T16:42:17.161,3,607.808,194.865,11.246,-0.5,0.0,GOING_TO_ENDPOINT,dump_zone_3,load_zone_26,0.00025,0.00067
1750.0,2026-07-02T16:42:20.377,1,194.551,283.556,0.0,-0.5,1000.0,RETURNING_TO_START,load_zone_1,dump_zone_1,0.00025,0.00067
1750.0,2026-07-02T16:42:20.377,2,192.321,283.783,0.0,-0.0274,1000.0,RETURNING_TO_START,load_zone_1,dump_zone_2,0.00025,0.00067
1750.0,2026-07-02T16:42:20.377,3,605.374,196.35,9.446,-0.5,0.0,GOING_TO_ENDPOINT,dump_zone_3,load_zone_26,0.00025,0.00067
1751.0,2026-07-02T16:42:23.871,1,194.551,283.556,0.0,-0.5,1000.0,RETURNING_TO_START,load_zone_1,dump_zone_1,0.00025,0.00067
1751.0,2026-07-02T16:42:23.871,2,192.321,283.783,0.0,-0.0504,1000.0,RETURNING_TO_START,load_zone_1,dump_zone_2,0.00025,0.00067
1751.0,2026-07-02T16:42:23.871,3,603.244,197.351,7.646,-0.5,0.0,GOING_TO_ENDPOINT,dump_zone_3,load_zone_26,0.00025,0.00067
1752.0,2026-07-02T16:42:26.722,1,194.551,283.556,0.0,-0.5,1000.0,RETURNING_TO_START,load_zone_1,dump_zone_1,0.00025,0.00067
1752.0,2026-07-02T16:42:26.722,2,192.321,283.783,0.0,-0.0042,1000.0,RETURNING_TO_START,load_zone_1,dump_zone_2,0.00025,0.00067
1752.0,2026-07-02T16:42:26.722,3,601.578,198.16,5.846,-0.5,0.0,GOING_TO_ENDPOINT,dump_zone_3,load_zone_26,0.00025,0.00067
1753.0,2026-07-02T16:42:29.483,1,194.551,283.556,0.0,-0.5,1000.0,RETURNING_TO_START,load_zone_1,dump_zone_1,0.00025,0.00067
1753.0,2026-07-02T16:42:29.483,2,192.321,283.783,0.0,-0.0273,1000.0,RETURNING_TO_START,load_zone_1,dump_zone_2,0.00025,0.00067
1753.0,2026-07-02T16:42:29.483,3,600.266,198.47,4.071,-0.4167,0.0,GOING_TO_ENDPOINT,dump_zone_3,load_zone_26,0.00025,0.00067
1754.0,2026-07-02T16:42:32.270,1,194.551,283.556,0.0,-0.5,1000.0,RETURNING_TO_START,load_zone_1,dump_zone_1,0.00025,0.00067
1754.0,2026-07-02T16:42:32.270,2,192.321,283.783,0.0,-0.0435,1000.0,RETURNING_TO_START,load_zone_1,dump_zone_2,0.00025,0.00067
1754.0,2026-07-02T16:42:32.270,3,599.157,198.388,4.521,0.5833,0.0,GOING_TO_ENDPOINT,dump_zone_3,load_zone_26,0.000261,0.000699
1755.0,2026-07-02T16:42:34.560,1,194.551,283.556,0.0,-0.5,1000.0,RETURNING_TO_START,load_zone_1,dump_zone_1,0.00025,0.00067
1755.0,2026-07-02T16:42:34.560,2,192.321,283.783,0.0,-0.0599,1000.0,RETURNING_TO_START,load_zone_1,dump_zone_2,0.00025,0.00067
1755.0,2026-07-02T16:42:34.560,3,597.599,197.661,7.871,1.0,0.0,GOING_TO_ENDPOINT,dump_zone_3,load_zone_26,0.00028,0.00075
1756.0,2026-07-02T16:42:37.088,1,194.551,283.556,0.0,-0.5,1000.0,RETURNING_TO_START,load_zone_1,dump_zone_1,0.00025,0.00067
1756.0,2026-07-02T16:42:37.088,2,192.321,283.783,0.0,-0.014,1000.0,RETURNING_TO_START,load_zone_1,dump_zone_2,0.00025,0.00067
1756.0,2026-07-02T16:42:37.088,3,596.165,195.403,11.471,1.0,0.0,GOING_TO_ENDPOINT,dump_zone_3,load_zone_26,0.000294,0.000788
1757.0,2026-07-02T16:42:40.404,1,194.551,283.556,0.0,-0.5,1000.0,RETURNING_TO_START,load_zone_1,dump_zone_1,0.00025,0.00067
1757.0,2026-07-02T16:42:40.404,2,192.321,283.783,0.0,-0.0344,1000.0,RETURNING_TO_START,load_zone_1,dump_zone_2,0.00025,0.00067
1757.0,2026-07-02T16:42:40.404,3,597.047,191.914,15.071,1.0,0.0,GOING_TO_ENDPOINT,dump_zone_3,load_zone_26,0.000308,0.000825
1758.0,2026-07-02T16:42:43.524,1,194.551,283.556,0.0,-0.5,1000.0,RETURNING_TO_START,load_zone_1,dump_zone_1,0.00025,0.00067
1758.0,2026-07-02T16:42:43.524,2,192.321,283.783,0.0,-0.0486,1000.0,RETURNING_TO_START,load_zone_1,dump_zone_2,0.00025,0.00067
1758.0,2026-07-02T16:42:43.524,3,599.6,187.946,18.671,1.0,0.0,GOING_TO_ENDPOINT,dump_zone_3,load_zone_26,0.000322,0.000863
1759.0,2026-07-02T16:42:45.964,1,194.551,283.556,0.0,-0.5,1000.0,RETURNING_TO_START,load_zone_1,dump_zone_1,0.00025,0.00067
1759.0,2026-07-02T16:42:45.964,2,192.321,283.783,0.0,-0.0009,1000.0,RETURNING_TO_START,load_zone_1,dump_zone_2,0.00025,0.00067
1759.0,2026-07-02T16:42:45.964,3,601.81,182.674,22.271,1.0,0.0,GOING_TO_ENDPOINT,dump_zone_3,load_zone_26,0.000336,0.0009
1760.0,2026-07-02T16:42:48.904,1,194.551,283.556,0.0,-0.5,1000.0,RETURNING_TO_START,load_zone_1,dump_zone_1,0.00025,0.00067
1760.0,2026-07-02T16:42:48.904,2,192.321,283.783,0.0,-0.022,1000.0,RETURNING_TO_START,load_zone_1,dump_zone_2,0.00025,0.00067
1760.0,2026-07-02T16:42:48.904,3,602.497,176.002,25.721,0.75,0.0,GOING_TO_ENDPOINT,dump_zone_3,load_zone_26,0.000329,0.000882
1761.0,2026-07-02T16:42:51.588,1,194.551,283.556,0.0,-0.5,1000.0,RETURNING_TO_START,load_zone_1,dump_zone_1,0.00025,0.00067
1761.0,2026-07-02T16:42:51.588,2,192.321,283.783,0.0,-0.0388,1000.0,RETURNING_TO_START,load_zone_1,dump_zone_2,0.00025,0.00067
1761.0,2026-07-02T16:42:51.588,3,602.503,168.594,27.018,0.0748,0.0,GOING_TO_ENDPOINT,dump_zone_3,load_zone_26,0.000274,0.000734
1762.0,2026-07-02T16:42:55.301,1,194.551,283.556,0.0,-0.5,1000.0,RETURNING_TO_START,load_zone_1,dump_zone_1,0.00025,0.00067
1762.0,2026-07-02T16:42:55.301,2,192.321,283.783,0.0,-0.055,1000.0,RETURNING_TO_START,load_zone_1,dump_zone_2,0.00025,0.00067
1762.0,2026-07-02T16:42:55.301,3,602.5,161.079,27.019,-0.0312,0.0,GOING_TO_ENDPOINT,dump_zone_3,load_zone_26,0.000264,0.000708
1763.0,2026-07-02T16:42:59.138,1,194.551,283.556,0.0,-0.5,1000.0,RETURNING_TO_START,load_zone_1,dump_zone_1,0.00025,0.00067
1763.0,2026-07-02T16:42:59.138,2,192.321,283.783,0.0,-0.0036,1000.0,RETURNING_TO_START,load_zone_1,dump_zone_2,0.00025,0.00067
1763.0,2026-07-02T16:42:59.138,3,602.5,153.56,26.98,-0.1572,0.0,GOING_TO_ENDPOINT,dump_zone_3,load_zone_26,0.000253,0.000678
1764.0,2026-07-02T16:43:02.026,1,194.551,283.556,0.0,-0.5,1000.0,RETURNING_TO_START,load_zone_1,dump_zone_1,0.00025,0.00067
1764.0,2026-07-02T16:43:02.026,2,192.321,283.783,0.0,-0.0176,1000.0,RETURNING_TO_START,load_zone_1,dump_zone_2,0.00025,0.00067
1764.0,2026-07-02T16:43:02.026,3,602.5,146.092,26.818,0.0999,0.0,GOING_TO_ENDPOINT,dump_zone_3,load_zone_26,0.000276,0.00074
1765.0,2026-07-02T16:43:05.308,1,194.551,283.556,0.0,-0.5,1000.0,RETURNING_TO_START,load_zone_1,dump_zone_1,0.00025,0.00067
1765.0,2026-07-02T16:43:05.308,2,192.321,283.783,0.0,-0.0285,1000.0,RETURNING_TO_START,load_zone_1,dump_zone_2,0.00025,0.00067
1765.0,2026-07-02T16:43:05.308,3,602.5,138.484,27.978,0.2666,0.0,GOING_TO_ENDPOINT,dump_zone_3,load_zone_26,0.000292,0.000783
1766.0,2026-07-02T16:43:08.367,1,194.551,283.556,0.0,-0.5,1000.0,RETURNING_TO_START,load_zone_1,dump_zone_1,0.00025,0.00067
1766.0,2026-07-02T16:43:08.367,2,192.321,283.783,0.0,-0.0403,1000.0,RETURNING_TO_START,load_zone_1,dump_zone_2,0.00025,0.00067
1766.0,2026-07-02T16:43:08.367,3,602.5,130.72,27.688,-0.2334,0.0,GOING_TO_ENDPOINT,dump_zone_3,load_zone_26,0.00025,0.00067
1767.0,2026-07-02T16:43:11.063,1,194.551,283.556,0.0,-0.5,1000.0,RETURNING_TO_START,load_zone_1,dump_zone_1,0.00025,0.00067
1767.0,2026-07-02T16:43:11.063,2,192.321,283.783,0.0,-0.052,1000.0,RETURNING_TO_START,load_zone_1,dump_zone_2,0.00025,0.00067
1767.0,2026-07-02T16:43:11.063,3,602.5,123.21,26.538,-0.0833,0.0,GOING_TO_ENDPOINT,dump_zone_3,load_zone_26,0.00026,0.000697
1768.0,2026-07-02T16:43:13.694,1,194.551,283.556,0.0,-0.5,1000.0,RETURNING_TO_START,load_zone_1,dump_zone_1,0.00025,0.00067
1768.0,2026-07-02T16:43:13.694,2,192.321,283.783,0.0,-0.0018,1000.0,RETURNING_TO_START,load_zone_1,dump_zone_2,0.00025,0.00067
1768.0,2026-07-02T16:43:13.694,3,602.5,115.714,27.448,0.1194,0.0,GOING_TO_ENDPOINT,dump_zone_3,load_zone_26,0.000278,0.000745
1769.0,2026-07-02T16:43:16.425,1,194.551,283.556,0.0,-0.5,1000.0,RETURNING_TO_START,load_zone_1,dump_zone_1,0.00025,0.00067
1769.0,2026-07-02T16:43:16.425,2,192.321,283.783,0.0,-0.0133,1000.0,RETURNING_TO_START,load_zone_1,dump_zone_2,0.00025,0.00067
1769.0,2026-07-02T16:43:16.425,3,602.5,108.039,27.728,-0.1306,0.0,GOING_TO_ENDPOINT,dump_zone_3,load_zone_26,0.000256,0.000686
1770.0,2026-07-02T16:43:19.325,1,194.551,283.556,0.0,-0.5,1000.0,RETURNING_TO_START,load_zone_1,dump_zone_1,0.00025,0.00067
1770.0,2026-07-02T16:43:19.325,2,192.321,283.783,0.0,-0.0229,1000.0,RETURNING_TO_START,load_zone_1,dump_zone_2,0.00025,0.00067
1770.0,2026-07-02T16:43:19.325,3,602.5,100.328,27.858,-0.1306,0.0,GOING_TO_ENDPOINT,dump_zone_3,load_zone_26,0.000256,0.000686
1771.0,2026-07-02T16:43:22.022,1,194.551,283.556,0.0,-0.5,1000.0,RETURNING_TO_START,load_zone_1,dump_zone_1,0.00025,0.00067
1771.0,2026-07-02T16:43:22.022,2,192.321,283.783,0.0,-0.0274,1000.0,RETURNING_TO_START,load_zone_1,dump_zone_2,0.00025,0.00067
1771.0,2026-07-02T16:43:22.022,3,602.5,92.674,27.044,-0.4167,0.0,GOING_TO_ENDPOINT,dump_zone_3,load_zone_26,0.00025,0.00067
1772.0,2026-07-02T16:43:24.938,1,194.551,283.556,0.0,-0.5,1000.0,RETURNING_TO_START,load_zone_1,dump_zone_1,0.00025,0.00067
1772.0,2026-07-02T16:43:24.938,2,192.321,283.783,0.0,-0.0431,1000.0,RETURNING_TO_START,load_zone_1,dump_zone_2,0.00025,0.00067
1772.0,2026-07-02T16:43:24.938,3,602.5,85.177,27.494,0.5833,0.0,GOING_TO_ENDPOINT,dump_zone_3,load_zone_26,0.000319,0.000855
1773.0,2026-07-02T16:43:27.942,1,194.551,283.556,0.0,-0.5,1000.0,RETURNING_TO_START,load_zone_1,dump_zone_1,0.00025,0.00067
1773.0,2026-07-02T16:43:27.942,2,192.321,283.783,0.0,-0.0473,1000.0,RETURNING_TO_START,load_zone_1,dump_zone_2,0.00025,0.00067
1773.0,2026-07-02T16:43:27.942,3,602.5,77.25,29.094,0.0833,0.0,GOING_TO_ENDPOINT,dump_zone_3,load_zone_26,0.000276,0.00074
1774.0,2026-07-02T16:43:30.718,1,194.551,283.556,0.0,-0.5,1000.0,RETURNING_TO_START,load_zone_1,dump_zone_1,0.00025,0.00067
1774.0,2026-07-02T16:43:30.718,2,192.321,283.783,0.0,-0.0633,1000.0,RETURNING_TO_START,load_zone_1,dump_zone_2,0.00025,0.00067
1774.0,2026-07-02T16:43:30.718,3,602.5,69.313,27.844,-0.4167,0.0,GOING_TO_ENDPOINT,dump_zone_3,load_zone_26,0.00025,0.00067
1775.0,2026-07-02T16:43:33.499,1,194.551,283.556,0.0,-0.5,1000.0,RETURNING_TO_START,load_zone_1,dump_zone_1,0.00025,0.00067
1775.0,2026-07-02T16:43:33.499,2,192.321,283.783,0.0,-0.0661,1000.0,RETURNING_TO_START,load_zone_1,dump_zone_2,0.00025,0.00067
1775.0,2026-07-02T16:43:33.499,3,602.5,61.737,27.071,0.1292,0.0,GOING_TO_ENDPOINT,dump_zone_3,load_zone_26,0.000278,0.000745
1776.0,2026-07-02T16:43:36.580,1,194.551,283.556,0.0,-0.5,1000.0,RETURNING_TO_START,load_zone_1,dump_zone_1,0.00025,0.00067
1776.0,2026-07-02T16:43:36.580,2,192.321,283.783,0.0,-0.0598,1000.0,RETURNING_TO_START,load_zone_1,dump_zone_2,0.00025,0.00067
1776.0,2026-07-02T16:43:36.580,3,602.5,54.005,28.536,0.2959,0.0,GOING_TO_ENDPOINT,dump_zone_3,load_zone_26,0.000295,0.000791
1777.0,2026-07-02T16:43:39.723,1,194.551,283.556,0.0,-0.5,1000.0,RETURNING_TO_START,load_zone_1,dump_zone_1,0.00025,0.00067
1777.0,2026-07-02T16:43:39.723,2,192.321,283.783,0.0,-0.0604,1000.0,RETURNING_TO_START,load_zone_1,dump_zone_2,0.00025,0.00067
1777.0,2026-07-02T16:43:39.723,3,602.5,46.083,28.021,-0.5,0.0,GOING_TO_ENDPOINT,dump_zone_3,load_zone_26,0.00025,0.00067
1778.0,2026-07-02T16:43:42.808,1,194.551,283.556,0.0,-0.5,1000.0,RETURNING_TO_START,load_zone_1,dump_zone_1,0.00025,0.00067
1778.0,2026-07-02T16:43:42.808,2,192.321,283.783,0.0,-0.0597,1000.0,RETURNING_TO_START,load_zone_1,dump_zone_2,0.00025,0.00067
1778.0,2026-07-02T16:43:42.808,3,602.5,38.434,27.421,0.0833,0.0,GOING_TO_ENDPOINT,dump_zone_3,load_zone_26,0.000275,0.000737
1779.0,2026-07-02T16:43:45.753,1,194.551,283.556,0.0,-0.5,1000.0,RETURNING_TO_START,load_zone_1,dump_zone_1,0.00025,0.00067
1779.0,2026-07-02T16:43:45.753,2,192.321,283.783,0.0,-0.0586,1000.0,RETURNING_TO_START,load_zone_1,dump_zone_2,0.00025,0.00067
1779.0,2026-07-02T16:43:45.753,3,602.5,30.679,28.322,0.1006,0.0,GOING_TO_ENDPOINT,dump_zone_3,load_zone_26,0.000277,0.000742
1780.0,2026-07-02T16:43:48.481,1,194.551,283.556,0.0,-0.5,1000.0,RETURNING_TO_START,load_zone_1,dump_zone_1,0.00025,0.00067
1780.0,2026-07-02T16:43:48.481,2,192.321,283.783,0.0,-0.0566,1000.0,RETURNING_TO_START,load_zone_1,dump_zone_2,0.00025,0.00067
1780.0,2026-07-02T16:43:48.481,3,602.5,22.82,28.298,-0.0785,0.0,GOING_TO_ENDPOINT,dump_zone_3,load_zone_26,0.000261,0.000699
1781.0,2026-07-02T16:43:51.086,1,194.551,283.556,0.0,-0.5,1000.0,RETURNING_TO_START,load_zone_1,dump_zone_1,0.00025,0.00067
1781.0,2026-07-02T16:43:51.086,2,192.321,283.783,0.0,-0.055,1000.0,RETURNING_TO_START,load_zone_1,dump_zone_2,0.00025,0.00067
1781.0,2026-07-02T16:43:51.086,3,602.5,15.142,27.111,-0.2016,0.0,GOING_TO_ENDPOINT,dump_zone_3,load_zone_26,0.00025,0.00067
1782.0,2026-07-02T16:43:53.565,1,194.551,283.556,0.0,-0.5,1000.0,RETURNING_TO_START,load_zone_1,dump_zone_1,0.00025,0.00067
1782.0,2026-07-02T16:43:53.565,2,192.321,283.783,0.0,-0.0531,1000.0,RETURNING_TO_START,load_zone_1,dump_zone_2,0.00025,0.00067
1782.0,2026-07-02T16:43:53.565,3,602.5,7.555,28.035,0.7151,0.0,GOING_TO_ENDPOINT,dump_zone_3,load_zone_26,0.000333,0.000892
1783.0,2026-07-02T16:43:56.356,1,194.551,283.556,0.0,-0.5,1000.0,RETURNING_TO_START,load_zone_1,dump_zone_1,0.00025,0.00067
1783.0,2026-07-02T16:43:56.356,2,192.321,283.783,0.0,-0.0533,1000.0,RETURNING_TO_START,load_zone_1,dump_zone_2,0.00025,0.00067
1783.0,2026-07-02T16:43:56.356,3,602.5,-0.499,29.26,-0.1182,0.0,GOING_TO_ENDPOINT,dump_zone_3,load_zone_26,0.000257,0.000689
1784.0,2026-07-02T16:43:59.243,1,194.551,283.556,0.0,-0.5,1000.0,RETURNING_TO_START,load_zone_1,dump_zone_1,0.00025,0.00067
1784.0,2026-07-02T16:43:59.243,2,192.321,283.783,0.0,-0.0518,1000.0,RETURNING_TO_START,load_zone_1,dump_zone_2,0.00025,0.00067
1784.0,2026-07-02T16:43:59.243,3,602.5,-8.463,28.044,-0.25,0.0,GOING_TO_ENDPOINT,dump_zone_3,load_zone_26,0.00025,0.00067
1785.0,2026-07-02T16:44:02.023,1,194.551,283.556,0.0,-0.5,1000.0,RETURNING_TO_START,load_zone_1,dump_zone_1,0.00025,0.00067
1785.0,2026-07-02T16:44:02.023,2,192.321,283.783,0.0,-0.0489,1000.0,RETURNING_TO_START,load_zone_1,dump_zone_2,0.00025,0.00067
1785.0,2026-07-02T16:44:02.023,3,602.5,-16.169,27.812,0.2942,0.0,GOING_TO_ENDPOINT,dump_zone_3,load_zone_26,0.000294,0.000788
1786.0,2026-07-02T16:44:04.744,1,194.551,283.556,0.0,-0.5,1000.0,RETURNING_TO_START,load_zone_1,dump_zone_1,0.00025,0.00067
1786.0,2026-07-02T16:44:04.744,2,192.321,283.783,0.0,-0.0496,1000.0,RETURNING_TO_START,load_zone_1,dump_zone_2,0.00025,0.00067
1786.0,2026-07-02T16:44:04.744,3,602.5,-24.12,28.992,-0.0408,0.0,GOING_TO_ENDPOINT,dump_zone_3,load_zone_26,0.000265,0.00071
1787.0,2026-07-02T16:44:07.560,1,194.551,283.556,0.0,-0.5,1000.0,RETURNING_TO_START,load_zone_1,dump_zone_1,0.00025,0.00067
1787.0,2026-07-02T16:44:07.560,2,192.321,283.783,0.0,-0.0493,1000.0,RETURNING_TO_START,load_zone_1,dump_zone_2,0.00025,0.00067
1787.0,2026-07-02T16:44:07.560,3,602.5,-31.991,27.631,-0.4167,0.0,GOING_TO_ENDPOINT,dump_zone_3,load_zone_26,0.00025,0.00067
1788.0,2026-07-02T16:44:10.274,1,194.551,283.556,0.0,-0.5,1000.0,RETURNING_TO_START,load_zone_1,dump_zone_1,0.00025,0.00067
1788.0,2026-07-02T16:44:10.274,2,192.321,283.783,0.0,-0.0502,1000.0,RETURNING_TO_START,load_zone_1,dump_zone_2,0.00025,0.00067
1788.0,2026-07-02T16:44:10.274,3,602.5,-39.605,27.565,0.3246,0.0,GOING_TO_ENDPOINT,dump_zone_3,load_zone_26,0.000296,0.000793
1789.0,2026-07-02T16:44:12.959,1,194.551,283.556,0.0,-0.5,1000.0,RETURNING_TO_START,load_zone_1,dump_zone_1,0.00025,0.00067
1789.0,2026-07-02T16:44:12.959,2,192.321,283.783,0.0,-0.0497,1000.0,RETURNING_TO_START,load_zone_1,dump_zone_2,0.00025,0.00067
1789.0,2026-07-02T16:44:12.959,3,602.5,-47.421,28.358,-0.1063,0.0,GOING_TO_ENDPOINT,dump_zone_3,load_zone_26,0.000258,0.000691
1790.0,2026-07-02T16:44:15.954,1,194.551,283.556,0.0,-0.5,1000.0,RETURNING_TO_START,load_zone_1,dump_zone_1,0.00025,0.00067
1790.0,2026-07-02T16:44:15.954,2,192.321,283.783,0.0,-0.0477,1000.0,RETURNING_TO_START,load_zone_1,dump_zone_2,0.00025,0.00067
1790.0,2026-07-02T16:44:15.954,3,602.5,-55.253,28.122,-0.0452,0.0,GOING_TO_ENDPOINT,dump_zone_3,load_zone_26,0.000264,0.000708
1791.0,2026-07-02T16:44:18.490,1,194.551,283.556,0.0,-0.5,1000.0,RETURNING_TO_START,load_zone_1,dump_zone_1,0.00025,0.00067
1791.0,2026-07-02T16:44:18.490,2,192.321,283.783,0.0,-0.0467,1000.0,RETURNING_TO_START,load_zone_1,dump_zone_2,0.00025,0.00067
1791.0,2026-07-02T16:44:18.490,3,602.5,-62.994,27.608,-0.3511,0.0,GOING_TO_ENDPOINT,dump_zone_3,load_zone_26,0.00025,0.00067
1792.0,2026-07-02T16:44:20.796,1,194.551,283.556,0.0,-0.5,1000.0,RETURNING_TO_START,load_zone_1,dump_zone_1,0.00025,0.00067
1792.0,2026-07-02T16:44:20.796,2,192.321,283.783,0.0,-0.0458,1000.0,RETURNING_TO_START,load_zone_1,dump_zone_2,0.00025,0.00067
1792.0,2026-07-02T16:44:20.796,3,602.5,-70.398,25.827,-0.5,0.0,GOING_TO_ENDPOINT,dump_zone_3,load_zone_26,0.00025,0.00067
1793.0,2026-07-02T16:44:23.053,1,194.551,283.556,0.0,-0.5,1000.0,RETURNING_TO_START,load_zone_1,dump_zone_1,0.00025,0.00067
1793.0,2026-07-02T16:44:23.053,2,192.321,283.783,0.0,-0.0466,1000.0,RETURNING_TO_START,load_zone_1,dump_zone_2,0.00025,0.00067
1793.0,2026-07-02T16:44:23.053,3,602.5,-77.301,24.027,-0.5,0.0,GOING_TO_ENDPOINT,dump_zone_3,load_zone_26,0.00025,0.00067
1794.0,2026-07-02T16:44:25.551,1,194.551,283.556,0.0,-0.5,1000.0,RETURNING_TO_START,load_zone_1,dump_zone_1,0.00025,0.00067
1794.0,2026-07-02T16:44:25.551,2,192.321,283.783,0.0,-0.0441,1000.0,RETURNING_TO_START,load_zone_1,dump_zone_2,0.00025,0.00067
1794.0,2026-07-02T16:44:25.551,3,602.5,-83.705,22.227,-0.5,0.0,GOING_TO_ENDPOINT,dump_zone_3,load_zone_26,0.00025,0.00067
1795.0,2026-07-02T16:44:27.809,1,194.551,283.556,0.0,-0.5,1000.0,RETURNING_TO_START,load_zone_1,dump_zone_1,0.00025,0.00067
1795.0,2026-07-02T16:44:27.809,2,192.321,283.783,0.0,-0.0398,1000.0,RETURNING_TO_START,load_zone_1,dump_zone_2,0.00025,0.00067
1795.0,2026-07-02T16:44:27.809,3,602.5,-89.608,20.427,-0.5,0.0,GOING_TO_ENDPOINT,dump_zone_3,load_zone_26,0.00025,0.00067
1796.0,2026-07-02T16:44:30.210,1,194.551,283.556,0.0,-0.5,1000.0,RETURNING_TO_START,load_zone_1,dump_zone_1,0.00025,0.00067
1796.0,2026-07-02T16:44:30.210,2,192.321,283.783,0.0,-0.0219,1000.0,RETURNING_TO_START,load_zone_1,dump_zone_2,0.00025,0.00067
1796.0,2026-07-02T16:44:30.210,3,602.5,-95.012,18.627,-0.5,0.0,GOING_TO_ENDPOINT,dump_zone_3,load_zone_26,0.00025,0.00067
1797.0,2026-07-02T16:44:32.633,1,194.551,283.556,0.0,-0.5,1000.0,RETURNING_TO_START,load_zone_1,dump_zone_1,0.00025,0.00067
1797.0,2026-07-02T16:44:32.633,2,192.321,283.783,0.0,-0.0112,1000.0,RETURNING_TO_START,load_zone_1,dump_zone_2,0.00025,0.00067
1797.0,2026-07-02T16:44:32.633,3,603.01,-99.849,17.202,-0.0833,0.0,GOING_TO_ENDPOINT,dump_zone_3,load_zone_26,0.000256,0.000686
1798.0,2026-07-02T16:44:35.204,1,194.551,283.556,0.0,-0.5,1000.0,RETURNING_TO_START,load_zone_1,dump_zone_1,0.00025,0.00067
1798.0,2026-07-02T16:44:35.204,2,192.321,283.783,0.0,-0.0645,1000.0,RETURNING_TO_START,load_zone_1,dump_zone_2,0.00025,0.00067
1798.0,2026-07-02T16:44:35.204,3,607.201,-101.827,18.852,0.9167,0.0,GOING_TO_ENDPOINT,dump_zone_3,load_zone_26,0.000318,0.000852
1799.0,2026-07-02T16:44:37.964,1,194.551,283.556,0.0,-0.5,1000.0,RETURNING_TO_START,load_zone_1,dump_zone_1,0.00025,0.00067
1799.0,2026-07-02T16:44:37.964,2,192.321,283.783,0.0,-0.0539,1000.0,RETURNING_TO_START,load_zone_1,dump_zone_2,0.00025,0.00067
1799.0,2026-07-02T16:44:37.964,3,612.131,-98.896,22.302,0.75,0.0,GOING_TO_ENDPOINT,dump_zone_3,load_zone_26,0.000318,0.000852
1800.0,2026-07-02T16:44:40.835,1,194.551,283.556,0.0,-0.5,1000.0,RETURNING_TO_START,load_zone_1,dump_zone_1,0.00025,0.00067
1800.0,2026-07-02T16:44:40.835,2,192.321,283.783,0.0,-0.0407,1000.0,RETURNING_TO_START,load_zone_1,dump_zone_2,0.00025,0.00067
1800.0,2026-07-02T16:44:40.835,3,618.192,-97.313,23.052,-0.25,0.0,GOING_TO_ENDPOINT,dump_zone_3,load_zone_26,0.00025,0.00067
1801.0,2026-07-02T16:44:43.493,1,194.551,283.556,0.0,-0.5,1000.0,RETURNING_TO_START,load_zone_1,dump_zone_1,0.00025,0.00067
1801.0,2026-07-02T16:44:43.493,2,192.321,283.783,0.0,-0.0289,1000.0,RETURNING_TO_START,load_zone_1,dump_zone_2,0.00025,0.00067
1801.0,2026-07-02T16:44:43.493,3,624.34,-97.522,21.327,-0.5,0.0,GOING_TO_ENDPOINT,dump_zone_3,load_zone_26,0.00025,0.00067
1802.0,2026-07-02T16:44:45.704,1,194.551,283.556,0.0,-0.5,1000.0,RETURNING_TO_START,load_zone_1,dump_zone_1,0.00025,0.00067
1802.0,2026-07-02T16:44:45.704,2,192.321,283.783,0.0,-0.0147,1000.0,RETURNING_TO_START,load_zone_1,dump_zone_2,0.00025,0.00067
1802.0,2026-07-02T16:44:45.704,3,629.994,-97.509,19.527,-0.5,0.0,GOING_TO_ENDPOINT,dump_zone_3,load_zone_26,0.00025,0.00067
1803.0,2026-07-02T16:44:48.204,1,194.551,283.556,0.0,-0.5,1000.0,RETURNING_TO_START,load_zone_1,dump_zone_1,0.00025,0.00067
1803.0,2026-07-02T16:44:48.204,2,192.321,283.783,0.0,-0.0044,1000.0,RETURNING_TO_START,load_zone_1,dump_zone_2,0.00025,0.00067
1803.0,2026-07-02T16:44:48.204,3,635.147,-97.501,17.727,-0.5,0.0,GOING_TO_ENDPOINT,dump_zone_3,load_zone_26,0.00025,0.00067
1804.0,2026-07-02T16:44:50.605,1,194.551,283.556,0.0,-0.5,1000.0,RETURNING_TO_START,load_zone_1,dump_zone_1,0.00025,0.00067
1804.0,2026-07-02T16:44:50.605,2,192.321,283.783,0.0,-0.0548,1000.0,RETURNING_TO_START,load_zone_1,dump_zone_2,0.00025,0.00067
1804.0,2026-07-02T16:44:50.605,3,639.801,-97.5,15.927,-0.5,0.0,GOING_TO_ENDPOINT,dump_zone_3,load_zone_26,0.00025,0.00067
1805.0,2026-07-02T16:44:53.009,1,194.551,283.556,0.0,-0.5,1000.0,RETURNING_TO_START,load_zone_1,dump_zone_1,0.00025,0.00067
1805.0,2026-07-02T16:44:53.009,2,192.321,283.783,0.0,-0.0397,1000.0,RETURNING_TO_START,load_zone_1,dump_zone_2,0.00025,0.00067
1805.0,2026-07-02T16:44:53.009,3,643.954,-97.5,14.127,-0.5,0.0,GOING_TO_ENDPOINT,dump_zone_3,load_zone_26,0.00025,0.00067
1806.0,2026-07-02T16:44:55.489,1,194.551,283.556,0.0,-0.5,1000.0,RETURNING_TO_START,load_zone_1,dump_zone_1,0.00025,0.00067
1806.0,2026-07-02T16:44:55.489,2,192.321,283.783,0.0,-0.0202,1000.0,RETURNING_TO_START,load_zone_1,dump_zone_2,0.00025,0.00067
1806.0,2026-07-02T16:44:55.489,3,647.607,-97.503,12.327,-0.5,0.0,GOING_TO_ENDPOINT,dump_zone_3,load_zone_26,0.00025,0.00067
1807.0,2026-07-02T16:44:58.436,1,194.551,283.556,0.0,-0.5,1000.0,RETURNING_TO_START,load_zone_1,dump_zone_1,0.00025,0.00067
1807.0,2026-07-02T16:44:58.436,2,192.321,283.783,0.0,-0.0033,1000.0,RETURNING_TO_START,load_zone_1,dump_zone_2,0.00025,0.00067
1807.0,2026-07-02T16:44:58.436,3,650.695,-98.056,10.627,-0.5,0.0,GOING_TO_ENDPOINT,dump_zone_3,load_zone_26,0.00025,0.00067
1808.0,2026-07-02T16:45:01.133,1,194.551,283.556,0.0,-0.5,1000.0,RETURNING_TO_START,load_zone_1,dump_zone_1,0.00025,0.00067
1808.0,2026-07-02T16:45:01.133,2,192.321,283.783,0.0,-0.0562,1000.0,RETURNING_TO_START,load_zone_1,dump_zone_2,0.00025,0.00067
1808.0,2026-07-02T16:45:01.133,3,652.954,-99.485,8.852,-0.4167,0.0,GOING_TO_ENDPOINT,dump_zone_3,load_zone_26,0.00025,0.00067
1809.0,2026-07-02T16:45:03.578,1,194.551,283.556,0.0,-0.5,1000.0,RETURNING_TO_START,load_zone_1,dump_zone_1,0.00025,0.00067
1809.0,2026-07-02T16:45:03.578,2,192.321,283.783,0.0,-0.0381,1000.0,RETURNING_TO_START,load_zone_1,dump_zone_2,0.00025,0.00067
1809.0,2026-07-02T16:45:03.578,3,654.765,-101.125,9.302,0.5833,0.0,GOING_TO_ENDPOINT,dump_zone_3,load_zone_26,0.000273,0.000732
1810.0,2026-07-02T16:45:05.833,1,194.551,283.556,0.0,-0.5,1000.0,RETURNING_TO_START,load_zone_1,dump_zone_1,0.00025,0.00067
1810.0,2026-07-02T16:45:05.833,2,192.321,283.783,0.0,-0.0161,1000.0,RETURNING_TO_START,load_zone_1,dump_zone_2,0.00025,0.00067
1810.0,2026-07-02T16:45:05.833,3,656.923,-103.297,12.652,1.0,0.0,GOING_TO_ENDPOINT,dump_zone_3,load_zone_26,0.000299,0.000801
1811.0,2026-07-02T16:45:08.346,1,194.551,283.556,0.0,-0.5,1000.0,RETURNING_TO_START,load_zone_1,dump_zone_1,0.00025,0.00067
1811.0,2026-07-02T16:45:08.346,2,192.321,283.783,0.0,-0.0664,1000.0,RETURNING_TO_START,load_zone_1,dump_zone_2,0.00025,0.00067
1811.0,2026-07-02T16:45:08.346,3,659.761,-106.195,16.252,1.0,0.0,GOING_TO_ENDPOINT,dump_zone_3,load_zone_26,0.000313,0.000839
1812.0,2026-07-02T16:45:10.707,1,194.551,283.556,0.0,-0.5,1000.0,RETURNING_TO_START,load_zone_1,dump_zone_1,0.00025,0.00067
1812.0,2026-07-02T16:45:10.707,2,192.321,283.783,0.0,-0.044,1000.0,RETURNING_TO_START,load_zone_1,dump_zone_2,0.00025,0.00067
1812.0,2026-07-02T16:45:10.707,3,663.323,-109.784,19.852,1.0,0.0,GOING_TO_ENDPOINT,dump_zone_3,load_zone_26,0.000327,0.000876
1813.0,2026-07-02T16:45:13.422,1,194.551,283.556,0.0,-0.5,1000.0,RETURNING_TO_START,load_zone_1,dump_zone_1,0.00025,0.00067
1813.0,2026-07-02T16:45:13.422,2,192.321,283.783,0.0,-0.0236,1000.0,RETURNING_TO_START,load_zone_1,dump_zone_2,0.00025,0.00067
1813.0,2026-07-02T16:45:13.422,3,667.603,-114.069,23.452,1.0,0.0,GOING_TO_ENDPOINT,dump_zone_3,load_zone_26,0.000341,0.000914
1814.0,2026-07-02T16:45:16.168,1,194.551,283.556,0.0,-0.5,1000.0,RETURNING_TO_START,load_zone_1,dump_zone_1,0.00025,0.00067
1814.0,2026-07-02T16:45:16.168,2,192.321,283.783,0.0,-0.0018,1000.0,RETURNING_TO_START,load_zone_1,dump_zone_2,0.00025,0.00067
1814.0,2026-07-02T16:45:16.168,3,672.593,-119.057,27.025,0.9167,0.0,GOING_TO_ENDPOINT,dump_zone_3,load_zone_26,0.000347,0.00093
1815.0,2026-07-02T16:45:18.619,1,194.551,283.556,0.0,-0.5,1000.0,RETURNING_TO_START,load_zone_1,dump_zone_1,0.00025,0.00067
1815.0,2026-07-02T16:45:18.619,2,192.321,283.783,0.0,-0.0444,1000.0,RETURNING_TO_START,load_zone_1,dump_zone_2,0.00025,0.00067
1815.0,2026-07-02T16:45:18.619,3,678.103,-124.567,28.375,-0.0833,0.0,GOING_TO_ENDPOINT,dump_zone_3,load_zone_26,0.00026,0.000697
1816.0,2026-07-02T16:45:20.796,1,194.551,283.556,0.0,-0.5,1000.0,RETURNING_TO_START,load_zone_1,dump_zone_1,0.00025,0.00067
1816.0,2026-07-02T16:45:20.796,2,192.321,283.783,0.0,-0.0276,1000.0,RETURNING_TO_START,load_zone_1,dump_zone_2,0.00025,0.00067
1816.0,2026-07-02T16:45:20.796,3,683.53,-129.994,26.825,-0.5,0.0,GOING_TO_ENDPOINT,dump_zone_3,load_zone_26,0.00025,0.00067
1817.0,2026-07-02T16:45:23.249,1,194.551,283.556,0.0,-0.5,1000.0,RETURNING_TO_START,load_zone_1,dump_zone_1,0.00025,0.00067
1817.0,2026-07-02T16:45:23.249,2,192.321,283.783,0.0,-0.0036,1000.0,RETURNING_TO_START,load_zone_1,dump_zone_2,0.00025,0.00067
1817.0,2026-07-02T16:45:23.249,3,688.607,-135.072,25.025,-0.5,0.0,GOING_TO_ENDPOINT,dump_zone_3,load_zone_26,0.00025,0.00067
1818.0,2026-07-02T16:45:26.226,1,194.551,283.556,0.0,-0.5,1000.0,RETURNING_TO_START,load_zone_1,dump_zone_1,0.00025,0.00067
1818.0,2026-07-02T16:45:26.226,2,192.321,283.783,0.0,-0.0503,1000.0,RETURNING_TO_START,load_zone_1,dump_zone_2,0.00025,0.00067
1818.0,2026-07-02T16:45:26.226,3,693.331,-139.796,23.225,-0.5,0.0,GOING_TO_ENDPOINT,dump_zone_3,load_zone_26,0.00025,0.00067
1819.0,2026-07-02T16:45:29.176,1,194.551,283.556,0.0,-0.5,1000.0,RETURNING_TO_START,load_zone_1,dump_zone_1,0.00025,0.00067
1819.0,2026-07-02T16:45:29.176,2,192.321,283.783,0.0,-0.0224,1000.0,RETURNING_TO_START,load_zone_1,dump_zone_2,0.00025,0.00067
1819.0,2026-07-02T16:45:29.176,3,697.703,-144.164,21.425,-0.5,0.0,GOING_TO_ENDPOINT,dump_zone_3,load_zone_26,0.00025,0.00067
1820.0,2026-07-02T16:45:32.092,1,194.551,283.556,0.0,-0.5,1000.0,RETURNING_TO_START,load_zone_1,dump_zone_1,0.00025,0.00067
1820.0,2026-07-02T16:45:32.092,2,192.321,283.783,0.0,-0.0607,1000.0,RETURNING_TO_START,load_zone_1,dump_zone_2,0.00025,0.00067
1820.0,2026-07-02T16:45:32.092,3,701.537,-148.344,19.625,-0.5,0.0,GOING_TO_ENDPOINT,dump_zone_3,load_zone_26,0.00025,0.00067
1821.0,2026-07-02T16:45:36.259,1,194.551,283.556,0.0,-0.5,1000.0,RETURNING_TO_START,load_zone_1,dump_zone_1,0.00025,0.00067
1821.0,2026-07-02T16:45:36.259,2,192.321,283.783,0.0,-0.0333,1000.0,RETURNING_TO_START,load_zone_1,dump_zone_2,0.00025,0.00067
1821.0,2026-07-02T16:45:36.259,3,703.292,-153.04,17.975,-0.25,0.0,GOING_TO_ENDPOINT,dump_zone_3,load_zone_26,0.00025,0.00067
1822.0,2026-07-02T16:45:39.546,1,194.551,283.556,0.0,-0.5,1000.0,RETURNING_TO_START,load_zone_1,dump_zone_1,0.00025,0.00067
1822.0,2026-07-02T16:45:39.546,2,192.321,283.783,0.0,-0.0074,1000.0,RETURNING_TO_START,load_zone_1,dump_zone_2,0.00025,0.00067
1822.0,2026-07-02T16:45:39.546,3,702.617,-158.058,18.975,0.5833,0.0,GOING_TO_ENDPOINT,dump_zone_3,load_zone_26,0.000298,0.000799
1823.0,2026-07-02T16:45:42.462,1,194.551,283.556,0.0,-0.5,1000.0,RETURNING_TO_START,load_zone_1,dump_zone_1,0.00025,0.00067
1823.0,2026-07-02T16:45:42.462,2,192.321,283.783,0.0,-0.0451,1000.0,RETURNING_TO_START,load_zone_1,dump_zone_2,0.00025,0.00067
1823.0,2026-07-02T16:45:42.462,3,702.493,-163.432,19.125,-0.4167,0.0,GOING_TO_ENDPOINT,dump_zone_3,load_zone_26,0.00025,0.00067
1824.0,2026-07-02T16:45:45.508,1,194.551,283.556,0.0,-0.5,1000.0,RETURNING_TO_START,load_zone_1,dump_zone_1,0.00025,0.00067
1824.0,2026-07-02T16:45:45.508,2,192.321,283.783,0.0,-0.0194,1000.0,RETURNING_TO_START,load_zone_1,dump_zone_2,0.00025,0.00067
1824.0,2026-07-02T16:45:45.508,3,702.496,-168.474,17.325,-0.5,0.0,GOING_TO_ENDPOINT,dump_zone_3,load_zone_26,0.00025,0.00067
1825.0,2026-07-02T16:45:48.397,1,194.551,283.556,0.0,-0.5,1000.0,RETURNING_TO_START,load_zone_1,dump_zone_1,0.00025,0.00067
1825.0,2026-07-02T16:45:48.397,2,192.321,283.783,0.0,-0.0571,1000.0,RETURNING_TO_START,load_zone_1,dump_zone_2,0.00025,0.00067
1825.0,2026-07-02T16:45:48.397,3,702.5,-173.015,15.525,-0.5,0.0,GOING_TO_ENDPOINT,dump_zone_3,load_zone_26,0.00025,0.00067
1826.0,2026-07-02T16:45:51.381,1,194.551,283.556,0.0,-0.5,1000.0,RETURNING_TO_START,load_zone_1,dump_zone_1,0.00025,0.00067
1826.0,2026-07-02T16:45:51.381,2,192.321,283.783,0.0,-0.03,1000.0,RETURNING_TO_START,load_zone_1,dump_zone_2,0.00025,0.00067
1826.0,2026-07-02T16:45:51.381,3,702.5,-177.057,13.725,-0.5,0.0,GOING_TO_ENDPOINT,dump_zone_3,load_zone_26,0.00025,0.00067
1827.0,2026-07-02T16:45:54.410,1,194.551,283.556,0.0,-0.5,1000.0,RETURNING_TO_START,load_zone_1,dump_zone_1,0.00025,0.00067
1827.0,2026-07-02T16:45:54.410,2,192.321,283.783,0.0,-0.0039,1000.0,RETURNING_TO_START,load_zone_1,dump_zone_2,0.00025,0.00067
1827.0,2026-07-02T16:45:54.410,3,702.5,-180.598,11.925,-0.5,0.0,GOING_TO_ENDPOINT,dump_zone_3,load_zone_26,0.00025,0.00067
1828.0,2026-07-02T16:45:57.700,1,194.551,283.556,0.0,-0.5,1000.0,RETURNING_TO_START,load_zone_1,dump_zone_1,0.00025,0.00067
1828.0,2026-07-02T16:45:57.700,2,192.321,283.783,0.0,-0.041,1000.0,RETURNING_TO_START,load_zone_1,dump_zone_2,0.00025,0.00067
1828.0,2026-07-02T16:45:57.700,3,702.5,-183.64,10.125,-0.5,0.0,GOING_TO_ENDPOINT,dump_zone_3,load_zone_26,0.00025,0.00067
1829.0,2026-07-02T16:46:00.936,1,194.551,283.556,0.0,-0.5,1000.0,RETURNING_TO_START,load_zone_1,dump_zone_1,0.00025,0.00067
1829.0,2026-07-02T16:46:00.936,2,192.321,283.783,0.0,-0.0143,1000.0,RETURNING_TO_START,load_zone_1,dump_zone_2,0.00025,0.00067
1829.0,2026-07-02T16:46:00.936,3,702.5,-186.182,8.325,-0.5,0.0,GOING_TO_ENDPOINT,dump_zone_3,load_zone_26,0.00025,0.00067
1830.0,2026-07-02T16:46:03.977,1,194.551,283.556,0.0,-0.5,1000.0,RETURNING_TO_START,load_zone_1,dump_zone_1,0.00025,0.00067
1830.0,2026-07-02T16:46:03.977,2,192.321,283.783,0.0,-0.0526,1000.0,RETURNING_TO_START,load_zone_1,dump_zone_2,0.00025,0.00067
1830.0,2026-07-02T16:46:03.977,3,702.5,-188.223,6.525,-0.5,0.0,GOING_TO_ENDPOINT,dump_zone_3,load_zone_26,0.00025,0.00067
1831.0,2026-07-02T16:46:07.114,1,194.551,283.556,0.0,-0.5,1000.0,RETURNING_TO_START,load_zone_1,dump_zone_1,0.00025,0.00067
1831.0,2026-07-02T16:46:07.114,2,192.321,283.783,0.0,-0.0268,1000.0,RETURNING_TO_START,load_zone_1,dump_zone_2,0.00025,0.00067
1831.0,2026-07-02T16:46:07.114,3,702.513,-189.765,4.725,-0.5,0.0,GOING_TO_ENDPOINT,dump_zone_3,load_zone_26,0.00025,0.00067
1832.0,2026-07-02T16:46:10.041,1,194.551,283.556,0.0,-0.5,1000.0,RETURNING_TO_START,load_zone_1,dump_zone_1,0.00025,0.00067
1832.0,2026-07-02T16:46:10.041,2,192.321,283.783,0.0,-0.0011,1000.0,RETURNING_TO_START,load_zone_1,dump_zone_2,0.00025,0.00067
1832.0,2026-07-02T16:46:10.041,3,702.726,-190.781,2.925,-0.5,0.0,LOADING,dump_zone_3,load_zone_26,0.00025,0.00067
1833.0,2026-07-02T16:46:12.497,1,194.551,283.556,0.0,-0.5,1000.0,RETURNING_TO_START,load_zone_1,dump_zone_1,0.00025,0.00067
1833.0,2026-07-02T16:46:12.497,2,192.321,283.783,0.0,-0.0383,1000.0,RETURNING_TO_START,load_zone_1,dump_zone_2,0.00025,0.00067
1833.0,2026-07-02T16:46:12.497,3,702.936,-191.28,1.125,-0.5,0.0,LOADING,dump_zone_3,load_zone_26,0.00025,0.00067
1834.0,2026-07-02T16:46:14.983,1,194.551,283.556,0.0,-0.5,1000.0,RETURNING_TO_START,load_zone_1,dump_zone_1,0.00025,0.00067
1834.0,2026-07-02T16:46:14.983,2,192.321,283.783,0.0,-0.0026,1000.0,RETURNING_TO_START,load_zone_1,dump_zone_2,0.00025,0.00067
1834.0,2026-07-02T16:46:14.983,3,702.975,-191.356,0.0,-0.5,0.0,LOADING,dump_zone_3,load_zone_26,0.00025,0.00067
1835.0,2026-07-02T16:46:17.302,1,194.551,283.556,0.0,-0.5,1000.0,RETURNING_TO_START,load_zone_1,dump_zone_1,0.00025,0.00067
1835.0,2026-07-02T16:46:17.302,2,192.321,283.783,0.0,-0.0331,1000.0,RETURNING_TO_START,load_zone_1,dump_zone_2,0.00025,0.00067
1835.0,2026-07-02T16:46:17.302,3,703.243,-191.778,7.2,0.0,1000.0,TURNING_AROUND,load_zone_26,dump_zone_3,0.000258,0.000691
1836.0,2026-07-02T16:46:19.568,1,194.551,283.556,0.0,-0.5,1000.0,RETURNING_TO_START,load_zone_1,dump_zone_1,0.00025,0.00067
1836.0,2026-07-02T16:46:19.568,2,192.321,283.783,0.0,-0.0015,1000.0,RETURNING_TO_START,load_zone_1,dump_zone_2,0.00025,0.00067
1836.0,2026-07-02T16:46:19.568,3,704.766,-193.042,7.2,0.0,1000.0,TURNING_AROUND,load_zone_26,dump_zone_3,0.000258,0.000691
1837.0,2026-07-02T16:46:23.097,1,194.551,283.556,0.0,-0.5,1000.0,RETURNING_TO_START,load_zone_1,dump_zone_1,0.00025,0.00067
1837.0,2026-07-02T16:46:23.097,2,192.321,283.783,0.0,-0.0331,1000.0,RETURNING_TO_START,load_zone_1,dump_zone_2,0.00025,0.00067
1837.0,2026-07-02T16:46:23.097,3,704.404,-193.121,5.4,0.0,1000.0,TURNING_AROUND,load_zone_26,dump_zone_3,0.000256,0.000686
1838.0,2026-07-02T16:46:25.703,1,194.551,283.556,0.0,-0.5,1000.0,RETURNING_TO_START,load_zone_1,dump_zone_1,0.00025,0.00067
1838.0,2026-07-02T16:46:25.703,2,192.321,283.783,0.0,-0.0,1000.0,RETURNING_TO_START,load_zone_1,dump_zone_2,0.00025,0.00067
1838.0,2026-07-02T16:46:25.703,3,705.185,-192.788,7.2,0.0,1000.0,TURNING_AROUND,load_zone_26,dump_zone_3,0.000258,0.000691
1839.0,2026-07-02T16:46:28.161,1,194.551,283.556,0.0,-0.5,1000.0,RETURNING_TO_START,load_zone_1,dump_zone_1,0.00025,0.00067
1839.0,2026-07-02T16:46:28.161,2,192.321,283.783,0.0,-0.0305,1000.0,RETURNING_TO_START,load_zone_1,dump_zone_2,0.00025,0.00067
1839.0,2026-07-02T16:46:28.161,3,706.542,-191.769,5.4,0.0,1000.0,TURNING_AROUND,load_zone_26,dump_zone_3,0.000256,0.000686
1840.0,2026-07-02T16:46:30.837,1,194.551,283.556,0.0,-0.5,1000.0,RETURNING_TO_START,load_zone_1,dump_zone_1,0.00025,0.00067
1840.0,2026-07-02T16:46:30.837,2,192.321,283.783,0.0,-0.0645,1000.0,RETURNING_TO_START,load_zone_1,dump_zone_2,0.00025,0.00067
1840.0,2026-07-02T16:46:30.837,3,705.954,-192.822,7.2,0.0,1000.0,TURNING_AROUND,load_zone_26,dump_zone_3,0.000258,0.000691
1841.0,2026-07-02T16:46:33.951,1,194.551,283.556,0.0,-0.5,1000.0,RETURNING_TO_START,load_zone_1,dump_zone_1,0.00025,0.00067
1841.0,2026-07-02T16:46:33.951,2,192.321,283.783,0.0,-0.0212,1000.0,RETURNING_TO_START,load_zone_1,dump_zone_2,0.00025,0.00067
1841.0,2026-07-02T16:46:33.951,3,705.994,-192.648,0.25,0.3333,1000.0,RETURNING_TO_START,load_zone_26,dump_zone_3,0.000251,0.000673
1842.0,2026-07-02T16:46:37.492,1,194.551,283.556,0.0,-0.5,1000.0,RETURNING_TO_START,load_zone_1,dump_zone_1,0.00025,0.00067
1842.0,2026-07-02T16:46:37.492,2,192.321,283.783,0.0,-0.0518,1000.0,RETURNING_TO_START,load_zone_1,dump_zone_2,0.00025,0.00067
1842.0,2026-07-02T16:46:37.492,3,705.967,-192.2,3.15,1.0,1000.0,RETURNING_TO_START,load_zone_26,dump_zone_3,0.00027,0.000724
1843.0,2026-07-02T16:46:40.646,1,194.551,283.556,0.0,-0.5,1000.0,RETURNING_TO_START,load_zone_1,dump_zone_1,0.00025,0.00067
1843.0,2026-07-02T16:46:40.646,2,192.321,283.783,0.0,-0.0121,1000.0,RETURNING_TO_START,load_zone_1,dump_zone_2,0.00025,0.00067
1843.0,2026-07-02T16:46:40.646,3,705.545,-190.856,6.75,1.0,1000.0,RETURNING_TO_START,load_zone_26,dump_zone_3,0.000294,0.000788
1844.0,2026-07-02T16:46:43.709,1,194.551,283.556,0.0,-0.5,1000.0,RETURNING_TO_START,load_zone_1,dump_zone_1,0.00025,0.00067
1844.0,2026-07-02T16:46:43.709,2,192.321,283.783,0.0,-0.0422,1000.0,RETURNING_TO_START,load_zone_1,dump_zone_2,0.00025,0.00067
1844.0,2026-07-02T16:46:43.709,3,703.996,-189.02,10.35,1.0,1000.0,RETURNING_TO_START,load_zone_26,dump_zone_3,0.000317,0.00085
1845.0,2026-07-02T16:46:46.872,1,194.551,283.556,0.0,-0.5,1000.0,RETURNING_TO_START,load_zone_1,dump_zone_1,0.00025,0.00067
1845.0,2026-07-02T16:46:46.872,2,192.321,283.783,0.0,-0.0004,1000.0,RETURNING_TO_START,load_zone_1,dump_zone_2,0.00025,0.00067
1845.0,2026-07-02T16:46:46.872,3,701.439,-186.755,13.95,1.0,1000.0,RETURNING_TO_START,load_zone_26,dump_zone_3,0.00034,0.000911
1846.0,2026-07-02T16:46:50.019,1,194.551,283.556,0.0,-0.5,1000.0,RETURNING_TO_START,load_zone_1,dump_zone_1,0.00025,0.00067
1846.0,2026-07-02T16:46:50.019,2,192.321,283.783,0.0,-0.029,1000.0,RETURNING_TO_START,load_zone_1,dump_zone_2,0.00025,0.00067
1846.0,2026-07-02T16:46:50.019,3,698.636,-183.4,17.55,1.0,1000.0,RETURNING_TO_START,load_zone_26,dump_zone_3,0.000363,0.000973
1847.0,2026-07-02T16:46:53.402,1,194.551,283.556,0.0,-0.5,1000.0,RETURNING_TO_START,load_zone_1,dump_zone_1,0.00025,0.00067
1847.0,2026-07-02T16:46:53.402,2,192.321,283.783,0.0,-0.0482,1000.0,RETURNING_TO_START,load_zone_1,dump_zone_2,0.00025,0.00067
1847.0,2026-07-02T16:46:53.402,3,697.487,-178.315,19.5,0.0833,1000.0,RETURNING_TO_START,load_zone_26,dump_zone_3,0.000279,0.000748
1848.0,2026-07-02T16:46:56.655,1,194.551,283.556,0.0,-0.5,1000.0,RETURNING_TO_START,load_zone_1,dump_zone_1,0.00025,0.00067
1848.0,2026-07-02T16:46:56.655,2,192.321,283.783,0.0,-0.0043,1000.0,RETURNING_TO_START,load_zone_1,dump_zone_2,0.00025,0.00067
1848.0,2026-07-02T16:46:56.655,3,697.478,-173.044,18.225,-0.5,1000.0,RETURNING_TO_START,load_zone_26,dump_zone_3,0.00025,0.00067
1849.0,2026-07-02T16:46:59.770,1,194.551,283.556,0.0,-0.5,1000.0,RETURNING_TO_START,load_zone_1,dump_zone_1,0.00025,0.00067
1849.0,2026-07-02T16:46:59.770,2,192.321,283.783,0.0,-0.0284,1000.0,RETURNING_TO_START,load_zone_1,dump_zone_2,0.00025,0.00067
1849.0,2026-07-02T16:46:59.770,3,697.501,-168.253,16.425,-0.5,1000.0,RETURNING_TO_START,load_zone_26,dump_zone_3,0.00025,0.00067
1850.0,2026-07-02T16:47:02.849,1,194.551,283.556,0.0,-0.5,1000.0,RETURNING_TO_START,load_zone_1,dump_zone_1,0.00025,0.00067
1850.0,2026-07-02T16:47:02.849,2,192.321,283.783,0.0,-0.0463,1000.0,RETURNING_TO_START,load_zone_1,dump_zone_2,0.00025,0.00067
1850.0,2026-07-02T16:47:02.849,3,697.501,-163.961,14.625,-0.5,1000.0,RETURNING_TO_START,load_zone_26,dump_zone_3,0.00025,0.00067
1851.0,2026-07-02T16:47:06.103,1,194.551,283.556,0.0,-0.5,1000.0,RETURNING_TO_START,load_zone_1,dump_zone_1,0.00025,0.00067
1851.0,2026-07-02T16:47:06.103,2,192.321,283.783,0.0,-0.0013,1000.0,RETURNING_TO_START,load_zone_1,dump_zone_2,0.00025,0.00067
1851.0,2026-07-02T16:47:06.103,3,697.5,-160.17,12.825,-0.5,1000.0,RETURNING_TO_START,load_zone_26,dump_zone_3,0.00025,0.00067
1852.0,2026-07-02T16:47:09.881,1,194.551,283.556,0.0,-0.5,1000.0,RETURNING_TO_START,load_zone_1,dump_zone_1,0.00025,0.00067
1852.0,2026-07-02T16:47:09.881,2,192.321,283.783,0.0,-0.0268,1000.0,RETURNING_TO_START,load_zone_1,dump_zone_2,0.00025,0.00067
1852.0,2026-07-02T16:47:09.881,3,697.5,-156.878,11.025,-0.5,1000.0,RETURNING_TO_START,load_zone_26,dump_zone_3,0.00025,0.00067
1853.0,2026-07-02T16:47:13.981,1,194.551,283.556,0.0,-0.5,1000.0,RETURNING_TO_START,load_zone_1,dump_zone_1,0.00025,0.00067
1853.0,2026-07-02T16:47:13.981,2,192.321,283.783,0.0,-0.0434,1000.0,RETURNING_TO_START,load_zone_1,dump_zone_2,0.00025,0.00067
1853.0,2026-07-02T16:47:13.981,3,697.5,-154.086,9.225,-0.5,1000.0,RETURNING_TO_START,load_zone_26,dump_zone_3,0.00025,0.00067
1854.0,2026-07-02T16:47:18.846,1,194.551,283.556,0.0,-0.5,1000.0,RETURNING_TO_START,load_zone_1,dump_zone_1,0.00025,0.00067
1854.0,2026-07-02T16:47:18.846,2,192.321,283.783,0.0,-0.0659,1000.0,RETURNING_TO_START,load_zone_1,dump_zone_2,0.00025,0.00067
1854.0,2026-07-02T16:47:18.846,3,697.48,-151.795,7.425,-0.5,1000.0,RETURNING_TO_START,load_zone_26,dump_zone_3,0.00025,0.00067
1855.0,2026-07-02T16:47:22.925,1,194.551,283.556,0.0,-0.5,1000.0,RETURNING_TO_START,load_zone_1,dump_zone_1,0.00025,0.00067
1855.0,2026-07-02T16:47:22.925,2,192.321,283.783,0.0,-0.0159,1000.0,RETURNING_TO_START,load_zone_1,dump_zone_2,0.00025,0.00067
1855.0,2026-07-02T16:47:22.925,3,696.989,-150.066,6.0,-0.0833,1000.0,RETURNING_TO_START,load_zone_26,dump_zone_3,0.000254,0.000681
1856.0,2026-07-02T16:47:26.954,1,194.551,283.556,0.0,-0.5,1000.0,RETURNING_TO_START,load_zone_1,dump_zone_1,0.00025,0.00067
1856.0,2026-07-02T16:47:26.954,2,192.321,283.783,0.0,-0.0329,1000.0,RETURNING_TO_START,load_zone_1,dump_zone_2,0.00025,0.00067
1856.0,2026-07-02T16:47:26.954,3,695.838,-148.649,7.65,0.9167,1000.0,RETURNING_TO_START,load_zone_26,dump_zone_3,0.000296,0.000793
1857.0,2026-07-02T16:47:30.588,1,194.551,283.556,0.0,-0.5,1000.0,RETURNING_TO_START,load_zone_1,dump_zone_1,0.00025,0.00067
1857.0,2026-07-02T16:47:30.588,2,192.321,283.783,0.0,-0.0487,1000.0,RETURNING_TO_START,load_zone_1,dump_zone_2,0.00025,0.00067
1857.0,2026-07-02T16:47:30.588,3,693.88,-146.839,11.25,1.0,1000.0,RETURNING_TO_START,load_zone_26,dump_zone_3,0.000323,0.000866
1858.0,2026-07-02T16:47:34.764,1,194.551,283.556,0.0,-0.5,1000.0,RETURNING_TO_START,load_zone_1,dump_zone_1,0.00025,0.00067
1858.0,2026-07-02T16:47:34.764,2,192.321,283.783,0.0,-0.003,1000.0,RETURNING_TO_START,load_zone_1,dump_zone_2,0.00025,0.00067
1858.0,2026-07-02T16:47:34.764,3,691.139,-144.404,14.85,1.0,1000.0,RETURNING_TO_START,load_zone_26,dump_zone_3,0.000346,0.000927
1859.0,2026-07-02T16:47:42.233,1,194.551,283.556,0.0,-0.5,1000.0,RETURNING_TO_START,load_zone_1,dump_zone_1,0.00025,0.00067
1859.0,2026-07-02T16:47:42.233,2,192.321,283.783,0.0,-0.0193,1000.0,RETURNING_TO_START,load_zone_1,dump_zone_2,0.00025,0.00067
1859.0,2026-07-02T16:47:42.233,3,687.728,-141.219,18.45,1.0,1000.0,RETURNING_TO_START,load_zone_26,dump_zone_3,0.000369,0.000989
1860.0,2026-07-02T16:47:49.994,1,194.551,283.556,0.0,-0.5,1000.0,RETURNING_TO_START,load_zone_1,dump_zone_1,0.00025,0.00067
1860.0,2026-07-02T16:47:49.994,2,192.321,283.783,0.0,-0.0379,1000.0,RETURNING_TO_START,load_zone_1,dump_zone_2,0.00025,0.00067
1860.0,2026-07-02T16:47:49.994,3,683.706,-137.244,21.847,0.8483,1000.0,RETURNING_TO_START,load_zone_26,dump_zone_3,0.000373,0.001
1861.0,2026-07-02T16:47:57.103,1,194.551,283.556,0.0,-0.5,1000.0,RETURNING_TO_START,load_zone_1,dump_zone_1,0.00025,0.00067
1861.0,2026-07-02T16:47:57.103,2,192.321,283.783,0.0,-0.0544,1000.0,RETURNING_TO_START,load_zone_1,dump_zone_2,0.00025,0.00067
1861.0,2026-07-02T16:47:57.103,3,679.136,-132.672,23.986,0.1558,1000.0,RETURNING_TO_START,load_zone_26,dump_zone_3,0.000295,0.000791
1862.0,2026-07-02T16:48:03.282,1,194.551,283.556,0.0,-0.5,1000.0,RETURNING_TO_START,load_zone_1,dump_zone_1,0.00025,0.00067
1862.0,2026-07-02T16:48:03.282,2,192.321,283.783,0.0,-0.0068,1000.0,RETURNING_TO_START,load_zone_1,dump_zone_2,0.00025,0.00067
1862.0,2026-07-02T16:48:03.282,3,674.505,-128.04,22.863,-0.5,1000.0,RETURNING_TO_START,load_zone_26,dump_zone_3,0.00025,0.00067
1863.0,2026-07-02T16:48:08.968,1,194.551,283.556,0.0,-0.5,1000.0,RETURNING_TO_START,load_zone_1,dump_zone_1,0.00025,0.00067
1863.0,2026-07-02T16:48:08.968,2,192.321,283.783,0.0,-0.0195,1000.0,RETURNING_TO_START,load_zone_1,dump_zone_2,0.00025,0.00067
1863.0,2026-07-02T16:48:08.968,3,670.206,-123.741,21.063,-0.5,1000.0,RETURNING_TO_START,load_zone_26,dump_zone_3,0.00025,0.00067
1864.0,2026-07-02T16:48:15.367,1,194.551,283.556,0.0,-0.5,1000.0,RETURNING_TO_START,load_zone_1,dump_zone_1,0.00025,0.00067
1864.0,2026-07-02T16:48:15.367,2,192.321,283.783,0.0,-0.0351,1000.0,RETURNING_TO_START,load_zone_1,dump_zone_2,0.00025,0.00067
1864.0,2026-07-02T16:48:15.367,3,666.26,-119.795,19.263,-0.5,1000.0,RETURNING_TO_START,load_zone_26,dump_zone_3,0.00025,0.00067
1865.0,2026-07-02T16:48:21.239,1,194.551,283.556,0.0,-0.5,1000.0,RETURNING_TO_START,load_zone_1,dump_zone_1,0.00025,0.00067
1865.0,2026-07-02T16:48:21.239,2,192.321,283.783,0.0,-0.048,1000.0,RETURNING_TO_START,load_zone_1,dump_zone_2,0.00025,0.00067
1865.0,2026-07-02T16:48:21.239,3,662.668,-116.203,17.463,-0.5,1000.0,RETURNING_TO_START,load_zone_26,dump_zone_3,0.00025,0.00067
1866.0,2026-07-02T16:48:27.434,1,194.551,283.556,0.0,-0.5,1000.0,RETURNING_TO_START,load_zone_1,dump_zone_1,0.00025,0.00067
1866.0,2026-07-02T16:48:27.434,2,192.321,283.783,0.0,-0.001,1000.0,RETURNING_TO_START,load_zone_1,dump_zone_2,0.00025,0.00067
1866.0,2026-07-02T16:48:27.434,3,659.429,-112.965,15.663,-0.5,1000.0,RETURNING_TO_START,load_zone_26,dump_zone_3,0.00025,0.00067
1867.0,2026-07-02T16:48:33.488,1,194.551,283.556,0.0,-0.5,1000.0,RETURNING_TO_START,load_zone_1,dump_zone_1,0.00025,0.00067
1867.0,2026-07-02T16:48:33.488,2,192.321,283.783,0.0,-0.0064,1000.0,RETURNING_TO_START,load_zone_1,dump_zone_2,0.00025,0.00067
1867.0,2026-07-02T16:48:33.488,3,656.544,-110.079,13.863,-0.5,1000.0,RETURNING_TO_START,load_zone_26,dump_zone_3,0.00025,0.00067
1868.0,2026-07-02T16:48:38.420,1,194.551,283.556,0.0,-0.5,1000.0,RETURNING_TO_START,load_zone_1,dump_zone_1,0.00025,0.00067
1868.0,2026-07-02T16:48:38.420,2,192.321,283.783,0.0,-0.0299,1000.0,RETURNING_TO_START,load_zone_1,dump_zone_2,0.00025,0.00067
1868.0,2026-07-02T16:48:38.420,3,654.012,-107.548,12.063,-0.5,1000.0,RETURNING_TO_START,load_zone_26,dump_zone_3,0.00025,0.00067
1869.0,2026-07-02T16:48:44.023,1,194.551,283.556,0.0,-0.5,1000.0,RETURNING_TO_START,load_zone_1,dump_zone_1,0.00025,0.00067
1869.0,2026-07-02T16:48:44.023,2,192.321,283.783,0.0,-0.0323,1000.0,RETURNING_TO_START,load_zone_1,dump_zone_2,0.00025,0.00067
1869.0,2026-07-02T16:48:44.023,3,651.834,-105.37,10.263,-0.5,1000.0,RETURNING_TO_START,load_zone_26,dump_zone_3,0.00025,0.00067
1870.0,2026-07-02T16:48:50.058,1,194.551,283.556,0.0,-0.5,1000.0,RETURNING_TO_START,load_zone_1,dump_zone_1,0.00025,0.00067
1870.0,2026-07-02T16:48:50.058,2,192.321,283.783,0.0,-0.0387,1000.0,RETURNING_TO_START,load_zone_1,dump_zone_2,0.00025,0.00067
1870.0,2026-07-02T16:48:50.058,3,650.013,-103.543,8.463,-0.5,1000.0,RETURNING_TO_START,load_zone_26,dump_zone_3,0.00025,0.00067
1871.0,2026-07-02T16:48:56.822,1,194.551,283.556,0.0,-0.5,1000.0,RETURNING_TO_START,load_zone_1,dump_zone_1,0.00025,0.00067
1871.0,2026-07-02T16:48:56.822,2,192.321,283.783,0.0,-0.0552,1000.0,RETURNING_TO_START,load_zone_1,dump_zone_2,0.00025,0.00067
1871.0,2026-07-02T16:48:56.822,3,648.325,-102.331,6.788,-0.4167,1000.0,RETURNING_TO_START,load_zone_26,dump_zone_3,0.00025,0.00067
1872.0,2026-07-02T16:49:02.724,1,194.551,283.556,0.0,-0.5,1000.0,RETURNING_TO_START,load_zone_1,dump_zone_1,0.00025,0.00067
1872.0,2026-07-02T16:49:02.724,2,192.321,283.783,0.0,-0.0664,1000.0,RETURNING_TO_START,load_zone_1,dump_zone_2,0.00025,0.00067
1872.0,2026-07-02T16:49:02.724,3,646.491,-102.027,7.238,0.5833,1000.0,RETURNING_TO_START,load_zone_26,dump_zone_3,0.00028,0.00075
1873.0,2026-07-02T16:49:07.984,1,194.551,283.556,0.0,-0.5,1000.0,RETURNING_TO_START,load_zone_1,dump_zone_1,0.00025,0.00067
1873.0,2026-07-02T16:49:07.984,2,192.321,283.783,0.0,-0.0591,1000.0,RETURNING_TO_START,load_zone_1,dump_zone_2,0.00025,0.00067
1873.0,2026-07-02T16:49:07.984,3,644.005,-102.115,10.588,1.0,1000.0,RETURNING_TO_START,load_zone_26,dump_zone_3,0.000318,0.000852
1874.0,2026-07-02T16:49:13.235,1,194.551,283.556,0.0,-0.5,1000.0,RETURNING_TO_START,load_zone_1,dump_zone_1,0.00025,0.00067
1874.0,2026-07-02T16:49:13.235,2,192.321,283.783,0.0,-0.0591,1000.0,RETURNING_TO_START,load_zone_1,dump_zone_2,0.00025,0.00067
1874.0,2026-07-02T16:49:13.235,3,640.529,-102.339,14.188,1.0,1000.0,RETURNING_TO_START,load_zone_26,dump_zone_3,0.000341,0.000914
1875.0,2026-07-02T16:49:19.293,1,194.551,283.556,0.0,-0.5,1000.0,RETURNING_TO_START,load_zone_1,dump_zone_1,0.00025,0.00067
1875.0,2026-07-02T16:49:19.293,2,192.321,283.783,0.0,-0.0571,1000.0,RETURNING_TO_START,load_zone_1,dump_zone_2,0.00025,0.00067
1875.0,2026-07-02T16:49:19.293,3,636.049,-102.488,17.788,1.0,1000.0,RETURNING_TO_START,load_zone_26,dump_zone_3,0.000365,0.000978
1876.0,2026-07-02T16:49:25.704,1,194.551,283.556,0.0,-0.5,1000.0,RETURNING_TO_START,load_zone_1,dump_zone_1,0.00025,0.00067
1876.0,2026-07-02T16:49:25.704,2,192.321,283.783,0.0,-0.0562,1000.0,RETURNING_TO_START,load_zone_1,dump_zone_2,0.00025,0.00067
1876.0,2026-07-02T16:49:25.704,3,630.731,-102.503,19.788,0.25,1000.0,RETURNING_TO_START,load_zone_26,dump_zone_3,0.000298,0.000799
1877.0,2026-07-02T16:49:30.992,1,194.551,283.556,0.0,-0.5,1000.0,RETURNING_TO_START,load_zone_1,dump_zone_1,0.00025,0.00067
1877.0,2026-07-02T16:49:30.992,2,192.321,283.783,0.0,-0.0566,1000.0,RETURNING_TO_START,load_zone_1,dump_zone_2,0.00025,0.00067
1877.0,2026-07-02T16:49:30.992,3,625.218,-102.5,19.363,-0.5,1000.0,RETURNING_TO_START,load_zone_26,dump_zone_3,0.00025,0.00067
1878.0,2026-07-02T16:49:35.978,1,194.551,283.556,0.0,-0.5,1000.0,RETURNING_TO_START,load_zone_1,dump_zone_1,0.00025,0.00067
1878.0,2026-07-02T16:49:35.978,2,192.321,283.783,0.0,-0.0561,1000.0,RETURNING_TO_START,load_zone_1,dump_zone_2,0.00025,0.00067
1878.0,2026-07-02T16:49:35.978,3,620.11,-102.5,17.563,-0.5,1000.0,RETURNING_TO_START,load_zone_26,dump_zone_3,0.00025,0.00067
1879.0,2026-07-02T16:49:40.903,1,194.551,283.556,0.0,-0.5,1000.0,RETURNING_TO_START,load_zone_1,dump_zone_1,0.00025,0.00067
1879.0,2026-07-02T16:49:40.903,2,192.321,283.783,0.0,-0.0538,1000.0,RETURNING_TO_START,load_zone_1,dump_zone_2,0.00025,0.00067
1879.0,2026-07-02T16:49:40.903,3,615.502,-102.5,15.763,-0.5,1000.0,RETURNING_TO_START,load_zone_26,dump_zone_3,0.00025,0.00067
1880.0,2026-07-02T16:49:46.132,1,194.551,283.556,0.0,-0.5,1000.0,RETURNING_TO_START,load_zone_1,dump_zone_1,0.00025,0.00067
1880.0,2026-07-02T16:49:46.132,2,192.321,283.783,0.0,-0.0528,1000.0,RETURNING_TO_START,load_zone_1,dump_zone_2,0.00025,0.00067
1880.0,2026-07-02T16:49:46.132,3,611.394,-102.5,13.963,-0.5,1000.0,RETURNING_TO_START,load_zone_26,dump_zone_3,0.00025,0.00067
1881.0,2026-07-02T16:49:51.431,1,194.551,283.556,0.0,-0.5,1000.0,RETURNING_TO_START,load_zone_1,dump_zone_1,0.00025,0.00067
1881.0,2026-07-02T16:49:51.431,2,192.321,283.783,0.0,-0.0529,1000.0,RETURNING_TO_START,load_zone_1,dump_zone_2,0.00025,0.00067
1881.0,2026-07-02T16:49:51.431,3,607.786,-102.5,12.163,-0.5,1000.0,RETURNING_TO_START,load_zone_26,dump_zone_3,0.00025,0.00067
1882.0,2026-07-02T16:49:55.997,1,194.551,283.556,0.0,-0.5,1000.0,RETURNING_TO_START,load_zone_1,dump_zone_1,0.00025,0.00067
1882.0,2026-07-02T16:49:55.997,2,192.321,283.783,0.0,-0.0538,1000.0,RETURNING_TO_START,load_zone_1,dump_zone_2,0.00025,0.00067
1882.0,2026-07-02T16:49:55.997,3,604.679,-102.5,10.363,-0.5,1000.0,RETURNING_TO_START,load_zone_26,dump_zone_3,0.00025,0.00067
1883.0,2026-07-02T16:50:01.504,1,194.551,283.556,0.0,-0.5,1000.0,RETURNING_TO_START,load_zone_1,dump_zone_1,0.00025,0.00067
1883.0,2026-07-02T16:50:01.504,2,192.321,283.783,0.0,-0.0505,1000.0,RETURNING_TO_START,load_zone_1,dump_zone_2,0.00025,0.00067
1883.0,2026-07-02T16:50:01.504,3,602.071,-102.494,8.563,-0.5,1000.0,RETURNING_TO_START,load_zone_26,dump_zone_3,0.00025,0.00067
1884.0,2026-07-02T16:50:07.176,1,194.551,283.556,0.0,-0.5,1000.0,RETURNING_TO_START,load_zone_1,dump_zone_1,0.00025,0.00067
1884.0,2026-07-02T16:50:07.176,2,192.321,283.783,0.0,-0.0486,1000.0,RETURNING_TO_START,load_zone_1,dump_zone_2,0.00025,0.00067
1884.0,2026-07-02T16:50:07.176,3,599.986,-102.142,7.138,-0.0833,1000.0,RETURNING_TO_START,load_zone_26,dump_zone_3,0.000254,0.000681
1885.0,2026-07-02T16:50:12.544,1,194.551,283.556,0.0,-0.5,1000.0,RETURNING_TO_START,load_zone_1,dump_zone_1,0.00025,0.00067
1885.0,2026-07-02T16:50:12.544,2,192.321,283.783,0.0,-0.0494,1000.0,RETURNING_TO_START,load_zone_1,dump_zone_2,0.00025,0.00067
1885.0,2026-07-02T16:50:12.544,3,598.324,-100.84,8.488,0.4167,1000.0,RETURNING_TO_START,load_zone_26,dump_zone_3,0.000278,0.000745
1886.0,2026-07-02T16:50:16.913,1,194.551,283.556,0.0,-0.5,1000.0,RETURNING_TO_START,load_zone_1,dump_zone_1,0.00025,0.00067
1886.0,2026-07-02T16:50:16.913,2,192.321,283.783,0.0,-0.0497,1000.0,RETURNING_TO_START,load_zone_1,dump_zone_2,0.00025,0.00067
1886.0,2026-07-02T16:50:16.913,3,597.492,-98.645,8.063,-0.5,1000.0,RETURNING_TO_START,load_zone_26,dump_zone_3,0.00025,0.00067
1887.0,2026-07-02T16:50:20.813,1,194.551,283.556,0.0,-0.5,1000.0,RETURNING_TO_START,load_zone_1,dump_zone_1,0.00025,0.00067
1887.0,2026-07-02T16:50:20.813,2,192.321,283.783,0.0,-0.05,1000.0,RETURNING_TO_START,load_zone_1,dump_zone_2,0.00025,0.00067
1887.0,2026-07-02T16:50:20.813,3,597.424,-96.583,7.388,0.25,1000.0,RETURNING_TO_START,load_zone_26,dump_zone_3,0.000268,0.000718
1888.0,2026-07-02T16:50:24.892,1,194.551,283.556,0.0,-0.5,1000.0,RETURNING_TO_START,load_zone_1,dump_zone_1,0.00025,0.00067
1888.0,2026-07-02T16:50:24.892,2,192.321,283.783,0.0,-0.0486,1000.0,RETURNING_TO_START,load_zone_1,dump_zone_2,0.00025,0.00067
1888.0,2026-07-02T16:50:24.892,3,597.422,-94.19,10.088,1.0,1000.0,RETURNING_TO_START,load_zone_26,dump_zone_3,0.000315,0.000844
1889.0,2026-07-02T16:50:28.662,1,194.551,283.556,0.0,-0.5,1000.0,RETURNING_TO_START,load_zone_1,dump_zone_1,0.00025,0.00067
1889.0,2026-07-02T16:50:28.662,2,192.321,283.783,0.0,-0.0462,1000.0,RETURNING_TO_START,load_zone_1,dump_zone_2,0.00025,0.00067
1889.0,2026-07-02T16:50:28.662,3,597.452,-90.846,13.688,1.0,1000.0,RETURNING_TO_START,load_zone_26,dump_zone_3,0.000338,0.000906
1890.0,2026-07-02T16:50:32.716,1,194.551,283.556,0.0,-0.5,1000.0,RETURNING_TO_START,load_zone_1,dump_zone_1,0.00025,0.00067
1890.0,2026-07-02T16:50:32.716,2,192.321,283.783,0.0,-0.0456,1000.0,RETURNING_TO_START,load_zone_1,dump_zone_2,0.00025,0.00067
1890.0,2026-07-02T16:50:32.716,3,597.491,-86.502,17.288,1.0,1000.0,RETURNING_TO_START,load_zone_26,dump_zone_3,0.000361,0.000967
1891.0,2026-07-02T16:50:37.402,1,194.551,283.556,0.0,-0.5,1000.0,RETURNING_TO_START,load_zone_1,dump_zone_1,0.00025,0.00067
1891.0,2026-07-02T16:50:37.402,2,192.321,283.783,0.0,-0.0451,1000.0,RETURNING_TO_START,load_zone_1,dump_zone_2,0.00025,0.00067
1891.0,2026-07-02T16:50:37.402,3,597.501,-81.158,20.888,1.0,1000.0,RETURNING_TO_START,load_zone_26,dump_zone_3,0.000385,0.001032
1892.0,2026-07-02T16:50:41.715,1,194.551,283.556,0.0,-0.5,1000.0,RETURNING_TO_START,load_zone_1,dump_zone_1,0.00025,0.00067
1892.0,2026-07-02T16:50:41.715,2,192.321,283.783,0.0,-0.0446,1000.0,RETURNING_TO_START,load_zone_1,dump_zone_2,0.00025,0.00067
1892.0,2026-07-02T16:50:41.715,3,597.5,-74.98,22.838,0.0833,1000.0,RETURNING_TO_START,load_zone_26,dump_zone_3,0.000284,0.000761
1893.0,2026-07-02T16:50:45.870,1,194.551,283.556,0.0,-0.5,1000.0,RETURNING_TO_START,load_zone_1,dump_zone_1,0.00025,0.00067
1893.0,2026-07-02T16:50:45.870,2,192.321,283.783,0.0,-0.0432,1000.0,RETURNING_TO_START,load_zone_1,dump_zone_2,0.00025,0.00067
1893.0,2026-07-02T16:50:45.870,3,597.5,-68.734,22.25,0.077,1000.0,RETURNING_TO_START,load_zone_26,dump_zone_3,0.000283,0.000758
1894.0,2026-07-02T16:50:49.613,1,194.551,283.556,0.0,-0.5,1000.0,RETURNING_TO_START,load_zone_1,dump_zone_1,0.00025,0.00067
1894.0,2026-07-02T16:50:49.613,2,192.321,283.783,0.0,-0.0432,1000.0,RETURNING_TO_START,load_zone_1,dump_zone_2,0.00025,0.00067
1894.0,2026-07-02T16:50:49.613,3,597.5,-62.525,22.473,0.1292,1000.0,RETURNING_TO_START,load_zone_26,dump_zone_3,0.000289,0.000775
1895.0,2026-07-02T16:50:53.654,1,194.551,283.556,0.0,-0.5,1000.0,RETURNING_TO_START,load_zone_1,dump_zone_1,0.00025,0.00067
1895.0,2026-07-02T16:50:53.654,2,192.321,283.783,0.0,-0.042,1000.0,RETURNING_TO_START,load_zone_1,dump_zone_2,0.00025,0.00067
1895.0,2026-07-02T16:50:53.654,3,597.5,-56.326,22.388,0.2959,1000.0,RETURNING_TO_START,load_zone_26,dump_zone_3,0.000309,0.000828
