sim_time_s,wall_time,truck_id,x_m,y_m,speed_kmh,accel_ms2,cargo_kg,op_state,current_node,target_node,fuel_L_step,co2_kg_step
1.0,2026-07-02T11:58:11.229,1,650.002,319.789,1.95,1.0,0.0,GOING_TO_ENDPOINT,dump_zone_9,load_zone_26,0.000258,0.000691
1.0,2026-07-02T11:58:11.229,2,250.002,739.789,1.95,1.0,0.0,GOING_TO_ENDPOINT,dump_zone_17,load_zone_22,0.000258,0.000691
1.0,2026-07-02T11:58:11.229,3,50.002,739.789,1.95,1.0,0.0,GOING_TO_ENDPOINT,dump_zone_15,load_zone_22,0.000258,0.000691
2.0,2026-07-02T11:58:13.339,1,650.153,318.719,5.55,1.0,0.0,GOING_TO_ENDPOINT,dump_zone_9,load_zone_26,0.000271,0.000726
2.0,2026-07-02T11:58:13.339,2,250.122,738.714,5.55,1.0,0.0,GOING_TO_ENDPOINT,dump_zone_17,load_zone_22,0.000271,0.000726
2.0,2026-07-02T11:58:13.339,3,50.117,738.713,5.55,1.0,0.0,GOING_TO_ENDPOINT,dump_zone_15,load_zone_22,0.000271,0.000726
3.0,2026-07-02T11:58:15.533,1,650.891,316.773,9.15,1.0,0.0,GOING_TO_ENDPOINT,dump_zone_9,load_zone_26,0.000285,0.000764
3.0,2026-07-02T11:58:15.533,2,250.666,736.704,9.15,1.0,0.0,GOING_TO_ENDPOINT,dump_zone_17,load_zone_22,0.000285,0.000764
3.0,2026-07-02T11:58:15.533,3,50.642,736.699,9.15,1.0,0.0,GOING_TO_ENDPOINT,dump_zone_15,load_zone_22,0.000285,0.000764
4.0,2026-07-02T11:58:17.778,1,651.975,313.892,12.725,0.9167,0.0,GOING_TO_ENDPOINT,dump_zone_9,load_zone_26,0.000296,0.000793
4.0,2026-07-02T11:58:17.778,2,251.517,733.741,12.75,1.0,0.0,GOING_TO_ENDPOINT,dump_zone_17,load_zone_22,0.000299,0.000801
4.0,2026-07-02T11:58:17.778,3,51.479,733.732,12.75,1.0,0.0,GOING_TO_ENDPOINT,dump_zone_15,load_zone_22,0.000299,0.000801
5.0,2026-07-02T11:58:20.184,1,652.483,310.113,14.075,-0.0833,0.0,GOING_TO_ENDPOINT,dump_zone_9,load_zone_26,0.000255,0.000683
5.0,2026-07-02T11:58:20.184,2,252.294,729.738,16.35,1.0,0.0,GOING_TO_ENDPOINT,dump_zone_17,load_zone_22,0.000313,0.000839
5.0,2026-07-02T11:58:20.184,3,52.278,729.731,16.35,1.0,0.0,GOING_TO_ENDPOINT,dump_zone_15,load_zone_22,0.000313,0.000839
6.0,2026-07-02T11:58:22.411,1,652.524,306.411,12.525,-0.5,0.0,GOING_TO_ENDPOINT,dump_zone_9,load_zone_26,0.00025,0.00067
6.0,2026-07-02T11:58:22.411,2,252.501,724.733,19.167,0.4945,0.0,GOING_TO_ENDPOINT,dump_zone_17,load_zone_22,0.000293,0.000785
6.0,2026-07-02T11:58:22.411,3,52.514,724.705,19.25,0.4167,0.0,GOING_TO_ENDPOINT,dump_zone_15,load_zone_22,0.000288,0.000772
7.0,2026-07-02T11:58:24.008,1,652.507,303.202,10.725,-0.5,0.0,GOING_TO_ENDPOINT,dump_zone_9,load_zone_26,0.00025,0.00067
7.0,2026-07-02T11:58:24.008,2,252.505,719.352,18.998,-0.5,0.0,GOING_TO_ENDPOINT,dump_zone_17,load_zone_22,0.00025,0.00067
7.0,2026-07-02T11:58:24.008,3,52.506,719.342,18.825,-0.5,0.0,GOING_TO_ENDPOINT,dump_zone_15,load_zone_22,0.00025,0.00067
8.0,2026-07-02T11:58:26.064,1,652.262,300.515,8.95,-0.4167,0.0,GOING_TO_ENDPOINT,dump_zone_9,load_zone_26,0.00025,0.00067
8.0,2026-07-02T11:58:26.064,2,252.5,714.345,17.198,-0.5,0.0,GOING_TO_ENDPOINT,dump_zone_17,load_zone_22,0.00025,0.00067
8.0,2026-07-02T11:58:26.064,3,52.5,714.384,17.025,-0.5,0.0,GOING_TO_ENDPOINT,dump_zone_15,load_zone_22,0.00025,0.00067
9.0,2026-07-02T11:58:28.275,1,650.897,298.511,9.182,0.2024,0.0,GOING_TO_ENDPOINT,dump_zone_9,load_zone_26,0.000262,0.000702
9.0,2026-07-02T11:58:28.275,2,252.5,709.832,15.472,-0.5,0.0,GOING_TO_ENDPOINT,dump_zone_17,load_zone_22,0.00025,0.00067
9.0,2026-07-02T11:58:28.275,3,52.5,709.922,15.291,-0.4741,0.0,GOING_TO_ENDPOINT,dump_zone_15,load_zone_22,0.00025,0.00067
10.0,2026-07-02T11:58:30.630,1,648.651,297.576,8.193,-0.4167,0.0,GOING_TO_ENDPOINT,dump_zone_9,load_zone_26,0.00025,0.00067
10.0,2026-07-02T11:58:30.630,2,252.5,705.786,13.772,-0.5,0.0,GOING_TO_ENDPOINT,dump_zone_17,load_zone_22,0.00025,0.00067
10.0,2026-07-02T11:58:30.630,3,52.5,705.936,13.59,-0.5,0.0,GOING_TO_ENDPOINT,dump_zone_15,load_zone_22,0.00025,0.00067
11.0,2026-07-02T11:58:32.450,1,646.394,297.531,8.643,0.5833,0.0,GOING_TO_ENDPOINT,dump_zone_9,load_zone_26,0.000272,0.000729
11.0,2026-07-02T11:58:32.450,2,252.495,702.229,12.004,-0.4167,0.0,GOING_TO_ENDPOINT,dump_zone_17,load_zone_22,0.00025,0.00067
11.0,2026-07-02T11:58:32.450,3,52.502,702.414,11.96,-0.4717,0.0,GOING_TO_ENDPOINT,dump_zone_15,load_zone_22,0.00025,0.00067
12.0,2026-07-02T11:58:34.568,1,643.524,297.755,11.993,1.0,0.0,GOING_TO_ENDPOINT,dump_zone_9,load_zone_26,0.000296,0.000793
12.0,2026-07-02T11:58:34.568,2,252.378,699.129,10.563,-0.2048,0.0,GOING_TO_ENDPOINT,dump_zone_17,load_zone_22,0.00025,0.00067
12.0,2026-07-02T11:58:34.568,3,52.607,699.365,10.16,-0.5,0.0,GOING_TO_ENDPOINT,dump_zone_15,load_zone_22,0.00025,0.00067
13.0,2026-07-02T11:58:36.709,1,639.677,298.198,15.593,1.0,0.0,GOING_TO_ENDPOINT,dump_zone_9,load_zone_26,0.00031,0.000831
13.0,2026-07-02T11:58:36.709,2,251.977,696.322,10.075,0.1285,0.0,GOING_TO_ENDPOINT,dump_zone_17,load_zone_22,0.000261,0.000699
13.0,2026-07-02T11:58:36.709,3,53.019,696.801,9.06,0.0833,0.0,GOING_TO_ENDPOINT,dump_zone_15,load_zone_22,0.000258,0.000691
14.0,2026-07-02T11:58:39.155,1,634.848,298.851,19.168,0.9167,0.0,GOING_TO_ENDPOINT,dump_zone_9,load_zone_26,0.000319,0.000855
14.0,2026-07-02T11:58:39.155,2,251.166,693.484,11.319,0.4468,0.0,GOING_TO_ENDPOINT,dump_zone_17,load_zone_22,0.000274,0.000734
14.0,2026-07-02T11:58:39.155,3,53.902,694.176,11.26,0.9167,0.0,GOING_TO_ENDPOINT,dump_zone_15,load_zone_22,0.000291,0.00078
15.0,2026-07-02T11:58:41.439,1,629.242,299.643,20.989,0.1005,0.0,GOING_TO_ENDPOINT,dump_zone_9,load_zone_26,0.00027,0.000724
15.0,2026-07-02T11:58:41.439,2,249.83,690.378,12.928,0.4468,0.0,GOING_TO_ENDPOINT,dump_zone_17,load_zone_22,0.000277,0.000742
15.0,2026-07-02T11:58:41.439,3,55.421,691.089,13.06,0.25,0.0,GOING_TO_ENDPOINT,dump_zone_15,load_zone_22,0.000269,0.000721
16.0,2026-07-02T11:58:43.488,1,623.599,300.396,19.75,-0.5,0.0,GOING_TO_ENDPOINT,dump_zone_9,load_zone_26,0.00025,0.00067
16.0,2026-07-02T11:58:43.488,2,247.991,687.097,13.636,-0.2199,0.0,GOING_TO_ENDPOINT,dump_zone_17,load_zone_22,0.00025,0.00067
16.0,2026-07-02T11:58:43.488,3,57.328,688.057,12.51,-0.25,0.0,GOING_TO_ENDPOINT,dump_zone_15,load_zone_22,0.00025,0.00067
17.0,2026-07-02T11:58:45.496,1,618.413,300.945,17.95,-0.5,0.0,GOING_TO_ENDPOINT,dump_zone_9,load_zone_26,0.00025,0.00067
17.0,2026-07-02T11:58:45.496,2,245.975,684.104,12.706,0.0833,0.0,GOING_TO_ENDPOINT,dump_zone_17,load_zone_22,0.000261,0.000699
17.0,2026-07-02T11:58:45.496,3,59.449,685.212,13.51,0.5833,0.0,GOING_TO_ENDPOINT,dump_zone_15,load_zone_22,0.000284,0.000761
18.0,2026-07-02T11:58:47.788,1,613.704,301.178,16.15,-0.5,0.0,GOING_TO_ENDPOINT,dump_zone_9,load_zone_26,0.00025,0.00067
18.0,2026-07-02T11:58:47.788,2,243.677,681.135,14.456,0.5833,0.0,GOING_TO_ENDPOINT,dump_zone_17,load_zone_22,0.000286,0.000766
18.0,2026-07-02T11:58:47.788,3,62.03,682.139,15.058,0.343,0.0,GOING_TO_ENDPOINT,dump_zone_15,load_zone_22,0.000276,0.00074
19.0,2026-07-02T11:58:50.107,1,609.494,301.015,14.35,-0.5,0.0,GOING_TO_ENDPOINT,dump_zone_9,load_zone_26,0.00025,0.00067
19.0,2026-07-02T11:58:50.107,2,240.819,677.85,16.971,0.9616,0.0,GOING_TO_ENDPOINT,dump_zone_17,load_zone_22,0.000314,0.000842
19.0,2026-07-02T11:58:50.107,3,64.996,678.952,16.192,0.2597,0.0,GOING_TO_ENDPOINT,dump_zone_15,load_zone_22,0.000274,0.000734
20.0,2026-07-02T11:58:52.147,1,605.843,300.357,12.55,-0.5,0.0,GOING_TO_ENDPOINT,dump_zone_9,load_zone_26,0.00025,0.00067
20.0,2026-07-02T11:58:52.147,2,237.29,674.167,19.171,0.4167,0.0,GOING_TO_ENDPOINT,dump_zone_17,load_zone_22,0.000288,0.000772
20.0,2026-07-02T11:58:52.147,3,68.394,675.625,18.227,0.9263,0.0,GOING_TO_ENDPOINT,dump_zone_15,load_zone_22,0.000316,0.000847
21.0,2026-07-02T11:58:54.530,1,602.916,299.053,10.75,-0.5,0.0,GOING_TO_ENDPOINT,dump_zone_9,load_zone_26,0.00025,0.00067
21.0,2026-07-02T11:58:54.530,2,233.37,670.445,19.729,0.2421,0.0,GOING_TO_ENDPOINT,dump_zone_17,load_zone_22,0.000278,0.000745
21.0,2026-07-02T11:58:54.530,3,72.44,671.974,20.427,0.4167,0.0,GOING_TO_ENDPOINT,dump_zone_15,load_zone_22,0.00029,0.000777
22.0,2026-07-02T11:58:57.894,1,600.999,297.155,8.95,-0.5,0.0,GOING_TO_ENDPOINT,dump_zone_9,load_zone_26,0.00025,0.00067
22.0,2026-07-02T11:58:57.894,2,229.245,666.838,19.767,0.2029,0.0,GOING_TO_ENDPOINT,dump_zone_17,load_zone_22,0.000276,0.00074
22.0,2026-07-02T11:58:57.894,3,77.0,668.178,22.117,0.2901,0.0,GOING_TO_ENDPOINT,dump_zone_15,load_zone_22,0.000285,0.000764
23.0,2026-07-02T11:59:00.472,1,599.997,295.142,7.625,-0.0833,0.0,GOING_TO_ENDPOINT,dump_zone_9,load_zone_26,0.000253,0.000678
23.0,2026-07-02T11:59:00.472,2,224.829,663.253,20.87,-0.0046,0.0,GOING_TO_ENDPOINT,dump_zone_17,load_zone_22,0.000263,0.000705
23.0,2026-07-02T11:59:00.472,3,81.825,664.456,21.325,-0.5,0.0,GOING_TO_ENDPOINT,dump_zone_15,load_zone_22,0.00025,0.00067
24.0,2026-07-02T11:59:02.871,1,599.409,292.937,9.275,0.9167,0.0,GOING_TO_ENDPOINT,dump_zone_9,load_zone_26,0.000283,0.000758
24.0,2026-07-02T11:59:02.871,2,220.298,659.812,20.038,-0.222,0.0,GOING_TO_ENDPOINT,dump_zone_17,load_zone_22,0.00025,0.00067
24.0,2026-07-02T11:59:02.871,3,86.419,661.161,19.525,-0.5,0.0,GOING_TO_ENDPOINT,dump_zone_15,load_zone_22,0.00025,0.00067
25.0,2026-07-02T11:59:04.999,1,598.994,289.896,12.566,1.0,0.0,GOING_TO_ENDPOINT,dump_zone_9,load_zone_26,0.000299,0.000801
25.0,2026-07-02T11:59:04.999,2,215.83,656.644,19.289,-0.472,0.0,GOING_TO_ENDPOINT,dump_zone_17,load_zone_22,0.00025,0.00067
25.0,2026-07-02T11:59:04.999,3,90.701,658.296,17.725,-0.5,0.0,GOING_TO_ENDPOINT,dump_zone_15,load_zone_22,0.00025,0.00067
26.0,2026-07-02T11:59:07.408,1,598.809,285.995,15.216,0.75,0.0,GOING_TO_ENDPOINT,dump_zone_9,load_zone_26,0.000297,0.000796
26.0,2026-07-02T11:59:07.408,2,211.569,653.815,17.689,-0.4167,0.0,GOING_TO_ENDPOINT,dump_zone_17,load_zone_22,0.00025,0.00067
26.0,2026-07-02T11:59:07.408,3,94.66,655.833,16.05,-0.4167,0.0,GOING_TO_ENDPOINT,dump_zone_15,load_zone_22,0.00025,0.00067
27.0,2026-07-02T11:59:09.515,1,598.904,281.394,17.966,0.9167,0.0,GOING_TO_ENDPOINT,dump_zone_9,load_zone_26,0.000315,0.000844
27.0,2026-07-02T11:59:09.515,2,207.618,651.368,15.989,-0.4167,0.0,GOING_TO_ENDPOINT,dump_zone_17,load_zone_22,0.00025,0.00067
27.0,2026-07-02T11:59:09.515,3,98.335,653.721,14.518,-0.4167,0.0,GOING_TO_ENDPOINT,dump_zone_15,load_zone_22,0.00025,0.00067
28.0,2026-07-02T11:59:12.490,1,599.304,275.957,21.016,0.75,0.0,GOING_TO_ENDPOINT,dump_zone_9,load_zone_26,0.000314,0.000842
28.0,2026-07-02T11:59:12.490,2,203.982,649.29,14.308,-0.5,0.0,GOING_TO_ENDPOINT,dump_zone_17,load_zone_22,0.00025,0.00067
28.0,2026-07-02T11:59:12.490,3,101.704,652.002,12.793,-0.5,0.0,GOING_TO_ENDPOINT,dump_zone_15,load_zone_22,0.00025,0.00067
29.0,2026-07-02T11:59:14.864,1,599.974,269.961,21.766,-0.25,0.0,GOING_TO_ENDPOINT,dump_zone_9,load_zone_26,0.00025,0.00067
29.0,2026-07-02T11:59:14.864,2,200.58,647.567,13.463,-0.239,0.0,GOING_TO_ENDPOINT,dump_zone_17,load_zone_22,0.00025,0.00067
29.0,2026-07-02T11:59:14.864,3,104.798,650.772,11.693,0.0833,0.0,GOING_TO_ENDPOINT,dump_zone_15,load_zone_22,0.000261,0.000699
30.0,2026-07-02T11:59:17.650,1,600.759,264.219,20.041,-0.5,0.0,GOING_TO_ENDPOINT,dump_zone_9,load_zone_26,0.00025,0.00067
30.0,2026-07-02T11:59:17.650,2,197.277,646.213,12.226,-0.3667,0.0,GOING_TO_ENDPOINT,dump_zone_17,load_zone_22,0.00025,0.00067
30.0,2026-07-02T11:59:17.650,3,108.146,649.853,13.443,0.5833,0.0,GOING_TO_ENDPOINT,dump_zone_15,load_zone_22,0.000284,0.000761
31.0,2026-07-02T11:59:20.282,1,601.523,258.979,18.241,-0.5,0.0,GOING_TO_ENDPOINT,dump_zone_9,load_zone_26,0.00025,0.00067
31.0,2026-07-02T11:59:20.282,2,194.014,645.239,12.805,0.4666,0.0,GOING_TO_ENDPOINT,dump_zone_17,load_zone_22,0.000277,0.000742
31.0,2026-07-02T11:59:20.282,3,111.964,649.187,14.279,0.318,0.0,GOING_TO_ENDPOINT,dump_zone_15,load_zone_22,0.000274,0.000734
32.0,2026-07-02T11:59:22.412,1,602.15,254.224,16.441,-0.5,0.0,GOING_TO_ENDPOINT,dump_zone_9,load_zone_26,0.00025,0.00067
32.0,2026-07-02T11:59:22.412,2,190.395,644.494,13.935,0.6333,0.0,GOING_TO_ENDPOINT,dump_zone_17,load_zone_22,0.000287,0.000769
32.0,2026-07-02T11:59:22.412,3,116.129,648.86,15.824,0.4846,0.0,GOING_TO_ENDPOINT,dump_zone_15,load_zone_22,0.000285,0.000764
33.0,2026-07-02T11:59:24.192,1,602.434,249.936,14.687,-0.4167,0.0,GOING_TO_ENDPOINT,dump_zone_9,load_zone_26,0.00025,0.00067
33.0,2026-07-02T11:59:24.192,2,186.08,644.007,16.97,0.5833,0.0,GOING_TO_ENDPOINT,dump_zone_17,load_zone_22,0.000293,0.000785
33.0,2026-07-02T11:59:24.192,3,120.615,648.839,16.318,0.1513,0.0,GOING_TO_ENDPOINT,dump_zone_15,load_zone_22,0.000268,0.000718
34.0,2026-07-02T11:59:25.813,1,602.18,246.022,14.087,0.25,0.0,GOING_TO_ENDPOINT,dump_zone_9,load_zone_26,0.00027,0.000724
34.0,2026-07-02T11:59:25.813,2,181.265,643.815,17.17,-0.25,0.0,GOING_TO_ENDPOINT,dump_zone_17,load_zone_22,0.00025,0.00067
34.0,2026-07-02T11:59:25.813,3,125.161,649.109,16.629,0.2036,0.0,GOING_TO_ENDPOINT,dump_zone_15,load_zone_22,0.000271,0.000726
35.0,2026-07-02T11:59:27.439,1,601.643,241.802,16.787,1.0,0.0,GOING_TO_ENDPOINT,dump_zone_9,load_zone_26,0.000315,0.000844
35.0,2026-07-02T11:59:27.439,2,176.575,643.972,16.873,-0.0396,0.0,GOING_TO_ENDPOINT,dump_zone_17,load_zone_22,0.000259,0.000694
35.0,2026-07-02T11:59:27.439,3,129.746,649.599,16.09,-0.4167,0.0,GOING_TO_ENDPOINT,dump_zone_15,load_zone_22,0.00025,0.00067
36.0,2026-07-02T11:59:29.014,1,600.891,236.658,20.237,0.75,0.0,GOING_TO_ENDPOINT,dump_zone_9,load_zone_26,0.000312,0.000836
36.0,2026-07-02T11:59:29.014,2,171.896,644.373,16.802,-0.1246,0.0,GOING_TO_ENDPOINT,dump_zone_17,load_zone_22,0.000254,0.000681
36.0,2026-07-02T11:59:29.014,3,133.927,650.186,14.398,-0.5,0.0,GOING_TO_ENDPOINT,dump_zone_15,load_zone_22,0.00025,0.00067
37.0,2026-07-02T11:59:30.862,1,600.088,230.897,20.987,-0.25,0.0,GOING_TO_ENDPOINT,dump_zone_9,load_zone_26,0.00025,0.00067
37.0,2026-07-02T11:59:30.862,2,167.482,644.922,15.202,-0.5,0.0,GOING_TO_ENDPOINT,dump_zone_17,load_zone_22,0.00025,0.00067
37.0,2026-07-02T11:59:30.862,3,137.608,650.78,12.598,-0.5,0.0,GOING_TO_ENDPOINT,dump_zone_15,load_zone_22,0.00025,0.00067
38.0,2026-07-02T11:59:32.351,1,599.433,225.356,19.262,-0.5,0.0,GOING_TO_ENDPOINT,dump_zone_9,load_zone_26,0.00025,0.00067
38.0,2026-07-02T11:59:32.351,2,163.574,645.515,13.427,-0.4167,0.0,GOING_TO_ENDPOINT,dump_zone_17,load_zone_22,0.00025,0.00067
38.0,2026-07-02T11:59:32.351,3,140.791,651.322,10.798,-0.5,0.0,GOING_TO_ENDPOINT,dump_zone_15,load_zone_22,0.00025,0.00067
39.0,2026-07-02T11:59:34.151,1,599.002,220.295,17.462,-0.5,0.0,GOING_TO_ENDPOINT,dump_zone_9,load_zone_26,0.00025,0.00067
39.0,2026-07-02T11:59:34.151,2,160.079,646.101,12.002,-0.5,0.0,GOING_TO_ENDPOINT,dump_zone_17,load_zone_22,0.00025,0.00067
39.0,2026-07-02T11:59:34.151,3,143.535,651.778,9.533,-0.1977,0.0,GOING_TO_ENDPOINT,dump_zone_15,load_zone_22,0.00025,0.00067
40.0,2026-07-02T11:59:36.641,1,598.823,215.719,15.662,-0.5,0.0,GOING_TO_ENDPOINT,dump_zone_9,load_zone_26,0.00025,0.00067
40.0,2026-07-02T11:59:36.641,2,157.06,646.615,10.202,-0.5,0.0,GOING_TO_ENDPOINT,dump_zone_17,load_zone_22,0.00025,0.00067
40.0,2026-07-02T11:59:36.641,3,145.927,652.132,7.955,-0.5,0.0,GOING_TO_ENDPOINT,dump_zone_15,load_zone_22,0.00025,0.00067
41.0,2026-07-02T11:59:38.836,1,598.916,211.641,13.862,-0.5,0.0,GOING_TO_ENDPOINT,dump_zone_9,load_zone_26,0.00025,0.00067
41.0,2026-07-02T11:59:38.836,2,154.529,647.019,8.402,-0.5,0.0,GOING_TO_ENDPOINT,dump_zone_17,load_zone_22,0.00025,0.00067
41.0,2026-07-02T11:59:38.836,3,147.891,652.335,6.54,-0.3161,0.0,GOING_TO_ENDPOINT,dump_zone_15,load_zone_22,0.00025,0.00067
42.0,2026-07-02T11:59:40.555,1,599.303,208.084,12.062,-0.5,0.0,GOING_TO_ENDPOINT,dump_zone_9,load_zone_26,0.00025,0.00067
42.0,2026-07-02T11:59:40.555,2,152.473,647.29,6.667,-0.4167,0.0,GOING_TO_ENDPOINT,dump_zone_17,load_zone_22,0.00025,0.00067
42.0,2026-07-02T11:59:40.555,3,149.574,652.169,5.794,-0.3233,0.0,GOING_TO_ENDPOINT,dump_zone_15,load_zone_22,0.00025,0.00067
43.0,2026-07-02T11:59:41.785,1,600.015,205.091,10.262,-0.5,0.0,GOING_TO_ENDPOINT,dump_zone_9,load_zone_26,0.00025,0.00067
43.0,2026-07-02T11:59:41.785,2,150.661,647.054,7.111,0.5634,0.0,GOING_TO_ENDPOINT,dump_zone_17,load_zone_22,0.000267,0.000716
43.0,2026-07-02T11:59:41.785,3,150.862,651.556,4.587,-0.25,0.0,GOING_TO_ENDPOINT,dump_zone_15,load_zone_22,0.00025,0.00067
44.0,2026-07-02T11:59:43.240,1,601.071,202.741,8.462,-0.5,0.0,GOING_TO_ENDPOINT,dump_zone_9,load_zone_26,0.00025,0.00067
44.0,2026-07-02T11:59:43.240,2,148.54,646.255,9.316,0.8852,0.0,GOING_TO_ENDPOINT,dump_zone_17,load_zone_22,0.000283,0.000758
44.0,2026-07-02T11:59:43.240,3,151.805,650.601,5.624,0.7074,0.0,GOING_TO_ENDPOINT,dump_zone_15,load_zone_22,0.000266,0.000713
45.0,2026-07-02T11:59:44.626,1,601.986,200.828,7.137,-0.0833,0.0,GOING_TO_ENDPOINT,dump_zone_9,load_zone_26,0.000253,0.000678
45.0,2026-07-02T11:59:44.626,2,146.857,643.721,12.807,0.9167,0.0,GOING_TO_ENDPOINT,dump_zone_17,load_zone_22,0.000296,0.000793
45.0,2026-07-02T11:59:44.626,3,152.481,648.968,6.52,-0.2093,0.0,GOING_TO_ENDPOINT,dump_zone_15,load_zone_22,0.00025,0.00067
46.0,2026-07-02T11:59:45.934,1,602.414,198.921,6.575,-0.4589,0.0,GOING_TO_ENDPOINT,dump_zone_9,load_zone_26,0.00025,0.00067
46.0,2026-07-02T11:59:45.934,2,147.99,639.913,16.407,1.0,0.0,GOING_TO_ENDPOINT,dump_zone_17,load_zone_22,0.000313,0.000839
46.0,2026-07-02T11:59:45.934,3,152.685,647.162,7.117,0.624,0.0,GOING_TO_ENDPOINT,dump_zone_15,load_zone_22,0.000269,0.000721
47.0,2026-07-02T11:59:47.314,1,602.552,197.183,6.573,0.4578,0.0,GOING_TO_ENDPOINT,dump_zone_9,load_zone_26,0.000264,0.000708
47.0,2026-07-02T11:59:47.314,2,150.406,635.434,20.007,1.0,0.0,GOING_TO_ENDPOINT,dump_zone_17,load_zone_22,0.000327,0.000876
47.0,2026-07-02T11:59:47.314,3,152.715,644.696,10.516,1.0,0.0,GOING_TO_ENDPOINT,dump_zone_15,load_zone_22,0.000291,0.00078
48.0,2026-07-02T11:59:48.261,1,602.59,194.926,9.722,1.0,0.0,GOING_TO_ENDPOINT,dump_zone_9,load_zone_26,0.000288,0.000772
48.0,2026-07-02T11:59:48.261,2,152.138,629.613,23.607,1.0,0.0,GOING_TO_ENDPOINT,dump_zone_17,load_zone_22,0.000341,0.000914
48.0,2026-07-02T11:59:48.261,3,152.582,641.236,14.116,1.0,0.0,GOING_TO_ENDPOINT,dump_zone_15,load_zone_22,0.000305,0.000817
49.0,2026-07-02T11:59:48.995,1,602.557,191.684,13.322,1.0,0.0,GOING_TO_ENDPOINT,dump_zone_9,load_zone_26,0.000302,0.000809
49.0,2026-07-02T11:59:48.995,2,152.511,622.548,26.882,0.75,0.0,GOING_TO_ENDPOINT,dump_zone_17,load_zone_22,0.000332,0.00089
49.0,2026-07-02T11:59:48.995,3,152.512,636.774,17.716,1.0,0.0,GOING_TO_ENDPOINT,dump_zone_15,load_zone_22,0.000319,0.000855
50.0,2026-07-02T11:59:49.969,1,602.516,187.442,16.922,1.0,0.0,GOING_TO_ENDPOINT,dump_zone_9,load_zone_26,0.000315,0.000844
50.0,2026-07-02T11:59:49.969,2,152.5,614.804,28.167,-0.1014,0.0,GOING_TO_ENDPOINT,dump_zone_17,load_zone_22,0.000259,0.000694
50.0,2026-07-02T11:59:49.969,3,152.498,631.311,21.316,1.0,0.0,GOING_TO_ENDPOINT,dump_zone_15,load_zone_22,0.000332,0.00089
51.0,2026-07-02T11:59:50.907,1,602.499,182.2,20.522,1.0,0.0,GOING_TO_ENDPOINT,dump_zone_9,load_zone_26,0.000329,0.000882
51.0,2026-07-02T11:59:50.907,2,152.5,607.093,27.223,-0.25,0.0,GOING_TO_ENDPOINT,dump_zone_17,load_zone_22,0.00025,0.00067
51.0,2026-07-02T11:59:50.907,3,152.499,624.849,24.916,1.0,0.0,GOING_TO_ENDPOINT,dump_zone_15,load_zone_22,0.000346,0.000927
52.0,2026-07-02T11:59:52.284,1,602.499,175.958,24.122,1.0,0.0,GOING_TO_ENDPOINT,dump_zone_9,load_zone_26,0.000343,0.000919
52.0,2026-07-02T11:59:52.284,2,152.5,599.585,27.306,0.4442,0.0,GOING_TO_ENDPOINT,dump_zone_17,load_zone_22,0.000307,0.000823
52.0,2026-07-02T11:59:52.284,3,152.5,617.466,27.541,0.3125,0.0,GOING_TO_ENDPOINT,dump_zone_15,load_zone_22,0.000295,0.000791
53.0,2026-07-02T11:59:53.665,1,602.5,168.732,27.494,0.75,0.0,GOING_TO_ENDPOINT,dump_zone_9,load_zone_26,0.000334,0.000895
53.0,2026-07-02T11:59:53.665,2,152.5,591.806,28.109,-0.2136,0.0,GOING_TO_ENDPOINT,dump_zone_17,load_zone_22,0.00025,0.00067
53.0,2026-07-02T11:59:53.665,3,152.5,609.846,26.966,-0.3542,0.0,GOING_TO_ENDPOINT,dump_zone_15,load_zone_22,0.00025,0.00067
54.0,2026-07-02T11:59:54.588,1,602.5,160.9,28.244,-0.25,0.0,GOING_TO_ENDPOINT,dump_zone_9,load_zone_26,0.00025,0.00067
54.0,2026-07-02T11:59:54.588,2,152.5,584.24,26.417,-0.5,0.0,GOING_TO_ENDPOINT,dump_zone_17,load_zone_22,0.00025,0.00067
54.0,2026-07-02T11:59:54.588,3,152.5,602.567,25.743,-0.115,0.0,GOING_TO_ENDPOINT,dump_zone_15,load_zone_22,0.000257,0.000689
55.0,2026-07-02T11:59:55.933,1,602.5,153.181,27.463,-0.295,0.0,GOING_TO_ENDPOINT,dump_zone_9,load_zone_26,0.00025,0.00067
55.0,2026-07-02T11:59:55.933,2,152.5,577.173,24.617,-0.5,0.0,GOING_TO_ENDPOINT,dump_zone_17,load_zone_22,0.00025,0.00067
55.0,2026-07-02T11:59:55.933,3,152.5,595.297,26.829,0.5517,0.0,GOING_TO_ENDPOINT,dump_zone_15,load_zone_22,0.000315,0.000844
56.0,2026-07-02T11:59:57.360,1,602.5,145.597,27.658,0.348,0.0,GOING_TO_ENDPOINT,dump_zone_9,load_zone_26,0.000299,0.000801
56.0,2026-07-02T11:59:57.360,2,152.5,570.605,22.817,-0.5,0.0,GOING_TO_ENDPOINT,dump_zone_17,load_zone_22,0.00025,0.00067
56.0,2026-07-02T11:59:57.360,3,152.5,587.526,28.515,0.0517,0.0,GOING_TO_ENDPOINT,dump_zone_15,load_zone_22,0.000273,0.000732
57.0,2026-07-02T11:59:58.576,1,602.5,137.907,27.411,-0.3187,0.0,GOING_TO_ENDPOINT,dump_zone_9,load_zone_26,0.00025,0.00067
57.0,2026-07-02T11:59:58.576,2,152.5,564.538,21.017,-0.5,0.0,GOING_TO_ENDPOINT,dump_zone_17,load_zone_22,0.00025,0.00067
57.0,2026-07-02T11:59:58.576,3,152.5,579.763,27.183,-0.5,0.0,GOING_TO_ENDPOINT,dump_zone_15,load_zone_22,0.00025,0.00067
58.0,2026-07-02T11:59:59.425,1,602.5,130.369,27.257,0.1459,0.0,GOING_TO_ENDPOINT,dump_zone_9,load_zone_26,0.00028,0.00075
58.0,2026-07-02T11:59:59.425,2,152.5,558.971,19.217,-0.5,0.0,GOING_TO_ENDPOINT,dump_zone_17,load_zone_22,0.00025,0.00067
58.0,2026-07-02T11:59:59.425,3,152.5,572.483,25.383,-0.5,0.0,GOING_TO_ENDPOINT,dump_zone_15,load_zone_22,0.00025,0.00067
59.0,2026-07-02T12:00:00.247,1,602.5,122.706,27.982,0.3125,0.0,GOING_TO_ENDPOINT,dump_zone_9,load_zone_26,0.000296,0.000793
59.0,2026-07-02T12:00:00.247,2,152.5,553.904,17.417,-0.5,0.0,GOING_TO_ENDPOINT,dump_zone_17,load_zone_22,0.00025,0.00067
59.0,2026-07-02T12:00:00.247,3,152.5,565.703,23.583,-0.5,0.0,GOING_TO_ENDPOINT,dump_zone_15,load_zone_22,0.00025,0.00067
60.0,2026-07-02T12:00:01.628,1,602.5,114.841,28.543,0.1398,0.0,GOING_TO_ENDPOINT,dump_zone_9,load_zone_26,0.000281,0.000753
60.0,2026-07-02T12:00:01.628,2,151.815,549.456,15.617,-0.5,0.0,GOING_TO_ENDPOINT,dump_zone_17,load_zone_22,0.00025,0.00067
60.0,2026-07-02T12:00:01.628,3,152.541,559.424,21.783,-0.5,0.0,GOING_TO_ENDPOINT,dump_zone_15,load_zone_22,0.00025,0.00067
61.0,2026-07-02T12:00:03.216,1,602.5,106.928,28.147,-0.3602,0.0,GOING_TO_ENDPOINT,dump_zone_9,load_zone_26,0.00025,0.00067
61.0,2026-07-02T12:00:03.216,2,148.461,547.457,13.817,-0.5,0.0,GOING_TO_ENDPOINT,dump_zone_17,load_zone_22,0.00025,0.00067
61.0,2026-07-02T12:00:03.216,3,151.969,553.704,20.383,-0.5,0.0,GOING_TO_ENDPOINT,dump_zone_15,load_zone_22,0.00025,0.00067
62.0,2026-07-02T12:00:05.029,1,602.5,99.215,27.701,0.0591,0.0,GOING_TO_ENDPOINT,dump_zone_9,load_zone_26,0.000273,0.000732
62.0,2026-07-02T12:00:05.029,2,144.872,548.248,13.588,0.3725,0.0,GOING_TO_ENDPOINT,dump_zone_17,load_zone_22,0.000275,0.000737
62.0,2026-07-02T12:00:05.029,3,151.898,548.339,18.583,-0.5,0.0,GOING_TO_ENDPOINT,dump_zone_15,load_zone_22,0.00025,0.00067
63.0,2026-07-02T12:00:06.401,1,602.5,91.489,27.491,-0.332,0.0,GOING_TO_ENDPOINT,dump_zone_9,load_zone_26,0.00025,0.00067
63.0,2026-07-02T12:00:06.401,2,141.049,548.606,14.329,0.3725,0.0,GOING_TO_ENDPOINT,dump_zone_17,load_zone_22,0.000276,0.00074
63.0,2026-07-02T12:00:06.401,3,148.989,544.78,16.783,-0.5,0.0,GOING_TO_ENDPOINT,dump_zone_15,load_zone_22,0.00025,0.00067
64.0,2026-07-02T12:00:07.939,1,602.5,83.852,27.699,0.1201,0.0,GOING_TO_ENDPOINT,dump_zone_9,load_zone_26,0.000278,0.000745
64.0,2026-07-02T12:00:07.939,2,136.673,548.546,17.311,1.0,0.0,GOING_TO_ENDPOINT,dump_zone_17,load_zone_22,0.000317,0.00085
64.0,2026-07-02T12:00:07.939,3,144.889,545.796,14.983,-0.5,0.0,GOING_TO_ENDPOINT,dump_zone_15,load_zone_22,0.00025,0.00067
65.0,2026-07-02T12:00:09.183,1,602.5,76.015,28.361,-0.1587,0.0,GOING_TO_ENDPOINT,dump_zone_9,load_zone_26,0.000253,0.000678
65.0,2026-07-02T12:00:09.183,2,131.329,548.786,20.911,1.0,0.0,GOING_TO_ENDPOINT,dump_zone_17,load_zone_22,0.000331,0.000887
65.0,2026-07-02T12:00:09.183,3,141.35,547.542,13.925,-0.0879,0.0,GOING_TO_ENDPOINT,dump_zone_15,load_zone_22,0.000255,0.000683
66.0,2026-07-02T12:00:10.352,1,602.5,68.291,27.525,0.0442,0.0,GOING_TO_ENDPOINT,dump_zone_9,load_zone_26,0.000271,0.000726
66.0,2026-07-02T12:00:10.352,2,125.007,549.384,24.511,1.0,0.0,GOING_TO_ENDPOINT,dump_zone_17,load_zone_22,0.000345,0.000925
66.0,2026-07-02T12:00:10.352,3,137.477,548.249,14.959,0.7455,0.0,GOING_TO_ENDPOINT,dump_zone_15,load_zone_22,0.000296,0.000793
67.0,2026-07-02T12:00:11.626,1,602.5,60.607,27.785,0.1276,0.0,GOING_TO_ENDPOINT,dump_zone_9,load_zone_26,0.000279,0.000748
67.0,2026-07-02T12:00:11.626,2,117.745,550.135,27.411,0.4167,0.0,GOING_TO_ENDPOINT,dump_zone_17,load_zone_22,0.000304,0.000815
67.0,2026-07-02T12:00:11.626,3,132.825,548.713,18.48,1.0,0.0,GOING_TO_ENDPOINT,dump_zone_15,load_zone_22,0.000321,0.00086
68.0,2026-07-02T12:00:12.684,1,602.5,52.735,28.968,0.2936,0.0,GOING_TO_ENDPOINT,dump_zone_9,load_zone_26,0.000296,0.000793
68.0,2026-07-02T12:00:12.684,2,110.148,550.913,27.07,-0.5,0.0,GOING_TO_ENDPOINT,dump_zone_17,load_zone_22,0.00025,0.00067
68.0,2026-07-02T12:00:12.684,3,127.171,549.199,22.08,1.0,0.0,GOING_TO_ENDPOINT,dump_zone_15,load_zone_22,0.000335,0.000898
69.0,2026-07-02T12:00:13.881,1,602.5,44.736,28.191,-0.4833,0.0,GOING_TO_ENDPOINT,dump_zone_9,load_zone_26,0.00025,0.00067
69.0,2026-07-02T12:00:13.881,2,102.774,551.645,26.838,0.2325,0.0,GOING_TO_ENDPOINT,dump_zone_17,load_zone_22,0.000287,0.000769
69.0,2026-07-02T12:00:13.881,3,120.528,549.849,25.68,1.0,0.0,GOING_TO_ENDPOINT,dump_zone_15,load_zone_22,0.000349,0.000935
70.0,2026-07-02T12:00:15.283,1,602.5,37.021,27.832,0.1506,0.0,GOING_TO_ENDPOINT,dump_zone_9,load_zone_26,0.000281,0.000753
70.0,2026-07-02T12:00:15.283,2,95.29,552.35,26.995,-0.1597,0.0,GOING_TO_ENDPOINT,dump_zone_17,load_zone_22,0.000253,0.000678
70.0,2026-07-02T12:00:15.283,3,112.988,550.624,28.155,0.25,0.0,GOING_TO_ENDPOINT,dump_zone_15,load_zone_22,0.000291,0.00078
71.0,2026-07-02T12:00:16.700,1,602.5,29.312,27.589,-0.0118,0.0,GOING_TO_ENDPOINT,dump_zone_9,load_zone_26,0.000266,0.000713
71.0,2026-07-02T12:00:16.700,2,87.784,552.999,27.54,0.4093,0.0,GOING_TO_ENDPOINT,dump_zone_17,load_zone_22,0.000304,0.000815
71.0,2026-07-02T12:00:16.700,3,105.27,551.401,27.405,-0.25,0.0,GOING_TO_ENDPOINT,dump_zone_15,load_zone_22,0.00025,0.00067
72.0,2026-07-02T12:00:18.279,1,602.5,21.656,27.518,-0.0098,0.0,GOING_TO_ENDPOINT,dump_zone_9,load_zone_26,0.000267,0.000716
72.0,2026-07-02T12:00:18.279,2,80.057,553.597,27.851,-0.2637,0.0,GOING_TO_ENDPOINT,dump_zone_17,load_zone_22,0.00025,0.00067
72.0,2026-07-02T12:00:18.279,3,97.85,552.112,26.555,0.0833,0.0,GOING_TO_ENDPOINT,dump_zone_15,load_zone_22,0.000274,0.000734
73.0,2026-07-02T12:00:19.603,1,602.5,13.893,28.283,0.1569,0.0,GOING_TO_ENDPOINT,dump_zone_9,load_zone_26,0.000282,0.000756
73.0,2026-07-02T12:00:19.603,2,72.589,554.089,26.126,-0.5,0.0,GOING_TO_ENDPOINT,dump_zone_17,load_zone_22,0.00025,0.00067
73.0,2026-07-02T12:00:19.603,3,90.289,552.787,28.055,0.25,0.0,GOING_TO_ENDPOINT,dump_zone_15,load_zone_22,0.00029,0.000777
74.0,2026-07-02T12:00:20.749,1,602.5,6.104,27.68,-0.132,0.0,GOING_TO_ENDPOINT,dump_zone_9,load_zone_26,0.000256,0.000686
74.0,2026-07-02T12:00:20.749,2,65.589,554.459,24.426,-0.5,0.0,GOING_TO_ENDPOINT,dump_zone_17,load_zone_22,0.00025,0.00067
74.0,2026-07-02T12:00:20.749,3,82.587,553.408,27.219,-0.4767,0.0,GOING_TO_ENDPOINT,dump_zone_15,load_zone_22,0.00025,0.00067
75.0,2026-07-02T12:00:22.234,1,602.5,-1.625,28.054,0.1595,0.0,GOING_TO_ENDPOINT,dump_zone_9,load_zone_26,0.000282,0.000756
75.0,2026-07-02T12:00:22.234,2,59.062,554.715,22.726,-0.5,0.0,GOING_TO_ENDPOINT,dump_zone_17,load_zone_22,0.00025,0.00067
75.0,2026-07-02T12:00:22.234,3,75.305,553.922,25.463,-0.5,0.0,GOING_TO_ENDPOINT,dump_zone_15,load_zone_22,0.00025,0.00067
76.0,2026-07-02T12:00:23.887,1,602.5,-9.38,27.779,-0.1738,0.0,GOING_TO_ENDPOINT,dump_zone_9,load_zone_26,0.000252,0.000675
76.0,2026-07-02T12:00:23.887,2,52.998,554.849,21.026,-0.5,0.0,GOING_TO_ENDPOINT,dump_zone_17,load_zone_22,0.00025,0.00067
76.0,2026-07-02T12:00:23.887,3,68.439,554.323,24.088,-0.4167,0.0,GOING_TO_ENDPOINT,dump_zone_15,load_zone_22,0.00025,0.00067
77.0,2026-07-02T12:00:25.489,1,602.5,-17.055,27.683,0.1959,0.0,GOING_TO_ENDPOINT,dump_zone_9,load_zone_26,0.000285,0.000764
77.0,2026-07-02T12:00:25.489,2,47.384,554.88,19.464,-0.4167,0.0,GOING_TO_ENDPOINT,dump_zone_17,load_zone_22,0.00025,0.00067
77.0,2026-07-02T12:00:25.489,3,61.932,554.612,22.75,-0.5,0.0,GOING_TO_ENDPOINT,dump_zone_15,load_zone_22,0.00025,0.00067
78.0,2026-07-02T12:00:26.941,1,602.5,-24.877,28.152,-0.2775,0.0,GOING_TO_ENDPOINT,dump_zone_9,load_zone_26,0.00025,0.00067
78.0,2026-07-02T12:00:26.941,2,42.201,554.823,17.973,-0.4167,0.0,GOING_TO_ENDPOINT,dump_zone_17,load_zone_22,0.00025,0.00067
78.0,2026-07-02T12:00:26.941,3,55.868,554.794,21.075,-0.4167,0.0,GOING_TO_ENDPOINT,dump_zone_15,load_zone_22,0.00025,0.00067
79.0,2026-07-02T12:00:28.575,1,602.5,-32.566,27.592,0.1797,0.0,GOING_TO_ENDPOINT,dump_zone_9,load_zone_26,0.000284,0.000761
79.0,2026-07-02T12:00:28.575,2,37.339,554.66,17.374,-0.069,0.0,GOING_TO_ENDPOINT,dump_zone_17,load_zone_22,0.000257,0.000689
79.0,2026-07-02T12:00:28.575,3,50.153,554.879,20.175,-0.25,0.0,GOING_TO_ENDPOINT,dump_zone_15,load_zone_22,0.00025,0.00067
80.0,2026-07-02T12:00:30.066,1,602.5,-40.248,27.639,0.1797,0.0,GOING_TO_ENDPOINT,dump_zone_9,load_zone_26,0.000284,0.000761
80.0,2026-07-02T12:00:30.066,2,32.486,554.402,17.654,-0.0951,0.0,GOING_TO_ENDPOINT,dump_zone_17,load_zone_22,0.000256,0.000686
80.0,2026-07-02T12:00:30.066,3,44.639,554.858,19.664,-0.0061,0.0,GOING_TO_ENDPOINT,dump_zone_15,load_zone_22,0.000262,0.000702
81.0,2026-07-02T12:00:31.576,1,602.5,-48.004,28.273,0.2872,0.0,GOING_TO_ENDPOINT,dump_zone_9,load_zone_26,0.000294,0.000788
81.0,2026-07-02T12:00:31.576,2,27.794,554.027,16.19,-0.5,0.0,GOING_TO_ENDPOINT,dump_zone_17,load_zone_22,0.00025,0.00067
81.0,2026-07-02T12:00:31.576,3,39.256,554.734,18.872,-0.4627,0.0,GOING_TO_ENDPOINT,dump_zone_15,load_zone_22,0.00025,0.00067
82.0,2026-07-02T12:00:33.214,1,602.5,-55.953,28.857,-0.0461,0.0,GOING_TO_ENDPOINT,dump_zone_9,load_zone_26,0.000264,0.000708
82.0,2026-07-02T12:00:33.214,2,23.552,553.566,14.886,-0.2821,0.0,GOING_TO_ENDPOINT,dump_zone_17,load_zone_22,0.00025,0.00067
82.0,2026-07-02T12:00:33.214,3,34.225,554.514,17.697,-0.25,0.0,GOING_TO_ENDPOINT,dump_zone_15,load_zone_22,0.00025,0.00067
83.0,2026-07-02T12:00:34.850,1,602.5,-63.794,27.507,-0.5,0.0,GOING_TO_ENDPOINT,dump_zone_9,load_zone_26,0.00025,0.00067
83.0,2026-07-02T12:00:34.850,2,19.529,553.003,14.586,-0.0239,0.0,GOING_TO_ENDPOINT,dump_zone_17,load_zone_22,0.000258,0.000691
83.0,2026-07-02T12:00:34.850,3,29.471,554.17,16.858,-0.2919,0.0,GOING_TO_ENDPOINT,dump_zone_15,load_zone_22,0.00025,0.00067
84.0,2026-07-02T12:00:36.425,1,602.5,-71.164,25.707,-0.5,0.0,GOING_TO_ENDPOINT,dump_zone_9,load_zone_26,0.00025,0.00067
84.0,2026-07-02T12:00:36.425,2,15.685,552.317,13.399,-0.4455,0.0,GOING_TO_ENDPOINT,dump_zone_17,load_zone_22,0.00025,0.00067
84.0,2026-07-02T12:00:36.425,3,25.06,553.75,15.258,-0.25,0.0,GOING_TO_ENDPOINT,dump_zone_15,load_zone_22,0.00025,0.00067
85.0,2026-07-02T12:00:37.960,1,602.5,-78.034,23.907,-0.5,0.0,GOING_TO_ENDPOINT,dump_zone_9,load_zone_26,0.00025,0.00067
85.0,2026-07-02T12:00:37.960,2,12.242,551.573,12.145,-0.1955,0.0,GOING_TO_ENDPOINT,dump_zone_17,load_zone_22,0.00025,0.00067
85.0,2026-07-02T12:00:37.960,3,20.98,553.196,14.723,0.1931,0.0,GOING_TO_ENDPOINT,dump_zone_15,load_zone_22,0.000269,0.000721
86.0,2026-07-02T12:00:39.868,1,602.5,-84.404,22.107,-0.5,0.0,GOING_TO_ENDPOINT,dump_zone_9,load_zone_26,0.00025,0.00067
86.0,2026-07-02T12:00:39.868,2,8.925,550.662,12.675,-0.0004,0.0,GOING_TO_ENDPOINT,dump_zone_17,load_zone_22,0.000258,0.000691
86.0,2026-07-02T12:00:39.868,3,16.846,552.5,15.281,0.0084,0.0,GOING_TO_ENDPOINT,dump_zone_15,load_zone_22,0.00026,0.000697
87.0,2026-07-02T12:00:41.374,1,602.5,-90.274,20.307,-0.5,0.0,GOING_TO_ENDPOINT,dump_zone_9,load_zone_26,0.00025,0.00067
87.0,2026-07-02T12:00:41.374,2,5.715,549.62,11.493,-0.5,0.0,GOING_TO_ENDPOINT,dump_zone_17,load_zone_22,0.00025,0.00067
87.0,2026-07-02T12:00:41.374,3,12.811,552.05,14.024,-0.5,0.0,GOING_TO_ENDPOINT,dump_zone_15,load_zone_22,0.00025,0.00067
88.0,2026-07-02T12:00:42.785,1,602.5,-95.644,18.507,-0.5,0.0,GOING_TO_ENDPOINT,dump_zone_9,load_zone_26,0.00025,0.00067
88.0,2026-07-02T12:00:42.785,2,2.979,548.542,9.818,-0.4167,0.0,GOING_TO_ENDPOINT,dump_zone_17,load_zone_22,0.00025,0.00067
88.0,2026-07-02T12:00:42.785,3,9.353,553.134,12.224,-0.5,0.0,GOING_TO_ENDPOINT,dump_zone_15,load_zone_22,0.00025,0.00067
89.0,2026-07-02T12:00:44.577,1,602.882,-100.473,17.082,-0.0833,0.0,GOING_TO_ENDPOINT,dump_zone_9,load_zone_26,0.000256,0.000686
89.0,2026-07-02T12:00:44.577,2,0.664,547.467,8.535,-0.4159,0.0,GOING_TO_ENDPOINT,dump_zone_17,load_zone_22,0.00025,0.00067
89.0,2026-07-02T12:00:44.577,3,6.288,552.742,11.05,-0.1138,0.0,GOING_TO_ENDPOINT,dump_zone_15,load_zone_22,0.000253,0.000678
90.0,2026-07-02T12:00:46.182,1,606.924,-102.685,18.732,0.9167,0.0,GOING_TO_ENDPOINT,dump_zone_9,load_zone_26,0.000317,0.00085
90.0,2026-07-02T12:00:46.182,2,-1.304,546.384,8.07,0.2082,0.0,GOING_TO_ENDPOINT,dump_zone_17,load_zone_22,0.000261,0.000699
90.0,2026-07-02T12:00:46.182,3,4.004,550.642,11.313,-0.1506,0.0,GOING_TO_ENDPOINT,dump_zone_15,load_zone_22,0.000252,0.000675
91.0,2026-07-02T12:00:47.998,1,611.673,-99.605,22.307,0.9167,0.0,GOING_TO_ENDPOINT,dump_zone_9,load_zone_26,0.00033,0.000884
91.0,2026-07-02T12:00:47.998,2,-3.348,545.001,9.717,0.5165,0.0,GOING_TO_ENDPOINT,dump_zone_17,load_zone_22,0.000272,0.000729
91.0,2026-07-02T12:00:47.998,3,2.345,548.271,9.682,-0.5,0.0,GOING_TO_ENDPOINT,dump_zone_15,load_zone_22,0.00025,0.00067
92.0,2026-07-02T12:00:49.780,1,617.686,-97.507,23.657,-0.0833,0.0,GOING_TO_ENDPOINT,dump_zone_9,load_zone_26,0.000259,0.000694
92.0,2026-07-02T12:00:49.780,2,-5.58,543.137,10.764,-0.0044,0.0,GOING_TO_ENDPOINT,dump_zone_17,load_zone_22,0.000257,0.000689
92.0,2026-07-02T12:00:49.780,3,1.098,546.202,7.882,-0.5,0.0,GOING_TO_ENDPOINT,dump_zone_15,load_zone_22,0.00025,0.00067
93.0,2026-07-02T12:00:51.214,1,624.048,-97.451,22.107,-0.5,0.0,GOING_TO_ENDPOINT,dump_zone_9,load_zone_26,0.00025,0.00067
93.0,2026-07-02T12:00:51.214,2,-7.843,541.296,10.488,0.1062,0.0,GOING_TO_ENDPOINT,dump_zone_17,load_zone_22,0.00026,0.000697
93.0,2026-07-02T12:00:51.214,3,-0.346,544.937,6.457,-0.0833,0.0,GOING_TO_ENDPOINT,dump_zone_15,load_zone_22,0.000252,0.000675
94.0,2026-07-02T12:00:52.481,1,629.918,-97.493,20.307,-0.5,0.0,GOING_TO_ENDPOINT,dump_zone_9,load_zone_26,0.00025,0.00067
94.0,2026-07-02T12:00:52.481,2,-10.08,539.233,11.39,0.0617,0.0,GOING_TO_ENDPOINT,dump_zone_17,load_zone_22,0.000259,0.000694
94.0,2026-07-02T12:00:52.481,3,-2.205,544.337,8.107,0.9167,0.0,GOING_TO_ENDPOINT,dump_zone_15,load_zone_22,0.000279,0.000748
95.0,2026-07-02T12:00:53.789,1,635.288,-97.499,18.507,-0.5,0.0,GOING_TO_ENDPOINT,dump_zone_9,load_zone_26,0.00025,0.00067
95.0,2026-07-02T12:00:53.789,2,-12.21,536.953,11.262,0.2283,0.0,GOING_TO_ENDPOINT,dump_zone_17,load_zone_22,0.000265,0.00071
95.0,2026-07-02T12:00:53.789,3,-4.781,543.513,11.124,0.7316,0.0,GOING_TO_ENDPOINT,dump_zone_15,load_zone_22,0.000283,0.000758
96.0,2026-07-02T12:00:55.277,1,640.158,-97.5,16.707,-0.5,0.0,GOING_TO_ENDPOINT,dump_zone_9,load_zone_26,0.00025,0.00067
96.0,2026-07-02T12:00:55.277,2,-14.291,534.413,12.284,0.2283,0.0,GOING_TO_ENDPOINT,dump_zone_17,load_zone_22,0.000267,0.000716
96.0,2026-07-02T12:00:55.277,3,-7.52,541.729,11.808,-0.2684,0.0,GOING_TO_ENDPOINT,dump_zone_15,load_zone_22,0.00025,0.00067
97.0,2026-07-02T12:00:56.259,1,644.528,-97.5,14.907,-0.5,0.0,GOING_TO_ENDPOINT,dump_zone_9,load_zone_26,0.00025,0.00067
97.0,2026-07-02T12:00:56.259,2,-16.341,531.654,12.227,0.0256,0.0,GOING_TO_ENDPOINT,dump_zone_17,load_zone_22,0.000259,0.000694
97.0,2026-07-02T12:00:56.259,3,-9.797,539.596,11.197,0.25,0.0,GOING_TO_ENDPOINT,dump_zone_15,load_zone_22,0.000266,0.000713
98.0,2026-07-02T12:00:57.707,1,648.398,-97.525,13.107,-0.5,0.0,GOING_TO_ENDPOINT,dump_zone_9,load_zone_26,0.00025,0.00067
98.0,2026-07-02T12:00:57.707,2,-18.337,528.68,13.789,0.4756,0.0,GOING_TO_ENDPOINT,dump_zone_17,load_zone_22,0.00028,0.00075
98.0,2026-07-02T12:00:57.707,3,-12.017,537.188,12.247,0.0833,0.0,GOING_TO_ENDPOINT,dump_zone_15,load_zone_22,0.000261,0.000699
99.0,2026-07-02T12:00:59.305,1,651.595,-98.463,11.307,-0.5,0.0,GOING_TO_ENDPOINT,dump_zone_9,load_zone_26,0.00025,0.00067
99.0,2026-07-02T12:00:59.305,2,-20.494,525.114,16.101,0.4756,0.0,GOING_TO_ENDPOINT,dump_zone_17,load_zone_22,0.000285,0.000764
99.0,2026-07-02T12:00:59.305,3,-14.236,534.482,12.997,0.25,0.0,GOING_TO_ENDPOINT,dump_zone_15,load_zone_22,0.000269,0.000721
100.0,2026-07-02T12:01:00.794,1,653.874,-100.276,10.207,0.0833,0.0,GOING_TO_ENDPOINT,dump_zone_9,load_zone_26,0.000259,0.000694
100.0,2026-07-02T12:01:00.794,2,-22.677,521.156,15.913,-0.3578,0.0,GOING_TO_ENDPOINT,dump_zone_17,load_zone_22,0.00025,0.00067
100.0,2026-07-02T12:01:00.794,3,-16.475,531.453,13.647,-0.0833,0.0,GOING_TO_ENDPOINT,dump_zone_15,load_zone_22,0.000255,0.000683
101.0,2026-07-02T12:01:02.173,1,656.08,-102.441,12.432,1.0,0.0,GOING_TO_ENDPOINT,dump_zone_9,load_zone_26,0.000298,0.000799
101.0,2026-07-02T12:01:02.173,2,-24.629,517.267,15.475,-0.0244,0.0,GOING_TO_ENDPOINT,dump_zone_17,load_zone_22,0.000259,0.000694
101.0,2026-07-02T12:01:02.173,3,-18.622,528.225,14.257,0.2386,0.0,GOING_TO_ENDPOINT,dump_zone_15,load_zone_22,0.00027,0.000724
102.0,2026-07-02T12:01:03.524,1,658.874,-105.296,16.032,1.0,0.0,GOING_TO_ENDPOINT,dump_zone_9,load_zone_26,0.000312,0.000836
102.0,2026-07-02T12:01:03.524,2,-26.446,513.309,16.237,0.4756,0.0,GOING_TO_ENDPOINT,dump_zone_17,load_zone_22,0.000285,0.000764
102.0,2026-07-02T12:01:03.524,3,-20.68,524.796,14.33,-0.0351,0.0,GOING_TO_ENDPOINT,dump_zone_15,load_zone_22,0.000257,0.000689
103.0,2026-07-02T12:01:04.928,1,662.387,-108.847,19.632,1.0,0.0,GOING_TO_ENDPOINT,dump_zone_9,load_zone_26,0.000326,0.000874
103.0,2026-07-02T12:01:04.928,2,-28.303,508.941,18.199,0.8089,0.0,GOING_TO_ENDPOINT,dump_zone_17,load_zone_22,0.000309,0.000828
103.0,2026-07-02T12:01:04.928,3,-22.577,521.34,14.504,0.4649,0.0,GOING_TO_ENDPOINT,dump_zone_15,load_zone_22,0.000281,0.000753
104.0,2026-07-02T12:01:06.532,1,666.623,-113.089,23.232,1.0,0.0,GOING_TO_ENDPOINT,dump_zone_9,load_zone_26,0.00034,0.000911
104.0,2026-07-02T12:01:06.532,2,-30.25,503.995,19.714,0.3951,0.0,GOING_TO_ENDPOINT,dump_zone_17,load_zone_22,0.000288,0.000772
104.0,2026-07-02T12:01:06.532,3,-24.566,517.391,17.177,0.6689,0.0,GOING_TO_ENDPOINT,dump_zone_15,load_zone_22,0.000298,0.000799
105.0,2026-07-02T12:01:08.317,1,671.566,-118.03,26.682,0.75,0.0,GOING_TO_ENDPOINT,dump_zone_9,load_zone_26,0.000332,0.00089
105.0,2026-07-02T12:01:08.317,2,-32.173,498.676,20.936,0.3951,0.0,GOING_TO_ENDPOINT,dump_zone_17,load_zone_22,0.00029,0.000777
105.0,2026-07-02T12:01:08.317,3,-26.654,512.846,18.621,0.2428,0.0,GOING_TO_ENDPOINT,dump_zone_15,load_zone_22,0.000276,0.00074
106.0,2026-07-02T12:01:09.985,1,676.945,-123.41,27.432,-0.25,0.0,GOING_TO_ENDPOINT,dump_zone_9,load_zone_26,0.00025,0.00067
106.0,2026-07-02T12:01:09.985,2,-34.111,492.893,23.209,0.8951,0.0,GOING_TO_ENDPOINT,dump_zone_17,load_zone_22,0.000332,0.00089
106.0,2026-07-02T12:01:09.985,3,-28.642,508.126,17.995,-0.4239,0.0,GOING_TO_ENDPOINT,dump_zone_15,load_zone_22,0.00025,0.00067
107.0,2026-07-02T12:01:11.201,1,682.156,-128.621,25.707,-0.5,0.0,GOING_TO_ENDPOINT,dump_zone_9,load_zone_26,0.00025,0.00067
107.0,2026-07-02T12:01:11.201,2,-36.137,486.415,25.073,0.1235,0.0,GOING_TO_ENDPOINT,dump_zone_17,load_zone_22,0.000276,0.00074
107.0,2026-07-02T12:01:11.201,3,-30.4,503.59,17.395,0.0833,0.0,GOING_TO_ENDPOINT,dump_zone_15,load_zone_22,0.000266,0.000713
108.0,2026-07-02T12:01:12.380,1,687.014,-133.478,23.907,-0.5,0.0,GOING_TO_ENDPOINT,dump_zone_9,load_zone_26,0.00025,0.00067
108.0,2026-07-02T12:01:12.380,2,-38.074,479.858,23.882,-0.5,0.0,GOING_TO_ENDPOINT,dump_zone_17,load_zone_22,0.00025,0.00067
108.0,2026-07-02T12:01:12.380,3,-32.124,498.804,19.62,1.0,0.0,GOING_TO_ENDPOINT,dump_zone_15,load_zone_22,0.000326,0.000874
109.0,2026-07-02T12:01:13.214,1,691.518,-137.983,22.107,-0.5,0.0,GOING_TO_ENDPOINT,dump_zone_9,load_zone_26,0.00025,0.00067
109.0,2026-07-02T12:01:13.214,2,-39.808,473.736,22.082,-0.5,0.0,GOING_TO_ENDPOINT,dump_zone_17,load_zone_22,0.00025,0.00067
109.0,2026-07-02T12:01:13.214,3,-34.034,493.125,23.22,1.0,0.0,GOING_TO_ENDPOINT,dump_zone_15,load_zone_22,0.00034,0.000911
110.0,2026-07-02T12:01:14.269,1,695.669,-142.134,20.307,-0.5,0.0,GOING_TO_ENDPOINT,dump_zone_9,load_zone_26,0.00025,0.00067
110.0,2026-07-02T12:01:14.269,2,-41.388,468.09,20.282,-0.5,0.0,GOING_TO_ENDPOINT,dump_zone_17,load_zone_22,0.00025,0.00067
110.0,2026-07-02T12:01:14.269,3,-36.101,486.546,25.695,0.25,0.0,GOING_TO_ENDPOINT,dump_zone_15,load_zone_22,0.000287,0.000769
111.0,2026-07-02T12:01:14.917,1,699.466,-145.931,18.507,-0.5,0.0,GOING_TO_ENDPOINT,dump_zone_9,load_zone_26,0.00025,0.00067
111.0,2026-07-02T12:01:14.917,2,-42.858,462.932,18.482,-0.5,0.0,GOING_TO_ENDPOINT,dump_zone_17,load_zone_22,0.00025,0.00067
111.0,2026-07-02T12:01:14.917,3,-38.102,479.768,24.795,-0.5,0.0,GOING_TO_ENDPOINT,dump_zone_15,load_zone_22,0.00025,0.00067
112.0,2026-07-02T12:01:16.872,1,702.297,-149.845,16.707,-0.5,0.0,GOING_TO_ENDPOINT,dump_zone_9,load_zone_26,0.00025,0.00067
112.0,2026-07-02T12:01:16.872,2,-44.261,458.276,16.682,-0.5,0.0,GOING_TO_ENDPOINT,dump_zone_17,load_zone_22,0.00025,0.00067
112.0,2026-07-02T12:01:16.872,3,-39.902,473.401,22.995,-0.5,0.0,GOING_TO_ENDPOINT,dump_zone_15,load_zone_22,0.00025,0.00067
113.0,2026-07-02T12:01:18.239,1,702.877,-154.14,15.607,0.0833,0.0,GOING_TO_ENDPOINT,dump_zone_9,load_zone_26,0.000264,0.000708
113.0,2026-07-02T12:01:18.239,2,-45.637,454.135,14.882,-0.5,0.0,GOING_TO_ENDPOINT,dump_zone_17,load_zone_22,0.00025,0.00067
113.0,2026-07-02T12:01:18.239,3,-41.551,467.51,21.195,-0.5,0.0,GOING_TO_ENDPOINT,dump_zone_15,load_zone_22,0.00025,0.00067
114.0,2026-07-02T12:01:19.554,1,702.576,-158.72,17.827,0.9813,0.0,GOING_TO_ENDPOINT,dump_zone_9,load_zone_26,0.000318,0.000852
114.0,2026-07-02T12:01:19.554,2,-47.065,450.548,13.082,-0.5,0.0,GOING_TO_ENDPOINT,dump_zone_17,load_zone_22,0.00025,0.00067
114.0,2026-07-02T12:01:19.554,3,-43.098,462.111,19.395,-0.5,0.0,GOING_TO_ENDPOINT,dump_zone_15,load_zone_22,0.00025,0.00067
115.0,2026-07-02T12:01:21.277,1,702.498,-164.037,19.709,0.0646,0.0,GOING_TO_ENDPOINT,dump_zone_9,load_zone_26,0.000267,0.000716
115.0,2026-07-02T12:01:21.277,2,-49.301,448.107,11.282,-0.5,0.0,GOING_TO_ENDPOINT,dump_zone_17,load_zone_22,0.00025,0.00067
115.0,2026-07-02T12:01:21.277,3,-44.771,457.279,17.595,-0.5,0.0,GOING_TO_ENDPOINT,dump_zone_15,load_zone_22,0.00025,0.00067
116.0,2026-07-02T12:01:23.208,1,702.498,-169.359,18.4,-0.5,0.0,GOING_TO_ENDPOINT,dump_zone_9,load_zone_26,0.00025,0.00067
116.0,2026-07-02T12:01:23.208,2,-52.083,447.417,9.857,-0.0833,0.0,GOING_TO_ENDPOINT,dump_zone_17,load_zone_22,0.000254,0.000681
116.0,2026-07-02T12:01:23.208,3,-46.878,453.236,15.795,-0.5,0.0,GOING_TO_ENDPOINT,dump_zone_15,load_zone_22,0.00025,0.00067
117.0,2026-07-02T12:01:25.241,1,702.5,-174.199,16.6,-0.5,0.0,GOING_TO_ENDPOINT,dump_zone_9,load_zone_26,0.00025,0.00067
117.0,2026-07-02T12:01:25.241,2,-54.911,447.899,11.457,0.75,0.0,GOING_TO_ENDPOINT,dump_zone_17,load_zone_22,0.000285,0.000764
117.0,2026-07-02T12:01:25.241,3,-50.103,450.703,13.995,-0.5,0.0,GOING_TO_ENDPOINT,dump_zone_15,load_zone_22,0.00025,0.00067
118.0,2026-07-02T12:06:06.041,1,702.5,-178.54,14.8,-0.5,0.0,GOING_TO_ENDPOINT,dump_zone_9,load_zone_26,0.00025,0.00067
118.0,2026-07-02T12:06:06.041,2,-57.267,450.297,12.657,0.0833,0.0,GOING_TO_ENDPOINT,dump_zone_17,load_zone_22,0.000261,0.000699
118.0,2026-07-02T12:06:06.041,3,-52.756,448.252,12.22,-0.4167,0.0,GOING_TO_ENDPOINT,dump_zone_15,load_zone_22,0.00025,0.00067
119.0,2026-07-02T12:06:11.128,1,702.5,-182.38,13.0,-0.5,0.0,GOING_TO_ENDPOINT,dump_zone_9,load_zone_26,0.00025,0.00067
119.0,2026-07-02T12:06:11.128,2,-60.542,451.606,13.857,0.5833,0.0,GOING_TO_ENDPOINT,dump_zone_17,load_zone_22,0.000285,0.000764
119.0,2026-07-02T12:06:11.128,3,-55.945,447.461,12.67,0.5833,0.0,GOING_TO_ENDPOINT,dump_zone_15,load_zone_22,0.000282,0.000756
120.0,2026-07-02T12:06:14.019,1,702.5,-185.721,11.2,-0.5,0.0,GOING_TO_ENDPOINT,dump_zone_9,load_zone_26,0.00025,0.00067
120.0,2026-07-02T12:06:14.019,2,-64.52,450.872,14.645,-0.2375,0.0,GOING_TO_ENDPOINT,dump_zone_17,load_zone_22,0.00025,0.00067
120.0,2026-07-02T12:06:14.019,3,-59.856,448.094,15.87,0.75,0.0,GOING_TO_ENDPOINT,dump_zone_15,load_zone_22,0.000299,0.000801
121.0,2026-07-02T12:06:17.153,1,702.5,-188.561,9.4,-0.5,0.0,GOING_TO_ENDPOINT,dump_zone_9,load_zone_26,0.00025,0.00067
121.0,2026-07-02T12:06:17.153,2,-67.293,448.356,13.288,-0.4025,0.0,GOING_TO_ENDPOINT,dump_zone_17,load_zone_22,0.00025,0.00067
121.0,2026-07-02T12:06:17.153,3,-63.819,450.433,16.62,-0.25,0.0,GOING_TO_ENDPOINT,dump_zone_15,load_zone_22,0.00025,0.00067
122.0,2026-07-02T12:06:19.356,1,702.294,-190.881,7.6,-0.5,0.0,GOING_TO_ENDPOINT,dump_zone_9,load_zone_26,0.00025,0.00067
122.0,2026-07-02T12:06:19.356,2,-68.637,445.246,11.556,-0.5,0.0,GOING_TO_ENDPOINT,dump_zone_17,load_zone_22,0.00025,0.00067
122.0,2026-07-02T12:06:19.356,3,-68.168,450.766,17.07,0.5833,0.0,GOING_TO_ENDPOINT,dump_zone_15,load_zone_22,0.000293,0.000785
123.0,2026-07-02T12:06:21.309,1,702.214,-192.703,5.8,-0.5,0.0,GOING_TO_ENDPOINT,dump_zone_9,load_zone_26,0.00025,0.00067
123.0,2026-07-02T12:06:21.309,2,-71.285,444.015,10.456,0.0833,0.0,GOING_TO_ENDPOINT,dump_zone_17,load_zone_22,0.000259,0.000694
123.0,2026-07-02T12:06:21.309,3,-70.145,446.375,19.72,0.4167,0.0,GOING_TO_ENDPOINT,dump_zone_15,load_zone_22,0.000289,0.000775
124.0,2026-07-02T12:06:23.684,1,702.67,-193.958,4.0,-0.5,0.0,GOING_TO_ENDPOINT,dump_zone_9,load_zone_26,0.00025,0.00067
124.0,2026-07-02T12:06:23.684,2,-74.17,444.988,11.956,0.25,0.0,GOING_TO_ENDPOINT,dump_zone_17,load_zone_22,0.000267,0.000716
124.0,2026-07-02T12:06:23.684,3,-68.897,441.217,19.295,-0.5,0.0,GOING_TO_ENDPOINT,dump_zone_15,load_zone_22,0.00025,0.00067
125.0,2026-07-02T12:06:25.263,1,703.154,-194.643,2.2,-0.5,0.0,LOADING,dump_zone_9,load_zone_26,0.00025,0.00067
125.0,2026-07-02T12:06:25.263,2,-77.217,446.8,14.181,1.0,0.0,GOING_TO_ENDPOINT,dump_zone_17,load_zone_22,0.000305,0.000817
125.0,2026-07-02T12:06:25.263,3,-72.783,438.464,17.645,-0.25,0.0,GOING_TO_ENDPOINT,dump_zone_15,load_zone_22,0.00025,0.00067
126.0,2026-07-02T12:06:26.935,1,703.379,-194.898,0.4,-0.5,0.0,LOADING,dump_zone_9,load_zone_26,0.00025,0.00067
126.0,2026-07-02T12:06:26.935,2,-81.447,447.568,16.131,0.0833,0.0,GOING_TO_ENDPOINT,dump_zone_17,load_zone_22,0.000265,0.00071
126.0,2026-07-02T12:06:26.935,3,-76.581,441.223,18.645,0.5833,0.0,GOING_TO_ENDPOINT,dump_zone_15,load_zone_22,0.000297,0.000796
127.0,2026-07-02T12:06:28.896,1,703.384,-194.904,0.0,-0.5,0.0,LOADING,dump_zone_9,load_zone_26,0.00025,0.00067
127.0,2026-07-02T12:06:28.896,2,-85.779,447.539,14.856,-0.5,0.0,GOING_TO_ENDPOINT,dump_zone_17,load_zone_22,0.00025,0.00067
127.0,2026-07-02T12:06:28.896,3,-78.702,446.032,18.795,-0.4167,0.0,GOING_TO_ENDPOINT,dump_zone_15,load_zone_22,0.00025,0.00067
128.0,2026-07-02T12:06:30.446,1,704.441,-195.707,7.2,0.0,1000.0,TURNING_AROUND,load_zone_26,dump_zone_3,0.000258,0.000691
128.0,2026-07-02T12:06:30.446,2,-89.634,447.484,13.056,-0.5,0.0,GOING_TO_ENDPOINT,dump_zone_17,load_zone_22,0.00025,0.00067
128.0,2026-07-02T12:06:30.446,3,-81.961,449.625,16.995,-0.5,0.0,GOING_TO_ENDPOINT,dump_zone_15,load_zone_22,0.00025,0.00067
129.0,2026-07-02T12:06:32.197,1,706.076,-196.162,5.4,0.0,1000.0,TURNING_AROUND,load_zone_26,dump_zone_3,0.000256,0.000686
129.0,2026-07-02T12:06:32.197,2,-92.99,447.474,11.256,-0.5,0.0,GOING_TO_ENDPOINT,dump_zone_17,load_zone_22,0.00025,0.00067
129.0,2026-07-02T12:06:32.197,3,-86.247,449.126,15.195,-0.5,0.0,GOING_TO_ENDPOINT,dump_zone_15,load_zone_22,0.00025,0.00067
130.0,2026-07-02T12:06:33.602,1,704.883,-196.337,7.2,0.0,1000.0,TURNING_AROUND,load_zone_26,dump_zone_3,0.000258,0.000691
130.0,2026-07-02T12:06:33.602,2,-95.901,447.471,9.945,-0.2749,0.0,GOING_TO_ENDPOINT,dump_zone_17,load_zone_22,0.00025,0.00067
130.0,2026-07-02T12:06:33.602,3,-89.449,446.865,13.395,-0.5,0.0,GOING_TO_ENDPOINT,dump_zone_15,load_zone_22,0.00025,0.00067
131.0,2026-07-02T12:06:35.004,1,706.468,-195.151,7.2,0.0,1000.0,TURNING_AROUND,load_zone_26,dump_zone_3,0.000258,0.000691
131.0,2026-07-02T12:06:35.004,2,-98.505,447.415,8.783,-0.5,0.0,GOING_TO_ENDPOINT,dump_zone_17,load_zone_22,0.00025,0.00067
131.0,2026-07-02T12:06:35.004,3,-92.138,444.71,11.595,-0.5,0.0,GOING_TO_ENDPOINT,dump_zone_15,load_zone_22,0.00025,0.00067
132.0,2026-07-02T12:06:36.276,1,706.742,-195.009,5.4,0.0,1000.0,TURNING_AROUND,load_zone_26,dump_zone_3,0.000256,0.000686
132.0,2026-07-02T12:06:36.276,2,-100.563,446.658,7.683,0.0833,0.0,GOING_TO_ENDPOINT,dump_zone_17,load_zone_22,0.000257,0.000689
132.0,2026-07-02T12:06:36.276,3,-94.981,444.22,9.795,-0.5,0.0,GOING_TO_ENDPOINT,dump_zone_15,load_zone_22,0.00025,0.00067
133.0,2026-07-02T12:06:37.762,1,706.742,-194.989,0.375,0.4167,1000.0,RETURNING_TO_START,load_zone_26,dump_zone_3,0.000251,0.000673
133.0,2026-07-02T12:06:37.762,2,-101.979,444.779,9.908,1.0,0.0,GOING_TO_ENDPOINT,dump_zone_17,load_zone_22,0.000288,0.000772
133.0,2026-07-02T12:06:37.762,3,-97.28,445.051,7.995,-0.5,0.0,GOING_TO_ENDPOINT,dump_zone_15,load_zone_22,0.00025,0.00067
134.0,2026-07-02T12:06:39.019,1,706.708,-194.47,3.45,1.0,1000.0,RETURNING_TO_START,load_zone_26,dump_zone_3,0.000272,0.000729
134.0,2026-07-02T12:06:39.019,2,-101.825,441.647,12.633,0.5833,0.0,GOING_TO_ENDPOINT,dump_zone_17,load_zone_22,0.000282,0.000756
134.0,2026-07-02T12:06:39.019,3,-99.011,445.952,6.345,-0.25,0.0,GOING_TO_ENDPOINT,dump_zone_15,load_zone_22,0.00025,0.00067
135.0,2026-07-02T12:06:40.164,1,706.23,-193.058,7.05,1.0,1000.0,RETURNING_TO_START,load_zone_26,dump_zone_3,0.000295,0.000791
135.0,2026-07-02T12:06:40.164,2,-101.719,437.928,14.809,0.4175,0.0,GOING_TO_ENDPOINT,dump_zone_17,load_zone_22,0.000279,0.000748
135.0,2026-07-02T12:06:40.164,3,-100.758,446.467,7.395,0.75,0.0,GOING_TO_ENDPOINT,dump_zone_15,load_zone_22,0.000273,0.000732
136.0,2026-07-02T12:06:41.048,1,704.683,-191.104,10.65,1.0,1000.0,RETURNING_TO_START,load_zone_26,dump_zone_3,0.000319,0.000855
136.0,2026-07-02T12:06:41.048,2,-105.263,435.531,17.511,1.0,0.0,GOING_TO_ENDPOINT,dump_zone_17,load_zone_22,0.000318,0.000852
136.0,2026-07-02T12:06:41.048,3,-103.194,445.783,10.92,1.0,0.0,GOING_TO_ENDPOINT,dump_zone_15,load_zone_22,0.000292,0.000783
137.0,2026-07-02T12:06:42.368,1,702.11,-188.736,14.25,1.0,1000.0,RETURNING_TO_START,load_zone_26,dump_zone_3,0.000342,0.000917
137.0,2026-07-02T12:06:42.368,2,-110.298,433.598,21.111,1.0,0.0,GOING_TO_ENDPOINT,dump_zone_17,load_zone_22,0.000332,0.00089
137.0,2026-07-02T12:06:42.368,3,-105.263,442.922,14.52,1.0,0.0,GOING_TO_ENDPOINT,dump_zone_15,load_zone_22,0.000306,0.00082
138.0,2026-07-02T12:06:43.595,1,699.151,-185.378,17.85,1.0,1000.0,RETURNING_TO_START,load_zone_26,dump_zone_3,0.000365,0.000978
138.0,2026-07-02T12:06:43.595,2,-115.474,429.862,24.711,1.0,0.0,GOING_TO_ENDPOINT,dump_zone_17,load_zone_22,0.000346,0.000927
138.0,2026-07-02T12:06:43.595,3,-107.551,438.965,18.12,1.0,0.0,GOING_TO_ENDPOINT,dump_zone_15,load_zone_22,0.00032,0.000858
139.0,2026-07-02T12:06:44.776,1,697.59,-180.258,20.325,0.25,1000.0,RETURNING_TO_START,load_zone_26,dump_zone_3,0.000299,0.000801
139.0,2026-07-02T12:06:44.776,2,-120.635,424.653,27.515,0.433,0.0,GOING_TO_ENDPOINT,dump_zone_17,load_zone_22,0.000306,0.00082
139.0,2026-07-02T12:06:44.776,3,-111.108,434.678,21.72,1.0,0.0,GOING_TO_ENDPOINT,dump_zone_15,load_zone_22,0.000334,0.000895
140.0,2026-07-02T12:06:45.747,1,697.461,-174.685,19.425,-0.5,1000.0,RETURNING_TO_START,load_zone_26,dump_zone_3,0.00025,0.00067
140.0,2026-07-02T12:06:45.747,2,-125.946,419.124,27.144,-0.5,0.0,GOING_TO_ENDPOINT,dump_zone_17,load_zone_22,0.00025,0.00067
140.0,2026-07-02T12:06:45.747,3,-115.622,429.899,25.295,0.9167,0.0,GOING_TO_ENDPOINT,dump_zone_15,load_zone_22,0.000341,0.000914
141.0,2026-07-02T12:06:46.796,1,697.496,-169.56,17.625,-0.5,1000.0,RETURNING_TO_START,load_zone_26,dump_zone_3,0.00025,0.00067
141.0,2026-07-02T12:06:46.796,2,-131.043,413.941,25.344,-0.5,0.0,GOING_TO_ENDPOINT,dump_zone_17,load_zone_22,0.00025,0.00067
141.0,2026-07-02T12:06:46.796,3,-120.713,424.559,27.188,0.1148,0.0,GOING_TO_ENDPOINT,dump_zone_15,load_zone_22,0.000277,0.000742
142.0,2026-07-02T12:06:47.912,1,697.501,-164.935,15.825,-0.5,1000.0,RETURNING_TO_START,load_zone_26,dump_zone_3,0.00025,0.00067
142.0,2026-07-02T12:06:47.912,2,-135.856,409.181,23.544,-0.5,0.0,GOING_TO_ENDPOINT,dump_zone_17,load_zone_22,0.00025,0.00067
142.0,2026-07-02T12:06:47.912,3,-125.862,419.216,25.979,-0.5,0.0,GOING_TO_ENDPOINT,dump_zone_15,load_zone_22,0.00025,0.00067
143.0,2026-07-02T12:06:49.045,1,697.501,-160.81,14.025,-0.5,1000.0,RETURNING_TO_START,load_zone_26,dump_zone_3,0.00025,0.00067
143.0,2026-07-02T12:06:49.045,2,-140.397,404.858,21.744,-0.5,0.0,GOING_TO_ENDPOINT,dump_zone_17,load_zone_22,0.00025,0.00067
143.0,2026-07-02T12:06:49.045,3,-130.728,414.26,24.179,-0.5,0.0,GOING_TO_ENDPOINT,dump_zone_15,load_zone_22,0.00025,0.00067
144.0,2026-07-02T12:06:50.112,1,697.5,-157.185,12.225,-0.5,1000.0,RETURNING_TO_START,load_zone_26,dump_zone_3,0.00025,0.00067
144.0,2026-07-02T12:06:50.112,2,-144.705,401.022,19.944,-0.5,0.0,GOING_TO_ENDPOINT,dump_zone_17,load_zone_22,0.00025,0.00067
144.0,2026-07-02T12:06:50.112,3,-135.302,409.719,22.379,-0.5,0.0,GOING_TO_ENDPOINT,dump_zone_15,load_zone_22,0.00025,0.00067
145.0,2026-07-02T12:06:51.183,1,697.5,-154.06,10.425,-0.5,1000.0,RETURNING_TO_START,load_zone_26,dump_zone_3,0.00025,0.00067
145.0,2026-07-02T12:06:51.183,2,-148.866,397.793,18.144,-0.5,0.0,GOING_TO_ENDPOINT,dump_zone_17,load_zone_22,0.00025,0.00067
145.0,2026-07-02T12:06:51.183,3,-139.596,405.607,20.579,-0.5,0.0,GOING_TO_ENDPOINT,dump_zone_15,load_zone_22,0.00025,0.00067
146.0,2026-07-02T12:06:52.567,1,697.472,-151.436,8.625,-0.5,1000.0,RETURNING_TO_START,load_zone_26,dump_zone_3,0.00025,0.00067
146.0,2026-07-02T12:06:52.567,2,-153.0,395.428,16.344,-0.5,0.0,GOING_TO_ENDPOINT,dump_zone_17,load_zone_22,0.00025,0.00067
146.0,2026-07-02T12:06:52.567,3,-143.631,401.95,18.779,-0.5,0.0,GOING_TO_ENDPOINT,dump_zone_15,load_zone_22,0.00025,0.00067
147.0,2026-07-02T12:06:54.051,1,696.658,-149.448,7.525,0.0833,1000.0,RETURNING_TO_START,load_zone_26,dump_zone_3,0.000261,0.000699
147.0,2026-07-02T12:06:54.051,2,-157.042,394.074,14.544,-0.5,0.0,GOING_TO_ENDPOINT,dump_zone_17,load_zone_22,0.00025,0.00067
147.0,2026-07-02T12:06:54.051,3,-147.459,398.82,16.979,-0.5,0.0,GOING_TO_ENDPOINT,dump_zone_15,load_zone_22,0.00025,0.00067
148.0,2026-07-02T12:06:55.560,1,695.005,-147.787,9.75,1.0,1000.0,RETURNING_TO_START,load_zone_26,dump_zone_3,0.000313,0.000839
148.0,2026-07-02T12:06:55.560,2,-160.632,392.937,12.744,-0.5,0.0,GOING_TO_ENDPOINT,dump_zone_17,load_zone_22,0.00025,0.00067
148.0,2026-07-02T12:06:55.560,3,-151.158,396.36,15.179,-0.5,0.0,GOING_TO_ENDPOINT,dump_zone_15,load_zone_22,0.00025,0.00067
149.0,2026-07-02T12:06:56.881,1,692.556,-145.651,13.35,1.0,1000.0,RETURNING_TO_START,load_zone_26,dump_zone_3,0.000336,0.0009
149.0,2026-07-02T12:06:56.881,2,-163.855,392.613,10.944,-0.5,0.0,GOING_TO_ENDPOINT,dump_zone_17,load_zone_22,0.00025,0.00067
149.0,2026-07-02T12:06:56.881,3,-154.72,394.674,13.379,-0.5,0.0,GOING_TO_ENDPOINT,dump_zone_15,load_zone_22,0.00025,0.00067
150.0,2026-07-02T12:06:58.119,1,689.383,-142.824,16.95,1.0,1000.0,RETURNING_TO_START,load_zone_26,dump_zone_3,0.000359,0.000962
150.0,2026-07-02T12:06:58.119,2,-166.484,393.465,9.144,-0.5,0.0,GOING_TO_ENDPOINT,dump_zone_17,load_zone_22,0.00025,0.00067
150.0,2026-07-02T12:06:58.119,3,-158.234,394.521,12.573,-0.1217,0.0,GOING_TO_ENDPOINT,dump_zone_15,load_zone_22,0.000253,0.000678
151.0,2026-07-02T12:06:59.561,1,685.623,-139.16,20.546,0.9861,1000.0,RETURNING_TO_START,load_zone_26,dump_zone_3,0.000381,0.001021
151.0,2026-07-02T12:06:59.561,2,-168.529,394.448,7.344,-0.5,0.0,GOING_TO_ENDPOINT,dump_zone_17,load_zone_22,0.00025,0.00067
151.0,2026-07-02T12:06:59.561,3,-161.483,395.567,12.113,-0.2053,0.0,GOING_TO_ENDPOINT,dump_zone_15,load_zone_22,0.00025,0.00067
152.0,2026-07-02T12:07:01.022,1,681.261,-134.797,23.387,0.4986,1000.0,RETURNING_TO_START,load_zone_26,dump_zone_3,0.000338,0.000906
152.0,2026-07-02T12:07:01.022,2,-170.088,395.286,5.569,-0.4167,0.0,GOING_TO_ENDPOINT,dump_zone_17,load_zone_22,0.00025,0.00067
152.0,2026-07-02T12:07:01.022,3,-164.387,396.719,10.428,-0.5,0.0,GOING_TO_ENDPOINT,dump_zone_15,load_zone_22,0.00025,0.00067
153.0,2026-07-02T12:07:02.995,1,676.625,-130.161,23.232,-0.5,1000.0,RETURNING_TO_START,load_zone_26,dump_zone_3,0.00025,0.00067
153.0,2026-07-02T12:07:02.995,2,-171.235,396.286,6.019,0.5833,0.0,GOING_TO_ENDPOINT,dump_zone_17,load_zone_22,0.000265,0.00071
153.0,2026-07-02T12:07:02.995,3,-166.986,396.973,8.728,-0.5,0.0,GOING_TO_ENDPOINT,dump_zone_15,load_zone_22,0.00025,0.00067
154.0,2026-07-02T12:07:04.963,1,672.254,-125.789,21.432,-0.5,1000.0,RETURNING_TO_START,load_zone_26,dump_zone_3,0.00025,0.00067
154.0,2026-07-02T12:07:04.963,2,-172.036,398.243,9.171,0.718,0.0,GOING_TO_ENDPOINT,dump_zone_17,load_zone_22,0.000277,0.000742
154.0,2026-07-02T12:07:04.963,3,-169.02,396.283,6.928,-0.5,0.0,GOING_TO_ENDPOINT,dump_zone_15,load_zone_22,0.00025,0.00067
155.0,2026-07-02T12:07:05.828,1,668.235,-121.771,19.632,-0.5,1000.0,RETURNING_TO_START,load_zone_26,dump_zone_3,0.00025,0.00067
155.0,2026-07-02T12:07:05.828,2,-171.436,400.849,9.806,-0.282,0.0,GOING_TO_ENDPOINT,dump_zone_17,load_zone_22,0.00025,0.00067
155.0,2026-07-02T12:07:05.828,3,-170.565,395.713,5.128,-0.5,0.0,GOING_TO_ENDPOINT,dump_zone_15,load_zone_22,0.00025,0.00067
156.0,2026-07-02T12:07:06.625,1,664.571,-118.106,17.832,-0.5,1000.0,RETURNING_TO_START,load_zone_26,dump_zone_3,0.00025,0.00067
156.0,2026-07-02T12:07:06.625,2,-169.575,402.41,8.061,-0.5,0.0,GOING_TO_ENDPOINT,dump_zone_17,load_zone_22,0.00025,0.00067
156.0,2026-07-02T12:07:06.625,3,-171.611,395.234,3.328,-0.5,0.0,LOADING,dump_zone_15,load_zone_22,0.00025,0.00067
157.0,2026-07-02T12:07:07.585,1,661.258,-114.794,16.043,-0.5,1000.0,RETURNING_TO_START,load_zone_26,dump_zone_3,0.00025,0.00067
157.0,2026-07-02T12:07:07.585,2,-167.647,402.698,6.261,-0.5,0.0,GOING_TO_ENDPOINT,dump_zone_17,load_zone_22,0.00025,0.00067
157.0,2026-07-02T12:07:07.585,3,-172.13,394.839,1.528,-0.5,0.0,LOADING,dump_zone_15,load_zone_22,0.00025,0.00067
158.0,2026-07-02T12:07:09.184,1,658.291,-111.827,14.419,-0.3786,1000.0,RETURNING_TO_START,load_zone_26,dump_zone_3,0.00025,0.00067
158.0,2026-07-02T12:07:09.184,2,-166.242,402.3,4.461,-0.5,0.0,GOING_TO_ENDPOINT,dump_zone_17,load_zone_22,0.00025,0.00067
158.0,2026-07-02T12:07:09.184,3,-172.25,394.728,0.0,-0.5,0.0,LOADING,dump_zone_15,load_zone_22,0.00025,0.00067
159.0,2026-07-02T12:07:10.216,1,655.648,-109.184,12.631,-0.5,1000.0,RETURNING_TO_START,load_zone_26,dump_zone_3,0.00025,0.00067
159.0,2026-07-02T12:07:10.216,2,-165.308,401.664,4.311,0.4167,0.0,GOING_TO_ENDPOINT,dump_zone_17,load_zone_22,0.000259,0.000694
159.0,2026-07-02T12:07:10.216,3,-172.25,394.728,0.0,-0.5,0.0,LOADING,dump_zone_15,load_zone_22,0.00025,0.00067
160.0,2026-07-02T12:07:10.878,1,653.33,-106.866,11.112,-0.5,1000.0,RETURNING_TO_START,load_zone_26,dump_zone_3,0.00025,0.00067
160.0,2026-07-02T12:07:10.878,2,-164.372,400.363,7.386,1.0,0.0,GOING_TO_ENDPOINT,dump_zone_17,load_zone_22,0.000279,0.000748
160.0,2026-07-02T12:07:10.878,3,-173.263,393.028,7.2,0.0,1000.0,TURNING_AROUND,load_zone_22,dump_zone_22,0.000258,0.000691
161.0,2026-07-02T12:07:11.837,1,651.337,-104.873,9.331,-0.5,1000.0,RETURNING_TO_START,load_zone_26,dump_zone_3,0.00025,0.00067
161.0,2026-07-02T12:07:11.837,2,-164.143,397.845,10.611,0.5833,0.0,GOING_TO_ENDPOINT,dump_zone_17,load_zone_22,0.000277,0.000742
161.0,2026-07-02T12:07:11.837,3,-173.476,392.5,5.4,0.0,1000.0,TURNING_AROUND,load_zone_22,dump_zone_22,0.000256,0.000686
162.0,2026-07-02T12:07:12.961,1,649.691,-103.237,7.531,-0.5,1000.0,RETURNING_TO_START,load_zone_26,dump_zone_3,0.00025,0.00067
162.0,2026-07-02T12:07:12.961,2,-165.87,395.416,10.811,-0.25,0.0,GOING_TO_ENDPOINT,dump_zone_17,load_zone_22,0.00025,0.00067
162.0,2026-07-02T12:07:12.961,3,-173.317,392.606,7.2,0.0,1000.0,TURNING_AROUND,load_zone_22,dump_zone_22,0.000258,0.000691
163.0,2026-07-02T12:07:13.959,1,648.171,-102.249,5.881,-0.25,1000.0,RETURNING_TO_START,load_zone_26,dump_zone_3,0.00025,0.00067
163.0,2026-07-02T12:07:13.959,2,-168.647,394.78,9.911,-0.25,0.0,GOING_TO_ENDPOINT,dump_zone_17,load_zone_22,0.00025,0.00067
163.0,2026-07-02T12:07:13.959,3,-171.846,391.281,7.2,0.0,1000.0,TURNING_AROUND,load_zone_22,dump_zone_22,0.000258,0.000691
164.0,2026-07-02T12:07:14.966,1,646.492,-101.983,6.931,0.75,1000.0,RETURNING_TO_START,load_zone_26,dump_zone_3,0.000285,0.000764
164.0,2026-07-02T12:07:14.966,2,-171.296,395.403,9.561,-0.4167,0.0,GOING_TO_ENDPOINT,dump_zone_17,load_zone_22,0.00025,0.00067
164.0,2026-07-02T12:07:14.966,3,-171.777,391.23,0.025,0.0833,1000.0,RETURNING_TO_START,load_zone_22,dump_zone_22,0.00025,0.00067
165.0,2026-07-02T12:07:15.729,1,644.047,-102.053,10.456,1.0,1000.0,RETURNING_TO_START,load_zone_26,dump_zone_3,0.000317,0.00085
165.0,2026-07-02T12:07:15.729,2,-173.669,395.582,7.761,-0.5,0.0,GOING_TO_ENDPOINT,dump_zone_17,load_zone_22,0.00025,0.00067
165.0,2026-07-02T12:07:15.729,3,-171.516,391.21,2.25,1.0,1000.0,RETURNING_TO_START,load_zone_22,dump_zone_22,0.000265,0.00071
166.0,2026-07-02T12:07:16.586,1,640.607,-102.257,14.056,1.0,1000.0,RETURNING_TO_START,load_zone_26,dump_zone_3,0.000341,0.000914
166.0,2026-07-02T12:07:16.586,2,-175.55,395.662,5.961,-0.5,0.0,GOING_TO_ENDPOINT,dump_zone_17,load_zone_22,0.00025,0.00067
166.0,2026-07-02T12:07:16.586,3,-170.361,391.335,5.85,1.0,1000.0,RETURNING_TO_START,load_zone_22,dump_zone_22,0.000288,0.000772
167.0,2026-07-02T12:07:17.343,1,636.166,-102.449,17.631,0.9167,1000.0,RETURNING_TO_START,load_zone_26,dump_zone_3,0.000356,0.000954
167.0,2026-07-02T12:07:17.343,2,-176.848,396.124,4.161,-0.5,0.0,GOING_TO_ENDPOINT,dump_zone_17,load_zone_22,0.00025,0.00067
167.0,2026-07-02T12:07:17.343,3,-168.461,392.349,9.45,1.0,1000.0,RETURNING_TO_START,load_zone_22,dump_zone_22,0.000311,0.000833
168.0,2026-07-02T12:07:18.255,1,630.842,-102.501,20.031,0.25,1000.0,RETURNING_TO_START,load_zone_26,dump_zone_3,0.000298,0.000799
168.0,2026-07-02T12:07:18.255,2,-177.567,396.638,2.361,-0.5,0.0,LOADING,dump_zone_17,load_zone_22,0.00025,0.00067
168.0,2026-07-02T12:07:18.255,3,-166.15,394.509,13.05,1.0,1000.0,RETURNING_TO_START,load_zone_22,dump_zone_22,0.000334,0.000895
169.0,2026-07-02T12:07:19.091,1,625.348,-102.501,19.131,-0.5,1000.0,RETURNING_TO_START,load_zone_26,dump_zone_3,0.00025,0.00067
169.0,2026-07-02T12:07:19.091,2,-177.842,396.907,0.561,-0.5,0.0,LOADING,dump_zone_17,load_zone_22,0.00025,0.00067
169.0,2026-07-02T12:07:19.091,3,-163.06,397.27,16.389,0.676,1000.0,RETURNING_TO_START,load_zone_22,dump_zone_22,0.000327,0.000876
170.0,2026-07-02T12:07:19.860,1,620.304,-102.5,17.331,-0.5,1000.0,RETURNING_TO_START,load_zone_26,dump_zone_3,0.00025,0.00067
170.0,2026-07-02T12:07:19.860,2,-177.855,396.92,0.0,-0.5,0.0,LOADING,dump_zone_17,load_zone_22,0.00025,0.00067
170.0,2026-07-02T12:07:19.860,3,-158.683,398.883,16.873,-0.324,1000.0,RETURNING_TO_START,load_zone_22,dump_zone_22,0.00025,0.00067
171.0,2026-07-02T12:07:20.713,1,615.761,-102.5,15.531,-0.5,1000.0,RETURNING_TO_START,load_zone_26,dump_zone_3,0.00025,0.00067
171.0,2026-07-02T12:07:20.713,2,-178.493,397.892,7.2,0.0,1000.0,TURNING_AROUND,load_zone_22,dump_zone_23,0.000258,0.000691
171.0,2026-07-02T12:07:20.713,3,-154.467,400.182,15.103,-0.5,1000.0,RETURNING_TO_START,load_zone_22,dump_zone_22,0.00025,0.00067
172.0,2026-07-02T12:07:21.628,1,611.717,-102.5,13.731,-0.5,1000.0,RETURNING_TO_START,load_zone_26,dump_zone_3,0.00025,0.00067
172.0,2026-07-02T12:07:21.628,2,-178.859,399.837,7.2,0.0,1000.0,TURNING_AROUND,load_zone_22,dump_zone_23,0.000258,0.000691
172.0,2026-07-02T12:07:21.628,3,-151.116,402.238,13.403,-0.5,1000.0,RETURNING_TO_START,load_zone_22,dump_zone_22,0.00025,0.00067
173.0,2026-07-02T12:07:22.622,1,608.174,-102.5,11.931,-0.5,1000.0,RETURNING_TO_START,load_zone_26,dump_zone_3,0.00025,0.00067
173.0,2026-07-02T12:07:22.622,2,-179.223,398.391,5.4,0.0,1000.0,TURNING_AROUND,load_zone_22,dump_zone_23,0.000256,0.000686
173.0,2026-07-02T12:07:22.622,3,-148.292,404.499,13.253,0.4167,1000.0,RETURNING_TO_START,load_zone_22,dump_zone_22,0.000294,0.000788
174.0,2026-07-02T12:07:23.475,1,605.131,-102.5,10.131,-0.5,1000.0,RETURNING_TO_START,load_zone_26,dump_zone_3,0.00025,0.00067
174.0,2026-07-02T12:07:23.475,2,-177.964,399.918,7.2,0.0,1000.0,TURNING_AROUND,load_zone_22,dump_zone_23,0.000258,0.000691
174.0,2026-07-02T12:07:23.475,3,-145.22,407.21,16.328,1.0,1000.0,RETURNING_TO_START,load_zone_22,dump_zone_22,0.000355,0.000951
175.0,2026-07-02T12:07:24.306,1,602.587,-102.499,8.331,-0.5,1000.0,RETURNING_TO_START,load_zone_26,dump_zone_3,0.00025,0.00067
175.0,2026-07-02T12:07:24.306,2,-177.537,400.296,5.4,0.0,1000.0,TURNING_AROUND,load_zone_22,dump_zone_23,0.000256,0.000686
175.0,2026-07-02T12:07:24.306,3,-141.512,410.678,19.903,0.9167,1000.0,RETURNING_TO_START,load_zone_22,dump_zone_22,0.000369,0.000989
176.0,2026-07-02T12:07:25.498,1,600.526,-102.26,7.006,-0.0833,1000.0,RETURNING_TO_START,load_zone_26,dump_zone_3,0.000254,0.000681
176.0,2026-07-02T12:07:25.498,2,-177.779,400.256,0.15,0.25,1000.0,RETURNING_TO_START,load_zone_22,dump_zone_23,0.00025,0.00067
176.0,2026-07-02T12:07:25.498,3,-137.18,414.891,23.225,0.75,1000.0,RETURNING_TO_START,load_zone_22,dump_zone_22,0.000368,0.000986
177.0,2026-07-02T12:07:26.622,1,598.766,-101.14,8.606,0.75,1000.0,RETURNING_TO_START,load_zone_26,dump_zone_3,0.000294,0.000788
177.0,2026-07-02T12:07:26.622,2,-177.399,400.213,2.85,1.0,1000.0,RETURNING_TO_START,load_zone_22,dump_zone_23,0.000268,0.000718
177.0,2026-07-02T12:07:26.622,3,-132.483,419.595,23.975,-0.25,1000.0,RETURNING_TO_START,load_zone_22,dump_zone_22,0.00025,0.00067
178.0,2026-07-02T12:07:28.052,1,597.609,-98.856,9.356,-0.25,1000.0,RETURNING_TO_START,load_zone_26,dump_zone_3,0.00025,0.00067
178.0,2026-07-02T12:07:28.052,2,-176.07,400.107,6.45,1.0,1000.0,RETURNING_TO_START,load_zone_22,dump_zone_23,0.000292,0.000783
178.0,2026-07-02T12:07:28.052,3,-128.008,424.183,22.25,-0.5,1000.0,RETURNING_TO_START,load_zone_22,dump_zone_22,0.00025,0.00067
179.0,2026-07-02T12:07:28.808,1,597.386,-96.425,8.756,0.25,1000.0,RETURNING_TO_START,load_zone_26,dump_zone_3,0.000271,0.000726
179.0,2026-07-02T12:07:28.808,2,-173.746,400.25,10.05,1.0,1000.0,RETURNING_TO_START,load_zone_22,dump_zone_23,0.000315,0.000844
179.0,2026-07-02T12:07:28.808,3,-123.913,428.444,20.45,-0.5,1000.0,RETURNING_TO_START,load_zone_22,dump_zone_22,0.00025,0.00067
180.0,2026-07-02T12:07:29.819,1,597.38,-93.653,11.456,1.0,1000.0,RETURNING_TO_START,load_zone_26,dump_zone_3,0.000324,0.000868
180.0,2026-07-02T12:07:29.819,2,-170.488,400.95,13.625,0.9167,1000.0,RETURNING_TO_START,load_zone_22,dump_zone_23,0.000332,0.00089
180.0,2026-07-02T12:07:29.819,3,-120.183,432.362,18.65,-0.5,1000.0,RETURNING_TO_START,load_zone_22,dump_zone_22,0.00025,0.00067
181.0,2026-07-02T12:07:30.947,1,597.448,-89.93,15.056,1.0,1000.0,RETURNING_TO_START,load_zone_26,dump_zone_3,0.000347,0.00093
181.0,2026-07-02T12:07:30.947,2,-166.465,401.132,14.975,-0.0833,1000.0,RETURNING_TO_START,load_zone_22,dump_zone_23,0.000259,0.000694
181.0,2026-07-02T12:07:30.947,3,-116.809,435.929,16.85,-0.5,1000.0,RETURNING_TO_START,load_zone_22,dump_zone_22,0.00025,0.00067
182.0,2026-07-02T12:07:32.132,1,597.495,-85.206,18.656,1.0,1000.0,RETURNING_TO_START,load_zone_26,dump_zone_3,0.00037,0.000992
182.0,2026-07-02T12:07:32.132,2,-162.833,399.584,13.425,-0.5,1000.0,RETURNING_TO_START,load_zone_22,dump_zone_23,0.00025,0.00067
182.0,2026-07-02T12:07:32.132,3,-113.785,439.138,15.05,-0.5,1000.0,RETURNING_TO_START,load_zone_22,dump_zone_22,0.00025,0.00067
183.0,2026-07-02T12:07:33.324,1,597.501,-79.502,22.006,0.75,1000.0,RETURNING_TO_START,load_zone_26,dump_zone_3,0.000362,0.00097
183.0,2026-07-02T12:07:33.324,2,-159.48,398.832,11.625,-0.5,1000.0,RETURNING_TO_START,load_zone_22,dump_zone_23,0.00025,0.00067
183.0,2026-07-02T12:07:33.324,3,-111.052,441.932,13.25,-0.5,1000.0,RETURNING_TO_START,load_zone_22,dump_zone_22,0.00025,0.00067
184.0,2026-07-02T12:07:35.335,1,597.5,-73.164,23.206,0.0833,1000.0,RETURNING_TO_START,load_zone_26,dump_zone_3,0.000285,0.000764
184.0,2026-07-02T12:07:35.335,2,-156.567,399.295,9.938,-0.312,1000.0,RETURNING_TO_START,load_zone_22,dump_zone_23,0.00025,0.00067
184.0,2026-07-02T12:07:35.335,3,-108.083,443.561,11.45,-0.5,1000.0,RETURNING_TO_START,load_zone_22,dump_zone_22,0.00025,0.00067
185.0,2026-07-02T12:07:37.418,1,597.5,-66.826,22.372,-0.2544,1000.0,RETURNING_TO_START,load_zone_26,dump_zone_3,0.00025,0.00067
185.0,2026-07-02T12:07:37.418,2,-154.081,400.369,9.504,-0.2377,1000.0,RETURNING_TO_START,load_zone_22,dump_zone_23,0.00025,0.00067
185.0,2026-07-02T12:07:37.418,3,-105.611,445.073,9.65,-0.5,1000.0,RETURNING_TO_START,load_zone_22,dump_zone_22,0.00025,0.00067
186.0,2026-07-02T12:07:39.257,1,597.5,-60.694,21.791,-0.0768,1000.0,RETURNING_TO_START,load_zone_26,dump_zone_3,0.000264,0.000708
186.0,2026-07-02T12:07:39.257,2,-151.764,401.794,10.598,0.7623,1000.0,RETURNING_TO_START,load_zone_22,dump_zone_23,0.000305,0.000817
186.0,2026-07-02T12:07:39.257,3,-103.857,446.724,7.85,-0.5,1000.0,RETURNING_TO_START,load_zone_22,dump_zone_22,0.00025,0.00067
187.0,2026-07-02T12:07:40.792,1,597.5,-54.54,22.594,0.2864,1000.0,RETURNING_TO_START,load_zone_26,dump_zone_3,0.000309,0.000828
187.0,2026-07-02T12:07:40.792,2,-149.059,403.862,13.784,0.9454,1000.0,RETURNING_TO_START,load_zone_22,dump_zone_23,0.000335,0.000898
187.0,2026-07-02T12:07:40.792,3,-102.526,448.125,6.25,-0.4167,1000.0,RETURNING_TO_START,load_zone_22,dump_zone_22,0.00025,0.00067
188.0,2026-07-02T12:07:41.985,1,597.5,-48.225,22.995,0.3367,1000.0,RETURNING_TO_START,load_zone_26,dump_zone_3,0.000316,0.000847
188.0,2026-07-02T12:07:41.985,2,-145.755,406.723,17.384,1.0,1000.0,RETURNING_TO_START,load_zone_22,dump_zone_23,0.000362,0.00097
188.0,2026-07-02T12:07:41.985,3,-101.757,449.396,4.567,-0.5,1000.0,RETURNING_TO_START,load_zone_22,dump_zone_22,0.00025,0.00067
189.0,2026-07-02T12:07:43.494,1,597.5,-41.756,23.228,0.0158,1000.0,RETURNING_TO_START,load_zone_26,dump_zone_3,0.000277,0.000742
189.0,2026-07-02T12:07:43.494,2,-141.824,410.381,20.959,0.9167,1000.0,RETURNING_TO_START,load_zone_22,dump_zone_23,0.000376,0.001008
189.0,2026-07-02T12:07:43.494,3,-101.48,450.352,2.767,-0.5,1000.0,RETURNING_TO_START,load_zone_22,dump_zone_22,0.00025,0.00067
190.0,2026-07-02T12:07:45.429,1,597.5,-35.378,22.859,0.1704,1000.0,RETURNING_TO_START,load_zone_26,dump_zone_3,0.000295,0.000791
190.0,2026-07-02T12:07:45.429,2,-137.384,414.688,23.265,0.5806,1000.0,RETURNING_TO_START,load_zone_22,dump_zone_23,0.000347,0.00093
190.0,2026-07-02T12:07:45.429,3,-101.43,450.847,0.967,-0.5,1000.0,RETURNING_TO_START,load_zone_22,dump_zone_22,0.00025,0.00067
191.0,2026-07-02T12:07:47.304,1,597.5,-28.951,23.273,0.1704,1000.0,RETURNING_TO_START,load_zone_26,dump_zone_3,0.000296,0.000793
191.0,2026-07-02T12:07:47.304,2,-132.724,419.355,23.856,-0.086,1000.0,RETURNING_TO_START,load_zone_22,dump_zone_23,0.000264,0.000708
191.0,2026-07-02T12:07:47.304,3,-101.428,450.913,0.051,0.1265,1000.0,RETURNING_TO_START,load_zone_22,dump_zone_22,0.00025,0.00067
192.0,2026-07-02T12:07:49.426,1,597.5,-22.446,23.443,-0.0788,1000.0,RETURNING_TO_START,load_zone_26,dump_zone_3,0.000265,0.00071
192.0,2026-07-02T12:07:49.426,2,-128.151,424.04,23.525,-0.0948,1000.0,RETURNING_TO_START,load_zone_22,dump_zone_23,0.000263,0.000705
192.0,2026-07-02T12:07:49.426,3,-101.432,451.195,2.156,0.6265,1000.0,RETURNING_TO_START,load_zone_22,dump_zone_22,0.00026,0.000697
193.0,2026-07-02T12:07:51.826,1,597.5,-16.038,22.609,-0.3288,1000.0,RETURNING_TO_START,load_zone_26,dump_zone_3,0.00025,0.00067
193.0,2026-07-02T12:07:51.826,2,-123.767,428.598,21.961,-0.5,1000.0,RETURNING_TO_START,load_zone_22,dump_zone_23,0.00025,0.00067
193.0,2026-07-02T12:07:51.826,3,-101.585,452.097,4.661,1.0,1000.0,RETURNING_TO_START,load_zone_22,dump_zone_22,0.00028,0.00075
194.0,2026-07-02T12:07:53.469,1,597.5,-9.972,21.537,0.0833,1000.0,RETURNING_TO_START,load_zone_26,dump_zone_3,0.000282,0.000756
194.0,2026-07-02T12:07:53.469,2,-119.749,432.821,20.161,-0.5,1000.0,RETURNING_TO_START,load_zone_22,dump_zone_23,0.00025,0.00067
194.0,2026-07-02T12:07:53.469,3,-102.493,453.674,8.261,1.0,1000.0,RETURNING_TO_START,load_zone_22,dump_zone_22,0.000303,0.000812
195.0,2026-07-02T12:07:55.335,1,597.5,-3.792,23.087,0.5833,1000.0,RETURNING_TO_START,load_zone_26,dump_zone_3,0.000347,0.00093
195.0,2026-07-02T12:07:55.335,2,-116.088,436.694,18.361,-0.5,1000.0,RETURNING_TO_START,load_zone_22,dump_zone_23,0.00025,0.00067
195.0,2026-07-02T12:07:55.335,3,-104.988,454.891,11.861,1.0,1000.0,RETURNING_TO_START,load_zone_22,dump_zone_22,0.000326,0.000874
196.0,2026-07-02T12:07:56.912,1,597.5,2.752,23.628,-0.1322,1000.0,RETURNING_TO_START,load_zone_26,dump_zone_3,0.000258,0.000691
196.0,2026-07-02T12:07:56.912,2,-112.776,440.209,16.561,-0.5,1000.0,RETURNING_TO_START,load_zone_22,dump_zone_23,0.00025,0.00067
196.0,2026-07-02T12:07:56.912,3,-108.399,453.486,15.461,1.0,1000.0,RETURNING_TO_START,load_zone_22,dump_zone_22,0.00035,0.000938
197.0,2026-07-02T12:07:57.908,1,597.5,9.199,23.08,0.0352,1000.0,RETURNING_TO_START,load_zone_26,dump_zone_3,0.000279,0.000748
197.0,2026-07-02T12:07:57.908,2,-109.808,443.361,14.761,-0.5,1000.0,RETURNING_TO_START,load_zone_22,dump_zone_23,0.00025,0.00067
197.0,2026-07-02T12:07:57.908,3,-111.701,449.973,19.061,1.0,1000.0,RETURNING_TO_START,load_zone_22,dump_zone_22,0.000373,0.001
198.0,2026-07-02T12:07:59.323,1,597.5,15.584,23.08,0.0967,1000.0,RETURNING_TO_START,load_zone_26,dump_zone_3,0.000286,0.000766
198.0,2026-07-02T12:07:59.323,2,-107.179,446.145,12.961,-0.5,1000.0,RETURNING_TO_START,load_zone_22,dump_zone_23,0.00025,0.00067
198.0,2026-07-02T12:07:59.323,3,-116.967,447.673,22.511,0.75,1000.0,RETURNING_TO_START,load_zone_22,dump_zone_22,0.000365,0.000978
199.0,2026-07-02T12:08:00.737,1,597.5,21.997,22.99,-0.1902,1000.0,RETURNING_TO_START,load_zone_26,dump_zone_3,0.000251,0.000673
199.0,2026-07-02T12:08:00.737,2,-104.883,448.557,11.161,-0.5,1000.0,RETURNING_TO_START,load_zone_22,dump_zone_23,0.00025,0.00067
199.0,2026-07-02T12:08:00.737,3,-123.406,447.456,23.261,-0.25,1000.0,RETURNING_TO_START,load_zone_22,dump_zone_22,0.00025,0.00067
200.0,2026-07-02T12:08:03.043,1,597.5,28.356,22.684,-0.2298,1000.0,RETURNING_TO_START,load_zone_26,dump_zone_3,0.00025,0.00067
200.0,2026-07-02T12:08:03.043,2,-102.929,450.603,9.361,-0.5,1000.0,RETURNING_TO_START,load_zone_22,dump_zone_23,0.00025,0.00067
200.0,2026-07-02T12:08:03.043,3,-129.617,447.498,21.536,-0.5,1000.0,RETURNING_TO_START,load_zone_22,dump_zone_22,0.00025,0.00067
201.0,2026-07-02T12:08:04.927,1,597.5,34.606,22.622,0.3279,1000.0,RETURNING_TO_START,load_zone_26,dump_zone_3,0.000314,0.000842
201.0,2026-07-02T12:08:04.927,2,-102.011,452.761,8.261,0.0833,1000.0,RETURNING_TO_START,load_zone_22,dump_zone_23,0.000262,0.000702
201.0,2026-07-02T12:08:04.927,3,-135.328,447.501,19.736,-0.5,1000.0,RETURNING_TO_START,load_zone_22,dump_zone_22,0.00025,0.00067
202.0,2026-07-02T12:08:06.892,1,597.5,41.183,24.576,0.5159,1000.0,RETURNING_TO_START,load_zone_26,dump_zone_3,0.000344,0.000922
202.0,2026-07-02T12:08:06.892,2,-101.991,455.309,10.486,1.0,1000.0,RETURNING_TO_START,load_zone_22,dump_zone_23,0.000318,0.000852
202.0,2026-07-02T12:08:06.892,3,-140.54,447.5,17.936,-0.5,1000.0,RETURNING_TO_START,load_zone_22,dump_zone_22,0.00025,0.00067
203.0,2026-07-02T12:08:08.393,1,597.5,48.078,24.483,-0.4841,1000.0,RETURNING_TO_START,load_zone_26,dump_zone_3,0.00025,0.00067
203.0,2026-07-02T12:08:08.393,2,-102.218,458.756,14.086,1.0,1000.0,RETURNING_TO_START,load_zone_22,dump_zone_23,0.000341,0.000914
203.0,2026-07-02T12:08:08.393,3,-145.251,447.5,16.136,-0.5,1000.0,RETURNING_TO_START,load_zone_22,dump_zone_22,0.00025,0.00067
204.0,2026-07-02T12:08:09.437,1,597.5,54.623,22.808,-0.4167,1000.0,RETURNING_TO_START,load_zone_26,dump_zone_3,0.00025,0.00067
204.0,2026-07-02T12:08:09.437,2,-102.463,463.203,17.686,1.0,1000.0,RETURNING_TO_START,load_zone_22,dump_zone_23,0.000364,0.000976
204.0,2026-07-02T12:08:09.437,3,-149.463,447.5,14.336,-0.5,1000.0,RETURNING_TO_START,load_zone_22,dump_zone_22,0.00025,0.00067
205.0,2026-07-02T12:08:10.841,1,597.5,60.937,23.099,0.2676,1000.0,RETURNING_TO_START,load_zone_26,dump_zone_3,0.000308,0.000825
205.0,2026-07-02T12:08:10.841,2,-102.504,468.657,21.286,1.0,1000.0,RETURNING_TO_START,load_zone_22,dump_zone_23,0.000387,0.001037
205.0,2026-07-02T12:08:10.841,3,-153.174,447.5,12.536,-0.5,1000.0,RETURNING_TO_START,load_zone_22,dump_zone_22,0.00025,0.00067
206.0,2026-07-02T12:08:12.576,1,597.5,67.371,23.239,0.2174,1000.0,RETURNING_TO_START,load_zone_26,dump_zone_3,0.000302,0.000809
206.0,2026-07-02T12:08:12.576,2,-102.5,475.016,23.761,0.25,1000.0,RETURNING_TO_START,load_zone_22,dump_zone_23,0.000307,0.000823
206.0,2026-07-02T12:08:12.576,3,-156.385,447.469,10.736,-0.5,1000.0,RETURNING_TO_START,load_zone_22,dump_zone_22,0.00025,0.00067
207.0,2026-07-02T12:08:14.922,1,597.5,74.023,24.315,-0.032,1000.0,RETURNING_TO_START,load_zone_26,dump_zone_3,0.000272,0.000729
207.0,2026-07-02T12:08:14.922,2,-102.5,481.551,22.961,-0.4167,1000.0,RETURNING_TO_START,load_zone_22,dump_zone_23,0.00025,0.00067
207.0,2026-07-02T12:08:14.922,3,-159.029,446.909,8.936,-0.5,1000.0,RETURNING_TO_START,load_zone_22,dump_zone_22,0.00025,0.00067
208.0,2026-07-02T12:08:16.926,1,597.5,80.701,23.6,-0.1987,1000.0,RETURNING_TO_START,load_zone_26,dump_zone_3,0.00025,0.00067
208.0,2026-07-02T12:08:16.926,2,-102.5,487.658,21.161,-0.5,1000.0,RETURNING_TO_START,load_zone_22,dump_zone_23,0.00025,0.00067
208.0,2026-07-02T12:08:16.926,3,-161.101,446.136,7.136,-0.5,1000.0,RETURNING_TO_START,load_zone_22,dump_zone_22,0.00025,0.00067
209.0,2026-07-02T12:08:18.730,1,597.5,87.132,22.576,-0.25,1000.0,RETURNING_TO_START,load_zone_26,dump_zone_3,0.00025,0.00067
209.0,2026-07-02T12:08:18.730,2,-102.5,493.266,19.361,-0.5,1000.0,RETURNING_TO_START,load_zone_22,dump_zone_23,0.00025,0.00067
209.0,2026-07-02T12:08:18.730,3,-162.767,445.731,5.486,-0.25,1000.0,RETURNING_TO_START,load_zone_22,dump_zone_22,0.00025,0.00067
210.0,2026-07-02T12:08:20.765,1,597.5,93.412,22.88,0.3768,1000.0,RETURNING_TO_START,load_zone_26,dump_zone_3,0.000321,0.00086
210.0,2026-07-02T12:08:20.765,2,-102.5,498.373,17.561,-0.5,1000.0,RETURNING_TO_START,load_zone_22,dump_zone_23,0.00025,0.00067
210.0,2026-07-02T12:08:20.765,3,-164.194,445.572,4.663,-0.4761,1000.0,RETURNING_TO_START,load_zone_22,dump_zone_22,0.00025,0.00067
211.0,2026-07-02T12:08:23.881,1,597.5,99.894,23.542,0.2249,1000.0,RETURNING_TO_START,load_zone_26,dump_zone_3,0.000303,0.000812
211.0,2026-07-02T12:08:23.881,2,-102.5,502.98,15.761,-0.5,1000.0,RETURNING_TO_START,load_zone_22,dump_zone_23,0.00025,0.00067
211.0,2026-07-02T12:08:23.881,3,-165.337,445.516,3.909,-0.0244,1000.0,RETURNING_TO_START,load_zone_22,dump_zone_22,0.000254,0.000681
212.0,2026-07-02T12:08:26.577,1,597.5,106.652,24.924,0.1585,1000.0,RETURNING_TO_START,load_zone_26,dump_zone_3,0.000298,0.000799
212.0,2026-07-02T12:08:26.577,2,-102.5,507.087,13.961,-0.5,1000.0,RETURNING_TO_START,load_zone_22,dump_zone_23,0.00025,0.00067
212.0,2026-07-02T12:08:26.577,3,-166.468,445.495,4.245,-0.0444,1000.0,RETURNING_TO_START,load_zone_22,dump_zone_22,0.000253,0.000678
213.0,2026-07-02T12:08:29.505,1,597.5,113.464,23.832,-0.4167,1000.0,RETURNING_TO_START,load_zone_26,dump_zone_3,0.00025,0.00067
213.0,2026-07-02T12:08:29.505,2,-102.5,510.695,12.161,-0.5,1000.0,RETURNING_TO_START,load_zone_22,dump_zone_23,0.00025,0.00067
213.0,2026-07-02T12:08:29.505,3,-167.582,445.495,4.062,0.2236,1000.0,RETURNING_TO_START,load_zone_22,dump_zone_22,0.000259,0.000694
214.0,2026-07-02T12:08:32.380,1,597.5,120.067,24.232,0.4167,1000.0,RETURNING_TO_START,load_zone_26,dump_zone_3,0.00033,0.000884
214.0,2026-07-02T12:08:32.380,2,-102.5,513.802,10.361,-0.5,1000.0,RETURNING_TO_START,load_zone_22,dump_zone_23,0.00025,0.00067
214.0,2026-07-02T12:08:32.380,3,-168.844,445.613,4.567,-0.2764,1000.0,RETURNING_TO_START,load_zone_22,dump_zone_22,0.00025,0.00067
215.0,2026-07-02T12:08:35.119,1,597.5,126.814,23.807,-0.5,1000.0,RETURNING_TO_START,load_zone_26,dump_zone_3,0.00025,0.00067
215.0,2026-07-02T12:08:35.119,2,-102.5,516.409,8.561,-0.5,1000.0,RETURNING_TO_START,load_zone_22,dump_zone_23,0.00025,0.00067
215.0,2026-07-02T12:08:35.119,3,-169.831,445.911,2.928,-0.5,1000.0,UNLOADING,load_zone_22,dump_zone_22,0.00025,0.00067
216.0,2026-07-02T12:08:37.327,1,597.5,133.205,22.707,0.0833,1000.0,RETURNING_TO_START,load_zone_26,dump_zone_3,0.000284,0.000761
216.0,2026-07-02T12:08:37.327,2,-102.5,518.516,6.761,-0.5,1000.0,RETURNING_TO_START,load_zone_22,dump_zone_23,0.00025,0.00067
216.0,2026-07-02T12:08:37.327,3,-170.316,446.152,1.128,-0.5,1000.0,UNLOADING,load_zone_22,dump_zone_22,0.00025,0.00067
217.0,2026-07-02T12:08:39.360,1,597.5,139.726,24.195,0.2436,1000.0,RETURNING_TO_START,load_zone_26,dump_zone_3,0.000307,0.000823
217.0,2026-07-02T12:08:39.360,2,-102.403,520.116,4.961,-0.5,1000.0,RETURNING_TO_START,load_zone_22,dump_zone_23,0.00025,0.00067
217.0,2026-07-02T12:08:39.360,3,-170.391,446.197,0.0,-0.0,1000.0,UNLOADING,load_zone_22,dump_zone_22,0.00025,0.00067
218.0,2026-07-02T12:08:40.583,1,597.5,146.38,23.38,-0.4167,1000.0,RETURNING_TO_START,load_zone_26,dump_zone_3,0.00025,0.00067
218.0,2026-07-02T12:08:40.583,2,-102.018,521.151,3.161,-0.5,1000.0,UNLOADING,load_zone_22,dump_zone_23,0.00025,0.00067
218.0,2026-07-02T12:08:40.583,3,-170.851,446.535,7.2,0.0,0.0,TURNING_AROUND,dump_zone_22,load_zone_22,0.000255,0.000683
219.0,2026-07-02T12:08:41.785,1,597.5,152.738,22.73,-0.0833,1000.0,RETURNING_TO_START,load_zone_26,dump_zone_3,0.000264,0.000708
219.0,2026-07-02T12:08:41.785,2,-101.694,521.664,1.361,-0.5,1000.0,UNLOADING,load_zone_22,dump_zone_23,0.00025,0.00067
219.0,2026-07-02T12:08:41.785,3,-171.989,448.155,7.2,0.0,0.0,TURNING_AROUND,dump_zone_22,load_zone_22,0.000255,0.000683
220.0,2026-07-02T12:08:42.666,1,597.5,158.845,21.18,-0.5,1000.0,RETURNING_TO_START,load_zone_26,dump_zone_3,0.00025,0.00067
220.0,2026-07-02T12:08:42.666,2,-101.616,521.765,0.0,-0.5,1000.0,UNLOADING,load_zone_22,dump_zone_23,0.00025,0.00067
220.0,2026-07-02T12:08:42.666,3,-172.097,447.801,5.4,0.0,0.0,TURNING_AROUND,dump_zone_22,load_zone_22,0.000253,0.000678
221.0,2026-07-02T12:08:43.581,1,597.5,164.458,19.38,-0.5,1000.0,RETURNING_TO_START,load_zone_26,dump_zone_3,0.00025,0.00067
221.0,2026-07-02T12:08:43.581,2,-101.508,521.892,7.2,0.0,0.0,TURNING_AROUND,dump_zone_23,load_zone_22,0.000255,0.000683
221.0,2026-07-02T12:08:43.581,3,-171.702,448.553,7.2,0.0,0.0,TURNING_AROUND,dump_zone_22,load_zone_22,0.000255,0.000683
222.0,2026-07-02T12:08:44.304,1,597.5,169.57,17.58,-0.5,1000.0,RETURNING_TO_START,load_zone_26,dump_zone_3,0.00025,0.00067
222.0,2026-07-02T12:08:44.304,2,-99.866,522.997,7.2,0.0,0.0,TURNING_AROUND,dump_zone_23,load_zone_22,0.000255,0.000683
222.0,2026-07-02T12:08:44.304,3,-170.578,449.823,5.4,0.0,0.0,TURNING_AROUND,dump_zone_22,load_zone_22,0.000253,0.000678
223.0,2026-07-02T12:08:45.007,1,597.5,174.183,15.78,-0.5,1000.0,RETURNING_TO_START,load_zone_26,dump_zone_3,0.00025,0.00067
223.0,2026-07-02T12:08:45.007,2,-99.641,523.209,5.4,0.0,0.0,TURNING_AROUND,dump_zone_23,load_zone_22,0.000253,0.000678
223.0,2026-07-02T12:08:45.007,3,-171.837,449.288,0.0,0.0,0.0,GOING_TO_ENDPOINT,dump_zone_22,load_zone_22,0.00025,0.00067
224.0,2026-07-02T12:08:46.556,1,597.5,178.295,13.98,-0.5,1000.0,RETURNING_TO_START,load_zone_26,dump_zone_3,0.00025,0.00067
224.0,2026-07-02T12:08:46.556,2,-99.461,522.95,7.2,0.0,0.0,TURNING_AROUND,dump_zone_23,load_zone_22,0.000255,0.000683
224.0,2026-07-02T12:08:46.556,3,-171.582,449.289,2.225,1.0,0.0,GOING_TO_ENDPOINT,dump_zone_22,load_zone_22,0.000259,0.000694
225.0,2026-07-02T12:08:47.586,1,597.5,181.907,12.18,-0.5,1000.0,RETURNING_TO_START,load_zone_26,dump_zone_3,0.00025,0.00067
225.0,2026-07-02T12:08:47.586,2,-98.058,521.554,7.2,0.0,0.0,TURNING_AROUND,dump_zone_23,load_zone_22,0.000255,0.000683
225.0,2026-07-02T12:08:47.586,3,-170.43,449.407,5.825,1.0,0.0,GOING_TO_ENDPOINT,dump_zone_22,load_zone_22,0.000273,0.000732
226.0,2026-07-02T12:08:48.492,1,597.5,185.02,10.38,-0.5,1000.0,RETURNING_TO_START,load_zone_26,dump_zone_3,0.00025,0.00067
226.0,2026-07-02T12:08:48.492,2,-98.372,522.458,0.0,-0.4167,0.0,GOING_TO_ENDPOINT,dump_zone_23,load_zone_22,0.00025,0.00067
226.0,2026-07-02T12:08:48.492,3,-168.355,450.001,9.425,1.0,0.0,GOING_TO_ENDPOINT,dump_zone_22,load_zone_22,0.000286,0.000766
227.0,2026-07-02T12:08:50.309,1,597.268,187.613,8.58,-0.5,1000.0,RETURNING_TO_START,load_zone_26,dump_zone_3,0.00025,0.00067
227.0,2026-07-02T12:08:50.309,2,-98.372,522.41,0.7,0.5833,0.0,GOING_TO_ENDPOINT,dump_zone_23,load_zone_22,0.000252,0.000675
227.0,2026-07-02T12:08:50.309,3,-165.319,450.873,13.025,1.0,0.0,GOING_TO_ENDPOINT,dump_zone_22,load_zone_22,0.0003,0.000804
228.0,2026-07-02T12:08:52.550,1,596.631,189.636,6.916,-0.4167,1000.0,RETURNING_TO_START,load_zone_26,dump_zone_3,0.00025,0.00067
228.0,2026-07-02T12:08:52.550,2,-98.367,521.737,4.05,1.0,0.0,GOING_TO_ENDPOINT,dump_zone_23,load_zone_22,0.000266,0.000713
228.0,2026-07-02T12:08:52.550,3,-161.247,451.718,16.625,1.0,0.0,GOING_TO_ENDPOINT,dump_zone_22,load_zone_22,0.000314,0.000842
229.0,2026-07-02T12:08:53.771,1,596.043,191.201,5.225,-0.4167,1000.0,RETURNING_TO_START,load_zone_26,dump_zone_3,0.00025,0.00067
229.0,2026-07-02T12:08:53.771,2,-98.279,520.073,7.65,1.0,0.0,GOING_TO_ENDPOINT,dump_zone_23,load_zone_22,0.00028,0.00075
229.0,2026-07-02T12:08:53.771,3,-156.13,452.366,20.225,1.0,0.0,GOING_TO_ENDPOINT,dump_zone_22,load_zone_22,0.000328,0.000879
230.0,2026-07-02T12:08:54.872,1,595.733,192.567,5.051,-0.0822,1000.0,RETURNING_TO_START,load_zone_26,dump_zone_3,0.000253,0.000678
230.0,2026-07-02T12:08:54.872,2,-98.024,517.419,11.25,1.0,0.0,GOING_TO_ENDPOINT,dump_zone_23,load_zone_22,0.000294,0.000788
230.0,2026-07-02T12:08:54.872,3,-149.974,452.525,23.825,1.0,0.0,GOING_TO_ENDPOINT,dump_zone_22,load_zone_22,0.000342,0.000917
231.0,2026-07-02T12:08:55.906,1,595.571,194.025,5.805,0.2511,1000.0,RETURNING_TO_START,load_zone_26,dump_zone_3,0.000264,0.000708
231.0,2026-07-02T12:08:55.906,2,-97.766,513.761,14.85,1.0,0.0,GOING_TO_ENDPOINT,dump_zone_23,load_zone_22,0.000307,0.000823
231.0,2026-07-02T12:08:55.906,3,-142.98,452.502,25.775,0.0833,0.0,GOING_TO_ENDPOINT,dump_zone_22,load_zone_22,0.000273,0.000732
232.0,2026-07-02T12:08:56.884,1,595.624,195.63,5.684,-0.0822,1000.0,RETURNING_TO_START,load_zone_26,dump_zone_3,0.000253,0.000678
232.0,2026-07-02T12:08:56.884,2,-97.556,509.1,18.45,1.0,0.0,GOING_TO_ENDPOINT,dump_zone_23,load_zone_22,0.000321,0.00086
232.0,2026-07-02T12:08:56.884,3,-135.965,452.5,24.5,-0.5,0.0,GOING_TO_ENDPOINT,dump_zone_22,load_zone_22,0.00025,0.00067
233.0,2026-07-02T12:08:58.403,1,596.052,197.074,5.438,0.2511,1000.0,RETURNING_TO_START,load_zone_26,dump_zone_3,0.000263,0.000705
233.0,2026-07-02T12:08:58.403,2,-97.487,503.434,22.05,1.0,0.0,GOING_TO_ENDPOINT,dump_zone_23,load_zone_22,0.000335,0.000898
233.0,2026-07-02T12:08:58.403,3,-129.43,452.5,22.7,-0.5,0.0,GOING_TO_ENDPOINT,dump_zone_22,load_zone_22,0.00025,0.00067
234.0,2026-07-02T12:09:00.850,1,596.805,198.604,6.942,0.4178,1000.0,RETURNING_TO_START,load_zone_26,dump_zone_3,0.000273,0.000732
234.0,2026-07-02T12:09:00.850,2,-97.499,496.767,25.65,1.0,0.0,GOING_TO_ENDPOINT,dump_zone_23,load_zone_22,0.000349,0.000935
234.0,2026-07-02T12:09:00.850,3,-123.396,452.5,20.9,-0.5,0.0,GOING_TO_ENDPOINT,dump_zone_22,load_zone_22,0.00025,0.00067
235.0,2026-07-02T12:09:02.825,1,597.935,200.308,7.647,0.2511,1000.0,RETURNING_TO_START,load_zone_26,dump_zone_3,0.000268,0.000718
235.0,2026-07-02T12:09:02.825,2,-97.5,489.255,27.85,0.4167,0.0,GOING_TO_ENDPOINT,dump_zone_23,load_zone_22,0.000305,0.000817
235.0,2026-07-02T12:09:02.825,3,-117.861,452.5,19.1,-0.5,0.0,GOING_TO_ENDPOINT,dump_zone_22,load_zone_22,0.00025,0.00067
236.0,2026-07-02T12:09:04.495,1,600.047,201.488,10.199,0.75,1000.0,RETURNING_TO_START,load_zone_26,dump_zone_3,0.000302,0.000809
236.0,2026-07-02T12:09:04.495,2,-97.5,481.504,27.425,-0.5,0.0,GOING_TO_ENDPOINT,dump_zone_23,load_zone_22,0.00025,0.00067
236.0,2026-07-02T12:09:04.495,3,-112.83,452.604,17.3,-0.5,0.0,GOING_TO_ENDPOINT,dump_zone_22,load_zone_22,0.00025,0.00067
237.0,2026-07-02T12:09:06.021,1,602.961,200.961,10.949,-0.25,1000.0,RETURNING_TO_START,load_zone_26,dump_zone_3,0.00025,0.00067
237.0,2026-07-02T12:09:06.021,2,-97.5,474.156,25.625,-0.5,0.0,GOING_TO_ENDPOINT,dump_zone_23,load_zone_22,0.00025,0.00067
237.0,2026-07-02T12:09:06.021,3,-108.756,454.52,15.5,-0.5,0.0,GOING_TO_ENDPOINT,dump_zone_22,load_zone_22,0.00025,0.00067
238.0,2026-07-02T12:09:07.973,1,605.481,199.767,9.229,-0.5,1000.0,RETURNING_TO_START,load_zone_26,dump_zone_3,0.00025,0.00067
238.0,2026-07-02T12:09:07.973,2,-97.5,467.309,23.825,-0.5,0.0,GOING_TO_ENDPOINT,dump_zone_23,load_zone_22,0.00025,0.00067
238.0,2026-07-02T12:09:07.973,3,-104.795,454.655,13.7,-0.5,0.0,GOING_TO_ENDPOINT,dump_zone_22,load_zone_22,0.00025,0.00067
239.0,2026-07-02T12:09:10.558,1,607.855,199.143,9.079,0.4167,1000.0,RETURNING_TO_START,load_zone_26,dump_zone_3,0.00028,0.00075
239.0,2026-07-02T12:09:10.558,2,-97.975,461.165,22.4,-0.0833,0.0,GOING_TO_ENDPOINT,dump_zone_23,load_zone_22,0.000258,0.000691
239.0,2026-07-02T12:09:10.558,3,-101.31,454.701,11.9,-0.5,0.0,GOING_TO_ENDPOINT,dump_zone_22,load_zone_22,0.00025,0.00067
240.0,2026-07-02T12:09:13.192,1,610.709,198.835,11.429,0.75,1000.0,RETURNING_TO_START,load_zone_26,dump_zone_3,0.000308,0.000825
240.0,2026-07-02T12:09:13.192,2,-102.064,456.959,21.125,-0.5,0.0,GOING_TO_ENDPOINT,dump_zone_23,load_zone_22,0.00025,0.00067
240.0,2026-07-02T12:09:13.192,3,-98.419,455.615,10.1,-0.5,0.0,GOING_TO_ENDPOINT,dump_zone_22,load_zone_22,0.00025,0.00067
241.0,2026-07-02T12:09:15.516,1,614.399,198.818,14.854,0.9167,1000.0,RETURNING_TO_START,load_zone_26,dump_zone_3,0.000339,0.000909
241.0,2026-07-02T12:09:15.516,2,-103.251,451.939,19.35,-0.4167,0.0,GOING_TO_ENDPOINT,dump_zone_23,load_zone_22,0.00025,0.00067
241.0,2026-07-02T12:09:15.516,3,-95.948,455.238,8.45,-0.25,0.0,GOING_TO_ENDPOINT,dump_zone_22,load_zone_22,0.00025,0.00067
242.0,2026-07-02T12:09:18.537,1,619.026,199.109,18.034,0.5833,1000.0,RETURNING_TO_START,load_zone_26,dump_zone_3,0.000326,0.000874
242.0,2026-07-02T12:09:18.537,2,-98.745,449.843,19.8,0.5833,0.0,GOING_TO_ENDPOINT,dump_zone_23,load_zone_22,0.0003,0.000804
242.0,2026-07-02T12:09:18.537,3,-94.237,453.576,9.5,0.75,0.0,GOING_TO_ENDPOINT,dump_zone_22,load_zone_22,0.000279,0.000748
243.0,2026-07-02T12:09:21.407,1,624.111,199.657,18.184,-0.4167,1000.0,RETURNING_TO_START,load_zone_26,dump_zone_3,0.00025,0.00067
243.0,2026-07-02T12:09:21.407,2,-95.668,454.097,20.55,-0.25,0.0,GOING_TO_ENDPOINT,dump_zone_23,load_zone_22,0.00025,0.00067
243.0,2026-07-02T12:09:21.407,3,-93.932,450.559,12.325,0.4167,0.0,GOING_TO_ENDPOINT,dump_zone_22,load_zone_22,0.000274,0.000734
244.0,2026-07-02T12:09:23.653,1,628.853,200.299,16.4,-0.5,1000.0,RETURNING_TO_START,load_zone_26,dump_zone_3,0.00025,0.00067
244.0,2026-07-02T12:09:23.653,2,-97.766,458.739,18.825,-0.5,0.0,GOING_TO_ENDPOINT,dump_zone_23,load_zone_22,0.00025,0.00067
244.0,2026-07-02T12:09:23.653,3,-96.352,447.964,13.775,0.0833,0.0,GOING_TO_ENDPOINT,dump_zone_22,load_zone_22,0.000262,0.000702
245.0,2026-07-02T12:09:25.511,1,633.095,200.9,14.625,-0.4167,1000.0,RETURNING_TO_START,load_zone_26,dump_zone_3,0.00025,0.00067
245.0,2026-07-02T12:09:25.511,2,-102.374,458.108,17.025,-0.5,0.0,GOING_TO_ENDPOINT,dump_zone_23,load_zone_22,0.00025,0.00067
245.0,2026-07-02T12:09:25.511,3,-99.759,446.579,12.525,-0.4167,0.0,GOING_TO_ENDPOINT,dump_zone_22,load_zone_22,0.00025,0.00067
246.0,2026-07-02T12:09:27.840,1,636.872,201.415,12.9,-0.5,1000.0,RETURNING_TO_START,load_zone_26,dump_zone_3,0.00025,0.00067
246.0,2026-07-02T12:09:27.840,2,-103.473,454.018,15.225,-0.5,0.0,GOING_TO_ENDPOINT,dump_zone_23,load_zone_22,0.00025,0.00067
246.0,2026-07-02T12:09:27.840,3,-102.363,444.308,12.975,0.5833,0.0,GOING_TO_ENDPOINT,dump_zone_22,load_zone_22,0.000283,0.000758
247.0,2026-07-02T12:09:29.634,1,640.16,201.821,11.1,-0.5,1000.0,RETURNING_TO_START,load_zone_26,dump_zone_3,0.00025,0.00067
247.0,2026-07-02T12:09:29.634,2,-100.734,451.216,14.5,0.0833,0.0,GOING_TO_ENDPOINT,dump_zone_23,load_zone_22,0.000263,0.000705
247.0,2026-07-02T12:09:29.634,3,-105.1,441.279,16.325,1.0,0.0,GOING_TO_ENDPOINT,dump_zone_22,load_zone_22,0.000313,0.000839
248.0,2026-07-02T12:09:31.668,1,642.979,202.115,9.459,-0.5,1000.0,RETURNING_TO_START,load_zone_26,dump_zone_3,0.00025,0.00067
248.0,2026-07-02T12:09:31.668,2,-98.093,448.558,13.225,-0.5,0.0,GOING_TO_ENDPOINT,dump_zone_23,load_zone_22,0.00025,0.00067
248.0,2026-07-02T12:09:31.668,3,-108.49,437.501,19.925,1.0,0.0,GOING_TO_ENDPOINT,dump_zone_22,load_zone_22,0.000327,0.000876
249.0,2026-07-02T12:09:33.520,1,645.337,202.308,7.759,-0.5,1000.0,RETURNING_TO_START,load_zone_26,dump_zone_3,0.00025,0.00067
249.0,2026-07-02T12:09:33.520,2,-98.485,445.259,11.8,-0.0833,0.0,GOING_TO_ENDPOINT,dump_zone_23,load_zone_22,0.000254,0.000681
249.0,2026-07-02T12:09:33.520,3,-112.634,433.057,23.525,1.0,0.0,GOING_TO_ENDPOINT,dump_zone_22,load_zone_22,0.000341,0.000914
250.0,2026-07-02T12:09:35.859,1,647.267,202.416,6.451,-0.1564,1000.0,RETURNING_TO_START,load_zone_26,dump_zone_3,0.000251,0.000673
250.0,2026-07-02T12:09:35.859,2,-101.076,443.041,13.45,0.9167,0.0,GOING_TO_ENDPOINT,dump_zone_23,load_zone_22,0.000298,0.000799
250.0,2026-07-02T12:09:35.859,3,-117.501,427.926,27.022,0.8279,0.0,GOING_TO_ENDPOINT,dump_zone_22,load_zone_22,0.000339,0.000909
251.0,2026-07-02T12:09:37.650,1,648.947,202.338,5.938,0.177,1000.0,RETURNING_TO_START,load_zone_26,dump_zone_3,0.000262,0.000702
251.0,2026-07-02T12:09:37.650,2,-104.535,440.525,17.05,1.0,0.0,GOING_TO_ENDPOINT,dump_zone_23,load_zone_22,0.000316,0.000847
251.0,2026-07-02T12:09:37.650,3,-122.851,422.327,28.052,-0.1721,0.0,GOING_TO_ENDPOINT,dump_zone_22,load_zone_22,0.000252,0.000675
252.0,2026-07-02T12:09:39.057,1,650.682,201.719,7.448,0.6762,1000.0,RETURNING_TO_START,load_zone_26,dump_zone_3,0.000285,0.000764
252.0,2026-07-02T12:09:39.057,2,-108.579,437.137,20.65,1.0,0.0,GOING_TO_ENDPOINT,dump_zone_23,load_zone_22,0.00033,0.000884
252.0,2026-07-02T12:09:39.057,3,-128.118,416.904,26.398,-0.5,0.0,GOING_TO_ENDPOINT,dump_zone_22,load_zone_22,0.00025,0.00067
253.0,2026-07-02T12:09:40.224,1,652.258,199.888,9.583,0.1762,1000.0,RETURNING_TO_START,load_zone_26,dump_zone_3,0.000269,0.000721
253.0,2026-07-02T12:09:40.224,2,-113.016,432.697,24.25,1.0,0.0,GOING_TO_ENDPOINT,dump_zone_23,load_zone_22,0.000344,0.000922
253.0,2026-07-02T12:09:40.224,3,-133.094,411.894,24.598,-0.5,0.0,GOING_TO_ENDPOINT,dump_zone_22,load_zone_22,0.00025,0.00067
254.0,2026-07-02T12:09:41.971,1,652.615,197.368,8.656,-0.25,1000.0,RETURNING_TO_START,load_zone_26,dump_zone_3,0.00025,0.00067
254.0,2026-07-02T12:09:41.971,2,-117.978,427.426,27.376,0.5833,0.0,GOING_TO_ENDPOINT,dump_zone_23,load_zone_22,0.000319,0.000855
254.0,2026-07-02T12:09:41.971,3,-137.792,407.313,22.798,-0.5,0.0,GOING_TO_ENDPOINT,dump_zone_22,load_zone_22,0.00025,0.00067
255.0,2026-07-02T12:09:43.391,1,652.594,194.889,9.706,0.75,1000.0,RETURNING_TO_START,load_zone_26,dump_zone_3,0.000299,0.000801
255.0,2026-07-02T12:09:43.391,2,-123.307,421.855,27.526,-0.4167,0.0,GOING_TO_ENDPOINT,dump_zone_23,load_zone_22,0.00025,0.00067
255.0,2026-07-02T12:09:43.391,3,-142.235,403.189,20.998,-0.5,0.0,GOING_TO_ENDPOINT,dump_zone_22,load_zone_22,0.00025,0.00067
256.0,2026-07-02T12:09:45.028,1,652.532,191.721,12.531,0.4167,1000.0,RETURNING_TO_START,load_zone_26,dump_zone_3,0.000291,0.00078
256.0,2026-07-02T12:09:45.028,2,-128.449,416.568,25.726,-0.5,0.0,GOING_TO_ENDPOINT,dump_zone_23,load_zone_22,0.00025,0.00067
256.0,2026-07-02T12:09:45.028,3,-146.467,399.581,19.198,-0.5,0.0,GOING_TO_ENDPOINT,dump_zone_22,load_zone_22,0.00025,0.00067
257.0,2026-07-02T12:09:46.657,1,652.501,188.224,12.106,-0.5,1000.0,RETURNING_TO_START,load_zone_26,dump_zone_3,0.00025,0.00067
257.0,2026-07-02T12:09:46.657,2,-133.298,411.694,23.926,-0.5,0.0,GOING_TO_ENDPOINT,dump_zone_23,load_zone_22,0.00025,0.00067
257.0,2026-07-02T12:09:46.657,3,-150.605,396.673,17.398,-0.5,0.0,GOING_TO_ENDPOINT,dump_zone_22,load_zone_22,0.00025,0.00067
258.0,2026-07-02T12:09:47.988,1,652.498,185.133,10.306,-0.5,1000.0,RETURNING_TO_START,load_zone_26,dump_zone_3,0.00025,0.00067
258.0,2026-07-02T12:09:47.988,2,-137.866,407.247,22.126,-0.5,0.0,GOING_TO_ENDPOINT,dump_zone_23,load_zone_22,0.00025,0.00067
258.0,2026-07-02T12:09:47.988,3,-154.729,394.741,15.598,-0.5,0.0,GOING_TO_ENDPOINT,dump_zone_22,load_zone_22,0.00025,0.00067
259.0,2026-07-02T12:09:49.948,1,652.499,182.541,8.506,-0.5,1000.0,RETURNING_TO_START,load_zone_26,dump_zone_3,0.00025,0.00067
259.0,2026-07-02T12:09:49.948,2,-142.169,403.246,20.326,-0.5,0.0,GOING_TO_ENDPOINT,dump_zone_23,load_zone_22,0.00025,0.00067
259.0,2026-07-02T12:09:49.948,3,-158.63,393.613,13.798,-0.5,0.0,GOING_TO_ENDPOINT,dump_zone_22,load_zone_22,0.00025,0.00067
260.0,2026-07-02T12:09:51.523,1,652.491,180.449,6.706,-0.5,1000.0,RETURNING_TO_START,load_zone_26,dump_zone_3,0.00025,0.00067
260.0,2026-07-02T12:09:51.523,2,-146.252,399.751,18.526,-0.5,0.0,GOING_TO_ENDPOINT,dump_zone_23,load_zone_22,0.00025,0.00067
260.0,2026-07-02T12:09:51.523,3,-162.077,392.718,11.998,-0.5,0.0,GOING_TO_ENDPOINT,dump_zone_22,load_zone_22,0.00025,0.00067
261.0,2026-07-02T12:09:53.411,1,652.697,178.88,4.906,-0.5,1000.0,RETURNING_TO_START,load_zone_26,dump_zone_3,0.00025,0.00067
261.0,2026-07-02T12:09:53.411,2,-150.211,396.911,16.726,-0.5,0.0,GOING_TO_ENDPOINT,dump_zone_23,load_zone_22,0.00025,0.00067
261.0,2026-07-02T12:09:53.411,3,-165.096,392.817,10.198,-0.5,0.0,GOING_TO_ENDPOINT,dump_zone_22,load_zone_22,0.00025,0.00067
262.0,2026-07-02T12:09:54.890,1,653.176,177.902,3.106,-0.5,1000.0,UNLOADING,load_zone_26,dump_zone_3,0.00025,0.00067
262.0,2026-07-02T12:09:54.890,2,-154.121,394.961,14.926,-0.5,0.0,GOING_TO_ENDPOINT,dump_zone_23,load_zone_22,0.00025,0.00067
262.0,2026-07-02T12:09:54.890,3,-167.445,393.831,8.398,-0.5,0.0,GOING_TO_ENDPOINT,dump_zone_22,load_zone_22,0.00025,0.00067
263.0,2026-07-02T12:09:56.939,1,653.538,177.434,1.306,-0.5,1000.0,UNLOADING,load_zone_26,dump_zone_3,0.00025,0.00067
263.0,2026-07-02T12:09:56.939,2,-157.834,393.858,13.126,-0.5,0.0,GOING_TO_ENDPOINT,dump_zone_23,load_zone_22,0.00025,0.00067
263.0,2026-07-02T12:09:56.939,3,-169.252,394.823,6.598,-0.5,0.0,GOING_TO_ENDPOINT,dump_zone_22,load_zone_22,0.00025,0.00067
264.0,2026-07-02T12:09:59.217,1,653.616,177.347,0.0,-0.5,1000.0,UNLOADING,load_zone_26,dump_zone_3,0.00025,0.00067
264.0,2026-07-02T12:09:59.217,2,-161.14,393.2,11.326,-0.5,0.0,GOING_TO_ENDPOINT,dump_zone_23,load_zone_22,0.00025,0.00067
264.0,2026-07-02T12:09:59.217,3,-170.622,395.585,4.948,-0.25,0.0,GOING_TO_ENDPOINT,dump_zone_22,load_zone_22,0.00025,0.00067
265.0,2026-07-02T12:10:01.530,1,653.854,177.113,7.2,0.0,0.0,TURNING_AROUND,dump_zone_3,load_zone_26,0.000255,0.000683
265.0,2026-07-02T12:10:01.530,2,-163.971,392.808,9.526,-0.5,0.0,GOING_TO_ENDPOINT,dump_zone_23,load_zone_22,0.00025,0.00067
265.0,2026-07-02T12:10:01.530,3,-171.676,396.355,4.948,0.4167,0.0,GOING_TO_ENDPOINT,dump_zone_22,load_zone_22,0.00026,0.000697
266.0,2026-07-02T12:10:03.637,1,655.605,176.191,7.2,0.0,0.0,TURNING_AROUND,dump_zone_3,load_zone_26,0.000255,0.000683
266.0,2026-07-02T12:10:03.637,2,-166.174,393.65,7.726,-0.5,0.0,GOING_TO_ENDPOINT,dump_zone_23,load_zone_22,0.00025,0.00067
266.0,2026-07-02T12:10:03.637,3,-172.618,397.858,7.998,0.9167,0.0,GOING_TO_ENDPOINT,dump_zone_22,load_zone_22,0.000279,0.000748
267.0,2026-07-02T12:10:05.116,1,655.559,176.015,5.4,0.0,0.0,TURNING_AROUND,dump_zone_3,load_zone_26,0.000253,0.000678
267.0,2026-07-02T12:10:05.116,2,-167.725,394.713,6.076,-0.25,0.0,GOING_TO_ENDPOINT,dump_zone_23,load_zone_22,0.00025,0.00067
267.0,2026-07-02T12:10:05.116,3,-172.656,400.324,9.348,-0.0833,0.0,GOING_TO_ENDPOINT,dump_zone_22,load_zone_22,0.000253,0.000678
268.0,2026-07-02T12:10:06.347,1,655.98,176.403,7.2,0.0,0.0,TURNING_AROUND,dump_zone_3,load_zone_26,0.000255,0.000683
268.0,2026-07-02T12:10:06.347,2,-168.851,395.809,5.026,-0.5,0.0,GOING_TO_ENDPOINT,dump_zone_23,load_zone_22,0.00025,0.00067
268.0,2026-07-02T12:10:06.347,3,-171.335,402.273,7.798,-0.5,0.0,GOING_TO_ENDPOINT,dump_zone_22,load_zone_22,0.00025,0.00067
269.0,2026-07-02T12:10:07.633,1,657.224,177.943,7.2,0.0,0.0,TURNING_AROUND,dump_zone_3,load_zone_26,0.000255,0.000683
269.0,2026-07-02T12:10:07.633,2,-169.427,396.773,3.226,-0.5,0.0,LOADING,dump_zone_23,load_zone_22,0.00025,0.00067
269.0,2026-07-02T12:10:07.633,3,-169.639,403.081,5.998,-0.5,0.0,GOING_TO_ENDPOINT,dump_zone_22,load_zone_22,0.00025,0.00067
270.0,2026-07-02T12:10:08.958,1,656.945,177.115,0.0,-0.1667,0.0,GOING_TO_ENDPOINT,dump_zone_3,load_zone_26,0.00025,0.00067
270.0,2026-07-02T12:10:08.958,2,-169.686,397.343,1.426,-0.5,0.0,LOADING,dump_zone_23,load_zone_22,0.00025,0.00067
270.0,2026-07-02T12:10:08.958,3,-168.252,403.134,4.198,-0.5,0.0,GOING_TO_ENDPOINT,dump_zone_22,load_zone_22,0.00025,0.00067
271.0,2026-07-02T12:10:10.367,1,656.943,177.242,1.375,0.8333,0.0,GOING_TO_ENDPOINT,dump_zone_3,load_zone_26,0.000255,0.000683
271.0,2026-07-02T12:10:10.367,2,-169.744,397.472,0.0,-0.5,0.0,LOADING,dump_zone_23,load_zone_22,0.00025,0.00067
271.0,2026-07-02T12:10:10.367,3,-167.385,402.919,2.398,-0.5,0.0,LOADING,dump_zone_22,load_zone_22,0.00025,0.00067
272.0,2026-07-02T12:10:11.636,1,656.8,178.146,4.95,1.0,0.0,GOING_TO_ENDPOINT,dump_zone_3,load_zone_26,0.000269,0.000721
272.0,2026-07-02T12:10:11.636,2,-169.806,397.626,7.2,0.0,1000.0,TURNING_AROUND,load_zone_22,dump_zone_22,0.000258,0.000691
272.0,2026-07-02T12:10:11.636,3,-167.021,402.765,0.598,-0.5,0.0,LOADING,dump_zone_22,load_zone_22,0.00025,0.00067
273.0,2026-07-02T12:10:12.251,1,655.856,179.792,8.55,1.0,0.0,GOING_TO_ENDPOINT,dump_zone_3,load_zone_26,0.000283,0.000758
273.0,2026-07-02T12:10:12.251,2,-170.03,399.593,7.2,0.0,1000.0,TURNING_AROUND,load_zone_22,dump_zone_22,0.000258,0.000691
273.0,2026-07-02T12:10:12.251,3,-166.99,402.75,0.25,0.3333,0.0,LOADING,dump_zone_22,load_zone_22,0.00025,0.00067
274.0,2026-07-02T12:10:13.401,1,653.455,181.427,12.15,1.0,0.0,GOING_TO_ENDPOINT,dump_zone_3,load_zone_26,0.000297,0.000796
274.0,2026-07-02T12:10:13.401,2,-170.114,399.891,5.4,0.0,1000.0,TURNING_AROUND,load_zone_22,dump_zone_22,0.000256,0.000686
274.0,2026-07-02T12:10:13.401,3,-166.463,402.535,0.225,0.3333,1000.0,RETURNING_TO_START,load_zone_22,dump_zone_23,0.000251,0.000673
275.0,2026-07-02T12:10:14.666,1,650.139,183.504,15.75,1.0,0.0,GOING_TO_ENDPOINT,dump_zone_3,load_zone_26,0.000311,0.000833
275.0,2026-07-02T12:10:14.666,2,-169.802,399.931,7.2,0.0,1000.0,TURNING_AROUND,load_zone_22,dump_zone_22,0.000258,0.000691
275.0,2026-07-02T12:10:14.666,3,-166.027,402.462,3.125,1.0,1000.0,RETURNING_TO_START,load_zone_22,dump_zone_23,0.00027,0.000724
276.0,2026-07-02T12:10:16.195,1,647.637,187.446,17.7,0.0833,0.0,GOING_TO_ENDPOINT,dump_zone_3,load_zone_26,0.000266,0.000713
276.0,2026-07-02T12:10:16.195,2,-168.082,400.519,0.0,0.0,1000.0,RETURNING_TO_START,load_zone_22,dump_zone_22,0.00025,0.00067
276.0,2026-07-02T12:10:16.195,3,-164.739,401.908,6.725,1.0,1000.0,RETURNING_TO_START,load_zone_22,dump_zone_23,0.000293,0.000785
277.0,2026-07-02T12:10:18.794,1,647.455,192.204,16.425,-0.5,0.0,GOING_TO_ENDPOINT,dump_zone_3,load_zone_26,0.00025,0.00067
277.0,2026-07-02T12:10:18.794,2,-168.025,400.512,0.6,0.1667,1000.0,RETURNING_TO_START,load_zone_22,dump_zone_22,0.000251,0.000673
277.0,2026-07-02T12:10:18.794,3,-163.286,400.23,8.675,0.0833,1000.0,RETURNING_TO_START,load_zone_22,dump_zone_23,0.000263,0.000705
278.0,2026-07-02T12:10:21.216,1,647.497,196.496,14.625,-0.5,0.0,GOING_TO_ENDPOINT,dump_zone_3,load_zone_26,0.00025,0.00067
278.0,2026-07-02T12:10:21.216,2,-167.939,400.502,0.0,-0.1451,1000.0,RETURNING_TO_START,load_zone_22,dump_zone_22,0.00025,0.00067
278.0,2026-07-02T12:10:21.216,3,-162.012,398.36,7.4,-0.5,1000.0,RETURNING_TO_START,load_zone_22,dump_zone_23,0.00025,0.00067
279.0,2026-07-02T12:10:23.599,1,647.257,200.258,12.85,-0.4167,0.0,GOING_TO_ENDPOINT,dump_zone_3,load_zone_26,0.00025,0.00067
279.0,2026-07-02T12:10:23.599,2,-167.939,400.502,0.0,-0.5,1000.0,RETURNING_TO_START,load_zone_22,dump_zone_22,0.00025,0.00067
279.0,2026-07-02T12:10:23.599,3,-160.993,396.899,5.6,-0.5,1000.0,RETURNING_TO_START,load_zone_22,dump_zone_23,0.00025,0.00067
280.0,2026-07-02T12:10:25.359,1,644.79,202.655,13.3,0.5833,0.0,GOING_TO_ENDPOINT,dump_zone_3,load_zone_26,0.000284,0.000761
280.0,2026-07-02T12:10:25.359,2,-167.933,400.501,0.15,0.25,1000.0,RETURNING_TO_START,load_zone_22,dump_zone_22,0.00025,0.00067
280.0,2026-07-02T12:10:25.359,3,-159.829,396.047,5.45,0.4167,1000.0,RETURNING_TO_START,load_zone_22,dump_zone_23,0.000268,0.000718
281.0,2026-07-02T12:10:26.910,1,640.888,201.856,16.65,1.0,0.0,GOING_TO_ENDPOINT,dump_zone_3,load_zone_26,0.000314,0.000842
281.0,2026-07-02T12:10:26.910,2,-167.554,400.457,2.85,1.0,1000.0,RETURNING_TO_START,load_zone_22,dump_zone_22,0.000268,0.000718
281.0,2026-07-02T12:10:26.910,3,-157.958,395.659,8.525,1.0,1000.0,RETURNING_TO_START,load_zone_22,dump_zone_23,0.000305,0.000817
282.0,2026-07-02T12:10:29.312,1,637.573,197.912,20.1,0.75,0.0,GOING_TO_ENDPOINT,dump_zone_3,load_zone_26,0.000311,0.000833
282.0,2026-07-02T12:10:29.312,2,-166.234,400.273,6.45,1.0,1000.0,RETURNING_TO_START,load_zone_22,dump_zone_22,0.000292,0.000783
282.0,2026-07-02T12:10:29.312,3,-155.377,396.769,11.679,0.6317,1000.0,RETURNING_TO_START,load_zone_22,dump_zone_23,0.000302,0.000809
283.0,2026-07-02T12:10:31.942,1,632.347,195.656,20.85,-0.25,0.0,GOING_TO_ENDPOINT,dump_zone_3,load_zone_26,0.00025,0.00067
283.0,2026-07-02T12:10:31.942,2,-163.971,399.733,9.9,0.75,1000.0,RETURNING_TO_START,load_zone_22,dump_zone_22,0.0003,0.000804
283.0,2026-07-02T12:10:31.942,3,-153.488,399.722,13.106,0.1374,1000.0,RETURNING_TO_START,load_zone_22,dump_zone_23,0.000274,0.000734
284.0,2026-07-02T12:10:33.908,1,626.851,194.954,19.125,-0.5,0.0,GOING_TO_ENDPOINT,dump_zone_3,load_zone_26,0.00025,0.00067
284.0,2026-07-02T12:10:33.908,2,-161.116,399.014,10.65,-0.25,1000.0,RETURNING_TO_START,load_zone_22,dump_zone_22,0.00025,0.00067
284.0,2026-07-02T12:10:33.908,3,-150.928,402.408,13.689,0.2128,1000.0,RETURNING_TO_START,load_zone_22,dump_zone_23,0.00028,0.00075
285.0,2026-07-02T12:10:36.581,1,621.843,194.37,17.325,-0.5,0.0,GOING_TO_ENDPOINT,dump_zone_3,load_zone_26,0.00025,0.00067
285.0,2026-07-02T12:10:36.581,2,-158.414,398.917,8.995,-0.4167,1000.0,RETURNING_TO_START,load_zone_22,dump_zone_22,0.00025,0.00067
285.0,2026-07-02T12:10:36.581,3,-147.822,404.988,15.792,1.0,1000.0,RETURNING_TO_START,load_zone_22,dump_zone_23,0.000352,0.000943
286.0,2026-07-02T12:10:38.643,1,617.32,193.968,15.525,-0.5,0.0,GOING_TO_ENDPOINT,dump_zone_3,load_zone_26,0.00025,0.00067
286.0,2026-07-02T12:10:38.643,2,-156.144,399.451,8.191,0.0309,1000.0,RETURNING_TO_START,load_zone_22,dump_zone_22,0.00026,0.000697
286.0,2026-07-02T12:10:38.643,3,-144.129,408.251,19.392,1.0,1000.0,RETURNING_TO_START,load_zone_22,dump_zone_23,0.000375,0.001005
287.0,2026-07-02T12:10:40.917,1,613.281,193.826,13.725,-0.5,0.0,GOING_TO_ENDPOINT,dump_zone_3,load_zone_26,0.00025,0.00067
287.0,2026-07-02T12:10:40.917,2,-153.919,400.454,9.495,0.4391,1000.0,RETURNING_TO_START,load_zone_22,dump_zone_22,0.000283,0.000758
287.0,2026-07-02T12:10:40.917,3,-139.845,412.278,22.292,0.4167,1000.0,RETURNING_TO_START,load_zone_22,dump_zone_23,0.000324,0.000868
288.0,2026-07-02T12:10:43.087,1,609.756,194.064,11.925,-0.5,0.0,GOING_TO_ENDPOINT,dump_zone_3,load_zone_26,0.00025,0.00067
288.0,2026-07-02T12:10:43.087,2,-151.418,402.044,11.926,0.7724,1000.0,RETURNING_TO_START,load_zone_22,dump_zone_22,0.000312,0.000836
288.0,2026-07-02T12:10:43.087,3,-135.413,416.639,22.092,-0.25,1000.0,RETURNING_TO_START,load_zone_22,dump_zone_23,0.00025,0.00067
289.0,2026-07-02T12:10:45.207,1,607.027,195.373,10.125,-0.5,0.0,GOING_TO_ENDPOINT,dump_zone_3,load_zone_26,0.00025,0.00067
289.0,2026-07-02T12:10:45.207,2,-148.441,404.393,15.203,0.9167,1000.0,RETURNING_TO_START,load_zone_22,dump_zone_22,0.000341,0.000914
289.0,2026-07-02T12:10:45.207,3,-131.135,420.971,21.75,-0.2377,1000.0,RETURNING_TO_START,load_zone_22,dump_zone_23,0.00025,0.00067
290.0,2026-07-02T12:10:47.522,1,604.815,196.621,8.325,-0.5,0.0,GOING_TO_ENDPOINT,dump_zone_3,load_zone_26,0.00025,0.00067
290.0,2026-07-02T12:10:47.522,2,-144.871,407.548,18.803,1.0,1000.0,RETURNING_TO_START,load_zone_22,dump_zone_22,0.000371,0.000994
290.0,2026-07-02T12:10:47.522,3,-126.992,425.238,20.937,-0.5,1000.0,RETURNING_TO_START,load_zone_22,dump_zone_23,0.00025,0.00067
291.0,2026-07-02T12:10:49.990,1,602.966,197.486,6.525,-0.5,0.0,GOING_TO_ENDPOINT,dump_zone_3,load_zone_26,0.00025,0.00067
291.0,2026-07-02T12:10:49.990,2,-140.667,411.491,22.378,0.9167,1000.0,RETURNING_TO_START,load_zone_22,dump_zone_22,0.000384,0.001029
291.0,2026-07-02T12:10:49.990,3,-123.148,429.247,19.237,-0.5,1000.0,RETURNING_TO_START,load_zone_22,dump_zone_23,0.00025,0.00067
292.0,2026-07-02T12:10:52.623,1,601.546,198.153,5.01,-0.3851,0.0,GOING_TO_ENDPOINT,dump_zone_3,load_zone_26,0.00025,0.00067
292.0,2026-07-02T12:10:52.623,2,-136.012,416.047,23.877,-0.0004,1000.0,RETURNING_TO_START,load_zone_22,dump_zone_22,0.000275,0.000737
292.0,2026-07-02T12:10:52.623,3,-119.614,432.964,17.837,-0.5,1000.0,RETURNING_TO_START,load_zone_22,dump_zone_23,0.00025,0.00067
293.0,2026-07-02T12:10:54.941,1,600.438,198.399,3.345,-0.4167,0.0,GOING_TO_ENDPOINT,dump_zone_3,load_zone_26,0.00025,0.00067
293.0,2026-07-02T12:10:54.941,2,-131.448,420.652,22.586,-0.5,1000.0,RETURNING_TO_START,load_zone_22,dump_zone_22,0.00025,0.00067
293.0,2026-07-02T12:10:54.941,3,-116.38,436.384,16.137,-0.5,1000.0,RETURNING_TO_START,load_zone_22,dump_zone_23,0.00025,0.00067
294.0,2026-07-02T12:10:57.664,1,599.527,198.368,3.795,0.5833,0.0,GOING_TO_ENDPOINT,dump_zone_3,load_zone_26,0.00026,0.000697
294.0,2026-07-02T12:10:57.664,2,-127.263,424.956,20.786,-0.5,1000.0,RETURNING_TO_START,load_zone_22,dump_zone_22,0.00025,0.00067
294.0,2026-07-02T12:10:57.664,3,-113.465,439.478,14.801,-0.3181,1000.0,RETURNING_TO_START,load_zone_22,dump_zone_23,0.00025,0.00067
295.0,2026-07-02T12:10:59.727,1,598.095,197.851,7.145,1.0,0.0,GOING_TO_ENDPOINT,dump_zone_3,load_zone_26,0.000278,0.000745
295.0,2026-07-02T12:10:59.727,2,-123.453,428.927,18.986,-0.5,1000.0,RETURNING_TO_START,load_zone_22,dump_zone_22,0.00025,0.00067
295.0,2026-07-02T12:10:59.727,3,-110.794,442.315,13.34,-0.5,1000.0,RETURNING_TO_START,load_zone_22,dump_zone_23,0.00025,0.00067
296.0,2026-07-02T12:11:01.661,1,596.482,195.962,10.745,1.0,0.0,GOING_TO_ENDPOINT,dump_zone_3,load_zone_26,0.000292,0.000783
296.0,2026-07-02T12:11:01.661,2,-120.004,432.552,17.186,-0.5,1000.0,RETURNING_TO_START,load_zone_22,dump_zone_22,0.00025,0.00067
296.0,2026-07-02T12:11:01.661,3,-108.422,444.831,11.64,-0.5,1000.0,RETURNING_TO_START,load_zone_22,dump_zone_23,0.00025,0.00067
297.0,2026-07-02T12:11:04.630,1,596.689,192.557,14.345,1.0,0.0,GOING_TO_ENDPOINT,dump_zone_3,load_zone_26,0.000305,0.000817
297.0,2026-07-02T12:11:04.630,2,-116.91,435.823,15.386,-0.5,1000.0,RETURNING_TO_START,load_zone_22,dump_zone_22,0.00025,0.00067
297.0,2026-07-02T12:11:04.630,3,-106.371,446.997,10.21,-0.1008,1000.0,RETURNING_TO_START,load_zone_22,dump_zone_23,0.000255,0.000683
298.0,2026-07-02T12:11:07.103,1,599.382,188.926,17.945,1.0,0.0,GOING_TO_ENDPOINT,dump_zone_3,load_zone_26,0.000319,0.000855
298.0,2026-07-02T12:11:07.103,2,-114.164,438.736,13.586,-0.5,1000.0,RETURNING_TO_START,load_zone_22,dump_zone_22,0.00025,0.00067
298.0,2026-07-02T12:11:07.103,3,-104.541,448.915,8.759,-0.5,1000.0,RETURNING_TO_START,load_zone_22,dump_zone_23,0.00025,0.00067
299.0,2026-07-02T12:11:09.426,1,601.684,183.911,21.545,1.0,0.0,GOING_TO_ENDPOINT,dump_zone_3,load_zone_26,0.000333,0.000892
299.0,2026-07-02T12:11:09.426,2,-111.753,441.277,11.786,-0.5,1000.0,RETURNING_TO_START,load_zone_22,dump_zone_22,0.00025,0.00067
299.0,2026-07-02T12:11:09.426,3,-103.053,450.483,6.959,-0.5,1000.0,RETURNING_TO_START,load_zone_22,dump_zone_23,0.00025,0.00067
300.0,2026-07-02T12:11:11.276,1,602.497,177.458,25.145,1.0,0.0,GOING_TO_ENDPOINT,dump_zone_3,load_zone_26,0.000347,0.00093
300.0,2026-07-02T12:11:11.276,2,-109.356,443.07,9.986,-0.5,1000.0,RETURNING_TO_START,load_zone_22,dump_zone_22,0.00025,0.00067
300.0,2026-07-02T12:11:11.276,3,-102.213,452.012,6.284,0.25,1000.0,RETURNING_TO_START,load_zone_22,dump_zone_23,0.000265,0.00071
301.0,2026-07-02T12:11:13.074,1,602.503,169.98,28.045,0.4167,0.0,GOING_TO_ENDPOINT,dump_zone_3,load_zone_26,0.000306,0.00082
301.0,2026-07-02T12:11:13.074,2,-107.12,444.194,8.186,-0.5,1000.0,RETURNING_TO_START,load_zone_22,dump_zone_22,0.00025,0.00067
301.0,2026-07-02T12:11:13.074,3,-102.006,454.081,8.984,1.0,1000.0,RETURNING_TO_START,load_zone_22,dump_zone_23,0.000308,0.000825
302.0,2026-07-02T12:11:14.450,1,602.499,162.174,27.645,-0.4167,0.0,GOING_TO_ENDPOINT,dump_zone_3,load_zone_26,0.00025,0.00067
302.0,2026-07-02T12:11:14.450,2,-105.452,445.297,6.386,-0.5,1000.0,RETURNING_TO_START,load_zone_22,dump_zone_22,0.00025,0.00067
302.0,2026-07-02T12:11:14.450,3,-102.113,457.116,12.584,1.0,1000.0,RETURNING_TO_START,load_zone_22,dump_zone_23,0.000331,0.000887
303.0,2026-07-02T12:11:15.971,1,602.5,154.673,26.799,0.0952,0.0,GOING_TO_ENDPOINT,dump_zone_3,load_zone_26,0.000275,0.000737
303.0,2026-07-02T12:11:15.971,2,-104.308,446.313,4.845,-0.3255,1000.0,RETURNING_TO_START,load_zone_22,dump_zone_22,0.00025,0.00067
303.0,2026-07-02T12:11:15.971,3,-102.352,461.146,16.184,1.0,1000.0,RETURNING_TO_START,load_zone_22,dump_zone_23,0.000354,0.000949
304.0,2026-07-02T12:11:18.546,1,602.5,147.154,26.974,-0.1187,0.0,GOING_TO_ENDPOINT,dump_zone_3,load_zone_26,0.000257,0.000689
304.0,2026-07-02T12:11:18.546,2,-103.433,447.178,4.123,0.0079,1000.0,RETURNING_TO_START,load_zone_22,dump_zone_22,0.000255,0.000683
304.0,2026-07-02T12:11:18.546,3,-102.487,466.181,19.784,1.0,1000.0,RETURNING_TO_START,load_zone_22,dump_zone_23,0.000378,0.001013
305.0,2026-07-02T12:11:21.460,1,602.5,139.622,27.128,-0.0215,0.0,GOING_TO_ENDPOINT,dump_zone_3,load_zone_26,0.000265,0.00071
305.0,2026-07-02T12:11:21.460,2,-102.525,448.113,5.165,0.0932,1000.0,RETURNING_TO_START,load_zone_22,dump_zone_22,0.000258,0.000691
305.0,2026-07-02T12:11:21.460,3,-102.501,472.211,23.225,0.7438,1000.0,RETURNING_TO_START,load_zone_22,dump_zone_23,0.000368,0.000986
306.0,2026-07-02T12:11:23.847,1,602.5,131.998,27.73,-0.0245,0.0,GOING_TO_ENDPOINT,dump_zone_3,load_zone_26,0.000265,0.00071
306.0,2026-07-02T12:11:23.847,2,-101.687,449.368,5.457,-0.2565,1000.0,RETURNING_TO_START,load_zone_22,dump_zone_22,0.00025,0.00067
306.0,2026-07-02T12:11:23.847,3,-102.5,478.856,24.002,-0.0896,1000.0,RETURNING_TO_START,load_zone_22,dump_zone_23,0.000264,0.000708
307.0,2026-07-02T12:11:26.401,1,602.5,124.244,28.229,0.1557,0.0,GOING_TO_ENDPOINT,dump_zone_3,load_zone_26,0.000282,0.000756
307.0,2026-07-02T12:11:26.401,2,-101.379,450.588,3.729,-0.5,1000.0,RETURNING_TO_START,load_zone_22,dump_zone_22,0.00025,0.00067
307.0,2026-07-02T12:11:26.401,3,-102.5,485.376,22.716,-0.5,1000.0,RETURNING_TO_START,load_zone_22,dump_zone_23,0.00025,0.00067
308.0,2026-07-02T12:11:29.400,1,602.5,116.357,28.381,-0.2019,0.0,GOING_TO_ENDPOINT,dump_zone_3,load_zone_26,0.00025,0.00067
308.0,2026-07-02T12:11:29.400,2,-101.386,451.408,2.354,-0.4167,1000.0,RETURNING_TO_START,load_zone_22,dump_zone_22,0.00025,0.00067
308.0,2026-07-02T12:11:29.400,3,-102.5,491.415,20.916,-0.5,1000.0,RETURNING_TO_START,load_zone_22,dump_zone_23,0.00025,0.00067
309.0,2026-07-02T12:11:32.060,1,602.5,108.559,27.62,-0.482,0.0,GOING_TO_ENDPOINT,dump_zone_3,load_zone_26,0.00025,0.00067
309.0,2026-07-02T12:11:32.060,2,-101.506,452.035,2.804,0.5833,1000.0,RETURNING_TO_START,load_zone_22,dump_zone_22,0.000262,0.000702
309.0,2026-07-02T12:11:32.060,3,-102.5,496.954,19.116,-0.5,1000.0,RETURNING_TO_START,load_zone_22,dump_zone_23,0.00025,0.00067
310.0,2026-07-02T12:11:33.821,1,602.5,101.061,26.901,0.0833,0.0,GOING_TO_ENDPOINT,dump_zone_3,load_zone_26,0.000274,0.000734
310.0,2026-07-02T12:11:33.821,2,-102.031,453.17,6.154,1.0,1000.0,RETURNING_TO_START,load_zone_22,dump_zone_22,0.00029,0.000777
310.0,2026-07-02T12:11:33.821,3,-102.5,501.993,17.316,-0.5,1000.0,RETURNING_TO_START,load_zone_22,dump_zone_23,0.00025,0.00067
311.0,2026-07-02T12:11:35.127,1,602.5,93.454,28.053,0.5029,0.0,GOING_TO_ENDPOINT,dump_zone_3,load_zone_26,0.000313,0.000839
311.0,2026-07-02T12:11:35.127,2,-103.745,454.582,9.754,1.0,1000.0,RETURNING_TO_START,load_zone_22,dump_zone_22,0.000313,0.000839
311.0,2026-07-02T12:11:35.127,3,-102.5,506.532,15.516,-0.5,1000.0,RETURNING_TO_START,load_zone_22,dump_zone_23,0.00025,0.00067
312.0,2026-07-02T12:11:36.731,1,602.5,85.375,29.518,-0.0122,0.0,GOING_TO_ENDPOINT,dump_zone_3,load_zone_26,0.000268,0.000718
312.0,2026-07-02T12:11:36.731,2,-106.906,454.552,13.354,1.0,1000.0,RETURNING_TO_START,load_zone_22,dump_zone_22,0.000336,0.0009
312.0,2026-07-02T12:11:36.731,3,-102.5,510.571,13.716,-0.5,1000.0,RETURNING_TO_START,load_zone_22,dump_zone_23,0.00025,0.00067
313.0,2026-07-02T12:11:38.663,1,602.5,77.358,28.075,-0.5,0.0,GOING_TO_ENDPOINT,dump_zone_3,load_zone_26,0.00025,0.00067
313.0,2026-07-02T12:11:38.663,2,-109.922,451.617,16.954,1.0,1000.0,RETURNING_TO_START,load_zone_22,dump_zone_22,0.000359,0.000962
313.0,2026-07-02T12:11:38.663,3,-102.5,514.11,11.916,-0.5,1000.0,RETURNING_TO_START,load_zone_22,dump_zone_23,0.00025,0.00067
314.0,2026-07-02T12:11:40.580,1,602.5,69.676,27.674,0.083,0.0,GOING_TO_ENDPOINT,dump_zone_3,load_zone_26,0.000275,0.000737
314.0,2026-07-02T12:11:40.580,2,-114.156,448.546,20.554,1.0,1000.0,RETURNING_TO_START,load_zone_22,dump_zone_22,0.000382,0.001024
314.0,2026-07-02T12:11:40.580,3,-102.5,517.149,10.116,-0.5,1000.0,RETURNING_TO_START,load_zone_22,dump_zone_23,0.00025,0.00067
315.0,2026-07-02T12:11:43.296,1,602.5,61.83,28.522,-0.0836,0.0,GOING_TO_ENDPOINT,dump_zone_3,load_zone_26,0.00026,0.000697
315.0,2026-07-02T12:11:43.296,2,-120.238,447.503,23.454,0.4167,1000.0,RETURNING_TO_START,load_zone_22,dump_zone_22,0.000327,0.000876
315.0,2026-07-02T12:11:43.296,3,-102.495,519.688,8.316,-0.5,1000.0,RETURNING_TO_START,load_zone_22,dump_zone_23,0.00025,0.00067
316.0,2026-07-02T12:11:44.904,1,602.5,54.055,27.588,-0.1054,0.0,GOING_TO_ENDPOINT,dump_zone_3,load_zone_26,0.000258,0.000691
316.0,2026-07-02T12:11:44.904,2,-126.768,447.487,23.029,-0.5,1000.0,RETURNING_TO_START,load_zone_22,dump_zone_22,0.00025,0.00067
316.0,2026-07-02T12:11:44.904,3,-101.889,521.613,6.516,-0.5,1000.0,RETURNING_TO_START,load_zone_22,dump_zone_23,0.00025,0.00067
317.0,2026-07-02T12:11:46.970,1,602.5,46.306,28.208,0.0613,0.0,GOING_TO_ENDPOINT,dump_zone_3,load_zone_26,0.000273,0.000732
317.0,2026-07-02T12:11:46.970,2,-132.894,447.5,21.229,-0.5,1000.0,RETURNING_TO_START,load_zone_22,dump_zone_22,0.00025,0.00067
317.0,2026-07-02T12:11:46.970,3,-100.849,522.736,4.716,-0.5,1000.0,RETURNING_TO_START,load_zone_22,dump_zone_23,0.00025,0.00067
318.0,2026-07-02T12:11:48.507,1,602.5,38.613,27.129,-0.1934,0.0,GOING_TO_ENDPOINT,dump_zone_3,load_zone_26,0.00025,0.00067
318.0,2026-07-02T12:11:48.507,2,-138.52,447.5,19.429,-0.5,1000.0,RETURNING_TO_START,load_zone_22,dump_zone_22,0.00025,0.00067
318.0,2026-07-02T12:11:48.507,3,-99.943,523.238,2.916,-0.5,1000.0,UNLOADING,load_zone_22,dump_zone_23,0.00025,0.00067
319.0,2026-07-02T12:11:50.391,1,602.5,31.011,27.682,0.1399,0.0,GOING_TO_ENDPOINT,dump_zone_3,load_zone_26,0.00028,0.00075
319.0,2026-07-02T12:11:50.391,2,-143.646,447.5,17.629,-0.5,1000.0,RETURNING_TO_START,load_zone_22,dump_zone_22,0.00025,0.00067
319.0,2026-07-02T12:11:50.391,3,-99.438,523.426,1.116,-0.5,1000.0,UNLOADING,load_zone_22,dump_zone_23,0.00025,0.00067
320.0,2026-07-02T12:11:52.727,1,602.5,23.185,28.889,0.5363,0.0,GOING_TO_ENDPOINT,dump_zone_3,load_zone_26,0.000318,0.000852
320.0,2026-07-02T12:11:52.727,2,-148.272,447.5,15.829,-0.5,1000.0,RETURNING_TO_START,load_zone_22,dump_zone_22,0.00025,0.00067
320.0,2026-07-02T12:11:52.727,3,-99.36,523.456,0.0,-0.5,1000.0,UNLOADING,load_zone_22,dump_zone_23,0.00025,0.00067
321.0,2026-07-02T12:11:54.716,1,602.5,15.034,29.22,-0.2137,0.0,GOING_TO_ENDPOINT,dump_zone_3,load_zone_26,0.00025,0.00067
321.0,2026-07-02T12:11:54.716,2,-152.398,447.5,14.029,-0.5,1000.0,RETURNING_TO_START,load_zone_22,dump_zone_22,0.00025,0.00067
321.0,2026-07-02T12:11:54.716,3,-98.881,523.6,7.2,0.0,0.0,TURNING_AROUND,dump_zone_23,load_zone_22,0.000255,0.000683
322.0,2026-07-02T12:11:55.951,1,602.5,7.12,27.712,-0.4167,0.0,GOING_TO_ENDPOINT,dump_zone_3,load_zone_26,0.00025,0.00067
322.0,2026-07-02T12:11:55.951,2,-156.024,447.483,12.229,-0.5,1000.0,RETURNING_TO_START,load_zone_22,dump_zone_22,0.00025,0.00067
322.0,2026-07-02T12:11:55.951,3,-96.902,523.557,7.2,0.0,0.0,TURNING_AROUND,dump_zone_23,load_zone_22,0.000255,0.000683
323.0,2026-07-02T12:11:58.133,1,602.5,-0.522,27.505,0.0109,0.0,GOING_TO_ENDPOINT,dump_zone_3,load_zone_26,0.000268,0.000718
323.0,2026-07-02T12:11:58.133,2,-159.078,446.894,10.429,-0.5,1000.0,RETURNING_TO_START,load_zone_22,dump_zone_22,0.00025,0.00067
323.0,2026-07-02T12:11:58.133,3,-97.124,523.854,5.4,0.0,0.0,TURNING_AROUND,dump_zone_23,load_zone_22,0.000253,0.000678
324.0,2026-07-02T12:12:00.300,1,602.5,-8.18,27.555,0.0811,0.0,GOING_TO_ENDPOINT,dump_zone_3,load_zone_26,0.000275,0.000737
324.0,2026-07-02T12:12:00.300,2,-161.529,445.957,8.629,-0.5,1000.0,RETURNING_TO_START,load_zone_22,dump_zone_22,0.00025,0.00067
324.0,2026-07-02T12:12:00.300,3,-96.752,523.09,7.2,0.0,0.0,TURNING_AROUND,dump_zone_23,load_zone_22,0.000255,0.000683
325.0,2026-07-02T12:12:02.320,1,602.5,-15.938,28.297,0.4144,0.0,GOING_TO_ENDPOINT,dump_zone_3,load_zone_26,0.000306,0.00082
325.0,2026-07-02T12:12:02.320,2,-163.619,445.584,6.829,-0.5,1000.0,RETURNING_TO_START,load_zone_22,dump_zone_22,0.00025,0.00067
325.0,2026-07-02T12:12:02.320,3,-96.491,522.3,0.0,-0.0,0.0,GOING_TO_ENDPOINT,dump_zone_23,load_zone_22,0.00025,0.00067
326.0,2026-07-02T12:12:05.107,1,602.5,-23.924,28.889,0.198,0.0,GOING_TO_ENDPOINT,dump_zone_3,load_zone_26,0.000287,0.000769
326.0,2026-07-02T12:12:05.107,2,-165.271,445.499,5.419,-0.1395,1000.0,RETURNING_TO_START,load_zone_22,dump_zone_22,0.000252,0.000675
326.0,2026-07-02T12:12:05.107,3,-96.491,522.09,1.95,1.0,0.0,GOING_TO_ENDPOINT,dump_zone_23,load_zone_22,0.000258,0.000691
327.0,2026-07-02T12:12:07.873,1,602.5,-31.937,28.308,-0.5,0.0,GOING_TO_ENDPOINT,dump_zone_3,load_zone_26,0.00025,0.00067
327.0,2026-07-02T12:12:07.873,2,-166.686,445.483,4.719,-0.1383,1000.0,RETURNING_TO_START,load_zone_22,dump_zone_22,0.000251,0.000673
327.0,2026-07-02T12:12:07.873,3,-96.523,521.007,5.55,1.0,0.0,GOING_TO_ENDPOINT,dump_zone_23,load_zone_22,0.000271,0.000726
328.0,2026-07-02T12:12:09.996,1,602.5,-39.596,27.183,-0.0833,0.0,GOING_TO_ENDPOINT,dump_zone_3,load_zone_26,0.00026,0.000697
328.0,2026-07-02T12:12:09.996,2,-167.888,445.505,3.979,-0.022,1000.0,RETURNING_TO_START,load_zone_22,dump_zone_22,0.000254,0.000681
328.0,2026-07-02T12:12:09.996,3,-96.719,518.933,9.15,1.0,0.0,GOING_TO_ENDPOINT,dump_zone_23,load_zone_22,0.000285,0.000764
329.0,2026-07-02T12:12:12.048,1,602.5,-47.284,28.383,0.5833,0.0,GOING_TO_ENDPOINT,dump_zone_3,load_zone_26,0.000322,0.000863
329.0,2026-07-02T12:12:12.048,2,-169.027,445.728,4.15,-0.2441,1000.0,RETURNING_TO_START,load_zone_22,dump_zone_22,0.00025,0.00067
329.0,2026-07-02T12:12:12.048,3,-97.002,515.863,12.75,1.0,0.0,GOING_TO_ENDPOINT,dump_zone_23,load_zone_22,0.000299,0.000801
330.0,2026-07-02T12:12:13.940,1,602.5,-55.364,29.167,-0.137,0.0,GOING_TO_ENDPOINT,dump_zone_3,load_zone_26,0.000256,0.000686
330.0,2026-07-02T12:12:13.940,2,-169.9,446.072,2.631,-0.5,1000.0,UNLOADING,load_zone_22,dump_zone_22,0.00025,0.00067
330.0,2026-07-02T12:12:13.940,3,-97.285,511.79,16.35,1.0,0.0,GOING_TO_ENDPOINT,dump_zone_23,load_zone_22,0.000313,0.000839
331.0,2026-07-02T12:12:15.670,1,602.5,-63.269,27.662,-0.5,0.0,GOING_TO_ENDPOINT,dump_zone_3,load_zone_26,0.00025,0.00067
331.0,2026-07-02T12:12:15.670,2,-170.293,446.311,0.831,-0.5,1000.0,UNLOADING,load_zone_22,dump_zone_22,0.00025,0.00067
331.0,2026-07-02T12:12:15.670,3,-97.472,506.71,19.95,1.0,0.0,GOING_TO_ENDPOINT,dump_zone_23,load_zone_22,0.000327,0.000876
332.0,2026-07-02T12:12:17.482,1,602.5,-70.682,25.862,-0.5,0.0,GOING_TO_ENDPOINT,dump_zone_3,load_zone_26,0.00025,0.00067
332.0,2026-07-02T12:12:17.482,2,-170.332,446.338,0.075,0.1667,1000.0,UNLOADING,load_zone_22,dump_zone_22,0.00025,0.00067
332.0,2026-07-02T12:12:17.482,3,-97.507,500.627,23.55,1.0,0.0,GOING_TO_ENDPOINT,dump_zone_23,load_zone_22,0.000341,0.000914
333.0,2026-07-02T12:12:19.170,1,602.5,-77.595,24.062,-0.5,0.0,GOING_TO_ENDPOINT,dump_zone_3,load_zone_26,0.00025,0.00067
333.0,2026-07-02T12:12:19.170,2,-170.997,446.946,7.2,0.0,0.0,TURNING_AROUND,dump_zone_22,load_zone_22,0.000255,0.000683
333.0,2026-07-02T12:12:19.170,3,-97.5,493.578,26.672,0.6215,0.0,GOING_TO_ENDPOINT,dump_zone_23,load_zone_22,0.000321,0.00086
334.0,2026-07-02T12:12:20.200,1,602.5,-84.008,22.262,-0.5,0.0,GOING_TO_ENDPOINT,dump_zone_3,load_zone_26,0.00025,0.00067
334.0,2026-07-02T12:12:20.200,2,-171.886,448.715,7.2,0.0,0.0,TURNING_AROUND,dump_zone_22,load_zone_22,0.000255,0.000683
334.0,2026-07-02T12:12:20.200,3,-97.5,485.9,28.084,0.0029,0.0,GOING_TO_ENDPOINT,dump_zone_23,load_zone_22,0.000268,0.000718
335.0,2026-07-02T12:12:21.085,1,602.5,-89.921,20.462,-0.5,0.0,GOING_TO_ENDPOINT,dump_zone_3,load_zone_26,0.00025,0.00067
335.0,2026-07-02T12:12:21.085,2,-171.967,447.799,5.4,0.0,0.0,TURNING_AROUND,dump_zone_22,load_zone_22,0.000253,0.000678
335.0,2026-07-02T12:12:21.085,3,-97.5,478.276,26.665,-0.5,0.0,GOING_TO_ENDPOINT,dump_zone_23,load_zone_22,0.00025,0.00067
336.0,2026-07-02T12:12:21.844,1,602.5,-95.334,18.662,-0.5,0.0,GOING_TO_ENDPOINT,dump_zone_3,load_zone_26,0.00025,0.00067
336.0,2026-07-02T12:12:21.844,2,-171.296,449.043,7.2,0.0,0.0,TURNING_AROUND,dump_zone_22,load_zone_22,0.000255,0.000683
336.0,2026-07-02T12:12:21.844,3,-97.5,471.14,24.865,-0.5,0.0,GOING_TO_ENDPOINT,dump_zone_23,load_zone_22,0.00025,0.00067
337.0,2026-07-02T12:12:22.819,1,603.037,-100.175,17.237,-0.0833,0.0,GOING_TO_ENDPOINT,dump_zone_3,load_zone_26,0.000256,0.000686
337.0,2026-07-02T12:12:22.819,2,-170.508,449.852,5.4,0.0,0.0,TURNING_AROUND,dump_zone_22,load_zone_22,0.000253,0.000678
337.0,2026-07-02T12:12:22.819,3,-97.5,464.504,23.065,-0.5,0.0,GOING_TO_ENDPOINT,dump_zone_23,load_zone_22,0.00025,0.00067
338.0,2026-07-02T12:12:24.516,1,607.261,-102.1,18.887,0.9167,0.0,GOING_TO_ENDPOINT,dump_zone_3,load_zone_26,0.000318,0.000852
338.0,2026-07-02T12:12:24.516,2,-171.315,449.563,0.35,0.4167,0.0,GOING_TO_ENDPOINT,dump_zone_22,load_zone_22,0.000251,0.000673
338.0,2026-07-02T12:12:24.516,3,-97.496,458.368,21.265,-0.5,0.0,GOING_TO_ENDPOINT,dump_zone_23,load_zone_22,0.00025,0.00067
339.0,2026-07-02T12:12:27.066,1,612.006,-98.894,22.337,0.75,0.0,GOING_TO_ENDPOINT,dump_zone_3,load_zone_26,0.000318,0.000852
339.0,2026-07-02T12:12:27.066,2,-170.802,449.567,3.425,1.0,0.0,GOING_TO_ENDPOINT,dump_zone_22,load_zone_22,0.000263,0.000705
339.0,2026-07-02T12:12:27.066,3,-97.501,452.732,19.465,-0.5,0.0,GOING_TO_ENDPOINT,dump_zone_23,load_zone_22,0.00025,0.00067
340.0,2026-07-02T12:12:30.734,1,618.16,-97.451,23.087,-0.25,0.0,GOING_TO_ENDPOINT,dump_zone_3,load_zone_26,0.00025,0.00067
340.0,2026-07-02T12:12:30.734,2,-169.325,449.769,7.025,1.0,0.0,GOING_TO_ENDPOINT,dump_zone_22,load_zone_22,0.000277,0.000742
340.0,2026-07-02T12:12:30.734,3,-98.356,447.7,17.665,-0.5,0.0,GOING_TO_ENDPOINT,dump_zone_23,load_zone_22,0.00025,0.00067
341.0,2026-07-02T12:12:34.005,1,624.322,-97.461,21.362,-0.5,0.0,GOING_TO_ENDPOINT,dump_zone_3,load_zone_26,0.00025,0.00067
341.0,2026-07-02T12:12:34.005,2,-166.942,450.5,10.625,1.0,0.0,GOING_TO_ENDPOINT,dump_zone_22,load_zone_22,0.000291,0.00078
341.0,2026-07-02T12:12:34.005,3,-101.35,444.131,16.99,0.25,0.0,GOING_TO_ENDPOINT,dump_zone_23,load_zone_22,0.000275,0.000737
342.0,2026-07-02T12:12:36.270,1,629.985,-97.502,19.562,-0.5,0.0,GOING_TO_ENDPOINT,dump_zone_3,load_zone_26,0.00025,0.00067
342.0,2026-07-02T12:12:36.270,2,-163.548,451.321,14.225,1.0,0.0,GOING_TO_ENDPOINT,dump_zone_22,load_zone_22,0.000305,0.000817
342.0,2026-07-02T12:12:36.270,3,-105.087,440.721,19.69,1.0,0.0,GOING_TO_ENDPOINT,dump_zone_23,load_zone_22,0.000326,0.000874
343.0,2026-07-02T12:12:38.544,1,635.148,-97.502,17.762,-0.5,0.0,GOING_TO_ENDPOINT,dump_zone_3,load_zone_26,0.00025,0.00067
343.0,2026-07-02T12:12:38.544,2,-159.113,452.028,17.825,1.0,0.0,GOING_TO_ENDPOINT,dump_zone_22,load_zone_22,0.000319,0.000855
343.0,2026-07-02T12:12:38.544,3,-109.369,436.503,23.29,1.0,0.0,GOING_TO_ENDPOINT,dump_zone_23,load_zone_22,0.00034,0.000911
344.0,2026-07-02T12:12:41.451,1,639.811,-97.5,15.962,-0.5,0.0,GOING_TO_ENDPOINT,dump_zone_3,load_zone_26,0.00025,0.00067
344.0,2026-07-02T12:12:41.451,2,-153.638,452.454,21.425,1.0,0.0,GOING_TO_ENDPOINT,dump_zone_22,load_zone_22,0.000333,0.000892
344.0,2026-07-02T12:12:41.451,3,-114.195,431.419,26.865,0.9167,0.0,GOING_TO_ENDPOINT,dump_zone_23,load_zone_22,0.000347,0.00093
345.0,2026-07-02T12:12:44.616,1,643.974,-97.5,14.162,-0.5,0.0,GOING_TO_ENDPOINT,dump_zone_3,load_zone_26,0.00025,0.00067
345.0,2026-07-02T12:12:44.616,2,-147.152,452.507,24.875,0.75,0.0,GOING_TO_ENDPOINT,dump_zone_22,load_zone_22,0.000326,0.000874
345.0,2026-07-02T12:12:44.616,3,-119.528,425.798,28.215,-0.0833,0.0,GOING_TO_ENDPOINT,dump_zone_23,load_zone_22,0.00026,0.000697
346.0,2026-07-02T12:12:47.549,1,647.637,-97.505,12.362,-0.5,0.0,GOING_TO_ENDPOINT,dump_zone_3,load_zone_26,0.00025,0.00067
346.0,2026-07-02T12:12:47.549,2,-140.046,452.499,25.625,-0.25,0.0,GOING_TO_ENDPOINT,dump_zone_22,load_zone_22,0.00025,0.00067
346.0,2026-07-02T12:12:47.549,3,-124.814,420.295,26.665,-0.5,0.0,GOING_TO_ENDPOINT,dump_zone_23,load_zone_22,0.00025,0.00067
347.0,2026-07-02T12:12:50.747,1,650.737,-98.025,10.562,-0.5,0.0,GOING_TO_ENDPOINT,dump_zone_3,load_zone_26,0.00025,0.00067
347.0,2026-07-02T12:12:50.747,2,-133.179,452.5,23.9,-0.5,0.0,GOING_TO_ENDPOINT,dump_zone_22,load_zone_22,0.00025,0.00067
347.0,2026-07-02T12:12:50.747,3,-129.804,415.194,24.865,-0.5,0.0,GOING_TO_ENDPOINT,dump_zone_23,load_zone_22,0.00025,0.00067
348.0,2026-07-02T12:12:54.444,1,652.996,-99.456,9.137,-0.0833,0.0,GOING_TO_ENDPOINT,dump_zone_3,load_zone_26,0.000253,0.000678
348.0,2026-07-02T12:12:54.444,2,-126.811,452.5,22.1,-0.5,0.0,GOING_TO_ENDPOINT,dump_zone_22,load_zone_22,0.00025,0.00067
348.0,2026-07-02T12:12:54.444,3,-134.501,410.506,23.065,-0.5,0.0,GOING_TO_ENDPOINT,dump_zone_23,load_zone_22,0.00025,0.00067
349.0,2026-07-02T12:12:57.125,1,655.03,-101.233,10.787,0.9167,0.0,GOING_TO_ENDPOINT,dump_zone_3,load_zone_26,0.000289,0.000775
349.0,2026-07-02T12:12:57.125,2,-120.943,452.5,20.3,-0.5,0.0,GOING_TO_ENDPOINT,dump_zone_22,load_zone_22,0.00025,0.00067
349.0,2026-07-02T12:12:57.125,3,-138.919,406.248,21.265,-0.5,0.0,GOING_TO_ENDPOINT,dump_zone_23,load_zone_22,0.00025,0.00067
350.0,2026-07-02T12:12:59.664,1,657.499,-103.767,14.387,1.0,0.0,GOING_TO_ENDPOINT,dump_zone_3,load_zone_26,0.000306,0.00082
350.0,2026-07-02T12:12:59.664,2,-115.575,452.5,18.5,-0.5,0.0,GOING_TO_ENDPOINT,dump_zone_22,load_zone_22,0.00025,0.00067
350.0,2026-07-02T12:12:59.664,3,-143.074,402.441,19.465,-0.5,0.0,GOING_TO_ENDPOINT,dump_zone_23,load_zone_22,0.00025,0.00067
351.0,2026-07-02T12:13:03.017,1,660.63,-107.051,17.987,1.0,0.0,GOING_TO_ENDPOINT,dump_zone_3,load_zone_26,0.00032,0.000858
351.0,2026-07-02T12:13:03.017,2,-110.844,453.363,16.7,-0.5,0.0,GOING_TO_ENDPOINT,dump_zone_22,load_zone_22,0.00025,0.00067
351.0,2026-07-02T12:13:03.017,3,-147.014,399.147,17.665,-0.5,0.0,GOING_TO_ENDPOINT,dump_zone_23,load_zone_22,0.00025,0.00067
352.0,2026-07-02T12:13:06.700,1,664.522,-110.992,21.587,1.0,0.0,GOING_TO_ENDPOINT,dump_zone_3,load_zone_26,0.000333,0.000892
352.0,2026-07-02T12:13:06.700,2,-106.788,454.858,14.9,-0.5,0.0,GOING_TO_ENDPOINT,dump_zone_22,load_zone_22,0.00025,0.00067
352.0,2026-07-02T12:13:06.700,3,-150.841,396.537,15.865,-0.5,0.0,GOING_TO_ENDPOINT,dump_zone_23,load_zone_22,0.00025,0.00067
353.0,2026-07-02T12:13:09.279,1,669.147,-115.613,25.187,1.0,0.0,GOING_TO_ENDPOINT,dump_zone_3,load_zone_26,0.000347,0.00093
353.0,2026-07-02T12:13:09.279,2,-102.957,454.354,13.1,-0.5,0.0,GOING_TO_ENDPOINT,dump_zone_22,load_zone_22,0.00025,0.00067
353.0,2026-07-02T12:13:09.279,3,-154.585,394.792,14.065,-0.5,0.0,GOING_TO_ENDPOINT,dump_zone_23,load_zone_22,0.00025,0.00067
354.0,2026-07-02T12:13:13.233,1,674.433,-120.897,28.033,0.4855,0.0,GOING_TO_ENDPOINT,dump_zone_3,load_zone_26,0.000312,0.000836
354.0,2026-07-02T12:13:13.233,2,-99.858,453.185,11.325,-0.4167,0.0,GOING_TO_ENDPOINT,dump_zone_22,load_zone_22,0.00025,0.00067
354.0,2026-07-02T12:13:13.233,3,-158.088,393.825,12.265,-0.5,0.0,GOING_TO_ENDPOINT,dump_zone_23,load_zone_22,0.00025,0.00067
355.0,2026-07-02T12:13:16.081,1,679.976,-126.441,27.836,-0.5,0.0,GOING_TO_ENDPOINT,dump_zone_3,load_zone_26,0.00025,0.00067
355.0,2026-07-02T12:13:16.081,2,-98.536,450.44,11.612,0.2633,0.0,GOING_TO_ENDPOINT,dump_zone_22,load_zone_22,0.000267,0.000716
355.0,2026-07-02T12:13:16.081,3,-161.073,392.869,10.465,-0.5,0.0,GOING_TO_ENDPOINT,dump_zone_23,load_zone_22,0.00025,0.00067
356.0,2026-07-02T12:13:18.116,1,685.252,-131.717,26.036,-0.5,0.0,GOING_TO_ENDPOINT,dump_zone_3,load_zone_26,0.00025,0.00067
356.0,2026-07-02T12:13:18.116,2,-99.191,447.391,10.748,-0.5,0.0,GOING_TO_ENDPOINT,dump_zone_22,load_zone_22,0.00025,0.00067
356.0,2026-07-02T12:13:18.116,3,-163.677,392.623,8.665,-0.5,0.0,GOING_TO_ENDPOINT,dump_zone_23,load_zone_22,0.00025,0.00067
357.0,2026-07-02T12:13:19.498,1,690.175,-136.639,24.236,-0.5,0.0,GOING_TO_ENDPOINT,dump_zone_3,load_zone_26,0.00025,0.00067
357.0,2026-07-02T12:13:19.498,2,-101.044,445.192,10.598,0.4167,0.0,GOING_TO_ENDPOINT,dump_zone_22,load_zone_22,0.000271,0.000726
357.0,2026-07-02T12:13:19.498,3,-165.752,393.111,6.865,-0.5,0.0,GOING_TO_ENDPOINT,dump_zone_23,load_zone_22,0.00025,0.00067
358.0,2026-07-02T12:13:21.361,1,694.745,-141.206,22.436,-0.5,0.0,GOING_TO_ENDPOINT,dump_zone_3,load_zone_26,0.00025,0.00067
358.0,2026-07-02T12:13:21.361,2,-103.364,442.761,13.673,1.0,0.0,GOING_TO_ENDPOINT,dump_zone_22,load_zone_22,0.000303,0.000812
358.0,2026-07-02T12:13:21.361,3,-167.322,393.786,5.49,-0.4167,0.0,GOING_TO_ENDPOINT,dump_zone_23,load_zone_22,0.00025,0.00067
359.0,2026-07-02T12:13:23.033,1,698.954,-145.428,20.636,-0.5,0.0,GOING_TO_ENDPOINT,dump_zone_3,load_zone_26,0.00025,0.00067
359.0,2026-07-02T12:13:23.033,2,-106.385,439.646,17.273,1.0,0.0,GOING_TO_ENDPOINT,dump_zone_22,load_zone_22,0.000317,0.00085
359.0,2026-07-02T12:13:23.033,3,-168.593,394.457,4.912,-0.3145,0.0,GOING_TO_ENDPOINT,dump_zone_23,load_zone_22,0.00025,0.00067
360.0,2026-07-02T12:13:25.015,1,702.406,-149.64,18.836,-0.5,0.0,GOING_TO_ENDPOINT,dump_zone_3,load_zone_26,0.00025,0.00067
360.0,2026-07-02T12:13:25.015,2,-110.074,435.785,20.873,1.0,0.0,GOING_TO_ENDPOINT,dump_zone_22,load_zone_22,0.000331,0.000887
360.0,2026-07-02T12:13:25.015,3,-169.591,395.008,3.358,-0.4167,0.0,LOADING,dump_zone_23,load_zone_22,0.00025,0.00067
361.0,2026-07-02T12:13:27.588,1,703.323,-154.375,17.411,-0.0833,0.0,GOING_TO_ENDPOINT,dump_zone_3,load_zone_26,0.000256,0.000686
361.0,2026-07-02T12:13:27.588,2,-114.426,431.176,24.473,1.0,0.0,GOING_TO_ENDPOINT,dump_zone_22,load_zone_22,0.000345,0.000925
361.0,2026-07-02T12:13:27.588,3,-170.191,395.331,1.633,-0.5,0.0,LOADING,dump_zone_23,load_zone_22,0.00025,0.00067
362.0,2026-07-02T12:13:30.486,1,702.611,-159.308,18.761,0.4167,0.0,GOING_TO_ENDPOINT,dump_zone_3,load_zone_26,0.000287,0.000769
362.0,2026-07-02T12:13:30.486,2,-119.411,425.92,26.948,0.25,0.0,GOING_TO_ENDPOINT,dump_zone_22,load_zone_22,0.000289,0.000775
362.0,2026-07-02T12:13:30.486,3,-170.358,395.42,0.0,-0.25,0.0,LOADING,dump_zone_23,load_zone_22,0.00025,0.00067
363.0,2026-07-02T12:13:33.112,1,702.49,-164.533,18.336,-0.5,0.0,GOING_TO_ENDPOINT,dump_zone_3,load_zone_26,0.00025,0.00067
363.0,2026-07-02T12:13:33.112,2,-124.547,420.57,26.048,-0.5,0.0,GOING_TO_ENDPOINT,dump_zone_22,load_zone_22,0.00025,0.00067
363.0,2026-07-02T12:13:33.112,3,-170.367,395.425,0.125,0.0833,0.0,LOADING,dump_zone_23,load_zone_22,0.00025,0.00067
364.0,2026-07-02T12:13:34.262,1,702.496,-169.356,16.561,-0.4167,0.0,GOING_TO_ENDPOINT,dump_zone_3,load_zone_26,0.00025,0.00067
364.0,2026-07-02T12:13:34.262,2,-129.413,415.587,24.248,-0.5,0.0,GOING_TO_ENDPOINT,dump_zone_22,load_zone_22,0.00025,0.00067
364.0,2026-07-02T12:13:34.262,3,-171.784,396.806,7.2,0.0,1000.0,TURNING_AROUND,load_zone_22,dump_zone_22,0.000258,0.000691
365.0,2026-07-02T12:13:35.432,1,702.5,-173.697,14.802,-0.5,0.0,GOING_TO_ENDPOINT,dump_zone_3,load_zone_26,0.00025,0.00067
365.0,2026-07-02T12:13:35.432,2,-133.985,411.017,22.448,-0.5,0.0,GOING_TO_ENDPOINT,dump_zone_22,load_zone_22,0.00025,0.00067
365.0,2026-07-02T12:13:35.432,3,-172.126,397.262,5.4,0.0,1000.0,TURNING_AROUND,load_zone_22,dump_zone_22,0.000256,0.000686
366.0,2026-07-02T12:13:36.638,1,702.5,-177.537,13.002,-0.5,0.0,GOING_TO_ENDPOINT,dump_zone_3,load_zone_26,0.00025,0.00067
366.0,2026-07-02T12:13:36.638,2,-138.267,406.865,20.648,-0.5,0.0,GOING_TO_ENDPOINT,dump_zone_22,load_zone_22,0.00025,0.00067
366.0,2026-07-02T12:13:36.638,3,-171.945,397.2,7.2,0.0,1000.0,TURNING_AROUND,load_zone_22,dump_zone_22,0.000258,0.000691
367.0,2026-07-02T12:13:38.200,1,702.5,-180.922,11.759,-0.2147,0.0,GOING_TO_ENDPOINT,dump_zone_3,load_zone_26,0.00025,0.00067
367.0,2026-07-02T12:13:38.200,2,-142.276,403.151,18.848,-0.5,0.0,GOING_TO_ENDPOINT,dump_zone_22,load_zone_22,0.00025,0.00067
367.0,2026-07-02T12:13:38.200,3,-170.865,398.859,7.2,0.0,1000.0,TURNING_AROUND,load_zone_22,dump_zone_22,0.000258,0.000691
368.0,2026-07-02T12:13:39.526,1,702.5,-183.947,10.078,-0.5,0.0,GOING_TO_ENDPOINT,dump_zone_3,load_zone_26,0.00025,0.00067
368.0,2026-07-02T12:13:39.526,2,-146.046,399.921,17.048,-0.5,0.0,GOING_TO_ENDPOINT,dump_zone_22,load_zone_22,0.00025,0.00067
368.0,2026-07-02T12:13:39.526,3,-171.698,398.467,5.4,0.0,1000.0,TURNING_AROUND,load_zone_22,dump_zone_22,0.000256,0.000686
369.0,2026-07-02T12:13:41.025,1,702.5,-186.476,8.278,-0.5,0.0,GOING_TO_ENDPOINT,dump_zone_3,load_zone_26,0.00025,0.00067
369.0,2026-07-02T12:13:41.025,2,-149.644,397.281,15.248,-0.5,0.0,GOING_TO_ENDPOINT,dump_zone_22,load_zone_22,0.00025,0.00067
369.0,2026-07-02T12:13:41.025,3,-171.254,398.518,0.5,0.5,1000.0,RETURNING_TO_START,load_zone_22,dump_zone_22,0.000252,0.000675
370.0,2026-07-02T12:13:42.796,1,702.497,-188.504,6.478,-0.5,0.0,GOING_TO_ENDPOINT,dump_zone_3,load_zone_26,0.00025,0.00067
370.0,2026-07-02T12:13:42.796,2,-153.116,395.376,13.448,-0.5,0.0,GOING_TO_ENDPOINT,dump_zone_22,load_zone_22,0.00025,0.00067
370.0,2026-07-02T12:13:42.796,3,-170.732,398.486,2.85,0.3333,1000.0,RETURNING_TO_START,load_zone_22,dump_zone_22,0.000258,0.000691
371.0,2026-07-02T12:13:44.690,1,702.521,-190.03,4.678,-0.5,0.0,GOING_TO_ENDPOINT,dump_zone_3,load_zone_26,0.00025,0.00067
371.0,2026-07-02T12:13:44.690,2,-156.397,394.258,11.798,-0.25,0.0,GOING_TO_ENDPOINT,dump_zone_22,load_zone_22,0.00025,0.00067
371.0,2026-07-02T12:13:44.690,3,-169.656,398.64,5.325,1.0,1000.0,RETURNING_TO_START,load_zone_22,dump_zone_22,0.000284,0.000761
372.0,2026-07-02T12:13:46.692,1,702.798,-191.018,2.878,-0.5,0.0,LOADING,dump_zone_3,load_zone_26,0.00025,0.00067
372.0,2026-07-02T12:13:46.692,2,-159.359,393.454,10.248,-0.5,0.0,GOING_TO_ENDPOINT,dump_zone_22,load_zone_22,0.00025,0.00067
372.0,2026-07-02T12:13:46.692,3,-167.785,399.397,8.925,1.0,1000.0,RETURNING_TO_START,load_zone_22,dump_zone_22,0.000308,0.000825
373.0,2026-07-02T12:13:48.633,1,703.034,-191.49,1.078,-0.5,0.0,LOADING,dump_zone_3,load_zone_26,0.00025,0.00067
373.0,2026-07-02T12:13:48.633,2,-161.853,392.803,8.548,-0.4167,0.0,GOING_TO_ENDPOINT,dump_zone_22,load_zone_22,0.00025,0.00067
373.0,2026-07-02T12:13:48.633,3,-164.853,399.729,11.825,0.4167,1000.0,RETURNING_TO_START,load_zone_22,dump_zone_22,0.000289,0.000775
374.0,2026-07-02T12:13:49.925,1,703.074,-191.557,0.0,-0.5,0.0,LOADING,dump_zone_3,load_zone_26,0.00025,0.00067
374.0,2026-07-02T12:13:49.925,2,-163.962,392.74,6.873,-0.4167,0.0,GOING_TO_ENDPOINT,dump_zone_22,load_zone_22,0.00025,0.00067
374.0,2026-07-02T12:13:49.925,3,-161.61,399.127,11.4,-0.5,1000.0,RETURNING_TO_START,load_zone_22,dump_zone_22,0.00025,0.00067
375.0,2026-07-02T12:13:51.075,1,703.367,-191.962,7.2,0.0,1000.0,TURNING_AROUND,load_zone_26,dump_zone_3,0.000258,0.000691
375.0,2026-07-02T12:13:51.075,2,-165.658,393.134,5.823,-0.0833,0.0,GOING_TO_ENDPOINT,dump_zone_22,load_zone_22,0.000252,0.000675
375.0,2026-07-02T12:13:51.075,3,-158.732,398.905,9.6,-0.5,1000.0,RETURNING_TO_START,load_zone_22,dump_zone_22,0.00025,0.00067
376.0,2026-07-02T12:13:52.158,1,704.963,-193.132,7.2,0.0,1000.0,TURNING_AROUND,load_zone_26,dump_zone_3,0.000258,0.000691
376.0,2026-07-02T12:13:52.158,2,-167.139,393.729,5.371,-0.2796,0.0,GOING_TO_ENDPOINT,dump_zone_22,load_zone_22,0.00025,0.00067
376.0,2026-07-02T12:13:52.158,3,-156.343,399.379,8.298,-0.0725,1000.0,RETURNING_TO_START,load_zone_22,dump_zone_22,0.000256,0.000686
377.0,2026-07-02T12:13:53.203,1,704.607,-193.233,5.4,0.0,1000.0,TURNING_AROUND,load_zone_26,dump_zone_3,0.000256,0.000686
377.0,2026-07-02T12:13:53.203,2,-168.384,394.357,4.612,-0.1649,0.0,GOING_TO_ENDPOINT,dump_zone_22,load_zone_22,0.00025,0.00067
377.0,2026-07-02T12:13:53.203,3,-154.078,400.368,9.937,0.7609,1000.0,RETURNING_TO_START,load_zone_22,dump_zone_22,0.000301,0.000807
378.0,2026-07-02T12:13:54.742,1,705.366,-192.853,7.2,0.0,1000.0,TURNING_AROUND,load_zone_26,dump_zone_3,0.000258,0.000691
378.0,2026-07-02T12:13:54.742,2,-169.521,394.973,4.489,-0.3537,0.0,GOING_TO_ENDPOINT,dump_zone_22,load_zone_22,0.00025,0.00067
378.0,2026-07-02T12:13:54.742,3,-151.482,402.004,12.155,0.7828,1000.0,RETURNING_TO_START,load_zone_22,dump_zone_22,0.000314,0.000842
379.0,2026-07-02T12:13:56.233,1,706.659,-191.754,5.4,0.0,1000.0,TURNING_AROUND,load_zone_26,dump_zone_3,0.000256,0.000686
379.0,2026-07-02T12:13:56.233,2,-170.379,395.467,2.808,-0.5,0.0,LOADING,dump_zone_22,load_zone_22,0.00025,0.00067
379.0,2026-07-02T12:13:56.233,3,-148.445,404.39,15.545,1.0,1000.0,RETURNING_TO_START,load_zone_22,dump_zone_22,0.00035,0.000938
380.0,2026-07-02T12:13:57.211,1,706.136,-192.84,7.2,0.0,1000.0,TURNING_AROUND,load_zone_26,dump_zone_3,0.000258,0.000691
380.0,2026-07-02T12:13:57.211,2,-170.779,395.782,1.008,-0.5,0.0,LOADING,dump_zone_22,load_zone_22,0.00025,0.00067
380.0,2026-07-02T12:13:57.211,3,-144.813,407.591,19.045,1.0,1000.0,RETURNING_TO_START,load_zone_22,dump_zone_22,0.000373,0.001
381.0,2026-07-02T12:13:58.690,1,706.136,-192.82,0.375,0.4167,1000.0,RETURNING_TO_START,load_zone_26,dump_zone_3,0.000251,0.000673
381.0,2026-07-02T12:13:58.690,2,-170.83,395.828,0.025,0.0833,0.0,LOADING,dump_zone_22,load_zone_22,0.00025,0.00067
381.0,2026-07-02T12:13:58.690,3,-140.569,411.582,22.495,0.75,1000.0,RETURNING_TO_START,load_zone_22,dump_zone_22,0.000365,0.000978
382.0,2026-07-02T12:14:00.109,1,706.098,-192.301,3.45,1.0,1000.0,RETURNING_TO_START,load_zone_26,dump_zone_3,0.000272,0.000729
382.0,2026-07-02T12:14:00.109,2,-171.316,396.383,7.2,0.0,1000.0,TURNING_AROUND,load_zone_22,dump_zone_23,0.000258,0.000691
382.0,2026-07-02T12:14:00.109,3,-135.965,416.091,23.245,-0.25,1000.0,RETURNING_TO_START,load_zone_22,dump_zone_22,0.00025,0.00067
383.0,2026-07-02T12:14:01.358,1,705.607,-190.894,7.05,1.0,1000.0,RETURNING_TO_START,load_zone_26,dump_zone_3,0.000295,0.000791
383.0,2026-07-02T12:14:01.358,2,-172.041,398.225,7.2,0.0,1000.0,TURNING_AROUND,load_zone_22,dump_zone_23,0.000258,0.000691
383.0,2026-07-02T12:14:01.358,3,-131.593,420.504,21.543,-0.5,1000.0,RETURNING_TO_START,load_zone_22,dump_zone_22,0.00025,0.00067
384.0,2026-07-02T12:14:03.215,1,703.888,-189.097,10.65,1.0,1000.0,RETURNING_TO_START,load_zone_26,dump_zone_3,0.000319,0.000855
384.0,2026-07-02T12:14:03.215,2,-172.223,397.613,5.4,0.0,1000.0,TURNING_AROUND,load_zone_22,dump_zone_23,0.000256,0.000686
384.0,2026-07-02T12:14:03.215,3,-127.608,424.598,19.743,-0.5,1000.0,RETURNING_TO_START,load_zone_22,dump_zone_22,0.00025,0.00067
385.0,2026-07-02T12:14:04.497,1,701.219,-186.833,14.25,1.0,1000.0,RETURNING_TO_START,load_zone_26,dump_zone_3,0.000342,0.000917
385.0,2026-07-02T12:14:04.497,2,-171.547,398.518,7.2,0.0,1000.0,TURNING_AROUND,load_zone_22,dump_zone_23,0.000258,0.000691
385.0,2026-07-02T12:14:04.497,3,-123.996,428.358,17.943,-0.5,1000.0,RETURNING_TO_START,load_zone_22,dump_zone_22,0.00025,0.00067
386.0,2026-07-02T12:14:06.021,1,698.553,-183.238,17.85,1.0,1000.0,RETURNING_TO_START,load_zone_26,dump_zone_3,0.000365,0.000978
386.0,2026-07-02T12:14:06.021,2,-170.425,399.377,5.4,0.0,1000.0,TURNING_AROUND,load_zone_22,dump_zone_23,0.000256,0.000686
386.0,2026-07-02T12:14:06.021,3,-120.746,431.771,16.143,-0.5,1000.0,RETURNING_TO_START,load_zone_22,dump_zone_22,0.00025,0.00067
387.0,2026-07-02T12:14:07.598,1,697.471,-178.052,19.8,0.0833,1000.0,RETURNING_TO_START,load_zone_26,dump_zone_3,0.00028,0.00075
387.0,2026-07-02T12:14:07.598,2,-171.256,399.17,0.35,0.4167,1000.0,RETURNING_TO_START,load_zone_22,dump_zone_23,0.000251,0.000673
387.0,2026-07-02T12:14:07.598,3,-117.848,434.83,14.343,-0.5,1000.0,RETURNING_TO_START,load_zone_22,dump_zone_22,0.00025,0.00067
388.0,2026-07-02T12:14:09.383,1,697.471,-172.698,18.525,-0.5,1000.0,RETURNING_TO_START,load_zone_26,dump_zone_3,0.00025,0.00067
388.0,2026-07-02T12:14:09.383,2,-170.745,399.133,3.425,1.0,1000.0,RETURNING_TO_START,load_zone_22,dump_zone_23,0.000272,0.000729
388.0,2026-07-02T12:14:09.383,3,-115.299,437.531,12.543,-0.5,1000.0,RETURNING_TO_START,load_zone_22,dump_zone_22,0.00025,0.00067
389.0,2026-07-02T12:14:11.025,1,697.501,-167.823,16.725,-0.5,1000.0,RETURNING_TO_START,load_zone_26,dump_zone_3,0.00025,0.00067
389.0,2026-07-02T12:14:11.025,2,-169.282,399.389,7.025,1.0,1000.0,RETURNING_TO_START,load_zone_22,dump_zone_23,0.000295,0.000791
389.0,2026-07-02T12:14:11.025,3,-113.084,439.883,10.843,-0.5,1000.0,RETURNING_TO_START,load_zone_22,dump_zone_22,0.00025,0.00067
390.0,2026-07-02T12:14:12.862,1,697.501,-163.448,14.925,-0.5,1000.0,RETURNING_TO_START,load_zone_26,dump_zone_3,0.00025,0.00067
390.0,2026-07-02T12:14:12.862,2,-166.899,400.087,10.625,1.0,1000.0,RETURNING_TO_START,load_zone_22,dump_zone_23,0.000318,0.000852
390.0,2026-07-02T12:14:12.862,3,-111.151,441.86,9.145,-0.5,1000.0,RETURNING_TO_START,load_zone_22,dump_zone_22,0.00025,0.00067
391.0,2026-07-02T12:14:14.800,1,697.5,-159.573,13.125,-0.5,1000.0,RETURNING_TO_START,load_zone_26,dump_zone_3,0.00025,0.00067
391.0,2026-07-02T12:14:14.800,2,-163.546,399.665,13.1,0.25,1000.0,RETURNING_TO_START,load_zone_22,dump_zone_23,0.000281,0.000753
391.0,2026-07-02T12:14:14.800,3,-109.284,443.137,7.407,-0.3762,1000.0,RETURNING_TO_START,load_zone_22,dump_zone_22,0.00025,0.00067
392.0,2026-07-02T12:14:16.602,1,697.5,-156.198,11.325,-0.5,1000.0,RETURNING_TO_START,load_zone_26,dump_zone_3,0.00025,0.00067
392.0,2026-07-02T12:14:16.602,2,-160.065,398.908,12.2,-0.5,1000.0,RETURNING_TO_START,load_zone_22,dump_zone_23,0.00025,0.00067
392.0,2026-07-02T12:14:16.602,3,-107.616,443.935,6.143,-0.2504,1000.0,RETURNING_TO_START,load_zone_22,dump_zone_22,0.00025,0.00067
393.0,2026-07-02T12:14:18.624,1,697.5,-153.323,9.525,-0.5,1000.0,RETURNING_TO_START,load_zone_26,dump_zone_3,0.00025,0.00067
393.0,2026-07-02T12:14:18.624,2,-156.975,399.186,10.4,-0.5,1000.0,RETURNING_TO_START,load_zone_22,dump_zone_23,0.00025,0.00067
393.0,2026-07-02T12:14:18.624,3,-106.232,444.743,5.757,0.0187,1000.0,RETURNING_TO_START,load_zone_22,dump_zone_22,0.000257,0.000689
394.0,2026-07-02T12:14:20.546,1,697.325,-150.963,7.75,-0.4167,1000.0,RETURNING_TO_START,load_zone_26,dump_zone_3,0.00025,0.00067
394.0,2026-07-02T12:14:20.546,2,-154.476,400.153,9.275,-0.0833,1000.0,RETURNING_TO_START,load_zone_22,dump_zone_23,0.000256,0.000686
394.0,2026-07-02T12:14:20.546,3,-105.055,445.658,4.851,-0.3493,1000.0,RETURNING_TO_START,load_zone_22,dump_zone_22,0.00025,0.00067
395.0,2026-07-02T12:14:22.201,1,696.232,-149.152,8.2,0.5833,1000.0,RETURNING_TO_START,load_zone_26,dump_zone_3,0.000284,0.000761
395.0,2026-07-02T12:14:22.201,2,-152.118,401.55,10.925,0.9167,1000.0,RETURNING_TO_START,load_zone_22,dump_zone_23,0.000316,0.000847
395.0,2026-07-02T12:14:22.201,3,-104.192,446.445,3.968,-0.0473,1000.0,RETURNING_TO_START,load_zone_22,dump_zone_22,0.000253,0.000678
396.0,2026-07-02T12:14:23.261,1,694.256,-147.232,11.55,1.0,1000.0,RETURNING_TO_START,load_zone_26,dump_zone_3,0.000324,0.000868
396.0,2026-07-02T12:14:23.261,2,-149.306,403.666,14.125,1.0,1000.0,RETURNING_TO_START,load_zone_22,dump_zone_23,0.000341,0.000914
396.0,2026-07-02T12:14:23.261,3,-103.296,447.327,5.248,0.4527,1000.0,RETURNING_TO_START,load_zone_22,dump_zone_22,0.000268,0.000718
397.0,2026-07-02T12:14:24.156,1,691.465,-144.728,15.15,1.0,1000.0,RETURNING_TO_START,load_zone_26,dump_zone_3,0.000348,0.000933
397.0,2026-07-02T12:14:24.156,2,-145.939,406.563,17.625,1.0,1000.0,RETURNING_TO_START,load_zone_22,dump_zone_23,0.000364,0.000976
397.0,2026-07-02T12:14:24.156,3,-102.255,448.435,5.378,-0.2139,1000.0,RETURNING_TO_START,load_zone_22,dump_zone_22,0.00025,0.00067
398.0,2026-07-02T12:14:25.580,1,687.994,-141.486,18.75,1.0,1000.0,RETURNING_TO_START,load_zone_26,dump_zone_3,0.000371,0.000994
398.0,2026-07-02T12:14:25.580,2,-141.954,410.262,21.225,1.0,1000.0,RETURNING_TO_START,load_zone_22,dump_zone_23,0.000387,0.001037
398.0,2026-07-02T12:14:25.580,3,-101.556,449.468,3.685,-0.5,1000.0,RETURNING_TO_START,load_zone_22,dump_zone_22,0.00025,0.00067
399.0,2026-07-02T12:14:27.272,1,683.905,-137.444,22.325,0.9167,1000.0,RETURNING_TO_START,load_zone_26,dump_zone_3,0.000384,0.001029
399.0,2026-07-02T12:14:27.272,2,-137.447,414.624,23.175,0.0833,1000.0,RETURNING_TO_START,load_zone_22,dump_zone_23,0.000285,0.000764
399.0,2026-07-02T12:14:27.272,3,-101.292,450.173,1.885,-0.5,1000.0,RETURNING_TO_START,load_zone_22,dump_zone_22,0.00025,0.00067
400.0,2026-07-02T12:14:28.841,1,679.319,-132.855,23.675,-0.0833,1000.0,RETURNING_TO_START,load_zone_26,dump_zone_3,0.000264,0.000708
400.0,2026-07-02T12:14:28.841,2,-132.946,419.129,22.882,0.107,1000.0,RETURNING_TO_START,load_zone_22,dump_zone_23,0.000287,0.000769
400.0,2026-07-02T12:14:28.841,3,-101.233,450.418,0.085,-0.5,1000.0,RETURNING_TO_START,load_zone_22,dump_zone_22,0.00025,0.00067
401.0,2026-07-02T12:14:30.042,1,674.797,-128.332,22.398,-0.4872,1000.0,RETURNING_TO_START,load_zone_26,dump_zone_3,0.00025,0.00067
401.0,2026-07-02T12:14:30.042,2,-128.548,423.629,22.356,-0.127,1000.0,RETURNING_TO_START,load_zone_22,dump_zone_23,0.000258,0.000691
401.0,2026-07-02T12:14:30.042,3,-101.233,450.418,0.0,-0.5,1000.0,RETURNING_TO_START,load_zone_22,dump_zone_22,0.00025,0.00067
402.0,2026-07-02T12:14:31.096,1,670.589,-124.124,20.598,-0.5,1000.0,RETURNING_TO_START,load_zone_26,dump_zone_3,0.00025,0.00067
402.0,2026-07-02T12:14:31.096,2,-124.394,427.944,20.753,-0.5,1000.0,RETURNING_TO_START,load_zone_22,dump_zone_23,0.00025,0.00067
402.0,2026-07-02T12:14:31.096,3,-101.233,450.418,0.0,-0.5,1000.0,RETURNING_TO_START,load_zone_22,dump_zone_22,0.00025,0.00067
403.0,2026-07-02T12:14:32.344,1,666.734,-120.27,18.823,-0.4167,1000.0,RETURNING_TO_START,load_zone_26,dump_zone_3,0.00025,0.00067
403.0,2026-07-02T12:14:32.344,2,-120.602,431.922,18.971,-0.5,1000.0,RETURNING_TO_START,load_zone_22,dump_zone_23,0.00025,0.00067
403.0,2026-07-02T12:14:32.344,3,-101.233,450.418,0.0,-0.5,1000.0,RETURNING_TO_START,load_zone_22,dump_zone_22,0.00025,0.00067
404.0,2026-07-02T12:14:33.863,1,663.211,-116.747,17.128,-0.5,1000.0,RETURNING_TO_START,load_zone_26,dump_zone_3,0.00025,0.00067
404.0,2026-07-02T12:14:33.863,2,-117.16,435.559,17.291,-0.4167,1000.0,RETURNING_TO_START,load_zone_22,dump_zone_23,0.00025,0.00067
404.0,2026-07-02T12:14:33.863,3,-101.233,450.418,0.0,-0.5,1000.0,RETURNING_TO_START,load_zone_22,dump_zone_22,0.00025,0.00067
405.0,2026-07-02T12:14:34.822,1,660.038,-113.573,15.353,-0.4167,1000.0,RETURNING_TO_START,load_zone_26,dump_zone_3,0.00025,0.00067
405.0,2026-07-02T12:14:34.822,2,-114.05,438.857,15.516,-0.4167,1000.0,RETURNING_TO_START,load_zone_22,dump_zone_23,0.00025,0.00067
405.0,2026-07-02T12:14:34.822,3,-101.233,450.418,0.0,-0.5,1000.0,RETURNING_TO_START,load_zone_22,dump_zone_22,0.00025,0.00067
406.0,2026-07-02T12:14:36.236,1,657.2,-110.735,13.628,-0.5,1000.0,RETURNING_TO_START,load_zone_26,dump_zone_3,0.00025,0.00067
406.0,2026-07-02T12:14:36.236,2,-111.253,441.829,14.029,-0.25,1000.0,RETURNING_TO_START,load_zone_22,dump_zone_23,0.00025,0.00067
406.0,2026-07-02T12:14:36.236,3,-101.233,450.418,0.0,-0.5,1000.0,RETURNING_TO_START,load_zone_22,dump_zone_22,0.00025,0.00067
407.0,2026-07-02T12:14:37.569,1,654.714,-108.25,11.828,-0.5,1000.0,RETURNING_TO_START,load_zone_26,dump_zone_3,0.00025,0.00067
407.0,2026-07-02T12:14:37.569,2,-108.759,444.555,12.629,-0.25,1000.0,RETURNING_TO_START,load_zone_22,dump_zone_23,0.00025,0.00067
407.0,2026-07-02T12:14:37.569,3,-101.233,450.418,0.0,-0.5,1000.0,RETURNING_TO_START,load_zone_22,dump_zone_22,0.00025,0.00067
408.0,2026-07-02T12:14:39.010,1,652.565,-106.101,10.176,-0.3905,1000.0,RETURNING_TO_START,load_zone_26,dump_zone_3,0.00025,0.00067
408.0,2026-07-02T12:14:39.010,2,-105.9,446.671,13.379,0.25,1000.0,RETURNING_TO_START,load_zone_22,dump_zone_23,0.000282,0.000756
408.0,2026-07-02T12:14:39.010,3,-101.233,450.418,0.0,-0.5,1000.0,RETURNING_TO_START,load_zone_22,dump_zone_22,0.00025,0.00067
409.0,2026-07-02T12:14:40.876,1,650.69,-104.225,8.806,-0.5,1000.0,RETURNING_TO_START,load_zone_26,dump_zone_3,0.00025,0.00067
409.0,2026-07-02T12:14:40.876,2,-102.41,447.202,12.479,-0.5,1000.0,RETURNING_TO_START,load_zone_22,dump_zone_23,0.00025,0.00067
409.0,2026-07-02T12:14:40.876,3,-101.233,450.418,0.0,-0.5,1000.0,RETURNING_TO_START,load_zone_22,dump_zone_22,0.00025,0.00067
410.0,2026-07-02T12:14:41.887,1,649.102,-102.741,7.006,-0.5,1000.0,RETURNING_TO_START,load_zone_26,dump_zone_3,0.00025,0.00067
410.0,2026-07-02T12:14:41.887,2,-99.297,446.877,10.679,-0.5,1000.0,RETURNING_TO_START,load_zone_22,dump_zone_23,0.00025,0.00067
410.0,2026-07-02T12:14:41.887,3,-101.233,450.418,0.0,-0.5,1000.0,RETURNING_TO_START,load_zone_22,dump_zone_22,0.00025,0.00067
411.0,2026-07-02T12:14:43.656,1,647.515,-101.988,6.331,0.25,1000.0,RETURNING_TO_START,load_zone_26,dump_zone_3,0.000265,0.00071
411.0,2026-07-02T12:14:43.656,2,-97.126,448.39,8.879,-0.5,1000.0,RETURNING_TO_START,load_zone_22,dump_zone_23,0.00025,0.00067
411.0,2026-07-02T12:14:43.656,3,-101.233,450.418,0.0,-0.5,1000.0,RETURNING_TO_START,load_zone_22,dump_zone_22,0.00025,0.00067
412.0,2026-07-02T12:14:45.591,1,645.424,-101.872,9.031,1.0,1000.0,RETURNING_TO_START,load_zone_26,dump_zone_3,0.000308,0.000825
412.0,2026-07-02T12:14:45.591,2,-96.368,450.479,7.527,-0.3769,1000.0,RETURNING_TO_START,load_zone_22,dump_zone_23,0.00025,0.00067
412.0,2026-07-02T12:14:45.591,3,-101.233,450.418,0.0,-0.25,1000.0,RETURNING_TO_START,load_zone_22,dump_zone_22,0.00025,0.00067
413.0,2026-07-02T12:14:47.534,1,642.379,-102.044,12.631,1.0,1000.0,RETURNING_TO_START,load_zone_26,dump_zone_3,0.000331,0.000887
413.0,2026-07-02T12:14:47.534,2,-96.767,452.514,8.12,0.6231,1000.0,RETURNING_TO_START,load_zone_22,dump_zone_23,0.000286,0.000766
413.0,2026-07-02T12:14:47.534,3,-101.218,450.493,0.96,0.6889,1000.0,RETURNING_TO_START,load_zone_22,dump_zone_22,0.000255,0.000683
414.0,2026-07-02T12:14:49.778,1,638.339,-102.327,16.231,1.0,1000.0,RETURNING_TO_START,load_zone_26,dump_zone_3,0.000355,0.000951
414.0,2026-07-02T12:14:49.778,2,-98.46,454.262,9.013,-0.2103,1000.0,RETURNING_TO_START,load_zone_22,dump_zone_23,0.00025,0.00067
414.0,2026-07-02T12:14:49.778,3,-101.052,451.228,4.055,0.5833,1000.0,RETURNING_TO_START,load_zone_22,dump_zone_22,0.000267,0.000716
415.0,2026-07-02T12:14:52.645,1,633.297,-102.486,19.681,0.75,1000.0,RETURNING_TO_START,load_zone_26,dump_zone_3,0.00035,0.000938
415.0,2026-07-02T12:14:52.645,2,-100.644,454.731,7.324,-0.5,1000.0,RETURNING_TO_START,load_zone_22,dump_zone_23,0.00025,0.00067
415.0,2026-07-02T12:14:52.645,3,-100.545,452.348,4.205,-0.4167,1000.0,RETURNING_TO_START,load_zone_22,dump_zone_22,0.00025,0.00067
416.0,2026-07-02T12:14:54.991,1,627.635,-102.503,20.431,-0.25,1000.0,RETURNING_TO_START,load_zone_26,dump_zone_3,0.00025,0.00067
416.0,2026-07-02T12:14:54.991,2,-102.408,454.363,5.94,-0.2829,1000.0,RETURNING_TO_START,load_zone_22,dump_zone_23,0.00025,0.00067
416.0,2026-07-02T12:14:54.991,3,-100.29,453.207,2.405,-0.5,1000.0,RETURNING_TO_START,load_zone_22,dump_zone_22,0.00025,0.00067
417.0,2026-07-02T12:14:56.590,1,622.21,-102.5,18.706,-0.5,1000.0,RETURNING_TO_START,load_zone_26,dump_zone_3,0.00025,0.00067
417.0,2026-07-02T12:14:56.590,2,-103.852,453.888,5.114,-0.2108,1000.0,RETURNING_TO_START,load_zone_22,dump_zone_23,0.00025,0.00067
417.0,2026-07-02T12:14:56.590,3,-100.238,453.6,0.605,-0.5,1000.0,RETURNING_TO_START,load_zone_22,dump_zone_22,0.00025,0.00067
418.0,2026-07-02T12:14:59.059,1,617.285,-102.5,16.906,-0.5,1000.0,RETURNING_TO_START,load_zone_26,dump_zone_3,0.00025,0.00067
418.0,2026-07-02T12:14:59.059,2,-105.064,453.402,4.354,-0.2113,1000.0,RETURNING_TO_START,load_zone_22,dump_zone_23,0.00025,0.00067
418.0,2026-07-02T12:14:59.059,3,-100.236,453.622,0.0,-0.5,1000.0,RETURNING_TO_START,load_zone_22,dump_zone_22,0.00025,0.00067
419.0,2026-07-02T12:15:01.405,1,612.859,-102.5,15.106,-0.5,1000.0,RETURNING_TO_START,load_zone_26,dump_zone_3,0.00025,0.00067
419.0,2026-07-02T12:15:01.405,2,-106.057,452.942,3.593,-0.2113,1000.0,RETURNING_TO_START,load_zone_22,dump_zone_23,0.00025,0.00067
419.0,2026-07-02T12:15:01.405,3,-100.236,453.622,0.0,-0.5,1000.0,RETURNING_TO_START,load_zone_22,dump_zone_22,0.00025,0.00067
420.0,2026-07-02T12:15:03.482,1,608.934,-102.5,13.306,-0.5,1000.0,RETURNING_TO_START,load_zone_26,dump_zone_3,0.00025,0.00067
420.0,2026-07-02T12:15:03.482,2,-106.842,452.536,2.832,-0.2113,1000.0,RETURNING_TO_START,load_zone_22,dump_zone_23,0.00025,0.00067
420.0,2026-07-02T12:15:03.482,3,-100.236,453.622,0.0,-0.5,1000.0,RETURNING_TO_START,load_zone_22,dump_zone_22,0.00025,0.00067
421.0,2026-07-02T12:15:05.035,1,605.509,-102.5,11.506,-0.5,1000.0,RETURNING_TO_START,load_zone_26,dump_zone_3,0.00025,0.00067
421.0,2026-07-02T12:15:05.035,2,-107.428,452.207,2.052,-0.2784,1000.0,RETURNING_TO_START,load_zone_22,dump_zone_23,0.00025,0.00067
421.0,2026-07-02T12:15:05.035,3,-100.236,453.622,0.0,-0.5,1000.0,RETURNING_TO_START,load_zone_22,dump_zone_22,0.00025,0.00067
422.0,2026-07-02T12:15:06.195,1,602.583,-102.499,9.706,-0.5,1000.0,RETURNING_TO_START,load_zone_26,dump_zone_3,0.00025,0.00067
422.0,2026-07-02T12:15:06.195,2,-107.77,452.007,0.938,-0.2518,1000.0,RETURNING_TO_START,load_zone_22,dump_zone_23,0.00025,0.00067
422.0,2026-07-02T12:15:06.195,3,-100.236,453.622,0.0,-0.5,1000.0,RETURNING_TO_START,load_zone_22,dump_zone_22,0.00025,0.00067
423.0,2026-07-02T12:15:07.502,1,600.186,-102.172,8.031,-0.4167,1000.0,RETURNING_TO_START,load_zone_26,dump_zone_3,0.00025,0.00067
423.0,2026-07-02T12:15:07.502,2,-107.889,451.936,0.148,-0.2061,1000.0,RETURNING_TO_START,load_zone_22,dump_zone_23,0.00025,0.00067
423.0,2026-07-02T12:15:07.502,3,-100.236,453.622,0.0,-0.5,1000.0,RETURNING_TO_START,load_zone_22,dump_zone_22,0.00025,0.00067
424.0,2026-07-02T12:15:08.958,1,598.401,-100.91,8.431,0.4167,1000.0,RETURNING_TO_START,load_zone_26,dump_zone_3,0.000278,0.000745
424.0,2026-07-02T12:15:08.958,2,-107.891,451.935,0.0,-0.2094,1000.0,RETURNING_TO_START,load_zone_22,dump_zone_23,0.00025,0.00067
424.0,2026-07-02T12:15:08.958,3,-100.236,453.622,0.0,-0.5,1000.0,RETURNING_TO_START,load_zone_22,dump_zone_22,0.00025,0.00067
425.0,2026-07-02T12:15:10.153,1,597.504,-98.76,8.031,-0.4167,1000.0,RETURNING_TO_START,load_zone_26,dump_zone_3,0.00025,0.00067
425.0,2026-07-02T12:15:10.153,2,-107.891,451.935,0.0,-0.1997,1000.0,RETURNING_TO_START,load_zone_22,dump_zone_23,0.00025,0.00067
425.0,2026-07-02T12:15:10.153,3,-100.236,453.622,0.0,-0.5,1000.0,RETURNING_TO_START,load_zone_22,dump_zone_22,0.00025,0.00067
426.0,2026-07-02T12:15:11.291,1,597.333,-96.553,8.481,0.5833,1000.0,RETURNING_TO_START,load_zone_26,dump_zone_3,0.000286,0.000766
426.0,2026-07-02T12:15:11.291,2,-107.891,451.935,0.0,-0.1997,1000.0,RETURNING_TO_START,load_zone_22,dump_zone_23,0.00025,0.00067
426.0,2026-07-02T12:15:11.291,3,-100.236,453.622,0.0,-0.5,1000.0,RETURNING_TO_START,load_zone_22,dump_zone_22,0.00025,0.00067
427.0,2026-07-02T12:15:12.449,1,597.349,-93.72,11.831,1.0,1000.0,RETURNING_TO_START,load_zone_26,dump_zone_3,0.000326,0.000874
427.0,2026-07-02T12:15:12.449,2,-107.891,451.935,0.0,-0.1997,1000.0,RETURNING_TO_START,load_zone_22,dump_zone_23,0.00025,0.00067
427.0,2026-07-02T12:15:12.449,3,-100.236,453.622,0.0,-0.5,1000.0,RETURNING_TO_START,load_zone_22,dump_zone_22,0.00025,0.00067
428.0,2026-07-02T12:15:13.590,1,597.437,-89.893,15.431,1.0,1000.0,RETURNING_TO_START,load_zone_26,dump_zone_3,0.000349,0.000935
428.0,2026-07-02T12:15:13.590,2,-107.891,451.935,0.0,-0.1997,1000.0,RETURNING_TO_START,load_zone_22,dump_zone_23,0.00025,0.00067
428.0,2026-07-02T12:15:13.590,3,-100.236,453.622,0.0,-0.5,1000.0,RETURNING_TO_START,load_zone_22,dump_zone_22,0.00025,0.00067
429.0,2026-07-02T12:15:15.140,1,597.496,-85.065,19.031,1.0,1000.0,RETURNING_TO_START,load_zone_26,dump_zone_3,0.000373,0.001
429.0,2026-07-02T12:15:15.140,2,-107.891,451.935,0.0,-0.1997,1000.0,RETURNING_TO_START,load_zone_22,dump_zone_23,0.00025,0.00067
429.0,2026-07-02T12:15:15.140,3,-100.236,453.622,0.0,-0.5,1000.0,RETURNING_TO_START,load_zone_22,dump_zone_22,0.00025,0.00067
430.0,2026-07-02T12:15:16.868,1,597.502,-79.247,22.473,0.8264,1000.0,RETURNING_TO_START,load_zone_26,dump_zone_3,0.000374,0.001002
430.0,2026-07-02T12:15:16.868,2,-107.891,451.935,0.0,-0.1997,1000.0,RETURNING_TO_START,load_zone_22,dump_zone_23,0.00025,0.00067
430.0,2026-07-02T12:15:16.868,3,-100.236,453.622,0.0,-0.5,1000.0,RETURNING_TO_START,load_zone_22,dump_zone_22,0.00025,0.00067
431.0,2026-07-02T12:15:18.254,1,597.5,-72.725,23.824,-0.0672,1000.0,RETURNING_TO_START,load_zone_26,dump_zone_3,0.000267,0.000716
431.0,2026-07-02T12:15:18.254,2,-107.891,451.935,0.0,-0.1997,1000.0,RETURNING_TO_START,load_zone_22,dump_zone_23,0.00025,0.00067
431.0,2026-07-02T12:15:18.254,3,-100.236,453.622,0.0,-0.5,1000.0,RETURNING_TO_START,load_zone_22,dump_zone_22,0.00025,0.00067
432.0,2026-07-02T12:15:19.633,1,597.5,-66.305,22.39,-0.3828,1000.0,RETURNING_TO_START,load_zone_26,dump_zone_3,0.00025,0.00067
432.0,2026-07-02T12:15:19.633,2,-107.891,451.935,0.0,-0.1997,1000.0,RETURNING_TO_START,load_zone_22,dump_zone_23,0.00025,0.00067
432.0,2026-07-02T12:15:19.633,3,-100.236,453.622,0.0,-0.5,1000.0,RETURNING_TO_START,load_zone_22,dump_zone_22,0.00025,0.00067
433.0,2026-07-02T12:15:20.963,1,597.5,-60.186,21.93,-0.0189,1000.0,RETURNING_TO_START,load_zone_26,dump_zone_3,0.000271,0.000726
433.0,2026-07-02T12:15:20.963,2,-107.891,451.935,0.0,-0.1997,1000.0,RETURNING_TO_START,load_zone_22,dump_zone_23,0.00025,0.00067
433.0,2026-07-02T12:15:20.963,3,-100.236,453.622,0.0,-0.5,1000.0,RETURNING_TO_START,load_zone_22,dump_zone_22,0.00025,0.00067
434.0,2026-07-02T12:15:22.346,1,597.5,-54.058,22.191,0.1697,1000.0,RETURNING_TO_START,load_zone_26,dump_zone_3,0.000294,0.000788
434.0,2026-07-02T12:15:22.346,2,-107.891,451.935,0.0,-0.1997,1000.0,RETURNING_TO_START,load_zone_22,dump_zone_23,0.00025,0.00067
434.0,2026-07-02T12:15:22.346,3,-100.236,453.622,0.0,-0.5,1000.0,RETURNING_TO_START,load_zone_22,dump_zone_22,0.00025,0.00067
435.0,2026-07-02T12:15:23.707,1,597.5,-47.664,23.72,0.2676,1000.0,RETURNING_TO_START,load_zone_26,dump_zone_3,0.000309,0.000828
435.0,2026-07-02T12:15:23.707,2,-107.891,451.935,0.0,-0.1997,1000.0,RETURNING_TO_START,load_zone_22,dump_zone_23,0.00025,0.00067
435.0,2026-07-02T12:15:23.707,3,-100.236,453.622,0.0,-0.5,1000.0,RETURNING_TO_START,load_zone_22,dump_zone_22,0.00025,0.00067
436.0,2026-07-02T12:15:24.940,1,597.5,-41.1,23.276,-0.3419,1000.0,RETURNING_TO_START,load_zone_26,dump_zone_3,0.00025,0.00067
436.0,2026-07-02T12:15:24.940,2,-107.891,451.935,0.0,-0.1997,1000.0,RETURNING_TO_START,load_zone_22,dump_zone_23,0.00025,0.00067
436.0,2026-07-02T12:15:24.940,3,-100.236,453.622,0.0,-0.5,1000.0,RETURNING_TO_START,load_zone_22,dump_zone_22,0.00025,0.00067
437.0,2026-07-02T12:15:26.215,1,597.5,-34.803,22.624,0.25,1000.0,RETURNING_TO_START,load_zone_26,dump_zone_3,0.000304,0.000815
437.0,2026-07-02T12:15:26.215,2,-107.891,451.935,0.0,-0.1997,1000.0,RETURNING_TO_START,load_zone_22,dump_zone_23,0.00025,0.00067
437.0,2026-07-02T12:15:26.215,3,-100.236,453.622,0.0,-0.5,1000.0,RETURNING_TO_START,load_zone_22,dump_zone_22,0.00025,0.00067
438.0,2026-07-02T12:15:27.562,1,597.5,-28.278,24.324,0.4167,1000.0,RETURNING_TO_START,load_zone_26,dump_zone_3,0.00033,0.000884
438.0,2026-07-02T12:15:27.562,2,-107.891,451.935,0.0,-0.1997,1000.0,RETURNING_TO_START,load_zone_22,dump_zone_23,0.00025,0.00067
438.0,2026-07-02T12:15:27.562,3,-100.236,453.622,0.0,-0.5,1000.0,RETURNING_TO_START,load_zone_22,dump_zone_22,0.00025,0.00067
439.0,2026-07-02T12:15:29.085,1,597.5,-21.506,23.899,-0.5,1000.0,RETURNING_TO_START,load_zone_26,dump_zone_3,0.00025,0.00067
439.0,2026-07-02T12:15:29.085,2,-107.891,451.935,0.0,-0.1997,1000.0,RETURNING_TO_START,load_zone_22,dump_zone_23,0.00025,0.00067
439.0,2026-07-02T12:15:29.085,3,-100.236,453.622,0.0,-0.5,1000.0,RETURNING_TO_START,load_zone_22,dump_zone_22,0.00025,0.00067
440.0,2026-07-02T12:15:31.052,1,597.5,-15.09,22.799,0.0833,1000.0,RETURNING_TO_START,load_zone_26,dump_zone_3,0.000284,0.000761
440.0,2026-07-02T12:15:31.052,2,-107.891,451.935,0.0,-0.1997,1000.0,RETURNING_TO_START,load_zone_22,dump_zone_23,0.00025,0.00067
440.0,2026-07-02T12:15:31.052,3,-100.236,453.622,0.0,-0.5,1000.0,RETURNING_TO_START,load_zone_22,dump_zone_22,0.00025,0.00067
441.0,2026-07-02T12:15:33.289,1,597.5,-8.691,22.823,-0.3339,1000.0,RETURNING_TO_START,load_zone_26,dump_zone_3,0.00025,0.00067
441.0,2026-07-02T12:15:33.289,2,-107.891,451.935,0.0,-0.1997,1000.0,RETURNING_TO_START,load_zone_22,dump_zone_23,0.00025,0.00067
441.0,2026-07-02T12:15:33.289,3,-100.236,453.622,0.0,-0.5,1000.0,RETURNING_TO_START,load_zone_22,dump_zone_22,0.00025,0.00067
442.0,2026-07-02T12:15:35.343,1,597.5,-2.507,22.192,0.1459,1000.0,RETURNING_TO_START,load_zone_26,dump_zone_3,0.000291,0.00078
442.0,2026-07-02T12:15:35.343,2,-107.891,451.935,0.0,-0.1997,1000.0,RETURNING_TO_START,load_zone_22,dump_zone_23,0.00025,0.00067
442.0,2026-07-02T12:15:35.343,3,-100.236,453.622,0.0,-0.5,1000.0,RETURNING_TO_START,load_zone_22,dump_zone_22,0.00025,0.00067
443.0,2026-07-02T12:15:37.348,1,597.5,3.778,23.017,0.2293,1000.0,RETURNING_TO_START,load_zone_26,dump_zone_3,0.000303,0.000812
443.0,2026-07-02T12:15:37.348,2,-107.891,451.935,0.0,-0.1997,1000.0,RETURNING_TO_START,load_zone_22,dump_zone_23,0.00025,0.00067
443.0,2026-07-02T12:15:37.348,3,-100.236,453.622,0.0,-0.5,1000.0,RETURNING_TO_START,load_zone_22,dump_zone_22,0.00025,0.00067
444.0,2026-07-02T12:15:39.321,1,597.5,10.265,23.671,0.3598,1000.0,RETURNING_TO_START,load_zone_26,dump_zone_3,0.000321,0.00086
444.0,2026-07-02T12:15:39.321,2,-107.891,451.935,0.0,-0.1997,1000.0,RETURNING_TO_START,load_zone_22,dump_zone_23,0.00025,0.00067
444.0,2026-07-02T12:15:39.321,3,-100.236,453.622,0.0,-0.5,1000.0,RETURNING_TO_START,load_zone_22,dump_zone_22,0.00025,0.00067
445.0,2026-07-02T12:15:41.462,1,597.5,16.916,23.666,-0.3069,1000.0,RETURNING_TO_START,load_zone_26,dump_zone_3,0.00025,0.00067
445.0,2026-07-02T12:15:41.462,2,-107.891,451.935,0.0,-0.1997,1000.0,RETURNING_TO_START,load_zone_22,dump_zone_23,0.00025,0.00067
445.0,2026-07-02T12:15:41.462,3,-100.236,453.622,0.0,-0.5,1000.0,RETURNING_TO_START,load_zone_22,dump_zone_22,0.00025,0.00067
446.0,2026-07-02T12:15:42.800,1,597.5,23.372,22.9,-0.2605,1000.0,RETURNING_TO_START,load_zone_26,dump_zone_3,0.00025,0.00067
446.0,2026-07-02T12:15:42.800,2,-107.891,451.935,0.0,-0.1997,1000.0,RETURNING_TO_START,load_zone_22,dump_zone_23,0.00025,0.00067
446.0,2026-07-02T12:15:42.800,3,-100.236,453.622,0.0,-0.5,1000.0,RETURNING_TO_START,load_zone_22,dump_zone_22,0.00025,0.00067
447.0,2026-07-02T12:15:44.097,1,597.5,29.709,23.063,0.4061,1000.0,RETURNING_TO_START,load_zone_26,dump_zone_3,0.000325,0.000871
447.0,2026-07-02T12:15:44.097,2,-107.891,451.935,0.0,-0.1997,1000.0,RETURNING_TO_START,load_zone_22,dump_zone_23,0.00025,0.00067
447.0,2026-07-02T12:15:44.097,3,-100.236,453.622,0.0,-0.5,1000.0,RETURNING_TO_START,load_zone_22,dump_zone_22,0.00025,0.00067
448.0,2026-07-02T12:15:45.373,1,597.5,36.215,23.175,-0.4272,1000.0,RETURNING_TO_START,load_zone_26,dump_zone_3,0.00025,0.00067
448.0,2026-07-02T12:15:45.373,2,-107.891,451.935,0.0,-0.1997,1000.0,RETURNING_TO_START,load_zone_22,dump_zone_23,0.00025,0.00067
448.0,2026-07-02T12:15:45.373,3,-100.236,453.622,0.0,-0.5,1000.0,RETURNING_TO_START,load_zone_22,dump_zone_22,0.00025,0.00067
449.0,2026-07-02T12:15:47.505,1,597.5,42.546,22.975,0.25,1000.0,RETURNING_TO_START,load_zone_26,dump_zone_3,0.000305,0.000817
449.0,2026-07-02T12:15:47.505,2,-107.891,451.935,0.0,-0.1997,1000.0,RETURNING_TO_START,load_zone_22,dump_zone_23,0.00025,0.00067
449.0,2026-07-02T12:15:47.505,3,-100.236,453.622,0.0,-0.5,1000.0,RETURNING_TO_START,load_zone_22,dump_zone_22,0.00025,0.00067
450.0,2026-07-02T12:15:49.768,1,597.5,48.969,23.314,0.1893,1000.0,RETURNING_TO_START,load_zone_26,dump_zone_3,0.000298,0.000799
450.0,2026-07-02T12:15:49.768,2,-107.891,451.935,0.0,-0.1997,1000.0,RETURNING_TO_START,load_zone_22,dump_zone_23,0.00025,0.00067
450.0,2026-07-02T12:15:49.768,3,-100.236,453.622,0.0,-0.5,1000.0,RETURNING_TO_START,load_zone_22,dump_zone_22,0.00025,0.00067
451.0,2026-07-02T12:15:51.967,1,597.5,55.512,23.655,0.0561,1000.0,RETURNING_TO_START,load_zone_26,dump_zone_3,0.000282,0.000756
451.0,2026-07-02T12:15:51.967,2,-107.891,451.935,0.0,-0.1997,1000.0,RETURNING_TO_START,load_zone_22,dump_zone_23,0.00025,0.00067
451.0,2026-07-02T12:15:51.967,3,-100.236,453.622,0.0,-0.5,1000.0,RETURNING_TO_START,load_zone_22,dump_zone_22,0.00025,0.00067
452.0,2026-07-02T12:15:53.954,1,597.5,62.177,23.959,-0.2859,1000.0,RETURNING_TO_START,load_zone_26,dump_zone_3,0.00025,0.00067
452.0,2026-07-02T12:15:53.954,2,-107.891,451.935,0.0,-0.1997,1000.0,RETURNING_TO_START,load_zone_22,dump_zone_23,0.00025,0.00067
452.0,2026-07-02T12:15:53.954,3,-100.236,453.622,0.0,-0.5,1000.0,RETURNING_TO_START,load_zone_22,dump_zone_22,0.00025,0.00067
453.0,2026-07-02T12:15:56.056,1,597.5,68.596,22.466,-0.2468,1000.0,RETURNING_TO_START,load_zone_26,dump_zone_3,0.00025,0.00067
453.0,2026-07-02T12:15:56.056,2,-107.891,451.935,0.0,-0.1997,1000.0,RETURNING_TO_START,load_zone_22,dump_zone_23,0.00025,0.00067
453.0,2026-07-02T12:15:56.056,3,-100.236,453.622,0.0,-0.5,1000.0,RETURNING_TO_START,load_zone_22,dump_zone_22,0.00025,0.00067
454.0,2026-07-02T12:15:58.311,1,597.5,74.825,22.768,0.3122,1000.0,RETURNING_TO_START,load_zone_26,dump_zone_3,0.000312,0.000836
454.0,2026-07-02T12:15:58.311,2,-107.891,451.935,0.0,-0.1997,1000.0,RETURNING_TO_START,load_zone_22,dump_zone_23,0.00025,0.00067
454.0,2026-07-02T12:15:58.311,3,-100.236,453.622,0.0,-0.5,1000.0,RETURNING_TO_START,load_zone_22,dump_zone_22,0.00025,0.00067
455.0,2026-07-02T12:16:00.908,1,597.5,81.204,23.281,0.3767,1000.0,RETURNING_TO_START,load_zone_26,dump_zone_3,0.000322,0.000863
455.0,2026-07-02T12:16:00.908,2,-107.891,451.935,0.0,-0.1997,1000.0,RETURNING_TO_START,load_zone_22,dump_zone_23,0.00025,0.00067
455.0,2026-07-02T12:16:00.908,3,-100.236,453.622,0.0,-0.5,1000.0,RETURNING_TO_START,load_zone_22,dump_zone_22,0.00025,0.00067
456.0,2026-07-02T12:16:03.977,1,597.5,87.895,24.338,-0.1233,1000.0,RETURNING_TO_START,load_zone_26,dump_zone_3,0.00026,0.000697
456.0,2026-07-02T12:16:03.977,2,-107.891,451.935,0.0,-0.1997,1000.0,RETURNING_TO_START,load_zone_22,dump_zone_23,0.00025,0.00067
456.0,2026-07-02T12:16:03.977,3,-100.236,453.622,0.0,-0.5,1000.0,RETURNING_TO_START,load_zone_22,dump_zone_22,0.00025,0.00067
457.0,2026-07-02T12:16:06.033,1,597.5,94.456,23.115,-0.0833,1000.0,RETURNING_TO_START,load_zone_26,dump_zone_3,0.000264,0.000708
457.0,2026-07-02T12:16:06.033,2,-107.891,451.935,0.0,-0.1997,1000.0,RETURNING_TO_START,load_zone_22,dump_zone_23,0.00025,0.00067
457.0,2026-07-02T12:16:06.033,3,-100.236,453.622,0.0,-0.5,1000.0,RETURNING_TO_START,load_zone_22,dump_zone_22,0.00025,0.00067
458.0,2026-07-02T12:16:08.102,1,597.5,100.945,23.365,-0.25,1000.0,RETURNING_TO_START,load_zone_26,dump_zone_3,0.00025,0.00067
458.0,2026-07-02T12:16:08.102,2,-107.891,451.935,0.0,-0.1997,1000.0,RETURNING_TO_START,load_zone_22,dump_zone_23,0.00025,0.00067
458.0,2026-07-02T12:16:08.102,3,-100.236,453.622,0.0,-0.5,1000.0,RETURNING_TO_START,load_zone_22,dump_zone_22,0.00025,0.00067
459.0,2026-07-02T12:16:10.152,1,597.5,107.419,23.756,0.4028,1000.0,RETURNING_TO_START,load_zone_26,dump_zone_3,0.000327,0.000876
459.0,2026-07-02T12:16:10.152,2,-107.891,451.935,0.0,-0.1997,1000.0,RETURNING_TO_START,load_zone_22,dump_zone_23,0.00025,0.00067
459.0,2026-07-02T12:16:10.152,3,-100.236,453.622,0.0,-0.5,1000.0,RETURNING_TO_START,load_zone_22,dump_zone_22,0.00025,0.00067
460.0,2026-07-02T12:16:11.430,1,597.5,114.031,23.378,-0.3707,1000.0,RETURNING_TO_START,load_zone_26,dump_zone_3,0.00025,0.00067
460.0,2026-07-02T12:16:11.430,2,-107.891,451.935,0.0,-0.1997,1000.0,RETURNING_TO_START,load_zone_22,dump_zone_23,0.00025,0.00067
460.0,2026-07-02T12:16:11.430,3,-100.236,453.622,0.0,-0.5,1000.0,RETURNING_TO_START,load_zone_22,dump_zone_22,0.00025,0.00067
461.0,2026-07-02T12:16:12.998,1,597.5,120.437,22.636,-0.3685,1000.0,RETURNING_TO_START,load_zone_26,dump_zone_3,0.00025,0.00067
461.0,2026-07-02T12:16:12.998,2,-107.891,451.935,0.0,-0.1997,1000.0,RETURNING_TO_START,load_zone_22,dump_zone_23,0.00025,0.00067
461.0,2026-07-02T12:16:12.998,3,-100.236,453.622,0.0,-0.5,1000.0,RETURNING_TO_START,load_zone_22,dump_zone_22,0.00025,0.00067
462.0,2026-07-02T12:16:14.878,1,597.5,126.708,22.81,0.2981,1000.0,RETURNING_TO_START,load_zone_26,dump_zone_3,0.000311,0.000833
462.0,2026-07-02T12:16:14.878,2,-107.891,451.935,0.0,-0.1997,1000.0,RETURNING_TO_START,load_zone_22,dump_zone_23,0.00025,0.00067
462.0,2026-07-02T12:16:14.878,3,-100.236,453.622,0.0,-0.5,1000.0,RETURNING_TO_START,load_zone_22,dump_zone_22,0.00025,0.00067
463.0,2026-07-02T12:16:17.602,1,597.5,133.264,24.283,0.4648,1000.0,RETURNING_TO_START,load_zone_26,dump_zone_3,0.000336,0.0009
463.0,2026-07-02T12:16:17.602,2,-107.891,451.935,0.0,-0.1997,1000.0,RETURNING_TO_START,load_zone_22,dump_zone_23,0.00025,0.00067
463.0,2026-07-02T12:16:17.602,3,-100.236,453.622,0.0,-0.5,1000.0,RETURNING_TO_START,load_zone_22,dump_zone_22,0.00025,0.00067
464.0,2026-07-02T12:16:20.387,1,597.5,140.052,24.056,-0.3685,1000.0,RETURNING_TO_START,load_zone_26,dump_zone_3,0.00025,0.00067
464.0,2026-07-02T12:16:20.387,2,-107.891,451.935,0.0,-0.1997,1000.0,RETURNING_TO_START,load_zone_22,dump_zone_23,0.00025,0.00067
464.0,2026-07-02T12:16:20.387,3,-100.236,453.622,0.0,-0.5,1000.0,RETURNING_TO_START,load_zone_22,dump_zone_22,0.00025,0.00067
465.0,2026-07-02T12:16:23.241,1,597.5,146.514,22.625,-0.25,1000.0,RETURNING_TO_START,load_zone_26,dump_zone_3,0.00025,0.00067
465.0,2026-07-02T12:16:23.241,2,-107.891,451.935,0.0,-0.1997,1000.0,RETURNING_TO_START,load_zone_22,dump_zone_23,0.00025,0.00067
465.0,2026-07-02T12:16:23.241,3,-100.236,453.622,0.0,-0.5,1000.0,RETURNING_TO_START,load_zone_22,dump_zone_22,0.00025,0.00067
466.0,2026-07-02T12:16:26.157,1,597.5,152.814,22.768,-0.1356,1000.0,RETURNING_TO_START,load_zone_26,dump_zone_3,0.000257,0.000689
466.0,2026-07-02T12:16:26.157,2,-107.891,451.935,0.0,-0.1997,1000.0,RETURNING_TO_START,load_zone_22,dump_zone_23,0.00025,0.00067
466.0,2026-07-02T12:16:26.157,3,-100.236,453.622,0.0,-0.5,1000.0,RETURNING_TO_START,load_zone_22,dump_zone_22,0.00025,0.00067
467.0,2026-07-02T12:16:28.869,1,597.5,158.916,21.155,-0.5,1000.0,RETURNING_TO_START,load_zone_26,dump_zone_3,0.00025,0.00067
467.0,2026-07-02T12:16:28.869,2,-107.891,451.935,0.0,-0.1997,1000.0,RETURNING_TO_START,load_zone_22,dump_zone_23,0.00025,0.00067
467.0,2026-07-02T12:16:28.869,3,-100.236,453.622,0.0,-0.5,1000.0,RETURNING_TO_START,load_zone_22,dump_zone_22,0.00025,0.00067
468.0,2026-07-02T12:16:31.664,1,597.5,164.522,19.38,-0.4167,1000.0,RETURNING_TO_START,load_zone_26,dump_zone_3,0.00025,0.00067
468.0,2026-07-02T12:16:31.664,2,-107.891,451.935,0.0,-0.1997,1000.0,RETURNING_TO_START,load_zone_22,dump_zone_23,0.00025,0.00067
468.0,2026-07-02T12:16:31.664,3,-100.236,453.622,0.0,-0.5,1000.0,RETURNING_TO_START,load_zone_22,dump_zone_22,0.00025,0.00067
469.0,2026-07-02T12:16:34.200,1,597.5,169.654,17.655,-0.5,1000.0,RETURNING_TO_START,load_zone_26,dump_zone_3,0.00025,0.00067
469.0,2026-07-02T12:16:34.200,2,-107.891,451.935,0.0,-0.1997,1000.0,RETURNING_TO_START,load_zone_22,dump_zone_23,0.00025,0.00067
469.0,2026-07-02T12:16:34.200,3,-100.236,453.622,0.0,-0.5,1000.0,RETURNING_TO_START,load_zone_22,dump_zone_22,0.00025,0.00067
470.0,2026-07-02T12:16:36.357,1,597.5,174.288,15.855,-0.5,1000.0,RETURNING_TO_START,load_zone_26,dump_zone_3,0.00025,0.00067
470.0,2026-07-02T12:16:36.357,2,-107.891,451.935,0.0,-0.1997,1000.0,RETURNING_TO_START,load_zone_22,dump_zone_23,0.00025,0.00067
470.0,2026-07-02T12:16:36.357,3,-100.236,453.622,0.0,-0.5,1000.0,RETURNING_TO_START,load_zone_22,dump_zone_22,0.00025,0.00067
471.0,2026-07-02T12:16:38.796,1,597.5,178.421,14.055,-0.5,1000.0,RETURNING_TO_START,load_zone_26,dump_zone_3,0.00025,0.00067
471.0,2026-07-02T12:16:38.796,2,-107.891,451.935,0.0,-0.1997,1000.0,RETURNING_TO_START,load_zone_22,dump_zone_23,0.00025,0.00067
471.0,2026-07-02T12:16:38.796,3,-100.236,453.622,0.0,-0.5,1000.0,RETURNING_TO_START,load_zone_22,dump_zone_22,0.00025,0.00067
472.0,2026-07-02T12:16:41.284,1,597.5,182.055,12.255,-0.5,1000.0,RETURNING_TO_START,load_zone_26,dump_zone_3,0.00025,0.00067
472.0,2026-07-02T12:16:41.284,2,-107.891,451.935,0.0,-0.1997,1000.0,RETURNING_TO_START,load_zone_22,dump_zone_23,0.00025,0.00067
472.0,2026-07-02T12:16:41.284,3,-100.236,453.622,0.0,-0.5,1000.0,RETURNING_TO_START,load_zone_22,dump_zone_22,0.00025,0.00067
473.0,2026-07-02T12:16:43.825,1,597.498,185.188,10.455,-0.5,1000.0,RETURNING_TO_START,load_zone_26,dump_zone_3,0.00025,0.00067
473.0,2026-07-02T12:16:43.825,2,-107.891,451.935,0.0,-0.1997,1000.0,RETURNING_TO_START,load_zone_22,dump_zone_23,0.00025,0.00067
473.0,2026-07-02T12:16:43.825,3,-100.236,453.622,0.0,-0.5,1000.0,RETURNING_TO_START,load_zone_22,dump_zone_22,0.00025,0.00067
474.0,2026-07-02T12:16:46.295,1,597.278,187.806,8.655,-0.5,1000.0,RETURNING_TO_START,load_zone_26,dump_zone_3,0.00025,0.00067
474.0,2026-07-02T12:16:46.295,2,-107.891,451.935,0.0,-0.1997,1000.0,RETURNING_TO_START,load_zone_22,dump_zone_23,0.00025,0.00067
474.0,2026-07-02T12:16:46.295,3,-100.236,453.622,0.0,-0.5,1000.0,RETURNING_TO_START,load_zone_22,dump_zone_22,0.00025,0.00067
475.0,2026-07-02T12:16:48.751,1,596.579,189.825,7.005,-0.25,1000.0,RETURNING_TO_START,load_zone_26,dump_zone_3,0.00025,0.00067
475.0,2026-07-02T12:16:48.751,2,-107.891,451.935,0.0,-0.1997,1000.0,RETURNING_TO_START,load_zone_22,dump_zone_23,0.00025,0.00067
475.0,2026-07-02T12:16:48.751,3,-100.236,453.622,0.0,-0.5,1000.0,RETURNING_TO_START,load_zone_22,dump_zone_22,0.00025,0.00067
476.0,2026-07-02T12:16:51.103,1,595.981,191.511,5.755,-0.5,1000.0,RETURNING_TO_START,load_zone_26,dump_zone_3,0.00025,0.00067
476.0,2026-07-02T12:16:51.103,2,-107.891,451.935,0.0,-0.1997,1000.0,RETURNING_TO_START,load_zone_22,dump_zone_23,0.00025,0.00067
476.0,2026-07-02T12:16:51.103,3,-100.236,453.622,0.0,-0.5,1000.0,RETURNING_TO_START,load_zone_22,dump_zone_22,0.00025,0.00067
477.0,2026-07-02T12:16:53.209,1,595.7,192.881,4.755,0.0833,1000.0,RETURNING_TO_START,load_zone_26,dump_zone_3,0.000257,0.000689
477.0,2026-07-02T12:16:53.209,2,-107.891,451.935,0.0,-0.1997,1000.0,RETURNING_TO_START,load_zone_22,dump_zone_23,0.00025,0.00067
477.0,2026-07-02T12:16:53.209,3,-100.236,453.622,0.0,-0.5,1000.0,RETURNING_TO_START,load_zone_22,dump_zone_22,0.00025,0.00067
478.0,2026-07-02T12:16:55.578,1,595.576,194.302,5.396,0.2293,1000.0,RETURNING_TO_START,load_zone_26,dump_zone_3,0.000262,0.000702
478.0,2026-07-02T12:16:55.578,2,-107.891,451.935,0.0,-0.1997,1000.0,RETURNING_TO_START,load_zone_22,dump_zone_23,0.00025,0.00067
478.0,2026-07-02T12:16:55.578,3,-100.236,453.622,0.0,-0.5,1000.0,RETURNING_TO_START,load_zone_22,dump_zone_22,0.00025,0.00067
479.0,2026-07-02T12:16:58.018,1,595.744,195.816,5.472,-0.0207,1000.0,RETURNING_TO_START,load_zone_26,dump_zone_3,0.000255,0.000683
479.0,2026-07-02T12:16:58.018,2,-107.891,451.935,0.0,-0.1997,1000.0,RETURNING_TO_START,load_zone_22,dump_zone_23,0.00025,0.00067
479.0,2026-07-02T12:16:58.018,3,-100.236,453.622,0.0,-0.5,1000.0,RETURNING_TO_START,load_zone_22,dump_zone_22,0.00025,0.00067
480.0,2026-07-02T12:17:00.577,1,596.125,197.113,4.391,-0.0833,1000.0,RETURNING_TO_START,load_zone_26,dump_zone_3,0.000253,0.000678
480.0,2026-07-02T12:17:00.577,2,-107.891,451.935,0.0,-0.1997,1000.0,RETURNING_TO_START,load_zone_22,dump_zone_23,0.00025,0.00067
480.0,2026-07-02T12:17:00.577,3,-100.236,453.622,0.0,-0.5,1000.0,RETURNING_TO_START,load_zone_22,dump_zone_22,0.00025,0.00067
481.0,2026-07-02T12:17:03.167,1,596.686,198.38,6.041,0.9167,1000.0,RETURNING_TO_START,load_zone_26,dump_zone_3,0.000286,0.000766
481.0,2026-07-02T12:17:03.167,2,-107.891,451.935,0.0,-0.1997,1000.0,RETURNING_TO_START,load_zone_22,dump_zone_23,0.00025,0.00067
481.0,2026-07-02T12:17:03.167,3,-100.236,453.622,0.0,-0.5,1000.0,RETURNING_TO_START,load_zone_22,dump_zone_22,0.00025,0.00067
482.0,2026-07-02T12:17:05.293,1,597.854,200.168,9.241,1.0,1000.0,RETURNING_TO_START,load_zone_26,dump_zone_3,0.00031,0.000831
482.0,2026-07-02T12:17:05.293,2,-107.891,451.935,0.0,-0.1997,1000.0,RETURNING_TO_START,load_zone_22,dump_zone_23,0.00025,0.00067
482.0,2026-07-02T12:17:05.293,3,-100.236,453.622,0.0,-0.5,1000.0,RETURNING_TO_START,load_zone_22,dump_zone_22,0.00025,0.00067
483.0,2026-07-02T12:17:07.623,1,600.464,201.594,12.041,0.4167,1000.0,RETURNING_TO_START,load_zone_26,dump_zone_3,0.00029,0.000777
483.0,2026-07-02T12:17:07.623,2,-107.891,451.935,0.0,-0.1997,1000.0,RETURNING_TO_START,load_zone_22,dump_zone_23,0.00025,0.00067
483.0,2026-07-02T12:17:07.623,3,-100.236,453.622,0.0,-0.5,1000.0,RETURNING_TO_START,load_zone_22,dump_zone_22,0.00025,0.00067
484.0,2026-07-02T12:17:09.834,1,603.633,200.724,11.616,-0.5,1000.0,RETURNING_TO_START,load_zone_26,dump_zone_3,0.00025,0.00067
484.0,2026-07-02T12:17:09.834,2,-107.891,451.935,0.0,-0.1997,1000.0,RETURNING_TO_START,load_zone_22,dump_zone_23,0.00025,0.00067
484.0,2026-07-02T12:17:09.834,3,-100.236,453.622,0.0,-0.5,1000.0,RETURNING_TO_START,load_zone_22,dump_zone_22,0.00025,0.00067
485.0,2026-07-02T12:17:11.995,1,606.323,199.514,9.841,-0.4167,1000.0,RETURNING_TO_START,load_zone_26,dump_zone_3,0.00025,0.00067
485.0,2026-07-02T12:17:11.995,2,-107.891,451.935,0.0,-0.1997,1000.0,RETURNING_TO_START,load_zone_22,dump_zone_23,0.00025,0.00067
485.0,2026-07-02T12:17:11.995,3,-100.236,453.622,0.0,-0.5,1000.0,RETURNING_TO_START,load_zone_22,dump_zone_22,0.00025,0.00067
486.0,2026-07-02T12:17:14.224,1,608.986,198.987,10.291,0.5833,1000.0,RETURNING_TO_START,load_zone_26,dump_zone_3,0.000293,0.000785
486.0,2026-07-02T12:17:14.224,2,-107.891,451.935,0.0,-0.1997,1000.0,RETURNING_TO_START,load_zone_22,dump_zone_23,0.00025,0.00067
486.0,2026-07-02T12:17:14.224,3,-100.236,453.622,0.0,-0.5,1000.0,RETURNING_TO_START,load_zone_22,dump_zone_22,0.00025,0.00067
487.0,2026-07-02T12:17:16.868,1,612.263,198.795,13.303,0.9025,1000.0,RETURNING_TO_START,load_zone_26,dump_zone_3,0.000329,0.000882
487.0,2026-07-02T12:17:16.868,2,-107.891,451.935,0.0,-0.1997,1000.0,RETURNING_TO_START,load_zone_22,dump_zone_23,0.00025,0.00067
487.0,2026-07-02T12:17:16.868,3,-100.236,453.622,0.0,-0.5,1000.0,RETURNING_TO_START,load_zone_22,dump_zone_22,0.00025,0.00067
488.0,2026-07-02T12:17:19.458,1,616.406,198.91,16.473,0.9167,1000.0,RETURNING_TO_START,load_zone_26,dump_zone_3,0.000349,0.000935
488.0,2026-07-02T12:17:19.458,2,-107.891,451.935,0.0,-0.1997,1000.0,RETURNING_TO_START,load_zone_22,dump_zone_23,0.00025,0.00067
488.0,2026-07-02T12:17:19.458,3,-100.236,453.622,0.0,-0.5,1000.0,RETURNING_TO_START,load_zone_22,dump_zone_22,0.00025,0.00067
489.0,2026-07-02T12:17:21.264,1,621.26,199.327,18.073,0.25,1000.0,RETURNING_TO_START,load_zone_26,dump_zone_3,0.000293,0.000785
489.0,2026-07-02T12:17:21.264,2,-107.891,451.935,0.0,-0.1997,1000.0,RETURNING_TO_START,load_zone_22,dump_zone_23,0.00025,0.00067
489.0,2026-07-02T12:17:21.264,3,-100.236,453.622,0.0,-0.5,1000.0,RETURNING_TO_START,load_zone_22,dump_zone_22,0.00025,0.00067
490.0,2026-07-02T12:17:23.008,1,626.174,199.928,17.173,-0.5,1000.0,RETURNING_TO_START,load_zone_26,dump_zone_3,0.00025,0.00067
490.0,2026-07-02T12:17:23.008,2,-107.891,451.935,0.0,-0.1997,1000.0,RETURNING_TO_START,load_zone_22,dump_zone_23,0.00025,0.00067
490.0,2026-07-02T12:17:23.008,3,-100.236,453.622,0.0,-0.5,1000.0,RETURNING_TO_START,load_zone_22,dump_zone_22,0.00025,0.00067
491.0,2026-07-02T12:17:24.870,1,630.631,200.549,15.379,-0.5,1000.0,RETURNING_TO_START,load_zone_26,dump_zone_3,0.00025,0.00067
491.0,2026-07-02T12:17:24.870,2,-107.891,451.935,0.0,-0.1997,1000.0,RETURNING_TO_START,load_zone_22,dump_zone_23,0.00025,0.00067
491.0,2026-07-02T12:17:24.870,3,-100.236,453.622,0.0,-0.5,1000.0,RETURNING_TO_START,load_zone_22,dump_zone_22,0.00025,0.00067
492.0,2026-07-02T12:17:26.825,1,634.619,201.112,13.696,-0.5,1000.0,RETURNING_TO_START,load_zone_26,dump_zone_3,0.00025,0.00067
492.0,2026-07-02T12:17:26.825,2,-107.891,451.935,0.0,-0.1997,1000.0,RETURNING_TO_START,load_zone_22,dump_zone_23,0.00025,0.00067
492.0,2026-07-02T12:17:26.825,3,-100.236,453.622,0.0,-0.5,1000.0,RETURNING_TO_START,load_zone_22,dump_zone_22,0.00025,0.00067
493.0,2026-07-02T12:17:29.176,1,638.177,201.583,12.296,-0.5,1000.0,RETURNING_TO_START,load_zone_26,dump_zone_3,0.00025,0.00067
493.0,2026-07-02T12:17:29.176,2,-107.891,451.935,0.0,-0.1997,1000.0,RETURNING_TO_START,load_zone_22,dump_zone_23,0.00025,0.00067
493.0,2026-07-02T12:17:29.176,3,-100.236,453.622,0.0,-0.5,1000.0,RETURNING_TO_START,load_zone_22,dump_zone_22,0.00025,0.00067
494.0,2026-07-02T12:17:31.250,1,641.301,201.948,10.499,-0.5,1000.0,RETURNING_TO_START,load_zone_26,dump_zone_3,0.00025,0.00067
494.0,2026-07-02T12:17:31.250,2,-107.891,451.935,0.0,-0.1997,1000.0,RETURNING_TO_START,load_zone_22,dump_zone_23,0.00025,0.00067
494.0,2026-07-02T12:17:31.250,3,-100.236,453.622,0.0,-0.5,1000.0,RETURNING_TO_START,load_zone_22,dump_zone_22,0.00025,0.00067
495.0,2026-07-02T12:17:33.440,1,644.052,202.209,9.769,-0.1758,1000.0,RETURNING_TO_START,load_zone_26,dump_zone_3,0.000251,0.000673
495.0,2026-07-02T12:17:33.440,2,-107.891,451.935,0.0,-0.1997,1000.0,RETURNING_TO_START,load_zone_22,dump_zone_23,0.00025,0.00067
495.0,2026-07-02T12:17:33.440,3,-100.236,453.622,0.0,-0.5,1000.0,RETURNING_TO_START,load_zone_22,dump_zone_22,0.00025,0.00067
496.0,2026-07-02T12:17:35.139,1,646.526,202.379,8.11,-0.5,1000.0,RETURNING_TO_START,load_zone_26,dump_zone_3,0.00025,0.00067
496.0,2026-07-02T12:17:35.139,2,-107.891,451.935,0.0,-0.1997,1000.0,RETURNING_TO_START,load_zone_22,dump_zone_23,0.00025,0.00067
496.0,2026-07-02T12:17:35.139,3,-100.236,453.622,0.0,-0.5,1000.0,RETURNING_TO_START,load_zone_22,dump_zone_22,0.00025,0.00067
497.0,2026-07-02T12:17:36.915,1,648.512,202.422,6.46,-0.25,1000.0,RETURNING_TO_START,load_zone_26,dump_zone_3,0.00025,0.00067
497.0,2026-07-02T12:17:36.915,2,-107.891,451.935,0.0,-0.1997,1000.0,RETURNING_TO_START,load_zone_22,dump_zone_23,0.00025,0.00067
497.0,2026-07-02T12:17:36.915,3,-100.236,453.622,0.0,-0.5,1000.0,RETURNING_TO_START,load_zone_22,dump_zone_22,0.00025,0.00067
498.0,2026-07-02T12:17:38.432,1,650.224,201.992,6.66,0.4167,1000.0,RETURNING_TO_START,load_zone_26,dump_zone_3,0.000272,0.000729
498.0,2026-07-02T12:17:38.432,2,-107.891,451.935,0.0,-0.1997,1000.0,RETURNING_TO_START,load_zone_22,dump_zone_23,0.00025,0.00067
498.0,2026-07-02T12:17:38.432,3,-100.236,453.622,0.0,-0.5,1000.0,RETURNING_TO_START,load_zone_22,dump_zone_22,0.00025,0.00067
499.0,2026-07-02T12:17:40.072,1,651.863,200.501,9.36,0.5833,1000.0,RETURNING_TO_START,load_zone_26,dump_zone_3,0.000289,0.000775
499.0,2026-07-02T12:17:40.072,2,-107.891,451.935,0.0,-0.1997,1000.0,RETURNING_TO_START,load_zone_22,dump_zone_23,0.00025,0.00067
499.0,2026-07-02T12:17:40.072,3,-100.236,453.622,0.0,-0.5,1000.0,RETURNING_TO_START,load_zone_22,dump_zone_22,0.00025,0.00067
500.0,2026-07-02T12:17:41.757,1,652.562,197.919,9.56,-0.25,1000.0,RETURNING_TO_START,load_zone_26,dump_zone_3,0.00025,0.00067
500.0,2026-07-02T12:17:41.757,2,-107.891,451.935,0.0,-0.1997,1000.0,RETURNING_TO_START,load_zone_22,dump_zone_23,0.00025,0.00067
500.0,2026-07-02T12:17:41.757,3,-100.236,453.622,0.0,-0.5,1000.0,RETURNING_TO_START,load_zone_22,dump_zone_22,0.00025,0.00067
501.0,2026-07-02T12:17:43.465,1,652.599,195.188,10.61,0.75,1000.0,RETURNING_TO_START,load_zone_26,dump_zone_3,0.000304,0.000815
501.0,2026-07-02T12:17:43.465,2,-107.891,451.935,0.0,-0.1997,1000.0,RETURNING_TO_START,load_zone_22,dump_zone_23,0.00025,0.00067
501.0,2026-07-02T12:17:43.465,3,-100.236,453.622,0.0,-0.5,1000.0,RETURNING_TO_START,load_zone_22,dump_zone_22,0.00025,0.00067
502.0,2026-07-02T12:17:45.053,1,652.531,191.816,13.01,0.25,1000.0,RETURNING_TO_START,load_zone_26,dump_zone_3,0.000281,0.000753
502.0,2026-07-02T12:17:45.053,2,-107.891,451.935,0.0,-0.1997,1000.0,RETURNING_TO_START,load_zone_22,dump_zone_23,0.00025,0.00067
502.0,2026-07-02T12:17:45.053,3,-100.236,453.622,0.0,-0.5,1000.0,RETURNING_TO_START,load_zone_22,dump_zone_22,0.00025,0.00067
503.0,2026-07-02T12:17:46.595,1,652.499,188.272,12.11,-0.5,1000.0,RETURNING_TO_START,load_zone_26,dump_zone_3,0.00025,0.00067
503.0,2026-07-02T12:17:46.595,2,-107.891,451.935,0.0,-0.1997,1000.0,RETURNING_TO_START,load_zone_22,dump_zone_23,0.00025,0.00067
503.0,2026-07-02T12:17:46.595,3,-100.236,453.622,0.0,-0.5,1000.0,RETURNING_TO_START,load_zone_22,dump_zone_22,0.00025,0.00067
504.0,2026-07-02T12:17:48.188,1,652.498,185.178,10.31,-0.5,1000.0,RETURNING_TO_START,load_zone_26,dump_zone_3,0.00025,0.00067
504.0,2026-07-02T12:17:48.188,2,-107.891,451.935,0.0,-0.1997,1000.0,RETURNING_TO_START,load_zone_22,dump_zone_23,0.00025,0.00067
504.0,2026-07-02T12:17:48.188,3,-100.236,453.622,0.0,-0.5,1000.0,RETURNING_TO_START,load_zone_22,dump_zone_22,0.00025,0.00067
505.0,2026-07-02T12:17:49.617,1,652.499,182.585,8.51,-0.5,1000.0,RETURNING_TO_START,load_zone_26,dump_zone_3,0.00025,0.00067
505.0,2026-07-02T12:17:49.617,2,-107.891,451.935,0.0,-0.1997,1000.0,RETURNING_TO_START,load_zone_22,dump_zone_23,0.00025,0.00067
505.0,2026-07-02T12:17:49.617,3,-100.236,453.622,0.0,-0.5,1000.0,RETURNING_TO_START,load_zone_22,dump_zone_22,0.00025,0.00067
506.0,2026-07-02T12:17:51.228,1,652.499,180.492,6.71,-0.5,1000.0,RETURNING_TO_START,load_zone_26,dump_zone_3,0.00025,0.00067
506.0,2026-07-02T12:17:51.228,2,-107.891,451.935,0.0,-0.1997,1000.0,RETURNING_TO_START,load_zone_22,dump_zone_23,0.00025,0.00067
506.0,2026-07-02T12:17:51.228,3,-100.236,453.622,0.0,-0.5,1000.0,RETURNING_TO_START,load_zone_22,dump_zone_22,0.00025,0.00067
507.0,2026-07-02T12:17:52.494,1,652.658,178.914,4.91,-0.5,1000.0,RETURNING_TO_START,load_zone_26,dump_zone_3,0.00025,0.00067
507.0,2026-07-02T12:17:52.494,2,-107.891,451.935,0.0,-0.1997,1000.0,RETURNING_TO_START,load_zone_22,dump_zone_23,0.00025,0.00067
507.0,2026-07-02T12:17:52.494,3,-100.236,453.622,0.0,-0.5,1000.0,RETURNING_TO_START,load_zone_22,dump_zone_22,0.00025,0.00067
508.0,2026-07-02T12:17:54.197,1,653.099,177.918,3.11,-0.5,1000.0,UNLOADING,load_zone_26,dump_zone_3,0.00025,0.00067
508.0,2026-07-02T12:17:54.197,2,-107.891,451.935,0.0,-0.1997,1000.0,RETURNING_TO_START,load_zone_22,dump_zone_23,0.00025,0.00067
508.0,2026-07-02T12:17:54.197,3,-100.236,453.622,0.0,-0.5,1000.0,RETURNING_TO_START,load_zone_22,dump_zone_22,0.00025,0.00067
509.0,2026-07-02T12:17:55.894,1,653.444,177.435,1.31,-0.5,1000.0,UNLOADING,load_zone_26,dump_zone_3,0.00025,0.00067
509.0,2026-07-02T12:17:55.894,2,-107.891,451.935,0.0,-0.1997,1000.0,RETURNING_TO_START,load_zone_22,dump_zone_23,0.00025,0.00067
509.0,2026-07-02T12:17:55.894,3,-100.236,453.622,0.0,-0.5,1000.0,RETURNING_TO_START,load_zone_22,dump_zone_22,0.00025,0.00067
510.0,2026-07-02T12:17:57.923,1,653.518,177.344,0.0,-0.5,1000.0,UNLOADING,load_zone_26,dump_zone_3,0.00025,0.00067
510.0,2026-07-02T12:17:57.923,2,-107.891,451.935,0.0,-0.1997,1000.0,RETURNING_TO_START,load_zone_22,dump_zone_23,0.00025,0.00067
510.0,2026-07-02T12:17:57.923,3,-100.236,453.622,0.0,-0.5,1000.0,RETURNING_TO_START,load_zone_22,dump_zone_22,0.00025,0.00067
511.0,2026-07-02T12:17:59.793,1,653.743,177.098,7.2,0.0,0.0,TURNING_AROUND,dump_zone_3,load_zone_26,0.000255,0.000683
511.0,2026-07-02T12:17:59.793,2,-107.891,451.935,0.0,-0.1997,1000.0,RETURNING_TO_START,load_zone_22,dump_zone_23,0.00025,0.00067
511.0,2026-07-02T12:17:59.793,3,-100.236,453.622,0.0,-0.5,1000.0,RETURNING_TO_START,load_zone_22,dump_zone_22,0.00025,0.00067
512.0,2026-07-02T12:18:01.116,1,655.445,176.088,7.2,0.0,0.0,TURNING_AROUND,dump_zone_3,load_zone_26,0.000255,0.000683
512.0,2026-07-02T12:18:01.116,2,-107.891,451.935,0.0,-0.1997,1000.0,RETURNING_TO_START,load_zone_22,dump_zone_23,0.00025,0.00067
512.0,2026-07-02T12:18:01.116,3,-100.236,453.622,0.0,-0.5,1000.0,RETURNING_TO_START,load_zone_22,dump_zone_22,0.00025,0.00067
513.0,2026-07-02T12:18:02.315,1,655.39,175.914,5.4,0.0,0.0,TURNING_AROUND,dump_zone_3,load_zone_26,0.000253,0.000678
513.0,2026-07-02T12:18:02.315,2,-107.891,451.935,0.0,-0.1997,1000.0,RETURNING_TO_START,load_zone_22,dump_zone_23,0.00025,0.00067
513.0,2026-07-02T12:18:02.315,3,-100.236,453.622,0.0,-0.5,1000.0,RETURNING_TO_START,load_zone_22,dump_zone_22,0.00025,0.00067
514.0,2026-07-02T12:18:03.412,1,655.83,176.281,7.2,0.0,0.0,TURNING_AROUND,dump_zone_3,load_zone_26,0.000255,0.000683
514.0,2026-07-02T12:18:03.412,2,-107.891,451.935,0.0,-0.1997,1000.0,RETURNING_TO_START,load_zone_22,dump_zone_23,0.00025,0.00067
514.0,2026-07-02T12:18:03.412,3,-100.236,453.622,0.0,-0.5,1000.0,RETURNING_TO_START,load_zone_22,dump_zone_22,0.00025,0.00067
515.0,2026-07-02T12:18:04.645,1,657.152,177.754,7.2,0.0,0.0,TURNING_AROUND,dump_zone_3,load_zone_26,0.000255,0.000683
515.0,2026-07-02T12:18:04.645,2,-107.891,451.935,0.0,-0.1997,1000.0,RETURNING_TO_START,load_zone_22,dump_zone_23,0.00025,0.00067
515.0,2026-07-02T12:18:04.645,3,-100.236,453.622,0.0,-0.5,1000.0,RETURNING_TO_START,load_zone_22,dump_zone_22,0.00025,0.00067
516.0,2026-07-02T12:18:05.995,1,656.799,176.823,0.068,0.155,0.0,GOING_TO_ENDPOINT,dump_zone_3,load_zone_26,0.00025,0.00067
516.0,2026-07-02T12:18:05.995,2,-107.891,451.935,0.0,-0.1997,1000.0,RETURNING_TO_START,load_zone_22,dump_zone_23,0.00025,0.00067
516.0,2026-07-02T12:18:05.995,3,-100.236,453.622,0.0,-0.5,1000.0,RETURNING_TO_START,load_zone_22,dump_zone_22,0.00025,0.00067
517.0,2026-07-02T12:18:07.475,1,656.787,177.134,2.508,1.0,0.0,GOING_TO_ENDPOINT,dump_zone_3,load_zone_26,0.00026,0.000697
517.0,2026-07-02T12:18:07.475,2,-107.891,451.935,0.0,-0.1997,1000.0,RETURNING_TO_START,load_zone_22,dump_zone_23,0.00025,0.00067
517.0,2026-07-02T12:18:07.475,3,-100.236,453.622,0.0,-0.5,1000.0,RETURNING_TO_START,load_zone_22,dump_zone_22,0.00025,0.00067
518.0,2026-07-02T12:18:09.064,1,656.489,178.331,6.108,1.0,0.0,GOING_TO_ENDPOINT,dump_zone_3,load_zone_26,0.000274,0.000734
518.0,2026-07-02T12:18:09.064,2,-107.891,451.935,0.0,-0.1997,1000.0,RETURNING_TO_START,load_zone_22,dump_zone_23,0.00025,0.00067
518.0,2026-07-02T12:18:09.064,3,-100.236,453.622,0.0,-0.5,1000.0,RETURNING_TO_START,load_zone_22,dump_zone_22,0.00025,0.00067
519.0,2026-07-02T12:18:10.713,1,655.097,180.051,9.708,1.0,0.0,GOING_TO_ENDPOINT,dump_zone_3,load_zone_26,0.000288,0.000772
519.0,2026-07-02T12:18:10.713,2,-107.891,451.935,0.0,-0.1997,1000.0,RETURNING_TO_START,load_zone_22,dump_zone_23,0.00025,0.00067
519.0,2026-07-02T12:18:10.713,3,-100.236,453.622,0.0,-0.5,1000.0,RETURNING_TO_START,load_zone_22,dump_zone_22,0.00025,0.00067
520.0,2026-07-02T12:18:13.064,1,652.324,181.717,13.308,1.0,0.0,GOING_TO_ENDPOINT,dump_zone_3,load_zone_26,0.000301,0.000807
520.0,2026-07-02T12:18:13.064,2,-107.891,451.935,0.0,-0.1997,1000.0,RETURNING_TO_START,load_zone_22,dump_zone_23,0.00025,0.00067
520.0,2026-07-02T12:18:13.064,3,-100.236,453.622,0.0,-0.5,1000.0,RETURNING_TO_START,load_zone_22,dump_zone_22,0.00025,0.00067
521.0,2026-07-02T12:18:15.180,1,649.042,184.364,16.758,0.75,0.0,GOING_TO_ENDPOINT,dump_zone_3,load_zone_26,0.000301,0.000807
521.0,2026-07-02T12:18:15.180,2,-107.891,451.935,0.0,-0.1997,1000.0,RETURNING_TO_START,load_zone_22,dump_zone_23,0.00025,0.00067
521.0,2026-07-02T12:18:15.180,3,-100.236,453.622,0.0,-0.5,1000.0,RETURNING_TO_START,load_zone_22,dump_zone_22,0.00025,0.00067
522.0,2026-07-02T12:18:17.025,1,647.434,188.813,17.508,-0.25,0.0,GOING_TO_ENDPOINT,dump_zone_3,load_zone_26,0.00025,0.00067
522.0,2026-07-02T12:18:17.025,2,-107.891,451.935,0.0,-0.1997,1000.0,RETURNING_TO_START,load_zone_22,dump_zone_23,0.00025,0.00067
522.0,2026-07-02T12:18:17.025,3,-100.236,453.622,0.0,-0.5,1000.0,RETURNING_TO_START,load_zone_22,dump_zone_22,0.00025,0.00067
523.0,2026-07-02T12:18:19.128,1,647.482,193.425,15.783,-0.5,0.0,GOING_TO_ENDPOINT,dump_zone_3,load_zone_26,0.00025,0.00067
523.0,2026-07-02T12:18:19.128,2,-107.891,451.935,0.0,-0.1997,1000.0,RETURNING_TO_START,load_zone_22,dump_zone_23,0.00025,0.00067
523.0,2026-07-02T12:18:19.128,3,-100.236,453.622,0.0,-0.5,1000.0,RETURNING_TO_START,load_zone_22,dump_zone_22,0.00025,0.00067
524.0,2026-07-02T12:18:20.864,1,647.498,197.538,13.983,-0.5,0.0,GOING_TO_ENDPOINT,dump_zone_3,load_zone_26,0.00025,0.00067
524.0,2026-07-02T12:18:20.864,2,-107.891,451.935,0.0,-0.1997,1000.0,RETURNING_TO_START,load_zone_22,dump_zone_23,0.00025,0.00067
524.0,2026-07-02T12:18:20.864,3,-100.236,453.622,0.0,-0.5,1000.0,RETURNING_TO_START,load_zone_22,dump_zone_22,0.00025,0.00067
525.0,2026-07-02T12:18:23.128,1,646.166,200.819,12.883,0.0833,0.0,GOING_TO_ENDPOINT,dump_zone_3,load_zone_26,0.000262,0.000702
525.0,2026-07-02T12:18:23.128,2,-107.891,451.935,0.0,-0.1997,1000.0,RETURNING_TO_START,load_zone_22,dump_zone_23,0.00025,0.00067
525.0,2026-07-02T12:18:23.128,3,-100.236,453.622,0.0,-0.5,1000.0,RETURNING_TO_START,load_zone_22,dump_zone_22,0.00025,0.00067
526.0,2026-07-02T12:18:24.698,1,642.592,201.727,15.108,1.0,0.0,GOING_TO_ENDPOINT,dump_zone_3,load_zone_26,0.000308,0.000825
526.0,2026-07-02T12:18:24.698,2,-107.891,451.935,0.0,-0.1997,1000.0,RETURNING_TO_START,load_zone_22,dump_zone_23,0.00025,0.00067
526.0,2026-07-02T12:18:24.698,3,-100.236,453.622,0.0,-0.5,1000.0,RETURNING_TO_START,load_zone_22,dump_zone_22,0.00025,0.00067
527.0,2026-07-02T12:18:26.704,1,639.031,198.749,18.708,1.0,0.0,GOING_TO_ENDPOINT,dump_zone_3,load_zone_26,0.000322,0.000863
527.0,2026-07-02T12:18:26.704,2,-107.891,451.935,0.0,-0.1997,1000.0,RETURNING_TO_START,load_zone_22,dump_zone_23,0.00025,0.00067
527.0,2026-07-02T12:18:26.704,3,-100.236,453.622,0.0,-0.5,1000.0,RETURNING_TO_START,load_zone_22,dump_zone_22,0.00025,0.00067
528.0,2026-07-02T12:18:28.665,1,634.125,196.089,21.183,0.25,0.0,GOING_TO_ENDPOINT,dump_zone_3,load_zone_26,0.000281,0.000753
528.0,2026-07-02T12:18:28.665,2,-107.891,451.935,0.0,-0.1997,1000.0,RETURNING_TO_START,load_zone_22,dump_zone_23,0.00025,0.00067
528.0,2026-07-02T12:18:28.665,3,-100.236,453.622,0.0,-0.5,1000.0,RETURNING_TO_START,load_zone_22,dump_zone_22,0.00025,0.00067
529.0,2026-07-02T12:18:30.325,1,628.394,195.129,20.283,-0.5,0.0,GOING_TO_ENDPOINT,dump_zone_3,load_zone_26,0.00025,0.00067
529.0,2026-07-02T12:18:30.325,2,-107.891,451.935,0.0,-0.1997,1000.0,RETURNING_TO_START,load_zone_22,dump_zone_23,0.00025,0.00067
529.0,2026-07-02T12:18:30.325,3,-100.236,453.622,0.0,-0.5,1000.0,RETURNING_TO_START,load_zone_22,dump_zone_22,0.00025,0.00067
530.0,2026-07-02T12:18:31.870,1,623.068,194.496,18.483,-0.5,0.0,GOING_TO_ENDPOINT,dump_zone_3,load_zone_26,0.00025,0.00067
530.0,2026-07-02T12:18:31.870,2,-107.891,451.935,0.0,-0.1997,1000.0,RETURNING_TO_START,load_zone_22,dump_zone_23,0.00025,0.00067
530.0,2026-07-02T12:18:31.870,3,-100.236,453.622,0.0,-0.5,1000.0,RETURNING_TO_START,load_zone_22,dump_zone_22,0.00025,0.00067
531.0,2026-07-02T12:18:33.586,1,618.227,194.032,16.683,-0.5,0.0,GOING_TO_ENDPOINT,dump_zone_3,load_zone_26,0.00025,0.00067
531.0,2026-07-02T12:18:33.586,2,-107.891,451.935,0.0,-0.1997,1000.0,RETURNING_TO_START,load_zone_22,dump_zone_23,0.00025,0.00067
531.0,2026-07-02T12:18:33.586,3,-100.236,453.622,0.0,-0.5,1000.0,RETURNING_TO_START,load_zone_22,dump_zone_22,0.00025,0.00067
532.0,2026-07-02T12:18:35.350,1,613.87,193.826,14.883,-0.5,0.0,GOING_TO_ENDPOINT,dump_zone_3,load_zone_26,0.00025,0.00067
532.0,2026-07-02T12:18:35.350,2,-107.891,451.935,0.0,-0.1997,1000.0,RETURNING_TO_START,load_zone_22,dump_zone_23,0.00025,0.00067
532.0,2026-07-02T12:18:35.350,3,-100.236,453.622,0.0,-0.5,1000.0,RETURNING_TO_START,load_zone_22,dump_zone_22,0.00025,0.00067
533.0,2026-07-02T12:18:37.080,1,610.023,194.063,13.083,-0.5,0.0,GOING_TO_ENDPOINT,dump_zone_3,load_zone_26,0.00025,0.00067
533.0,2026-07-02T12:18:37.080,2,-107.891,451.935,0.0,-0.1997,1000.0,RETURNING_TO_START,load_zone_22,dump_zone_23,0.00025,0.00067
533.0,2026-07-02T12:18:37.080,3,-100.236,453.622,0.0,-0.5,1000.0,RETURNING_TO_START,load_zone_22,dump_zone_22,0.00025,0.00067
534.0,2026-07-02T12:18:39.077,1,607.001,195.465,11.283,-0.5,0.0,GOING_TO_ENDPOINT,dump_zone_3,load_zone_26,0.00025,0.00067
534.0,2026-07-02T12:18:39.077,2,-107.891,451.935,0.0,-0.1997,1000.0,RETURNING_TO_START,load_zone_22,dump_zone_23,0.00025,0.00067
534.0,2026-07-02T12:18:39.077,3,-100.236,453.622,0.0,-0.5,1000.0,RETURNING_TO_START,load_zone_22,dump_zone_22,0.00025,0.00067
535.0,2026-07-02T12:18:40.652,1,604.484,196.82,9.483,-0.5,0.0,GOING_TO_ENDPOINT,dump_zone_3,load_zone_26,0.00025,0.00067
535.0,2026-07-02T12:18:40.652,2,-107.891,451.935,0.0,-0.1997,1000.0,RETURNING_TO_START,load_zone_22,dump_zone_23,0.00025,0.00067
535.0,2026-07-02T12:18:40.652,3,-100.236,453.622,0.0,-0.5,1000.0,RETURNING_TO_START,load_zone_22,dump_zone_22,0.00025,0.00067
536.0,2026-07-02T12:18:42.466,1,602.339,197.811,7.683,-0.5,0.0,GOING_TO_ENDPOINT,dump_zone_3,load_zone_26,0.00025,0.00067
536.0,2026-07-02T12:18:42.466,2,-107.891,451.935,0.0,-0.1997,1000.0,RETURNING_TO_START,load_zone_22,dump_zone_23,0.00025,0.00067
536.0,2026-07-02T12:18:42.466,3,-100.236,453.622,0.0,-0.5,1000.0,RETURNING_TO_START,load_zone_22,dump_zone_22,0.00025,0.00067
537.0,2026-07-02T12:18:44.271,1,600.592,198.427,5.883,-0.5,0.0,GOING_TO_ENDPOINT,dump_zone_3,load_zone_26,0.00025,0.00067
537.0,2026-07-02T12:18:44.271,2,-107.891,451.935,0.0,-0.1997,1000.0,RETURNING_TO_START,load_zone_22,dump_zone_23,0.00025,0.00067
537.0,2026-07-02T12:18:44.271,3,-100.236,453.622,0.0,-0.5,1000.0,RETURNING_TO_START,load_zone_22,dump_zone_22,0.00025,0.00067
538.0,2026-07-02T12:18:45.947,1,599.075,198.343,5.733,0.4167,0.0,GOING_TO_ENDPOINT,dump_zone_3,load_zone_26,0.000261,0.000699
538.0,2026-07-02T12:18:45.947,2,-107.891,451.935,0.0,-0.1997,1000.0,RETURNING_TO_START,load_zone_22,dump_zone_23,0.00025,0.00067
538.0,2026-07-02T12:18:45.947,3,-100.236,453.622,0.0,-0.5,1000.0,RETURNING_TO_START,load_zone_22,dump_zone_22,0.00025,0.00067
539.0,2026-07-02T12:18:47.254,1,597.334,197.385,8.808,1.0,0.0,GOING_TO_ENDPOINT,dump_zone_3,load_zone_26,0.000284,0.000761
539.0,2026-07-02T12:18:47.254,2,-107.891,451.935,0.0,-0.1997,1000.0,RETURNING_TO_START,load_zone_22,dump_zone_23,0.00025,0.00067
539.0,2026-07-02T12:18:47.254,3,-100.236,453.622,0.0,-0.5,1000.0,RETURNING_TO_START,load_zone_22,dump_zone_22,0.00025,0.00067
540.0,2026-07-02T12:18:48.607,1,596.11,194.736,12.408,1.0,0.0,GOING_TO_ENDPOINT,dump_zone_3,load_zone_26,0.000298,0.000799
540.0,2026-07-02T12:18:48.607,2,-107.891,451.935,0.0,-0.1997,1000.0,RETURNING_TO_START,load_zone_22,dump_zone_23,0.00025,0.00067
540.0,2026-07-02T12:18:48.607,3,-100.236,453.622,0.0,-0.5,1000.0,RETURNING_TO_START,load_zone_22,dump_zone_22,0.00025,0.00067
541.0,2026-07-02T12:18:50.340,1,597.643,191.173,16.008,1.0,0.0,GOING_TO_ENDPOINT,dump_zone_3,load_zone_26,0.000312,0.000836
541.0,2026-07-02T12:18:50.340,2,-107.891,451.935,0.0,-0.1997,1000.0,RETURNING_TO_START,load_zone_22,dump_zone_23,0.00025,0.00067
541.0,2026-07-02T12:18:50.340,3,-100.236,453.622,0.0,-0.5,1000.0,RETURNING_TO_START,load_zone_22,dump_zone_22,0.00025,0.00067
542.0,2026-07-02T12:18:51.986,1,600.218,186.911,19.608,1.0,0.0,GOING_TO_ENDPOINT,dump_zone_3,load_zone_26,0.000326,0.000874
542.0,2026-07-02T12:18:51.986,2,-107.891,451.935,0.0,-0.1997,1000.0,RETURNING_TO_START,load_zone_22,dump_zone_23,0.00025,0.00067
542.0,2026-07-02T12:18:51.986,3,-100.236,453.622,0.0,-0.5,1000.0,RETURNING_TO_START,load_zone_22,dump_zone_22,0.00025,0.00067
543.0,2026-07-02T12:18:53.628,1,602.128,181.257,23.208,1.0,0.0,GOING_TO_ENDPOINT,dump_zone_3,load_zone_26,0.00034,0.000911
543.0,2026-07-02T12:18:53.628,2,-107.891,451.935,0.0,-0.1997,1000.0,RETURNING_TO_START,load_zone_22,dump_zone_23,0.00025,0.00067
543.0,2026-07-02T12:18:53.628,3,-100.236,453.622,0.0,-0.5,1000.0,RETURNING_TO_START,load_zone_22,dump_zone_22,0.00025,0.00067
544.0,2026-07-02T12:18:55.405,1,602.52,174.311,26.433,0.5833,0.0,GOING_TO_ENDPOINT,dump_zone_3,load_zone_26,0.000317,0.00085
544.0,2026-07-02T12:18:55.405,2,-107.891,451.935,0.0,-0.1997,1000.0,RETURNING_TO_START,load_zone_22,dump_zone_23,0.00025,0.00067
544.0,2026-07-02T12:18:55.405,3,-100.236,453.622,0.0,-0.5,1000.0,RETURNING_TO_START,load_zone_22,dump_zone_22,0.00025,0.00067
545.0,2026-07-02T12:18:57.217,1,602.501,166.777,27.683,0.25,0.0,GOING_TO_ENDPOINT,dump_zone_3,load_zone_26,0.00029,0.000777
545.0,2026-07-02T12:18:57.217,2,-107.891,451.935,0.0,-0.1997,1000.0,RETURNING_TO_START,load_zone_22,dump_zone_23,0.00025,0.00067
545.0,2026-07-02T12:18:57.217,3,-100.236,453.622,0.0,-0.5,1000.0,RETURNING_TO_START,load_zone_22,dump_zone_22,0.00025,0.00067
546.0,2026-07-02T12:18:58.927,1,602.5,159.143,26.984,-0.2359,0.0,GOING_TO_ENDPOINT,dump_zone_3,load_zone_26,0.00025,0.00067
546.0,2026-07-02T12:18:58.927,2,-107.891,451.935,0.0,-0.1997,1000.0,RETURNING_TO_START,load_zone_22,dump_zone_23,0.00025,0.00067
546.0,2026-07-02T12:18:58.927,3,-100.236,453.622,0.0,-0.5,1000.0,RETURNING_TO_START,load_zone_22,dump_zone_22,0.00025,0.00067
547.0,2026-07-02T12:19:00.865,1,602.5,151.677,27.197,0.4306,0.0,GOING_TO_ENDPOINT,dump_zone_3,load_zone_26,0.000305,0.000817
547.0,2026-07-02T12:19:00.865,2,-107.891,451.935,0.0,-0.1997,1000.0,RETURNING_TO_START,load_zone_22,dump_zone_23,0.00025,0.00067
547.0,2026-07-02T12:19:00.865,3,-100.236,453.622,0.0,-0.5,1000.0,RETURNING_TO_START,load_zone_22,dump_zone_22,0.00025,0.00067
548.0,2026-07-02T12:19:02.719,1,602.5,143.869,28.447,-0.0694,0.0,GOING_TO_ENDPOINT,dump_zone_3,load_zone_26,0.000262,0.000702
548.0,2026-07-02T12:19:02.719,2,-107.891,451.935,0.0,-0.1997,1000.0,RETURNING_TO_START,load_zone_22,dump_zone_23,0.00025,0.00067
548.0,2026-07-02T12:19:02.719,3,-100.236,453.622,0.0,-0.5,1000.0,RETURNING_TO_START,load_zone_22,dump_zone_22,0.00025,0.00067
549.0,2026-07-02T12:19:04.072,1,602.5,136.149,27.293,-0.0833,0.0,GOING_TO_ENDPOINT,dump_zone_3,load_zone_26,0.00026,0.000697
549.0,2026-07-02T12:19:04.072,2,-107.891,451.935,0.0,-0.1997,1000.0,RETURNING_TO_START,load_zone_22,dump_zone_23,0.00025,0.00067
549.0,2026-07-02T12:19:04.072,3,-100.236,453.622,0.0,-0.5,1000.0,RETURNING_TO_START,load_zone_22,dump_zone_22,0.00025,0.00067
550.0,2026-07-02T12:19:05.714,1,602.5,128.641,27.01,0.2409,0.0,GOING_TO_ENDPOINT,dump_zone_3,load_zone_26,0.000288,0.000772
550.0,2026-07-02T12:19:05.714,2,-107.891,451.935,0.0,-0.1997,1000.0,RETURNING_TO_START,load_zone_22,dump_zone_23,0.00025,0.00067
550.0,2026-07-02T12:19:05.714,3,-100.236,453.622,0.0,-0.5,1000.0,RETURNING_TO_START,load_zone_22,dump_zone_22,0.00025,0.00067
551.0,2026-07-02T12:19:07.548,1,602.5,120.894,28.428,0.0743,0.0,GOING_TO_ENDPOINT,dump_zone_3,load_zone_26,0.000275,0.000737
551.0,2026-07-02T12:19:07.548,2,-107.891,451.935,0.0,-0.1997,1000.0,RETURNING_TO_START,load_zone_22,dump_zone_23,0.00025,0.00067
551.0,2026-07-02T12:19:07.548,3,-100.236,453.622,0.0,-0.5,1000.0,RETURNING_TO_START,load_zone_22,dump_zone_22,0.00025,0.00067
552.0,2026-07-02T12:19:09.542,1,602.5,113.047,28.026,-0.2652,0.0,GOING_TO_ENDPOINT,dump_zone_3,load_zone_26,0.00025,0.00067
552.0,2026-07-02T12:19:09.542,2,-107.891,451.935,0.0,-0.1997,1000.0,RETURNING_TO_START,load_zone_22,dump_zone_23,0.00025,0.00067
552.0,2026-07-02T12:19:09.542,3,-100.236,453.622,0.0,-0.5,1000.0,RETURNING_TO_START,load_zone_22,dump_zone_22,0.00025,0.00067
553.0,2026-07-02T12:19:11.157,1,602.5,105.303,28.025,-0.0118,0.0,GOING_TO_ENDPOINT,dump_zone_3,load_zone_26,0.000267,0.000716
553.0,2026-07-02T12:19:11.157,2,-107.891,451.935,0.0,-0.1997,1000.0,RETURNING_TO_START,load_zone_22,dump_zone_23,0.00025,0.00067
553.0,2026-07-02T12:19:11.157,3,-100.236,453.622,0.0,-0.5,1000.0,RETURNING_TO_START,load_zone_22,dump_zone_22,0.00025,0.00067
554.0,2026-07-02T12:19:12.884,1,602.5,97.597,27.186,-0.4167,0.0,GOING_TO_ENDPOINT,dump_zone_3,load_zone_26,0.00025,0.00067
554.0,2026-07-02T12:19:12.884,2,-107.891,451.935,0.0,-0.1997,1000.0,RETURNING_TO_START,load_zone_22,dump_zone_23,0.00025,0.00067
554.0,2026-07-02T12:19:12.884,3,-100.236,453.622,0.0,-0.5,1000.0,RETURNING_TO_START,load_zone_22,dump_zone_22,0.00025,0.00067
555.0,2026-07-02T12:19:14.844,1,602.5,90.12,27.063,0.2136,0.0,GOING_TO_ENDPOINT,dump_zone_3,load_zone_26,0.000286,0.000766
555.0,2026-07-02T12:19:14.844,2,-107.891,451.935,0.0,-0.1997,1000.0,RETURNING_TO_START,load_zone_22,dump_zone_23,0.00025,0.00067
555.0,2026-07-02T12:19:14.844,3,-100.236,453.622,0.0,-0.5,1000.0,RETURNING_TO_START,load_zone_22,dump_zone_22,0.00025,0.00067
556.0,2026-07-02T12:19:16.514,1,602.5,82.501,27.582,-0.1198,0.0,GOING_TO_ENDPOINT,dump_zone_3,load_zone_26,0.000257,0.000689
556.0,2026-07-02T12:19:16.514,2,-107.891,451.935,0.0,-0.1997,1000.0,RETURNING_TO_START,load_zone_22,dump_zone_23,0.00025,0.00067
556.0,2026-07-02T12:19:16.514,3,-100.236,453.622,0.0,-0.5,1000.0,RETURNING_TO_START,load_zone_22,dump_zone_22,0.00025,0.00067
557.0,2026-07-02T12:19:18.215,1,602.5,74.818,27.854,-0.0342,0.0,GOING_TO_ENDPOINT,dump_zone_3,load_zone_26,0.000265,0.00071
557.0,2026-07-02T12:19:18.215,2,-107.891,451.935,0.0,-0.1997,1000.0,RETURNING_TO_START,load_zone_22,dump_zone_23,0.00025,0.00067
557.0,2026-07-02T12:19:18.215,3,-100.236,453.622,0.0,-0.5,1000.0,RETURNING_TO_START,load_zone_22,dump_zone_22,0.00025,0.00067
558.0,2026-07-02T12:19:20.207,1,602.5,67.148,27.581,0.1325,0.0,GOING_TO_ENDPOINT,dump_zone_3,load_zone_26,0.000279,0.000748
558.0,2026-07-02T12:19:20.207,2,-107.891,451.935,0.0,-0.1997,1000.0,RETURNING_TO_START,load_zone_22,dump_zone_23,0.00025,0.00067
558.0,2026-07-02T12:19:20.207,3,-100.236,453.622,0.0,-0.5,1000.0,RETURNING_TO_START,load_zone_22,dump_zone_22,0.00025,0.00067
559.0,2026-07-02T12:19:22.117,1,602.5,59.375,28.001,-0.1063,0.0,GOING_TO_ENDPOINT,dump_zone_3,load_zone_26,0.000258,0.000691
559.0,2026-07-02T12:19:22.117,2,-107.891,451.935,0.0,-0.1997,1000.0,RETURNING_TO_START,load_zone_22,dump_zone_23,0.00025,0.00067
559.0,2026-07-02T12:19:22.117,3,-100.236,453.622,0.0,-0.5,1000.0,RETURNING_TO_START,load_zone_22,dump_zone_22,0.00025,0.00067
560.0,2026-07-02T12:19:24.028,1,602.5,51.513,28.618,0.0603,0.0,GOING_TO_ENDPOINT,dump_zone_3,load_zone_26,0.000274,0.000734
560.0,2026-07-02T12:19:24.028,2,-107.891,451.935,0.0,-0.1997,1000.0,RETURNING_TO_START,load_zone_22,dump_zone_23,0.00025,0.00067
560.0,2026-07-02T12:19:24.028,3,-100.236,453.622,0.0,-0.5,1000.0,RETURNING_TO_START,load_zone_22,dump_zone_22,0.00025,0.00067
561.0,2026-07-02T12:19:25.647,1,602.5,43.697,27.677,-0.0833,0.0,GOING_TO_ENDPOINT,dump_zone_3,load_zone_26,0.00026,0.000697
561.0,2026-07-02T12:19:25.647,2,-107.891,451.935,0.0,-0.1997,1000.0,RETURNING_TO_START,load_zone_22,dump_zone_23,0.00025,0.00067
561.0,2026-07-02T12:19:25.647,3,-100.236,453.622,0.0,-0.5,1000.0,RETURNING_TO_START,load_zone_22,dump_zone_22,0.00025,0.00067
562.0,2026-07-02T12:19:27.378,1,602.5,35.917,28.34,0.073,0.0,GOING_TO_ENDPOINT,dump_zone_3,load_zone_26,0.000275,0.000737
562.0,2026-07-02T12:19:27.378,2,-107.891,451.935,0.0,-0.1997,1000.0,RETURNING_TO_START,load_zone_22,dump_zone_23,0.00025,0.00067
562.0,2026-07-02T12:19:27.378,3,-100.236,453.622,0.0,-0.5,1000.0,RETURNING_TO_START,load_zone_22,dump_zone_22,0.00025,0.00067
563.0,2026-07-02T12:19:29.082,1,602.5,28.182,27.199,-0.4775,0.0,GOING_TO_ENDPOINT,dump_zone_3,load_zone_26,0.00025,0.00067
563.0,2026-07-02T12:19:29.082,2,-107.891,451.935,0.0,-0.1997,1000.0,RETURNING_TO_START,load_zone_22,dump_zone_23,0.00025,0.00067
563.0,2026-07-02T12:19:29.082,3,-100.236,453.622,0.0,-0.5,1000.0,RETURNING_TO_START,load_zone_22,dump_zone_22,0.00025,0.00067
564.0,2026-07-02T12:19:30.977,1,602.5,20.732,27.049,0.4167,0.0,GOING_TO_ENDPOINT,dump_zone_3,load_zone_26,0.000304,0.000815
564.0,2026-07-02T12:19:30.977,2,-107.891,451.935,0.0,-0.1997,1000.0,RETURNING_TO_START,load_zone_22,dump_zone_23,0.00025,0.00067
564.0,2026-07-02T12:19:30.977,3,-100.236,453.622,0.0,-0.5,1000.0,RETURNING_TO_START,load_zone_22,dump_zone_22,0.00025,0.00067
565.0,2026-07-02T12:19:32.832,1,602.5,13.012,28.219,0.1334,0.0,GOING_TO_ENDPOINT,dump_zone_3,load_zone_26,0.00028,0.00075
565.0,2026-07-02T12:19:32.832,2,-107.891,451.935,0.0,-0.1997,1000.0,RETURNING_TO_START,load_zone_22,dump_zone_23,0.00025,0.00067
565.0,2026-07-02T12:19:32.832,3,-100.236,453.622,0.0,-0.5,1000.0,RETURNING_TO_START,load_zone_22,dump_zone_22,0.00025,0.00067
566.0,2026-07-02T12:19:34.662,1,602.5,5.188,28.099,-0.0333,0.0,GOING_TO_ENDPOINT,dump_zone_3,load_zone_26,0.000265,0.00071
566.0,2026-07-02T12:19:34.662,2,-107.891,451.935,0.0,-0.1997,1000.0,RETURNING_TO_START,load_zone_22,dump_zone_23,0.00025,0.00067
566.0,2026-07-02T12:19:34.662,3,-100.236,453.622,0.0,-0.5,1000.0,RETURNING_TO_START,load_zone_22,dump_zone_22,0.00025,0.00067
567.0,2026-07-02T12:19:36.354,1,602.5,-2.677,28.514,0.0369,0.0,GOING_TO_ENDPOINT,dump_zone_3,load_zone_26,0.000271,0.000726
567.0,2026-07-02T12:19:36.354,2,-107.891,451.935,0.0,-0.1997,1000.0,RETURNING_TO_START,load_zone_22,dump_zone_23,0.00025,0.00067
567.0,2026-07-02T12:19:36.354,3,-100.236,453.622,0.0,-0.5,1000.0,RETURNING_TO_START,load_zone_22,dump_zone_22,0.00025,0.00067
568.0,2026-07-02T12:19:38.147,1,602.5,-10.445,27.304,-0.3773,0.0,GOING_TO_ENDPOINT,dump_zone_3,load_zone_26,0.00025,0.00067
568.0,2026-07-02T12:19:38.147,2,-107.891,451.935,0.0,-0.1997,1000.0,RETURNING_TO_START,load_zone_22,dump_zone_23,0.00025,0.00067
568.0,2026-07-02T12:19:38.147,3,-100.236,453.622,0.0,-0.5,1000.0,RETURNING_TO_START,load_zone_22,dump_zone_22,0.00025,0.00067
569.0,2026-07-02T12:19:51.690,1,602.5,-18.035,27.856,0.4899,0.0,GOING_TO_ENDPOINT,dump_zone_3,load_zone_26,0.000312,0.000836
569.0,2026-07-02T12:19:51.690,2,-107.891,451.935,0.0,-0.1997,1000.0,RETURNING_TO_START,load_zone_22,dump_zone_23,0.00025,0.00067
569.0,2026-07-02T12:19:51.690,3,-100.236,453.622,0.0,-0.5,1000.0,RETURNING_TO_START,load_zone_22,dump_zone_22,0.00025,0.00067
570.0,2026-07-02T12:19:53.523,1,602.5,-25.906,28.399,-0.0336,0.0,GOING_TO_ENDPOINT,dump_zone_3,load_zone_26,0.000265,0.00071
570.0,2026-07-02T12:19:53.523,2,-107.891,451.935,0.0,-0.1997,1000.0,RETURNING_TO_START,load_zone_22,dump_zone_23,0.00025,0.00067
570.0,2026-07-02T12:19:53.523,3,-100.236,453.622,0.0,-0.5,1000.0,RETURNING_TO_START,load_zone_22,dump_zone_22,0.00025,0.00067
571.0,2026-07-02T12:20:09.107,1,602.5,-33.783,28.406,-0.0247,0.0,GOING_TO_ENDPOINT,dump_zone_3,load_zone_26,0.000266,0.000713
571.0,2026-07-02T12:20:09.107,2,-107.891,451.935,0.0,-0.1997,1000.0,RETURNING_TO_START,load_zone_22,dump_zone_23,0.00025,0.00067
571.0,2026-07-02T12:20:09.107,3,-100.236,453.622,0.0,-0.5,1000.0,RETURNING_TO_START,load_zone_22,dump_zone_22,0.00025,0.00067
572.0,2026-07-02T12:20:10.868,1,602.5,-41.631,28.168,0.142,0.0,GOING_TO_ENDPOINT,dump_zone_3,load_zone_26,0.000281,0.000753
572.0,2026-07-02T12:20:10.868,2,-107.891,451.935,0.0,-0.1997,1000.0,RETURNING_TO_START,load_zone_22,dump_zone_23,0.00025,0.00067
572.0,2026-07-02T12:20:10.868,3,-100.236,453.622,0.0,-0.5,1000.0,RETURNING_TO_START,load_zone_22,dump_zone_22,0.00025,0.00067
573.0,2026-07-02T12:20:12.330,1,602.5,-49.447,27.941,-0.1497,0.0,GOING_TO_ENDPOINT,dump_zone_3,load_zone_26,0.000254,0.000681
573.0,2026-07-02T12:20:12.330,2,-107.891,451.935,0.0,-0.1997,1000.0,RETURNING_TO_START,load_zone_22,dump_zone_23,0.00025,0.00067
573.0,2026-07-02T12:20:12.330,3,-100.236,453.622,0.0,-0.5,1000.0,RETURNING_TO_START,load_zone_22,dump_zone_22,0.00025,0.00067
574.0,2026-07-02T12:20:16.559,1,602.5,-57.041,26.881,-0.114,0.0,GOING_TO_ENDPOINT,dump_zone_3,load_zone_26,0.000257,0.000689
574.0,2026-07-02T12:20:16.559,2,-107.891,451.935,0.0,-0.1997,1000.0,RETURNING_TO_START,load_zone_22,dump_zone_23,0.00025,0.00067
574.0,2026-07-02T12:20:16.559,3,-100.236,453.622,0.0,-0.5,1000.0,RETURNING_TO_START,load_zone_22,dump_zone_22,0.00025,0.00067
575.0,2026-07-02T12:20:19.194,1,602.5,-64.559,27.021,-0.2807,0.0,GOING_TO_ENDPOINT,dump_zone_3,load_zone_26,0.00025,0.00067
575.0,2026-07-02T12:20:19.194,2,-107.891,451.935,0.0,-0.1997,1000.0,RETURNING_TO_START,load_zone_22,dump_zone_23,0.00025,0.00067
575.0,2026-07-02T12:20:19.194,3,-100.236,453.622,0.0,-0.5,1000.0,RETURNING_TO_START,load_zone_22,dump_zone_22,0.00025,0.00067
576.0,2026-07-02T12:20:23.571,1,602.5,-71.809,25.277,-0.5,0.0,GOING_TO_ENDPOINT,dump_zone_3,load_zone_26,0.00025,0.00067
576.0,2026-07-02T12:20:23.571,2,-107.891,451.935,0.0,-0.1997,1000.0,RETURNING_TO_START,load_zone_22,dump_zone_23,0.00025,0.00067
576.0,2026-07-02T12:20:23.571,3,-100.236,453.622,0.0,-0.5,1000.0,RETURNING_TO_START,load_zone_22,dump_zone_22,0.00025,0.00067
577.0,2026-07-02T12:20:24.881,1,602.5,-78.56,23.477,-0.5,0.0,GOING_TO_ENDPOINT,dump_zone_3,load_zone_26,0.00025,0.00067
577.0,2026-07-02T12:20:24.881,2,-107.891,451.935,0.0,-0.1997,1000.0,RETURNING_TO_START,load_zone_22,dump_zone_23,0.00025,0.00067
577.0,2026-07-02T12:20:24.881,3,-100.236,453.622,0.0,-0.5,1000.0,RETURNING_TO_START,load_zone_22,dump_zone_22,0.00025,0.00067
578.0,2026-07-02T12:20:26.293,1,602.5,-84.811,21.677,-0.5,0.0,GOING_TO_ENDPOINT,dump_zone_3,load_zone_26,0.00025,0.00067
578.0,2026-07-02T12:20:26.293,2,-107.891,451.935,0.0,-0.1997,1000.0,RETURNING_TO_START,load_zone_22,dump_zone_23,0.00025,0.00067
578.0,2026-07-02T12:20:26.293,3,-100.236,453.622,0.0,-0.5,1000.0,RETURNING_TO_START,load_zone_22,dump_zone_22,0.00025,0.00067
579.0,2026-07-02T12:20:27.648,1,602.5,-90.561,19.877,-0.5,0.0,GOING_TO_ENDPOINT,dump_zone_3,load_zone_26,0.00025,0.00067
579.0,2026-07-02T12:20:27.648,2,-107.891,451.935,0.0,-0.1997,1000.0,RETURNING_TO_START,load_zone_22,dump_zone_23,0.00025,0.00067
579.0,2026-07-02T12:20:27.648,3,-100.236,453.622,0.0,-0.5,1000.0,RETURNING_TO_START,load_zone_22,dump_zone_22,0.00025,0.00067
580.0,2026-07-02T12:20:29.060,1,602.5,-95.812,18.077,-0.5,0.0,GOING_TO_ENDPOINT,dump_zone_3,load_zone_26,0.00025,0.00067
580.0,2026-07-02T12:20:29.060,2,-107.891,451.935,0.0,-0.1997,1000.0,RETURNING_TO_START,load_zone_22,dump_zone_23,0.00025,0.00067
580.0,2026-07-02T12:20:29.060,3,-100.236,453.622,0.0,-0.5,1000.0,RETURNING_TO_START,load_zone_22,dump_zone_22,0.00025,0.00067
581.0,2026-07-02T12:20:30.609,1,603.009,-100.496,16.652,-0.0833,0.0,GOING_TO_ENDPOINT,dump_zone_3,load_zone_26,0.000256,0.000686
581.0,2026-07-02T12:20:30.609,2,-107.891,451.935,0.0,-0.1997,1000.0,RETURNING_TO_START,load_zone_22,dump_zone_23,0.00025,0.00067
581.0,2026-07-02T12:20:30.609,3,-100.236,453.622,0.0,-0.5,1000.0,RETURNING_TO_START,load_zone_22,dump_zone_22,0.00025,0.00067
582.0,2026-07-02T12:20:31.930,1,607.049,-102.5,18.302,0.9167,0.0,GOING_TO_ENDPOINT,dump_zone_3,load_zone_26,0.000316,0.000847
582.0,2026-07-02T12:20:31.930,2,-107.891,451.935,0.0,-0.1997,1000.0,RETURNING_TO_START,load_zone_22,dump_zone_23,0.00025,0.00067
582.0,2026-07-02T12:20:31.930,3,-100.236,453.622,0.0,-0.5,1000.0,RETURNING_TO_START,load_zone_22,dump_zone_22,0.00025,0.00067
583.0,2026-07-02T12:20:33.853,1,611.658,-99.415,21.902,1.0,0.0,GOING_TO_ENDPOINT,dump_zone_3,load_zone_26,0.000335,0.000898
583.0,2026-07-02T12:20:33.853,2,-107.891,451.935,0.0,-0.1997,1000.0,RETURNING_TO_START,load_zone_22,dump_zone_23,0.00025,0.00067
583.0,2026-07-02T12:20:33.853,3,-100.236,453.622,0.0,-0.5,1000.0,RETURNING_TO_START,load_zone_22,dump_zone_22,0.00025,0.00067
584.0,2026-07-02T12:20:35.562,1,617.703,-97.381,23.852,0.0833,0.0,GOING_TO_ENDPOINT,dump_zone_3,load_zone_26,0.000272,0.000729
584.0,2026-07-02T12:20:35.562,2,-107.891,451.935,0.0,-0.1997,1000.0,RETURNING_TO_START,load_zone_22,dump_zone_23,0.00025,0.00067
584.0,2026-07-02T12:20:35.562,3,-100.236,453.622,0.0,-0.5,1000.0,RETURNING_TO_START,load_zone_22,dump_zone_22,0.00025,0.00067
585.0,2026-07-02T12:20:37.477,1,624.18,-97.438,22.577,-0.5,0.0,GOING_TO_ENDPOINT,dump_zone_3,load_zone_26,0.00025,0.00067
585.0,2026-07-02T12:20:37.477,2,-107.891,451.935,0.0,-0.1997,1000.0,RETURNING_TO_START,load_zone_22,dump_zone_23,0.00025,0.00067
585.0,2026-07-02T12:20:37.477,3,-100.236,453.622,0.0,-0.5,1000.0,RETURNING_TO_START,load_zone_22,dump_zone_22,0.00025,0.00067
586.0,2026-07-02T12:20:39.469,1,630.18,-97.498,20.777,-0.5,0.0,GOING_TO_ENDPOINT,dump_zone_3,load_zone_26,0.00025,0.00067
586.0,2026-07-02T12:20:39.469,2,-107.891,451.935,0.0,-0.1997,1000.0,RETURNING_TO_START,load_zone_22,dump_zone_23,0.00025,0.00067
586.0,2026-07-02T12:20:39.469,3,-100.236,453.622,0.0,-0.5,1000.0,RETURNING_TO_START,load_zone_22,dump_zone_22,0.00025,0.00067
587.0,2026-07-02T12:20:41.133,1,635.681,-97.498,18.977,-0.5,0.0,GOING_TO_ENDPOINT,dump_zone_3,load_zone_26,0.00025,0.00067
587.0,2026-07-02T12:20:41.133,2,-107.891,451.935,0.0,-0.1997,1000.0,RETURNING_TO_START,load_zone_22,dump_zone_23,0.00025,0.00067
587.0,2026-07-02T12:20:41.133,3,-100.236,453.622,0.0,-0.5,1000.0,RETURNING_TO_START,load_zone_22,dump_zone_22,0.00025,0.00067
588.0,2026-07-02T12:20:42.865,1,640.681,-97.5,17.177,-0.5,0.0,GOING_TO_ENDPOINT,dump_zone_3,load_zone_26,0.00025,0.00067
588.0,2026-07-02T12:20:42.865,2,-107.891,451.935,0.0,-0.1997,1000.0,RETURNING_TO_START,load_zone_22,dump_zone_23,0.00025,0.00067
588.0,2026-07-02T12:20:42.865,3,-100.236,453.622,0.0,-0.5,1000.0,RETURNING_TO_START,load_zone_22,dump_zone_22,0.00025,0.00067
589.0,2026-07-02T12:20:44.443,1,645.182,-97.5,15.377,-0.5,0.0,GOING_TO_ENDPOINT,dump_zone_3,load_zone_26,0.00025,0.00067
589.0,2026-07-02T12:20:44.443,2,-107.891,451.935,0.0,-0.1997,1000.0,RETURNING_TO_START,load_zone_22,dump_zone_23,0.00025,0.00067
589.0,2026-07-02T12:20:44.443,3,-100.236,453.622,0.0,-0.5,1000.0,RETURNING_TO_START,load_zone_22,dump_zone_22,0.00025,0.00067
590.0,2026-07-02T12:20:46.782,1,649.177,-97.625,13.577,-0.5,0.0,GOING_TO_ENDPOINT,dump_zone_3,load_zone_26,0.00025,0.00067
590.0,2026-07-02T12:20:46.782,2,-107.891,451.935,0.0,-0.1997,1000.0,RETURNING_TO_START,load_zone_22,dump_zone_23,0.00025,0.00067
590.0,2026-07-02T12:20:46.782,3,-100.236,453.622,0.0,-0.5,1000.0,RETURNING_TO_START,load_zone_22,dump_zone_22,0.00025,0.00067
591.0,2026-07-02T12:20:48.892,1,652.362,-98.99,11.777,-0.5,0.0,GOING_TO_ENDPOINT,dump_zone_3,load_zone_26,0.00025,0.00067
591.0,2026-07-02T12:20:48.892,2,-107.891,451.935,0.0,-0.1997,1000.0,RETURNING_TO_START,load_zone_22,dump_zone_23,0.00025,0.00067
591.0,2026-07-02T12:20:48.892,3,-100.236,453.622,0.0,-0.5,1000.0,RETURNING_TO_START,load_zone_22,dump_zone_22,0.00025,0.00067
592.0,2026-07-02T12:20:50.589,1,654.719,-101.101,11.627,0.4167,0.0,GOING_TO_ENDPOINT,dump_zone_3,load_zone_26,0.000273,0.000732
592.0,2026-07-02T12:20:50.589,2,-107.891,451.935,0.0,-0.1997,1000.0,RETURNING_TO_START,load_zone_22,dump_zone_23,0.00025,0.00067
592.0,2026-07-02T12:20:50.589,3,-100.236,453.622,0.0,-0.5,1000.0,RETURNING_TO_START,load_zone_22,dump_zone_22,0.00025,0.00067
593.0,2026-07-02T12:20:52.173,1,657.295,-103.681,14.702,1.0,0.0,GOING_TO_ENDPOINT,dump_zone_3,load_zone_26,0.000307,0.000823
593.0,2026-07-02T12:20:52.173,2,-107.891,451.935,0.0,-0.1997,1000.0,RETURNING_TO_START,load_zone_22,dump_zone_23,0.00025,0.00067
593.0,2026-07-02T12:20:52.173,3,-100.236,453.622,0.0,-0.5,1000.0,RETURNING_TO_START,load_zone_22,dump_zone_22,0.00025,0.00067
594.0,2026-07-02T12:20:53.721,1,660.535,-106.982,18.302,1.0,0.0,GOING_TO_ENDPOINT,dump_zone_3,load_zone_26,0.000321,0.00086
594.0,2026-07-02T12:20:53.721,2,-107.891,451.935,0.0,-0.1997,1000.0,RETURNING_TO_START,load_zone_22,dump_zone_23,0.00025,0.00067
594.0,2026-07-02T12:20:53.721,3,-100.236,453.622,0.0,-0.5,1000.0,RETURNING_TO_START,load_zone_22,dump_zone_22,0.00025,0.00067
595.0,2026-07-02T12:20:55.630,1,664.504,-110.97,21.902,1.0,0.0,GOING_TO_ENDPOINT,dump_zone_3,load_zone_26,0.000335,0.000898
595.0,2026-07-02T12:20:55.630,2,-107.891,451.935,0.0,-0.1997,1000.0,RETURNING_TO_START,load_zone_22,dump_zone_23,0.00025,0.00067
595.0,2026-07-02T12:20:55.630,3,-100.236,453.622,0.0,-0.5,1000.0,RETURNING_TO_START,load_zone_22,dump_zone_22,0.00025,0.00067
596.0,2026-07-02T12:20:57.651,1,669.189,-115.654,25.477,0.9167,0.0,GOING_TO_ENDPOINT,dump_zone_3,load_zone_26,0.000342,0.000917
596.0,2026-07-02T12:20:57.651,2,-107.891,451.935,0.0,-0.1997,1000.0,RETURNING_TO_START,load_zone_22,dump_zone_23,0.00025,0.00067
596.0,2026-07-02T12:20:57.651,3,-100.236,453.622,0.0,-0.5,1000.0,RETURNING_TO_START,load_zone_22,dump_zone_22,0.00025,0.00067
597.0,2026-07-02T12:20:59.754,1,674.495,-120.959,28.036,0.3711,0.0,GOING_TO_ENDPOINT,dump_zone_3,load_zone_26,0.000301,0.000807
597.0,2026-07-02T12:20:59.754,2,-107.891,451.935,0.0,-0.1997,1000.0,RETURNING_TO_START,load_zone_22,dump_zone_23,0.00025,0.00067
597.0,2026-07-02T12:20:59.754,3,-100.236,453.622,0.0,-0.5,1000.0,RETURNING_TO_START,load_zone_22,dump_zone_22,0.00025,0.00067
598.0,2026-07-02T12:21:01.600,1,679.996,-126.46,27.474,-0.5,0.0,GOING_TO_ENDPOINT,dump_zone_3,load_zone_26,0.00025,0.00067
598.0,2026-07-02T12:21:01.600,2,-107.891,451.935,0.0,-0.1997,1000.0,RETURNING_TO_START,load_zone_22,dump_zone_23,0.00025,0.00067
598.0,2026-07-02T12:21:01.600,3,-100.236,453.622,0.0,-0.5,1000.0,RETURNING_TO_START,load_zone_22,dump_zone_22,0.00025,0.00067
599.0,2026-07-02T12:22:55.008,1,685.201,-131.665,25.674,-0.5,0.0,GOING_TO_ENDPOINT,dump_zone_3,load_zone_26,0.00025,0.00067
599.0,2026-07-02T12:22:55.008,2,-107.891,451.935,0.0,-0.1997,1000.0,RETURNING_TO_START,load_zone_22,dump_zone_23,0.00025,0.00067
599.0,2026-07-02T12:22:55.008,3,-100.236,453.622,0.0,-0.5,1000.0,RETURNING_TO_START,load_zone_22,dump_zone_22,0.00025,0.00067
600.0,2026-07-02T12:22:58.248,1,690.052,-136.516,23.874,-0.5,0.0,GOING_TO_ENDPOINT,dump_zone_3,load_zone_26,0.00025,0.00067
600.0,2026-07-02T12:22:58.248,2,-107.891,451.935,0.0,-0.1997,1000.0,RETURNING_TO_START,load_zone_22,dump_zone_23,0.00025,0.00067
600.0,2026-07-02T12:22:58.248,3,-100.236,453.622,0.0,-0.5,1000.0,RETURNING_TO_START,load_zone_22,dump_zone_22,0.00025,0.00067
601.0,2026-07-02T12:23:01.701,1,694.55,-141.014,22.074,-0.5,0.0,GOING_TO_ENDPOINT,dump_zone_3,load_zone_26,0.00025,0.00067
601.0,2026-07-02T12:23:01.701,2,-107.891,451.935,0.0,-0.1997,1000.0,RETURNING_TO_START,load_zone_22,dump_zone_23,0.00025,0.00067
601.0,2026-07-02T12:23:01.701,3,-100.236,453.622,0.0,-0.5,1000.0,RETURNING_TO_START,load_zone_22,dump_zone_22,0.00025,0.00067
602.0,2026-07-02T12:23:04.693,1,698.694,-145.158,20.274,-0.5,0.0,GOING_TO_ENDPOINT,dump_zone_3,load_zone_26,0.00025,0.00067
602.0,2026-07-02T12:23:04.693,2,-107.891,451.935,0.0,-0.1997,1000.0,RETURNING_TO_START,load_zone_22,dump_zone_23,0.00025,0.00067
602.0,2026-07-02T12:23:04.693,3,-100.236,453.622,0.0,-0.5,1000.0,RETURNING_TO_START,load_zone_22,dump_zone_22,0.00025,0.00067
603.0,2026-07-02T12:23:07.571,1,702.148,-149.235,18.474,-0.5,0.0,GOING_TO_ENDPOINT,dump_zone_3,load_zone_26,0.00025,0.00067
603.0,2026-07-02T12:23:07.571,2,-107.891,451.935,0.0,-0.1997,1000.0,RETURNING_TO_START,load_zone_22,dump_zone_23,0.00025,0.00067
603.0,2026-07-02T12:23:07.571,3,-100.236,453.622,0.0,-0.5,1000.0,RETURNING_TO_START,load_zone_22,dump_zone_22,0.00025,0.00067
604.0,2026-07-02T12:23:10.441,1,703.085,-153.859,17.049,-0.0833,0.0,GOING_TO_ENDPOINT,dump_zone_3,load_zone_26,0.000256,0.000686
604.0,2026-07-02T12:23:10.441,2,-107.891,451.935,0.0,-0.1997,1000.0,RETURNING_TO_START,load_zone_22,dump_zone_23,0.00025,0.00067
604.0,2026-07-02T12:23:10.441,3,-100.236,453.622,0.0,-0.5,1000.0,RETURNING_TO_START,load_zone_22,dump_zone_22,0.00025,0.00067
605.0,2026-07-02T12:23:12.205,1,702.595,-158.724,18.504,0.6369,0.0,GOING_TO_ENDPOINT,dump_zone_3,load_zone_26,0.0003,0.000804
605.0,2026-07-02T12:23:12.205,2,-107.891,451.935,0.0,-0.1997,1000.0,RETURNING_TO_START,load_zone_22,dump_zone_23,0.00025,0.00067
605.0,2026-07-02T12:23:12.205,3,-100.236,453.622,0.0,-0.5,1000.0,RETURNING_TO_START,load_zone_22,dump_zone_22,0.00025,0.00067
606.0,2026-07-02T12:23:13.627,1,702.493,-163.997,18.847,-0.3631,0.0,GOING_TO_ENDPOINT,dump_zone_3,load_zone_26,0.00025,0.00067
606.0,2026-07-02T12:23:13.627,2,-107.891,451.935,0.0,-0.1997,1000.0,RETURNING_TO_START,load_zone_22,dump_zone_23,0.00025,0.00067
606.0,2026-07-02T12:23:13.627,3,-100.236,453.622,0.0,-0.5,1000.0,RETURNING_TO_START,load_zone_22,dump_zone_22,0.00025,0.00067
607.0,2026-07-02T12:23:15.148,1,702.495,-168.966,17.063,-0.5,0.0,GOING_TO_ENDPOINT,dump_zone_3,load_zone_26,0.00025,0.00067
607.0,2026-07-02T12:23:15.148,2,-107.891,451.935,0.0,-0.1997,1000.0,RETURNING_TO_START,load_zone_22,dump_zone_23,0.00025,0.00067
607.0,2026-07-02T12:23:15.148,3,-100.236,453.622,0.0,-0.5,1000.0,RETURNING_TO_START,load_zone_22,dump_zone_22,0.00025,0.00067
608.0,2026-07-02T12:23:17.165,1,702.499,-173.434,15.263,-0.5,0.0,GOING_TO_ENDPOINT,dump_zone_3,load_zone_26,0.00025,0.00067
608.0,2026-07-02T12:23:17.165,2,-107.891,451.935,0.0,-0.1997,1000.0,RETURNING_TO_START,load_zone_22,dump_zone_23,0.00025,0.00067
608.0,2026-07-02T12:23:17.165,3,-100.236,453.622,0.0,-0.5,1000.0,RETURNING_TO_START,load_zone_22,dump_zone_22,0.00025,0.00067
609.0,2026-07-02T12:23:19.943,1,702.5,-177.403,13.463,-0.5,0.0,GOING_TO_ENDPOINT,dump_zone_3,load_zone_26,0.00025,0.00067
609.0,2026-07-02T12:23:19.943,2,-107.891,451.935,0.0,-0.1997,1000.0,RETURNING_TO_START,load_zone_22,dump_zone_23,0.00025,0.00067
609.0,2026-07-02T12:23:19.943,3,-100.236,453.622,0.0,-0.5,1000.0,RETURNING_TO_START,load_zone_22,dump_zone_22,0.00025,0.00067
610.0,2026-07-02T12:23:21.745,1,702.5,-180.872,11.663,-0.5,0.0,GOING_TO_ENDPOINT,dump_zone_3,load_zone_26,0.00025,0.00067
610.0,2026-07-02T12:23:21.745,2,-107.891,451.935,0.0,-0.1997,1000.0,RETURNING_TO_START,load_zone_22,dump_zone_23,0.00025,0.00067
610.0,2026-07-02T12:23:21.745,3,-100.236,453.622,0.0,-0.5,1000.0,RETURNING_TO_START,load_zone_22,dump_zone_22,0.00025,0.00067
611.0,2026-07-02T12:23:23.571,1,702.5,-183.841,9.863,-0.5,0.0,GOING_TO_ENDPOINT,dump_zone_3,load_zone_26,0.00025,0.00067
611.0,2026-07-02T12:23:23.571,2,-107.891,451.935,0.0,-0.1997,1000.0,RETURNING_TO_START,load_zone_22,dump_zone_23,0.00025,0.00067
611.0,2026-07-02T12:23:23.571,3,-100.236,453.622,0.0,-0.5,1000.0,RETURNING_TO_START,load_zone_22,dump_zone_22,0.00025,0.00067
612.0,2026-07-02T12:23:25.447,1,702.5,-186.31,8.063,-0.5,0.0,GOING_TO_ENDPOINT,dump_zone_3,load_zone_26,0.00025,0.00067
612.0,2026-07-02T12:23:25.447,2,-107.891,451.935,0.0,-0.1997,1000.0,RETURNING_TO_START,load_zone_22,dump_zone_23,0.00025,0.00067
612.0,2026-07-02T12:23:25.447,3,-100.236,453.622,0.0,-0.5,1000.0,RETURNING_TO_START,load_zone_22,dump_zone_22,0.00025,0.00067
613.0,2026-07-02T12:23:27.987,1,702.5,-188.279,6.263,-0.5,0.0,GOING_TO_ENDPOINT,dump_zone_3,load_zone_26,0.00025,0.00067
613.0,2026-07-02T12:23:27.987,2,-107.891,451.935,0.0,-0.1997,1000.0,RETURNING_TO_START,load_zone_22,dump_zone_23,0.00025,0.00067
613.0,2026-07-02T12:23:27.987,3,-100.236,453.622,0.0,-0.5,1000.0,RETURNING_TO_START,load_zone_22,dump_zone_22,0.00025,0.00067
614.0,2026-07-02T12:23:30.037,1,702.509,-189.747,4.463,-0.5,0.0,GOING_TO_ENDPOINT,dump_zone_3,load_zone_26,0.00025,0.00067
614.0,2026-07-02T12:23:30.037,2,-107.891,451.935,0.0,-0.1997,1000.0,RETURNING_TO_START,load_zone_22,dump_zone_23,0.00025,0.00067
614.0,2026-07-02T12:23:30.037,3,-100.236,453.622,0.0,-0.5,1000.0,RETURNING_TO_START,load_zone_22,dump_zone_22,0.00025,0.00067
615.0,2026-07-02T12:23:32.027,1,702.697,-190.696,2.663,-0.5,0.0,LOADING,dump_zone_3,load_zone_26,0.00025,0.00067
615.0,2026-07-02T12:23:32.027,2,-107.891,451.935,0.0,-0.1997,1000.0,RETURNING_TO_START,load_zone_22,dump_zone_23,0.00025,0.00067
615.0,2026-07-02T12:23:32.027,3,-100.236,453.622,0.0,-0.5,1000.0,RETURNING_TO_START,load_zone_22,dump_zone_22,0.00025,0.00067
616.0,2026-07-02T12:23:34.083,1,702.867,-191.132,0.863,-0.5,0.0,LOADING,dump_zone_3,load_zone_26,0.00025,0.00067
616.0,2026-07-02T12:23:34.083,2,-107.891,451.935,0.0,-0.1997,1000.0,RETURNING_TO_START,load_zone_22,dump_zone_23,0.00025,0.00067
616.0,2026-07-02T12:23:34.083,3,-100.236,453.622,0.0,-0.5,1000.0,RETURNING_TO_START,load_zone_22,dump_zone_22,0.00025,0.00067
617.0,2026-07-02T12:23:36.355,1,702.887,-191.176,0.0,-0.5,0.0,LOADING,dump_zone_3,load_zone_26,0.00025,0.00067
617.0,2026-07-02T12:23:36.355,2,-107.891,451.935,0.0,-0.1997,1000.0,RETURNING_TO_START,load_zone_22,dump_zone_23,0.00025,0.00067
617.0,2026-07-02T12:23:36.355,3,-100.236,453.622,0.0,-0.5,1000.0,RETURNING_TO_START,load_zone_22,dump_zone_22,0.00025,0.00067
618.0,2026-07-02T12:23:38.660,1,703.33,-191.88,7.2,0.0,1000.0,TURNING_AROUND,load_zone_26,dump_zone_3,0.000258,0.000691
618.0,2026-07-02T12:23:38.660,2,-107.891,451.935,0.0,-0.1997,1000.0,RETURNING_TO_START,load_zone_22,dump_zone_23,0.00025,0.00067
618.0,2026-07-02T12:23:38.660,3,-100.236,453.622,0.0,-0.5,1000.0,RETURNING_TO_START,load_zone_22,dump_zone_22,0.00025,0.00067
619.0,2026-07-02T12:23:40.618,1,704.898,-193.087,7.2,0.0,1000.0,TURNING_AROUND,load_zone_26,dump_zone_3,0.000258,0.000691
619.0,2026-07-02T12:23:40.618,2,-107.891,451.935,0.0,-0.1997,1000.0,RETURNING_TO_START,load_zone_22,dump_zone_23,0.00025,0.00067
619.0,2026-07-02T12:23:40.618,3,-100.236,453.622,0.0,-0.5,1000.0,RETURNING_TO_START,load_zone_22,dump_zone_22,0.00025,0.00067
620.0,2026-07-02T12:23:42.479,1,703.983,-192.994,5.4,0.0,1000.0,TURNING_AROUND,load_zone_26,dump_zone_3,0.000256,0.000686
620.0,2026-07-02T12:23:42.479,2,-107.891,451.935,0.0,-0.1997,1000.0,RETURNING_TO_START,load_zone_22,dump_zone_23,0.00025,0.00067
620.0,2026-07-02T12:23:42.479,3,-100.236,453.622,0.0,-0.5,1000.0,RETURNING_TO_START,load_zone_22,dump_zone_22,0.00025,0.00067
621.0,2026-07-02T12:23:44.632,1,705.332,-192.57,7.2,0.0,1000.0,TURNING_AROUND,load_zone_26,dump_zone_3,0.000258,0.000691
621.0,2026-07-02T12:23:44.632,2,-107.891,451.935,0.0,-0.1997,1000.0,RETURNING_TO_START,load_zone_22,dump_zone_23,0.00025,0.00067
621.0,2026-07-02T12:23:44.632,3,-100.236,453.622,0.0,-0.5,1000.0,RETURNING_TO_START,load_zone_22,dump_zone_22,0.00025,0.00067
622.0,2026-07-02T12:23:46.511,1,706.275,-191.95,5.4,0.0,1000.0,TURNING_AROUND,load_zone_26,dump_zone_3,0.000256,0.000686
622.0,2026-07-02T12:23:46.511,2,-107.891,451.935,0.0,-0.1997,1000.0,RETURNING_TO_START,load_zone_22,dump_zone_23,0.00025,0.00067
622.0,2026-07-02T12:23:46.511,3,-100.236,453.622,0.0,-0.5,1000.0,RETURNING_TO_START,load_zone_22,dump_zone_22,0.00025,0.00067
623.0,2026-07-02T12:23:48.786,1,705.883,-192.457,7.2,0.0,1000.0,TURNING_AROUND,load_zone_26,dump_zone_3,0.000258,0.000691
623.0,2026-07-02T12:23:48.786,2,-107.891,451.935,0.0,-0.1997,1000.0,RETURNING_TO_START,load_zone_22,dump_zone_23,0.00025,0.00067
623.0,2026-07-02T12:23:48.786,3,-100.236,453.622,0.0,-0.5,1000.0,RETURNING_TO_START,load_zone_22,dump_zone_22,0.00025,0.00067
624.0,2026-07-02T12:23:51.551,1,705.883,-192.436,0.375,0.4167,1000.0,RETURNING_TO_START,load_zone_26,dump_zone_3,0.000251,0.000673
624.0,2026-07-02T12:23:51.551,2,-107.891,451.935,0.0,-0.1997,1000.0,RETURNING_TO_START,load_zone_22,dump_zone_23,0.00025,0.00067
624.0,2026-07-02T12:23:51.551,3,-100.236,453.622,0.0,-0.5,1000.0,RETURNING_TO_START,load_zone_22,dump_zone_22,0.00025,0.00067
625.0,2026-07-02T12:23:54.090,1,705.845,-191.918,3.45,1.0,1000.0,RETURNING_TO_START,load_zone_26,dump_zone_3,0.000272,0.000729
625.0,2026-07-02T12:23:54.090,2,-107.891,451.935,0.0,-0.1997,1000.0,RETURNING_TO_START,load_zone_22,dump_zone_23,0.00025,0.00067
625.0,2026-07-02T12:23:54.090,3,-100.236,453.622,0.0,-0.5,1000.0,RETURNING_TO_START,load_zone_22,dump_zone_22,0.00025,0.00067
626.0,2026-07-02T12:23:56.610,1,705.353,-190.51,7.05,1.0,1000.0,RETURNING_TO_START,load_zone_26,dump_zone_3,0.000295,0.000791
626.0,2026-07-02T12:23:56.610,2,-107.891,451.935,0.0,-0.1997,1000.0,RETURNING_TO_START,load_zone_22,dump_zone_23,0.00025,0.00067
626.0,2026-07-02T12:23:56.610,3,-100.236,453.622,0.0,-0.5,1000.0,RETURNING_TO_START,load_zone_22,dump_zone_22,0.00025,0.00067
627.0,2026-07-02T12:23:59.326,1,703.701,-188.655,10.65,1.0,1000.0,RETURNING_TO_START,load_zone_26,dump_zone_3,0.000319,0.000855
627.0,2026-07-02T12:23:59.326,2,-107.891,451.935,0.0,-0.1997,1000.0,RETURNING_TO_START,load_zone_22,dump_zone_23,0.00025,0.00067
627.0,2026-07-02T12:23:59.326,3,-100.236,453.622,0.0,-0.5,1000.0,RETURNING_TO_START,load_zone_22,dump_zone_22,0.00025,0.00067
628.0,2026-07-02T12:24:02.144,1,701.185,-186.223,14.25,1.0,1000.0,RETURNING_TO_START,load_zone_26,dump_zone_3,0.000342,0.000917
628.0,2026-07-02T12:24:02.144,2,-107.891,451.935,0.0,-0.1997,1000.0,RETURNING_TO_START,load_zone_22,dump_zone_23,0.00025,0.00067
628.0,2026-07-02T12:24:02.144,3,-100.236,453.622,0.0,-0.5,1000.0,RETURNING_TO_START,load_zone_22,dump_zone_22,0.00025,0.00067
629.0,2026-07-02T12:24:04.866,1,698.618,-182.553,17.85,1.0,1000.0,RETURNING_TO_START,load_zone_26,dump_zone_3,0.000365,0.000978
629.0,2026-07-02T12:24:04.866,2,-107.891,451.935,0.0,-0.1997,1000.0,RETURNING_TO_START,load_zone_22,dump_zone_23,0.00025,0.00067
629.0,2026-07-02T12:24:04.866,3,-100.236,453.622,0.0,-0.5,1000.0,RETURNING_TO_START,load_zone_22,dump_zone_22,0.00025,0.00067
630.0,2026-07-02T12:24:07.803,1,697.507,-177.367,19.8,0.0833,1000.0,RETURNING_TO_START,load_zone_26,dump_zone_3,0.00028,0.00075
630.0,2026-07-02T12:24:07.803,2,-107.891,451.935,0.0,-0.1997,1000.0,RETURNING_TO_START,load_zone_22,dump_zone_23,0.00025,0.00067
630.0,2026-07-02T12:24:07.803,3,-100.236,453.622,0.0,-0.5,1000.0,RETURNING_TO_START,load_zone_22,dump_zone_22,0.00025,0.00067
631.0,2026-07-02T12:24:10.127,1,697.475,-172.014,18.525,-0.5,1000.0,RETURNING_TO_START,load_zone_26,dump_zone_3,0.00025,0.00067
631.0,2026-07-02T12:24:10.127,2,-107.891,451.935,0.0,-0.1997,1000.0,RETURNING_TO_START,load_zone_22,dump_zone_23,0.00025,0.00067
631.0,2026-07-02T12:24:10.127,3,-100.236,453.622,0.0,-0.5,1000.0,RETURNING_TO_START,load_zone_22,dump_zone_22,0.00025,0.00067
632.0,2026-07-02T12:24:12.020,1,697.5,-167.139,16.725,-0.5,1000.0,RETURNING_TO_START,load_zone_26,dump_zone_3,0.00025,0.00067
632.0,2026-07-02T12:24:12.020,2,-107.891,451.935,0.0,-0.1997,1000.0,RETURNING_TO_START,load_zone_22,dump_zone_23,0.00025,0.00067
632.0,2026-07-02T12:24:12.020,3,-100.236,453.622,0.0,-0.5,1000.0,RETURNING_TO_START,load_zone_22,dump_zone_22,0.00025,0.00067
633.0,2026-07-02T12:24:13.668,1,697.501,-162.764,14.925,-0.5,1000.0,RETURNING_TO_START,load_zone_26,dump_zone_3,0.00025,0.00067
633.0,2026-07-02T12:24:13.668,2,-107.891,451.935,0.0,-0.1997,1000.0,RETURNING_TO_START,load_zone_22,dump_zone_23,0.00025,0.00067
633.0,2026-07-02T12:24:13.668,3,-100.236,453.622,0.0,-0.5,1000.0,RETURNING_TO_START,load_zone_22,dump_zone_22,0.00025,0.00067
634.0,2026-07-02T12:24:15.115,1,697.5,-158.889,13.125,-0.5,1000.0,RETURNING_TO_START,load_zone_26,dump_zone_3,0.00025,0.00067
634.0,2026-07-02T12:24:15.115,2,-107.891,451.935,0.0,-0.1997,1000.0,RETURNING_TO_START,load_zone_22,dump_zone_23,0.00025,0.00067
634.0,2026-07-02T12:24:15.115,3,-100.236,453.622,0.0,-0.5,1000.0,RETURNING_TO_START,load_zone_22,dump_zone_22,0.00025,0.00067
635.0,2026-07-02T12:24:16.436,1,697.5,-155.514,11.325,-0.5,1000.0,RETURNING_TO_START,load_zone_26,dump_zone_3,0.00025,0.00067
635.0,2026-07-02T12:24:16.436,2,-107.891,451.935,0.0,-0.1997,1000.0,RETURNING_TO_START,load_zone_22,dump_zone_23,0.00025,0.00067
635.0,2026-07-02T12:24:16.436,3,-100.236,453.622,0.0,-0.5,1000.0,RETURNING_TO_START,load_zone_22,dump_zone_22,0.00025,0.00067
636.0,2026-07-02T12:24:18.020,1,697.505,-152.639,9.525,-0.5,1000.0,RETURNING_TO_START,load_zone_26,dump_zone_3,0.00025,0.00067
636.0,2026-07-02T12:24:18.020,2,-107.891,451.935,0.0,-0.1997,1000.0,RETURNING_TO_START,load_zone_22,dump_zone_23,0.00025,0.00067
636.0,2026-07-02T12:24:18.020,3,-100.236,453.622,0.0,-0.5,1000.0,RETURNING_TO_START,load_zone_22,dump_zone_22,0.00025,0.00067
637.0,2026-07-02T12:24:19.826,1,697.124,-150.312,7.875,-0.25,1000.0,RETURNING_TO_START,load_zone_26,dump_zone_3,0.00025,0.00067
637.0,2026-07-02T12:24:19.826,2,-107.891,451.935,0.0,-0.1997,1000.0,RETURNING_TO_START,load_zone_22,dump_zone_23,0.00025,0.00067
637.0,2026-07-02T12:24:19.826,3,-100.236,453.622,0.0,-0.5,1000.0,RETURNING_TO_START,load_zone_22,dump_zone_22,0.00025,0.00067
638.0,2026-07-02T12:24:21.496,1,695.762,-148.519,8.925,0.75,1000.0,RETURNING_TO_START,load_zone_26,dump_zone_3,0.000296,0.000793
638.0,2026-07-02T12:24:21.496,2,-107.891,451.935,0.0,-0.1997,1000.0,RETURNING_TO_START,load_zone_22,dump_zone_23,0.00025,0.00067
638.0,2026-07-02T12:24:21.496,3,-100.236,453.622,0.0,-0.5,1000.0,RETURNING_TO_START,load_zone_22,dump_zone_22,0.00025,0.00067
639.0,2026-07-02T12:24:23.240,1,693.564,-146.477,12.45,1.0,1000.0,RETURNING_TO_START,load_zone_26,dump_zone_3,0.00033,0.000884
639.0,2026-07-02T12:24:23.240,2,-107.891,451.935,0.0,-0.1997,1000.0,RETURNING_TO_START,load_zone_22,dump_zone_23,0.00025,0.00067
639.0,2026-07-02T12:24:23.240,3,-100.236,453.622,0.0,-0.5,1000.0,RETURNING_TO_START,load_zone_22,dump_zone_22,0.00025,0.00067
640.0,2026-07-02T12:24:24.628,1,690.546,-143.853,16.05,1.0,1000.0,RETURNING_TO_START,load_zone_26,dump_zone_3,0.000353,0.000946
640.0,2026-07-02T12:24:24.628,2,-107.891,451.935,0.0,-0.1997,1000.0,RETURNING_TO_START,load_zone_22,dump_zone_23,0.00025,0.00067
640.0,2026-07-02T12:24:24.628,3,-100.236,453.622,0.0,-0.5,1000.0,RETURNING_TO_START,load_zone_22,dump_zone_22,0.00025,0.00067
641.0,2026-07-02T12:24:26.145,1,686.905,-140.427,19.65,1.0,1000.0,RETURNING_TO_START,load_zone_26,dump_zone_3,0.000377,0.00101
641.0,2026-07-02T12:24:26.145,2,-107.891,451.935,0.0,-0.1997,1000.0,RETURNING_TO_START,load_zone_22,dump_zone_23,0.00025,0.00067
641.0,2026-07-02T12:24:26.145,3,-100.236,453.622,0.0,-0.5,1000.0,RETURNING_TO_START,load_zone_22,dump_zone_22,0.00025,0.00067
642.0,2026-07-02T12:24:27.971,1,682.668,-136.207,22.875,0.5833,1000.0,RETURNING_TO_START,load_zone_26,dump_zone_3,0.000346,0.000927
642.0,2026-07-02T12:24:27.971,2,-107.891,451.935,0.0,-0.1997,1000.0,RETURNING_TO_START,load_zone_22,dump_zone_23,0.00025,0.00067
642.0,2026-07-02T12:24:27.971,3,-100.236,453.622,0.0,-0.5,1000.0,RETURNING_TO_START,load_zone_22,dump_zone_22,0.00025,0.00067
643.0,2026-07-02T12:24:29.531,1,678.102,-131.637,23.075,-0.25,1000.0,RETURNING_TO_START,load_zone_26,dump_zone_3,0.00025,0.00067
643.0,2026-07-02T12:24:29.531,2,-107.891,451.935,0.0,-0.1997,1000.0,RETURNING_TO_START,load_zone_22,dump_zone_23,0.00025,0.00067
643.0,2026-07-02T12:24:29.531,3,-100.236,453.622,0.0,-0.5,1000.0,RETURNING_TO_START,load_zone_22,dump_zone_22,0.00025,0.00067
644.0,2026-07-02T12:24:30.916,1,673.647,-127.182,22.025,-0.5,1000.0,RETURNING_TO_START,load_zone_26,dump_zone_3,0.00025,0.00067
644.0,2026-07-02T12:24:30.916,2,-107.891,451.935,0.0,-0.1997,1000.0,RETURNING_TO_START,load_zone_22,dump_zone_23,0.00025,0.00067
644.0,2026-07-02T12:24:30.916,3,-100.236,453.622,0.0,-0.5,1000.0,RETURNING_TO_START,load_zone_22,dump_zone_22,0.00025,0.00067
645.0,2026-07-02T12:24:32.517,1,669.512,-123.048,20.225,-0.5,1000.0,RETURNING_TO_START,load_zone_26,dump_zone_3,0.00025,0.00067
645.0,2026-07-02T12:24:32.517,2,-107.891,451.935,0.0,-0.1997,1000.0,RETURNING_TO_START,load_zone_22,dump_zone_23,0.00025,0.00067
645.0,2026-07-02T12:24:32.517,3,-100.236,453.622,0.0,-0.5,1000.0,RETURNING_TO_START,load_zone_22,dump_zone_22,0.00025,0.00067
646.0,2026-07-02T12:24:33.988,1,665.731,-119.267,18.425,-0.5,1000.0,RETURNING_TO_START,load_zone_26,dump_zone_3,0.00025,0.00067
646.0,2026-07-02T12:24:33.988,2,-107.891,451.935,0.0,-0.1997,1000.0,RETURNING_TO_START,load_zone_22,dump_zone_23,0.00025,0.00067
646.0,2026-07-02T12:24:33.988,3,-100.236,453.622,0.0,-0.5,1000.0,RETURNING_TO_START,load_zone_22,dump_zone_22,0.00025,0.00067
647.0,2026-07-02T12:24:35.577,1,662.277,-115.813,17.025,-0.4167,1000.0,RETURNING_TO_START,load_zone_26,dump_zone_3,0.00025,0.00067
647.0,2026-07-02T12:24:35.577,2,-107.891,451.935,0.0,-0.1997,1000.0,RETURNING_TO_START,load_zone_22,dump_zone_23,0.00025,0.00067
647.0,2026-07-02T12:24:35.577,3,-100.236,453.622,0.0,-0.5,1000.0,RETURNING_TO_START,load_zone_22,dump_zone_22,0.00025,0.00067
648.0,2026-07-02T12:24:36.767,1,659.125,-112.66,15.225,-0.5,1000.0,RETURNING_TO_START,load_zone_26,dump_zone_3,0.00025,0.00067
648.0,2026-07-02T12:24:36.767,2,-107.891,451.935,0.0,-0.1997,1000.0,RETURNING_TO_START,load_zone_22,dump_zone_23,0.00025,0.00067
648.0,2026-07-02T12:24:36.767,3,-100.236,453.622,0.0,-0.5,1000.0,RETURNING_TO_START,load_zone_22,dump_zone_22,0.00025,0.00067
649.0,2026-07-02T12:24:38.117,1,656.326,-109.862,13.425,-0.5,1000.0,RETURNING_TO_START,load_zone_26,dump_zone_3,0.00025,0.00067
649.0,2026-07-02T12:24:38.117,2,-107.891,451.935,0.0,-0.1997,1000.0,RETURNING_TO_START,load_zone_22,dump_zone_23,0.00025,0.00067
649.0,2026-07-02T12:24:38.117,3,-100.236,453.622,0.0,-0.5,1000.0,RETURNING_TO_START,load_zone_22,dump_zone_22,0.00025,0.00067
650.0,2026-07-02T12:24:39.465,1,653.881,-107.416,11.625,-0.5,1000.0,RETURNING_TO_START,load_zone_26,dump_zone_3,0.00025,0.00067
650.0,2026-07-02T12:24:39.465,2,-107.891,451.935,0.0,-0.1997,1000.0,RETURNING_TO_START,load_zone_22,dump_zone_23,0.00025,0.00067
650.0,2026-07-02T12:24:39.465,3,-100.236,453.622,0.0,-0.5,1000.0,RETURNING_TO_START,load_zone_22,dump_zone_22,0.00025,0.00067
651.0,2026-07-02T12:24:41.180,1,651.789,-105.324,9.825,-0.5,1000.0,RETURNING_TO_START,load_zone_26,dump_zone_3,0.00025,0.00067
651.0,2026-07-02T12:24:41.180,2,-107.891,451.935,0.0,-0.1997,1000.0,RETURNING_TO_START,load_zone_22,dump_zone_23,0.00025,0.00067
651.0,2026-07-02T12:24:41.180,3,-100.236,453.622,0.0,-0.5,1000.0,RETURNING_TO_START,load_zone_22,dump_zone_22,0.00025,0.00067
652.0,2026-07-02T12:24:43.100,1,650.056,-103.58,8.025,-0.5,1000.0,RETURNING_TO_START,load_zone_26,dump_zone_3,0.00025,0.00067
652.0,2026-07-02T12:24:43.100,2,-107.891,451.935,0.0,-0.1997,1000.0,RETURNING_TO_START,load_zone_22,dump_zone_23,0.00025,0.00067
652.0,2026-07-02T12:24:43.100,3,-100.236,453.622,0.0,-0.5,1000.0,RETURNING_TO_START,load_zone_22,dump_zone_22,0.00025,0.00067
653.0,2026-07-02T12:24:44.681,1,648.504,-102.395,6.375,-0.25,1000.0,RETURNING_TO_START,load_zone_26,dump_zone_3,0.00025,0.00067
653.0,2026-07-02T12:24:44.681,2,-107.891,451.935,0.0,-0.1997,1000.0,RETURNING_TO_START,load_zone_22,dump_zone_23,0.00025,0.00067
653.0,2026-07-02T12:24:44.681,3,-100.236,453.622,0.0,-0.5,1000.0,RETURNING_TO_START,load_zone_22,dump_zone_22,0.00025,0.00067
654.0,2026-07-02T12:24:46.119,1,646.713,-102.011,7.425,0.75,1000.0,RETURNING_TO_START,load_zone_26,dump_zone_3,0.000288,0.000772
654.0,2026-07-02T12:24:46.119,2,-107.891,451.935,0.0,-0.1997,1000.0,RETURNING_TO_START,load_zone_22,dump_zone_23,0.00025,0.00067
654.0,2026-07-02T12:24:46.119,3,-100.236,453.622,0.0,-0.5,1000.0,RETURNING_TO_START,load_zone_22,dump_zone_22,0.00025,0.00067
655.0,2026-07-02T12:24:47.691,1,644.13,-102.057,10.95,1.0,1000.0,RETURNING_TO_START,load_zone_26,dump_zone_3,0.000321,0.00086
655.0,2026-07-02T12:24:47.691,2,-107.891,451.935,0.0,-0.1997,1000.0,RETURNING_TO_START,load_zone_22,dump_zone_23,0.00025,0.00067
655.0,2026-07-02T12:24:47.691,3,-100.236,453.622,0.0,-0.5,1000.0,RETURNING_TO_START,load_zone_22,dump_zone_22,0.00025,0.00067
656.0,2026-07-02T12:24:49.070,1,640.553,-102.271,14.55,1.0,1000.0,RETURNING_TO_START,load_zone_26,dump_zone_3,0.000344,0.000922
656.0,2026-07-02T12:24:49.070,2,-107.891,451.935,0.0,-0.1997,1000.0,RETURNING_TO_START,load_zone_22,dump_zone_23,0.00025,0.00067
656.0,2026-07-02T12:24:49.070,3,-100.236,453.622,0.0,-0.5,1000.0,RETURNING_TO_START,load_zone_22,dump_zone_22,0.00025,0.00067
657.0,2026-07-02T12:24:50.732,1,635.974,-102.463,18.15,1.0,1000.0,RETURNING_TO_START,load_zone_26,dump_zone_3,0.000367,0.000984
657.0,2026-07-02T12:24:50.732,2,-107.891,451.935,0.0,-0.1997,1000.0,RETURNING_TO_START,load_zone_22,dump_zone_23,0.00025,0.00067
657.0,2026-07-02T12:24:50.732,3,-100.236,453.622,0.0,-0.5,1000.0,RETURNING_TO_START,load_zone_22,dump_zone_22,0.00025,0.00067
658.0,2026-07-02T12:24:52.807,1,630.487,-102.503,20.625,0.25,1000.0,RETURNING_TO_START,load_zone_26,dump_zone_3,0.0003,0.000804
658.0,2026-07-02T12:24:52.807,2,-107.891,451.935,0.0,-0.1997,1000.0,RETURNING_TO_START,load_zone_22,dump_zone_23,0.00025,0.00067
658.0,2026-07-02T12:24:52.807,3,-100.236,453.622,0.0,-0.5,1000.0,RETURNING_TO_START,load_zone_22,dump_zone_22,0.00025,0.00067
659.0,2026-07-02T12:24:54.255,1,624.827,-102.5,19.725,-0.5,1000.0,RETURNING_TO_START,load_zone_26,dump_zone_3,0.00025,0.00067
659.0,2026-07-02T12:24:54.255,2,-107.891,451.935,0.0,-0.1997,1000.0,RETURNING_TO_START,load_zone_22,dump_zone_23,0.00025,0.00067
659.0,2026-07-02T12:24:54.255,3,-100.236,453.622,0.0,-0.5,1000.0,RETURNING_TO_START,load_zone_22,dump_zone_22,0.00025,0.00067
660.0,2026-07-02T12:24:55.981,1,619.619,-102.5,17.925,-0.5,1000.0,RETURNING_TO_START,load_zone_26,dump_zone_3,0.00025,0.00067
660.0,2026-07-02T12:24:55.981,2,-107.891,451.935,0.0,-0.1997,1000.0,RETURNING_TO_START,load_zone_22,dump_zone_23,0.00025,0.00067
660.0,2026-07-02T12:24:55.981,3,-100.236,453.622,0.0,-0.5,1000.0,RETURNING_TO_START,load_zone_22,dump_zone_22,0.00025,0.00067
661.0,2026-07-02T12:24:57.636,1,614.91,-102.5,16.125,-0.5,1000.0,RETURNING_TO_START,load_zone_26,dump_zone_3,0.00025,0.00067
661.0,2026-07-02T12:24:57.636,2,-107.891,451.935,0.0,-0.1997,1000.0,RETURNING_TO_START,load_zone_22,dump_zone_23,0.00025,0.00067
661.0,2026-07-02T12:24:57.636,3,-100.236,453.622,0.0,-0.5,1000.0,RETURNING_TO_START,load_zone_22,dump_zone_22,0.00025,0.00067
662.0,2026-07-02T12:24:59.198,1,610.702,-102.5,14.325,-0.5,1000.0,RETURNING_TO_START,load_zone_26,dump_zone_3,0.00025,0.00067
662.0,2026-07-02T12:24:59.198,2,-107.891,451.935,0.0,-0.1997,1000.0,RETURNING_TO_START,load_zone_22,dump_zone_23,0.00025,0.00067
662.0,2026-07-02T12:24:59.198,3,-100.236,453.622,0.0,-0.5,1000.0,RETURNING_TO_START,load_zone_22,dump_zone_22,0.00025,0.00067
663.0,2026-07-02T12:25:00.629,1,606.994,-102.5,12.525,-0.5,1000.0,RETURNING_TO_START,load_zone_26,dump_zone_3,0.00025,0.00067
663.0,2026-07-02T12:25:00.629,2,-107.891,451.935,0.0,-0.1997,1000.0,RETURNING_TO_START,load_zone_22,dump_zone_23,0.00025,0.00067
663.0,2026-07-02T12:25:00.629,3,-100.236,453.622,0.0,-0.5,1000.0,RETURNING_TO_START,load_zone_22,dump_zone_22,0.00025,0.00067
664.0,2026-07-02T12:25:02.110,1,603.785,-102.5,10.725,-0.5,1000.0,RETURNING_TO_START,load_zone_26,dump_zone_3,0.00025,0.00067
664.0,2026-07-02T12:25:02.110,2,-107.891,451.935,0.0,-0.1997,1000.0,RETURNING_TO_START,load_zone_22,dump_zone_23,0.00025,0.00067
664.0,2026-07-02T12:25:02.110,3,-100.236,453.622,0.0,-0.5,1000.0,RETURNING_TO_START,load_zone_22,dump_zone_22,0.00025,0.00067
665.0,2026-07-02T12:25:03.781,1,601.081,-102.408,8.95,-0.4167,1000.0,RETURNING_TO_START,load_zone_26,dump_zone_3,0.00025,0.00067
665.0,2026-07-02T12:25:03.781,2,-107.891,451.935,0.0,-0.1997,1000.0,RETURNING_TO_START,load_zone_22,dump_zone_23,0.00025,0.00067
665.0,2026-07-02T12:25:03.781,3,-100.236,453.622,0.0,-0.5,1000.0,RETURNING_TO_START,load_zone_22,dump_zone_22,0.00025,0.00067
666.0,2026-07-02T12:25:05.375,1,598.93,-101.378,8.75,0.25,1000.0,RETURNING_TO_START,load_zone_26,dump_zone_3,0.000271,0.000726
666.0,2026-07-02T12:25:05.375,2,-107.891,451.935,0.0,-0.1997,1000.0,RETURNING_TO_START,load_zone_22,dump_zone_23,0.00025,0.00067
666.0,2026-07-02T12:25:05.375,3,-100.236,453.622,0.0,-0.5,1000.0,RETURNING_TO_START,load_zone_22,dump_zone_22,0.00025,0.00067
667.0,2026-07-02T12:25:06.951,1,597.671,-99.318,8.325,-0.5,1000.0,RETURNING_TO_START,load_zone_26,dump_zone_3,0.00025,0.00067
667.0,2026-07-02T12:25:06.951,2,-107.891,451.935,0.0,-0.1997,1000.0,RETURNING_TO_START,load_zone_22,dump_zone_23,0.00025,0.00067
667.0,2026-07-02T12:25:06.951,3,-100.236,453.622,0.0,-0.5,1000.0,RETURNING_TO_START,load_zone_22,dump_zone_22,0.00025,0.00067
668.0,2026-07-02T12:25:08.448,1,597.402,-97.249,7.225,0.0833,1000.0,RETURNING_TO_START,load_zone_26,dump_zone_3,0.000261,0.000699
668.0,2026-07-02T12:25:08.448,2,-107.891,451.935,0.0,-0.1997,1000.0,RETURNING_TO_START,load_zone_22,dump_zone_23,0.00025,0.00067
668.0,2026-07-02T12:25:08.448,3,-100.236,453.622,0.0,-0.5,1000.0,RETURNING_TO_START,load_zone_22,dump_zone_22,0.00025,0.00067
669.0,2026-07-02T12:25:09.847,1,597.357,-94.987,9.45,1.0,1000.0,RETURNING_TO_START,load_zone_26,dump_zone_3,0.000311,0.000833
669.0,2026-07-02T12:25:09.847,2,-107.891,451.935,0.0,-0.1997,1000.0,RETURNING_TO_START,load_zone_22,dump_zone_23,0.00025,0.00067
669.0,2026-07-02T12:25:09.847,3,-100.236,453.622,0.0,-0.5,1000.0,RETURNING_TO_START,load_zone_22,dump_zone_22,0.00025,0.00067
670.0,2026-07-02T12:25:11.024,1,597.407,-91.821,13.05,1.0,1000.0,RETURNING_TO_START,load_zone_26,dump_zone_3,0.000334,0.000895
670.0,2026-07-02T12:25:11.024,2,-107.891,451.935,0.0,-0.1997,1000.0,RETURNING_TO_START,load_zone_22,dump_zone_23,0.00025,0.00067
670.0,2026-07-02T12:25:11.024,3,-100.236,453.622,0.0,-0.5,1000.0,RETURNING_TO_START,load_zone_22,dump_zone_22,0.00025,0.00067
671.0,2026-07-02T12:25:12.255,1,597.477,-87.655,16.65,1.0,1000.0,RETURNING_TO_START,load_zone_26,dump_zone_3,0.000357,0.000957
671.0,2026-07-02T12:25:12.255,2,-107.891,451.935,0.0,-0.1997,1000.0,RETURNING_TO_START,load_zone_22,dump_zone_23,0.00025,0.00067
671.0,2026-07-02T12:25:12.255,3,-100.236,453.622,0.0,-0.5,1000.0,RETURNING_TO_START,load_zone_22,dump_zone_22,0.00025,0.00067
672.0,2026-07-02T12:25:14.150,1,597.504,-82.489,20.25,1.0,1000.0,RETURNING_TO_START,load_zone_26,dump_zone_3,0.000381,0.001021
672.0,2026-07-02T12:25:14.150,2,-107.891,451.935,0.0,-0.1997,1000.0,RETURNING_TO_START,load_zone_22,dump_zone_23,0.00025,0.00067
672.0,2026-07-02T12:25:14.150,3,-100.236,453.622,0.0,-0.5,1000.0,RETURNING_TO_START,load_zone_22,dump_zone_22,0.00025,0.00067
673.0,2026-07-02T12:25:15.997,1,597.501,-76.379,23.239,0.6599,1000.0,RETURNING_TO_START,load_zone_26,dump_zone_3,0.000357,0.000957
673.0,2026-07-02T12:25:15.997,2,-107.891,451.935,0.0,-0.1997,1000.0,RETURNING_TO_START,load_zone_22,dump_zone_23,0.00025,0.00067
673.0,2026-07-02T12:25:15.997,3,-100.236,453.622,0.0,-0.5,1000.0,RETURNING_TO_START,load_zone_22,dump_zone_22,0.00025,0.00067
674.0,2026-07-02T12:25:17.938,1,597.5,-69.776,23.665,-0.3401,1000.0,RETURNING_TO_START,load_zone_26,dump_zone_3,0.00025,0.00067
674.0,2026-07-02T12:25:17.938,2,-107.891,451.935,0.0,-0.1997,1000.0,RETURNING_TO_START,load_zone_22,dump_zone_23,0.00025,0.00067
674.0,2026-07-02T12:25:17.938,3,-100.236,453.622,0.0,-0.5,1000.0,RETURNING_TO_START,load_zone_22,dump_zone_22,0.00025,0.00067
675.0,2026-07-02T12:25:19.795,1,597.5,-63.419,22.588,0.0833,1000.0,RETURNING_TO_START,load_zone_26,dump_zone_3,0.000284,0.000761
675.0,2026-07-02T12:25:19.795,2,-107.891,451.935,0.0,-0.1997,1000.0,RETURNING_TO_START,load_zone_22,dump_zone_23,0.00025,0.00067
675.0,2026-07-02T12:25:19.795,3,-100.236,453.622,0.0,-0.5,1000.0,RETURNING_TO_START,load_zone_22,dump_zone_22,0.00025,0.00067
676.0,2026-07-02T12:25:21.757,1,597.5,-56.952,23.91,0.2267,1000.0,RETURNING_TO_START,load_zone_26,dump_zone_3,0.000304,0.000815
676.0,2026-07-02T12:25:21.757,2,-107.891,451.935,0.0,-0.1997,1000.0,RETURNING_TO_START,load_zone_22,dump_zone_23,0.00025,0.00067
676.0,2026-07-02T12:25:21.757,3,-100.236,453.622,0.0,-0.5,1000.0,RETURNING_TO_START,load_zone_22,dump_zone_22,0.00025,0.00067
677.0,2026-07-02T12:25:23.401,1,597.5,-50.391,22.954,-0.5,1000.0,RETURNING_TO_START,load_zone_26,dump_zone_3,0.00025,0.00067
677.0,2026-07-02T12:25:23.401,2,-107.891,451.935,0.0,-0.1997,1000.0,RETURNING_TO_START,load_zone_22,dump_zone_23,0.00025,0.00067
677.0,2026-07-02T12:25:23.401,3,-100.236,453.622,0.0,-0.5,1000.0,RETURNING_TO_START,load_zone_22,dump_zone_22,0.00025,0.00067
678.0,2026-07-02T12:25:25.039,1,597.5,-44.19,22.279,0.25,1000.0,RETURNING_TO_START,load_zone_26,dump_zone_3,0.000304,0.000815
678.0,2026-07-02T12:25:25.039,2,-107.891,451.935,0.0,-0.1997,1000.0,RETURNING_TO_START,load_zone_22,dump_zone_23,0.00025,0.00067
678.0,2026-07-02T12:25:25.039,3,-100.236,453.622,0.0,-0.5,1000.0,RETURNING_TO_START,load_zone_22,dump_zone_22,0.00025,0.00067
679.0,2026-07-02T12:25:26.614,1,597.5,-37.738,23.956,0.2484,1000.0,RETURNING_TO_START,load_zone_26,dump_zone_3,0.000307,0.000823
679.0,2026-07-02T12:25:26.614,2,-107.891,451.935,0.0,-0.1997,1000.0,RETURNING_TO_START,load_zone_22,dump_zone_23,0.00025,0.00067
679.0,2026-07-02T12:25:26.614,3,-100.236,453.622,0.0,-0.5,1000.0,RETURNING_TO_START,load_zone_22,dump_zone_22,0.00025,0.00067
680.0,2026-07-02T12:25:28.385,1,597.5,-30.998,24.272,-0.1872,1000.0,RETURNING_TO_START,load_zone_26,dump_zone_3,0.000251,0.000673
680.0,2026-07-02T12:25:28.385,2,-107.891,451.935,0.0,-0.1997,1000.0,RETURNING_TO_START,load_zone_22,dump_zone_23,0.00025,0.00067
680.0,2026-07-02T12:25:28.385,3,-100.236,453.622,0.0,-0.5,1000.0,RETURNING_TO_START,load_zone_22,dump_zone_22,0.00025,0.00067
681.0,2026-07-02T12:25:30.157,1,597.5,-24.398,23.198,-0.3539,1000.0,RETURNING_TO_START,load_zone_26,dump_zone_3,0.00025,0.00067
681.0,2026-07-02T12:25:30.157,2,-107.891,451.935,0.0,-0.1997,1000.0,RETURNING_TO_START,load_zone_22,dump_zone_23,0.00025,0.00067
681.0,2026-07-02T12:25:30.157,3,-100.236,453.622,0.0,-0.5,1000.0,RETURNING_TO_START,load_zone_22,dump_zone_22,0.00025,0.00067
682.0,2026-07-02T12:25:31.831,1,597.5,-18.029,23.024,0.3128,1000.0,RETURNING_TO_START,load_zone_26,dump_zone_3,0.000313,0.000839
682.0,2026-07-02T12:25:31.831,2,-107.891,451.935,0.0,-0.1997,1000.0,RETURNING_TO_START,load_zone_22,dump_zone_23,0.00025,0.00067
682.0,2026-07-02T12:25:31.831,3,-100.236,453.622,0.0,-0.5,1000.0,RETURNING_TO_START,load_zone_22,dump_zone_22,0.00025,0.00067
683.0,2026-07-02T12:25:33.303,1,597.5,-11.578,23.063,-0.0307,1000.0,RETURNING_TO_START,load_zone_26,dump_zone_3,0.000271,0.000726
683.0,2026-07-02T12:25:33.303,2,-107.891,451.935,0.0,-0.1997,1000.0,RETURNING_TO_START,load_zone_22,dump_zone_23,0.00025,0.00067
683.0,2026-07-02T12:25:33.303,3,-100.236,453.622,0.0,-0.5,1000.0,RETURNING_TO_START,load_zone_22,dump_zone_22,0.00025,0.00067
684.0,2026-07-02T12:25:34.762,1,597.5,-5.018,24.153,0.1359,1000.0,RETURNING_TO_START,load_zone_26,dump_zone_3,0.000293,0.000785
684.0,2026-07-02T12:25:34.762,2,-107.891,451.935,0.0,-0.1997,1000.0,RETURNING_TO_START,load_zone_22,dump_zone_23,0.00025,0.00067
684.0,2026-07-02T12:25:34.762,3,-100.236,453.622,0.0,-0.5,1000.0,RETURNING_TO_START,load_zone_22,dump_zone_22,0.00025,0.00067
685.0,2026-07-02T12:25:36.344,1,597.5,1.569,23.013,-0.4167,1000.0,RETURNING_TO_START,load_zone_26,dump_zone_3,0.00025,0.00067
685.0,2026-07-02T12:25:36.344,2,-107.891,451.935,0.0,-0.1997,1000.0,RETURNING_TO_START,load_zone_22,dump_zone_23,0.00025,0.00067
685.0,2026-07-02T12:25:36.344,3,-100.236,453.622,0.0,-0.5,1000.0,RETURNING_TO_START,load_zone_22,dump_zone_22,0.00025,0.00067
686.0,2026-07-02T12:25:38.134,1,597.5,7.905,22.927,0.1348,1000.0,RETURNING_TO_START,load_zone_26,dump_zone_3,0.000291,0.00078
686.0,2026-07-02T12:25:38.134,2,-107.891,451.935,0.0,-0.1997,1000.0,RETURNING_TO_START,load_zone_22,dump_zone_23,0.00025,0.00067
686.0,2026-07-02T12:25:38.134,3,-100.236,453.622,0.0,-0.5,1000.0,RETURNING_TO_START,load_zone_22,dump_zone_22,0.00025,0.00067
687.0,2026-07-02T12:25:39.851,1,597.5,14.456,24.04,0.1673,1000.0,RETURNING_TO_START,load_zone_26,dump_zone_3,0.000297,0.000796
687.0,2026-07-02T12:25:39.851,2,-107.891,451.935,0.0,-0.1997,1000.0,RETURNING_TO_START,load_zone_22,dump_zone_23,0.00025,0.00067
687.0,2026-07-02T12:25:39.851,3,-100.236,453.622,0.0,-0.5,1000.0,RETURNING_TO_START,load_zone_22,dump_zone_22,0.00025,0.00067
688.0,2026-07-02T12:25:41.038,1,597.5,21.03,23.037,-0.4241,1000.0,RETURNING_TO_START,load_zone_26,dump_zone_3,0.00025,0.00067
688.0,2026-07-02T12:25:41.038,2,-107.891,451.935,0.0,-0.1997,1000.0,RETURNING_TO_START,load_zone_22,dump_zone_23,0.00025,0.00067
688.0,2026-07-02T12:25:41.038,3,-100.236,453.622,0.0,-0.5,1000.0,RETURNING_TO_START,load_zone_22,dump_zone_22,0.00025,0.00067
689.0,2026-07-02T12:25:42.844,1,597.5,27.323,22.837,0.25,1000.0,RETURNING_TO_START,load_zone_26,dump_zone_3,0.000305,0.000817
689.0,2026-07-02T12:25:42.844,2,-107.891,451.935,0.0,-0.1997,1000.0,RETURNING_TO_START,load_zone_22,dump_zone_23,0.00025,0.00067
689.0,2026-07-02T12:25:42.844,3,-100.236,453.622,0.0,-0.5,1000.0,RETURNING_TO_START,load_zone_22,dump_zone_22,0.00025,0.00067
690.0,2026-07-02T12:25:44.773,1,597.5,33.762,23.27,-0.0375,1000.0,RETURNING_TO_START,load_zone_26,dump_zone_3,0.00027,0.000724
690.0,2026-07-02T12:25:44.773,2,-107.891,451.935,0.0,-0.1997,1000.0,RETURNING_TO_START,load_zone_22,dump_zone_23,0.00025,0.00067
690.0,2026-07-02T12:25:44.773,3,-100.236,453.622,0.0,-0.5,1000.0,RETURNING_TO_START,load_zone_22,dump_zone_22,0.00025,0.00067
691.0,2026-07-02T12:25:46.719,1,597.5,40.206,22.988,-0.145,1000.0,RETURNING_TO_START,load_zone_26,dump_zone_3,0.000256,0.000686
691.0,2026-07-02T12:25:46.719,2,-107.891,451.935,0.0,-0.1997,1000.0,RETURNING_TO_START,load_zone_22,dump_zone_23,0.00025,0.00067
691.0,2026-07-02T12:25:46.719,3,-100.236,453.622,0.0,-0.5,1000.0,RETURNING_TO_START,load_zone_22,dump_zone_22,0.00025,0.00067
692.0,2026-07-02T12:25:48.548,1,597.5,46.713,24.116,0.355,1000.0,RETURNING_TO_START,load_zone_26,dump_zone_3,0.000322,0.000863
692.0,2026-07-02T12:25:48.548,2,-107.891,451.935,0.0,-0.1997,1000.0,RETURNING_TO_START,load_zone_22,dump_zone_23,0.00025,0.00067
692.0,2026-07-02T12:25:48.548,3,-100.236,453.622,0.0,-0.5,1000.0,RETURNING_TO_START,load_zone_22,dump_zone_22,0.00025,0.00067
693.0,2026-07-02T12:25:50.488,1,597.5,53.403,23.689,-0.321,1000.0,RETURNING_TO_START,load_zone_26,dump_zone_3,0.00025,0.00067
693.0,2026-07-02T12:25:50.488,2,-107.891,451.935,0.0,-0.1997,1000.0,RETURNING_TO_START,load_zone_22,dump_zone_23,0.00025,0.00067
693.0,2026-07-02T12:25:50.488,3,-100.236,453.622,0.0,-0.5,1000.0,RETURNING_TO_START,load_zone_22,dump_zone_22,0.00025,0.00067
694.0,2026-07-02T12:25:52.198,1,597.5,59.797,22.364,-0.4167,1000.0,RETURNING_TO_START,load_zone_26,dump_zone_3,0.00025,0.00067
694.0,2026-07-02T12:25:52.198,2,-107.891,451.935,0.0,-0.1997,1000.0,RETURNING_TO_START,load_zone_22,dump_zone_23,0.00025,0.00067
694.0,2026-07-02T12:25:52.198,3,-100.236,453.622,0.0,-0.5,1000.0,RETURNING_TO_START,load_zone_22,dump_zone_22,0.00025,0.00067
695.0,2026-07-02T12:25:53.824,1,597.5,65.976,22.6,0.4693,1000.0,RETURNING_TO_START,load_zone_26,dump_zone_3,0.000331,0.000887
695.0,2026-07-02T12:25:53.824,2,-107.891,451.935,0.0,-0.1997,1000.0,RETURNING_TO_START,load_zone_22,dump_zone_23,0.00025,0.00067
695.0,2026-07-02T12:25:53.824,3,-100.236,453.622,0.0,-0.5,1000.0,RETURNING_TO_START,load_zone_22,dump_zone_22,0.00025,0.00067
696.0,2026-07-02T12:25:55.307,1,597.5,72.532,24.48,0.4437,1000.0,RETURNING_TO_START,load_zone_26,dump_zone_3,0.000334,0.000895
696.0,2026-07-02T12:25:55.307,2,-107.891,451.935,0.0,-0.1997,1000.0,RETURNING_TO_START,load_zone_22,dump_zone_23,0.00025,0.00067
696.0,2026-07-02T12:25:55.307,3,-100.236,453.622,0.0,-0.5,1000.0,RETURNING_TO_START,load_zone_22,dump_zone_22,0.00025,0.00067
697.0,2026-07-02T12:25:56.727,1,597.5,79.362,24.144,-0.5,1000.0,RETURNING_TO_START,load_zone_26,dump_zone_3,0.00025,0.00067
697.0,2026-07-02T12:25:56.727,2,-107.891,451.935,0.0,-0.1997,1000.0,RETURNING_TO_START,load_zone_22,dump_zone_23,0.00025,0.00067
697.0,2026-07-02T12:25:56.727,3,-100.236,453.622,0.0,-0.5,1000.0,RETURNING_TO_START,load_zone_22,dump_zone_22,0.00025,0.00067
698.0,2026-07-02T12:25:58.489,1,597.5,85.85,22.699,-0.4167,1000.0,RETURNING_TO_START,load_zone_26,dump_zone_3,0.00025,0.00067
698.0,2026-07-02T12:25:58.489,2,-107.891,451.935,0.0,-0.1997,1000.0,RETURNING_TO_START,load_zone_22,dump_zone_23,0.00025,0.00067
698.0,2026-07-02T12:25:58.489,3,-100.236,453.622,0.0,-0.5,1000.0,RETURNING_TO_START,load_zone_22,dump_zone_22,0.00025,0.00067
699.0,2026-07-02T12:26:00.346,1,597.5,92.05,22.549,0.4167,1000.0,RETURNING_TO_START,load_zone_26,dump_zone_3,0.000324,0.000868
699.0,2026-07-02T12:26:00.346,2,-107.891,451.935,0.0,-0.1997,1000.0,RETURNING_TO_START,load_zone_22,dump_zone_23,0.00025,0.00067
699.0,2026-07-02T12:26:00.346,3,-100.236,453.622,0.0,-0.5,1000.0,RETURNING_TO_START,load_zone_22,dump_zone_22,0.00025,0.00067
700.0,2026-07-02T12:26:02.121,1,597.5,98.63,24.517,0.2792,1000.0,RETURNING_TO_START,load_zone_26,dump_zone_3,0.000313,0.000839
700.0,2026-07-02T12:26:02.121,2,-107.891,451.935,0.0,-0.1997,1000.0,RETURNING_TO_START,load_zone_22,dump_zone_23,0.00025,0.00067
700.0,2026-07-02T12:26:02.121,3,-100.236,453.622,0.0,-0.5,1000.0,RETURNING_TO_START,load_zone_22,dump_zone_22,0.00025,0.00067
701.0,2026-07-02T12:26:04.350,1,597.5,105.386,23.721,-0.4167,1000.0,RETURNING_TO_START,load_zone_26,dump_zone_3,0.00025,0.00067
701.0,2026-07-02T12:26:04.350,2,-107.891,451.935,0.0,-0.1997,1000.0,RETURNING_TO_START,load_zone_22,dump_zone_23,0.00025,0.00067
701.0,2026-07-02T12:26:04.350,3,-100.236,453.622,0.0,-0.5,1000.0,RETURNING_TO_START,load_zone_22,dump_zone_22,0.00025,0.00067
702.0,2026-07-02T12:26:06.056,1,597.5,111.92,23.471,-0.0833,1000.0,RETURNING_TO_START,load_zone_26,dump_zone_3,0.000264,0.000708
702.0,2026-07-02T12:26:06.056,2,-107.891,451.935,0.0,-0.1997,1000.0,RETURNING_TO_START,load_zone_22,dump_zone_23,0.00025,0.00067
702.0,2026-07-02T12:26:06.056,3,-100.236,453.622,0.0,-0.5,1000.0,RETURNING_TO_START,load_zone_22,dump_zone_22,0.00025,0.00067
703.0,2026-07-02T12:26:07.704,1,597.5,118.508,23.721,-0.25,1000.0,RETURNING_TO_START,load_zone_26,dump_zone_3,0.00025,0.00067
703.0,2026-07-02T12:26:07.704,2,-107.891,451.935,0.0,-0.1997,1000.0,RETURNING_TO_START,load_zone_22,dump_zone_23,0.00025,0.00067
703.0,2026-07-02T12:26:07.704,3,-100.236,453.622,0.0,-0.5,1000.0,RETURNING_TO_START,load_zone_22,dump_zone_22,0.00025,0.00067
704.0,2026-07-02T12:26:09.324,1,597.5,124.941,23.071,0.0833,1000.0,RETURNING_TO_START,load_zone_26,dump_zone_3,0.000285,0.000764
704.0,2026-07-02T12:26:09.324,2,-107.891,451.935,0.0,-0.1997,1000.0,RETURNING_TO_START,load_zone_22,dump_zone_23,0.00025,0.00067
704.0,2026-07-02T12:26:09.324,3,-100.236,453.622,0.0,-0.5,1000.0,RETURNING_TO_START,load_zone_22,dump_zone_22,0.00025,0.00067
705.0,2026-07-02T12:26:10.854,1,597.5,131.318,23.021,0.25,1000.0,RETURNING_TO_START,load_zone_26,dump_zone_3,0.000305,0.000817
705.0,2026-07-02T12:26:10.854,2,-107.891,451.935,0.0,-0.1997,1000.0,RETURNING_TO_START,load_zone_22,dump_zone_23,0.00025,0.00067
705.0,2026-07-02T12:26:10.854,3,-100.236,453.622,0.0,-0.5,1000.0,RETURNING_TO_START,load_zone_22,dump_zone_22,0.00025,0.00067
706.0,2026-07-02T12:26:13.112,1,597.5,137.749,22.988,-0.018,1000.0,RETURNING_TO_START,load_zone_26,dump_zone_3,0.000272,0.000729
706.0,2026-07-02T12:26:13.112,2,-107.891,451.935,0.0,-0.1997,1000.0,RETURNING_TO_START,load_zone_22,dump_zone_23,0.00025,0.00067
706.0,2026-07-02T12:26:13.112,3,-100.236,453.622,0.0,-0.5,1000.0,RETURNING_TO_START,load_zone_22,dump_zone_22,0.00025,0.00067
707.0,2026-07-02T12:26:15.073,1,597.5,144.317,24.46,0.3898,1000.0,RETURNING_TO_START,load_zone_26,dump_zone_3,0.000327,0.000876
707.0,2026-07-02T12:26:15.073,2,-107.891,451.935,0.0,-0.1997,1000.0,RETURNING_TO_START,load_zone_22,dump_zone_23,0.00025,0.00067
707.0,2026-07-02T12:26:15.073,3,-100.236,453.622,0.0,-0.5,1000.0,RETURNING_TO_START,load_zone_22,dump_zone_22,0.00025,0.00067
708.0,2026-07-02T12:26:17.092,1,597.5,151.115,23.996,-0.49,1000.0,RETURNING_TO_START,load_zone_26,dump_zone_3,0.00025,0.00067
708.0,2026-07-02T12:26:17.092,2,-107.891,451.935,0.0,-0.1997,1000.0,RETURNING_TO_START,load_zone_22,dump_zone_23,0.00025,0.00067
708.0,2026-07-02T12:26:17.092,3,-100.236,453.622,0.0,-0.5,1000.0,RETURNING_TO_START,load_zone_22,dump_zone_22,0.00025,0.00067
709.0,2026-07-02T12:26:19.240,1,597.5,157.51,22.196,-0.5,1000.0,RETURNING_TO_START,load_zone_26,dump_zone_3,0.00025,0.00067
709.0,2026-07-02T12:26:19.240,2,-107.891,451.935,0.0,-0.1997,1000.0,RETURNING_TO_START,load_zone_22,dump_zone_23,0.00025,0.00067
709.0,2026-07-02T12:26:19.240,3,-100.236,453.622,0.0,-0.5,1000.0,RETURNING_TO_START,load_zone_22,dump_zone_22,0.00025,0.00067
710.0,2026-07-02T12:26:20.799,1,597.5,163.405,20.396,-0.5,1000.0,RETURNING_TO_START,load_zone_26,dump_zone_3,0.00025,0.00067
710.0,2026-07-02T12:26:20.799,2,-107.891,451.935,0.0,-0.1997,1000.0,RETURNING_TO_START,load_zone_22,dump_zone_23,0.00025,0.00067
710.0,2026-07-02T12:26:20.799,3,-100.236,453.622,0.0,-0.5,1000.0,RETURNING_TO_START,load_zone_22,dump_zone_22,0.00025,0.00067
711.0,2026-07-02T12:26:23.432,1,597.5,168.799,18.596,-0.5,1000.0,RETURNING_TO_START,load_zone_26,dump_zone_3,0.00025,0.00067
711.0,2026-07-02T12:26:23.432,2,-107.891,451.935,0.0,-0.1997,1000.0,RETURNING_TO_START,load_zone_22,dump_zone_23,0.00025,0.00067
711.0,2026-07-02T12:26:23.432,3,-100.236,453.622,0.0,-0.5,1000.0,RETURNING_TO_START,load_zone_22,dump_zone_22,0.00025,0.00067
712.0,2026-07-02T12:26:25.361,1,597.5,173.694,16.796,-0.5,1000.0,RETURNING_TO_START,load_zone_26,dump_zone_3,0.00025,0.00067
712.0,2026-07-02T12:26:25.361,2,-107.891,451.935,0.0,-0.1997,1000.0,RETURNING_TO_START,load_zone_22,dump_zone_23,0.00025,0.00067
712.0,2026-07-02T12:26:25.361,3,-100.236,453.622,0.0,-0.5,1000.0,RETURNING_TO_START,load_zone_22,dump_zone_22,0.00025,0.00067
713.0,2026-07-02T12:26:27.360,1,597.5,178.089,14.996,-0.5,1000.0,RETURNING_TO_START,load_zone_26,dump_zone_3,0.00025,0.00067
713.0,2026-07-02T12:26:27.360,2,-107.891,451.935,0.0,-0.1997,1000.0,RETURNING_TO_START,load_zone_22,dump_zone_23,0.00025,0.00067
713.0,2026-07-02T12:26:27.360,3,-100.236,453.622,0.0,-0.5,1000.0,RETURNING_TO_START,load_zone_22,dump_zone_22,0.00025,0.00067
714.0,2026-07-02T12:26:29.361,1,597.5,181.984,13.196,-0.5,1000.0,RETURNING_TO_START,load_zone_26,dump_zone_3,0.00025,0.00067
714.0,2026-07-02T12:26:29.361,2,-107.891,451.935,0.0,-0.1997,1000.0,RETURNING_TO_START,load_zone_22,dump_zone_23,0.00025,0.00067
714.0,2026-07-02T12:26:29.361,3,-100.236,453.622,0.0,-0.5,1000.0,RETURNING_TO_START,load_zone_22,dump_zone_22,0.00025,0.00067
715.0,2026-07-02T12:26:31.585,1,597.498,185.378,11.396,-0.5,1000.0,RETURNING_TO_START,load_zone_26,dump_zone_3,0.00025,0.00067
715.0,2026-07-02T12:26:31.585,2,-107.891,451.935,0.0,-0.1997,1000.0,RETURNING_TO_START,load_zone_22,dump_zone_23,0.00025,0.00067
715.0,2026-07-02T12:26:31.585,3,-100.236,453.622,0.0,-0.5,1000.0,RETURNING_TO_START,load_zone_22,dump_zone_22,0.00025,0.00067
716.0,2026-07-02T12:26:33.664,1,597.143,188.241,9.596,-0.5,1000.0,RETURNING_TO_START,load_zone_26,dump_zone_3,0.00025,0.00067
716.0,2026-07-02T12:26:33.664,2,-107.891,451.935,0.0,-0.1997,1000.0,RETURNING_TO_START,load_zone_22,dump_zone_23,0.00025,0.00067
716.0,2026-07-02T12:26:33.664,3,-100.236,453.622,0.0,-0.5,1000.0,RETURNING_TO_START,load_zone_22,dump_zone_22,0.00025,0.00067
717.0,2026-07-02T12:26:35.857,1,596.303,190.481,7.796,-0.5,1000.0,RETURNING_TO_START,load_zone_26,dump_zone_3,0.00025,0.00067
717.0,2026-07-02T12:26:35.857,2,-107.891,451.935,0.0,-0.1997,1000.0,RETURNING_TO_START,load_zone_22,dump_zone_23,0.00025,0.00067
717.0,2026-07-02T12:26:35.857,3,-100.236,453.622,0.0,-0.5,1000.0,RETURNING_TO_START,load_zone_22,dump_zone_22,0.00025,0.00067
718.0,2026-07-02T12:26:38.117,1,595.776,192.299,6.021,-0.4167,1000.0,RETURNING_TO_START,load_zone_26,dump_zone_3,0.00025,0.00067
718.0,2026-07-02T12:26:38.117,2,-107.891,451.935,0.0,-0.1997,1000.0,RETURNING_TO_START,load_zone_22,dump_zone_23,0.00025,0.00067
718.0,2026-07-02T12:26:38.117,3,-100.236,453.622,0.0,-0.5,1000.0,RETURNING_TO_START,load_zone_22,dump_zone_22,0.00025,0.00067
719.0,2026-07-02T12:26:40.160,1,595.579,193.847,5.114,-0.4616,1000.0,RETURNING_TO_START,load_zone_26,dump_zone_3,0.00025,0.00067
719.0,2026-07-02T12:26:40.160,2,-107.891,451.935,0.0,-0.1997,1000.0,RETURNING_TO_START,load_zone_22,dump_zone_23,0.00025,0.00067
719.0,2026-07-02T12:26:40.160,3,-100.236,453.622,0.0,-0.5,1000.0,RETURNING_TO_START,load_zone_22,dump_zone_22,0.00025,0.00067
720.0,2026-07-02T12:26:42.243,1,595.568,195.172,4.871,0.0591,1000.0,RETURNING_TO_START,load_zone_26,dump_zone_3,0.000257,0.000689
720.0,2026-07-02T12:26:42.243,2,-107.891,451.935,0.0,-0.1997,1000.0,RETURNING_TO_START,load_zone_22,dump_zone_23,0.00025,0.00067
720.0,2026-07-02T12:26:42.243,3,-100.236,453.622,0.0,-0.5,1000.0,RETURNING_TO_START,load_zone_22,dump_zone_22,0.00025,0.00067
721.0,2026-07-02T12:30:53.375,1,595.875,196.511,5.016,0.1217,1000.0,RETURNING_TO_START,load_zone_26,dump_zone_3,0.000259,0.000694
721.0,2026-07-02T12:30:53.375,2,-107.891,451.935,0.0,-0.1997,1000.0,RETURNING_TO_START,load_zone_22,dump_zone_23,0.00025,0.00067
721.0,2026-07-02T12:30:53.375,3,-100.236,453.622,0.0,-0.5,1000.0,RETURNING_TO_START,load_zone_22,dump_zone_22,0.00025,0.00067
722.0,2026-07-02T12:30:57.534,1,596.544,197.998,6.704,0.455,1000.0,RETURNING_TO_START,load_zone_26,dump_zone_3,0.000274,0.000734
722.0,2026-07-02T12:30:57.534,2,-107.891,451.935,0.0,-0.1997,1000.0,RETURNING_TO_START,load_zone_22,dump_zone_23,0.00025,0.00067
722.0,2026-07-02T12:30:57.534,3,-100.236,453.622,0.0,-0.5,1000.0,RETURNING_TO_START,load_zone_22,dump_zone_22,0.00025,0.00067
723.0,2026-07-02T12:31:01.498,1,597.72,199.876,9.394,1.0,1000.0,RETURNING_TO_START,load_zone_26,dump_zone_3,0.000311,0.000833
723.0,2026-07-02T12:31:01.498,2,-107.891,451.935,0.0,-0.1997,1000.0,RETURNING_TO_START,load_zone_22,dump_zone_23,0.00025,0.00067
723.0,2026-07-02T12:31:01.498,3,-100.236,453.622,0.0,-0.5,1000.0,RETURNING_TO_START,load_zone_22,dump_zone_22,0.00025,0.00067
724.0,2026-07-02T12:31:05.002,1,600.457,201.191,12.294,0.4167,1000.0,RETURNING_TO_START,load_zone_26,dump_zone_3,0.000291,0.00078
724.0,2026-07-02T12:31:05.002,2,-107.891,451.935,0.0,-0.1997,1000.0,RETURNING_TO_START,load_zone_22,dump_zone_23,0.00025,0.00067
724.0,2026-07-02T12:31:05.002,3,-100.236,453.622,0.0,-0.5,1000.0,RETURNING_TO_START,load_zone_22,dump_zone_22,0.00025,0.00067
725.0,2026-07-02T12:31:07.549,1,603.75,200.507,11.869,-0.5,1000.0,RETURNING_TO_START,load_zone_26,dump_zone_3,0.00025,0.00067
725.0,2026-07-02T12:31:07.549,2,-107.891,451.935,0.0,-0.1997,1000.0,RETURNING_TO_START,load_zone_22,dump_zone_23,0.00025,0.00067
725.0,2026-07-02T12:31:07.549,3,-100.236,453.622,0.0,-0.5,1000.0,RETURNING_TO_START,load_zone_22,dump_zone_22,0.00025,0.00067
726.0,2026-07-02T12:31:09.329,1,606.589,199.446,10.286,-0.2053,1000.0,RETURNING_TO_START,load_zone_26,dump_zone_3,0.00025,0.00067
726.0,2026-07-02T12:31:09.329,2,-107.891,451.935,0.0,-0.1997,1000.0,RETURNING_TO_START,load_zone_22,dump_zone_23,0.00025,0.00067
726.0,2026-07-02T12:31:09.329,3,-100.236,453.622,0.0,-0.5,1000.0,RETURNING_TO_START,load_zone_22,dump_zone_22,0.00025,0.00067
727.0,2026-07-02T12:31:11.347,1,609.408,198.959,10.646,0.4613,1000.0,RETURNING_TO_START,load_zone_26,dump_zone_3,0.000288,0.000772
727.0,2026-07-02T12:31:11.347,2,-107.891,451.935,0.0,-0.1997,1000.0,RETURNING_TO_START,load_zone_22,dump_zone_23,0.00025,0.00067
727.0,2026-07-02T12:31:11.347,3,-100.236,453.622,0.0,-0.5,1000.0,RETURNING_TO_START,load_zone_22,dump_zone_22,0.00025,0.00067
728.0,2026-07-02T12:31:12.996,1,612.779,198.797,13.57,0.7699,1000.0,RETURNING_TO_START,load_zone_26,dump_zone_3,0.000321,0.00086
728.0,2026-07-02T12:31:12.996,2,-107.891,451.935,0.0,-0.1997,1000.0,RETURNING_TO_START,load_zone_22,dump_zone_23,0.00025,0.00067
728.0,2026-07-02T12:31:12.996,3,-100.236,453.622,0.0,-0.5,1000.0,RETURNING_TO_START,load_zone_22,dump_zone_22,0.00025,0.00067
729.0,2026-07-02T12:31:14.532,1,616.977,198.944,16.567,0.9167,1000.0,RETURNING_TO_START,load_zone_26,dump_zone_3,0.000349,0.000935
729.0,2026-07-02T12:31:14.532,2,-107.891,451.935,0.0,-0.1997,1000.0,RETURNING_TO_START,load_zone_22,dump_zone_23,0.00025,0.00067
729.0,2026-07-02T12:31:14.532,3,-100.236,453.622,0.0,-0.5,1000.0,RETURNING_TO_START,load_zone_22,dump_zone_22,0.00025,0.00067
730.0,2026-07-02T12:31:16.098,1,621.934,199.402,18.517,0.0833,1000.0,RETURNING_TO_START,load_zone_26,dump_zone_3,0.000278,0.000745
730.0,2026-07-02T12:31:16.098,2,-107.891,451.935,0.0,-0.1997,1000.0,RETURNING_TO_START,load_zone_22,dump_zone_23,0.00025,0.00067
730.0,2026-07-02T12:31:16.098,3,-100.236,453.622,0.0,-0.5,1000.0,RETURNING_TO_START,load_zone_22,dump_zone_22,0.00025,0.00067
731.0,2026-07-02T12:31:17.530,1,626.893,200.024,17.242,-0.5,1000.0,RETURNING_TO_START,load_zone_26,dump_zone_3,0.00025,0.00067
731.0,2026-07-02T12:31:17.530,2,-107.891,451.935,0.0,-0.1997,1000.0,RETURNING_TO_START,load_zone_22,dump_zone_23,0.00025,0.00067
731.0,2026-07-02T12:31:17.530,3,-100.236,453.622,0.0,-0.5,1000.0,RETURNING_TO_START,load_zone_22,dump_zone_22,0.00025,0.00067
732.0,2026-07-02T12:31:19.064,1,631.368,200.653,15.442,-0.5,1000.0,RETURNING_TO_START,load_zone_26,dump_zone_3,0.00025,0.00067
732.0,2026-07-02T12:31:19.064,2,-107.891,451.935,0.0,-0.1997,1000.0,RETURNING_TO_START,load_zone_22,dump_zone_23,0.00025,0.00067
732.0,2026-07-02T12:31:19.064,3,-100.236,453.622,0.0,-0.5,1000.0,RETURNING_TO_START,load_zone_22,dump_zone_22,0.00025,0.00067
733.0,2026-07-02T12:31:20.903,1,635.348,201.211,13.642,-0.5,1000.0,RETURNING_TO_START,load_zone_26,dump_zone_3,0.00025,0.00067
733.0,2026-07-02T12:31:20.903,2,-107.891,451.935,0.0,-0.1997,1000.0,RETURNING_TO_START,load_zone_22,dump_zone_23,0.00025,0.00067
733.0,2026-07-02T12:31:20.903,3,-100.236,453.622,0.0,-0.5,1000.0,RETURNING_TO_START,load_zone_22,dump_zone_22,0.00025,0.00067
734.0,2026-07-02T12:31:22.772,1,638.843,201.666,11.973,-0.3141,1000.0,RETURNING_TO_START,load_zone_26,dump_zone_3,0.00025,0.00067
734.0,2026-07-02T12:31:22.772,2,-107.891,451.935,0.0,-0.1997,1000.0,RETURNING_TO_START,load_zone_22,dump_zone_23,0.00025,0.00067
734.0,2026-07-02T12:31:22.772,3,-100.236,453.622,0.0,-0.5,1000.0,RETURNING_TO_START,load_zone_22,dump_zone_22,0.00025,0.00067
735.0,2026-07-02T12:31:25.058,1,641.972,202.016,10.657,-0.5,1000.0,RETURNING_TO_START,load_zone_26,dump_zone_3,0.00025,0.00067
735.0,2026-07-02T12:31:25.058,2,-107.891,451.935,0.0,-0.1997,1000.0,RETURNING_TO_START,load_zone_22,dump_zone_23,0.00025,0.00067
735.0,2026-07-02T12:31:25.058,3,-100.236,453.622,0.0,-0.5,1000.0,RETURNING_TO_START,load_zone_22,dump_zone_22,0.00025,0.00067
736.0,2026-07-02T12:31:26.959,1,644.654,202.256,8.872,-0.5,1000.0,RETURNING_TO_START,load_zone_26,dump_zone_3,0.00025,0.00067
736.0,2026-07-02T12:31:26.959,2,-107.891,451.935,0.0,-0.1997,1000.0,RETURNING_TO_START,load_zone_22,dump_zone_23,0.00025,0.00067
736.0,2026-07-02T12:31:26.959,3,-100.236,453.622,0.0,-0.5,1000.0,RETURNING_TO_START,load_zone_22,dump_zone_22,0.00025,0.00067
737.0,2026-07-02T12:31:28.622,1,646.846,202.397,7.09,-0.5,1000.0,RETURNING_TO_START,load_zone_26,dump_zone_3,0.00025,0.00067
737.0,2026-07-02T12:31:28.622,2,-107.891,451.935,0.0,-0.1997,1000.0,RETURNING_TO_START,load_zone_22,dump_zone_23,0.00025,0.00067
737.0,2026-07-02T12:31:28.622,3,-100.236,453.622,0.0,-0.5,1000.0,RETURNING_TO_START,load_zone_22,dump_zone_22,0.00025,0.00067
738.0,2026-07-02T12:31:30.404,1,648.638,202.382,6.415,0.25,1000.0,RETURNING_TO_START,load_zone_26,dump_zone_3,0.000265,0.00071
738.0,2026-07-02T12:31:30.404,2,-107.891,451.935,0.0,-0.1997,1000.0,RETURNING_TO_START,load_zone_22,dump_zone_23,0.00025,0.00067
738.0,2026-07-02T12:31:30.404,3,-100.236,453.622,0.0,-0.5,1000.0,RETURNING_TO_START,load_zone_22,dump_zone_22,0.00025,0.00067
739.0,2026-07-02T12:31:31.892,1,650.559,201.779,8.393,0.9106,1000.0,RETURNING_TO_START,load_zone_26,dump_zone_3,0.0003,0.000804
739.0,2026-07-02T12:31:31.892,2,-107.891,451.935,0.0,-0.1997,1000.0,RETURNING_TO_START,load_zone_22,dump_zone_23,0.00025,0.00067
739.0,2026-07-02T12:31:31.892,3,-100.236,453.622,0.0,-0.5,1000.0,RETURNING_TO_START,load_zone_22,dump_zone_22,0.00025,0.00067
740.0,2026-07-02T12:31:33.543,1,652.259,199.651,10.866,0.25,1000.0,RETURNING_TO_START,load_zone_26,dump_zone_3,0.000276,0.00074
740.0,2026-07-02T12:31:33.543,2,-107.891,451.935,0.0,-0.1997,1000.0,RETURNING_TO_START,load_zone_22,dump_zone_23,0.00025,0.00067
740.0,2026-07-02T12:31:33.543,3,-100.236,453.622,0.0,-0.5,1000.0,RETURNING_TO_START,load_zone_22,dump_zone_22,0.00025,0.00067
741.0,2026-07-02T12:31:35.412,1,652.579,196.7,10.566,0.0833,1000.0,RETURNING_TO_START,load_zone_26,dump_zone_3,0.000266,0.000713
741.0,2026-07-02T12:31:35.412,2,-107.891,451.935,0.0,-0.1997,1000.0,RETURNING_TO_START,load_zone_22,dump_zone_23,0.00025,0.00067
741.0,2026-07-02T12:31:35.412,3,-100.236,453.622,0.0,-0.5,1000.0,RETURNING_TO_START,load_zone_22,dump_zone_22,0.00025,0.00067
742.0,2026-07-02T12:31:38.203,1,652.545,193.55,12.066,0.25,1000.0,RETURNING_TO_START,load_zone_26,dump_zone_3,0.000279,0.000748
742.0,2026-07-02T12:31:38.203,2,-107.891,451.935,0.0,-0.1997,1000.0,RETURNING_TO_START,load_zone_22,dump_zone_23,0.00025,0.00067
742.0,2026-07-02T12:31:38.203,3,-100.236,453.622,0.0,-0.5,1000.0,RETURNING_TO_START,load_zone_22,dump_zone_22,0.00025,0.00067
743.0,2026-07-02T12:31:40.322,1,652.508,190.217,11.48,-0.5,1000.0,RETURNING_TO_START,load_zone_26,dump_zone_3,0.00025,0.00067
743.0,2026-07-02T12:31:40.322,2,-107.891,451.935,0.0,-0.1997,1000.0,RETURNING_TO_START,load_zone_22,dump_zone_23,0.00025,0.00067
743.0,2026-07-02T12:31:40.322,3,-100.236,453.622,0.0,-0.5,1000.0,RETURNING_TO_START,load_zone_22,dump_zone_22,0.00025,0.00067
744.0,2026-07-02T12:31:42.370,1,652.499,187.298,9.68,-0.5,1000.0,RETURNING_TO_START,load_zone_26,dump_zone_3,0.00025,0.00067
744.0,2026-07-02T12:31:42.370,2,-107.891,451.935,0.0,-0.1997,1000.0,RETURNING_TO_START,load_zone_22,dump_zone_23,0.00025,0.00067
744.0,2026-07-02T12:31:42.370,3,-100.236,453.622,0.0,-0.5,1000.0,RETURNING_TO_START,load_zone_22,dump_zone_22,0.00025,0.00067
745.0,2026-07-02T12:31:44.232,1,652.499,184.854,8.033,-0.5,1000.0,RETURNING_TO_START,load_zone_26,dump_zone_3,0.00025,0.00067
745.0,2026-07-02T12:31:44.232,2,-107.891,451.935,0.0,-0.1997,1000.0,RETURNING_TO_START,load_zone_22,dump_zone_23,0.00025,0.00067
745.0,2026-07-02T12:31:44.232,3,-100.236,453.622,0.0,-0.5,1000.0,RETURNING_TO_START,load_zone_22,dump_zone_22,0.00025,0.00067
746.0,2026-07-02T12:31:46.339,1,652.5,182.872,6.424,-0.4167,1000.0,RETURNING_TO_START,load_zone_26,dump_zone_3,0.00025,0.00067
746.0,2026-07-02T12:31:46.339,2,-107.891,451.935,0.0,-0.1997,1000.0,RETURNING_TO_START,load_zone_22,dump_zone_23,0.00025,0.00067
746.0,2026-07-02T12:31:46.339,3,-100.236,453.622,0.0,-0.5,1000.0,RETURNING_TO_START,load_zone_22,dump_zone_22,0.00025,0.00067
747.0,2026-07-02T12:31:48.703,1,652.5,181.306,4.847,-0.5,1000.0,RETURNING_TO_START,load_zone_26,dump_zone_3,0.00025,0.00067
747.0,2026-07-02T12:31:48.703,2,-107.891,451.935,0.0,-0.1997,1000.0,RETURNING_TO_START,load_zone_22,dump_zone_23,0.00025,0.00067
747.0,2026-07-02T12:31:48.703,3,-100.236,453.622,0.0,-0.5,1000.0,RETURNING_TO_START,load_zone_22,dump_zone_22,0.00025,0.00067
748.0,2026-07-02T12:31:51.266,1,652.487,180.231,3.047,-0.5,1000.0,UNLOADING,load_zone_26,dump_zone_3,0.00025,0.00067
748.0,2026-07-02T12:31:51.266,2,-107.891,451.935,0.0,-0.1997,1000.0,RETURNING_TO_START,load_zone_22,dump_zone_23,0.00025,0.00067
748.0,2026-07-02T12:31:51.266,3,-100.236,453.622,0.0,-0.5,1000.0,RETURNING_TO_START,load_zone_22,dump_zone_22,0.00025,0.00067
749.0,2026-07-02T12:31:53.668,1,652.549,179.659,1.247,-0.5,1000.0,UNLOADING,load_zone_26,dump_zone_3,0.00025,0.00067
749.0,2026-07-02T12:31:53.668,2,-107.891,451.935,0.0,-0.1997,1000.0,RETURNING_TO_START,load_zone_22,dump_zone_23,0.00025,0.00067
749.0,2026-07-02T12:31:53.668,3,-100.236,453.622,0.0,-0.5,1000.0,RETURNING_TO_START,load_zone_22,dump_zone_22,0.00025,0.00067
750.0,2026-07-02T12:31:56.681,1,652.569,179.555,0.0,-0.5,1000.0,UNLOADING,load_zone_26,dump_zone_3,0.00025,0.00067
750.0,2026-07-02T12:31:56.681,2,-107.891,451.935,0.0,-0.1997,1000.0,RETURNING_TO_START,load_zone_22,dump_zone_23,0.00025,0.00067
750.0,2026-07-02T12:31:56.681,3,-100.236,453.622,0.0,-0.5,1000.0,RETURNING_TO_START,load_zone_22,dump_zone_22,0.00025,0.00067
751.0,2026-07-02T12:31:58.661,1,652.656,179.234,7.2,0.0,0.0,TURNING_AROUND,dump_zone_3,load_zone_26,0.000255,0.000683
751.0,2026-07-02T12:31:58.661,2,-107.891,451.935,0.0,-0.1997,1000.0,RETURNING_TO_START,load_zone_22,dump_zone_23,0.00025,0.00067
751.0,2026-07-02T12:31:58.661,3,-100.236,453.622,0.0,-0.5,1000.0,RETURNING_TO_START,load_zone_22,dump_zone_22,0.00025,0.00067
752.0,2026-07-02T12:32:00.565,1,653.7,177.552,7.2,0.0,0.0,TURNING_AROUND,dump_zone_3,load_zone_26,0.000255,0.000683
752.0,2026-07-02T12:32:00.565,2,-107.891,451.935,0.0,-0.1997,1000.0,RETURNING_TO_START,load_zone_22,dump_zone_23,0.00025,0.00067
752.0,2026-07-02T12:32:00.565,3,-100.236,453.622,0.0,-0.5,1000.0,RETURNING_TO_START,load_zone_22,dump_zone_22,0.00025,0.00067
753.0,2026-07-02T12:32:02.999,1,653.572,177.423,5.4,0.0,0.0,TURNING_AROUND,dump_zone_3,load_zone_26,0.000253,0.000678
753.0,2026-07-02T12:32:02.999,2,-107.891,451.935,0.0,-0.1997,1000.0,RETURNING_TO_START,load_zone_22,dump_zone_23,0.00025,0.00067
753.0,2026-07-02T12:32:02.999,3,-100.236,453.622,0.0,-0.5,1000.0,RETURNING_TO_START,load_zone_22,dump_zone_22,0.00025,0.00067
754.0,2026-07-02T12:32:04.516,1,654.131,177.545,7.2,0.0,0.0,TURNING_AROUND,dump_zone_3,load_zone_26,0.000255,0.000683
754.0,2026-07-02T12:32:04.516,2,-107.891,451.935,0.0,-0.1997,1000.0,RETURNING_TO_START,load_zone_22,dump_zone_23,0.00025,0.00067
754.0,2026-07-02T12:32:04.516,3,-100.236,453.622,0.0,-0.5,1000.0,RETURNING_TO_START,load_zone_22,dump_zone_22,0.00025,0.00067
755.0,2026-07-02T12:32:05.797,1,655.983,178.243,7.2,0.0,0.0,TURNING_AROUND,dump_zone_3,load_zone_26,0.000255,0.000683
755.0,2026-07-02T12:32:05.797,2,-107.891,451.935,0.0,-0.1997,1000.0,RETURNING_TO_START,load_zone_22,dump_zone_23,0.00025,0.00067
755.0,2026-07-02T12:32:05.797,3,-100.236,453.622,0.0,-0.5,1000.0,RETURNING_TO_START,load_zone_22,dump_zone_22,0.00025,0.00067
756.0,2026-07-02T12:32:07.458,1,654.936,177.181,5.4,0.0,0.0,TURNING_AROUND,dump_zone_3,load_zone_26,0.000253,0.000678
756.0,2026-07-02T12:32:07.458,2,-107.891,451.935,0.0,-0.1997,1000.0,RETURNING_TO_START,load_zone_22,dump_zone_23,0.00025,0.00067
756.0,2026-07-02T12:32:07.458,3,-100.236,453.622,0.0,-0.5,1000.0,RETURNING_TO_START,load_zone_22,dump_zone_22,0.00025,0.00067
757.0,2026-07-02T12:32:09.589,1,655.514,178.556,0.0,-0.3333,0.0,GOING_TO_ENDPOINT,dump_zone_3,load_zone_26,0.00025,0.00067
757.0,2026-07-02T12:32:09.589,2,-107.891,451.935,0.0,-0.1997,1000.0,RETURNING_TO_START,load_zone_22,dump_zone_23,0.00025,0.00067
757.0,2026-07-02T12:32:09.589,3,-100.236,453.622,0.0,-0.5,1000.0,RETURNING_TO_START,load_zone_22,dump_zone_22,0.00025,0.00067
758.0,2026-07-02T12:32:11.705,1,655.513,178.625,0.9,0.6667,0.0,GOING_TO_ENDPOINT,dump_zone_3,load_zone_26,0.000253,0.000678
758.0,2026-07-02T12:32:11.705,2,-107.891,451.935,0.0,-0.1997,1000.0,RETURNING_TO_START,load_zone_22,dump_zone_23,0.00025,0.00067
758.0,2026-07-02T12:32:11.705,3,-100.236,453.622,0.0,-0.5,1000.0,RETURNING_TO_START,load_zone_22,dump_zone_22,0.00025,0.00067
759.0,2026-07-02T12:32:13.727,1,655.424,179.371,4.35,1.0,0.0,GOING_TO_ENDPOINT,dump_zone_3,load_zone_26,0.000267,0.000716
759.0,2026-07-02T12:32:13.727,2,-107.891,451.935,0.0,-0.1997,1000.0,RETURNING_TO_START,load_zone_22,dump_zone_23,0.00025,0.00067
759.0,2026-07-02T12:32:13.727,3,-100.236,453.622,0.0,-0.5,1000.0,RETURNING_TO_START,load_zone_22,dump_zone_22,0.00025,0.00067
760.0,2026-07-02T12:32:15.575,1,654.681,180.939,7.95,1.0,0.0,GOING_TO_ENDPOINT,dump_zone_3,load_zone_26,0.000281,0.000753
760.0,2026-07-02T12:32:15.575,2,-107.891,451.935,0.0,-0.1997,1000.0,RETURNING_TO_START,load_zone_22,dump_zone_23,0.00025,0.00067
760.0,2026-07-02T12:32:15.575,3,-100.236,453.622,0.0,-0.5,1000.0,RETURNING_TO_START,load_zone_22,dump_zone_22,0.00025,0.00067
761.0,2026-07-02T12:32:17.715,1,652.513,182.603,11.55,1.0,0.0,GOING_TO_ENDPOINT,dump_zone_3,load_zone_26,0.000295,0.000791
761.0,2026-07-02T12:32:17.715,2,-107.891,451.935,0.0,-0.1997,1000.0,RETURNING_TO_START,load_zone_22,dump_zone_23,0.00025,0.00067
761.0,2026-07-02T12:32:17.715,3,-100.236,453.622,0.0,-0.5,1000.0,RETURNING_TO_START,load_zone_22,dump_zone_22,0.00025,0.00067
762.0,2026-07-02T12:32:20.240,1,649.539,184.874,15.125,0.9167,0.0,GOING_TO_ENDPOINT,dump_zone_3,load_zone_26,0.000304,0.000815
762.0,2026-07-02T12:32:20.240,2,-107.891,451.935,0.0,-0.1997,1000.0,RETURNING_TO_START,load_zone_22,dump_zone_23,0.00025,0.00067
762.0,2026-07-02T12:32:20.240,3,-100.236,453.622,0.0,-0.5,1000.0,RETURNING_TO_START,load_zone_22,dump_zone_22,0.00025,0.00067
763.0,2026-07-02T12:32:22.649,1,647.593,188.833,16.475,-0.0833,0.0,GOING_TO_ENDPOINT,dump_zone_3,load_zone_26,0.000256,0.000686
763.0,2026-07-02T12:32:22.649,2,-107.891,451.935,0.0,-0.1997,1000.0,RETURNING_TO_START,load_zone_22,dump_zone_23,0.00025,0.00067
763.0,2026-07-02T12:32:22.649,3,-100.236,453.622,0.0,-0.5,1000.0,RETURNING_TO_START,load_zone_22,dump_zone_22,0.00025,0.00067
764.0,2026-07-02T12:32:24.680,1,647.457,193.195,14.925,-0.5,0.0,GOING_TO_ENDPOINT,dump_zone_3,load_zone_26,0.00025,0.00067
764.0,2026-07-02T12:32:24.680,2,-107.891,451.935,0.0,-0.1997,1000.0,RETURNING_TO_START,load_zone_22,dump_zone_23,0.00025,0.00067
764.0,2026-07-02T12:32:24.680,3,-100.236,453.622,0.0,-0.5,1000.0,RETURNING_TO_START,load_zone_22,dump_zone_22,0.00025,0.00067
765.0,2026-07-02T12:32:26.704,1,647.495,197.07,13.125,-0.5,0.0,GOING_TO_ENDPOINT,dump_zone_3,load_zone_26,0.00025,0.00067
765.0,2026-07-02T12:32:26.704,2,-107.891,451.935,0.0,-0.1997,1000.0,RETURNING_TO_START,load_zone_22,dump_zone_23,0.00025,0.00067
765.0,2026-07-02T12:32:26.704,3,-100.236,453.622,0.0,-0.5,1000.0,RETURNING_TO_START,load_zone_22,dump_zone_22,0.00025,0.00067
766.0,2026-07-02T12:32:28.957,1,647.21,200.408,11.475,-0.25,0.0,GOING_TO_ENDPOINT,dump_zone_3,load_zone_26,0.00025,0.00067
766.0,2026-07-02T12:32:28.957,2,-107.891,451.935,0.0,-0.1997,1000.0,RETURNING_TO_START,load_zone_22,dump_zone_23,0.00025,0.00067
766.0,2026-07-02T12:32:28.957,3,-100.236,453.622,0.0,-0.5,1000.0,RETURNING_TO_START,load_zone_22,dump_zone_22,0.00025,0.00067
767.0,2026-07-02T12:32:31.085,1,644.913,202.598,12.525,0.75,0.0,GOING_TO_ENDPOINT,dump_zone_3,load_zone_26,0.000288,0.000772
767.0,2026-07-02T12:32:31.085,2,-107.891,451.935,0.0,-0.1997,1000.0,RETURNING_TO_START,load_zone_22,dump_zone_23,0.00025,0.00067
767.0,2026-07-02T12:32:31.085,3,-100.236,453.622,0.0,-0.5,1000.0,RETURNING_TO_START,load_zone_22,dump_zone_22,0.00025,0.00067
768.0,2026-07-02T12:32:33.404,1,641.125,202.008,16.05,1.0,0.0,GOING_TO_ENDPOINT,dump_zone_3,load_zone_26,0.000312,0.000836
768.0,2026-07-02T12:32:33.404,2,-107.891,451.935,0.0,-0.1997,1000.0,RETURNING_TO_START,load_zone_22,dump_zone_23,0.00025,0.00067
768.0,2026-07-02T12:32:33.404,3,-100.236,453.622,0.0,-0.5,1000.0,RETURNING_TO_START,load_zone_22,dump_zone_22,0.00025,0.00067
769.0,2026-07-02T12:32:35.514,1,637.924,198.187,19.625,0.9167,0.0,GOING_TO_ENDPOINT,dump_zone_3,load_zone_26,0.000321,0.00086
769.0,2026-07-02T12:32:35.514,2,-107.891,451.935,0.0,-0.1997,1000.0,RETURNING_TO_START,load_zone_22,dump_zone_23,0.00025,0.00067
769.0,2026-07-02T12:32:35.514,3,-100.236,453.622,0.0,-0.5,1000.0,RETURNING_TO_START,load_zone_22,dump_zone_22,0.00025,0.00067
770.0,2026-07-02T12:32:37.688,1,632.802,195.775,20.975,-0.0833,0.0,GOING_TO_ENDPOINT,dump_zone_3,load_zone_26,0.000258,0.000691
770.0,2026-07-02T12:32:37.688,2,-107.891,451.935,0.0,-0.1997,1000.0,RETURNING_TO_START,load_zone_22,dump_zone_23,0.00025,0.00067
770.0,2026-07-02T12:32:37.688,3,-100.236,453.622,0.0,-0.5,1000.0,RETURNING_TO_START,load_zone_22,dump_zone_22,0.00025,0.00067
771.0,2026-07-02T12:32:39.902,1,627.239,194.991,19.425,-0.5,0.0,GOING_TO_ENDPOINT,dump_zone_3,load_zone_26,0.00025,0.00067
771.0,2026-07-02T12:32:39.902,2,-107.891,451.935,0.0,-0.1997,1000.0,RETURNING_TO_START,load_zone_22,dump_zone_23,0.00025,0.00067
771.0,2026-07-02T12:32:39.902,3,-100.236,453.622,0.0,-0.5,1000.0,RETURNING_TO_START,load_zone_22,dump_zone_22,0.00025,0.00067
772.0,2026-07-02T12:32:41.799,1,622.149,194.4,17.625,-0.5,0.0,GOING_TO_ENDPOINT,dump_zone_3,load_zone_26,0.00025,0.00067
772.0,2026-07-02T12:32:41.799,2,-107.891,451.935,0.0,-0.1997,1000.0,RETURNING_TO_START,load_zone_22,dump_zone_23,0.00025,0.00067
772.0,2026-07-02T12:32:41.799,3,-100.236,453.622,0.0,-0.5,1000.0,RETURNING_TO_START,load_zone_22,dump_zone_22,0.00025,0.00067
773.0,2026-07-02T12:32:43.750,1,617.542,193.989,15.825,-0.5,0.0,GOING_TO_ENDPOINT,dump_zone_3,load_zone_26,0.00025,0.00067
773.0,2026-07-02T12:32:43.750,2,-107.891,451.935,0.0,-0.1997,1000.0,RETURNING_TO_START,load_zone_22,dump_zone_23,0.00025,0.00067
773.0,2026-07-02T12:32:43.750,3,-100.236,453.622,0.0,-0.5,1000.0,RETURNING_TO_START,load_zone_22,dump_zone_22,0.00025,0.00067
774.0,2026-07-02T12:32:45.860,1,613.421,193.823,14.025,-0.5,0.0,GOING_TO_ENDPOINT,dump_zone_3,load_zone_26,0.00025,0.00067
774.0,2026-07-02T12:32:45.860,2,-107.891,451.935,0.0,-0.1997,1000.0,RETURNING_TO_START,load_zone_22,dump_zone_23,0.00025,0.00067
774.0,2026-07-02T12:32:45.860,3,-100.236,453.622,0.0,-0.5,1000.0,RETURNING_TO_START,load_zone_22,dump_zone_22,0.00025,0.00067
775.0,2026-07-02T12:32:47.978,1,609.82,194.116,12.225,-0.5,0.0,GOING_TO_ENDPOINT,dump_zone_3,load_zone_26,0.00025,0.00067
775.0,2026-07-02T12:32:47.978,2,-107.891,451.935,0.0,-0.1997,1000.0,RETURNING_TO_START,load_zone_22,dump_zone_23,0.00025,0.00067
775.0,2026-07-02T12:32:47.978,3,-100.236,453.622,0.0,-0.5,1000.0,RETURNING_TO_START,load_zone_22,dump_zone_22,0.00025,0.00067
776.0,2026-07-02T12:32:50.312,1,607.004,195.439,10.425,-0.5,0.0,GOING_TO_ENDPOINT,dump_zone_3,load_zone_26,0.00025,0.00067
776.0,2026-07-02T12:32:50.312,2,-107.891,451.935,0.0,-0.1997,1000.0,RETURNING_TO_START,load_zone_22,dump_zone_23,0.00025,0.00067
776.0,2026-07-02T12:32:50.312,3,-100.236,453.622,0.0,-0.5,1000.0,RETURNING_TO_START,load_zone_22,dump_zone_22,0.00025,0.00067
777.0,2026-07-02T12:32:52.828,1,604.707,196.702,8.625,-0.5,0.0,GOING_TO_ENDPOINT,dump_zone_3,load_zone_26,0.00025,0.00067
777.0,2026-07-02T12:32:52.828,2,-107.891,451.935,0.0,-0.1997,1000.0,RETURNING_TO_START,load_zone_22,dump_zone_23,0.00025,0.00067
777.0,2026-07-02T12:32:52.828,3,-100.236,453.622,0.0,-0.5,1000.0,RETURNING_TO_START,load_zone_22,dump_zone_22,0.00025,0.00067
778.0,2026-07-02T12:32:55.187,1,602.774,197.584,6.825,-0.5,0.0,GOING_TO_ENDPOINT,dump_zone_3,load_zone_26,0.00025,0.00067
778.0,2026-07-02T12:32:55.187,2,-107.891,451.935,0.0,-0.1997,1000.0,RETURNING_TO_START,load_zone_22,dump_zone_23,0.00025,0.00067
778.0,2026-07-02T12:32:55.187,3,-100.236,453.622,0.0,-0.5,1000.0,RETURNING_TO_START,load_zone_22,dump_zone_22,0.00025,0.00067
779.0,2026-07-02T12:32:57.476,1,601.281,198.289,5.137,-0.5,0.0,GOING_TO_ENDPOINT,dump_zone_3,load_zone_26,0.00025,0.00067
779.0,2026-07-02T12:32:57.476,2,-107.891,451.935,0.0,-0.1997,1000.0,RETURNING_TO_START,load_zone_22,dump_zone_23,0.00025,0.00067
779.0,2026-07-02T12:32:57.476,3,-100.236,453.622,0.0,-0.5,1000.0,RETURNING_TO_START,load_zone_22,dump_zone_22,0.00025,0.00067
780.0,2026-07-02T12:32:59.626,1,600.163,198.589,3.487,-0.25,0.0,GOING_TO_ENDPOINT,dump_zone_3,load_zone_26,0.00025,0.00067
780.0,2026-07-02T12:32:59.626,2,-107.891,451.935,0.0,-0.1997,1000.0,RETURNING_TO_START,load_zone_22,dump_zone_23,0.00025,0.00067
780.0,2026-07-02T12:32:59.626,3,-100.236,453.622,0.0,-0.5,1000.0,RETURNING_TO_START,load_zone_22,dump_zone_22,0.00025,0.00067
781.0,2026-07-02T12:33:01.922,1,599.122,198.577,4.537,0.75,0.0,GOING_TO_ENDPOINT,dump_zone_3,load_zone_26,0.000264,0.000708
781.0,2026-07-02T12:33:01.922,2,-107.891,451.935,0.0,-0.1997,1000.0,RETURNING_TO_START,load_zone_22,dump_zone_23,0.00025,0.00067
781.0,2026-07-02T12:33:01.922,3,-100.236,453.622,0.0,-0.5,1000.0,RETURNING_TO_START,load_zone_22,dump_zone_22,0.00025,0.00067
782.0,2026-07-02T12:33:03.702,1,597.478,197.932,8.062,1.0,0.0,GOING_TO_ENDPOINT,dump_zone_3,load_zone_26,0.000281,0.000753
782.0,2026-07-02T12:33:03.702,2,-107.891,451.935,0.0,-0.1997,1000.0,RETURNING_TO_START,load_zone_22,dump_zone_23,0.00025,0.00067
782.0,2026-07-02T12:33:03.702,3,-100.236,453.622,0.0,-0.5,1000.0,RETURNING_TO_START,load_zone_22,dump_zone_22,0.00025,0.00067
783.0,2026-07-02T12:33:05.410,1,595.903,195.71,11.662,1.0,0.0,GOING_TO_ENDPOINT,dump_zone_3,load_zone_26,0.000295,0.000791
783.0,2026-07-02T12:33:05.410,2,-107.891,451.935,0.0,-0.1997,1000.0,RETURNING_TO_START,load_zone_22,dump_zone_23,0.00025,0.00067
783.0,2026-07-02T12:33:05.410,3,-100.236,453.622,0.0,-0.5,1000.0,RETURNING_TO_START,load_zone_22,dump_zone_22,0.00025,0.00067
784.0,2026-07-02T12:33:07.637,1,596.66,192.142,15.262,1.0,0.0,GOING_TO_ENDPOINT,dump_zone_3,load_zone_26,0.000309,0.000828
784.0,2026-07-02T12:33:07.637,2,-107.891,451.935,0.0,-0.1997,1000.0,RETURNING_TO_START,load_zone_22,dump_zone_23,0.00025,0.00067
784.0,2026-07-02T12:33:07.637,3,-100.236,453.622,0.0,-0.5,1000.0,RETURNING_TO_START,load_zone_22,dump_zone_22,0.00025,0.00067
785.0,2026-07-02T12:33:09.947,1,599.402,188.228,18.862,1.0,0.0,GOING_TO_ENDPOINT,dump_zone_3,load_zone_26,0.000323,0.000866
785.0,2026-07-02T12:33:09.947,2,-107.891,451.935,0.0,-0.1997,1000.0,RETURNING_TO_START,load_zone_22,dump_zone_23,0.00025,0.00067
785.0,2026-07-02T12:33:09.947,3,-100.236,453.622,0.0,-0.5,1000.0,RETURNING_TO_START,load_zone_22,dump_zone_22,0.00025,0.00067
786.0,2026-07-02T12:33:11.845,1,601.722,182.944,22.462,1.0,0.0,GOING_TO_ENDPOINT,dump_zone_3,load_zone_26,0.000337,0.000903
786.0,2026-07-02T12:33:11.845,2,-107.891,451.935,0.0,-0.1997,1000.0,RETURNING_TO_START,load_zone_22,dump_zone_23,0.00025,0.00067
786.0,2026-07-02T12:33:11.845,3,-100.236,453.622,0.0,-0.5,1000.0,RETURNING_TO_START,load_zone_22,dump_zone_22,0.00025,0.00067
787.0,2026-07-02T12:33:13.929,1,602.481,176.223,26.037,0.9167,0.0,GOING_TO_ENDPOINT,dump_zone_3,load_zone_26,0.000344,0.000922
787.0,2026-07-02T12:33:13.929,2,-107.891,451.935,0.0,-0.1997,1000.0,RETURNING_TO_START,load_zone_22,dump_zone_23,0.00025,0.00067
787.0,2026-07-02T12:33:13.929,3,-100.236,453.622,0.0,-0.5,1000.0,RETURNING_TO_START,load_zone_22,dump_zone_22,0.00025,0.00067
788.0,2026-07-02T12:33:16.017,1,602.506,168.704,27.388,-0.0813,0.0,GOING_TO_ENDPOINT,dump_zone_3,load_zone_26,0.00026,0.000697
788.0,2026-07-02T12:33:16.017,2,-107.891,451.935,0.0,-0.1997,1000.0,RETURNING_TO_START,load_zone_22,dump_zone_23,0.00025,0.00067
788.0,2026-07-02T12:33:16.017,3,-100.236,453.622,0.0,-0.5,1000.0,RETURNING_TO_START,load_zone_22,dump_zone_22,0.00025,0.00067
789.0,2026-07-02T12:33:18.334,1,602.5,161.2,26.695,-0.248,0.0,GOING_TO_ENDPOINT,dump_zone_3,load_zone_26,0.00025,0.00067
789.0,2026-07-02T12:33:18.334,2,-107.891,451.935,0.0,-0.1997,1000.0,RETURNING_TO_START,load_zone_22,dump_zone_23,0.00025,0.00067
789.0,2026-07-02T12:33:18.334,3,-100.236,453.622,0.0,-0.5,1000.0,RETURNING_TO_START,load_zone_22,dump_zone_22,0.00025,0.00067
790.0,2026-07-02T12:33:20.652,1,602.5,153.718,27.503,0.4187,0.0,GOING_TO_ENDPOINT,dump_zone_3,load_zone_26,0.000305,0.000817
790.0,2026-07-02T12:33:20.652,2,-107.891,451.935,0.0,-0.1997,1000.0,RETURNING_TO_START,load_zone_22,dump_zone_23,0.00025,0.00067
790.0,2026-07-02T12:33:20.652,3,-100.236,453.622,0.0,-0.5,1000.0,RETURNING_TO_START,load_zone_22,dump_zone_22,0.00025,0.00067
791.0,2026-07-02T12:33:23.082,1,602.5,145.831,28.76,0.0854,0.0,GOING_TO_ENDPOINT,dump_zone_3,load_zone_26,0.000276,0.00074
791.0,2026-07-02T12:33:23.082,2,-107.891,451.935,0.0,-0.1997,1000.0,RETURNING_TO_START,load_zone_22,dump_zone_23,0.00025,0.00067
791.0,2026-07-02T12:33:23.082,3,-100.236,453.622,0.0,-0.5,1000.0,RETURNING_TO_START,load_zone_22,dump_zone_22,0.00025,0.00067
792.0,2026-07-02T12:33:25.430,1,602.5,137.944,27.818,-0.25,0.0,GOING_TO_ENDPOINT,dump_zone_3,load_zone_26,0.00025,0.00067
792.0,2026-07-02T12:33:25.430,2,-107.891,451.935,0.0,-0.1997,1000.0,RETURNING_TO_START,load_zone_22,dump_zone_23,0.00025,0.00067
792.0,2026-07-02T12:33:25.430,3,-100.236,453.622,0.0,-0.5,1000.0,RETURNING_TO_START,load_zone_22,dump_zone_22,0.00025,0.00067
793.0,2026-07-02T12:33:27.569,1,602.5,130.237,27.518,-0.25,0.0,GOING_TO_ENDPOINT,dump_zone_3,load_zone_26,0.00025,0.00067
793.0,2026-07-02T12:33:27.569,2,-107.891,451.935,0.0,-0.1997,1000.0,RETURNING_TO_START,load_zone_22,dump_zone_23,0.00025,0.00067
793.0,2026-07-02T12:33:27.569,3,-100.236,453.622,0.0,-0.5,1000.0,RETURNING_TO_START,load_zone_22,dump_zone_22,0.00025,0.00067
794.0,2026-07-02T12:33:29.828,1,602.5,122.632,27.468,-0.0357,0.0,GOING_TO_ENDPOINT,dump_zone_3,load_zone_26,0.000264,0.000708
794.0,2026-07-02T12:33:29.828,2,-107.891,451.935,0.0,-0.1997,1000.0,RETURNING_TO_START,load_zone_22,dump_zone_23,0.00025,0.00067
794.0,2026-07-02T12:33:29.828,3,-100.236,453.622,0.0,-0.5,1000.0,RETURNING_TO_START,load_zone_22,dump_zone_22,0.00025,0.00067
795.0,2026-07-02T12:33:32.087,1,602.5,114.98,27.777,0.1904,0.0,GOING_TO_ENDPOINT,dump_zone_3,load_zone_26,0.000285,0.000764
795.0,2026-07-02T12:33:32.087,2,-107.891,451.935,0.0,-0.1997,1000.0,RETURNING_TO_START,load_zone_22,dump_zone_23,0.00025,0.00067
795.0,2026-07-02T12:33:32.087,3,-100.236,453.622,0.0,-0.5,1000.0,RETURNING_TO_START,load_zone_22,dump_zone_22,0.00025,0.00067
796.0,2026-07-02T12:33:34.241,1,602.5,107.157,28.74,0.282,0.0,GOING_TO_ENDPOINT,dump_zone_3,load_zone_26,0.000294,0.000788
796.0,2026-07-02T12:33:34.241,2,-107.891,451.935,0.0,-0.1997,1000.0,RETURNING_TO_START,load_zone_22,dump_zone_23,0.00025,0.00067
796.0,2026-07-02T12:33:34.241,3,-100.236,453.622,0.0,-0.5,1000.0,RETURNING_TO_START,load_zone_22,dump_zone_22,0.00025,0.00067
797.0,2026-07-02T12:33:36.388,1,602.5,99.227,27.927,-0.5,0.0,GOING_TO_ENDPOINT,dump_zone_3,load_zone_26,0.00025,0.00067
797.0,2026-07-02T12:33:36.388,2,-107.891,451.935,0.0,-0.1997,1000.0,RETURNING_TO_START,load_zone_22,dump_zone_23,0.00025,0.00067
797.0,2026-07-02T12:33:36.388,3,-100.236,453.622,0.0,-0.5,1000.0,RETURNING_TO_START,load_zone_22,dump_zone_22,0.00025,0.00067
798.0,2026-07-02T12:33:38.708,1,602.5,91.693,26.705,-0.0256,0.0,GOING_TO_ENDPOINT,dump_zone_3,load_zone_26,0.000265,0.00071
798.0,2026-07-02T12:33:38.708,2,-107.891,451.935,0.0,-0.1997,1000.0,RETURNING_TO_START,load_zone_22,dump_zone_23,0.00025,0.00067
798.0,2026-07-02T12:33:38.708,3,-100.236,453.622,0.0,-0.5,1000.0,RETURNING_TO_START,load_zone_22,dump_zone_22,0.00025,0.00067
799.0,2026-07-02T12:33:40.797,1,602.5,84.089,28.313,0.6411,0.0,GOING_TO_ENDPOINT,dump_zone_3,load_zone_26,0.000327,0.000876
799.0,2026-07-02T12:33:40.797,2,-107.891,451.935,0.0,-0.1997,1000.0,RETURNING_TO_START,load_zone_22,dump_zone_23,0.00025,0.00067
799.0,2026-07-02T12:33:40.797,3,-100.236,453.622,0.0,-0.5,1000.0,RETURNING_TO_START,load_zone_22,dump_zone_22,0.00025,0.00067
800.0,2026-07-02T12:33:43.110,1,602.5,76.03,29.048,-0.2542,0.0,GOING_TO_ENDPOINT,dump_zone_3,load_zone_26,0.00025,0.00067
800.0,2026-07-02T12:33:43.110,2,-107.891,451.935,0.0,-0.1997,1000.0,RETURNING_TO_START,load_zone_22,dump_zone_23,0.00025,0.00067
800.0,2026-07-02T12:33:43.110,3,-100.236,453.622,0.0,-0.5,1000.0,RETURNING_TO_START,load_zone_22,dump_zone_22,0.00025,0.00067
801.0,2026-07-02T12:33:45.371,1,602.5,68.207,27.471,-0.25,0.0,GOING_TO_ENDPOINT,dump_zone_3,load_zone_26,0.00025,0.00067
801.0,2026-07-02T12:33:45.371,2,-107.891,451.935,0.0,-0.1997,1000.0,RETURNING_TO_START,load_zone_22,dump_zone_23,0.00025,0.00067
801.0,2026-07-02T12:33:45.371,3,-100.236,453.622,0.0,-0.5,1000.0,RETURNING_TO_START,load_zone_22,dump_zone_22,0.00025,0.00067
802.0,2026-07-02T12:33:47.762,1,602.5,60.542,27.771,-0.0833,0.0,GOING_TO_ENDPOINT,dump_zone_3,load_zone_26,0.00026,0.000697
802.0,2026-07-02T12:33:47.762,2,-107.891,451.935,0.0,-0.1997,1000.0,RETURNING_TO_START,load_zone_22,dump_zone_23,0.00025,0.00067
802.0,2026-07-02T12:33:47.762,3,-100.236,453.622,0.0,-0.5,1000.0,RETURNING_TO_START,load_zone_22,dump_zone_22,0.00025,0.00067
803.0,2026-07-02T12:33:50.143,1,602.5,52.881,27.52,0.1455,0.0,GOING_TO_ENDPOINT,dump_zone_3,load_zone_26,0.00028,0.00075
803.0,2026-07-02T12:33:50.143,2,-107.891,451.935,0.0,-0.1997,1000.0,RETURNING_TO_START,load_zone_22,dump_zone_23,0.00025,0.00067
803.0,2026-07-02T12:33:50.143,3,-100.236,453.622,0.0,-0.5,1000.0,RETURNING_TO_START,load_zone_22,dump_zone_22,0.00025,0.00067
804.0,2026-07-02T12:33:52.676,1,602.5,45.062,28.695,0.2522,0.0,GOING_TO_ENDPOINT,dump_zone_3,load_zone_26,0.000292,0.000783
804.0,2026-07-02T12:33:52.676,2,-107.891,451.935,0.0,-0.1997,1000.0,RETURNING_TO_START,load_zone_22,dump_zone_23,0.00025,0.00067
804.0,2026-07-02T12:33:52.676,3,-100.236,453.622,0.0,-0.5,1000.0,RETURNING_TO_START,load_zone_22,dump_zone_22,0.00025,0.00067
805.0,2026-07-02T12:33:55.046,1,602.5,37.036,28.825,0.0262,0.0,GOING_TO_ENDPOINT,dump_zone_3,load_zone_26,0.000271,0.000726
805.0,2026-07-02T12:33:55.046,2,-107.891,451.935,0.0,-0.1997,1000.0,RETURNING_TO_START,load_zone_22,dump_zone_23,0.00025,0.00067
805.0,2026-07-02T12:33:55.046,3,-100.236,453.622,0.0,-0.5,1000.0,RETURNING_TO_START,load_zone_22,dump_zone_22,0.00025,0.00067
806.0,2026-07-02T12:33:57.181,1,602.5,29.13,27.786,-0.4167,0.0,GOING_TO_ENDPOINT,dump_zone_3,load_zone_26,0.00025,0.00067
806.0,2026-07-02T12:33:57.181,2,-107.891,451.935,0.0,-0.1997,1000.0,RETURNING_TO_START,load_zone_22,dump_zone_23,0.00025,0.00067
806.0,2026-07-02T12:33:57.181,3,-100.236,453.622,0.0,-0.5,1000.0,RETURNING_TO_START,load_zone_22,dump_zone_22,0.00025,0.00067
807.0,2026-07-02T12:33:59.403,1,602.5,21.499,27.249,-0.1557,0.0,GOING_TO_ENDPOINT,dump_zone_3,load_zone_26,0.000254,0.000681
807.0,2026-07-02T12:33:59.403,2,-107.891,451.935,0.0,-0.1997,1000.0,RETURNING_TO_START,load_zone_22,dump_zone_23,0.00025,0.00067
807.0,2026-07-02T12:33:59.403,3,-100.236,453.622,0.0,-0.5,1000.0,RETURNING_TO_START,load_zone_22,dump_zone_22,0.00025,0.00067
808.0,2026-07-02T12:34:01.608,1,602.5,13.943,27.589,0.5109,0.0,GOING_TO_ENDPOINT,dump_zone_3,load_zone_26,0.000313,0.000839
808.0,2026-07-02T12:34:01.608,2,-107.891,451.935,0.0,-0.1997,1000.0,RETURNING_TO_START,load_zone_22,dump_zone_23,0.00025,0.00067
808.0,2026-07-02T12:34:01.608,3,-100.236,453.622,0.0,-0.5,1000.0,RETURNING_TO_START,load_zone_22,dump_zone_22,0.00025,0.00067
809.0,2026-07-02T12:34:03.842,1,602.5,6.123,28.078,-0.3224,0.0,GOING_TO_ENDPOINT,dump_zone_3,load_zone_26,0.00025,0.00067
809.0,2026-07-02T12:34:03.842,2,-107.891,451.935,0.0,-0.1997,1000.0,RETURNING_TO_START,load_zone_22,dump_zone_23,0.00025,0.00067
809.0,2026-07-02T12:34:03.842,3,-100.236,453.622,0.0,-0.5,1000.0,RETURNING_TO_START,load_zone_22,dump_zone_22,0.00025,0.00067
810.0,2026-07-02T12:34:06.129,1,602.5,-1.618,27.994,0.1403,0.0,GOING_TO_ENDPOINT,dump_zone_3,load_zone_26,0.00028,0.00075
810.0,2026-07-02T12:34:06.129,2,-107.891,451.935,0.0,-0.1997,1000.0,RETURNING_TO_START,load_zone_22,dump_zone_23,0.00025,0.00067
810.0,2026-07-02T12:34:06.129,3,-100.236,453.622,0.0,-0.5,1000.0,RETURNING_TO_START,load_zone_22,dump_zone_22,0.00025,0.00067
811.0,2026-07-02T12:34:08.310,1,602.5,-9.466,28.325,0.0416,0.0,GOING_TO_ENDPOINT,dump_zone_3,load_zone_26,0.000272,0.000729
811.0,2026-07-02T12:34:08.310,2,-107.891,451.935,0.0,-0.1997,1000.0,RETURNING_TO_START,load_zone_22,dump_zone_23,0.00025,0.00067
811.0,2026-07-02T12:34:08.310,3,-100.236,453.622,0.0,-0.5,1000.0,RETURNING_TO_START,load_zone_22,dump_zone_22,0.00025,0.00067
812.0,2026-07-02T12:34:10.429,1,602.5,-17.358,28.416,0.0847,0.0,GOING_TO_ENDPOINT,dump_zone_3,load_zone_26,0.000276,0.00074
812.0,2026-07-02T12:34:10.429,2,-107.891,451.935,0.0,-0.1997,1000.0,RETURNING_TO_START,load_zone_22,dump_zone_23,0.00025,0.00067
812.0,2026-07-02T12:34:10.429,3,-100.236,453.622,0.0,-0.5,1000.0,RETURNING_TO_START,load_zone_22,dump_zone_22,0.00025,0.00067
813.0,2026-07-02T12:34:13.067,1,602.5,-25.237,28.173,-0.2354,0.0,GOING_TO_ENDPOINT,dump_zone_3,load_zone_26,0.00025,0.00067
813.0,2026-07-02T12:34:13.067,2,-107.891,451.935,0.0,-0.1997,1000.0,RETURNING_TO_START,load_zone_22,dump_zone_23,0.00025,0.00067
813.0,2026-07-02T12:34:13.067,3,-100.236,453.622,0.0,-0.5,1000.0,RETURNING_TO_START,load_zone_22,dump_zone_22,0.00025,0.00067
814.0,2026-07-02T12:34:15.455,1,602.5,-32.874,27.019,-0.0734,0.0,GOING_TO_ENDPOINT,dump_zone_3,load_zone_26,0.000261,0.000699
814.0,2026-07-02T12:34:15.455,2,-107.891,451.935,0.0,-0.1997,1000.0,RETURNING_TO_START,load_zone_22,dump_zone_23,0.00025,0.00067
814.0,2026-07-02T12:34:15.455,3,-100.236,453.622,0.0,-0.5,1000.0,RETURNING_TO_START,load_zone_22,dump_zone_22,0.00025,0.00067
815.0,2026-07-02T12:34:18.096,1,602.5,-40.519,28.168,0.3656,0.0,GOING_TO_ENDPOINT,dump_zone_3,load_zone_26,0.000301,0.000807
815.0,2026-07-02T12:34:18.096,2,-107.891,451.935,0.0,-0.1997,1000.0,RETURNING_TO_START,load_zone_22,dump_zone_23,0.00025,0.00067
815.0,2026-07-02T12:34:18.096,3,-100.236,453.622,0.0,-0.5,1000.0,RETURNING_TO_START,load_zone_22,dump_zone_22,0.00025,0.00067
816.0,2026-07-02T12:34:20.640,1,602.5,-48.374,27.863,-0.3904,0.0,GOING_TO_ENDPOINT,dump_zone_3,load_zone_26,0.00025,0.00067
816.0,2026-07-02T12:34:20.640,2,-107.891,451.935,0.0,-0.1997,1000.0,RETURNING_TO_START,load_zone_22,dump_zone_23,0.00025,0.00067
816.0,2026-07-02T12:34:20.640,3,-100.236,453.622,0.0,-0.5,1000.0,RETURNING_TO_START,load_zone_22,dump_zone_22,0.00025,0.00067
817.0,2026-07-02T12:34:23.376,1,602.5,-56.046,27.502,-0.0742,0.0,GOING_TO_ENDPOINT,dump_zone_3,load_zone_26,0.000261,0.000699
817.0,2026-07-02T12:34:23.376,2,-107.891,451.935,0.0,-0.1997,1000.0,RETURNING_TO_START,load_zone_22,dump_zone_23,0.00025,0.00067
817.0,2026-07-02T12:34:23.376,3,-100.236,453.622,0.0,-0.5,1000.0,RETURNING_TO_START,load_zone_22,dump_zone_22,0.00025,0.00067
818.0,2026-07-02T12:34:25.759,1,602.5,-63.768,28.112,-0.004,0.0,GOING_TO_ENDPOINT,dump_zone_3,load_zone_26,0.000267,0.000716
818.0,2026-07-02T12:34:25.759,2,-107.891,451.935,0.0,-0.1997,1000.0,RETURNING_TO_START,load_zone_22,dump_zone_23,0.00025,0.00067
818.0,2026-07-02T12:34:25.759,3,-100.236,453.622,0.0,-0.5,1000.0,RETURNING_TO_START,load_zone_22,dump_zone_22,0.00025,0.00067
819.0,2026-07-02T12:34:27.719,1,602.5,-71.397,26.681,-0.5,0.0,GOING_TO_ENDPOINT,dump_zone_3,load_zone_26,0.00025,0.00067
819.0,2026-07-02T12:34:27.719,2,-107.891,451.935,0.0,-0.1997,1000.0,RETURNING_TO_START,load_zone_22,dump_zone_23,0.00025,0.00067
819.0,2026-07-02T12:34:27.719,3,-100.236,453.622,0.0,-0.5,1000.0,RETURNING_TO_START,load_zone_22,dump_zone_22,0.00025,0.00067
820.0,2026-07-02T12:34:29.475,1,602.5,-78.538,24.881,-0.5,0.0,GOING_TO_ENDPOINT,dump_zone_3,load_zone_26,0.00025,0.00067
820.0,2026-07-02T12:34:29.475,2,-107.891,451.935,0.0,-0.1997,1000.0,RETURNING_TO_START,load_zone_22,dump_zone_23,0.00025,0.00067
820.0,2026-07-02T12:34:29.475,3,-100.236,453.622,0.0,-0.5,1000.0,RETURNING_TO_START,load_zone_22,dump_zone_22,0.00025,0.00067
821.0,2026-07-02T12:34:31.262,1,602.5,-85.178,23.081,-0.5,0.0,GOING_TO_ENDPOINT,dump_zone_3,load_zone_26,0.00025,0.00067
821.0,2026-07-02T12:34:31.262,2,-107.891,451.935,0.0,-0.1997,1000.0,RETURNING_TO_START,load_zone_22,dump_zone_23,0.00025,0.00067
821.0,2026-07-02T12:34:31.262,3,-100.236,453.622,0.0,-0.5,1000.0,RETURNING_TO_START,load_zone_22,dump_zone_22,0.00025,0.00067
822.0,2026-07-02T12:34:33.386,1,602.5,-91.318,21.281,-0.5,0.0,GOING_TO_ENDPOINT,dump_zone_3,load_zone_26,0.00025,0.00067
822.0,2026-07-02T12:34:33.386,2,-107.891,451.935,0.0,-0.1997,1000.0,RETURNING_TO_START,load_zone_22,dump_zone_23,0.00025,0.00067
822.0,2026-07-02T12:34:33.386,3,-100.236,453.622,0.0,-0.5,1000.0,RETURNING_TO_START,load_zone_22,dump_zone_22,0.00025,0.00067
823.0,2026-07-02T12:34:35.542,1,602.499,-96.959,19.481,-0.5,0.0,GOING_TO_ENDPOINT,dump_zone_3,load_zone_26,0.00025,0.00067
823.0,2026-07-02T12:34:35.542,2,-107.891,451.935,0.0,-0.1997,1000.0,RETURNING_TO_START,load_zone_22,dump_zone_23,0.00025,0.00067
823.0,2026-07-02T12:34:35.542,3,-100.236,453.622,0.0,-0.5,1000.0,RETURNING_TO_START,load_zone_22,dump_zone_22,0.00025,0.00067
824.0,2026-07-02T12:34:37.753,1,603.726,-101.816,18.806,0.25,0.0,GOING_TO_ENDPOINT,dump_zone_3,load_zone_26,0.000277,0.000742
824.0,2026-07-02T12:34:37.753,2,-107.891,451.935,0.0,-0.1997,1000.0,RETURNING_TO_START,load_zone_22,dump_zone_23,0.00025,0.00067
824.0,2026-07-02T12:34:37.753,3,-100.236,453.622,0.0,-0.5,1000.0,RETURNING_TO_START,load_zone_22,dump_zone_22,0.00025,0.00067
825.0,2026-07-02T12:34:40.057,1,608.846,-101.993,21.506,1.0,0.0,GOING_TO_ENDPOINT,dump_zone_3,load_zone_26,0.000333,0.000892
825.0,2026-07-02T12:34:40.057,2,-107.891,451.935,0.0,-0.1997,1000.0,RETURNING_TO_START,load_zone_22,dump_zone_23,0.00025,0.00067
825.0,2026-07-02T12:34:40.057,3,-100.236,453.622,0.0,-0.5,1000.0,RETURNING_TO_START,load_zone_22,dump_zone_22,0.00025,0.00067
826.0,2026-07-02T12:34:42.339,1,613.918,-98.063,24.406,0.4167,0.0,GOING_TO_ENDPOINT,dump_zone_3,load_zone_26,0.000298,0.000799
826.0,2026-07-02T12:34:42.339,2,-107.891,451.935,0.0,-0.1997,1000.0,RETURNING_TO_START,load_zone_22,dump_zone_23,0.00025,0.00067
826.0,2026-07-02T12:34:42.339,3,-100.236,453.622,0.0,-0.5,1000.0,RETURNING_TO_START,load_zone_22,dump_zone_22,0.00025,0.00067
827.0,2026-07-02T12:34:44.311,1,620.635,-97.331,23.981,-0.5,0.0,GOING_TO_ENDPOINT,dump_zone_3,load_zone_26,0.00025,0.00067
827.0,2026-07-02T12:34:44.311,2,-107.891,451.935,0.0,-0.1997,1000.0,RETURNING_TO_START,load_zone_22,dump_zone_23,0.00025,0.00067
827.0,2026-07-02T12:34:44.311,3,-100.236,453.622,0.0,-0.5,1000.0,RETURNING_TO_START,load_zone_22,dump_zone_22,0.00025,0.00067
828.0,2026-07-02T12:34:46.385,1,627.023,-97.497,22.181,-0.5,0.0,GOING_TO_ENDPOINT,dump_zone_3,load_zone_26,0.00025,0.00067
828.0,2026-07-02T12:34:46.385,2,-107.891,451.935,0.0,-0.1997,1000.0,RETURNING_TO_START,load_zone_22,dump_zone_23,0.00025,0.00067
828.0,2026-07-02T12:34:46.385,3,-100.236,453.622,0.0,-0.5,1000.0,RETURNING_TO_START,load_zone_22,dump_zone_22,0.00025,0.00067
829.0,2026-07-02T12:34:48.354,1,632.914,-97.503,20.381,-0.5,0.0,GOING_TO_ENDPOINT,dump_zone_3,load_zone_26,0.00025,0.00067
829.0,2026-07-02T12:34:48.354,2,-107.891,451.935,0.0,-0.1997,1000.0,RETURNING_TO_START,load_zone_22,dump_zone_23,0.00025,0.00067
829.0,2026-07-02T12:34:48.354,3,-100.236,453.622,0.0,-0.5,1000.0,RETURNING_TO_START,load_zone_22,dump_zone_22,0.00025,0.00067
830.0,2026-07-02T12:34:50.314,1,638.304,-97.5,18.581,-0.5,0.0,GOING_TO_ENDPOINT,dump_zone_3,load_zone_26,0.00025,0.00067
830.0,2026-07-02T12:34:50.314,2,-107.891,451.935,0.0,-0.1997,1000.0,RETURNING_TO_START,load_zone_22,dump_zone_23,0.00025,0.00067
830.0,2026-07-02T12:34:50.314,3,-100.236,453.622,0.0,-0.5,1000.0,RETURNING_TO_START,load_zone_22,dump_zone_22,0.00025,0.00067
831.0,2026-07-02T12:34:52.468,1,643.194,-97.5,16.781,-0.5,0.0,GOING_TO_ENDPOINT,dump_zone_3,load_zone_26,0.00025,0.00067
831.0,2026-07-02T12:34:52.468,2,-107.891,451.935,0.0,-0.1997,1000.0,RETURNING_TO_START,load_zone_22,dump_zone_23,0.00025,0.00067
831.0,2026-07-02T12:34:52.468,3,-100.236,453.622,0.0,-0.5,1000.0,RETURNING_TO_START,load_zone_22,dump_zone_22,0.00025,0.00067
832.0,2026-07-02T12:34:54.856,1,647.585,-97.507,14.981,-0.5,0.0,GOING_TO_ENDPOINT,dump_zone_3,load_zone_26,0.00025,0.00067
832.0,2026-07-02T12:34:54.856,2,-107.891,451.935,0.0,-0.1997,1000.0,RETURNING_TO_START,load_zone_22,dump_zone_23,0.00025,0.00067
832.0,2026-07-02T12:34:54.856,3,-100.236,453.622,0.0,-0.5,1000.0,RETURNING_TO_START,load_zone_22,dump_zone_22,0.00025,0.00067
833.0,2026-07-02T12:34:56.940,1,651.34,-98.349,13.181,-0.5,0.0,GOING_TO_ENDPOINT,dump_zone_3,load_zone_26,0.00025,0.00067
833.0,2026-07-02T12:34:56.940,2,-107.891,451.935,0.0,-0.1997,1000.0,RETURNING_TO_START,load_zone_22,dump_zone_23,0.00025,0.00067
833.0,2026-07-02T12:34:56.940,3,-100.236,453.622,0.0,-0.5,1000.0,RETURNING_TO_START,load_zone_22,dump_zone_22,0.00025,0.00067
834.0,2026-07-02T12:34:58.763,1,654.027,-100.474,12.081,0.0833,0.0,GOING_TO_ENDPOINT,dump_zone_3,load_zone_26,0.000261,0.000699
834.0,2026-07-02T12:34:58.763,2,-107.891,451.935,0.0,-0.1997,1000.0,RETURNING_TO_START,load_zone_22,dump_zone_23,0.00025,0.00067
834.0,2026-07-02T12:34:58.763,3,-100.236,453.622,0.0,-0.5,1000.0,RETURNING_TO_START,load_zone_22,dump_zone_22,0.00025,0.00067
835.0,2026-07-02T12:35:00.391,1,656.593,-103.014,14.306,1.0,0.0,GOING_TO_ENDPOINT,dump_zone_3,load_zone_26,0.000305,0.000817
835.0,2026-07-02T12:35:00.391,2,-107.891,451.935,0.0,-0.1997,1000.0,RETURNING_TO_START,load_zone_22,dump_zone_23,0.00025,0.00067
835.0,2026-07-02T12:35:00.391,3,-100.236,453.622,0.0,-0.5,1000.0,RETURNING_TO_START,load_zone_22,dump_zone_22,0.00025,0.00067
836.0,2026-07-02T12:35:02.091,1,659.774,-106.219,17.906,1.0,0.0,GOING_TO_ENDPOINT,dump_zone_3,load_zone_26,0.000319,0.000855
836.0,2026-07-02T12:35:02.091,2,-107.891,451.935,0.0,-0.1997,1000.0,RETURNING_TO_START,load_zone_22,dump_zone_23,0.00025,0.00067
836.0,2026-07-02T12:35:02.091,3,-100.236,453.622,0.0,-0.5,1000.0,RETURNING_TO_START,load_zone_22,dump_zone_22,0.00025,0.00067
837.0,2026-07-02T12:35:03.829,1,663.665,-110.128,21.506,1.0,0.0,GOING_TO_ENDPOINT,dump_zone_3,load_zone_26,0.000333,0.000892
837.0,2026-07-02T12:35:03.829,2,-107.891,451.935,0.0,-0.1997,1000.0,RETURNING_TO_START,load_zone_22,dump_zone_23,0.00025,0.00067
837.0,2026-07-02T12:35:03.829,3,-100.236,453.622,0.0,-0.5,1000.0,RETURNING_TO_START,load_zone_22,dump_zone_22,0.00025,0.00067
838.0,2026-07-02T12:35:05.884,1,668.271,-114.736,25.106,1.0,0.0,GOING_TO_ENDPOINT,dump_zone_3,load_zone_26,0.000347,0.00093
838.0,2026-07-02T12:35:05.884,2,-107.891,451.935,0.0,-0.1997,1000.0,RETURNING_TO_START,load_zone_22,dump_zone_23,0.00025,0.00067
838.0,2026-07-02T12:35:05.884,3,-100.236,453.622,0.0,-0.5,1000.0,RETURNING_TO_START,load_zone_22,dump_zone_22,0.00025,0.00067
839.0,2026-07-02T12:35:08.177,1,673.551,-120.016,28.006,0.4167,0.0,GOING_TO_ENDPOINT,dump_zone_3,load_zone_26,0.000305,0.000817
839.0,2026-07-02T12:35:08.177,2,-107.891,451.935,0.0,-0.1997,1000.0,RETURNING_TO_START,load_zone_22,dump_zone_23,0.00025,0.00067
839.0,2026-07-02T12:35:08.177,3,-100.236,453.622,0.0,-0.5,1000.0,RETURNING_TO_START,load_zone_22,dump_zone_22,0.00025,0.00067
840.0,2026-07-02T12:35:10.121,1,679.063,-125.528,27.581,-0.5,0.0,GOING_TO_ENDPOINT,dump_zone_3,load_zone_26,0.00025,0.00067
840.0,2026-07-02T12:35:10.121,2,-107.891,451.935,0.0,-0.1997,1000.0,RETURNING_TO_START,load_zone_22,dump_zone_23,0.00025,0.00067
840.0,2026-07-02T12:35:10.121,3,-100.236,453.622,0.0,-0.5,1000.0,RETURNING_TO_START,load_zone_22,dump_zone_22,0.00025,0.00067
841.0,2026-07-02T12:35:11.999,1,684.289,-130.754,25.781,-0.5,0.0,GOING_TO_ENDPOINT,dump_zone_3,load_zone_26,0.00025,0.00067
841.0,2026-07-02T12:35:11.999,2,-107.891,451.935,0.0,-0.1997,1000.0,RETURNING_TO_START,load_zone_22,dump_zone_23,0.00025,0.00067
841.0,2026-07-02T12:35:11.999,3,-100.236,453.622,0.0,-0.5,1000.0,RETURNING_TO_START,load_zone_22,dump_zone_22,0.00025,0.00067
842.0,2026-07-02T12:35:13.806,1,689.161,-135.626,23.981,-0.5,0.0,GOING_TO_ENDPOINT,dump_zone_3,load_zone_26,0.00025,0.00067
842.0,2026-07-02T12:35:13.806,2,-107.891,451.935,0.0,-0.1997,1000.0,RETURNING_TO_START,load_zone_22,dump_zone_23,0.00025,0.00067
842.0,2026-07-02T12:35:13.806,3,-100.236,453.622,0.0,-0.5,1000.0,RETURNING_TO_START,load_zone_22,dump_zone_22,0.00025,0.00067
843.0,2026-07-02T12:35:15.562,1,693.68,-140.145,22.181,-0.5,0.0,GOING_TO_ENDPOINT,dump_zone_3,load_zone_26,0.00025,0.00067
843.0,2026-07-02T12:35:15.562,2,-107.891,451.935,0.0,-0.1997,1000.0,RETURNING_TO_START,load_zone_22,dump_zone_23,0.00025,0.00067
843.0,2026-07-02T12:35:15.562,3,-100.236,453.622,0.0,-0.5,1000.0,RETURNING_TO_START,load_zone_22,dump_zone_22,0.00025,0.00067
844.0,2026-07-02T12:35:17.709,1,697.846,-144.309,20.381,-0.5,0.0,GOING_TO_ENDPOINT,dump_zone_3,load_zone_26,0.00025,0.00067
844.0,2026-07-02T12:35:17.709,2,-107.891,451.935,0.0,-0.1997,1000.0,RETURNING_TO_START,load_zone_22,dump_zone_23,0.00025,0.00067
844.0,2026-07-02T12:35:17.709,3,-100.236,453.622,0.0,-0.5,1000.0,RETURNING_TO_START,load_zone_22,dump_zone_22,0.00025,0.00067
845.0,2026-07-02T12:35:20.100,1,701.6,-148.173,18.581,-0.5,0.0,GOING_TO_ENDPOINT,dump_zone_3,load_zone_26,0.00025,0.00067
845.0,2026-07-02T12:35:20.100,2,-107.891,451.935,0.0,-0.1997,1000.0,RETURNING_TO_START,load_zone_22,dump_zone_23,0.00025,0.00067
845.0,2026-07-02T12:35:20.100,3,-100.236,453.622,0.0,-0.5,1000.0,RETURNING_TO_START,load_zone_22,dump_zone_22,0.00025,0.00067
846.0,2026-07-02T12:35:22.696,1,703.226,-152.671,16.931,-0.25,0.0,GOING_TO_ENDPOINT,dump_zone_3,load_zone_26,0.00025,0.00067
846.0,2026-07-02T12:35:22.696,2,-107.891,451.935,0.0,-0.1997,1000.0,RETURNING_TO_START,load_zone_22,dump_zone_23,0.00025,0.00067
846.0,2026-07-02T12:35:22.696,3,-100.236,453.622,0.0,-0.5,1000.0,RETURNING_TO_START,load_zone_22,dump_zone_22,0.00025,0.00067
847.0,2026-07-02T12:35:25.261,1,702.657,-157.412,17.931,0.5833,0.0,GOING_TO_ENDPOINT,dump_zone_3,load_zone_26,0.000295,0.000791
847.0,2026-07-02T12:35:25.261,2,-107.891,451.935,0.0,-0.1997,1000.0,RETURNING_TO_START,load_zone_22,dump_zone_23,0.00025,0.00067
847.0,2026-07-02T12:35:25.261,3,-100.236,453.622,0.0,-0.5,1000.0,RETURNING_TO_START,load_zone_22,dump_zone_22,0.00025,0.00067
848.0,2026-07-02T12:35:27.490,1,702.493,-162.516,18.225,-0.3766,0.0,GOING_TO_ENDPOINT,dump_zone_3,load_zone_26,0.00025,0.00067
848.0,2026-07-02T12:35:27.490,2,-107.891,451.935,0.0,-0.1997,1000.0,RETURNING_TO_START,load_zone_22,dump_zone_23,0.00025,0.00067
848.0,2026-07-02T12:35:27.490,3,-100.236,453.622,0.0,-0.5,1000.0,RETURNING_TO_START,load_zone_22,dump_zone_22,0.00025,0.00067
849.0,2026-07-02T12:35:29.594,1,702.496,-167.317,16.565,-0.3221,0.0,GOING_TO_ENDPOINT,dump_zone_3,load_zone_26,0.00025,0.00067
849.0,2026-07-02T12:35:29.594,2,-107.891,451.935,0.0,-0.1997,1000.0,RETURNING_TO_START,load_zone_22,dump_zone_23,0.00025,0.00067
849.0,2026-07-02T12:35:29.594,3,-100.236,453.622,0.0,-0.5,1000.0,RETURNING_TO_START,load_zone_22,dump_zone_22,0.00025,0.00067
850.0,2026-07-02T12:35:31.820,1,702.5,-171.677,14.904,-0.4167,0.0,GOING_TO_ENDPOINT,dump_zone_3,load_zone_26,0.00025,0.00067
850.0,2026-07-02T12:35:31.820,2,-107.891,451.935,0.0,-0.1997,1000.0,RETURNING_TO_START,load_zone_22,dump_zone_23,0.00025,0.00067
850.0,2026-07-02T12:35:31.820,3,-100.236,453.622,0.0,-0.5,1000.0,RETURNING_TO_START,load_zone_22,dump_zone_22,0.00025,0.00067
851.0,2026-07-02T12:35:34.153,1,702.5,-175.604,13.579,-0.4167,0.0,GOING_TO_ENDPOINT,dump_zone_3,load_zone_26,0.00025,0.00067
851.0,2026-07-02T12:35:34.153,2,-107.891,451.935,0.0,-0.1997,1000.0,RETURNING_TO_START,load_zone_22,dump_zone_23,0.00025,0.00067
851.0,2026-07-02T12:35:34.153,3,-100.236,453.622,0.0,-0.5,1000.0,RETURNING_TO_START,load_zone_22,dump_zone_22,0.00025,0.00067
852.0,2026-07-02T12:35:36.363,1,702.5,-179.142,12.179,-0.4167,0.0,GOING_TO_ENDPOINT,dump_zone_3,load_zone_26,0.00025,0.00067
852.0,2026-07-02T12:35:36.363,2,-107.891,451.935,0.0,-0.1997,1000.0,RETURNING_TO_START,load_zone_22,dump_zone_23,0.00025,0.00067
852.0,2026-07-02T12:35:36.363,3,-100.236,453.622,0.0,-0.5,1000.0,RETURNING_TO_START,load_zone_22,dump_zone_22,0.00025,0.00067
853.0,2026-07-02T12:35:38.724,1,702.5,-182.279,10.593,-0.4167,0.0,GOING_TO_ENDPOINT,dump_zone_3,load_zone_26,0.00025,0.00067
853.0,2026-07-02T12:35:38.724,2,-107.891,451.935,0.0,-0.1997,1000.0,RETURNING_TO_START,load_zone_22,dump_zone_23,0.00025,0.00067
853.0,2026-07-02T12:35:38.724,3,-100.236,453.622,0.0,-0.5,1000.0,RETURNING_TO_START,load_zone_22,dump_zone_22,0.00025,0.00067
854.0,2026-07-02T12:35:40.906,1,702.5,-184.951,8.793,-0.5,0.0,GOING_TO_ENDPOINT,dump_zone_3,load_zone_26,0.00025,0.00067
854.0,2026-07-02T12:35:40.906,2,-107.891,451.935,0.0,-0.1997,1000.0,RETURNING_TO_START,load_zone_22,dump_zone_23,0.00025,0.00067
854.0,2026-07-02T12:35:40.906,3,-100.236,453.622,0.0,-0.5,1000.0,RETURNING_TO_START,load_zone_22,dump_zone_22,0.00025,0.00067
855.0,2026-07-02T12:35:43.212,1,702.5,-187.137,7.093,-0.5,0.0,GOING_TO_ENDPOINT,dump_zone_3,load_zone_26,0.00025,0.00067
855.0,2026-07-02T12:35:43.212,2,-107.891,451.935,0.0,-0.1997,1000.0,RETURNING_TO_START,load_zone_22,dump_zone_23,0.00025,0.00067
855.0,2026-07-02T12:35:43.212,3,-100.236,453.622,0.0,-0.5,1000.0,RETURNING_TO_START,load_zone_22,dump_zone_22,0.00025,0.00067
856.0,2026-07-02T12:35:45.518,1,702.5,-188.843,5.326,-0.5,0.0,GOING_TO_ENDPOINT,dump_zone_3,load_zone_26,0.00025,0.00067
856.0,2026-07-02T12:35:45.518,2,-107.891,451.935,0.0,-0.1997,1000.0,RETURNING_TO_START,load_zone_22,dump_zone_23,0.00025,0.00067
856.0,2026-07-02T12:35:45.518,3,-100.236,453.622,0.0,-0.5,1000.0,RETURNING_TO_START,load_zone_22,dump_zone_22,0.00025,0.00067
857.0,2026-07-02T12:35:47.719,1,702.553,-190.049,3.526,-0.5,0.0,GOING_TO_ENDPOINT,dump_zone_3,load_zone_26,0.00025,0.00067
857.0,2026-07-02T12:35:47.719,2,-107.891,451.935,0.0,-0.1997,1000.0,RETURNING_TO_START,load_zone_22,dump_zone_23,0.00025,0.00067
857.0,2026-07-02T12:35:47.719,3,-100.236,453.622,0.0,-0.5,1000.0,RETURNING_TO_START,load_zone_22,dump_zone_22,0.00025,0.00067
858.0,2026-07-02T12:35:49.747,1,702.725,-190.735,1.726,-0.5,0.0,LOADING,dump_zone_3,load_zone_26,0.00025,0.00067
858.0,2026-07-02T12:35:49.747,2,-107.891,451.935,0.0,-0.1997,1000.0,RETURNING_TO_START,load_zone_22,dump_zone_23,0.00025,0.00067
858.0,2026-07-02T12:35:49.747,3,-100.236,453.622,0.0,-0.5,1000.0,RETURNING_TO_START,load_zone_22,dump_zone_22,0.00025,0.00067
859.0,2026-07-02T12:35:51.798,1,702.799,-190.932,0.0,-0.5,0.0,LOADING,dump_zone_3,load_zone_26,0.00025,0.00067
859.0,2026-07-02T12:35:51.798,2,-107.891,451.935,0.0,-0.1997,1000.0,RETURNING_TO_START,load_zone_22,dump_zone_23,0.00025,0.00067
859.0,2026-07-02T12:35:51.798,3,-100.236,453.622,0.0,-0.5,1000.0,RETURNING_TO_START,load_zone_22,dump_zone_22,0.00025,0.00067
860.0,2026-07-02T12:35:53.804,1,702.799,-190.932,0.0,-0.5,0.0,LOADING,dump_zone_3,load_zone_26,0.00025,0.00067
860.0,2026-07-02T12:35:53.804,2,-107.891,451.935,0.0,-0.1997,1000.0,RETURNING_TO_START,load_zone_22,dump_zone_23,0.00025,0.00067
860.0,2026-07-02T12:35:53.804,3,-100.236,453.622,0.0,-0.5,1000.0,RETURNING_TO_START,load_zone_22,dump_zone_22,0.00025,0.00067
861.0,2026-07-02T12:35:55.430,1,703.871,-192.4,7.2,0.0,1000.0,TURNING_AROUND,load_zone_26,dump_zone_3,0.000258,0.000691
861.0,2026-07-02T12:35:55.430,2,-107.891,451.935,0.0,-0.1997,1000.0,RETURNING_TO_START,load_zone_22,dump_zone_23,0.00025,0.00067
861.0,2026-07-02T12:35:55.430,3,-100.236,453.622,0.0,-0.5,1000.0,RETURNING_TO_START,load_zone_22,dump_zone_22,0.00025,0.00067
862.0,2026-07-02T12:35:57.000,1,704.532,-192.93,5.4,0.0,1000.0,TURNING_AROUND,load_zone_26,dump_zone_3,0.000256,0.000686
862.0,2026-07-02T12:35:57.000,2,-107.891,451.935,0.0,-0.1997,1000.0,RETURNING_TO_START,load_zone_22,dump_zone_23,0.00025,0.00067
862.0,2026-07-02T12:35:57.000,3,-100.236,453.622,0.0,-0.5,1000.0,RETURNING_TO_START,load_zone_22,dump_zone_22,0.00025,0.00067
863.0,2026-07-02T12:35:58.413,1,704.207,-192.744,7.2,0.0,1000.0,TURNING_AROUND,load_zone_26,dump_zone_3,0.000258,0.000691
863.0,2026-07-02T12:35:58.413,2,-107.891,451.935,0.0,-0.1997,1000.0,RETURNING_TO_START,load_zone_22,dump_zone_23,0.00025,0.00067
863.0,2026-07-02T12:35:58.413,3,-100.236,453.622,0.0,-0.5,1000.0,RETURNING_TO_START,load_zone_22,dump_zone_22,0.00025,0.00067
864.0,2026-07-02T12:35:59.806,1,706.019,-191.947,7.2,0.0,1000.0,TURNING_AROUND,load_zone_26,dump_zone_3,0.000258,0.000691
864.0,2026-07-02T12:35:59.806,2,-107.891,451.935,0.0,-0.1997,1000.0,RETURNING_TO_START,load_zone_22,dump_zone_23,0.00025,0.00067
864.0,2026-07-02T12:35:59.806,3,-100.236,453.622,0.0,-0.5,1000.0,RETURNING_TO_START,load_zone_22,dump_zone_22,0.00025,0.00067
865.0,2026-07-02T12:36:01.272,1,705.717,-192.511,5.4,0.0,1000.0,TURNING_AROUND,load_zone_26,dump_zone_3,0.000256,0.000686
865.0,2026-07-02T12:36:01.272,2,-107.891,451.935,0.0,-0.1997,1000.0,RETURNING_TO_START,load_zone_22,dump_zone_23,0.00025,0.00067
865.0,2026-07-02T12:36:01.272,3,-100.236,453.622,0.0,-0.5,1000.0,RETURNING_TO_START,load_zone_22,dump_zone_22,0.00025,0.00067
866.0,2026-07-02T12:36:03.244,1,705.763,-192.215,0.0,-0.1667,1000.0,RETURNING_TO_START,load_zone_26,dump_zone_3,0.00025,0.00067
866.0,2026-07-02T12:36:03.244,2,-107.891,451.935,0.0,-0.1997,1000.0,RETURNING_TO_START,load_zone_22,dump_zone_23,0.00025,0.00067
866.0,2026-07-02T12:36:03.244,3,-100.236,453.622,0.0,-0.5,1000.0,RETURNING_TO_START,load_zone_22,dump_zone_22,0.00025,0.00067
867.0,2026-07-02T12:36:05.179,1,705.761,-192.088,1.375,0.8333,1000.0,RETURNING_TO_START,load_zone_26,dump_zone_3,0.000258,0.000691
867.0,2026-07-02T12:36:05.179,2,-107.891,451.935,0.0,-0.1997,1000.0,RETURNING_TO_START,load_zone_22,dump_zone_23,0.00025,0.00067
867.0,2026-07-02T12:36:05.179,3,-100.236,453.622,0.0,-0.5,1000.0,RETURNING_TO_START,load_zone_22,dump_zone_22,0.00025,0.00067
868.0,2026-07-02T12:36:06.940,1,705.621,-191.184,4.95,1.0,1000.0,RETURNING_TO_START,load_zone_26,dump_zone_3,0.000282,0.000756
868.0,2026-07-02T12:36:06.940,2,-107.891,451.935,0.0,-0.1997,1000.0,RETURNING_TO_START,load_zone_22,dump_zone_23,0.00025,0.00067
868.0,2026-07-02T12:36:06.940,3,-100.236,453.622,0.0,-0.5,1000.0,RETURNING_TO_START,load_zone_22,dump_zone_22,0.00025,0.00067
869.0,2026-07-02T12:36:09.202,1,704.683,-189.534,8.55,1.0,1000.0,RETURNING_TO_START,load_zone_26,dump_zone_3,0.000305,0.000817
869.0,2026-07-02T12:36:09.202,2,-107.891,451.935,0.0,-0.1997,1000.0,RETURNING_TO_START,load_zone_22,dump_zone_23,0.00025,0.00067
869.0,2026-07-02T12:36:09.202,3,-100.236,453.622,0.0,-0.5,1000.0,RETURNING_TO_START,load_zone_22,dump_zone_22,0.00025,0.00067
870.0,2026-07-02T12:36:11.480,1,702.541,-187.555,12.15,1.0,1000.0,RETURNING_TO_START,load_zone_26,dump_zone_3,0.000328,0.000879
870.0,2026-07-02T12:36:11.480,2,-107.891,451.935,0.0,-0.1997,1000.0,RETURNING_TO_START,load_zone_22,dump_zone_23,0.00025,0.00067
870.0,2026-07-02T12:36:11.480,3,-100.236,453.622,0.0,-0.5,1000.0,RETURNING_TO_START,load_zone_22,dump_zone_22,0.00025,0.00067
871.0,2026-07-02T12:36:13.668,1,699.792,-184.776,15.75,1.0,1000.0,RETURNING_TO_START,load_zone_26,dump_zone_3,0.000352,0.000943
871.0,2026-07-02T12:36:13.668,2,-107.891,451.935,0.0,-0.1997,1000.0,RETURNING_TO_START,load_zone_22,dump_zone_23,0.00025,0.00067
871.0,2026-07-02T12:36:13.668,3,-100.236,453.622,0.0,-0.5,1000.0,RETURNING_TO_START,load_zone_22,dump_zone_22,0.00025,0.00067
872.0,2026-07-02T12:36:16.018,1,697.828,-180.32,19.2,0.75,1000.0,RETURNING_TO_START,load_zone_26,dump_zone_3,0.000348,0.000933
872.0,2026-07-02T12:36:16.018,2,-107.891,451.935,0.0,-0.1997,1000.0,RETURNING_TO_START,load_zone_22,dump_zone_23,0.00025,0.00067
872.0,2026-07-02T12:36:16.018,3,-100.236,453.622,0.0,-0.5,1000.0,RETURNING_TO_START,load_zone_22,dump_zone_22,0.00025,0.00067
873.0,2026-07-02T12:36:18.302,1,697.449,-174.813,19.95,-0.25,1000.0,RETURNING_TO_START,load_zone_26,dump_zone_3,0.00025,0.00067
873.0,2026-07-02T12:36:18.302,2,-107.891,451.935,0.0,-0.1997,1000.0,RETURNING_TO_START,load_zone_22,dump_zone_23,0.00025,0.00067
873.0,2026-07-02T12:36:18.302,3,-100.236,453.622,0.0,-0.5,1000.0,RETURNING_TO_START,load_zone_22,dump_zone_22,0.00025,0.00067
874.0,2026-07-02T12:36:20.762,1,697.493,-169.522,18.225,-0.5,1000.0,RETURNING_TO_START,load_zone_26,dump_zone_3,0.00025,0.00067
874.0,2026-07-02T12:36:20.762,2,-107.891,451.935,0.0,-0.1997,1000.0,RETURNING_TO_START,load_zone_22,dump_zone_23,0.00025,0.00067
874.0,2026-07-02T12:36:20.762,3,-100.236,453.622,0.0,-0.5,1000.0,RETURNING_TO_START,load_zone_22,dump_zone_22,0.00025,0.00067
875.0,2026-07-02T12:36:22.940,1,697.502,-164.731,16.425,-0.5,1000.0,RETURNING_TO_START,load_zone_26,dump_zone_3,0.00025,0.00067
875.0,2026-07-02T12:36:22.940,2,-107.891,451.935,0.0,-0.1997,1000.0,RETURNING_TO_START,load_zone_22,dump_zone_23,0.00025,0.00067
875.0,2026-07-02T12:36:22.940,3,-100.236,453.622,0.0,-0.5,1000.0,RETURNING_TO_START,load_zone_22,dump_zone_22,0.00025,0.00067
876.0,2026-07-02T12:36:25.203,1,697.5,-160.439,14.625,-0.5,1000.0,RETURNING_TO_START,load_zone_26,dump_zone_3,0.00025,0.00067
876.0,2026-07-02T12:36:25.203,2,-107.891,451.935,0.0,-0.1997,1000.0,RETURNING_TO_START,load_zone_22,dump_zone_23,0.00025,0.00067
876.0,2026-07-02T12:36:25.203,3,-100.236,453.622,0.0,-0.5,1000.0,RETURNING_TO_START,load_zone_22,dump_zone_22,0.00025,0.00067
877.0,2026-07-02T12:36:27.370,1,697.5,-156.647,12.825,-0.5,1000.0,RETURNING_TO_START,load_zone_26,dump_zone_3,0.00025,0.00067
877.0,2026-07-02T12:36:27.370,2,-107.891,451.935,0.0,-0.1997,1000.0,RETURNING_TO_START,load_zone_22,dump_zone_23,0.00025,0.00067
877.0,2026-07-02T12:36:27.370,3,-100.236,453.622,0.0,-0.5,1000.0,RETURNING_TO_START,load_zone_22,dump_zone_22,0.00025,0.00067
878.0,2026-07-02T12:36:29.535,1,697.501,-153.356,11.025,-0.5,1000.0,RETURNING_TO_START,load_zone_26,dump_zone_3,0.00025,0.00067
878.0,2026-07-02T12:36:29.535,2,-107.891,451.935,0.0,-0.1997,1000.0,RETURNING_TO_START,load_zone_22,dump_zone_23,0.00025,0.00067
878.0,2026-07-02T12:36:29.535,3,-100.236,453.622,0.0,-0.5,1000.0,RETURNING_TO_START,load_zone_22,dump_zone_22,0.00025,0.00067
879.0,2026-07-02T12:36:31.649,1,697.414,-150.57,9.25,-0.4167,1000.0,RETURNING_TO_START,load_zone_26,dump_zone_3,0.00025,0.00067
879.0,2026-07-02T12:36:31.649,2,-107.891,451.935,0.0,-0.1997,1000.0,RETURNING_TO_START,load_zone_22,dump_zone_23,0.00025,0.00067
879.0,2026-07-02T12:36:31.649,3,-100.236,453.622,0.0,-0.5,1000.0,RETURNING_TO_START,load_zone_22,dump_zone_22,0.00025,0.00067
880.0,2026-07-02T12:36:33.616,1,696.154,-148.393,9.7,0.5833,1000.0,RETURNING_TO_START,load_zone_26,dump_zone_3,0.000291,0.00078
880.0,2026-07-02T12:36:33.616,2,-107.891,451.935,0.0,-0.1997,1000.0,RETURNING_TO_START,load_zone_22,dump_zone_23,0.00025,0.00067
880.0,2026-07-02T12:36:33.616,3,-100.236,453.622,0.0,-0.5,1000.0,RETURNING_TO_START,load_zone_22,dump_zone_22,0.00025,0.00067
881.0,2026-07-02T12:36:35.607,1,693.74,-146.336,13.05,1.0,1000.0,RETURNING_TO_START,load_zone_26,dump_zone_3,0.000334,0.000895
881.0,2026-07-02T12:36:35.607,2,-107.891,451.935,0.0,-0.1997,1000.0,RETURNING_TO_START,load_zone_22,dump_zone_23,0.00025,0.00067
881.0,2026-07-02T12:36:35.607,3,-100.236,453.622,0.0,-0.5,1000.0,RETURNING_TO_START,load_zone_22,dump_zone_22,0.00025,0.00067
882.0,2026-07-02T12:36:37.532,1,690.503,-143.713,16.65,1.0,1000.0,RETURNING_TO_START,load_zone_26,dump_zone_3,0.000357,0.000957
882.0,2026-07-02T12:36:37.532,2,-107.891,451.935,0.0,-0.1997,1000.0,RETURNING_TO_START,load_zone_22,dump_zone_23,0.00025,0.00067
882.0,2026-07-02T12:36:37.532,3,-100.236,453.622,0.0,-0.5,1000.0,RETURNING_TO_START,load_zone_22,dump_zone_22,0.00025,0.00067
883.0,2026-07-02T12:36:39.372,1,686.695,-140.223,20.25,1.0,1000.0,RETURNING_TO_START,load_zone_26,dump_zone_3,0.000381,0.001021
883.0,2026-07-02T12:36:39.372,2,-107.891,451.935,0.0,-0.1997,1000.0,RETURNING_TO_START,load_zone_22,dump_zone_23,0.00025,0.00067
883.0,2026-07-02T12:36:39.372,3,-100.236,453.622,0.0,-0.5,1000.0,RETURNING_TO_START,load_zone_22,dump_zone_22,0.00025,0.00067
884.0,2026-07-02T12:36:41.620,1,682.343,-135.883,23.475,0.5833,1000.0,RETURNING_TO_START,load_zone_26,dump_zone_3,0.000349,0.000935
884.0,2026-07-02T12:36:41.620,2,-107.891,451.935,0.0,-0.1997,1000.0,RETURNING_TO_START,load_zone_22,dump_zone_23,0.00025,0.00067
884.0,2026-07-02T12:36:41.620,3,-100.236,453.622,0.0,-0.5,1000.0,RETURNING_TO_START,load_zone_22,dump_zone_22,0.00025,0.00067
885.0,2026-07-02T12:36:43.738,1,677.66,-131.195,23.625,-0.4167,1000.0,RETURNING_TO_START,load_zone_26,dump_zone_3,0.00025,0.00067
885.0,2026-07-02T12:36:43.738,2,-107.891,451.935,0.0,-0.1997,1000.0,RETURNING_TO_START,load_zone_22,dump_zone_23,0.00025,0.00067
885.0,2026-07-02T12:36:43.738,3,-100.236,453.622,0.0,-0.5,1000.0,RETURNING_TO_START,load_zone_22,dump_zone_22,0.00025,0.00067
886.0,2026-07-02T12:36:46.066,1,673.211,-126.746,21.825,-0.5,1000.0,RETURNING_TO_START,load_zone_26,dump_zone_3,0.00025,0.00067
886.0,2026-07-02T12:36:46.066,2,-107.891,451.935,0.0,-0.1997,1000.0,RETURNING_TO_START,load_zone_22,dump_zone_23,0.00025,0.00067
886.0,2026-07-02T12:36:46.066,3,-100.236,453.622,0.0,-0.5,1000.0,RETURNING_TO_START,load_zone_22,dump_zone_22,0.00025,0.00067
887.0,2026-07-02T12:36:48.299,1,669.116,-122.651,20.025,-0.5,1000.0,RETURNING_TO_START,load_zone_26,dump_zone_3,0.00025,0.00067
887.0,2026-07-02T12:36:48.299,2,-107.891,451.935,0.0,-0.1997,1000.0,RETURNING_TO_START,load_zone_22,dump_zone_23,0.00025,0.00067
887.0,2026-07-02T12:36:48.299,3,-100.236,453.622,0.0,-0.5,1000.0,RETURNING_TO_START,load_zone_22,dump_zone_22,0.00025,0.00067
888.0,2026-07-02T12:36:50.836,1,665.357,-118.893,18.325,-0.5,1000.0,RETURNING_TO_START,load_zone_26,dump_zone_3,0.00025,0.00067
888.0,2026-07-02T12:36:50.836,2,-107.891,451.935,0.0,-0.1997,1000.0,RETURNING_TO_START,load_zone_22,dump_zone_23,0.00025,0.00067
888.0,2026-07-02T12:36:50.836,3,-100.236,453.622,0.0,-0.5,1000.0,RETURNING_TO_START,load_zone_22,dump_zone_22,0.00025,0.00067
889.0,2026-07-02T12:36:53.516,1,661.95,-115.485,16.525,-0.5,1000.0,RETURNING_TO_START,load_zone_26,dump_zone_3,0.00025,0.00067
889.0,2026-07-02T12:36:53.516,2,-107.891,451.935,0.0,-0.1997,1000.0,RETURNING_TO_START,load_zone_22,dump_zone_23,0.00025,0.00067
889.0,2026-07-02T12:36:53.516,3,-100.236,453.622,0.0,-0.5,1000.0,RETURNING_TO_START,load_zone_22,dump_zone_22,0.00025,0.00067
890.0,2026-07-02T12:36:56.337,1,658.892,-112.428,14.768,-0.5,1000.0,RETURNING_TO_START,load_zone_26,dump_zone_3,0.00025,0.00067
890.0,2026-07-02T12:36:56.337,2,-107.891,451.935,0.0,-0.1997,1000.0,RETURNING_TO_START,load_zone_22,dump_zone_23,0.00025,0.00067
890.0,2026-07-02T12:36:56.337,3,-100.236,453.622,0.0,-0.5,1000.0,RETURNING_TO_START,load_zone_22,dump_zone_22,0.00025,0.00067
891.0,2026-07-02T12:36:58.676,1,656.183,-109.718,12.968,-0.5,1000.0,RETURNING_TO_START,load_zone_26,dump_zone_3,0.00025,0.00067
891.0,2026-07-02T12:36:58.676,2,-107.891,451.935,0.0,-0.1997,1000.0,RETURNING_TO_START,load_zone_22,dump_zone_23,0.00025,0.00067
891.0,2026-07-02T12:36:58.676,3,-100.236,453.622,0.0,-0.5,1000.0,RETURNING_TO_START,load_zone_22,dump_zone_22,0.00025,0.00067
892.0,2026-07-02T12:37:00.979,1,653.804,-107.34,11.32,-0.5,1000.0,RETURNING_TO_START,load_zone_26,dump_zone_3,0.00025,0.00067
892.0,2026-07-02T12:37:00.979,2,-107.891,451.935,0.0,-0.1997,1000.0,RETURNING_TO_START,load_zone_22,dump_zone_23,0.00025,0.00067
892.0,2026-07-02T12:37:00.979,3,-100.236,453.622,0.0,-0.5,1000.0,RETURNING_TO_START,load_zone_22,dump_zone_22,0.00025,0.00067
893.0,2026-07-02T12:37:03.214,1,651.77,-105.306,9.576,-0.4517,1000.0,RETURNING_TO_START,load_zone_26,dump_zone_3,0.00025,0.00067
893.0,2026-07-02T12:37:03.214,2,-107.891,451.935,0.0,-0.1997,1000.0,RETURNING_TO_START,load_zone_22,dump_zone_23,0.00025,0.00067
893.0,2026-07-02T12:37:03.214,3,-100.236,453.622,0.0,-0.5,1000.0,RETURNING_TO_START,load_zone_22,dump_zone_22,0.00025,0.00067
894.0,2026-07-02T12:37:05.452,1,650.08,-103.611,7.791,-0.5,1000.0,RETURNING_TO_START,load_zone_26,dump_zone_3,0.00025,0.00067
894.0,2026-07-02T12:37:05.452,2,-107.891,451.935,0.0,-0.1997,1000.0,RETURNING_TO_START,load_zone_22,dump_zone_23,0.00025,0.00067
894.0,2026-07-02T12:37:05.452,3,-100.236,453.622,0.0,-0.5,1000.0,RETURNING_TO_START,load_zone_22,dump_zone_22,0.00025,0.00067
895.0,2026-07-02T12:37:07.559,1,648.611,-102.429,6.016,-0.4167,1000.0,RETURNING_TO_START,load_zone_26,dump_zone_3,0.00025,0.00067
895.0,2026-07-02T12:37:07.559,2,-107.891,451.935,0.0,-0.1997,1000.0,RETURNING_TO_START,load_zone_22,dump_zone_23,0.00025,0.00067
895.0,2026-07-02T12:37:07.559,3,-100.236,453.622,0.0,-0.5,1000.0,RETURNING_TO_START,load_zone_22,dump_zone_22,0.00025,0.00067
896.0,2026-07-02T12:37:10.043,1,647.03,-101.975,6.466,0.5833,1000.0,RETURNING_TO_START,load_zone_26,dump_zone_3,0.000277,0.000742
896.0,2026-07-02T12:37:10.043,2,-107.891,451.935,0.0,-0.1997,1000.0,RETURNING_TO_START,load_zone_22,dump_zone_23,0.00025,0.00067
896.0,2026-07-02T12:37:10.043,3,-100.236,453.622,0.0,-0.5,1000.0,RETURNING_TO_START,load_zone_22,dump_zone_22,0.00025,0.00067
897.0,2026-07-02T12:37:12.229,1,644.757,-101.977,9.816,1.0,1000.0,RETURNING_TO_START,load_zone_26,dump_zone_3,0.000313,0.000839
897.0,2026-07-02T12:37:12.229,2,-107.891,451.935,0.0,-0.1997,1000.0,RETURNING_TO_START,load_zone_22,dump_zone_23,0.00025,0.00067
897.0,2026-07-02T12:37:12.229,3,-100.236,453.622,0.0,-0.5,1000.0,RETURNING_TO_START,load_zone_22,dump_zone_22,0.00025,0.00067
898.0,2026-07-02T12:37:14.761,1,641.496,-102.187,13.416,1.0,1000.0,RETURNING_TO_START,load_zone_26,dump_zone_3,0.000336,0.0009
898.0,2026-07-02T12:37:14.761,2,-107.891,451.935,0.0,-0.1997,1000.0,RETURNING_TO_START,load_zone_22,dump_zone_23,0.00025,0.00067
898.0,2026-07-02T12:37:14.761,3,-100.236,453.622,0.0,-0.5,1000.0,RETURNING_TO_START,load_zone_22,dump_zone_22,0.00025,0.00067
899.0,2026-07-02T12:37:17.483,1,637.235,-102.423,17.016,1.0,1000.0,RETURNING_TO_START,load_zone_26,dump_zone_3,0.00036,0.000965
899.0,2026-07-02T12:37:17.483,2,-107.891,451.935,0.0,-0.1997,1000.0,RETURNING_TO_START,load_zone_22,dump_zone_23,0.00025,0.00067
899.0,2026-07-02T12:37:17.483,3,-100.236,453.622,0.0,-0.5,1000.0,RETURNING_TO_START,load_zone_22,dump_zone_22,0.00025,0.00067
900.0,2026-07-02T12:37:20.311,1,632.016,-102.501,19.916,0.4167,1000.0,RETURNING_TO_START,load_zone_26,dump_zone_3,0.000316,0.000847
900.0,2026-07-02T12:37:20.311,2,-107.891,451.935,0.0,-0.1997,1000.0,RETURNING_TO_START,load_zone_22,dump_zone_23,0.00025,0.00067
900.0,2026-07-02T12:37:20.311,3,-100.236,453.622,0.0,-0.5,1000.0,RETURNING_TO_START,load_zone_22,dump_zone_22,0.00025,0.00067
901.0,2026-07-02T12:37:22.626,1,626.468,-102.502,19.491,-0.5,1000.0,RETURNING_TO_START,load_zone_26,dump_zone_3,0.00025,0.00067
901.0,2026-07-02T12:37:22.626,2,-107.891,451.935,0.0,-0.1997,1000.0,RETURNING_TO_START,load_zone_22,dump_zone_23,0.00025,0.00067
901.0,2026-07-02T12:37:22.626,3,-100.236,453.622,0.0,-0.5,1000.0,RETURNING_TO_START,load_zone_22,dump_zone_22,0.00025,0.00067
902.0,2026-07-02T12:37:25.534,1,621.325,-102.5,17.691,-0.5,1000.0,RETURNING_TO_START,load_zone_26,dump_zone_3,0.00025,0.00067
902.0,2026-07-02T12:37:25.534,2,-107.891,451.935,0.0,-0.1997,1000.0,RETURNING_TO_START,load_zone_22,dump_zone_23,0.00025,0.00067
902.0,2026-07-02T12:37:25.534,3,-100.236,453.622,0.0,-0.5,1000.0,RETURNING_TO_START,load_zone_22,dump_zone_22,0.00025,0.00067
903.0,2026-07-02T12:37:27.781,1,616.682,-102.5,15.891,-0.5,1000.0,RETURNING_TO_START,load_zone_26,dump_zone_3,0.00025,0.00067
903.0,2026-07-02T12:37:27.781,2,-107.891,451.935,0.0,-0.1997,1000.0,RETURNING_TO_START,load_zone_22,dump_zone_23,0.00025,0.00067
903.0,2026-07-02T12:37:27.781,3,-100.236,453.622,0.0,-0.5,1000.0,RETURNING_TO_START,load_zone_22,dump_zone_22,0.00025,0.00067
904.0,2026-07-02T12:37:29.885,1,612.538,-102.5,14.091,-0.5,1000.0,RETURNING_TO_START,load_zone_26,dump_zone_3,0.00025,0.00067
904.0,2026-07-02T12:37:29.885,2,-107.891,451.935,0.0,-0.1997,1000.0,RETURNING_TO_START,load_zone_22,dump_zone_23,0.00025,0.00067
904.0,2026-07-02T12:37:29.885,3,-100.236,453.622,0.0,-0.5,1000.0,RETURNING_TO_START,load_zone_22,dump_zone_22,0.00025,0.00067
905.0,2026-07-02T12:37:32.909,1,608.895,-102.5,12.291,-0.5,1000.0,RETURNING_TO_START,load_zone_26,dump_zone_3,0.00025,0.00067
905.0,2026-07-02T12:37:32.909,2,-107.891,451.935,0.0,-0.1997,1000.0,RETURNING_TO_START,load_zone_22,dump_zone_23,0.00025,0.00067
905.0,2026-07-02T12:37:32.909,3,-100.236,453.622,0.0,-0.5,1000.0,RETURNING_TO_START,load_zone_22,dump_zone_22,0.00025,0.00067
906.0,2026-07-02T12:37:35.822,1,605.752,-102.5,10.491,-0.5,1000.0,RETURNING_TO_START,load_zone_26,dump_zone_3,0.00025,0.00067
906.0,2026-07-02T12:37:35.822,2,-107.891,451.935,0.0,-0.1997,1000.0,RETURNING_TO_START,load_zone_22,dump_zone_23,0.00025,0.00067
906.0,2026-07-02T12:37:35.822,3,-100.236,453.622,0.0,-0.5,1000.0,RETURNING_TO_START,load_zone_22,dump_zone_22,0.00025,0.00067
907.0,2026-07-02T12:37:40.536,1,603.109,-102.5,8.691,-0.5,1000.0,RETURNING_TO_START,load_zone_26,dump_zone_3,0.00025,0.00067
907.0,2026-07-02T12:37:40.536,2,-107.891,451.935,0.0,-0.1997,1000.0,RETURNING_TO_START,load_zone_22,dump_zone_23,0.00025,0.00067
907.0,2026-07-02T12:37:40.536,3,-100.236,453.622,0.0,-0.5,1000.0,RETURNING_TO_START,load_zone_22,dump_zone_22,0.00025,0.00067
908.0,2026-07-02T12:37:44.583,1,600.966,-102.399,6.994,-0.4061,1000.0,RETURNING_TO_START,load_zone_26,dump_zone_3,0.00025,0.00067
908.0,2026-07-02T12:37:44.583,2,-107.891,451.935,0.0,-0.1997,1000.0,RETURNING_TO_START,load_zone_22,dump_zone_23,0.00025,0.00067
908.0,2026-07-02T12:37:44.583,3,-100.236,453.622,0.0,-0.5,1000.0,RETURNING_TO_START,load_zone_22,dump_zone_22,0.00025,0.00067
909.0,2026-07-02T12:37:48.505,1,599.243,-101.671,7.182,0.5106,1000.0,RETURNING_TO_START,load_zone_26,dump_zone_3,0.000277,0.000742
909.0,2026-07-02T12:37:48.505,2,-107.891,451.935,0.0,-0.1997,1000.0,RETURNING_TO_START,load_zone_22,dump_zone_23,0.00025,0.00067
909.0,2026-07-02T12:37:48.505,3,-100.236,453.622,0.0,-0.5,1000.0,RETURNING_TO_START,load_zone_22,dump_zone_22,0.00025,0.00067
910.0,2026-07-02T12:37:53.058,1,597.844,-99.807,9.345,0.2514,1000.0,RETURNING_TO_START,load_zone_26,dump_zone_3,0.000273,0.000732
910.0,2026-07-02T12:37:53.058,2,-107.891,451.935,0.0,-0.1997,1000.0,RETURNING_TO_START,load_zone_22,dump_zone_23,0.00025,0.00067
910.0,2026-07-02T12:37:53.058,3,-100.236,453.622,0.0,-0.5,1000.0,RETURNING_TO_START,load_zone_22,dump_zone_22,0.00025,0.00067
911.0,2026-07-02T12:37:57.751,1,597.439,-97.296,8.976,0.0229,1000.0,RETURNING_TO_START,load_zone_26,dump_zone_3,0.000261,0.000699
911.0,2026-07-02T12:37:57.751,2,-107.891,451.935,0.0,-0.1997,1000.0,RETURNING_TO_START,load_zone_22,dump_zone_23,0.00025,0.00067
911.0,2026-07-02T12:37:57.751,3,-100.236,453.622,0.0,-0.5,1000.0,RETURNING_TO_START,load_zone_22,dump_zone_22,0.00025,0.00067
912.0,2026-07-02T12:38:00.995,1,597.395,-94.581,11.001,1.0,1000.0,RETURNING_TO_START,load_zone_26,dump_zone_3,0.000321,0.00086
912.0,2026-07-02T12:38:00.995,2,-107.891,451.935,0.0,-0.1997,1000.0,RETURNING_TO_START,load_zone_22,dump_zone_23,0.00025,0.00067
912.0,2026-07-02T12:38:00.995,3,-100.236,453.622,0.0,-0.5,1000.0,RETURNING_TO_START,load_zone_22,dump_zone_22,0.00025,0.00067
913.0,2026-07-02T12:38:03.829,1,597.441,-90.984,14.601,1.0,1000.0,RETURNING_TO_START,load_zone_26,dump_zone_3,0.000344,0.000922
913.0,2026-07-02T12:38:03.829,2,-107.891,451.935,0.0,-0.1997,1000.0,RETURNING_TO_START,load_zone_22,dump_zone_23,0.00025,0.00067
913.0,2026-07-02T12:38:03.829,3,-100.236,453.622,0.0,-0.5,1000.0,RETURNING_TO_START,load_zone_22,dump_zone_22,0.00025,0.00067
914.0,2026-07-02T12:38:07.160,1,597.492,-86.386,18.201,1.0,1000.0,RETURNING_TO_START,load_zone_26,dump_zone_3,0.000367,0.000984
914.0,2026-07-02T12:38:07.160,2,-107.891,451.935,0.0,-0.1997,1000.0,RETURNING_TO_START,load_zone_22,dump_zone_23,0.00025,0.00067
914.0,2026-07-02T12:38:07.160,3,-100.236,453.622,0.0,-0.5,1000.0,RETURNING_TO_START,load_zone_22,dump_zone_22,0.00025,0.00067
915.0,2026-07-02T12:38:10.016,1,597.501,-80.789,21.801,1.0,1000.0,RETURNING_TO_START,load_zone_26,dump_zone_3,0.000391,0.001048
915.0,2026-07-02T12:38:10.016,2,-107.891,451.935,0.0,-0.1997,1000.0,RETURNING_TO_START,load_zone_22,dump_zone_23,0.00025,0.00067
915.0,2026-07-02T12:38:10.016,3,-100.236,453.622,0.0,-0.5,1000.0,RETURNING_TO_START,load_zone_22,dump_zone_22,0.00025,0.00067
916.0,2026-07-02T12:38:13.311,1,597.5,-74.357,23.751,0.0833,1000.0,RETURNING_TO_START,load_zone_26,dump_zone_3,0.000286,0.000766
916.0,2026-07-02T12:38:13.311,2,-107.891,451.935,0.0,-0.1997,1000.0,RETURNING_TO_START,load_zone_22,dump_zone_23,0.00025,0.00067
916.0,2026-07-02T12:38:13.311,3,-100.236,453.622,0.0,-0.5,1000.0,RETURNING_TO_START,load_zone_22,dump_zone_22,0.00025,0.00067
917.0,2026-07-02T12:38:17.001,1,597.5,-67.898,22.626,-0.25,1000.0,RETURNING_TO_START,load_zone_26,dump_zone_3,0.00025,0.00067
917.0,2026-07-02T12:38:17.001,2,-107.891,451.935,0.0,-0.1997,1000.0,RETURNING_TO_START,load_zone_22,dump_zone_23,0.00025,0.00067
917.0,2026-07-02T12:38:17.001,3,-100.236,453.622,0.0,-0.5,1000.0,RETURNING_TO_START,load_zone_22,dump_zone_22,0.00025,0.00067
918.0,2026-07-02T12:38:20.470,1,597.5,-61.549,23.394,0.2897,1000.0,RETURNING_TO_START,load_zone_26,dump_zone_3,0.000311,0.000833
918.0,2026-07-02T12:38:20.470,2,-107.891,451.935,0.0,-0.1997,1000.0,RETURNING_TO_START,load_zone_22,dump_zone_23,0.00025,0.00067
918.0,2026-07-02T12:38:20.470,3,-100.236,453.622,0.0,-0.5,1000.0,RETURNING_TO_START,load_zone_22,dump_zone_22,0.00025,0.00067
919.0,2026-07-02T12:38:23.768,1,597.5,-55.039,23.095,-0.405,1000.0,RETURNING_TO_START,load_zone_26,dump_zone_3,0.00025,0.00067
919.0,2026-07-02T12:38:23.768,2,-107.891,451.935,0.0,-0.1997,1000.0,RETURNING_TO_START,load_zone_22,dump_zone_23,0.00025,0.00067
919.0,2026-07-02T12:38:23.768,3,-100.236,453.622,0.0,-0.5,1000.0,RETURNING_TO_START,load_zone_22,dump_zone_22,0.00025,0.00067
920.0,2026-07-02T12:38:27.042,1,597.5,-48.799,22.411,0.2092,1000.0,RETURNING_TO_START,load_zone_26,dump_zone_3,0.000299,0.000801
920.0,2026-07-02T12:38:27.042,2,-107.891,451.935,0.0,-0.1997,1000.0,RETURNING_TO_START,load_zone_22,dump_zone_23,0.00025,0.00067
920.0,2026-07-02T12:38:27.042,3,-100.236,453.622,0.0,-0.5,1000.0,RETURNING_TO_START,load_zone_22,dump_zone_22,0.00025,0.00067
921.0,2026-07-02T12:38:29.747,1,597.5,-42.392,23.414,-0.0408,1000.0,RETURNING_TO_START,load_zone_26,dump_zone_3,0.00027,0.000724
921.0,2026-07-02T12:38:29.747,2,-107.891,451.935,0.0,-0.1997,1000.0,RETURNING_TO_START,load_zone_22,dump_zone_23,0.00025,0.00067
921.0,2026-07-02T12:38:29.747,3,-100.236,453.622,0.0,-0.5,1000.0,RETURNING_TO_START,load_zone_22,dump_zone_22,0.00025,0.00067
922.0,2026-07-02T12:38:32.619,1,597.5,-36.016,22.779,0.1463,1000.0,RETURNING_TO_START,load_zone_26,dump_zone_3,0.000292,0.000783
922.0,2026-07-02T12:38:32.619,2,-107.891,451.935,0.0,-0.1997,1000.0,RETURNING_TO_START,load_zone_22,dump_zone_23,0.00025,0.00067
922.0,2026-07-02T12:38:32.619,3,-100.236,453.622,0.0,-0.5,1000.0,RETURNING_TO_START,load_zone_22,dump_zone_22,0.00025,0.00067
923.0,2026-07-02T12:38:35.816,1,597.5,-29.577,23.129,-0.3022,1000.0,RETURNING_TO_START,load_zone_26,dump_zone_3,0.00025,0.00067
923.0,2026-07-02T12:38:35.816,2,-107.891,451.935,0.0,-0.1997,1000.0,RETURNING_TO_START,load_zone_22,dump_zone_23,0.00025,0.00067
923.0,2026-07-02T12:38:35.816,3,-100.236,453.622,0.0,-0.5,1000.0,RETURNING_TO_START,load_zone_22,dump_zone_22,0.00025,0.00067
924.0,2026-07-02T12:38:39.388,1,597.5,-23.223,22.955,0.2091,1000.0,RETURNING_TO_START,load_zone_26,dump_zone_3,0.0003,0.000804
924.0,2026-07-02T12:38:39.388,2,-107.891,451.935,0.0,-0.1997,1000.0,RETURNING_TO_START,load_zone_22,dump_zone_23,0.00025,0.00067
924.0,2026-07-02T12:38:39.388,3,-100.236,453.622,0.0,-0.5,1000.0,RETURNING_TO_START,load_zone_22,dump_zone_22,0.00025,0.00067
925.0,2026-07-02T12:38:42.371,1,597.5,-16.768,23.463,0.0596,1000.0,RETURNING_TO_START,load_zone_26,dump_zone_3,0.000282,0.000756
925.0,2026-07-02T12:38:42.371,2,-107.891,451.935,0.0,-0.1997,1000.0,RETURNING_TO_START,load_zone_22,dump_zone_23,0.00025,0.00067
925.0,2026-07-02T12:38:42.371,3,-100.236,453.622,0.0,-0.5,1000.0,RETURNING_TO_START,load_zone_22,dump_zone_22,0.00025,0.00067
926.0,2026-07-02T12:38:45.046,1,597.5,-10.37,22.338,-0.4167,1000.0,RETURNING_TO_START,load_zone_26,dump_zone_3,0.00025,0.00067
926.0,2026-07-02T12:38:45.046,2,-107.891,451.935,0.0,-0.1997,1000.0,RETURNING_TO_START,load_zone_22,dump_zone_23,0.00025,0.00067
926.0,2026-07-02T12:38:45.046,3,-100.236,453.622,0.0,-0.5,1000.0,RETURNING_TO_START,load_zone_22,dump_zone_22,0.00025,0.00067
927.0,2026-07-02T12:38:47.773,1,597.5,-4.18,22.788,0.5833,1000.0,RETURNING_TO_START,load_zone_26,dump_zone_3,0.000346,0.000927
927.0,2026-07-02T12:38:47.773,2,-107.891,451.935,0.0,-0.1997,1000.0,RETURNING_TO_START,load_zone_22,dump_zone_23,0.00025,0.00067
927.0,2026-07-02T12:38:47.773,3,-100.236,453.622,0.0,-0.5,1000.0,RETURNING_TO_START,load_zone_22,dump_zone_22,0.00025,0.00067
928.0,2026-07-02T12:38:50.236,1,597.5,2.346,23.538,-0.25,1000.0,RETURNING_TO_START,load_zone_26,dump_zone_3,0.00025,0.00067
928.0,2026-07-02T12:38:50.236,2,-107.891,451.935,0.0,-0.1997,1000.0,RETURNING_TO_START,load_zone_22,dump_zone_23,0.00025,0.00067
928.0,2026-07-02T12:38:50.236,3,-100.236,453.622,0.0,-0.5,1000.0,RETURNING_TO_START,load_zone_22,dump_zone_22,0.00025,0.00067
929.0,2026-07-02T12:38:53.058,1,597.5,8.729,22.938,0.25,1000.0,RETURNING_TO_START,load_zone_26,dump_zone_3,0.000305,0.000817
929.0,2026-07-02T12:38:53.058,2,-107.891,451.935,0.0,-0.1997,1000.0,RETURNING_TO_START,load_zone_22,dump_zone_23,0.00025,0.00067
929.0,2026-07-02T12:38:53.058,3,-100.236,453.622,0.0,-0.5,1000.0,RETURNING_TO_START,load_zone_22,dump_zone_22,0.00025,0.00067
930.0,2026-07-02T12:38:56.037,1,597.5,15.206,23.588,0.0398,1000.0,RETURNING_TO_START,load_zone_26,dump_zone_3,0.00028,0.00075
930.0,2026-07-02T12:38:56.037,2,-107.891,451.935,0.0,-0.1997,1000.0,RETURNING_TO_START,load_zone_22,dump_zone_23,0.00025,0.00067
930.0,2026-07-02T12:38:56.037,3,-100.236,453.622,0.0,-0.5,1000.0,RETURNING_TO_START,load_zone_22,dump_zone_22,0.00025,0.00067
931.0,2026-07-02T12:38:58.346,1,597.5,21.636,22.593,-0.5,1000.0,RETURNING_TO_START,load_zone_26,dump_zone_3,0.00025,0.00067
931.0,2026-07-02T12:38:58.346,2,-107.891,451.935,0.0,-0.1997,1000.0,RETURNING_TO_START,load_zone_22,dump_zone_23,0.00025,0.00067
931.0,2026-07-02T12:38:58.346,3,-100.236,453.622,0.0,-0.5,1000.0,RETURNING_TO_START,load_zone_22,dump_zone_22,0.00025,0.00067
932.0,2026-07-02T12:39:01.215,1,597.5,27.806,22.443,0.4167,1000.0,RETURNING_TO_START,load_zone_26,dump_zone_3,0.000324,0.000868
932.0,2026-07-02T12:39:01.215,2,-107.891,451.935,0.0,-0.1997,1000.0,RETURNING_TO_START,load_zone_22,dump_zone_23,0.00025,0.00067
932.0,2026-07-02T12:39:01.215,3,-100.236,453.622,0.0,-0.5,1000.0,RETURNING_TO_START,load_zone_22,dump_zone_22,0.00025,0.00067
933.0,2026-07-02T12:39:04.287,1,597.5,34.202,23.243,-0.0833,1000.0,RETURNING_TO_START,load_zone_26,dump_zone_3,0.000264,0.000708
933.0,2026-07-02T12:39:04.287,2,-107.891,451.935,0.0,-0.1997,1000.0,RETURNING_TO_START,load_zone_22,dump_zone_23,0.00025,0.00067
933.0,2026-07-02T12:39:04.287,3,-100.236,453.622,0.0,-0.5,1000.0,RETURNING_TO_START,load_zone_22,dump_zone_22,0.00025,0.00067
934.0,2026-07-02T12:39:07.112,1,597.5,40.647,23.127,-0.1101,1000.0,RETURNING_TO_START,load_zone_26,dump_zone_3,0.000261,0.000699
934.0,2026-07-02T12:39:07.112,2,-107.891,451.935,0.0,-0.1997,1000.0,RETURNING_TO_START,load_zone_22,dump_zone_23,0.00025,0.00067
934.0,2026-07-02T12:39:07.112,3,-100.236,453.622,0.0,-0.5,1000.0,RETURNING_TO_START,load_zone_22,dump_zone_22,0.00025,0.00067
935.0,2026-07-02T12:39:09.908,1,597.5,46.992,23.031,0.3899,1000.0,RETURNING_TO_START,load_zone_26,dump_zone_3,0.000323,0.000866
935.0,2026-07-02T12:39:09.908,2,-107.891,451.935,0.0,-0.1997,1000.0,RETURNING_TO_START,load_zone_22,dump_zone_23,0.00025,0.00067
935.0,2026-07-02T12:39:09.908,3,-100.236,453.622,0.0,-0.5,1000.0,RETURNING_TO_START,load_zone_22,dump_zone_22,0.00025,0.00067
936.0,2026-07-02T12:39:12.810,1,597.5,53.621,24.184,0.0566,1000.0,RETURNING_TO_START,load_zone_26,dump_zone_3,0.000283,0.000758
936.0,2026-07-02T12:39:12.810,2,-107.891,451.935,0.0,-0.1997,1000.0,RETURNING_TO_START,load_zone_22,dump_zone_23,0.00025,0.00067
936.0,2026-07-02T12:39:12.810,3,-100.236,453.622,0.0,-0.5,1000.0,RETURNING_TO_START,load_zone_22,dump_zone_22,0.00025,0.00067
937.0,2026-07-02T12:39:15.928,1,597.5,60.257,23.22,-0.5,1000.0,RETURNING_TO_START,load_zone_26,dump_zone_3,0.00025,0.00067
937.0,2026-07-02T12:39:15.928,2,-107.891,451.935,0.0,-0.1997,1000.0,RETURNING_TO_START,load_zone_22,dump_zone_23,0.00025,0.00067
937.0,2026-07-02T12:39:15.928,3,-100.236,453.622,0.0,-0.5,1000.0,RETURNING_TO_START,load_zone_22,dump_zone_22,0.00025,0.00067
938.0,2026-07-02T12:39:19.626,1,597.5,66.532,22.545,0.25,1000.0,RETURNING_TO_START,load_zone_26,dump_zone_3,0.000304,0.000815
938.0,2026-07-02T12:39:19.626,2,-107.891,451.935,0.0,-0.1997,1000.0,RETURNING_TO_START,load_zone_22,dump_zone_23,0.00025,0.00067
938.0,2026-07-02T12:39:19.626,3,-100.236,453.622,0.0,-0.5,1000.0,RETURNING_TO_START,load_zone_22,dump_zone_22,0.00025,0.00067
939.0,2026-07-02T12:39:22.524,1,597.5,72.996,23.621,0.0815,1000.0,RETURNING_TO_START,load_zone_26,dump_zone_3,0.000285,0.000764
939.0,2026-07-02T12:39:22.524,2,-107.891,451.935,0.0,-0.1997,1000.0,RETURNING_TO_START,load_zone_22,dump_zone_23,0.00025,0.00067
939.0,2026-07-02T12:39:22.524,3,-100.236,453.622,0.0,-0.5,1000.0,RETURNING_TO_START,load_zone_22,dump_zone_22,0.00025,0.00067
940.0,2026-07-02T12:39:25.552,1,597.5,79.451,22.541,-0.5,1000.0,RETURNING_TO_START,load_zone_26,dump_zone_3,0.00025,0.00067
940.0,2026-07-02T12:39:25.552,2,-107.891,451.935,0.0,-0.1997,1000.0,RETURNING_TO_START,load_zone_22,dump_zone_23,0.00025,0.00067
940.0,2026-07-02T12:39:25.552,3,-100.236,453.622,0.0,-0.5,1000.0,RETURNING_TO_START,load_zone_22,dump_zone_22,0.00025,0.00067
941.0,2026-07-02T12:39:28.279,1,597.5,85.607,22.391,0.4167,1000.0,RETURNING_TO_START,load_zone_26,dump_zone_3,0.000324,0.000868
941.0,2026-07-02T12:39:28.279,2,-107.891,451.935,0.0,-0.1997,1000.0,RETURNING_TO_START,load_zone_22,dump_zone_23,0.00025,0.00067
941.0,2026-07-02T12:39:28.279,3,-100.236,453.622,0.0,-0.5,1000.0,RETURNING_TO_START,load_zone_22,dump_zone_22,0.00025,0.00067
942.0,2026-07-02T12:39:31.060,1,597.5,92.045,23.7,0.2431,1000.0,RETURNING_TO_START,load_zone_26,dump_zone_3,0.000306,0.00082
942.0,2026-07-02T12:39:31.060,2,-107.891,451.935,0.0,-0.1997,1000.0,RETURNING_TO_START,load_zone_22,dump_zone_23,0.00025,0.00067
942.0,2026-07-02T12:39:31.060,3,-100.236,453.622,0.0,-0.5,1000.0,RETURNING_TO_START,load_zone_22,dump_zone_22,0.00025,0.00067
943.0,2026-07-02T12:39:33.715,1,597.5,98.696,23.875,-0.2569,1000.0,RETURNING_TO_START,load_zone_26,dump_zone_3,0.00025,0.00067
943.0,2026-07-02T12:39:33.715,2,-107.891,451.935,0.0,-0.1997,1000.0,RETURNING_TO_START,load_zone_22,dump_zone_23,0.00025,0.00067
943.0,2026-07-02T12:39:33.715,3,-100.236,453.622,0.0,-0.5,1000.0,RETURNING_TO_START,load_zone_22,dump_zone_22,0.00025,0.00067
944.0,2026-07-02T12:39:36.231,1,597.5,105.107,22.405,-0.25,1000.0,RETURNING_TO_START,load_zone_26,dump_zone_3,0.00025,0.00067
944.0,2026-07-02T12:39:36.231,2,-107.891,451.935,0.0,-0.1997,1000.0,RETURNING_TO_START,load_zone_22,dump_zone_23,0.00025,0.00067
944.0,2026-07-02T12:39:36.231,3,-100.236,453.622,0.0,-0.5,1000.0,RETURNING_TO_START,load_zone_22,dump_zone_22,0.00025,0.00067
945.0,2026-07-02T12:39:39.197,1,597.5,111.399,23.33,0.65,1000.0,RETURNING_TO_START,load_zone_26,dump_zone_3,0.000356,0.000954
945.0,2026-07-02T12:39:39.197,2,-107.891,451.935,0.0,-0.1997,1000.0,RETURNING_TO_START,load_zone_22,dump_zone_23,0.00025,0.00067
945.0,2026-07-02T12:39:39.197,3,-100.236,453.622,0.0,-0.5,1000.0,RETURNING_TO_START,load_zone_22,dump_zone_22,0.00025,0.00067
946.0,2026-07-02T12:39:42.007,1,597.5,118.137,24.525,-0.1149,1000.0,RETURNING_TO_START,load_zone_26,dump_zone_3,0.000261,0.000699
946.0,2026-07-02T12:39:42.007,2,-107.891,451.935,0.0,-0.1997,1000.0,RETURNING_TO_START,load_zone_22,dump_zone_23,0.00025,0.00067
946.0,2026-07-02T12:39:42.007,3,-100.236,453.622,0.0,-0.5,1000.0,RETURNING_TO_START,load_zone_22,dump_zone_22,0.00025,0.00067
947.0,2026-07-02T12:39:44.589,1,597.5,124.83,23.55,-0.25,1000.0,RETURNING_TO_START,load_zone_26,dump_zone_3,0.00025,0.00067
947.0,2026-07-02T12:39:44.589,2,-107.891,451.935,0.0,-0.1997,1000.0,RETURNING_TO_START,load_zone_22,dump_zone_23,0.00025,0.00067
947.0,2026-07-02T12:39:44.589,3,-100.236,453.622,0.0,-0.5,1000.0,RETURNING_TO_START,load_zone_22,dump_zone_22,0.00025,0.00067
948.0,2026-07-02T12:39:47.169,1,597.5,131.237,22.514,-0.3424,1000.0,RETURNING_TO_START,load_zone_26,dump_zone_3,0.00025,0.00067
948.0,2026-07-02T12:39:47.169,2,-107.891,451.935,0.0,-0.1997,1000.0,RETURNING_TO_START,load_zone_22,dump_zone_23,0.00025,0.00067
948.0,2026-07-02T12:39:47.169,3,-100.236,453.622,0.0,-0.5,1000.0,RETURNING_TO_START,load_zone_22,dump_zone_22,0.00025,0.00067
949.0,2026-07-02T12:39:49.809,1,597.5,137.506,22.981,0.3243,1000.0,RETURNING_TO_START,load_zone_26,dump_zone_3,0.000314,0.000842
949.0,2026-07-02T12:39:49.809,2,-107.891,451.935,0.0,-0.1997,1000.0,RETURNING_TO_START,load_zone_22,dump_zone_23,0.00025,0.00067
949.0,2026-07-02T12:39:49.809,3,-100.236,453.622,0.0,-0.5,1000.0,RETURNING_TO_START,load_zone_22,dump_zone_22,0.00025,0.00067
950.0,2026-07-02T12:39:52.878,1,597.5,144.142,24.499,0.1576,1000.0,RETURNING_TO_START,load_zone_26,dump_zone_3,0.000297,0.000796
950.0,2026-07-02T12:39:52.878,2,-107.891,451.935,0.0,-0.1997,1000.0,RETURNING_TO_START,load_zone_22,dump_zone_23,0.00025,0.00067
950.0,2026-07-02T12:39:52.878,3,-100.236,453.622,0.0,-0.5,1000.0,RETURNING_TO_START,load_zone_22,dump_zone_22,0.00025,0.00067
951.0,2026-07-02T12:39:55.882,1,597.5,150.924,24.338,0.028,1000.0,RETURNING_TO_START,load_zone_26,dump_zone_3,0.000279,0.000748
951.0,2026-07-02T12:39:55.882,2,-107.891,451.935,0.0,-0.1997,1000.0,RETURNING_TO_START,load_zone_22,dump_zone_23,0.00025,0.00067
951.0,2026-07-02T12:39:55.882,3,-100.236,453.622,0.0,-0.5,1000.0,RETURNING_TO_START,load_zone_22,dump_zone_22,0.00025,0.00067
952.0,2026-07-02T12:39:58.314,1,597.5,157.517,22.963,-0.5,1000.0,RETURNING_TO_START,load_zone_26,dump_zone_3,0.00025,0.00067
952.0,2026-07-02T12:39:58.314,2,-107.891,451.935,0.0,-0.1997,1000.0,RETURNING_TO_START,load_zone_22,dump_zone_23,0.00025,0.00067
952.0,2026-07-02T12:39:58.314,3,-100.236,453.622,0.0,-0.5,1000.0,RETURNING_TO_START,load_zone_22,dump_zone_22,0.00025,0.00067
953.0,2026-07-02T12:40:00.761,1,597.5,163.625,21.163,-0.5,1000.0,RETURNING_TO_START,load_zone_26,dump_zone_3,0.00025,0.00067
953.0,2026-07-02T12:40:00.761,2,-107.891,451.935,0.0,-0.1997,1000.0,RETURNING_TO_START,load_zone_22,dump_zone_23,0.00025,0.00067
953.0,2026-07-02T12:40:00.761,3,-100.236,453.622,0.0,-0.5,1000.0,RETURNING_TO_START,load_zone_22,dump_zone_22,0.00025,0.00067
954.0,2026-07-02T12:40:03.137,1,597.5,169.233,19.363,-0.5,1000.0,RETURNING_TO_START,load_zone_26,dump_zone_3,0.00025,0.00067
954.0,2026-07-02T12:40:03.137,2,-107.891,451.935,0.0,-0.1997,1000.0,RETURNING_TO_START,load_zone_22,dump_zone_23,0.00025,0.00067
954.0,2026-07-02T12:40:03.137,3,-100.236,453.622,0.0,-0.5,1000.0,RETURNING_TO_START,load_zone_22,dump_zone_22,0.00025,0.00067
955.0,2026-07-02T12:40:05.372,1,597.5,174.341,17.563,-0.5,1000.0,RETURNING_TO_START,load_zone_26,dump_zone_3,0.00025,0.00067
955.0,2026-07-02T12:40:05.372,2,-107.891,451.935,0.0,-0.1997,1000.0,RETURNING_TO_START,load_zone_22,dump_zone_23,0.00025,0.00067
955.0,2026-07-02T12:40:05.372,3,-100.236,453.622,0.0,-0.5,1000.0,RETURNING_TO_START,load_zone_22,dump_zone_22,0.00025,0.00067
956.0,2026-07-02T12:40:07.787,1,597.5,178.949,15.763,-0.5,1000.0,RETURNING_TO_START,load_zone_26,dump_zone_3,0.00025,0.00067
956.0,2026-07-02T12:40:07.787,2,-107.891,451.935,0.0,-0.1997,1000.0,RETURNING_TO_START,load_zone_22,dump_zone_23,0.00025,0.00067
956.0,2026-07-02T12:40:07.787,3,-100.236,453.622,0.0,-0.5,1000.0,RETURNING_TO_START,load_zone_22,dump_zone_22,0.00025,0.00067
957.0,2026-07-02T12:40:10.316,1,597.5,183.057,13.963,-0.5,1000.0,RETURNING_TO_START,load_zone_26,dump_zone_3,0.00025,0.00067
957.0,2026-07-02T12:40:10.316,2,-107.891,451.935,0.0,-0.1997,1000.0,RETURNING_TO_START,load_zone_22,dump_zone_23,0.00025,0.00067
957.0,2026-07-02T12:40:10.316,3,-100.236,453.622,0.0,-0.5,1000.0,RETURNING_TO_START,load_zone_22,dump_zone_22,0.00025,0.00067
958.0,2026-07-02T12:40:12.791,1,597.442,186.663,12.163,-0.5,1000.0,RETURNING_TO_START,load_zone_26,dump_zone_3,0.00025,0.00067
958.0,2026-07-02T12:40:12.791,2,-107.891,451.935,0.0,-0.1997,1000.0,RETURNING_TO_START,load_zone_22,dump_zone_23,0.00025,0.00067
958.0,2026-07-02T12:40:12.791,3,-100.236,453.622,0.0,-0.5,1000.0,RETURNING_TO_START,load_zone_22,dump_zone_22,0.00025,0.00067
959.0,2026-07-02T12:40:15.507,1,596.447,189.591,10.363,-0.5,1000.0,RETURNING_TO_START,load_zone_26,dump_zone_3,0.00025,0.00067
959.0,2026-07-02T12:40:15.507,2,-107.891,451.935,0.0,-0.1997,1000.0,RETURNING_TO_START,load_zone_22,dump_zone_23,0.00025,0.00067
959.0,2026-07-02T12:40:15.507,3,-100.236,453.622,0.0,-0.5,1000.0,RETURNING_TO_START,load_zone_22,dump_zone_22,0.00025,0.00067
960.0,2026-07-02T12:40:18.195,1,595.687,192.078,8.563,-0.5,1000.0,RETURNING_TO_START,load_zone_26,dump_zone_3,0.00025,0.00067
960.0,2026-07-02T12:40:18.195,2,-107.891,451.935,0.0,-0.1997,1000.0,RETURNING_TO_START,load_zone_22,dump_zone_23,0.00025,0.00067
960.0,2026-07-02T12:40:18.195,3,-100.236,453.622,0.0,-0.5,1000.0,RETURNING_TO_START,load_zone_22,dump_zone_22,0.00025,0.00067
961.0,2026-07-02T12:40:21.060,1,595.509,194.177,6.763,-0.5,1000.0,RETURNING_TO_START,load_zone_26,dump_zone_3,0.00025,0.00067
961.0,2026-07-02T12:40:21.060,2,-107.891,451.935,0.0,-0.1997,1000.0,RETURNING_TO_START,load_zone_22,dump_zone_23,0.00025,0.00067
961.0,2026-07-02T12:40:21.060,3,-100.236,453.622,0.0,-0.5,1000.0,RETURNING_TO_START,load_zone_22,dump_zone_22,0.00025,0.00067
962.0,2026-07-02T12:40:24.109,1,595.658,195.794,5.338,-0.0833,1000.0,RETURNING_TO_START,load_zone_26,dump_zone_3,0.000253,0.000678
962.0,2026-07-02T12:40:24.109,2,-107.891,451.935,0.0,-0.1997,1000.0,RETURNING_TO_START,load_zone_22,dump_zone_23,0.00025,0.00067
962.0,2026-07-02T12:40:24.109,3,-100.236,453.622,0.0,-0.5,1000.0,RETURNING_TO_START,load_zone_22,dump_zone_22,0.00025,0.00067
963.0,2026-07-02T12:40:27.055,1,596.147,197.168,5.191,-0.0325,1000.0,RETURNING_TO_START,load_zone_26,dump_zone_3,0.000255,0.000683
963.0,2026-07-02T12:40:27.055,2,-107.891,451.935,0.0,-0.1997,1000.0,RETURNING_TO_START,load_zone_22,dump_zone_23,0.00025,0.00067
963.0,2026-07-02T12:40:27.055,3,-100.236,453.622,0.0,-0.5,1000.0,RETURNING_TO_START,load_zone_22,dump_zone_22,0.00025,0.00067
964.0,2026-07-02T12:40:29.769,1,596.817,198.614,6.573,0.5783,1000.0,RETURNING_TO_START,load_zone_26,dump_zone_3,0.000277,0.000742
964.0,2026-07-02T12:40:29.769,2,-107.891,451.935,0.0,-0.1997,1000.0,RETURNING_TO_START,load_zone_22,dump_zone_23,0.00025,0.00067
964.0,2026-07-02T12:40:29.769,3,-100.236,453.622,0.0,-0.5,1000.0,RETURNING_TO_START,load_zone_22,dump_zone_22,0.00025,0.00067
965.0,2026-07-02T12:40:32.276,1,598.106,200.489,9.809,1.0,1000.0,RETURNING_TO_START,load_zone_26,dump_zone_3,0.000313,0.000839
965.0,2026-07-02T12:40:32.276,2,-107.891,451.935,0.0,-0.1997,1000.0,RETURNING_TO_START,load_zone_22,dump_zone_23,0.00025,0.00067
965.0,2026-07-02T12:40:32.276,3,-100.236,453.622,0.0,-0.5,1000.0,RETURNING_TO_START,load_zone_22,dump_zone_22,0.00025,0.00067
966.0,2026-07-02T12:40:34.787,1,601.016,201.521,12.284,0.25,1000.0,RETURNING_TO_START,load_zone_26,dump_zone_3,0.00028,0.00075
966.0,2026-07-02T12:40:34.787,2,-107.891,451.935,0.0,-0.1997,1000.0,RETURNING_TO_START,load_zone_22,dump_zone_23,0.00025,0.00067
966.0,2026-07-02T12:40:34.787,3,-100.236,453.622,0.0,-0.5,1000.0,RETURNING_TO_START,load_zone_22,dump_zone_22,0.00025,0.00067
967.0,2026-07-02T12:40:37.209,1,604.109,200.331,11.384,-0.5,1000.0,RETURNING_TO_START,load_zone_26,dump_zone_3,0.00025,0.00067
967.0,2026-07-02T12:40:37.209,2,-107.891,451.935,0.0,-0.1997,1000.0,RETURNING_TO_START,load_zone_22,dump_zone_23,0.00025,0.00067
967.0,2026-07-02T12:40:37.209,3,-100.236,453.622,0.0,-0.5,1000.0,RETURNING_TO_START,load_zone_22,dump_zone_22,0.00025,0.00067
968.0,2026-07-02T12:40:39.827,1,606.867,199.357,10.058,-0.2472,1000.0,RETURNING_TO_START,load_zone_26,dump_zone_3,0.00025,0.00067
968.0,2026-07-02T12:40:39.827,2,-107.891,451.935,0.0,-0.1997,1000.0,RETURNING_TO_START,load_zone_22,dump_zone_23,0.00025,0.00067
968.0,2026-07-02T12:40:39.827,3,-100.236,453.622,0.0,-0.5,1000.0,RETURNING_TO_START,load_zone_22,dump_zone_22,0.00025,0.00067
969.0,2026-07-02T12:40:42.425,1,609.657,198.928,10.818,0.6695,1000.0,RETURNING_TO_START,load_zone_26,dump_zone_3,0.0003,0.000804
969.0,2026-07-02T12:40:42.425,2,-107.891,451.935,0.0,-0.1997,1000.0,RETURNING_TO_START,load_zone_22,dump_zone_23,0.00025,0.00067
969.0,2026-07-02T12:40:42.425,3,-100.236,453.622,0.0,-0.5,1000.0,RETURNING_TO_START,load_zone_22,dump_zone_22,0.00025,0.00067
970.0,2026-07-02T12:40:45.180,1,613.143,198.801,14.071,0.9167,1000.0,RETURNING_TO_START,load_zone_26,dump_zone_3,0.000334,0.000895
970.0,2026-07-02T12:40:45.180,2,-107.891,451.935,0.0,-0.1997,1000.0,RETURNING_TO_START,load_zone_22,dump_zone_23,0.00025,0.00067
970.0,2026-07-02T12:40:45.180,3,-100.236,453.622,0.0,-0.5,1000.0,RETURNING_TO_START,load_zone_22,dump_zone_22,0.00025,0.00067
971.0,2026-07-02T12:40:48.114,1,617.55,198.989,17.246,0.75,1000.0,RETURNING_TO_START,load_zone_26,dump_zone_3,0.000338,0.000906
971.0,2026-07-02T12:40:48.114,2,-107.891,451.935,0.0,-0.1997,1000.0,RETURNING_TO_START,load_zone_22,dump_zone_23,0.00025,0.00067
971.0,2026-07-02T12:40:48.114,3,-100.236,453.622,0.0,-0.5,1000.0,RETURNING_TO_START,load_zone_22,dump_zone_22,0.00025,0.00067
972.0,2026-07-02T12:40:50.887,1,622.603,199.478,18.596,-0.0833,1000.0,RETURNING_TO_START,load_zone_26,dump_zone_3,0.000261,0.000699
972.0,2026-07-02T12:40:50.887,2,-107.891,451.935,0.0,-0.1997,1000.0,RETURNING_TO_START,load_zone_22,dump_zone_23,0.00025,0.00067
972.0,2026-07-02T12:40:50.887,3,-100.236,453.622,0.0,-0.5,1000.0,RETURNING_TO_START,load_zone_22,dump_zone_22,0.00025,0.00067
973.0,2026-07-02T12:40:54.011,1,627.521,200.109,17.046,-0.5,1000.0,RETURNING_TO_START,load_zone_26,dump_zone_3,0.00025,0.00067
973.0,2026-07-02T12:40:54.011,2,-107.891,451.935,0.0,-0.1997,1000.0,RETURNING_TO_START,load_zone_22,dump_zone_23,0.00025,0.00067
973.0,2026-07-02T12:40:54.011,3,-100.236,453.622,0.0,-0.5,1000.0,RETURNING_TO_START,load_zone_22,dump_zone_22,0.00025,0.00067
974.0,2026-07-02T12:40:56.739,1,631.941,200.735,15.246,-0.5,1000.0,RETURNING_TO_START,load_zone_26,dump_zone_3,0.00025,0.00067
974.0,2026-07-02T12:40:56.739,2,-107.891,451.935,0.0,-0.1997,1000.0,RETURNING_TO_START,load_zone_22,dump_zone_23,0.00025,0.00067
974.0,2026-07-02T12:40:56.739,3,-100.236,453.622,0.0,-0.5,1000.0,RETURNING_TO_START,load_zone_22,dump_zone_22,0.00025,0.00067
975.0,2026-07-02T12:40:59.342,1,635.885,201.284,13.546,-0.5,1000.0,RETURNING_TO_START,load_zone_26,dump_zone_3,0.00025,0.00067
975.0,2026-07-02T12:40:59.342,2,-107.891,451.935,0.0,-0.1997,1000.0,RETURNING_TO_START,load_zone_22,dump_zone_23,0.00025,0.00067
975.0,2026-07-02T12:40:59.342,3,-100.236,453.622,0.0,-0.5,1000.0,RETURNING_TO_START,load_zone_22,dump_zone_22,0.00025,0.00067
976.0,2026-07-02T12:41:01.990,1,639.349,201.726,11.771,-0.4167,1000.0,RETURNING_TO_START,load_zone_26,dump_zone_3,0.00025,0.00067
976.0,2026-07-02T12:41:01.990,2,-107.891,451.935,0.0,-0.1997,1000.0,RETURNING_TO_START,load_zone_22,dump_zone_23,0.00025,0.00067
976.0,2026-07-02T12:41:01.990,3,-100.236,453.622,0.0,-0.5,1000.0,RETURNING_TO_START,load_zone_22,dump_zone_22,0.00025,0.00067
977.0,2026-07-02T12:41:05.177,1,642.35,202.055,10.046,-0.5,1000.0,RETURNING_TO_START,load_zone_26,dump_zone_3,0.00025,0.00067
977.0,2026-07-02T12:41:05.177,2,-107.891,451.935,0.0,-0.1997,1000.0,RETURNING_TO_START,load_zone_22,dump_zone_23,0.00025,0.00067
977.0,2026-07-02T12:41:05.177,3,-100.236,453.622,0.0,-0.5,1000.0,RETURNING_TO_START,load_zone_22,dump_zone_22,0.00025,0.00067
978.0,2026-07-02T12:41:07.826,1,644.876,202.274,8.388,-0.5,1000.0,RETURNING_TO_START,load_zone_26,dump_zone_3,0.00025,0.00067
978.0,2026-07-02T12:41:07.826,2,-107.891,451.935,0.0,-0.1997,1000.0,RETURNING_TO_START,load_zone_22,dump_zone_23,0.00025,0.00067
978.0,2026-07-02T12:41:07.826,3,-100.236,453.622,0.0,-0.5,1000.0,RETURNING_TO_START,load_zone_22,dump_zone_22,0.00025,0.00067
979.0,2026-07-02T12:41:10.566,1,646.99,202.404,7.059,-0.4411,1000.0,RETURNING_TO_START,load_zone_26,dump_zone_3,0.00025,0.00067
979.0,2026-07-02T12:41:10.566,2,-107.891,451.935,0.0,-0.1997,1000.0,RETURNING_TO_START,load_zone_22,dump_zone_23,0.00025,0.00067
979.0,2026-07-02T12:41:10.566,3,-100.236,453.622,0.0,-0.5,1000.0,RETURNING_TO_START,load_zone_22,dump_zone_22,0.00025,0.00067
980.0,2026-07-02T12:41:13.073,1,648.835,202.362,6.805,0.2277,1000.0,RETURNING_TO_START,load_zone_26,dump_zone_3,0.000266,0.000713
980.0,2026-07-02T12:41:13.073,2,-107.891,451.935,0.0,-0.1997,1000.0,RETURNING_TO_START,load_zone_22,dump_zone_23,0.00025,0.00067
980.0,2026-07-02T12:41:13.073,3,-100.236,453.622,0.0,-0.5,1000.0,RETURNING_TO_START,load_zone_22,dump_zone_22,0.00025,0.00067
981.0,2026-07-02T12:41:15.545,1,650.801,201.597,8.956,1.0,1000.0,RETURNING_TO_START,load_zone_26,dump_zone_3,0.000308,0.000825
981.0,2026-07-02T12:41:15.545,2,-107.891,451.935,0.0,-0.1997,1000.0,RETURNING_TO_START,load_zone_22,dump_zone_23,0.00025,0.00067
981.0,2026-07-02T12:41:15.545,3,-100.236,453.622,0.0,-0.5,1000.0,RETURNING_TO_START,load_zone_22,dump_zone_22,0.00025,0.00067
982.0,2026-07-02T12:41:18.292,1,652.348,199.25,10.906,0.0833,1000.0,RETURNING_TO_START,load_zone_26,dump_zone_3,0.000266,0.000713
982.0,2026-07-02T12:41:18.292,2,-107.891,451.935,0.0,-0.1997,1000.0,RETURNING_TO_START,load_zone_22,dump_zone_23,0.00025,0.00067
982.0,2026-07-02T12:41:18.292,3,-100.236,453.622,0.0,-0.5,1000.0,RETURNING_TO_START,load_zone_22,dump_zone_22,0.00025,0.00067
983.0,2026-07-02T12:41:21.315,1,652.594,196.211,11.506,0.5833,1000.0,RETURNING_TO_START,load_zone_26,dump_zone_3,0.000298,0.000799
983.0,2026-07-02T12:41:21.315,2,-107.891,451.935,0.0,-0.1997,1000.0,RETURNING_TO_START,load_zone_22,dump_zone_23,0.00025,0.00067
983.0,2026-07-02T12:41:21.315,3,-100.236,453.622,0.0,-0.5,1000.0,RETURNING_TO_START,load_zone_22,dump_zone_22,0.00025,0.00067
984.0,2026-07-02T12:41:24.367,1,652.536,192.719,13.002,-0.0165,1000.0,RETURNING_TO_START,load_zone_26,dump_zone_3,0.000263,0.000705
984.0,2026-07-02T12:41:24.367,2,-107.891,451.935,0.0,-0.1997,1000.0,RETURNING_TO_START,load_zone_22,dump_zone_23,0.00025,0.00067
984.0,2026-07-02T12:41:24.367,3,-100.236,453.622,0.0,-0.5,1000.0,RETURNING_TO_START,load_zone_22,dump_zone_22,0.00025,0.00067
985.0,2026-07-02T12:41:26.849,1,652.502,189.292,11.552,-0.5,1000.0,RETURNING_TO_START,load_zone_26,dump_zone_3,0.00025,0.00067
985.0,2026-07-02T12:41:26.849,2,-107.891,451.935,0.0,-0.1997,1000.0,RETURNING_TO_START,load_zone_22,dump_zone_23,0.00025,0.00067
985.0,2026-07-02T12:41:26.849,3,-100.236,453.622,0.0,-0.5,1000.0,RETURNING_TO_START,load_zone_22,dump_zone_22,0.00025,0.00067
986.0,2026-07-02T12:41:29.217,1,652.498,186.354,9.752,-0.5,1000.0,RETURNING_TO_START,load_zone_26,dump_zone_3,0.00025,0.00067
986.0,2026-07-02T12:41:29.217,2,-107.891,451.935,0.0,-0.1997,1000.0,RETURNING_TO_START,load_zone_22,dump_zone_23,0.00025,0.00067
986.0,2026-07-02T12:41:29.217,3,-100.236,453.622,0.0,-0.5,1000.0,RETURNING_TO_START,load_zone_22,dump_zone_22,0.00025,0.00067
987.0,2026-07-02T12:41:31.490,1,652.499,183.916,7.952,-0.5,1000.0,RETURNING_TO_START,load_zone_26,dump_zone_3,0.00025,0.00067
987.0,2026-07-02T12:41:31.490,2,-107.891,451.935,0.0,-0.1997,1000.0,RETURNING_TO_START,load_zone_22,dump_zone_23,0.00025,0.00067
987.0,2026-07-02T12:41:31.490,3,-100.236,453.622,0.0,-0.5,1000.0,RETURNING_TO_START,load_zone_22,dump_zone_22,0.00025,0.00067
988.0,2026-07-02T12:41:33.927,1,652.5,181.978,6.152,-0.5,1000.0,RETURNING_TO_START,load_zone_26,dump_zone_3,0.00025,0.00067
988.0,2026-07-02T12:41:33.927,2,-107.891,451.935,0.0,-0.1997,1000.0,RETURNING_TO_START,load_zone_22,dump_zone_23,0.00025,0.00067
988.0,2026-07-02T12:41:33.927,3,-100.236,453.622,0.0,-0.5,1000.0,RETURNING_TO_START,load_zone_22,dump_zone_22,0.00025,0.00067
989.0,2026-07-02T12:41:36.589,1,652.506,180.54,4.352,-0.5,1000.0,RETURNING_TO_START,load_zone_26,dump_zone_3,0.00025,0.00067
989.0,2026-07-02T12:41:36.589,2,-107.891,451.935,0.0,-0.1997,1000.0,RETURNING_TO_START,load_zone_22,dump_zone_23,0.00025,0.00067
989.0,2026-07-02T12:41:36.589,3,-100.236,453.622,0.0,-0.5,1000.0,RETURNING_TO_START,load_zone_22,dump_zone_22,0.00025,0.00067
990.0,2026-07-02T12:41:38.840,1,652.652,179.615,2.552,-0.5,1000.0,UNLOADING,load_zone_26,dump_zone_3,0.00025,0.00067
990.0,2026-07-02T12:41:38.840,2,-107.891,451.935,0.0,-0.1997,1000.0,RETURNING_TO_START,load_zone_22,dump_zone_23,0.00025,0.00067
990.0,2026-07-02T12:41:38.840,3,-100.236,453.622,0.0,-0.5,1000.0,RETURNING_TO_START,load_zone_22,dump_zone_22,0.00025,0.00067
991.0,2026-07-02T12:41:40.885,1,652.791,179.2,0.752,-0.5,1000.0,UNLOADING,load_zone_26,dump_zone_3,0.00025,0.00067
991.0,2026-07-02T12:41:40.885,2,-107.891,451.935,0.0,-0.1997,1000.0,RETURNING_TO_START,load_zone_22,dump_zone_23,0.00025,0.00067
991.0,2026-07-02T12:41:40.885,3,-100.236,453.622,0.0,-0.5,1000.0,RETURNING_TO_START,load_zone_22,dump_zone_22,0.00025,0.00067
992.0,2026-07-02T12:41:42.882,1,652.804,179.167,0.0,-0.5,1000.0,UNLOADING,load_zone_26,dump_zone_3,0.00025,0.00067
992.0,2026-07-02T12:41:42.882,2,-107.891,451.935,0.0,-0.1997,1000.0,RETURNING_TO_START,load_zone_22,dump_zone_23,0.00025,0.00067
992.0,2026-07-02T12:41:42.882,3,-100.236,453.622,0.0,-0.5,1000.0,RETURNING_TO_START,load_zone_22,dump_zone_22,0.00025,0.00067
993.0,2026-07-02T12:41:44.837,1,653.208,178.44,7.2,0.0,0.0,TURNING_AROUND,dump_zone_3,load_zone_26,0.000255,0.000683
993.0,2026-07-02T12:41:44.837,2,-107.891,451.935,0.0,-0.1997,1000.0,RETURNING_TO_START,load_zone_22,dump_zone_23,0.00025,0.00067
993.0,2026-07-02T12:41:44.837,3,-100.236,453.622,0.0,-0.5,1000.0,RETURNING_TO_START,load_zone_22,dump_zone_22,0.00025,0.00067
994.0,2026-07-02T12:41:46.603,1,654.71,177.15,7.2,0.0,0.0,TURNING_AROUND,dump_zone_3,load_zone_26,0.000255,0.000683
994.0,2026-07-02T12:41:46.603,2,-107.891,451.935,0.0,-0.1997,1000.0,RETURNING_TO_START,load_zone_22,dump_zone_23,0.00025,0.00067
994.0,2026-07-02T12:41:46.603,3,-100.236,453.622,0.0,-0.5,1000.0,RETURNING_TO_START,load_zone_22,dump_zone_22,0.00025,0.00067
995.0,2026-07-02T12:41:48.292,1,653.801,177.293,5.4,0.0,0.0,TURNING_AROUND,dump_zone_3,load_zone_26,0.000253,0.000678
995.0,2026-07-02T12:41:48.292,2,-107.891,451.935,0.0,-0.1997,1000.0,RETURNING_TO_START,load_zone_22,dump_zone_23,0.00025,0.00067
995.0,2026-07-02T12:41:48.292,3,-100.236,453.622,0.0,-0.5,1000.0,RETURNING_TO_START,load_zone_22,dump_zone_22,0.00025,0.00067
996.0,2026-07-02T12:41:50.169,1,655.17,177.643,7.2,0.0,0.0,TURNING_AROUND,dump_zone_3,load_zone_26,0.000255,0.000683
996.0,2026-07-02T12:41:50.169,2,-107.891,451.935,0.0,-0.1997,1000.0,RETURNING_TO_START,load_zone_22,dump_zone_23,0.00025,0.00067
996.0,2026-07-02T12:41:50.169,3,-100.236,453.622,0.0,-0.5,1000.0,RETURNING_TO_START,load_zone_22,dump_zone_22,0.00025,0.00067
997.0,2026-07-02T12:41:52.020,1,656.146,178.212,5.4,0.0,0.0,TURNING_AROUND,dump_zone_3,load_zone_26,0.000253,0.000678
997.0,2026-07-02T12:41:52.020,2,-107.891,451.935,0.0,-0.1997,1000.0,RETURNING_TO_START,load_zone_22,dump_zone_23,0.00025,0.00067
997.0,2026-07-02T12:41:52.020,3,-100.236,453.622,0.0,-0.5,1000.0,RETURNING_TO_START,load_zone_22,dump_zone_22,0.00025,0.00067
998.0,2026-07-02T12:41:53.909,1,655.727,177.727,7.2,0.0,0.0,TURNING_AROUND,dump_zone_3,load_zone_26,0.000255,0.000683
998.0,2026-07-02T12:41:53.909,2,-107.891,451.935,0.0,-0.1997,1000.0,RETURNING_TO_START,load_zone_22,dump_zone_23,0.00025,0.00067
998.0,2026-07-02T12:41:53.909,3,-100.236,453.622,0.0,-0.5,1000.0,RETURNING_TO_START,load_zone_22,dump_zone_22,0.00025,0.00067
999.0,2026-07-02T12:41:56.117,1,655.77,177.9,0.25,0.3333,0.0,GOING_TO_ENDPOINT,dump_zone_3,load_zone_26,0.00025,0.00067
999.0,2026-07-02T12:41:56.117,2,-107.891,451.935,0.0,-0.1997,1000.0,RETURNING_TO_START,load_zone_22,dump_zone_23,0.00025,0.00067
999.0,2026-07-02T12:41:56.117,3,-100.236,453.622,0.0,-0.5,1000.0,RETURNING_TO_START,load_zone_22,dump_zone_22,0.00025,0.00067
1000.0,2026-07-02T12:41:58.025,1,655.741,178.348,3.15,1.0,0.0,GOING_TO_ENDPOINT,dump_zone_3,load_zone_26,0.000262,0.000702
1000.0,2026-07-02T12:41:58.025,2,-107.891,451.935,0.0,-0.1997,1000.0,RETURNING_TO_START,load_zone_22,dump_zone_23,0.00025,0.00067
1000.0,2026-07-02T12:41:58.025,3,-100.236,453.622,0.0,-0.5,1000.0,RETURNING_TO_START,load_zone_22,dump_zone_22,0.00025,0.00067
1001.0,2026-07-02T12:41:59.974,1,655.315,179.691,6.75,1.0,0.0,GOING_TO_ENDPOINT,dump_zone_3,load_zone_26,0.000276,0.00074
1001.0,2026-07-02T12:41:59.974,2,-107.891,451.935,0.0,-0.1997,1000.0,RETURNING_TO_START,load_zone_22,dump_zone_23,0.00025,0.00067
1001.0,2026-07-02T12:41:59.974,3,-100.236,453.622,0.0,-0.5,1000.0,RETURNING_TO_START,load_zone_22,dump_zone_22,0.00025,0.00067
1002.0,2026-07-02T12:42:02.156,1,653.657,181.415,10.35,1.0,0.0,GOING_TO_ENDPOINT,dump_zone_3,load_zone_26,0.00029,0.000777
1002.0,2026-07-02T12:42:02.156,2,-107.891,451.935,0.0,-0.1997,1000.0,RETURNING_TO_START,load_zone_22,dump_zone_23,0.00025,0.00067
1002.0,2026-07-02T12:42:02.156,3,-100.236,453.622,0.0,-0.5,1000.0,RETURNING_TO_START,load_zone_22,dump_zone_22,0.00025,0.00067
1003.0,2026-07-02T12:42:04.588,1,650.744,183.191,13.95,1.0,0.0,GOING_TO_ENDPOINT,dump_zone_3,load_zone_26,0.000304,0.000815
1003.0,2026-07-02T12:42:04.588,2,-107.891,451.935,0.0,-0.1997,1000.0,RETURNING_TO_START,load_zone_22,dump_zone_23,0.00025,0.00067
1003.0,2026-07-02T12:42:04.588,3,-100.236,453.622,0.0,-0.5,1000.0,RETURNING_TO_START,load_zone_22,dump_zone_22,0.00025,0.00067
1004.0,2026-07-02T12:42:07.215,1,648.017,186.471,16.425,0.25,0.0,GOING_TO_ENDPOINT,dump_zone_3,load_zone_26,0.000274,0.000734
1004.0,2026-07-02T12:42:07.215,2,-107.891,451.935,0.0,-0.1997,1000.0,RETURNING_TO_START,load_zone_22,dump_zone_23,0.00025,0.00067
1004.0,2026-07-02T12:42:07.215,3,-100.236,453.622,0.0,-0.5,1000.0,RETURNING_TO_START,load_zone_22,dump_zone_22,0.00025,0.00067
1005.0,2026-07-02T12:42:09.619,1,647.423,190.897,15.525,-0.5,0.0,GOING_TO_ENDPOINT,dump_zone_3,load_zone_26,0.00025,0.00067
1005.0,2026-07-02T12:42:09.619,2,-107.891,451.935,0.0,-0.1997,1000.0,RETURNING_TO_START,load_zone_22,dump_zone_23,0.00025,0.00067
1005.0,2026-07-02T12:42:09.619,3,-100.236,453.622,0.0,-0.5,1000.0,RETURNING_TO_START,load_zone_22,dump_zone_22,0.00025,0.00067
1006.0,2026-07-02T12:42:11.669,1,647.486,194.938,13.725,-0.5,0.0,GOING_TO_ENDPOINT,dump_zone_3,load_zone_26,0.00025,0.00067
1006.0,2026-07-02T12:42:11.669,2,-107.891,451.935,0.0,-0.1997,1000.0,RETURNING_TO_START,load_zone_22,dump_zone_23,0.00025,0.00067
1006.0,2026-07-02T12:42:11.669,3,-100.236,453.622,0.0,-0.5,1000.0,RETURNING_TO_START,load_zone_22,dump_zone_22,0.00025,0.00067
1007.0,2026-07-02T12:42:13.949,1,647.502,198.48,11.925,-0.5,0.0,GOING_TO_ENDPOINT,dump_zone_3,load_zone_26,0.00025,0.00067
1007.0,2026-07-02T12:42:13.949,2,-107.891,451.935,0.0,-0.1997,1000.0,RETURNING_TO_START,load_zone_22,dump_zone_23,0.00025,0.00067
1007.0,2026-07-02T12:42:13.949,3,-100.236,453.622,0.0,-0.5,1000.0,RETURNING_TO_START,load_zone_22,dump_zone_22,0.00025,0.00067
1008.0,2026-07-02T12:42:16.636,1,646.679,201.357,10.5,-0.0833,0.0,GOING_TO_ENDPOINT,dump_zone_3,load_zone_26,0.000254,0.000681
1008.0,2026-07-02T12:42:16.636,2,-107.891,451.935,0.0,-0.1997,1000.0,RETURNING_TO_START,load_zone_22,dump_zone_23,0.00025,0.00067
1008.0,2026-07-02T12:42:16.636,3,-100.236,453.622,0.0,-0.5,1000.0,RETURNING_TO_START,load_zone_22,dump_zone_22,0.00025,0.00067
1009.0,2026-07-02T12:42:18.710,1,644.081,202.87,12.15,0.9167,0.0,GOING_TO_ENDPOINT,dump_zone_3,load_zone_26,0.000294,0.000788
1009.0,2026-07-02T12:42:18.710,2,-107.891,451.935,0.0,-0.1997,1000.0,RETURNING_TO_START,load_zone_22,dump_zone_23,0.00025,0.00067
1009.0,2026-07-02T12:42:18.710,3,-100.236,453.622,0.0,-0.5,1000.0,RETURNING_TO_START,load_zone_22,dump_zone_22,0.00025,0.00067
1010.0,2026-07-02T12:42:21.022,1,640.558,201.557,15.75,1.0,0.0,GOING_TO_ENDPOINT,dump_zone_3,load_zone_26,0.000311,0.000833
1010.0,2026-07-02T12:42:21.022,2,-107.891,451.935,0.0,-0.1997,1000.0,RETURNING_TO_START,load_zone_22,dump_zone_23,0.00025,0.00067
1010.0,2026-07-02T12:42:21.022,3,-100.236,453.622,0.0,-0.5,1000.0,RETURNING_TO_START,load_zone_22,dump_zone_22,0.00025,0.00067
1011.0,2026-07-02T12:42:23.901,1,637.4,197.813,19.325,0.9167,0.0,GOING_TO_ENDPOINT,dump_zone_3,load_zone_26,0.00032,0.000858
1011.0,2026-07-02T12:42:23.901,2,-107.891,451.935,0.0,-0.1997,1000.0,RETURNING_TO_START,load_zone_22,dump_zone_23,0.00025,0.00067
1011.0,2026-07-02T12:42:23.901,3,-100.236,453.622,0.0,-0.5,1000.0,RETURNING_TO_START,load_zone_22,dump_zone_22,0.00025,0.00067
1012.0,2026-07-02T12:42:26.672,1,632.229,195.688,20.675,-0.0833,0.0,GOING_TO_ENDPOINT,dump_zone_3,load_zone_26,0.000258,0.000691
1012.0,2026-07-02T12:42:26.672,2,-107.891,451.935,0.0,-0.1997,1000.0,RETURNING_TO_START,load_zone_22,dump_zone_23,0.00025,0.00067
1012.0,2026-07-02T12:42:26.672,3,-100.236,453.622,0.0,-0.5,1000.0,RETURNING_TO_START,load_zone_22,dump_zone_22,0.00025,0.00067
1013.0,2026-07-02T12:42:28.683,1,626.745,194.938,19.125,-0.5,0.0,GOING_TO_ENDPOINT,dump_zone_3,load_zone_26,0.00025,0.00067
1013.0,2026-07-02T12:42:28.683,2,-107.891,451.935,0.0,-0.1997,1000.0,RETURNING_TO_START,load_zone_22,dump_zone_23,0.00025,0.00067
1013.0,2026-07-02T12:42:28.683,3,-100.236,453.622,0.0,-0.5,1000.0,RETURNING_TO_START,load_zone_22,dump_zone_22,0.00025,0.00067
1014.0,2026-07-02T12:42:30.900,1,621.737,194.353,17.325,-0.5,0.0,GOING_TO_ENDPOINT,dump_zone_3,load_zone_26,0.00025,0.00067
1014.0,2026-07-02T12:42:30.900,2,-107.891,451.935,0.0,-0.1997,1000.0,RETURNING_TO_START,load_zone_22,dump_zone_23,0.00025,0.00067
1014.0,2026-07-02T12:42:30.900,3,-100.236,453.622,0.0,-0.5,1000.0,RETURNING_TO_START,load_zone_22,dump_zone_22,0.00025,0.00067
1015.0,2026-07-02T12:42:33.365,1,617.213,193.963,15.525,-0.5,0.0,GOING_TO_ENDPOINT,dump_zone_3,load_zone_26,0.00025,0.00067
1015.0,2026-07-02T12:42:33.365,2,-107.891,451.935,0.0,-0.1997,1000.0,RETURNING_TO_START,load_zone_22,dump_zone_23,0.00025,0.00067
1015.0,2026-07-02T12:42:33.365,3,-100.236,453.622,0.0,-0.5,1000.0,RETURNING_TO_START,load_zone_22,dump_zone_22,0.00025,0.00067
1016.0,2026-07-02T12:42:35.899,1,613.174,193.825,13.725,-0.5,0.0,GOING_TO_ENDPOINT,dump_zone_3,load_zone_26,0.00025,0.00067
1016.0,2026-07-02T12:42:35.899,2,-107.891,451.935,0.0,-0.1997,1000.0,RETURNING_TO_START,load_zone_22,dump_zone_23,0.00025,0.00067
1016.0,2026-07-02T12:42:35.899,3,-100.236,453.622,0.0,-0.5,1000.0,RETURNING_TO_START,load_zone_22,dump_zone_22,0.00025,0.00067
1017.0,2026-07-02T12:42:38.422,1,609.65,194.087,11.925,-0.5,0.0,GOING_TO_ENDPOINT,dump_zone_3,load_zone_26,0.00025,0.00067
1017.0,2026-07-02T12:42:38.422,2,-107.891,451.935,0.0,-0.1997,1000.0,RETURNING_TO_START,load_zone_22,dump_zone_23,0.00025,0.00067
1017.0,2026-07-02T12:42:38.422,3,-100.236,453.622,0.0,-0.5,1000.0,RETURNING_TO_START,load_zone_22,dump_zone_22,0.00025,0.00067
1018.0,2026-07-02T12:42:42.005,1,606.943,195.416,10.125,-0.5,0.0,GOING_TO_ENDPOINT,dump_zone_3,load_zone_26,0.00025,0.00067
1018.0,2026-07-02T12:42:42.005,2,-107.891,451.935,0.0,-0.1997,1000.0,RETURNING_TO_START,load_zone_22,dump_zone_23,0.00025,0.00067
1018.0,2026-07-02T12:42:42.005,3,-100.236,453.622,0.0,-0.5,1000.0,RETURNING_TO_START,load_zone_22,dump_zone_22,0.00025,0.00067
1019.0,2026-07-02T12:42:44.698,1,604.735,196.67,8.325,-0.5,0.0,GOING_TO_ENDPOINT,dump_zone_3,load_zone_26,0.00025,0.00067
1019.0,2026-07-02T12:42:44.698,2,-107.891,451.935,0.0,-0.1997,1000.0,RETURNING_TO_START,load_zone_22,dump_zone_23,0.00025,0.00067
1019.0,2026-07-02T12:42:44.698,3,-100.236,453.622,0.0,-0.5,1000.0,RETURNING_TO_START,load_zone_22,dump_zone_22,0.00025,0.00067
1020.0,2026-07-02T12:42:47.344,1,602.883,197.528,6.525,-0.5,0.0,GOING_TO_ENDPOINT,dump_zone_3,load_zone_26,0.00025,0.00067
1020.0,2026-07-02T12:42:47.344,2,-107.891,451.935,0.0,-0.1997,1000.0,RETURNING_TO_START,load_zone_22,dump_zone_23,0.00025,0.00067
1020.0,2026-07-02T12:42:47.344,3,-100.236,453.622,0.0,-0.5,1000.0,RETURNING_TO_START,load_zone_22,dump_zone_22,0.00025,0.00067
1021.0,2026-07-02T12:42:50.275,1,601.432,198.152,5.204,-0.2028,0.0,GOING_TO_ENDPOINT,dump_zone_3,load_zone_26,0.00025,0.00067
1021.0,2026-07-02T12:42:50.275,2,-107.891,451.935,0.0,-0.1997,1000.0,RETURNING_TO_START,load_zone_22,dump_zone_23,0.00025,0.00067
1021.0,2026-07-02T12:42:50.275,3,-100.236,453.622,0.0,-0.5,1000.0,RETURNING_TO_START,load_zone_22,dump_zone_22,0.00025,0.00067
1022.0,2026-07-02T12:42:53.233,1,600.242,198.355,3.671,-0.25,0.0,GOING_TO_ENDPOINT,dump_zone_3,load_zone_26,0.00025,0.00067
1022.0,2026-07-02T12:42:53.233,2,-107.891,451.935,0.0,-0.1997,1000.0,RETURNING_TO_START,load_zone_22,dump_zone_23,0.00025,0.00067
1022.0,2026-07-02T12:42:53.233,3,-100.236,453.622,0.0,-0.5,1000.0,RETURNING_TO_START,load_zone_22,dump_zone_22,0.00025,0.00067
1023.0,2026-07-02T12:42:56.353,1,599.157,198.235,4.721,0.75,0.0,GOING_TO_ENDPOINT,dump_zone_3,load_zone_26,0.000264,0.000708
1023.0,2026-07-02T12:42:56.353,2,-107.891,451.935,0.0,-0.1997,1000.0,RETURNING_TO_START,load_zone_22,dump_zone_23,0.00025,0.00067
1023.0,2026-07-02T12:42:56.353,3,-100.236,453.622,0.0,-0.5,1000.0,RETURNING_TO_START,load_zone_22,dump_zone_22,0.00025,0.00067
1024.0,2026-07-02T12:42:58.441,1,597.55,197.389,8.246,1.0,0.0,GOING_TO_ENDPOINT,dump_zone_3,load_zone_26,0.000282,0.000756
1024.0,2026-07-02T12:42:58.441,2,-107.891,451.935,0.0,-0.1997,1000.0,RETURNING_TO_START,load_zone_22,dump_zone_23,0.00025,0.00067
1024.0,2026-07-02T12:42:58.441,3,-100.236,453.622,0.0,-0.5,1000.0,RETURNING_TO_START,load_zone_22,dump_zone_22,0.00025,0.00067
1025.0,2026-07-02T12:43:00.336,1,596.239,194.947,11.846,1.0,0.0,GOING_TO_ENDPOINT,dump_zone_3,load_zone_26,0.000296,0.000793
1025.0,2026-07-02T12:43:00.336,2,-107.891,451.935,0.0,-0.1997,1000.0,RETURNING_TO_START,load_zone_22,dump_zone_23,0.00025,0.00067
1025.0,2026-07-02T12:43:00.336,3,-100.236,453.622,0.0,-0.5,1000.0,RETURNING_TO_START,load_zone_22,dump_zone_22,0.00025,0.00067
1026.0,2026-07-02T12:50:50.395,1,597.406,191.409,15.446,1.0,0.0,GOING_TO_ENDPOINT,dump_zone_3,load_zone_26,0.00031,0.000831
1026.0,2026-07-02T12:50:50.395,2,-107.891,451.935,0.0,-0.1997,1000.0,RETURNING_TO_START,load_zone_22,dump_zone_23,0.00025,0.00067
1026.0,2026-07-02T12:50:50.395,3,-100.236,453.622,0.0,-0.5,1000.0,RETURNING_TO_START,load_zone_22,dump_zone_22,0.00025,0.00067
1027.0,2026-07-02T12:50:55.185,1,599.951,187.323,19.046,1.0,0.0,GOING_TO_ENDPOINT,dump_zone_3,load_zone_26,0.000324,0.000868
1027.0,2026-07-02T12:50:55.185,2,-107.891,451.935,0.0,-0.1997,1000.0,RETURNING_TO_START,load_zone_22,dump_zone_23,0.00025,0.00067
1027.0,2026-07-02T12:50:55.185,3,-100.236,453.622,0.0,-0.5,1000.0,RETURNING_TO_START,load_zone_22,dump_zone_22,0.00025,0.00067
1028.0,2026-07-02T12:50:59.089,1,601.934,181.845,22.646,1.0,0.0,GOING_TO_ENDPOINT,dump_zone_3,load_zone_26,0.000338,0.000906
1028.0,2026-07-02T12:50:59.089,2,-107.891,451.935,0.0,-0.1997,1000.0,RETURNING_TO_START,load_zone_22,dump_zone_23,0.00025,0.00067
1028.0,2026-07-02T12:50:59.089,3,-100.236,453.622,0.0,-0.5,1000.0,RETURNING_TO_START,load_zone_22,dump_zone_22,0.00025,0.00067
1029.0,2026-07-02T12:51:02.980,1,602.523,175.06,26.162,0.8512,0.0,GOING_TO_ENDPOINT,dump_zone_3,load_zone_26,0.000339,0.000909
1029.0,2026-07-02T12:51:02.980,2,-107.891,451.935,0.0,-0.1997,1000.0,RETURNING_TO_START,load_zone_22,dump_zone_23,0.00025,0.00067
1029.0,2026-07-02T12:51:02.980,3,-100.236,453.622,0.0,-0.5,1000.0,RETURNING_TO_START,load_zone_22,dump_zone_22,0.00025,0.00067
1030.0,2026-07-02T12:51:07.342,1,602.499,167.521,27.446,-0.0923,0.0,GOING_TO_ENDPOINT,dump_zone_3,load_zone_26,0.000259,0.000694
1030.0,2026-07-02T12:51:07.342,2,-107.891,451.935,0.0,-0.1997,1000.0,RETURNING_TO_START,load_zone_22,dump_zone_23,0.00025,0.00067
1030.0,2026-07-02T12:51:07.342,3,-100.236,453.622,0.0,-0.5,1000.0,RETURNING_TO_START,load_zone_22,dump_zone_22,0.00025,0.00067
1031.0,2026-07-02T12:51:11.033,1,602.5,160.06,26.525,-0.0119,0.0,GOING_TO_ENDPOINT,dump_zone_3,load_zone_26,0.000266,0.000713
1031.0,2026-07-02T12:51:11.033,2,-107.891,451.935,0.0,-0.1997,1000.0,RETURNING_TO_START,load_zone_22,dump_zone_23,0.00025,0.00067
1031.0,2026-07-02T12:51:11.033,3,-100.236,453.622,0.0,-0.5,1000.0,RETURNING_TO_START,load_zone_22,dump_zone_22,0.00025,0.00067
1032.0,2026-07-02T12:51:14.377,1,602.5,152.635,26.808,-0.083,0.0,GOING_TO_ENDPOINT,dump_zone_3,load_zone_26,0.00026,0.000697
1032.0,2026-07-02T12:51:14.377,2,-107.891,451.935,0.0,-0.1997,1000.0,RETURNING_TO_START,load_zone_22,dump_zone_23,0.00025,0.00067
1032.0,2026-07-02T12:51:14.377,3,-100.236,453.622,0.0,-0.5,1000.0,RETURNING_TO_START,load_zone_22,dump_zone_22,0.00025,0.00067
1033.0,2026-07-02T12:51:18.104,1,602.5,145.235,26.586,0.1065,0.0,GOING_TO_ENDPOINT,dump_zone_3,load_zone_26,0.000276,0.00074
1033.0,2026-07-02T12:51:18.104,2,-107.891,451.935,0.0,-0.1997,1000.0,RETURNING_TO_START,load_zone_22,dump_zone_23,0.00025,0.00067
1033.0,2026-07-02T12:51:18.104,3,-100.236,453.622,0.0,-0.5,1000.0,RETURNING_TO_START,load_zone_22,dump_zone_22,0.00025,0.00067
1034.0,2026-07-02T12:51:20.808,1,602.5,137.593,28.62,0.6065,0.0,GOING_TO_ENDPOINT,dump_zone_3,load_zone_26,0.000324,0.000868
1034.0,2026-07-02T12:51:20.808,2,-107.891,451.935,0.0,-0.1997,1000.0,RETURNING_TO_START,load_zone_22,dump_zone_23,0.00025,0.00067
1034.0,2026-07-02T12:51:20.808,3,-100.236,453.622,0.0,-0.5,1000.0,RETURNING_TO_START,load_zone_22,dump_zone_22,0.00025,0.00067
1035.0,2026-07-02T12:51:23.290,1,602.5,129.525,28.854,-0.3935,0.0,GOING_TO_ENDPOINT,dump_zone_3,load_zone_26,0.00025,0.00067
1035.0,2026-07-02T12:51:23.290,2,-107.891,451.935,0.0,-0.1997,1000.0,RETURNING_TO_START,load_zone_22,dump_zone_23,0.00025,0.00067
1035.0,2026-07-02T12:51:23.290,3,-100.236,453.622,0.0,-0.5,1000.0,RETURNING_TO_START,load_zone_22,dump_zone_22,0.00025,0.00067
1036.0,2026-07-02T12:51:25.616,1,602.5,121.758,27.436,-0.0833,0.0,GOING_TO_ENDPOINT,dump_zone_3,load_zone_26,0.00026,0.000697
1036.0,2026-07-02T12:51:25.616,2,-107.891,451.935,0.0,-0.1997,1000.0,RETURNING_TO_START,load_zone_22,dump_zone_23,0.00025,0.00067
1036.0,2026-07-02T12:51:25.616,3,-100.236,453.622,0.0,-0.5,1000.0,RETURNING_TO_START,load_zone_22,dump_zone_22,0.00025,0.00067
1037.0,2026-07-02T12:51:28.504,1,602.5,114.174,27.199,-0.1107,0.0,GOING_TO_ENDPOINT,dump_zone_3,load_zone_26,0.000258,0.000691
1037.0,2026-07-02T12:51:28.504,2,-107.891,451.935,0.0,-0.1997,1000.0,RETURNING_TO_START,load_zone_22,dump_zone_23,0.00025,0.00067
1037.0,2026-07-02T12:51:28.504,3,-100.236,453.622,0.0,-0.5,1000.0,RETURNING_TO_START,load_zone_22,dump_zone_22,0.00025,0.00067
1038.0,2026-07-02T12:51:31.157,1,602.5,106.658,27.129,0.2657,0.0,GOING_TO_ENDPOINT,dump_zone_3,load_zone_26,0.000291,0.00078
1038.0,2026-07-02T12:51:31.157,2,-107.891,451.935,0.0,-0.1997,1000.0,RETURNING_TO_START,load_zone_22,dump_zone_23,0.00025,0.00067
1038.0,2026-07-02T12:51:31.157,3,-100.236,453.622,0.0,-0.5,1000.0,RETURNING_TO_START,load_zone_22,dump_zone_22,0.00025,0.00067
1039.0,2026-07-02T12:51:33.767,1,602.5,98.927,28.349,0.3251,0.0,GOING_TO_ENDPOINT,dump_zone_3,load_zone_26,0.000298,0.000799
1039.0,2026-07-02T12:51:33.767,2,-107.891,451.935,0.0,-0.1997,1000.0,RETURNING_TO_START,load_zone_22,dump_zone_23,0.00025,0.00067
1039.0,2026-07-02T12:51:33.767,3,-100.236,453.622,0.0,-0.5,1000.0,RETURNING_TO_START,load_zone_22,dump_zone_22,0.00025,0.00067
1040.0,2026-07-02T12:51:36.228,1,602.5,91.084,27.677,-0.4167,0.0,GOING_TO_ENDPOINT,dump_zone_3,load_zone_26,0.00025,0.00067
1040.0,2026-07-02T12:51:36.228,2,-107.891,451.935,0.0,-0.1997,1000.0,RETURNING_TO_START,load_zone_22,dump_zone_23,0.00025,0.00067
1040.0,2026-07-02T12:51:36.228,3,-100.236,453.622,0.0,-0.5,1000.0,RETURNING_TO_START,load_zone_22,dump_zone_22,0.00025,0.00067
1041.0,2026-07-02T12:51:38.809,1,602.5,83.422,27.827,0.0833,0.0,GOING_TO_ENDPOINT,dump_zone_3,load_zone_26,0.000275,0.000737
1041.0,2026-07-02T12:51:38.809,2,-107.891,451.935,0.0,-0.1997,1000.0,RETURNING_TO_START,load_zone_22,dump_zone_23,0.00025,0.00067
1041.0,2026-07-02T12:51:38.809,3,-100.236,453.622,0.0,-0.5,1000.0,RETURNING_TO_START,load_zone_22,dump_zone_22,0.00025,0.00067
1042.0,2026-07-02T12:51:41.410,1,602.5,75.73,27.58,0.0613,0.0,GOING_TO_ENDPOINT,dump_zone_3,load_zone_26,0.000273,0.000732
1042.0,2026-07-02T12:51:41.410,2,-107.891,451.935,0.0,-0.1997,1000.0,RETURNING_TO_START,load_zone_22,dump_zone_23,0.00025,0.00067
1042.0,2026-07-02T12:51:41.410,3,-100.236,453.622,0.0,-0.5,1000.0,RETURNING_TO_START,load_zone_22,dump_zone_22,0.00025,0.00067
1043.0,2026-07-02T12:51:44.378,1,602.5,67.992,27.968,0.1046,0.0,GOING_TO_ENDPOINT,dump_zone_3,load_zone_26,0.000277,0.000742
1043.0,2026-07-02T12:51:44.378,2,-107.891,451.935,0.0,-0.1997,1000.0,RETURNING_TO_START,load_zone_22,dump_zone_23,0.00025,0.00067
1043.0,2026-07-02T12:51:44.378,3,-100.236,453.622,0.0,-0.5,1000.0,RETURNING_TO_START,load_zone_22,dump_zone_22,0.00025,0.00067
1044.0,2026-07-02T12:51:47.185,1,602.5,60.182,27.995,-0.1454,0.0,GOING_TO_ENDPOINT,dump_zone_3,load_zone_26,0.000255,0.000683
1044.0,2026-07-02T12:51:47.185,2,-107.891,451.935,0.0,-0.1997,1000.0,RETURNING_TO_START,load_zone_22,dump_zone_23,0.00025,0.00067
1044.0,2026-07-02T12:51:47.185,3,-100.236,453.622,0.0,-0.5,1000.0,RETURNING_TO_START,load_zone_22,dump_zone_22,0.00025,0.00067
1045.0,2026-07-02T12:51:49.914,1,602.5,52.443,27.545,-0.4443,0.0,GOING_TO_ENDPOINT,dump_zone_3,load_zone_26,0.00025,0.00067
1045.0,2026-07-02T12:51:49.914,2,-107.891,451.935,0.0,-0.1997,1000.0,RETURNING_TO_START,load_zone_22,dump_zone_23,0.00025,0.00067
1045.0,2026-07-02T12:51:49.914,3,-100.236,453.622,0.0,-0.5,1000.0,RETURNING_TO_START,load_zone_22,dump_zone_22,0.00025,0.00067
1046.0,2026-07-02T12:51:52.679,1,602.5,45.001,26.475,0.05,0.0,GOING_TO_ENDPOINT,dump_zone_3,load_zone_26,0.000271,0.000726
1046.0,2026-07-02T12:51:52.679,2,-107.891,451.935,0.0,-0.1997,1000.0,RETURNING_TO_START,load_zone_22,dump_zone_23,0.00025,0.00067
1046.0,2026-07-02T12:51:52.679,3,-100.236,453.622,0.0,-0.5,1000.0,RETURNING_TO_START,load_zone_22,dump_zone_22,0.00025,0.00067
1047.0,2026-07-02T12:51:55.689,1,602.5,37.515,27.421,0.3528,0.0,GOING_TO_ENDPOINT,dump_zone_3,load_zone_26,0.000299,0.000801
1047.0,2026-07-02T12:51:55.689,2,-107.891,451.935,0.0,-0.1997,1000.0,RETURNING_TO_START,load_zone_22,dump_zone_23,0.00025,0.00067
1047.0,2026-07-02T12:51:55.689,3,-100.236,453.622,0.0,-0.5,1000.0,RETURNING_TO_START,load_zone_22,dump_zone_22,0.00025,0.00067
1048.0,2026-07-02T12:51:58.857,1,602.5,29.686,28.441,0.0195,0.0,GOING_TO_ENDPOINT,dump_zone_3,load_zone_26,0.00027,0.000724
1048.0,2026-07-02T12:51:58.857,2,-107.891,451.935,0.0,-0.1997,1000.0,RETURNING_TO_START,load_zone_22,dump_zone_23,0.00025,0.00067
1048.0,2026-07-02T12:51:58.857,3,-100.236,453.622,0.0,-0.5,1000.0,RETURNING_TO_START,load_zone_22,dump_zone_22,0.00025,0.00067
1049.0,2026-07-02T12:52:01.717,1,602.5,21.8,28.512,0.1862,0.0,GOING_TO_ENDPOINT,dump_zone_3,load_zone_26,0.000285,0.000764
1049.0,2026-07-02T12:52:01.717,2,-107.891,451.935,0.0,-0.1997,1000.0,RETURNING_TO_START,load_zone_22,dump_zone_23,0.00025,0.00067
1049.0,2026-07-02T12:52:01.717,3,-100.236,453.622,0.0,-0.5,1000.0,RETURNING_TO_START,load_zone_22,dump_zone_22,0.00025,0.00067
1050.0,2026-07-02T12:52:04.668,1,602.5,13.917,28.206,-0.0761,0.0,GOING_TO_ENDPOINT,dump_zone_3,load_zone_26,0.000261,0.000699
1050.0,2026-07-02T12:52:04.668,2,-107.891,451.935,0.0,-0.1997,1000.0,RETURNING_TO_START,load_zone_22,dump_zone_23,0.00025,0.00067
1050.0,2026-07-02T12:52:04.668,3,-100.236,453.622,0.0,-0.5,1000.0,RETURNING_TO_START,load_zone_22,dump_zone_22,0.00025,0.00067
1051.0,2026-07-02T12:52:07.153,1,602.5,6.047,28.282,-0.2428,0.0,GOING_TO_ENDPOINT,dump_zone_3,load_zone_26,0.00025,0.00067
1051.0,2026-07-02T12:52:07.153,2,-107.891,451.935,0.0,-0.1997,1000.0,RETURNING_TO_START,load_zone_22,dump_zone_23,0.00025,0.00067
1051.0,2026-07-02T12:52:07.153,3,-100.236,453.622,0.0,-0.5,1000.0,RETURNING_TO_START,load_zone_22,dump_zone_22,0.00025,0.00067
1052.0,2026-07-02T12:52:09.787,1,602.5,-1.72,27.862,-0.1395,0.0,GOING_TO_ENDPOINT,dump_zone_3,load_zone_26,0.000255,0.000683
1052.0,2026-07-02T12:52:09.787,2,-107.891,451.935,0.0,-0.1997,1000.0,RETURNING_TO_START,load_zone_22,dump_zone_23,0.00025,0.00067
1052.0,2026-07-02T12:52:09.787,3,-100.236,453.622,0.0,-0.5,1000.0,RETURNING_TO_START,load_zone_22,dump_zone_22,0.00025,0.00067
1053.0,2026-07-02T12:52:12.575,1,602.5,-9.417,27.578,0.0103,0.0,GOING_TO_ENDPOINT,dump_zone_3,load_zone_26,0.000268,0.000718
1053.0,2026-07-02T12:52:12.575,2,-107.891,451.935,0.0,-0.1997,1000.0,RETURNING_TO_START,load_zone_22,dump_zone_23,0.00025,0.00067
1053.0,2026-07-02T12:52:12.575,3,-100.236,453.622,0.0,-0.5,1000.0,RETURNING_TO_START,load_zone_22,dump_zone_22,0.00025,0.00067
1054.0,2026-07-02T12:52:15.128,1,602.5,-17.208,28.41,0.0177,0.0,GOING_TO_ENDPOINT,dump_zone_3,load_zone_26,0.00027,0.000724
1054.0,2026-07-02T12:52:15.128,2,-107.891,451.935,0.0,-0.1997,1000.0,RETURNING_TO_START,load_zone_22,dump_zone_23,0.00025,0.00067
1054.0,2026-07-02T12:52:15.128,3,-100.236,453.622,0.0,-0.5,1000.0,RETURNING_TO_START,load_zone_22,dump_zone_22,0.00025,0.00067
1055.0,2026-07-02T12:52:17.724,1,602.5,-24.999,27.722,-0.0054,0.0,GOING_TO_ENDPOINT,dump_zone_3,load_zone_26,0.000267,0.000716
1055.0,2026-07-02T12:52:17.724,2,-107.891,451.935,0.0,-0.1997,1000.0,RETURNING_TO_START,load_zone_22,dump_zone_23,0.00025,0.00067
1055.0,2026-07-02T12:52:17.724,3,-100.236,453.622,0.0,-0.5,1000.0,RETURNING_TO_START,load_zone_22,dump_zone_22,0.00025,0.00067
1056.0,2026-07-02T12:52:20.551,1,602.5,-32.74,27.998,0.0265,0.0,GOING_TO_ENDPOINT,dump_zone_3,load_zone_26,0.00027,0.000724
1056.0,2026-07-02T12:52:20.551,2,-107.891,451.935,0.0,-0.1997,1000.0,RETURNING_TO_START,load_zone_22,dump_zone_23,0.00025,0.00067
1056.0,2026-07-02T12:52:20.551,3,-100.236,453.622,0.0,-0.5,1000.0,RETURNING_TO_START,load_zone_22,dump_zone_22,0.00025,0.00067
1057.0,2026-07-02T12:52:23.132,1,602.5,-40.436,27.34,-0.1097,0.0,GOING_TO_ENDPOINT,dump_zone_3,load_zone_26,0.000258,0.000691
1057.0,2026-07-02T12:52:23.132,2,-107.891,451.935,0.0,-0.1997,1000.0,RETURNING_TO_START,load_zone_22,dump_zone_23,0.00025,0.00067
1057.0,2026-07-02T12:52:23.132,3,-100.236,453.622,0.0,-0.5,1000.0,RETURNING_TO_START,load_zone_22,dump_zone_22,0.00025,0.00067
1058.0,2026-07-02T12:52:25.764,1,602.5,-48.094,27.727,0.0258,0.0,GOING_TO_ENDPOINT,dump_zone_3,load_zone_26,0.00027,0.000724
1058.0,2026-07-02T12:52:25.764,2,-107.891,451.935,0.0,-0.1997,1000.0,RETURNING_TO_START,load_zone_22,dump_zone_23,0.00025,0.00067
1058.0,2026-07-02T12:52:25.764,3,-100.236,453.622,0.0,-0.5,1000.0,RETURNING_TO_START,load_zone_22,dump_zone_22,0.00025,0.00067
1059.0,2026-07-02T12:52:28.260,1,602.5,-55.826,27.933,0.0585,0.0,GOING_TO_ENDPOINT,dump_zone_3,load_zone_26,0.000273,0.000732
1059.0,2026-07-02T12:52:28.260,2,-107.891,451.935,0.0,-0.1997,1000.0,RETURNING_TO_START,load_zone_22,dump_zone_23,0.00025,0.00067
1059.0,2026-07-02T12:52:28.260,3,-100.236,453.622,0.0,-0.5,1000.0,RETURNING_TO_START,load_zone_22,dump_zone_22,0.00025,0.00067
1060.0,2026-07-02T12:52:30.735,1,602.5,-63.668,28.201,-0.2592,0.0,GOING_TO_ENDPOINT,dump_zone_3,load_zone_26,0.00025,0.00067
1060.0,2026-07-02T12:52:30.735,2,-107.891,451.935,0.0,-0.1997,1000.0,RETURNING_TO_START,load_zone_22,dump_zone_23,0.00025,0.00067
1060.0,2026-07-02T12:52:30.735,3,-100.236,453.622,0.0,-0.5,1000.0,RETURNING_TO_START,load_zone_22,dump_zone_22,0.00025,0.00067
1061.0,2026-07-02T12:52:33.113,1,602.5,-71.25,26.471,-0.5,0.0,GOING_TO_ENDPOINT,dump_zone_3,load_zone_26,0.00025,0.00067
1061.0,2026-07-02T12:52:33.113,2,-107.891,451.935,0.0,-0.1997,1000.0,RETURNING_TO_START,load_zone_22,dump_zone_23,0.00025,0.00067
1061.0,2026-07-02T12:52:33.113,3,-100.236,453.622,0.0,-0.5,1000.0,RETURNING_TO_START,load_zone_22,dump_zone_22,0.00025,0.00067
1062.0,2026-07-02T12:52:35.122,1,602.5,-78.332,24.671,-0.5,0.0,GOING_TO_ENDPOINT,dump_zone_3,load_zone_26,0.00025,0.00067
1062.0,2026-07-02T12:52:35.122,2,-107.891,451.935,0.0,-0.1997,1000.0,RETURNING_TO_START,load_zone_22,dump_zone_23,0.00025,0.00067
1062.0,2026-07-02T12:52:35.122,3,-100.236,453.622,0.0,-0.5,1000.0,RETURNING_TO_START,load_zone_22,dump_zone_22,0.00025,0.00067
1063.0,2026-07-02T12:52:37.099,1,602.5,-84.914,22.871,-0.5,0.0,GOING_TO_ENDPOINT,dump_zone_3,load_zone_26,0.00025,0.00067
1063.0,2026-07-02T12:52:37.099,2,-107.891,451.935,0.0,-0.1997,1000.0,RETURNING_TO_START,load_zone_22,dump_zone_23,0.00025,0.00067
1063.0,2026-07-02T12:52:37.099,3,-100.236,453.622,0.0,-0.5,1000.0,RETURNING_TO_START,load_zone_22,dump_zone_22,0.00025,0.00067
1064.0,2026-07-02T12:52:39.062,1,602.5,-90.996,21.071,-0.5,0.0,GOING_TO_ENDPOINT,dump_zone_3,load_zone_26,0.00025,0.00067
1064.0,2026-07-02T12:52:39.062,2,-107.891,451.935,0.0,-0.1997,1000.0,RETURNING_TO_START,load_zone_22,dump_zone_23,0.00025,0.00067
1064.0,2026-07-02T12:52:39.062,3,-100.236,453.622,0.0,-0.5,1000.0,RETURNING_TO_START,load_zone_22,dump_zone_22,0.00025,0.00067
1065.0,2026-07-02T12:52:41.055,1,602.5,-96.578,19.271,-0.5,0.0,GOING_TO_ENDPOINT,dump_zone_3,load_zone_26,0.00025,0.00067
1065.0,2026-07-02T12:52:41.055,2,-107.891,451.935,0.0,-0.1997,1000.0,RETURNING_TO_START,load_zone_22,dump_zone_23,0.00025,0.00067
1065.0,2026-07-02T12:52:41.055,3,-100.236,453.622,0.0,-0.5,1000.0,RETURNING_TO_START,load_zone_22,dump_zone_22,0.00025,0.00067
1066.0,2026-07-02T12:52:43.311,1,603.422,-101.485,18.171,0.0833,0.0,GOING_TO_ENDPOINT,dump_zone_3,load_zone_26,0.000266,0.000713
1066.0,2026-07-02T12:52:43.311,2,-107.891,451.935,0.0,-0.1997,1000.0,RETURNING_TO_START,load_zone_22,dump_zone_23,0.00025,0.00067
1066.0,2026-07-02T12:52:43.311,3,-100.236,453.622,0.0,-0.5,1000.0,RETURNING_TO_START,load_zone_22,dump_zone_22,0.00025,0.00067
1067.0,2026-07-02T12:52:45.562,1,608.241,-102.48,20.396,1.0,0.0,GOING_TO_ENDPOINT,dump_zone_3,load_zone_26,0.000329,0.000882
1067.0,2026-07-02T12:52:45.562,2,-107.891,451.935,0.0,-0.1997,1000.0,RETURNING_TO_START,load_zone_22,dump_zone_23,0.00025,0.00067
1067.0,2026-07-02T12:52:45.562,3,-100.236,453.622,0.0,-0.5,1000.0,RETURNING_TO_START,load_zone_22,dump_zone_22,0.00025,0.00067
1068.0,2026-07-02T12:52:48.429,1,613.079,-98.644,23.713,0.6601,0.0,GOING_TO_ENDPOINT,dump_zone_3,load_zone_26,0.000316,0.000847
1068.0,2026-07-02T12:52:48.429,2,-107.891,451.935,0.0,-0.1997,1000.0,RETURNING_TO_START,load_zone_22,dump_zone_23,0.00025,0.00067
1068.0,2026-07-02T12:52:48.429,3,-100.236,453.622,0.0,-0.5,1000.0,RETURNING_TO_START,load_zone_22,dump_zone_22,0.00025,0.00067
1069.0,2026-07-02T12:52:51.168,1,619.556,-97.348,24.139,-0.3399,0.0,GOING_TO_ENDPOINT,dump_zone_3,load_zone_26,0.00025,0.00067
1069.0,2026-07-02T12:52:51.168,2,-107.891,451.935,0.0,-0.1997,1000.0,RETURNING_TO_START,load_zone_22,dump_zone_23,0.00025,0.00067
1069.0,2026-07-02T12:52:51.168,3,-100.236,453.622,0.0,-0.5,1000.0,RETURNING_TO_START,load_zone_22,dump_zone_22,0.00025,0.00067
1070.0,2026-07-02T12:52:53.533,1,625.995,-97.492,22.362,-0.5,0.0,GOING_TO_ENDPOINT,dump_zone_3,load_zone_26,0.00025,0.00067
1070.0,2026-07-02T12:52:53.533,2,-107.891,451.935,0.0,-0.1997,1000.0,RETURNING_TO_START,load_zone_22,dump_zone_23,0.00025,0.00067
1070.0,2026-07-02T12:52:53.533,3,-100.236,453.622,0.0,-0.5,1000.0,RETURNING_TO_START,load_zone_22,dump_zone_22,0.00025,0.00067
1071.0,2026-07-02T12:52:55.888,1,631.936,-97.503,20.562,-0.5,0.0,GOING_TO_ENDPOINT,dump_zone_3,load_zone_26,0.00025,0.00067
1071.0,2026-07-02T12:52:55.888,2,-107.891,451.935,0.0,-0.1997,1000.0,RETURNING_TO_START,load_zone_22,dump_zone_23,0.00025,0.00067
1071.0,2026-07-02T12:52:55.888,3,-100.236,453.622,0.0,-0.5,1000.0,RETURNING_TO_START,load_zone_22,dump_zone_22,0.00025,0.00067
1072.0,2026-07-02T12:52:58.203,1,637.376,-97.502,18.762,-0.5,0.0,GOING_TO_ENDPOINT,dump_zone_3,load_zone_26,0.00025,0.00067
1072.0,2026-07-02T12:52:58.203,2,-107.891,451.935,0.0,-0.1997,1000.0,RETURNING_TO_START,load_zone_22,dump_zone_23,0.00025,0.00067
1072.0,2026-07-02T12:52:58.203,3,-100.236,453.622,0.0,-0.5,1000.0,RETURNING_TO_START,load_zone_22,dump_zone_22,0.00025,0.00067
1073.0,2026-07-02T12:53:00.436,1,642.317,-97.501,16.962,-0.5,0.0,GOING_TO_ENDPOINT,dump_zone_3,load_zone_26,0.00025,0.00067
1073.0,2026-07-02T12:53:00.436,2,-107.891,451.935,0.0,-0.1997,1000.0,RETURNING_TO_START,load_zone_22,dump_zone_23,0.00025,0.00067
1073.0,2026-07-02T12:53:00.436,3,-100.236,453.622,0.0,-0.5,1000.0,RETURNING_TO_START,load_zone_22,dump_zone_22,0.00025,0.00067
1074.0,2026-07-02T12:53:02.668,1,646.758,-97.5,15.162,-0.5,0.0,GOING_TO_ENDPOINT,dump_zone_3,load_zone_26,0.00025,0.00067
1074.0,2026-07-02T12:53:02.668,2,-107.891,451.935,0.0,-0.1997,1000.0,RETURNING_TO_START,load_zone_22,dump_zone_23,0.00025,0.00067
1074.0,2026-07-02T12:53:02.668,3,-100.236,453.622,0.0,-0.5,1000.0,RETURNING_TO_START,load_zone_22,dump_zone_22,0.00025,0.00067
1075.0,2026-07-02T12:53:05.279,1,650.652,-97.959,13.362,-0.5,0.0,GOING_TO_ENDPOINT,dump_zone_3,load_zone_26,0.00025,0.00067
1075.0,2026-07-02T12:53:05.279,2,-107.891,451.935,0.0,-0.1997,1000.0,RETURNING_TO_START,load_zone_22,dump_zone_23,0.00025,0.00067
1075.0,2026-07-02T12:53:05.279,3,-100.236,453.622,0.0,-0.5,1000.0,RETURNING_TO_START,load_zone_22,dump_zone_22,0.00025,0.00067
1076.0,2026-07-02T12:53:07.449,1,653.479,-99.916,11.937,-0.0833,0.0,GOING_TO_ENDPOINT,dump_zone_3,load_zone_26,0.000254,0.000681
1076.0,2026-07-02T12:53:07.449,2,-107.891,451.935,0.0,-0.1997,1000.0,RETURNING_TO_START,load_zone_22,dump_zone_23,0.00025,0.00067
1076.0,2026-07-02T12:53:07.449,3,-100.236,453.622,0.0,-0.5,1000.0,RETURNING_TO_START,load_zone_22,dump_zone_22,0.00025,0.00067
1077.0,2026-07-02T12:53:09.357,1,655.959,-102.359,13.587,0.9167,0.0,GOING_TO_ENDPOINT,dump_zone_3,load_zone_26,0.000299,0.000801
1077.0,2026-07-02T12:53:09.357,2,-107.891,451.935,0.0,-0.1997,1000.0,RETURNING_TO_START,load_zone_22,dump_zone_23,0.00025,0.00067
1077.0,2026-07-02T12:53:09.357,3,-100.236,453.622,0.0,-0.5,1000.0,RETURNING_TO_START,load_zone_22,dump_zone_22,0.00025,0.00067
1078.0,2026-07-02T12:53:11.182,1,658.995,-105.427,17.187,1.0,0.0,GOING_TO_ENDPOINT,dump_zone_3,load_zone_26,0.000316,0.000847
1078.0,2026-07-02T12:53:11.182,2,-107.891,451.935,0.0,-0.1997,1000.0,RETURNING_TO_START,load_zone_22,dump_zone_23,0.00025,0.00067
1078.0,2026-07-02T12:53:11.182,3,-100.236,453.622,0.0,-0.5,1000.0,RETURNING_TO_START,load_zone_22,dump_zone_22,0.00025,0.00067
1079.0,2026-07-02T12:53:13.251,1,662.739,-109.2,20.787,1.0,0.0,GOING_TO_ENDPOINT,dump_zone_3,load_zone_26,0.00033,0.000884
1079.0,2026-07-02T12:53:13.251,2,-107.891,451.935,0.0,-0.1997,1000.0,RETURNING_TO_START,load_zone_22,dump_zone_23,0.00025,0.00067
1079.0,2026-07-02T12:53:13.251,3,-100.236,453.622,0.0,-0.5,1000.0,RETURNING_TO_START,load_zone_22,dump_zone_22,0.00025,0.00067
1080.0,2026-07-02T12:53:15.712,1,667.203,-113.669,24.387,1.0,0.0,GOING_TO_ENDPOINT,dump_zone_3,load_zone_26,0.000344,0.000922
1080.0,2026-07-02T12:53:15.712,2,-107.891,451.935,0.0,-0.1997,1000.0,RETURNING_TO_START,load_zone_22,dump_zone_23,0.00025,0.00067
1080.0,2026-07-02T12:53:15.712,3,-100.236,453.622,0.0,-0.5,1000.0,RETURNING_TO_START,load_zone_22,dump_zone_22,0.00025,0.00067
1081.0,2026-07-02T12:53:18.259,1,672.362,-118.827,27.612,0.5833,0.0,GOING_TO_ENDPOINT,dump_zone_3,load_zone_26,0.00032,0.000858
1081.0,2026-07-02T12:53:18.259,2,-107.891,451.935,0.0,-0.1997,1000.0,RETURNING_TO_START,load_zone_22,dump_zone_23,0.00025,0.00067
1081.0,2026-07-02T12:53:18.259,3,-100.236,453.622,0.0,-0.5,1000.0,RETURNING_TO_START,load_zone_22,dump_zone_22,0.00025,0.00067
1082.0,2026-07-02T12:53:20.676,1,677.891,-124.355,28.094,-0.3084,0.0,GOING_TO_ENDPOINT,dump_zone_3,load_zone_26,0.00025,0.00067
1082.0,2026-07-02T12:53:20.676,2,-107.891,451.935,0.0,-0.1997,1000.0,RETURNING_TO_START,load_zone_22,dump_zone_23,0.00025,0.00067
1082.0,2026-07-02T12:53:20.676,3,-100.236,453.622,0.0,-0.5,1000.0,RETURNING_TO_START,load_zone_22,dump_zone_22,0.00025,0.00067
1083.0,2026-07-02T12:53:22.737,1,683.225,-129.69,26.334,-0.5,0.0,GOING_TO_ENDPOINT,dump_zone_3,load_zone_26,0.00025,0.00067
1083.0,2026-07-02T12:53:22.737,2,-107.891,451.935,0.0,-0.1997,1000.0,RETURNING_TO_START,load_zone_22,dump_zone_23,0.00025,0.00067
1083.0,2026-07-02T12:53:22.737,3,-100.236,453.622,0.0,-0.5,1000.0,RETURNING_TO_START,load_zone_22,dump_zone_22,0.00025,0.00067
1084.0,2026-07-02T12:53:24.715,1,688.206,-134.671,24.534,-0.5,0.0,GOING_TO_ENDPOINT,dump_zone_3,load_zone_26,0.00025,0.00067
1084.0,2026-07-02T12:53:24.715,2,-107.891,451.935,0.0,-0.1997,1000.0,RETURNING_TO_START,load_zone_22,dump_zone_23,0.00025,0.00067
1084.0,2026-07-02T12:53:24.715,3,-100.236,453.622,0.0,-0.5,1000.0,RETURNING_TO_START,load_zone_22,dump_zone_22,0.00025,0.00067
1085.0,2026-07-02T12:53:26.634,1,692.834,-139.298,22.734,-0.5,0.0,GOING_TO_ENDPOINT,dump_zone_3,load_zone_26,0.00025,0.00067
1085.0,2026-07-02T12:53:26.634,2,-107.891,451.935,0.0,-0.1997,1000.0,RETURNING_TO_START,load_zone_22,dump_zone_23,0.00025,0.00067
1085.0,2026-07-02T12:53:26.634,3,-100.236,453.622,0.0,-0.5,1000.0,RETURNING_TO_START,load_zone_22,dump_zone_22,0.00025,0.00067
1086.0,2026-07-02T12:53:29.020,1,697.109,-143.571,20.934,-0.5,0.0,GOING_TO_ENDPOINT,dump_zone_3,load_zone_26,0.00025,0.00067
1086.0,2026-07-02T12:53:29.020,2,-107.891,451.935,0.0,-0.1997,1000.0,RETURNING_TO_START,load_zone_22,dump_zone_23,0.00025,0.00067
1086.0,2026-07-02T12:53:29.020,3,-100.236,453.622,0.0,-0.5,1000.0,RETURNING_TO_START,load_zone_22,dump_zone_22,0.00025,0.00067
1087.0,2026-07-02T12:53:31.092,1,700.967,-147.549,19.134,-0.5,0.0,GOING_TO_ENDPOINT,dump_zone_3,load_zone_26,0.00025,0.00067
1087.0,2026-07-02T12:53:31.092,2,-107.891,451.935,0.0,-0.1997,1000.0,RETURNING_TO_START,load_zone_22,dump_zone_23,0.00025,0.00067
1087.0,2026-07-02T12:53:31.092,3,-100.236,453.622,0.0,-0.5,1000.0,RETURNING_TO_START,load_zone_22,dump_zone_22,0.00025,0.00067
1088.0,2026-07-02T12:53:33.550,1,703.351,-151.942,17.359,-0.4167,0.0,GOING_TO_ENDPOINT,dump_zone_3,load_zone_26,0.00025,0.00067
1088.0,2026-07-02T12:53:33.550,2,-107.891,451.935,0.0,-0.1997,1000.0,RETURNING_TO_START,load_zone_22,dump_zone_23,0.00025,0.00067
1088.0,2026-07-02T12:53:33.550,3,-100.236,453.622,0.0,-0.5,1000.0,RETURNING_TO_START,load_zone_22,dump_zone_22,0.00025,0.00067
1089.0,2026-07-02T12:53:36.308,1,702.768,-156.7,17.809,0.5833,0.0,GOING_TO_ENDPOINT,dump_zone_3,load_zone_26,0.000295,0.000791
1089.0,2026-07-02T12:53:36.308,2,-107.891,451.935,0.0,-0.1997,1000.0,RETURNING_TO_START,load_zone_22,dump_zone_23,0.00025,0.00067
1089.0,2026-07-02T12:53:36.308,3,-100.236,453.622,0.0,-0.5,1000.0,RETURNING_TO_START,load_zone_22,dump_zone_22,0.00025,0.00067
1090.0,2026-07-02T12:53:38.922,1,702.502,-162.023,20.209,0.3999,0.0,GOING_TO_ENDPOINT,dump_zone_3,load_zone_26,0.000289,0.000775
1090.0,2026-07-02T12:53:38.922,2,-107.891,451.935,0.0,-0.1997,1000.0,RETURNING_TO_START,load_zone_22,dump_zone_23,0.00025,0.00067
1090.0,2026-07-02T12:53:38.922,3,-100.236,453.622,0.0,-0.5,1000.0,RETURNING_TO_START,load_zone_22,dump_zone_22,0.00025,0.00067
1091.0,2026-07-02T12:53:41.467,1,702.494,-167.644,19.734,-0.5,0.0,GOING_TO_ENDPOINT,dump_zone_3,load_zone_26,0.00025,0.00067
1091.0,2026-07-02T12:53:41.467,2,-107.891,451.935,0.0,-0.1997,1000.0,RETURNING_TO_START,load_zone_22,dump_zone_23,0.00025,0.00067
1091.0,2026-07-02T12:53:41.467,3,-100.236,453.622,0.0,-0.5,1000.0,RETURNING_TO_START,load_zone_22,dump_zone_22,0.00025,0.00067
1092.0,2026-07-02T12:53:43.692,1,702.499,-172.854,17.934,-0.5,0.0,GOING_TO_ENDPOINT,dump_zone_3,load_zone_26,0.00025,0.00067
1092.0,2026-07-02T12:53:43.692,2,-107.891,451.935,0.0,-0.1997,1000.0,RETURNING_TO_START,load_zone_22,dump_zone_23,0.00025,0.00067
1092.0,2026-07-02T12:53:43.692,3,-100.236,453.622,0.0,-0.5,1000.0,RETURNING_TO_START,load_zone_22,dump_zone_22,0.00025,0.00067
1093.0,2026-07-02T12:53:46.008,1,702.5,-177.565,16.134,-0.5,0.0,GOING_TO_ENDPOINT,dump_zone_3,load_zone_26,0.00025,0.00067
1093.0,2026-07-02T12:53:46.008,2,-107.891,451.935,0.0,-0.1997,1000.0,RETURNING_TO_START,load_zone_22,dump_zone_23,0.00025,0.00067
1093.0,2026-07-02T12:53:46.008,3,-100.236,453.622,0.0,-0.5,1000.0,RETURNING_TO_START,load_zone_22,dump_zone_22,0.00025,0.00067
1094.0,2026-07-02T12:53:48.293,1,702.5,-181.776,14.334,-0.5,0.0,GOING_TO_ENDPOINT,dump_zone_3,load_zone_26,0.00025,0.00067
1094.0,2026-07-02T12:53:48.293,2,-107.891,451.935,0.0,-0.1997,1000.0,RETURNING_TO_START,load_zone_22,dump_zone_23,0.00025,0.00067
1094.0,2026-07-02T12:53:48.293,3,-100.236,453.622,0.0,-0.5,1000.0,RETURNING_TO_START,load_zone_22,dump_zone_22,0.00025,0.00067
1095.0,2026-07-02T12:53:50.350,1,702.5,-185.486,12.534,-0.5,0.0,GOING_TO_ENDPOINT,dump_zone_3,load_zone_26,0.00025,0.00067
1095.0,2026-07-02T12:53:50.350,2,-107.891,451.935,0.0,-0.1997,1000.0,RETURNING_TO_START,load_zone_22,dump_zone_23,0.00025,0.00067
1095.0,2026-07-02T12:53:50.350,3,-100.236,453.622,0.0,-0.5,1000.0,RETURNING_TO_START,load_zone_22,dump_zone_22,0.00025,0.00067
1096.0,2026-07-02T12:53:52.575,1,702.5,-188.697,10.734,-0.5,0.0,GOING_TO_ENDPOINT,dump_zone_3,load_zone_26,0.00025,0.00067
1096.0,2026-07-02T12:53:52.575,2,-107.891,451.935,0.0,-0.1997,1000.0,RETURNING_TO_START,load_zone_22,dump_zone_23,0.00025,0.00067
1096.0,2026-07-02T12:53:52.575,3,-100.236,453.622,0.0,-0.5,1000.0,RETURNING_TO_START,load_zone_22,dump_zone_22,0.00025,0.00067
1097.0,2026-07-02T12:53:55.128,1,701.762,-191.257,8.934,-0.5,0.0,GOING_TO_ENDPOINT,dump_zone_3,load_zone_26,0.00025,0.00067
1097.0,2026-07-02T12:53:55.128,2,-107.891,451.935,0.0,-0.1997,1000.0,RETURNING_TO_START,load_zone_22,dump_zone_23,0.00025,0.00067
1097.0,2026-07-02T12:53:55.128,3,-100.236,453.622,0.0,-0.5,1000.0,RETURNING_TO_START,load_zone_22,dump_zone_22,0.00025,0.00067
1098.0,2026-07-02T12:53:57.701,1,701.007,-193.308,7.134,-0.5,0.0,GOING_TO_ENDPOINT,dump_zone_3,load_zone_26,0.00025,0.00067
1098.0,2026-07-02T12:53:57.701,2,-107.891,451.935,0.0,-0.1997,1000.0,RETURNING_TO_START,load_zone_22,dump_zone_23,0.00025,0.00067
1098.0,2026-07-02T12:53:57.701,3,-100.236,453.622,0.0,-0.5,1000.0,RETURNING_TO_START,load_zone_22,dump_zone_22,0.00025,0.00067
1099.0,2026-07-02T12:54:00.199,1,701.226,-194.991,5.334,-0.5,0.0,GOING_TO_ENDPOINT,dump_zone_3,load_zone_26,0.00025,0.00067
1099.0,2026-07-02T12:54:00.199,2,-107.891,451.935,0.0,-0.1997,1000.0,RETURNING_TO_START,load_zone_22,dump_zone_23,0.00025,0.00067
1099.0,2026-07-02T12:54:00.199,3,-100.236,453.622,0.0,-0.5,1000.0,RETURNING_TO_START,load_zone_22,dump_zone_22,0.00025,0.00067
1100.0,2026-07-02T12:54:02.994,1,701.793,-196.056,3.534,-0.5,0.0,GOING_TO_ENDPOINT,dump_zone_3,load_zone_26,0.00025,0.00067
1100.0,2026-07-02T12:54:02.994,2,-107.891,451.935,0.0,-0.1997,1000.0,RETURNING_TO_START,load_zone_22,dump_zone_23,0.00025,0.00067
1100.0,2026-07-02T12:54:02.994,3,-100.236,453.622,0.0,-0.5,1000.0,RETURNING_TO_START,load_zone_22,dump_zone_22,0.00025,0.00067
1101.0,2026-07-02T12:54:05.944,1,702.263,-196.588,1.734,-0.5,0.0,LOADING,dump_zone_3,load_zone_26,0.00025,0.00067
1101.0,2026-07-02T12:54:05.944,2,-107.891,451.935,0.0,-0.1997,1000.0,RETURNING_TO_START,load_zone_22,dump_zone_23,0.00025,0.00067
1101.0,2026-07-02T12:54:05.944,3,-100.236,453.622,0.0,-0.5,1000.0,RETURNING_TO_START,load_zone_22,dump_zone_22,0.00025,0.00067
1102.0,2026-07-02T12:54:08.877,1,702.419,-196.733,0.0,-0.5,0.0,LOADING,dump_zone_3,load_zone_26,0.00025,0.00067
1102.0,2026-07-02T12:54:08.877,2,-107.891,451.935,0.0,-0.1997,1000.0,RETURNING_TO_START,load_zone_22,dump_zone_23,0.00025,0.00067
1102.0,2026-07-02T12:54:08.877,3,-100.236,453.622,0.0,-0.5,1000.0,RETURNING_TO_START,load_zone_22,dump_zone_22,0.00025,0.00067
1103.0,2026-07-02T12:54:12.015,1,702.419,-196.733,0.0,-0.5,0.0,LOADING,dump_zone_3,load_zone_26,0.00025,0.00067
1103.0,2026-07-02T12:54:12.015,2,-107.891,451.935,0.0,-0.1997,1000.0,RETURNING_TO_START,load_zone_22,dump_zone_23,0.00025,0.00067
1103.0,2026-07-02T12:54:12.015,3,-100.236,453.622,0.0,-0.5,1000.0,RETURNING_TO_START,load_zone_22,dump_zone_22,0.00025,0.00067
1104.0,2026-07-02T12:54:14.020,1,704.032,-197.57,7.2,0.0,1000.0,TURNING_AROUND,load_zone_26,dump_zone_3,0.000258,0.000691
1104.0,2026-07-02T12:54:14.020,2,-107.891,451.935,0.0,-0.1997,1000.0,RETURNING_TO_START,load_zone_22,dump_zone_23,0.00025,0.00067
1104.0,2026-07-02T12:54:14.020,3,-100.236,453.622,0.0,-0.5,1000.0,RETURNING_TO_START,load_zone_22,dump_zone_22,0.00025,0.00067
1105.0,2026-07-02T12:54:15.902,1,704.86,-197.75,5.4,0.0,1000.0,TURNING_AROUND,load_zone_26,dump_zone_3,0.000256,0.000686
1105.0,2026-07-02T12:54:15.902,2,-107.891,451.935,0.0,-0.1997,1000.0,RETURNING_TO_START,load_zone_22,dump_zone_23,0.00025,0.00067
1105.0,2026-07-02T12:54:15.902,3,-100.236,453.622,0.0,-0.5,1000.0,RETURNING_TO_START,load_zone_22,dump_zone_22,0.00025,0.00067
1106.0,2026-07-02T12:54:17.592,1,704.486,-197.728,7.2,0.0,1000.0,TURNING_AROUND,load_zone_26,dump_zone_3,0.000258,0.000691
1106.0,2026-07-02T12:54:17.592,2,-107.891,451.935,0.0,-0.1997,1000.0,RETURNING_TO_START,load_zone_22,dump_zone_23,0.00025,0.00067
1106.0,2026-07-02T12:54:17.592,3,-100.236,453.622,0.0,-0.5,1000.0,RETURNING_TO_START,load_zone_22,dump_zone_22,0.00025,0.00067
1107.0,2026-07-02T12:54:19.401,1,705.754,-196.208,7.2,0.0,1000.0,TURNING_AROUND,load_zone_26,dump_zone_3,0.000258,0.000691
1107.0,2026-07-02T12:54:19.401,2,-107.891,451.935,0.0,-0.1997,1000.0,RETURNING_TO_START,load_zone_22,dump_zone_23,0.00025,0.00067
1107.0,2026-07-02T12:54:19.401,3,-100.236,453.622,0.0,-0.5,1000.0,RETURNING_TO_START,load_zone_22,dump_zone_22,0.00025,0.00067
1108.0,2026-07-02T12:54:21.319,1,705.837,-196.105,0.0,-0.0833,1000.0,RETURNING_TO_START,load_zone_26,dump_zone_3,0.00025,0.00067
1108.0,2026-07-02T12:54:21.319,2,-107.891,451.935,0.0,-0.1997,1000.0,RETURNING_TO_START,load_zone_22,dump_zone_23,0.00025,0.00067
1108.0,2026-07-02T12:54:21.319,3,-100.236,453.622,0.0,-0.5,1000.0,RETURNING_TO_START,load_zone_22,dump_zone_22,0.00025,0.00067
1109.0,2026-07-02T12:54:23.438,1,705.835,-195.939,1.65,0.9167,1000.0,RETURNING_TO_START,load_zone_26,dump_zone_3,0.00026,0.000697
1109.0,2026-07-02T12:54:23.438,2,-107.891,451.935,0.0,-0.1997,1000.0,RETURNING_TO_START,load_zone_22,dump_zone_23,0.00025,0.00067
1109.0,2026-07-02T12:54:23.438,3,-100.236,453.622,0.0,-0.5,1000.0,RETURNING_TO_START,load_zone_22,dump_zone_22,0.00025,0.00067
1110.0,2026-07-02T12:54:25.306,1,705.675,-194.955,5.25,1.0,1000.0,RETURNING_TO_START,load_zone_26,dump_zone_3,0.000284,0.000761
1110.0,2026-07-02T12:54:25.306,2,-107.891,451.935,0.0,-0.1997,1000.0,RETURNING_TO_START,load_zone_22,dump_zone_23,0.00025,0.00067
1110.0,2026-07-02T12:54:25.306,3,-100.236,453.622,0.0,-0.5,1000.0,RETURNING_TO_START,load_zone_22,dump_zone_22,0.00025,0.00067
1111.0,2026-07-02T12:54:29.174,1,704.784,-193.17,8.85,1.0,1000.0,RETURNING_TO_START,load_zone_26,dump_zone_3,0.000307,0.000823
1111.0,2026-07-02T12:54:29.174,2,-107.891,451.935,0.0,-0.1997,1000.0,RETURNING_TO_START,load_zone_22,dump_zone_23,0.00025,0.00067
1111.0,2026-07-02T12:54:29.174,3,-100.236,453.622,0.0,-0.5,1000.0,RETURNING_TO_START,load_zone_22,dump_zone_22,0.00025,0.00067
1112.0,2026-07-02T12:54:31.440,1,702.895,-190.842,12.45,1.0,1000.0,RETURNING_TO_START,load_zone_26,dump_zone_3,0.00033,0.000884
1112.0,2026-07-02T12:54:31.440,2,-107.891,451.935,0.0,-0.1997,1000.0,RETURNING_TO_START,load_zone_22,dump_zone_23,0.00025,0.00067
1112.0,2026-07-02T12:54:31.440,3,-100.236,453.622,0.0,-0.5,1000.0,RETURNING_TO_START,load_zone_22,dump_zone_22,0.00025,0.00067
1113.0,2026-07-02T12:54:33.921,1,700.181,-187.905,16.05,1.0,1000.0,RETURNING_TO_START,load_zone_26,dump_zone_3,0.000353,0.000946
1113.0,2026-07-02T12:54:33.921,2,-107.891,451.935,0.0,-0.1997,1000.0,RETURNING_TO_START,load_zone_22,dump_zone_23,0.00025,0.00067
1113.0,2026-07-02T12:54:33.921,3,-100.236,453.622,0.0,-0.5,1000.0,RETURNING_TO_START,load_zone_22,dump_zone_22,0.00025,0.00067
1114.0,2026-07-02T12:54:37.069,1,697.895,-183.538,19.341,0.6383,1000.0,RETURNING_TO_START,load_zone_26,dump_zone_3,0.000337,0.000903
1114.0,2026-07-02T12:54:37.069,2,-107.891,451.935,0.0,-0.1997,1000.0,RETURNING_TO_START,load_zone_22,dump_zone_23,0.00025,0.00067
1114.0,2026-07-02T12:54:37.069,3,-100.236,453.622,0.0,-0.5,1000.0,RETURNING_TO_START,load_zone_22,dump_zone_22,0.00025,0.00067
1115.0,2026-07-02T12:54:43.593,1,697.442,-178.06,19.689,-0.3617,1000.0,RETURNING_TO_START,load_zone_26,dump_zone_3,0.00025,0.00067
1115.0,2026-07-02T12:54:43.593,2,-107.891,451.935,0.0,-0.1997,1000.0,RETURNING_TO_START,load_zone_22,dump_zone_23,0.00025,0.00067
1115.0,2026-07-02T12:54:43.593,3,-100.236,453.622,0.0,-0.5,1000.0,RETURNING_TO_START,load_zone_22,dump_zone_22,0.00025,0.00067
1116.0,2026-07-02T12:54:54.499,1,697.491,-172.857,17.905,-0.5,1000.0,RETURNING_TO_START,load_zone_26,dump_zone_3,0.00025,0.00067
1116.0,2026-07-02T12:54:54.499,2,-107.891,451.935,0.0,-0.1997,1000.0,RETURNING_TO_START,load_zone_22,dump_zone_23,0.00025,0.00067
1116.0,2026-07-02T12:54:54.499,3,-100.236,453.622,0.0,-0.5,1000.0,RETURNING_TO_START,load_zone_22,dump_zone_22,0.00025,0.00067
1117.0,2026-07-02T12:55:17.923,1,697.503,-168.154,16.105,-0.5,1000.0,RETURNING_TO_START,load_zone_26,dump_zone_3,0.00025,0.00067
1117.0,2026-07-02T12:55:17.923,2,-107.891,451.935,0.0,-0.1997,1000.0,RETURNING_TO_START,load_zone_22,dump_zone_23,0.00025,0.00067
1117.0,2026-07-02T12:55:17.923,3,-100.236,453.622,0.0,-0.5,1000.0,RETURNING_TO_START,load_zone_22,dump_zone_22,0.00025,0.00067
1118.0,2026-07-02T12:55:25.191,1,697.501,-163.952,14.305,-0.5,1000.0,RETURNING_TO_START,load_zone_26,dump_zone_3,0.00025,0.00067
1118.0,2026-07-02T12:55:25.191,2,-107.891,451.935,0.0,-0.1997,1000.0,RETURNING_TO_START,load_zone_22,dump_zone_23,0.00025,0.00067
1118.0,2026-07-02T12:55:25.191,3,-100.236,453.622,0.0,-0.5,1000.0,RETURNING_TO_START,load_zone_22,dump_zone_22,0.00025,0.00067
1119.0,2026-07-02T12:55:28.916,1,697.5,-160.249,12.505,-0.5,1000.0,RETURNING_TO_START,load_zone_26,dump_zone_3,0.00025,0.00067
1119.0,2026-07-02T12:55:28.916,2,-107.891,451.935,0.0,-0.1997,1000.0,RETURNING_TO_START,load_zone_22,dump_zone_23,0.00025,0.00067
1119.0,2026-07-02T12:55:28.916,3,-100.236,453.622,0.0,-0.5,1000.0,RETURNING_TO_START,load_zone_22,dump_zone_22,0.00025,0.00067
1120.0,2026-07-02T12:55:32.166,1,697.5,-157.046,10.705,-0.5,1000.0,RETURNING_TO_START,load_zone_26,dump_zone_3,0.00025,0.00067
1120.0,2026-07-02T12:55:32.166,2,-107.891,451.935,0.0,-0.1997,1000.0,RETURNING_TO_START,load_zone_22,dump_zone_23,0.00025,0.00067
1120.0,2026-07-02T12:55:32.166,3,-100.236,453.622,0.0,-0.5,1000.0,RETURNING_TO_START,load_zone_22,dump_zone_22,0.00025,0.00067
1121.0,2026-07-02T12:55:35.382,1,697.5,-154.343,8.905,-0.5,1000.0,RETURNING_TO_START,load_zone_26,dump_zone_3,0.00025,0.00067
1121.0,2026-07-02T12:55:35.382,2,-107.891,451.935,0.0,-0.1997,1000.0,RETURNING_TO_START,load_zone_22,dump_zone_23,0.00025,0.00067
1121.0,2026-07-02T12:55:35.382,3,-100.236,453.622,0.0,-0.5,1000.0,RETURNING_TO_START,load_zone_22,dump_zone_22,0.00025,0.00067
1122.0,2026-07-02T12:55:38.159,1,697.501,-152.14,7.105,-0.5,1000.0,RETURNING_TO_START,load_zone_26,dump_zone_3,0.00025,0.00067
1122.0,2026-07-02T12:55:38.159,2,-107.891,451.935,0.0,-0.1997,1000.0,RETURNING_TO_START,load_zone_22,dump_zone_23,0.00025,0.00067
1122.0,2026-07-02T12:55:38.159,3,-100.236,453.622,0.0,-0.5,1000.0,RETURNING_TO_START,load_zone_22,dump_zone_22,0.00025,0.00067
1123.0,2026-07-02T12:55:40.466,1,697.238,-150.46,5.455,-0.25,1000.0,RETURNING_TO_START,load_zone_26,dump_zone_3,0.00025,0.00067
1123.0,2026-07-02T12:55:40.466,2,-107.891,451.935,0.0,-0.1997,1000.0,RETURNING_TO_START,load_zone_22,dump_zone_23,0.00025,0.00067
1123.0,2026-07-02T12:55:40.466,3,-100.236,453.622,0.0,-0.5,1000.0,RETURNING_TO_START,load_zone_22,dump_zone_22,0.00025,0.00067
1124.0,2026-07-02T12:55:42.942,1,696.42,-149.108,6.505,0.75,1000.0,RETURNING_TO_START,load_zone_26,dump_zone_3,0.000283,0.000758
1124.0,2026-07-02T12:55:42.942,2,-107.891,451.935,0.0,-0.1997,1000.0,RETURNING_TO_START,load_zone_22,dump_zone_23,0.00025,0.00067
1124.0,2026-07-02T12:55:42.942,3,-100.236,453.622,0.0,-0.5,1000.0,RETURNING_TO_START,load_zone_22,dump_zone_22,0.00025,0.00067
1125.0,2026-07-02T12:55:45.028,1,694.748,-147.488,10.03,1.0,1000.0,RETURNING_TO_START,load_zone_26,dump_zone_3,0.000315,0.000844
1125.0,2026-07-02T12:55:45.028,2,-107.891,451.935,0.0,-0.1997,1000.0,RETURNING_TO_START,load_zone_22,dump_zone_23,0.00025,0.00067
1125.0,2026-07-02T12:55:45.028,3,-100.236,453.622,0.0,-0.5,1000.0,RETURNING_TO_START,load_zone_22,dump_zone_22,0.00025,0.00067
1126.0,2026-07-02T12:55:47.162,1,692.226,-145.317,13.63,1.0,1000.0,RETURNING_TO_START,load_zone_26,dump_zone_3,0.000338,0.000906
1126.0,2026-07-02T12:55:47.162,2,-107.891,451.935,0.0,-0.1997,1000.0,RETURNING_TO_START,load_zone_22,dump_zone_23,0.00025,0.00067
1126.0,2026-07-02T12:55:47.162,3,-100.236,453.622,0.0,-0.5,1000.0,RETURNING_TO_START,load_zone_22,dump_zone_22,0.00025,0.00067
1127.0,2026-07-02T12:55:49.836,1,688.981,-142.454,17.23,1.0,1000.0,RETURNING_TO_START,load_zone_26,dump_zone_3,0.000361,0.000967
1127.0,2026-07-02T12:55:49.836,2,-107.891,451.935,0.0,-0.1997,1000.0,RETURNING_TO_START,load_zone_22,dump_zone_23,0.00025,0.00067
1127.0,2026-07-02T12:55:49.836,3,-100.236,453.622,0.0,-0.5,1000.0,RETURNING_TO_START,load_zone_22,dump_zone_22,0.00025,0.00067
1128.0,2026-07-02T12:55:53.407,1,685.174,-138.728,20.83,1.0,1000.0,RETURNING_TO_START,load_zone_26,dump_zone_3,0.000384,0.001029
1128.0,2026-07-02T12:55:53.407,2,-107.891,451.935,0.0,-0.1997,1000.0,RETURNING_TO_START,load_zone_22,dump_zone_23,0.00025,0.00067
1128.0,2026-07-02T12:55:53.407,3,-100.236,453.622,0.0,-0.5,1000.0,RETURNING_TO_START,load_zone_22,dump_zone_22,0.00025,0.00067
1129.0,2026-07-02T12:55:55.940,1,680.776,-134.312,23.305,0.25,1000.0,RETURNING_TO_START,load_zone_26,dump_zone_3,0.000306,0.00082
1129.0,2026-07-02T12:55:55.940,2,-107.891,451.935,0.0,-0.1997,1000.0,RETURNING_TO_START,load_zone_22,dump_zone_23,0.00025,0.00067
1129.0,2026-07-02T12:55:55.940,3,-100.236,453.622,0.0,-0.5,1000.0,RETURNING_TO_START,load_zone_22,dump_zone_22,0.00025,0.00067
1130.0,2026-07-02T12:55:58.334,1,676.208,-129.743,22.821,-0.5,1000.0,RETURNING_TO_START,load_zone_26,dump_zone_3,0.00025,0.00067
1130.0,2026-07-02T12:55:58.334,2,-107.891,451.935,0.0,-0.1997,1000.0,RETURNING_TO_START,load_zone_22,dump_zone_23,0.00025,0.00067
1130.0,2026-07-02T12:55:58.334,3,-100.236,453.622,0.0,-0.5,1000.0,RETURNING_TO_START,load_zone_22,dump_zone_22,0.00025,0.00067
1131.0,2026-07-02T12:56:00.652,1,671.917,-125.453,21.021,-0.5,1000.0,RETURNING_TO_START,load_zone_26,dump_zone_3,0.00025,0.00067
1131.0,2026-07-02T12:56:00.652,2,-107.891,451.935,0.0,-0.1997,1000.0,RETURNING_TO_START,load_zone_22,dump_zone_23,0.00025,0.00067
1131.0,2026-07-02T12:56:00.652,3,-100.236,453.622,0.0,-0.5,1000.0,RETURNING_TO_START,load_zone_22,dump_zone_22,0.00025,0.00067
1132.0,2026-07-02T12:56:03.096,1,667.98,-121.515,19.221,-0.5,1000.0,RETURNING_TO_START,load_zone_26,dump_zone_3,0.00025,0.00067
1132.0,2026-07-02T12:56:03.096,2,-107.891,451.935,0.0,-0.1997,1000.0,RETURNING_TO_START,load_zone_22,dump_zone_23,0.00025,0.00067
1132.0,2026-07-02T12:56:03.096,3,-100.236,453.622,0.0,-0.5,1000.0,RETURNING_TO_START,load_zone_22,dump_zone_22,0.00025,0.00067
1133.0,2026-07-02T12:59:49.795,1,664.395,-117.931,17.427,-0.5,1000.0,RETURNING_TO_START,load_zone_26,dump_zone_3,0.00025,0.00067
1133.0,2026-07-02T12:59:49.795,2,-107.891,451.935,0.0,-0.1997,1000.0,RETURNING_TO_START,load_zone_22,dump_zone_23,0.00025,0.00067
1133.0,2026-07-02T12:59:49.795,3,-100.236,453.622,0.0,-0.5,1000.0,RETURNING_TO_START,load_zone_22,dump_zone_22,0.00025,0.00067
1134.0,2026-07-02T12:59:54.786,1,661.142,-114.677,15.82,-0.5,1000.0,RETURNING_TO_START,load_zone_26,dump_zone_3,0.00025,0.00067
1134.0,2026-07-02T12:59:54.786,2,-107.891,451.935,0.0,-0.1997,1000.0,RETURNING_TO_START,load_zone_22,dump_zone_23,0.00025,0.00067
1134.0,2026-07-02T12:59:54.786,3,-100.236,453.622,0.0,-0.5,1000.0,RETURNING_TO_START,load_zone_22,dump_zone_22,0.00025,0.00067
1135.0,2026-07-02T12:59:58.484,1,658.21,-111.745,14.22,-0.4167,1000.0,RETURNING_TO_START,load_zone_26,dump_zone_3,0.00025,0.00067
1135.0,2026-07-02T12:59:58.484,2,-107.891,451.935,0.0,-0.1997,1000.0,RETURNING_TO_START,load_zone_22,dump_zone_23,0.00025,0.00067
1135.0,2026-07-02T12:59:58.484,3,-100.236,453.622,0.0,-0.5,1000.0,RETURNING_TO_START,load_zone_22,dump_zone_22,0.00025,0.00067
1136.0,2026-07-02T13:00:01.655,1,655.608,-109.144,12.42,-0.5,1000.0,RETURNING_TO_START,load_zone_26,dump_zone_3,0.00025,0.00067
1136.0,2026-07-02T13:00:01.655,2,-107.891,451.935,0.0,-0.1997,1000.0,RETURNING_TO_START,load_zone_22,dump_zone_23,0.00025,0.00067
1136.0,2026-07-02T13:00:01.655,3,-100.236,453.622,0.0,-0.5,1000.0,RETURNING_TO_START,load_zone_22,dump_zone_22,0.00025,0.00067
1137.0,2026-07-02T13:00:04.397,1,653.359,-106.894,10.655,-0.5,1000.0,RETURNING_TO_START,load_zone_26,dump_zone_3,0.00025,0.00067
1137.0,2026-07-02T13:00:04.397,2,-107.891,451.935,0.0,-0.1997,1000.0,RETURNING_TO_START,load_zone_22,dump_zone_23,0.00025,0.00067
1137.0,2026-07-02T13:00:04.397,3,-100.236,453.622,0.0,-0.5,1000.0,RETURNING_TO_START,load_zone_22,dump_zone_22,0.00025,0.00067
1138.0,2026-07-02T13:00:07.229,1,651.448,-104.983,8.955,-0.5,1000.0,RETURNING_TO_START,load_zone_26,dump_zone_3,0.00025,0.00067
1138.0,2026-07-02T13:00:07.229,2,-107.891,451.935,0.0,-0.1997,1000.0,RETURNING_TO_START,load_zone_22,dump_zone_23,0.00025,0.00067
1138.0,2026-07-02T13:00:07.229,3,-100.236,453.622,0.0,-0.5,1000.0,RETURNING_TO_START,load_zone_22,dump_zone_22,0.00025,0.00067
1139.0,2026-07-02T13:00:09.793,1,649.879,-103.417,7.155,-0.5,1000.0,RETURNING_TO_START,load_zone_26,dump_zone_3,0.00025,0.00067
1139.0,2026-07-02T13:00:09.793,2,-107.891,451.935,0.0,-0.1997,1000.0,RETURNING_TO_START,load_zone_22,dump_zone_23,0.00025,0.00067
1139.0,2026-07-02T13:00:09.793,3,-100.236,453.622,0.0,-0.5,1000.0,RETURNING_TO_START,load_zone_22,dump_zone_22,0.00025,0.00067
1140.0,2026-07-02T13:00:12.167,1,648.496,-102.406,5.505,-0.25,1000.0,RETURNING_TO_START,load_zone_26,dump_zone_3,0.00025,0.00067
1140.0,2026-07-02T13:00:12.167,2,-107.891,451.935,0.0,-0.1997,1000.0,RETURNING_TO_START,load_zone_22,dump_zone_23,0.00025,0.00067
1140.0,2026-07-02T13:00:12.167,3,-100.236,453.622,0.0,-0.5,1000.0,RETURNING_TO_START,load_zone_22,dump_zone_22,0.00025,0.00067
1141.0,2026-07-02T13:00:14.275,1,646.947,-102.027,6.555,0.75,1000.0,RETURNING_TO_START,load_zone_26,dump_zone_3,0.000283,0.000758
1141.0,2026-07-02T13:00:14.275,2,-107.891,451.935,0.0,-0.1997,1000.0,RETURNING_TO_START,load_zone_22,dump_zone_23,0.00025,0.00067
1141.0,2026-07-02T13:00:14.275,3,-100.236,453.622,0.0,-0.5,1000.0,RETURNING_TO_START,load_zone_22,dump_zone_22,0.00025,0.00067
1142.0,2026-07-02T13:00:16.228,1,644.606,-102.025,10.08,1.0,1000.0,RETURNING_TO_START,load_zone_26,dump_zone_3,0.000315,0.000844
1142.0,2026-07-02T13:00:16.228,2,-107.891,451.935,0.0,-0.1997,1000.0,RETURNING_TO_START,load_zone_22,dump_zone_23,0.00025,0.00067
1142.0,2026-07-02T13:00:16.228,3,-100.236,453.622,0.0,-0.5,1000.0,RETURNING_TO_START,load_zone_22,dump_zone_22,0.00025,0.00067
1143.0,2026-07-02T13:00:18.470,1,641.27,-102.217,13.68,1.0,1000.0,RETURNING_TO_START,load_zone_26,dump_zone_3,0.000338,0.000906
1143.0,2026-07-02T13:00:18.470,2,-107.891,451.935,0.0,-0.1997,1000.0,RETURNING_TO_START,load_zone_22,dump_zone_23,0.00025,0.00067
1143.0,2026-07-02T13:00:18.470,3,-100.236,453.622,0.0,-0.5,1000.0,RETURNING_TO_START,load_zone_22,dump_zone_22,0.00025,0.00067
1144.0,2026-07-02T13:00:20.711,1,636.934,-102.428,17.28,1.0,1000.0,RETURNING_TO_START,load_zone_26,dump_zone_3,0.000361,0.000967
1144.0,2026-07-02T13:00:20.711,2,-107.891,451.935,0.0,-0.1997,1000.0,RETURNING_TO_START,load_zone_22,dump_zone_23,0.00025,0.00067
1144.0,2026-07-02T13:00:20.711,3,-100.236,453.622,0.0,-0.5,1000.0,RETURNING_TO_START,load_zone_22,dump_zone_22,0.00025,0.00067
1145.0,2026-07-02T13:00:23.255,1,631.713,-102.5,19.732,0.3284,1000.0,RETURNING_TO_START,load_zone_26,dump_zone_3,0.000306,0.00082
1145.0,2026-07-02T13:00:23.255,2,-107.891,451.935,0.0,-0.1997,1000.0,RETURNING_TO_START,load_zone_22,dump_zone_23,0.00025,0.00067
1145.0,2026-07-02T13:00:23.255,3,-100.236,453.622,0.0,-0.5,1000.0,RETURNING_TO_START,load_zone_22,dump_zone_22,0.00025,0.00067
1146.0,2026-07-02T13:00:25.604,1,626.262,-102.501,19.044,-0.5,1000.0,RETURNING_TO_START,load_zone_26,dump_zone_3,0.00025,0.00067
1146.0,2026-07-02T13:00:25.604,2,-107.891,451.935,0.0,-0.1997,1000.0,RETURNING_TO_START,load_zone_22,dump_zone_23,0.00025,0.00067
1146.0,2026-07-02T13:00:25.604,3,-100.236,453.622,0.0,-0.5,1000.0,RETURNING_TO_START,load_zone_22,dump_zone_22,0.00025,0.00067
1147.0,2026-07-02T13:00:27.892,1,621.243,-102.5,17.244,-0.5,1000.0,RETURNING_TO_START,load_zone_26,dump_zone_3,0.00025,0.00067
1147.0,2026-07-02T13:00:27.892,2,-107.891,451.935,0.0,-0.1997,1000.0,RETURNING_TO_START,load_zone_22,dump_zone_23,0.00025,0.00067
1147.0,2026-07-02T13:00:27.892,3,-100.236,453.622,0.0,-0.5,1000.0,RETURNING_TO_START,load_zone_22,dump_zone_22,0.00025,0.00067
1148.0,2026-07-02T13:00:30.450,1,616.723,-102.5,15.444,-0.5,1000.0,RETURNING_TO_START,load_zone_26,dump_zone_3,0.00025,0.00067
1148.0,2026-07-02T13:00:30.450,2,-107.891,451.935,0.0,-0.1997,1000.0,RETURNING_TO_START,load_zone_22,dump_zone_23,0.00025,0.00067
1148.0,2026-07-02T13:00:30.450,3,-100.236,453.622,0.0,-0.5,1000.0,RETURNING_TO_START,load_zone_22,dump_zone_22,0.00025,0.00067
1149.0,2026-07-02T13:00:32.812,1,612.704,-102.5,13.644,-0.5,1000.0,RETURNING_TO_START,load_zone_26,dump_zone_3,0.00025,0.00067
1149.0,2026-07-02T13:00:32.812,2,-107.891,451.935,0.0,-0.1997,1000.0,RETURNING_TO_START,load_zone_22,dump_zone_23,0.00025,0.00067
1149.0,2026-07-02T13:00:32.812,3,-100.236,453.622,0.0,-0.5,1000.0,RETURNING_TO_START,load_zone_22,dump_zone_22,0.00025,0.00067
1150.0,2026-07-02T13:00:35.273,1,609.185,-102.5,11.844,-0.5,1000.0,RETURNING_TO_START,load_zone_26,dump_zone_3,0.00025,0.00067
1150.0,2026-07-02T13:00:35.273,2,-107.891,451.935,0.0,-0.1997,1000.0,RETURNING_TO_START,load_zone_22,dump_zone_23,0.00025,0.00067
1150.0,2026-07-02T13:00:35.273,3,-100.236,453.622,0.0,-0.5,1000.0,RETURNING_TO_START,load_zone_22,dump_zone_22,0.00025,0.00067
1151.0,2026-07-02T13:00:37.838,1,606.166,-102.5,10.044,-0.5,1000.0,RETURNING_TO_START,load_zone_26,dump_zone_3,0.00025,0.00067
1151.0,2026-07-02T13:00:37.838,2,-107.891,451.935,0.0,-0.1997,1000.0,RETURNING_TO_START,load_zone_22,dump_zone_23,0.00025,0.00067
1151.0,2026-07-02T13:00:37.838,3,-100.236,453.622,0.0,-0.5,1000.0,RETURNING_TO_START,load_zone_22,dump_zone_22,0.00025,0.00067
1152.0,2026-07-02T13:00:40.192,1,603.647,-102.5,8.244,-0.5,1000.0,RETURNING_TO_START,load_zone_26,dump_zone_3,0.00025,0.00067
1152.0,2026-07-02T13:00:40.192,2,-107.891,451.935,0.0,-0.1997,1000.0,RETURNING_TO_START,load_zone_22,dump_zone_23,0.00025,0.00067
1152.0,2026-07-02T13:00:40.192,3,-100.236,453.622,0.0,-0.5,1000.0,RETURNING_TO_START,load_zone_22,dump_zone_22,0.00025,0.00067
1153.0,2026-07-02T13:00:42.899,1,601.607,-102.46,6.559,-0.4167,1000.0,RETURNING_TO_START,load_zone_26,dump_zone_3,0.00025,0.00067
1153.0,2026-07-02T13:00:42.899,2,-107.891,451.935,0.0,-0.1997,1000.0,RETURNING_TO_START,load_zone_22,dump_zone_23,0.00025,0.00067
1153.0,2026-07-02T13:00:42.899,3,-100.236,453.622,0.0,-0.5,1000.0,RETURNING_TO_START,load_zone_22,dump_zone_22,0.00025,0.00067
1154.0,2026-07-02T13:00:45.212,1,599.869,-102.001,7.009,0.5833,1000.0,RETURNING_TO_START,load_zone_26,dump_zone_3,0.000279,0.000748
1154.0,2026-07-02T13:00:45.212,2,-107.891,451.935,0.0,-0.1997,1000.0,RETURNING_TO_START,load_zone_22,dump_zone_23,0.00025,0.00067
1154.0,2026-07-02T13:00:45.212,3,-100.236,453.622,0.0,-0.5,1000.0,RETURNING_TO_START,load_zone_22,dump_zone_22,0.00025,0.00067
1155.0,2026-07-02T13:00:47.871,1,598.152,-100.369,9.984,0.5833,1000.0,RETURNING_TO_START,load_zone_26,dump_zone_3,0.000292,0.000783
1155.0,2026-07-02T13:00:47.871,2,-107.891,451.935,0.0,-0.1997,1000.0,RETURNING_TO_START,load_zone_22,dump_zone_23,0.00025,0.00067
1155.0,2026-07-02T13:00:47.871,3,-100.236,453.622,0.0,-0.5,1000.0,RETURNING_TO_START,load_zone_22,dump_zone_22,0.00025,0.00067
1156.0,2026-07-02T13:00:50.874,1,597.451,-97.569,10.884,0.4167,1000.0,RETURNING_TO_START,load_zone_26,dump_zone_3,0.000286,0.000766
1156.0,2026-07-02T13:00:50.874,2,-107.891,451.935,0.0,-0.1997,1000.0,RETURNING_TO_START,load_zone_22,dump_zone_23,0.00025,0.00067
1156.0,2026-07-02T13:00:50.874,3,-100.236,453.622,0.0,-0.5,1000.0,RETURNING_TO_START,load_zone_22,dump_zone_22,0.00025,0.00067
1157.0,2026-07-02T13:00:52.932,1,597.37,-94.131,13.959,1.0,1000.0,RETURNING_TO_START,load_zone_26,dump_zone_3,0.00034,0.000911
1157.0,2026-07-02T13:00:52.932,2,-107.891,451.935,0.0,-0.1997,1000.0,RETURNING_TO_START,load_zone_22,dump_zone_23,0.00025,0.00067
1157.0,2026-07-02T13:00:52.932,3,-100.236,453.622,0.0,-0.5,1000.0,RETURNING_TO_START,load_zone_22,dump_zone_22,0.00025,0.00067
1158.0,2026-07-02T13:00:55.019,1,597.431,-89.712,17.559,1.0,1000.0,RETURNING_TO_START,load_zone_26,dump_zone_3,0.000363,0.000973
1158.0,2026-07-02T13:00:55.019,2,-107.891,451.935,0.0,-0.1997,1000.0,RETURNING_TO_START,load_zone_22,dump_zone_23,0.00025,0.00067
1158.0,2026-07-02T13:00:55.019,3,-100.236,453.622,0.0,-0.5,1000.0,RETURNING_TO_START,load_zone_22,dump_zone_22,0.00025,0.00067
1159.0,2026-07-02T13:00:57.765,1,597.494,-84.294,21.134,0.9167,1000.0,RETURNING_TO_START,load_zone_26,dump_zone_3,0.000377,0.00101
1159.0,2026-07-02T13:00:57.765,2,-107.891,451.935,0.0,-0.1997,1000.0,RETURNING_TO_START,load_zone_22,dump_zone_23,0.00025,0.00067
1159.0,2026-07-02T13:00:57.765,3,-100.236,453.622,0.0,-0.5,1000.0,RETURNING_TO_START,load_zone_22,dump_zone_22,0.00025,0.00067
1160.0,2026-07-02T13:01:00.578,1,597.501,-78.098,23.184,0.5833,1000.0,RETURNING_TO_START,load_zone_26,dump_zone_3,0.000347,0.00093
1160.0,2026-07-02T13:01:00.578,2,-107.891,451.935,0.0,-0.1997,1000.0,RETURNING_TO_START,load_zone_22,dump_zone_23,0.00025,0.00067
1160.0,2026-07-02T13:01:00.578,3,-100.236,453.622,0.0,-0.5,1000.0,RETURNING_TO_START,load_zone_22,dump_zone_22,0.00025,0.00067
1161.0,2026-07-02T13:01:02.988,1,597.5,-71.552,23.384,-0.25,1000.0,RETURNING_TO_START,load_zone_26,dump_zone_3,0.00025,0.00067
1161.0,2026-07-02T13:01:02.988,2,-107.891,451.935,0.0,-0.1997,1000.0,RETURNING_TO_START,load_zone_22,dump_zone_23,0.00025,0.00067
1161.0,2026-07-02T13:01:02.988,3,-100.236,453.622,0.0,-0.5,1000.0,RETURNING_TO_START,load_zone_22,dump_zone_22,0.00025,0.00067
1162.0,2026-07-02T13:01:05.549,1,597.5,-65.16,22.684,-0.25,1000.0,RETURNING_TO_START,load_zone_26,dump_zone_3,0.00025,0.00067
1162.0,2026-07-02T13:01:05.549,2,-107.891,451.935,0.0,-0.1997,1000.0,RETURNING_TO_START,load_zone_22,dump_zone_23,0.00025,0.00067
1162.0,2026-07-02T13:01:05.549,3,-100.236,453.622,0.0,-0.5,1000.0,RETURNING_TO_START,load_zone_22,dump_zone_22,0.00025,0.00067
1163.0,2026-07-02T13:01:08.165,1,597.5,-58.917,22.184,-0.25,1000.0,RETURNING_TO_START,load_zone_26,dump_zone_3,0.00025,0.00067
1163.0,2026-07-02T13:01:08.165,2,-107.891,451.935,0.0,-0.1997,1000.0,RETURNING_TO_START,load_zone_22,dump_zone_23,0.00025,0.00067
1163.0,2026-07-02T13:01:08.165,3,-100.236,453.622,0.0,-0.5,1000.0,RETURNING_TO_START,load_zone_22,dump_zone_22,0.00025,0.00067
1164.0,2026-07-02T13:01:10.730,1,597.5,-52.725,22.464,0.0444,1000.0,RETURNING_TO_START,load_zone_26,dump_zone_3,0.000279,0.000748
1164.0,2026-07-02T13:01:10.730,2,-107.891,451.935,0.0,-0.1997,1000.0,RETURNING_TO_START,load_zone_22,dump_zone_23,0.00025,0.00067
1164.0,2026-07-02T13:01:10.730,3,-100.236,453.622,0.0,-0.5,1000.0,RETURNING_TO_START,load_zone_22,dump_zone_22,0.00025,0.00067
1165.0,2026-07-02T13:01:13.282,1,597.5,-46.384,23.132,-0.006,1000.0,RETURNING_TO_START,load_zone_26,dump_zone_3,0.000274,0.000734
1165.0,2026-07-02T13:01:13.282,2,-107.891,451.935,0.0,-0.1997,1000.0,RETURNING_TO_START,load_zone_22,dump_zone_23,0.00025,0.00067
1165.0,2026-07-02T13:01:13.282,3,-100.236,453.622,0.0,-0.5,1000.0,RETURNING_TO_START,load_zone_22,dump_zone_22,0.00025,0.00067
1166.0,2026-07-02T13:01:15.984,1,597.5,-39.981,23.085,0.2293,1000.0,RETURNING_TO_START,load_zone_26,dump_zone_3,0.000303,0.000812
1166.0,2026-07-02T13:01:15.984,2,-107.891,451.935,0.0,-0.1997,1000.0,RETURNING_TO_START,load_zone_22,dump_zone_23,0.00025,0.00067
1166.0,2026-07-02T13:01:15.984,3,-100.236,453.622,0.0,-0.5,1000.0,RETURNING_TO_START,load_zone_22,dump_zone_22,0.00025,0.00067
1167.0,2026-07-02T13:01:18.519,1,597.5,-33.383,24.066,-0.0644,1000.0,RETURNING_TO_START,load_zone_26,dump_zone_3,0.000267,0.000716
1167.0,2026-07-02T13:01:18.519,2,-107.891,451.935,0.0,-0.1997,1000.0,RETURNING_TO_START,load_zone_22,dump_zone_23,0.00025,0.00067
1167.0,2026-07-02T13:01:18.519,3,-100.236,453.622,0.0,-0.5,1000.0,RETURNING_TO_START,load_zone_22,dump_zone_22,0.00025,0.00067
1168.0,2026-07-02T13:01:21.218,1,597.5,-26.833,23.188,-0.1557,1000.0,RETURNING_TO_START,load_zone_26,dump_zone_3,0.000255,0.000683
1168.0,2026-07-02T13:01:21.218,2,-107.891,451.935,0.0,-0.1997,1000.0,RETURNING_TO_START,load_zone_22,dump_zone_23,0.00025,0.00067
1168.0,2026-07-02T13:01:21.218,3,-100.236,453.622,0.0,-0.5,1000.0,RETURNING_TO_START,load_zone_22,dump_zone_22,0.00025,0.00067
1169.0,2026-07-02T13:01:23.992,1,597.5,-20.409,23.042,0.0382,1000.0,RETURNING_TO_START,load_zone_26,dump_zone_3,0.000279,0.000748
1169.0,2026-07-02T13:01:23.992,2,-107.891,451.935,0.0,-0.1997,1000.0,RETURNING_TO_START,load_zone_22,dump_zone_23,0.00025,0.00067
1169.0,2026-07-02T13:01:23.992,3,-100.236,453.622,0.0,-0.5,1000.0,RETURNING_TO_START,load_zone_22,dump_zone_22,0.00025,0.00067
1170.0,2026-07-02T13:01:26.552,1,597.5,-13.937,23.394,0.0408,1000.0,RETURNING_TO_START,load_zone_26,dump_zone_3,0.00028,0.00075
1170.0,2026-07-02T13:01:26.552,2,-107.891,451.935,0.0,-0.1997,1000.0,RETURNING_TO_START,load_zone_22,dump_zone_23,0.00025,0.00067
1170.0,2026-07-02T13:01:26.552,3,-100.236,453.622,0.0,-0.5,1000.0,RETURNING_TO_START,load_zone_22,dump_zone_22,0.00025,0.00067
1171.0,2026-07-02T13:01:29.218,1,597.5,-7.359,23.756,-0.073,1000.0,RETURNING_TO_START,load_zone_26,dump_zone_3,0.000266,0.000713
1171.0,2026-07-02T13:01:29.218,2,-107.891,451.935,0.0,-0.1997,1000.0,RETURNING_TO_START,load_zone_22,dump_zone_23,0.00025,0.00067
1171.0,2026-07-02T13:01:29.218,3,-100.236,453.622,0.0,-0.5,1000.0,RETURNING_TO_START,load_zone_22,dump_zone_22,0.00025,0.00067
1172.0,2026-07-02T13:01:31.931,1,597.5,-0.816,23.413,0.1097,1000.0,RETURNING_TO_START,load_zone_26,dump_zone_3,0.000289,0.000775
1172.0,2026-07-02T13:01:31.931,2,-107.891,451.935,0.0,-0.1997,1000.0,RETURNING_TO_START,load_zone_22,dump_zone_23,0.00025,0.00067
1172.0,2026-07-02T13:01:31.931,3,-100.236,453.622,0.0,-0.5,1000.0,RETURNING_TO_START,load_zone_22,dump_zone_22,0.00025,0.00067
1173.0,2026-07-02T13:01:34.705,1,597.5,5.773,23.934,0.209,1000.0,RETURNING_TO_START,load_zone_26,dump_zone_3,0.000302,0.000809
1173.0,2026-07-02T13:01:34.705,2,-107.891,451.935,0.0,-0.1997,1000.0,RETURNING_TO_START,load_zone_22,dump_zone_23,0.00025,0.00067
1173.0,2026-07-02T13:01:34.705,3,-100.236,453.622,0.0,-0.5,1000.0,RETURNING_TO_START,load_zone_22,dump_zone_22,0.00025,0.00067
1174.0,2026-07-02T13:01:37.335,1,597.5,12.449,23.927,-0.1062,1000.0,RETURNING_TO_START,load_zone_26,dump_zone_3,0.000262,0.000702
1174.0,2026-07-02T13:01:37.335,2,-107.891,451.935,0.0,-0.1997,1000.0,RETURNING_TO_START,load_zone_22,dump_zone_23,0.00025,0.00067
1174.0,2026-07-02T13:01:37.335,3,-100.236,453.622,0.0,-0.5,1000.0,RETURNING_TO_START,load_zone_22,dump_zone_22,0.00025,0.00067
1175.0,2026-07-02T13:01:40.029,1,597.5,18.99,23.395,0.0605,1000.0,RETURNING_TO_START,load_zone_26,dump_zone_3,0.000282,0.000756
1175.0,2026-07-02T13:01:40.029,2,-107.891,451.935,0.0,-0.1997,1000.0,RETURNING_TO_START,load_zone_22,dump_zone_23,0.00025,0.00067
1175.0,2026-07-02T13:01:40.029,3,-100.236,453.622,0.0,-0.5,1000.0,RETURNING_TO_START,load_zone_22,dump_zone_22,0.00025,0.00067
1176.0,2026-07-02T13:01:42.750,1,597.5,25.509,23.616,0.1448,1000.0,RETURNING_TO_START,load_zone_26,dump_zone_3,0.000293,0.000785
1176.0,2026-07-02T13:01:42.750,2,-107.891,451.935,0.0,-0.1997,1000.0,RETURNING_TO_START,load_zone_22,dump_zone_23,0.00025,0.00067
1176.0,2026-07-02T13:01:42.750,3,-100.236,453.622,0.0,-0.5,1000.0,RETURNING_TO_START,load_zone_22,dump_zone_22,0.00025,0.00067
1177.0,2026-07-02T13:01:45.583,1,597.5,32.095,23.737,0.1448,1000.0,RETURNING_TO_START,load_zone_26,dump_zone_3,0.000294,0.000788
1177.0,2026-07-02T13:01:45.583,2,-107.891,451.935,0.0,-0.1997,1000.0,RETURNING_TO_START,load_zone_22,dump_zone_23,0.00025,0.00067
1177.0,2026-07-02T13:01:45.583,3,-100.236,453.622,0.0,-0.5,1000.0,RETURNING_TO_START,load_zone_22,dump_zone_22,0.00025,0.00067
1178.0,2026-07-02T13:01:48.226,1,597.5,38.696,23.368,-0.3647,1000.0,RETURNING_TO_START,load_zone_26,dump_zone_3,0.00025,0.00067
1178.0,2026-07-02T13:01:48.226,2,-107.891,451.935,0.0,-0.1997,1000.0,RETURNING_TO_START,load_zone_22,dump_zone_23,0.00025,0.00067
1178.0,2026-07-02T13:01:48.226,3,-100.236,453.622,0.0,-0.5,1000.0,RETURNING_TO_START,load_zone_22,dump_zone_22,0.00025,0.00067
1179.0,2026-07-02T13:01:50.920,1,597.5,45.105,23.105,0.1353,1000.0,RETURNING_TO_START,load_zone_26,dump_zone_3,0.000291,0.00078
1179.0,2026-07-02T13:01:50.920,2,-107.891,451.935,0.0,-0.1997,1000.0,RETURNING_TO_START,load_zone_22,dump_zone_23,0.00025,0.00067
1179.0,2026-07-02T13:01:50.920,3,-100.236,453.622,0.0,-0.5,1000.0,RETURNING_TO_START,load_zone_22,dump_zone_22,0.00025,0.00067
1180.0,2026-07-02T13:01:53.637,1,597.5,51.513,23.241,0.3573,1000.0,RETURNING_TO_START,load_zone_26,dump_zone_3,0.000319,0.000855
1180.0,2026-07-02T13:01:53.637,2,-107.891,451.935,0.0,-0.1997,1000.0,RETURNING_TO_START,load_zone_22,dump_zone_23,0.00025,0.00067
1180.0,2026-07-02T13:01:53.637,3,-100.236,453.622,0.0,-0.5,1000.0,RETURNING_TO_START,load_zone_22,dump_zone_22,0.00025,0.00067
1181.0,2026-07-02T13:01:56.402,1,597.5,58.081,23.934,0.3034,1000.0,RETURNING_TO_START,load_zone_26,dump_zone_3,0.000314,0.000842
1181.0,2026-07-02T13:01:56.402,2,-107.891,451.935,0.0,-0.1997,1000.0,RETURNING_TO_START,load_zone_22,dump_zone_23,0.00025,0.00067
1181.0,2026-07-02T13:01:56.402,3,-100.236,453.622,0.0,-0.5,1000.0,RETURNING_TO_START,load_zone_22,dump_zone_22,0.00025,0.00067
1182.0,2026-07-02T13:01:59.147,1,597.5,64.784,23.926,-0.1966,1000.0,RETURNING_TO_START,load_zone_26,dump_zone_3,0.00025,0.00067
1182.0,2026-07-02T13:01:59.147,2,-107.891,451.935,0.0,-0.1997,1000.0,RETURNING_TO_START,load_zone_22,dump_zone_23,0.00025,0.00067
1182.0,2026-07-02T13:01:59.147,3,-100.236,453.622,0.0,-0.5,1000.0,RETURNING_TO_START,load_zone_22,dump_zone_22,0.00025,0.00067
1183.0,2026-07-02T13:02:01.697,1,597.5,71.241,22.808,-0.055,1000.0,RETURNING_TO_START,load_zone_26,dump_zone_3,0.000267,0.000716
1183.0,2026-07-02T13:02:01.697,2,-107.891,451.935,0.0,-0.1997,1000.0,RETURNING_TO_START,load_zone_22,dump_zone_23,0.00025,0.00067
1183.0,2026-07-02T13:02:01.697,3,-100.236,453.622,0.0,-0.5,1000.0,RETURNING_TO_START,load_zone_22,dump_zone_22,0.00025,0.00067
1184.0,2026-07-02T13:02:04.501,1,597.5,77.594,23.124,0.2045,1000.0,RETURNING_TO_START,load_zone_26,dump_zone_3,0.0003,0.000804
1184.0,2026-07-02T13:02:04.501,2,-107.891,451.935,0.0,-0.1997,1000.0,RETURNING_TO_START,load_zone_22,dump_zone_23,0.00025,0.00067
1184.0,2026-07-02T13:02:04.501,3,-100.236,453.622,0.0,-0.5,1000.0,RETURNING_TO_START,load_zone_22,dump_zone_22,0.00025,0.00067
1185.0,2026-07-02T13:02:07.167,1,597.5,84.05,23.454,0.1993,1000.0,RETURNING_TO_START,load_zone_26,dump_zone_3,0.0003,0.000804
1185.0,2026-07-02T13:02:07.167,2,-107.891,451.935,0.0,-0.1997,1000.0,RETURNING_TO_START,load_zone_22,dump_zone_23,0.00025,0.00067
1185.0,2026-07-02T13:02:07.167,3,-100.236,453.622,0.0,-0.5,1000.0,RETURNING_TO_START,load_zone_22,dump_zone_22,0.00025,0.00067
1186.0,2026-07-02T13:02:09.853,1,597.5,90.652,23.979,-0.0624,1000.0,RETURNING_TO_START,load_zone_26,dump_zone_3,0.000267,0.000716
1186.0,2026-07-02T13:02:09.853,2,-107.891,451.935,0.0,-0.1997,1000.0,RETURNING_TO_START,load_zone_22,dump_zone_23,0.00025,0.00067
1186.0,2026-07-02T13:02:09.853,3,-100.236,453.622,0.0,-0.5,1000.0,RETURNING_TO_START,load_zone_22,dump_zone_22,0.00025,0.00067
1187.0,2026-07-02T13:02:12.597,1,597.5,97.252,23.86,0.0826,1000.0,RETURNING_TO_START,load_zone_26,dump_zone_3,0.000286,0.000766
1187.0,2026-07-02T13:02:12.597,2,-107.891,451.935,0.0,-0.1997,1000.0,RETURNING_TO_START,load_zone_22,dump_zone_23,0.00025,0.00067
1187.0,2026-07-02T13:02:12.597,3,-100.236,453.622,0.0,-0.5,1000.0,RETURNING_TO_START,load_zone_22,dump_zone_22,0.00025,0.00067
1188.0,2026-07-02T13:02:15.016,1,597.5,103.799,23.307,-0.2507,1000.0,RETURNING_TO_START,load_zone_26,dump_zone_3,0.00025,0.00067
1188.0,2026-07-02T13:02:15.016,2,-107.891,451.935,0.0,-0.1997,1000.0,RETURNING_TO_START,load_zone_22,dump_zone_23,0.00025,0.00067
1188.0,2026-07-02T13:02:15.016,3,-100.236,453.622,0.0,-0.5,1000.0,RETURNING_TO_START,load_zone_22,dump_zone_22,0.00025,0.00067
1189.0,2026-07-02T13:02:17.619,1,597.5,110.115,22.638,0.2007,1000.0,RETURNING_TO_START,load_zone_26,dump_zone_3,0.000298,0.000799
1189.0,2026-07-02T13:02:17.619,2,-107.891,451.935,0.0,-0.1997,1000.0,RETURNING_TO_START,load_zone_22,dump_zone_23,0.00025,0.00067
1189.0,2026-07-02T13:02:17.619,3,-100.236,453.622,0.0,-0.5,1000.0,RETURNING_TO_START,load_zone_22,dump_zone_22,0.00025,0.00067
1190.0,2026-07-02T13:02:20.367,1,597.5,116.527,23.324,0.1455,1000.0,RETURNING_TO_START,load_zone_26,dump_zone_3,0.000293,0.000785
1190.0,2026-07-02T13:02:20.367,2,-107.891,451.935,0.0,-0.1997,1000.0,RETURNING_TO_START,load_zone_22,dump_zone_23,0.00025,0.00067
1190.0,2026-07-02T13:02:20.367,3,-100.236,453.622,0.0,-0.5,1000.0,RETURNING_TO_START,load_zone_22,dump_zone_22,0.00025,0.00067
1191.0,2026-07-02T13:02:23.166,1,597.5,122.95,22.688,-0.1983,1000.0,RETURNING_TO_START,load_zone_26,dump_zone_3,0.00025,0.00067
1191.0,2026-07-02T13:02:23.166,2,-107.891,451.935,0.0,-0.1997,1000.0,RETURNING_TO_START,load_zone_22,dump_zone_23,0.00025,0.00067
1191.0,2026-07-02T13:02:23.166,3,-100.236,453.622,0.0,-0.5,1000.0,RETURNING_TO_START,load_zone_22,dump_zone_22,0.00025,0.00067
1192.0,2026-07-02T13:02:25.813,1,597.5,129.205,22.424,0.135,1000.0,RETURNING_TO_START,load_zone_26,dump_zone_3,0.00029,0.000777
1192.0,2026-07-02T13:02:25.813,2,-107.891,451.935,0.0,-0.1997,1000.0,RETURNING_TO_START,load_zone_22,dump_zone_23,0.00025,0.00067
1192.0,2026-07-02T13:02:25.813,3,-100.236,453.622,0.0,-0.5,1000.0,RETURNING_TO_START,load_zone_22,dump_zone_22,0.00025,0.00067
1193.0,2026-07-02T13:02:28.548,1,597.5,135.557,23.11,0.135,1000.0,RETURNING_TO_START,load_zone_26,dump_zone_3,0.000291,0.00078
1193.0,2026-07-02T13:02:28.548,2,-107.891,451.935,0.0,-0.1997,1000.0,RETURNING_TO_START,load_zone_22,dump_zone_23,0.00025,0.00067
1193.0,2026-07-02T13:02:28.548,3,-100.236,453.622,0.0,-0.5,1000.0,RETURNING_TO_START,load_zone_22,dump_zone_22,0.00025,0.00067
1194.0,2026-07-02T13:02:31.189,1,597.5,142.172,24.406,0.1508,1000.0,RETURNING_TO_START,load_zone_26,dump_zone_3,0.000296,0.000793
1194.0,2026-07-02T13:02:31.189,2,-107.891,451.935,0.0,-0.1997,1000.0,RETURNING_TO_START,load_zone_22,dump_zone_23,0.00025,0.00067
1194.0,2026-07-02T13:02:31.189,3,-100.236,453.622,0.0,-0.5,1000.0,RETURNING_TO_START,load_zone_22,dump_zone_22,0.00025,0.00067
1195.0,2026-07-02T13:02:33.898,1,597.5,148.917,23.899,-0.3492,1000.0,RETURNING_TO_START,load_zone_26,dump_zone_3,0.00025,0.00067
1195.0,2026-07-02T13:02:33.898,2,-107.891,451.935,0.0,-0.1997,1000.0,RETURNING_TO_START,load_zone_22,dump_zone_23,0.00025,0.00067
1195.0,2026-07-02T13:02:33.898,3,-100.236,453.622,0.0,-0.5,1000.0,RETURNING_TO_START,load_zone_22,dump_zone_22,0.00025,0.00067
1196.0,2026-07-02T13:02:36.304,1,597.5,155.375,22.487,-0.5,1000.0,RETURNING_TO_START,load_zone_26,dump_zone_3,0.00025,0.00067
1196.0,2026-07-02T13:02:36.304,2,-107.891,451.935,0.0,-0.1997,1000.0,RETURNING_TO_START,load_zone_22,dump_zone_23,0.00025,0.00067
1196.0,2026-07-02T13:02:36.304,3,-100.236,453.622,0.0,-0.5,1000.0,RETURNING_TO_START,load_zone_22,dump_zone_22,0.00025,0.00067
1197.0,2026-07-02T13:02:38.692,1,597.5,161.351,20.687,-0.5,1000.0,RETURNING_TO_START,load_zone_26,dump_zone_3,0.00025,0.00067
1197.0,2026-07-02T13:02:38.692,2,-107.891,451.935,0.0,-0.1997,1000.0,RETURNING_TO_START,load_zone_22,dump_zone_23,0.00025,0.00067
1197.0,2026-07-02T13:02:38.692,3,-100.236,453.622,0.0,-0.5,1000.0,RETURNING_TO_START,load_zone_22,dump_zone_22,0.00025,0.00067
1198.0,2026-07-02T13:02:41.170,1,597.5,166.826,18.887,-0.5,1000.0,RETURNING_TO_START,load_zone_26,dump_zone_3,0.00025,0.00067
1198.0,2026-07-02T13:02:41.170,2,-107.891,451.935,0.0,-0.1997,1000.0,RETURNING_TO_START,load_zone_22,dump_zone_23,0.00025,0.00067
1198.0,2026-07-02T13:02:41.170,3,-100.236,453.622,0.0,-0.5,1000.0,RETURNING_TO_START,load_zone_22,dump_zone_22,0.00025,0.00067
1199.0,2026-07-02T13:02:43.877,1,597.5,171.801,17.087,-0.5,1000.0,RETURNING_TO_START,load_zone_26,dump_zone_3,0.00025,0.00067
1199.0,2026-07-02T13:02:43.877,2,-107.891,451.935,0.0,-0.1997,1000.0,RETURNING_TO_START,load_zone_22,dump_zone_23,0.00025,0.00067
1199.0,2026-07-02T13:02:43.877,3,-100.236,453.622,0.0,-0.5,1000.0,RETURNING_TO_START,load_zone_22,dump_zone_22,0.00025,0.00067
1200.0,2026-07-02T13:02:46.398,1,597.5,176.277,15.287,-0.5,1000.0,RETURNING_TO_START,load_zone_26,dump_zone_3,0.00025,0.00067
1200.0,2026-07-02T13:02:46.398,2,-107.891,451.935,0.0,-0.1997,1000.0,RETURNING_TO_START,load_zone_22,dump_zone_23,0.00025,0.00067
1200.0,2026-07-02T13:02:46.398,3,-100.236,453.622,0.0,-0.5,1000.0,RETURNING_TO_START,load_zone_22,dump_zone_22,0.00025,0.00067
1201.0,2026-07-02T13:02:48.959,1,597.5,180.252,13.487,-0.5,1000.0,RETURNING_TO_START,load_zone_26,dump_zone_3,0.00025,0.00067
1201.0,2026-07-02T13:02:48.959,2,-107.891,451.935,0.0,-0.1997,1000.0,RETURNING_TO_START,load_zone_22,dump_zone_23,0.00025,0.00067
1201.0,2026-07-02T13:02:48.959,3,-100.236,453.622,0.0,-0.5,1000.0,RETURNING_TO_START,load_zone_22,dump_zone_22,0.00025,0.00067
1202.0,2026-07-02T13:02:51.590,1,597.5,183.728,11.687,-0.5,1000.0,RETURNING_TO_START,load_zone_26,dump_zone_3,0.00025,0.00067
1202.0,2026-07-02T13:02:51.590,2,-107.891,451.935,0.0,-0.1997,1000.0,RETURNING_TO_START,load_zone_22,dump_zone_23,0.00025,0.00067
1202.0,2026-07-02T13:02:51.590,3,-100.236,453.622,0.0,-0.5,1000.0,RETURNING_TO_START,load_zone_22,dump_zone_22,0.00025,0.00067
1203.0,2026-07-02T13:02:54.597,1,597.406,186.7,9.887,-0.5,1000.0,RETURNING_TO_START,load_zone_26,dump_zone_3,0.00025,0.00067
1203.0,2026-07-02T13:02:54.597,2,-107.891,451.935,0.0,-0.1997,1000.0,RETURNING_TO_START,load_zone_22,dump_zone_23,0.00025,0.00067
1203.0,2026-07-02T13:02:54.597,3,-100.236,453.622,0.0,-0.5,1000.0,RETURNING_TO_START,load_zone_22,dump_zone_22,0.00025,0.00067
1204.0,2026-07-02T13:02:57.115,1,596.772,189.089,8.087,-0.5,1000.0,RETURNING_TO_START,load_zone_26,dump_zone_3,0.00025,0.00067
1204.0,2026-07-02T13:02:57.115,2,-107.891,451.935,0.0,-0.1997,1000.0,RETURNING_TO_START,load_zone_22,dump_zone_23,0.00025,0.00067
1204.0,2026-07-02T13:02:57.115,3,-100.236,453.622,0.0,-0.5,1000.0,RETURNING_TO_START,load_zone_22,dump_zone_22,0.00025,0.00067
1205.0,2026-07-02T13:02:59.867,1,596.082,190.944,6.369,-0.4457,1000.0,RETURNING_TO_START,load_zone_26,dump_zone_3,0.00025,0.00067
1205.0,2026-07-02T13:02:59.867,2,-107.891,451.935,0.0,-0.1997,1000.0,RETURNING_TO_START,load_zone_22,dump_zone_23,0.00025,0.00067
1205.0,2026-07-02T13:02:59.867,3,-100.236,453.622,0.0,-0.5,1000.0,RETURNING_TO_START,load_zone_22,dump_zone_22,0.00025,0.00067
1206.0,2026-07-02T13:03:02.637,1,595.726,192.478,5.422,0.0519,1000.0,RETURNING_TO_START,load_zone_26,dump_zone_3,0.000257,0.000689
1206.0,2026-07-02T13:03:02.637,2,-107.891,451.935,0.0,-0.1997,1000.0,RETURNING_TO_START,load_zone_22,dump_zone_23,0.00025,0.00067
1206.0,2026-07-02T13:03:02.637,3,-100.236,453.622,0.0,-0.5,1000.0,RETURNING_TO_START,load_zone_22,dump_zone_22,0.00025,0.00067
1207.0,2026-07-02T13:03:05.820,1,595.566,193.968,5.359,-0.1148,1000.0,RETURNING_TO_START,load_zone_26,dump_zone_3,0.000252,0.000675
1207.0,2026-07-02T13:03:05.820,2,-107.891,451.935,0.0,-0.1997,1000.0,RETURNING_TO_START,load_zone_22,dump_zone_23,0.00025,0.00067
1207.0,2026-07-02T13:03:05.820,3,-100.236,453.622,0.0,-0.5,1000.0,RETURNING_TO_START,load_zone_22,dump_zone_22,0.00025,0.00067
1208.0,2026-07-02T13:03:08.529,1,595.564,195.29,4.2,-0.2393,1000.0,RETURNING_TO_START,load_zone_26,dump_zone_3,0.00025,0.00067
1208.0,2026-07-02T13:03:08.529,2,-107.891,451.935,0.0,-0.1997,1000.0,RETURNING_TO_START,load_zone_22,dump_zone_23,0.00025,0.00067
1208.0,2026-07-02T13:03:08.529,3,-100.236,453.622,0.0,-0.5,1000.0,RETURNING_TO_START,load_zone_22,dump_zone_22,0.00025,0.00067
1209.0,2026-07-02T13:03:11.271,1,595.808,196.459,4.631,0.1192,1000.0,RETURNING_TO_START,load_zone_26,dump_zone_3,0.000258,0.000691
1209.0,2026-07-02T13:03:11.271,2,-107.891,451.935,0.0,-0.1997,1000.0,RETURNING_TO_START,load_zone_22,dump_zone_23,0.00025,0.00067
1209.0,2026-07-02T13:03:11.271,3,-100.236,453.622,0.0,-0.5,1000.0,RETURNING_TO_START,load_zone_22,dump_zone_22,0.00025,0.00067
1210.0,2026-07-02T13:03:13.878,1,596.302,197.663,4.91,0.2858,1000.0,RETURNING_TO_START,load_zone_26,dump_zone_3,0.000263,0.000705
1210.0,2026-07-02T13:03:13.878,2,-107.891,451.935,0.0,-0.1997,1000.0,RETURNING_TO_START,load_zone_22,dump_zone_23,0.00025,0.00067
1210.0,2026-07-02T13:03:13.878,3,-100.236,453.622,0.0,-0.5,1000.0,RETURNING_TO_START,load_zone_22,dump_zone_22,0.00025,0.00067
1211.0,2026-07-02T13:03:16.545,1,597.091,199.181,7.527,0.861,1000.0,RETURNING_TO_START,load_zone_26,dump_zone_3,0.000293,0.000785
1211.0,2026-07-02T13:03:16.545,2,-107.891,451.935,0.0,-0.1997,1000.0,RETURNING_TO_START,load_zone_22,dump_zone_23,0.00025,0.00067
1211.0,2026-07-02T13:03:16.545,3,-100.236,453.622,0.0,-0.5,1000.0,RETURNING_TO_START,load_zone_22,dump_zone_22,0.00025,0.00067
1212.0,2026-07-02T13:03:19.036,1,598.934,200.989,10.985,0.9167,1000.0,RETURNING_TO_START,load_zone_26,dump_zone_3,0.000316,0.000847
1212.0,2026-07-02T13:03:19.036,2,-107.891,451.935,0.0,-0.1997,1000.0,RETURNING_TO_START,load_zone_22,dump_zone_23,0.00025,0.00067
1212.0,2026-07-02T13:03:19.036,3,-100.236,453.622,0.0,-0.5,1000.0,RETURNING_TO_START,load_zone_22,dump_zone_22,0.00025,0.00067
1213.0,2026-07-02T13:03:21.481,1,602.174,201.231,12.335,-0.0833,1000.0,RETURNING_TO_START,load_zone_26,dump_zone_3,0.000258,0.000691
1213.0,2026-07-02T13:03:21.481,2,-107.891,451.935,0.0,-0.1997,1000.0,RETURNING_TO_START,load_zone_22,dump_zone_23,0.00025,0.00067
1213.0,2026-07-02T13:03:21.481,3,-100.236,453.622,0.0,-0.5,1000.0,RETURNING_TO_START,load_zone_22,dump_zone_22,0.00025,0.00067
1214.0,2026-07-02T13:03:24.064,1,605.075,199.846,10.785,-0.5,1000.0,RETURNING_TO_START,load_zone_26,dump_zone_3,0.00025,0.00067
1214.0,2026-07-02T13:03:24.064,2,-107.891,451.935,0.0,-0.1997,1000.0,RETURNING_TO_START,load_zone_22,dump_zone_23,0.00025,0.00067
1214.0,2026-07-02T13:03:24.064,3,-100.236,453.622,0.0,-0.5,1000.0,RETURNING_TO_START,load_zone_22,dump_zone_22,0.00025,0.00067
1215.0,2026-07-02T13:03:26.843,1,607.756,199.152,9.685,0.0833,1000.0,RETURNING_TO_START,load_zone_26,dump_zone_3,0.000265,0.00071
1215.0,2026-07-02T13:03:26.843,2,-107.891,451.935,0.0,-0.1997,1000.0,RETURNING_TO_START,load_zone_22,dump_zone_23,0.00025,0.00067
1215.0,2026-07-02T13:03:26.843,3,-100.236,453.622,0.0,-0.5,1000.0,RETURNING_TO_START,load_zone_22,dump_zone_22,0.00025,0.00067
1216.0,2026-07-02T13:03:29.322,1,610.685,198.849,11.91,1.0,1000.0,RETURNING_TO_START,load_zone_26,dump_zone_3,0.000327,0.000876
1216.0,2026-07-02T13:03:29.322,2,-107.891,451.935,0.0,-0.1997,1000.0,RETURNING_TO_START,load_zone_22,dump_zone_23,0.00025,0.00067
1216.0,2026-07-02T13:03:29.322,3,-100.236,453.622,0.0,-0.5,1000.0,RETURNING_TO_START,load_zone_22,dump_zone_22,0.00025,0.00067
1217.0,2026-07-02T13:04:01.905,1,614.496,198.827,15.06,0.75,1000.0,RETURNING_TO_START,load_zone_26,dump_zone_3,0.000327,0.000876
1217.0,2026-07-02T13:04:01.905,2,-107.891,451.935,0.0,-0.1997,1000.0,RETURNING_TO_START,load_zone_22,dump_zone_23,0.00025,0.00067
1217.0,2026-07-02T13:04:01.905,3,-100.236,453.622,0.0,-0.5,1000.0,RETURNING_TO_START,load_zone_22,dump_zone_22,0.00025,0.00067
1218.0,2026-07-02T13:04:06.906,1,619.061,199.116,17.954,0.9167,1000.0,RETURNING_TO_START,load_zone_26,dump_zone_3,0.000358,0.000959
1218.0,2026-07-02T13:04:06.906,2,-107.891,451.935,0.0,-0.1997,1000.0,RETURNING_TO_START,load_zone_22,dump_zone_23,0.00025,0.00067
1218.0,2026-07-02T13:04:06.906,3,-100.236,453.622,0.0,-0.5,1000.0,RETURNING_TO_START,load_zone_22,dump_zone_22,0.00025,0.00067
1219.0,2026-07-02T13:04:10.696,1,624.303,199.688,19.304,-0.0833,1000.0,RETURNING_TO_START,load_zone_26,dump_zone_3,0.000262,0.000702
1219.0,2026-07-02T13:04:10.696,2,-107.891,451.935,0.0,-0.1997,1000.0,RETURNING_TO_START,load_zone_22,dump_zone_23,0.00025,0.00067
1219.0,2026-07-02T13:04:10.696,3,-100.236,453.622,0.0,-0.5,1000.0,RETURNING_TO_START,load_zone_22,dump_zone_22,0.00025,0.00067
1220.0,2026-07-02T13:04:13.604,1,629.412,200.376,17.754,-0.5,1000.0,RETURNING_TO_START,load_zone_26,dump_zone_3,0.00025,0.00067
1220.0,2026-07-02T13:04:13.604,2,-107.891,451.935,0.0,-0.1997,1000.0,RETURNING_TO_START,load_zone_22,dump_zone_23,0.00025,0.00067
1220.0,2026-07-02T13:04:13.604,3,-100.236,453.622,0.0,-0.5,1000.0,RETURNING_TO_START,load_zone_22,dump_zone_22,0.00025,0.00067
1221.0,2026-07-02T13:04:16.903,1,634.027,201.029,15.954,-0.5,1000.0,RETURNING_TO_START,load_zone_26,dump_zone_3,0.00025,0.00067
1221.0,2026-07-02T13:04:16.903,2,-107.891,451.935,0.0,-0.1997,1000.0,RETURNING_TO_START,load_zone_22,dump_zone_23,0.00025,0.00067
1221.0,2026-07-02T13:04:16.903,3,-100.236,453.622,0.0,-0.5,1000.0,RETURNING_TO_START,load_zone_22,dump_zone_22,0.00025,0.00067
1222.0,2026-07-02T13:04:20.232,1,638.151,201.579,14.154,-0.5,1000.0,RETURNING_TO_START,load_zone_26,dump_zone_3,0.00025,0.00067
1222.0,2026-07-02T13:04:20.232,2,-107.891,451.935,0.0,-0.1997,1000.0,RETURNING_TO_START,load_zone_22,dump_zone_23,0.00025,0.00067
1222.0,2026-07-02T13:04:20.232,3,-100.236,453.622,0.0,-0.5,1000.0,RETURNING_TO_START,load_zone_22,dump_zone_22,0.00025,0.00067
1223.0,2026-07-02T13:04:23.943,1,641.787,201.997,12.354,-0.5,1000.0,RETURNING_TO_START,load_zone_26,dump_zone_3,0.00025,0.00067
1223.0,2026-07-02T13:04:23.943,2,-107.891,451.935,0.0,-0.1997,1000.0,RETURNING_TO_START,load_zone_22,dump_zone_23,0.00025,0.00067
1223.0,2026-07-02T13:04:23.943,3,-100.236,453.622,0.0,-0.5,1000.0,RETURNING_TO_START,load_zone_22,dump_zone_22,0.00025,0.00067
1224.0,2026-07-02T13:04:26.884,1,644.936,202.278,10.554,-0.5,1000.0,RETURNING_TO_START,load_zone_26,dump_zone_3,0.00025,0.00067
1224.0,2026-07-02T13:04:26.884,2,-107.891,451.935,0.0,-0.1997,1000.0,RETURNING_TO_START,load_zone_22,dump_zone_23,0.00025,0.00067
1224.0,2026-07-02T13:04:26.884,3,-100.236,453.622,0.0,-0.5,1000.0,RETURNING_TO_START,load_zone_22,dump_zone_22,0.00025,0.00067
1225.0,2026-07-02T13:04:30.064,1,647.592,202.43,8.754,-0.5,1000.0,RETURNING_TO_START,load_zone_26,dump_zone_3,0.00025,0.00067
1225.0,2026-07-02T13:04:30.064,2,-107.891,451.935,0.0,-0.1997,1000.0,RETURNING_TO_START,load_zone_22,dump_zone_23,0.00025,0.00067
1225.0,2026-07-02T13:04:30.064,3,-100.236,453.622,0.0,-0.5,1000.0,RETURNING_TO_START,load_zone_22,dump_zone_22,0.00025,0.00067
1226.0,2026-07-02T13:04:33.095,1,649.745,202.191,7.188,-0.25,1000.0,RETURNING_TO_START,load_zone_26,dump_zone_3,0.00025,0.00067
1226.0,2026-07-02T13:04:33.095,2,-107.891,451.935,0.0,-0.1997,1000.0,RETURNING_TO_START,load_zone_22,dump_zone_23,0.00025,0.00067
1226.0,2026-07-02T13:04:33.095,3,-100.236,453.622,0.0,-0.5,1000.0,RETURNING_TO_START,load_zone_22,dump_zone_22,0.00025,0.00067
1227.0,2026-07-02T13:04:36.009,1,651.445,201.051,8.188,0.5833,1000.0,RETURNING_TO_START,load_zone_26,dump_zone_3,0.000284,0.000761
1227.0,2026-07-02T13:04:36.009,2,-107.891,451.935,0.0,-0.1997,1000.0,RETURNING_TO_START,load_zone_22,dump_zone_23,0.00025,0.00067
1227.0,2026-07-02T13:04:36.009,3,-100.236,453.622,0.0,-0.5,1000.0,RETURNING_TO_START,load_zone_22,dump_zone_22,0.00025,0.00067
1228.0,2026-07-02T13:04:39.087,1,652.457,198.925,8.338,-0.4167,1000.0,RETURNING_TO_START,load_zone_26,dump_zone_3,0.00025,0.00067
1228.0,2026-07-02T13:04:39.087,2,-107.891,451.935,0.0,-0.1997,1000.0,RETURNING_TO_START,load_zone_22,dump_zone_23,0.00025,0.00067
1228.0,2026-07-02T13:04:39.087,3,-100.236,453.622,0.0,-0.5,1000.0,RETURNING_TO_START,load_zone_22,dump_zone_22,0.00025,0.00067
1229.0,2026-07-02T13:04:42.887,1,652.642,196.795,7.663,0.25,1000.0,RETURNING_TO_START,load_zone_26,dump_zone_3,0.000268,0.000718
1229.0,2026-07-02T13:04:42.887,2,-107.891,451.935,0.0,-0.1997,1000.0,RETURNING_TO_START,load_zone_22,dump_zone_23,0.00025,0.00067
1229.0,2026-07-02T13:04:42.887,3,-100.236,453.622,0.0,-0.5,1000.0,RETURNING_TO_START,load_zone_22,dump_zone_22,0.00025,0.00067
1230.0,2026-07-02T13:04:46.263,1,652.628,194.326,10.363,1.0,1000.0,RETURNING_TO_START,load_zone_26,dump_zone_3,0.000317,0.00085
1230.0,2026-07-02T13:04:46.263,2,-107.891,451.935,0.0,-0.1997,1000.0,RETURNING_TO_START,load_zone_22,dump_zone_23,0.00025,0.00067
1230.0,2026-07-02T13:04:46.263,3,-100.236,453.622,0.0,-0.5,1000.0,RETURNING_TO_START,load_zone_22,dump_zone_22,0.00025,0.00067
1231.0,2026-07-02T13:04:49.512,1,652.534,191.003,12.838,0.25,1000.0,RETURNING_TO_START,load_zone_26,dump_zone_3,0.000281,0.000753
1231.0,2026-07-02T13:04:49.512,2,-107.891,451.935,0.0,-0.1997,1000.0,RETURNING_TO_START,load_zone_22,dump_zone_23,0.00025,0.00067
1231.0,2026-07-02T13:04:49.512,3,-100.236,453.622,0.0,-0.5,1000.0,RETURNING_TO_START,load_zone_22,dump_zone_22,0.00025,0.00067
1232.0,2026-07-02T13:04:53.076,1,652.5,187.507,11.938,-0.5,1000.0,RETURNING_TO_START,load_zone_26,dump_zone_3,0.00025,0.00067
1232.0,2026-07-02T13:04:53.076,2,-107.891,451.935,0.0,-0.1997,1000.0,RETURNING_TO_START,load_zone_22,dump_zone_23,0.00025,0.00067
1232.0,2026-07-02T13:04:53.076,3,-100.236,453.622,0.0,-0.5,1000.0,RETURNING_TO_START,load_zone_22,dump_zone_22,0.00025,0.00067
1233.0,2026-07-02T13:04:56.405,1,652.498,184.461,10.138,-0.5,1000.0,RETURNING_TO_START,load_zone_26,dump_zone_3,0.00025,0.00067
1233.0,2026-07-02T13:04:56.405,2,-107.891,451.935,0.0,-0.1997,1000.0,RETURNING_TO_START,load_zone_22,dump_zone_23,0.00025,0.00067
1233.0,2026-07-02T13:04:56.405,3,-100.236,453.622,0.0,-0.5,1000.0,RETURNING_TO_START,load_zone_22,dump_zone_22,0.00025,0.00067
1234.0,2026-07-02T13:05:00.746,1,652.499,181.916,8.338,-0.5,1000.0,RETURNING_TO_START,load_zone_26,dump_zone_3,0.00025,0.00067
1234.0,2026-07-02T13:05:00.746,2,-107.891,451.935,0.0,-0.1997,1000.0,RETURNING_TO_START,load_zone_22,dump_zone_23,0.00025,0.00067
1234.0,2026-07-02T13:05:00.746,3,-100.236,453.622,0.0,-0.5,1000.0,RETURNING_TO_START,load_zone_22,dump_zone_22,0.00025,0.00067
1235.0,2026-07-02T13:05:04.346,1,652.503,179.871,6.538,-0.5,1000.0,RETURNING_TO_START,load_zone_26,dump_zone_3,0.00025,0.00067
1235.0,2026-07-02T13:05:04.346,2,-107.891,451.935,0.0,-0.1997,1000.0,RETURNING_TO_START,load_zone_22,dump_zone_23,0.00025,0.00067
1235.0,2026-07-02T13:05:04.346,3,-100.236,453.622,0.0,-0.5,1000.0,RETURNING_TO_START,load_zone_22,dump_zone_22,0.00025,0.00067
1236.0,2026-07-02T13:05:07.819,1,652.835,178.371,4.738,-0.5,1000.0,RETURNING_TO_START,load_zone_26,dump_zone_3,0.00025,0.00067
1236.0,2026-07-02T13:05:07.819,2,-107.891,451.935,0.0,-0.1997,1000.0,RETURNING_TO_START,load_zone_22,dump_zone_23,0.00025,0.00067
1236.0,2026-07-02T13:05:07.819,3,-100.236,453.622,0.0,-0.5,1000.0,RETURNING_TO_START,load_zone_22,dump_zone_22,0.00025,0.00067
1237.0,2026-07-02T13:05:11.577,1,653.368,177.475,2.938,-0.5,1000.0,UNLOADING,load_zone_26,dump_zone_3,0.00025,0.00067
1237.0,2026-07-02T13:05:11.577,2,-107.891,451.935,0.0,-0.1997,1000.0,RETURNING_TO_START,load_zone_22,dump_zone_23,0.00025,0.00067
1237.0,2026-07-02T13:05:11.577,3,-100.236,453.622,0.0,-0.5,1000.0,RETURNING_TO_START,load_zone_22,dump_zone_22,0.00025,0.00067
1238.0,2026-07-02T13:05:16.430,1,653.728,177.067,1.138,-0.5,1000.0,UNLOADING,load_zone_26,dump_zone_3,0.00025,0.00067
1238.0,2026-07-02T13:05:16.430,2,-107.891,451.935,0.0,-0.1997,1000.0,RETURNING_TO_START,load_zone_22,dump_zone_23,0.00025,0.00067
1238.0,2026-07-02T13:05:16.430,3,-100.236,453.622,0.0,-0.5,1000.0,RETURNING_TO_START,load_zone_22,dump_zone_22,0.00025,0.00067
1239.0,2026-07-02T13:05:20.496,1,653.788,177.003,0.0,-0.5,1000.0,UNLOADING,load_zone_26,dump_zone_3,0.00025,0.00067
1239.0,2026-07-02T13:05:20.496,2,-107.891,451.935,0.0,-0.1997,1000.0,RETURNING_TO_START,load_zone_22,dump_zone_23,0.00025,0.00067
1239.0,2026-07-02T13:05:20.496,3,-100.236,453.622,0.0,-0.5,1000.0,RETURNING_TO_START,load_zone_22,dump_zone_22,0.00025,0.00067
1240.0,2026-07-02T13:05:24.153,1,654.162,176.671,7.2,0.0,0.0,TURNING_AROUND,dump_zone_3,load_zone_26,0.000255,0.000683
1240.0,2026-07-02T13:05:24.153,2,-107.891,451.935,0.0,-0.1997,1000.0,RETURNING_TO_START,load_zone_22,dump_zone_23,0.00025,0.00067
1240.0,2026-07-02T13:05:24.153,3,-100.236,453.622,0.0,-0.5,1000.0,RETURNING_TO_START,load_zone_22,dump_zone_22,0.00025,0.00067
1241.0,2026-07-02T13:05:26.447,1,655.974,175.875,7.2,0.0,0.0,TURNING_AROUND,dump_zone_3,load_zone_26,0.000255,0.000683
1241.0,2026-07-02T13:05:26.447,2,-107.891,451.935,0.0,-0.1997,1000.0,RETURNING_TO_START,load_zone_22,dump_zone_23,0.00025,0.00067
1241.0,2026-07-02T13:05:26.447,3,-100.236,453.622,0.0,-0.5,1000.0,RETURNING_TO_START,load_zone_22,dump_zone_22,0.00025,0.00067
1242.0,2026-07-02T13:05:29.228,1,655.648,175.7,5.4,0.0,0.0,TURNING_AROUND,dump_zone_3,load_zone_26,0.000253,0.000678
1242.0,2026-07-02T13:05:29.228,2,-107.891,451.935,0.0,-0.1997,1000.0,RETURNING_TO_START,load_zone_22,dump_zone_23,0.00025,0.00067
1242.0,2026-07-02T13:05:29.228,3,-100.236,453.622,0.0,-0.5,1000.0,RETURNING_TO_START,load_zone_22,dump_zone_22,0.00025,0.00067
1243.0,2026-07-02T13:05:31.709,1,656.307,176.235,7.2,0.0,0.0,TURNING_AROUND,dump_zone_3,load_zone_26,0.000255,0.000683
1243.0,2026-07-02T13:05:31.709,2,-107.891,451.935,0.0,-0.1997,1000.0,RETURNING_TO_START,load_zone_22,dump_zone_23,0.00025,0.00067
1243.0,2026-07-02T13:05:31.709,3,-100.236,453.622,0.0,-0.5,1000.0,RETURNING_TO_START,load_zone_22,dump_zone_22,0.00025,0.00067
1244.0,2026-07-02T13:05:34.504,1,657.331,177.588,5.4,0.0,0.0,TURNING_AROUND,dump_zone_3,load_zone_26,0.000253,0.000678
1244.0,2026-07-02T13:05:34.504,2,-107.891,451.935,0.0,-0.1997,1000.0,RETURNING_TO_START,load_zone_22,dump_zone_23,0.00025,0.00067
1244.0,2026-07-02T13:05:34.504,3,-100.236,453.622,0.0,-0.5,1000.0,RETURNING_TO_START,load_zone_22,dump_zone_22,0.00025,0.00067
1245.0,2026-07-02T13:05:36.823,1,657.148,177.001,0.223,0.3112,0.0,GOING_TO_ENDPOINT,dump_zone_3,load_zone_26,0.00025,0.00067
1245.0,2026-07-02T13:05:36.823,2,-107.891,451.935,0.0,-0.1997,1000.0,RETURNING_TO_START,load_zone_22,dump_zone_23,0.00025,0.00067
1245.0,2026-07-02T13:05:36.823,3,-100.236,453.622,0.0,-0.5,1000.0,RETURNING_TO_START,load_zone_22,dump_zone_22,0.00025,0.00067
1246.0,2026-07-02T13:05:39.256,1,657.122,177.431,3.07,1.0,0.0,GOING_TO_ENDPOINT,dump_zone_3,load_zone_26,0.000262,0.000702
1246.0,2026-07-02T13:05:39.256,2,-107.891,451.935,0.0,-0.1997,1000.0,RETURNING_TO_START,load_zone_22,dump_zone_23,0.00025,0.00067
1246.0,2026-07-02T13:05:39.256,3,-100.236,453.622,0.0,-0.5,1000.0,RETURNING_TO_START,load_zone_22,dump_zone_22,0.00025,0.00067
1247.0,2026-07-02T13:05:42.484,1,656.714,178.757,6.67,1.0,0.0,GOING_TO_ENDPOINT,dump_zone_3,load_zone_26,0.000276,0.00074
1247.0,2026-07-02T13:05:42.484,2,-107.891,451.935,0.0,-0.1997,1000.0,RETURNING_TO_START,load_zone_22,dump_zone_23,0.00025,0.00067
1247.0,2026-07-02T13:05:42.484,3,-100.236,453.622,0.0,-0.5,1000.0,RETURNING_TO_START,load_zone_22,dump_zone_22,0.00025,0.00067
1248.0,2026-07-02T13:05:46.074,1,655.073,180.46,10.27,1.0,0.0,GOING_TO_ENDPOINT,dump_zone_3,load_zone_26,0.00029,0.000777
1248.0,2026-07-02T13:05:46.074,2,-107.891,451.935,0.0,-0.1997,1000.0,RETURNING_TO_START,load_zone_22,dump_zone_23,0.00025,0.00067
1248.0,2026-07-02T13:05:46.074,3,-100.236,453.622,0.0,-0.5,1000.0,RETURNING_TO_START,load_zone_22,dump_zone_22,0.00025,0.00067
1249.0,2026-07-02T13:05:48.966,1,652.114,182.123,13.87,1.0,0.0,GOING_TO_ENDPOINT,dump_zone_3,load_zone_26,0.000304,0.000815
1249.0,2026-07-02T13:05:48.966,2,-107.891,451.935,0.0,-0.1997,1000.0,RETURNING_TO_START,load_zone_22,dump_zone_23,0.00025,0.00067
1249.0,2026-07-02T13:05:48.966,3,-100.236,453.622,0.0,-0.5,1000.0,RETURNING_TO_START,load_zone_22,dump_zone_22,0.00025,0.00067
1250.0,2026-07-02T13:05:52.919,1,648.702,184.825,17.095,0.5833,0.0,GOING_TO_ENDPOINT,dump_zone_3,load_zone_26,0.000293,0.000785
1250.0,2026-07-02T13:05:52.919,2,-107.891,451.935,0.0,-0.1997,1000.0,RETURNING_TO_START,load_zone_22,dump_zone_23,0.00025,0.00067
1250.0,2026-07-02T13:05:52.919,3,-100.236,453.622,0.0,-0.5,1000.0,RETURNING_TO_START,load_zone_22,dump_zone_22,0.00025,0.00067
1251.0,2026-07-02T13:05:55.489,1,647.411,189.399,17.245,-0.4167,0.0,GOING_TO_ENDPOINT,dump_zone_3,load_zone_26,0.00025,0.00067
1251.0,2026-07-02T13:05:55.489,2,-107.891,451.935,0.0,-0.1997,1000.0,RETURNING_TO_START,load_zone_22,dump_zone_23,0.00025,0.00067
1251.0,2026-07-02T13:05:55.489,3,-100.236,453.622,0.0,-0.5,1000.0,RETURNING_TO_START,load_zone_22,dump_zone_22,0.00025,0.00067
1252.0,2026-07-02T13:05:57.739,1,647.481,193.918,15.445,-0.5,0.0,GOING_TO_ENDPOINT,dump_zone_3,load_zone_26,0.00025,0.00067
1252.0,2026-07-02T13:05:57.739,2,-107.891,451.935,0.0,-0.1997,1000.0,RETURNING_TO_START,load_zone_22,dump_zone_23,0.00025,0.00067
1252.0,2026-07-02T13:05:57.739,3,-100.236,453.622,0.0,-0.5,1000.0,RETURNING_TO_START,load_zone_22,dump_zone_22,0.00025,0.00067
1253.0,2026-07-02T13:06:00.248,1,647.483,197.937,13.645,-0.5,0.0,GOING_TO_ENDPOINT,dump_zone_3,load_zone_26,0.00025,0.00067
1253.0,2026-07-02T13:06:00.248,2,-107.891,451.935,0.0,-0.1997,1000.0,RETURNING_TO_START,load_zone_22,dump_zone_23,0.00025,0.00067
1253.0,2026-07-02T13:06:00.248,3,-100.236,453.622,0.0,-0.5,1000.0,RETURNING_TO_START,load_zone_22,dump_zone_22,0.00025,0.00067
1254.0,2026-07-02T13:06:02.889,1,645.64,200.979,13.495,0.4167,0.0,GOING_TO_ENDPOINT,dump_zone_3,load_zone_26,0.000277,0.000742
1254.0,2026-07-02T13:06:02.889,2,-107.891,451.935,0.0,-0.1997,1000.0,RETURNING_TO_START,load_zone_22,dump_zone_23,0.00025,0.00067
1254.0,2026-07-02T13:06:02.889,3,-100.236,453.622,0.0,-0.5,1000.0,RETURNING_TO_START,load_zone_22,dump_zone_22,0.00025,0.00067
1255.0,2026-07-02T13:06:04.913,1,641.666,201.135,16.57,1.0,0.0,GOING_TO_ENDPOINT,dump_zone_3,load_zone_26,0.000314,0.000842
1255.0,2026-07-02T13:06:04.913,2,-107.891,451.935,0.0,-0.1997,1000.0,RETURNING_TO_START,load_zone_22,dump_zone_23,0.00025,0.00067
1255.0,2026-07-02T13:06:04.913,3,-100.236,453.622,0.0,-0.5,1000.0,RETURNING_TO_START,load_zone_22,dump_zone_22,0.00025,0.00067
1256.0,2026-07-02T13:06:07.398,1,637.926,197.64,20.02,0.75,0.0,GOING_TO_ENDPOINT,dump_zone_3,load_zone_26,0.000311,0.000833
1256.0,2026-07-02T13:06:07.398,2,-107.891,451.935,0.0,-0.1997,1000.0,RETURNING_TO_START,load_zone_22,dump_zone_23,0.00025,0.00067
1256.0,2026-07-02T13:06:07.398,3,-100.236,453.622,0.0,-0.5,1000.0,RETURNING_TO_START,load_zone_22,dump_zone_22,0.00025,0.00067
1257.0,2026-07-02T13:06:09.817,1,632.558,195.711,20.77,-0.25,0.0,GOING_TO_ENDPOINT,dump_zone_3,load_zone_26,0.00025,0.00067
1257.0,2026-07-02T13:06:09.817,2,-107.891,451.935,0.0,-0.1997,1000.0,RETURNING_TO_START,load_zone_22,dump_zone_23,0.00025,0.00067
1257.0,2026-07-02T13:06:09.817,3,-100.236,453.622,0.0,-0.5,1000.0,RETURNING_TO_START,load_zone_22,dump_zone_22,0.00025,0.00067
1258.0,2026-07-02T13:06:12.126,1,627.087,194.985,19.045,-0.5,0.0,GOING_TO_ENDPOINT,dump_zone_3,load_zone_26,0.00025,0.00067
1258.0,2026-07-02T13:06:12.126,2,-107.891,451.935,0.0,-0.1997,1000.0,RETURNING_TO_START,load_zone_22,dump_zone_23,0.00025,0.00067
1258.0,2026-07-02T13:06:12.126,3,-100.236,453.622,0.0,-0.5,1000.0,RETURNING_TO_START,load_zone_22,dump_zone_22,0.00025,0.00067
1259.0,2026-07-02T13:06:14.339,1,622.102,194.397,17.245,-0.5,0.0,GOING_TO_ENDPOINT,dump_zone_3,load_zone_26,0.00025,0.00067
1259.0,2026-07-02T13:06:14.339,2,-107.891,451.935,0.0,-0.1997,1000.0,RETURNING_TO_START,load_zone_22,dump_zone_23,0.00025,0.00067
1259.0,2026-07-02T13:06:14.339,3,-100.236,453.622,0.0,-0.5,1000.0,RETURNING_TO_START,load_zone_22,dump_zone_22,0.00025,0.00067
1260.0,2026-07-02T13:06:16.592,1,617.601,193.99,15.445,-0.5,0.0,GOING_TO_ENDPOINT,dump_zone_3,load_zone_26,0.00025,0.00067
1260.0,2026-07-02T13:06:16.592,2,-107.891,451.935,0.0,-0.1997,1000.0,RETURNING_TO_START,load_zone_22,dump_zone_23,0.00025,0.00067
1260.0,2026-07-02T13:06:16.592,3,-100.236,453.622,0.0,-0.5,1000.0,RETURNING_TO_START,load_zone_22,dump_zone_22,0.00025,0.00067
1261.0,2026-07-02T13:06:18.721,1,613.586,193.825,13.645,-0.5,0.0,GOING_TO_ENDPOINT,dump_zone_3,load_zone_26,0.00025,0.00067
1261.0,2026-07-02T13:06:18.721,2,-107.891,451.935,0.0,-0.1997,1000.0,RETURNING_TO_START,load_zone_22,dump_zone_23,0.00025,0.00067
1261.0,2026-07-02T13:06:18.721,3,-100.236,453.622,0.0,-0.5,1000.0,RETURNING_TO_START,load_zone_22,dump_zone_22,0.00025,0.00067
1262.0,2026-07-02T13:06:20.987,1,610.073,193.983,11.845,-0.5,0.0,GOING_TO_ENDPOINT,dump_zone_3,load_zone_26,0.00025,0.00067
1262.0,2026-07-02T13:06:20.987,2,-107.891,451.935,0.0,-0.1997,1000.0,RETURNING_TO_START,load_zone_22,dump_zone_23,0.00025,0.00067
1262.0,2026-07-02T13:06:20.987,3,-100.236,453.622,0.0,-0.5,1000.0,RETURNING_TO_START,load_zone_22,dump_zone_22,0.00025,0.00067
1263.0,2026-07-02T13:06:23.558,1,607.347,195.226,10.045,-0.5,0.0,GOING_TO_ENDPOINT,dump_zone_3,load_zone_26,0.00025,0.00067
1263.0,2026-07-02T13:06:23.558,2,-107.891,451.935,0.0,-0.1997,1000.0,RETURNING_TO_START,load_zone_22,dump_zone_23,0.00025,0.00067
1263.0,2026-07-02T13:06:23.558,3,-100.236,453.622,0.0,-0.5,1000.0,RETURNING_TO_START,load_zone_22,dump_zone_22,0.00025,0.00067
1264.0,2026-07-02T13:06:26.373,1,605.165,196.482,8.245,-0.5,0.0,GOING_TO_ENDPOINT,dump_zone_3,load_zone_26,0.00025,0.00067
1264.0,2026-07-02T13:06:26.373,2,-107.891,451.935,0.0,-0.1997,1000.0,RETURNING_TO_START,load_zone_22,dump_zone_23,0.00025,0.00067
1264.0,2026-07-02T13:06:26.373,3,-100.236,453.622,0.0,-0.5,1000.0,RETURNING_TO_START,load_zone_22,dump_zone_22,0.00025,0.00067
1265.0,2026-07-02T13:06:29.536,1,603.315,197.327,6.555,-0.4667,0.0,GOING_TO_ENDPOINT,dump_zone_3,load_zone_26,0.00025,0.00067
1265.0,2026-07-02T13:06:29.536,2,-107.891,451.935,0.0,-0.1997,1000.0,RETURNING_TO_START,load_zone_22,dump_zone_23,0.00025,0.00067
1265.0,2026-07-02T13:06:29.536,3,-100.236,453.622,0.0,-0.5,1000.0,RETURNING_TO_START,load_zone_22,dump_zone_22,0.00025,0.00067
1266.0,2026-07-02T13:06:33.329,1,601.768,198.0,5.844,-0.2371,0.0,GOING_TO_ENDPOINT,dump_zone_3,load_zone_26,0.00025,0.00067
1266.0,2026-07-02T13:06:33.329,2,-107.891,451.935,0.0,-0.1997,1000.0,RETURNING_TO_START,load_zone_22,dump_zone_23,0.00025,0.00067
1266.0,2026-07-02T13:06:33.329,3,-100.236,453.622,0.0,-0.5,1000.0,RETURNING_TO_START,load_zone_22,dump_zone_22,0.00025,0.00067
1267.0,2026-07-02T13:06:36.317,1,600.477,198.462,4.131,-0.5,0.0,GOING_TO_ENDPOINT,dump_zone_3,load_zone_26,0.00025,0.00067
1267.0,2026-07-02T13:06:36.317,2,-107.891,451.935,0.0,-0.1997,1000.0,RETURNING_TO_START,load_zone_22,dump_zone_23,0.00025,0.00067
1267.0,2026-07-02T13:06:36.317,3,-100.236,453.622,0.0,-0.5,1000.0,RETURNING_TO_START,load_zone_22,dump_zone_22,0.00025,0.00067
1268.0,2026-07-02T13:06:40.031,1,599.556,198.532,3.031,0.0833,0.0,GOING_TO_ENDPOINT,dump_zone_3,load_zone_26,0.000253,0.000678
1268.0,2026-07-02T13:06:40.031,2,-107.891,451.935,0.0,-0.1997,1000.0,RETURNING_TO_START,load_zone_22,dump_zone_23,0.00025,0.00067
1268.0,2026-07-02T13:06:40.031,3,-100.236,453.622,0.0,-0.5,1000.0,RETURNING_TO_START,load_zone_22,dump_zone_22,0.00025,0.00067
1269.0,2026-07-02T13:06:43.175,1,598.48,198.337,5.256,1.0,0.0,GOING_TO_ENDPOINT,dump_zone_3,load_zone_26,0.00027,0.000724
1269.0,2026-07-02T13:06:43.175,2,-107.891,451.935,0.0,-0.1997,1000.0,RETURNING_TO_START,load_zone_22,dump_zone_23,0.00025,0.00067
1269.0,2026-07-02T13:06:43.175,3,-100.236,453.622,0.0,-0.5,1000.0,RETURNING_TO_START,load_zone_22,dump_zone_22,0.00025,0.00067
1270.0,2026-07-02T13:06:46.231,1,596.82,197.259,8.856,1.0,0.0,GOING_TO_ENDPOINT,dump_zone_3,load_zone_26,0.000284,0.000761
1270.0,2026-07-02T13:06:46.231,2,-107.891,451.935,0.0,-0.1997,1000.0,RETURNING_TO_START,load_zone_22,dump_zone_23,0.00025,0.00067
1270.0,2026-07-02T13:06:46.231,3,-100.236,453.622,0.0,-0.5,1000.0,RETURNING_TO_START,load_zone_22,dump_zone_22,0.00025,0.00067
1271.0,2026-07-02T13:06:49.267,1,595.79,194.516,12.456,1.0,0.0,GOING_TO_ENDPOINT,dump_zone_3,load_zone_26,0.000298,0.000799
1271.0,2026-07-02T13:06:49.267,2,-107.891,451.935,0.0,-0.1997,1000.0,RETURNING_TO_START,load_zone_22,dump_zone_23,0.00025,0.00067
1271.0,2026-07-02T13:06:49.267,3,-100.236,453.622,0.0,-0.5,1000.0,RETURNING_TO_START,load_zone_22,dump_zone_22,0.00025,0.00067
1272.0,2026-07-02T13:06:52.902,1,597.624,191.094,16.056,1.0,0.0,GOING_TO_ENDPOINT,dump_zone_3,load_zone_26,0.000312,0.000836
1272.0,2026-07-02T13:06:52.902,2,-107.891,451.935,0.0,-0.1997,1000.0,RETURNING_TO_START,load_zone_22,dump_zone_23,0.00025,0.00067
1272.0,2026-07-02T13:06:52.902,3,-100.236,453.622,0.0,-0.5,1000.0,RETURNING_TO_START,load_zone_22,dump_zone_22,0.00025,0.00067
1273.0,2026-07-02T13:06:55.932,1,600.251,186.86,19.656,1.0,0.0,GOING_TO_ENDPOINT,dump_zone_3,load_zone_26,0.000326,0.000874
1273.0,2026-07-02T13:06:55.932,2,-107.891,451.935,0.0,-0.1997,1000.0,RETURNING_TO_START,load_zone_22,dump_zone_23,0.00025,0.00067
1273.0,2026-07-02T13:06:55.932,3,-100.236,453.622,0.0,-0.5,1000.0,RETURNING_TO_START,load_zone_22,dump_zone_22,0.00025,0.00067
1274.0,2026-07-02T13:06:58.317,1,602.198,181.211,23.256,1.0,0.0,GOING_TO_ENDPOINT,dump_zone_3,load_zone_26,0.00034,0.000911
1274.0,2026-07-02T13:06:58.317,2,-107.891,451.935,0.0,-0.1997,1000.0,RETURNING_TO_START,load_zone_22,dump_zone_23,0.00025,0.00067
1274.0,2026-07-02T13:06:58.317,3,-100.236,453.622,0.0,-0.5,1000.0,RETURNING_TO_START,load_zone_22,dump_zone_22,0.00025,0.00067
1275.0,2026-07-02T13:07:01.078,1,602.517,174.226,26.808,0.9167,0.0,GOING_TO_ENDPOINT,dump_zone_3,load_zone_26,0.000346,0.000927
1275.0,2026-07-02T13:07:01.078,2,-107.891,451.935,0.0,-0.1997,1000.0,RETURNING_TO_START,load_zone_22,dump_zone_23,0.00025,0.00067
1275.0,2026-07-02T13:07:01.078,3,-100.236,453.622,0.0,-0.5,1000.0,RETURNING_TO_START,load_zone_22,dump_zone_22,0.00025,0.00067
1276.0,2026-07-02T13:07:03.843,1,602.499,166.494,28.158,-0.0833,0.0,GOING_TO_ENDPOINT,dump_zone_3,load_zone_26,0.00026,0.000697
1276.0,2026-07-02T13:07:03.843,2,-107.891,451.935,0.0,-0.1997,1000.0,RETURNING_TO_START,load_zone_22,dump_zone_23,0.00025,0.00067
1276.0,2026-07-02T13:07:03.843,3,-100.236,453.622,0.0,-0.5,1000.0,RETURNING_TO_START,load_zone_22,dump_zone_22,0.00025,0.00067
1277.0,2026-07-02T13:07:09.354,1,602.5,158.879,26.633,-0.4167,0.0,GOING_TO_ENDPOINT,dump_zone_3,load_zone_26,0.00025,0.00067
1277.0,2026-07-02T13:07:09.354,2,-107.891,451.935,0.0,-0.1997,1000.0,RETURNING_TO_START,load_zone_22,dump_zone_23,0.00025,0.00067
1277.0,2026-07-02T13:07:09.354,3,-100.236,453.622,0.0,-0.5,1000.0,RETURNING_TO_START,load_zone_22,dump_zone_22,0.00025,0.00067
1278.0,2026-07-02T13:07:13.784,1,602.5,151.567,26.296,0.193,0.0,GOING_TO_ENDPOINT,dump_zone_3,load_zone_26,0.000283,0.000758
1278.0,2026-07-02T13:07:13.784,2,-107.891,451.935,0.0,-0.1997,1000.0,RETURNING_TO_START,load_zone_22,dump_zone_23,0.00025,0.00067
1278.0,2026-07-02T13:07:13.784,3,-100.236,453.622,0.0,-0.5,1000.0,RETURNING_TO_START,load_zone_22,dump_zone_22,0.00025,0.00067
1279.0,2026-07-02T13:07:18.753,1,602.5,144.092,27.24,0.0991,0.0,GOING_TO_ENDPOINT,dump_zone_3,load_zone_26,0.000276,0.00074
1279.0,2026-07-02T13:07:18.753,2,-107.891,451.935,0.0,-0.1997,1000.0,RETURNING_TO_START,load_zone_22,dump_zone_23,0.00025,0.00067
1279.0,2026-07-02T13:07:18.753,3,-100.236,453.622,0.0,-0.5,1000.0,RETURNING_TO_START,load_zone_22,dump_zone_22,0.00025,0.00067
1280.0,2026-07-02T13:07:22.380,1,602.5,136.485,27.396,-0.0676,0.0,GOING_TO_ENDPOINT,dump_zone_3,load_zone_26,0.000261,0.000699
1280.0,2026-07-02T13:07:22.380,2,-107.891,451.935,0.0,-0.1997,1000.0,RETURNING_TO_START,load_zone_22,dump_zone_23,0.00025,0.00067
1280.0,2026-07-02T13:07:22.380,3,-100.236,453.622,0.0,-0.5,1000.0,RETURNING_TO_START,load_zone_22,dump_zone_22,0.00025,0.00067
1281.0,2026-07-02T13:07:25.985,1,602.5,128.851,27.603,0.2658,0.0,GOING_TO_ENDPOINT,dump_zone_3,load_zone_26,0.000291,0.00078
1281.0,2026-07-02T13:07:25.985,2,-107.891,451.935,0.0,-0.1997,1000.0,RETURNING_TO_START,load_zone_22,dump_zone_23,0.00025,0.00067
1281.0,2026-07-02T13:07:25.985,3,-100.236,453.622,0.0,-0.5,1000.0,RETURNING_TO_START,load_zone_22,dump_zone_22,0.00025,0.00067
1282.0,2026-07-02T13:07:30.146,1,602.5,121.107,27.83,-0.1452,0.0,GOING_TO_ENDPOINT,dump_zone_3,load_zone_26,0.000255,0.000683
1282.0,2026-07-02T13:07:30.146,2,-107.891,451.935,0.0,-0.1997,1000.0,RETURNING_TO_START,load_zone_22,dump_zone_23,0.00025,0.00067
1282.0,2026-07-02T13:07:30.146,3,-100.236,453.622,0.0,-0.5,1000.0,RETURNING_TO_START,load_zone_22,dump_zone_22,0.00025,0.00067
1283.0,2026-07-02T13:07:33.906,1,602.5,113.441,27.557,0.1881,0.0,GOING_TO_ENDPOINT,dump_zone_3,load_zone_26,0.000284,0.000761
1283.0,2026-07-02T13:07:33.906,2,-107.891,451.935,0.0,-0.1997,1000.0,RETURNING_TO_START,load_zone_22,dump_zone_23,0.00025,0.00067
1283.0,2026-07-02T13:07:33.906,3,-100.236,453.622,0.0,-0.5,1000.0,RETURNING_TO_START,load_zone_22,dump_zone_22,0.00025,0.00067
1284.0,2026-07-02T13:07:37.332,1,602.5,105.659,28.167,0.0033,0.0,GOING_TO_ENDPOINT,dump_zone_3,load_zone_26,0.000268,0.000718
1284.0,2026-07-02T13:07:37.332,2,-107.891,451.935,0.0,-0.1997,1000.0,RETURNING_TO_START,load_zone_22,dump_zone_23,0.00025,0.00067
1284.0,2026-07-02T13:07:37.332,3,-100.236,453.622,0.0,-0.5,1000.0,RETURNING_TO_START,load_zone_22,dump_zone_22,0.00025,0.00067
1285.0,2026-07-02T13:07:40.561,1,602.5,97.957,27.42,-0.1194,0.0,GOING_TO_ENDPOINT,dump_zone_3,load_zone_26,0.000257,0.000689
1285.0,2026-07-02T13:07:40.561,2,-107.891,451.935,0.0,-0.1997,1000.0,RETURNING_TO_START,load_zone_22,dump_zone_23,0.00025,0.00067
1285.0,2026-07-02T13:07:40.561,3,-100.236,453.622,0.0,-0.5,1000.0,RETURNING_TO_START,load_zone_22,dump_zone_22,0.00025,0.00067
1286.0,2026-07-02T13:07:43.875,1,602.5,90.393,27.539,0.4468,0.0,GOING_TO_ENDPOINT,dump_zone_3,load_zone_26,0.000307,0.000823
1286.0,2026-07-02T13:07:43.875,2,-107.891,451.935,0.0,-0.1997,1000.0,RETURNING_TO_START,load_zone_22,dump_zone_23,0.00025,0.00067
1286.0,2026-07-02T13:07:43.875,3,-100.236,453.622,0.0,-0.5,1000.0,RETURNING_TO_START,load_zone_22,dump_zone_22,0.00025,0.00067
1287.0,2026-07-02T13:07:47.498,1,602.5,82.573,28.348,-0.1365,0.0,GOING_TO_ENDPOINT,dump_zone_3,load_zone_26,0.000255,0.000683
1287.0,2026-07-02T13:07:47.498,2,-107.891,451.935,0.0,-0.1997,1000.0,RETURNING_TO_START,load_zone_22,dump_zone_23,0.00025,0.00067
1287.0,2026-07-02T13:07:47.498,3,-100.236,453.622,0.0,-0.5,1000.0,RETURNING_TO_START,load_zone_22,dump_zone_22,0.00025,0.00067
1288.0,2026-07-02T13:07:50.986,1,602.5,74.785,27.807,-0.1573,0.0,GOING_TO_ENDPOINT,dump_zone_3,load_zone_26,0.000253,0.000678
1288.0,2026-07-02T13:07:50.986,2,-107.891,451.935,0.0,-0.1997,1000.0,RETURNING_TO_START,load_zone_22,dump_zone_23,0.00025,0.00067
1288.0,2026-07-02T13:07:50.986,3,-100.236,453.622,0.0,-0.5,1000.0,RETURNING_TO_START,load_zone_22,dump_zone_22,0.00025,0.00067
1289.0,2026-07-02T13:07:55.332,1,602.5,67.141,27.418,0.1103,0.0,GOING_TO_ENDPOINT,dump_zone_3,load_zone_26,0.000277,0.000742
1289.0,2026-07-02T13:07:55.332,2,-107.891,451.935,0.0,-0.1997,1000.0,RETURNING_TO_START,load_zone_22,dump_zone_23,0.00025,0.00067
1289.0,2026-07-02T13:07:55.332,3,-100.236,453.622,0.0,-0.5,1000.0,RETURNING_TO_START,load_zone_22,dump_zone_22,0.00025,0.00067
1290.0,2026-07-02T13:07:59.028,1,602.5,59.42,27.995,0.0324,0.0,GOING_TO_ENDPOINT,dump_zone_3,load_zone_26,0.000271,0.000726
1290.0,2026-07-02T13:07:59.028,2,-107.891,451.935,0.0,-0.1997,1000.0,RETURNING_TO_START,load_zone_22,dump_zone_23,0.00025,0.00067
1290.0,2026-07-02T13:07:59.028,3,-100.236,453.622,0.0,-0.5,1000.0,RETURNING_TO_START,load_zone_22,dump_zone_22,0.00025,0.00067
1291.0,2026-07-02T13:08:02.353,1,602.5,51.658,28.112,0.0324,0.0,GOING_TO_ENDPOINT,dump_zone_3,load_zone_26,0.000271,0.000726
1291.0,2026-07-02T13:08:02.353,2,-107.891,451.935,0.0,-0.1997,1000.0,RETURNING_TO_START,load_zone_22,dump_zone_23,0.00025,0.00067
1291.0,2026-07-02T13:08:02.353,3,-100.236,453.622,0.0,-0.5,1000.0,RETURNING_TO_START,load_zone_22,dump_zone_22,0.00025,0.00067
1292.0,2026-07-02T13:08:05.822,1,602.5,43.862,28.063,0.1737,0.0,GOING_TO_ENDPOINT,dump_zone_3,load_zone_26,0.000284,0.000761
1292.0,2026-07-02T13:08:05.822,2,-107.891,451.935,0.0,-0.1997,1000.0,RETURNING_TO_START,load_zone_22,dump_zone_23,0.00025,0.00067
1292.0,2026-07-02T13:08:05.822,3,-100.236,453.622,0.0,-0.5,1000.0,RETURNING_TO_START,load_zone_22,dump_zone_22,0.00025,0.00067
1293.0,2026-07-02T13:08:10.095,1,602.5,35.941,28.7,0.0731,0.0,GOING_TO_ENDPOINT,dump_zone_3,load_zone_26,0.000275,0.000737
1293.0,2026-07-02T13:08:10.095,2,-107.891,451.935,0.0,-0.1997,1000.0,RETURNING_TO_START,load_zone_22,dump_zone_23,0.00025,0.00067
1293.0,2026-07-02T13:08:10.095,3,-100.236,453.622,0.0,-0.5,1000.0,RETURNING_TO_START,load_zone_22,dump_zone_22,0.00025,0.00067
1294.0,2026-07-02T13:08:13.963,1,602.5,28.11,27.574,-0.25,0.0,GOING_TO_ENDPOINT,dump_zone_3,load_zone_26,0.00025,0.00067
1294.0,2026-07-02T13:08:13.963,2,-107.891,451.935,0.0,-0.1997,1000.0,RETURNING_TO_START,load_zone_22,dump_zone_23,0.00025,0.00067
1294.0,2026-07-02T13:08:13.963,3,-100.236,453.622,0.0,-0.5,1000.0,RETURNING_TO_START,load_zone_22,dump_zone_22,0.00025,0.00067
1295.0,2026-07-02T13:08:17.329,1,602.5,20.466,27.411,-0.0701,0.0,GOING_TO_ENDPOINT,dump_zone_3,load_zone_26,0.000261,0.000699
1295.0,2026-07-02T13:08:17.329,2,-107.891,451.935,0.0,-0.1997,1000.0,RETURNING_TO_START,load_zone_22,dump_zone_23,0.00025,0.00067
1295.0,2026-07-02T13:08:17.329,3,-100.236,453.622,0.0,-0.5,1000.0,RETURNING_TO_START,load_zone_22,dump_zone_22,0.00025,0.00067
1296.0,2026-07-02T13:08:24.689,1,602.5,12.72,28.358,0.0965,0.0,GOING_TO_ENDPOINT,dump_zone_3,load_zone_26,0.000277,0.000742
1296.0,2026-07-02T13:08:24.689,2,-107.891,451.935,0.0,-0.1997,1000.0,RETURNING_TO_START,load_zone_22,dump_zone_23,0.00025,0.00067
1296.0,2026-07-02T13:08:24.689,3,-100.236,453.622,0.0,-0.5,1000.0,RETURNING_TO_START,load_zone_22,dump_zone_22,0.00025,0.00067
1297.0,2026-07-02T13:08:32.107,1,602.5,4.929,27.745,-0.0538,0.0,GOING_TO_ENDPOINT,dump_zone_3,load_zone_26,0.000263,0.000705
1297.0,2026-07-02T13:08:32.107,2,-107.891,451.935,0.0,-0.1997,1000.0,RETURNING_TO_START,load_zone_22,dump_zone_23,0.00025,0.00067
1297.0,2026-07-02T13:08:32.107,3,-100.236,453.622,0.0,-0.5,1000.0,RETURNING_TO_START,load_zone_22,dump_zone_22,0.00025,0.00067
1298.0,2026-07-02T13:08:36.329,1,602.5,-2.874,28.401,0.2796,0.0,GOING_TO_ENDPOINT,dump_zone_3,load_zone_26,0.000294,0.000788
1298.0,2026-07-02T13:08:36.329,2,-107.891,451.935,0.0,-0.1997,1000.0,RETURNING_TO_START,load_zone_22,dump_zone_23,0.00025,0.00067
1298.0,2026-07-02T13:08:36.329,3,-100.236,453.622,0.0,-0.5,1000.0,RETURNING_TO_START,load_zone_22,dump_zone_22,0.00025,0.00067
1299.0,2026-07-02T13:08:40.076,1,602.5,-10.795,28.074,-0.5,0.0,GOING_TO_ENDPOINT,dump_zone_3,load_zone_26,0.00025,0.00067
1299.0,2026-07-02T13:08:40.076,2,-107.891,451.935,0.0,-0.1997,1000.0,RETURNING_TO_START,load_zone_22,dump_zone_23,0.00025,0.00067
1299.0,2026-07-02T13:08:40.076,3,-100.236,453.622,0.0,-0.5,1000.0,RETURNING_TO_START,load_zone_22,dump_zone_22,0.00025,0.00067
1300.0,2026-07-02T13:08:43.550,1,602.5,-18.416,27.356,0.1783,0.0,GOING_TO_ENDPOINT,dump_zone_3,load_zone_26,0.000283,0.000758
1300.0,2026-07-02T13:08:43.550,2,-107.891,451.935,0.0,-0.1997,1000.0,RETURNING_TO_START,load_zone_22,dump_zone_23,0.00025,0.00067
1300.0,2026-07-02T13:08:43.550,3,-100.236,453.622,0.0,-0.5,1000.0,RETURNING_TO_START,load_zone_22,dump_zone_22,0.00025,0.00067
1301.0,2026-07-02T13:08:47.238,1,602.5,-26.051,27.419,-0.0453,0.0,GOING_TO_ENDPOINT,dump_zone_3,load_zone_26,0.000263,0.000705
1301.0,2026-07-02T13:08:47.238,2,-107.891,451.935,0.0,-0.1997,1000.0,RETURNING_TO_START,load_zone_22,dump_zone_23,0.00025,0.00067
1301.0,2026-07-02T13:08:47.238,3,-100.236,453.622,0.0,-0.5,1000.0,RETURNING_TO_START,load_zone_22,dump_zone_22,0.00025,0.00067
1302.0,2026-07-02T13:08:50.600,1,602.5,-33.73,27.919,0.2278,0.0,GOING_TO_ENDPOINT,dump_zone_3,load_zone_26,0.000288,0.000772
1302.0,2026-07-02T13:08:50.600,2,-107.891,451.935,0.0,-0.1997,1000.0,RETURNING_TO_START,load_zone_22,dump_zone_23,0.00025,0.00067
1302.0,2026-07-02T13:08:50.600,3,-100.236,453.622,0.0,-0.5,1000.0,RETURNING_TO_START,load_zone_22,dump_zone_22,0.00025,0.00067
1303.0,2026-07-02T13:08:53.766,1,602.5,-41.428,27.289,-0.2722,0.0,GOING_TO_ENDPOINT,dump_zone_3,load_zone_26,0.00025,0.00067
1303.0,2026-07-02T13:08:53.766,2,-107.891,451.935,0.0,-0.1997,1000.0,RETURNING_TO_START,load_zone_22,dump_zone_23,0.00025,0.00067
1303.0,2026-07-02T13:08:53.766,3,-100.236,453.622,0.0,-0.5,1000.0,RETURNING_TO_START,load_zone_22,dump_zone_22,0.00025,0.00067
1304.0,2026-07-02T13:08:57.440,1,602.5,-49.005,27.668,0.4996,0.0,GOING_TO_ENDPOINT,dump_zone_3,load_zone_26,0.000312,0.000836
1304.0,2026-07-02T13:08:57.440,2,-107.891,451.935,0.0,-0.1997,1000.0,RETURNING_TO_START,load_zone_22,dump_zone_23,0.00025,0.00067
1304.0,2026-07-02T13:08:57.440,3,-100.236,453.622,0.0,-0.5,1000.0,RETURNING_TO_START,load_zone_22,dump_zone_22,0.00025,0.00067
1305.0,2026-07-02T13:09:00.797,1,602.5,-56.851,28.212,-0.2942,0.0,GOING_TO_ENDPOINT,dump_zone_3,load_zone_26,0.00025,0.00067
1305.0,2026-07-02T13:09:00.797,2,-107.891,451.935,0.0,-0.1997,1000.0,RETURNING_TO_START,load_zone_22,dump_zone_23,0.00025,0.00067
1305.0,2026-07-02T13:09:00.797,3,-100.236,453.622,0.0,-0.5,1000.0,RETURNING_TO_START,load_zone_22,dump_zone_22,0.00025,0.00067
1306.0,2026-07-02T13:09:04.064,1,602.5,-64.448,26.56,-0.5,0.0,GOING_TO_ENDPOINT,dump_zone_3,load_zone_26,0.00025,0.00067
1306.0,2026-07-02T13:09:04.064,2,-107.891,451.935,0.0,-0.1997,1000.0,RETURNING_TO_START,load_zone_22,dump_zone_23,0.00025,0.00067
1306.0,2026-07-02T13:09:04.064,3,-100.236,453.622,0.0,-0.5,1000.0,RETURNING_TO_START,load_zone_22,dump_zone_22,0.00025,0.00067
1307.0,2026-07-02T13:09:07.158,1,602.5,-71.555,24.76,-0.5,0.0,GOING_TO_ENDPOINT,dump_zone_3,load_zone_26,0.00025,0.00067
1307.0,2026-07-02T13:09:07.158,2,-107.891,451.935,0.0,-0.1997,1000.0,RETURNING_TO_START,load_zone_22,dump_zone_23,0.00025,0.00067
1307.0,2026-07-02T13:09:07.158,3,-100.236,453.622,0.0,-0.5,1000.0,RETURNING_TO_START,load_zone_22,dump_zone_22,0.00025,0.00067
1308.0,2026-07-02T13:09:10.000,1,602.5,-78.162,22.96,-0.5,0.0,GOING_TO_ENDPOINT,dump_zone_3,load_zone_26,0.00025,0.00067
1308.0,2026-07-02T13:09:10.000,2,-107.891,451.935,0.0,-0.1997,1000.0,RETURNING_TO_START,load_zone_22,dump_zone_23,0.00025,0.00067
1308.0,2026-07-02T13:09:10.000,3,-100.236,453.622,0.0,-0.5,1000.0,RETURNING_TO_START,load_zone_22,dump_zone_22,0.00025,0.00067
1309.0,2026-07-02T13:09:12.999,1,602.5,-84.269,21.16,-0.5,0.0,GOING_TO_ENDPOINT,dump_zone_3,load_zone_26,0.00025,0.00067
1309.0,2026-07-02T13:09:12.999,2,-107.891,451.935,0.0,-0.1997,1000.0,RETURNING_TO_START,load_zone_22,dump_zone_23,0.00025,0.00067
1309.0,2026-07-02T13:09:12.999,3,-100.236,453.622,0.0,-0.5,1000.0,RETURNING_TO_START,load_zone_22,dump_zone_22,0.00025,0.00067
1310.0,2026-07-02T13:09:16.162,1,602.5,-89.876,19.36,-0.5,0.0,GOING_TO_ENDPOINT,dump_zone_3,load_zone_26,0.00025,0.00067
1310.0,2026-07-02T13:09:16.162,2,-107.891,451.935,0.0,-0.1997,1000.0,RETURNING_TO_START,load_zone_22,dump_zone_23,0.00025,0.00067
1310.0,2026-07-02T13:09:16.162,3,-100.236,453.622,0.0,-0.5,1000.0,RETURNING_TO_START,load_zone_22,dump_zone_22,0.00025,0.00067
1311.0,2026-07-02T13:09:18.728,1,602.5,-94.983,17.56,-0.5,0.0,GOING_TO_ENDPOINT,dump_zone_3,load_zone_26,0.00025,0.00067
1311.0,2026-07-02T13:09:18.728,2,-107.891,451.935,0.0,-0.1997,1000.0,RETURNING_TO_START,load_zone_22,dump_zone_23,0.00025,0.00067
1311.0,2026-07-02T13:09:18.728,3,-100.236,453.622,0.0,-0.5,1000.0,RETURNING_TO_START,load_zone_22,dump_zone_22,0.00025,0.00067
1312.0,2026-07-02T13:09:21.927,1,602.36,-99.589,15.91,-0.25,0.0,GOING_TO_ENDPOINT,dump_zone_3,load_zone_26,0.00025,0.00067
1312.0,2026-07-02T13:09:21.927,2,-107.891,451.935,0.0,-0.1997,1000.0,RETURNING_TO_START,load_zone_22,dump_zone_23,0.00025,0.00067
1312.0,2026-07-02T13:09:21.927,3,-100.236,453.622,0.0,-0.5,1000.0,RETURNING_TO_START,load_zone_22,dump_zone_22,0.00025,0.00067
1313.0,2026-07-02T13:09:24.570,1,604.85,-103.047,16.96,0.75,0.0,GOING_TO_ENDPOINT,dump_zone_3,load_zone_26,0.000302,0.000809
1313.0,2026-07-02T13:09:24.570,2,-107.891,451.935,0.0,-0.1997,1000.0,RETURNING_TO_START,load_zone_22,dump_zone_23,0.00025,0.00067
1313.0,2026-07-02T13:09:24.570,3,-100.236,453.622,0.0,-0.5,1000.0,RETURNING_TO_START,load_zone_22,dump_zone_22,0.00025,0.00067
1314.0,2026-07-02T13:09:27.921,1,609.615,-101.808,20.485,1.0,0.0,GOING_TO_ENDPOINT,dump_zone_3,load_zone_26,0.000329,0.000882
1314.0,2026-07-02T13:09:27.921,2,-107.891,451.935,0.0,-0.1997,1000.0,RETURNING_TO_START,load_zone_22,dump_zone_23,0.00025,0.00067
1314.0,2026-07-02T13:09:27.921,3,-100.236,453.622,0.0,-0.5,1000.0,RETURNING_TO_START,load_zone_22,dump_zone_22,0.00025,0.00067
1315.0,2026-07-02T13:09:31.685,1,614.485,-98.086,23.385,0.4167,0.0,GOING_TO_ENDPOINT,dump_zone_3,load_zone_26,0.000296,0.000793
1315.0,2026-07-02T13:09:31.685,2,-107.891,451.935,0.0,-0.1997,1000.0,RETURNING_TO_START,load_zone_22,dump_zone_23,0.00025,0.00067
1315.0,2026-07-02T13:09:31.685,3,-100.236,453.622,0.0,-0.5,1000.0,RETURNING_TO_START,load_zone_22,dump_zone_22,0.00025,0.00067
1316.0,2026-07-02T13:09:34.896,1,620.902,-97.371,22.96,-0.5,0.0,GOING_TO_ENDPOINT,dump_zone_3,load_zone_26,0.00025,0.00067
1316.0,2026-07-02T13:09:34.896,2,-107.891,451.935,0.0,-0.1997,1000.0,RETURNING_TO_START,load_zone_22,dump_zone_23,0.00025,0.00067
1316.0,2026-07-02T13:09:34.896,3,-100.236,453.622,0.0,-0.5,1000.0,RETURNING_TO_START,load_zone_22,dump_zone_22,0.00025,0.00067
1317.0,2026-07-02T13:09:37.949,1,627.008,-97.481,21.16,-0.5,0.0,GOING_TO_ENDPOINT,dump_zone_3,load_zone_26,0.00025,0.00067
1317.0,2026-07-02T13:09:37.949,2,-107.891,451.935,0.0,-0.1997,1000.0,RETURNING_TO_START,load_zone_22,dump_zone_23,0.00025,0.00067
1317.0,2026-07-02T13:09:37.949,3,-100.236,453.622,0.0,-0.5,1000.0,RETURNING_TO_START,load_zone_22,dump_zone_22,0.00025,0.00067
1318.0,2026-07-02T13:09:40.793,1,632.615,-97.499,19.36,-0.5,0.0,GOING_TO_ENDPOINT,dump_zone_3,load_zone_26,0.00025,0.00067
1318.0,2026-07-02T13:09:40.793,2,-107.891,451.935,0.0,-0.1997,1000.0,RETURNING_TO_START,load_zone_22,dump_zone_23,0.00025,0.00067
1318.0,2026-07-02T13:09:40.793,3,-100.236,453.622,0.0,-0.5,1000.0,RETURNING_TO_START,load_zone_22,dump_zone_22,0.00025,0.00067
1319.0,2026-07-02T13:09:44.548,1,637.722,-97.5,17.56,-0.5,0.0,GOING_TO_ENDPOINT,dump_zone_3,load_zone_26,0.00025,0.00067
1319.0,2026-07-02T13:09:44.548,2,-107.891,451.935,0.0,-0.1997,1000.0,RETURNING_TO_START,load_zone_22,dump_zone_23,0.00025,0.00067
1319.0,2026-07-02T13:09:44.548,3,-100.236,453.622,0.0,-0.5,1000.0,RETURNING_TO_START,load_zone_22,dump_zone_22,0.00025,0.00067
1320.0,2026-07-02T13:09:48.083,1,642.329,-97.5,15.76,-0.5,0.0,GOING_TO_ENDPOINT,dump_zone_3,load_zone_26,0.00025,0.00067
1320.0,2026-07-02T13:09:48.083,2,-107.891,451.935,0.0,-0.1997,1000.0,RETURNING_TO_START,load_zone_22,dump_zone_23,0.00025,0.00067
1320.0,2026-07-02T13:09:48.083,3,-100.236,453.622,0.0,-0.5,1000.0,RETURNING_TO_START,load_zone_22,dump_zone_22,0.00025,0.00067
1321.0,2026-07-02T13:09:50.971,1,646.436,-97.5,13.96,-0.5,0.0,GOING_TO_ENDPOINT,dump_zone_3,load_zone_26,0.00025,0.00067
1321.0,2026-07-02T13:09:50.971,2,-107.891,451.935,0.0,-0.1997,1000.0,RETURNING_TO_START,load_zone_22,dump_zone_23,0.00025,0.00067
1321.0,2026-07-02T13:09:50.971,3,-100.236,453.622,0.0,-0.5,1000.0,RETURNING_TO_START,load_zone_22,dump_zone_22,0.00025,0.00067
1322.0,2026-07-02T13:09:54.257,1,650.018,-97.786,12.16,-0.5,0.0,GOING_TO_ENDPOINT,dump_zone_3,load_zone_26,0.00025,0.00067
1322.0,2026-07-02T13:09:54.257,2,-107.891,451.935,0.0,-0.1997,1000.0,RETURNING_TO_START,load_zone_22,dump_zone_23,0.00025,0.00067
1322.0,2026-07-02T13:09:54.257,3,-100.236,453.622,0.0,-0.5,1000.0,RETURNING_TO_START,load_zone_22,dump_zone_22,0.00025,0.00067
1323.0,2026-07-02T13:09:57.853,1,652.736,-99.238,10.36,-0.5,0.0,GOING_TO_ENDPOINT,dump_zone_3,load_zone_26,0.00025,0.00067
1323.0,2026-07-02T13:09:57.853,2,-107.891,451.935,0.0,-0.1997,1000.0,RETURNING_TO_START,load_zone_22,dump_zone_23,0.00025,0.00067
1323.0,2026-07-02T13:09:57.853,3,-100.236,453.622,0.0,-0.5,1000.0,RETURNING_TO_START,load_zone_22,dump_zone_22,0.00025,0.00067
1324.0,2026-07-02T13:10:01.024,1,654.773,-101.117,10.21,0.4167,0.0,GOING_TO_ENDPOINT,dump_zone_3,load_zone_26,0.00027,0.000724
1324.0,2026-07-02T13:10:01.024,2,-107.891,451.935,0.0,-0.1997,1000.0,RETURNING_TO_START,load_zone_22,dump_zone_23,0.00025,0.00067
1324.0,2026-07-02T13:10:01.024,3,-100.236,453.622,0.0,-0.5,1000.0,RETURNING_TO_START,load_zone_22,dump_zone_22,0.00025,0.00067
1325.0,2026-07-02T13:10:03.990,1,657.067,-103.422,13.285,1.0,0.0,GOING_TO_ENDPOINT,dump_zone_3,load_zone_26,0.000301,0.000807
1325.0,2026-07-02T13:10:03.990,2,-107.891,451.935,0.0,-0.1997,1000.0,RETURNING_TO_START,load_zone_22,dump_zone_23,0.00025,0.00067
1325.0,2026-07-02T13:10:03.990,3,-100.236,453.622,0.0,-0.5,1000.0,RETURNING_TO_START,load_zone_22,dump_zone_22,0.00025,0.00067
1326.0,2026-07-02T13:10:06.871,1,660.021,-106.453,16.885,1.0,0.0,GOING_TO_ENDPOINT,dump_zone_3,load_zone_26,0.000315,0.000844
1326.0,2026-07-02T13:10:06.871,2,-107.891,451.935,0.0,-0.1997,1000.0,RETURNING_TO_START,load_zone_22,dump_zone_23,0.00025,0.00067
1326.0,2026-07-02T13:10:06.871,3,-100.236,453.622,0.0,-0.5,1000.0,RETURNING_TO_START,load_zone_22,dump_zone_22,0.00025,0.00067
1327.0,2026-07-02T13:10:09.761,1,663.706,-110.167,20.485,1.0,0.0,GOING_TO_ENDPOINT,dump_zone_3,load_zone_26,0.000329,0.000882
1327.0,2026-07-02T13:10:09.761,2,-107.891,451.935,0.0,-0.1997,1000.0,RETURNING_TO_START,load_zone_22,dump_zone_23,0.00025,0.00067
1327.0,2026-07-02T13:10:09.761,3,-100.236,453.622,0.0,-0.5,1000.0,RETURNING_TO_START,load_zone_22,dump_zone_22,0.00025,0.00067
1328.0,2026-07-02T13:10:13.115,1,668.11,-114.576,24.085,1.0,0.0,GOING_TO_ENDPOINT,dump_zone_3,load_zone_26,0.000343,0.000919
1328.0,2026-07-02T13:10:13.115,2,-107.891,451.935,0.0,-0.1997,1000.0,RETURNING_TO_START,load_zone_22,dump_zone_23,0.00025,0.00067
1328.0,2026-07-02T13:10:13.115,3,-100.236,453.622,0.0,-0.5,1000.0,RETURNING_TO_START,load_zone_22,dump_zone_22,0.00025,0.00067
1329.0,2026-07-02T13:10:16.726,1,673.21,-119.675,27.31,0.5833,0.0,GOING_TO_ENDPOINT,dump_zone_3,load_zone_26,0.000319,0.000855
1329.0,2026-07-02T13:10:16.726,2,-107.891,451.935,0.0,-0.1997,1000.0,RETURNING_TO_START,load_zone_22,dump_zone_23,0.00025,0.00067
1329.0,2026-07-02T13:10:16.726,3,-100.236,453.622,0.0,-0.5,1000.0,RETURNING_TO_START,load_zone_22,dump_zone_22,0.00025,0.00067
1330.0,2026-07-02T13:10:19.782,1,678.649,-125.113,27.46,-0.4167,0.0,GOING_TO_ENDPOINT,dump_zone_3,load_zone_26,0.00025,0.00067
1330.0,2026-07-02T13:10:19.782,2,-107.891,451.935,0.0,-0.1997,1000.0,RETURNING_TO_START,load_zone_22,dump_zone_23,0.00025,0.00067
1330.0,2026-07-02T13:10:19.782,3,-100.236,453.622,0.0,-0.5,1000.0,RETURNING_TO_START,load_zone_22,dump_zone_22,0.00025,0.00067
1331.0,2026-07-02T13:10:22.740,1,683.851,-130.316,25.66,-0.5,0.0,GOING_TO_ENDPOINT,dump_zone_3,load_zone_26,0.00025,0.00067
1331.0,2026-07-02T13:10:22.740,2,-107.891,451.935,0.0,-0.1997,1000.0,RETURNING_TO_START,load_zone_22,dump_zone_23,0.00025,0.00067
1331.0,2026-07-02T13:10:22.740,3,-100.236,453.622,0.0,-0.5,1000.0,RETURNING_TO_START,load_zone_22,dump_zone_22,0.00025,0.00067
1332.0,2026-07-02T13:10:25.880,1,688.7,-135.164,23.86,-0.5,0.0,GOING_TO_ENDPOINT,dump_zone_3,load_zone_26,0.00025,0.00067
1332.0,2026-07-02T13:10:25.880,2,-107.891,451.935,0.0,-0.1997,1000.0,RETURNING_TO_START,load_zone_22,dump_zone_23,0.00025,0.00067
1332.0,2026-07-02T13:10:25.880,3,-100.236,453.622,0.0,-0.5,1000.0,RETURNING_TO_START,load_zone_22,dump_zone_22,0.00025,0.00067
1333.0,2026-07-02T13:10:28.734,1,693.195,-139.659,22.06,-0.5,0.0,GOING_TO_ENDPOINT,dump_zone_3,load_zone_26,0.00025,0.00067
1333.0,2026-07-02T13:10:28.734,2,-107.891,451.935,0.0,-0.1997,1000.0,RETURNING_TO_START,load_zone_22,dump_zone_23,0.00025,0.00067
1333.0,2026-07-02T13:10:28.734,3,-100.236,453.622,0.0,-0.5,1000.0,RETURNING_TO_START,load_zone_22,dump_zone_22,0.00025,0.00067
1334.0,2026-07-02T13:10:31.557,1,697.336,-143.801,20.26,-0.5,0.0,GOING_TO_ENDPOINT,dump_zone_3,load_zone_26,0.00025,0.00067
1334.0,2026-07-02T13:10:31.557,2,-107.891,451.935,0.0,-0.1997,1000.0,RETURNING_TO_START,load_zone_22,dump_zone_23,0.00025,0.00067
1334.0,2026-07-02T13:10:31.557,3,-100.236,453.622,0.0,-0.5,1000.0,RETURNING_TO_START,load_zone_22,dump_zone_22,0.00025,0.00067
1335.0,2026-07-02T13:10:34.682,1,701.049,-147.658,18.46,-0.5,0.0,GOING_TO_ENDPOINT,dump_zone_3,load_zone_26,0.00025,0.00067
1335.0,2026-07-02T13:10:34.682,2,-107.891,451.935,0.0,-0.1997,1000.0,RETURNING_TO_START,load_zone_22,dump_zone_23,0.00025,0.00067
1335.0,2026-07-02T13:10:34.682,3,-100.236,453.622,0.0,-0.5,1000.0,RETURNING_TO_START,load_zone_22,dump_zone_22,0.00025,0.00067
1336.0,2026-07-02T13:10:38.170,1,703.254,-151.926,16.685,-0.4167,0.0,GOING_TO_ENDPOINT,dump_zone_3,load_zone_26,0.00025,0.00067
1336.0,2026-07-02T13:10:38.170,2,-107.891,451.935,0.0,-0.1997,1000.0,RETURNING_TO_START,load_zone_22,dump_zone_23,0.00025,0.00067
1336.0,2026-07-02T13:10:38.170,3,-100.236,453.622,0.0,-0.5,1000.0,RETURNING_TO_START,load_zone_22,dump_zone_22,0.00025,0.00067
1337.0,2026-07-02T13:10:41.735,1,702.777,-156.513,17.135,0.5833,0.0,GOING_TO_ENDPOINT,dump_zone_3,load_zone_26,0.000293,0.000785
1337.0,2026-07-02T13:10:41.735,2,-107.891,451.935,0.0,-0.1997,1000.0,RETURNING_TO_START,load_zone_22,dump_zone_23,0.00025,0.00067
1337.0,2026-07-02T13:10:41.735,3,-100.236,453.622,0.0,-0.5,1000.0,RETURNING_TO_START,load_zone_22,dump_zone_22,0.00025,0.00067
1338.0,2026-07-02T13:10:45.493,1,702.514,-161.694,19.785,0.4167,0.0,GOING_TO_ENDPOINT,dump_zone_3,load_zone_26,0.000289,0.000775
1338.0,2026-07-02T13:10:45.493,2,-107.891,451.935,0.0,-0.1997,1000.0,RETURNING_TO_START,load_zone_22,dump_zone_23,0.00025,0.00067
1338.0,2026-07-02T13:10:45.493,3,-100.236,453.622,0.0,-0.5,1000.0,RETURNING_TO_START,load_zone_22,dump_zone_22,0.00025,0.00067
1339.0,2026-07-02T13:10:49.595,1,702.496,-167.206,19.36,-0.5,0.0,GOING_TO_ENDPOINT,dump_zone_3,load_zone_26,0.00025,0.00067
1339.0,2026-07-02T13:10:49.595,2,-107.891,451.935,0.0,-0.1997,1000.0,RETURNING_TO_START,load_zone_22,dump_zone_23,0.00025,0.00067
1339.0,2026-07-02T13:10:49.595,3,-100.236,453.622,0.0,-0.5,1000.0,RETURNING_TO_START,load_zone_22,dump_zone_22,0.00025,0.00067
1340.0,2026-07-02T13:10:53.238,1,702.5,-172.313,17.56,-0.5,0.0,GOING_TO_ENDPOINT,dump_zone_3,load_zone_26,0.00025,0.00067
1340.0,2026-07-02T13:10:53.238,2,-107.891,451.935,0.0,-0.1997,1000.0,RETURNING_TO_START,load_zone_22,dump_zone_23,0.00025,0.00067
1340.0,2026-07-02T13:10:53.238,3,-100.236,453.622,0.0,-0.5,1000.0,RETURNING_TO_START,load_zone_22,dump_zone_22,0.00025,0.00067
1341.0,2026-07-02T13:10:56.705,1,702.5,-176.92,15.76,-0.5,0.0,GOING_TO_ENDPOINT,dump_zone_3,load_zone_26,0.00025,0.00067
1341.0,2026-07-02T13:10:56.705,2,-107.891,451.935,0.0,-0.1997,1000.0,RETURNING_TO_START,load_zone_22,dump_zone_23,0.00025,0.00067
1341.0,2026-07-02T13:10:56.705,3,-100.236,453.622,0.0,-0.5,1000.0,RETURNING_TO_START,load_zone_22,dump_zone_22,0.00025,0.00067
1342.0,2026-07-02T13:11:00.003,1,702.5,-181.027,13.96,-0.5,0.0,GOING_TO_ENDPOINT,dump_zone_3,load_zone_26,0.00025,0.00067
1342.0,2026-07-02T13:11:00.003,2,-107.891,451.935,0.0,-0.1997,1000.0,RETURNING_TO_START,load_zone_22,dump_zone_23,0.00025,0.00067
1342.0,2026-07-02T13:11:00.003,3,-100.236,453.622,0.0,-0.5,1000.0,RETURNING_TO_START,load_zone_22,dump_zone_22,0.00025,0.00067
1343.0,2026-07-02T13:11:04.205,1,702.5,-184.634,12.16,-0.5,0.0,GOING_TO_ENDPOINT,dump_zone_3,load_zone_26,0.00025,0.00067
1343.0,2026-07-02T13:11:04.205,2,-107.891,451.935,0.0,-0.1997,1000.0,RETURNING_TO_START,load_zone_22,dump_zone_23,0.00025,0.00067
1343.0,2026-07-02T13:11:04.205,3,-100.236,453.622,0.0,-0.5,1000.0,RETURNING_TO_START,load_zone_22,dump_zone_22,0.00025,0.00067
1344.0,2026-07-02T13:11:07.393,1,702.5,-187.741,10.36,-0.5,0.0,GOING_TO_ENDPOINT,dump_zone_3,load_zone_26,0.00025,0.00067
1344.0,2026-07-02T13:11:07.393,2,-107.891,451.935,0.0,-0.1997,1000.0,RETURNING_TO_START,load_zone_22,dump_zone_23,0.00025,0.00067
1344.0,2026-07-02T13:11:07.393,3,-100.236,453.622,0.0,-0.5,1000.0,RETURNING_TO_START,load_zone_22,dump_zone_22,0.00025,0.00067
1345.0,2026-07-02T13:11:10.414,1,702.365,-190.336,8.56,-0.5,0.0,GOING_TO_ENDPOINT,dump_zone_3,load_zone_26,0.00025,0.00067
1345.0,2026-07-02T13:11:10.414,2,-107.891,451.935,0.0,-0.1997,1000.0,RETURNING_TO_START,load_zone_22,dump_zone_23,0.00025,0.00067
1345.0,2026-07-02T13:11:10.414,3,-100.236,453.622,0.0,-0.5,1000.0,RETURNING_TO_START,load_zone_22,dump_zone_22,0.00025,0.00067
1346.0,2026-07-02T13:11:13.634,1,701.865,-192.372,6.76,-0.5,0.0,GOING_TO_ENDPOINT,dump_zone_3,load_zone_26,0.00025,0.00067
1346.0,2026-07-02T13:11:13.634,2,-107.891,451.935,0.0,-0.1997,1000.0,RETURNING_TO_START,load_zone_22,dump_zone_23,0.00025,0.00067
1346.0,2026-07-02T13:11:13.634,3,-100.236,453.622,0.0,-0.5,1000.0,RETURNING_TO_START,load_zone_22,dump_zone_22,0.00025,0.00067
1347.0,2026-07-02T13:11:16.729,1,702.141,-193.944,4.96,-0.5,0.0,GOING_TO_ENDPOINT,dump_zone_3,load_zone_26,0.00025,0.00067
1347.0,2026-07-02T13:11:16.729,2,-107.891,451.935,0.0,-0.1997,1000.0,RETURNING_TO_START,load_zone_22,dump_zone_23,0.00025,0.00067
1347.0,2026-07-02T13:11:16.729,3,-100.236,453.622,0.0,-0.5,1000.0,RETURNING_TO_START,load_zone_22,dump_zone_22,0.00025,0.00067
1348.0,2026-07-02T13:11:20.137,1,702.677,-194.909,3.16,-0.5,0.0,LOADING,dump_zone_3,load_zone_26,0.00025,0.00067
1348.0,2026-07-02T13:11:20.137,2,-107.891,451.935,0.0,-0.1997,1000.0,RETURNING_TO_START,load_zone_22,dump_zone_23,0.00025,0.00067
1348.0,2026-07-02T13:11:20.137,3,-100.236,453.622,0.0,-0.5,1000.0,RETURNING_TO_START,load_zone_22,dump_zone_22,0.00025,0.00067
1349.0,2026-07-02T13:11:22.762,1,703.067,-195.373,1.36,-0.5,0.0,LOADING,dump_zone_3,load_zone_26,0.00025,0.00067
1349.0,2026-07-02T13:11:22.762,2,-107.891,451.935,0.0,-0.1997,1000.0,RETURNING_TO_START,load_zone_22,dump_zone_23,0.00025,0.00067
1349.0,2026-07-02T13:11:22.762,3,-100.236,453.622,0.0,-0.5,1000.0,RETURNING_TO_START,load_zone_22,dump_zone_22,0.00025,0.00067
1350.0,2026-07-02T13:11:25.479,1,703.152,-195.468,0.0,-0.5,0.0,LOADING,dump_zone_3,load_zone_26,0.00025,0.00067
1350.0,2026-07-02T13:11:25.479,2,-107.891,451.935,0.0,-0.1997,1000.0,RETURNING_TO_START,load_zone_22,dump_zone_23,0.00025,0.00067
1350.0,2026-07-02T13:11:25.479,3,-100.236,453.622,0.0,-0.5,1000.0,RETURNING_TO_START,load_zone_22,dump_zone_22,0.00025,0.00067
1351.0,2026-07-02T13:11:28.871,1,703.269,-195.586,7.2,0.0,1000.0,TURNING_AROUND,load_zone_26,dump_zone_3,0.000258,0.000691
1351.0,2026-07-02T13:11:28.871,2,-107.891,451.935,0.0,-0.1997,1000.0,RETURNING_TO_START,load_zone_22,dump_zone_23,0.00025,0.00067
1351.0,2026-07-02T13:11:28.871,3,-100.236,453.622,0.0,-0.5,1000.0,RETURNING_TO_START,load_zone_22,dump_zone_22,0.00025,0.00067
1352.0,2026-07-02T13:11:30.851,1,704.984,-196.575,7.2,0.0,1000.0,TURNING_AROUND,load_zone_26,dump_zone_3,0.000258,0.000691
1352.0,2026-07-02T13:11:30.851,2,-107.891,451.935,0.0,-0.1997,1000.0,RETURNING_TO_START,load_zone_22,dump_zone_23,0.00025,0.00067
1352.0,2026-07-02T13:11:30.851,3,-100.236,453.622,0.0,-0.5,1000.0,RETURNING_TO_START,load_zone_22,dump_zone_22,0.00025,0.00067
1353.0,2026-07-02T13:11:32.881,1,705.223,-196.771,5.4,0.0,1000.0,TURNING_AROUND,load_zone_26,dump_zone_3,0.000256,0.000686
1353.0,2026-07-02T13:11:32.881,2,-107.891,451.935,0.0,-0.1997,1000.0,RETURNING_TO_START,load_zone_22,dump_zone_23,0.00025,0.00067
1353.0,2026-07-02T13:11:32.881,3,-100.236,453.622,0.0,-0.5,1000.0,RETURNING_TO_START,load_zone_22,dump_zone_22,0.00025,0.00067
1354.0,2026-07-02T13:11:34.786,1,705.384,-196.501,7.2,0.0,1000.0,TURNING_AROUND,load_zone_26,dump_zone_3,0.000258,0.000691
1354.0,2026-07-02T13:11:34.786,2,-107.891,451.935,0.0,-0.1997,1000.0,RETURNING_TO_START,load_zone_22,dump_zone_23,0.00025,0.00067
1354.0,2026-07-02T13:11:34.786,3,-100.236,453.622,0.0,-0.5,1000.0,RETURNING_TO_START,load_zone_22,dump_zone_22,0.00025,0.00067
1355.0,2026-07-02T13:11:36.997,1,706.687,-195.011,7.2,0.0,1000.0,TURNING_AROUND,load_zone_26,dump_zone_3,0.000258,0.000691
1355.0,2026-07-02T13:11:36.997,2,-107.891,451.935,0.0,-0.1997,1000.0,RETURNING_TO_START,load_zone_22,dump_zone_23,0.00025,0.00067
1355.0,2026-07-02T13:11:36.997,3,-100.236,453.622,0.0,-0.5,1000.0,RETURNING_TO_START,load_zone_22,dump_zone_22,0.00025,0.00067
1356.0,2026-07-02T13:11:40.456,1,706.511,-195.567,0.0,-0.1667,1000.0,RETURNING_TO_START,load_zone_26,dump_zone_3,0.00025,0.00067
1356.0,2026-07-02T13:11:40.456,2,-107.891,451.935,0.0,-0.1997,1000.0,RETURNING_TO_START,load_zone_22,dump_zone_23,0.00025,0.00067
1356.0,2026-07-02T13:11:40.456,3,-100.236,453.622,0.0,-0.5,1000.0,RETURNING_TO_START,load_zone_22,dump_zone_22,0.00025,0.00067
1357.0,2026-07-02T13:11:44.506,1,706.509,-195.44,1.375,0.8333,1000.0,RETURNING_TO_START,load_zone_26,dump_zone_3,0.000258,0.000691
1357.0,2026-07-02T13:11:44.506,2,-107.891,451.935,0.0,-0.1997,1000.0,RETURNING_TO_START,load_zone_22,dump_zone_23,0.00025,0.00067
1357.0,2026-07-02T13:11:44.506,3,-100.236,453.622,0.0,-0.5,1000.0,RETURNING_TO_START,load_zone_22,dump_zone_22,0.00025,0.00067
1358.0,2026-07-02T13:11:49.228,1,706.381,-194.534,4.95,1.0,1000.0,RETURNING_TO_START,load_zone_26,dump_zone_3,0.000282,0.000756
1358.0,2026-07-02T13:11:49.228,2,-107.891,451.935,0.0,-0.1997,1000.0,RETURNING_TO_START,load_zone_22,dump_zone_23,0.00025,0.00067
1358.0,2026-07-02T13:11:49.228,3,-100.236,453.622,0.0,-0.5,1000.0,RETURNING_TO_START,load_zone_22,dump_zone_22,0.00025,0.00067
1359.0,2026-07-02T13:11:53.729,1,705.522,-192.832,8.55,1.0,1000.0,RETURNING_TO_START,load_zone_26,dump_zone_3,0.000305,0.000817
1359.0,2026-07-02T13:11:53.729,2,-107.891,451.935,0.0,-0.1997,1000.0,RETURNING_TO_START,load_zone_22,dump_zone_23,0.00025,0.00067
1359.0,2026-07-02T13:11:53.729,3,-100.236,453.622,0.0,-0.5,1000.0,RETURNING_TO_START,load_zone_22,dump_zone_22,0.00025,0.00067
1360.0,2026-07-02T13:11:58.892,1,703.618,-190.625,12.15,1.0,1000.0,RETURNING_TO_START,load_zone_26,dump_zone_3,0.000328,0.000879
1360.0,2026-07-02T13:11:58.892,2,-107.891,451.935,0.0,-0.1997,1000.0,RETURNING_TO_START,load_zone_22,dump_zone_23,0.00025,0.00067
1360.0,2026-07-02T13:11:58.892,3,-100.236,453.622,0.0,-0.5,1000.0,RETURNING_TO_START,load_zone_22,dump_zone_22,0.00025,0.00067
1361.0,2026-07-02T13:22:17.453,1,700.779,-187.931,15.75,1.0,1000.0,RETURNING_TO_START,load_zone_26,dump_zone_3,0.000352,0.000943
1361.0,2026-07-02T13:22:17.453,2,-107.891,451.935,0.0,-0.1997,1000.0,RETURNING_TO_START,load_zone_22,dump_zone_23,0.00025,0.00067
1361.0,2026-07-02T13:22:17.453,3,-100.236,453.622,0.0,-0.5,1000.0,RETURNING_TO_START,load_zone_22,dump_zone_22,0.00025,0.00067
1362.0,2026-07-02T13:22:23.278,1,698.121,-183.852,19.325,0.9167,1000.0,RETURNING_TO_START,load_zone_26,dump_zone_3,0.000366,0.000981
1362.0,2026-07-02T13:22:23.278,2,-107.891,451.935,0.0,-0.1997,1000.0,RETURNING_TO_START,load_zone_22,dump_zone_23,0.00025,0.00067
1362.0,2026-07-02T13:22:23.278,3,-100.236,453.622,0.0,-0.5,1000.0,RETURNING_TO_START,load_zone_22,dump_zone_22,0.00025,0.00067
1363.0,2026-07-02T13:22:28.451,1,697.438,-178.269,20.675,-0.0833,1000.0,RETURNING_TO_START,load_zone_26,dump_zone_3,0.000263,0.000705
1363.0,2026-07-02T13:22:28.451,2,-107.891,451.935,0.0,-0.1997,1000.0,RETURNING_TO_START,load_zone_22,dump_zone_23,0.00025,0.00067
1363.0,2026-07-02T13:22:28.451,3,-100.236,453.622,0.0,-0.5,1000.0,RETURNING_TO_START,load_zone_22,dump_zone_22,0.00025,0.00067
1364.0,2026-07-02T13:22:31.426,1,697.491,-172.733,19.125,-0.5,1000.0,RETURNING_TO_START,load_zone_26,dump_zone_3,0.00025,0.00067
1364.0,2026-07-02T13:22:31.426,2,-107.891,451.935,0.0,-0.1997,1000.0,RETURNING_TO_START,load_zone_22,dump_zone_23,0.00025,0.00067
1364.0,2026-07-02T13:22:31.426,3,-100.236,453.622,0.0,-0.5,1000.0,RETURNING_TO_START,load_zone_22,dump_zone_22,0.00025,0.00067
1365.0,2026-07-02T13:22:34.470,1,697.502,-167.692,17.325,-0.5,1000.0,RETURNING_TO_START,load_zone_26,dump_zone_3,0.00025,0.00067
1365.0,2026-07-02T13:22:34.470,2,-107.891,451.935,0.0,-0.1997,1000.0,RETURNING_TO_START,load_zone_22,dump_zone_23,0.00025,0.00067
1365.0,2026-07-02T13:22:34.470,3,-100.236,453.622,0.0,-0.5,1000.0,RETURNING_TO_START,load_zone_22,dump_zone_22,0.00025,0.00067
1366.0,2026-07-02T13:22:37.524,1,697.501,-163.15,15.525,-0.5,1000.0,RETURNING_TO_START,load_zone_26,dump_zone_3,0.00025,0.00067
1366.0,2026-07-02T13:22:37.524,2,-107.891,451.935,0.0,-0.1997,1000.0,RETURNING_TO_START,load_zone_22,dump_zone_23,0.00025,0.00067
1366.0,2026-07-02T13:22:37.524,3,-100.236,453.622,0.0,-0.5,1000.0,RETURNING_TO_START,load_zone_22,dump_zone_22,0.00025,0.00067
1367.0,2026-07-02T13:25:28.575,1,697.5,-159.108,13.725,-0.5,1000.0,RETURNING_TO_START,load_zone_26,dump_zone_3,0.00025,0.00067
1367.0,2026-07-02T13:25:28.575,2,-107.891,451.935,0.0,-0.1997,1000.0,RETURNING_TO_START,load_zone_22,dump_zone_23,0.00025,0.00067
1367.0,2026-07-02T13:25:28.575,3,-100.236,453.622,0.0,-0.5,1000.0,RETURNING_TO_START,load_zone_22,dump_zone_22,0.00025,0.00067
1368.0,2026-07-02T14:50:15.626,1,697.5,-155.567,11.925,-0.5,1000.0,RETURNING_TO_START,load_zone_26,dump_zone_3,0.00025,0.00067
1368.0,2026-07-02T14:50:15.626,2,-107.891,451.935,0.0,-0.1997,1000.0,RETURNING_TO_START,load_zone_22,dump_zone_23,0.00025,0.00067
1368.0,2026-07-02T14:50:15.626,3,-100.236,453.622,0.0,-0.5,1000.0,RETURNING_TO_START,load_zone_22,dump_zone_22,0.00025,0.00067
1369.0,2026-07-02T14:50:19.192,1,697.499,-152.525,10.125,-0.5,1000.0,RETURNING_TO_START,load_zone_26,dump_zone_3,0.00025,0.00067
1369.0,2026-07-02T14:50:19.192,2,-107.891,451.935,0.0,-0.1997,1000.0,RETURNING_TO_START,load_zone_22,dump_zone_23,0.00025,0.00067
1369.0,2026-07-02T14:50:19.192,3,-100.236,453.622,0.0,-0.5,1000.0,RETURNING_TO_START,load_zone_22,dump_zone_22,0.00025,0.00067
1370.0,2026-07-02T14:50:23.057,1,697.149,-150.022,8.475,-0.25,1000.0,RETURNING_TO_START,load_zone_26,dump_zone_3,0.00025,0.00067
1370.0,2026-07-02T14:50:23.057,2,-107.891,451.935,0.0,-0.1997,1000.0,RETURNING_TO_START,load_zone_22,dump_zone_23,0.00025,0.00067
1370.0,2026-07-02T14:50:23.057,3,-100.236,453.622,0.0,-0.5,1000.0,RETURNING_TO_START,load_zone_22,dump_zone_22,0.00025,0.00067
1371.0,2026-07-02T14:50:26.121,1,695.687,-148.101,9.525,0.75,1000.0,RETURNING_TO_START,load_zone_26,dump_zone_3,0.000299,0.000801
1371.0,2026-07-02T14:50:26.121,2,-107.891,451.935,0.0,-0.1997,1000.0,RETURNING_TO_START,load_zone_22,dump_zone_23,0.00025,0.00067
1371.0,2026-07-02T14:50:26.121,3,-100.236,453.622,0.0,-0.5,1000.0,RETURNING_TO_START,load_zone_22,dump_zone_22,0.00025,0.00067
1372.0,2026-07-02T14:50:29.162,1,693.294,-146.029,13.05,1.0,1000.0,RETURNING_TO_START,load_zone_26,dump_zone_3,0.000334,0.000895
1372.0,2026-07-02T14:50:29.162,2,-107.891,451.935,0.0,-0.1997,1000.0,RETURNING_TO_START,load_zone_22,dump_zone_23,0.00025,0.00067
1372.0,2026-07-02T14:50:29.162,3,-100.236,453.622,0.0,-0.5,1000.0,RETURNING_TO_START,load_zone_22,dump_zone_22,0.00025,0.00067
1373.0,2026-07-02T14:50:32.819,1,690.076,-143.383,16.65,1.0,1000.0,RETURNING_TO_START,load_zone_26,dump_zone_3,0.000357,0.000957
1373.0,2026-07-02T14:50:32.819,2,-107.891,451.935,0.0,-0.1997,1000.0,RETURNING_TO_START,load_zone_22,dump_zone_23,0.00025,0.00067
1373.0,2026-07-02T14:50:32.819,3,-100.236,453.622,0.0,-0.5,1000.0,RETURNING_TO_START,load_zone_22,dump_zone_22,0.00025,0.00067
1374.0,2026-07-02T14:50:36.472,1,686.312,-139.845,20.25,1.0,1000.0,RETURNING_TO_START,load_zone_26,dump_zone_3,0.000381,0.001021
1374.0,2026-07-02T14:50:36.472,2,-107.891,451.935,0.0,-0.1997,1000.0,RETURNING_TO_START,load_zone_22,dump_zone_23,0.00025,0.00067
1374.0,2026-07-02T14:50:36.472,3,-100.236,453.622,0.0,-0.5,1000.0,RETURNING_TO_START,load_zone_22,dump_zone_22,0.00025,0.00067
1375.0,2026-07-02T14:50:40.055,1,681.963,-135.501,23.6,0.75,1000.0,RETURNING_TO_START,load_zone_26,dump_zone_3,0.00037,0.000992
1375.0,2026-07-02T14:50:40.055,2,-107.891,451.935,0.0,-0.1997,1000.0,RETURNING_TO_START,load_zone_22,dump_zone_23,0.00025,0.00067
1375.0,2026-07-02T14:50:40.055,3,-100.236,453.622,0.0,-0.5,1000.0,RETURNING_TO_START,load_zone_22,dump_zone_22,0.00025,0.00067
1376.0,2026-07-02T14:50:43.118,1,677.191,-130.726,24.35,-0.25,1000.0,RETURNING_TO_START,load_zone_26,dump_zone_3,0.00025,0.00067
1376.0,2026-07-02T14:50:43.118,2,-107.891,451.935,0.0,-0.1997,1000.0,RETURNING_TO_START,load_zone_22,dump_zone_23,0.00025,0.00067
1376.0,2026-07-02T14:50:43.118,3,-100.236,453.622,0.0,-0.5,1000.0,RETURNING_TO_START,load_zone_22,dump_zone_22,0.00025,0.00067
1377.0,2026-07-02T14:50:46.312,1,672.585,-126.12,22.625,-0.5,1000.0,RETURNING_TO_START,load_zone_26,dump_zone_3,0.00025,0.00067
1377.0,2026-07-02T14:50:46.312,2,-107.891,451.935,0.0,-0.1997,1000.0,RETURNING_TO_START,load_zone_22,dump_zone_23,0.00025,0.00067
1377.0,2026-07-02T14:50:46.312,3,-100.236,453.622,0.0,-0.5,1000.0,RETURNING_TO_START,load_zone_22,dump_zone_22,0.00025,0.00067
1378.0,2026-07-02T14:50:49.292,1,668.332,-121.868,20.825,-0.5,1000.0,RETURNING_TO_START,load_zone_26,dump_zone_3,0.00025,0.00067
1378.0,2026-07-02T14:50:49.292,2,-107.891,451.935,0.0,-0.1997,1000.0,RETURNING_TO_START,load_zone_22,dump_zone_23,0.00025,0.00067
1378.0,2026-07-02T14:50:49.292,3,-100.236,453.622,0.0,-0.5,1000.0,RETURNING_TO_START,load_zone_22,dump_zone_22,0.00025,0.00067
1379.0,2026-07-02T14:50:52.150,1,664.433,-117.969,19.025,-0.5,1000.0,RETURNING_TO_START,load_zone_26,dump_zone_3,0.00025,0.00067
1379.0,2026-07-02T14:50:52.150,2,-107.891,451.935,0.0,-0.1997,1000.0,RETURNING_TO_START,load_zone_22,dump_zone_23,0.00025,0.00067
1379.0,2026-07-02T14:50:52.150,3,-100.236,453.622,0.0,-0.5,1000.0,RETURNING_TO_START,load_zone_22,dump_zone_22,0.00025,0.00067
1380.0,2026-07-02T14:50:55.131,1,660.888,-114.424,17.225,-0.5,1000.0,RETURNING_TO_START,load_zone_26,dump_zone_3,0.00025,0.00067
1380.0,2026-07-02T14:50:55.131,2,-107.891,451.935,0.0,-0.1997,1000.0,RETURNING_TO_START,load_zone_22,dump_zone_23,0.00025,0.00067
1380.0,2026-07-02T14:50:55.131,3,-100.236,453.622,0.0,-0.5,1000.0,RETURNING_TO_START,load_zone_22,dump_zone_22,0.00025,0.00067
1381.0,2026-07-02T14:50:57.886,1,657.696,-111.232,15.425,-0.5,1000.0,RETURNING_TO_START,load_zone_26,dump_zone_3,0.00025,0.00067
1381.0,2026-07-02T14:50:57.886,2,-107.891,451.935,0.0,-0.1997,1000.0,RETURNING_TO_START,load_zone_22,dump_zone_23,0.00025,0.00067
1381.0,2026-07-02T14:50:57.886,3,-100.236,453.622,0.0,-0.5,1000.0,RETURNING_TO_START,load_zone_22,dump_zone_22,0.00025,0.00067
1382.0,2026-07-02T14:51:00.893,1,654.858,-108.394,13.625,-0.5,1000.0,RETURNING_TO_START,load_zone_26,dump_zone_3,0.00025,0.00067
1382.0,2026-07-02T14:51:00.893,2,-107.891,451.935,0.0,-0.1997,1000.0,RETURNING_TO_START,load_zone_22,dump_zone_23,0.00025,0.00067
1382.0,2026-07-02T14:51:00.893,3,-100.236,453.622,0.0,-0.5,1000.0,RETURNING_TO_START,load_zone_22,dump_zone_22,0.00025,0.00067
1383.0,2026-07-02T14:51:04.184,1,652.373,-105.909,11.825,-0.5,1000.0,RETURNING_TO_START,load_zone_26,dump_zone_3,0.00025,0.00067
1383.0,2026-07-02T14:51:04.184,2,-107.891,451.935,0.0,-0.1997,1000.0,RETURNING_TO_START,load_zone_22,dump_zone_23,0.00025,0.00067
1383.0,2026-07-02T14:51:04.184,3,-100.236,453.622,0.0,-0.5,1000.0,RETURNING_TO_START,load_zone_22,dump_zone_22,0.00025,0.00067
1384.0,2026-07-02T14:51:06.277,1,650.246,-103.774,10.025,-0.5,1000.0,RETURNING_TO_START,load_zone_26,dump_zone_3,0.00025,0.00067
1384.0,2026-07-02T14:51:06.277,2,-107.891,451.935,0.0,-0.1997,1000.0,RETURNING_TO_START,load_zone_22,dump_zone_23,0.00025,0.00067
1384.0,2026-07-02T14:51:06.277,3,-100.236,453.622,0.0,-0.5,1000.0,RETURNING_TO_START,load_zone_22,dump_zone_22,0.00025,0.00067
1385.0,2026-07-02T14:51:08.871,1,648.258,-102.263,8.375,-0.25,1000.0,RETURNING_TO_START,load_zone_26,dump_zone_3,0.00025,0.00067
1385.0,2026-07-02T14:51:08.871,2,-107.891,451.935,0.0,-0.1997,1000.0,RETURNING_TO_START,load_zone_22,dump_zone_23,0.00025,0.00067
1385.0,2026-07-02T14:51:08.871,3,-100.236,453.622,0.0,-0.5,1000.0,RETURNING_TO_START,load_zone_22,dump_zone_22,0.00025,0.00067
1386.0,2026-07-02T14:51:11.284,1,645.895,-101.925,9.425,0.75,1000.0,RETURNING_TO_START,load_zone_26,dump_zone_3,0.000298,0.000799
1386.0,2026-07-02T14:51:11.284,2,-107.891,451.935,0.0,-0.1997,1000.0,RETURNING_TO_START,load_zone_22,dump_zone_23,0.00025,0.00067
1386.0,2026-07-02T14:51:11.284,3,-100.236,453.622,0.0,-0.5,1000.0,RETURNING_TO_START,load_zone_22,dump_zone_22,0.00025,0.00067
1387.0,2026-07-02T14:51:13.428,1,642.758,-102.034,12.95,1.0,1000.0,RETURNING_TO_START,load_zone_26,dump_zone_3,0.000333,0.000892
1387.0,2026-07-02T14:51:13.428,2,-107.891,451.935,0.0,-0.1997,1000.0,RETURNING_TO_START,load_zone_22,dump_zone_23,0.00025,0.00067
1387.0,2026-07-02T14:51:13.428,3,-100.236,453.622,0.0,-0.5,1000.0,RETURNING_TO_START,load_zone_22,dump_zone_22,0.00025,0.00067
1388.0,2026-07-02T14:51:16.024,1,638.628,-102.319,16.55,1.0,1000.0,RETURNING_TO_START,load_zone_26,dump_zone_3,0.000357,0.000957
1388.0,2026-07-02T14:51:16.024,2,-107.891,451.935,0.0,-0.1997,1000.0,RETURNING_TO_START,load_zone_22,dump_zone_23,0.00025,0.00067
1388.0,2026-07-02T14:51:16.024,3,-100.236,453.622,0.0,-0.5,1000.0,RETURNING_TO_START,load_zone_22,dump_zone_22,0.00025,0.00067
1389.0,2026-07-02T14:51:18.640,1,633.541,-102.487,19.45,0.4167,1000.0,RETURNING_TO_START,load_zone_26,dump_zone_3,0.000314,0.000842
1389.0,2026-07-02T14:51:18.640,2,-107.891,451.935,0.0,-0.1997,1000.0,RETURNING_TO_START,load_zone_22,dump_zone_23,0.00025,0.00067
1389.0,2026-07-02T14:51:18.640,3,-100.236,453.622,0.0,-0.5,1000.0,RETURNING_TO_START,load_zone_22,dump_zone_22,0.00025,0.00067
1390.0,2026-07-02T14:51:20.966,1,628.123,-102.504,19.025,-0.5,1000.0,RETURNING_TO_START,load_zone_26,dump_zone_3,0.00025,0.00067
1390.0,2026-07-02T14:51:20.966,2,-107.891,451.935,0.0,-0.1997,1000.0,RETURNING_TO_START,load_zone_22,dump_zone_23,0.00025,0.00067
1390.0,2026-07-02T14:51:20.966,3,-100.236,453.622,0.0,-0.5,1000.0,RETURNING_TO_START,load_zone_22,dump_zone_22,0.00025,0.00067
1391.0,2026-07-02T14:51:23.110,1,623.109,-102.5,17.225,-0.5,1000.0,RETURNING_TO_START,load_zone_26,dump_zone_3,0.00025,0.00067
1391.0,2026-07-02T14:51:23.110,2,-107.891,451.935,0.0,-0.1997,1000.0,RETURNING_TO_START,load_zone_22,dump_zone_23,0.00025,0.00067
1391.0,2026-07-02T14:51:23.110,3,-100.236,453.622,0.0,-0.5,1000.0,RETURNING_TO_START,load_zone_22,dump_zone_22,0.00025,0.00067
1392.0,2026-07-02T14:51:25.537,1,618.595,-102.5,15.425,-0.5,1000.0,RETURNING_TO_START,load_zone_26,dump_zone_3,0.00025,0.00067
1392.0,2026-07-02T14:51:25.537,2,-107.891,451.935,0.0,-0.1997,1000.0,RETURNING_TO_START,load_zone_22,dump_zone_23,0.00025,0.00067
1392.0,2026-07-02T14:51:25.537,3,-100.236,453.622,0.0,-0.5,1000.0,RETURNING_TO_START,load_zone_22,dump_zone_22,0.00025,0.00067
1393.0,2026-07-02T14:51:28.125,1,614.581,-102.5,13.65,-0.4167,1000.0,RETURNING_TO_START,load_zone_26,dump_zone_3,0.00025,0.00067
1393.0,2026-07-02T14:51:28.125,2,-107.891,451.935,0.0,-0.1997,1000.0,RETURNING_TO_START,load_zone_22,dump_zone_23,0.00025,0.00067
1393.0,2026-07-02T14:51:28.125,3,-100.236,453.622,0.0,-0.5,1000.0,RETURNING_TO_START,load_zone_22,dump_zone_22,0.00025,0.00067
1394.0,2026-07-02T14:51:31.155,1,611.015,-102.5,12.175,-0.25,1000.0,RETURNING_TO_START,load_zone_26,dump_zone_3,0.00025,0.00067
1394.0,2026-07-02T14:51:31.155,2,-107.891,451.935,0.0,-0.1997,1000.0,RETURNING_TO_START,load_zone_22,dump_zone_23,0.00025,0.00067
1394.0,2026-07-02T14:51:31.155,3,-100.236,453.622,0.0,-0.5,1000.0,RETURNING_TO_START,load_zone_22,dump_zone_22,0.00025,0.00067
1395.0,2026-07-02T14:51:34.391,1,607.783,-102.5,10.907,-0.5,1000.0,RETURNING_TO_START,load_zone_26,dump_zone_3,0.00025,0.00067
1395.0,2026-07-02T14:51:34.391,2,-107.891,451.935,0.0,-0.1997,1000.0,RETURNING_TO_START,load_zone_22,dump_zone_23,0.00025,0.00067
1395.0,2026-07-02T14:51:34.391,3,-100.236,453.622,0.0,-0.5,1000.0,RETURNING_TO_START,load_zone_22,dump_zone_22,0.00025,0.00067
1396.0,2026-07-02T14:51:37.446,1,605.024,-102.5,9.107,-0.5,1000.0,RETURNING_TO_START,load_zone_26,dump_zone_3,0.00025,0.00067
1396.0,2026-07-02T14:51:37.446,2,-107.891,451.935,0.0,-0.1997,1000.0,RETURNING_TO_START,load_zone_22,dump_zone_23,0.00025,0.00067
1396.0,2026-07-02T14:51:37.446,3,-100.236,453.622,0.0,-0.5,1000.0,RETURNING_TO_START,load_zone_22,dump_zone_22,0.00025,0.00067
1397.0,2026-07-02T14:51:40.343,1,602.765,-102.5,7.307,-0.5,1000.0,RETURNING_TO_START,load_zone_26,dump_zone_3,0.00025,0.00067
1397.0,2026-07-02T14:51:40.343,2,-107.891,451.935,0.0,-0.1997,1000.0,RETURNING_TO_START,load_zone_22,dump_zone_23,0.00025,0.00067
1397.0,2026-07-02T14:51:40.343,3,-100.236,453.622,0.0,-0.5,1000.0,RETURNING_TO_START,load_zone_22,dump_zone_22,0.00025,0.00067
1398.0,2026-07-02T14:51:43.096,1,600.965,-102.372,6.207,0.0833,1000.0,RETURNING_TO_START,load_zone_26,dump_zone_3,0.000259,0.000694
1398.0,2026-07-02T14:51:43.096,2,-107.891,451.935,0.0,-0.1997,1000.0,RETURNING_TO_START,load_zone_22,dump_zone_23,0.00025,0.00067
1398.0,2026-07-02T14:51:43.096,3,-100.236,453.622,0.0,-0.5,1000.0,RETURNING_TO_START,load_zone_22,dump_zone_22,0.00025,0.00067
1399.0,2026-07-02T14:51:45.428,1,599.194,-101.66,7.807,0.75,1000.0,RETURNING_TO_START,load_zone_26,dump_zone_3,0.00029,0.000777
1399.0,2026-07-02T14:51:45.428,2,-107.891,451.935,0.0,-0.1997,1000.0,RETURNING_TO_START,load_zone_22,dump_zone_23,0.00025,0.00067
1399.0,2026-07-02T14:51:45.428,3,-100.236,453.622,0.0,-0.5,1000.0,RETURNING_TO_START,load_zone_22,dump_zone_22,0.00025,0.00067
1400.0,2026-07-02T14:51:47.771,1,597.683,-99.607,10.207,0.25,1000.0,RETURNING_TO_START,load_zone_26,dump_zone_3,0.000275,0.000737
1400.0,2026-07-02T14:51:47.771,2,-107.891,451.935,0.0,-0.1997,1000.0,RETURNING_TO_START,load_zone_22,dump_zone_23,0.00025,0.00067
1400.0,2026-07-02T14:51:47.771,3,-100.236,453.622,0.0,-0.5,1000.0,RETURNING_TO_START,load_zone_22,dump_zone_22,0.00025,0.00067
1401.0,2026-07-02T14:51:49.956,1,597.441,-96.773,10.557,0.4167,1000.0,RETURNING_TO_START,load_zone_26,dump_zone_3,0.000285,0.000764
1401.0,2026-07-02T14:51:49.956,2,-107.891,451.935,0.0,-0.1997,1000.0,RETURNING_TO_START,load_zone_22,dump_zone_23,0.00025,0.00067
1401.0,2026-07-02T14:51:49.956,3,-100.236,453.622,0.0,-0.5,1000.0,RETURNING_TO_START,load_zone_22,dump_zone_22,0.00025,0.00067
1402.0,2026-07-02T14:51:51.709,1,597.477,-93.424,13.632,1.0,1000.0,RETURNING_TO_START,load_zone_26,dump_zone_3,0.000338,0.000906
1402.0,2026-07-02T14:51:51.709,2,-107.891,451.935,0.0,-0.1997,1000.0,RETURNING_TO_START,load_zone_22,dump_zone_23,0.00025,0.00067
1402.0,2026-07-02T14:51:51.709,3,-100.236,453.622,0.0,-0.5,1000.0,RETURNING_TO_START,load_zone_22,dump_zone_22,0.00025,0.00067
1403.0,2026-07-02T14:51:53.781,1,597.503,-89.096,17.232,1.0,1000.0,RETURNING_TO_START,load_zone_26,dump_zone_3,0.000361,0.000967
1403.0,2026-07-02T14:51:53.781,2,-107.891,451.935,0.0,-0.1997,1000.0,RETURNING_TO_START,load_zone_22,dump_zone_23,0.00025,0.00067
1403.0,2026-07-02T14:51:53.781,3,-100.236,453.622,0.0,-0.5,1000.0,RETURNING_TO_START,load_zone_22,dump_zone_22,0.00025,0.00067
1404.0,2026-07-02T14:51:56.154,1,597.503,-83.768,20.83,0.9939,1000.0,RETURNING_TO_START,load_zone_26,dump_zone_3,0.000384,0.001029
1404.0,2026-07-02T14:51:56.154,2,-107.891,451.935,0.0,-0.1997,1000.0,RETURNING_TO_START,load_zone_22,dump_zone_23,0.00025,0.00067
1404.0,2026-07-02T14:51:56.154,3,-100.236,453.622,0.0,-0.5,1000.0,RETURNING_TO_START,load_zone_22,dump_zone_22,0.00025,0.00067
1405.0,2026-07-02T14:51:58.565,1,597.5,-77.499,23.648,0.3872,1000.0,RETURNING_TO_START,load_zone_26,dump_zone_3,0.000324,0.000868
1405.0,2026-07-02T14:51:58.565,2,-107.891,451.935,0.0,-0.1997,1000.0,RETURNING_TO_START,load_zone_22,dump_zone_23,0.00025,0.00067
1405.0,2026-07-02T14:51:58.565,3,-100.236,453.622,0.0,-0.5,1000.0,RETURNING_TO_START,load_zone_22,dump_zone_22,0.00025,0.00067
1406.0,2026-07-02T14:52:00.877,1,597.5,-70.93,23.135,-0.5,1000.0,RETURNING_TO_START,load_zone_26,dump_zone_3,0.00025,0.00067
1406.0,2026-07-02T14:52:00.877,2,-107.891,451.935,0.0,-0.1997,1000.0,RETURNING_TO_START,load_zone_22,dump_zone_23,0.00025,0.00067
1406.0,2026-07-02T14:52:00.877,3,-100.236,453.622,0.0,-0.5,1000.0,RETURNING_TO_START,load_zone_22,dump_zone_22,0.00025,0.00067
1407.0,2026-07-02T14:52:03.514,1,597.5,-64.626,22.777,0.3056,1000.0,RETURNING_TO_START,load_zone_26,dump_zone_3,0.000312,0.000836
1407.0,2026-07-02T14:52:03.514,2,-107.891,451.935,0.0,-0.1997,1000.0,RETURNING_TO_START,load_zone_22,dump_zone_23,0.00025,0.00067
1407.0,2026-07-02T14:52:03.514,3,-100.236,453.622,0.0,-0.5,1000.0,RETURNING_TO_START,load_zone_22,dump_zone_22,0.00025,0.00067
1408.0,2026-07-02T14:52:06.119,1,597.5,-58.143,23.807,0.1874,1000.0,RETURNING_TO_START,load_zone_26,dump_zone_3,0.000299,0.000801
1408.0,2026-07-02T14:52:06.119,2,-107.891,451.935,0.0,-0.1997,1000.0,RETURNING_TO_START,load_zone_22,dump_zone_23,0.00025,0.00067
1408.0,2026-07-02T14:52:06.119,3,-100.236,453.622,0.0,-0.5,1000.0,RETURNING_TO_START,load_zone_22,dump_zone_22,0.00025,0.00067
1409.0,2026-07-02T14:52:09.330,1,597.5,-51.601,23.237,-0.0162,1000.0,RETURNING_TO_START,load_zone_26,dump_zone_3,0.000273,0.000732
1409.0,2026-07-02T14:52:09.330,2,-107.891,451.935,0.0,-0.1997,1000.0,RETURNING_TO_START,load_zone_22,dump_zone_23,0.00025,0.00067
1409.0,2026-07-02T14:52:09.330,3,-100.236,453.622,0.0,-0.5,1000.0,RETURNING_TO_START,load_zone_22,dump_zone_22,0.00025,0.00067
1410.0,2026-07-02T14:52:12.885,1,597.5,-45.152,23.179,-0.0162,1000.0,RETURNING_TO_START,load_zone_26,dump_zone_3,0.000272,0.000729
1410.0,2026-07-02T14:52:12.885,2,-107.891,451.935,0.0,-0.1997,1000.0,RETURNING_TO_START,load_zone_22,dump_zone_23,0.00025,0.00067
1410.0,2026-07-02T14:52:12.885,3,-100.236,453.622,0.0,-0.5,1000.0,RETURNING_TO_START,load_zone_22,dump_zone_22,0.00025,0.00067
1411.0,2026-07-02T14:52:15.875,1,597.5,-38.829,22.069,-0.4167,1000.0,RETURNING_TO_START,load_zone_26,dump_zone_3,0.00025,0.00067
1411.0,2026-07-02T14:52:15.875,2,-107.891,451.935,0.0,-0.1997,1000.0,RETURNING_TO_START,load_zone_22,dump_zone_23,0.00025,0.00067
1411.0,2026-07-02T14:52:15.875,3,-100.236,453.622,0.0,-0.5,1000.0,RETURNING_TO_START,load_zone_22,dump_zone_22,0.00025,0.00067
1412.0,2026-07-02T14:52:18.442,1,597.5,-32.713,22.519,0.5833,1000.0,RETURNING_TO_START,load_zone_26,dump_zone_3,0.000345,0.000925
1412.0,2026-07-02T14:52:18.442,2,-107.891,451.935,0.0,-0.1997,1000.0,RETURNING_TO_START,load_zone_22,dump_zone_23,0.00025,0.00067
1412.0,2026-07-02T14:52:18.442,3,-100.236,453.622,0.0,-0.5,1000.0,RETURNING_TO_START,load_zone_22,dump_zone_22,0.00025,0.00067
1413.0,2026-07-02T14:52:22.117,1,597.5,-26.122,24.319,0.0833,1000.0,RETURNING_TO_START,load_zone_26,dump_zone_3,0.000287,0.000769
1413.0,2026-07-02T14:52:22.117,2,-107.891,451.935,0.0,-0.1997,1000.0,RETURNING_TO_START,load_zone_22,dump_zone_23,0.00025,0.00067
1413.0,2026-07-02T14:52:22.117,3,-100.236,453.622,0.0,-0.5,1000.0,RETURNING_TO_START,load_zone_22,dump_zone_22,0.00025,0.00067
1414.0,2026-07-02T14:52:24.455,1,597.5,-19.493,23.369,-0.2508,1000.0,RETURNING_TO_START,load_zone_26,dump_zone_3,0.00025,0.00067
1414.0,2026-07-02T14:52:24.455,2,-107.891,451.935,0.0,-0.1997,1000.0,RETURNING_TO_START,load_zone_22,dump_zone_23,0.00025,0.00067
1414.0,2026-07-02T14:52:24.455,3,-100.236,453.622,0.0,-0.5,1000.0,RETURNING_TO_START,load_zone_22,dump_zone_22,0.00025,0.00067
1415.0,2026-07-02T14:52:26.676,1,597.5,-13.214,22.093,-0.25,1000.0,RETURNING_TO_START,load_zone_26,dump_zone_3,0.00025,0.00067
1415.0,2026-07-02T14:52:26.676,2,-107.891,451.935,0.0,-0.1997,1000.0,RETURNING_TO_START,load_zone_22,dump_zone_23,0.00025,0.00067
1415.0,2026-07-02T14:52:26.676,3,-100.236,453.622,0.0,-0.5,1000.0,RETURNING_TO_START,load_zone_22,dump_zone_22,0.00025,0.00067
1416.0,2026-07-02T14:52:29.084,1,597.5,-7.023,22.875,0.5175,1000.0,RETURNING_TO_START,load_zone_26,dump_zone_3,0.000338,0.000906
1416.0,2026-07-02T14:52:29.084,2,-107.891,451.935,0.0,-0.1997,1000.0,RETURNING_TO_START,load_zone_22,dump_zone_23,0.00025,0.00067
1416.0,2026-07-02T14:52:29.084,3,-100.236,453.622,0.0,-0.5,1000.0,RETURNING_TO_START,load_zone_22,dump_zone_22,0.00025,0.00067
1417.0,2026-07-02T14:52:31.643,1,597.5,-0.554,23.088,-0.3992,1000.0,RETURNING_TO_START,load_zone_26,dump_zone_3,0.00025,0.00067
1417.0,2026-07-02T14:52:31.643,2,-107.891,451.935,0.0,-0.1997,1000.0,RETURNING_TO_START,load_zone_22,dump_zone_23,0.00025,0.00067
1417.0,2026-07-02T14:52:31.643,3,-100.236,453.622,0.0,-0.5,1000.0,RETURNING_TO_START,load_zone_22,dump_zone_22,0.00025,0.00067
1418.0,2026-07-02T14:52:34.979,1,597.5,5.678,22.346,0.2198,1000.0,RETURNING_TO_START,load_zone_26,dump_zone_3,0.0003,0.000804
1418.0,2026-07-02T14:52:34.979,2,-107.891,451.935,0.0,-0.1997,1000.0,RETURNING_TO_START,load_zone_22,dump_zone_23,0.00025,0.00067
1418.0,2026-07-02T14:52:34.979,3,-100.236,453.622,0.0,-0.5,1000.0,RETURNING_TO_START,load_zone_22,dump_zone_22,0.00025,0.00067
1419.0,2026-07-02T14:52:38.053,1,597.5,12.068,23.628,0.5659,1000.0,RETURNING_TO_START,load_zone_26,dump_zone_3,0.000347,0.00093
1419.0,2026-07-02T14:52:38.053,2,-107.891,451.935,0.0,-0.1997,1000.0,RETURNING_TO_START,load_zone_22,dump_zone_23,0.00025,0.00067
1419.0,2026-07-02T14:52:38.053,3,-100.236,453.622,0.0,-0.5,1000.0,RETURNING_TO_START,load_zone_22,dump_zone_22,0.00025,0.00067
1420.0,2026-07-02T14:52:42.125,1,597.5,18.846,24.75,0.0537,1000.0,RETURNING_TO_START,load_zone_26,dump_zone_3,0.000283,0.000758
1420.0,2026-07-02T14:52:42.125,2,-107.891,451.935,0.0,-0.1997,1000.0,RETURNING_TO_START,load_zone_22,dump_zone_23,0.00025,0.00067
1420.0,2026-07-02T14:52:42.125,3,-100.236,453.622,0.0,-0.5,1000.0,RETURNING_TO_START,load_zone_22,dump_zone_22,0.00025,0.00067
1421.0,2026-07-02T14:52:45.245,1,597.5,25.597,23.687,-0.5,1000.0,RETURNING_TO_START,load_zone_26,dump_zone_3,0.00025,0.00067
1421.0,2026-07-02T14:52:45.245,2,-107.891,451.935,0.0,-0.1997,1000.0,RETURNING_TO_START,load_zone_22,dump_zone_23,0.00025,0.00067
1421.0,2026-07-02T14:52:45.245,3,-100.236,453.622,0.0,-0.5,1000.0,RETURNING_TO_START,load_zone_22,dump_zone_22,0.00025,0.00067
1422.0,2026-07-02T14:52:48.451,1,597.5,32.053,23.214,0.0532,1000.0,RETURNING_TO_START,load_zone_26,dump_zone_3,0.000281,0.000753
1422.0,2026-07-02T14:52:48.451,2,-107.891,451.935,0.0,-0.1997,1000.0,RETURNING_TO_START,load_zone_22,dump_zone_23,0.00025,0.00067
1422.0,2026-07-02T14:52:48.451,3,-100.236,453.622,0.0,-0.5,1000.0,RETURNING_TO_START,load_zone_22,dump_zone_22,0.00025,0.00067
1423.0,2026-07-02T14:52:51.720,1,597.5,38.635,24.114,0.0633,1000.0,RETURNING_TO_START,load_zone_26,dump_zone_3,0.000284,0.000761
1423.0,2026-07-02T14:52:51.720,2,-107.891,451.935,0.0,-0.1997,1000.0,RETURNING_TO_START,load_zone_22,dump_zone_23,0.00025,0.00067
1423.0,2026-07-02T14:52:51.720,3,-100.236,453.622,0.0,-0.5,1000.0,RETURNING_TO_START,load_zone_22,dump_zone_22,0.00025,0.00067
1424.0,2026-07-02T14:52:55.003,1,597.5,45.216,23.104,-0.4167,1000.0,RETURNING_TO_START,load_zone_26,dump_zone_3,0.00025,0.00067
1424.0,2026-07-02T14:52:55.003,2,-107.891,451.935,0.0,-0.1997,1000.0,RETURNING_TO_START,load_zone_22,dump_zone_23,0.00025,0.00067
1424.0,2026-07-02T14:52:55.003,3,-100.236,453.622,0.0,-0.5,1000.0,RETURNING_TO_START,load_zone_22,dump_zone_22,0.00025,0.00067
1425.0,2026-07-02T14:52:58.320,1,597.5,51.617,23.504,0.4167,1000.0,RETURNING_TO_START,load_zone_26,dump_zone_3,0.000328,0.000879
1425.0,2026-07-02T14:52:58.320,2,-107.891,451.935,0.0,-0.1997,1000.0,RETURNING_TO_START,load_zone_22,dump_zone_23,0.00025,0.00067
1425.0,2026-07-02T14:52:58.320,3,-100.236,453.622,0.0,-0.5,1000.0,RETURNING_TO_START,load_zone_22,dump_zone_22,0.00025,0.00067
1426.0,2026-07-02T14:53:01.025,1,597.5,58.191,23.554,-0.0833,1000.0,RETURNING_TO_START,load_zone_26,dump_zone_3,0.000264,0.000708
1426.0,2026-07-02T14:53:01.025,2,-107.891,451.935,0.0,-0.1997,1000.0,RETURNING_TO_START,load_zone_22,dump_zone_23,0.00025,0.00067
1426.0,2026-07-02T14:53:01.025,3,-100.236,453.622,0.0,-0.5,1000.0,RETURNING_TO_START,load_zone_22,dump_zone_22,0.00025,0.00067
1427.0,2026-07-02T14:53:03.838,1,597.5,64.596,22.441,-0.25,1000.0,RETURNING_TO_START,load_zone_26,dump_zone_3,0.00025,0.00067
1427.0,2026-07-02T14:53:03.838,2,-107.891,451.935,0.0,-0.1997,1000.0,RETURNING_TO_START,load_zone_22,dump_zone_23,0.00025,0.00067
1427.0,2026-07-02T14:53:03.838,3,-100.236,453.622,0.0,-0.5,1000.0,RETURNING_TO_START,load_zone_22,dump_zone_22,0.00025,0.00067
1428.0,2026-07-02T14:53:06.182,1,597.5,70.876,23.038,0.4088,1000.0,RETURNING_TO_START,load_zone_26,dump_zone_3,0.000325,0.000871
1428.0,2026-07-02T14:53:06.182,2,-107.891,451.935,0.0,-0.1997,1000.0,RETURNING_TO_START,load_zone_22,dump_zone_23,0.00025,0.00067
1428.0,2026-07-02T14:53:06.182,3,-100.236,453.622,0.0,-0.5,1000.0,RETURNING_TO_START,load_zone_22,dump_zone_22,0.00025,0.00067
1429.0,2026-07-02T14:53:08.565,1,597.5,77.504,24.28,0.0135,1000.0,RETURNING_TO_START,load_zone_26,dump_zone_3,0.000277,0.000742
1429.0,2026-07-02T14:53:08.565,2,-107.891,451.935,0.0,-0.1997,1000.0,RETURNING_TO_START,load_zone_22,dump_zone_23,0.00025,0.00067
1429.0,2026-07-02T14:53:08.565,3,-100.236,453.622,0.0,-0.5,1000.0,RETURNING_TO_START,load_zone_22,dump_zone_22,0.00025,0.00067
1430.0,2026-07-02T14:53:11.163,1,597.5,84.081,23.029,-0.25,1000.0,RETURNING_TO_START,load_zone_26,dump_zone_3,0.00025,0.00067
1430.0,2026-07-02T14:53:11.163,2,-107.891,451.935,0.0,-0.1997,1000.0,RETURNING_TO_START,load_zone_22,dump_zone_23,0.00025,0.00067
1430.0,2026-07-02T14:53:11.163,3,-100.236,453.622,0.0,-0.5,1000.0,RETURNING_TO_START,load_zone_22,dump_zone_22,0.00025,0.00067
1431.0,2026-07-02T14:53:13.669,1,597.5,90.482,23.073,0.0241,1000.0,RETURNING_TO_START,load_zone_26,dump_zone_3,0.000277,0.000742
1431.0,2026-07-02T14:53:13.669,2,-107.891,451.935,0.0,-0.1997,1000.0,RETURNING_TO_START,load_zone_22,dump_zone_23,0.00025,0.00067
1431.0,2026-07-02T14:53:13.669,3,-100.236,453.622,0.0,-0.5,1000.0,RETURNING_TO_START,load_zone_22,dump_zone_22,0.00025,0.00067
1432.0,2026-07-02T14:53:16.166,1,597.5,96.934,23.11,-0.1426,1000.0,RETURNING_TO_START,load_zone_26,dump_zone_3,0.000257,0.000689
1432.0,2026-07-02T14:53:16.166,2,-107.891,451.935,0.0,-0.1997,1000.0,RETURNING_TO_START,load_zone_22,dump_zone_23,0.00025,0.00067
1432.0,2026-07-02T14:53:16.166,3,-100.236,453.622,0.0,-0.5,1000.0,RETURNING_TO_START,load_zone_22,dump_zone_22,0.00025,0.00067
1433.0,2026-07-02T14:53:18.709,1,597.5,103.312,23.01,0.1435,1000.0,RETURNING_TO_START,load_zone_26,dump_zone_3,0.000292,0.000783
1433.0,2026-07-02T14:53:18.709,2,-107.891,451.935,0.0,-0.1997,1000.0,RETURNING_TO_START,load_zone_22,dump_zone_23,0.00025,0.00067
1433.0,2026-07-02T14:53:18.709,3,-100.236,453.622,0.0,-0.5,1000.0,RETURNING_TO_START,load_zone_22,dump_zone_22,0.00025,0.00067
1434.0,2026-07-02T14:53:21.385,1,597.5,109.75,23.21,-0.0757,1000.0,RETURNING_TO_START,load_zone_26,dump_zone_3,0.000265,0.00071
1434.0,2026-07-02T14:53:21.385,2,-107.891,451.935,0.0,-0.1997,1000.0,RETURNING_TO_START,load_zone_22,dump_zone_23,0.00025,0.00067
1434.0,2026-07-02T14:53:21.385,3,-100.236,453.622,0.0,-0.5,1000.0,RETURNING_TO_START,load_zone_22,dump_zone_22,0.00025,0.00067
1435.0,2026-07-02T14:53:23.918,1,597.5,116.17,23.238,0.0077,1000.0,RETURNING_TO_START,load_zone_26,dump_zone_3,0.000276,0.00074
1435.0,2026-07-02T14:53:23.918,2,-107.891,451.935,0.0,-0.1997,1000.0,RETURNING_TO_START,load_zone_22,dump_zone_23,0.00025,0.00067
1435.0,2026-07-02T14:53:23.918,3,-100.236,453.622,0.0,-0.5,1000.0,RETURNING_TO_START,load_zone_22,dump_zone_22,0.00025,0.00067
1436.0,2026-07-02T14:53:26.349,1,597.5,122.516,22.715,0.1743,1000.0,RETURNING_TO_START,load_zone_26,dump_zone_3,0.000295,0.000791
1436.0,2026-07-02T14:53:26.349,2,-107.891,451.935,0.0,-0.1997,1000.0,RETURNING_TO_START,load_zone_22,dump_zone_23,0.00025,0.00067
1436.0,2026-07-02T14:53:26.349,3,-100.236,453.622,0.0,-0.5,1000.0,RETURNING_TO_START,load_zone_22,dump_zone_22,0.00025,0.00067
1437.0,2026-07-02T14:53:29.206,1,597.5,129.01,23.784,0.13,1000.0,RETURNING_TO_START,load_zone_26,dump_zone_3,0.000292,0.000783
1437.0,2026-07-02T14:53:29.206,2,-107.891,451.935,0.0,-0.1997,1000.0,RETURNING_TO_START,load_zone_22,dump_zone_23,0.00025,0.00067
1437.0,2026-07-02T14:53:29.206,3,-100.236,453.622,0.0,-0.5,1000.0,RETURNING_TO_START,load_zone_22,dump_zone_22,0.00025,0.00067
1438.0,2026-07-02T14:53:31.475,1,597.5,135.544,22.863,-0.5,1000.0,RETURNING_TO_START,load_zone_26,dump_zone_3,0.00025,0.00067
1438.0,2026-07-02T14:53:31.475,2,-107.891,451.935,0.0,-0.1997,1000.0,RETURNING_TO_START,load_zone_22,dump_zone_23,0.00025,0.00067
1438.0,2026-07-02T14:53:31.475,3,-100.236,453.622,0.0,-0.5,1000.0,RETURNING_TO_START,load_zone_22,dump_zone_22,0.00025,0.00067
1439.0,2026-07-02T14:53:34.058,1,597.5,141.788,22.663,0.25,1000.0,RETURNING_TO_START,load_zone_26,dump_zone_3,0.000304,0.000815
1439.0,2026-07-02T14:53:34.058,2,-107.891,451.935,0.0,-0.1997,1000.0,RETURNING_TO_START,load_zone_22,dump_zone_23,0.00025,0.00067
1439.0,2026-07-02T14:53:34.058,3,-100.236,453.622,0.0,-0.5,1000.0,RETURNING_TO_START,load_zone_22,dump_zone_22,0.00025,0.00067
1440.0,2026-07-02T14:53:36.616,1,597.5,148.17,23.081,0.1366,1000.0,RETURNING_TO_START,load_zone_26,dump_zone_3,0.000291,0.00078
1440.0,2026-07-02T14:53:36.616,2,-107.891,451.935,0.0,-0.1997,1000.0,RETURNING_TO_START,load_zone_22,dump_zone_23,0.00025,0.00067
1440.0,2026-07-02T14:53:36.616,3,-100.236,453.622,0.0,-0.5,1000.0,RETURNING_TO_START,load_zone_22,dump_zone_22,0.00025,0.00067
1441.0,2026-07-02T14:53:41.596,1,597.5,154.629,23.073,-0.3634,1000.0,RETURNING_TO_START,load_zone_26,dump_zone_3,0.00025,0.00067
1441.0,2026-07-02T14:53:41.596,2,-107.891,451.935,0.0,-0.1997,1000.0,RETURNING_TO_START,load_zone_22,dump_zone_23,0.00025,0.00067
1441.0,2026-07-02T14:53:41.596,3,-100.236,453.622,0.0,-0.5,1000.0,RETURNING_TO_START,load_zone_22,dump_zone_22,0.00025,0.00067
1442.0,2026-07-02T14:53:46.584,1,597.5,160.772,21.289,-0.5,1000.0,RETURNING_TO_START,load_zone_26,dump_zone_3,0.00025,0.00067
1442.0,2026-07-02T14:53:46.584,2,-107.891,451.935,0.0,-0.1997,1000.0,RETURNING_TO_START,load_zone_22,dump_zone_23,0.00025,0.00067
1442.0,2026-07-02T14:53:46.584,3,-100.236,453.622,0.0,-0.5,1000.0,RETURNING_TO_START,load_zone_22,dump_zone_22,0.00025,0.00067
1443.0,2026-07-02T14:53:51.373,1,597.5,166.415,19.489,-0.5,1000.0,RETURNING_TO_START,load_zone_26,dump_zone_3,0.00025,0.00067
1443.0,2026-07-02T14:53:51.373,2,-107.891,451.935,0.0,-0.1997,1000.0,RETURNING_TO_START,load_zone_22,dump_zone_23,0.00025,0.00067
1443.0,2026-07-02T14:53:51.373,3,-100.236,453.622,0.0,-0.5,1000.0,RETURNING_TO_START,load_zone_22,dump_zone_22,0.00025,0.00067
1444.0,2026-07-02T14:53:56.336,1,597.5,171.558,17.689,-0.5,1000.0,RETURNING_TO_START,load_zone_26,dump_zone_3,0.00025,0.00067
1444.0,2026-07-02T14:53:56.336,2,-107.891,451.935,0.0,-0.1997,1000.0,RETURNING_TO_START,load_zone_22,dump_zone_23,0.00025,0.00067
1444.0,2026-07-02T14:53:56.336,3,-100.236,453.622,0.0,-0.5,1000.0,RETURNING_TO_START,load_zone_22,dump_zone_22,0.00025,0.00067
1445.0,2026-07-02T14:54:02.605,1,597.5,176.201,15.889,-0.5,1000.0,RETURNING_TO_START,load_zone_26,dump_zone_3,0.00025,0.00067
1445.0,2026-07-02T14:54:02.605,2,-107.891,451.935,0.0,-0.1997,1000.0,RETURNING_TO_START,load_zone_22,dump_zone_23,0.00025,0.00067
1445.0,2026-07-02T14:54:02.605,3,-100.236,453.622,0.0,-0.5,1000.0,RETURNING_TO_START,load_zone_22,dump_zone_22,0.00025,0.00067
1446.0,2026-07-02T14:54:08.285,1,597.5,180.343,14.089,-0.5,1000.0,RETURNING_TO_START,load_zone_26,dump_zone_3,0.00025,0.00067
1446.0,2026-07-02T14:54:08.285,2,-107.891,451.935,0.0,-0.1997,1000.0,RETURNING_TO_START,load_zone_22,dump_zone_23,0.00025,0.00067
1446.0,2026-07-02T14:54:08.285,3,-100.236,453.622,0.0,-0.5,1000.0,RETURNING_TO_START,load_zone_22,dump_zone_22,0.00025,0.00067
1447.0,2026-07-02T14:54:13.568,1,597.5,183.986,12.289,-0.5,1000.0,RETURNING_TO_START,load_zone_26,dump_zone_3,0.00025,0.00067
1447.0,2026-07-02T14:54:13.568,2,-107.891,451.935,0.0,-0.1997,1000.0,RETURNING_TO_START,load_zone_22,dump_zone_23,0.00025,0.00067
1447.0,2026-07-02T14:54:13.568,3,-100.236,453.622,0.0,-0.5,1000.0,RETURNING_TO_START,load_zone_22,dump_zone_22,0.00025,0.00067
1448.0,2026-07-02T14:54:19.899,1,597.359,187.121,10.489,-0.5,1000.0,RETURNING_TO_START,load_zone_26,dump_zone_3,0.00025,0.00067
1448.0,2026-07-02T14:54:19.899,2,-107.891,451.935,0.0,-0.1997,1000.0,RETURNING_TO_START,load_zone_22,dump_zone_23,0.00025,0.00067
1448.0,2026-07-02T14:54:19.899,3,-100.236,453.622,0.0,-0.5,1000.0,RETURNING_TO_START,load_zone_22,dump_zone_22,0.00025,0.00067
1449.0,2026-07-02T14:54:27.360,1,596.546,189.625,8.689,-0.5,1000.0,RETURNING_TO_START,load_zone_26,dump_zone_3,0.00025,0.00067
1449.0,2026-07-02T14:54:27.360,2,-107.891,451.935,0.0,-0.1997,1000.0,RETURNING_TO_START,load_zone_22,dump_zone_23,0.00025,0.00067
1449.0,2026-07-02T14:54:27.360,3,-100.236,453.622,0.0,-0.5,1000.0,RETURNING_TO_START,load_zone_22,dump_zone_22,0.00025,0.00067
1450.0,2026-07-02T14:54:33.265,1,595.851,191.649,6.889,-0.5,1000.0,RETURNING_TO_START,load_zone_26,dump_zone_3,0.00025,0.00067
1450.0,2026-07-02T14:54:33.265,2,-107.891,451.935,0.0,-0.1997,1000.0,RETURNING_TO_START,load_zone_22,dump_zone_23,0.00025,0.00067
1450.0,2026-07-02T14:54:33.265,3,-100.236,453.622,0.0,-0.5,1000.0,RETURNING_TO_START,load_zone_22,dump_zone_22,0.00025,0.00067
1451.0,2026-07-02T14:54:39.422,1,595.596,193.276,5.159,-0.4167,1000.0,RETURNING_TO_START,load_zone_26,dump_zone_3,0.00025,0.00067
1451.0,2026-07-02T14:54:39.422,2,-107.891,451.935,0.0,-0.1997,1000.0,RETURNING_TO_START,load_zone_22,dump_zone_23,0.00025,0.00067
1451.0,2026-07-02T14:54:39.422,3,-100.236,453.622,0.0,-0.5,1000.0,RETURNING_TO_START,load_zone_22,dump_zone_22,0.00025,0.00067
1452.0,2026-07-02T14:54:45.320,1,595.55,194.691,5.559,0.4167,1000.0,RETURNING_TO_START,load_zone_26,dump_zone_3,0.000268,0.000718
1452.0,2026-07-02T14:54:45.320,2,-107.891,451.935,0.0,-0.1997,1000.0,RETURNING_TO_START,load_zone_22,dump_zone_23,0.00025,0.00067
1452.0,2026-07-02T14:54:45.320,3,-100.236,453.622,0.0,-0.5,1000.0,RETURNING_TO_START,load_zone_22,dump_zone_22,0.00025,0.00067
1453.0,2026-07-02T14:54:50.855,1,595.869,196.316,6.138,-0.0234,1000.0,RETURNING_TO_START,load_zone_26,dump_zone_3,0.000256,0.000686
1453.0,2026-07-02T14:54:50.855,2,-107.891,451.935,0.0,-0.1997,1000.0,RETURNING_TO_START,load_zone_22,dump_zone_23,0.00025,0.00067
1453.0,2026-07-02T14:54:50.855,3,-100.236,453.622,0.0,-0.5,1000.0,RETURNING_TO_START,load_zone_22,dump_zone_22,0.00025,0.00067
1454.0,2026-07-02T14:54:56.330,1,596.412,197.756,5.053,-0.0833,1000.0,RETURNING_TO_START,load_zone_26,dump_zone_3,0.000253,0.000678
1454.0,2026-07-02T14:54:56.330,2,-107.891,451.935,0.0,-0.1997,1000.0,RETURNING_TO_START,load_zone_22,dump_zone_23,0.00025,0.00067
1454.0,2026-07-02T14:54:56.330,3,-100.236,453.622,0.0,-0.5,1000.0,RETURNING_TO_START,load_zone_22,dump_zone_22,0.00025,0.00067
1455.0,2026-07-02T14:55:01.488,1,597.094,199.156,6.453,0.5833,1000.0,RETURNING_TO_START,load_zone_26,dump_zone_3,0.000277,0.000742
1455.0,2026-07-02T14:55:01.488,2,-107.891,451.935,0.0,-0.1997,1000.0,RETURNING_TO_START,load_zone_22,dump_zone_23,0.00025,0.00067
1455.0,2026-07-02T14:55:01.488,3,-100.236,453.622,0.0,-0.5,1000.0,RETURNING_TO_START,load_zone_22,dump_zone_22,0.00025,0.00067
1456.0,2026-07-02T14:55:06.633,1,598.629,200.806,9.775,1.0,1000.0,RETURNING_TO_START,load_zone_26,dump_zone_3,0.000313,0.000839
1456.0,2026-07-02T14:55:06.633,2,-107.891,451.935,0.0,-0.1997,1000.0,RETURNING_TO_START,load_zone_22,dump_zone_23,0.00025,0.00067
1456.0,2026-07-02T14:55:06.633,3,-100.236,453.622,0.0,-0.5,1000.0,RETURNING_TO_START,load_zone_22,dump_zone_22,0.00025,0.00067
1457.0,2026-07-02T14:55:13.607,1,601.565,201.491,11.725,0.0833,1000.0,RETURNING_TO_START,load_zone_26,dump_zone_3,0.000268,0.000718
1457.0,2026-07-02T14:55:13.607,2,-107.891,451.935,0.0,-0.1997,1000.0,RETURNING_TO_START,load_zone_22,dump_zone_23,0.00025,0.00067
1457.0,2026-07-02T14:55:13.607,3,-100.236,453.622,0.0,-0.5,1000.0,RETURNING_TO_START,load_zone_22,dump_zone_22,0.00025,0.00067
1458.0,2026-07-02T14:55:18.814,1,604.355,200.166,10.45,-0.5,1000.0,RETURNING_TO_START,load_zone_26,dump_zone_3,0.00025,0.00067
1458.0,2026-07-02T14:55:18.814,2,-107.891,451.935,0.0,-0.1997,1000.0,RETURNING_TO_START,load_zone_22,dump_zone_23,0.00025,0.00067
1458.0,2026-07-02T14:55:18.814,3,-100.236,453.622,0.0,-0.5,1000.0,RETURNING_TO_START,load_zone_22,dump_zone_22,0.00025,0.00067
1459.0,2026-07-02T14:55:24.349,1,606.877,199.301,9.17,-0.145,1000.0,RETURNING_TO_START,load_zone_26,dump_zone_3,0.000253,0.000678
1459.0,2026-07-02T14:55:24.349,2,-107.891,451.935,0.0,-0.1997,1000.0,RETURNING_TO_START,load_zone_22,dump_zone_23,0.00025,0.00067
1459.0,2026-07-02T14:55:24.349,3,-100.236,453.622,0.0,-0.5,1000.0,RETURNING_TO_START,load_zone_22,dump_zone_22,0.00025,0.00067
1460.0,2026-07-02T14:55:29.724,1,609.493,198.917,10.22,0.6634,1000.0,RETURNING_TO_START,load_zone_26,dump_zone_3,0.000297,0.000796
1460.0,2026-07-02T14:55:29.724,2,-107.891,451.935,0.0,-0.1997,1000.0,RETURNING_TO_START,load_zone_22,dump_zone_23,0.00025,0.00067
1460.0,2026-07-02T14:55:29.724,3,-100.236,453.622,0.0,-0.5,1000.0,RETURNING_TO_START,load_zone_22,dump_zone_22,0.00025,0.00067
1461.0,2026-07-02T14:55:35.950,1,612.81,198.792,13.291,0.5833,1000.0,RETURNING_TO_START,load_zone_26,dump_zone_3,0.000306,0.00082
1461.0,2026-07-02T14:55:35.950,2,-107.891,451.935,0.0,-0.1997,1000.0,RETURNING_TO_START,load_zone_22,dump_zone_23,0.00025,0.00067
1461.0,2026-07-02T14:55:35.950,3,-100.236,453.622,0.0,-0.5,1000.0,RETURNING_TO_START,load_zone_22,dump_zone_22,0.00025,0.00067
1462.0,2026-07-02T14:55:41.818,1,616.898,198.941,16.244,1.0,1000.0,RETURNING_TO_START,load_zone_26,dump_zone_3,0.000355,0.000951
1462.0,2026-07-02T14:55:41.818,2,-107.891,451.935,0.0,-0.1997,1000.0,RETURNING_TO_START,load_zone_22,dump_zone_23,0.00025,0.00067
1462.0,2026-07-02T14:55:41.818,3,-100.236,453.622,0.0,-0.5,1000.0,RETURNING_TO_START,load_zone_22,dump_zone_22,0.00025,0.00067
1463.0,2026-07-02T14:55:46.930,1,621.882,199.397,19.144,0.4167,1000.0,RETURNING_TO_START,load_zone_26,dump_zone_3,0.000313,0.000839
1463.0,2026-07-02T14:55:46.930,2,-107.891,451.935,0.0,-0.1997,1000.0,RETURNING_TO_START,load_zone_22,dump_zone_23,0.00025,0.00067
1463.0,2026-07-02T14:55:46.930,3,-100.236,453.622,0.0,-0.5,1000.0,RETURNING_TO_START,load_zone_22,dump_zone_22,0.00025,0.00067
1464.0,2026-07-02T14:55:51.115,1,627.173,200.064,18.719,-0.5,1000.0,RETURNING_TO_START,load_zone_26,dump_zone_3,0.00025,0.00067
1464.0,2026-07-02T14:55:51.115,2,-107.891,451.935,0.0,-0.1997,1000.0,RETURNING_TO_START,load_zone_22,dump_zone_23,0.00025,0.00067
1464.0,2026-07-02T14:55:51.115,3,-100.236,453.622,0.0,-0.5,1000.0,RETURNING_TO_START,load_zone_22,dump_zone_22,0.00025,0.00067
1465.0,2026-07-02T14:55:56.138,1,632.054,200.751,16.919,-0.5,1000.0,RETURNING_TO_START,load_zone_26,dump_zone_3,0.00025,0.00067
1465.0,2026-07-02T14:55:56.138,2,-107.891,451.935,0.0,-0.1997,1000.0,RETURNING_TO_START,load_zone_22,dump_zone_23,0.00025,0.00067
1465.0,2026-07-02T14:55:56.138,3,-100.236,453.622,0.0,-0.5,1000.0,RETURNING_TO_START,load_zone_22,dump_zone_22,0.00025,0.00067
1466.0,2026-07-02T14:56:00.868,1,636.441,201.358,15.119,-0.5,1000.0,RETURNING_TO_START,load_zone_26,dump_zone_3,0.00025,0.00067
1466.0,2026-07-02T14:56:00.868,2,-107.891,451.935,0.0,-0.1997,1000.0,RETURNING_TO_START,load_zone_22,dump_zone_23,0.00025,0.00067
1466.0,2026-07-02T14:56:00.868,3,-100.236,453.622,0.0,-0.5,1000.0,RETURNING_TO_START,load_zone_22,dump_zone_22,0.00025,0.00067
1467.0,2026-07-02T14:56:05.506,1,640.34,201.842,13.319,-0.5,1000.0,RETURNING_TO_START,load_zone_26,dump_zone_3,0.00025,0.00067
1467.0,2026-07-02T14:56:05.506,2,-107.891,451.935,0.0,-0.1997,1000.0,RETURNING_TO_START,load_zone_22,dump_zone_23,0.00025,0.00067
1467.0,2026-07-02T14:56:05.506,3,-100.236,453.622,0.0,-0.5,1000.0,RETURNING_TO_START,load_zone_22,dump_zone_22,0.00025,0.00067
1468.0,2026-07-02T14:56:10.085,1,643.752,202.182,11.519,-0.5,1000.0,RETURNING_TO_START,load_zone_26,dump_zone_3,0.00025,0.00067
1468.0,2026-07-02T14:56:10.085,2,-107.891,451.935,0.0,-0.1997,1000.0,RETURNING_TO_START,load_zone_22,dump_zone_23,0.00025,0.00067
1468.0,2026-07-02T14:56:10.085,3,-100.236,453.622,0.0,-0.5,1000.0,RETURNING_TO_START,load_zone_22,dump_zone_22,0.00025,0.00067
1469.0,2026-07-02T14:56:14.726,1,646.673,202.387,9.719,-0.5,1000.0,RETURNING_TO_START,load_zone_26,dump_zone_3,0.00025,0.00067
1469.0,2026-07-02T14:56:14.726,2,-107.891,451.935,0.0,-0.1997,1000.0,RETURNING_TO_START,load_zone_22,dump_zone_23,0.00025,0.00067
1469.0,2026-07-02T14:56:14.726,3,-100.236,453.622,0.0,-0.5,1000.0,RETURNING_TO_START,load_zone_22,dump_zone_22,0.00025,0.00067
1470.0,2026-07-02T14:56:20.226,1,649.104,202.298,8.044,-0.4167,1000.0,RETURNING_TO_START,load_zone_26,dump_zone_3,0.00025,0.00067
1470.0,2026-07-02T14:56:20.226,2,-107.891,451.935,0.0,-0.1997,1000.0,RETURNING_TO_START,load_zone_22,dump_zone_23,0.00025,0.00067
1470.0,2026-07-02T14:56:20.226,3,-100.236,453.622,0.0,-0.5,1000.0,RETURNING_TO_START,load_zone_22,dump_zone_22,0.00025,0.00067
1471.0,2026-07-02T14:56:25.180,1,651.098,201.395,8.452,0.5693,1000.0,RETURNING_TO_START,load_zone_26,dump_zone_3,0.000285,0.000764
1471.0,2026-07-02T14:56:25.180,2,-107.891,451.935,0.0,-0.1997,1000.0,RETURNING_TO_START,load_zone_22,dump_zone_23,0.00025,0.00067
1471.0,2026-07-02T14:56:25.180,3,-100.236,453.622,0.0,-0.5,1000.0,RETURNING_TO_START,load_zone_22,dump_zone_22,0.00025,0.00067
1472.0,2026-07-02T14:56:29.791,1,652.415,199.276,9.151,-0.2641,1000.0,RETURNING_TO_START,load_zone_26,dump_zone_3,0.00025,0.00067
1472.0,2026-07-02T14:56:29.791,2,-107.891,451.935,0.0,-0.1997,1000.0,RETURNING_TO_START,load_zone_22,dump_zone_23,0.00025,0.00067
1472.0,2026-07-02T14:56:29.791,3,-100.236,453.622,0.0,-0.5,1000.0,RETURNING_TO_START,load_zone_22,dump_zone_22,0.00025,0.00067
1473.0,2026-07-02T14:56:34.881,1,652.643,196.907,8.543,0.25,1000.0,RETURNING_TO_START,load_zone_26,dump_zone_3,0.000271,0.000726
1473.0,2026-07-02T14:56:34.881,2,-107.891,451.935,0.0,-0.1997,1000.0,RETURNING_TO_START,load_zone_22,dump_zone_23,0.00025,0.00067
1473.0,2026-07-02T14:56:34.881,3,-100.236,453.622,0.0,-0.5,1000.0,RETURNING_TO_START,load_zone_22,dump_zone_22,0.00025,0.00067
1474.0,2026-07-02T14:56:39.947,1,652.621,194.195,11.218,0.9167,1000.0,RETURNING_TO_START,load_zone_26,dump_zone_3,0.000317,0.00085
1474.0,2026-07-02T14:56:39.947,2,-107.891,451.935,0.0,-0.1997,1000.0,RETURNING_TO_START,load_zone_22,dump_zone_23,0.00025,0.00067
1474.0,2026-07-02T14:56:39.947,3,-100.236,453.622,0.0,-0.5,1000.0,RETURNING_TO_START,load_zone_22,dump_zone_22,0.00025,0.00067
1475.0,2026-07-02T14:56:44.953,1,652.526,190.794,12.568,-0.0833,1000.0,RETURNING_TO_START,load_zone_26,dump_zone_3,0.000258,0.000691
1475.0,2026-07-02T14:56:44.953,2,-107.891,451.935,0.0,-0.1997,1000.0,RETURNING_TO_START,load_zone_22,dump_zone_23,0.00025,0.00067
1475.0,2026-07-02T14:56:44.953,3,-100.236,453.622,0.0,-0.5,1000.0,RETURNING_TO_START,load_zone_22,dump_zone_22,0.00025,0.00067
1476.0,2026-07-02T14:56:49.788,1,652.497,187.511,11.018,-0.5,1000.0,RETURNING_TO_START,load_zone_26,dump_zone_3,0.00025,0.00067
1476.0,2026-07-02T14:56:49.788,2,-107.891,451.935,0.0,-0.1997,1000.0,RETURNING_TO_START,load_zone_22,dump_zone_23,0.00025,0.00067
1476.0,2026-07-02T14:56:49.788,3,-100.236,453.622,0.0,-0.5,1000.0,RETURNING_TO_START,load_zone_22,dump_zone_22,0.00025,0.00067
1477.0,2026-07-02T14:56:54.450,1,652.496,184.721,9.218,-0.5,1000.0,RETURNING_TO_START,load_zone_26,dump_zone_3,0.00025,0.00067
1477.0,2026-07-02T14:56:54.450,2,-107.891,451.935,0.0,-0.1997,1000.0,RETURNING_TO_START,load_zone_22,dump_zone_23,0.00025,0.00067
1477.0,2026-07-02T14:56:54.450,3,-100.236,453.622,0.0,-0.5,1000.0,RETURNING_TO_START,load_zone_22,dump_zone_22,0.00025,0.00067
1478.0,2026-07-02T14:56:59.173,1,652.499,182.431,7.418,-0.5,1000.0,RETURNING_TO_START,load_zone_26,dump_zone_3,0.00025,0.00067
1478.0,2026-07-02T14:56:59.173,2,-107.891,451.935,0.0,-0.1997,1000.0,RETURNING_TO_START,load_zone_22,dump_zone_23,0.00025,0.00067
1478.0,2026-07-02T14:56:59.173,3,-100.236,453.622,0.0,-0.5,1000.0,RETURNING_TO_START,load_zone_22,dump_zone_22,0.00025,0.00067
1479.0,2026-07-02T14:57:04.024,1,652.5,180.642,5.618,-0.5,1000.0,RETURNING_TO_START,load_zone_26,dump_zone_3,0.00025,0.00067
1479.0,2026-07-02T14:57:04.024,2,-107.891,451.935,0.0,-0.1997,1000.0,RETURNING_TO_START,load_zone_22,dump_zone_23,0.00025,0.00067
1479.0,2026-07-02T14:57:04.024,3,-100.236,453.622,0.0,-0.5,1000.0,RETURNING_TO_START,load_zone_22,dump_zone_22,0.00025,0.00067
1480.0,2026-07-02T14:57:09.239,1,652.628,179.362,3.818,-0.5,1000.0,RETURNING_TO_START,load_zone_26,dump_zone_3,0.00025,0.00067
1480.0,2026-07-02T14:57:09.239,2,-107.891,451.935,0.0,-0.1997,1000.0,RETURNING_TO_START,load_zone_22,dump_zone_23,0.00025,0.00067
1480.0,2026-07-02T14:57:09.239,3,-100.236,453.622,0.0,-0.5,1000.0,RETURNING_TO_START,load_zone_22,dump_zone_22,0.00025,0.00067
1481.0,2026-07-02T14:57:13.484,1,652.89,178.618,2.018,-0.5,1000.0,UNLOADING,load_zone_26,dump_zone_3,0.00025,0.00067
1481.0,2026-07-02T14:57:13.484,2,-107.891,451.935,0.0,-0.1997,1000.0,RETURNING_TO_START,load_zone_22,dump_zone_23,0.00025,0.00067
1481.0,2026-07-02T14:57:13.484,3,-100.236,453.622,0.0,-0.5,1000.0,RETURNING_TO_START,load_zone_22,dump_zone_22,0.00025,0.00067
1482.0,2026-07-02T14:57:17.255,1,653.021,178.36,0.218,-0.5,1000.0,UNLOADING,load_zone_26,dump_zone_3,0.00025,0.00067
1482.0,2026-07-02T14:57:17.255,2,-107.891,451.935,0.0,-0.1997,1000.0,RETURNING_TO_START,load_zone_22,dump_zone_23,0.00025,0.00067
1482.0,2026-07-02T14:57:17.255,3,-100.236,453.622,0.0,-0.5,1000.0,RETURNING_TO_START,load_zone_22,dump_zone_22,0.00025,0.00067
1483.0,2026-07-02T14:57:21.346,1,653.021,178.358,0.0,-0.5,1000.0,UNLOADING,load_zone_26,dump_zone_3,0.00025,0.00067
1483.0,2026-07-02T14:57:21.346,2,-107.891,451.935,0.0,-0.1997,1000.0,RETURNING_TO_START,load_zone_22,dump_zone_23,0.00025,0.00067
1483.0,2026-07-02T14:57:21.346,3,-100.236,453.622,0.0,-0.5,1000.0,RETURNING_TO_START,load_zone_22,dump_zone_22,0.00025,0.00067
1484.0,2026-07-02T14:57:24.900,1,653.994,177.228,7.2,0.0,0.0,TURNING_AROUND,dump_zone_3,load_zone_26,0.000255,0.000683
1484.0,2026-07-02T14:57:24.900,2,-107.891,451.935,0.0,-0.1997,1000.0,RETURNING_TO_START,load_zone_22,dump_zone_23,0.00025,0.00067
1484.0,2026-07-02T14:57:24.900,3,-100.236,453.622,0.0,-0.5,1000.0,RETURNING_TO_START,load_zone_22,dump_zone_22,0.00025,0.00067
1485.0,2026-07-02T14:57:28.664,1,655.23,176.544,5.4,0.0,0.0,TURNING_AROUND,dump_zone_3,load_zone_26,0.000253,0.000678
1485.0,2026-07-02T14:57:28.664,2,-107.891,451.935,0.0,-0.1997,1000.0,RETURNING_TO_START,load_zone_22,dump_zone_23,0.00025,0.00067
1485.0,2026-07-02T14:57:28.664,3,-100.236,453.622,0.0,-0.5,1000.0,RETURNING_TO_START,load_zone_22,dump_zone_22,0.00025,0.00067
1486.0,2026-07-02T14:57:32.560,1,654.315,176.65,7.2,0.0,0.0,TURNING_AROUND,dump_zone_3,load_zone_26,0.000255,0.000683
1486.0,2026-07-02T14:57:32.560,2,-107.891,451.935,0.0,-0.1997,1000.0,RETURNING_TO_START,load_zone_22,dump_zone_23,0.00025,0.00067
1486.0,2026-07-02T14:57:32.560,3,-100.236,453.622,0.0,-0.5,1000.0,RETURNING_TO_START,load_zone_22,dump_zone_22,0.00025,0.00067
1487.0,2026-07-02T14:57:36.047,1,656.095,177.515,7.2,0.0,0.0,TURNING_AROUND,dump_zone_3,load_zone_26,0.000255,0.000683
1487.0,2026-07-02T14:57:36.047,2,-107.891,451.935,0.0,-0.1997,1000.0,RETURNING_TO_START,load_zone_22,dump_zone_23,0.00025,0.00067
1487.0,2026-07-02T14:57:36.047,3,-100.236,453.622,0.0,-0.5,1000.0,RETURNING_TO_START,load_zone_22,dump_zone_22,0.00025,0.00067
1488.0,2026-07-02T14:57:39.935,1,656.21,177.374,5.4,0.0,0.0,TURNING_AROUND,dump_zone_3,load_zone_26,0.000253,0.000678
1488.0,2026-07-02T14:57:39.935,2,-107.891,451.935,0.0,-0.1997,1000.0,RETURNING_TO_START,load_zone_22,dump_zone_23,0.00025,0.00067
1488.0,2026-07-02T14:57:39.935,3,-100.236,453.622,0.0,-0.5,1000.0,RETURNING_TO_START,load_zone_22,dump_zone_22,0.00025,0.00067
1489.0,2026-07-02T14:57:43.799,1,656.066,177.115,0.0,-0.1667,0.0,GOING_TO_ENDPOINT,dump_zone_3,load_zone_26,0.00025,0.00067
1489.0,2026-07-02T14:57:43.799,2,-107.891,451.935,0.0,-0.1997,1000.0,RETURNING_TO_START,load_zone_22,dump_zone_23,0.00025,0.00067
1489.0,2026-07-02T14:57:43.799,3,-100.236,453.622,0.0,-0.5,1000.0,RETURNING_TO_START,load_zone_22,dump_zone_22,0.00025,0.00067
1490.0,2026-07-02T14:57:48.089,1,656.063,177.242,1.375,0.8333,0.0,GOING_TO_ENDPOINT,dump_zone_3,load_zone_26,0.000255,0.000683
1490.0,2026-07-02T14:57:48.089,2,-107.891,451.935,0.0,-0.1997,1000.0,RETURNING_TO_START,load_zone_22,dump_zone_23,0.00025,0.00067
1490.0,2026-07-02T14:57:48.089,3,-100.236,453.622,0.0,-0.5,1000.0,RETURNING_TO_START,load_zone_22,dump_zone_22,0.00025,0.00067
1491.0,2026-07-02T14:57:52.099,1,655.922,178.145,4.95,1.0,0.0,GOING_TO_ENDPOINT,dump_zone_3,load_zone_26,0.000269,0.000721
1491.0,2026-07-02T14:57:52.099,2,-107.891,451.935,0.0,-0.1997,1000.0,RETURNING_TO_START,load_zone_22,dump_zone_23,0.00025,0.00067
1491.0,2026-07-02T14:57:52.099,3,-100.236,453.622,0.0,-0.5,1000.0,RETURNING_TO_START,load_zone_22,dump_zone_22,0.00025,0.00067
1492.0,2026-07-02T14:57:56.590,1,654.98,179.793,8.55,1.0,0.0,GOING_TO_ENDPOINT,dump_zone_3,load_zone_26,0.000283,0.000758
1492.0,2026-07-02T14:57:56.590,2,-107.891,451.935,0.0,-0.1997,1000.0,RETURNING_TO_START,load_zone_22,dump_zone_23,0.00025,0.00067
1492.0,2026-07-02T14:57:56.590,3,-100.236,453.622,0.0,-0.5,1000.0,RETURNING_TO_START,load_zone_22,dump_zone_22,0.00025,0.00067
1493.0,2026-07-02T14:58:01.392,1,652.609,181.477,12.15,1.0,0.0,GOING_TO_ENDPOINT,dump_zone_3,load_zone_26,0.000297,0.000796
1493.0,2026-07-02T14:58:01.392,2,-107.891,451.935,0.0,-0.1997,1000.0,RETURNING_TO_START,load_zone_22,dump_zone_23,0.00025,0.00067
1493.0,2026-07-02T14:58:01.392,3,-100.236,453.622,0.0,-0.5,1000.0,RETURNING_TO_START,load_zone_22,dump_zone_22,0.00025,0.00067
1494.0,2026-07-02T14:58:06.208,1,649.559,183.913,15.725,0.9167,0.0,GOING_TO_ENDPOINT,dump_zone_3,load_zone_26,0.000307,0.000823
1494.0,2026-07-02T14:58:06.208,2,-107.891,451.935,0.0,-0.1997,1000.0,RETURNING_TO_START,load_zone_22,dump_zone_23,0.00025,0.00067
1494.0,2026-07-02T14:58:06.208,3,-100.236,453.622,0.0,-0.5,1000.0,RETURNING_TO_START,load_zone_22,dump_zone_22,0.00025,0.00067
1495.0,2026-07-02T14:58:10.609,1,647.593,188.051,17.075,-0.0833,0.0,GOING_TO_ENDPOINT,dump_zone_3,load_zone_26,0.000256,0.000686
1495.0,2026-07-02T14:58:10.609,2,-107.891,451.935,0.0,-0.1997,1000.0,RETURNING_TO_START,load_zone_22,dump_zone_23,0.00025,0.00067
1495.0,2026-07-02T14:58:10.609,3,-100.236,453.622,0.0,-0.5,1000.0,RETURNING_TO_START,load_zone_22,dump_zone_22,0.00025,0.00067
1496.0,2026-07-02T14:58:14.968,1,647.458,192.58,15.525,-0.5,0.0,GOING_TO_ENDPOINT,dump_zone_3,load_zone_26,0.00025,0.00067
1496.0,2026-07-02T14:58:14.968,2,-107.891,451.935,0.0,-0.1997,1000.0,RETURNING_TO_START,load_zone_22,dump_zone_23,0.00025,0.00067
1496.0,2026-07-02T14:58:14.968,3,-100.236,453.622,0.0,-0.5,1000.0,RETURNING_TO_START,load_zone_22,dump_zone_22,0.00025,0.00067
1497.0,2026-07-02T14:58:19.091,1,647.495,196.622,13.725,-0.5,0.0,GOING_TO_ENDPOINT,dump_zone_3,load_zone_26,0.00025,0.00067
1497.0,2026-07-02T14:58:19.091,2,-107.891,451.935,0.0,-0.1997,1000.0,RETURNING_TO_START,load_zone_22,dump_zone_23,0.00025,0.00067
1497.0,2026-07-02T14:58:19.091,3,-100.236,453.622,0.0,-0.5,1000.0,RETURNING_TO_START,load_zone_22,dump_zone_22,0.00025,0.00067
1498.0,2026-07-02T14:58:24.820,1,646.979,200.09,12.225,-0.1457,0.0,GOING_TO_ENDPOINT,dump_zone_3,load_zone_26,0.000252,0.000675
1498.0,2026-07-02T14:58:24.820,2,-107.891,451.935,0.0,-0.1997,1000.0,RETURNING_TO_START,load_zone_22,dump_zone_23,0.00025,0.00067
1498.0,2026-07-02T14:58:24.820,3,-100.236,453.622,0.0,-0.5,1000.0,RETURNING_TO_START,load_zone_22,dump_zone_22,0.00025,0.00067
1499.0,2026-07-02T14:58:29.789,1,644.189,202.058,13.651,0.8543,0.0,GOING_TO_ENDPOINT,dump_zone_3,load_zone_26,0.000296,0.000793
1499.0,2026-07-02T14:58:29.789,2,-107.891,451.935,0.0,-0.1997,1000.0,RETURNING_TO_START,load_zone_22,dump_zone_23,0.00025,0.00067
1499.0,2026-07-02T14:58:29.789,3,-100.236,453.622,0.0,-0.5,1000.0,RETURNING_TO_START,load_zone_22,dump_zone_22,0.00025,0.00067
1500.0,2026-07-02T14:58:34.526,1,640.349,200.553,17.232,1.0,0.0,GOING_TO_ENDPOINT,dump_zone_3,load_zone_26,0.000317,0.00085
1500.0,2026-07-02T14:58:34.526,2,-107.891,451.935,0.0,-0.1997,1000.0,RETURNING_TO_START,load_zone_22,dump_zone_23,0.00025,0.00067
1500.0,2026-07-02T14:58:34.526,3,-100.236,453.622,0.0,-0.5,1000.0,RETURNING_TO_START,load_zone_22,dump_zone_22,0.00025,0.00067
1501.0,2026-07-02T14:58:39.843,1,636.543,196.914,20.457,0.5833,0.0,GOING_TO_ENDPOINT,dump_zone_3,load_zone_26,0.000302,0.000809
1501.0,2026-07-02T14:58:39.843,2,-107.891,451.935,0.0,-0.1997,1000.0,RETURNING_TO_START,load_zone_22,dump_zone_23,0.00025,0.00067
1501.0,2026-07-02T14:58:39.843,3,-100.236,453.622,0.0,-0.5,1000.0,RETURNING_TO_START,load_zone_22,dump_zone_22,0.00025,0.00067
1502.0,2026-07-02T14:58:44.809,1,630.976,195.462,20.607,-0.4167,0.0,GOING_TO_ENDPOINT,dump_zone_3,load_zone_26,0.00025,0.00067
1502.0,2026-07-02T14:58:44.809,2,-107.891,451.935,0.0,-0.1997,1000.0,RETURNING_TO_START,load_zone_22,dump_zone_23,0.00025,0.00067
1502.0,2026-07-02T14:58:44.809,3,-100.236,453.622,0.0,-0.5,1000.0,RETURNING_TO_START,load_zone_22,dump_zone_22,0.00025,0.00067
1503.0,2026-07-02T14:58:49.276,1,625.563,194.804,18.807,-0.5,0.0,GOING_TO_ENDPOINT,dump_zone_3,load_zone_26,0.00025,0.00067
1503.0,2026-07-02T14:58:49.276,2,-107.891,451.935,0.0,-0.1997,1000.0,RETURNING_TO_START,load_zone_22,dump_zone_23,0.00025,0.00067
1503.0,2026-07-02T14:58:49.276,3,-100.236,453.622,0.0,-0.5,1000.0,RETURNING_TO_START,load_zone_22,dump_zone_22,0.00025,0.00067
1504.0,2026-07-02T14:58:53.783,1,620.641,194.248,17.007,-0.5,0.0,GOING_TO_ENDPOINT,dump_zone_3,load_zone_26,0.00025,0.00067
1504.0,2026-07-02T14:58:53.783,2,-107.891,451.935,0.0,-0.1997,1000.0,RETURNING_TO_START,load_zone_22,dump_zone_23,0.00025,0.00067
1504.0,2026-07-02T14:58:53.783,3,-100.236,453.622,0.0,-0.5,1000.0,RETURNING_TO_START,load_zone_22,dump_zone_22,0.00025,0.00067
1505.0,2026-07-02T14:58:59.010,1,616.201,193.907,15.207,-0.5,0.0,GOING_TO_ENDPOINT,dump_zone_3,load_zone_26,0.00025,0.00067
1505.0,2026-07-02T14:58:59.010,2,-107.891,451.935,0.0,-0.1997,1000.0,RETURNING_TO_START,load_zone_22,dump_zone_23,0.00025,0.00067
1505.0,2026-07-02T14:58:59.010,3,-100.236,453.622,0.0,-0.5,1000.0,RETURNING_TO_START,load_zone_22,dump_zone_22,0.00025,0.00067
1506.0,2026-07-02T14:59:03.395,1,612.249,193.835,13.407,-0.5,0.0,GOING_TO_ENDPOINT,dump_zone_3,load_zone_26,0.00025,0.00067
1506.0,2026-07-02T14:59:03.395,2,-107.891,451.935,0.0,-0.1997,1000.0,RETURNING_TO_START,load_zone_22,dump_zone_23,0.00025,0.00067
1506.0,2026-07-02T14:59:03.395,3,-100.236,453.622,0.0,-0.5,1000.0,RETURNING_TO_START,load_zone_22,dump_zone_22,0.00025,0.00067
1507.0,2026-07-02T14:59:08.948,1,608.866,194.381,11.607,-0.5,0.0,GOING_TO_ENDPOINT,dump_zone_3,load_zone_26,0.00025,0.00067
1507.0,2026-07-02T14:59:08.948,2,-107.891,451.935,0.0,-0.1997,1000.0,RETURNING_TO_START,load_zone_22,dump_zone_23,0.00025,0.00067
1507.0,2026-07-02T14:59:08.948,3,-100.236,453.622,0.0,-0.5,1000.0,RETURNING_TO_START,load_zone_22,dump_zone_22,0.00025,0.00067
1508.0,2026-07-02T14:59:14.424,1,606.33,195.89,9.807,-0.5,0.0,GOING_TO_ENDPOINT,dump_zone_3,load_zone_26,0.00025,0.00067
1508.0,2026-07-02T14:59:14.424,2,-107.891,451.935,0.0,-0.1997,1000.0,RETURNING_TO_START,load_zone_22,dump_zone_23,0.00025,0.00067
1508.0,2026-07-02T14:59:14.424,3,-100.236,453.622,0.0,-0.5,1000.0,RETURNING_TO_START,load_zone_22,dump_zone_22,0.00025,0.00067
1509.0,2026-07-02T14:59:20.134,1,604.128,196.967,8.007,-0.5,0.0,GOING_TO_ENDPOINT,dump_zone_3,load_zone_26,0.00025,0.00067
1509.0,2026-07-02T14:59:20.134,2,-107.891,451.935,0.0,-0.1997,1000.0,RETURNING_TO_START,load_zone_22,dump_zone_23,0.00025,0.00067
1509.0,2026-07-02T14:59:20.134,3,-100.236,453.622,0.0,-0.5,1000.0,RETURNING_TO_START,load_zone_22,dump_zone_22,0.00025,0.00067
1510.0,2026-07-02T14:59:25.656,1,602.354,197.786,6.232,-0.4167,0.0,GOING_TO_ENDPOINT,dump_zone_3,load_zone_26,0.00025,0.00067
1510.0,2026-07-02T14:59:25.656,2,-107.891,451.935,0.0,-0.1997,1000.0,RETURNING_TO_START,load_zone_22,dump_zone_23,0.00025,0.00067
1510.0,2026-07-02T14:59:25.656,3,-100.236,453.622,0.0,-0.5,1000.0,RETURNING_TO_START,load_zone_22,dump_zone_22,0.00025,0.00067
1511.0,2026-07-02T14:59:31.432,1,601.002,198.386,4.507,-0.5,0.0,GOING_TO_ENDPOINT,dump_zone_3,load_zone_26,0.00025,0.00067
1511.0,2026-07-02T14:59:31.432,2,-107.891,451.935,0.0,-0.1997,1000.0,RETURNING_TO_START,load_zone_22,dump_zone_23,0.00025,0.00067
1511.0,2026-07-02T14:59:31.432,3,-100.236,453.622,0.0,-0.5,1000.0,RETURNING_TO_START,load_zone_22,dump_zone_22,0.00025,0.00067
1512.0,2026-07-02T14:59:36.543,1,600.019,198.564,3.082,-0.0833,0.0,GOING_TO_ENDPOINT,dump_zone_3,load_zone_26,0.000251,0.000673
1512.0,2026-07-02T14:59:36.543,2,-107.891,451.935,0.0,-0.1997,1000.0,RETURNING_TO_START,load_zone_22,dump_zone_23,0.00025,0.00067
1512.0,2026-07-02T14:59:36.543,3,-100.236,453.622,0.0,-0.5,1000.0,RETURNING_TO_START,load_zone_22,dump_zone_22,0.00025,0.00067
1513.0,2026-07-02T14:59:42.309,1,599.095,198.508,3.882,0.5833,0.0,GOING_TO_ENDPOINT,dump_zone_3,load_zone_26,0.00026,0.000697
1513.0,2026-07-02T14:59:42.309,2,-107.891,451.935,0.0,-0.1997,1000.0,RETURNING_TO_START,load_zone_22,dump_zone_23,0.00025,0.00067
1513.0,2026-07-02T14:59:42.309,3,-100.236,453.622,0.0,-0.5,1000.0,RETURNING_TO_START,load_zone_22,dump_zone_22,0.00025,0.00067
1514.0,2026-07-02T14:59:46.427,1,597.659,197.936,7.232,1.0,0.0,GOING_TO_ENDPOINT,dump_zone_3,load_zone_26,0.000278,0.000745
1514.0,2026-07-02T14:59:46.427,2,-107.891,451.935,0.0,-0.1997,1000.0,RETURNING_TO_START,load_zone_22,dump_zone_23,0.00025,0.00067
1514.0,2026-07-02T14:59:46.427,3,-100.236,453.622,0.0,-0.5,1000.0,RETURNING_TO_START,load_zone_22,dump_zone_22,0.00025,0.00067
1515.0,2026-07-02T14:59:50.587,1,596.106,195.969,10.832,1.0,0.0,GOING_TO_ENDPOINT,dump_zone_3,load_zone_26,0.000292,0.000783
1515.0,2026-07-02T14:59:50.587,2,-107.891,451.935,0.0,-0.1997,1000.0,RETURNING_TO_START,load_zone_22,dump_zone_23,0.00025,0.00067
1515.0,2026-07-02T14:59:50.587,3,-100.236,453.622,0.0,-0.5,1000.0,RETURNING_TO_START,load_zone_22,dump_zone_22,0.00025,0.00067
1516.0,2026-07-02T14:59:55.545,1,596.465,192.554,14.432,1.0,0.0,GOING_TO_ENDPOINT,dump_zone_3,load_zone_26,0.000306,0.00082
1516.0,2026-07-02T14:59:55.545,2,-107.891,451.935,0.0,-0.1997,1000.0,RETURNING_TO_START,load_zone_22,dump_zone_23,0.00025,0.00067
1516.0,2026-07-02T14:59:55.545,3,-100.236,453.622,0.0,-0.5,1000.0,RETURNING_TO_START,load_zone_22,dump_zone_22,0.00025,0.00067
1517.0,2026-07-02T15:00:01.076,1,599.25,188.966,18.032,1.0,0.0,GOING_TO_ENDPOINT,dump_zone_3,load_zone_26,0.00032,0.000858
1517.0,2026-07-02T15:00:01.076,2,-107.891,451.935,0.0,-0.1997,1000.0,RETURNING_TO_START,load_zone_22,dump_zone_23,0.00025,0.00067
1517.0,2026-07-02T15:00:01.076,3,-100.236,453.622,0.0,-0.5,1000.0,RETURNING_TO_START,load_zone_22,dump_zone_22,0.00025,0.00067
1518.0,2026-07-02T15:00:05.872,1,601.549,183.927,21.632,1.0,0.0,GOING_TO_ENDPOINT,dump_zone_3,load_zone_26,0.000334,0.000895
1518.0,2026-07-02T15:00:05.872,2,-107.891,451.935,0.0,-0.1997,1000.0,RETURNING_TO_START,load_zone_22,dump_zone_23,0.00025,0.00067
1518.0,2026-07-02T15:00:05.872,3,-100.236,453.622,0.0,-0.5,1000.0,RETURNING_TO_START,load_zone_22,dump_zone_22,0.00025,0.00067
1519.0,2026-07-02T15:00:11.322,1,602.472,177.461,25.232,1.0,0.0,GOING_TO_ENDPOINT,dump_zone_3,load_zone_26,0.000348,0.000933
1519.0,2026-07-02T15:00:11.322,2,-107.891,451.935,0.0,-0.1997,1000.0,RETURNING_TO_START,load_zone_22,dump_zone_23,0.00025,0.00067
1519.0,2026-07-02T15:00:11.322,3,-100.236,453.622,0.0,-0.5,1000.0,RETURNING_TO_START,load_zone_22,dump_zone_22,0.00025,0.00067
1520.0,2026-07-02T15:00:16.916,1,602.504,169.96,28.132,0.4167,0.0,GOING_TO_ENDPOINT,dump_zone_3,load_zone_26,0.000306,0.00082
1520.0,2026-07-02T15:00:16.916,2,-107.891,451.935,0.0,-0.1997,1000.0,RETURNING_TO_START,load_zone_22,dump_zone_23,0.00025,0.00067
1520.0,2026-07-02T15:00:16.916,3,-100.236,453.622,0.0,-0.5,1000.0,RETURNING_TO_START,load_zone_22,dump_zone_22,0.00025,0.00067
1521.0,2026-07-02T15:00:21.837,1,602.499,162.104,28.087,-0.2872,0.0,GOING_TO_ENDPOINT,dump_zone_3,load_zone_26,0.00025,0.00067
1521.0,2026-07-02T15:00:21.837,2,-107.891,451.935,0.0,-0.1997,1000.0,RETURNING_TO_START,load_zone_22,dump_zone_23,0.00025,0.00067
1521.0,2026-07-02T15:00:21.837,3,-100.236,453.622,0.0,-0.5,1000.0,RETURNING_TO_START,load_zone_22,dump_zone_22,0.00025,0.00067
1522.0,2026-07-02T15:00:24.282,1,602.5,154.51,27.04,0.0833,0.0,GOING_TO_ENDPOINT,dump_zone_3,load_zone_26,0.000274,0.000734
1522.0,2026-07-02T15:00:24.282,2,-107.891,451.935,0.0,-0.1997,1000.0,RETURNING_TO_START,load_zone_22,dump_zone_23,0.00025,0.00067
1522.0,2026-07-02T15:00:24.282,3,-100.236,453.622,0.0,-0.5,1000.0,RETURNING_TO_START,load_zone_22,dump_zone_22,0.00025,0.00067
1523.0,2026-07-02T15:00:27.417,1,602.5,146.848,28.14,0.25,0.0,GOING_TO_ENDPOINT,dump_zone_3,load_zone_26,0.000291,0.00078
1523.0,2026-07-02T15:00:27.417,2,-107.891,451.935,0.0,-0.1997,1000.0,RETURNING_TO_START,load_zone_22,dump_zone_23,0.00025,0.00067
1523.0,2026-07-02T15:00:27.417,3,-100.236,453.622,0.0,-0.5,1000.0,RETURNING_TO_START,load_zone_22,dump_zone_22,0.00025,0.00067
1524.0,2026-07-02T15:00:29.778,1,602.5,139.095,27.39,-0.25,0.0,GOING_TO_ENDPOINT,dump_zone_3,load_zone_26,0.00025,0.00067
1524.0,2026-07-02T15:00:29.778,2,-107.891,451.935,0.0,-0.1997,1000.0,RETURNING_TO_START,load_zone_22,dump_zone_23,0.00025,0.00067
1524.0,2026-07-02T15:00:29.778,3,-100.236,453.622,0.0,-0.5,1000.0,RETURNING_TO_START,load_zone_22,dump_zone_22,0.00025,0.00067
1525.0,2026-07-02T15:00:32.269,1,602.5,131.43,28.181,0.4721,0.0,GOING_TO_ENDPOINT,dump_zone_3,load_zone_26,0.000311,0.000833
1525.0,2026-07-02T15:00:32.269,2,-107.891,451.935,0.0,-0.1997,1000.0,RETURNING_TO_START,load_zone_22,dump_zone_23,0.00025,0.00067
1525.0,2026-07-02T15:00:32.269,3,-100.236,453.622,0.0,-0.5,1000.0,RETURNING_TO_START,load_zone_22,dump_zone_22,0.00025,0.00067
1526.0,2026-07-02T15:00:35.204,1,602.5,123.556,27.981,-0.3613,0.0,GOING_TO_ENDPOINT,dump_zone_3,load_zone_26,0.00025,0.00067
1526.0,2026-07-02T15:00:35.204,2,-107.891,451.935,0.0,-0.1997,1000.0,RETURNING_TO_START,load_zone_22,dump_zone_23,0.00025,0.00067
1526.0,2026-07-02T15:00:35.204,3,-100.236,453.622,0.0,-0.5,1000.0,RETURNING_TO_START,load_zone_22,dump_zone_22,0.00025,0.00067
1527.0,2026-07-02T15:00:38.512,1,602.5,115.938,27.054,-0.0247,0.0,GOING_TO_ENDPOINT,dump_zone_3,load_zone_26,0.000265,0.00071
1527.0,2026-07-02T15:00:38.512,2,-107.891,451.935,0.0,-0.1997,1000.0,RETURNING_TO_START,load_zone_22,dump_zone_23,0.00025,0.00067
1527.0,2026-07-02T15:00:38.512,3,-100.236,453.622,0.0,-0.5,1000.0,RETURNING_TO_START,load_zone_22,dump_zone_22,0.00025,0.00067
1528.0,2026-07-02T15:00:41.846,1,602.5,108.368,27.64,0.1672,0.0,GOING_TO_ENDPOINT,dump_zone_3,load_zone_26,0.000282,0.000756
1528.0,2026-07-02T15:00:41.846,2,-107.891,451.935,0.0,-0.1997,1000.0,RETURNING_TO_START,load_zone_22,dump_zone_23,0.00025,0.00067
1528.0,2026-07-02T15:00:41.846,3,-100.236,453.622,0.0,-0.5,1000.0,RETURNING_TO_START,load_zone_22,dump_zone_22,0.00025,0.00067
1529.0,2026-07-02T15:00:45.127,1,602.5,100.602,28.142,0.0422,0.0,GOING_TO_ENDPOINT,dump_zone_3,load_zone_26,0.000272,0.000729
1529.0,2026-07-02T15:00:45.127,2,-107.891,451.935,0.0,-0.1997,1000.0,RETURNING_TO_START,load_zone_22,dump_zone_23,0.00025,0.00067
1529.0,2026-07-02T15:00:45.127,3,-100.236,453.622,0.0,-0.5,1000.0,RETURNING_TO_START,load_zone_22,dump_zone_22,0.00025,0.00067
1530.0,2026-07-02T15:00:47.814,1,602.5,92.722,28.707,0.2506,0.0,GOING_TO_ENDPOINT,dump_zone_3,load_zone_26,0.000291,0.00078
1530.0,2026-07-02T15:00:47.814,2,-107.891,451.935,0.0,-0.1997,1000.0,RETURNING_TO_START,load_zone_22,dump_zone_23,0.00025,0.00067
1530.0,2026-07-02T15:00:47.814,3,-100.236,453.622,0.0,-0.5,1000.0,RETURNING_TO_START,load_zone_22,dump_zone_22,0.00025,0.00067
1531.0,2026-07-02T15:00:50.130,1,602.5,84.731,28.309,-0.4161,0.0,GOING_TO_ENDPOINT,dump_zone_3,load_zone_26,0.00025,0.00067
1531.0,2026-07-02T15:00:50.130,2,-107.891,451.935,0.0,-0.1997,1000.0,RETURNING_TO_START,load_zone_22,dump_zone_23,0.00025,0.00067
1531.0,2026-07-02T15:00:50.130,3,-100.236,453.622,0.0,-0.5,1000.0,RETURNING_TO_START,load_zone_22,dump_zone_22,0.00025,0.00067
1532.0,2026-07-02T15:00:52.918,1,602.5,76.956,28.068,0.1698,0.0,GOING_TO_ENDPOINT,dump_zone_3,load_zone_26,0.000283,0.000758
1532.0,2026-07-02T15:00:52.918,2,-107.891,451.935,0.0,-0.1997,1000.0,RETURNING_TO_START,load_zone_22,dump_zone_23,0.00025,0.00067
1532.0,2026-07-02T15:00:52.918,3,-100.236,453.622,0.0,-0.5,1000.0,RETURNING_TO_START,load_zone_22,dump_zone_22,0.00025,0.00067
1533.0,2026-07-02T15:00:55.508,1,602.5,69.131,28.189,-0.1856,0.0,GOING_TO_ENDPOINT,dump_zone_3,load_zone_26,0.000251,0.000673
1533.0,2026-07-02T15:00:55.508,2,-107.891,451.935,0.0,-0.1997,1000.0,RETURNING_TO_START,load_zone_22,dump_zone_23,0.00025,0.00067
1533.0,2026-07-02T15:00:55.508,3,-100.236,453.622,0.0,-0.5,1000.0,RETURNING_TO_START,load_zone_22,dump_zone_22,0.00025,0.00067
1534.0,2026-07-02T15:00:58.085,1,602.5,61.504,27.019,-0.027,0.0,GOING_TO_ENDPOINT,dump_zone_3,load_zone_26,0.000265,0.00071
1534.0,2026-07-02T15:00:58.085,2,-107.891,451.935,0.0,-0.1997,1000.0,RETURNING_TO_START,load_zone_22,dump_zone_23,0.00025,0.00067
1534.0,2026-07-02T15:00:58.085,3,-100.236,453.622,0.0,-0.5,1000.0,RETURNING_TO_START,load_zone_22,dump_zone_22,0.00025,0.00067
1535.0,2026-07-02T15:01:00.918,1,602.5,53.826,28.429,0.3933,0.0,GOING_TO_ENDPOINT,dump_zone_3,load_zone_26,0.000304,0.000815
1535.0,2026-07-02T15:01:00.918,2,-107.891,451.935,0.0,-0.1997,1000.0,RETURNING_TO_START,load_zone_22,dump_zone_23,0.00025,0.00067
1535.0,2026-07-02T15:01:00.918,3,-100.236,453.622,0.0,-0.5,1000.0,RETURNING_TO_START,load_zone_22,dump_zone_22,0.00025,0.00067
1536.0,2026-07-02T15:01:06.323,1,602.5,45.884,28.544,0.0716,0.0,GOING_TO_ENDPOINT,dump_zone_3,load_zone_26,0.000275,0.000737
1536.0,2026-07-02T15:01:06.323,2,-107.891,451.935,0.0,-0.1997,1000.0,RETURNING_TO_START,load_zone_22,dump_zone_23,0.00025,0.00067
1536.0,2026-07-02T15:01:06.323,3,-100.236,453.622,0.0,-0.5,1000.0,RETURNING_TO_START,load_zone_22,dump_zone_22,0.00025,0.00067
1537.0,2026-07-02T15:01:11.752,1,602.5,38.025,27.766,-0.25,0.0,GOING_TO_ENDPOINT,dump_zone_3,load_zone_26,0.00025,0.00067
1537.0,2026-07-02T15:01:11.752,2,-107.891,451.935,0.0,-0.1997,1000.0,RETURNING_TO_START,load_zone_22,dump_zone_23,0.00025,0.00067
1537.0,2026-07-02T15:01:11.752,3,-100.236,453.622,0.0,-0.5,1000.0,RETURNING_TO_START,load_zone_22,dump_zone_22,0.00025,0.00067
1538.0,2026-07-02T15:01:16.978,1,602.5,30.238,28.766,0.5833,0.0,GOING_TO_ENDPOINT,dump_zone_3,load_zone_26,0.000322,0.000863
1538.0,2026-07-02T15:01:16.978,2,-107.891,451.935,0.0,-0.1997,1000.0,RETURNING_TO_START,load_zone_22,dump_zone_23,0.00025,0.00067
1538.0,2026-07-02T15:01:16.978,3,-100.236,453.622,0.0,-0.5,1000.0,RETURNING_TO_START,load_zone_22,dump_zone_22,0.00025,0.00067
1539.0,2026-07-02T15:01:22.036,1,602.5,22.142,28.916,-0.4167,0.0,GOING_TO_ENDPOINT,dump_zone_3,load_zone_26,0.00025,0.00067
1539.0,2026-07-02T15:01:22.036,2,-107.891,451.935,0.0,-0.1997,1000.0,RETURNING_TO_START,load_zone_22,dump_zone_23,0.00025,0.00067
1539.0,2026-07-02T15:01:22.036,3,-100.236,453.622,0.0,-0.5,1000.0,RETURNING_TO_START,load_zone_22,dump_zone_22,0.00025,0.00067
1540.0,2026-07-02T15:01:27.630,1,602.5,14.348,27.554,-0.0833,0.0,GOING_TO_ENDPOINT,dump_zone_3,load_zone_26,0.00026,0.000697
1540.0,2026-07-02T15:01:27.630,2,-107.891,451.935,0.0,-0.1997,1000.0,RETURNING_TO_START,load_zone_22,dump_zone_23,0.00025,0.00067
1540.0,2026-07-02T15:01:27.630,3,-100.236,453.622,0.0,-0.5,1000.0,RETURNING_TO_START,load_zone_22,dump_zone_22,0.00025,0.00067
1541.0,2026-07-02T15:01:33.031,1,602.5,6.604,28.193,0.1079,0.0,GOING_TO_ENDPOINT,dump_zone_3,load_zone_26,0.000278,0.000745
1541.0,2026-07-02T15:01:33.031,2,-107.891,451.935,0.0,-0.1997,1000.0,RETURNING_TO_START,load_zone_22,dump_zone_23,0.00025,0.00067
1541.0,2026-07-02T15:01:33.031,3,-100.236,453.622,0.0,-0.5,1000.0,RETURNING_TO_START,load_zone_22,dump_zone_22,0.00025,0.00067
1542.0,2026-07-02T15:01:38.263,1,602.5,-1.171,27.981,0.1079,0.0,GOING_TO_ENDPOINT,dump_zone_3,load_zone_26,0.000278,0.000745
1542.0,2026-07-02T15:01:38.263,2,-107.891,451.935,0.0,-0.1997,1000.0,RETURNING_TO_START,load_zone_22,dump_zone_23,0.00025,0.00067
1542.0,2026-07-02T15:01:38.263,3,-100.236,453.622,0.0,-0.5,1000.0,RETURNING_TO_START,load_zone_22,dump_zone_22,0.00025,0.00067
1543.0,2026-07-02T15:01:43.796,1,602.5,-8.887,27.769,0.1079,0.0,GOING_TO_ENDPOINT,dump_zone_3,load_zone_26,0.000277,0.000742
1543.0,2026-07-02T15:01:43.796,2,-107.891,451.935,0.0,-0.1997,1000.0,RETURNING_TO_START,load_zone_22,dump_zone_23,0.00025,0.00067
1543.0,2026-07-02T15:01:43.796,3,-100.236,453.622,0.0,-0.5,1000.0,RETURNING_TO_START,load_zone_22,dump_zone_22,0.00025,0.00067
1544.0,2026-07-02T15:01:49.603,1,602.5,-16.679,28.535,0.4012,0.0,GOING_TO_ENDPOINT,dump_zone_3,load_zone_26,0.000305,0.000817
1544.0,2026-07-02T15:01:49.603,2,-107.891,451.935,0.0,-0.1997,1000.0,RETURNING_TO_START,load_zone_22,dump_zone_23,0.00025,0.00067
1544.0,2026-07-02T15:01:49.603,3,-100.236,453.622,0.0,-0.5,1000.0,RETURNING_TO_START,load_zone_22,dump_zone_22,0.00025,0.00067
1545.0,2026-07-02T15:01:55.070,1,602.5,-24.64,28.41,-0.2818,0.0,GOING_TO_ENDPOINT,dump_zone_3,load_zone_26,0.00025,0.00067
1545.0,2026-07-02T15:01:55.070,2,-107.891,451.935,0.0,-0.1997,1000.0,RETURNING_TO_START,load_zone_22,dump_zone_23,0.00025,0.00067
1545.0,2026-07-02T15:01:55.070,3,-100.236,453.622,0.0,-0.5,1000.0,RETURNING_TO_START,load_zone_22,dump_zone_22,0.00025,0.00067
1546.0,2026-07-02T15:02:00.760,1,602.5,-32.371,27.741,0.0833,0.0,GOING_TO_ENDPOINT,dump_zone_3,load_zone_26,0.000275,0.000737
1546.0,2026-07-02T15:02:00.760,2,-107.891,451.935,0.0,-0.1997,1000.0,RETURNING_TO_START,load_zone_22,dump_zone_23,0.00025,0.00067
1546.0,2026-07-02T15:02:00.760,3,-100.236,453.622,0.0,-0.5,1000.0,RETURNING_TO_START,load_zone_22,dump_zone_22,0.00025,0.00067
1547.0,2026-07-02T15:02:06.184,1,602.5,-40.145,27.991,-0.25,0.0,GOING_TO_ENDPOINT,dump_zone_3,load_zone_26,0.00025,0.00067
1547.0,2026-07-02T15:02:06.184,2,-107.891,451.935,0.0,-0.1997,1000.0,RETURNING_TO_START,load_zone_22,dump_zone_23,0.00025,0.00067
1547.0,2026-07-02T15:02:06.184,3,-100.236,453.622,0.0,-0.5,1000.0,RETURNING_TO_START,load_zone_22,dump_zone_22,0.00025,0.00067
1548.0,2026-07-02T15:02:11.339,1,602.5,-47.844,27.78,0.0283,0.0,GOING_TO_ENDPOINT,dump_zone_3,load_zone_26,0.00027,0.000724
1548.0,2026-07-02T15:02:11.339,2,-107.891,451.935,0.0,-0.1997,1000.0,RETURNING_TO_START,load_zone_22,dump_zone_23,0.00025,0.00067
1548.0,2026-07-02T15:02:11.339,3,-100.236,453.622,0.0,-0.5,1000.0,RETURNING_TO_START,load_zone_22,dump_zone_22,0.00025,0.00067
1549.0,2026-07-02T15:02:16.907,1,602.5,-55.536,27.734,-0.0874,0.0,GOING_TO_ENDPOINT,dump_zone_3,load_zone_26,0.00026,0.000697
1549.0,2026-07-02T15:02:16.907,2,-107.891,451.935,0.0,-0.1997,1000.0,RETURNING_TO_START,load_zone_22,dump_zone_23,0.00025,0.00067
1549.0,2026-07-02T15:02:16.907,3,-100.236,453.622,0.0,-0.5,1000.0,RETURNING_TO_START,load_zone_22,dump_zone_22,0.00025,0.00067
1550.0,2026-07-02T15:02:22.435,1,602.5,-63.256,27.83,-0.1894,0.0,GOING_TO_ENDPOINT,dump_zone_3,load_zone_26,0.000251,0.000673
1550.0,2026-07-02T15:02:22.435,2,-107.891,451.935,0.0,-0.1997,1000.0,RETURNING_TO_START,load_zone_22,dump_zone_23,0.00025,0.00067
1550.0,2026-07-02T15:02:22.435,3,-100.236,453.622,0.0,-0.5,1000.0,RETURNING_TO_START,load_zone_22,dump_zone_22,0.00025,0.00067
1551.0,2026-07-02T15:02:27.108,1,602.5,-70.75,26.159,-0.5,0.0,GOING_TO_ENDPOINT,dump_zone_3,load_zone_26,0.00025,0.00067
1551.0,2026-07-02T15:02:27.108,2,-107.891,451.935,0.0,-0.1997,1000.0,RETURNING_TO_START,load_zone_22,dump_zone_23,0.00025,0.00067
1551.0,2026-07-02T15:02:27.108,3,-100.236,453.622,0.0,-0.5,1000.0,RETURNING_TO_START,load_zone_22,dump_zone_22,0.00025,0.00067
1552.0,2026-07-02T15:02:30.533,1,602.5,-77.746,24.359,-0.5,0.0,GOING_TO_ENDPOINT,dump_zone_3,load_zone_26,0.00025,0.00067
1552.0,2026-07-02T15:02:30.533,2,-107.891,451.935,0.0,-0.1997,1000.0,RETURNING_TO_START,load_zone_22,dump_zone_23,0.00025,0.00067
1552.0,2026-07-02T15:02:30.533,3,-100.236,453.622,0.0,-0.5,1000.0,RETURNING_TO_START,load_zone_22,dump_zone_22,0.00025,0.00067
1553.0,2026-07-02T15:02:33.532,1,602.5,-84.241,22.559,-0.5,0.0,GOING_TO_ENDPOINT,dump_zone_3,load_zone_26,0.00025,0.00067
1553.0,2026-07-02T15:02:33.532,2,-107.891,451.935,0.0,-0.1997,1000.0,RETURNING_TO_START,load_zone_22,dump_zone_23,0.00025,0.00067
1553.0,2026-07-02T15:02:33.532,3,-100.236,453.622,0.0,-0.5,1000.0,RETURNING_TO_START,load_zone_22,dump_zone_22,0.00025,0.00067
1554.0,2026-07-02T15:02:37.568,1,602.5,-90.237,20.759,-0.5,0.0,GOING_TO_ENDPOINT,dump_zone_3,load_zone_26,0.00025,0.00067
1554.0,2026-07-02T15:02:37.568,2,-107.891,451.935,0.0,-0.1997,1000.0,RETURNING_TO_START,load_zone_22,dump_zone_23,0.00025,0.00067
1554.0,2026-07-02T15:02:37.568,3,-100.236,453.622,0.0,-0.5,1000.0,RETURNING_TO_START,load_zone_22,dump_zone_22,0.00025,0.00067
1555.0,2026-07-02T15:02:41.489,1,602.5,-95.733,18.959,-0.5,0.0,GOING_TO_ENDPOINT,dump_zone_3,load_zone_26,0.00025,0.00067
1555.0,2026-07-02T15:02:41.489,2,-107.891,451.935,0.0,-0.1997,1000.0,RETURNING_TO_START,load_zone_22,dump_zone_23,0.00025,0.00067
1555.0,2026-07-02T15:02:41.489,3,-100.236,453.622,0.0,-0.5,1000.0,RETURNING_TO_START,load_zone_22,dump_zone_22,0.00025,0.00067
1556.0,2026-07-02T15:02:44.777,1,603.539,-100.519,17.859,0.0833,0.0,GOING_TO_ENDPOINT,dump_zone_3,load_zone_26,0.000266,0.000713
1556.0,2026-07-02T15:02:44.777,2,-107.891,451.935,0.0,-0.1997,1000.0,RETURNING_TO_START,load_zone_22,dump_zone_23,0.00025,0.00067
1556.0,2026-07-02T15:02:44.777,3,-100.236,453.622,0.0,-0.5,1000.0,RETURNING_TO_START,load_zone_22,dump_zone_22,0.00025,0.00067
1557.0,2026-07-02T15:02:49.317,1,608.314,-101.383,20.084,1.0,0.0,GOING_TO_ENDPOINT,dump_zone_3,load_zone_26,0.000328,0.000879
1557.0,2026-07-02T15:02:49.317,2,-107.891,451.935,0.0,-0.1997,1000.0,RETURNING_TO_START,load_zone_22,dump_zone_23,0.00025,0.00067
1557.0,2026-07-02T15:02:49.317,3,-100.236,453.622,0.0,-0.5,1000.0,RETURNING_TO_START,load_zone_22,dump_zone_22,0.00025,0.00067
1558.0,2026-07-02T15:02:56.326,1,613.483,-98.172,23.309,0.5833,0.0,GOING_TO_ENDPOINT,dump_zone_3,load_zone_26,0.000309,0.000828
1558.0,2026-07-02T15:02:56.326,2,-107.891,451.935,0.0,-0.1997,1000.0,RETURNING_TO_START,load_zone_22,dump_zone_23,0.00025,0.00067
1558.0,2026-07-02T15:02:56.326,3,-100.236,453.622,0.0,-0.5,1000.0,RETURNING_TO_START,load_zone_22,dump_zone_22,0.00025,0.00067
1559.0,2026-07-02T15:03:01.030,1,619.963,-97.379,23.459,-0.4167,0.0,GOING_TO_ENDPOINT,dump_zone_3,load_zone_26,0.00025,0.00067
1559.0,2026-07-02T15:03:01.030,2,-107.891,451.935,0.0,-0.1997,1000.0,RETURNING_TO_START,load_zone_22,dump_zone_23,0.00025,0.00067
1559.0,2026-07-02T15:03:01.030,3,-100.236,453.622,0.0,-0.5,1000.0,RETURNING_TO_START,load_zone_22,dump_zone_22,0.00025,0.00067
1560.0,2026-07-02T15:03:05.315,1,626.208,-97.473,21.659,-0.5,0.0,GOING_TO_ENDPOINT,dump_zone_3,load_zone_26,0.00025,0.00067
1560.0,2026-07-02T15:03:05.315,2,-107.891,451.935,0.0,-0.1997,1000.0,RETURNING_TO_START,load_zone_22,dump_zone_23,0.00025,0.00067
1560.0,2026-07-02T15:03:05.315,3,-100.236,453.622,0.0,-0.5,1000.0,RETURNING_TO_START,load_zone_22,dump_zone_22,0.00025,0.00067
1561.0,2026-07-02T15:03:09.863,1,631.954,-97.499,19.859,-0.5,0.0,GOING_TO_ENDPOINT,dump_zone_3,load_zone_26,0.00025,0.00067
1561.0,2026-07-02T15:03:09.863,2,-107.891,451.935,0.0,-0.1997,1000.0,RETURNING_TO_START,load_zone_22,dump_zone_23,0.00025,0.00067
1561.0,2026-07-02T15:03:09.863,3,-100.236,453.622,0.0,-0.5,1000.0,RETURNING_TO_START,load_zone_22,dump_zone_22,0.00025,0.00067
1562.0,2026-07-02T15:03:14.214,1,637.2,-97.5,18.059,-0.5,0.0,GOING_TO_ENDPOINT,dump_zone_3,load_zone_26,0.00025,0.00067
1562.0,2026-07-02T15:03:14.214,2,-107.891,451.935,0.0,-0.1997,1000.0,RETURNING_TO_START,load_zone_22,dump_zone_23,0.00025,0.00067
1562.0,2026-07-02T15:03:14.214,3,-100.236,453.622,0.0,-0.5,1000.0,RETURNING_TO_START,load_zone_22,dump_zone_22,0.00025,0.00067
1563.0,2026-07-02T15:03:18.439,1,641.945,-97.5,16.259,-0.5,0.0,GOING_TO_ENDPOINT,dump_zone_3,load_zone_26,0.00025,0.00067
1563.0,2026-07-02T15:03:18.439,2,-107.891,451.935,0.0,-0.1997,1000.0,RETURNING_TO_START,load_zone_22,dump_zone_23,0.00025,0.00067
1563.0,2026-07-02T15:03:18.439,3,-100.236,453.622,0.0,-0.5,1000.0,RETURNING_TO_START,load_zone_22,dump_zone_22,0.00025,0.00067
1564.0,2026-07-02T15:03:23.525,1,646.191,-97.5,14.459,-0.5,0.0,GOING_TO_ENDPOINT,dump_zone_3,load_zone_26,0.00025,0.00067
1564.0,2026-07-02T15:03:23.525,2,-107.891,451.935,0.0,-0.1997,1000.0,RETURNING_TO_START,load_zone_22,dump_zone_23,0.00025,0.00067
1564.0,2026-07-02T15:03:23.525,3,-100.236,453.622,0.0,-0.5,1000.0,RETURNING_TO_START,load_zone_22,dump_zone_22,0.00025,0.00067
1565.0,2026-07-02T15:03:29.010,1,649.918,-97.753,12.659,-0.5,0.0,GOING_TO_ENDPOINT,dump_zone_3,load_zone_26,0.00025,0.00067
1565.0,2026-07-02T15:03:29.010,2,-107.891,451.935,0.0,-0.1997,1000.0,RETURNING_TO_START,load_zone_22,dump_zone_23,0.00025,0.00067
1565.0,2026-07-02T15:03:29.010,3,-100.236,453.622,0.0,-0.5,1000.0,RETURNING_TO_START,load_zone_22,dump_zone_22,0.00025,0.00067
1566.0,2026-07-02T15:03:33.830,1,652.757,-99.265,10.884,-0.4167,0.0,GOING_TO_ENDPOINT,dump_zone_3,load_zone_26,0.00025,0.00067
1566.0,2026-07-02T15:03:33.830,2,-107.891,451.935,0.0,-0.1997,1000.0,RETURNING_TO_START,load_zone_22,dump_zone_23,0.00025,0.00067
1566.0,2026-07-02T15:03:33.830,3,-100.236,453.622,0.0,-0.5,1000.0,RETURNING_TO_START,load_zone_22,dump_zone_22,0.00025,0.00067
1567.0,2026-07-02T15:03:37.796,1,654.966,-101.306,11.334,0.5833,0.0,GOING_TO_ENDPOINT,dump_zone_3,load_zone_26,0.000279,0.000748
1567.0,2026-07-02T15:03:37.796,2,-107.891,451.935,0.0,-0.1997,1000.0,RETURNING_TO_START,load_zone_22,dump_zone_23,0.00025,0.00067
1567.0,2026-07-02T15:03:37.796,3,-100.236,453.622,0.0,-0.5,1000.0,RETURNING_TO_START,load_zone_22,dump_zone_22,0.00025,0.00067
1568.0,2026-07-02T15:03:41.926,1,657.515,-103.885,14.684,1.0,0.0,GOING_TO_ENDPOINT,dump_zone_3,load_zone_26,0.000307,0.000823
1568.0,2026-07-02T15:03:41.926,2,-107.891,451.935,0.0,-0.1997,1000.0,RETURNING_TO_START,load_zone_22,dump_zone_23,0.00025,0.00067
1568.0,2026-07-02T15:03:41.926,3,-100.236,453.622,0.0,-0.5,1000.0,RETURNING_TO_START,load_zone_22,dump_zone_22,0.00025,0.00067
1569.0,2026-07-02T15:03:45.865,1,660.745,-107.189,18.284,1.0,0.0,GOING_TO_ENDPOINT,dump_zone_3,load_zone_26,0.000321,0.00086
1569.0,2026-07-02T15:03:45.865,2,-107.891,451.935,0.0,-0.1997,1000.0,RETURNING_TO_START,load_zone_22,dump_zone_23,0.00025,0.00067
1569.0,2026-07-02T15:03:45.865,3,-100.236,453.622,0.0,-0.5,1000.0,RETURNING_TO_START,load_zone_22,dump_zone_22,0.00025,0.00067
1570.0,2026-07-02T15:03:48.691,1,664.709,-111.175,21.884,1.0,0.0,GOING_TO_ENDPOINT,dump_zone_3,load_zone_26,0.000335,0.000898
1570.0,2026-07-02T15:03:48.691,2,-107.891,451.935,0.0,-0.1997,1000.0,RETURNING_TO_START,load_zone_22,dump_zone_23,0.00025,0.00067
1570.0,2026-07-02T15:03:48.691,3,-100.236,453.622,0.0,-0.5,1000.0,RETURNING_TO_START,load_zone_22,dump_zone_22,0.00025,0.00067
1571.0,2026-07-02T15:03:54.261,1,669.391,-115.856,25.484,1.0,0.0,GOING_TO_ENDPOINT,dump_zone_3,load_zone_26,0.000349,0.000935
1571.0,2026-07-02T15:03:54.261,2,-107.891,451.935,0.0,-0.1997,1000.0,RETURNING_TO_START,load_zone_22,dump_zone_23,0.00025,0.00067
1571.0,2026-07-02T15:03:54.261,3,-100.236,453.622,0.0,-0.5,1000.0,RETURNING_TO_START,load_zone_22,dump_zone_22,0.00025,0.00067
1572.0,2026-07-02T15:04:01.172,1,674.727,-121.192,28.26,0.4064,0.0,GOING_TO_ENDPOINT,dump_zone_3,load_zone_26,0.000305,0.000817
1572.0,2026-07-02T15:04:01.172,2,-107.891,451.935,0.0,-0.1997,1000.0,RETURNING_TO_START,load_zone_22,dump_zone_23,0.00025,0.00067
1572.0,2026-07-02T15:04:01.172,3,-100.236,453.622,0.0,-0.5,1000.0,RETURNING_TO_START,load_zone_22,dump_zone_22,0.00025,0.00067
1573.0,2026-07-02T15:04:04.792,1,680.285,-126.749,27.804,-0.5,0.0,GOING_TO_ENDPOINT,dump_zone_3,load_zone_26,0.00025,0.00067
1573.0,2026-07-02T15:04:04.792,2,-107.891,451.935,0.0,-0.1997,1000.0,RETURNING_TO_START,load_zone_22,dump_zone_23,0.00025,0.00067
1573.0,2026-07-02T15:04:04.792,3,-100.236,453.622,0.0,-0.5,1000.0,RETURNING_TO_START,load_zone_22,dump_zone_22,0.00025,0.00067
1574.0,2026-07-02T15:04:08.170,1,685.555,-132.019,26.004,-0.5,0.0,GOING_TO_ENDPOINT,dump_zone_3,load_zone_26,0.00025,0.00067
1574.0,2026-07-02T15:04:08.170,2,-107.891,451.935,0.0,-0.1997,1000.0,RETURNING_TO_START,load_zone_22,dump_zone_23,0.00025,0.00067
1574.0,2026-07-02T15:04:08.170,3,-100.236,453.622,0.0,-0.5,1000.0,RETURNING_TO_START,load_zone_22,dump_zone_22,0.00025,0.00067
1575.0,2026-07-02T15:04:12.731,1,690.471,-136.935,24.204,-0.5,0.0,GOING_TO_ENDPOINT,dump_zone_3,load_zone_26,0.00025,0.00067
1575.0,2026-07-02T15:04:12.731,2,-107.891,451.935,0.0,-0.1997,1000.0,RETURNING_TO_START,load_zone_22,dump_zone_23,0.00025,0.00067
1575.0,2026-07-02T15:04:12.731,3,-100.236,453.622,0.0,-0.5,1000.0,RETURNING_TO_START,load_zone_22,dump_zone_22,0.00025,0.00067
1576.0,2026-07-02T15:04:17.871,1,695.034,-141.497,22.404,-0.5,0.0,GOING_TO_ENDPOINT,dump_zone_3,load_zone_26,0.00025,0.00067
1576.0,2026-07-02T15:04:17.871,2,-107.891,451.935,0.0,-0.1997,1000.0,RETURNING_TO_START,load_zone_22,dump_zone_23,0.00025,0.00067
1576.0,2026-07-02T15:04:17.871,3,-100.236,453.622,0.0,-0.5,1000.0,RETURNING_TO_START,load_zone_22,dump_zone_22,0.00025,0.00067
1577.0,2026-07-02T15:04:22.208,1,699.242,-145.707,20.604,-0.5,0.0,GOING_TO_ENDPOINT,dump_zone_3,load_zone_26,0.00025,0.00067
1577.0,2026-07-02T15:04:22.208,2,-107.891,451.935,0.0,-0.1997,1000.0,RETURNING_TO_START,load_zone_22,dump_zone_23,0.00025,0.00067
1577.0,2026-07-02T15:04:22.208,3,-100.236,453.622,0.0,-0.5,1000.0,RETURNING_TO_START,load_zone_22,dump_zone_22,0.00025,0.00067
1578.0,2026-07-02T15:04:26.749,1,702.644,-149.948,18.804,-0.5,0.0,GOING_TO_ENDPOINT,dump_zone_3,load_zone_26,0.00025,0.00067
1578.0,2026-07-02T15:04:26.749,2,-107.891,451.935,0.0,-0.1997,1000.0,RETURNING_TO_START,load_zone_22,dump_zone_23,0.00025,0.00067
1578.0,2026-07-02T15:04:26.749,3,-100.236,453.622,0.0,-0.5,1000.0,RETURNING_TO_START,load_zone_22,dump_zone_22,0.00025,0.00067
1579.0,2026-07-02T15:04:31.929,1,702.978,-154.795,17.704,0.0833,0.0,GOING_TO_ENDPOINT,dump_zone_3,load_zone_26,0.000266,0.000713
1579.0,2026-07-02T15:04:31.929,2,-107.891,451.935,0.0,-0.1997,1000.0,RETURNING_TO_START,load_zone_22,dump_zone_23,0.00025,0.00067
1579.0,2026-07-02T15:04:31.929,3,-100.236,453.622,0.0,-0.5,1000.0,RETURNING_TO_START,load_zone_22,dump_zone_22,0.00025,0.00067
1580.0,2026-07-02T15:04:37.709,1,702.508,-159.743,18.204,0.25,0.0,GOING_TO_ENDPOINT,dump_zone_3,load_zone_26,0.000276,0.00074
1580.0,2026-07-02T15:04:37.709,2,-107.891,451.935,0.0,-0.1997,1000.0,RETURNING_TO_START,load_zone_22,dump_zone_23,0.00025,0.00067
1580.0,2026-07-02T15:04:37.709,3,-100.236,453.622,0.0,-0.5,1000.0,RETURNING_TO_START,load_zone_22,dump_zone_22,0.00025,0.00067
1581.0,2026-07-02T15:04:42.354,1,702.492,-164.862,18.18,-0.4245,0.0,GOING_TO_ENDPOINT,dump_zone_3,load_zone_26,0.00025,0.00067
1581.0,2026-07-02T15:04:42.354,2,-107.891,451.935,0.0,-0.1997,1000.0,RETURNING_TO_START,load_zone_22,dump_zone_23,0.00025,0.00067
1581.0,2026-07-02T15:04:42.354,3,-100.236,453.622,0.0,-0.5,1000.0,RETURNING_TO_START,load_zone_22,dump_zone_22,0.00025,0.00067
1582.0,2026-07-02T15:04:49.558,1,702.5,-169.641,16.38,-0.5,0.0,GOING_TO_ENDPOINT,dump_zone_3,load_zone_26,0.00025,0.00067
1582.0,2026-07-02T15:04:49.558,2,-107.891,451.935,0.0,-0.1997,1000.0,RETURNING_TO_START,load_zone_22,dump_zone_23,0.00025,0.00067
1582.0,2026-07-02T15:04:49.558,3,-100.236,453.622,0.0,-0.5,1000.0,RETURNING_TO_START,load_zone_22,dump_zone_22,0.00025,0.00067
1583.0,2026-07-02T15:04:55.751,1,702.5,-173.92,14.58,-0.5,0.0,GOING_TO_ENDPOINT,dump_zone_3,load_zone_26,0.00025,0.00067
1583.0,2026-07-02T15:04:55.751,2,-107.891,451.935,0.0,-0.1997,1000.0,RETURNING_TO_START,load_zone_22,dump_zone_23,0.00025,0.00067
1583.0,2026-07-02T15:04:55.751,3,-100.236,453.622,0.0,-0.5,1000.0,RETURNING_TO_START,load_zone_22,dump_zone_22,0.00025,0.00067
1584.0,2026-07-02T15:05:01.155,1,702.5,-177.699,12.78,-0.5,0.0,GOING_TO_ENDPOINT,dump_zone_3,load_zone_26,0.00025,0.00067
1584.0,2026-07-02T15:05:01.155,2,-107.891,451.935,0.0,-0.1997,1000.0,RETURNING_TO_START,load_zone_22,dump_zone_23,0.00025,0.00067
1584.0,2026-07-02T15:05:01.155,3,-100.236,453.622,0.0,-0.5,1000.0,RETURNING_TO_START,load_zone_22,dump_zone_22,0.00025,0.00067
1585.0,2026-07-02T15:05:05.144,1,702.5,-180.978,10.98,-0.5,0.0,GOING_TO_ENDPOINT,dump_zone_3,load_zone_26,0.00025,0.00067
1585.0,2026-07-02T15:05:05.144,2,-107.891,451.935,0.0,-0.1997,1000.0,RETURNING_TO_START,load_zone_22,dump_zone_23,0.00025,0.00067
1585.0,2026-07-02T15:05:05.144,3,-100.236,453.622,0.0,-0.5,1000.0,RETURNING_TO_START,load_zone_22,dump_zone_22,0.00025,0.00067
1586.0,2026-07-02T15:05:10.666,1,702.5,-183.775,9.413,-0.3542,0.0,GOING_TO_ENDPOINT,dump_zone_3,load_zone_26,0.00025,0.00067
1586.0,2026-07-02T15:05:10.666,2,-107.891,451.935,0.0,-0.1997,1000.0,RETURNING_TO_START,load_zone_22,dump_zone_23,0.00025,0.00067
1586.0,2026-07-02T15:05:10.666,3,-100.236,453.622,0.0,-0.5,1000.0,RETURNING_TO_START,load_zone_22,dump_zone_22,0.00025,0.00067
1587.0,2026-07-02T15:05:17.014,1,702.5,-186.124,7.657,-0.4167,0.0,GOING_TO_ENDPOINT,dump_zone_3,load_zone_26,0.00025,0.00067
1587.0,2026-07-02T15:05:17.014,2,-107.891,451.935,0.0,-0.1997,1000.0,RETURNING_TO_START,load_zone_22,dump_zone_23,0.00025,0.00067
1587.0,2026-07-02T15:05:17.014,3,-100.236,453.622,0.0,-0.5,1000.0,RETURNING_TO_START,load_zone_22,dump_zone_22,0.00025,0.00067
1588.0,2026-07-02T15:05:22.647,1,702.5,-188.001,5.938,-0.5,0.0,GOING_TO_ENDPOINT,dump_zone_3,load_zone_26,0.00025,0.00067
1588.0,2026-07-02T15:05:22.647,2,-107.891,451.935,0.0,-0.1997,1000.0,RETURNING_TO_START,load_zone_22,dump_zone_23,0.00025,0.00067
1588.0,2026-07-02T15:05:22.647,3,-100.236,453.622,0.0,-0.5,1000.0,RETURNING_TO_START,load_zone_22,dump_zone_22,0.00025,0.00067
1589.0,2026-07-02T15:05:27.441,1,702.432,-189.379,4.147,-0.5,0.0,GOING_TO_ENDPOINT,dump_zone_3,load_zone_26,0.00025,0.00067
1589.0,2026-07-02T15:05:27.441,2,-107.891,451.935,0.0,-0.1997,1000.0,RETURNING_TO_START,load_zone_22,dump_zone_23,0.00025,0.00067
1589.0,2026-07-02T15:05:27.441,3,-100.236,453.622,0.0,-0.5,1000.0,RETURNING_TO_START,load_zone_22,dump_zone_22,0.00025,0.00067
1590.0,2026-07-02T15:05:30.946,1,702.475,-190.257,2.347,-0.5,0.0,LOADING,dump_zone_3,load_zone_26,0.00025,0.00067
1590.0,2026-07-02T15:05:30.946,2,-107.891,451.935,0.0,-0.1997,1000.0,RETURNING_TO_START,load_zone_22,dump_zone_23,0.00025,0.00067
1590.0,2026-07-02T15:05:30.946,3,-100.236,453.622,0.0,-0.5,1000.0,RETURNING_TO_START,load_zone_22,dump_zone_22,0.00025,0.00067
1591.0,2026-07-02T15:05:34.243,1,702.552,-190.631,0.547,-0.5,0.0,LOADING,dump_zone_3,load_zone_26,0.00025,0.00067
1591.0,2026-07-02T15:05:34.243,2,-107.891,451.935,0.0,-0.1997,1000.0,RETURNING_TO_START,load_zone_22,dump_zone_23,0.00025,0.00067
1591.0,2026-07-02T15:05:34.243,3,-100.236,453.622,0.0,-0.5,1000.0,RETURNING_TO_START,load_zone_22,dump_zone_22,0.00025,0.00067
1592.0,2026-07-02T15:05:37.978,1,702.556,-190.647,0.0,-0.5,0.0,LOADING,dump_zone_3,load_zone_26,0.00025,0.00067
1592.0,2026-07-02T15:05:37.978,2,-107.891,451.935,0.0,-0.1997,1000.0,RETURNING_TO_START,load_zone_22,dump_zone_23,0.00025,0.00067
1592.0,2026-07-02T15:05:37.978,3,-100.236,453.622,0.0,-0.5,1000.0,RETURNING_TO_START,load_zone_22,dump_zone_22,0.00025,0.00067
1593.0,2026-07-02T15:05:40.948,1,703.026,-191.711,7.2,0.0,1000.0,TURNING_AROUND,load_zone_26,dump_zone_3,0.000258,0.000691
1593.0,2026-07-02T15:05:40.948,2,-107.891,451.935,0.0,-0.1997,1000.0,RETURNING_TO_START,load_zone_22,dump_zone_23,0.00025,0.00067
1593.0,2026-07-02T15:05:40.948,3,-100.236,453.622,0.0,-0.5,1000.0,RETURNING_TO_START,load_zone_22,dump_zone_22,0.00025,0.00067
1594.0,2026-07-02T15:05:44.617,1,704.463,-193.072,7.2,0.0,1000.0,TURNING_AROUND,load_zone_26,dump_zone_3,0.000258,0.000691
1594.0,2026-07-02T15:05:44.617,2,-107.891,451.935,0.0,-0.1997,1000.0,RETURNING_TO_START,load_zone_22,dump_zone_23,0.00025,0.00067
1594.0,2026-07-02T15:05:44.617,3,-100.236,453.622,0.0,-0.5,1000.0,RETURNING_TO_START,load_zone_22,dump_zone_22,0.00025,0.00067
1595.0,2026-07-02T15:05:48.036,1,703.051,-192.594,5.4,0.0,1000.0,TURNING_AROUND,load_zone_26,dump_zone_3,0.000256,0.000686
1595.0,2026-07-02T15:05:48.036,2,-107.891,451.935,0.0,-0.1997,1000.0,RETURNING_TO_START,load_zone_22,dump_zone_23,0.00025,0.00067
1595.0,2026-07-02T15:05:48.036,3,-100.236,453.622,0.0,-0.5,1000.0,RETURNING_TO_START,load_zone_22,dump_zone_22,0.00025,0.00067
1596.0,2026-07-02T15:05:51.593,1,705.016,-192.364,7.2,0.0,1000.0,TURNING_AROUND,load_zone_26,dump_zone_3,0.000258,0.000691
1596.0,2026-07-02T15:05:51.593,2,-107.891,451.935,0.0,-0.1997,1000.0,RETURNING_TO_START,load_zone_22,dump_zone_23,0.00025,0.00067
1596.0,2026-07-02T15:05:51.593,3,-100.236,453.622,0.0,-0.5,1000.0,RETURNING_TO_START,load_zone_22,dump_zone_22,0.00025,0.00067
1597.0,2026-07-02T15:05:55.130,1,705.565,-192.21,5.4,0.0,1000.0,TURNING_AROUND,load_zone_26,dump_zone_3,0.000256,0.000686
1597.0,2026-07-02T15:05:55.130,2,-107.891,451.935,0.0,-0.1997,1000.0,RETURNING_TO_START,load_zone_22,dump_zone_23,0.00025,0.00067
1597.0,2026-07-02T15:05:55.130,3,-100.236,453.622,0.0,-0.5,1000.0,RETURNING_TO_START,load_zone_22,dump_zone_22,0.00025,0.00067
1598.0,2026-07-02T15:05:58.828,1,705.384,-192.15,7.2,0.0,1000.0,TURNING_AROUND,load_zone_26,dump_zone_3,0.000258,0.000691
1598.0,2026-07-02T15:05:58.828,2,-107.891,451.935,0.0,-0.1997,1000.0,RETURNING_TO_START,load_zone_22,dump_zone_23,0.00025,0.00067
1598.0,2026-07-02T15:05:58.828,3,-100.236,453.622,0.0,-0.5,1000.0,RETURNING_TO_START,load_zone_22,dump_zone_22,0.00025,0.00067
1599.0,2026-07-02T15:06:03.114,1,705.516,-191.665,0.075,0.1667,1000.0,RETURNING_TO_START,load_zone_26,dump_zone_3,0.00025,0.00067
1599.0,2026-07-02T15:06:03.114,2,-107.891,451.935,0.0,-0.1997,1000.0,RETURNING_TO_START,load_zone_22,dump_zone_23,0.00025,0.00067
1599.0,2026-07-02T15:06:03.114,3,-100.236,453.622,0.0,-0.5,1000.0,RETURNING_TO_START,load_zone_22,dump_zone_22,0.00025,0.00067
1600.0,2026-07-02T15:06:07.407,1,705.502,-191.346,2.55,1.0,1000.0,RETURNING_TO_START,load_zone_26,dump_zone_3,0.000266,0.000713
1600.0,2026-07-02T15:06:07.407,2,-107.891,451.935,0.0,-0.1997,1000.0,RETURNING_TO_START,load_zone_22,dump_zone_23,0.00025,0.00067
1600.0,2026-07-02T15:06:07.407,3,-100.236,453.622,0.0,-0.5,1000.0,RETURNING_TO_START,load_zone_22,dump_zone_22,0.00025,0.00067
1601.0,2026-07-02T15:06:12.290,1,705.198,-190.139,6.15,1.0,1000.0,RETURNING_TO_START,load_zone_26,dump_zone_3,0.00029,0.000777
1601.0,2026-07-02T15:06:12.290,2,-107.891,451.935,0.0,-0.1997,1000.0,RETURNING_TO_START,load_zone_22,dump_zone_23,0.00025,0.00067
1601.0,2026-07-02T15:06:12.290,3,-100.236,453.622,0.0,-0.5,1000.0,RETURNING_TO_START,load_zone_22,dump_zone_22,0.00025,0.00067
1602.0,2026-07-02T15:06:17.265,1,703.88,-188.332,9.75,1.0,1000.0,RETURNING_TO_START,load_zone_26,dump_zone_3,0.000313,0.000839
1602.0,2026-07-02T15:06:17.265,2,-107.891,451.935,0.0,-0.1997,1000.0,RETURNING_TO_START,load_zone_22,dump_zone_23,0.00025,0.00067
1602.0,2026-07-02T15:06:17.265,3,-100.236,453.622,0.0,-0.5,1000.0,RETURNING_TO_START,load_zone_22,dump_zone_22,0.00025,0.00067
1603.0,2026-07-02T15:06:22.763,1,701.582,-186.035,13.35,1.0,1000.0,RETURNING_TO_START,load_zone_26,dump_zone_3,0.000336,0.0009
1603.0,2026-07-02T15:06:22.763,2,-107.891,451.935,0.0,-0.1997,1000.0,RETURNING_TO_START,load_zone_22,dump_zone_23,0.00025,0.00067
1603.0,2026-07-02T15:06:22.763,3,-100.236,453.622,0.0,-0.5,1000.0,RETURNING_TO_START,load_zone_22,dump_zone_22,0.00025,0.00067
1604.0,2026-07-02T15:06:27.965,1,698.866,-182.783,16.95,1.0,1000.0,RETURNING_TO_START,load_zone_26,dump_zone_3,0.000359,0.000962
1604.0,2026-07-02T15:06:27.965,2,-107.891,451.935,0.0,-0.1997,1000.0,RETURNING_TO_START,load_zone_22,dump_zone_23,0.00025,0.00067
1604.0,2026-07-02T15:06:27.965,3,-100.236,453.622,0.0,-0.5,1000.0,RETURNING_TO_START,load_zone_22,dump_zone_22,0.00025,0.00067
1605.0,2026-07-02T15:06:33.685,1,697.55,-177.841,19.425,0.25,1000.0,RETURNING_TO_START,load_zone_26,dump_zone_3,0.000297,0.000796
1605.0,2026-07-02T15:06:33.685,2,-107.891,451.935,0.0,-0.1997,1000.0,RETURNING_TO_START,load_zone_22,dump_zone_23,0.00025,0.00067
1605.0,2026-07-02T15:06:33.685,3,-100.236,453.622,0.0,-0.5,1000.0,RETURNING_TO_START,load_zone_22,dump_zone_22,0.00025,0.00067
1606.0,2026-07-02T15:06:38.291,1,697.464,-172.516,18.525,-0.5,1000.0,RETURNING_TO_START,load_zone_26,dump_zone_3,0.00025,0.00067
1606.0,2026-07-02T15:06:38.291,2,-107.891,451.935,0.0,-0.1997,1000.0,RETURNING_TO_START,load_zone_22,dump_zone_23,0.00025,0.00067
1606.0,2026-07-02T15:06:38.291,3,-100.236,453.622,0.0,-0.5,1000.0,RETURNING_TO_START,load_zone_22,dump_zone_22,0.00025,0.00067
1607.0,2026-07-02T15:06:43.189,1,697.499,-167.641,16.725,-0.5,1000.0,RETURNING_TO_START,load_zone_26,dump_zone_3,0.00025,0.00067
1607.0,2026-07-02T15:06:43.189,2,-107.891,451.935,0.0,-0.1997,1000.0,RETURNING_TO_START,load_zone_22,dump_zone_23,0.00025,0.00067
1607.0,2026-07-02T15:06:43.189,3,-100.236,453.622,0.0,-0.5,1000.0,RETURNING_TO_START,load_zone_22,dump_zone_22,0.00025,0.00067
1608.0,2026-07-02T15:06:48.285,1,697.501,-163.266,14.925,-0.5,1000.0,RETURNING_TO_START,load_zone_26,dump_zone_3,0.00025,0.00067
1608.0,2026-07-02T15:06:48.285,2,-107.891,451.935,0.0,-0.1997,1000.0,RETURNING_TO_START,load_zone_22,dump_zone_23,0.00025,0.00067
1608.0,2026-07-02T15:06:48.285,3,-100.236,453.622,0.0,-0.5,1000.0,RETURNING_TO_START,load_zone_22,dump_zone_22,0.00025,0.00067
1609.0,2026-07-02T15:06:53.339,1,697.5,-159.391,13.125,-0.5,1000.0,RETURNING_TO_START,load_zone_26,dump_zone_3,0.00025,0.00067
1609.0,2026-07-02T15:06:53.339,2,-107.891,451.935,0.0,-0.1997,1000.0,RETURNING_TO_START,load_zone_22,dump_zone_23,0.00025,0.00067
1609.0,2026-07-02T15:06:53.339,3,-100.236,453.622,0.0,-0.5,1000.0,RETURNING_TO_START,load_zone_22,dump_zone_22,0.00025,0.00067
1610.0,2026-07-02T15:06:58.288,1,697.5,-156.016,11.325,-0.5,1000.0,RETURNING_TO_START,load_zone_26,dump_zone_3,0.00025,0.00067
1610.0,2026-07-02T15:06:58.288,2,-107.891,451.935,0.0,-0.1997,1000.0,RETURNING_TO_START,load_zone_22,dump_zone_23,0.00025,0.00067
1610.0,2026-07-02T15:06:58.288,3,-100.236,453.622,0.0,-0.5,1000.0,RETURNING_TO_START,load_zone_22,dump_zone_22,0.00025,0.00067
1611.0,2026-07-02T15:07:03.168,1,697.5,-153.141,9.525,-0.5,1000.0,RETURNING_TO_START,load_zone_26,dump_zone_3,0.00025,0.00067
1611.0,2026-07-02T15:07:03.168,2,-107.891,451.935,0.0,-0.1997,1000.0,RETURNING_TO_START,load_zone_22,dump_zone_23,0.00025,0.00067
1611.0,2026-07-02T15:07:03.168,3,-100.236,453.622,0.0,-0.5,1000.0,RETURNING_TO_START,load_zone_22,dump_zone_22,0.00025,0.00067
1612.0,2026-07-02T15:07:08.422,1,697.329,-150.782,7.725,-0.5,1000.0,RETURNING_TO_START,load_zone_26,dump_zone_3,0.00025,0.00067
1612.0,2026-07-02T15:07:08.422,2,-107.891,451.935,0.0,-0.1997,1000.0,RETURNING_TO_START,load_zone_22,dump_zone_23,0.00025,0.00067
1612.0,2026-07-02T15:07:08.422,3,-100.236,453.622,0.0,-0.5,1000.0,RETURNING_TO_START,load_zone_22,dump_zone_22,0.00025,0.00067
1613.0,2026-07-02T15:07:13.487,1,696.368,-149.083,7.05,0.25,1000.0,RETURNING_TO_START,load_zone_26,dump_zone_3,0.000267,0.000716
1613.0,2026-07-02T15:07:13.487,2,-107.891,451.935,0.0,-0.1997,1000.0,RETURNING_TO_START,load_zone_22,dump_zone_23,0.00025,0.00067
1613.0,2026-07-02T15:07:13.487,3,-100.236,453.622,0.0,-0.5,1000.0,RETURNING_TO_START,load_zone_22,dump_zone_22,0.00025,0.00067
1614.0,2026-07-02T15:07:17.784,1,694.696,-147.507,9.75,1.0,1000.0,RETURNING_TO_START,load_zone_26,dump_zone_3,0.000313,0.000839
1614.0,2026-07-02T15:07:17.784,2,-107.891,451.935,0.0,-0.1997,1000.0,RETURNING_TO_START,load_zone_22,dump_zone_23,0.00025,0.00067
1614.0,2026-07-02T15:07:17.784,3,-100.236,453.622,0.0,-0.5,1000.0,RETURNING_TO_START,load_zone_22,dump_zone_22,0.00025,0.00067
1615.0,2026-07-02T15:07:21.965,1,692.228,-145.392,13.35,1.0,1000.0,RETURNING_TO_START,load_zone_26,dump_zone_3,0.000336,0.0009
1615.0,2026-07-02T15:07:21.965,2,-107.891,451.935,0.0,-0.1997,1000.0,RETURNING_TO_START,load_zone_22,dump_zone_23,0.00025,0.00067
1615.0,2026-07-02T15:07:21.965,3,-100.236,453.622,0.0,-0.5,1000.0,RETURNING_TO_START,load_zone_22,dump_zone_22,0.00025,0.00067
1616.0,2026-07-02T15:07:26.117,1,689.065,-142.554,16.95,1.0,1000.0,RETURNING_TO_START,load_zone_26,dump_zone_3,0.000359,0.000962
1616.0,2026-07-02T15:07:26.117,2,-107.891,451.935,0.0,-0.1997,1000.0,RETURNING_TO_START,load_zone_22,dump_zone_23,0.00025,0.00067
1616.0,2026-07-02T15:07:26.117,3,-100.236,453.622,0.0,-0.5,1000.0,RETURNING_TO_START,load_zone_22,dump_zone_22,0.00025,0.00067
1617.0,2026-07-02T15:07:31.513,1,685.324,-138.872,20.55,1.0,1000.0,RETURNING_TO_START,load_zone_26,dump_zone_3,0.000382,0.001024
1617.0,2026-07-02T15:07:31.513,2,-107.891,451.935,0.0,-0.1997,1000.0,RETURNING_TO_START,load_zone_22,dump_zone_23,0.00025,0.00067
1617.0,2026-07-02T15:07:31.513,3,-100.236,453.622,0.0,-0.5,1000.0,RETURNING_TO_START,load_zone_22,dump_zone_22,0.00025,0.00067
1618.0,2026-07-02T15:07:37.081,1,680.927,-134.463,23.738,0.5658,1000.0,RETURNING_TO_START,load_zone_26,dump_zone_3,0.000347,0.00093
1618.0,2026-07-02T15:07:37.081,2,-107.891,451.935,0.0,-0.1997,1000.0,RETURNING_TO_START,load_zone_22,dump_zone_23,0.00025,0.00067
1618.0,2026-07-02T15:07:37.081,3,-100.236,453.622,0.0,-0.5,1000.0,RETURNING_TO_START,load_zone_22,dump_zone_22,0.00025,0.00067
1619.0,2026-07-02T15:07:42.667,1,676.197,-129.732,23.825,-0.4342,1000.0,RETURNING_TO_START,load_zone_26,dump_zone_3,0.00025,0.00067
1619.0,2026-07-02T15:07:42.667,2,-107.891,451.935,0.0,-0.1997,1000.0,RETURNING_TO_START,load_zone_22,dump_zone_23,0.00025,0.00067
1619.0,2026-07-02T15:07:42.667,3,-100.236,453.622,0.0,-0.5,1000.0,RETURNING_TO_START,load_zone_22,dump_zone_22,0.00025,0.00067
1620.0,2026-07-02T15:07:47.549,1,671.709,-125.244,22.025,-0.5,1000.0,RETURNING_TO_START,load_zone_26,dump_zone_3,0.00025,0.00067
1620.0,2026-07-02T15:07:47.549,2,-107.891,451.935,0.0,-0.1997,1000.0,RETURNING_TO_START,load_zone_22,dump_zone_23,0.00025,0.00067
1620.0,2026-07-02T15:07:47.549,3,-100.236,453.622,0.0,-0.5,1000.0,RETURNING_TO_START,load_zone_22,dump_zone_22,0.00025,0.00067
1621.0,2026-07-02T15:07:52.430,1,667.574,-121.11,20.225,-0.5,1000.0,RETURNING_TO_START,load_zone_26,dump_zone_3,0.00025,0.00067
1621.0,2026-07-02T15:07:52.430,2,-107.891,451.935,0.0,-0.1997,1000.0,RETURNING_TO_START,load_zone_22,dump_zone_23,0.00025,0.00067
1621.0,2026-07-02T15:07:52.430,3,-100.236,453.622,0.0,-0.5,1000.0,RETURNING_TO_START,load_zone_22,dump_zone_22,0.00025,0.00067
1622.0,2026-07-02T15:07:58.091,1,663.793,-117.328,18.425,-0.5,1000.0,RETURNING_TO_START,load_zone_26,dump_zone_3,0.00025,0.00067
1622.0,2026-07-02T15:07:58.091,2,-107.891,451.935,0.0,-0.1997,1000.0,RETURNING_TO_START,load_zone_22,dump_zone_23,0.00025,0.00067
1622.0,2026-07-02T15:07:58.091,3,-100.236,453.622,0.0,-0.5,1000.0,RETURNING_TO_START,load_zone_22,dump_zone_22,0.00025,0.00067
1623.0,2026-07-02T15:08:02.702,1,660.365,-113.901,16.625,-0.5,1000.0,RETURNING_TO_START,load_zone_26,dump_zone_3,0.00025,0.00067
1623.0,2026-07-02T15:08:02.702,2,-107.891,451.935,0.0,-0.1997,1000.0,RETURNING_TO_START,load_zone_22,dump_zone_23,0.00025,0.00067
1623.0,2026-07-02T15:08:02.702,3,-100.236,453.622,0.0,-0.5,1000.0,RETURNING_TO_START,load_zone_22,dump_zone_22,0.00025,0.00067
1624.0,2026-07-02T15:08:07.535,1,657.291,-110.827,14.825,-0.5,1000.0,RETURNING_TO_START,load_zone_26,dump_zone_3,0.00025,0.00067
1624.0,2026-07-02T15:08:07.535,2,-107.891,451.935,0.0,-0.1997,1000.0,RETURNING_TO_START,load_zone_22,dump_zone_23,0.00025,0.00067
1624.0,2026-07-02T15:08:07.535,3,-100.236,453.622,0.0,-0.5,1000.0,RETURNING_TO_START,load_zone_22,dump_zone_22,0.00025,0.00067
1625.0,2026-07-02T15:08:12.683,1,654.571,-108.107,13.025,-0.5,1000.0,RETURNING_TO_START,load_zone_26,dump_zone_3,0.00025,0.00067
1625.0,2026-07-02T15:08:12.683,2,-107.891,451.935,0.0,-0.1997,1000.0,RETURNING_TO_START,load_zone_22,dump_zone_23,0.00025,0.00067
1625.0,2026-07-02T15:08:12.683,3,-100.236,453.622,0.0,-0.5,1000.0,RETURNING_TO_START,load_zone_22,dump_zone_22,0.00025,0.00067
1626.0,2026-07-02T15:08:17.668,1,652.204,-105.74,11.225,-0.5,1000.0,RETURNING_TO_START,load_zone_26,dump_zone_3,0.00025,0.00067
1626.0,2026-07-02T15:08:17.668,2,-107.891,451.935,0.0,-0.1997,1000.0,RETURNING_TO_START,load_zone_22,dump_zone_23,0.00025,0.00067
1626.0,2026-07-02T15:08:17.668,3,-100.236,453.622,0.0,-0.5,1000.0,RETURNING_TO_START,load_zone_22,dump_zone_22,0.00025,0.00067
1627.0,2026-07-02T15:08:23.096,1,650.193,-103.724,9.425,-0.5,1000.0,RETURNING_TO_START,load_zone_26,dump_zone_3,0.00025,0.00067
1627.0,2026-07-02T15:08:23.096,2,-107.891,451.935,0.0,-0.1997,1000.0,RETURNING_TO_START,load_zone_22,dump_zone_23,0.00025,0.00067
1627.0,2026-07-02T15:08:23.096,3,-100.236,453.622,0.0,-0.5,1000.0,RETURNING_TO_START,load_zone_22,dump_zone_22,0.00025,0.00067
1628.0,2026-07-02T15:08:27.996,1,648.338,-102.314,7.65,-0.4167,1000.0,RETURNING_TO_START,load_zone_26,dump_zone_3,0.00025,0.00067
1628.0,2026-07-02T15:08:27.996,2,-107.891,451.935,0.0,-0.1997,1000.0,RETURNING_TO_START,load_zone_22,dump_zone_23,0.00025,0.00067
1628.0,2026-07-02T15:08:27.996,3,-100.236,453.622,0.0,-0.5,1000.0,RETURNING_TO_START,load_zone_22,dump_zone_22,0.00025,0.00067
1629.0,2026-07-02T15:08:33.060,1,646.273,-101.961,8.1,0.5833,1000.0,RETURNING_TO_START,load_zone_26,dump_zone_3,0.000284,0.000761
1629.0,2026-07-02T15:08:33.060,2,-107.891,451.935,0.0,-0.1997,1000.0,RETURNING_TO_START,load_zone_22,dump_zone_23,0.00025,0.00067
1629.0,2026-07-02T15:08:33.060,3,-100.236,453.622,0.0,-0.5,1000.0,RETURNING_TO_START,load_zone_22,dump_zone_22,0.00025,0.00067
1630.0,2026-07-02T15:08:37.334,1,643.548,-102.06,11.45,1.0,1000.0,RETURNING_TO_START,load_zone_26,dump_zone_3,0.000324,0.000868
1630.0,2026-07-02T15:08:37.334,2,-107.891,451.935,0.0,-0.1997,1000.0,RETURNING_TO_START,load_zone_22,dump_zone_23,0.00025,0.00067
1630.0,2026-07-02T15:08:37.334,3,-100.236,453.622,0.0,-0.5,1000.0,RETURNING_TO_START,load_zone_22,dump_zone_22,0.00025,0.00067
1631.0,2026-07-02T15:08:41.655,1,639.833,-102.296,15.05,1.0,1000.0,RETURNING_TO_START,load_zone_26,dump_zone_3,0.000347,0.00093
1631.0,2026-07-02T15:08:41.655,2,-107.891,451.935,0.0,-0.1997,1000.0,RETURNING_TO_START,load_zone_22,dump_zone_23,0.00025,0.00067
1631.0,2026-07-02T15:08:41.655,3,-100.236,453.622,0.0,-0.5,1000.0,RETURNING_TO_START,load_zone_22,dump_zone_22,0.00025,0.00067
1632.0,2026-07-02T15:08:47.155,1,635.115,-102.473,18.625,0.9167,1000.0,RETURNING_TO_START,load_zone_26,dump_zone_3,0.000362,0.00097
1632.0,2026-07-02T15:08:47.155,2,-107.891,451.935,0.0,-0.1997,1000.0,RETURNING_TO_START,load_zone_22,dump_zone_23,0.00025,0.00067
1632.0,2026-07-02T15:08:47.155,3,-100.236,453.622,0.0,-0.5,1000.0,RETURNING_TO_START,load_zone_22,dump_zone_22,0.00025,0.00067
1633.0,2026-07-02T15:08:52.168,1,629.656,-102.504,19.975,-0.0833,1000.0,RETURNING_TO_START,load_zone_26,dump_zone_3,0.000262,0.000702
1633.0,2026-07-02T15:08:52.168,2,-107.891,451.935,0.0,-0.1997,1000.0,RETURNING_TO_START,load_zone_22,dump_zone_23,0.00025,0.00067
1633.0,2026-07-02T15:08:52.168,3,-100.236,453.622,0.0,-0.5,1000.0,RETURNING_TO_START,load_zone_22,dump_zone_22,0.00025,0.00067
1634.0,2026-07-02T15:08:56.875,1,624.314,-102.501,18.425,-0.5,1000.0,RETURNING_TO_START,load_zone_26,dump_zone_3,0.00025,0.00067
1634.0,2026-07-02T15:08:56.875,2,-107.891,451.935,0.0,-0.1997,1000.0,RETURNING_TO_START,load_zone_22,dump_zone_23,0.00025,0.00067
1634.0,2026-07-02T15:08:56.875,3,-100.236,453.622,0.0,-0.5,1000.0,RETURNING_TO_START,load_zone_22,dump_zone_22,0.00025,0.00067
1635.0,2026-07-02T15:09:01.944,1,619.467,-102.5,16.625,-0.5,1000.0,RETURNING_TO_START,load_zone_26,dump_zone_3,0.00025,0.00067
1635.0,2026-07-02T15:09:01.944,2,-107.891,451.935,0.0,-0.1997,1000.0,RETURNING_TO_START,load_zone_22,dump_zone_23,0.00025,0.00067
1635.0,2026-07-02T15:09:01.944,3,-100.236,453.622,0.0,-0.5,1000.0,RETURNING_TO_START,load_zone_22,dump_zone_22,0.00025,0.00067
1636.0,2026-07-02T15:09:07.428,1,615.111,-102.5,14.922,-0.5,1000.0,RETURNING_TO_START,load_zone_26,dump_zone_3,0.00025,0.00067
1636.0,2026-07-02T15:09:07.428,2,-107.891,451.935,0.0,-0.1997,1000.0,RETURNING_TO_START,load_zone_22,dump_zone_23,0.00025,0.00067
1636.0,2026-07-02T15:09:07.428,3,-100.236,453.622,0.0,-0.5,1000.0,RETURNING_TO_START,load_zone_22,dump_zone_22,0.00025,0.00067
1637.0,2026-07-02T15:09:12.091,1,611.237,-102.5,13.122,-0.5,1000.0,RETURNING_TO_START,load_zone_26,dump_zone_3,0.00025,0.00067
1637.0,2026-07-02T15:09:12.091,2,-107.891,451.935,0.0,-0.1997,1000.0,RETURNING_TO_START,load_zone_22,dump_zone_23,0.00025,0.00067
1637.0,2026-07-02T15:09:12.091,3,-100.236,453.622,0.0,-0.5,1000.0,RETURNING_TO_START,load_zone_22,dump_zone_22,0.00025,0.00067
1638.0,2026-07-02T15:09:16.863,1,607.863,-102.5,11.322,-0.5,1000.0,RETURNING_TO_START,load_zone_26,dump_zone_3,0.00025,0.00067
1638.0,2026-07-02T15:09:16.863,2,-107.891,451.935,0.0,-0.1997,1000.0,RETURNING_TO_START,load_zone_22,dump_zone_23,0.00025,0.00067
1638.0,2026-07-02T15:09:16.863,3,-100.236,453.622,0.0,-0.5,1000.0,RETURNING_TO_START,load_zone_22,dump_zone_22,0.00025,0.00067
1639.0,2026-07-02T15:09:22.190,1,604.971,-102.5,9.616,-0.5,1000.0,RETURNING_TO_START,load_zone_26,dump_zone_3,0.00025,0.00067
1639.0,2026-07-02T15:09:22.190,2,-107.891,451.935,0.0,-0.1997,1000.0,RETURNING_TO_START,load_zone_22,dump_zone_23,0.00025,0.00067
1639.0,2026-07-02T15:09:22.190,3,-100.236,453.622,0.0,-0.5,1000.0,RETURNING_TO_START,load_zone_22,dump_zone_22,0.00025,0.00067
1640.0,2026-07-02T15:09:27.625,1,602.571,-102.496,7.816,-0.5,1000.0,RETURNING_TO_START,load_zone_26,dump_zone_3,0.00025,0.00067
1640.0,2026-07-02T15:09:27.625,2,-107.891,451.935,0.0,-0.1997,1000.0,RETURNING_TO_START,load_zone_22,dump_zone_23,0.00025,0.00067
1640.0,2026-07-02T15:09:27.625,3,-100.236,453.622,0.0,-0.5,1000.0,RETURNING_TO_START,load_zone_22,dump_zone_22,0.00025,0.00067
1641.0,2026-07-02T15:09:33.000,1,600.614,-102.299,6.816,0.0833,1000.0,RETURNING_TO_START,load_zone_26,dump_zone_3,0.00026,0.000697
1641.0,2026-07-02T15:09:33.000,2,-107.891,451.935,0.0,-0.1997,1000.0,RETURNING_TO_START,load_zone_22,dump_zone_23,0.00025,0.00067
1641.0,2026-07-02T15:09:33.000,3,-100.236,453.622,0.0,-0.5,1000.0,RETURNING_TO_START,load_zone_22,dump_zone_22,0.00025,0.00067
1642.0,2026-07-02T15:09:38.371,1,598.781,-101.23,9.016,0.9167,1000.0,RETURNING_TO_START,load_zone_26,dump_zone_3,0.000304,0.000815
1642.0,2026-07-02T15:09:38.371,2,-107.891,451.935,0.0,-0.1997,1000.0,RETURNING_TO_START,load_zone_22,dump_zone_23,0.00025,0.00067
1642.0,2026-07-02T15:09:38.371,3,-100.236,453.622,0.0,-0.5,1000.0,RETURNING_TO_START,load_zone_22,dump_zone_22,0.00025,0.00067
1643.0,2026-07-02T15:09:44.198,1,597.569,-98.762,10.366,-0.0833,1000.0,RETURNING_TO_START,load_zone_26,dump_zone_3,0.000256,0.000686
1643.0,2026-07-02T15:09:44.198,2,-107.891,451.935,0.0,-0.1997,1000.0,RETURNING_TO_START,load_zone_22,dump_zone_23,0.00025,0.00067
1643.0,2026-07-02T15:09:44.198,3,-100.236,453.622,0.0,-0.5,1000.0,RETURNING_TO_START,load_zone_22,dump_zone_22,0.00025,0.00067
1644.0,2026-07-02T15:09:53.139,1,597.343,-95.818,11.416,0.75,1000.0,RETURNING_TO_START,load_zone_26,dump_zone_3,0.000308,0.000825
1644.0,2026-07-02T15:09:53.139,2,-107.891,451.935,0.0,-0.1997,1000.0,RETURNING_TO_START,load_zone_22,dump_zone_23,0.00025,0.00067
1644.0,2026-07-02T15:09:53.139,3,-100.236,453.622,0.0,-0.5,1000.0,RETURNING_TO_START,load_zone_22,dump_zone_22,0.00025,0.00067
1645.0,2026-07-02T15:09:57.481,1,597.364,-92.126,14.941,1.0,1000.0,RETURNING_TO_START,load_zone_26,dump_zone_3,0.000346,0.000927
1645.0,2026-07-02T15:09:57.481,2,-107.891,451.935,0.0,-0.1997,1000.0,RETURNING_TO_START,load_zone_22,dump_zone_23,0.00025,0.00067
1645.0,2026-07-02T15:09:57.481,3,-100.236,453.622,0.0,-0.5,1000.0,RETURNING_TO_START,load_zone_22,dump_zone_22,0.00025,0.00067
1646.0,2026-07-02T15:10:02.736,1,597.459,-87.435,18.541,1.0,1000.0,RETURNING_TO_START,load_zone_26,dump_zone_3,0.00037,0.000992
1646.0,2026-07-02T15:10:02.736,2,-107.891,451.935,0.0,-0.1997,1000.0,RETURNING_TO_START,load_zone_22,dump_zone_23,0.00025,0.00067
1646.0,2026-07-02T15:10:02.736,3,-100.236,453.622,0.0,-0.5,1000.0,RETURNING_TO_START,load_zone_22,dump_zone_22,0.00025,0.00067
1647.0,2026-07-02T15:10:08.223,1,597.498,-81.75,21.991,0.75,1000.0,RETURNING_TO_START,load_zone_26,dump_zone_3,0.000362,0.00097
1647.0,2026-07-02T15:10:08.223,2,-107.891,451.935,0.0,-0.1997,1000.0,RETURNING_TO_START,load_zone_22,dump_zone_23,0.00025,0.00067
1647.0,2026-07-02T15:10:08.223,3,-100.236,453.622,0.0,-0.5,1000.0,RETURNING_TO_START,load_zone_22,dump_zone_22,0.00025,0.00067
1648.0,2026-07-02T15:10:16.423,1,597.5,-75.389,23.391,0.0833,1000.0,RETURNING_TO_START,load_zone_26,dump_zone_3,0.000285,0.000764
1648.0,2026-07-02T15:10:16.423,2,-107.891,451.935,0.0,-0.1997,1000.0,RETURNING_TO_START,load_zone_22,dump_zone_23,0.00025,0.00067
1648.0,2026-07-02T15:10:16.423,3,-100.236,453.622,0.0,-0.5,1000.0,RETURNING_TO_START,load_zone_22,dump_zone_22,0.00025,0.00067
1649.0,2026-07-02T15:10:22.758,1,597.5,-68.99,22.641,-0.25,1000.0,RETURNING_TO_START,load_zone_26,dump_zone_3,0.00025,0.00067
1649.0,2026-07-02T15:10:22.758,2,-107.891,451.935,0.0,-0.1997,1000.0,RETURNING_TO_START,load_zone_22,dump_zone_23,0.00025,0.00067
1649.0,2026-07-02T15:10:22.758,3,-100.236,453.622,0.0,-0.5,1000.0,RETURNING_TO_START,load_zone_22,dump_zone_22,0.00025,0.00067
1650.0,2026-07-02T15:10:27.984,1,597.5,-62.756,22.341,-0.25,1000.0,RETURNING_TO_START,load_zone_26,dump_zone_3,0.00025,0.00067
1650.0,2026-07-02T15:10:27.984,2,-107.891,451.935,0.0,-0.1997,1000.0,RETURNING_TO_START,load_zone_22,dump_zone_23,0.00025,0.00067
1650.0,2026-07-02T15:10:27.984,3,-100.236,453.622,0.0,-0.5,1000.0,RETURNING_TO_START,load_zone_22,dump_zone_22,0.00025,0.00067
1651.0,2026-07-02T15:10:31.428,1,597.5,-56.578,22.557,0.2778,1000.0,RETURNING_TO_START,load_zone_26,dump_zone_3,0.000308,0.000825
1651.0,2026-07-02T15:10:31.428,2,-107.891,451.935,0.0,-0.1997,1000.0,RETURNING_TO_START,load_zone_22,dump_zone_23,0.00025,0.00067
1651.0,2026-07-02T15:10:31.428,3,-100.236,453.622,0.0,-0.5,1000.0,RETURNING_TO_START,load_zone_22,dump_zone_22,0.00025,0.00067
1652.0,2026-07-02T15:10:37.548,1,597.5,-50.342,22.111,-0.216,1000.0,RETURNING_TO_START,load_zone_26,dump_zone_3,0.00025,0.00067
1652.0,2026-07-02T15:10:37.548,2,-107.891,451.935,0.0,-0.1997,1000.0,RETURNING_TO_START,load_zone_22,dump_zone_23,0.00025,0.00067
1652.0,2026-07-02T15:10:37.548,3,-100.236,453.622,0.0,-0.5,1000.0,RETURNING_TO_START,load_zone_22,dump_zone_22,0.00025,0.00067
1653.0,2026-07-02T15:10:42.942,1,597.5,-44.118,23.003,0.3493,1000.0,RETURNING_TO_START,load_zone_26,dump_zone_3,0.000318,0.000852
1653.0,2026-07-02T15:10:42.942,2,-107.891,451.935,0.0,-0.1997,1000.0,RETURNING_TO_START,load_zone_22,dump_zone_23,0.00025,0.00067
1653.0,2026-07-02T15:10:42.942,3,-100.236,453.622,0.0,-0.5,1000.0,RETURNING_TO_START,load_zone_22,dump_zone_22,0.00025,0.00067
1654.0,2026-07-02T15:10:48.252,1,597.5,-37.464,24.597,0.1473,1000.0,RETURNING_TO_START,load_zone_26,dump_zone_3,0.000296,0.000793
1654.0,2026-07-02T15:10:48.252,2,-107.891,451.935,0.0,-0.1997,1000.0,RETURNING_TO_START,load_zone_22,dump_zone_23,0.00025,0.00067
1654.0,2026-07-02T15:10:48.252,3,-100.236,453.622,0.0,-0.5,1000.0,RETURNING_TO_START,load_zone_22,dump_zone_22,0.00025,0.00067
1655.0,2026-07-02T15:10:54.301,1,597.5,-30.619,24.26,-0.5,1000.0,RETURNING_TO_START,load_zone_26,dump_zone_3,0.00025,0.00067
1655.0,2026-07-02T15:10:54.301,2,-107.891,451.935,0.0,-0.1997,1000.0,RETURNING_TO_START,load_zone_22,dump_zone_23,0.00025,0.00067
1655.0,2026-07-02T15:10:54.301,3,-100.236,453.622,0.0,-0.5,1000.0,RETURNING_TO_START,load_zone_22,dump_zone_22,0.00025,0.00067
1656.0,2026-07-02T15:11:00.146,1,597.5,-24.122,22.71,-0.25,1000.0,RETURNING_TO_START,load_zone_26,dump_zone_3,0.00025,0.00067
1656.0,2026-07-02T15:11:00.146,2,-107.891,451.935,0.0,-0.1997,1000.0,RETURNING_TO_START,load_zone_22,dump_zone_23,0.00025,0.00067
1656.0,2026-07-02T15:11:00.146,3,-100.236,453.622,0.0,-0.5,1000.0,RETURNING_TO_START,load_zone_22,dump_zone_22,0.00025,0.00067
1657.0,2026-07-02T15:11:05.970,1,597.5,-17.848,22.711,0.31,1000.0,RETURNING_TO_START,load_zone_26,dump_zone_3,0.000312,0.000836
1657.0,2026-07-02T15:11:05.970,2,-107.891,451.935,0.0,-0.1997,1000.0,RETURNING_TO_START,load_zone_22,dump_zone_23,0.00025,0.00067
1657.0,2026-07-02T15:11:05.970,3,-100.236,453.622,0.0,-0.5,1000.0,RETURNING_TO_START,load_zone_22,dump_zone_22,0.00025,0.00067
1658.0,2026-07-02T15:11:11.886,1,597.5,-11.37,23.561,-0.0885,1000.0,RETURNING_TO_START,load_zone_26,dump_zone_3,0.000264,0.000708
1658.0,2026-07-02T15:11:11.886,2,-107.891,451.935,0.0,-0.1997,1000.0,RETURNING_TO_START,load_zone_22,dump_zone_23,0.00025,0.00067
1658.0,2026-07-02T15:11:11.886,3,-100.236,453.622,0.0,-0.5,1000.0,RETURNING_TO_START,load_zone_22,dump_zone_22,0.00025,0.00067
1659.0,2026-07-02T15:11:17.948,1,597.5,-4.787,24.14,0.2654,1000.0,RETURNING_TO_START,load_zone_26,dump_zone_3,0.00031,0.000831
1659.0,2026-07-02T15:11:17.948,2,-107.891,451.935,0.0,-0.1997,1000.0,RETURNING_TO_START,load_zone_22,dump_zone_23,0.00025,0.00067
1659.0,2026-07-02T15:11:17.948,3,-100.236,453.622,0.0,-0.5,1000.0,RETURNING_TO_START,load_zone_22,dump_zone_22,0.00025,0.00067
1660.0,2026-07-02T15:11:23.718,1,597.5,1.9,23.536,-0.4167,1000.0,RETURNING_TO_START,load_zone_26,dump_zone_3,0.00025,0.00067
1660.0,2026-07-02T15:11:23.718,2,-107.891,451.935,0.0,-0.1997,1000.0,RETURNING_TO_START,load_zone_22,dump_zone_23,0.00025,0.00067
1660.0,2026-07-02T15:11:23.718,3,-100.236,453.622,0.0,-0.5,1000.0,RETURNING_TO_START,load_zone_22,dump_zone_22,0.00025,0.00067
1661.0,2026-07-02T15:11:29.979,1,597.5,8.329,23.126,0.2147,1000.0,RETURNING_TO_START,load_zone_26,dump_zone_3,0.000301,0.000807
1661.0,2026-07-02T15:11:29.979,2,-107.891,451.935,0.0,-0.1997,1000.0,RETURNING_TO_START,load_zone_22,dump_zone_23,0.00025,0.00067
1661.0,2026-07-02T15:11:29.979,3,-100.236,453.622,0.0,-0.5,1000.0,RETURNING_TO_START,load_zone_22,dump_zone_22,0.00025,0.00067
1662.0,2026-07-02T15:11:35.447,1,597.5,14.937,24.149,-0.0353,1000.0,RETURNING_TO_START,load_zone_26,dump_zone_3,0.000271,0.000726
1662.0,2026-07-02T15:11:35.447,2,-107.891,451.935,0.0,-0.1997,1000.0,RETURNING_TO_START,load_zone_22,dump_zone_23,0.00025,0.00067
1662.0,2026-07-02T15:11:35.447,3,-100.236,453.622,0.0,-0.5,1000.0,RETURNING_TO_START,load_zone_22,dump_zone_22,0.00025,0.00067
1663.0,2026-07-02T15:11:40.950,1,597.5,21.462,22.828,-0.25,1000.0,RETURNING_TO_START,load_zone_26,dump_zone_3,0.00025,0.00067
1663.0,2026-07-02T15:11:40.950,2,-107.891,451.935,0.0,-0.1997,1000.0,RETURNING_TO_START,load_zone_22,dump_zone_23,0.00025,0.00067
1663.0,2026-07-02T15:11:40.950,3,-100.236,453.622,0.0,-0.5,1000.0,RETURNING_TO_START,load_zone_22,dump_zone_22,0.00025,0.00067
1664.0,2026-07-02T15:11:46.588,1,597.5,27.699,22.302,-0.0592,1000.0,RETURNING_TO_START,load_zone_26,dump_zone_3,0.000266,0.000713
1664.0,2026-07-02T15:11:46.588,2,-107.891,451.935,0.0,-0.1997,1000.0,RETURNING_TO_START,load_zone_22,dump_zone_23,0.00025,0.00067
1664.0,2026-07-02T15:11:46.588,3,-100.236,453.622,0.0,-0.5,1000.0,RETURNING_TO_START,load_zone_22,dump_zone_22,0.00025,0.00067
1665.0,2026-07-02T15:11:52.909,1,597.5,33.995,22.878,-0.093,1000.0,RETURNING_TO_START,load_zone_26,dump_zone_3,0.000263,0.000705
1665.0,2026-07-02T15:11:52.909,2,-107.891,451.935,0.0,-0.1997,1000.0,RETURNING_TO_START,load_zone_22,dump_zone_23,0.00025,0.00067
1665.0,2026-07-02T15:11:52.909,3,-100.236,453.622,0.0,-0.5,1000.0,RETURNING_TO_START,load_zone_22,dump_zone_22,0.00025,0.00067
1666.0,2026-07-02T15:11:58.425,1,597.5,40.29,22.674,0.1044,1000.0,RETURNING_TO_START,load_zone_26,dump_zone_3,0.000287,0.000769
1666.0,2026-07-02T15:11:58.425,2,-107.891,451.935,0.0,-0.1997,1000.0,RETURNING_TO_START,load_zone_22,dump_zone_23,0.00025,0.00067
1666.0,2026-07-02T15:11:58.425,3,-100.236,453.622,0.0,-0.5,1000.0,RETURNING_TO_START,load_zone_22,dump_zone_22,0.00025,0.00067
1667.0,2026-07-02T15:12:04.093,1,597.5,46.635,23.126,0.1253,1000.0,RETURNING_TO_START,load_zone_26,dump_zone_3,0.00029,0.000777
1667.0,2026-07-02T15:12:04.093,2,-107.891,451.935,0.0,-0.1997,1000.0,RETURNING_TO_START,load_zone_22,dump_zone_23,0.00025,0.00067
1667.0,2026-07-02T15:12:04.093,3,-100.236,453.622,0.0,-0.5,1000.0,RETURNING_TO_START,load_zone_22,dump_zone_22,0.00025,0.00067
1668.0,2026-07-02T15:12:10.161,1,597.5,53.159,23.667,0.0091,1000.0,RETURNING_TO_START,load_zone_26,dump_zone_3,0.000276,0.00074
1668.0,2026-07-02T15:12:10.161,2,-107.891,451.935,0.0,-0.1997,1000.0,RETURNING_TO_START,load_zone_22,dump_zone_23,0.00025,0.00067
1668.0,2026-07-02T15:12:10.161,3,-100.236,453.622,0.0,-0.5,1000.0,RETURNING_TO_START,load_zone_22,dump_zone_22,0.00025,0.00067
1669.0,2026-07-02T15:12:15.539,1,597.5,59.658,23.233,0.0298,1000.0,RETURNING_TO_START,load_zone_26,dump_zone_3,0.000278,0.000745
1669.0,2026-07-02T15:12:15.539,2,-107.891,451.935,0.0,-0.1997,1000.0,RETURNING_TO_START,load_zone_22,dump_zone_23,0.00025,0.00067
1669.0,2026-07-02T15:12:15.539,3,-100.236,453.622,0.0,-0.5,1000.0,RETURNING_TO_START,load_zone_22,dump_zone_22,0.00025,0.00067
1670.0,2026-07-02T15:12:21.313,1,597.5,66.158,23.511,-0.0646,1000.0,RETURNING_TO_START,load_zone_26,dump_zone_3,0.000267,0.000716
1670.0,2026-07-02T15:12:21.313,2,-107.891,451.935,0.0,-0.1997,1000.0,RETURNING_TO_START,load_zone_22,dump_zone_23,0.00025,0.00067
1670.0,2026-07-02T15:12:21.313,3,-100.236,453.622,0.0,-0.5,1000.0,RETURNING_TO_START,load_zone_22,dump_zone_22,0.00025,0.00067
1671.0,2026-07-02T15:12:26.982,1,597.5,72.576,22.779,-0.148,1000.0,RETURNING_TO_START,load_zone_26,dump_zone_3,0.000256,0.000686
1671.0,2026-07-02T15:12:26.982,2,-107.891,451.935,0.0,-0.1997,1000.0,RETURNING_TO_START,load_zone_22,dump_zone_23,0.00025,0.00067
1671.0,2026-07-02T15:12:26.982,3,-100.236,453.622,0.0,-0.5,1000.0,RETURNING_TO_START,load_zone_22,dump_zone_22,0.00025,0.00067
1672.0,2026-07-02T15:12:32.956,1,597.5,78.95,23.309,0.2788,1000.0,RETURNING_TO_START,load_zone_26,dump_zone_3,0.00031,0.000831
1672.0,2026-07-02T15:12:32.956,2,-107.891,451.935,0.0,-0.1997,1000.0,RETURNING_TO_START,load_zone_22,dump_zone_23,0.00025,0.00067
1672.0,2026-07-02T15:12:32.956,3,-100.236,453.622,0.0,-0.5,1000.0,RETURNING_TO_START,load_zone_22,dump_zone_22,0.00025,0.00067
1673.0,2026-07-02T15:12:38.923,1,597.5,85.471,23.437,-0.0539,1000.0,RETURNING_TO_START,load_zone_26,dump_zone_3,0.000268,0.000718
1673.0,2026-07-02T15:12:38.923,2,-107.891,451.935,0.0,-0.1997,1000.0,RETURNING_TO_START,load_zone_22,dump_zone_23,0.00025,0.00067
1673.0,2026-07-02T15:12:38.923,3,-100.236,453.622,0.0,-0.5,1000.0,RETURNING_TO_START,load_zone_22,dump_zone_22,0.00025,0.00067
1674.0,2026-07-02T15:12:45.214,1,597.5,91.917,23.175,0.0542,1000.0,RETURNING_TO_START,load_zone_26,dump_zone_3,0.000281,0.000753
1674.0,2026-07-02T15:12:45.214,2,-107.891,451.935,0.0,-0.1997,1000.0,RETURNING_TO_START,load_zone_22,dump_zone_23,0.00025,0.00067
1674.0,2026-07-02T15:12:45.214,3,-100.236,453.622,0.0,-0.5,1000.0,RETURNING_TO_START,load_zone_22,dump_zone_22,0.00025,0.00067
1675.0,2026-07-02T15:12:50.949,1,597.5,98.342,22.92,-0.2791,1000.0,RETURNING_TO_START,load_zone_26,dump_zone_3,0.00025,0.00067
1675.0,2026-07-02T15:12:50.949,2,-107.891,451.935,0.0,-0.1997,1000.0,RETURNING_TO_START,load_zone_22,dump_zone_23,0.00025,0.00067
1675.0,2026-07-02T15:12:50.949,3,-100.236,453.622,0.0,-0.5,1000.0,RETURNING_TO_START,load_zone_22,dump_zone_22,0.00025,0.00067
1676.0,2026-07-02T15:12:57.241,1,597.5,104.66,22.884,0.1168,1000.0,RETURNING_TO_START,load_zone_26,dump_zone_3,0.000289,0.000775
1676.0,2026-07-02T15:12:57.241,2,-107.891,451.935,0.0,-0.1997,1000.0,RETURNING_TO_START,load_zone_22,dump_zone_23,0.00025,0.00067
1676.0,2026-07-02T15:12:57.241,3,-100.236,453.622,0.0,-0.5,1000.0,RETURNING_TO_START,load_zone_22,dump_zone_22,0.00025,0.00067
1677.0,2026-07-02T15:13:00.818,1,597.5,111.109,23.257,0.0385,1000.0,RETURNING_TO_START,load_zone_26,dump_zone_3,0.000279,0.000748
1677.0,2026-07-02T15:13:00.818,2,-107.891,451.935,0.0,-0.1997,1000.0,RETURNING_TO_START,load_zone_22,dump_zone_23,0.00025,0.00067
1677.0,2026-07-02T15:13:00.818,3,-100.236,453.622,0.0,-0.5,1000.0,RETURNING_TO_START,load_zone_22,dump_zone_22,0.00025,0.00067
1678.0,2026-07-02T15:13:06.347,1,597.5,117.598,23.203,-0.2091,1000.0,RETURNING_TO_START,load_zone_26,dump_zone_3,0.00025,0.00067
1678.0,2026-07-02T15:13:06.347,2,-107.891,451.935,0.0,-0.1997,1000.0,RETURNING_TO_START,load_zone_22,dump_zone_23,0.00025,0.00067
1678.0,2026-07-02T15:13:06.347,3,-100.236,453.622,0.0,-0.5,1000.0,RETURNING_TO_START,load_zone_22,dump_zone_22,0.00025,0.00067
1679.0,2026-07-02T15:13:12.393,1,597.5,124.045,23.395,0.1795,1000.0,RETURNING_TO_START,load_zone_26,dump_zone_3,0.000297,0.000796
1679.0,2026-07-02T15:13:12.393,2,-107.891,451.935,0.0,-0.1997,1000.0,RETURNING_TO_START,load_zone_22,dump_zone_23,0.00025,0.00067
1679.0,2026-07-02T15:13:12.393,3,-100.236,453.622,0.0,-0.5,1000.0,RETURNING_TO_START,load_zone_22,dump_zone_22,0.00025,0.00067
1680.0,2026-07-02T15:13:18.036,1,597.5,130.496,22.791,-0.2474,1000.0,RETURNING_TO_START,load_zone_26,dump_zone_3,0.00025,0.00067
1680.0,2026-07-02T15:13:18.036,2,-107.891,451.935,0.0,-0.1997,1000.0,RETURNING_TO_START,load_zone_22,dump_zone_23,0.00025,0.00067
1680.0,2026-07-02T15:13:18.036,3,-100.236,453.622,0.0,-0.5,1000.0,RETURNING_TO_START,load_zone_22,dump_zone_22,0.00025,0.00067
1681.0,2026-07-02T15:13:23.894,1,597.5,136.869,23.281,0.1125,1000.0,RETURNING_TO_START,load_zone_26,dump_zone_3,0.000289,0.000775
1681.0,2026-07-02T15:13:23.894,2,-107.891,451.935,0.0,-0.1997,1000.0,RETURNING_TO_START,load_zone_22,dump_zone_23,0.00025,0.00067
1681.0,2026-07-02T15:13:23.894,3,-100.236,453.622,0.0,-0.5,1000.0,RETURNING_TO_START,load_zone_22,dump_zone_22,0.00025,0.00067
1682.0,2026-07-02T15:13:29.677,1,597.5,143.291,23.066,0.17,1000.0,RETURNING_TO_START,load_zone_26,dump_zone_3,0.000296,0.000793
1682.0,2026-07-02T15:13:29.677,2,-107.891,451.935,0.0,-0.1997,1000.0,RETURNING_TO_START,load_zone_22,dump_zone_23,0.00025,0.00067
1682.0,2026-07-02T15:13:29.677,3,-100.236,453.622,0.0,-0.5,1000.0,RETURNING_TO_START,load_zone_22,dump_zone_22,0.00025,0.00067
1683.0,2026-07-02T15:13:35.727,1,597.5,149.832,23.773,0.076,1000.0,RETURNING_TO_START,load_zone_26,dump_zone_3,0.000285,0.000764
1683.0,2026-07-02T15:13:35.727,2,-107.891,451.935,0.0,-0.1997,1000.0,RETURNING_TO_START,load_zone_22,dump_zone_23,0.00025,0.00067
1683.0,2026-07-02T15:13:35.727,3,-100.236,453.622,0.0,-0.5,1000.0,RETURNING_TO_START,load_zone_22,dump_zone_22,0.00025,0.00067
1684.0,2026-07-02T15:13:41.438,1,597.5,156.287,22.485,-0.5,1000.0,RETURNING_TO_START,load_zone_26,dump_zone_3,0.00025,0.00067
1684.0,2026-07-02T15:13:41.438,2,-107.891,451.935,0.0,-0.1997,1000.0,RETURNING_TO_START,load_zone_22,dump_zone_23,0.00025,0.00067
1684.0,2026-07-02T15:13:41.438,3,-100.236,453.622,0.0,-0.5,1000.0,RETURNING_TO_START,load_zone_22,dump_zone_22,0.00025,0.00067
1685.0,2026-07-02T15:13:47.101,1,597.5,162.262,20.685,-0.5,1000.0,RETURNING_TO_START,load_zone_26,dump_zone_3,0.00025,0.00067
1685.0,2026-07-02T15:13:47.101,2,-107.891,451.935,0.0,-0.1997,1000.0,RETURNING_TO_START,load_zone_22,dump_zone_23,0.00025,0.00067
1685.0,2026-07-02T15:13:47.101,3,-100.236,453.622,0.0,-0.5,1000.0,RETURNING_TO_START,load_zone_22,dump_zone_22,0.00025,0.00067
1686.0,2026-07-02T15:13:52.557,1,597.5,167.737,18.885,-0.5,1000.0,RETURNING_TO_START,load_zone_26,dump_zone_3,0.00025,0.00067
1686.0,2026-07-02T15:13:52.557,2,-107.891,451.935,0.0,-0.1997,1000.0,RETURNING_TO_START,load_zone_22,dump_zone_23,0.00025,0.00067
1686.0,2026-07-02T15:13:52.557,3,-100.236,453.622,0.0,-0.5,1000.0,RETURNING_TO_START,load_zone_22,dump_zone_22,0.00025,0.00067
1687.0,2026-07-02T15:13:58.158,1,597.5,172.712,17.085,-0.5,1000.0,RETURNING_TO_START,load_zone_26,dump_zone_3,0.00025,0.00067
1687.0,2026-07-02T15:13:58.158,2,-107.891,451.935,0.0,-0.1997,1000.0,RETURNING_TO_START,load_zone_22,dump_zone_23,0.00025,0.00067
1687.0,2026-07-02T15:13:58.158,3,-100.236,453.622,0.0,-0.5,1000.0,RETURNING_TO_START,load_zone_22,dump_zone_22,0.00025,0.00067
1688.0,2026-07-02T15:14:02.298,1,597.5,177.187,15.285,-0.5,1000.0,RETURNING_TO_START,load_zone_26,dump_zone_3,0.00025,0.00067
1688.0,2026-07-02T15:14:02.298,2,-107.891,451.935,0.0,-0.1997,1000.0,RETURNING_TO_START,load_zone_22,dump_zone_23,0.00025,0.00067
1688.0,2026-07-02T15:14:02.298,3,-100.236,453.622,0.0,-0.5,1000.0,RETURNING_TO_START,load_zone_22,dump_zone_22,0.00025,0.00067
1689.0,2026-07-02T15:14:07.340,1,597.5,181.163,13.485,-0.5,1000.0,RETURNING_TO_START,load_zone_26,dump_zone_3,0.00025,0.00067
1689.0,2026-07-02T15:14:07.340,2,-107.891,451.935,0.0,-0.1997,1000.0,RETURNING_TO_START,load_zone_22,dump_zone_23,0.00025,0.00067
1689.0,2026-07-02T15:14:07.340,3,-100.236,453.622,0.0,-0.5,1000.0,RETURNING_TO_START,load_zone_22,dump_zone_22,0.00025,0.00067
1690.0,2026-07-02T15:14:13.277,1,597.5,184.638,11.685,-0.5,1000.0,RETURNING_TO_START,load_zone_26,dump_zone_3,0.00025,0.00067
1690.0,2026-07-02T15:14:13.277,2,-107.891,451.935,0.0,-0.1997,1000.0,RETURNING_TO_START,load_zone_22,dump_zone_23,0.00025,0.00067
1690.0,2026-07-02T15:14:13.277,3,-100.236,453.622,0.0,-0.5,1000.0,RETURNING_TO_START,load_zone_22,dump_zone_22,0.00025,0.00067
1691.0,2026-07-02T15:14:19.276,1,597.241,187.592,9.885,-0.5,1000.0,RETURNING_TO_START,load_zone_26,dump_zone_3,0.00025,0.00067
1691.0,2026-07-02T15:14:19.276,2,-107.891,451.935,0.0,-0.1997,1000.0,RETURNING_TO_START,load_zone_22,dump_zone_23,0.00025,0.00067
1691.0,2026-07-02T15:14:19.276,3,-100.236,453.622,0.0,-0.5,1000.0,RETURNING_TO_START,load_zone_22,dump_zone_22,0.00025,0.00067
1692.0,2026-07-02T15:14:25.592,1,596.412,189.92,8.085,-0.5,1000.0,RETURNING_TO_START,load_zone_26,dump_zone_3,0.00025,0.00067
1692.0,2026-07-02T15:14:25.592,2,-107.891,451.935,0.0,-0.1997,1000.0,RETURNING_TO_START,load_zone_22,dump_zone_23,0.00025,0.00067
1692.0,2026-07-02T15:14:25.592,3,-100.236,453.622,0.0,-0.5,1000.0,RETURNING_TO_START,load_zone_22,dump_zone_22,0.00025,0.00067
1693.0,2026-07-02T15:14:30.805,1,595.818,191.801,6.285,-0.5,1000.0,RETURNING_TO_START,load_zone_26,dump_zone_3,0.00025,0.00067
1693.0,2026-07-02T15:14:30.805,2,-107.891,451.935,0.0,-0.1997,1000.0,RETURNING_TO_START,load_zone_22,dump_zone_23,0.00025,0.00067
1693.0,2026-07-02T15:14:30.805,3,-100.236,453.622,0.0,-0.5,1000.0,RETURNING_TO_START,load_zone_22,dump_zone_22,0.00025,0.00067
1694.0,2026-07-02T15:14:37.107,1,595.586,193.405,5.773,-0.1041,1000.0,RETURNING_TO_START,load_zone_26,dump_zone_3,0.000253,0.000678
1694.0,2026-07-02T15:14:37.107,2,-107.891,451.935,0.0,-0.1997,1000.0,RETURNING_TO_START,load_zone_22,dump_zone_23,0.00025,0.00067
1694.0,2026-07-02T15:14:37.107,3,-100.236,453.622,0.0,-0.5,1000.0,RETURNING_TO_START,load_zone_22,dump_zone_22,0.00025,0.00067
1695.0,2026-07-02T15:14:42.988,1,595.509,194.973,5.348,-0.4374,1000.0,RETURNING_TO_START,load_zone_26,dump_zone_3,0.00025,0.00067
1695.0,2026-07-02T15:14:42.988,2,-107.891,451.935,0.0,-0.1997,1000.0,RETURNING_TO_START,load_zone_22,dump_zone_23,0.00025,0.00067
1695.0,2026-07-02T15:14:42.988,3,-100.236,453.622,0.0,-0.5,1000.0,RETURNING_TO_START,load_zone_22,dump_zone_22,0.00025,0.00067
1696.0,2026-07-02T15:14:50.021,1,595.704,196.255,4.545,0.0506,1000.0,RETURNING_TO_START,load_zone_26,dump_zone_3,0.000256,0.000686
1696.0,2026-07-02T15:14:50.021,2,-107.891,451.935,0.0,-0.1997,1000.0,RETURNING_TO_START,load_zone_22,dump_zone_23,0.00025,0.00067
1696.0,2026-07-02T15:14:50.021,3,-100.236,453.622,0.0,-0.5,1000.0,RETURNING_TO_START,load_zone_22,dump_zone_22,0.00025,0.00067
1697.0,2026-07-02T15:14:56.149,1,596.186,197.428,5.027,0.5506,1000.0,RETURNING_TO_START,load_zone_26,dump_zone_3,0.00027,0.000724
1697.0,2026-07-02T15:14:56.149,2,-107.891,451.935,0.0,-0.1997,1000.0,RETURNING_TO_START,load_zone_22,dump_zone_23,0.00025,0.00067
1697.0,2026-07-02T15:14:56.149,3,-100.236,453.622,0.0,-0.5,1000.0,RETURNING_TO_START,load_zone_22,dump_zone_22,0.00025,0.00067
1698.0,2026-07-02T15:15:01.904,1,597.026,199.033,7.789,0.6025,1000.0,RETURNING_TO_START,load_zone_26,dump_zone_3,0.000284,0.000761
1698.0,2026-07-02T15:15:01.904,2,-107.891,451.935,0.0,-0.1997,1000.0,RETURNING_TO_START,load_zone_22,dump_zone_23,0.00025,0.00067
1698.0,2026-07-02T15:15:01.904,3,-100.236,453.622,0.0,-0.5,1000.0,RETURNING_TO_START,load_zone_22,dump_zone_22,0.00025,0.00067
1699.0,2026-07-02T15:15:06.787,1,598.6,200.786,9.408,0.7691,1000.0,RETURNING_TO_START,load_zone_26,dump_zone_3,0.000299,0.000801
1699.0,2026-07-02T15:15:06.787,2,-107.891,451.935,0.0,-0.1997,1000.0,RETURNING_TO_START,load_zone_22,dump_zone_23,0.00025,0.00067
1699.0,2026-07-02T15:15:06.787,3,-100.236,453.622,0.0,-0.5,1000.0,RETURNING_TO_START,load_zone_22,dump_zone_22,0.00025,0.00067
1700.0,2026-07-02T15:15:12.004,1,601.516,201.377,11.82,0.25,1000.0,RETURNING_TO_START,load_zone_26,dump_zone_3,0.000278,0.000745
1700.0,2026-07-02T15:15:12.004,2,-107.891,451.935,0.0,-0.1997,1000.0,RETURNING_TO_START,load_zone_22,dump_zone_23,0.00025,0.00067
1700.0,2026-07-02T15:15:12.004,3,-100.236,453.622,0.0,-0.5,1000.0,RETURNING_TO_START,load_zone_22,dump_zone_22,0.00025,0.00067
1701.0,2026-07-02T15:15:16.901,1,604.463,200.131,10.92,-0.5,1000.0,RETURNING_TO_START,load_zone_26,dump_zone_3,0.00025,0.00067
1701.0,2026-07-02T15:15:16.901,2,-107.891,451.935,0.0,-0.1997,1000.0,RETURNING_TO_START,load_zone_22,dump_zone_23,0.00025,0.00067
1701.0,2026-07-02T15:15:16.901,3,-100.236,453.622,0.0,-0.5,1000.0,RETURNING_TO_START,load_zone_22,dump_zone_22,0.00025,0.00067
1702.0,2026-07-02T15:15:22.552,1,607.155,199.287,9.861,0.0315,1000.0,RETURNING_TO_START,load_zone_26,dump_zone_3,0.000262,0.000702
1702.0,2026-07-02T15:15:22.552,2,-107.891,451.935,0.0,-0.1997,1000.0,RETURNING_TO_START,load_zone_22,dump_zone_23,0.00025,0.00067
1702.0,2026-07-02T15:15:22.552,3,-100.236,453.622,0.0,-0.5,1000.0,RETURNING_TO_START,load_zone_22,dump_zone_22,0.00025,0.00067
1703.0,2026-07-02T15:15:28.183,1,610.089,198.893,11.782,0.7346,1000.0,RETURNING_TO_START,load_zone_26,dump_zone_3,0.000309,0.000828
1703.0,2026-07-02T15:15:28.183,2,-107.891,451.935,0.0,-0.1997,1000.0,RETURNING_TO_START,load_zone_22,dump_zone_23,0.00025,0.00067
1703.0,2026-07-02T15:15:28.183,3,-100.236,453.622,0.0,-0.5,1000.0,RETURNING_TO_START,load_zone_22,dump_zone_22,0.00025,0.00067
1704.0,2026-07-02T15:15:34.128,1,613.727,198.805,14.276,0.9013,1000.0,RETURNING_TO_START,load_zone_26,dump_zone_3,0.000334,0.000895
1704.0,2026-07-02T15:15:34.128,2,-107.891,451.935,0.0,-0.1997,1000.0,RETURNING_TO_START,load_zone_22,dump_zone_23,0.00025,0.00067
1704.0,2026-07-02T15:15:34.128,3,-100.236,453.622,0.0,-0.5,1000.0,RETURNING_TO_START,load_zone_22,dump_zone_22,0.00025,0.00067
1705.0,2026-07-02T15:15:40.255,1,618.205,199.042,17.76,0.9167,1000.0,RETURNING_TO_START,load_zone_26,dump_zone_3,0.000356,0.000954
1705.0,2026-07-02T15:15:40.255,2,-107.891,451.935,0.0,-0.1997,1000.0,RETURNING_TO_START,load_zone_22,dump_zone_23,0.00025,0.00067
1705.0,2026-07-02T15:15:40.255,3,-100.236,453.622,0.0,-0.5,1000.0,RETURNING_TO_START,load_zone_22,dump_zone_22,0.00025,0.00067
1706.0,2026-07-02T15:15:45.380,1,623.396,199.572,19.11,-0.0833,1000.0,RETURNING_TO_START,load_zone_26,dump_zone_3,0.000262,0.000702
1706.0,2026-07-02T15:15:45.380,2,-107.891,451.935,0.0,-0.1997,1000.0,RETURNING_TO_START,load_zone_22,dump_zone_23,0.00025,0.00067
1706.0,2026-07-02T15:15:45.380,3,-100.236,453.622,0.0,-0.5,1000.0,RETURNING_TO_START,load_zone_22,dump_zone_22,0.00025,0.00067
1707.0,2026-07-02T15:15:50.889,1,628.453,200.241,17.56,-0.5,1000.0,RETURNING_TO_START,load_zone_26,dump_zone_3,0.00025,0.00067
1707.0,2026-07-02T15:15:50.889,2,-107.891,451.935,0.0,-0.1997,1000.0,RETURNING_TO_START,load_zone_22,dump_zone_23,0.00025,0.00067
1707.0,2026-07-02T15:15:50.889,3,-100.236,453.622,0.0,-0.5,1000.0,RETURNING_TO_START,load_zone_22,dump_zone_22,0.00025,0.00067
1708.0,2026-07-02T15:15:56.519,1,633.015,200.887,15.76,-0.5,1000.0,RETURNING_TO_START,load_zone_26,dump_zone_3,0.00025,0.00067
1708.0,2026-07-02T15:15:56.519,2,-107.891,451.935,0.0,-0.1997,1000.0,RETURNING_TO_START,load_zone_22,dump_zone_23,0.00025,0.00067
1708.0,2026-07-02T15:15:56.519,3,-100.236,453.622,0.0,-0.5,1000.0,RETURNING_TO_START,load_zone_22,dump_zone_22,0.00025,0.00067
1709.0,2026-07-02T15:16:01.788,1,637.084,201.443,13.96,-0.5,1000.0,RETURNING_TO_START,load_zone_26,dump_zone_3,0.00025,0.00067
1709.0,2026-07-02T15:16:01.788,2,-107.891,451.935,0.0,-0.1997,1000.0,RETURNING_TO_START,load_zone_22,dump_zone_23,0.00025,0.00067
1709.0,2026-07-02T15:16:01.788,3,-100.236,453.622,0.0,-0.5,1000.0,RETURNING_TO_START,load_zone_22,dump_zone_22,0.00025,0.00067
1710.0,2026-07-02T15:16:07.300,1,640.664,201.878,12.16,-0.5,1000.0,RETURNING_TO_START,load_zone_26,dump_zone_3,0.00025,0.00067
1710.0,2026-07-02T15:16:07.300,2,-107.891,451.935,0.0,-0.1997,1000.0,RETURNING_TO_START,load_zone_22,dump_zone_23,0.00025,0.00067
1710.0,2026-07-02T15:16:07.300,3,-100.236,453.622,0.0,-0.5,1000.0,RETURNING_TO_START,load_zone_22,dump_zone_22,0.00025,0.00067
1711.0,2026-07-02T15:16:12.199,1,643.756,202.183,10.36,-0.5,1000.0,RETURNING_TO_START,load_zone_26,dump_zone_3,0.00025,0.00067
1711.0,2026-07-02T15:16:12.199,2,-107.891,451.935,0.0,-0.1997,1000.0,RETURNING_TO_START,load_zone_22,dump_zone_23,0.00025,0.00067
1711.0,2026-07-02T15:16:12.199,3,-100.236,453.622,0.0,-0.5,1000.0,RETURNING_TO_START,load_zone_22,dump_zone_22,0.00025,0.00067
1712.0,2026-07-02T15:16:18.119,1,646.356,202.37,8.56,-0.5,1000.0,RETURNING_TO_START,load_zone_26,dump_zone_3,0.00025,0.00067
1712.0,2026-07-02T15:16:18.119,2,-107.891,451.935,0.0,-0.1997,1000.0,RETURNING_TO_START,load_zone_22,dump_zone_23,0.00025,0.00067
1712.0,2026-07-02T15:16:18.119,3,-100.236,453.622,0.0,-0.5,1000.0,RETURNING_TO_START,load_zone_22,dump_zone_22,0.00025,0.00067
1713.0,2026-07-02T15:16:23.635,1,648.462,202.415,6.785,-0.4167,1000.0,RETURNING_TO_START,load_zone_26,dump_zone_3,0.00025,0.00067
1713.0,2026-07-02T15:16:23.635,2,-107.891,451.935,0.0,-0.1997,1000.0,RETURNING_TO_START,load_zone_22,dump_zone_23,0.00025,0.00067
1713.0,2026-07-02T15:16:23.635,3,-100.236,453.622,0.0,-0.5,1000.0,RETURNING_TO_START,load_zone_22,dump_zone_22,0.00025,0.00067
1714.0,2026-07-02T15:16:29.195,1,650.25,201.927,7.235,0.5833,1000.0,RETURNING_TO_START,load_zone_26,dump_zone_3,0.00028,0.00075
1714.0,2026-07-02T15:16:29.195,2,-107.891,451.935,0.0,-0.1997,1000.0,RETURNING_TO_START,load_zone_22,dump_zone_23,0.00025,0.00067
1714.0,2026-07-02T15:16:29.195,3,-100.236,453.622,0.0,-0.5,1000.0,RETURNING_TO_START,load_zone_22,dump_zone_22,0.00025,0.00067
1715.0,2026-07-02T15:16:34.770,1,651.915,200.195,9.885,0.4167,1000.0,RETURNING_TO_START,load_zone_26,dump_zone_3,0.000283,0.000758
1715.0,2026-07-02T15:16:34.770,2,-107.891,451.935,0.0,-0.1997,1000.0,RETURNING_TO_START,load_zone_22,dump_zone_23,0.00025,0.00067
1715.0,2026-07-02T15:16:34.770,3,-100.236,453.622,0.0,-0.5,1000.0,RETURNING_TO_START,load_zone_22,dump_zone_22,0.00025,0.00067
1716.0,2026-07-02T15:16:40.323,1,652.527,197.522,9.735,-0.0833,1000.0,RETURNING_TO_START,load_zone_26,dump_zone_3,0.000256,0.000686
1716.0,2026-07-02T15:16:40.323,2,-107.891,451.935,0.0,-0.1997,1000.0,RETURNING_TO_START,load_zone_22,dump_zone_23,0.00025,0.00067
1716.0,2026-07-02T15:16:40.323,3,-100.236,453.622,0.0,-0.5,1000.0,RETURNING_TO_START,load_zone_22,dump_zone_22,0.00025,0.00067
1717.0,2026-07-02T15:16:46.011,1,652.55,194.653,11.385,0.9167,1000.0,RETURNING_TO_START,load_zone_26,dump_zone_3,0.000318,0.000852
1717.0,2026-07-02T15:16:46.011,2,-107.891,451.935,0.0,-0.1997,1000.0,RETURNING_TO_START,load_zone_22,dump_zone_23,0.00025,0.00067
1717.0,2026-07-02T15:16:46.011,3,-100.236,453.622,0.0,-0.5,1000.0,RETURNING_TO_START,load_zone_22,dump_zone_22,0.00025,0.00067
1718.0,2026-07-02T15:16:51.670,1,652.513,191.115,13.335,0.0833,1000.0,RETURNING_TO_START,load_zone_26,dump_zone_3,0.00027,0.000724
1718.0,2026-07-02T15:16:51.670,2,-107.891,451.935,0.0,-0.1997,1000.0,RETURNING_TO_START,load_zone_22,dump_zone_23,0.00025,0.00067
1718.0,2026-07-02T15:16:51.670,3,-100.236,453.622,0.0,-0.5,1000.0,RETURNING_TO_START,load_zone_22,dump_zone_22,0.00025,0.00067
1719.0,2026-07-02T15:16:57.097,1,652.499,187.556,12.06,-0.5,1000.0,RETURNING_TO_START,load_zone_26,dump_zone_3,0.00025,0.00067
1719.0,2026-07-02T15:16:57.097,2,-107.891,451.935,0.0,-0.1997,1000.0,RETURNING_TO_START,load_zone_22,dump_zone_23,0.00025,0.00067
1719.0,2026-07-02T15:16:57.097,3,-100.236,453.622,0.0,-0.5,1000.0,RETURNING_TO_START,load_zone_22,dump_zone_22,0.00025,0.00067
1720.0,2026-07-02T15:17:02.437,1,652.499,184.477,10.26,-0.5,1000.0,RETURNING_TO_START,load_zone_26,dump_zone_3,0.00025,0.00067
1720.0,2026-07-02T15:17:02.437,2,-107.891,451.935,0.0,-0.1997,1000.0,RETURNING_TO_START,load_zone_22,dump_zone_23,0.00025,0.00067
1720.0,2026-07-02T15:17:02.437,3,-100.236,453.622,0.0,-0.5,1000.0,RETURNING_TO_START,load_zone_22,dump_zone_22,0.00025,0.00067
1721.0,2026-07-02T15:17:07.755,1,652.5,181.898,8.46,-0.5,1000.0,RETURNING_TO_START,load_zone_26,dump_zone_3,0.00025,0.00067
1721.0,2026-07-02T15:17:07.755,2,-107.891,451.935,0.0,-0.1997,1000.0,RETURNING_TO_START,load_zone_22,dump_zone_23,0.00025,0.00067
1721.0,2026-07-02T15:17:07.755,3,-100.236,453.622,0.0,-0.5,1000.0,RETURNING_TO_START,load_zone_22,dump_zone_22,0.00025,0.00067
1722.0,2026-07-02T15:17:13.306,1,652.346,179.828,6.66,-0.5,1000.0,RETURNING_TO_START,load_zone_26,dump_zone_3,0.00025,0.00067
1722.0,2026-07-02T15:17:13.306,2,-107.891,451.935,0.0,-0.1997,1000.0,RETURNING_TO_START,load_zone_22,dump_zone_23,0.00025,0.00067
1722.0,2026-07-02T15:17:13.306,3,-100.236,453.622,0.0,-0.5,1000.0,RETURNING_TO_START,load_zone_22,dump_zone_22,0.00025,0.00067
1723.0,2026-07-02T15:17:17.845,1,652.55,178.272,4.86,-0.5,1000.0,RETURNING_TO_START,load_zone_26,dump_zone_3,0.00025,0.00067
1723.0,2026-07-02T15:17:17.845,2,-107.891,451.935,0.0,-0.1997,1000.0,RETURNING_TO_START,load_zone_22,dump_zone_23,0.00025,0.00067
1723.0,2026-07-02T15:17:17.845,3,-100.236,453.622,0.0,-0.5,1000.0,RETURNING_TO_START,load_zone_22,dump_zone_22,0.00025,0.00067
1724.0,2026-07-02T15:17:23.215,1,653.026,177.307,3.06,-0.5,1000.0,UNLOADING,load_zone_26,dump_zone_3,0.00025,0.00067
1724.0,2026-07-02T15:17:23.215,2,-107.891,451.935,0.0,-0.1997,1000.0,RETURNING_TO_START,load_zone_22,dump_zone_23,0.00025,0.00067
1724.0,2026-07-02T15:17:23.215,3,-100.236,453.622,0.0,-0.5,1000.0,RETURNING_TO_START,load_zone_22,dump_zone_22,0.00025,0.00067
1725.0,2026-07-02T15:17:27.582,1,653.38,176.85,1.26,-0.5,1000.0,UNLOADING,load_zone_26,dump_zone_3,0.00025,0.00067
1725.0,2026-07-02T15:17:27.582,2,-107.891,451.935,0.0,-0.1997,1000.0,RETURNING_TO_START,load_zone_22,dump_zone_23,0.00025,0.00067
1725.0,2026-07-02T15:17:27.582,3,-100.236,453.622,0.0,-0.5,1000.0,RETURNING_TO_START,load_zone_22,dump_zone_22,0.00025,0.00067
1726.0,2026-07-02T15:17:31.728,1,653.453,176.77,0.0,-0.5,1000.0,UNLOADING,load_zone_26,dump_zone_3,0.00025,0.00067
1726.0,2026-07-02T15:17:31.728,2,-107.891,451.935,0.0,-0.1997,1000.0,RETURNING_TO_START,load_zone_22,dump_zone_23,0.00025,0.00067
1726.0,2026-07-02T15:17:31.728,3,-100.236,453.622,0.0,-0.5,1000.0,RETURNING_TO_START,load_zone_22,dump_zone_22,0.00025,0.00067
1727.0,2026-07-02T15:17:37.245,1,653.696,176.541,7.2,0.0,0.0,TURNING_AROUND,dump_zone_3,load_zone_26,0.000255,0.000683
1727.0,2026-07-02T15:17:37.245,2,-107.891,451.935,0.0,-0.1997,1000.0,RETURNING_TO_START,load_zone_22,dump_zone_23,0.00025,0.00067
1727.0,2026-07-02T15:17:37.245,3,-100.236,453.622,0.0,-0.5,1000.0,RETURNING_TO_START,load_zone_22,dump_zone_22,0.00025,0.00067
1728.0,2026-07-02T15:17:41.018,1,655.466,175.656,7.2,0.0,0.0,TURNING_AROUND,dump_zone_3,load_zone_26,0.000255,0.000683
1728.0,2026-07-02T15:17:41.018,2,-107.891,451.935,0.0,-0.1997,1000.0,RETURNING_TO_START,load_zone_22,dump_zone_23,0.00025,0.00067
1728.0,2026-07-02T15:17:41.018,3,-100.236,453.622,0.0,-0.5,1000.0,RETURNING_TO_START,load_zone_22,dump_zone_22,0.00025,0.00067
1729.0,2026-07-02T15:17:44.836,1,655.424,175.479,5.4,0.0,0.0,TURNING_AROUND,dump_zone_3,load_zone_26,0.000253,0.000678
1729.0,2026-07-02T15:17:44.836,2,-107.891,451.935,0.0,-0.1997,1000.0,RETURNING_TO_START,load_zone_22,dump_zone_23,0.00025,0.00067
1729.0,2026-07-02T15:17:44.836,3,-100.236,453.622,0.0,-0.5,1000.0,RETURNING_TO_START,load_zone_22,dump_zone_22,0.00025,0.00067
1730.0,2026-07-02T15:17:48.949,1,655.837,175.876,7.2,0.0,0.0,TURNING_AROUND,dump_zone_3,load_zone_26,0.000255,0.000683
1730.0,2026-07-02T15:17:48.949,2,-107.891,451.935,0.0,-0.1997,1000.0,RETURNING_TO_START,load_zone_22,dump_zone_23,0.00025,0.00067
1730.0,2026-07-02T15:17:48.949,3,-100.236,453.622,0.0,-0.5,1000.0,RETURNING_TO_START,load_zone_22,dump_zone_22,0.00025,0.00067
1731.0,2026-07-02T15:17:53.110,1,657.049,177.441,7.2,0.0,0.0,TURNING_AROUND,dump_zone_3,load_zone_26,0.000255,0.000683
1731.0,2026-07-02T15:17:53.110,2,-107.891,451.935,0.0,-0.1997,1000.0,RETURNING_TO_START,load_zone_22,dump_zone_23,0.00025,0.00067
1731.0,2026-07-02T15:17:53.110,3,-100.236,453.622,0.0,-0.5,1000.0,RETURNING_TO_START,load_zone_22,dump_zone_22,0.00025,0.00067
1732.0,2026-07-02T15:17:57.854,1,656.813,176.73,0.0,-0.0833,0.0,GOING_TO_ENDPOINT,dump_zone_3,load_zone_26,0.00025,0.00067
1732.0,2026-07-02T15:17:57.854,2,-107.891,451.935,0.0,-0.1997,1000.0,RETURNING_TO_START,load_zone_22,dump_zone_23,0.00025,0.00067
1732.0,2026-07-02T15:17:57.854,3,-100.236,453.622,0.0,-0.5,1000.0,RETURNING_TO_START,load_zone_22,dump_zone_22,0.00025,0.00067
1733.0,2026-07-02T15:18:02.123,1,656.809,176.895,1.65,0.9167,0.0,GOING_TO_ENDPOINT,dump_zone_3,load_zone_26,0.000256,0.000686
1733.0,2026-07-02T15:18:02.123,2,-107.891,451.935,0.0,-0.1997,1000.0,RETURNING_TO_START,load_zone_22,dump_zone_23,0.00025,0.00067
1733.0,2026-07-02T15:18:02.123,3,-100.236,453.622,0.0,-0.5,1000.0,RETURNING_TO_START,load_zone_22,dump_zone_22,0.00025,0.00067
1734.0,2026-07-02T15:18:06.494,1,656.634,177.877,5.25,1.0,0.0,GOING_TO_ENDPOINT,dump_zone_3,load_zone_26,0.00027,0.000724
1734.0,2026-07-02T15:18:06.494,2,-107.891,451.935,0.0,-0.1997,1000.0,RETURNING_TO_START,load_zone_22,dump_zone_23,0.00025,0.00067
1734.0,2026-07-02T15:18:06.494,3,-100.236,453.622,0.0,-0.5,1000.0,RETURNING_TO_START,load_zone_22,dump_zone_22,0.00025,0.00067
1735.0,2026-07-02T15:18:10.235,1,655.582,179.553,8.85,1.0,0.0,GOING_TO_ENDPOINT,dump_zone_3,load_zone_26,0.000284,0.000761
1735.0,2026-07-02T15:18:10.235,2,-107.891,451.935,0.0,-0.1997,1000.0,RETURNING_TO_START,load_zone_22,dump_zone_23,0.00025,0.00067
1735.0,2026-07-02T15:18:10.235,3,-100.236,453.622,0.0,-0.5,1000.0,RETURNING_TO_START,load_zone_22,dump_zone_22,0.00025,0.00067
1736.0,2026-07-02T15:18:14.809,1,653.092,181.212,12.45,1.0,0.0,GOING_TO_ENDPOINT,dump_zone_3,load_zone_26,0.000298,0.000799
1736.0,2026-07-02T15:18:14.809,2,-107.891,451.935,0.0,-0.1997,1000.0,RETURNING_TO_START,load_zone_22,dump_zone_23,0.00025,0.00067
1736.0,2026-07-02T15:18:14.809,3,-100.236,453.622,0.0,-0.5,1000.0,RETURNING_TO_START,load_zone_22,dump_zone_22,0.00025,0.00067
1737.0,2026-07-02T15:18:19.499,1,649.849,183.535,16.025,0.9167,0.0,GOING_TO_ENDPOINT,dump_zone_3,load_zone_26,0.000308,0.000825
1737.0,2026-07-02T15:18:19.499,2,-107.891,451.935,0.0,-0.1997,1000.0,RETURNING_TO_START,load_zone_22,dump_zone_23,0.00025,0.00067
1737.0,2026-07-02T15:18:19.499,3,-100.236,453.622,0.0,-0.5,1000.0,RETURNING_TO_START,load_zone_22,dump_zone_22,0.00025,0.00067
1738.0,2026-07-02T15:18:24.833,1,647.584,187.596,17.375,-0.0833,0.0,GOING_TO_ENDPOINT,dump_zone_3,load_zone_26,0.000256,0.000686
1738.0,2026-07-02T15:18:24.833,2,-107.891,451.935,0.0,-0.1997,1000.0,RETURNING_TO_START,load_zone_22,dump_zone_23,0.00025,0.00067
1738.0,2026-07-02T15:18:24.833,3,-100.236,453.622,0.0,-0.5,1000.0,RETURNING_TO_START,load_zone_22,dump_zone_22,0.00025,0.00067
1739.0,2026-07-02T15:18:28.731,1,647.457,192.207,15.825,-0.5,0.0,GOING_TO_ENDPOINT,dump_zone_3,load_zone_26,0.00025,0.00067
1739.0,2026-07-02T15:18:28.731,2,-107.891,451.935,0.0,-0.1997,1000.0,RETURNING_TO_START,load_zone_22,dump_zone_23,0.00025,0.00067
1739.0,2026-07-02T15:18:28.731,3,-100.236,453.622,0.0,-0.5,1000.0,RETURNING_TO_START,load_zone_22,dump_zone_22,0.00025,0.00067
1740.0,2026-07-02T15:18:33.230,1,647.497,196.331,14.025,-0.5,0.0,GOING_TO_ENDPOINT,dump_zone_3,load_zone_26,0.00025,0.00067
1740.0,2026-07-02T15:18:33.230,2,-107.891,451.935,0.0,-0.1997,1000.0,RETURNING_TO_START,load_zone_22,dump_zone_23,0.00025,0.00067
1740.0,2026-07-02T15:18:33.230,3,-100.236,453.622,0.0,-0.5,1000.0,RETURNING_TO_START,load_zone_22,dump_zone_22,0.00025,0.00067
1741.0,2026-07-02T15:18:38.956,1,646.974,199.878,12.472,-0.1853,0.0,GOING_TO_ENDPOINT,dump_zone_3,load_zone_26,0.00025,0.00067
1741.0,2026-07-02T15:18:38.956,2,-107.891,451.935,0.0,-0.1997,1000.0,RETURNING_TO_START,load_zone_22,dump_zone_23,0.00025,0.00067
1741.0,2026-07-02T15:18:38.956,3,-100.236,453.622,0.0,-0.5,1000.0,RETURNING_TO_START,load_zone_22,dump_zone_22,0.00025,0.00067
1742.0,2026-07-02T15:18:43.012,1,644.13,201.844,13.755,0.8147,0.0,GOING_TO_ENDPOINT,dump_zone_3,load_zone_26,0.000295,0.000791
1742.0,2026-07-02T15:18:43.012,2,-107.891,451.935,0.0,-0.1997,1000.0,RETURNING_TO_START,load_zone_22,dump_zone_23,0.00025,0.00067
1742.0,2026-07-02T15:18:43.012,3,-100.236,453.622,0.0,-0.5,1000.0,RETURNING_TO_START,load_zone_22,dump_zone_22,0.00025,0.00067
1743.0,2026-07-02T15:18:47.015,1,640.298,200.263,17.319,1.0,0.0,GOING_TO_ENDPOINT,dump_zone_3,load_zone_26,0.000317,0.00085
1743.0,2026-07-02T15:18:47.015,2,-107.891,451.935,0.0,-0.1997,1000.0,RETURNING_TO_START,load_zone_22,dump_zone_23,0.00025,0.00067
1743.0,2026-07-02T15:18:47.015,3,-100.236,453.622,0.0,-0.5,1000.0,RETURNING_TO_START,load_zone_22,dump_zone_22,0.00025,0.00067
1744.0,2026-07-02T15:18:52.263,1,636.292,196.836,20.544,0.5833,0.0,GOING_TO_ENDPOINT,dump_zone_3,load_zone_26,0.000302,0.000809
1744.0,2026-07-02T15:18:52.263,2,-107.891,451.935,0.0,-0.1997,1000.0,RETURNING_TO_START,load_zone_22,dump_zone_23,0.00025,0.00067
1744.0,2026-07-02T15:18:52.263,3,-100.236,453.622,0.0,-0.5,1000.0,RETURNING_TO_START,load_zone_22,dump_zone_22,0.00025,0.00067
1745.0,2026-07-02T15:18:57.622,1,630.678,195.443,20.694,-0.4167,0.0,GOING_TO_ENDPOINT,dump_zone_3,load_zone_26,0.00025,0.00067
1745.0,2026-07-02T15:18:57.622,2,-107.891,451.935,0.0,-0.1997,1000.0,RETURNING_TO_START,load_zone_22,dump_zone_23,0.00025,0.00067
1745.0,2026-07-02T15:18:57.622,3,-100.236,453.622,0.0,-0.5,1000.0,RETURNING_TO_START,load_zone_22,dump_zone_22,0.00025,0.00067
1746.0,2026-07-02T15:19:02.963,1,625.243,194.766,18.894,-0.5,0.0,GOING_TO_ENDPOINT,dump_zone_3,load_zone_26,0.00025,0.00067
1746.0,2026-07-02T15:19:02.963,2,-107.891,451.935,0.0,-0.1997,1000.0,RETURNING_TO_START,load_zone_22,dump_zone_23,0.00025,0.00067
1746.0,2026-07-02T15:19:02.963,3,-100.236,453.622,0.0,-0.5,1000.0,RETURNING_TO_START,load_zone_22,dump_zone_22,0.00025,0.00067
1747.0,2026-07-02T15:19:07.750,1,620.296,194.212,17.094,-0.5,0.0,GOING_TO_ENDPOINT,dump_zone_3,load_zone_26,0.00025,0.00067
1747.0,2026-07-02T15:19:07.750,2,-107.891,451.935,0.0,-0.1997,1000.0,RETURNING_TO_START,load_zone_22,dump_zone_23,0.00025,0.00067
1747.0,2026-07-02T15:19:07.750,3,-100.236,453.622,0.0,-0.5,1000.0,RETURNING_TO_START,load_zone_22,dump_zone_22,0.00025,0.00067
1748.0,2026-07-02T15:19:12.980,1,615.831,193.888,15.294,-0.5,0.0,GOING_TO_ENDPOINT,dump_zone_3,load_zone_26,0.00025,0.00067
1748.0,2026-07-02T15:19:12.980,2,-107.891,451.935,0.0,-0.1997,1000.0,RETURNING_TO_START,load_zone_22,dump_zone_23,0.00025,0.00067
1748.0,2026-07-02T15:19:12.980,3,-100.236,453.622,0.0,-0.5,1000.0,RETURNING_TO_START,load_zone_22,dump_zone_22,0.00025,0.00067
1749.0,2026-07-02T15:19:18.040,1,611.855,193.838,13.494,-0.5,0.0,GOING_TO_ENDPOINT,dump_zone_3,load_zone_26,0.00025,0.00067
1749.0,2026-07-02T15:19:18.040,2,-107.891,451.935,0.0,-0.1997,1000.0,RETURNING_TO_START,load_zone_22,dump_zone_23,0.00025,0.00067
1749.0,2026-07-02T15:19:18.040,3,-100.236,453.622,0.0,-0.5,1000.0,RETURNING_TO_START,load_zone_22,dump_zone_22,0.00025,0.00067
1750.0,2026-07-02T15:19:23.934,1,608.504,194.619,11.694,-0.5,0.0,GOING_TO_ENDPOINT,dump_zone_3,load_zone_26,0.00025,0.00067
1750.0,2026-07-02T15:19:23.934,2,-107.891,451.935,0.0,-0.1997,1000.0,RETURNING_TO_START,load_zone_22,dump_zone_23,0.00025,0.00067
1750.0,2026-07-02T15:19:23.934,3,-100.236,453.622,0.0,-0.5,1000.0,RETURNING_TO_START,load_zone_22,dump_zone_22,0.00025,0.00067
1751.0,2026-07-02T15:19:29.428,1,605.929,196.112,9.894,-0.5,0.0,GOING_TO_ENDPOINT,dump_zone_3,load_zone_26,0.00025,0.00067
1751.0,2026-07-02T15:19:29.428,2,-107.891,451.935,0.0,-0.1997,1000.0,RETURNING_TO_START,load_zone_22,dump_zone_23,0.00025,0.00067
1751.0,2026-07-02T15:19:29.428,3,-100.236,453.622,0.0,-0.5,1000.0,RETURNING_TO_START,load_zone_22,dump_zone_22,0.00025,0.00067
1752.0,2026-07-02T15:19:34.823,1,603.685,197.161,8.094,-0.5,0.0,GOING_TO_ENDPOINT,dump_zone_3,load_zone_26,0.00025,0.00067
1752.0,2026-07-02T15:19:34.823,2,-107.891,451.935,0.0,-0.1997,1000.0,RETURNING_TO_START,load_zone_22,dump_zone_23,0.00025,0.00067
1752.0,2026-07-02T15:19:34.823,3,-100.236,453.622,0.0,-0.5,1000.0,RETURNING_TO_START,load_zone_22,dump_zone_22,0.00025,0.00067
1753.0,2026-07-02T15:19:41.072,1,601.894,197.998,6.294,-0.5,0.0,GOING_TO_ENDPOINT,dump_zone_3,load_zone_26,0.00025,0.00067
1753.0,2026-07-02T15:19:41.072,2,-107.891,451.935,0.0,-0.1997,1000.0,RETURNING_TO_START,load_zone_22,dump_zone_23,0.00025,0.00067
1753.0,2026-07-02T15:19:41.072,3,-100.236,453.622,0.0,-0.5,1000.0,RETURNING_TO_START,load_zone_22,dump_zone_22,0.00025,0.00067
1754.0,2026-07-02T15:19:46.893,1,600.524,198.543,4.494,-0.5,0.0,GOING_TO_ENDPOINT,dump_zone_3,load_zone_26,0.00025,0.00067
1754.0,2026-07-02T15:19:46.893,2,-107.891,451.935,0.0,-0.1997,1000.0,RETURNING_TO_START,load_zone_22,dump_zone_23,0.00025,0.00067
1754.0,2026-07-02T15:19:46.893,3,-100.236,453.622,0.0,-0.5,1000.0,RETURNING_TO_START,load_zone_22,dump_zone_22,0.00025,0.00067
1755.0,2026-07-02T15:19:53.049,1,599.46,198.654,3.819,0.25,0.0,GOING_TO_ENDPOINT,dump_zone_3,load_zone_26,0.000256,0.000686
1755.0,2026-07-02T15:19:53.049,2,-107.891,451.935,0.0,-0.1997,1000.0,RETURNING_TO_START,load_zone_22,dump_zone_23,0.00025,0.00067
1755.0,2026-07-02T15:19:53.049,3,-100.236,453.622,0.0,-0.5,1000.0,RETURNING_TO_START,load_zone_22,dump_zone_22,0.00025,0.00067
1756.0,2026-07-02T15:19:58.312,1,598.096,198.365,6.519,1.0,0.0,GOING_TO_ENDPOINT,dump_zone_3,load_zone_26,0.000275,0.000737
1756.0,2026-07-02T15:19:58.312,2,-107.891,451.935,0.0,-0.1997,1000.0,RETURNING_TO_START,load_zone_22,dump_zone_23,0.00025,0.00067
1756.0,2026-07-02T15:19:58.312,3,-100.236,453.622,0.0,-0.5,1000.0,RETURNING_TO_START,load_zone_22,dump_zone_22,0.00025,0.00067
1757.0,2026-07-02T15:20:01.513,1,596.306,196.893,10.119,1.0,0.0,GOING_TO_ENDPOINT,dump_zone_3,load_zone_26,0.000289,0.000775
1757.0,2026-07-02T15:20:01.513,2,-107.891,451.935,0.0,-0.1997,1000.0,RETURNING_TO_START,load_zone_22,dump_zone_23,0.00025,0.00067
1757.0,2026-07-02T15:20:01.513,3,-100.236,453.622,0.0,-0.5,1000.0,RETURNING_TO_START,load_zone_22,dump_zone_22,0.00025,0.00067
1758.0,2026-07-02T15:20:05.666,1,595.791,193.68,13.719,1.0,0.0,GOING_TO_ENDPOINT,dump_zone_3,load_zone_26,0.000303,0.000812
1758.0,2026-07-02T15:20:05.666,2,-107.891,451.935,0.0,-0.1997,1000.0,RETURNING_TO_START,load_zone_22,dump_zone_23,0.00025,0.00067
1758.0,2026-07-02T15:20:05.666,3,-100.236,453.622,0.0,-0.5,1000.0,RETURNING_TO_START,load_zone_22,dump_zone_22,0.00025,0.00067
1759.0,2026-07-02T15:20:12.437,1,598.376,190.245,17.319,1.0,0.0,GOING_TO_ENDPOINT,dump_zone_3,load_zone_26,0.000317,0.00085
1759.0,2026-07-02T15:20:12.437,2,-107.891,451.935,0.0,-0.1997,1000.0,RETURNING_TO_START,load_zone_22,dump_zone_23,0.00025,0.00067
1759.0,2026-07-02T15:20:12.437,3,-100.236,453.622,0.0,-0.5,1000.0,RETURNING_TO_START,load_zone_22,dump_zone_22,0.00025,0.00067
1760.0,2026-07-02T15:20:18.169,1,600.856,185.514,20.919,1.0,0.0,GOING_TO_ENDPOINT,dump_zone_3,load_zone_26,0.000331,0.000887
1760.0,2026-07-02T15:20:18.169,2,-107.891,451.935,0.0,-0.1997,1000.0,RETURNING_TO_START,load_zone_22,dump_zone_23,0.00025,0.00067
1760.0,2026-07-02T15:20:18.169,3,-100.236,453.622,0.0,-0.5,1000.0,RETURNING_TO_START,load_zone_22,dump_zone_22,0.00025,0.00067
1761.0,2026-07-02T15:20:23.381,1,602.379,179.384,24.519,1.0,0.0,GOING_TO_ENDPOINT,dump_zone_3,load_zone_26,0.000345,0.000925
1761.0,2026-07-02T15:20:23.381,2,-107.891,451.935,0.0,-0.1997,1000.0,RETURNING_TO_START,load_zone_22,dump_zone_23,0.00025,0.00067
1761.0,2026-07-02T15:20:23.381,3,-100.236,453.622,0.0,-0.5,1000.0,RETURNING_TO_START,load_zone_22,dump_zone_22,0.00025,0.00067
1762.0,2026-07-02T15:20:29.150,1,602.515,172.107,27.319,0.4167,0.0,GOING_TO_ENDPOINT,dump_zone_3,load_zone_26,0.000304,0.000815
1762.0,2026-07-02T15:20:29.150,2,-107.891,451.935,0.0,-0.1997,1000.0,RETURNING_TO_START,load_zone_22,dump_zone_23,0.00025,0.00067
1762.0,2026-07-02T15:20:29.150,3,-100.236,453.622,0.0,-0.5,1000.0,RETURNING_TO_START,load_zone_22,dump_zone_22,0.00025,0.00067
1763.0,2026-07-02T15:20:34.884,1,602.499,164.49,27.176,-0.2018,0.0,GOING_TO_ENDPOINT,dump_zone_3,load_zone_26,0.00025,0.00067
1763.0,2026-07-02T15:20:34.884,2,-107.891,451.935,0.0,-0.1997,1000.0,RETURNING_TO_START,load_zone_22,dump_zone_23,0.00025,0.00067
1763.0,2026-07-02T15:20:34.884,3,-100.236,453.622,0.0,-0.5,1000.0,RETURNING_TO_START,load_zone_22,dump_zone_22,0.00025,0.00067
1764.0,2026-07-02T15:20:40.763,1,602.5,157.131,26.195,0.0833,0.0,GOING_TO_ENDPOINT,dump_zone_3,load_zone_26,0.000274,0.000734
1764.0,2026-07-02T15:20:40.763,2,-107.891,451.935,0.0,-0.1997,1000.0,RETURNING_TO_START,load_zone_22,dump_zone_23,0.00025,0.00067
1764.0,2026-07-02T15:20:40.763,3,-100.236,453.622,0.0,-0.5,1000.0,RETURNING_TO_START,load_zone_22,dump_zone_22,0.00025,0.00067
1765.0,2026-07-02T15:20:46.122,1,602.5,149.686,27.369,0.319,0.0,GOING_TO_ENDPOINT,dump_zone_3,load_zone_26,0.000296,0.000793
1765.0,2026-07-02T15:20:46.122,2,-107.891,451.935,0.0,-0.1997,1000.0,RETURNING_TO_START,load_zone_22,dump_zone_23,0.00025,0.00067
1765.0,2026-07-02T15:20:46.122,3,-100.236,453.622,0.0,-0.5,1000.0,RETURNING_TO_START,load_zone_22,dump_zone_22,0.00025,0.00067
1766.0,2026-07-02T15:20:51.869,1,602.5,141.891,28.218,-0.181,0.0,GOING_TO_ENDPOINT,dump_zone_3,load_zone_26,0.000251,0.000673
1766.0,2026-07-02T15:20:51.869,2,-107.891,451.935,0.0,-0.1997,1000.0,RETURNING_TO_START,load_zone_22,dump_zone_23,0.00025,0.00067
1766.0,2026-07-02T15:20:51.869,3,-100.236,453.622,0.0,-0.5,1000.0,RETURNING_TO_START,load_zone_22,dump_zone_22,0.00025,0.00067
1767.0,2026-07-02T15:20:57.778,1,602.5,134.233,26.93,-0.25,0.0,GOING_TO_ENDPOINT,dump_zone_3,load_zone_26,0.00025,0.00067
1767.0,2026-07-02T15:20:57.778,2,-107.891,451.935,0.0,-0.1997,1000.0,RETURNING_TO_START,load_zone_22,dump_zone_23,0.00025,0.00067
1767.0,2026-07-02T15:20:57.778,3,-100.236,453.622,0.0,-0.5,1000.0,RETURNING_TO_START,load_zone_22,dump_zone_22,0.00025,0.00067
1768.0,2026-07-02T15:21:03.801,1,602.5,126.689,27.68,0.25,0.0,GOING_TO_ENDPOINT,dump_zone_3,load_zone_26,0.00029,0.000777
1768.0,2026-07-02T15:21:03.801,2,-107.891,451.935,0.0,-0.1997,1000.0,RETURNING_TO_START,load_zone_22,dump_zone_23,0.00025,0.00067
1768.0,2026-07-02T15:21:03.801,3,-100.236,453.622,0.0,-0.5,1000.0,RETURNING_TO_START,load_zone_22,dump_zone_22,0.00025,0.00067
1769.0,2026-07-02T15:21:09.616,1,602.5,118.879,28.33,-0.0833,0.0,GOING_TO_ENDPOINT,dump_zone_3,load_zone_26,0.00026,0.000697
1769.0,2026-07-02T15:21:09.616,2,-107.891,451.935,0.0,-0.1997,1000.0,RETURNING_TO_START,load_zone_22,dump_zone_23,0.00025,0.00067
1769.0,2026-07-02T15:21:09.616,3,-100.236,453.622,0.0,-0.5,1000.0,RETURNING_TO_START,load_zone_22,dump_zone_22,0.00025,0.00067
1770.0,2026-07-02T15:21:15.900,1,602.5,111.097,27.769,-0.0184,0.0,GOING_TO_ENDPOINT,dump_zone_3,load_zone_26,0.000266,0.000713
1770.0,2026-07-02T15:21:15.900,2,-107.891,451.935,0.0,-0.1997,1000.0,RETURNING_TO_START,load_zone_22,dump_zone_23,0.00025,0.00067
1770.0,2026-07-02T15:21:15.900,3,-100.236,453.622,0.0,-0.5,1000.0,RETURNING_TO_START,load_zone_22,dump_zone_22,0.00025,0.00067
1771.0,2026-07-02T15:21:22.060,1,602.5,103.508,26.803,-0.3023,0.0,GOING_TO_ENDPOINT,dump_zone_3,load_zone_26,0.00025,0.00067
1771.0,2026-07-02T15:21:22.060,2,-107.891,451.935,0.0,-0.1997,1000.0,RETURNING_TO_START,load_zone_22,dump_zone_23,0.00025,0.00067
1771.0,2026-07-02T15:21:22.060,3,-100.236,453.622,0.0,-0.5,1000.0,RETURNING_TO_START,load_zone_22,dump_zone_22,0.00025,0.00067
1772.0,2026-07-02T15:21:27.957,1,602.5,96.107,27.014,0.3644,0.0,GOING_TO_ENDPOINT,dump_zone_3,load_zone_26,0.000299,0.000801
1772.0,2026-07-02T15:21:27.957,2,-107.891,451.935,0.0,-0.1997,1000.0,RETURNING_TO_START,load_zone_22,dump_zone_23,0.00025,0.00067
1772.0,2026-07-02T15:21:27.957,3,-100.236,453.622,0.0,-0.5,1000.0,RETURNING_TO_START,load_zone_22,dump_zone_22,0.00025,0.00067
1773.0,2026-07-02T15:21:33.767,1,602.5,88.532,27.181,-0.2526,0.0,GOING_TO_ENDPOINT,dump_zone_3,load_zone_26,0.00025,0.00067
1773.0,2026-07-02T15:21:33.767,2,-107.891,451.935,0.0,-0.1997,1000.0,RETURNING_TO_START,load_zone_22,dump_zone_23,0.00025,0.00067
1773.0,2026-07-02T15:21:33.767,3,-100.236,453.622,0.0,-0.5,1000.0,RETURNING_TO_START,load_zone_22,dump_zone_22,0.00025,0.00067
1774.0,2026-07-02T15:21:39.893,1,602.5,80.974,27.739,0.4605,0.0,GOING_TO_ENDPOINT,dump_zone_3,load_zone_26,0.000309,0.000828
1774.0,2026-07-02T15:21:39.893,2,-107.891,451.935,0.0,-0.1997,1000.0,RETURNING_TO_START,load_zone_22,dump_zone_23,0.00025,0.00067
1774.0,2026-07-02T15:21:39.893,3,-100.236,453.622,0.0,-0.5,1000.0,RETURNING_TO_START,load_zone_22,dump_zone_22,0.00025,0.00067
1775.0,2026-07-02T15:21:46.047,1,602.5,73.122,28.419,-0.0123,0.0,GOING_TO_ENDPOINT,dump_zone_3,load_zone_26,0.000267,0.000716
1775.0,2026-07-02T15:21:46.047,2,-107.891,451.935,0.0,-0.1997,1000.0,RETURNING_TO_START,load_zone_22,dump_zone_23,0.00025,0.00067
1775.0,2026-07-02T15:21:46.047,3,-100.236,453.622,0.0,-0.5,1000.0,RETURNING_TO_START,load_zone_22,dump_zone_22,0.00025,0.00067
1776.0,2026-07-02T15:21:52.240,1,602.5,65.217,28.809,0.3106,0.0,GOING_TO_ENDPOINT,dump_zone_3,load_zone_26,0.000297,0.000796
1776.0,2026-07-02T15:21:52.240,2,-107.891,451.935,0.0,-0.1997,1000.0,RETURNING_TO_START,load_zone_22,dump_zone_23,0.00025,0.00067
1776.0,2026-07-02T15:21:52.240,3,-100.236,453.622,0.0,-0.5,1000.0,RETURNING_TO_START,load_zone_22,dump_zone_22,0.00025,0.00067
1777.0,2026-07-02T15:21:58.175,1,602.5,57.222,28.337,-0.4134,0.0,GOING_TO_ENDPOINT,dump_zone_3,load_zone_26,0.00025,0.00067
1777.0,2026-07-02T15:21:58.175,2,-107.891,451.935,0.0,-0.1997,1000.0,RETURNING_TO_START,load_zone_22,dump_zone_23,0.00025,0.00067
1777.0,2026-07-02T15:21:58.175,3,-100.236,453.622,0.0,-0.5,1000.0,RETURNING_TO_START,load_zone_22,dump_zone_22,0.00025,0.00067
1778.0,2026-07-02T15:22:03.707,1,602.5,49.519,27.669,0.2334,0.0,GOING_TO_ENDPOINT,dump_zone_3,load_zone_26,0.000288,0.000772
1778.0,2026-07-02T15:22:03.707,2,-107.891,451.935,0.0,-0.1997,1000.0,RETURNING_TO_START,load_zone_22,dump_zone_23,0.00025,0.00067
1778.0,2026-07-02T15:22:03.707,3,-100.236,453.622,0.0,-0.5,1000.0,RETURNING_TO_START,load_zone_22,dump_zone_22,0.00025,0.00067
1779.0,2026-07-02T15:22:10.159,1,602.5,41.757,27.951,-0.1065,0.0,GOING_TO_ENDPOINT,dump_zone_3,load_zone_26,0.000258,0.000691
1779.0,2026-07-02T15:22:10.159,2,-107.891,451.935,0.0,-0.1997,1000.0,RETURNING_TO_START,load_zone_22,dump_zone_23,0.00025,0.00067
1779.0,2026-07-02T15:22:10.159,3,-100.236,453.622,0.0,-0.5,1000.0,RETURNING_TO_START,load_zone_22,dump_zone_22,0.00025,0.00067
1780.0,2026-07-02T15:22:15.883,1,602.5,33.932,28.591,0.4194,0.0,GOING_TO_ENDPOINT,dump_zone_3,load_zone_26,0.000307,0.000823
1780.0,2026-07-02T15:22:15.883,2,-107.891,451.935,0.0,-0.1997,1000.0,RETURNING_TO_START,load_zone_22,dump_zone_23,0.00025,0.00067
1780.0,2026-07-02T15:22:15.883,3,-100.236,453.622,0.0,-0.5,1000.0,RETURNING_TO_START,load_zone_22,dump_zone_22,0.00025,0.00067
1781.0,2026-07-02T15:22:21.655,1,602.5,25.863,28.911,-0.3608,0.0,GOING_TO_ENDPOINT,dump_zone_3,load_zone_26,0.00025,0.00067
1781.0,2026-07-02T15:22:21.655,2,-107.891,451.935,0.0,-0.1997,1000.0,RETURNING_TO_START,load_zone_22,dump_zone_23,0.00025,0.00067
1781.0,2026-07-02T15:22:21.655,3,-100.236,453.622,0.0,-0.5,1000.0,RETURNING_TO_START,load_zone_22,dump_zone_22,0.00025,0.00067
1782.0,2026-07-02T15:22:27.794,1,602.5,18.04,27.796,-0.1894,0.0,GOING_TO_ENDPOINT,dump_zone_3,load_zone_26,0.000251,0.000673
1782.0,2026-07-02T15:22:27.794,2,-107.891,451.935,0.0,-0.1997,1000.0,RETURNING_TO_START,load_zone_22,dump_zone_23,0.00025,0.00067
1782.0,2026-07-02T15:22:27.794,3,-100.236,453.622,0.0,-0.5,1000.0,RETURNING_TO_START,load_zone_22,dump_zone_22,0.00025,0.00067
1783.0,2026-07-02T15:22:33.829,1,602.5,10.452,27.164,-0.0228,0.0,GOING_TO_ENDPOINT,dump_zone_3,load_zone_26,0.000265,0.00071
1783.0,2026-07-02T15:22:33.829,2,-107.891,451.935,0.0,-0.1997,1000.0,RETURNING_TO_START,load_zone_22,dump_zone_23,0.00025,0.00067
1783.0,2026-07-02T15:22:33.829,3,-100.236,453.622,0.0,-0.5,1000.0,RETURNING_TO_START,load_zone_22,dump_zone_22,0.00025,0.00067
1784.0,2026-07-02T15:22:40.145,1,602.5,2.845,27.542,0.0757,0.0,GOING_TO_ENDPOINT,dump_zone_3,load_zone_26,0.000274,0.000734
1784.0,2026-07-02T15:22:40.145,2,-107.891,451.935,0.0,-0.1997,1000.0,RETURNING_TO_START,load_zone_22,dump_zone_23,0.00025,0.00067
1784.0,2026-07-02T15:22:40.145,3,-100.236,453.622,0.0,-0.5,1000.0,RETURNING_TO_START,load_zone_22,dump_zone_22,0.00025,0.00067
1785.0,2026-07-02T15:22:45.908,1,602.5,-4.916,28.114,-0.0076,0.0,GOING_TO_ENDPOINT,dump_zone_3,load_zone_26,0.000267,0.000716
1785.0,2026-07-02T15:22:45.908,2,-107.891,451.935,0.0,-0.1997,1000.0,RETURNING_TO_START,load_zone_22,dump_zone_23,0.00025,0.00067
1785.0,2026-07-02T15:22:45.908,3,-100.236,453.622,0.0,-0.5,1000.0,RETURNING_TO_START,load_zone_22,dump_zone_22,0.00025,0.00067
1786.0,2026-07-02T15:22:51.721,1,602.5,-12.673,27.658,-0.1312,0.0,GOING_TO_ENDPOINT,dump_zone_3,load_zone_26,0.000256,0.000686
1786.0,2026-07-02T15:22:51.721,2,-107.891,451.935,0.0,-0.1997,1000.0,RETURNING_TO_START,load_zone_22,dump_zone_23,0.00025,0.00067
1786.0,2026-07-02T15:22:51.721,3,-100.236,453.622,0.0,-0.5,1000.0,RETURNING_TO_START,load_zone_22,dump_zone_22,0.00025,0.00067
1787.0,2026-07-02T15:22:58.463,1,602.5,-20.394,28.247,0.5008,0.0,GOING_TO_ENDPOINT,dump_zone_3,load_zone_26,0.000314,0.000842
1787.0,2026-07-02T15:22:58.463,2,-107.891,451.935,0.0,-0.1997,1000.0,RETURNING_TO_START,load_zone_22,dump_zone_23,0.00025,0.00067
1787.0,2026-07-02T15:22:58.463,3,-100.236,453.622,0.0,-0.5,1000.0,RETURNING_TO_START,load_zone_22,dump_zone_22,0.00025,0.00067
1788.0,2026-07-02T15:23:04.255,1,602.5,-28.392,28.699,-0.3325,0.0,GOING_TO_ENDPOINT,dump_zone_3,load_zone_26,0.00025,0.00067
1788.0,2026-07-02T15:23:04.255,2,-107.891,451.935,0.0,-0.1997,1000.0,RETURNING_TO_START,load_zone_22,dump_zone_23,0.00025,0.00067
1788.0,2026-07-02T15:23:04.255,3,-100.236,453.622,0.0,-0.5,1000.0,RETURNING_TO_START,load_zone_22,dump_zone_22,0.00025,0.00067
1789.0,2026-07-02T15:23:09.914,1,602.5,-36.131,27.304,-0.1282,0.0,GOING_TO_ENDPOINT,dump_zone_3,load_zone_26,0.000256,0.000686
1789.0,2026-07-02T15:23:09.914,2,-107.891,451.935,0.0,-0.1997,1000.0,RETURNING_TO_START,load_zone_22,dump_zone_23,0.00025,0.00067
1789.0,2026-07-02T15:23:09.914,3,-100.236,453.622,0.0,-0.5,1000.0,RETURNING_TO_START,load_zone_22,dump_zone_22,0.00025,0.00067
1790.0,2026-07-02T15:23:16.082,1,602.5,-43.817,28.092,0.2051,0.0,GOING_TO_ENDPOINT,dump_zone_3,load_zone_26,0.000286,0.000766
1790.0,2026-07-02T15:23:16.082,2,-107.891,451.935,0.0,-0.1997,1000.0,RETURNING_TO_START,load_zone_22,dump_zone_23,0.00025,0.00067
1790.0,2026-07-02T15:23:16.082,3,-100.236,453.622,0.0,-0.5,1000.0,RETURNING_TO_START,load_zone_22,dump_zone_22,0.00025,0.00067
1791.0,2026-07-02T15:23:22.501,1,602.5,-51.788,28.946,-0.1008,0.0,GOING_TO_ENDPOINT,dump_zone_3,load_zone_26,0.000259,0.000694
1791.0,2026-07-02T15:23:22.501,2,-107.891,451.935,0.0,-0.1997,1000.0,RETURNING_TO_START,load_zone_22,dump_zone_23,0.00025,0.00067
1791.0,2026-07-02T15:23:22.501,3,-100.236,453.622,0.0,-0.5,1000.0,RETURNING_TO_START,load_zone_22,dump_zone_22,0.00025,0.00067
1792.0,2026-07-02T15:23:28.557,1,602.5,-59.636,27.75,-0.0833,0.0,GOING_TO_ENDPOINT,dump_zone_3,load_zone_26,0.00026,0.000697
1792.0,2026-07-02T15:23:28.557,2,-107.891,451.935,0.0,-0.1997,1000.0,RETURNING_TO_START,load_zone_22,dump_zone_23,0.00025,0.00067
1792.0,2026-07-02T15:23:28.557,3,-100.236,453.622,0.0,-0.5,1000.0,RETURNING_TO_START,load_zone_22,dump_zone_22,0.00025,0.00067
1793.0,2026-07-02T15:23:33.459,1,602.5,-67.2,26.475,-0.5,0.0,GOING_TO_ENDPOINT,dump_zone_3,load_zone_26,0.00025,0.00067
1793.0,2026-07-02T15:23:33.459,2,-107.891,451.935,0.0,-0.1997,1000.0,RETURNING_TO_START,load_zone_22,dump_zone_23,0.00025,0.00067
1793.0,2026-07-02T15:23:33.459,3,-100.236,453.622,0.0,-0.5,1000.0,RETURNING_TO_START,load_zone_22,dump_zone_22,0.00025,0.00067
1794.0,2026-07-02T15:23:38.627,1,602.5,-74.283,24.675,-0.5,0.0,GOING_TO_ENDPOINT,dump_zone_3,load_zone_26,0.00025,0.00067
1794.0,2026-07-02T15:23:38.627,2,-107.891,451.935,0.0,-0.1997,1000.0,RETURNING_TO_START,load_zone_22,dump_zone_23,0.00025,0.00067
1794.0,2026-07-02T15:23:38.627,3,-100.236,453.622,0.0,-0.5,1000.0,RETURNING_TO_START,load_zone_22,dump_zone_22,0.00025,0.00067
1795.0,2026-07-02T15:23:43.293,1,602.5,-80.867,22.875,-0.5,0.0,GOING_TO_ENDPOINT,dump_zone_3,load_zone_26,0.00025,0.00067
1795.0,2026-07-02T15:23:43.293,2,-107.891,451.935,0.0,-0.1997,1000.0,RETURNING_TO_START,load_zone_22,dump_zone_23,0.00025,0.00067
1795.0,2026-07-02T15:23:43.293,3,-100.236,453.622,0.0,-0.5,1000.0,RETURNING_TO_START,load_zone_22,dump_zone_22,0.00025,0.00067
1796.0,2026-07-02T15:23:48.568,1,602.5,-86.95,21.075,-0.5,0.0,GOING_TO_ENDPOINT,dump_zone_3,load_zone_26,0.00025,0.00067
1796.0,2026-07-02T15:23:48.568,2,-107.891,451.935,0.0,-0.1997,1000.0,RETURNING_TO_START,load_zone_22,dump_zone_23,0.00025,0.00067
1796.0,2026-07-02T15:23:48.568,3,-100.236,453.622,0.0,-0.5,1000.0,RETURNING_TO_START,load_zone_22,dump_zone_22,0.00025,0.00067
1797.0,2026-07-02T15:23:53.192,1,602.5,-92.533,19.275,-0.5,0.0,GOING_TO_ENDPOINT,dump_zone_3,load_zone_26,0.00025,0.00067
1797.0,2026-07-02T15:23:53.192,2,-107.891,451.935,0.0,-0.1997,1000.0,RETURNING_TO_START,load_zone_22,dump_zone_23,0.00025,0.00067
1797.0,2026-07-02T15:23:53.192,3,-100.236,453.622,0.0,-0.5,1000.0,RETURNING_TO_START,load_zone_22,dump_zone_22,0.00025,0.00067
1798.0,2026-07-02T15:23:57.454,1,602.499,-97.617,17.475,-0.5,0.0,GOING_TO_ENDPOINT,dump_zone_3,load_zone_26,0.00025,0.00067
1798.0,2026-07-02T15:23:57.454,2,-107.891,451.935,0.0,-0.1997,1000.0,RETURNING_TO_START,load_zone_22,dump_zone_23,0.00025,0.00067
1798.0,2026-07-02T15:23:57.454,3,-100.236,453.622,0.0,-0.5,1000.0,RETURNING_TO_START,load_zone_22,dump_zone_22,0.00025,0.00067
1799.0,2026-07-02T15:24:02.526,1,604.65,-101.553,17.325,0.4167,0.0,GOING_TO_ENDPOINT,dump_zone_3,load_zone_26,0.000284,0.000761
1799.0,2026-07-02T15:24:02.526,2,-107.891,451.935,0.0,-0.1997,1000.0,RETURNING_TO_START,load_zone_22,dump_zone_23,0.00025,0.00067
1799.0,2026-07-02T15:24:02.526,3,-100.236,453.622,0.0,-0.5,1000.0,RETURNING_TO_START,load_zone_22,dump_zone_22,0.00025,0.00067
1800.0,2026-07-02T15:24:06.746,1,609.459,-100.717,20.4,1.0,0.0,GOING_TO_ENDPOINT,dump_zone_3,load_zone_26,0.000329,0.000882
1800.0,2026-07-02T15:24:06.746,2,-107.891,451.935,0.0,-0.1997,1000.0,RETURNING_TO_START,load_zone_22,dump_zone_23,0.00025,0.00067
1800.0,2026-07-02T15:24:06.746,3,-100.236,453.622,0.0,-0.5,1000.0,RETURNING_TO_START,load_zone_22,dump_zone_22,0.00025,0.00067
