sim_time_s,wall_time,truck_id,x_m,y_m,speed_kmh,accel_ms2,cargo_kg,op_state,current_node,target_node,fuel_L_step,co2_kg_step
1.0,2026-07-02T12:37:59.177,1,649.998,130.211,1.95,1.0,0.0,GOING_TO_ENDPOINT,dump_zone_6,load_zone_26,0.000258,0.000691
1.0,2026-07-02T12:37:59.177,2,700.002,319.789,1.95,1.0,0.0,GOING_TO_ENDPOINT,dump_zone_10,load_zone_26,0.000258,0.000691
1.0,2026-07-02T12:37:59.177,3,-169.789,450.002,1.95,1.0,0.0,GOING_TO_ENDPOINT,dump_zone_22,load_zone_22,0.000258,0.000691
2.0,2026-07-02T12:38:02.520,1,649.894,131.288,5.55,1.0,0.0,GOING_TO_ENDPOINT,dump_zone_6,load_zone_26,0.000271,0.000726
2.0,2026-07-02T12:38:02.520,2,700.156,318.72,5.55,1.0,0.0,GOING_TO_ENDPOINT,dump_zone_10,load_zone_26,0.000271,0.000726
2.0,2026-07-02T12:38:02.520,3,-168.712,450.105,5.55,1.0,0.0,GOING_TO_ENDPOINT,dump_zone_22,load_zone_22,0.000271,0.000726
3.0,2026-07-02T12:38:05.908,1,649.428,133.317,9.15,1.0,0.0,GOING_TO_ENDPOINT,dump_zone_6,load_zone_26,0.000285,0.000764
3.0,2026-07-02T12:38:05.908,2,700.846,316.757,9.15,1.0,0.0,GOING_TO_ENDPOINT,dump_zone_10,load_zone_26,0.000285,0.000764
3.0,2026-07-02T12:38:05.908,3,-166.69,450.605,9.15,1.0,0.0,GOING_TO_ENDPOINT,dump_zone_22,load_zone_22,0.000285,0.000764
4.0,2026-07-02T12:38:08.682,1,648.727,136.319,12.75,1.0,0.0,GOING_TO_ENDPOINT,dump_zone_6,load_zone_26,0.000299,0.000801
4.0,2026-07-02T12:38:08.682,2,701.987,313.902,12.6,0.75,0.0,GOING_TO_ENDPOINT,dump_zone_10,load_zone_26,0.000289,0.000775
4.0,2026-07-02T12:38:08.682,3,-163.689,451.308,12.75,1.0,0.0,GOING_TO_ENDPOINT,dump_zone_22,load_zone_22,0.000299,0.000801
5.0,2026-07-02T12:38:10.809,1,648.073,140.349,16.35,1.0,0.0,GOING_TO_ENDPOINT,dump_zone_6,load_zone_26,0.000313,0.000839
5.0,2026-07-02T12:38:10.809,2,702.501,310.252,13.35,-0.25,0.0,GOING_TO_ENDPOINT,dump_zone_10,load_zone_26,0.00025,0.00067
5.0,2026-07-02T12:38:10.809,3,-159.661,451.966,16.35,1.0,0.0,GOING_TO_ENDPOINT,dump_zone_22,load_zone_22,0.000313,0.000839
6.0,2026-07-02T12:38:12.894,1,647.595,145.408,19.95,1.0,0.0,GOING_TO_ENDPOINT,dump_zone_6,load_zone_26,0.000327,0.000876
6.0,2026-07-02T12:38:12.894,2,702.522,306.794,11.625,-0.5,0.0,GOING_TO_ENDPOINT,dump_zone_10,load_zone_26,0.00025,0.00067
6.0,2026-07-02T12:38:12.894,3,-154.599,452.416,19.95,1.0,0.0,GOING_TO_ENDPOINT,dump_zone_22,load_zone_22,0.000327,0.000876
7.0,2026-07-02T12:38:15.119,1,647.478,151.49,23.55,1.0,0.0,GOING_TO_ENDPOINT,dump_zone_6,load_zone_26,0.000341,0.000914
7.0,2026-07-02T12:38:15.119,2,702.506,303.836,9.825,-0.5,0.0,GOING_TO_ENDPOINT,dump_zone_10,load_zone_26,0.00025,0.00067
7.0,2026-07-02T12:38:15.119,3,-148.518,452.523,23.525,0.9167,0.0,GOING_TO_ENDPOINT,dump_zone_22,load_zone_22,0.000335,0.000898
8.0,2026-07-02T12:38:19.087,1,647.499,158.553,26.775,0.5833,0.0,GOING_TO_ENDPOINT,dump_zone_6,load_zone_26,0.000317,0.00085
8.0,2026-07-02T12:38:19.087,2,702.46,301.378,8.05,-0.4167,0.0,GOING_TO_ENDPOINT,dump_zone_10,load_zone_26,0.00025,0.00067
8.0,2026-07-02T12:38:19.087,3,-141.697,452.499,24.875,-0.0833,0.0,GOING_TO_ENDPOINT,dump_zone_22,load_zone_22,0.000259,0.000694
9.0,2026-07-02T12:38:21.003,1,647.501,166.096,26.925,-0.4167,0.0,GOING_TO_ENDPOINT,dump_zone_6,load_zone_26,0.00025,0.00067
9.0,2026-07-02T12:38:21.003,2,701.831,299.412,7.45,0.25,0.0,GOING_TO_ENDPOINT,dump_zone_10,load_zone_26,0.000261,0.000699
9.0,2026-07-02T12:38:21.003,3,-134.994,452.5,23.325,-0.5,0.0,GOING_TO_ENDPOINT,dump_zone_22,load_zone_22,0.00025,0.00067
10.0,2026-07-02T12:38:23.205,1,647.5,173.304,25.125,-0.5,0.0,GOING_TO_ENDPOINT,dump_zone_6,load_zone_26,0.00025,0.00067
10.0,2026-07-02T12:38:23.205,2,700.124,297.893,8.9,0.0833,0.0,GOING_TO_ENDPOINT,dump_zone_10,load_zone_26,0.000258,0.000691
10.0,2026-07-02T12:38:23.205,3,-128.786,452.5,21.525,-0.5,0.0,GOING_TO_ENDPOINT,dump_zone_22,load_zone_22,0.00025,0.00067
11.0,2026-07-02T12:38:25.314,1,647.5,180.012,23.325,-0.5,0.0,GOING_TO_ENDPOINT,dump_zone_6,load_zone_26,0.00025,0.00067
11.0,2026-07-02T12:38:25.314,2,697.847,297.375,8.0,-0.0833,0.0,GOING_TO_ENDPOINT,dump_zone_10,load_zone_26,0.000253,0.000678
11.0,2026-07-02T12:38:25.314,3,-123.078,452.5,19.725,-0.5,0.0,GOING_TO_ENDPOINT,dump_zone_22,load_zone_22,0.00025,0.00067
12.0,2026-07-02T12:38:26.853,1,647.5,186.221,21.525,-0.5,0.0,GOING_TO_ENDPOINT,dump_zone_6,load_zone_26,0.00025,0.00067
12.0,2026-07-02T12:38:26.853,2,695.461,297.304,9.65,0.9167,0.0,GOING_TO_ENDPOINT,dump_zone_10,load_zone_26,0.000285,0.000764
12.0,2026-07-02T12:38:26.853,3,-117.869,452.5,17.925,-0.5,0.0,GOING_TO_ENDPOINT,dump_zone_22,load_zone_22,0.00025,0.00067
13.0,2026-07-02T12:38:27.890,1,647.5,191.929,19.725,-0.5,0.0,GOING_TO_ENDPOINT,dump_zone_6,load_zone_26,0.00025,0.00067
13.0,2026-07-02T12:38:27.890,2,692.239,297.357,13.25,1.0,0.0,GOING_TO_ENDPOINT,dump_zone_10,load_zone_26,0.000301,0.000807
13.0,2026-07-02T12:38:27.890,3,-113.164,452.573,16.125,-0.5,0.0,GOING_TO_ENDPOINT,dump_zone_22,load_zone_22,0.00025,0.00067
14.0,2026-07-02T12:38:29.308,1,647.5,197.137,17.925,-0.5,0.0,GOING_TO_ENDPOINT,dump_zone_6,load_zone_26,0.00025,0.00067
14.0,2026-07-02T12:38:29.308,2,688.018,297.453,16.85,1.0,0.0,GOING_TO_ENDPOINT,dump_zone_10,load_zone_26,0.000315,0.000844
14.0,2026-07-02T12:38:29.308,3,-109.332,454.237,14.325,-0.5,0.0,GOING_TO_ENDPOINT,dump_zone_22,load_zone_22,0.00025,0.00067
15.0,2026-07-02T12:38:31.739,1,646.032,201.41,16.275,-0.25,0.0,GOING_TO_ENDPOINT,dump_zone_6,load_zone_26,0.00025,0.00067
15.0,2026-07-02T12:38:31.739,2,682.796,297.498,20.45,1.0,0.0,GOING_TO_ENDPOINT,dump_zone_10,load_zone_26,0.000329,0.000882
15.0,2026-07-02T12:38:31.739,3,-105.721,454.665,12.525,-0.5,0.0,GOING_TO_ENDPOINT,dump_zone_22,load_zone_22,0.00025,0.00067
16.0,2026-07-02T12:38:34.147,1,641.711,201.895,17.325,0.75,0.0,GOING_TO_ENDPOINT,dump_zone_6,load_zone_26,0.000303,0.000812
16.0,2026-07-02T12:38:34.147,2,676.58,297.5,23.9,0.75,0.0,GOING_TO_ENDPOINT,dump_zone_10,load_zone_26,0.000323,0.000866
16.0,2026-07-02T12:38:34.147,3,-102.519,454.489,10.725,-0.5,0.0,GOING_TO_ENDPOINT,dump_zone_22,load_zone_22,0.00025,0.00067
17.0,2026-07-02T12:38:37.238,1,638.139,198.007,20.825,0.9167,0.0,GOING_TO_ENDPOINT,dump_zone_6,load_zone_26,0.000325,0.000871
17.0,2026-07-02T12:38:37.238,2,669.745,297.5,24.65,-0.25,0.0,GOING_TO_ENDPOINT,dump_zone_10,load_zone_26,0.00025,0.00067
17.0,2026-07-02T12:38:37.238,3,-100.042,453.43,9.375,-0.25,0.0,GOING_TO_ENDPOINT,dump_zone_22,load_zone_22,0.00025,0.00067
18.0,2026-07-02T12:38:39.720,1,632.605,195.69,22.175,-0.0833,0.0,GOING_TO_ENDPOINT,dump_zone_6,load_zone_26,0.000258,0.000691
18.0,2026-07-02T12:38:39.720,2,663.149,297.5,22.925,-0.5,0.0,GOING_TO_ENDPOINT,dump_zone_10,load_zone_26,0.00025,0.00067
18.0,2026-07-02T12:38:39.720,3,-98.805,451.11,10.425,0.75,0.0,GOING_TO_ENDPOINT,dump_zone_22,load_zone_22,0.000282,0.000756
19.0,2026-07-02T12:38:41.791,1,626.703,194.92,20.625,-0.5,0.0,GOING_TO_ENDPOINT,dump_zone_6,load_zone_26,0.00025,0.00067
19.0,2026-07-02T12:38:41.791,2,657.042,297.499,21.225,-0.5,0.0,GOING_TO_ENDPOINT,dump_zone_10,load_zone_26,0.00025,0.00067
19.0,2026-07-02T12:38:41.791,3,-99.011,447.961,11.775,-0.0833,0.0,GOING_TO_ENDPOINT,dump_zone_22,load_zone_22,0.000254,0.000681
20.0,2026-07-02T12:38:43.630,1,621.28,194.302,18.825,-0.5,0.0,GOING_TO_ENDPOINT,dump_zone_6,load_zone_26,0.00025,0.00067
20.0,2026-07-02T12:38:43.630,2,651.333,297.505,20.25,-0.25,0.0,GOING_TO_ENDPOINT,dump_zone_10,load_zone_26,0.00025,0.00067
20.0,2026-07-02T12:38:43.630,3,-100.778,445.424,10.925,0.0833,0.0,GOING_TO_ENDPOINT,dump_zone_22,load_zone_22,0.00026,0.000697
21.0,2026-07-02T12:38:45.174,1,616.338,193.907,17.025,-0.5,0.0,GOING_TO_ENDPOINT,dump_zone_6,load_zone_26,0.00025,0.00067
21.0,2026-07-02T12:38:45.174,2,645.945,297.662,18.795,-0.339,0.0,GOING_TO_ENDPOINT,dump_zone_10,load_zone_26,0.00025,0.00067
21.0,2026-07-02T12:38:45.174,3,-103.04,443.036,13.15,1.0,0.0,GOING_TO_ENDPOINT,dump_zone_22,load_zone_22,0.000301,0.000807
22.0,2026-07-02T12:38:46.808,1,611.882,193.84,15.225,-0.5,0.0,GOING_TO_ENDPOINT,dump_zone_6,load_zone_26,0.00025,0.00067
22.0,2026-07-02T12:38:46.808,2,640.807,298.109,18.925,0.4944,0.0,GOING_TO_ENDPOINT,dump_zone_10,load_zone_26,0.000292,0.000783
22.0,2026-07-02T12:38:46.808,3,-105.991,440.055,16.75,1.0,0.0,GOING_TO_ENDPOINT,dump_zone_22,load_zone_22,0.000315,0.000844
23.0,2026-07-02T12:38:48.805,1,608.077,194.786,13.425,-0.5,0.0,GOING_TO_ENDPOINT,dump_zone_6,load_zone_26,0.00025,0.00067
23.0,2026-07-02T12:38:48.805,2,635.166,298.813,21.82,0.6794,0.0,GOING_TO_ENDPOINT,dump_zone_10,load_zone_26,0.000312,0.000836
23.0,2026-07-02T12:38:48.805,3,-109.586,436.305,20.35,1.0,0.0,GOING_TO_ENDPOINT,dump_zone_22,load_zone_22,0.000329,0.000882
24.0,2026-07-02T12:38:51.101,1,605.142,196.604,11.625,-0.5,0.0,GOING_TO_ENDPOINT,dump_zone_6,load_zone_26,0.00025,0.00067
24.0,2026-07-02T12:38:51.101,2,629.008,299.676,22.315,-0.3206,0.0,GOING_TO_ENDPOINT,dump_zone_10,load_zone_26,0.00025,0.00067
24.0,2026-07-02T12:38:51.101,3,-113.836,431.799,23.95,1.0,0.0,GOING_TO_ENDPOINT,dump_zone_22,load_zone_22,0.000343,0.000919
25.0,2026-07-02T12:38:53.782,1,602.423,197.768,9.825,-0.5,0.0,GOING_TO_ENDPOINT,dump_zone_6,load_zone_26,0.00025,0.00067
25.0,2026-07-02T12:38:53.782,2,623.123,300.456,20.548,-0.5,0.0,GOING_TO_ENDPOINT,dump_zone_10,load_zone_26,0.00025,0.00067
25.0,2026-07-02T12:38:53.782,3,-118.771,426.592,27.175,0.5833,0.0,GOING_TO_ENDPOINT,dump_zone_22,load_zone_22,0.000318,0.000852
26.0,2026-07-02T12:38:56.068,1,600.106,198.542,8.025,-0.5,0.0,GOING_TO_ENDPOINT,dump_zone_6,load_zone_26,0.00025,0.00067
26.0,2026-07-02T12:38:56.068,2,617.714,301.001,18.748,-0.5,0.0,GOING_TO_ENDPOINT,dump_zone_10,load_zone_26,0.00025,0.00067
26.0,2026-07-02T12:38:56.068,3,-124.068,421.067,27.325,-0.4167,0.0,GOING_TO_ENDPOINT,dump_zone_22,load_zone_22,0.00025,0.00067
27.0,2026-07-02T12:38:57.589,1,598.044,198.151,7.875,0.4167,0.0,GOING_TO_ENDPOINT,dump_zone_6,load_zone_26,0.000266,0.000713
27.0,2026-07-02T12:38:57.589,2,612.782,301.187,16.948,-0.5,0.0,GOING_TO_ENDPOINT,dump_zone_10,load_zone_26,0.00025,0.00067
27.0,2026-07-02T12:38:57.589,3,-129.176,415.825,25.525,-0.5,0.0,GOING_TO_ENDPOINT,dump_zone_22,load_zone_22,0.00025,0.00067
28.0,2026-07-02T12:38:59.145,1,596.233,196.346,10.95,1.0,0.0,GOING_TO_ENDPOINT,dump_zone_6,load_zone_26,0.000292,0.000783
28.0,2026-07-02T12:38:59.145,2,608.358,300.887,15.148,-0.5,0.0,GOING_TO_ENDPOINT,dump_zone_10,load_zone_26,0.00025,0.00067
28.0,2026-07-02T12:38:59.145,3,-133.998,411.003,23.725,-0.5,0.0,GOING_TO_ENDPOINT,dump_zone_22,load_zone_22,0.00025,0.00067
29.0,2026-07-02T12:39:01.003,1,596.221,192.883,14.55,1.0,0.0,GOING_TO_ENDPOINT,dump_zone_6,load_zone_26,0.000306,0.00082
29.0,2026-07-02T12:39:01.003,2,604.556,299.907,13.348,-0.5,0.0,GOING_TO_ENDPOINT,dump_zone_10,load_zone_26,0.00025,0.00067
29.0,2026-07-02T12:39:01.003,3,-138.536,406.605,21.925,-0.5,0.0,GOING_TO_ENDPOINT,dump_zone_22,load_zone_22,0.00025,0.00067
30.0,2026-07-02T12:39:03.996,1,598.862,189.143,18.15,1.0,0.0,GOING_TO_ENDPOINT,dump_zone_6,load_zone_26,0.00032,0.000858
30.0,2026-07-02T12:39:03.996,2,601.718,298.015,11.548,-0.5,0.0,GOING_TO_ENDPOINT,dump_zone_10,load_zone_26,0.00025,0.00067
30.0,2026-07-02T12:39:03.996,3,-142.818,402.664,20.125,-0.5,0.0,GOING_TO_ENDPOINT,dump_zone_22,load_zone_22,0.00025,0.00067
31.0,2026-07-02T12:39:06.271,1,601.424,184.189,21.75,1.0,0.0,GOING_TO_ENDPOINT,dump_zone_6,load_zone_26,0.000334,0.000895
31.0,2026-07-02T12:39:06.271,2,600.166,295.541,9.748,-0.5,0.0,GOING_TO_ENDPOINT,dump_zone_10,load_zone_26,0.00025,0.00067
31.0,2026-07-02T12:39:06.271,3,-146.894,399.247,18.325,-0.5,0.0,GOING_TO_ENDPOINT,dump_zone_22,load_zone_22,0.00025,0.00067
32.0,2026-07-02T12:39:08.896,1,602.475,177.72,25.35,1.0,0.0,GOING_TO_ENDPOINT,dump_zone_6,load_zone_26,0.000348,0.000933
32.0,2026-07-02T12:39:08.896,2,599.436,293.106,8.948,0.0833,0.0,GOING_TO_ENDPOINT,dump_zone_10,load_zone_26,0.000258,0.000691
32.0,2026-07-02T12:39:08.896,3,-150.868,396.529,16.525,-0.5,0.0,GOING_TO_ENDPOINT,dump_zone_22,load_zone_22,0.00025,0.00067
33.0,2026-07-02T12:39:11.480,1,602.504,170.233,27.825,0.25,0.0,GOING_TO_ENDPOINT,dump_zone_6,load_zone_26,0.00029,0.000777
33.0,2026-07-02T12:39:11.480,2,599.036,290.404,11.079,0.8881,0.0,GOING_TO_ENDPOINT,dump_zone_10,load_zone_26,0.000289,0.000775
33.0,2026-07-02T12:39:11.480,3,-154.785,394.726,14.725,-0.5,0.0,GOING_TO_ENDPOINT,dump_zone_22,load_zone_22,0.00025,0.00067
34.0,2026-07-02T12:39:14.104,1,602.5,162.549,27.275,-0.25,0.0,GOING_TO_ENDPOINT,dump_zone_6,load_zone_26,0.00025,0.00067
34.0,2026-07-02T12:39:14.104,2,598.821,286.935,13.663,0.732,0.0,GOING_TO_ENDPOINT,dump_zone_10,load_zone_26,0.000291,0.00078
34.0,2026-07-02T12:39:14.104,3,-158.476,393.752,12.925,-0.5,0.0,GOING_TO_ENDPOINT,dump_zone_22,load_zone_22,0.00025,0.00067
35.0,2026-07-02T12:39:17.461,1,602.5,154.937,27.575,-0.0833,0.0,GOING_TO_ENDPOINT,dump_zone_6,load_zone_26,0.00026,0.000697
35.0,2026-07-02T12:39:17.461,2,598.848,282.678,16.886,1.0,0.0,GOING_TO_ENDPOINT,dump_zone_10,load_zone_26,0.000315,0.000844
35.0,2026-07-02T12:39:17.461,3,-161.649,392.788,11.125,-0.5,0.0,GOING_TO_ENDPOINT,dump_zone_22,load_zone_22,0.00025,0.00067
36.0,2026-07-02T12:39:20.881,1,602.5,147.367,26.964,-0.2945,0.0,GOING_TO_ENDPOINT,dump_zone_6,load_zone_26,0.00025,0.00067
36.0,2026-07-02T12:39:20.881,2,599.161,277.513,20.05,0.8977,0.0,GOING_TO_ENDPOINT,dump_zone_10,load_zone_26,0.000321,0.00086
36.0,2026-07-02T12:39:20.881,3,-164.444,392.736,9.325,-0.5,0.0,GOING_TO_ENDPOINT,dump_zone_22,load_zone_22,0.00025,0.00067
37.0,2026-07-02T12:39:23.640,1,602.5,139.945,26.804,0.2055,0.0,GOING_TO_ENDPOINT,dump_zone_6,load_zone_26,0.000285,0.000764
37.0,2026-07-02T12:39:23.640,2,599.756,271.698,21.332,-0.1023,0.0,GOING_TO_ENDPOINT,dump_zone_10,load_zone_26,0.000256,0.000686
37.0,2026-07-02T12:39:23.640,3,-166.643,393.461,7.525,-0.5,0.0,GOING_TO_ENDPOINT,dump_zone_22,load_zone_22,0.00025,0.00067
38.0,2026-07-02T12:39:26.967,1,602.5,132.223,28.772,0.4406,0.0,GOING_TO_ENDPOINT,dump_zone_6,load_zone_26,0.000309,0.000828
38.0,2026-07-02T12:39:26.967,2,600.499,266.034,19.759,-0.5,0.0,GOING_TO_ENDPOINT,dump_zone_10,load_zone_26,0.00025,0.00067
38.0,2026-07-02T12:39:26.967,3,-168.274,394.272,5.772,-0.5,0.0,GOING_TO_ENDPOINT,dump_zone_22,load_zone_22,0.00025,0.00067
39.0,2026-07-02T12:39:29.481,1,602.5,124.203,28.426,-0.5,0.0,GOING_TO_ENDPOINT,dump_zone_6,load_zone_26,0.00025,0.00067
39.0,2026-07-02T12:39:29.481,2,601.248,260.87,17.959,-0.5,0.0,GOING_TO_ENDPOINT,dump_zone_10,load_zone_26,0.00025,0.00067
39.0,2026-07-02T12:39:29.481,3,-169.441,394.916,3.972,-0.5,0.0,GOING_TO_ENDPOINT,dump_zone_22,load_zone_22,0.00025,0.00067
40.0,2026-07-02T12:39:32.323,1,602.5,116.568,26.834,-0.2115,0.0,GOING_TO_ENDPOINT,dump_zone_6,load_zone_26,0.00025,0.00067
40.0,2026-07-02T12:39:32.323,2,601.911,256.188,16.238,-0.4167,0.0,GOING_TO_ENDPOINT,dump_zone_10,load_zone_26,0.00025,0.00067
40.0,2026-07-02T12:39:32.323,3,-170.176,395.306,2.172,-0.5,0.0,LOADING,dump_zone_22,load_zone_22,0.00025,0.00067
41.0,2026-07-02T12:39:34.938,1,602.5,109.029,27.722,0.2885,0.0,GOING_TO_ENDPOINT,dump_zone_6,load_zone_26,0.000293,0.000785
41.0,2026-07-02T12:39:34.938,2,602.359,251.949,14.562,-0.4167,0.0,GOING_TO_ENDPOINT,dump_zone_10,load_zone_26,0.00025,0.00067
41.0,2026-07-02T12:39:34.938,3,-170.471,395.46,0.372,-0.5,0.0,LOADING,dump_zone_22,load_zone_22,0.00025,0.00067
42.0,2026-07-02T12:39:37.441,1,602.5,101.255,28.282,0.3144,0.0,GOING_TO_ENDPOINT,dump_zone_6,load_zone_26,0.000297,0.000796
42.0,2026-07-02T12:39:37.441,2,602.371,248.138,13.087,-0.25,0.0,GOING_TO_ENDPOINT,dump_zone_10,load_zone_26,0.00025,0.00067
42.0,2026-07-02T12:39:37.441,3,-170.495,395.473,0.375,0.4167,0.0,LOADING,dump_zone_22,load_zone_22,0.000251,0.000673
43.0,2026-07-02T12:39:38.835,1,602.5,93.349,28.069,-0.5,0.0,GOING_TO_ENDPOINT,dump_zone_6,load_zone_26,0.00025,0.00067
43.0,2026-07-02T12:39:38.835,2,602.02,244.445,14.137,0.75,0.0,GOING_TO_ENDPOINT,dump_zone_10,load_zone_26,0.000293,0.000785
43.0,2026-07-02T12:39:38.835,3,-171.559,396.35,7.2,0.0,1000.0,TURNING_AROUND,load_zone_22,dump_zone_22,0.000258,0.000691
44.0,2026-07-02T12:39:40.267,1,602.5,85.657,27.919,0.4167,0.0,GOING_TO_ENDPOINT,dump_zone_6,load_zone_26,0.000305,0.000817
44.0,2026-07-02T12:39:40.267,2,601.405,240.039,17.662,1.0,0.0,GOING_TO_ENDPOINT,dump_zone_10,load_zone_26,0.000318,0.000852
44.0,2026-07-02T12:39:40.267,3,-172.367,397.841,5.4,0.0,1000.0,TURNING_AROUND,load_zone_22,dump_zone_22,0.000256,0.000686
45.0,2026-07-02T12:39:41.958,1,602.5,77.796,28.069,-0.4167,0.0,GOING_TO_ENDPOINT,dump_zone_6,load_zone_26,0.00025,0.00067
45.0,2026-07-02T12:39:41.958,2,600.611,234.699,20.562,0.4167,0.0,GOING_TO_ENDPOINT,dump_zone_10,load_zone_26,0.000291,0.00078
45.0,2026-07-02T12:39:41.958,3,-172.272,396.64,7.2,0.0,1000.0,TURNING_AROUND,load_zone_22,dump_zone_22,0.000258,0.000691
46.0,2026-07-02T12:39:43.699,1,602.5,70.171,27.29,0.0263,0.0,GOING_TO_ENDPOINT,dump_zone_6,load_zone_26,0.00027,0.000724
46.0,2026-07-02T12:39:43.699,2,599.849,229.023,20.137,-0.5,0.0,GOING_TO_ENDPOINT,dump_zone_10,load_zone_26,0.00025,0.00067
46.0,2026-07-02T12:39:43.699,3,-171.47,398.449,7.2,0.0,1000.0,TURNING_AROUND,load_zone_22,dump_zone_22,0.000258,0.000691
47.0,2026-07-02T12:39:45.187,1,602.5,62.572,27.55,0.3187,0.0,GOING_TO_ENDPOINT,dump_zone_6,load_zone_26,0.000296,0.000793
47.0,2026-07-02T12:39:45.187,2,599.271,223.732,18.337,-0.5,0.0,GOING_TO_ENDPOINT,dump_zone_10,load_zone_26,0.00025,0.00067
47.0,2026-07-02T12:39:45.187,3,-171.392,398.749,5.4,0.0,1000.0,TURNING_AROUND,load_zone_22,dump_zone_22,0.000256,0.000686
48.0,2026-07-02T12:39:46.992,1,602.5,54.827,28.047,0.152,0.0,GOING_TO_ENDPOINT,dump_zone_6,load_zone_26,0.000282,0.000756
48.0,2026-07-02T12:39:46.992,2,598.928,218.921,16.537,-0.5,0.0,GOING_TO_ENDPOINT,dump_zone_10,load_zone_26,0.00025,0.00067
48.0,2026-07-02T12:39:46.992,3,-171.434,398.602,0.05,0.1667,1000.0,RETURNING_TO_START,load_zone_22,dump_zone_22,0.00025,0.00067
49.0,2026-07-02T12:39:49.283,1,602.5,47.041,27.994,-0.0146,0.0,GOING_TO_ENDPOINT,dump_zone_6,load_zone_26,0.000266,0.000713
49.0,2026-07-02T12:39:49.283,2,598.821,214.6,14.737,-0.5,0.0,GOING_TO_ENDPOINT,dump_zone_10,load_zone_26,0.00025,0.00067
49.0,2026-07-02T12:39:49.283,3,-171.123,398.572,2.525,1.0,1000.0,RETURNING_TO_START,load_zone_22,dump_zone_22,0.000266,0.000713
50.0,2026-07-02T12:39:51.892,1,602.5,39.297,27.942,0.152,0.0,GOING_TO_ENDPOINT,dump_zone_6,load_zone_26,0.000281,0.000753
50.0,2026-07-02T12:39:51.892,2,598.973,210.782,12.937,-0.5,0.0,GOING_TO_ENDPOINT,dump_zone_10,load_zone_26,0.00025,0.00067
50.0,2026-07-02T12:39:51.892,3,-169.891,398.695,6.125,1.0,1000.0,RETURNING_TO_START,load_zone_22,dump_zone_22,0.000289,0.000775
51.0,2026-07-02T12:39:55.271,1,602.5,31.508,27.925,-0.1098,0.0,GOING_TO_ENDPOINT,dump_zone_6,load_zone_26,0.000258,0.000691
51.0,2026-07-02T12:39:55.271,2,599.409,207.489,11.137,-0.5,0.0,GOING_TO_ENDPOINT,dump_zone_10,load_zone_26,0.00025,0.00067
51.0,2026-07-02T12:39:55.271,3,-167.777,399.443,9.725,1.0,1000.0,RETURNING_TO_START,load_zone_22,dump_zone_22,0.000313,0.000839
52.0,2026-07-02T12:39:58.162,1,602.5,23.73,28.18,0.0569,0.0,GOING_TO_ENDPOINT,dump_zone_6,load_zone_26,0.000273,0.000732
52.0,2026-07-02T12:39:58.162,2,600.134,204.764,9.337,-0.5,0.0,GOING_TO_ENDPOINT,dump_zone_10,load_zone_26,0.00025,0.00067
52.0,2026-07-02T12:39:58.162,3,-164.616,399.708,12.85,0.5833,1000.0,RETURNING_TO_START,load_zone_22,dump_zone_22,0.000304,0.000815
53.0,2026-07-02T12:40:00.567,1,602.5,15.906,28.134,-0.1098,0.0,GOING_TO_ENDPOINT,dump_zone_6,load_zone_26,0.000258,0.000691
53.0,2026-07-02T12:40:00.567,2,601.107,202.656,7.562,-0.4167,0.0,GOING_TO_ENDPOINT,dump_zone_10,load_zone_26,0.00025,0.00067
53.0,2026-07-02T12:40:00.567,3,-161.01,399.007,13.0,-0.4167,1000.0,RETURNING_TO_START,load_zone_22,dump_zone_22,0.00025,0.00067
54.0,2026-07-02T12:40:03.106,1,602.5,8.156,28.149,0.4269,0.0,GOING_TO_ENDPOINT,dump_zone_6,load_zone_26,0.000307,0.000823
54.0,2026-07-02T12:40:03.106,2,601.929,200.845,7.162,0.25,0.0,GOING_TO_ENDPOINT,dump_zone_10,load_zone_26,0.00026,0.000697
54.0,2026-07-02T12:40:03.106,3,-157.686,399.028,11.2,-0.5,1000.0,RETURNING_TO_START,load_zone_22,dump_zone_22,0.00025,0.00067
55.0,2026-07-02T12:40:05.901,1,602.5,0.221,28.395,-0.3738,0.0,GOING_TO_ENDPOINT,dump_zone_6,load_zone_26,0.00025,0.00067
55.0,2026-07-02T12:40:05.901,2,602.378,198.834,7.609,0.299,0.0,GOING_TO_ENDPOINT,dump_zone_10,load_zone_26,0.000262,0.000702
55.0,2026-07-02T12:40:05.901,3,-154.958,399.92,9.85,-0.25,1000.0,RETURNING_TO_START,load_zone_22,dump_zone_22,0.00025,0.00067
56.0,2026-07-02T12:40:08.364,1,602.5,-7.439,26.909,-0.25,0.0,GOING_TO_ENDPOINT,dump_zone_6,load_zone_26,0.00025,0.00067
56.0,2026-07-02T12:40:08.364,2,602.613,196.37,10.427,1.0,0.0,GOING_TO_ENDPOINT,dump_zone_10,load_zone_26,0.00029,0.000777
56.0,2026-07-02T12:40:08.364,3,-152.534,401.279,10.4,0.25,1000.0,RETURNING_TO_START,load_zone_22,dump_zone_22,0.000275,0.000737
57.0,2026-07-02T12:40:10.433,1,602.5,-14.96,27.509,0.4167,0.0,GOING_TO_ENDPOINT,dump_zone_6,load_zone_26,0.000305,0.000817
57.0,2026-07-02T12:40:10.433,2,602.652,192.933,14.027,1.0,0.0,GOING_TO_ENDPOINT,dump_zone_10,load_zone_26,0.000304,0.000815
57.0,2026-07-02T12:40:10.433,3,-150.03,403.083,12.0,0.75,1000.0,RETURNING_TO_START,load_zone_22,dump_zone_22,0.000311,0.000833
58.0,2026-07-02T12:40:12.279,1,602.5,-22.77,28.454,0.1619,0.0,GOING_TO_ENDPOINT,dump_zone_6,load_zone_26,0.000283,0.000758
58.0,2026-07-02T12:40:12.279,2,602.567,188.495,17.627,1.0,0.0,GOING_TO_ENDPOINT,dump_zone_10,load_zone_26,0.000318,0.000852
58.0,2026-07-02T12:40:12.279,3,-147.072,405.555,15.525,1.0,1000.0,RETURNING_TO_START,load_zone_22,dump_zone_22,0.00035,0.000938
59.0,2026-07-02T12:40:14.166,1,602.5,-30.719,28.442,-0.3367,0.0,GOING_TO_ENDPOINT,dump_zone_6,load_zone_26,0.00025,0.00067
59.0,2026-07-02T12:40:14.166,2,602.503,183.058,21.227,1.0,0.0,GOING_TO_ENDPOINT,dump_zone_10,load_zone_26,0.000332,0.00089
59.0,2026-07-02T12:40:14.166,3,-143.478,408.817,19.125,1.0,1000.0,RETURNING_TO_START,load_zone_22,dump_zone_22,0.000373,0.001
60.0,2026-07-02T12:40:16.933,1,602.5,-38.509,27.805,-0.1949,0.0,GOING_TO_ENDPOINT,dump_zone_6,load_zone_26,0.00025,0.00067
60.0,2026-07-02T12:40:16.933,2,602.499,176.62,24.827,1.0,0.0,GOING_TO_ENDPOINT,dump_zone_10,load_zone_26,0.000346,0.000927
60.0,2026-07-02T12:40:16.933,3,-139.26,412.849,22.4,0.75,1000.0,RETURNING_TO_START,load_zone_22,dump_zone_22,0.000364,0.000976
61.0,2026-07-02T12:40:19.775,1,602.5,-46.316,28.589,0.1785,0.0,GOING_TO_ENDPOINT,dump_zone_6,load_zone_26,0.000285,0.000764
61.0,2026-07-02T12:40:19.775,2,602.5,169.202,28.052,0.5833,0.0,GOING_TO_ENDPOINT,dump_zone_10,load_zone_26,0.000321,0.00086
61.0,2026-07-02T12:40:19.775,3,-134.534,417.525,24.8,0.25,1000.0,RETURNING_TO_START,load_zone_22,dump_zone_22,0.00031,0.000831
62.0,2026-07-02T12:40:21.893,1,602.5,-54.199,27.936,-0.4304,0.0,GOING_TO_ENDPOINT,dump_zone_6,load_zone_26,0.00025,0.00067
62.0,2026-07-02T12:40:21.893,2,602.5,161.305,28.202,-0.4167,0.0,GOING_TO_ENDPOINT,dump_zone_10,load_zone_26,0.00025,0.00067
62.0,2026-07-02T12:40:21.893,3,-129.753,422.387,23.9,-0.5,1000.0,RETURNING_TO_START,load_zone_22,dump_zone_22,0.00025,0.00067
63.0,2026-07-02T12:40:24.388,1,602.5,-61.88,27.736,-0.0137,0.0,GOING_TO_ENDPOINT,dump_zone_6,load_zone_26,0.000266,0.000713
63.0,2026-07-02T12:40:24.388,2,602.5,153.713,26.82,-0.0833,0.0,GOING_TO_ENDPOINT,dump_zone_10,load_zone_26,0.00026,0.000697
63.0,2026-07-02T12:40:24.388,3,-125.327,426.966,22.1,-0.5,1000.0,RETURNING_TO_START,load_zone_22,dump_zone_22,0.00025,0.00067
64.0,2026-07-02T12:40:26.449,1,602.5,-69.402,26.291,-0.5,0.0,GOING_TO_ENDPOINT,dump_zone_6,load_zone_26,0.00025,0.00067
64.0,2026-07-02T12:40:26.449,2,602.5,146.179,27.432,0.1924,0.0,GOING_TO_ENDPOINT,dump_zone_10,load_zone_26,0.000284,0.000761
64.0,2026-07-02T12:40:26.449,3,-121.276,431.212,20.3,-0.5,1000.0,RETURNING_TO_START,load_zone_22,dump_zone_22,0.00025,0.00067
65.0,2026-07-02T12:40:27.950,1,602.5,-76.434,24.491,-0.5,0.0,GOING_TO_ENDPOINT,dump_zone_6,load_zone_26,0.00025,0.00067
65.0,2026-07-02T12:40:27.950,2,602.5,138.435,27.824,-0.3076,0.0,GOING_TO_ENDPOINT,dump_zone_10,load_zone_26,0.00025,0.00067
65.0,2026-07-02T12:40:27.950,3,-117.584,435.109,18.5,-0.5,1000.0,RETURNING_TO_START,load_zone_22,dump_zone_22,0.00025,0.00067
66.0,2026-07-02T12:40:29.696,1,602.5,-82.966,22.691,-0.5,0.0,GOING_TO_ENDPOINT,dump_zone_6,load_zone_26,0.00025,0.00067
66.0,2026-07-02T12:40:29.696,2,602.5,130.793,27.317,-0.3076,0.0,GOING_TO_ENDPOINT,dump_zone_10,load_zone_26,0.00025,0.00067
66.0,2026-07-02T12:40:29.696,3,-114.244,438.65,16.7,-0.5,1000.0,RETURNING_TO_START,load_zone_22,dump_zone_22,0.00025,0.00067
67.0,2026-07-02T12:40:31.523,1,602.5,-88.998,20.891,-0.5,0.0,GOING_TO_ENDPOINT,dump_zone_6,load_zone_26,0.00025,0.00067
67.0,2026-07-02T12:40:31.523,2,602.5,123.244,27.279,0.0796,0.0,GOING_TO_ENDPOINT,dump_zone_10,load_zone_26,0.000274,0.000734
67.0,2026-07-02T12:40:31.523,3,-111.215,441.795,14.9,-0.5,1000.0,RETURNING_TO_START,load_zone_22,dump_zone_22,0.00025,0.00067
68.0,2026-07-02T12:40:33.784,1,602.5,-94.53,19.091,-0.5,0.0,GOING_TO_ENDPOINT,dump_zone_6,load_zone_26,0.00025,0.00067
68.0,2026-07-02T12:40:33.784,2,602.5,115.592,27.766,0.0796,0.0,GOING_TO_ENDPOINT,dump_zone_10,load_zone_26,0.000275,0.000737
68.0,2026-07-02T12:40:33.784,3,-107.84,443.648,13.1,-0.5,1000.0,RETURNING_TO_START,load_zone_22,dump_zone_22,0.00025,0.00067
69.0,2026-07-02T12:40:36.138,1,603.035,-99.489,17.666,-0.0833,0.0,GOING_TO_ENDPOINT,dump_zone_6,load_zone_26,0.000256,0.000686
69.0,2026-07-02T12:40:36.138,2,602.5,107.86,27.759,0.0543,0.0,GOING_TO_ENDPOINT,dump_zone_10,load_zone_26,0.000272,0.000729
69.0,2026-07-02T12:40:36.138,3,-105.066,445.495,11.3,-0.5,1000.0,RETURNING_TO_START,load_zone_22,dump_zone_22,0.00025,0.00067
70.0,2026-07-02T12:40:38.353,1,607.378,-101.386,19.316,0.9167,0.0,GOING_TO_ENDPOINT,dump_zone_6,load_zone_26,0.000319,0.000855
70.0,2026-07-02T12:40:38.353,2,602.5,100.056,28.093,-0.1261,0.0,GOING_TO_ENDPOINT,dump_zone_10,load_zone_26,0.000256,0.000686
70.0,2026-07-02T12:40:38.353,3,-103.064,447.549,9.5,-0.5,1000.0,RETURNING_TO_START,load_zone_22,dump_zone_22,0.00025,0.00067
71.0,2026-07-02T12:40:41.314,1,612.453,-98.448,22.541,0.5833,0.0,GOING_TO_ENDPOINT,dump_zone_6,load_zone_26,0.000307,0.000823
71.0,2026-07-02T12:40:41.314,2,602.5,92.251,28.506,0.4856,0.0,GOING_TO_ENDPOINT,dump_zone_10,load_zone_26,0.000313,0.000839
71.0,2026-07-02T12:40:41.314,3,-101.598,449.399,7.7,-0.5,1000.0,RETURNING_TO_START,load_zone_22,dump_zone_22,0.00025,0.00067
72.0,2026-07-02T12:40:43.806,1,618.677,-97.378,22.691,-0.4167,0.0,GOING_TO_ENDPOINT,dump_zone_6,load_zone_26,0.00025,0.00067
72.0,2026-07-02T12:40:43.806,2,602.5,84.19,28.905,-0.3477,0.0,GOING_TO_ENDPOINT,dump_zone_10,load_zone_26,0.00025,0.00067
72.0,2026-07-02T12:40:43.806,3,-101.133,451.191,5.9,-0.5,1000.0,RETURNING_TO_START,load_zone_22,dump_zone_22,0.00025,0.00067
73.0,2026-07-02T12:40:45.935,1,624.708,-97.493,20.891,-0.5,0.0,GOING_TO_ENDPOINT,dump_zone_6,load_zone_26,0.00025,0.00067
73.0,2026-07-02T12:40:45.935,2,602.5,76.389,27.525,-0.4167,0.0,GOING_TO_ENDPOINT,dump_zone_10,load_zone_26,0.00025,0.00067
73.0,2026-07-02T12:40:45.935,3,-101.331,452.539,4.125,-0.4167,1000.0,RETURNING_TO_START,load_zone_22,dump_zone_22,0.00025,0.00067
74.0,2026-07-02T12:40:48.128,1,630.24,-97.506,19.091,-0.5,0.0,GOING_TO_ENDPOINT,dump_zone_6,load_zone_26,0.00025,0.00067
74.0,2026-07-02T12:40:48.128,2,602.5,68.913,26.871,0.25,0.0,GOING_TO_ENDPOINT,dump_zone_10,load_zone_26,0.000289,0.000775
74.0,2026-07-02T12:40:48.128,3,-101.827,453.551,4.575,0.5833,1000.0,RETURNING_TO_START,load_zone_22,dump_zone_22,0.000269,0.000721
75.0,2026-07-02T12:40:50.099,1,635.272,-97.501,17.291,-0.5,0.0,GOING_TO_ENDPOINT,dump_zone_6,load_zone_26,0.00025,0.00067
75.0,2026-07-02T12:40:50.099,2,602.5,61.17,28.803,0.5389,0.0,GOING_TO_ENDPOINT,dump_zone_10,load_zone_26,0.000318,0.000852
75.0,2026-07-02T12:40:50.099,3,-103.099,454.73,7.925,1.0,1000.0,RETURNING_TO_START,load_zone_22,dump_zone_22,0.000301,0.000807
76.0,2026-07-02T12:40:53.178,1,639.804,-97.5,15.491,-0.5,0.0,GOING_TO_ENDPOINT,dump_zone_6,load_zone_26,0.00025,0.00067
76.0,2026-07-02T12:40:53.178,2,602.5,53.088,28.793,-0.4611,0.0,GOING_TO_ENDPOINT,dump_zone_10,load_zone_26,0.00025,0.00067
76.0,2026-07-02T12:40:53.178,3,-105.746,455.201,11.525,1.0,1000.0,RETURNING_TO_START,load_zone_22,dump_zone_22,0.000324,0.000868
77.0,2026-07-02T12:40:55.790,1,643.836,-97.5,13.691,-0.5,0.0,GOING_TO_ENDPOINT,dump_zone_6,load_zone_26,0.00025,0.00067
77.0,2026-07-02T12:40:55.790,2,602.5,45.322,27.468,-0.0833,0.0,GOING_TO_ENDPOINT,dump_zone_10,load_zone_26,0.00026,0.000697
77.0,2026-07-02T12:40:55.790,3,-108.775,453.151,15.125,1.0,1000.0,RETURNING_TO_START,load_zone_22,dump_zone_22,0.000347,0.00093
78.0,2026-07-02T12:40:58.571,1,647.368,-97.501,11.891,-0.5,0.0,GOING_TO_ENDPOINT,dump_zone_6,load_zone_26,0.00025,0.00067
78.0,2026-07-02T12:40:58.571,2,602.5,37.623,28.117,0.4203,0.0,GOING_TO_ENDPOINT,dump_zone_10,load_zone_26,0.000306,0.00082
78.0,2026-07-02T12:40:58.571,3,-112.18,449.885,18.725,1.0,1000.0,RETURNING_TO_START,load_zone_22,dump_zone_22,0.000371,0.000994
79.0,2026-07-02T12:41:01.365,1,650.363,-97.885,10.191,-0.4167,0.0,GOING_TO_ENDPOINT,dump_zone_6,load_zone_26,0.00025,0.00067
79.0,2026-07-02T12:41:01.365,2,602.5,29.705,28.461,-0.0988,0.0,GOING_TO_ENDPOINT,dump_zone_10,load_zone_26,0.000259,0.000694
79.0,2026-07-02T12:41:01.365,3,-117.432,447.722,21.95,0.5833,1000.0,RETURNING_TO_START,load_zone_22,dump_zone_22,0.000342,0.000917
80.0,2026-07-02T12:41:04.766,1,652.583,-99.153,8.541,-0.25,0.0,GOING_TO_ENDPOINT,dump_zone_6,load_zone_26,0.00025,0.00067
80.0,2026-07-02T12:41:04.766,2,602.5,22.001,27.018,-0.4167,0.0,GOING_TO_ENDPOINT,dump_zone_10,load_zone_26,0.00025,0.00067
80.0,2026-07-02T12:41:04.766,3,-123.617,447.454,22.1,-0.4167,1000.0,RETURNING_TO_START,load_zone_22,dump_zone_22,0.00025,0.00067
81.0,2026-07-02T12:41:07.087,1,654.445,-100.738,9.591,0.75,0.0,GOING_TO_ENDPOINT,dump_zone_6,load_zone_26,0.000279,0.000748
81.0,2026-07-02T12:41:07.087,2,602.5,14.513,27.418,0.4167,0.0,GOING_TO_ENDPOINT,dump_zone_10,load_zone_26,0.000304,0.000815
81.0,2026-07-02T12:41:07.087,3,-129.485,447.5,20.3,-0.5,1000.0,RETURNING_TO_START,load_zone_22,dump_zone_22,0.00025,0.00067
82.0,2026-07-02T12:41:09.091,1,656.698,-102.99,13.116,1.0,0.0,GOING_TO_ENDPOINT,dump_zone_6,load_zone_26,0.000301,0.000807
82.0,2026-07-02T12:41:09.091,2,602.5,6.698,28.544,0.1399,0.0,GOING_TO_ENDPOINT,dump_zone_10,load_zone_26,0.000281,0.000753
82.0,2026-07-02T12:41:09.091,3,-134.853,447.502,18.5,-0.5,1000.0,RETURNING_TO_START,load_zone_22,dump_zone_22,0.00025,0.00067
83.0,2026-07-02T12:41:10.994,1,659.604,-106.001,16.716,1.0,0.0,GOING_TO_ENDPOINT,dump_zone_6,load_zone_26,0.000315,0.000844
83.0,2026-07-02T12:41:10.994,2,602.5,-1.169,28.001,-0.2379,0.0,GOING_TO_ENDPOINT,dump_zone_10,load_zone_26,0.00025,0.00067
83.0,2026-07-02T12:41:10.994,3,-139.735,447.5,16.8,-0.5,1000.0,RETURNING_TO_START,load_zone_22,dump_zone_22,0.00025,0.00067
84.0,2026-07-02T12:41:13.074,1,663.241,-109.697,20.316,1.0,0.0,GOING_TO_ENDPOINT,dump_zone_6,load_zone_26,0.000329,0.000882
84.0,2026-07-02T12:41:13.074,2,602.5,-8.798,27.444,0.2621,0.0,GOING_TO_ENDPOINT,dump_zone_10,load_zone_26,0.000291,0.00078
84.0,2026-07-02T12:41:13.074,3,-144.15,447.5,15.162,-0.4167,1000.0,RETURNING_TO_START,load_zone_22,dump_zone_22,0.00025,0.00067
85.0,2026-07-02T12:41:15.735,1,667.608,-114.076,23.916,1.0,0.0,GOING_TO_ENDPOINT,dump_zone_6,load_zone_26,0.000342,0.000917
85.0,2026-07-02T12:41:15.735,2,602.5,-16.486,27.691,0.0135,0.0,GOING_TO_ENDPOINT,dump_zone_10,load_zone_26,0.000269,0.000721
85.0,2026-07-02T12:41:15.735,3,-148.105,447.5,13.462,-0.5,1000.0,RETURNING_TO_START,load_zone_22,dump_zone_22,0.00025,0.00067
86.0,2026-07-02T12:41:18.996,1,672.679,-119.143,27.208,0.6394,0.0,GOING_TO_ENDPOINT,dump_zone_6,load_zone_26,0.000324,0.000868
86.0,2026-07-02T12:41:18.996,2,602.5,-24.337,28.975,0.4902,0.0,GOING_TO_ENDPOINT,dump_zone_10,load_zone_26,0.000314,0.000842
86.0,2026-07-02T12:41:18.996,3,-151.6,447.5,11.815,-0.5,1000.0,RETURNING_TO_START,load_zone_22,dump_zone_22,0.00025,0.00067
87.0,2026-07-02T12:41:21.505,1,678.119,-124.583,27.56,-0.3606,0.0,GOING_TO_ENDPOINT,dump_zone_6,load_zone_26,0.00025,0.00067
87.0,2026-07-02T12:41:21.505,2,602.5,-32.441,28.793,-0.5,0.0,GOING_TO_ENDPOINT,dump_zone_10,load_zone_26,0.00025,0.00067
87.0,2026-07-02T12:41:21.505,3,-154.634,447.5,10.115,-0.5,1000.0,RETURNING_TO_START,load_zone_22,dump_zone_22,0.00025,0.00067
88.0,2026-07-02T12:41:24.038,1,683.344,-129.808,25.777,-0.5,0.0,GOING_TO_ENDPOINT,dump_zone_6,load_zone_26,0.00025,0.00067
88.0,2026-07-02T12:41:24.038,2,602.5,-40.174,27.143,-0.25,0.0,GOING_TO_ENDPOINT,dump_zone_10,load_zone_26,0.00025,0.00067
88.0,2026-07-02T12:41:24.038,3,-157.17,447.422,8.315,-0.5,1000.0,RETURNING_TO_START,load_zone_22,dump_zone_22,0.00025,0.00067
89.0,2026-07-02T12:41:26.451,1,688.215,-134.68,23.977,-0.5,0.0,GOING_TO_ENDPOINT,dump_zone_6,load_zone_26,0.00025,0.00067
89.0,2026-07-02T12:41:26.451,2,602.5,-47.778,27.893,0.25,0.0,GOING_TO_ENDPOINT,dump_zone_10,load_zone_26,0.00029,0.000777
89.0,2026-07-02T12:41:26.451,3,-159.177,446.845,6.94,-0.4167,1000.0,RETURNING_TO_START,load_zone_22,dump_zone_22,0.00025,0.00067
90.0,2026-07-02T12:41:28.754,1,692.733,-139.198,22.177,-0.5,0.0,GOING_TO_ENDPOINT,dump_zone_6,load_zone_26,0.00025,0.00067
90.0,2026-07-02T12:41:28.754,2,602.5,-55.491,27.593,0.0833,0.0,GOING_TO_ENDPOINT,dump_zone_10,load_zone_26,0.000275,0.000737
90.0,2026-07-02T12:41:28.754,3,-160.85,446.176,6.137,-0.3354,1000.0,RETURNING_TO_START,load_zone_22,dump_zone_22,0.00025,0.00067
91.0,2026-07-02T12:41:30.789,1,696.898,-143.362,20.377,-0.5,0.0,GOING_TO_ENDPOINT,dump_zone_6,load_zone_26,0.00025,0.00067
91.0,2026-07-02T12:41:30.789,2,602.5,-63.174,27.393,-0.4167,0.0,GOING_TO_ENDPOINT,dump_zone_10,load_zone_26,0.00025,0.00067
91.0,2026-07-02T12:41:30.789,3,-162.286,445.792,5.026,-0.0353,1000.0,RETURNING_TO_START,load_zone_22,dump_zone_22,0.000254,0.000681
92.0,2026-07-02T12:41:33.040,1,700.664,-147.215,18.577,-0.5,0.0,GOING_TO_ENDPOINT,dump_zone_6,load_zone_26,0.00025,0.00067
92.0,2026-07-02T12:41:33.040,2,602.5,-70.513,25.593,-0.5,0.0,GOING_TO_ENDPOINT,dump_zone_10,load_zone_26,0.00025,0.00067
92.0,2026-07-02T12:41:33.040,3,-163.663,445.603,5.329,0.2979,1000.0,RETURNING_TO_START,load_zone_22,dump_zone_22,0.000264,0.000708
93.0,2026-07-02T12:41:35.313,1,703.003,-151.446,16.777,-0.5,0.0,GOING_TO_ENDPOINT,dump_zone_6,load_zone_26,0.00025,0.00067
93.0,2026-07-02T12:41:35.313,2,602.5,-77.351,23.793,-0.5,0.0,GOING_TO_ENDPOINT,dump_zone_10,load_zone_26,0.00025,0.00067
93.0,2026-07-02T12:41:35.313,3,-165.164,445.517,5.442,0.1076,1000.0,RETURNING_TO_START,load_zone_22,dump_zone_22,0.000259,0.000694
94.0,2026-07-02T12:41:37.535,1,702.608,-155.906,16.102,0.25,0.0,GOING_TO_ENDPOINT,dump_zone_6,load_zone_26,0.000273,0.000732
94.0,2026-07-02T12:41:37.535,2,602.5,-83.689,21.993,-0.5,0.0,GOING_TO_ENDPOINT,dump_zone_10,load_zone_26,0.00025,0.00067
94.0,2026-07-02T12:41:37.535,3,-166.669,445.492,5.088,-0.2459,1000.0,RETURNING_TO_START,load_zone_22,dump_zone_22,0.00025,0.00067
95.0,2026-07-02T12:41:39.786,1,702.49,-160.692,18.452,0.75,0.0,GOING_TO_ENDPOINT,dump_zone_6,load_zone_26,0.000306,0.00082
95.0,2026-07-02T12:41:39.786,2,602.5,-89.528,20.193,-0.5,0.0,GOING_TO_ENDPOINT,dump_zone_10,load_zone_26,0.00025,0.00067
95.0,2026-07-02T12:41:39.786,3,-168.001,445.521,4.77,0.0757,1000.0,RETURNING_TO_START,load_zone_22,dump_zone_22,0.000257,0.000689
96.0,2026-07-02T12:41:41.485,1,702.498,-166.013,19.202,-0.25,0.0,GOING_TO_ENDPOINT,dump_zone_6,load_zone_26,0.00025,0.00067
96.0,2026-07-02T12:41:41.485,2,602.5,-94.866,18.393,-0.5,0.0,GOING_TO_ENDPOINT,dump_zone_10,load_zone_26,0.00025,0.00067
96.0,2026-07-02T12:41:41.485,3,-169.222,445.73,3.983,-0.3713,1000.0,RETURNING_TO_START,load_zone_22,dump_zone_22,0.00025,0.00067
97.0,2026-07-02T12:41:43.707,1,702.5,-171.096,17.477,-0.5,0.0,GOING_TO_ENDPOINT,dump_zone_6,load_zone_26,0.00025,0.00067
97.0,2026-07-02T12:41:43.707,2,602.603,-99.7,16.743,-0.25,0.0,GOING_TO_ENDPOINT,dump_zone_10,load_zone_26,0.00025,0.00067
97.0,2026-07-02T12:41:43.707,3,-170.043,446.08,2.453,-0.5,1000.0,UNLOADING,load_zone_22,dump_zone_22,0.00025,0.00067
98.0,2026-07-02T12:41:45.326,1,702.5,-175.68,15.677,-0.5,0.0,GOING_TO_ENDPOINT,dump_zone_6,load_zone_26,0.00025,0.00067
98.0,2026-07-02T12:41:45.326,2,605.931,-102.663,17.793,0.75,0.0,GOING_TO_ENDPOINT,dump_zone_10,load_zone_26,0.000304,0.000815
98.0,2026-07-02T12:41:45.326,3,-170.391,446.298,0.653,-0.5,1000.0,UNLOADING,load_zone_22,dump_zone_22,0.00025,0.00067
99.0,2026-07-02T12:41:47.287,1,702.5,-179.764,13.877,-0.5,0.0,GOING_TO_ENDPOINT,dump_zone_6,load_zone_26,0.00025,0.00067
99.0,2026-07-02T12:41:47.287,2,610.647,-100.354,21.318,1.0,0.0,GOING_TO_ENDPOINT,dump_zone_10,load_zone_26,0.000332,0.00089
99.0,2026-07-02T12:41:47.287,3,-170.425,446.322,0.25,0.3333,1000.0,UNLOADING,load_zone_22,dump_zone_22,0.000251,0.000673
100.0,2026-07-02T12:41:49.036,1,702.5,-183.348,12.077,-0.5,0.0,GOING_TO_ENDPOINT,dump_zone_6,load_zone_26,0.00025,0.00067
100.0,2026-07-02T12:41:49.036,2,616.198,-97.452,23.793,0.25,0.0,GOING_TO_ENDPOINT,dump_zone_10,load_zone_26,0.000284,0.000761
100.0,2026-07-02T12:41:49.036,3,-171.286,447.19,7.2,0.0,0.0,TURNING_AROUND,dump_zone_22,load_zone_22,0.000255,0.000683
101.0,2026-07-02T12:41:50.635,1,702.5,-186.432,10.277,-0.5,0.0,GOING_TO_ENDPOINT,dump_zone_6,load_zone_26,0.00025,0.00067
101.0,2026-07-02T12:41:50.635,2,622.728,-97.423,22.893,-0.5,0.0,GOING_TO_ENDPOINT,dump_zone_10,load_zone_26,0.00025,0.00067
101.0,2026-07-02T12:41:50.635,3,-172.014,449.03,7.2,0.0,0.0,TURNING_AROUND,dump_zone_22,load_zone_22,0.000255,0.000683
102.0,2026-07-02T12:41:52.068,1,702.494,-189.015,8.477,-0.5,0.0,GOING_TO_ENDPOINT,dump_zone_6,load_zone_26,0.00025,0.00067
102.0,2026-07-02T12:41:52.068,2,628.815,-97.509,21.093,-0.5,0.0,GOING_TO_ENDPOINT,dump_zone_10,load_zone_26,0.00025,0.00067
102.0,2026-07-02T12:41:52.068,3,-172.097,447.541,5.4,0.0,0.0,TURNING_AROUND,dump_zone_22,load_zone_22,0.000253,0.000678
103.0,2026-07-02T12:41:53.359,1,702.27,-191.085,6.677,-0.5,0.0,GOING_TO_ENDPOINT,dump_zone_6,load_zone_26,0.00025,0.00067
103.0,2026-07-02T12:41:53.359,2,634.404,-97.502,19.293,-0.5,0.0,GOING_TO_ENDPOINT,dump_zone_10,load_zone_26,0.00025,0.00067
103.0,2026-07-02T12:41:53.359,3,-171.151,449.28,7.2,0.0,0.0,TURNING_AROUND,dump_zone_22,load_zone_22,0.000255,0.000683
104.0,2026-07-02T12:41:54.907,1,702.606,-192.622,4.877,-0.5,0.0,GOING_TO_ENDPOINT,dump_zone_6,load_zone_26,0.00025,0.00067
104.0,2026-07-02T12:41:54.907,2,639.492,-97.5,17.493,-0.5,0.0,GOING_TO_ENDPOINT,dump_zone_10,load_zone_26,0.00025,0.00067
104.0,2026-07-02T12:41:54.907,3,-170.805,449.732,5.4,0.0,0.0,TURNING_AROUND,dump_zone_22,load_zone_22,0.000253,0.000678
105.0,2026-07-02T12:41:56.509,1,703.165,-193.547,3.077,-0.5,0.0,LOADING,dump_zone_6,load_zone_26,0.00025,0.00067
105.0,2026-07-02T12:41:56.509,2,644.08,-97.5,15.693,-0.5,0.0,GOING_TO_ENDPOINT,dump_zone_10,load_zone_26,0.00025,0.00067
105.0,2026-07-02T12:41:56.509,3,-171.356,449.546,0.675,0.5833,0.0,GOING_TO_ENDPOINT,dump_zone_22,load_zone_22,0.000252,0.000675
106.0,2026-07-02T12:41:58.882,1,703.559,-193.977,1.277,-0.5,0.0,LOADING,dump_zone_6,load_zone_26,0.00025,0.00067
106.0,2026-07-02T12:41:58.882,2,648.168,-97.518,13.893,-0.5,0.0,GOING_TO_ENDPOINT,dump_zone_10,load_zone_26,0.00025,0.00067
106.0,2026-07-02T12:41:58.882,3,-170.691,449.559,4.025,1.0,0.0,GOING_TO_ENDPOINT,dump_zone_22,load_zone_22,0.000266,0.000713
107.0,2026-07-02T12:42:01.448,1,703.64,-194.054,0.0,-0.5,0.0,LOADING,dump_zone_6,load_zone_26,0.00025,0.00067
107.0,2026-07-02T12:42:01.448,2,651.59,-98.459,12.093,-0.5,0.0,GOING_TO_ENDPOINT,dump_zone_10,load_zone_26,0.00025,0.00067
107.0,2026-07-02T12:42:01.448,3,-169.061,449.849,7.625,1.0,0.0,GOING_TO_ENDPOINT,dump_zone_22,load_zone_22,0.000279,0.000748
108.0,2026-07-02T12:42:03.472,1,703.897,-194.266,7.2,0.0,1000.0,TURNING_AROUND,load_zone_26,dump_zone_3,0.000258,0.000691
108.0,2026-07-02T12:42:03.472,2,654.031,-100.416,10.993,0.0833,0.0,GOING_TO_ENDPOINT,dump_zone_10,load_zone_26,0.00026,0.000697
108.0,2026-07-02T12:42:03.472,3,-166.511,450.605,11.225,1.0,0.0,GOING_TO_ENDPOINT,dump_zone_22,load_zone_22,0.000293,0.000785
109.0,2026-07-02T12:42:04.489,1,705.721,-195.034,7.2,0.0,1000.0,TURNING_AROUND,load_zone_26,dump_zone_3,0.000258,0.000691
109.0,2026-07-02T12:42:04.489,2,656.39,-102.737,13.218,1.0,0.0,GOING_TO_ENDPOINT,dump_zone_10,load_zone_26,0.000301,0.000807
109.0,2026-07-02T12:42:04.489,3,-162.945,451.423,14.825,1.0,0.0,GOING_TO_ENDPOINT,dump_zone_22,load_zone_22,0.000307,0.000823
110.0,2026-07-02T12:42:05.297,1,705.691,-195.213,5.4,0.0,1000.0,TURNING_AROUND,load_zone_26,dump_zone_3,0.000256,0.000686
110.0,2026-07-02T12:42:05.297,2,659.334,-105.751,16.818,1.0,0.0,GOING_TO_ENDPOINT,dump_zone_10,load_zone_26,0.000315,0.000844
110.0,2026-07-02T12:42:05.297,3,-158.344,452.154,18.425,1.0,0.0,GOING_TO_ENDPOINT,dump_zone_22,load_zone_22,0.000321,0.00086
111.0,2026-07-02T12:42:06.306,1,706.076,-194.79,7.2,0.0,1000.0,TURNING_AROUND,load_zone_26,dump_zone_3,0.000258,0.000691
111.0,2026-07-02T12:42:06.306,2,662.997,-109.46,20.418,1.0,0.0,GOING_TO_ENDPOINT,dump_zone_10,load_zone_26,0.000329,0.000882
111.0,2026-07-02T12:42:06.306,3,-152.697,452.492,22.025,1.0,0.0,GOING_TO_ENDPOINT,dump_zone_22,load_zone_22,0.000335,0.000898
112.0,2026-07-02T12:42:07.620,1,707.184,-193.15,7.2,0.0,1000.0,TURNING_AROUND,load_zone_26,dump_zone_3,0.000258,0.000691
112.0,2026-07-02T12:42:07.620,2,667.389,-113.855,24.018,1.0,0.0,GOING_TO_ENDPOINT,dump_zone_10,load_zone_26,0.000343,0.000919
112.0,2026-07-02T12:42:07.620,3,-146.058,452.504,25.25,0.5833,0.0,GOING_TO_ENDPOINT,dump_zone_22,load_zone_22,0.000314,0.000842
113.0,2026-07-02T12:42:09.687,1,707.043,-193.629,0.025,0.0833,1000.0,RETURNING_TO_START,load_zone_26,dump_zone_3,0.00025,0.00067
113.0,2026-07-02T12:42:09.687,2,672.487,-118.951,27.468,0.75,0.0,GOING_TO_ENDPOINT,dump_zone_10,load_zone_26,0.000334,0.000895
113.0,2026-07-02T12:42:09.687,3,-138.939,452.5,25.4,-0.4167,0.0,GOING_TO_ENDPOINT,dump_zone_22,load_zone_22,0.00025,0.00067
114.0,2026-07-02T12:42:10.956,1,707.034,-193.367,2.25,1.0,1000.0,RETURNING_TO_START,load_zone_26,dump_zone_3,0.000265,0.00071
114.0,2026-07-02T12:42:10.956,2,678.02,-124.485,28.218,-0.25,0.0,GOING_TO_ENDPOINT,dump_zone_10,load_zone_26,0.00025,0.00067
114.0,2026-07-02T12:42:10.956,3,-132.154,452.5,23.6,-0.5,0.0,GOING_TO_ENDPOINT,dump_zone_22,load_zone_22,0.00025,0.00067
115.0,2026-07-02T12:42:12.288,1,706.778,-192.233,5.85,1.0,1000.0,RETURNING_TO_START,load_zone_26,dump_zone_3,0.000288,0.000772
115.0,2026-07-02T12:42:12.288,2,683.386,-129.85,26.493,-0.5,0.0,GOING_TO_ENDPOINT,dump_zone_10,load_zone_26,0.00025,0.00067
115.0,2026-07-02T12:42:12.288,3,-125.869,452.5,21.8,-0.5,0.0,GOING_TO_ENDPOINT,dump_zone_22,load_zone_22,0.00025,0.00067
116.0,2026-07-02T12:42:14.057,1,705.506,-190.506,9.45,1.0,1000.0,RETURNING_TO_START,load_zone_26,dump_zone_3,0.000311,0.000833
116.0,2026-07-02T12:42:14.057,2,688.398,-134.862,24.693,-0.5,0.0,GOING_TO_ENDPOINT,dump_zone_10,load_zone_26,0.00025,0.00067
116.0,2026-07-02T12:42:14.057,3,-120.084,452.5,20.0,-0.5,0.0,GOING_TO_ENDPOINT,dump_zone_22,load_zone_22,0.00025,0.00067
117.0,2026-07-02T12:42:15.580,1,703.07,-188.483,13.05,1.0,1000.0,RETURNING_TO_START,load_zone_26,dump_zone_3,0.000334,0.000895
117.0,2026-07-02T12:42:15.580,2,693.056,-139.521,22.893,-0.5,0.0,GOING_TO_ENDPOINT,dump_zone_10,load_zone_26,0.00025,0.00067
117.0,2026-07-02T12:42:15.580,3,-114.8,452.505,18.2,-0.5,0.0,GOING_TO_ENDPOINT,dump_zone_22,load_zone_22,0.00025,0.00067
118.0,2026-07-02T12:42:17.514,1,699.974,-185.719,16.65,1.0,1000.0,RETURNING_TO_START,load_zone_26,dump_zone_3,0.000357,0.000957
118.0,2026-07-02T12:42:17.514,2,697.363,-143.825,21.093,-0.5,0.0,GOING_TO_ENDPOINT,dump_zone_10,load_zone_26,0.00025,0.00067
118.0,2026-07-02T12:42:17.514,3,-110.26,453.72,16.4,-0.5,0.0,GOING_TO_ENDPOINT,dump_zone_22,load_zone_22,0.00025,0.00067
119.0,2026-07-02T12:42:20.445,1,697.775,-181.125,19.875,0.5833,1000.0,RETURNING_TO_START,load_zone_26,dump_zone_3,0.000333,0.000892
119.0,2026-07-02T12:42:20.445,2,701.217,-147.865,19.293,-0.5,0.0,GOING_TO_ENDPOINT,dump_zone_10,load_zone_26,0.00025,0.00067
119.0,2026-07-02T12:42:20.445,3,-106.26,454.891,14.6,-0.5,0.0,GOING_TO_ENDPOINT,dump_zone_22,load_zone_22,0.00025,0.00067
120.0,2026-07-02T12:42:22.952,1,697.439,-175.519,20.025,-0.4167,1000.0,RETURNING_TO_START,load_zone_26,dump_zone_3,0.00025,0.00067
120.0,2026-07-02T12:42:22.952,2,703.274,-152.395,17.518,-0.4167,0.0,GOING_TO_ENDPOINT,dump_zone_10,load_zone_26,0.00025,0.00067
120.0,2026-07-02T12:42:22.952,3,-102.544,454.203,12.8,-0.5,0.0,GOING_TO_ENDPOINT,dump_zone_22,load_zone_22,0.00025,0.00067
121.0,2026-07-02T12:42:25.583,1,697.493,-170.228,18.225,-0.5,1000.0,RETURNING_TO_START,load_zone_26,dump_zone_3,0.00025,0.00067
121.0,2026-07-02T12:42:25.583,2,702.672,-157.207,17.968,0.5833,0.0,GOING_TO_ENDPOINT,dump_zone_10,load_zone_26,0.000295,0.000791
121.0,2026-07-02T12:42:25.583,3,-99.599,452.906,11.375,-0.0833,0.0,GOING_TO_ENDPOINT,dump_zone_22,load_zone_22,0.000254,0.000681
122.0,2026-07-02T12:42:28.124,1,697.501,-165.436,16.425,-0.5,1000.0,RETURNING_TO_START,load_zone_26,dump_zone_3,0.00025,0.00067
122.0,2026-07-02T12:42:28.124,2,702.496,-162.389,18.718,-0.25,0.0,GOING_TO_ENDPOINT,dump_zone_10,load_zone_26,0.00025,0.00067
122.0,2026-07-02T12:42:28.124,3,-98.531,449.892,12.275,0.0833,0.0,GOING_TO_ENDPOINT,dump_zone_22,load_zone_22,0.000261,0.000699
123.0,2026-07-02T12:42:30.177,1,697.5,-161.144,14.625,-0.5,1000.0,RETURNING_TO_START,load_zone_26,dump_zone_3,0.00025,0.00067
123.0,2026-07-02T12:42:30.177,2,702.496,-167.345,17.043,-0.4167,0.0,GOING_TO_ENDPOINT,dump_zone_10,load_zone_26,0.00025,0.00067
123.0,2026-07-02T12:42:30.177,3,-99.562,446.86,11.025,-0.4167,0.0,GOING_TO_ENDPOINT,dump_zone_22,load_zone_22,0.00025,0.00067
124.0,2026-07-02T12:42:31.880,1,697.5,-157.353,12.825,-0.5,1000.0,RETURNING_TO_START,load_zone_26,dump_zone_3,0.00025,0.00067
124.0,2026-07-02T12:42:31.880,2,702.5,-171.877,15.535,-0.5,0.0,GOING_TO_ENDPOINT,dump_zone_10,load_zone_26,0.00025,0.00067
124.0,2026-07-02T12:42:31.880,3,-101.581,444.578,11.475,0.5833,0.0,GOING_TO_ENDPOINT,dump_zone_22,load_zone_22,0.000279,0.000748
125.0,2026-07-02T12:42:34.011,1,697.5,-154.061,11.025,-0.5,1000.0,RETURNING_TO_START,load_zone_26,dump_zone_3,0.00025,0.00067
125.0,2026-07-02T12:42:34.011,2,702.5,-175.933,13.811,-0.5,0.0,GOING_TO_ENDPOINT,dump_zone_10,load_zone_26,0.00025,0.00067
125.0,2026-07-02T12:42:34.011,3,-104.13,441.944,14.825,1.0,0.0,GOING_TO_ENDPOINT,dump_zone_22,load_zone_22,0.000307,0.000823
126.0,2026-07-02T12:42:36.183,1,697.469,-151.271,9.225,-0.5,1000.0,RETURNING_TO_START,load_zone_26,dump_zone_3,0.00025,0.00067
126.0,2026-07-02T12:42:36.183,2,702.5,-179.498,12.011,-0.5,0.0,GOING_TO_ENDPOINT,dump_zone_10,load_zone_26,0.00025,0.00067
126.0,2026-07-02T12:42:36.183,3,-107.385,438.609,18.425,1.0,0.0,GOING_TO_ENDPOINT,dump_zone_22,load_zone_22,0.000321,0.00086
127.0,2026-07-02T12:42:38.421,1,696.492,-149.129,8.55,0.25,1000.0,RETURNING_TO_START,load_zone_26,dump_zone_3,0.000271,0.000726
127.0,2026-07-02T12:42:38.421,2,702.5,-182.597,10.431,-0.5,0.0,GOING_TO_ENDPOINT,dump_zone_10,load_zone_26,0.00025,0.00067
127.0,2026-07-02T12:42:38.421,3,-111.282,434.506,22.025,1.0,0.0,GOING_TO_ENDPOINT,dump_zone_22,load_zone_22,0.000335,0.000898
128.0,2026-07-02T12:42:41.346,1,694.526,-147.261,11.25,1.0,1000.0,RETURNING_TO_START,load_zone_26,dump_zone_3,0.000323,0.000866
128.0,2026-07-02T12:42:41.346,2,702.5,-185.233,8.789,-0.2672,0.0,GOING_TO_ENDPOINT,dump_zone_10,load_zone_26,0.00025,0.00067
128.0,2026-07-02T12:42:41.346,3,-115.855,429.664,25.625,1.0,0.0,GOING_TO_ENDPOINT,dump_zone_22,load_zone_22,0.000349,0.000935
129.0,2026-07-02T12:42:43.827,1,691.716,-144.906,14.85,1.0,1000.0,RETURNING_TO_START,load_zone_26,dump_zone_3,0.000346,0.000927
129.0,2026-07-02T12:42:43.827,2,702.5,-187.469,7.304,-0.4167,0.0,GOING_TO_ENDPOINT,dump_zone_10,load_zone_26,0.00025,0.00067
129.0,2026-07-02T12:42:43.827,3,-121.021,424.235,27.575,0.0833,0.0,GOING_TO_ENDPOINT,dump_zone_22,load_zone_22,0.000275,0.000737
130.0,2026-07-02T12:42:46.054,1,688.256,-141.775,18.45,1.0,1000.0,RETURNING_TO_START,load_zone_26,dump_zone_3,0.000369,0.000989
130.0,2026-07-02T12:42:46.054,2,702.492,-189.24,5.555,-0.5,0.0,GOING_TO_ENDPOINT,dump_zone_10,load_zone_26,0.00025,0.00067
130.0,2026-07-02T12:42:46.054,3,-126.239,418.827,26.3,-0.5,0.0,GOING_TO_ENDPOINT,dump_zone_22,load_zone_22,0.00025,0.00067
131.0,2026-07-02T12:42:48.072,1,684.237,-137.781,22.05,1.0,1000.0,RETURNING_TO_START,load_zone_26,dump_zone_3,0.000392,0.001051
131.0,2026-07-02T12:42:48.072,2,702.573,-190.506,3.755,-0.5,0.0,GOING_TO_ENDPOINT,dump_zone_10,load_zone_26,0.00025,0.00067
131.0,2026-07-02T12:42:48.072,3,-131.174,413.814,24.5,-0.5,0.0,GOING_TO_ENDPOINT,dump_zone_22,load_zone_22,0.00025,0.00067
132.0,2026-07-02T12:42:50.188,1,679.595,-133.13,24.525,0.25,1000.0,RETURNING_TO_START,load_zone_26,dump_zone_3,0.000309,0.000828
132.0,2026-07-02T12:42:50.188,2,702.805,-191.241,1.955,-0.5,0.0,LOADING,dump_zone_10,load_zone_26,0.00025,0.00067
132.0,2026-07-02T12:42:50.188,3,-135.818,409.217,22.7,-0.5,0.0,GOING_TO_ENDPOINT,dump_zone_22,load_zone_22,0.00025,0.00067
133.0,2026-07-02T12:42:51.932,1,674.827,-128.362,23.625,-0.5,1000.0,RETURNING_TO_START,load_zone_26,dump_zone_3,0.00025,0.00067
133.0,2026-07-02T12:42:51.932,2,702.919,-191.488,0.155,-0.5,0.0,LOADING,dump_zone_10,load_zone_26,0.00025,0.00067
133.0,2026-07-02T12:42:51.932,3,-140.189,405.057,20.9,-0.5,0.0,GOING_TO_ENDPOINT,dump_zone_22,load_zone_22,0.00025,0.00067
134.0,2026-07-02T12:42:54.093,1,670.378,-123.913,21.825,-0.5,1000.0,RETURNING_TO_START,load_zone_26,dump_zone_3,0.00025,0.00067
134.0,2026-07-02T12:42:54.093,2,702.919,-191.488,0.0,-0.5,0.0,LOADING,dump_zone_10,load_zone_26,0.00025,0.00067
134.0,2026-07-02T12:42:54.093,3,-144.311,401.363,19.1,-0.5,0.0,GOING_TO_ENDPOINT,dump_zone_22,load_zone_22,0.00025,0.00067
135.0,2026-07-02T12:42:55.451,1,666.282,-119.818,20.025,-0.5,1000.0,RETURNING_TO_START,load_zone_26,dump_zone_3,0.00025,0.00067
135.0,2026-07-02T12:42:55.451,2,703.845,-192.657,7.2,0.0,1000.0,TURNING_AROUND,load_zone_26,dump_zone_3,0.000258,0.000691
135.0,2026-07-02T12:42:55.451,3,-148.247,398.226,17.3,-0.5,0.0,GOING_TO_ENDPOINT,dump_zone_22,load_zone_22,0.00025,0.00067
136.0,2026-07-02T12:42:56.918,1,662.541,-116.076,18.225,-0.5,1000.0,RETURNING_TO_START,load_zone_26,dump_zone_3,0.00025,0.00067
136.0,2026-07-02T12:42:56.918,2,705.052,-193.391,5.4,0.0,1000.0,TURNING_AROUND,load_zone_26,dump_zone_3,0.000256,0.000686
136.0,2026-07-02T12:42:56.918,3,-152.104,395.85,15.5,-0.5,0.0,GOING_TO_ENDPOINT,dump_zone_22,load_zone_22,0.00025,0.00067
137.0,2026-07-02T12:42:58.323,1,659.152,-112.688,16.425,-0.5,1000.0,RETURNING_TO_START,load_zone_26,dump_zone_3,0.00025,0.00067
137.0,2026-07-02T12:42:58.323,2,704.143,-193.248,7.2,0.0,1000.0,TURNING_AROUND,load_zone_26,dump_zone_3,0.000258,0.000691
137.0,2026-07-02T12:42:58.323,3,-155.857,394.39,13.7,-0.5,0.0,GOING_TO_ENDPOINT,dump_zone_22,load_zone_22,0.00025,0.00067
138.0,2026-07-02T12:42:59.951,1,656.118,-109.653,14.625,-0.5,1000.0,RETURNING_TO_START,load_zone_26,dump_zone_3,0.00025,0.00067
138.0,2026-07-02T12:42:59.951,2,705.956,-192.455,7.2,0.0,1000.0,TURNING_AROUND,load_zone_26,dump_zone_3,0.000258,0.000691
138.0,2026-07-02T12:42:59.951,3,-159.273,393.482,11.9,-0.5,0.0,GOING_TO_ENDPOINT,dump_zone_22,load_zone_22,0.00025,0.00067
139.0,2026-07-02T12:43:01.846,1,653.437,-106.972,12.825,-0.5,1000.0,RETURNING_TO_START,load_zone_26,dump_zone_3,0.00025,0.00067
139.0,2026-07-02T12:43:01.846,2,706.065,-192.601,5.4,0.0,1000.0,TURNING_AROUND,load_zone_26,dump_zone_3,0.000256,0.000686
139.0,2026-07-02T12:43:01.846,3,-162.187,392.662,10.1,-0.5,0.0,GOING_TO_ENDPOINT,dump_zone_22,load_zone_22,0.00025,0.00067
140.0,2026-07-02T12:50:51.351,1,651.109,-104.645,11.025,-0.5,1000.0,RETURNING_TO_START,load_zone_26,dump_zone_3,0.00025,0.00067
140.0,2026-07-02T12:50:51.351,2,705.947,-192.691,0.0,-0.25,1000.0,RETURNING_TO_START,load_zone_26,dump_zone_3,0.00025,0.00067
140.0,2026-07-02T12:50:51.351,3,-164.705,392.831,8.3,-0.5,0.0,GOING_TO_ENDPOINT,dump_zone_22,load_zone_22,0.00025,0.00067
141.0,2026-07-02T12:50:54.981,1,649.115,-102.692,9.225,-0.5,1000.0,RETURNING_TO_START,load_zone_26,dump_zone_3,0.00025,0.00067
141.0,2026-07-02T12:50:54.981,2,705.946,-192.596,1.125,0.75,1000.0,RETURNING_TO_START,load_zone_26,dump_zone_3,0.000256,0.000686
141.0,2026-07-02T12:50:54.981,3,-166.632,393.476,6.5,-0.5,0.0,GOING_TO_ENDPOINT,dump_zone_22,load_zone_22,0.00025,0.00067
142.0,2026-07-02T12:50:58.306,1,646.856,-101.825,9.075,0.4167,1000.0,RETURNING_TO_START,load_zone_26,dump_zone_3,0.00028,0.00075
142.0,2026-07-02T12:50:58.306,2,705.835,-191.771,4.65,1.0,1000.0,RETURNING_TO_START,load_zone_26,dump_zone_3,0.00028,0.00075
142.0,2026-07-02T12:50:58.306,3,-168.047,394.163,5.17,-0.2175,0.0,GOING_TO_ENDPOINT,dump_zone_22,load_zone_22,0.00025,0.00067
143.0,2026-07-02T12:51:01.644,1,643.924,-101.9,12.15,1.0,1000.0,RETURNING_TO_START,load_zone_26,dump_zone_3,0.000328,0.000879
143.0,2026-07-02T12:51:01.644,2,705.0,-190.157,8.25,1.0,1000.0,RETURNING_TO_START,load_zone_26,dump_zone_3,0.000303,0.000812
143.0,2026-07-02T12:51:01.644,3,-169.199,394.791,4.557,0.0158,0.0,GOING_TO_ENDPOINT,dump_zone_22,load_zone_22,0.000253,0.000678
144.0,2026-07-02T12:51:06.014,1,640.027,-102.288,15.75,1.0,1000.0,RETURNING_TO_START,load_zone_26,dump_zone_3,0.000352,0.000943
144.0,2026-07-02T12:51:06.014,2,702.903,-188.255,11.85,1.0,1000.0,RETURNING_TO_START,load_zone_26,dump_zone_3,0.000326,0.000874
144.0,2026-07-02T12:51:06.014,3,-170.164,395.306,3.16,-0.5,0.0,LOADING,dump_zone_22,load_zone_22,0.00025,0.00067
145.0,2026-07-02T12:51:09.852,1,635.154,-102.492,18.9,0.75,1000.0,RETURNING_TO_START,load_zone_26,dump_zone_3,0.000346,0.000927
145.0,2026-07-02T12:51:09.852,2,700.186,-185.553,15.45,1.0,1000.0,RETURNING_TO_START,load_zone_26,dump_zone_3,0.00035,0.000938
145.0,2026-07-02T12:51:09.852,3,-170.704,395.583,1.36,-0.5,0.0,LOADING,dump_zone_22,load_zone_22,0.00025,0.00067
146.0,2026-07-02T12:51:13.059,1,629.708,-102.503,19.65,-0.25,1000.0,RETURNING_TO_START,load_zone_26,dump_zone_3,0.00025,0.00067
146.0,2026-07-02T12:51:13.059,2,697.975,-181.319,18.9,0.75,1000.0,RETURNING_TO_START,load_zone_26,dump_zone_3,0.000346,0.000927
146.0,2026-07-02T12:51:13.059,3,-170.817,395.647,0.0,-0.0833,0.0,LOADING,dump_zone_22,load_zone_22,0.00025,0.00067
147.0,2026-07-02T12:51:15.792,1,624.5,-102.5,17.925,-0.5,1000.0,RETURNING_TO_START,load_zone_26,dump_zone_3,0.00025,0.00067
147.0,2026-07-02T12:51:15.792,2,697.467,-175.911,19.65,-0.25,1000.0,RETURNING_TO_START,load_zone_26,dump_zone_3,0.00025,0.00067
147.0,2026-07-02T12:51:15.792,3,-171.031,395.782,7.2,0.0,1000.0,TURNING_AROUND,load_zone_22,dump_zone_22,0.000258,0.000691
148.0,2026-07-02T12:51:18.209,1,619.792,-102.5,16.125,-0.5,1000.0,RETURNING_TO_START,load_zone_26,dump_zone_3,0.00025,0.00067
148.0,2026-07-02T12:51:18.209,2,697.494,-170.703,17.925,-0.5,1000.0,RETURNING_TO_START,load_zone_26,dump_zone_3,0.00025,0.00067
148.0,2026-07-02T12:51:18.209,3,-172.333,397.273,7.2,0.0,1000.0,TURNING_AROUND,load_zone_22,dump_zone_22,0.000258,0.000691
149.0,2026-07-02T12:51:19.619,1,615.579,-102.5,14.346,-0.5,1000.0,RETURNING_TO_START,load_zone_26,dump_zone_3,0.00025,0.00067
149.0,2026-07-02T12:51:19.619,2,697.502,-165.995,16.125,-0.5,1000.0,RETURNING_TO_START,load_zone_26,dump_zone_3,0.00025,0.00067
149.0,2026-07-02T12:51:19.619,3,-172.572,397.47,5.4,0.0,1000.0,TURNING_AROUND,load_zone_22,dump_zone_22,0.000256,0.000686
150.0,2026-07-02T12:51:21.286,1,611.858,-102.5,12.624,-0.5,1000.0,RETURNING_TO_START,load_zone_26,dump_zone_3,0.00025,0.00067
150.0,2026-07-02T12:51:21.286,2,697.5,-161.787,14.325,-0.5,1000.0,RETURNING_TO_START,load_zone_26,dump_zone_3,0.00025,0.00067
150.0,2026-07-02T12:51:21.286,3,-172.337,397.68,7.2,0.0,1000.0,TURNING_AROUND,load_zone_22,dump_zone_22,0.000258,0.000691
151.0,2026-07-02T12:51:23.015,1,608.599,-102.5,10.924,-0.5,1000.0,RETURNING_TO_START,load_zone_26,dump_zone_3,0.00025,0.00067
151.0,2026-07-02T12:51:23.015,2,697.5,-158.078,12.525,-0.5,1000.0,RETURNING_TO_START,load_zone_26,dump_zone_3,0.00025,0.00067
151.0,2026-07-02T12:51:23.015,3,-171.128,399.247,7.2,0.0,1000.0,TURNING_AROUND,load_zone_22,dump_zone_22,0.000258,0.000691
152.0,2026-07-02T12:51:24.634,1,605.834,-102.5,9.149,-0.4167,1000.0,RETURNING_TO_START,load_zone_26,dump_zone_3,0.00025,0.00067
152.0,2026-07-02T12:51:24.634,2,697.5,-154.87,10.725,-0.5,1000.0,RETURNING_TO_START,load_zone_26,dump_zone_3,0.00025,0.00067
152.0,2026-07-02T12:51:24.634,3,-172.224,398.745,5.4,0.0,1000.0,TURNING_AROUND,load_zone_22,dump_zone_22,0.000256,0.000686
153.0,2026-07-02T12:51:26.890,1,603.543,-102.5,7.424,-0.5,1000.0,RETURNING_TO_START,load_zone_26,dump_zone_3,0.00025,0.00067
153.0,2026-07-02T12:51:26.890,2,697.502,-152.162,8.925,-0.5,1000.0,RETURNING_TO_START,load_zone_26,dump_zone_3,0.00025,0.00067
153.0,2026-07-02T12:51:26.890,3,-171.805,398.798,0.7,0.5833,1000.0,RETURNING_TO_START,load_zone_22,dump_zone_22,0.000253,0.000678
154.0,2026-07-02T12:51:28.996,1,601.733,-102.463,5.999,-0.0833,1000.0,RETURNING_TO_START,load_zone_26,dump_zone_3,0.000254,0.000681
154.0,2026-07-02T12:51:28.996,2,697.02,-150.011,7.5,-0.0833,1000.0,RETURNING_TO_START,load_zone_26,dump_zone_3,0.000255,0.000683
154.0,2026-07-02T12:51:28.996,3,-171.134,398.757,4.05,1.0,1000.0,RETURNING_TO_START,load_zone_22,dump_zone_22,0.000276,0.00074
155.0,2026-07-02T12:51:30.613,1,599.977,-101.985,7.649,0.9167,1000.0,RETURNING_TO_START,load_zone_26,dump_zone_3,0.000296,0.000793
155.0,2026-07-02T12:51:30.613,2,695.575,-148.3,9.15,0.9167,1000.0,RETURNING_TO_START,load_zone_26,dump_zone_3,0.000305,0.000817
155.0,2026-07-02T12:51:30.613,3,-169.523,399.135,7.65,1.0,1000.0,RETURNING_TO_START,load_zone_22,dump_zone_22,0.000299,0.000801
156.0,2026-07-02T12:51:32.558,1,598.178,-100.135,10.549,0.4167,1000.0,RETURNING_TO_START,load_zone_26,dump_zone_3,0.000285,0.000764
156.0,2026-07-02T12:51:32.558,2,693.28,-146.242,12.75,1.0,1000.0,RETURNING_TO_START,load_zone_26,dump_zone_3,0.000332,0.00089
156.0,2026-07-02T12:51:32.558,3,-167.083,400.156,11.25,1.0,1000.0,RETURNING_TO_START,load_zone_22,dump_zone_22,0.000323,0.000866
157.0,2026-07-02T12:51:34.418,1,597.451,-97.302,10.399,-0.0833,1000.0,RETURNING_TO_START,load_zone_26,dump_zone_3,0.000256,0.000686
157.0,2026-07-02T12:51:34.418,2,690.199,-143.562,16.35,1.0,1000.0,RETURNING_TO_START,load_zone_26,dump_zone_3,0.000355,0.000951
157.0,2026-07-02T12:51:34.418,3,-163.63,399.734,13.2,0.0833,1000.0,RETURNING_TO_START,load_zone_22,dump_zone_22,0.00027,0.000724
158.0,2026-07-02T12:51:35.784,1,597.404,-94.249,12.049,0.9167,1000.0,RETURNING_TO_START,load_zone_26,dump_zone_3,0.000322,0.000863
158.0,2026-07-02T12:51:35.784,2,686.519,-140.056,19.95,1.0,1000.0,RETURNING_TO_START,load_zone_26,dump_zone_3,0.000379,0.001016
158.0,2026-07-02T12:51:35.784,3,-160.216,398.897,11.925,-0.5,1000.0,RETURNING_TO_START,load_zone_22,dump_zone_22,0.00025,0.00067
159.0,2026-07-02T12:51:37.878,1,597.442,-90.36,15.649,1.0,1000.0,RETURNING_TO_START,load_zone_26,dump_zone_3,0.000351,0.000941
159.0,2026-07-02T12:51:37.878,2,682.228,-135.765,23.336,0.75,1000.0,RETURNING_TO_START,load_zone_26,dump_zone_3,0.000369,0.000989
159.0,2026-07-02T12:51:37.878,3,-157.198,399.11,10.125,-0.5,1000.0,RETURNING_TO_START,load_zone_22,dump_zone_22,0.00025,0.00067
160.0,2026-07-02T12:51:40.319,1,597.492,-85.472,19.249,1.0,1000.0,RETURNING_TO_START,load_zone_26,dump_zone_3,0.000374,0.001002
160.0,2026-07-02T12:51:40.319,2,677.507,-131.042,24.086,-0.25,1000.0,RETURNING_TO_START,load_zone_26,dump_zone_3,0.00025,0.00067
160.0,2026-07-02T12:51:40.319,3,-154.73,400.025,9.45,0.25,1000.0,RETURNING_TO_START,load_zone_22,dump_zone_22,0.000273,0.000732
161.0,2026-07-02T12:51:42.595,1,597.5,-79.603,22.474,0.5833,1000.0,RETURNING_TO_START,load_zone_26,dump_zone_3,0.000344,0.000922
161.0,2026-07-02T12:51:42.595,2,672.953,-126.489,22.361,-0.5,1000.0,RETURNING_TO_START,load_zone_26,dump_zone_3,0.00025,0.00067
161.0,2026-07-02T12:51:42.595,3,-152.255,401.469,11.216,0.6093,1000.0,RETURNING_TO_START,load_zone_22,dump_zone_22,0.000299,0.000801
162.0,2026-07-02T12:51:45.293,1,597.5,-73.221,23.087,-0.1233,1000.0,RETURNING_TO_START,load_zone_26,dump_zone_3,0.000259,0.000694
162.0,2026-07-02T12:51:45.293,2,668.753,-122.288,20.561,-0.5,1000.0,RETURNING_TO_START,load_zone_26,dump_zone_3,0.00025,0.00067
162.0,2026-07-02T12:51:45.293,3,-149.436,403.571,14.184,1.0,1000.0,RETURNING_TO_START,load_zone_22,dump_zone_22,0.000341,0.000914
163.0,2026-07-02T12:51:47.959,1,597.5,-66.973,21.979,-0.1807,1000.0,RETURNING_TO_START,load_zone_26,dump_zone_3,0.000252,0.000675
163.0,2026-07-02T12:51:47.959,2,664.906,-118.441,18.761,-0.5,1000.0,RETURNING_TO_START,load_zone_26,dump_zone_3,0.00025,0.00067
163.0,2026-07-02T12:51:47.959,3,-146.05,406.472,17.684,1.0,1000.0,RETURNING_TO_START,load_zone_22,dump_zone_22,0.000364,0.000976
164.0,2026-07-02T12:51:50.654,1,597.5,-60.77,22.933,0.2939,1000.0,RETURNING_TO_START,load_zone_26,dump_zone_3,0.000311,0.000833
164.0,2026-07-02T12:51:50.654,2,661.412,-114.948,16.961,-0.5,1000.0,RETURNING_TO_START,load_zone_26,dump_zone_3,0.00025,0.00067
164.0,2026-07-02T12:51:50.654,3,-142.047,410.176,21.284,1.0,1000.0,RETURNING_TO_START,load_zone_22,dump_zone_22,0.000387,0.001037
165.0,2026-07-02T12:51:53.420,1,597.5,-54.328,23.341,-0.0395,1000.0,RETURNING_TO_START,load_zone_26,dump_zone_3,0.00027,0.000724
165.0,2026-07-02T12:51:53.420,2,658.272,-111.808,15.161,-0.5,1000.0,RETURNING_TO_START,load_zone_26,dump_zone_3,0.00025,0.00067
165.0,2026-07-02T12:51:53.420,3,-137.506,414.567,23.684,0.4166,1000.0,RETURNING_TO_START,load_zone_22,dump_zone_22,0.000328,0.000879
166.0,2026-07-02T12:51:56.354,1,597.5,-47.897,23.199,-0.0395,1000.0,RETURNING_TO_START,load_zone_26,dump_zone_3,0.00027,0.000724
166.0,2026-07-02T12:51:56.354,2,655.486,-109.021,13.361,-0.5,1000.0,RETURNING_TO_START,load_zone_26,dump_zone_3,0.00025,0.00067
166.0,2026-07-02T12:51:56.354,3,-132.844,419.231,23.259,-0.5,1000.0,RETURNING_TO_START,load_zone_22,dump_zone_22,0.00025,0.00067
167.0,2026-07-02T12:51:59.355,1,597.5,-41.507,22.836,-0.0742,1000.0,RETURNING_TO_START,load_zone_26,dump_zone_3,0.000265,0.00071
167.0,2026-07-02T12:51:59.355,2,653.053,-106.589,11.561,-0.5,1000.0,RETURNING_TO_START,load_zone_26,dump_zone_3,0.00025,0.00067
167.0,2026-07-02T12:51:59.355,3,-128.518,423.658,21.459,-0.5,1000.0,RETURNING_TO_START,load_zone_22,dump_zone_22,0.00025,0.00067
168.0,2026-07-02T12:52:01.599,1,597.5,-35.317,22.019,0.0925,1000.0,RETURNING_TO_START,load_zone_26,dump_zone_3,0.000284,0.000761
168.0,2026-07-02T12:52:01.599,2,650.974,-104.509,9.761,-0.5,1000.0,RETURNING_TO_START,load_zone_26,dump_zone_3,0.00025,0.00067
168.0,2026-07-02T12:52:01.599,3,-124.571,427.758,19.659,-0.5,1000.0,RETURNING_TO_START,load_zone_22,dump_zone_22,0.00025,0.00067
169.0,2026-07-02T12:52:04.182,1,597.5,-29.119,22.352,0.0925,1000.0,RETURNING_TO_START,load_zone_26,dump_zone_3,0.000285,0.000764
169.0,2026-07-02T12:52:04.182,2,649.227,-102.806,7.961,-0.5,1000.0,RETURNING_TO_START,load_zone_26,dump_zone_3,0.00025,0.00067
169.0,2026-07-02T12:52:04.182,3,-120.99,431.514,17.859,-0.5,1000.0,RETURNING_TO_START,load_zone_22,dump_zone_22,0.00025,0.00067
170.0,2026-07-02T12:52:06.387,1,597.5,-22.742,23.391,0.2385,1000.0,RETURNING_TO_START,load_zone_26,dump_zone_3,0.000305,0.000817
170.0,2026-07-02T12:52:06.387,2,647.428,-101.899,7.286,0.25,1000.0,RETURNING_TO_START,load_zone_26,dump_zone_3,0.000268,0.000718
170.0,2026-07-02T12:52:06.387,3,-117.764,434.918,16.059,-0.5,1000.0,RETURNING_TO_START,load_zone_22,dump_zone_22,0.00025,0.00067
171.0,2026-07-02T12:52:08.776,1,597.5,-16.141,23.843,-0.165,1000.0,RETURNING_TO_START,load_zone_26,dump_zone_3,0.000254,0.000681
171.0,2026-07-02T12:52:08.776,2,645.071,-101.812,9.986,1.0,1000.0,RETURNING_TO_START,load_zone_26,dump_zone_3,0.000314,0.000842
171.0,2026-07-02T12:52:08.776,3,-114.889,437.966,14.259,-0.5,1000.0,RETURNING_TO_START,load_zone_22,dump_zone_22,0.00025,0.00067
172.0,2026-07-02T12:52:11.081,1,597.5,-9.658,22.786,-0.2236,1000.0,RETURNING_TO_START,load_zone_26,dump_zone_3,0.00025,0.00067
172.0,2026-07-02T12:52:11.081,2,641.77,-102.112,13.586,1.0,1000.0,RETURNING_TO_START,load_zone_26,dump_zone_3,0.000338,0.000906
172.0,2026-07-02T12:52:11.081,3,-112.359,440.653,12.459,-0.5,1000.0,RETURNING_TO_START,load_zone_22,dump_zone_22,0.00025,0.00067
173.0,2026-07-02T12:52:13.572,1,597.5,-3.415,22.38,0.0204,1000.0,RETURNING_TO_START,load_zone_26,dump_zone_3,0.000276,0.00074
173.0,2026-07-02T12:52:13.572,2,637.466,-102.421,17.186,1.0,1000.0,RETURNING_TO_START,load_zone_26,dump_zone_3,0.000361,0.000967
173.0,2026-07-02T12:52:13.572,3,-109.976,442.755,10.659,-0.5,1000.0,RETURNING_TO_START,load_zone_22,dump_zone_22,0.00025,0.00067
174.0,2026-07-02T12:52:16.540,1,597.5,2.973,23.722,0.4456,1000.0,RETURNING_TO_START,load_zone_26,dump_zone_3,0.000332,0.00089
174.0,2026-07-02T12:52:16.540,2,632.311,-102.507,19.182,0.0987,1000.0,RETURNING_TO_START,load_zone_26,dump_zone_3,0.00028,0.00075
174.0,2026-07-02T12:52:16.540,3,-107.559,443.929,8.859,-0.5,1000.0,RETURNING_TO_START,load_zone_22,dump_zone_22,0.00025,0.00067
175.0,2026-07-02T12:52:19.454,1,597.5,9.625,23.714,-0.2716,1000.0,RETURNING_TO_START,load_zone_26,dump_zone_3,0.00025,0.00067
175.0,2026-07-02T12:52:19.454,2,627.121,-102.503,17.939,-0.5,1000.0,RETURNING_TO_START,load_zone_26,dump_zone_3,0.00025,0.00067
175.0,2026-07-02T12:52:19.454,3,-105.7,445.078,7.059,-0.5,1000.0,RETURNING_TO_START,load_zone_22,dump_zone_22,0.00025,0.00067
176.0,2026-07-02T12:52:22.417,1,597.5,16.158,23.472,0.1325,1000.0,RETURNING_TO_START,load_zone_26,dump_zone_3,0.000292,0.000783
176.0,2026-07-02T12:52:22.417,2,622.395,-102.5,16.239,-0.5,1000.0,RETURNING_TO_START,load_zone_26,dump_zone_3,0.00025,0.00067
176.0,2026-07-02T12:52:22.417,3,-104.425,446.188,5.284,-0.4167,1000.0,RETURNING_TO_START,load_zone_22,dump_zone_22,0.00025,0.00067
177.0,2026-07-02T12:52:25.124,1,597.5,22.758,23.56,-0.3972,1000.0,RETURNING_TO_START,load_zone_26,dump_zone_3,0.00025,0.00067
177.0,2026-07-02T12:52:25.124,2,618.115,-102.5,14.631,-0.5,1000.0,RETURNING_TO_START,load_zone_26,dump_zone_3,0.00025,0.00067
177.0,2026-07-02T12:52:25.124,3,-103.467,447.135,4.584,-0.25,1000.0,RETURNING_TO_START,load_zone_22,dump_zone_22,0.00025,0.00067
178.0,2026-07-02T12:52:27.713,1,597.5,29.129,22.876,0.2017,1000.0,RETURNING_TO_START,load_zone_26,dump_zone_3,0.000299,0.000801
178.0,2026-07-02T12:52:27.713,2,614.31,-102.5,13.017,-0.25,1000.0,RETURNING_TO_START,load_zone_26,dump_zone_3,0.00025,0.00067
178.0,2026-07-02T12:52:27.713,3,-102.602,448.041,4.889,0.3942,1000.0,RETURNING_TO_START,load_zone_22,dump_zone_22,0.000266,0.000713
179.0,2026-07-02T12:52:30.593,1,597.5,35.586,23.399,0.1721,1000.0,RETURNING_TO_START,load_zone_26,dump_zone_3,0.000296,0.000793
179.0,2026-07-02T12:52:30.593,2,610.902,-102.5,11.467,-0.5,1000.0,RETURNING_TO_START,load_zone_26,dump_zone_3,0.00025,0.00067
179.0,2026-07-02T12:52:30.593,3,-101.634,449.271,5.813,-0.1709,1000.0,RETURNING_TO_START,load_zone_22,dump_zone_22,0.000251,0.000673
180.0,2026-07-02T12:52:33.308,1,597.5,42.153,23.74,0.0598,1000.0,RETURNING_TO_START,load_zone_26,dump_zone_3,0.000283,0.000758
180.0,2026-07-02T12:52:33.308,2,607.959,-102.5,9.867,-0.4167,1000.0,RETURNING_TO_START,load_zone_26,dump_zone_3,0.00025,0.00067
180.0,2026-07-02T12:52:33.308,3,-100.967,450.475,4.159,-0.5,1000.0,RETURNING_TO_START,load_zone_22,dump_zone_22,0.00025,0.00067
181.0,2026-07-02T12:52:35.730,1,597.5,48.762,23.414,-0.4998,1000.0,RETURNING_TO_START,load_zone_26,dump_zone_3,0.00025,0.00067
181.0,2026-07-02T12:52:35.730,2,605.428,-102.5,8.617,-0.25,1000.0,RETURNING_TO_START,load_zone_26,dump_zone_3,0.00025,0.00067
181.0,2026-07-02T12:52:35.730,3,-100.767,451.334,2.359,-0.5,1000.0,RETURNING_TO_START,load_zone_22,dump_zone_22,0.00025,0.00067
182.0,2026-07-02T12:52:38.368,1,597.5,55.161,23.264,0.4167,1000.0,RETURNING_TO_START,load_zone_26,dump_zone_3,0.000327,0.000876
182.0,2026-07-02T12:52:38.368,2,603.208,-102.5,7.46,-0.3177,1000.0,RETURNING_TO_START,load_zone_26,dump_zone_3,0.00025,0.00067
182.0,2026-07-02T12:52:38.368,3,-100.738,451.718,0.559,-0.5,1000.0,RETURNING_TO_START,load_zone_22,dump_zone_22,0.00025,0.00067
183.0,2026-07-02T12:52:40.615,1,597.5,61.855,24.36,-0.1179,1000.0,RETURNING_TO_START,load_zone_26,dump_zone_3,0.00026,0.000697
183.0,2026-07-02T12:52:40.615,2,601.333,-102.431,6.37,-0.0833,1000.0,RETURNING_TO_START,load_zone_26,dump_zone_3,0.000254,0.000681
183.0,2026-07-02T12:52:40.615,3,-100.737,451.736,0.0,-0.5,1000.0,RETURNING_TO_START,load_zone_22,dump_zone_22,0.00025,0.00067
184.0,2026-07-02T12:52:42.631,1,597.5,68.476,23.135,-0.4167,1000.0,RETURNING_TO_START,load_zone_26,dump_zone_3,0.00025,0.00067
184.0,2026-07-02T12:52:42.631,2,599.638,-101.88,6.97,0.5833,1000.0,RETURNING_TO_START,load_zone_26,dump_zone_3,0.000279,0.000748
184.0,2026-07-02T12:52:42.631,3,-100.737,451.736,0.0,-0.5,1000.0,RETURNING_TO_START,load_zone_22,dump_zone_22,0.00025,0.00067
185.0,2026-07-02T12:52:45.032,1,597.5,74.762,22.325,0.0148,1000.0,RETURNING_TO_START,load_zone_26,dump_zone_3,0.000275,0.000737
185.0,2026-07-02T12:52:45.032,2,598.063,-100.16,9.62,0.4167,1000.0,RETURNING_TO_START,load_zone_26,dump_zone_3,0.000282,0.000756
185.0,2026-07-02T12:52:45.032,3,-100.737,451.736,0.0,-0.5,1000.0,RETURNING_TO_START,load_zone_22,dump_zone_22,0.00025,0.00067
186.0,2026-07-02T12:52:47.702,1,597.5,81.102,23.362,0.3045,1000.0,RETURNING_TO_START,load_zone_26,dump_zone_3,0.000313,0.000839
186.0,2026-07-02T12:52:47.702,2,597.431,-97.558,9.47,-0.0833,1000.0,RETURNING_TO_START,load_zone_26,dump_zone_3,0.000256,0.000686
186.0,2026-07-02T12:52:47.702,3,-100.737,451.736,0.0,-0.5,1000.0,RETURNING_TO_START,load_zone_22,dump_zone_22,0.00025,0.00067
187.0,2026-07-02T12:52:49.981,1,597.5,87.636,23.519,0.0797,1000.0,RETURNING_TO_START,load_zone_26,dump_zone_3,0.000285,0.000764
187.0,2026-07-02T12:52:49.981,2,597.373,-94.763,11.12,0.9167,1000.0,RETURNING_TO_START,load_zone_26,dump_zone_3,0.000317,0.00085
187.0,2026-07-02T12:52:49.981,3,-100.737,451.736,0.0,-0.5,1000.0,RETURNING_TO_START,load_zone_22,dump_zone_22,0.00025,0.00067
188.0,2026-07-02T12:52:51.792,1,597.5,94.104,22.76,-0.25,1000.0,RETURNING_TO_START,load_zone_26,dump_zone_3,0.00025,0.00067
188.0,2026-07-02T12:52:51.792,2,597.424,-91.133,14.72,1.0,1000.0,RETURNING_TO_START,load_zone_26,dump_zone_3,0.000345,0.000925
188.0,2026-07-02T12:52:51.792,3,-100.737,451.736,0.0,-0.5,1000.0,RETURNING_TO_START,load_zone_22,dump_zone_22,0.00025,0.00067
189.0,2026-07-02T12:52:54.467,1,597.5,100.471,23.31,0.25,1000.0,RETURNING_TO_START,load_zone_26,dump_zone_3,0.000306,0.00082
189.0,2026-07-02T12:52:54.467,2,597.486,-86.503,18.32,1.0,1000.0,RETURNING_TO_START,load_zone_26,dump_zone_3,0.000368,0.000986
189.0,2026-07-02T12:52:54.467,3,-100.737,451.736,0.0,-0.5,1000.0,RETURNING_TO_START,load_zone_22,dump_zone_22,0.00025,0.00067
190.0,2026-07-02T12:52:56.804,1,597.5,107.022,23.56,-0.0833,1000.0,RETURNING_TO_START,load_zone_26,dump_zone_3,0.000264,0.000708
190.0,2026-07-02T12:52:56.804,2,597.501,-80.89,21.635,0.7835,1000.0,RETURNING_TO_START,load_zone_26,dump_zone_3,0.000364,0.000976
190.0,2026-07-02T12:52:56.804,3,-100.737,451.736,0.0,-0.5,1000.0,RETURNING_TO_START,load_zone_22,dump_zone_22,0.00025,0.00067
191.0,2026-07-02T12:52:59.187,1,597.5,113.51,23.01,-0.4433,1000.0,RETURNING_TO_START,load_zone_26,dump_zone_3,0.00025,0.00067
191.0,2026-07-02T12:52:59.187,2,597.5,-74.575,23.12,-0.0264,1000.0,RETURNING_TO_START,load_zone_26,dump_zone_3,0.000271,0.000726
191.0,2026-07-02T12:52:59.187,3,-100.737,451.736,0.0,-0.5,1000.0,RETURNING_TO_START,load_zone_22,dump_zone_22,0.00025,0.00067
192.0,2026-07-02T12:53:01.386,1,597.5,119.69,21.957,0.0833,1000.0,RETURNING_TO_START,load_zone_26,dump_zone_3,0.000283,0.000758
192.0,2026-07-02T12:53:01.386,2,597.5,-68.299,22.135,-0.0833,1000.0,RETURNING_TO_START,load_zone_26,dump_zone_3,0.000263,0.000705
192.0,2026-07-02T12:53:01.386,3,-100.737,451.736,0.0,-0.5,1000.0,RETURNING_TO_START,load_zone_22,dump_zone_22,0.00025,0.00067
193.0,2026-07-02T12:53:03.891,1,597.5,125.986,23.475,0.4141,1000.0,RETURNING_TO_START,load_zone_26,dump_zone_3,0.000327,0.000876
193.0,2026-07-02T12:53:03.891,2,597.5,-62.058,22.847,0.2393,1000.0,RETURNING_TO_START,load_zone_26,dump_zone_3,0.000304,0.000815
193.0,2026-07-02T12:53:03.891,3,-100.737,451.736,0.0,-0.5,1000.0,RETURNING_TO_START,load_zone_22,dump_zone_22,0.00025,0.00067
194.0,2026-07-02T12:53:06.445,1,597.5,132.648,24.128,-0.1657,1000.0,RETURNING_TO_START,load_zone_26,dump_zone_3,0.000254,0.000681
194.0,2026-07-02T12:53:06.445,2,597.5,-55.701,22.415,-0.4167,1000.0,RETURNING_TO_START,load_zone_26,dump_zone_3,0.00025,0.00067
194.0,2026-07-02T12:53:06.445,3,-100.737,451.736,0.0,-0.5,1000.0,RETURNING_TO_START,load_zone_22,dump_zone_22,0.00025,0.00067
195.0,2026-07-02T12:53:08.852,1,597.5,139.125,22.629,-0.25,1000.0,RETURNING_TO_START,load_zone_26,dump_zone_3,0.00025,0.00067
195.0,2026-07-02T12:53:08.852,2,597.5,-49.491,22.82,0.4352,1000.0,RETURNING_TO_START,load_zone_26,dump_zone_3,0.000328,0.000879
195.0,2026-07-02T12:53:08.852,3,-100.737,451.736,0.0,-0.5,1000.0,RETURNING_TO_START,load_zone_22,dump_zone_22,0.00025,0.00067
196.0,2026-07-02T12:53:11.157,1,597.5,145.445,22.929,-0.0833,1000.0,RETURNING_TO_START,load_zone_26,dump_zone_3,0.000264,0.000708
196.0,2026-07-02T12:53:11.157,2,597.5,-42.998,23.813,0.1719,1000.0,RETURNING_TO_START,load_zone_26,dump_zone_3,0.000297,0.000796
196.0,2026-07-02T12:53:11.157,3,-100.737,451.736,0.0,-0.5,1000.0,RETURNING_TO_START,load_zone_22,dump_zone_22,0.00025,0.00067
197.0,2026-07-02T12:53:13.304,1,597.5,151.792,22.579,-0.4167,1000.0,RETURNING_TO_START,load_zone_26,dump_zone_3,0.00025,0.00067
197.0,2026-07-02T12:53:13.304,2,597.5,-36.407,23.332,-0.4947,1000.0,RETURNING_TO_START,load_zone_26,dump_zone_3,0.00025,0.00067
197.0,2026-07-02T12:53:13.304,3,-100.737,451.736,0.0,-0.5,1000.0,RETURNING_TO_START,load_zone_22,dump_zone_22,0.00025,0.00067
198.0,2026-07-02T12:53:15.282,1,597.5,157.82,20.951,-0.4637,1000.0,RETURNING_TO_START,load_zone_26,dump_zone_3,0.00025,0.00067
198.0,2026-07-02T12:53:15.282,2,597.5,-30.117,22.082,-0.25,1000.0,RETURNING_TO_START,load_zone_26,dump_zone_3,0.00025,0.00067
198.0,2026-07-02T12:53:15.282,3,-100.737,451.736,0.0,-0.5,1000.0,RETURNING_TO_START,load_zone_22,dump_zone_22,0.00025,0.00067
199.0,2026-07-02T12:53:17.804,1,597.5,163.392,19.251,-0.5,1000.0,RETURNING_TO_START,load_zone_26,dump_zone_3,0.00025,0.00067
199.0,2026-07-02T12:53:17.804,2,597.5,-23.913,23.035,0.5571,1000.0,RETURNING_TO_START,load_zone_26,dump_zone_3,0.000343,0.000919
199.0,2026-07-02T12:53:17.804,3,-100.737,451.736,0.0,-0.5,1000.0,RETURNING_TO_START,load_zone_22,dump_zone_22,0.00025,0.00067
200.0,2026-07-02T12:53:20.233,1,597.5,168.469,17.451,-0.5,1000.0,RETURNING_TO_START,load_zone_26,dump_zone_3,0.00025,0.00067
200.0,2026-07-02T12:53:20.233,2,597.5,-17.384,23.79,0.2237,1000.0,RETURNING_TO_START,load_zone_26,dump_zone_3,0.000304,0.000815
200.0,2026-07-02T12:53:20.233,3,-100.737,451.736,0.0,-0.5,1000.0,RETURNING_TO_START,load_zone_22,dump_zone_22,0.00025,0.00067
201.0,2026-07-02T12:53:22.637,1,597.5,173.045,15.651,-0.5,1000.0,RETURNING_TO_START,load_zone_26,dump_zone_3,0.00025,0.00067
201.0,2026-07-02T12:53:22.637,2,597.5,-10.807,23.565,0.0046,1000.0,RETURNING_TO_START,load_zone_26,dump_zone_3,0.000275,0.000737
201.0,2026-07-02T12:53:22.637,3,-100.737,451.736,0.0,-0.5,1000.0,RETURNING_TO_START,load_zone_22,dump_zone_22,0.00025,0.00067
202.0,2026-07-02T12:53:25.111,1,597.5,177.131,13.951,-0.5,1000.0,RETURNING_TO_START,load_zone_26,dump_zone_3,0.00025,0.00067
202.0,2026-07-02T12:53:25.111,2,597.5,-4.308,23.381,0.0046,1000.0,RETURNING_TO_START,load_zone_26,dump_zone_3,0.000275,0.000737
202.0,2026-07-02T12:53:25.111,3,-100.737,451.736,0.0,-0.5,1000.0,RETURNING_TO_START,load_zone_22,dump_zone_22,0.00025,0.00067
203.0,2026-07-02T12:53:27.090,1,597.5,180.738,12.167,-0.5,1000.0,RETURNING_TO_START,load_zone_26,dump_zone_3,0.00025,0.00067
203.0,2026-07-02T12:53:27.090,2,597.5,2.033,22.334,-0.228,1000.0,RETURNING_TO_START,load_zone_26,dump_zone_3,0.00025,0.00067
203.0,2026-07-02T12:53:27.090,3,-100.737,451.736,0.0,-0.5,1000.0,RETURNING_TO_START,load_zone_22,dump_zone_22,0.00025,0.00067
204.0,2026-07-02T12:53:29.522,1,597.5,183.909,10.762,-0.5,1000.0,RETURNING_TO_START,load_zone_26,dump_zone_3,0.00025,0.00067
204.0,2026-07-02T12:53:29.522,2,597.5,8.094,21.814,0.272,1000.0,RETURNING_TO_START,load_zone_26,dump_zone_3,0.000305,0.000817
204.0,2026-07-02T12:53:29.522,3,-100.737,451.736,0.0,-0.5,1000.0,RETURNING_TO_START,load_zone_22,dump_zone_22,0.00025,0.00067
205.0,2026-07-02T12:53:32.352,1,597.431,186.625,8.962,-0.5,1000.0,RETURNING_TO_START,load_zone_26,dump_zone_3,0.00025,0.00067
205.0,2026-07-02T12:53:32.352,2,597.5,14.425,23.593,0.4387,1000.0,RETURNING_TO_START,load_zone_26,dump_zone_3,0.000331,0.000887
205.0,2026-07-02T12:53:32.352,3,-100.737,451.736,0.0,-0.5,1000.0,RETURNING_TO_START,load_zone_22,dump_zone_22,0.00025,0.00067
206.0,2026-07-02T12:53:34.595,1,596.908,188.814,7.546,-0.3486,1000.0,RETURNING_TO_START,load_zone_26,dump_zone_3,0.00025,0.00067
206.0,2026-07-02T12:53:34.595,2,597.5,21.167,24.456,-0.0283,1000.0,RETURNING_TO_START,load_zone_26,dump_zone_3,0.000272,0.000729
206.0,2026-07-02T12:53:34.595,3,-100.737,451.736,0.0,-0.5,1000.0,RETURNING_TO_START,load_zone_22,dump_zone_22,0.00025,0.00067
207.0,2026-07-02T12:53:37.459,1,596.22,190.62,6.329,-0.5,1000.0,RETURNING_TO_START,load_zone_26,dump_zone_3,0.00025,0.00067
207.0,2026-07-02T12:53:37.459,2,597.5,27.853,23.753,-0.0287,1000.0,RETURNING_TO_START,load_zone_26,dump_zone_3,0.000271,0.000726
207.0,2026-07-02T12:53:37.459,3,-100.737,451.736,0.0,-0.5,1000.0,RETURNING_TO_START,load_zone_22,dump_zone_22,0.00025,0.00067
208.0,2026-07-02T12:53:39.943,1,595.796,192.182,5.809,0.2309,1000.0,RETURNING_TO_START,load_zone_26,dump_zone_3,0.000263,0.000705
208.0,2026-07-02T12:53:39.943,2,597.5,34.405,23.506,-0.0499,1000.0,RETURNING_TO_START,load_zone_26,dump_zone_3,0.000269,0.000721
208.0,2026-07-02T12:53:39.943,3,-100.737,451.736,0.0,-0.5,1000.0,RETURNING_TO_START,load_zone_22,dump_zone_22,0.00025,0.00067
209.0,2026-07-02T12:53:42.502,1,595.59,193.757,5.174,-0.4167,1000.0,RETURNING_TO_START,load_zone_26,dump_zone_3,0.00025,0.00067
209.0,2026-07-02T12:53:42.502,2,597.5,40.781,22.33,-0.25,1000.0,RETURNING_TO_START,load_zone_26,dump_zone_3,0.00025,0.00067
209.0,2026-07-02T12:53:42.502,3,-100.737,451.736,0.0,-0.5,1000.0,RETURNING_TO_START,load_zone_22,dump_zone_22,0.00025,0.00067
210.0,2026-07-02T12:53:44.947,1,595.549,195.083,4.774,0.25,1000.0,RETURNING_TO_START,load_zone_26,dump_zone_3,0.000261,0.000699
210.0,2026-07-02T12:53:44.947,2,597.5,47.047,23.08,0.25,1000.0,RETURNING_TO_START,load_zone_26,dump_zone_3,0.000305,0.000817
210.0,2026-07-02T12:53:44.947,3,-100.737,451.736,0.0,-0.5,1000.0,RETURNING_TO_START,load_zone_22,dump_zone_22,0.00025,0.00067
211.0,2026-07-02T12:53:47.567,1,595.891,196.575,6.382,0.445,1000.0,RETURNING_TO_START,load_zone_26,dump_zone_3,0.000272,0.000729
211.0,2026-07-02T12:53:47.567,2,597.5,53.482,23.397,0.2547,1000.0,RETURNING_TO_START,load_zone_26,dump_zone_3,0.000307,0.000823
211.0,2026-07-02T12:53:47.567,3,-100.737,451.736,0.0,-0.5,1000.0,RETURNING_TO_START,load_zone_22,dump_zone_22,0.00025,0.00067
212.0,2026-07-02T12:53:49.867,1,596.707,198.3,7.184,0.2784,1000.0,RETURNING_TO_START,load_zone_26,dump_zone_3,0.000268,0.000718
212.0,2026-07-02T12:53:49.867,2,597.5,59.92,22.664,-0.2453,1000.0,RETURNING_TO_START,load_zone_26,dump_zone_3,0.00025,0.00067
212.0,2026-07-02T12:53:49.867,3,-100.737,451.736,0.0,-0.5,1000.0,RETURNING_TO_START,load_zone_22,dump_zone_22,0.00025,0.00067
213.0,2026-07-02T12:53:52.317,1,597.979,200.102,9.087,0.945,1000.0,RETURNING_TO_START,load_zone_26,dump_zone_3,0.000306,0.00082
213.0,2026-07-02T12:53:52.317,2,597.5,66.254,23.031,0.088,1000.0,RETURNING_TO_START,load_zone_26,dump_zone_3,0.000285,0.000764
213.0,2026-07-02T12:53:52.317,3,-100.737,451.736,0.0,-0.5,1000.0,RETURNING_TO_START,load_zone_22,dump_zone_22,0.00025,0.00067
214.0,2026-07-02T12:53:54.640,1,600.48,201.647,11.887,0.4167,1000.0,RETURNING_TO_START,load_zone_26,dump_zone_3,0.000289,0.000775
214.0,2026-07-02T12:53:54.640,2,597.5,72.82,24.106,0.0818,1000.0,RETURNING_TO_START,load_zone_26,dump_zone_3,0.000286,0.000766
214.0,2026-07-02T12:53:54.640,3,-100.737,451.736,0.0,-0.5,1000.0,RETURNING_TO_START,load_zone_22,dump_zone_22,0.00025,0.00067
215.0,2026-07-02T12:53:56.708,1,603.634,200.957,11.462,-0.5,1000.0,RETURNING_TO_START,load_zone_26,dump_zone_3,0.00025,0.00067
215.0,2026-07-02T12:53:56.708,2,597.5,79.393,23.076,-0.3658,1000.0,RETURNING_TO_START,load_zone_26,dump_zone_3,0.00025,0.00067
215.0,2026-07-02T12:53:56.708,3,-100.737,451.736,0.0,-0.5,1000.0,RETURNING_TO_START,load_zone_22,dump_zone_22,0.00025,0.00067
216.0,2026-07-02T12:53:59.346,1,606.21,199.604,9.812,-0.25,1000.0,RETURNING_TO_START,load_zone_26,dump_zone_3,0.00025,0.00067
216.0,2026-07-02T12:53:59.346,2,597.5,85.799,23.355,0.1705,1000.0,RETURNING_TO_START,load_zone_26,dump_zone_3,0.000296,0.000793
216.0,2026-07-02T12:53:59.346,3,-100.737,451.736,0.0,-0.5,1000.0,RETURNING_TO_START,load_zone_22,dump_zone_22,0.00025,0.00067
217.0,2026-07-02T12:54:01.910,1,608.824,198.998,9.682,0.0469,1000.0,RETURNING_TO_START,load_zone_26,dump_zone_3,0.000263,0.000705
217.0,2026-07-02T12:54:01.910,2,597.5,92.348,23.919,0.4205,1000.0,RETURNING_TO_START,load_zone_26,dump_zone_3,0.000329,0.000882
217.0,2026-07-02T12:54:01.910,3,-100.737,451.736,0.0,-0.5,1000.0,RETURNING_TO_START,load_zone_22,dump_zone_22,0.00025,0.00067
218.0,2026-07-02T12:54:04.696,1,611.65,198.786,11.201,0.8802,1000.0,RETURNING_TO_START,load_zone_26,dump_zone_3,0.000315,0.000844
218.0,2026-07-02T12:54:04.696,2,597.5,99.1,24.083,-0.4128,1000.0,RETURNING_TO_START,load_zone_26,dump_zone_3,0.00025,0.00067
218.0,2026-07-02T12:54:04.696,3,-100.737,451.736,0.0,-0.5,1000.0,RETURNING_TO_START,load_zone_22,dump_zone_22,0.00025,0.00067
219.0,2026-07-02T12:54:07.424,1,615.257,198.839,14.546,1.0,1000.0,RETURNING_TO_START,load_zone_26,dump_zone_3,0.000344,0.000922
219.0,2026-07-02T12:54:07.424,2,597.5,105.557,22.717,-0.2254,1000.0,RETURNING_TO_START,load_zone_26,dump_zone_3,0.00025,0.00067
219.0,2026-07-02T12:54:07.424,3,-100.737,451.736,0.0,-0.5,1000.0,RETURNING_TO_START,load_zone_22,dump_zone_22,0.00025,0.00067
220.0,2026-07-02T12:54:10.209,1,619.701,199.165,17.246,0.9167,1000.0,RETURNING_TO_START,load_zone_26,dump_zone_3,0.000353,0.000946
220.0,2026-07-02T12:54:10.209,2,597.5,111.77,22.505,0.3579,1000.0,RETURNING_TO_START,load_zone_26,dump_zone_3,0.000317,0.00085
220.0,2026-07-02T12:54:10.209,3,-100.737,451.736,0.0,-0.5,1000.0,RETURNING_TO_START,load_zone_22,dump_zone_22,0.00025,0.00067
221.0,2026-07-02T12:54:12.938,1,624.834,199.752,19.196,0.0833,1000.0,RETURNING_TO_START,load_zone_26,dump_zone_3,0.000279,0.000748
221.0,2026-07-02T12:54:12.938,2,597.5,118.206,23.635,0.1647,1000.0,RETURNING_TO_START,load_zone_26,dump_zone_3,0.000296,0.000793
221.0,2026-07-02T12:54:12.938,3,-100.737,451.736,0.0,-0.5,1000.0,RETURNING_TO_START,load_zone_22,dump_zone_22,0.00025,0.00067
222.0,2026-07-02T12:54:15.257,1,629.974,200.454,17.921,-0.5,1000.0,RETURNING_TO_START,load_zone_26,dump_zone_3,0.00025,0.00067
222.0,2026-07-02T12:54:15.257,2,597.5,124.8,23.728,0.0814,1000.0,RETURNING_TO_START,load_zone_26,dump_zone_3,0.000285,0.000764
222.0,2026-07-02T12:54:15.257,3,-100.737,451.736,0.0,-0.5,1000.0,RETURNING_TO_START,load_zone_22,dump_zone_22,0.00025,0.00067
223.0,2026-07-02T12:54:17.823,1,634.634,201.114,16.121,-0.5,1000.0,RETURNING_TO_START,load_zone_26,dump_zone_3,0.00025,0.00067
223.0,2026-07-02T12:54:17.823,2,597.5,131.521,24.383,-0.1373,1000.0,RETURNING_TO_START,load_zone_26,dump_zone_3,0.000258,0.000691
223.0,2026-07-02T12:54:17.823,3,-100.737,451.736,0.0,-0.5,1000.0,RETURNING_TO_START,load_zone_22,dump_zone_22,0.00025,0.00067
224.0,2026-07-02T12:54:20.314,1,638.806,201.662,14.321,-0.5,1000.0,RETURNING_TO_START,load_zone_26,dump_zone_3,0.00025,0.00067
224.0,2026-07-02T12:54:20.314,2,597.5,138.098,23.084,-0.2228,1000.0,RETURNING_TO_START,load_zone_26,dump_zone_3,0.00025,0.00067
224.0,2026-07-02T12:54:20.314,3,-100.737,451.736,0.0,-0.5,1000.0,RETURNING_TO_START,load_zone_22,dump_zone_22,0.00025,0.00067
225.0,2026-07-02T12:54:22.481,1,642.491,202.068,12.521,-0.5,1000.0,RETURNING_TO_START,load_zone_26,dump_zone_3,0.00025,0.00067
225.0,2026-07-02T12:54:22.481,2,597.5,144.53,23.293,0.0309,1000.0,RETURNING_TO_START,load_zone_26,dump_zone_3,0.000279,0.000748
225.0,2026-07-02T12:54:22.481,3,-100.737,451.736,0.0,-0.5,1000.0,RETURNING_TO_START,load_zone_22,dump_zone_22,0.00025,0.00067
226.0,2026-07-02T12:54:24.644,1,645.687,202.33,10.721,-0.5,1000.0,RETURNING_TO_START,load_zone_26,dump_zone_3,0.00025,0.00067
226.0,2026-07-02T12:54:24.644,2,597.5,151.117,23.863,-0.161,1000.0,RETURNING_TO_START,load_zone_26,dump_zone_3,0.000255,0.000683
226.0,2026-07-02T12:54:24.644,3,-100.737,451.736,0.0,-0.5,1000.0,RETURNING_TO_START,load_zone_22,dump_zone_22,0.00025,0.00067
227.0,2026-07-02T12:54:29.207,1,648.392,202.405,8.921,-0.5,1000.0,RETURNING_TO_START,load_zone_26,dump_zone_3,0.00025,0.00067
227.0,2026-07-02T12:54:29.207,2,597.5,157.516,22.22,-0.5,1000.0,RETURNING_TO_START,load_zone_26,dump_zone_3,0.00025,0.00067
227.0,2026-07-02T12:54:29.207,3,-100.737,451.736,0.0,-0.5,1000.0,RETURNING_TO_START,load_zone_22,dump_zone_22,0.00025,0.00067
228.0,2026-07-02T12:54:31.133,1,650.541,201.794,7.821,0.0833,1000.0,RETURNING_TO_START,load_zone_26,dump_zone_3,0.000262,0.000702
228.0,2026-07-02T12:54:31.133,2,597.5,163.417,20.42,-0.5,1000.0,RETURNING_TO_START,load_zone_26,dump_zone_3,0.00025,0.00067
228.0,2026-07-02T12:54:31.133,3,-100.737,451.736,0.0,-0.5,1000.0,RETURNING_TO_START,load_zone_22,dump_zone_22,0.00025,0.00067
229.0,2026-07-02T12:54:33.934,1,652.091,200.097,8.671,-0.0833,1000.0,RETURNING_TO_START,load_zone_26,dump_zone_3,0.000255,0.000683
229.0,2026-07-02T12:54:33.934,2,597.5,168.819,18.62,-0.5,1000.0,RETURNING_TO_START,load_zone_26,dump_zone_3,0.00025,0.00067
229.0,2026-07-02T12:54:33.934,3,-100.737,451.736,0.0,-0.5,1000.0,RETURNING_TO_START,load_zone_22,dump_zone_22,0.00025,0.00067
230.0,2026-07-02T12:54:36.819,1,652.582,197.96,7.271,-0.25,1000.0,RETURNING_TO_START,load_zone_26,dump_zone_3,0.00025,0.00067
230.0,2026-07-02T12:54:36.819,2,597.5,173.72,16.82,-0.5,1000.0,RETURNING_TO_START,load_zone_26,dump_zone_3,0.00025,0.00067
230.0,2026-07-02T12:54:36.819,3,-100.737,451.736,0.0,-0.5,1000.0,RETURNING_TO_START,load_zone_22,dump_zone_22,0.00025,0.00067
231.0,2026-07-02T12:54:43.416,1,652.653,195.866,8.321,0.75,1000.0,RETURNING_TO_START,load_zone_26,dump_zone_3,0.000292,0.000783
231.0,2026-07-02T12:54:43.416,2,597.5,178.121,15.02,-0.5,1000.0,RETURNING_TO_START,load_zone_26,dump_zone_3,0.00025,0.00067
231.0,2026-07-02T12:54:43.416,3,-100.737,451.736,0.0,-0.5,1000.0,RETURNING_TO_START,load_zone_22,dump_zone_22,0.00025,0.00067
232.0,2026-07-02T12:54:54.230,1,652.589,193.04,11.696,0.75,1000.0,RETURNING_TO_START,load_zone_26,dump_zone_3,0.00031,0.000831
232.0,2026-07-02T12:54:54.230,2,597.5,182.023,13.22,-0.5,1000.0,RETURNING_TO_START,load_zone_26,dump_zone_3,0.00025,0.00067
232.0,2026-07-02T12:54:54.230,3,-100.737,451.736,0.0,-0.5,1000.0,RETURNING_TO_START,load_zone_22,dump_zone_22,0.00025,0.00067
233.0,2026-07-02T12:55:17.779,1,652.512,189.597,12.446,-0.25,1000.0,RETURNING_TO_START,load_zone_26,dump_zone_3,0.00025,0.00067
233.0,2026-07-02T12:55:17.779,2,597.497,185.424,11.42,-0.5,1000.0,RETURNING_TO_START,load_zone_26,dump_zone_3,0.00025,0.00067
233.0,2026-07-02T12:55:17.779,3,-100.737,451.736,0.0,-0.5,1000.0,RETURNING_TO_START,load_zone_22,dump_zone_22,0.00025,0.00067
234.0,2026-07-02T12:55:25.030,1,652.497,186.39,10.721,-0.5,1000.0,RETURNING_TO_START,load_zone_26,dump_zone_3,0.00025,0.00067
234.0,2026-07-02T12:55:25.030,2,597.066,188.281,9.62,-0.5,1000.0,RETURNING_TO_START,load_zone_26,dump_zone_3,0.00025,0.00067
234.0,2026-07-02T12:55:25.030,3,-100.737,451.736,0.0,-0.5,1000.0,RETURNING_TO_START,load_zone_22,dump_zone_22,0.00025,0.00067
235.0,2026-07-02T12:55:28.748,1,652.498,183.683,8.921,-0.5,1000.0,RETURNING_TO_START,load_zone_26,dump_zone_3,0.00025,0.00067
235.0,2026-07-02T12:55:28.748,2,596.214,190.526,7.82,-0.5,1000.0,RETURNING_TO_START,load_zone_26,dump_zone_3,0.00025,0.00067
235.0,2026-07-02T12:55:28.748,3,-100.737,451.736,0.0,-0.5,1000.0,RETURNING_TO_START,load_zone_22,dump_zone_22,0.00025,0.00067
236.0,2026-07-02T12:55:32.049,1,652.499,181.475,7.121,-0.5,1000.0,RETURNING_TO_START,load_zone_26,dump_zone_3,0.00025,0.00067
236.0,2026-07-02T12:55:32.049,2,595.728,192.366,6.12,-0.4167,1000.0,RETURNING_TO_START,load_zone_26,dump_zone_3,0.00025,0.00067
236.0,2026-07-02T12:55:32.049,3,-100.737,451.736,0.0,-0.5,1000.0,RETURNING_TO_START,load_zone_22,dump_zone_22,0.00025,0.00067
237.0,2026-07-02T12:55:35.138,1,652.547,179.771,5.321,-0.5,1000.0,RETURNING_TO_START,load_zone_26,dump_zone_3,0.00025,0.00067
237.0,2026-07-02T12:55:35.138,2,595.557,193.939,5.67,-0.0833,1000.0,RETURNING_TO_START,load_zone_26,dump_zone_3,0.000253,0.000678
237.0,2026-07-02T12:55:35.138,3,-100.737,451.736,0.0,-0.5,1000.0,RETURNING_TO_START,load_zone_22,dump_zone_22,0.00025,0.00067
238.0,2026-07-02T12:55:37.054,1,652.912,178.625,3.521,-0.5,1000.0,RETURNING_TO_START,load_zone_26,dump_zone_3,0.00025,0.00067
238.0,2026-07-02T12:55:37.054,2,595.598,195.391,4.987,0.0199,1000.0,RETURNING_TO_START,load_zone_26,dump_zone_3,0.000256,0.000686
238.0,2026-07-02T12:55:37.054,3,-100.737,451.736,0.0,-0.5,1000.0,RETURNING_TO_START,load_zone_22,dump_zone_22,0.00025,0.00067
239.0,2026-07-02T12:55:38.820,1,653.277,178.02,1.721,-0.5,1000.0,UNLOADING,load_zone_26,dump_zone_3,0.00025,0.00067
239.0,2026-07-02T12:55:38.820,2,595.99,196.784,5.325,0.1589,1000.0,RETURNING_TO_START,load_zone_26,dump_zone_3,0.00026,0.000697
239.0,2026-07-02T12:55:38.820,3,-100.737,451.736,0.0,-0.5,1000.0,RETURNING_TO_START,load_zone_22,dump_zone_22,0.00025,0.00067
240.0,2026-07-02T12:55:40.671,1,653.404,177.854,0.0,-0.5,1000.0,UNLOADING,load_zone_26,dump_zone_3,0.00025,0.00067
240.0,2026-07-02T12:55:40.671,2,596.665,198.256,6.508,0.4826,1000.0,RETURNING_TO_START,load_zone_26,dump_zone_3,0.000274,0.000734
240.0,2026-07-02T12:55:40.671,3,-100.737,451.736,0.0,-0.5,1000.0,RETURNING_TO_START,load_zone_22,dump_zone_22,0.00025,0.00067
241.0,2026-07-02T12:55:42.365,1,653.404,177.854,0.0,-0.5,1000.0,UNLOADING,load_zone_26,dump_zone_3,0.00025,0.00067
241.0,2026-07-02T12:55:42.365,2,597.802,200.025,8.742,0.8981,1000.0,RETURNING_TO_START,load_zone_26,dump_zone_3,0.000302,0.000809
241.0,2026-07-02T12:55:42.365,3,-100.737,451.736,0.0,-0.5,1000.0,RETURNING_TO_START,load_zone_22,dump_zone_22,0.00025,0.00067
242.0,2026-07-02T12:55:44.006,1,654.856,176.76,7.2,0.0,0.0,TURNING_AROUND,dump_zone_3,load_zone_26,0.000255,0.000683
242.0,2026-07-02T12:55:44.006,2,600.341,201.37,11.87,0.5399,1000.0,RETURNING_TO_START,load_zone_26,dump_zone_3,0.000297,0.000796
242.0,2026-07-02T12:55:44.006,3,-100.737,451.736,0.0,-0.5,1000.0,RETURNING_TO_START,load_zone_22,dump_zone_22,0.00025,0.00067
243.0,2026-07-02T12:55:45.371,1,655.642,176.446,5.4,0.0,0.0,TURNING_AROUND,dump_zone_3,load_zone_26,0.000253,0.000678
243.0,2026-07-02T12:55:45.371,2,603.517,200.499,11.864,-0.4601,1000.0,RETURNING_TO_START,load_zone_26,dump_zone_3,0.00025,0.00067
243.0,2026-07-02T12:55:45.371,3,-100.737,451.736,0.0,-0.5,1000.0,RETURNING_TO_START,load_zone_22,dump_zone_22,0.00025,0.00067
244.0,2026-07-02T12:55:46.754,1,655.278,176.529,7.2,0.0,0.0,TURNING_AROUND,dump_zone_3,load_zone_26,0.000255,0.000683
244.0,2026-07-02T12:55:46.754,2,606.311,199.375,10.214,-0.25,1000.0,RETURNING_TO_START,load_zone_26,dump_zone_3,0.00025,0.00067
244.0,2026-07-02T12:55:46.754,3,-100.737,451.736,0.0,-0.5,1000.0,RETURNING_TO_START,load_zone_22,dump_zone_22,0.00025,0.00067
245.0,2026-07-02T12:55:48.373,1,656.78,177.818,7.2,0.0,0.0,TURNING_AROUND,dump_zone_3,load_zone_26,0.000255,0.000683
245.0,2026-07-02T12:55:48.373,2,609.087,198.954,10.463,0.3483,1000.0,RETURNING_TO_START,load_zone_26,dump_zone_3,0.000281,0.000753
245.0,2026-07-02T12:55:48.373,3,-100.737,451.736,0.0,-0.5,1000.0,RETURNING_TO_START,load_zone_22,dump_zone_22,0.00025,0.00067
246.0,2026-07-02T12:55:50.701,1,656.683,177.313,0.0,0.0,0.0,GOING_TO_ENDPOINT,dump_zone_3,load_zone_26,0.00025,0.00067
246.0,2026-07-02T12:55:50.701,2,612.204,198.799,12.37,0.9629,1000.0,RETURNING_TO_START,load_zone_26,dump_zone_3,0.000327,0.000876
246.0,2026-07-02T12:55:50.701,3,-100.737,451.736,0.0,-0.5,1000.0,RETURNING_TO_START,load_zone_22,dump_zone_22,0.00025,0.00067
247.0,2026-07-02T12:55:53.612,1,656.683,177.346,0.525,0.5,0.0,GOING_TO_ENDPOINT,dump_zone_3,load_zone_26,0.000251,0.000673
247.0,2026-07-02T12:55:53.612,2,616.18,198.901,15.97,1.0,1000.0,RETURNING_TO_START,load_zone_26,dump_zone_3,0.000353,0.000946
247.0,2026-07-02T12:55:53.612,3,-100.737,451.736,0.0,-0.5,1000.0,RETURNING_TO_START,load_zone_22,dump_zone_22,0.00025,0.00067
248.0,2026-07-02T12:55:55.729,1,656.63,177.938,3.75,1.0,0.0,GOING_TO_ENDPOINT,dump_zone_3,load_zone_26,0.000265,0.00071
248.0,2026-07-02T12:55:55.729,2,621.055,199.308,18.641,0.3628,1000.0,RETURNING_TO_START,load_zone_26,dump_zone_3,0.000306,0.00082
248.0,2026-07-02T12:55:55.729,3,-100.737,451.736,0.0,-0.5,1000.0,RETURNING_TO_START,load_zone_22,dump_zone_22,0.00025,0.00067
249.0,2026-07-02T12:55:57.569,1,656.059,179.403,7.35,1.0,0.0,GOING_TO_ENDPOINT,dump_zone_3,load_zone_26,0.000278,0.000745
249.0,2026-07-02T12:55:57.569,2,626.183,199.928,18.054,-0.5,1000.0,RETURNING_TO_START,load_zone_26,dump_zone_3,0.00025,0.00067
249.0,2026-07-02T12:55:57.569,3,-100.737,451.736,0.0,-0.5,1000.0,RETURNING_TO_START,load_zone_22,dump_zone_22,0.00025,0.00067
250.0,2026-07-02T12:55:59.580,1,654.125,181.079,10.95,1.0,0.0,GOING_TO_ENDPOINT,dump_zone_3,load_zone_26,0.000292,0.000783
250.0,2026-07-02T12:55:59.580,2,630.882,200.585,16.254,-0.5,1000.0,RETURNING_TO_START,load_zone_26,dump_zone_3,0.00025,0.00067
250.0,2026-07-02T12:55:59.580,3,-100.737,451.736,0.0,-0.5,1000.0,RETURNING_TO_START,load_zone_22,dump_zone_22,0.00025,0.00067
251.0,2026-07-02T12:56:01.746,1,651.053,182.922,14.55,1.0,0.0,GOING_TO_ENDPOINT,dump_zone_3,load_zone_26,0.000306,0.00082
251.0,2026-07-02T12:56:01.746,2,635.085,201.175,14.454,-0.5,1000.0,RETURNING_TO_START,load_zone_26,dump_zone_3,0.00025,0.00067
251.0,2026-07-02T12:56:01.746,3,-100.737,451.736,0.0,-0.5,1000.0,RETURNING_TO_START,load_zone_22,dump_zone_22,0.00025,0.00067
252.0,2026-07-02T12:56:03.997,1,648.08,186.197,17.025,0.25,0.0,GOING_TO_ENDPOINT,dump_zone_3,load_zone_26,0.000275,0.000737
252.0,2026-07-02T12:56:03.997,2,638.798,201.659,12.654,-0.5,1000.0,RETURNING_TO_START,load_zone_26,dump_zone_3,0.00025,0.00067
252.0,2026-07-02T12:56:03.997,3,-100.737,451.736,0.0,-0.5,1000.0,RETURNING_TO_START,load_zone_22,dump_zone_22,0.00025,0.00067
253.0,2026-07-02T12:59:50.611,1,647.528,190.77,16.125,-0.5,0.0,GOING_TO_ENDPOINT,dump_zone_3,load_zone_26,0.00025,0.00067
253.0,2026-07-02T12:59:50.611,2,642.022,202.021,10.854,-0.5,1000.0,RETURNING_TO_START,load_zone_26,dump_zone_3,0.00025,0.00067
253.0,2026-07-02T12:59:50.611,3,-100.737,451.736,0.0,-0.5,1000.0,RETURNING_TO_START,load_zone_22,dump_zone_22,0.00025,0.00067
254.0,2026-07-02T12:59:55.939,1,647.02,195.057,15.975,0.4167,0.0,GOING_TO_ENDPOINT,dump_zone_3,load_zone_26,0.000282,0.000756
254.0,2026-07-02T12:59:55.939,2,644.755,202.264,9.054,-0.5,1000.0,RETURNING_TO_START,load_zone_26,dump_zone_3,0.00025,0.00067
254.0,2026-07-02T12:59:55.939,3,-100.737,451.736,0.0,-0.5,1000.0,RETURNING_TO_START,load_zone_22,dump_zone_22,0.00025,0.00067
255.0,2026-07-02T12:59:59.863,1,644.073,198.439,16.755,0.1449,0.0,GOING_TO_ENDPOINT,dump_zone_3,load_zone_26,0.000268,0.000718
255.0,2026-07-02T12:59:59.863,2,646.996,202.347,7.254,-0.5,1000.0,RETURNING_TO_START,load_zone_26,dump_zone_3,0.00025,0.00067
255.0,2026-07-02T12:59:59.863,3,-100.737,451.736,0.0,-0.5,1000.0,RETURNING_TO_START,load_zone_22,dump_zone_22,0.00025,0.00067
256.0,2026-07-02T13:00:02.861,1,639.822,199.795,16.811,0.1822,0.0,GOING_TO_ENDPOINT,dump_zone_3,load_zone_26,0.000271,0.000726
256.0,2026-07-02T13:00:02.861,2,648.736,202.139,5.584,-0.4167,1000.0,RETURNING_TO_START,load_zone_26,dump_zone_3,0.00025,0.00067
256.0,2026-07-02T13:00:02.861,3,-100.737,451.736,0.0,-0.5,1000.0,RETURNING_TO_START,load_zone_22,dump_zone_22,0.00025,0.00067
257.0,2026-07-02T13:00:05.168,1,635.911,197.183,17.717,0.5155,0.0,GOING_TO_ENDPOINT,dump_zone_3,load_zone_26,0.000291,0.00078
257.0,2026-07-02T13:00:05.168,2,650.199,201.694,6.034,0.5833,1000.0,RETURNING_TO_START,load_zone_26,dump_zone_3,0.000275,0.000737
257.0,2026-07-02T13:00:05.168,3,-100.737,451.736,0.0,-0.5,1000.0,RETURNING_TO_START,load_zone_22,dump_zone_22,0.00025,0.00067
258.0,2026-07-02T13:00:07.527,1,631.238,195.535,17.623,-0.4845,0.0,GOING_TO_ENDPOINT,dump_zone_3,load_zone_26,0.00025,0.00067
258.0,2026-07-02T13:00:07.527,2,651.746,200.261,9.009,0.5833,1000.0,RETURNING_TO_START,load_zone_26,dump_zone_3,0.000288,0.000772
258.0,2026-07-02T13:00:07.527,3,-100.737,451.736,0.0,-0.5,1000.0,RETURNING_TO_START,load_zone_22,dump_zone_22,0.00025,0.00067
259.0,2026-07-02T13:00:09.575,1,626.655,194.922,15.823,-0.5,0.0,GOING_TO_ENDPOINT,dump_zone_3,load_zone_26,0.00025,0.00067
259.0,2026-07-02T13:00:09.575,2,652.537,197.792,9.459,0.0833,1000.0,RETURNING_TO_START,load_zone_26,dump_zone_3,0.000264,0.000708
259.0,2026-07-02T13:00:09.575,3,-100.737,451.736,0.0,-0.5,1000.0,RETURNING_TO_START,load_zone_22,dump_zone_22,0.00025,0.00067
260.0,2026-07-02T13:00:11.655,1,622.558,194.446,14.023,-0.5,0.0,GOING_TO_ENDPOINT,dump_zone_3,load_zone_26,0.00025,0.00067
260.0,2026-07-02T13:00:11.655,2,652.62,194.913,11.659,0.9167,1000.0,RETURNING_TO_START,load_zone_26,dump_zone_3,0.00032,0.000858
260.0,2026-07-02T13:00:11.655,3,-100.737,451.736,0.0,-0.5,1000.0,RETURNING_TO_START,load_zone_22,dump_zone_22,0.00025,0.00067
261.0,2026-07-02T13:00:13.602,1,618.87,194.087,12.683,-0.5,0.0,GOING_TO_ENDPOINT,dump_zone_3,load_zone_26,0.00025,0.00067
261.0,2026-07-02T13:00:13.602,2,652.529,191.25,14.059,0.25,1000.0,RETURNING_TO_START,load_zone_26,dump_zone_3,0.000284,0.000761
261.0,2026-07-02T13:00:13.602,3,-100.737,451.736,0.0,-0.5,1000.0,RETURNING_TO_START,load_zone_22,dump_zone_22,0.00025,0.00067
262.0,2026-07-02T13:00:15.792,1,615.582,193.881,11.233,-0.25,0.0,GOING_TO_ENDPOINT,dump_zone_3,load_zone_26,0.00025,0.00067
262.0,2026-07-02T13:00:15.792,2,652.498,187.414,13.159,-0.5,1000.0,RETURNING_TO_START,load_zone_26,dump_zone_3,0.00025,0.00067
262.0,2026-07-02T13:00:15.792,3,-100.737,451.736,0.0,-0.5,1000.0,RETURNING_TO_START,load_zone_22,dump_zone_22,0.00025,0.00067
263.0,2026-07-02T13:00:17.974,1,612.668,193.828,9.718,-0.4167,0.0,GOING_TO_ENDPOINT,dump_zone_3,load_zone_26,0.00025,0.00067
263.0,2026-07-02T13:00:17.974,2,652.498,184.03,11.359,-0.5,1000.0,RETURNING_TO_START,load_zone_26,dump_zone_3,0.00025,0.00067
263.0,2026-07-02T13:00:17.974,3,-100.737,451.736,0.0,-0.5,1000.0,RETURNING_TO_START,load_zone_22,dump_zone_22,0.00025,0.00067
264.0,2026-07-02T13:00:19.998,1,610.175,194.016,8.418,-0.4167,0.0,GOING_TO_ENDPOINT,dump_zone_3,load_zone_26,0.00025,0.00067
264.0,2026-07-02T13:00:19.998,2,652.5,181.145,9.559,-0.5,1000.0,RETURNING_TO_START,load_zone_26,dump_zone_3,0.00025,0.00067
264.0,2026-07-02T13:00:19.998,3,-100.737,451.736,0.0,-0.5,1000.0,RETURNING_TO_START,load_zone_22,dump_zone_22,0.00025,0.00067
265.0,2026-07-02T13:00:21.885,1,608.143,194.706,7.018,-0.4167,0.0,GOING_TO_ENDPOINT,dump_zone_3,load_zone_26,0.00025,0.00067
265.0,2026-07-02T13:00:21.885,2,652.142,178.808,7.759,-0.5,1000.0,RETURNING_TO_START,load_zone_26,dump_zone_3,0.00025,0.00067
265.0,2026-07-02T13:00:21.885,3,-100.737,451.736,0.0,-0.5,1000.0,RETURNING_TO_START,load_zone_22,dump_zone_22,0.00025,0.00067
266.0,2026-07-02T13:00:24.292,1,606.655,195.585,5.549,-0.25,0.0,GOING_TO_ENDPOINT,dump_zone_3,load_zone_26,0.00025,0.00067
266.0,2026-07-02T13:00:24.292,2,651.944,176.951,5.959,-0.5,1000.0,RETURNING_TO_START,load_zone_26,dump_zone_3,0.00025,0.00067
266.0,2026-07-02T13:00:24.292,3,-100.737,451.736,0.0,-0.5,1000.0,RETURNING_TO_START,load_zone_22,dump_zone_22,0.00025,0.00067
267.0,2026-07-02T13:00:26.103,1,605.387,196.28,5.04,-0.098,0.0,GOING_TO_ENDPOINT,dump_zone_3,load_zone_26,0.000252,0.000675
267.0,2026-07-02T13:00:26.103,2,652.347,175.634,4.159,-0.5,1000.0,RETURNING_TO_START,load_zone_26,dump_zone_3,0.00025,0.00067
267.0,2026-07-02T13:00:26.103,3,-100.737,451.736,0.0,-0.5,1000.0,RETURNING_TO_START,load_zone_22,dump_zone_22,0.00025,0.00067
268.0,2026-07-02T13:00:28.423,1,604.216,196.838,4.5,0.0063,0.0,GOING_TO_ENDPOINT,dump_zone_3,load_zone_26,0.000253,0.000678
268.0,2026-07-02T13:00:28.423,2,652.828,174.894,2.359,-0.5,1000.0,UNLOADING,load_zone_26,dump_zone_3,0.00025,0.00067
268.0,2026-07-02T13:00:28.423,3,-100.737,451.736,0.0,-0.5,1000.0,RETURNING_TO_START,load_zone_22,dump_zone_22,0.00025,0.00067
269.0,2026-07-02T13:00:30.687,1,603.068,197.387,4.962,0.4931,0.0,GOING_TO_ENDPOINT,dump_zone_3,load_zone_26,0.000261,0.000699
269.0,2026-07-02T13:00:30.687,2,653.081,174.605,0.559,-0.5,1000.0,UNLOADING,load_zone_26,dump_zone_3,0.00025,0.00067
269.0,2026-07-02T13:00:30.687,3,-100.737,451.736,0.0,-0.5,1000.0,RETURNING_TO_START,load_zone_22,dump_zone_22,0.00025,0.00067
270.0,2026-07-02T13:00:33.303,1,601.707,198.075,5.387,-0.3402,0.0,GOING_TO_ENDPOINT,dump_zone_3,load_zone_26,0.00025,0.00067
270.0,2026-07-02T13:00:33.303,2,653.093,174.591,0.0,-0.5,1000.0,UNLOADING,load_zone_26,dump_zone_3,0.00025,0.00067
270.0,2026-07-02T13:00:33.303,3,-100.737,451.736,0.0,-0.5,1000.0,RETURNING_TO_START,load_zone_22,dump_zone_22,0.00025,0.00067
271.0,2026-07-02T13:00:35.058,1,600.542,198.466,3.615,-0.5,0.0,GOING_TO_ENDPOINT,dump_zone_3,load_zone_26,0.00025,0.00067
271.0,2026-07-02T13:00:35.058,2,654.009,173.874,7.2,0.0,0.0,TURNING_AROUND,dump_zone_3,load_zone_26,0.000255,0.000683
271.0,2026-07-02T13:00:35.058,3,-100.737,451.736,0.0,-0.5,1000.0,RETURNING_TO_START,load_zone_22,dump_zone_22,0.00025,0.00067
272.0,2026-07-02T13:00:36.461,1,599.717,198.528,2.94,0.25,0.0,GOING_TO_ENDPOINT,dump_zone_3,load_zone_26,0.000254,0.000681
272.0,2026-07-02T13:00:36.461,2,655.917,173.35,7.2,0.0,0.0,TURNING_AROUND,dump_zone_3,load_zone_26,0.000255,0.000683
272.0,2026-07-02T13:00:36.461,3,-100.737,451.736,0.0,-0.5,1000.0,RETURNING_TO_START,load_zone_22,dump_zone_22,0.00025,0.00067
273.0,2026-07-02T13:00:37.747,1,598.583,198.323,5.64,1.0,0.0,GOING_TO_ENDPOINT,dump_zone_3,load_zone_26,0.000272,0.000729
273.0,2026-07-02T13:00:37.747,2,654.446,173.106,5.4,0.0,0.0,TURNING_AROUND,dump_zone_3,load_zone_26,0.000253,0.000678
273.0,2026-07-02T13:00:37.747,3,-100.737,451.736,0.0,-0.5,1000.0,RETURNING_TO_START,load_zone_22,dump_zone_22,0.00025,0.00067
274.0,2026-07-02T13:00:38.484,1,596.859,197.154,9.24,1.0,0.0,GOING_TO_ENDPOINT,dump_zone_3,load_zone_26,0.000286,0.000766
274.0,2026-07-02T13:00:38.484,2,656.072,174.235,7.2,0.0,0.0,TURNING_AROUND,dump_zone_3,load_zone_26,0.000255,0.000683
274.0,2026-07-02T13:00:38.484,3,-100.737,451.736,0.0,-0.5,1000.0,RETURNING_TO_START,load_zone_22,dump_zone_22,0.00025,0.00067
275.0,2026-07-02T13:00:39.508,1,595.929,194.271,12.84,1.0,0.0,GOING_TO_ENDPOINT,dump_zone_3,load_zone_26,0.0003,0.000804
275.0,2026-07-02T13:00:39.508,2,656.484,174.628,5.4,0.0,0.0,TURNING_AROUND,dump_zone_3,load_zone_26,0.000253,0.000678
275.0,2026-07-02T13:00:39.508,3,-100.737,451.736,0.0,-0.5,1000.0,RETURNING_TO_START,load_zone_22,dump_zone_22,0.00025,0.00067
276.0,2026-07-02T13:00:41.251,1,597.947,190.801,16.44,1.0,0.0,GOING_TO_ENDPOINT,dump_zone_3,load_zone_26,0.000314,0.000842
276.0,2026-07-02T13:00:41.251,2,656.452,174.519,0.25,0.3333,0.0,GOING_TO_ENDPOINT,dump_zone_3,load_zone_26,0.00025,0.00067
276.0,2026-07-02T13:00:41.251,3,-100.737,451.736,0.0,-0.5,1000.0,RETURNING_TO_START,load_zone_22,dump_zone_22,0.00025,0.00067
277.0,2026-07-02T13:00:42.649,1,600.553,186.438,20.04,1.0,0.0,GOING_TO_ENDPOINT,dump_zone_3,load_zone_26,0.000327,0.000876
277.0,2026-07-02T13:00:42.649,2,656.424,174.967,3.15,1.0,0.0,GOING_TO_ENDPOINT,dump_zone_3,load_zone_26,0.000262,0.000702
277.0,2026-07-02T13:00:42.649,3,-100.737,451.736,0.0,-0.5,1000.0,RETURNING_TO_START,load_zone_22,dump_zone_22,0.00025,0.00067
278.0,2026-07-02T13:00:44.512,1,602.191,180.582,23.64,1.0,0.0,GOING_TO_ENDPOINT,dump_zone_3,load_zone_26,0.000341,0.000914
278.0,2026-07-02T13:00:44.512,2,656.007,176.313,6.75,1.0,0.0,GOING_TO_ENDPOINT,dump_zone_3,load_zone_26,0.000276,0.00074
278.0,2026-07-02T13:00:44.512,3,-100.737,451.736,0.0,-0.5,1000.0,RETURNING_TO_START,load_zone_22,dump_zone_22,0.00025,0.00067
279.0,2026-07-02T13:00:46.650,1,602.515,173.493,27.09,0.75,0.0,GOING_TO_ENDPOINT,dump_zone_3,load_zone_26,0.000333,0.000892
279.0,2026-07-02T13:00:46.650,2,654.545,178.225,10.35,1.0,0.0,GOING_TO_ENDPOINT,dump_zone_3,load_zone_26,0.00029,0.000777
279.0,2026-07-02T13:00:46.650,3,-100.737,451.736,0.0,-0.5,1000.0,RETURNING_TO_START,load_zone_22,dump_zone_22,0.00025,0.00067
280.0,2026-07-02T13:00:48.873,1,602.499,165.773,27.84,-0.25,0.0,GOING_TO_ENDPOINT,dump_zone_3,load_zone_26,0.00025,0.00067
280.0,2026-07-02T13:00:48.873,2,651.909,180.395,13.95,1.0,0.0,GOING_TO_ENDPOINT,dump_zone_3,load_zone_26,0.000304,0.000815
280.0,2026-07-02T13:00:48.873,3,-100.737,451.736,0.0,-0.5,1000.0,RETURNING_TO_START,load_zone_22,dump_zone_22,0.00025,0.00067
281.0,2026-07-02T13:00:51.725,1,602.5,158.136,27.366,-0.0086,0.0,GOING_TO_ENDPOINT,dump_zone_3,load_zone_26,0.000267,0.000716
281.0,2026-07-02T13:00:51.725,2,648.739,183.396,17.175,0.5833,0.0,GOING_TO_ENDPOINT,dump_zone_3,load_zone_26,0.000293,0.000785
281.0,2026-07-02T13:00:51.725,3,-100.737,451.736,0.0,-0.5,1000.0,RETURNING_TO_START,load_zone_22,dump_zone_22,0.00025,0.00067
282.0,2026-07-02T13:00:54.095,1,602.5,150.663,26.535,-0.1753,0.0,GOING_TO_ENDPOINT,dump_zone_3,load_zone_26,0.000252,0.000675
282.0,2026-07-02T13:00:54.095,2,647.41,188.013,17.325,-0.4167,0.0,GOING_TO_ENDPOINT,dump_zone_3,load_zone_26,0.00025,0.00067
282.0,2026-07-02T13:00:54.095,3,-100.737,451.736,0.0,-0.5,1000.0,RETURNING_TO_START,load_zone_22,dump_zone_22,0.00025,0.00067
283.0,2026-07-02T13:00:55.743,1,602.5,143.326,26.355,0.1581,0.0,GOING_TO_ENDPOINT,dump_zone_3,load_zone_26,0.00028,0.00075
283.0,2026-07-02T13:00:55.743,2,647.476,192.554,15.525,-0.5,0.0,GOING_TO_ENDPOINT,dump_zone_3,load_zone_26,0.00025,0.00067
283.0,2026-07-02T13:00:55.743,3,-100.737,451.736,0.0,-0.5,1000.0,RETURNING_TO_START,load_zone_22,dump_zone_22,0.00025,0.00067
284.0,2026-07-02T13:00:57.862,1,602.5,135.805,27.524,0.1581,0.0,GOING_TO_ENDPOINT,dump_zone_3,load_zone_26,0.000282,0.000756
284.0,2026-07-02T13:00:57.862,2,647.499,196.596,13.725,-0.5,0.0,GOING_TO_ENDPOINT,dump_zone_3,load_zone_26,0.00025,0.00067
284.0,2026-07-02T13:00:57.862,3,-100.737,451.736,0.0,-0.5,1000.0,RETURNING_TO_START,load_zone_22,dump_zone_22,0.00025,0.00067
285.0,2026-07-02T13:01:00.447,1,602.5,127.961,28.643,-0.0086,0.0,GOING_TO_ENDPOINT,dump_zone_3,load_zone_26,0.000267,0.000716
285.0,2026-07-02T13:01:00.447,2,647.036,200.081,12.3,-0.0833,0.0,GOING_TO_ENDPOINT,dump_zone_3,load_zone_26,0.000254,0.000681
285.0,2026-07-02T13:01:00.447,3,-100.737,451.736,0.0,-0.5,1000.0,RETURNING_TO_START,load_zone_22,dump_zone_22,0.00025,0.00067
286.0,2026-07-02T13:01:02.372,1,602.5,120.069,27.985,-0.3125,0.0,GOING_TO_ENDPOINT,dump_zone_3,load_zone_26,0.00025,0.00067
286.0,2026-07-02T13:01:02.372,2,644.241,202.126,13.95,0.9167,0.0,GOING_TO_ENDPOINT,dump_zone_3,load_zone_26,0.0003,0.000804
286.0,2026-07-02T13:01:02.372,3,-100.737,451.736,0.0,-0.5,1000.0,RETURNING_TO_START,load_zone_22,dump_zone_22,0.00025,0.00067
287.0,2026-07-02T13:01:04.537,1,602.5,112.474,27.141,0.0953,0.0,GOING_TO_ENDPOINT,dump_zone_3,load_zone_26,0.000276,0.00074
287.0,2026-07-02T13:01:04.537,2,640.333,200.59,17.55,1.0,0.0,GOING_TO_ENDPOINT,dump_zone_3,load_zone_26,0.000318,0.000852
287.0,2026-07-02T13:01:04.537,3,-100.737,451.736,0.0,-0.5,1000.0,RETURNING_TO_START,load_zone_22,dump_zone_22,0.00025,0.00067
288.0,2026-07-02T13:01:07.209,1,602.5,104.791,28.084,0.0606,0.0,GOING_TO_ENDPOINT,dump_zone_3,load_zone_26,0.000273,0.000732
288.0,2026-07-02T13:01:07.209,2,636.442,196.926,20.775,0.5833,0.0,GOING_TO_ENDPOINT,dump_zone_3,load_zone_26,0.000302,0.000809
288.0,2026-07-02T13:01:07.209,3,-100.737,451.736,0.0,-0.5,1000.0,RETURNING_TO_START,load_zone_22,dump_zone_22,0.00025,0.00067
289.0,2026-07-02T13:01:09.537,1,602.5,97.07,27.752,0.2272,0.0,GOING_TO_ENDPOINT,dump_zone_3,load_zone_26,0.000288,0.000772
289.0,2026-07-02T13:01:09.537,2,630.793,195.438,20.925,-0.4167,0.0,GOING_TO_ENDPOINT,dump_zone_3,load_zone_26,0.00025,0.00067
289.0,2026-07-02T13:01:09.537,3,-100.737,451.736,0.0,-0.5,1000.0,RETURNING_TO_START,load_zone_22,dump_zone_22,0.00025,0.00067
290.0,2026-07-02T13:01:11.221,1,602.5,89.219,28.27,-0.2728,0.0,GOING_TO_ENDPOINT,dump_zone_3,load_zone_26,0.00025,0.00067
290.0,2026-07-02T13:01:11.221,2,625.292,194.767,19.125,-0.5,0.0,GOING_TO_ENDPOINT,dump_zone_3,load_zone_26,0.00025,0.00067
290.0,2026-07-02T13:01:11.221,3,-100.737,451.736,0.0,-0.5,1000.0,RETURNING_TO_START,load_zone_22,dump_zone_22,0.00025,0.00067
291.0,2026-07-02T13:01:13.529,1,602.5,81.526,27.35,0.0071,0.0,GOING_TO_ENDPOINT,dump_zone_3,load_zone_26,0.000268,0.000718
291.0,2026-07-02T13:01:13.529,2,620.281,194.212,17.325,-0.5,0.0,GOING_TO_ENDPOINT,dump_zone_3,load_zone_26,0.00025,0.00067
291.0,2026-07-02T13:01:13.529,3,-100.737,451.736,0.0,-0.5,1000.0,RETURNING_TO_START,load_zone_22,dump_zone_22,0.00025,0.00067
292.0,2026-07-02T13:01:15.605,1,602.5,73.872,27.563,-0.0893,0.0,GOING_TO_ENDPOINT,dump_zone_3,load_zone_26,0.00026,0.000697
292.0,2026-07-02T13:01:15.605,2,615.752,193.888,15.525,-0.5,0.0,GOING_TO_ENDPOINT,dump_zone_3,load_zone_26,0.00025,0.00067
292.0,2026-07-02T13:01:15.605,3,-100.737,451.736,0.0,-0.5,1000.0,RETURNING_TO_START,load_zone_22,dump_zone_22,0.00025,0.00067
293.0,2026-07-02T13:01:17.478,1,602.5,66.283,27.542,0.4107,0.0,GOING_TO_ENDPOINT,dump_zone_3,load_zone_26,0.000304,0.000815
293.0,2026-07-02T13:01:17.478,2,611.711,193.848,13.725,-0.5,0.0,GOING_TO_ENDPOINT,dump_zone_3,load_zone_26,0.00025,0.00067
293.0,2026-07-02T13:01:17.478,3,-100.737,451.736,0.0,-0.5,1000.0,RETURNING_TO_START,load_zone_22,dump_zone_22,0.00025,0.00067
294.0,2026-07-02T13:01:19.536,1,602.5,58.46,28.473,0.1069,0.0,GOING_TO_ENDPOINT,dump_zone_3,load_zone_26,0.000278,0.000745
294.0,2026-07-02T13:01:19.536,2,608.262,194.54,11.925,-0.5,0.0,GOING_TO_ENDPOINT,dump_zone_3,load_zone_26,0.00025,0.00067
294.0,2026-07-02T13:01:19.536,3,-100.737,451.736,0.0,-0.5,1000.0,RETURNING_TO_START,load_zone_22,dump_zone_22,0.00025,0.00067
295.0,2026-07-02T13:01:21.565,1,602.5,50.605,27.696,-0.4167,0.0,GOING_TO_ENDPOINT,dump_zone_3,load_zone_26,0.00025,0.00067
295.0,2026-07-02T13:01:21.565,2,605.684,196.152,10.125,-0.5,0.0,GOING_TO_ENDPOINT,dump_zone_3,load_zone_26,0.00025,0.00067
295.0,2026-07-02T13:01:21.565,3,-100.737,451.736,0.0,-0.5,1000.0,RETURNING_TO_START,load_zone_22,dump_zone_22,0.00025,0.00067
296.0,2026-07-02T13:01:23.523,1,602.5,43.119,26.653,0.0833,0.0,GOING_TO_ENDPOINT,dump_zone_3,load_zone_26,0.000274,0.000734
296.0,2026-07-02T13:01:23.523,2,603.405,197.276,8.325,-0.5,0.0,GOING_TO_ENDPOINT,dump_zone_3,load_zone_26,0.00025,0.00067
296.0,2026-07-02T13:01:23.523,3,-100.737,451.736,0.0,-0.5,1000.0,RETURNING_TO_START,load_zone_22,dump_zone_22,0.00025,0.00067
297.0,2026-07-02T13:01:25.901,1,602.5,35.544,27.789,0.2944,0.0,GOING_TO_ENDPOINT,dump_zone_3,load_zone_26,0.000294,0.000788
297.0,2026-07-02T13:01:25.901,2,601.551,198.126,6.525,-0.5,0.0,GOING_TO_ENDPOINT,dump_zone_3,load_zone_26,0.00025,0.00067
297.0,2026-07-02T13:01:25.901,3,-100.737,451.736,0.0,-0.5,1000.0,RETURNING_TO_START,load_zone_22,dump_zone_22,0.00025,0.00067
298.0,2026-07-02T13:01:28.558,1,602.5,27.688,28.329,-0.1723,0.0,GOING_TO_ENDPOINT,dump_zone_3,load_zone_26,0.000252,0.000675
298.0,2026-07-02T13:01:28.558,2,600.04,198.434,4.875,-0.25,0.0,GOING_TO_ENDPOINT,dump_zone_3,load_zone_26,0.00025,0.00067
298.0,2026-07-02T13:01:28.558,3,-100.737,451.736,0.0,-0.5,1000.0,RETURNING_TO_START,load_zone_22,dump_zone_22,0.00025,0.00067
299.0,2026-07-02T13:01:30.840,1,602.5,19.878,27.938,-0.0729,0.0,GOING_TO_ENDPOINT,dump_zone_3,load_zone_26,0.000261,0.000699
299.0,2026-07-02T13:01:30.840,2,598.633,198.228,5.925,0.75,0.0,GOING_TO_ENDPOINT,dump_zone_3,load_zone_26,0.000268,0.000718
299.0,2026-07-02T13:01:30.840,3,-100.737,451.736,0.0,-0.5,1000.0,RETURNING_TO_START,load_zone_22,dump_zone_22,0.00025,0.00067
300.0,2026-07-02T13:01:32.505,1,602.5,12.137,28.095,0.2222,0.0,GOING_TO_ENDPOINT,dump_zone_3,load_zone_26,0.000288,0.000772
300.0,2026-07-02T13:01:32.505,2,596.871,197.013,9.45,1.0,0.0,GOING_TO_ENDPOINT,dump_zone_3,load_zone_26,0.000287,0.000769
300.0,2026-07-02T13:01:32.505,3,-100.737,451.736,0.0,-0.5,1000.0,RETURNING_TO_START,load_zone_22,dump_zone_22,0.00025,0.00067
301.0,2026-07-02T13:01:34.575,1,602.5,4.41,27.278,-0.25,0.0,GOING_TO_ENDPOINT,dump_zone_3,load_zone_26,0.00025,0.00067
301.0,2026-07-02T13:01:34.575,2,595.99,194.059,13.05,1.0,0.0,GOING_TO_ENDPOINT,dump_zone_3,load_zone_26,0.0003,0.000804
301.0,2026-07-02T13:01:34.575,3,-100.737,451.736,0.0,-0.5,1000.0,RETURNING_TO_START,load_zone_22,dump_zone_22,0.00025,0.00067
302.0,2026-07-02T13:01:36.928,1,602.5,-3.216,27.818,0.1967,0.0,GOING_TO_ENDPOINT,dump_zone_3,load_zone_26,0.000285,0.000764
302.0,2026-07-02T13:01:36.928,2,598.165,190.623,16.65,1.0,0.0,GOING_TO_ENDPOINT,dump_zone_3,load_zone_26,0.000314,0.000842
302.0,2026-07-02T13:01:36.928,3,-100.737,451.736,0.0,-0.5,1000.0,RETURNING_TO_START,load_zone_22,dump_zone_22,0.00025,0.00067
303.0,2026-07-02T13:01:39.018,1,602.5,-11.102,28.623,-0.1172,0.0,GOING_TO_ENDPOINT,dump_zone_3,load_zone_26,0.000257,0.000689
303.0,2026-07-02T13:01:39.018,2,600.739,186.153,20.25,1.0,0.0,GOING_TO_ENDPOINT,dump_zone_3,load_zone_26,0.000328,0.000879
303.0,2026-07-02T13:01:39.018,3,-100.737,451.736,0.0,-0.5,1000.0,RETURNING_TO_START,load_zone_22,dump_zone_22,0.00025,0.00067
304.0,2026-07-02T13:01:41.216,1,602.5,-18.995,28.386,0.1562,0.0,GOING_TO_ENDPOINT,dump_zone_3,load_zone_26,0.000282,0.000756
304.0,2026-07-02T13:01:41.216,2,602.301,180.217,23.85,1.0,0.0,GOING_TO_ENDPOINT,dump_zone_3,load_zone_26,0.000342,0.000917
304.0,2026-07-02T13:01:41.216,3,-100.737,451.736,0.0,-0.5,1000.0,RETURNING_TO_START,load_zone_22,dump_zone_22,0.00025,0.00067
305.0,2026-07-02T13:01:43.572,1,602.5,-26.984,28.648,-0.3438,0.0,GOING_TO_ENDPOINT,dump_zone_3,load_zone_26,0.00025,0.00067
305.0,2026-07-02T13:01:43.572,2,602.5,173.056,27.425,0.9167,0.0,GOING_TO_ENDPOINT,dump_zone_3,load_zone_26,0.000349,0.000935
305.0,2026-07-02T13:01:43.572,3,-100.737,451.736,0.0,-0.5,1000.0,RETURNING_TO_START,load_zone_22,dump_zone_22,0.00025,0.00067
306.0,2026-07-02T13:01:45.602,1,602.5,-34.782,27.885,-0.0409,0.0,GOING_TO_ENDPOINT,dump_zone_3,load_zone_26,0.000264,0.000708
306.0,2026-07-02T13:01:45.602,2,602.501,165.152,28.775,-0.0833,0.0,GOING_TO_ENDPOINT,dump_zone_3,load_zone_26,0.00026,0.000697
306.0,2026-07-02T13:01:45.602,3,-100.737,451.736,0.0,-0.5,1000.0,RETURNING_TO_START,load_zone_22,dump_zone_22,0.00025,0.00067
307.0,2026-07-02T13:01:48.239,1,602.5,-42.575,28.588,0.4591,0.0,GOING_TO_ENDPOINT,dump_zone_3,load_zone_26,0.000311,0.000833
307.0,2026-07-02T13:01:48.239,2,602.5,157.346,27.575,-0.1679,0.0,GOING_TO_ENDPOINT,dump_zone_3,load_zone_26,0.000253,0.000678
307.0,2026-07-02T13:01:48.239,3,-100.737,451.736,0.0,-0.5,1000.0,RETURNING_TO_START,load_zone_22,dump_zone_22,0.00025,0.00067
308.0,2026-07-02T13:01:50.308,1,602.5,-50.555,28.341,-0.3742,0.0,GOING_TO_ENDPOINT,dump_zone_3,load_zone_26,0.00025,0.00067
308.0,2026-07-02T13:01:50.308,2,602.5,149.791,26.87,-0.2512,0.0,GOING_TO_ENDPOINT,dump_zone_3,load_zone_26,0.00025,0.00067
308.0,2026-07-02T13:01:50.308,3,-100.737,451.736,0.0,-0.5,1000.0,RETURNING_TO_START,load_zone_22,dump_zone_22,0.00025,0.00067
309.0,2026-07-02T13:01:52.946,1,602.5,-58.352,28.124,-0.0338,0.0,GOING_TO_ENDPOINT,dump_zone_3,load_zone_26,0.000265,0.00071
309.0,2026-07-02T13:01:52.946,2,602.5,142.32,27.284,0.3759,0.0,GOING_TO_ENDPOINT,dump_zone_3,load_zone_26,0.0003,0.000804
309.0,2026-07-02T13:01:52.946,3,-100.737,451.736,0.0,-0.5,1000.0,RETURNING_TO_START,load_zone_22,dump_zone_22,0.00025,0.00067
310.0,2026-07-02T13:01:55.079,1,602.5,-66.079,27.208,-0.5,0.0,GOING_TO_ENDPOINT,dump_zone_3,load_zone_26,0.00025,0.00067
310.0,2026-07-02T13:01:55.079,2,602.5,134.674,27.437,-0.2075,0.0,GOING_TO_ENDPOINT,dump_zone_3,load_zone_26,0.00025,0.00067
310.0,2026-07-02T13:01:55.079,3,-100.737,451.736,0.0,-0.5,1000.0,RETURNING_TO_START,load_zone_22,dump_zone_22,0.00025,0.00067
311.0,2026-07-02T13:01:56.961,1,602.5,-73.366,25.408,-0.5,0.0,GOING_TO_ENDPOINT,dump_zone_3,load_zone_26,0.00025,0.00067
311.0,2026-07-02T13:01:56.961,2,602.5,127.191,26.765,-0.0338,0.0,GOING_TO_ENDPOINT,dump_zone_3,load_zone_26,0.000264,0.000708
311.0,2026-07-02T13:01:56.961,3,-100.737,451.736,0.0,-0.5,1000.0,RETURNING_TO_START,load_zone_22,dump_zone_22,0.00025,0.00067
312.0,2026-07-02T13:01:59.346,1,602.5,-80.153,23.608,-0.5,0.0,GOING_TO_ENDPOINT,dump_zone_3,load_zone_26,0.00025,0.00067
312.0,2026-07-02T13:01:59.346,2,602.5,119.632,27.643,0.1329,0.0,GOING_TO_ENDPOINT,dump_zone_3,load_zone_26,0.000279,0.000748
312.0,2026-07-02T13:01:59.346,3,-100.737,451.736,0.0,-0.5,1000.0,RETURNING_TO_START,load_zone_22,dump_zone_22,0.00025,0.00067
313.0,2026-07-02T13:02:01.093,1,602.5,-86.44,21.808,-0.5,0.0,GOING_TO_ENDPOINT,dump_zone_3,load_zone_26,0.00025,0.00067
313.0,2026-07-02T13:02:01.093,2,602.5,111.982,27.419,0.0174,0.0,GOING_TO_ENDPOINT,dump_zone_3,load_zone_26,0.000269,0.000721
313.0,2026-07-02T13:02:01.093,3,-100.737,451.736,0.0,-0.5,1000.0,RETURNING_TO_START,load_zone_22,dump_zone_22,0.00025,0.00067
314.0,2026-07-02T13:02:02.830,1,602.5,-92.227,20.008,-0.5,0.0,GOING_TO_ENDPOINT,dump_zone_3,load_zone_26,0.00025,0.00067
314.0,2026-07-02T13:02:02.830,2,602.5,104.297,27.881,0.184,0.0,GOING_TO_ENDPOINT,dump_zone_3,load_zone_26,0.000284,0.000761
314.0,2026-07-02T13:02:02.830,3,-100.737,451.736,0.0,-0.5,1000.0,RETURNING_TO_START,load_zone_22,dump_zone_22,0.00025,0.00067
315.0,2026-07-02T13:02:04.482,1,602.5,-97.513,18.208,-0.5,0.0,GOING_TO_ENDPOINT,dump_zone_3,load_zone_26,0.00025,0.00067
315.0,2026-07-02T13:02:04.482,2,602.5,96.555,27.768,-0.087,0.0,GOING_TO_ENDPOINT,dump_zone_3,load_zone_26,0.00026,0.000697
315.0,2026-07-02T13:02:04.482,3,-100.737,451.736,0.0,-0.5,1000.0,RETURNING_TO_START,load_zone_22,dump_zone_22,0.00025,0.00067
316.0,2026-07-02T13:02:06.760,1,604.841,-101.535,18.058,0.4167,0.0,GOING_TO_ENDPOINT,dump_zone_3,load_zone_26,0.000286,0.000766
316.0,2026-07-02T13:02:06.760,2,602.5,88.911,27.67,0.1873,0.0,GOING_TO_ENDPOINT,dump_zone_3,load_zone_26,0.000284,0.000761
316.0,2026-07-02T13:02:06.760,3,-100.737,451.736,0.0,-0.5,1000.0,RETURNING_TO_START,load_zone_22,dump_zone_22,0.00025,0.00067
317.0,2026-07-02T13:02:08.967,1,609.865,-100.461,21.133,1.0,0.0,GOING_TO_ENDPOINT,dump_zone_3,load_zone_26,0.000332,0.00089
317.0,2026-07-02T13:02:08.967,2,602.5,81.256,27.247,-0.2467,0.0,GOING_TO_ENDPOINT,dump_zone_3,load_zone_26,0.00025,0.00067
317.0,2026-07-02T13:02:08.967,3,-100.737,451.736,0.0,-0.5,1000.0,RETURNING_TO_START,load_zone_22,dump_zone_22,0.00025,0.00067
318.0,2026-07-02T13:02:11.108,1,615.408,-97.585,23.608,0.25,0.0,GOING_TO_ENDPOINT,dump_zone_3,load_zone_26,0.000284,0.000761
318.0,2026-07-02T13:02:11.108,2,602.5,73.702,27.659,0.42,0.0,GOING_TO_ENDPOINT,dump_zone_3,load_zone_26,0.000305,0.000817
318.0,2026-07-02T13:02:11.108,3,-100.737,451.736,0.0,-0.5,1000.0,RETURNING_TO_START,load_zone_22,dump_zone_22,0.00025,0.00067
319.0,2026-07-02T13:02:13.393,1,621.879,-97.374,22.708,-0.5,0.0,GOING_TO_ENDPOINT,dump_zone_3,load_zone_26,0.00025,0.00067
319.0,2026-07-02T13:02:13.393,2,602.5,65.822,28.551,-0.1329,0.0,GOING_TO_ENDPOINT,dump_zone_3,load_zone_26,0.000256,0.000686
319.0,2026-07-02T13:02:13.393,3,-100.737,451.736,0.0,-0.5,1000.0,RETURNING_TO_START,load_zone_22,dump_zone_22,0.00025,0.00067
320.0,2026-07-02T13:02:15.174,1,627.915,-97.486,20.908,-0.5,0.0,GOING_TO_ENDPOINT,dump_zone_3,load_zone_26,0.00025,0.00067
320.0,2026-07-02T13:02:15.174,2,602.5,58.021,27.797,-0.0738,0.0,GOING_TO_ENDPOINT,dump_zone_3,load_zone_26,0.000261,0.000699
320.0,2026-07-02T13:02:15.174,3,-100.737,451.736,0.0,-0.5,1000.0,RETURNING_TO_START,load_zone_22,dump_zone_22,0.00025,0.00067
321.0,2026-07-02T13:02:17.429,1,633.452,-97.5,19.108,-0.5,0.0,GOING_TO_ENDPOINT,dump_zone_3,load_zone_26,0.00025,0.00067
321.0,2026-07-02T13:02:17.429,2,602.5,50.291,28.064,0.2684,0.0,GOING_TO_ENDPOINT,dump_zone_3,load_zone_26,0.000292,0.000783
321.0,2026-07-02T13:02:17.429,3,-100.737,451.736,0.0,-0.5,1000.0,RETURNING_TO_START,load_zone_22,dump_zone_22,0.00025,0.00067
322.0,2026-07-02T13:02:19.560,1,638.489,-97.5,17.308,-0.5,0.0,GOING_TO_ENDPOINT,dump_zone_3,load_zone_26,0.00025,0.00067
322.0,2026-07-02T13:02:19.560,2,602.5,42.368,28.736,0.0271,0.0,GOING_TO_ENDPOINT,dump_zone_3,load_zone_26,0.000271,0.000726
322.0,2026-07-02T13:02:19.560,3,-100.737,451.736,0.0,-0.5,1000.0,RETURNING_TO_START,load_zone_22,dump_zone_22,0.00025,0.00067
323.0,2026-07-02T13:02:21.494,1,643.026,-97.5,15.508,-0.5,0.0,GOING_TO_ENDPOINT,dump_zone_3,load_zone_26,0.00025,0.00067
323.0,2026-07-02T13:02:21.494,2,602.5,34.485,28.255,0.1001,0.0,GOING_TO_ENDPOINT,dump_zone_3,load_zone_26,0.000277,0.000742
323.0,2026-07-02T13:02:21.494,3,-100.737,451.736,0.0,-0.5,1000.0,RETURNING_TO_START,load_zone_22,dump_zone_22,0.00025,0.00067
324.0,2026-07-02T13:02:23.620,1,647.062,-97.5,13.708,-0.5,0.0,GOING_TO_ENDPOINT,dump_zone_3,load_zone_26,0.00025,0.00067
324.0,2026-07-02T13:02:23.620,2,602.5,26.677,27.913,-0.1277,0.0,GOING_TO_ENDPOINT,dump_zone_3,load_zone_26,0.000256,0.000686
324.0,2026-07-02T13:02:23.620,3,-100.737,451.736,0.0,-0.5,1000.0,RETURNING_TO_START,load_zone_22,dump_zone_22,0.00025,0.00067
325.0,2026-07-02T13:02:25.995,1,650.554,-97.93,11.908,-0.5,0.0,GOING_TO_ENDPOINT,dump_zone_3,load_zone_26,0.00025,0.00067
325.0,2026-07-02T13:02:25.995,2,602.5,19.049,26.906,-0.25,0.0,GOING_TO_ENDPOINT,dump_zone_3,load_zone_26,0.00025,0.00067
325.0,2026-07-02T13:02:25.995,3,-100.737,451.736,0.0,-0.5,1000.0,RETURNING_TO_START,load_zone_22,dump_zone_22,0.00025,0.00067
326.0,2026-07-02T13:02:28.139,1,653.11,-99.548,10.258,-0.25,0.0,GOING_TO_ENDPOINT,dump_zone_3,load_zone_26,0.00025,0.00067
326.0,2026-07-02T13:02:28.139,2,602.5,11.499,27.956,0.75,0.0,GOING_TO_ENDPOINT,dump_zone_3,load_zone_26,0.000336,0.0009
326.0,2026-07-02T13:02:28.139,3,-100.737,451.736,0.0,-0.5,1000.0,RETURNING_TO_START,load_zone_22,dump_zone_22,0.00025,0.00067
327.0,2026-07-02T13:02:30.107,1,655.234,-101.558,11.308,0.75,0.0,GOING_TO_ENDPOINT,dump_zone_3,load_zone_26,0.000285,0.000764
327.0,2026-07-02T13:02:30.107,2,602.5,3.427,29.468,-0.0296,0.0,GOING_TO_ENDPOINT,dump_zone_3,load_zone_26,0.000266,0.000713
327.0,2026-07-02T13:02:30.107,3,-100.737,451.736,0.0,-0.5,1000.0,RETURNING_TO_START,load_zone_22,dump_zone_22,0.00025,0.00067
328.0,2026-07-02T13:02:31.874,1,657.796,-104.175,14.833,1.0,0.0,GOING_TO_ENDPOINT,dump_zone_3,load_zone_26,0.000307,0.000823
328.0,2026-07-02T13:02:31.874,2,602.5,-4.65,28.732,-0.1992,0.0,GOING_TO_ENDPOINT,dump_zone_3,load_zone_26,0.00025,0.00067
328.0,2026-07-02T13:02:31.874,3,-100.737,451.736,0.0,-0.5,1000.0,RETURNING_TO_START,load_zone_22,dump_zone_22,0.00025,0.00067
329.0,2026-07-02T13:02:33.709,1,661.056,-107.508,18.433,1.0,0.0,GOING_TO_ENDPOINT,dump_zone_3,load_zone_26,0.000321,0.00086
329.0,2026-07-02T13:02:33.709,2,602.5,-12.51,27.811,-0.3772,0.0,GOING_TO_ENDPOINT,dump_zone_3,load_zone_26,0.00025,0.00067
329.0,2026-07-02T13:02:33.709,3,-100.737,451.736,0.0,-0.5,1000.0,RETURNING_TO_START,load_zone_22,dump_zone_22,0.00025,0.00067
330.0,2026-07-02T13:02:35.851,1,665.052,-111.519,22.033,1.0,0.0,GOING_TO_ENDPOINT,dump_zone_3,load_zone_26,0.000335,0.000898
330.0,2026-07-02T13:02:35.851,2,602.5,-20.168,27.653,0.2062,0.0,GOING_TO_ENDPOINT,dump_zone_3,load_zone_26,0.000286,0.000766
330.0,2026-07-02T13:02:35.851,3,-100.737,451.736,0.0,-0.5,1000.0,RETURNING_TO_START,load_zone_22,dump_zone_22,0.00025,0.00067
331.0,2026-07-02T13:02:38.424,1,669.759,-116.224,25.483,0.75,0.0,GOING_TO_ENDPOINT,dump_zone_3,load_zone_26,0.000328,0.000879
331.0,2026-07-02T13:02:38.424,2,602.5,-28.043,28.656,-0.0772,0.0,GOING_TO_ENDPOINT,dump_zone_3,load_zone_26,0.000261,0.000699
331.0,2026-07-02T13:02:38.424,3,-100.737,451.736,0.0,-0.5,1000.0,RETURNING_TO_START,load_zone_22,dump_zone_22,0.00025,0.00067
332.0,2026-07-02T13:02:40.716,1,674.993,-121.457,27.317,0.1512,0.0,GOING_TO_ENDPOINT,dump_zone_3,load_zone_26,0.000281,0.000753
332.0,2026-07-02T13:02:40.716,2,602.5,-35.955,28.333,-0.2808,0.0,GOING_TO_ENDPOINT,dump_zone_3,load_zone_26,0.00025,0.00067
332.0,2026-07-02T13:02:40.716,3,-100.737,451.736,0.0,-0.5,1000.0,RETURNING_TO_START,load_zone_22,dump_zone_22,0.00025,0.00067
333.0,2026-07-02T13:02:42.500,1,680.277,-126.741,26.185,-0.5,0.0,GOING_TO_ENDPOINT,dump_zone_3,load_zone_26,0.00025,0.00067
333.0,2026-07-02T13:02:42.500,2,602.5,-43.635,27.37,0.0741,0.0,GOING_TO_ENDPOINT,dump_zone_3,load_zone_26,0.000274,0.000734
333.0,2026-07-02T13:02:42.500,3,-100.737,451.736,0.0,-0.5,1000.0,RETURNING_TO_START,load_zone_22,dump_zone_22,0.00025,0.00067
334.0,2026-07-02T13:02:44.678,1,685.228,-131.693,24.385,-0.5,0.0,GOING_TO_ENDPOINT,dump_zone_3,load_zone_26,0.00025,0.00067
334.0,2026-07-02T13:02:44.678,2,602.5,-51.401,28.437,0.2408,0.0,GOING_TO_ENDPOINT,dump_zone_3,load_zone_26,0.00029,0.000777
334.0,2026-07-02T13:02:44.678,3,-100.737,451.736,0.0,-0.5,1000.0,RETURNING_TO_START,load_zone_22,dump_zone_22,0.00025,0.00067
335.0,2026-07-02T13:02:46.612,1,689.826,-136.291,22.585,-0.5,0.0,GOING_TO_ENDPOINT,dump_zone_3,load_zone_26,0.00025,0.00067
335.0,2026-07-02T13:02:46.612,2,602.5,-59.297,28.312,-0.2034,0.0,GOING_TO_ENDPOINT,dump_zone_3,load_zone_26,0.00025,0.00067
335.0,2026-07-02T13:02:46.612,3,-100.737,451.736,0.0,-0.5,1000.0,RETURNING_TO_START,load_zone_22,dump_zone_22,0.00025,0.00067
336.0,2026-07-02T13:02:48.032,1,694.071,-140.535,20.785,-0.5,0.0,GOING_TO_ENDPOINT,dump_zone_3,load_zone_26,0.00025,0.00067
336.0,2026-07-02T13:02:48.032,2,602.5,-66.936,26.686,-0.5,0.0,GOING_TO_ENDPOINT,dump_zone_3,load_zone_26,0.00025,0.00067
336.0,2026-07-02T13:02:48.032,3,-100.737,451.736,0.0,-0.5,1000.0,RETURNING_TO_START,load_zone_22,dump_zone_22,0.00025,0.00067
337.0,2026-07-02T13:02:49.531,1,697.962,-144.426,18.985,-0.5,0.0,GOING_TO_ENDPOINT,dump_zone_3,load_zone_26,0.00025,0.00067
337.0,2026-07-02T13:02:49.531,2,602.5,-74.078,24.886,-0.5,0.0,GOING_TO_ENDPOINT,dump_zone_3,load_zone_26,0.00025,0.00067
337.0,2026-07-02T13:02:49.531,3,-100.737,451.736,0.0,-0.5,1000.0,RETURNING_TO_START,load_zone_22,dump_zone_22,0.00025,0.00067
338.0,2026-07-02T13:02:51.440,1,701.389,-148.067,17.185,-0.5,0.0,GOING_TO_ENDPOINT,dump_zone_3,load_zone_26,0.00025,0.00067
338.0,2026-07-02T13:02:51.440,2,602.5,-80.72,23.086,-0.5,0.0,GOING_TO_ENDPOINT,dump_zone_3,load_zone_26,0.00025,0.00067
338.0,2026-07-02T13:02:51.440,3,-100.737,451.736,0.0,-0.5,1000.0,RETURNING_TO_START,load_zone_22,dump_zone_22,0.00025,0.00067
339.0,2026-07-02T13:02:53.637,1,702.544,-152.315,15.535,-0.25,0.0,GOING_TO_ENDPOINT,dump_zone_3,load_zone_26,0.00025,0.00067
339.0,2026-07-02T13:02:53.637,2,602.5,-86.862,21.286,-0.5,0.0,GOING_TO_ENDPOINT,dump_zone_3,load_zone_26,0.00025,0.00067
339.0,2026-07-02T13:02:53.637,3,-100.737,451.736,0.0,-0.5,1000.0,RETURNING_TO_START,load_zone_22,dump_zone_22,0.00025,0.00067
340.0,2026-07-02T13:02:54.945,1,702.546,-156.705,16.585,0.75,0.0,GOING_TO_ENDPOINT,dump_zone_3,load_zone_26,0.000301,0.000807
340.0,2026-07-02T13:02:54.945,2,602.5,-92.504,19.486,-0.5,0.0,GOING_TO_ENDPOINT,dump_zone_3,load_zone_26,0.00025,0.00067
340.0,2026-07-02T13:02:54.945,3,-100.737,451.736,0.0,-0.5,1000.0,RETURNING_TO_START,load_zone_22,dump_zone_22,0.00025,0.00067
341.0,2026-07-02T13:02:56.810,1,702.505,-161.738,18.985,0.25,0.0,GOING_TO_ENDPOINT,dump_zone_3,load_zone_26,0.000277,0.000742
341.0,2026-07-02T13:02:56.810,2,602.5,-97.645,17.686,-0.5,0.0,GOING_TO_ENDPOINT,dump_zone_3,load_zone_26,0.00025,0.00067
341.0,2026-07-02T13:02:56.810,3,-100.737,451.736,0.0,-0.5,1000.0,RETURNING_TO_START,load_zone_22,dump_zone_22,0.00025,0.00067
342.0,2026-07-02T13:02:58.440,1,702.499,-166.942,18.085,-0.5,0.0,GOING_TO_ENDPOINT,dump_zone_3,load_zone_26,0.00025,0.00067
342.0,2026-07-02T13:02:58.440,2,604.72,-101.598,17.536,0.4167,0.0,GOING_TO_ENDPOINT,dump_zone_3,load_zone_26,0.000285,0.000764
342.0,2026-07-02T13:02:58.440,3,-100.737,451.736,0.0,-0.5,1000.0,RETURNING_TO_START,load_zone_22,dump_zone_22,0.00025,0.00067
343.0,2026-07-02T13:03:00.533,1,702.5,-171.695,16.285,-0.5,0.0,GOING_TO_ENDPOINT,dump_zone_3,load_zone_26,0.00025,0.00067
343.0,2026-07-02T13:03:00.533,2,609.594,-100.682,20.611,1.0,0.0,GOING_TO_ENDPOINT,dump_zone_3,load_zone_26,0.00033,0.000884
343.0,2026-07-02T13:03:00.533,3,-100.737,451.736,0.0,-0.5,1000.0,RETURNING_TO_START,load_zone_22,dump_zone_22,0.00025,0.00067
344.0,2026-07-02T13:03:02.487,1,702.5,-175.948,14.485,-0.5,0.0,GOING_TO_ENDPOINT,dump_zone_3,load_zone_26,0.00025,0.00067
344.0,2026-07-02T13:03:02.487,2,614.937,-97.729,23.086,0.25,0.0,GOING_TO_ENDPOINT,dump_zone_3,load_zone_26,0.000283,0.000758
344.0,2026-07-02T13:03:02.487,3,-100.737,451.736,0.0,-0.5,1000.0,RETURNING_TO_START,load_zone_22,dump_zone_22,0.00025,0.00067
345.0,2026-07-02T13:03:04.624,1,702.5,-179.7,12.685,-0.5,0.0,GOING_TO_ENDPOINT,dump_zone_3,load_zone_26,0.00025,0.00067
345.0,2026-07-02T13:03:04.624,2,621.259,-97.425,22.186,-0.5,0.0,GOING_TO_ENDPOINT,dump_zone_3,load_zone_26,0.00025,0.00067
345.0,2026-07-02T13:03:04.624,3,-100.737,451.736,0.0,-0.5,1000.0,RETURNING_TO_START,load_zone_22,dump_zone_22,0.00025,0.00067
346.0,2026-07-02T13:03:07.317,1,702.5,-182.953,10.885,-0.5,0.0,GOING_TO_ENDPOINT,dump_zone_3,load_zone_26,0.00025,0.00067
346.0,2026-07-02T13:03:07.317,2,627.15,-97.497,20.386,-0.5,0.0,GOING_TO_ENDPOINT,dump_zone_3,load_zone_26,0.00025,0.00067
346.0,2026-07-02T13:03:07.317,3,-100.737,451.736,0.0,-0.5,1000.0,RETURNING_TO_START,load_zone_22,dump_zone_22,0.00025,0.00067
347.0,2026-07-02T13:03:09.442,1,702.5,-185.706,9.085,-0.5,0.0,GOING_TO_ENDPOINT,dump_zone_3,load_zone_26,0.00025,0.00067
347.0,2026-07-02T13:03:09.442,2,632.542,-97.502,18.586,-0.5,0.0,GOING_TO_ENDPOINT,dump_zone_3,load_zone_26,0.00025,0.00067
347.0,2026-07-02T13:03:09.442,3,-100.737,451.736,0.0,-0.5,1000.0,RETURNING_TO_START,load_zone_22,dump_zone_22,0.00025,0.00067
348.0,2026-07-02T13:03:10.959,1,702.5,-187.958,7.285,-0.5,0.0,GOING_TO_ENDPOINT,dump_zone_3,load_zone_26,0.00025,0.00067
348.0,2026-07-02T13:03:10.959,2,637.434,-97.5,16.786,-0.5,0.0,GOING_TO_ENDPOINT,dump_zone_3,load_zone_26,0.00025,0.00067
348.0,2026-07-02T13:03:10.959,3,-100.737,451.736,0.0,-0.5,1000.0,RETURNING_TO_START,load_zone_22,dump_zone_22,0.00025,0.00067
349.0,2026-07-02T13:03:12.567,1,702.514,-189.711,5.485,-0.5,0.0,GOING_TO_ENDPOINT,dump_zone_3,load_zone_26,0.00025,0.00067
349.0,2026-07-02T13:03:12.567,2,641.826,-97.5,14.986,-0.5,0.0,GOING_TO_ENDPOINT,dump_zone_3,load_zone_26,0.00025,0.00067
349.0,2026-07-02T13:03:12.567,3,-100.737,451.736,0.0,-0.5,1000.0,RETURNING_TO_START,load_zone_22,dump_zone_22,0.00025,0.00067
350.0,2026-07-02T13:03:14.140,1,702.791,-190.927,3.685,-0.5,0.0,GOING_TO_ENDPOINT,dump_zone_3,load_zone_26,0.00025,0.00067
350.0,2026-07-02T13:03:14.140,2,645.718,-97.5,13.186,-0.5,0.0,GOING_TO_ENDPOINT,dump_zone_3,load_zone_26,0.00025,0.00067
350.0,2026-07-02T13:03:14.140,3,-100.737,451.736,0.0,-0.5,1000.0,RETURNING_TO_START,load_zone_22,dump_zone_22,0.00025,0.00067
351.0,2026-07-02T13:03:15.819,1,703.132,-191.598,1.885,-0.5,0.0,LOADING,dump_zone_3,load_zone_26,0.00025,0.00067
351.0,2026-07-02T13:03:15.819,2,649.105,-97.626,11.386,-0.5,0.0,GOING_TO_ENDPOINT,dump_zone_3,load_zone_26,0.00025,0.00067
351.0,2026-07-02T13:03:15.819,3,-100.737,451.736,0.0,-0.5,1000.0,RETURNING_TO_START,load_zone_22,dump_zone_22,0.00025,0.00067
352.0,2026-07-02T13:03:17.488,1,703.272,-191.808,0.085,-0.5,0.0,LOADING,dump_zone_3,load_zone_26,0.00025,0.00067
352.0,2026-07-02T13:03:17.488,2,651.8,-98.604,9.586,-0.5,0.0,GOING_TO_ENDPOINT,dump_zone_3,load_zone_26,0.00025,0.00067
352.0,2026-07-02T13:03:17.488,3,-100.737,451.736,0.0,-0.5,1000.0,RETURNING_TO_START,load_zone_22,dump_zone_22,0.00025,0.00067
353.0,2026-07-02T13:03:18.788,1,703.272,-191.808,0.0,-0.5,0.0,LOADING,dump_zone_3,load_zone_26,0.00025,0.00067
353.0,2026-07-02T13:03:18.788,2,653.747,-100.146,8.911,0.25,0.0,GOING_TO_ENDPOINT,dump_zone_3,load_zone_26,0.000263,0.000705
353.0,2026-07-02T13:03:18.788,3,-100.737,451.736,0.0,-0.5,1000.0,RETURNING_TO_START,load_zone_22,dump_zone_22,0.00025,0.00067
354.0,2026-07-02T13:03:19.894,1,704.513,-192.903,7.2,0.0,1000.0,TURNING_AROUND,load_zone_26,dump_zone_3,0.000258,0.000691
354.0,2026-07-02T13:03:19.894,2,655.778,-102.096,11.611,1.0,0.0,GOING_TO_ENDPOINT,dump_zone_3,load_zone_26,0.000295,0.000791
354.0,2026-07-02T13:03:19.894,3,-100.737,451.736,0.0,-0.5,1000.0,RETURNING_TO_START,load_zone_22,dump_zone_22,0.00025,0.00067
355.0,2026-07-02T13:03:20.880,1,705.552,-193.345,5.4,0.0,1000.0,TURNING_AROUND,load_zone_26,dump_zone_3,0.000256,0.000686
355.0,2026-07-02T13:03:20.880,2,658.409,-104.791,15.211,1.0,0.0,GOING_TO_ENDPOINT,dump_zone_3,load_zone_26,0.000309,0.000828
355.0,2026-07-02T13:03:20.880,3,-100.737,451.736,0.0,-0.5,1000.0,RETURNING_TO_START,load_zone_22,dump_zone_22,0.00025,0.00067
356.0,2026-07-02T13:03:21.677,1,704.913,-193.299,7.2,0.0,1000.0,TURNING_AROUND,load_zone_26,dump_zone_3,0.000258,0.000691
356.0,2026-07-02T13:03:21.677,2,661.745,-108.196,18.811,1.0,0.0,GOING_TO_ENDPOINT,dump_zone_3,load_zone_26,0.000323,0.000866
356.0,2026-07-02T13:03:21.677,3,-100.737,451.736,0.0,-0.5,1000.0,RETURNING_TO_START,load_zone_22,dump_zone_22,0.00025,0.00067
357.0,2026-07-02T13:03:22.884,1,706.535,-192.164,7.2,0.0,1000.0,TURNING_AROUND,load_zone_26,dump_zone_3,0.000258,0.000691
357.0,2026-07-02T13:03:22.884,2,665.815,-112.282,22.411,1.0,0.0,GOING_TO_ENDPOINT,dump_zone_3,load_zone_26,0.000337,0.000903
357.0,2026-07-02T13:03:22.884,3,-100.737,451.736,0.0,-0.5,1000.0,RETURNING_TO_START,load_zone_22,dump_zone_22,0.00025,0.00067
358.0,2026-07-02T13:03:24.187,1,706.515,-192.534,5.4,0.0,1000.0,TURNING_AROUND,load_zone_26,dump_zone_3,0.000256,0.000686
358.0,2026-07-02T13:03:24.187,2,670.6,-117.065,25.986,0.9167,0.0,GOING_TO_ENDPOINT,dump_zone_3,load_zone_26,0.000343,0.000919
358.0,2026-07-02T13:03:24.187,3,-100.737,451.736,0.0,-0.5,1000.0,RETURNING_TO_START,load_zone_22,dump_zone_22,0.00025,0.00067
359.0,2026-07-02T13:03:25.769,1,706.449,-192.769,0.15,0.25,1000.0,RETURNING_TO_START,load_zone_26,dump_zone_3,0.00025,0.00067
359.0,2026-07-02T13:03:25.769,2,676.039,-122.503,28.811,0.4167,0.0,GOING_TO_ENDPOINT,dump_zone_3,load_zone_26,0.000307,0.000823
359.0,2026-07-02T13:03:25.769,3,-100.737,451.736,0.0,-0.5,1000.0,RETURNING_TO_START,load_zone_22,dump_zone_22,0.00025,0.00067
360.0,2026-07-02T13:03:27.028,1,706.429,-192.388,2.85,1.0,1000.0,RETURNING_TO_START,load_zone_26,dump_zone_3,0.000268,0.000718
360.0,2026-07-02T13:03:27.028,2,681.709,-128.173,28.386,-0.5,0.0,GOING_TO_ENDPOINT,dump_zone_3,load_zone_26,0.00025,0.00067
360.0,2026-07-02T13:03:27.028,3,-100.737,451.736,0.0,-0.5,1000.0,RETURNING_TO_START,load_zone_22,dump_zone_22,0.00025,0.00067
361.0,2026-07-02T13:03:28.432,1,706.069,-191.111,6.45,1.0,1000.0,RETURNING_TO_START,load_zone_26,dump_zone_3,0.000292,0.000783
361.0,2026-07-02T13:03:28.432,2,687.093,-133.558,26.586,-0.5,0.0,GOING_TO_ENDPOINT,dump_zone_3,load_zone_26,0.00025,0.00067
361.0,2026-07-02T13:03:28.432,3,-100.737,451.736,0.0,-0.5,1000.0,RETURNING_TO_START,load_zone_22,dump_zone_22,0.00025,0.00067
362.0,2026-07-02T13:03:30.087,1,704.559,-189.358,10.05,1.0,1000.0,RETURNING_TO_START,load_zone_26,dump_zone_3,0.000315,0.000844
362.0,2026-07-02T13:03:30.087,2,692.124,-138.588,24.786,-0.5,0.0,GOING_TO_ENDPOINT,dump_zone_3,load_zone_26,0.00025,0.00067
362.0,2026-07-02T13:03:30.087,3,-100.737,451.736,0.0,-0.5,1000.0,RETURNING_TO_START,load_zone_22,dump_zone_22,0.00025,0.00067
363.0,2026-07-02T13:04:01.253,1,702.047,-187.168,13.65,1.0,1000.0,RETURNING_TO_START,load_zone_26,dump_zone_3,0.000338,0.000906
363.0,2026-07-02T13:04:01.253,2,696.801,-143.264,22.986,-0.5,0.0,GOING_TO_ENDPOINT,dump_zone_3,load_zone_26,0.00025,0.00067
363.0,2026-07-02T13:04:01.253,3,-100.737,451.736,0.0,-0.5,1000.0,RETURNING_TO_START,load_zone_22,dump_zone_22,0.00025,0.00067
364.0,2026-07-02T13:04:05.071,1,699.135,-183.991,17.25,1.0,1000.0,RETURNING_TO_START,load_zone_26,dump_zone_3,0.000361,0.000967
364.0,2026-07-02T13:04:05.071,2,701.096,-147.615,21.186,-0.5,0.0,GOING_TO_ENDPOINT,dump_zone_3,load_zone_26,0.00025,0.00067
364.0,2026-07-02T13:04:05.071,3,-100.737,451.736,0.0,-0.5,1000.0,RETURNING_TO_START,load_zone_22,dump_zone_22,0.00025,0.00067
365.0,2026-07-02T13:04:09.065,1,697.55,-179.053,19.725,0.25,1000.0,RETURNING_TO_START,load_zone_26,dump_zone_3,0.000297,0.000796
365.0,2026-07-02T13:04:09.065,2,703.434,-152.424,19.411,-0.4167,0.0,GOING_TO_ENDPOINT,dump_zone_3,load_zone_26,0.00025,0.00067
365.0,2026-07-02T13:04:09.065,3,-100.737,451.736,0.0,-0.5,1000.0,RETURNING_TO_START,load_zone_22,dump_zone_22,0.00025,0.00067
366.0,2026-07-02T13:04:12.607,1,697.473,-173.646,18.825,-0.5,1000.0,RETURNING_TO_START,load_zone_26,dump_zone_3,0.00025,0.00067
366.0,2026-07-02T13:04:12.607,2,702.142,-157.525,18.486,-0.5,0.0,GOING_TO_ENDPOINT,dump_zone_3,load_zone_26,0.00025,0.00067
366.0,2026-07-02T13:04:12.607,3,-100.737,451.736,0.0,-0.5,1000.0,RETURNING_TO_START,load_zone_22,dump_zone_22,0.00025,0.00067
367.0,2026-07-02T13:04:15.434,1,697.501,-168.688,17.025,-0.5,1000.0,RETURNING_TO_START,load_zone_26,dump_zone_3,0.00025,0.00067
367.0,2026-07-02T13:04:15.434,2,702.387,-162.533,18.036,-0.0833,0.0,GOING_TO_ENDPOINT,dump_zone_3,load_zone_26,0.000257,0.000689
367.0,2026-07-02T13:04:15.434,3,-100.737,451.736,0.0,-0.5,1000.0,RETURNING_TO_START,load_zone_22,dump_zone_22,0.00025,0.00067
368.0,2026-07-02T13:04:18.167,1,697.501,-164.23,15.225,-0.5,1000.0,RETURNING_TO_START,load_zone_26,dump_zone_3,0.00025,0.00067
368.0,2026-07-02T13:04:18.167,2,702.502,-167.519,17.686,-0.4167,0.0,GOING_TO_ENDPOINT,dump_zone_3,load_zone_26,0.00025,0.00067
368.0,2026-07-02T13:04:18.167,3,-100.737,451.736,0.0,-0.5,1000.0,RETURNING_TO_START,load_zone_22,dump_zone_22,0.00025,0.00067
369.0,2026-07-02T13:04:21.895,1,697.5,-160.272,13.425,-0.5,1000.0,RETURNING_TO_START,load_zone_26,dump_zone_3,0.00025,0.00067
369.0,2026-07-02T13:04:21.895,2,702.503,-172.161,15.886,-0.5,0.0,GOING_TO_ENDPOINT,dump_zone_3,load_zone_26,0.00025,0.00067
369.0,2026-07-02T13:04:21.895,3,-100.737,451.736,0.0,-0.5,1000.0,RETURNING_TO_START,load_zone_22,dump_zone_22,0.00025,0.00067
370.0,2026-07-02T13:04:24.451,1,697.5,-156.813,11.625,-0.5,1000.0,RETURNING_TO_START,load_zone_26,dump_zone_3,0.00025,0.00067
370.0,2026-07-02T13:04:24.451,2,702.5,-176.303,14.086,-0.5,0.0,GOING_TO_ENDPOINT,dump_zone_3,load_zone_26,0.00025,0.00067
370.0,2026-07-02T13:04:24.451,3,-100.737,451.736,0.0,-0.5,1000.0,RETURNING_TO_START,load_zone_22,dump_zone_22,0.00025,0.00067
371.0,2026-07-02T13:04:26.791,1,697.5,-153.855,9.825,-0.5,1000.0,RETURNING_TO_START,load_zone_26,dump_zone_3,0.00025,0.00067
371.0,2026-07-02T13:04:26.791,2,702.5,-179.944,12.286,-0.5,0.0,GOING_TO_ENDPOINT,dump_zone_3,load_zone_26,0.00025,0.00067
371.0,2026-07-02T13:04:26.791,3,-100.737,451.736,0.0,-0.5,1000.0,RETURNING_TO_START,load_zone_22,dump_zone_22,0.00025,0.00067
372.0,2026-07-02T13:04:29.752,1,697.464,-151.398,8.025,-0.5,1000.0,RETURNING_TO_START,load_zone_26,dump_zone_3,0.00025,0.00067
372.0,2026-07-02T13:04:29.752,2,702.5,-183.086,10.486,-0.5,0.0,GOING_TO_ENDPOINT,dump_zone_3,load_zone_26,0.00025,0.00067
372.0,2026-07-02T13:04:29.752,3,-100.737,451.736,0.0,-0.5,1000.0,RETURNING_TO_START,load_zone_22,dump_zone_22,0.00025,0.00067
373.0,2026-07-02T13:04:32.016,1,696.729,-149.504,7.35,0.25,1000.0,RETURNING_TO_START,load_zone_26,dump_zone_3,0.000268,0.000718
373.0,2026-07-02T13:04:32.016,2,702.5,-185.728,8.686,-0.5,0.0,GOING_TO_ENDPOINT,dump_zone_3,load_zone_26,0.00025,0.00067
373.0,2026-07-02T13:04:32.016,3,-100.737,451.736,0.0,-0.5,1000.0,RETURNING_TO_START,load_zone_22,dump_zone_22,0.00025,0.00067
374.0,2026-07-02T13:04:34.364,1,695.08,-147.79,10.05,1.0,1000.0,RETURNING_TO_START,load_zone_26,dump_zone_3,0.000315,0.000844
374.0,2026-07-02T13:04:34.364,2,702.5,-187.87,6.886,-0.5,0.0,GOING_TO_ENDPOINT,dump_zone_3,load_zone_26,0.00025,0.00067
374.0,2026-07-02T13:04:34.364,3,-100.737,451.736,0.0,-0.5,1000.0,RETURNING_TO_START,load_zone_22,dump_zone_22,0.00025,0.00067
375.0,2026-07-02T13:04:36.576,1,692.549,-145.62,13.65,1.0,1000.0,RETURNING_TO_START,load_zone_26,dump_zone_3,0.000338,0.000906
375.0,2026-07-02T13:04:36.576,2,702.488,-189.512,5.086,-0.5,0.0,GOING_TO_ENDPOINT,dump_zone_3,load_zone_26,0.00025,0.00067
375.0,2026-07-02T13:04:36.576,3,-100.737,451.736,0.0,-0.5,1000.0,RETURNING_TO_START,load_zone_22,dump_zone_22,0.00025,0.00067
376.0,2026-07-02T13:04:38.218,1,689.307,-142.746,17.25,1.0,1000.0,RETURNING_TO_START,load_zone_26,dump_zone_3,0.000361,0.000967
376.0,2026-07-02T13:04:38.218,2,702.608,-190.644,3.286,-0.5,0.0,LOADING,dump_zone_3,load_zone_26,0.00025,0.00067
376.0,2026-07-02T13:04:38.218,3,-100.737,451.736,0.0,-0.5,1000.0,RETURNING_TO_START,load_zone_22,dump_zone_22,0.00025,0.00067
377.0,2026-07-02T13:04:41.175,1,685.486,-139.026,20.825,0.9167,1000.0,RETURNING_TO_START,load_zone_26,dump_zone_3,0.000375,0.001005
377.0,2026-07-02T13:04:41.175,2,702.811,-191.252,1.486,-0.5,0.0,LOADING,dump_zone_3,load_zone_26,0.00025,0.00067
377.0,2026-07-02T13:04:41.175,3,-100.737,451.736,0.0,-0.5,1000.0,RETURNING_TO_START,load_zone_22,dump_zone_22,0.00025,0.00067
378.0,2026-07-02T13:04:44.011,1,681.042,-134.579,24.1,0.75,1000.0,RETURNING_TO_START,load_zone_26,dump_zone_3,0.000373,0.001
378.0,2026-07-02T13:04:44.011,2,702.874,-191.392,0.0,-0.5,0.0,LOADING,dump_zone_3,load_zone_26,0.00025,0.00067
378.0,2026-07-02T13:04:44.011,3,-100.737,451.736,0.0,-0.5,1000.0,RETURNING_TO_START,load_zone_22,dump_zone_22,0.00025,0.00067
379.0,2026-07-02T13:04:45.492,1,676.171,-129.706,24.85,-0.25,1000.0,RETURNING_TO_START,load_zone_26,dump_zone_3,0.00025,0.00067
379.0,2026-07-02T13:04:45.492,2,702.95,-191.54,7.2,0.0,1000.0,TURNING_AROUND,load_zone_26,dump_zone_3,0.000258,0.000691
379.0,2026-07-02T13:04:45.492,3,-100.737,451.736,0.0,-0.5,1000.0,RETURNING_TO_START,load_zone_22,dump_zone_22,0.00025,0.00067
380.0,2026-07-02T13:04:47.241,1,671.467,-125.003,23.125,-0.5,1000.0,RETURNING_TO_START,load_zone_26,dump_zone_3,0.00025,0.00067
380.0,2026-07-02T13:04:47.241,2,704.295,-192.992,7.2,0.0,1000.0,TURNING_AROUND,load_zone_26,dump_zone_3,0.000258,0.000691
380.0,2026-07-02T13:04:47.241,3,-100.737,451.736,0.0,-0.5,1000.0,RETURNING_TO_START,load_zone_22,dump_zone_22,0.00025,0.00067
381.0,2026-07-02T13:04:48.776,1,667.116,-120.652,21.325,-0.5,1000.0,RETURNING_TO_START,load_zone_26,dump_zone_3,0.00025,0.00067
381.0,2026-07-02T13:04:48.776,2,704.466,-193.25,5.4,0.0,1000.0,TURNING_AROUND,load_zone_26,dump_zone_3,0.000256,0.000686
381.0,2026-07-02T13:04:48.776,3,-100.737,451.736,0.0,-0.5,1000.0,RETURNING_TO_START,load_zone_22,dump_zone_22,0.00025,0.00067
382.0,2026-07-02T13:04:50.164,1,663.119,-116.655,19.525,-0.5,1000.0,RETURNING_TO_START,load_zone_26,dump_zone_3,0.00025,0.00067
382.0,2026-07-02T13:04:50.164,2,704.699,-193.039,7.2,0.0,1000.0,TURNING_AROUND,load_zone_26,dump_zone_3,0.000258,0.000691
382.0,2026-07-02T13:04:50.164,3,-100.737,451.736,0.0,-0.5,1000.0,RETURNING_TO_START,load_zone_22,dump_zone_22,0.00025,0.00067
383.0,2026-07-02T13:04:52.474,1,659.476,-113.011,17.725,-0.5,1000.0,RETURNING_TO_START,load_zone_26,dump_zone_3,0.00025,0.00067
383.0,2026-07-02T13:04:52.474,2,706.385,-192.002,7.2,0.0,1000.0,TURNING_AROUND,load_zone_26,dump_zone_3,0.000258,0.000691
383.0,2026-07-02T13:04:52.474,3,-100.737,451.736,0.0,-0.5,1000.0,RETURNING_TO_START,load_zone_22,dump_zone_22,0.00025,0.00067
384.0,2026-07-02T13:04:54.023,1,656.186,-109.721,15.925,-0.5,1000.0,RETURNING_TO_START,load_zone_26,dump_zone_3,0.00025,0.00067
384.0,2026-07-02T13:04:54.023,2,705.771,-193.039,5.4,0.0,1000.0,TURNING_AROUND,load_zone_26,dump_zone_3,0.000256,0.000686
384.0,2026-07-02T13:04:54.023,3,-100.737,451.736,0.0,-0.5,1000.0,RETURNING_TO_START,load_zone_22,dump_zone_22,0.00025,0.00067
385.0,2026-07-02T13:04:55.689,1,653.249,-106.785,14.125,-0.5,1000.0,RETURNING_TO_START,load_zone_26,dump_zone_3,0.00025,0.00067
385.0,2026-07-02T13:04:55.689,2,705.868,-192.675,0.025,0.0833,1000.0,RETURNING_TO_START,load_zone_26,dump_zone_3,0.00025,0.00067
385.0,2026-07-02T13:04:55.689,3,-100.737,451.736,0.0,-0.5,1000.0,RETURNING_TO_START,load_zone_22,dump_zone_22,0.00025,0.00067
386.0,2026-07-02T13:04:58.141,1,650.667,-104.202,12.325,-0.5,1000.0,RETURNING_TO_START,load_zone_26,dump_zone_3,0.00025,0.00067
386.0,2026-07-02T13:04:58.141,2,705.86,-192.414,2.25,1.0,1000.0,RETURNING_TO_START,load_zone_26,dump_zone_3,0.000265,0.00071
386.0,2026-07-02T13:04:58.141,3,-100.737,451.736,0.0,-0.5,1000.0,RETURNING_TO_START,load_zone_22,dump_zone_22,0.00025,0.00067
387.0,2026-07-02T13:05:01.433,1,648.306,-102.136,10.525,-0.5,1000.0,RETURNING_TO_START,load_zone_26,dump_zone_3,0.00025,0.00067
387.0,2026-07-02T13:05:01.433,2,705.606,-191.279,5.85,1.0,1000.0,RETURNING_TO_START,load_zone_26,dump_zone_3,0.000288,0.000772
387.0,2026-07-02T13:05:01.433,3,-100.737,451.736,0.0,-0.5,1000.0,RETURNING_TO_START,load_zone_22,dump_zone_22,0.00025,0.00067
388.0,2026-07-02T13:05:04.485,1,645.557,-101.67,10.375,0.4167,1000.0,RETURNING_TO_START,load_zone_26,dump_zone_3,0.000284,0.000761
388.0,2026-07-02T13:05:04.485,2,704.337,-189.549,9.45,1.0,1000.0,RETURNING_TO_START,load_zone_26,dump_zone_3,0.000311,0.000833
388.0,2026-07-02T13:05:04.485,3,-100.737,451.736,0.0,-0.5,1000.0,RETURNING_TO_START,load_zone_22,dump_zone_22,0.00025,0.00067
389.0,2026-07-02T13:05:07.594,1,642.273,-101.959,13.45,1.0,1000.0,RETURNING_TO_START,load_zone_26,dump_zone_3,0.000337,0.000903
389.0,2026-07-02T13:05:07.594,2,701.962,-187.456,13.05,1.0,1000.0,RETURNING_TO_START,load_zone_26,dump_zone_3,0.000334,0.000895
389.0,2026-07-02T13:05:07.594,3,-100.737,451.736,0.0,-0.5,1000.0,RETURNING_TO_START,load_zone_22,dump_zone_22,0.00025,0.00067
390.0,2026-07-02T13:05:11.063,1,638.012,-102.335,17.05,1.0,1000.0,RETURNING_TO_START,load_zone_26,dump_zone_3,0.00036,0.000965
390.0,2026-07-02T13:05:11.063,2,699.191,-184.367,16.65,1.0,1000.0,RETURNING_TO_START,load_zone_26,dump_zone_3,0.000357,0.000957
390.0,2026-07-02T13:05:11.063,3,-100.737,451.736,0.0,-0.5,1000.0,RETURNING_TO_START,load_zone_22,dump_zone_22,0.00025,0.00067
391.0,2026-07-02T13:05:15.453,1,632.824,-102.495,19.63,0.3084,1000.0,RETURNING_TO_START,load_zone_26,dump_zone_3,0.000303,0.000812
391.0,2026-07-02T13:05:15.453,2,697.58,-179.606,19.125,0.25,1000.0,RETURNING_TO_START,load_zone_26,dump_zone_3,0.000296,0.000793
391.0,2026-07-02T13:05:15.453,3,-100.737,451.736,0.0,-0.5,1000.0,RETURNING_TO_START,load_zone_22,dump_zone_22,0.00025,0.00067
392.0,2026-07-02T13:05:17.885,1,627.412,-102.505,18.888,-0.5,1000.0,RETURNING_TO_START,load_zone_26,dump_zone_3,0.00025,0.00067
392.0,2026-07-02T13:05:17.885,2,697.454,-174.368,18.225,-0.5,1000.0,RETURNING_TO_START,load_zone_26,dump_zone_3,0.00025,0.00067
392.0,2026-07-02T13:05:17.885,3,-100.737,451.736,0.0,-0.5,1000.0,RETURNING_TO_START,load_zone_22,dump_zone_22,0.00025,0.00067
393.0,2026-07-02T13:05:21.327,1,622.436,-102.5,17.088,-0.5,1000.0,RETURNING_TO_START,load_zone_26,dump_zone_3,0.00025,0.00067
393.0,2026-07-02T13:05:21.327,2,697.495,-169.576,16.425,-0.5,1000.0,RETURNING_TO_START,load_zone_26,dump_zone_3,0.00025,0.00067
393.0,2026-07-02T13:05:21.327,3,-100.737,451.736,0.0,-0.5,1000.0,RETURNING_TO_START,load_zone_22,dump_zone_22,0.00025,0.00067
394.0,2026-07-02T13:05:24.770,1,617.955,-102.5,15.388,-0.4167,1000.0,RETURNING_TO_START,load_zone_26,dump_zone_3,0.00025,0.00067
394.0,2026-07-02T13:05:24.770,2,697.501,-165.275,14.723,-0.4669,1000.0,RETURNING_TO_START,load_zone_26,dump_zone_3,0.00025,0.00067
394.0,2026-07-02T13:05:24.770,3,-100.737,451.736,0.0,-0.5,1000.0,RETURNING_TO_START,load_zone_22,dump_zone_22,0.00025,0.00067
395.0,2026-07-02T13:05:28.129,1,613.952,-102.5,13.59,-0.5,1000.0,RETURNING_TO_START,load_zone_26,dump_zone_3,0.00025,0.00067
395.0,2026-07-02T13:05:28.129,2,697.5,-161.456,12.923,-0.5,1000.0,RETURNING_TO_START,load_zone_26,dump_zone_3,0.00025,0.00067
395.0,2026-07-02T13:05:28.129,3,-100.737,451.736,0.0,-0.5,1000.0,RETURNING_TO_START,load_zone_22,dump_zone_22,0.00025,0.00067
396.0,2026-07-02T13:05:31.797,1,610.447,-102.5,11.79,-0.5,1000.0,RETURNING_TO_START,load_zone_26,dump_zone_3,0.00025,0.00067
396.0,2026-07-02T13:05:31.797,2,697.5,-158.138,11.123,-0.5,1000.0,RETURNING_TO_START,load_zone_26,dump_zone_3,0.00025,0.00067
396.0,2026-07-02T13:05:31.797,3,-100.737,451.736,0.0,-0.5,1000.0,RETURNING_TO_START,load_zone_22,dump_zone_22,0.00025,0.00067
397.0,2026-07-02T13:05:35.480,1,607.41,-102.5,10.36,-0.1725,1000.0,RETURNING_TO_START,load_zone_26,dump_zone_3,0.000251,0.000673
397.0,2026-07-02T13:05:35.480,2,697.5,-155.319,9.323,-0.5,1000.0,RETURNING_TO_START,load_zone_26,dump_zone_3,0.00025,0.00067
397.0,2026-07-02T13:05:35.480,3,-100.737,451.736,0.0,-0.5,1000.0,RETURNING_TO_START,load_zone_22,dump_zone_22,0.00025,0.00067
398.0,2026-07-02T13:05:37.977,1,604.604,-102.5,9.519,-0.5,1000.0,RETURNING_TO_START,load_zone_26,dump_zone_3,0.00025,0.00067
398.0,2026-07-02T13:05:37.977,2,697.502,-152.996,7.544,-0.5,1000.0,RETURNING_TO_START,load_zone_26,dump_zone_3,0.00025,0.00067
398.0,2026-07-02T13:05:37.977,3,-100.737,451.736,0.0,-0.5,1000.0,RETURNING_TO_START,load_zone_22,dump_zone_22,0.00025,0.00067
399.0,2026-07-02T13:05:42.356,1,602.23,-102.491,7.719,-0.5,1000.0,RETURNING_TO_START,load_zone_26,dump_zone_3,0.00025,0.00067
399.0,2026-07-02T13:05:42.356,2,697.382,-151.179,5.744,-0.5,1000.0,RETURNING_TO_START,load_zone_26,dump_zone_3,0.00025,0.00067
399.0,2026-07-02T13:05:42.356,3,-100.737,451.736,0.0,-0.5,1000.0,RETURNING_TO_START,load_zone_22,dump_zone_22,0.00025,0.00067
400.0,2026-07-02T13:05:45.577,1,600.31,-102.194,6.846,0.1437,1000.0,RETURNING_TO_START,load_zone_26,dump_zone_3,0.000263,0.000705
400.0,2026-07-02T13:05:45.577,2,696.872,-149.885,4.744,0.0833,1000.0,RETURNING_TO_START,load_zone_26,dump_zone_3,0.000257,0.000689
400.0,2026-07-02T13:05:45.577,3,-100.737,451.736,0.0,-0.5,1000.0,RETURNING_TO_START,load_zone_22,dump_zone_22,0.00025,0.00067
401.0,2026-07-02T13:05:48.110,1,598.569,-100.931,9.013,0.6437,1000.0,RETURNING_TO_START,load_zone_26,dump_zone_3,0.000291,0.00078
401.0,2026-07-02T13:05:48.110,2,695.871,-148.677,6.969,1.0,1000.0,RETURNING_TO_START,load_zone_26,dump_zone_3,0.000295,0.000791
401.0,2026-07-02T13:05:48.110,3,-100.737,451.736,0.0,-0.5,1000.0,RETURNING_TO_START,load_zone_22,dump_zone_22,0.00025,0.00067
402.0,2026-07-02T13:05:50.452,1,597.531,-98.53,9.381,-0.3563,1000.0,RETURNING_TO_START,load_zone_26,dump_zone_3,0.00025,0.00067
402.0,2026-07-02T13:05:50.452,2,694.041,-147.007,10.569,1.0,1000.0,RETURNING_TO_START,load_zone_26,dump_zone_3,0.000318,0.000852
402.0,2026-07-02T13:05:50.452,3,-100.737,451.736,0.0,-0.5,1000.0,RETURNING_TO_START,load_zone_22,dump_zone_22,0.00025,0.00067
403.0,2026-07-02T13:05:52.343,1,597.357,-96.005,9.448,0.477,1000.0,RETURNING_TO_START,load_zone_26,dump_zone_3,0.000284,0.000761
403.0,2026-07-02T13:05:52.343,2,691.427,-144.713,14.169,1.0,1000.0,RETURNING_TO_START,load_zone_26,dump_zone_3,0.000341,0.000914
403.0,2026-07-02T13:05:52.343,3,-100.737,451.736,0.0,-0.5,1000.0,RETURNING_TO_START,load_zone_22,dump_zone_22,0.00025,0.00067
404.0,2026-07-02T13:05:53.716,1,597.377,-92.941,12.631,1.0,1000.0,RETURNING_TO_START,load_zone_26,dump_zone_3,0.000331,0.000887
404.0,2026-07-02T13:05:53.716,2,688.149,-141.664,17.769,1.0,1000.0,RETURNING_TO_START,load_zone_26,dump_zone_3,0.000365,0.000978
404.0,2026-07-02T13:05:53.716,3,-100.737,451.736,0.0,-0.5,1000.0,RETURNING_TO_START,load_zone_22,dump_zone_22,0.00025,0.00067
405.0,2026-07-02T13:05:55.786,1,597.463,-88.892,16.231,1.0,1000.0,RETURNING_TO_START,load_zone_26,dump_zone_3,0.000355,0.000951
405.0,2026-07-02T13:05:55.786,2,684.263,-137.805,21.344,0.9167,1000.0,RETURNING_TO_START,load_zone_26,dump_zone_3,0.000378,0.001013
405.0,2026-07-02T13:05:55.786,3,-100.737,451.736,0.0,-0.5,1000.0,RETURNING_TO_START,load_zone_22,dump_zone_22,0.00025,0.00067
406.0,2026-07-02T13:05:58.436,1,597.502,-83.841,19.831,1.0,1000.0,RETURNING_TO_START,load_zone_26,dump_zone_3,0.000378,0.001013
406.0,2026-07-02T13:05:58.436,2,679.766,-133.302,23.89,0.3635,1000.0,RETURNING_TO_START,load_zone_26,dump_zone_3,0.000322,0.000863
406.0,2026-07-02T13:05:58.436,3,-100.737,451.736,0.0,-0.5,1000.0,RETURNING_TO_START,load_zone_22,dump_zone_22,0.00025,0.00067
407.0,2026-07-02T13:06:00.500,1,597.501,-77.797,23.281,0.75,1000.0,RETURNING_TO_START,load_zone_26,dump_zone_3,0.000369,0.000989
407.0,2026-07-02T13:06:00.500,2,675.082,-128.618,23.305,-0.5,1000.0,RETURNING_TO_START,load_zone_26,dump_zone_3,0.00025,0.00067
407.0,2026-07-02T13:06:00.500,3,-100.737,451.736,0.0,-0.5,1000.0,RETURNING_TO_START,load_zone_22,dump_zone_22,0.00025,0.00067
408.0,2026-07-02T13:06:02.871,1,597.5,-71.134,24.031,-0.25,1000.0,RETURNING_TO_START,load_zone_26,dump_zone_3,0.00025,0.00067
408.0,2026-07-02T13:06:02.871,2,670.696,-124.232,21.505,-0.5,1000.0,RETURNING_TO_START,load_zone_26,dump_zone_3,0.00025,0.00067
408.0,2026-07-02T13:06:02.871,3,-100.737,451.736,0.0,-0.5,1000.0,RETURNING_TO_START,load_zone_22,dump_zone_22,0.00025,0.00067
409.0,2026-07-02T13:06:04.895,1,597.5,-64.687,22.518,-0.4167,1000.0,RETURNING_TO_START,load_zone_26,dump_zone_3,0.00025,0.00067
409.0,2026-07-02T13:06:04.895,2,666.664,-120.199,19.705,-0.5,1000.0,RETURNING_TO_START,load_zone_26,dump_zone_3,0.00025,0.00067
409.0,2026-07-02T13:06:04.895,3,-100.737,451.736,0.0,-0.5,1000.0,RETURNING_TO_START,load_zone_22,dump_zone_22,0.00025,0.00067
410.0,2026-07-02T13:06:06.858,1,597.5,-58.541,22.118,0.25,1000.0,RETURNING_TO_START,load_zone_26,dump_zone_3,0.000303,0.000812
410.0,2026-07-02T13:06:06.858,2,662.985,-116.52,17.905,-0.5,1000.0,RETURNING_TO_START,load_zone_26,dump_zone_3,0.00025,0.00067
410.0,2026-07-02T13:06:06.858,3,-100.737,451.736,0.0,-0.5,1000.0,RETURNING_TO_START,load_zone_22,dump_zone_22,0.00025,0.00067
411.0,2026-07-02T13:06:08.959,1,597.5,-52.137,23.818,0.4167,1000.0,RETURNING_TO_START,load_zone_26,dump_zone_3,0.000329,0.000882
411.0,2026-07-02T13:06:08.959,2,659.659,-113.195,16.105,-0.5,1000.0,RETURNING_TO_START,load_zone_26,dump_zone_3,0.00025,0.00067
411.0,2026-07-02T13:06:08.959,3,-100.737,451.736,0.0,-0.5,1000.0,RETURNING_TO_START,load_zone_22,dump_zone_22,0.00025,0.00067
412.0,2026-07-02T13:06:10.966,1,597.5,-45.503,23.448,-0.3914,1000.0,RETURNING_TO_START,load_zone_26,dump_zone_3,0.00025,0.00067
412.0,2026-07-02T13:06:10.966,2,656.687,-110.223,14.305,-0.5,1000.0,RETURNING_TO_START,load_zone_26,dump_zone_3,0.00025,0.00067
412.0,2026-07-02T13:06:10.966,3,-100.737,451.736,0.0,-0.5,1000.0,RETURNING_TO_START,load_zone_22,dump_zone_22,0.00025,0.00067
413.0,2026-07-02T13:06:12.908,1,597.5,-39.131,22.94,0.2753,1000.0,RETURNING_TO_START,load_zone_26,dump_zone_3,0.000308,0.000825
413.0,2026-07-02T13:06:12.908,2,654.069,-107.605,12.505,-0.5,1000.0,RETURNING_TO_START,load_zone_26,dump_zone_3,0.00025,0.00067
413.0,2026-07-02T13:06:12.908,3,-100.737,451.736,0.0,-0.5,1000.0,RETURNING_TO_START,load_zone_22,dump_zone_22,0.00025,0.00067
414.0,2026-07-02T13:06:14.827,1,597.5,-32.739,22.768,-0.0806,1000.0,RETURNING_TO_START,load_zone_26,dump_zone_3,0.000264,0.000708
414.0,2026-07-02T13:06:14.827,2,651.804,-105.34,10.705,-0.5,1000.0,RETURNING_TO_START,load_zone_26,dump_zone_3,0.00025,0.00067
414.0,2026-07-02T13:06:14.827,3,-100.737,451.736,0.0,-0.5,1000.0,RETURNING_TO_START,load_zone_22,dump_zone_22,0.00025,0.00067
415.0,2026-07-02T13:06:16.841,1,597.5,-26.359,23.376,0.4779,1000.0,RETURNING_TO_START,load_zone_26,dump_zone_3,0.000335,0.000898
415.0,2026-07-02T13:06:16.841,2,649.898,-103.424,8.905,-0.5,1000.0,RETURNING_TO_START,load_zone_26,dump_zone_3,0.00025,0.00067
415.0,2026-07-02T13:06:16.841,3,-100.737,451.736,0.0,-0.5,1000.0,RETURNING_TO_START,load_zone_22,dump_zone_22,0.00025,0.00067
416.0,2026-07-02T13:06:19.020,1,597.5,-19.599,24.716,0.0048,1000.0,RETURNING_TO_START,load_zone_26,dump_zone_3,0.000277,0.000742
416.0,2026-07-02T13:06:19.020,2,648.123,-102.139,7.255,-0.25,1000.0,RETURNING_TO_START,load_zone_26,dump_zone_3,0.00025,0.00067
416.0,2026-07-02T13:06:19.020,3,-100.737,451.736,0.0,-0.5,1000.0,RETURNING_TO_START,load_zone_22,dump_zone_22,0.00025,0.00067
417.0,2026-07-02T13:06:20.914,1,597.5,-12.867,23.557,-0.5,1000.0,RETURNING_TO_START,load_zone_26,dump_zone_3,0.00025,0.00067
417.0,2026-07-02T13:06:20.914,2,646.069,-101.841,8.305,0.75,1000.0,RETURNING_TO_START,load_zone_26,dump_zone_3,0.000292,0.000783
417.0,2026-07-02T13:06:20.914,3,-100.737,451.736,0.0,-0.5,1000.0,RETURNING_TO_START,load_zone_22,dump_zone_22,0.00025,0.00067
418.0,2026-07-02T13:06:22.956,1,597.5,-6.43,23.357,0.25,1000.0,RETURNING_TO_START,load_zone_26,dump_zone_3,0.000306,0.00082
418.0,2026-07-02T13:06:22.956,2,643.246,-102.0,11.83,1.0,1000.0,RETURNING_TO_START,load_zone_26,dump_zone_3,0.000326,0.000874
418.0,2026-07-02T13:06:22.956,3,-100.737,451.736,0.0,-0.5,1000.0,RETURNING_TO_START,load_zone_22,dump_zone_22,0.00025,0.00067
419.0,2026-07-02T13:06:24.706,1,597.5,0.023,23.057,0.0833,1000.0,RETURNING_TO_START,load_zone_26,dump_zone_3,0.000285,0.000764
419.0,2026-07-02T13:06:24.706,2,639.428,-102.269,15.43,1.0,1000.0,RETURNING_TO_START,load_zone_26,dump_zone_3,0.000349,0.000935
419.0,2026-07-02T13:06:24.706,3,-100.737,451.736,0.0,-0.5,1000.0,RETURNING_TO_START,load_zone_22,dump_zone_22,0.00025,0.00067
420.0,2026-07-02T13:06:27.312,1,597.5,6.393,22.745,0.0466,1000.0,RETURNING_TO_START,load_zone_26,dump_zone_3,0.00028,0.00075
420.0,2026-07-02T13:06:27.312,2,634.605,-102.472,19.005,0.9167,1000.0,RETURNING_TO_START,load_zone_26,dump_zone_3,0.000364,0.000976
420.0,2026-07-02T13:06:27.312,3,-100.737,451.736,0.0,-0.5,1000.0,RETURNING_TO_START,load_zone_22,dump_zone_22,0.00025,0.00067
421.0,2026-07-02T13:06:30.341,1,597.5,12.89,24.263,0.4632,1000.0,RETURNING_TO_START,load_zone_26,dump_zone_3,0.000336,0.0009
421.0,2026-07-02T13:06:30.341,2,629.04,-102.503,20.355,-0.0833,1000.0,RETURNING_TO_START,load_zone_26,dump_zone_3,0.000262,0.000702
421.0,2026-07-02T13:06:30.341,3,-100.737,451.736,0.0,-0.5,1000.0,RETURNING_TO_START,load_zone_22,dump_zone_22,0.00025,0.00067
422.0,2026-07-02T13:06:33.522,1,597.5,19.671,24.031,-0.3701,1000.0,RETURNING_TO_START,load_zone_26,dump_zone_3,0.00025,0.00067
422.0,2026-07-02T13:06:33.522,2,623.593,-102.5,18.805,-0.5,1000.0,RETURNING_TO_START,load_zone_26,dump_zone_3,0.00025,0.00067
422.0,2026-07-02T13:06:33.522,3,-100.737,451.736,0.0,-0.5,1000.0,RETURNING_TO_START,load_zone_22,dump_zone_22,0.00025,0.00067
423.0,2026-07-02T13:06:35.940,1,597.5,26.177,22.898,-0.3701,1000.0,RETURNING_TO_START,load_zone_26,dump_zone_3,0.00025,0.00067
423.0,2026-07-02T13:06:35.940,2,618.64,-102.5,17.005,-0.5,1000.0,RETURNING_TO_START,load_zone_26,dump_zone_3,0.00025,0.00067
423.0,2026-07-02T13:06:35.940,3,-100.737,451.736,0.0,-0.5,1000.0,RETURNING_TO_START,load_zone_22,dump_zone_22,0.00025,0.00067
424.0,2026-07-02T13:06:38.637,1,597.5,32.546,23.453,0.4516,1000.0,RETURNING_TO_START,load_zone_26,dump_zone_3,0.000332,0.00089
424.0,2026-07-02T13:06:38.637,2,614.188,-102.5,15.205,-0.5,1000.0,RETURNING_TO_START,load_zone_26,dump_zone_3,0.00025,0.00067
424.0,2026-07-02T13:06:38.637,3,-100.737,451.736,0.0,-0.5,1000.0,RETURNING_TO_START,load_zone_22,dump_zone_22,0.00025,0.00067
425.0,2026-07-02T13:06:41.699,1,597.5,39.106,23.415,-0.0929,1000.0,RETURNING_TO_START,load_zone_26,dump_zone_3,0.000263,0.000705
425.0,2026-07-02T13:06:41.699,2,610.235,-102.5,13.405,-0.5,1000.0,RETURNING_TO_START,load_zone_26,dump_zone_3,0.00025,0.00067
425.0,2026-07-02T13:06:41.699,3,-100.737,451.736,0.0,-0.5,1000.0,RETURNING_TO_START,load_zone_22,dump_zone_22,0.00025,0.00067
426.0,2026-07-02T13:06:44.794,1,597.5,45.703,24.301,0.2518,1000.0,RETURNING_TO_START,load_zone_26,dump_zone_3,0.000309,0.000828
426.0,2026-07-02T13:06:44.794,2,606.782,-102.5,11.605,-0.5,1000.0,RETURNING_TO_START,load_zone_26,dump_zone_3,0.00025,0.00067
426.0,2026-07-02T13:06:44.794,3,-100.737,451.736,0.0,-0.5,1000.0,RETURNING_TO_START,load_zone_22,dump_zone_22,0.00025,0.00067
427.0,2026-07-02T13:06:47.851,1,597.5,52.409,23.757,-0.2482,1000.0,RETURNING_TO_START,load_zone_26,dump_zone_3,0.00025,0.00067
427.0,2026-07-02T13:06:47.851,2,603.829,-102.5,9.805,-0.5,1000.0,RETURNING_TO_START,load_zone_26,dump_zone_3,0.00025,0.00067
427.0,2026-07-02T13:06:47.851,3,-100.737,451.736,0.0,-0.5,1000.0,RETURNING_TO_START,load_zone_22,dump_zone_22,0.00025,0.00067
428.0,2026-07-02T13:06:51.139,1,597.5,58.924,23.01,-0.3331,1000.0,RETURNING_TO_START,load_zone_26,dump_zone_3,0.00025,0.00067
428.0,2026-07-02T13:06:51.139,2,601.374,-102.422,8.119,-0.37,1000.0,RETURNING_TO_START,load_zone_26,dump_zone_3,0.00025,0.00067
428.0,2026-07-02T13:06:51.139,3,-100.737,451.736,0.0,-0.5,1000.0,RETURNING_TO_START,load_zone_22,dump_zone_22,0.00025,0.00067
429.0,2026-07-02T13:06:54.034,1,597.5,65.256,23.161,0.5003,1000.0,RETURNING_TO_START,load_zone_26,dump_zone_3,0.000337,0.000903
429.0,2026-07-02T13:06:54.034,2,599.415,-101.737,7.497,0.25,1000.0,RETURNING_TO_START,load_zone_26,dump_zone_3,0.000268,0.000718
429.0,2026-07-02T13:06:54.034,3,-100.737,451.736,0.0,-0.5,1000.0,RETURNING_TO_START,load_zone_22,dump_zone_22,0.00025,0.00067
430.0,2026-07-02T13:06:56.675,1,597.5,71.875,23.881,-0.244,1000.0,RETURNING_TO_START,load_zone_26,dump_zone_3,0.00025,0.00067
430.0,2026-07-02T13:06:56.675,2,597.938,-99.973,8.947,0.0833,1000.0,RETURNING_TO_START,load_zone_26,dump_zone_3,0.000263,0.000705
430.0,2026-07-02T13:06:56.675,3,-100.737,451.736,0.0,-0.5,1000.0,RETURNING_TO_START,load_zone_22,dump_zone_22,0.00025,0.00067
431.0,2026-07-02T13:06:58.596,1,597.5,78.4,22.98,-0.4857,1000.0,RETURNING_TO_START,load_zone_26,dump_zone_3,0.00025,0.00067
431.0,2026-07-02T13:06:58.596,2,597.453,-97.678,8.047,-0.0833,1000.0,RETURNING_TO_START,load_zone_26,dump_zone_3,0.000255,0.000683
431.0,2026-07-02T13:06:58.596,3,-100.737,451.736,0.0,-0.5,1000.0,RETURNING_TO_START,load_zone_22,dump_zone_22,0.00025,0.00067
432.0,2026-07-02T13:07:00.430,1,597.5,84.677,22.688,0.1888,1000.0,RETURNING_TO_START,load_zone_26,dump_zone_3,0.000297,0.000796
432.0,2026-07-02T13:07:00.430,2,597.384,-95.278,9.697,0.9167,1000.0,RETURNING_TO_START,load_zone_26,dump_zone_3,0.000308,0.000825
432.0,2026-07-02T13:07:00.430,3,-100.737,451.736,0.0,-0.5,1000.0,RETURNING_TO_START,load_zone_22,dump_zone_22,0.00025,0.00067
433.0,2026-07-02T13:07:02.170,1,597.5,91.107,23.612,0.1861,1000.0,RETURNING_TO_START,load_zone_26,dump_zone_3,0.000299,0.000801
433.0,2026-07-02T13:07:02.170,2,597.413,-92.043,13.297,1.0,1000.0,RETURNING_TO_START,load_zone_26,dump_zone_3,0.000336,0.0009
433.0,2026-07-02T13:07:02.170,3,-100.737,451.736,0.0,-0.5,1000.0,RETURNING_TO_START,load_zone_22,dump_zone_22,0.00025,0.00067
434.0,2026-07-02T13:07:04.543,1,597.5,97.625,23.268,-0.1169,1000.0,RETURNING_TO_START,load_zone_26,dump_zone_3,0.00026,0.000697
434.0,2026-07-02T13:07:04.543,2,597.476,-87.808,16.897,1.0,1000.0,RETURNING_TO_START,load_zone_26,dump_zone_3,0.000359,0.000962
434.0,2026-07-02T13:07:04.543,3,-100.737,451.736,0.0,-0.5,1000.0,RETURNING_TO_START,load_zone_22,dump_zone_22,0.00025,0.00067
435.0,2026-07-02T13:07:10.190,1,597.5,104.051,23.29,0.2037,1000.0,RETURNING_TO_START,load_zone_26,dump_zone_3,0.0003,0.000804
435.0,2026-07-02T13:07:10.190,2,597.501,-82.573,20.497,1.0,1000.0,RETURNING_TO_START,load_zone_26,dump_zone_3,0.000382,0.001024
435.0,2026-07-02T13:07:10.190,3,-100.737,451.736,0.0,-0.5,1000.0,RETURNING_TO_START,load_zone_22,dump_zone_22,0.00025,0.00067
436.0,2026-07-02T13:07:15.104,1,597.5,110.635,23.794,-0.2044,1000.0,RETURNING_TO_START,load_zone_26,dump_zone_3,0.00025,0.00067
436.0,2026-07-02T13:07:15.104,2,597.5,-76.433,22.972,0.25,1000.0,RETURNING_TO_START,load_zone_26,dump_zone_3,0.000305,0.000817
436.0,2026-07-02T13:07:15.104,3,-100.737,451.736,0.0,-0.5,1000.0,RETURNING_TO_START,load_zone_22,dump_zone_22,0.00025,0.00067
437.0,2026-07-02T13:07:19.271,1,597.5,117.103,23.108,-0.0377,1000.0,RETURNING_TO_START,load_zone_26,dump_zone_3,0.00027,0.000724
437.0,2026-07-02T13:07:19.271,2,597.5,-70.05,23.05,0.2567,1000.0,RETURNING_TO_START,load_zone_26,dump_zone_3,0.000306,0.00082
437.0,2026-07-02T13:07:19.271,3,-100.737,451.736,0.0,-0.5,1000.0,RETURNING_TO_START,load_zone_22,dump_zone_22,0.00025,0.00067
438.0,2026-07-02T13:07:22.308,1,597.5,123.617,23.687,0.0933,1000.0,RETURNING_TO_START,load_zone_26,dump_zone_3,0.000287,0.000769
438.0,2026-07-02T13:07:22.308,2,597.5,-63.623,22.778,-0.2663,1000.0,RETURNING_TO_START,load_zone_26,dump_zone_3,0.00025,0.00067
438.0,2026-07-02T13:07:22.308,3,-100.737,451.736,0.0,-0.5,1000.0,RETURNING_TO_START,load_zone_22,dump_zone_22,0.00025,0.00067
439.0,2026-07-02T13:07:25.076,1,597.5,130.113,23.025,-0.3552,1000.0,RETURNING_TO_START,load_zone_26,dump_zone_3,0.00025,0.00067
439.0,2026-07-02T13:07:25.076,2,597.5,-57.399,22.269,0.067,1000.0,RETURNING_TO_START,load_zone_26,dump_zone_3,0.000282,0.000756
439.0,2026-07-02T13:07:25.076,3,-100.737,451.736,0.0,-0.5,1000.0,RETURNING_TO_START,load_zone_22,dump_zone_22,0.00025,0.00067
440.0,2026-07-02T13:07:28.862,1,597.5,136.338,22.368,0.25,1000.0,RETURNING_TO_START,load_zone_26,dump_zone_3,0.000304,0.000815
440.0,2026-07-02T13:07:28.862,2,597.5,-51.006,23.711,0.2337,1000.0,RETURNING_TO_START,load_zone_26,dump_zone_3,0.000305,0.000817
440.0,2026-07-02T13:07:28.862,3,-100.737,451.736,0.0,-0.5,1000.0,RETURNING_TO_START,load_zone_22,dump_zone_22,0.00025,0.00067
441.0,2026-07-02T13:07:32.268,1,597.5,142.8,23.818,0.0833,1000.0,RETURNING_TO_START,load_zone_26,dump_zone_3,0.000286,0.000766
441.0,2026-07-02T13:07:32.268,2,597.5,-44.491,22.921,-0.25,1000.0,RETURNING_TO_START,load_zone_26,dump_zone_3,0.00025,0.00067
441.0,2026-07-02T13:07:32.268,3,-100.737,451.736,0.0,-0.5,1000.0,RETURNING_TO_START,load_zone_22,dump_zone_22,0.00025,0.00067
442.0,2026-07-02T13:07:34.977,1,597.5,149.322,23.045,-0.2677,1000.0,RETURNING_TO_START,load_zone_26,dump_zone_3,0.00025,0.00067
442.0,2026-07-02T13:07:34.977,2,597.5,-38.115,23.014,-0.0065,1000.0,RETURNING_TO_START,load_zone_26,dump_zone_3,0.000274,0.000734
442.0,2026-07-02T13:07:34.977,3,-100.737,451.736,0.0,-0.5,1000.0,RETURNING_TO_START,load_zone_22,dump_zone_22,0.00025,0.00067
443.0,2026-07-02T13:07:38.023,1,597.5,155.511,21.474,-0.5,1000.0,RETURNING_TO_START,load_zone_26,dump_zone_3,0.00025,0.00067
443.0,2026-07-02T13:07:38.023,2,597.5,-31.798,22.32,-0.1697,1000.0,RETURNING_TO_START,load_zone_26,dump_zone_3,0.000253,0.000678
443.0,2026-07-02T13:07:38.023,3,-100.737,451.736,0.0,-0.5,1000.0,RETURNING_TO_START,load_zone_22,dump_zone_22,0.00025,0.00067
444.0,2026-07-02T13:07:41.081,1,597.5,161.206,19.674,-0.5,1000.0,RETURNING_TO_START,load_zone_26,dump_zone_3,0.00025,0.00067
444.0,2026-07-02T13:07:41.081,2,597.5,-25.52,22.91,-0.003,1000.0,RETURNING_TO_START,load_zone_26,dump_zone_3,0.000274,0.000734
444.0,2026-07-02T13:07:41.081,3,-100.737,451.736,0.0,-0.5,1000.0,RETURNING_TO_START,load_zone_22,dump_zone_22,0.00025,0.00067
445.0,2026-07-02T13:07:44.186,1,597.5,166.402,17.911,-0.5,1000.0,RETURNING_TO_START,load_zone_26,dump_zone_3,0.00025,0.00067
445.0,2026-07-02T13:07:44.186,2,597.5,-19.149,23.112,0.1122,1000.0,RETURNING_TO_START,load_zone_26,dump_zone_3,0.000288,0.000772
445.0,2026-07-02T13:07:44.186,3,-100.737,451.736,0.0,-0.5,1000.0,RETURNING_TO_START,load_zone_22,dump_zone_22,0.00025,0.00067
446.0,2026-07-02T13:07:47.775,1,597.5,171.144,16.514,-0.4157,1000.0,RETURNING_TO_START,load_zone_26,dump_zone_3,0.00025,0.00067
446.0,2026-07-02T13:07:47.775,2,597.5,-12.821,22.524,0.0561,1000.0,RETURNING_TO_START,load_zone_26,dump_zone_3,0.000281,0.000753
446.0,2026-07-02T13:07:47.775,3,-100.737,451.736,0.0,-0.5,1000.0,RETURNING_TO_START,load_zone_22,dump_zone_22,0.00025,0.00067
447.0,2026-07-02T13:07:51.105,1,597.5,175.46,14.714,-0.5,1000.0,RETURNING_TO_START,load_zone_26,dump_zone_3,0.00025,0.00067
447.0,2026-07-02T13:07:51.105,2,597.5,-6.42,23.281,-0.0918,1000.0,RETURNING_TO_START,load_zone_26,dump_zone_3,0.000263,0.000705
447.0,2026-07-02T13:07:51.105,3,-100.737,451.736,0.0,-0.5,1000.0,RETURNING_TO_START,load_zone_22,dump_zone_22,0.00025,0.00067
448.0,2026-07-02T13:07:55.208,1,597.5,179.29,13.072,-0.4167,1000.0,RETURNING_TO_START,load_zone_26,dump_zone_3,0.00025,0.00067
448.0,2026-07-02T13:07:55.208,2,597.5,0.04,23.258,-0.02,1000.0,RETURNING_TO_START,load_zone_26,dump_zone_3,0.000272,0.000729
448.0,2026-07-02T13:07:55.208,3,-100.737,451.736,0.0,-0.5,1000.0,RETURNING_TO_START,load_zone_22,dump_zone_22,0.00025,0.00067
449.0,2026-07-02T13:07:58.485,1,597.5,182.65,11.272,-0.5,1000.0,RETURNING_TO_START,load_zone_26,dump_zone_3,0.00025,0.00067
449.0,2026-07-02T13:07:58.485,2,597.5,6.467,23.445,0.4572,1000.0,RETURNING_TO_START,load_zone_26,dump_zone_3,0.000333,0.000892
449.0,2026-07-02T13:07:58.485,3,-100.737,451.736,0.0,-0.5,1000.0,RETURNING_TO_START,load_zone_22,dump_zone_22,0.00025,0.00067
450.0,2026-07-02T13:08:01.563,1,597.498,185.514,9.51,-0.5,1000.0,RETURNING_TO_START,load_zone_26,dump_zone_3,0.00025,0.00067
450.0,2026-07-02T13:08:01.563,2,597.5,13.108,23.791,-0.2095,1000.0,RETURNING_TO_START,load_zone_26,dump_zone_3,0.00025,0.00067
450.0,2026-07-02T13:08:01.563,3,-100.737,451.736,0.0,-0.5,1000.0,RETURNING_TO_START,load_zone_22,dump_zone_22,0.00025,0.00067
451.0,2026-07-02T13:08:05.481,1,597.227,187.881,7.86,-0.3947,1000.0,RETURNING_TO_START,load_zone_26,dump_zone_3,0.00025,0.00067
451.0,2026-07-02T13:08:05.481,2,597.5,19.678,23.682,0.1465,1000.0,RETURNING_TO_START,load_zone_26,dump_zone_3,0.000294,0.000788
451.0,2026-07-02T13:08:05.481,3,-100.737,451.736,0.0,-0.5,1000.0,RETURNING_TO_START,load_zone_22,dump_zone_22,0.00025,0.00067
452.0,2026-07-02T13:08:09.429,1,596.514,189.791,6.751,-0.5,1000.0,RETURNING_TO_START,load_zone_26,dump_zone_3,0.00025,0.00067
452.0,2026-07-02T13:08:09.429,2,597.5,26.226,23.11,-0.3535,1000.0,RETURNING_TO_START,load_zone_26,dump_zone_3,0.00025,0.00067
452.0,2026-07-02T13:08:09.429,3,-100.737,451.736,0.0,-0.5,1000.0,RETURNING_TO_START,load_zone_22,dump_zone_22,0.00025,0.00067
453.0,2026-07-02T13:08:14.053,1,595.955,191.438,6.101,-0.0833,1000.0,RETURNING_TO_START,load_zone_26,dump_zone_3,0.000254,0.000681
453.0,2026-07-02T13:08:14.053,2,597.5,32.544,22.687,-0.0202,1000.0,RETURNING_TO_START,load_zone_26,dump_zone_3,0.000272,0.000729
453.0,2026-07-02T13:08:14.053,3,-100.737,451.736,0.0,-0.5,1000.0,RETURNING_TO_START,load_zone_22,dump_zone_22,0.00025,0.00067
454.0,2026-07-02T13:08:17.930,1,595.67,192.951,4.949,-0.25,1000.0,RETURNING_TO_START,load_zone_26,dump_zone_3,0.00025,0.00067
454.0,2026-07-02T13:08:17.930,2,597.5,38.943,23.754,0.5199,1000.0,RETURNING_TO_START,load_zone_26,dump_zone_3,0.000342,0.000917
454.0,2026-07-02T13:08:17.930,3,-100.737,451.736,0.0,-0.5,1000.0,RETURNING_TO_START,load_zone_22,dump_zone_22,0.00025,0.00067
455.0,2026-07-02T13:08:24.361,1,595.572,194.385,5.699,0.25,1000.0,RETURNING_TO_START,load_zone_26,dump_zone_3,0.000264,0.000708
455.0,2026-07-02T13:08:24.361,2,597.5,45.766,24.981,-0.0011,1000.0,RETURNING_TO_START,load_zone_26,dump_zone_3,0.000276,0.00074
455.0,2026-07-02T13:08:24.361,3,-100.737,451.736,0.0,-0.5,1000.0,RETURNING_TO_START,load_zone_22,dump_zone_22,0.00025,0.00067
456.0,2026-07-02T13:08:31.807,1,595.702,195.899,4.935,-0.4048,1000.0,RETURNING_TO_START,load_zone_26,dump_zone_3,0.00025,0.00067
456.0,2026-07-02T13:08:31.807,2,597.5,52.532,23.698,-0.261,1000.0,RETURNING_TO_START,load_zone_26,dump_zone_3,0.00025,0.00067
456.0,2026-07-02T13:08:31.807,3,-100.737,451.736,0.0,-0.5,1000.0,RETURNING_TO_START,load_zone_22,dump_zone_22,0.00025,0.00067
457.0,2026-07-02T13:08:36.176,1,596.123,197.139,5.061,0.3861,1000.0,RETURNING_TO_START,load_zone_26,dump_zone_3,0.000266,0.000713
457.0,2026-07-02T13:08:36.176,2,597.5,59.066,23.497,0.1089,1000.0,RETURNING_TO_START,load_zone_26,dump_zone_3,0.000289,0.000775
457.0,2026-07-02T13:08:36.176,3,-100.737,451.736,0.0,-0.5,1000.0,RETURNING_TO_START,load_zone_22,dump_zone_22,0.00025,0.00067
458.0,2026-07-02T13:08:39.359,1,596.911,198.718,7.763,0.8338,1000.0,RETURNING_TO_START,load_zone_26,dump_zone_3,0.000293,0.000785
458.0,2026-07-02T13:08:39.359,2,597.5,65.557,23.175,0.0531,1000.0,RETURNING_TO_START,load_zone_26,dump_zone_3,0.000281,0.000753
458.0,2026-07-02T13:08:39.359,3,-100.737,451.736,0.0,-0.5,1000.0,RETURNING_TO_START,load_zone_22,dump_zone_22,0.00025,0.00067
459.0,2026-07-02T13:08:42.541,1,598.545,200.805,11.164,0.9167,1000.0,RETURNING_TO_START,load_zone_26,dump_zone_3,0.000317,0.00085
459.0,2026-07-02T13:08:42.541,2,597.5,71.971,22.966,0.0531,1000.0,RETURNING_TO_START,load_zone_26,dump_zone_3,0.000281,0.000753
459.0,2026-07-02T13:08:42.541,3,-100.737,451.736,0.0,-0.5,1000.0,RETURNING_TO_START,load_zone_22,dump_zone_22,0.00025,0.00067
460.0,2026-07-02T13:08:45.184,1,601.733,201.603,12.514,-0.0833,1000.0,RETURNING_TO_START,load_zone_26,dump_zone_3,0.000258,0.000691
460.0,2026-07-02T13:08:45.184,2,597.5,78.411,23.157,0.0531,1000.0,RETURNING_TO_START,load_zone_26,dump_zone_3,0.000281,0.000753
460.0,2026-07-02T13:08:45.184,3,-100.737,451.736,0.0,-0.5,1000.0,RETURNING_TO_START,load_zone_22,dump_zone_22,0.00025,0.00067
461.0,2026-07-02T13:08:48.399,1,604.676,200.218,10.964,-0.5,1000.0,RETURNING_TO_START,load_zone_26,dump_zone_3,0.00025,0.00067
461.0,2026-07-02T13:08:48.399,2,597.5,84.809,22.678,-0.3485,1000.0,RETURNING_TO_START,load_zone_26,dump_zone_3,0.00025,0.00067
461.0,2026-07-02T13:08:48.399,3,-100.737,451.736,0.0,-0.5,1000.0,RETURNING_TO_START,load_zone_22,dump_zone_22,0.00025,0.00067
462.0,2026-07-02T13:08:51.591,1,607.322,199.261,9.814,-0.0833,1000.0,RETURNING_TO_START,load_zone_26,dump_zone_3,0.000256,0.000686
462.0,2026-07-02T13:08:51.591,2,597.5,91.0,21.973,-0.0985,1000.0,RETURNING_TO_START,load_zone_26,dump_zone_3,0.000262,0.000702
462.0,2026-07-02T13:08:51.591,3,-100.737,451.736,0.0,-0.5,1000.0,RETURNING_TO_START,load_zone_22,dump_zone_22,0.00025,0.00067
463.0,2026-07-02T13:08:55.018,1,610.065,198.874,10.414,0.4167,1000.0,RETURNING_TO_START,load_zone_26,dump_zone_3,0.000284,0.000761
463.0,2026-07-02T13:08:55.018,2,597.5,97.249,23.269,0.4015,1000.0,RETURNING_TO_START,load_zone_26,dump_zone_3,0.000325,0.000871
463.0,2026-07-02T13:08:55.018,3,-100.737,451.736,0.0,-0.5,1000.0,RETURNING_TO_START,load_zone_22,dump_zone_22,0.00025,0.00067
464.0,2026-07-02T13:08:58.289,1,613.371,198.79,13.464,0.9167,1000.0,RETURNING_TO_START,load_zone_26,dump_zone_3,0.000331,0.000887
464.0,2026-07-02T13:08:58.289,2,597.5,103.789,23.713,0.1271,1000.0,RETURNING_TO_START,load_zone_26,dump_zone_3,0.000291,0.00078
464.0,2026-07-02T13:08:58.289,3,-100.737,451.736,0.0,-0.5,1000.0,RETURNING_TO_START,load_zone_22,dump_zone_22,0.00025,0.00067
465.0,2026-07-02T13:09:01.560,1,617.575,198.985,16.645,0.8827,1000.0,RETURNING_TO_START,load_zone_26,dump_zone_3,0.000347,0.00093
465.0,2026-07-02T13:09:01.560,2,597.5,110.422,24.214,0.4552,1000.0,RETURNING_TO_START,load_zone_26,dump_zone_3,0.000335,0.000898
465.0,2026-07-02T13:09:01.560,3,-100.737,451.736,0.0,-0.5,1000.0,RETURNING_TO_START,load_zone_22,dump_zone_22,0.00025,0.00067
466.0,2026-07-02T13:09:04.519,1,622.533,199.467,18.473,0.0494,1000.0,RETURNING_TO_START,load_zone_26,dump_zone_3,0.000274,0.000734
466.0,2026-07-02T13:09:04.519,2,597.5,117.23,24.254,-0.2945,1000.0,RETURNING_TO_START,load_zone_26,dump_zone_3,0.00025,0.00067
466.0,2026-07-02T13:09:04.519,3,-100.737,451.736,0.0,-0.5,1000.0,RETURNING_TO_START,load_zone_22,dump_zone_22,0.00025,0.00067
467.0,2026-07-02T13:09:07.373,1,627.465,200.1,17.137,-0.5,1000.0,RETURNING_TO_START,load_zone_26,dump_zone_3,0.00025,0.00067
467.0,2026-07-02T13:09:07.373,2,597.5,123.839,23.138,-0.5,1000.0,RETURNING_TO_START,load_zone_26,dump_zone_3,0.00025,0.00067
467.0,2026-07-02T13:09:07.373,3,-100.737,451.736,0.0,-0.5,1000.0,RETURNING_TO_START,load_zone_22,dump_zone_22,0.00025,0.00067
468.0,2026-07-02T13:09:10.735,1,631.91,200.731,15.337,-0.5,1000.0,RETURNING_TO_START,load_zone_26,dump_zone_3,0.00025,0.00067
468.0,2026-07-02T13:09:10.735,2,597.5,130.161,22.988,0.4167,1000.0,RETURNING_TO_START,load_zone_26,dump_zone_3,0.000326,0.000874
468.0,2026-07-02T13:09:10.735,3,-100.737,451.736,0.0,-0.5,1000.0,RETURNING_TO_START,load_zone_22,dump_zone_22,0.00025,0.00067
469.0,2026-07-02T13:09:14.073,1,635.866,201.281,13.637,-0.4167,1000.0,RETURNING_TO_START,load_zone_26,dump_zone_3,0.00025,0.00067
469.0,2026-07-02T13:09:14.073,2,597.5,136.805,24.389,0.0671,1000.0,RETURNING_TO_START,load_zone_26,dump_zone_3,0.000285,0.000764
469.0,2026-07-02T13:09:14.073,3,-100.737,451.736,0.0,-0.5,1000.0,RETURNING_TO_START,load_zone_22,dump_zone_22,0.00025,0.00067
470.0,2026-07-02T13:09:17.583,1,639.399,201.732,12.029,-0.5,1000.0,RETURNING_TO_START,load_zone_26,dump_zone_3,0.00025,0.00067
470.0,2026-07-02T13:09:17.583,2,597.5,143.442,23.292,-0.4083,1000.0,RETURNING_TO_START,load_zone_26,dump_zone_3,0.00025,0.00067
470.0,2026-07-02T13:09:17.583,3,-100.737,451.736,0.0,-0.5,1000.0,RETURNING_TO_START,load_zone_22,dump_zone_22,0.00025,0.00067
471.0,2026-07-02T13:09:21.393,1,642.454,202.065,10.279,-0.4999,1000.0,RETURNING_TO_START,load_zone_26,dump_zone_3,0.00025,0.00067
471.0,2026-07-02T13:09:21.393,2,597.5,149.725,22.498,0.1994,1000.0,RETURNING_TO_START,load_zone_26,dump_zone_3,0.000298,0.000799
471.0,2026-07-02T13:09:21.393,3,-100.737,451.736,0.0,-0.5,1000.0,RETURNING_TO_START,load_zone_22,dump_zone_22,0.00025,0.00067
472.0,2026-07-02T13:09:24.236,1,645.029,202.286,8.479,-0.5,1000.0,RETURNING_TO_START,load_zone_26,dump_zone_3,0.00025,0.00067
472.0,2026-07-02T13:09:24.236,2,597.5,156.066,22.64,-0.392,1000.0,RETURNING_TO_START,load_zone_26,dump_zone_3,0.00025,0.00067
472.0,2026-07-02T13:09:24.236,3,-100.737,451.736,0.0,-0.5,1000.0,RETURNING_TO_START,load_zone_22,dump_zone_22,0.00025,0.00067
473.0,2026-07-02T13:09:27.379,1,647.113,202.411,6.732,-0.4944,1000.0,RETURNING_TO_START,load_zone_26,dump_zone_3,0.00025,0.00067
473.0,2026-07-02T13:09:27.379,2,597.5,162.086,20.847,-0.5,1000.0,RETURNING_TO_START,load_zone_26,dump_zone_3,0.00025,0.00067
473.0,2026-07-02T13:09:27.379,3,-100.737,451.736,0.0,-0.5,1000.0,RETURNING_TO_START,load_zone_22,dump_zone_22,0.00025,0.00067
474.0,2026-07-02T13:09:30.582,1,648.772,202.382,5.384,-0.25,1000.0,RETURNING_TO_START,load_zone_26,dump_zone_3,0.00025,0.00067
474.0,2026-07-02T13:09:30.582,2,597.5,167.606,19.047,-0.5,1000.0,RETURNING_TO_START,load_zone_26,dump_zone_3,0.00025,0.00067
474.0,2026-07-02T13:09:30.582,3,-100.737,451.736,0.0,-0.5,1000.0,RETURNING_TO_START,load_zone_22,dump_zone_22,0.00025,0.00067
475.0,2026-07-02T13:09:33.434,1,650.28,201.973,6.434,0.75,1000.0,RETURNING_TO_START,load_zone_26,dump_zone_3,0.000283,0.000758
475.0,2026-07-02T13:09:33.434,2,597.5,172.626,17.247,-0.5,1000.0,RETURNING_TO_START,load_zone_26,dump_zone_3,0.00025,0.00067
475.0,2026-07-02T13:09:33.434,3,-100.737,451.736,0.0,-0.5,1000.0,RETURNING_TO_START,load_zone_22,dump_zone_22,0.00025,0.00067
476.0,2026-07-02T13:09:36.028,1,651.933,200.437,9.584,0.5833,1000.0,RETURNING_TO_START,load_zone_26,dump_zone_3,0.00029,0.000777
476.0,2026-07-02T13:09:36.028,2,597.5,177.146,15.447,-0.5,1000.0,RETURNING_TO_START,load_zone_26,dump_zone_3,0.00025,0.00067
476.0,2026-07-02T13:09:36.028,3,-100.737,451.736,0.0,-0.5,1000.0,RETURNING_TO_START,load_zone_22,dump_zone_22,0.00025,0.00067
477.0,2026-07-02T13:09:39.317,1,652.572,197.777,9.784,-0.25,1000.0,RETURNING_TO_START,load_zone_26,dump_zone_3,0.00025,0.00067
477.0,2026-07-02T13:09:39.317,2,597.5,181.166,13.647,-0.5,1000.0,RETURNING_TO_START,load_zone_26,dump_zone_3,0.00025,0.00067
477.0,2026-07-02T13:09:39.317,3,-100.737,451.736,0.0,-0.5,1000.0,RETURNING_TO_START,load_zone_22,dump_zone_22,0.00025,0.00067
478.0,2026-07-02T13:09:42.171,1,652.581,194.984,10.834,0.75,1000.0,RETURNING_TO_START,load_zone_26,dump_zone_3,0.000305,0.000817
478.0,2026-07-02T13:09:42.171,2,597.5,184.687,11.847,-0.5,1000.0,RETURNING_TO_START,load_zone_26,dump_zone_3,0.00025,0.00067
478.0,2026-07-02T13:09:42.171,3,-100.737,451.736,0.0,-0.5,1000.0,RETURNING_TO_START,load_zone_22,dump_zone_22,0.00025,0.00067
479.0,2026-07-02T13:09:46.639,1,652.524,191.667,12.399,0.057,1000.0,RETURNING_TO_START,load_zone_26,dump_zone_3,0.000267,0.000716
479.0,2026-07-02T13:09:46.639,2,597.245,187.688,10.047,-0.5,1000.0,RETURNING_TO_START,load_zone_26,dump_zone_3,0.00025,0.00067
479.0,2026-07-02T13:09:46.639,3,-100.737,451.736,0.0,-0.5,1000.0,RETURNING_TO_START,load_zone_22,dump_zone_22,0.00025,0.00067
480.0,2026-07-02T13:09:50.113,1,652.501,188.378,11.077,-0.5,1000.0,RETURNING_TO_START,load_zone_26,dump_zone_3,0.00025,0.00067
480.0,2026-07-02T13:09:50.113,2,596.393,190.055,8.247,-0.5,1000.0,RETURNING_TO_START,load_zone_26,dump_zone_3,0.00025,0.00067
480.0,2026-07-02T13:09:50.113,3,-100.737,451.736,0.0,-0.5,1000.0,RETURNING_TO_START,load_zone_22,dump_zone_22,0.00025,0.00067
481.0,2026-07-02T13:09:53.079,1,652.498,185.567,9.313,-0.5,1000.0,RETURNING_TO_START,load_zone_26,dump_zone_3,0.00025,0.00067
481.0,2026-07-02T13:09:53.079,2,595.803,191.989,6.547,-0.4167,1000.0,RETURNING_TO_START,load_zone_26,dump_zone_3,0.00025,0.00067
481.0,2026-07-02T13:09:53.079,3,-100.737,451.736,0.0,-0.5,1000.0,RETURNING_TO_START,load_zone_22,dump_zone_22,0.00025,0.00067
482.0,2026-07-02T13:09:56.438,1,652.499,183.251,7.513,-0.5,1000.0,RETURNING_TO_START,load_zone_26,dump_zone_3,0.00025,0.00067
482.0,2026-07-02T13:09:56.438,2,595.59,193.527,4.875,-0.3983,1000.0,RETURNING_TO_START,load_zone_26,dump_zone_3,0.00025,0.00067
482.0,2026-07-02T13:09:56.438,3,-100.737,451.736,0.0,-0.5,1000.0,RETURNING_TO_START,load_zone_22,dump_zone_22,0.00025,0.00067
483.0,2026-07-02T13:10:00.261,1,652.5,181.417,5.813,-0.5,1000.0,RETURNING_TO_START,load_zone_26,dump_zone_3,0.00025,0.00067
483.0,2026-07-02T13:10:00.261,2,595.566,194.759,4.516,0.1757,1000.0,RETURNING_TO_START,load_zone_26,dump_zone_3,0.000259,0.000694
483.0,2026-07-02T13:10:00.261,3,-100.737,451.736,0.0,-0.5,1000.0,RETURNING_TO_START,load_zone_22,dump_zone_22,0.00025,0.00067
484.0,2026-07-02T13:10:04.015,1,652.443,180.075,4.013,-0.5,1000.0,RETURNING_TO_START,load_zone_26,dump_zone_3,0.00025,0.00067
484.0,2026-07-02T13:10:04.015,2,595.822,196.066,5.258,0.2085,1000.0,RETURNING_TO_START,load_zone_26,dump_zone_3,0.000261,0.000699
484.0,2026-07-02T13:10:04.015,3,-100.737,451.736,0.0,-0.5,1000.0,RETURNING_TO_START,load_zone_22,dump_zone_22,0.00025,0.00067
485.0,2026-07-02T13:10:07.125,1,652.57,179.242,2.213,-0.5,1000.0,UNLOADING,load_zone_26,dump_zone_3,0.00025,0.00067
485.0,2026-07-02T13:10:07.125,2,596.392,197.557,6.559,0.6252,1000.0,RETURNING_TO_START,load_zone_26,dump_zone_3,0.000279,0.000748
485.0,2026-07-02T13:10:07.125,3,-100.737,451.736,0.0,-0.5,1000.0,RETURNING_TO_START,load_zone_22,dump_zone_22,0.00025,0.00067
486.0,2026-07-02T13:10:09.531,1,652.67,178.914,0.413,-0.5,1000.0,UNLOADING,load_zone_26,dump_zone_3,0.00025,0.00067
486.0,2026-07-02T13:10:09.531,2,597.312,199.402,7.981,0.2426,1000.0,RETURNING_TO_START,load_zone_26,dump_zone_3,0.000269,0.000721
486.0,2026-07-02T13:10:09.531,3,-100.737,451.736,0.0,-0.5,1000.0,RETURNING_TO_START,load_zone_22,dump_zone_22,0.00025,0.00067
487.0,2026-07-02T13:10:12.003,1,652.673,178.905,0.0,-0.5,1000.0,UNLOADING,load_zone_26,dump_zone_3,0.00025,0.00067
487.0,2026-07-02T13:10:12.003,2,599.186,201.072,10.636,0.9167,1000.0,RETURNING_TO_START,load_zone_26,dump_zone_3,0.000314,0.000842
487.0,2026-07-02T13:10:12.003,3,-100.737,451.736,0.0,-0.5,1000.0,RETURNING_TO_START,load_zone_22,dump_zone_22,0.00025,0.00067
488.0,2026-07-02T13:10:13.873,1,653.336,177.756,7.2,0.0,0.0,TURNING_AROUND,dump_zone_3,load_zone_26,0.000255,0.000683
488.0,2026-07-02T13:10:13.873,2,602.354,201.146,11.986,-0.0833,1000.0,RETURNING_TO_START,load_zone_26,dump_zone_3,0.000257,0.000689
488.0,2026-07-02T13:10:13.873,3,-100.737,451.736,0.0,-0.5,1000.0,RETURNING_TO_START,load_zone_22,dump_zone_22,0.00025,0.00067
489.0,2026-07-02T13:10:15.773,1,654.666,176.703,5.4,0.0,0.0,TURNING_AROUND,dump_zone_3,load_zone_26,0.000253,0.000678
489.0,2026-07-02T13:10:15.773,2,605.166,199.802,10.436,-0.5,1000.0,RETURNING_TO_START,load_zone_26,dump_zone_3,0.00025,0.00067
489.0,2026-07-02T13:10:15.773,3,-100.737,451.736,0.0,-0.5,1000.0,RETURNING_TO_START,load_zone_22,dump_zone_22,0.00025,0.00067
490.0,2026-07-02T13:10:18.071,1,653.499,177.004,7.2,0.0,0.0,TURNING_AROUND,dump_zone_3,load_zone_26,0.000255,0.000683
490.0,2026-07-02T13:10:18.071,2,607.749,199.136,9.194,-0.1025,1000.0,RETURNING_TO_START,load_zone_26,dump_zone_3,0.000255,0.000683
490.0,2026-07-02T13:10:18.071,3,-100.737,451.736,0.0,-0.5,1000.0,RETURNING_TO_START,load_zone_22,dump_zone_22,0.00025,0.00067
491.0,2026-07-02T13:10:20.070,1,655.42,177.483,7.2,0.0,0.0,TURNING_AROUND,dump_zone_3,load_zone_26,0.000255,0.000683
491.0,2026-07-02T13:10:20.070,2,610.442,198.85,10.775,0.8975,1000.0,RETURNING_TO_START,load_zone_26,dump_zone_3,0.000313,0.000839
491.0,2026-07-02T13:10:20.070,3,-100.737,451.736,0.0,-0.5,1000.0,RETURNING_TO_START,load_zone_22,dump_zone_22,0.00025,0.00067
492.0,2026-07-02T13:10:22.027,1,655.728,177.508,5.4,0.0,0.0,TURNING_AROUND,dump_zone_3,load_zone_26,0.000253,0.000678
492.0,2026-07-02T13:10:22.027,2,613.945,198.803,14.144,0.9167,1000.0,RETURNING_TO_START,load_zone_26,dump_zone_3,0.000335,0.000898
492.0,2026-07-02T13:10:22.027,3,-100.737,451.736,0.0,-0.5,1000.0,RETURNING_TO_START,load_zone_22,dump_zone_22,0.00025,0.00067
493.0,2026-07-02T13:10:24.068,1,655.656,177.814,7.2,0.0,0.0,TURNING_AROUND,dump_zone_3,load_zone_26,0.000255,0.000683
493.0,2026-07-02T13:10:24.068,2,618.239,199.035,16.594,0.5833,1000.0,RETURNING_TO_START,load_zone_26,dump_zone_3,0.00032,0.000858
493.0,2026-07-02T13:10:24.068,3,-100.737,451.736,0.0,-0.5,1000.0,RETURNING_TO_START,load_zone_22,dump_zone_22,0.00025,0.00067
494.0,2026-07-02T13:10:26.687,1,655.656,177.834,0.375,0.4167,0.0,GOING_TO_ENDPOINT,dump_zone_3,load_zone_26,0.000251,0.000673
494.0,2026-07-02T13:10:26.687,2,623.161,199.545,18.644,0.25,1000.0,RETURNING_TO_START,load_zone_26,dump_zone_3,0.000295,0.000791
494.0,2026-07-02T13:10:26.687,3,-100.737,451.736,0.0,-0.5,1000.0,RETURNING_TO_START,load_zone_22,dump_zone_22,0.00025,0.00067
495.0,2026-07-02T13:10:28.894,1,655.617,178.353,3.45,1.0,0.0,GOING_TO_ENDPOINT,dump_zone_3,load_zone_26,0.000263,0.000705
495.0,2026-07-02T13:10:28.894,2,628.227,200.209,17.744,-0.5,1000.0,RETURNING_TO_START,load_zone_26,dump_zone_3,0.00025,0.00067
495.0,2026-07-02T13:10:28.894,3,-100.737,451.736,0.0,-0.5,1000.0,RETURNING_TO_START,load_zone_22,dump_zone_22,0.00025,0.00067
496.0,2026-07-02T13:10:31.112,1,655.123,179.759,7.05,1.0,0.0,GOING_TO_ENDPOINT,dump_zone_3,load_zone_26,0.000277,0.000742
496.0,2026-07-02T13:10:31.112,2,632.839,200.863,15.944,-0.5,1000.0,RETURNING_TO_START,load_zone_26,dump_zone_3,0.00025,0.00067
496.0,2026-07-02T13:10:31.112,3,-100.737,451.736,0.0,-0.5,1000.0,RETURNING_TO_START,load_zone_22,dump_zone_22,0.00025,0.00067
497.0,2026-07-02T13:10:33.457,1,653.317,181.449,10.65,1.0,0.0,GOING_TO_ENDPOINT,dump_zone_3,load_zone_26,0.000291,0.00078
497.0,2026-07-02T13:10:33.457,2,636.959,201.426,14.144,-0.5,1000.0,RETURNING_TO_START,load_zone_26,dump_zone_3,0.00025,0.00067
497.0,2026-07-02T13:10:33.457,3,-100.737,451.736,0.0,-0.5,1000.0,RETURNING_TO_START,load_zone_22,dump_zone_22,0.00025,0.00067
498.0,2026-07-02T13:10:36.052,1,650.466,183.472,14.25,1.0,0.0,GOING_TO_ENDPOINT,dump_zone_3,load_zone_26,0.000305,0.000817
498.0,2026-07-02T13:10:36.052,2,640.59,201.868,12.344,-0.5,1000.0,RETURNING_TO_START,load_zone_26,dump_zone_3,0.00025,0.00067
498.0,2026-07-02T13:10:36.052,3,-100.737,451.736,0.0,-0.5,1000.0,RETURNING_TO_START,load_zone_22,dump_zone_22,0.00025,0.00067
499.0,2026-07-02T13:10:39.229,1,647.992,187.043,16.725,0.25,0.0,GOING_TO_ENDPOINT,dump_zone_3,load_zone_26,0.000274,0.000734
499.0,2026-07-02T13:10:39.229,2,643.732,202.181,10.544,-0.5,1000.0,RETURNING_TO_START,load_zone_26,dump_zone_3,0.00025,0.00067
499.0,2026-07-02T13:10:39.229,3,-100.737,451.736,0.0,-0.5,1000.0,RETURNING_TO_START,load_zone_22,dump_zone_22,0.00025,0.00067
500.0,2026-07-02T13:10:42.699,1,647.483,191.563,15.85,-0.4167,0.0,GOING_TO_ENDPOINT,dump_zone_3,load_zone_26,0.00025,0.00067
500.0,2026-07-02T13:10:42.699,2,646.383,202.373,8.744,-0.5,1000.0,RETURNING_TO_START,load_zone_26,dump_zone_3,0.00025,0.00067
500.0,2026-07-02T13:10:42.699,3,-100.737,451.736,0.0,-0.5,1000.0,RETURNING_TO_START,load_zone_22,dump_zone_22,0.00025,0.00067
501.0,2026-07-02T13:10:46.196,1,647.466,195.892,15.44,-0.2958,0.0,GOING_TO_ENDPOINT,dump_zone_3,load_zone_26,0.00025,0.00067
501.0,2026-07-02T13:10:46.196,2,648.545,202.397,7.094,-0.25,1000.0,RETURNING_TO_START,load_zone_26,dump_zone_3,0.00025,0.00067
501.0,2026-07-02T13:10:46.196,3,-100.737,451.736,0.0,-0.5,1000.0,RETURNING_TO_START,load_zone_22,dump_zone_22,0.00025,0.00067
502.0,2026-07-02T13:10:50.104,1,646.263,199.7,13.688,-0.5,0.0,GOING_TO_ENDPOINT,dump_zone_3,load_zone_26,0.00025,0.00067
502.0,2026-07-02T13:10:50.104,2,650.409,201.878,7.238,0.3857,1000.0,RETURNING_TO_START,load_zone_26,dump_zone_3,0.000273,0.000732
502.0,2026-07-02T13:10:50.104,3,-100.737,451.736,0.0,-0.5,1000.0,RETURNING_TO_START,load_zone_22,dump_zone_22,0.00025,0.00067
503.0,2026-07-02T13:10:53.617,1,643.483,201.848,12.763,-0.0833,0.0,GOING_TO_ENDPOINT,dump_zone_3,load_zone_26,0.000255,0.000683
503.0,2026-07-02T13:10:53.617,2,652.032,200.248,9.177,0.2191,1000.0,RETURNING_TO_START,load_zone_26,dump_zone_3,0.000271,0.000726
503.0,2026-07-02T13:10:53.617,3,-100.737,451.736,0.0,-0.5,1000.0,RETURNING_TO_START,load_zone_22,dump_zone_22,0.00025,0.00067
504.0,2026-07-02T13:10:56.751,1,640.012,200.978,14.413,0.9167,0.0,GOING_TO_ENDPOINT,dump_zone_3,load_zone_26,0.000302,0.000809
504.0,2026-07-02T13:10:56.751,2,652.568,197.86,8.353,-0.25,1000.0,RETURNING_TO_START,load_zone_26,dump_zone_3,0.00025,0.00067
504.0,2026-07-02T13:10:56.751,3,-100.737,451.736,0.0,-0.5,1000.0,RETURNING_TO_START,load_zone_22,dump_zone_22,0.00025,0.00067
505.0,2026-07-02T13:10:59.567,1,636.801,197.775,18.013,1.0,0.0,GOING_TO_ENDPOINT,dump_zone_3,load_zone_26,0.00032,0.000858
505.0,2026-07-02T13:10:59.567,2,652.613,195.466,9.403,0.75,1000.0,RETURNING_TO_START,load_zone_26,dump_zone_3,0.000298,0.000799
505.0,2026-07-02T13:10:59.567,3,-100.737,451.736,0.0,-0.5,1000.0,RETURNING_TO_START,load_zone_22,dump_zone_22,0.00025,0.00067
506.0,2026-07-02T13:11:03.156,1,631.873,195.711,19.963,0.0833,0.0,GOING_TO_ENDPOINT,dump_zone_3,load_zone_26,0.000268,0.000718
506.0,2026-07-02T13:11:03.156,2,652.55,192.382,12.228,0.4167,1000.0,RETURNING_TO_START,load_zone_26,dump_zone_3,0.00029,0.000777
506.0,2026-07-02T13:11:03.156,3,-100.737,451.736,0.0,-0.5,1000.0,RETURNING_TO_START,load_zone_22,dump_zone_22,0.00025,0.00067
507.0,2026-07-02T13:11:06.109,1,626.538,194.89,18.688,-0.5,0.0,GOING_TO_ENDPOINT,dump_zone_3,load_zone_26,0.00025,0.00067
507.0,2026-07-02T13:11:06.109,2,652.505,188.97,11.803,-0.5,1000.0,RETURNING_TO_START,load_zone_26,dump_zone_3,0.00025,0.00067
507.0,2026-07-02T13:11:06.109,3,-100.737,451.736,0.0,-0.5,1000.0,RETURNING_TO_START,load_zone_22,dump_zone_22,0.00025,0.00067
508.0,2026-07-02T13:11:08.771,1,621.649,194.339,16.888,-0.5,0.0,GOING_TO_ENDPOINT,dump_zone_3,load_zone_26,0.00025,0.00067
508.0,2026-07-02T13:11:08.771,2,652.497,185.962,10.003,-0.5,1000.0,RETURNING_TO_START,load_zone_26,dump_zone_3,0.00025,0.00067
508.0,2026-07-02T13:11:08.771,3,-100.737,451.736,0.0,-0.5,1000.0,RETURNING_TO_START,load_zone_22,dump_zone_22,0.00025,0.00067
509.0,2026-07-02T13:11:11.011,1,617.245,193.966,15.088,-0.5,0.0,GOING_TO_ENDPOINT,dump_zone_3,load_zone_26,0.00025,0.00067
509.0,2026-07-02T13:11:11.011,2,652.498,183.454,8.203,-0.5,1000.0,RETURNING_TO_START,load_zone_26,dump_zone_3,0.00025,0.00067
509.0,2026-07-02T13:11:11.011,3,-100.737,451.736,0.0,-0.5,1000.0,RETURNING_TO_START,load_zone_22,dump_zone_22,0.00025,0.00067
510.0,2026-07-02T13:11:13.564,1,613.327,193.828,13.288,-0.5,0.0,GOING_TO_ENDPOINT,dump_zone_3,load_zone_26,0.00025,0.00067
510.0,2026-07-02T13:11:13.564,2,652.499,181.446,6.403,-0.5,1000.0,RETURNING_TO_START,load_zone_26,dump_zone_3,0.00025,0.00067
510.0,2026-07-02T13:11:13.564,3,-100.737,451.736,0.0,-0.5,1000.0,RETURNING_TO_START,load_zone_22,dump_zone_22,0.00025,0.00067
511.0,2026-07-02T13:11:16.134,1,609.924,194.058,11.488,-0.5,0.0,GOING_TO_ENDPOINT,dump_zone_3,load_zone_26,0.00025,0.00067
511.0,2026-07-02T13:11:16.134,2,652.51,179.939,4.603,-0.5,1000.0,RETURNING_TO_START,load_zone_26,dump_zone_3,0.00025,0.00067
511.0,2026-07-02T13:11:16.134,3,-100.737,451.736,0.0,-0.5,1000.0,RETURNING_TO_START,load_zone_22,dump_zone_22,0.00025,0.00067
512.0,2026-07-02T13:11:18.697,1,607.254,195.222,9.688,-0.5,0.0,GOING_TO_ENDPOINT,dump_zone_3,load_zone_26,0.00025,0.00067
512.0,2026-07-02T13:11:18.697,2,652.718,178.956,2.803,-0.5,1000.0,UNLOADING,load_zone_26,dump_zone_3,0.00025,0.00067
512.0,2026-07-02T13:11:18.697,3,-100.737,451.736,0.0,-0.5,1000.0,RETURNING_TO_START,load_zone_22,dump_zone_22,0.00025,0.00067
513.0,2026-07-02T13:11:20.774,1,605.142,196.403,7.888,-0.5,0.0,GOING_TO_ENDPOINT,dump_zone_3,load_zone_26,0.00025,0.00067
513.0,2026-07-02T13:11:20.774,2,652.913,178.487,1.003,-0.5,1000.0,UNLOADING,load_zone_26,dump_zone_3,0.00025,0.00067
513.0,2026-07-02T13:11:20.774,3,-100.737,451.736,0.0,-0.5,1000.0,RETURNING_TO_START,load_zone_22,dump_zone_22,0.00025,0.00067
514.0,2026-07-02T13:11:22.671,1,603.411,197.235,6.088,-0.5,0.0,GOING_TO_ENDPOINT,dump_zone_3,load_zone_26,0.00025,0.00067
514.0,2026-07-02T13:11:22.671,2,652.942,178.428,0.0,-0.5,1000.0,UNLOADING,load_zone_26,dump_zone_3,0.00025,0.00067
514.0,2026-07-02T13:11:22.671,3,-100.737,451.736,0.0,-0.5,1000.0,RETURNING_TO_START,load_zone_22,dump_zone_22,0.00025,0.00067
515.0,2026-07-02T13:11:24.204,1,602.102,197.887,4.751,-0.1218,0.0,GOING_TO_ENDPOINT,dump_zone_3,load_zone_26,0.000251,0.000673
515.0,2026-07-02T13:11:24.204,2,653.303,177.868,7.2,0.0,0.0,TURNING_AROUND,dump_zone_3,load_zone_26,0.000255,0.000683
515.0,2026-07-02T13:11:24.204,3,-100.737,451.736,0.0,-0.5,1000.0,RETURNING_TO_START,load_zone_22,dump_zone_22,0.00025,0.00067
516.0,2026-07-02T13:11:26.213,1,600.9,198.337,4.363,-0.3718,0.0,GOING_TO_ENDPOINT,dump_zone_3,load_zone_26,0.00025,0.00067
516.0,2026-07-02T13:11:26.213,2,654.86,176.646,7.2,0.0,0.0,TURNING_AROUND,dump_zone_3,load_zone_26,0.000255,0.000683
516.0,2026-07-02T13:11:26.213,3,-100.737,451.736,0.0,-0.5,1000.0,RETURNING_TO_START,load_zone_22,dump_zone_22,0.00025,0.00067
517.0,2026-07-02T13:11:28.120,1,599.869,198.448,3.701,0.25,0.0,GOING_TO_ENDPOINT,dump_zone_3,load_zone_26,0.000255,0.000683
517.0,2026-07-02T13:11:28.120,2,654.221,176.646,5.4,0.0,0.0,TURNING_AROUND,dump_zone_3,load_zone_26,0.000253,0.000678
517.0,2026-07-02T13:11:28.120,3,-100.737,451.736,0.0,-0.5,1000.0,RETURNING_TO_START,load_zone_22,dump_zone_22,0.00025,0.00067
518.0,2026-07-02T13:11:29.323,1,598.534,198.181,6.401,1.0,0.0,GOING_TO_ENDPOINT,dump_zone_3,load_zone_26,0.000275,0.000737
518.0,2026-07-02T13:11:29.323,2,655.282,177.035,7.2,0.0,0.0,TURNING_AROUND,dump_zone_3,load_zone_26,0.000255,0.000683
518.0,2026-07-02T13:11:29.323,3,-100.737,451.736,0.0,-0.5,1000.0,RETURNING_TO_START,load_zone_22,dump_zone_22,0.00025,0.00067
519.0,2026-07-02T13:11:30.205,1,596.74,196.763,10.001,1.0,0.0,GOING_TO_ENDPOINT,dump_zone_3,load_zone_26,0.000289,0.000775
519.0,2026-07-02T13:11:30.205,2,656.426,177.864,5.4,0.0,0.0,TURNING_AROUND,dump_zone_3,load_zone_26,0.000253,0.000678
519.0,2026-07-02T13:11:30.205,3,-100.737,451.736,0.0,-0.5,1000.0,RETURNING_TO_START,load_zone_22,dump_zone_22,0.00025,0.00067
520.0,2026-07-02T13:11:31.485,1,596.143,193.595,13.601,1.0,0.0,GOING_TO_ENDPOINT,dump_zone_3,load_zone_26,0.000303,0.000812
520.0,2026-07-02T13:11:31.485,2,655.942,177.08,7.2,0.0,0.0,TURNING_AROUND,dump_zone_3,load_zone_26,0.000255,0.000683
520.0,2026-07-02T13:11:31.485,3,-100.737,451.736,0.0,-0.5,1000.0,RETURNING_TO_START,load_zone_22,dump_zone_22,0.00025,0.00067
521.0,2026-07-02T13:11:33.775,1,598.42,189.96,17.201,1.0,0.0,GOING_TO_ENDPOINT,dump_zone_3,load_zone_26,0.000317,0.00085
521.0,2026-07-02T13:11:33.775,2,655.942,177.101,0.375,0.4167,0.0,GOING_TO_ENDPOINT,dump_zone_3,load_zone_26,0.000251,0.000673
521.0,2026-07-02T13:11:33.775,3,-100.737,451.736,0.0,-0.5,1000.0,RETURNING_TO_START,load_zone_22,dump_zone_22,0.00025,0.00067
522.0,2026-07-02T13:11:35.581,1,600.93,185.282,20.801,1.0,0.0,GOING_TO_ENDPOINT,dump_zone_3,load_zone_26,0.00033,0.000884
522.0,2026-07-02T13:11:35.581,2,655.903,177.619,3.45,1.0,0.0,GOING_TO_ENDPOINT,dump_zone_3,load_zone_26,0.000263,0.000705
522.0,2026-07-02T13:11:35.581,3,-100.737,451.736,0.0,-0.5,1000.0,RETURNING_TO_START,load_zone_22,dump_zone_22,0.00025,0.00067
523.0,2026-07-02T13:11:37.520,1,602.334,179.151,24.401,1.0,0.0,GOING_TO_ENDPOINT,dump_zone_3,load_zone_26,0.000344,0.000922
523.0,2026-07-02T13:11:37.520,2,655.409,179.026,7.05,1.0,0.0,GOING_TO_ENDPOINT,dump_zone_3,load_zone_26,0.000277,0.000742
523.0,2026-07-02T13:11:37.520,3,-100.737,451.736,0.0,-0.5,1000.0,RETURNING_TO_START,load_zone_22,dump_zone_22,0.00025,0.00067
524.0,2026-07-02T13:11:41.920,1,602.509,171.86,27.751,0.75,0.0,GOING_TO_ENDPOINT,dump_zone_3,load_zone_26,0.000335,0.000898
524.0,2026-07-02T13:11:41.920,2,653.628,180.747,10.65,1.0,0.0,GOING_TO_ENDPOINT,dump_zone_3,load_zone_26,0.000291,0.00078
524.0,2026-07-02T13:11:41.920,3,-100.737,451.736,0.0,-0.5,1000.0,RETURNING_TO_START,load_zone_22,dump_zone_22,0.00025,0.00067
525.0,2026-07-02T13:11:46.144,1,602.499,163.955,28.501,-0.25,0.0,GOING_TO_ENDPOINT,dump_zone_3,load_zone_26,0.00025,0.00067
525.0,2026-07-02T13:11:46.144,2,650.705,182.671,14.25,1.0,0.0,GOING_TO_ENDPOINT,dump_zone_3,load_zone_26,0.000305,0.000817
525.0,2026-07-02T13:11:46.144,3,-100.737,451.736,0.0,-0.5,1000.0,RETURNING_TO_START,load_zone_22,dump_zone_22,0.00025,0.00067
526.0,2026-07-02T13:11:50.716,1,602.5,156.234,27.176,-0.5,0.0,GOING_TO_ENDPOINT,dump_zone_3,load_zone_26,0.00025,0.00067
526.0,2026-07-02T13:11:50.716,2,648.084,186.192,17.15,0.4167,0.0,GOING_TO_ENDPOINT,dump_zone_3,load_zone_26,0.000284,0.000761
526.0,2026-07-02T13:11:50.716,3,-100.737,451.736,0.0,-0.5,1000.0,RETURNING_TO_START,load_zone_22,dump_zone_22,0.00025,0.00067
527.0,2026-07-02T13:11:54.616,1,602.5,148.86,26.501,0.25,0.0,GOING_TO_ENDPOINT,dump_zone_3,load_zone_26,0.000288,0.000772
527.0,2026-07-02T13:11:54.616,2,647.456,190.897,16.725,-0.5,0.0,GOING_TO_ENDPOINT,dump_zone_3,load_zone_26,0.00025,0.00067
527.0,2026-07-02T13:11:54.616,3,-100.737,451.736,0.0,-0.5,1000.0,RETURNING_TO_START,load_zone_22,dump_zone_22,0.00025,0.00067
528.0,2026-07-02T13:11:58.232,1,602.5,141.315,27.567,0.222,0.0,GOING_TO_ENDPOINT,dump_zone_3,load_zone_26,0.000287,0.000769
528.0,2026-07-02T13:11:58.232,2,647.493,195.272,14.925,-0.5,0.0,GOING_TO_ENDPOINT,dump_zone_3,load_zone_26,0.00025,0.00067
528.0,2026-07-02T13:11:58.232,3,-100.737,451.736,0.0,-0.5,1000.0,RETURNING_TO_START,load_zone_22,dump_zone_22,0.00025,0.00067
529.0,2026-07-02T13:21:10.735,1,602.5,133.518,28.066,-0.278,0.0,GOING_TO_ENDPOINT,dump_zone_3,load_zone_26,0.00025,0.00067
529.0,2026-07-02T13:21:10.735,2,647.188,199.112,13.275,-0.25,0.0,GOING_TO_ENDPOINT,dump_zone_3,load_zone_26,0.00025,0.00067
529.0,2026-07-02T13:21:10.735,3,-100.737,451.736,0.0,-0.5,1000.0,RETURNING_TO_START,load_zone_22,dump_zone_22,0.00025,0.00067
530.0,2026-07-02T13:22:21.027,1,602.5,125.865,27.551,0.2666,0.0,GOING_TO_ENDPOINT,dump_zone_3,load_zone_26,0.000291,0.00078
530.0,2026-07-02T13:22:21.027,2,644.423,201.458,14.325,0.75,0.0,GOING_TO_ENDPOINT,dump_zone_3,load_zone_26,0.000294,0.000788
530.0,2026-07-02T13:22:21.027,3,-100.737,451.736,0.0,-0.5,1000.0,RETURNING_TO_START,load_zone_22,dump_zone_22,0.00025,0.00067
531.0,2026-07-02T13:22:25.088,1,602.5,118.045,28.565,0.0468,0.0,GOING_TO_ENDPOINT,dump_zone_3,load_zone_26,0.000272,0.000729
531.0,2026-07-02T13:22:25.088,2,640.383,200.062,17.85,1.0,0.0,GOING_TO_ENDPOINT,dump_zone_3,load_zone_26,0.000319,0.000855
531.0,2026-07-02T13:22:25.088,3,-100.737,451.736,0.0,-0.5,1000.0,RETURNING_TO_START,load_zone_22,dump_zone_22,0.00025,0.00067
532.0,2026-07-02T13:22:29.076,1,602.5,110.264,27.374,-0.25,0.0,GOING_TO_ENDPOINT,dump_zone_3,load_zone_26,0.00025,0.00067
532.0,2026-07-02T13:22:29.076,2,636.143,196.726,20.75,0.4167,0.0,GOING_TO_ENDPOINT,dump_zone_3,load_zone_26,0.000291,0.00078
532.0,2026-07-02T13:22:29.076,3,-100.737,451.736,0.0,-0.5,1000.0,RETURNING_TO_START,load_zone_22,dump_zone_22,0.00025,0.00067
533.0,2026-07-02T13:22:31.815,1,602.5,102.758,26.98,0.2291,0.0,GOING_TO_ENDPOINT,dump_zone_3,load_zone_26,0.000287,0.000769
533.0,2026-07-02T13:22:31.815,2,630.529,195.42,20.325,-0.5,0.0,GOING_TO_ENDPOINT,dump_zone_3,load_zone_26,0.00025,0.00067
533.0,2026-07-02T13:22:31.815,3,-100.737,451.736,0.0,-0.5,1000.0,RETURNING_TO_START,load_zone_22,dump_zone_22,0.00025,0.00067
534.0,2026-07-02T13:22:35.088,1,602.5,95.071,28.302,0.5114,0.0,GOING_TO_ENDPOINT,dump_zone_3,load_zone_26,0.000315,0.000844
534.0,2026-07-02T13:22:35.088,2,625.195,194.756,18.525,-0.5,0.0,GOING_TO_ENDPOINT,dump_zone_3,load_zone_26,0.00025,0.00067
534.0,2026-07-02T13:22:35.088,3,-100.737,451.736,0.0,-0.5,1000.0,RETURNING_TO_START,load_zone_22,dump_zone_22,0.00025,0.00067
535.0,2026-07-02T13:22:37.577,1,602.5,87.069,28.688,-0.3511,0.0,GOING_TO_ENDPOINT,dump_zone_3,load_zone_26,0.00025,0.00067
535.0,2026-07-02T13:22:37.577,2,620.35,194.215,16.725,-0.5,0.0,GOING_TO_ENDPOINT,dump_zone_3,load_zone_26,0.00025,0.00067
535.0,2026-07-02T13:22:37.577,3,-100.737,451.736,0.0,-0.5,1000.0,RETURNING_TO_START,load_zone_22,dump_zone_22,0.00025,0.00067
536.0,2026-07-02T13:25:27.978,1,602.5,79.353,27.089,-0.25,0.0,GOING_TO_ENDPOINT,dump_zone_3,load_zone_26,0.00025,0.00067
536.0,2026-07-02T13:25:27.978,2,615.987,193.895,14.925,-0.5,0.0,GOING_TO_ENDPOINT,dump_zone_3,load_zone_26,0.00025,0.00067
536.0,2026-07-02T13:25:27.978,3,-100.737,451.736,0.0,-0.5,1000.0,RETURNING_TO_START,load_zone_22,dump_zone_22,0.00025,0.00067
537.0,2026-07-02T14:50:15.047,1,602.5,71.755,28.057,0.5297,0.0,GOING_TO_ENDPOINT,dump_zone_3,load_zone_26,0.000316,0.000847
537.0,2026-07-02T14:50:15.047,2,612.114,193.836,13.125,-0.5,0.0,GOING_TO_ENDPOINT,dump_zone_3,load_zone_26,0.00025,0.00067
537.0,2026-07-02T14:50:15.047,3,-100.737,451.736,0.0,-0.5,1000.0,RETURNING_TO_START,load_zone_22,dump_zone_22,0.00025,0.00067
538.0,2026-07-02T14:50:18.651,1,602.5,63.874,28.314,0.0297,0.0,GOING_TO_ENDPOINT,dump_zone_3,load_zone_26,0.000271,0.000726
538.0,2026-07-02T14:50:18.651,2,608.808,194.428,11.325,-0.5,0.0,GOING_TO_ENDPOINT,dump_zone_3,load_zone_26,0.00025,0.00067
538.0,2026-07-02T14:50:18.651,3,-100.737,451.736,0.0,-0.5,1000.0,RETURNING_TO_START,load_zone_22,dump_zone_22,0.00025,0.00067
539.0,2026-07-02T14:50:22.354,1,602.5,56.044,28.034,-0.046,0.0,GOING_TO_ENDPOINT,dump_zone_3,load_zone_26,0.000264,0.000708
539.0,2026-07-02T14:50:22.354,2,606.29,195.81,9.525,-0.5,0.0,GOING_TO_ENDPOINT,dump_zone_3,load_zone_26,0.00025,0.00067
539.0,2026-07-02T14:50:22.354,3,-100.737,451.736,0.0,-0.5,1000.0,RETURNING_TO_START,load_zone_22,dump_zone_22,0.00025,0.00067
540.0,2026-07-02T14:50:25.268,1,602.5,48.315,27.625,-0.2288,0.0,GOING_TO_ENDPOINT,dump_zone_3,load_zone_26,0.00025,0.00067
540.0,2026-07-02T14:50:25.268,2,604.181,196.901,7.75,-0.4167,0.0,GOING_TO_ENDPOINT,dump_zone_3,load_zone_26,0.00025,0.00067
540.0,2026-07-02T14:50:25.268,3,-100.737,451.736,0.0,-0.5,1000.0,RETURNING_TO_START,load_zone_22,dump_zone_22,0.00025,0.00067
541.0,2026-07-02T14:50:28.517,1,602.5,40.786,27.068,0.1591,0.0,GOING_TO_ENDPOINT,dump_zone_3,load_zone_26,0.000281,0.000753
541.0,2026-07-02T14:50:28.517,2,602.469,197.731,6.05,-0.4167,0.0,GOING_TO_ENDPOINT,dump_zone_3,load_zone_26,0.00025,0.00067
541.0,2026-07-02T14:50:28.517,3,-100.737,451.736,0.0,-0.5,1000.0,RETURNING_TO_START,load_zone_22,dump_zone_22,0.00025,0.00067
542.0,2026-07-02T14:50:32.896,1,602.5,33.055,28.591,0.4091,0.0,GOING_TO_ENDPOINT,dump_zone_3,load_zone_26,0.000306,0.00082
542.0,2026-07-02T14:50:32.896,2,601.108,198.313,4.685,-0.5,0.0,GOING_TO_ENDPOINT,dump_zone_3,load_zone_26,0.00025,0.00067
542.0,2026-07-02T14:50:32.896,3,-100.737,451.736,0.0,-0.5,1000.0,RETURNING_TO_START,load_zone_22,dump_zone_22,0.00025,0.00067
543.0,2026-07-02T14:50:36.141,1,602.5,25.001,28.964,-0.0909,0.0,GOING_TO_ENDPOINT,dump_zone_3,load_zone_26,0.00026,0.000697
543.0,2026-07-02T14:50:36.141,2,600.086,198.495,3.01,-0.4167,0.0,GOING_TO_ENDPOINT,dump_zone_3,load_zone_26,0.00025,0.00067
543.0,2026-07-02T14:50:36.141,3,-100.737,451.736,0.0,-0.5,1000.0,RETURNING_TO_START,load_zone_22,dump_zone_22,0.00025,0.00067
544.0,2026-07-02T14:50:39.688,1,602.5,17.073,28.156,-0.2304,0.0,GOING_TO_ENDPOINT,dump_zone_3,load_zone_26,0.00025,0.00067
544.0,2026-07-02T14:50:39.688,2,599.268,198.451,3.46,0.5833,0.0,GOING_TO_ENDPOINT,dump_zone_3,load_zone_26,0.000259,0.000694
544.0,2026-07-02T14:50:39.688,3,-100.737,451.736,0.0,-0.5,1000.0,RETURNING_TO_START,load_zone_22,dump_zone_22,0.00025,0.00067
545.0,2026-07-02T14:50:42.029,1,602.5,9.365,27.367,-0.3645,0.0,GOING_TO_ENDPOINT,dump_zone_3,load_zone_26,0.00025,0.00067
545.0,2026-07-02T14:50:42.029,2,597.92,197.969,6.81,1.0,0.0,GOING_TO_ENDPOINT,dump_zone_3,load_zone_26,0.000276,0.00074
545.0,2026-07-02T14:50:42.029,3,-100.737,451.736,0.0,-0.5,1000.0,RETURNING_TO_START,load_zone_22,dump_zone_22,0.00025,0.00067
546.0,2026-07-02T14:50:43.991,1,602.5,1.84,27.404,0.4688,0.0,GOING_TO_ENDPOINT,dump_zone_3,load_zone_26,0.000309,0.000828
546.0,2026-07-02T14:50:43.991,2,596.318,196.189,10.41,1.0,0.0,GOING_TO_ENDPOINT,dump_zone_3,load_zone_26,0.00029,0.000777
546.0,2026-07-02T14:50:43.991,3,-100.737,451.736,0.0,-0.5,1000.0,RETURNING_TO_START,load_zone_22,dump_zone_22,0.00025,0.00067
547.0,2026-07-02T14:50:46.423,1,602.5,-6.013,28.533,-0.1173,0.0,GOING_TO_ENDPOINT,dump_zone_3,load_zone_26,0.000257,0.000689
547.0,2026-07-02T14:50:46.423,2,596.354,192.862,14.01,1.0,0.0,GOING_TO_ENDPOINT,dump_zone_3,load_zone_26,0.000304,0.000815
547.0,2026-07-02T14:50:46.423,3,-100.737,451.736,0.0,-0.5,1000.0,RETURNING_TO_START,load_zone_22,dump_zone_22,0.00025,0.00067
548.0,2026-07-02T14:50:49.156,1,602.5,-13.804,27.47,-0.3642,0.0,GOING_TO_ENDPOINT,dump_zone_3,load_zone_26,0.00025,0.00067
548.0,2026-07-02T14:50:49.156,2,598.839,189.197,17.61,1.0,0.0,GOING_TO_ENDPOINT,dump_zone_3,load_zone_26,0.000318,0.000852
548.0,2026-07-02T14:50:49.156,3,-100.737,451.736,0.0,-0.5,1000.0,RETURNING_TO_START,load_zone_22,dump_zone_22,0.00025,0.00067
549.0,2026-07-02T14:50:51.397,1,602.5,-21.408,27.409,-0.0309,0.0,GOING_TO_ENDPOINT,dump_zone_3,load_zone_26,0.000265,0.00071
549.0,2026-07-02T14:50:51.397,2,601.223,184.325,21.21,1.0,0.0,GOING_TO_ENDPOINT,dump_zone_3,load_zone_26,0.000332,0.00089
549.0,2026-07-02T14:50:51.397,3,-100.737,451.736,0.0,-0.5,1000.0,RETURNING_TO_START,load_zone_22,dump_zone_22,0.00025,0.00067
550.0,2026-07-02T14:50:54.099,1,602.5,-29.103,28.152,0.3654,0.0,GOING_TO_ENDPOINT,dump_zone_3,load_zone_26,0.000301,0.000807
550.0,2026-07-02T14:50:54.099,2,602.426,178.038,24.81,1.0,0.0,GOING_TO_ENDPOINT,dump_zone_3,load_zone_26,0.000346,0.000927
550.0,2026-07-02T14:50:54.099,3,-100.737,451.736,0.0,-0.5,1000.0,RETURNING_TO_START,load_zone_22,dump_zone_22,0.00025,0.00067
551.0,2026-07-02T14:50:56.748,1,602.5,-36.982,28.432,0.0915,0.0,GOING_TO_ENDPOINT,dump_zone_3,load_zone_26,0.000276,0.00074
551.0,2026-07-02T14:50:56.748,2,602.509,170.702,27.285,0.25,0.0,GOING_TO_ENDPOINT,dump_zone_3,load_zone_26,0.000289,0.000775
551.0,2026-07-02T14:50:56.748,3,-100.737,451.736,0.0,-0.5,1000.0,RETURNING_TO_START,load_zone_22,dump_zone_22,0.00025,0.00067
552.0,2026-07-02T14:50:59.180,1,602.5,-44.753,27.37,-0.25,0.0,GOING_TO_ENDPOINT,dump_zone_3,load_zone_26,0.00025,0.00067
552.0,2026-07-02T14:50:59.180,2,602.499,163.167,26.735,-0.25,0.0,GOING_TO_ENDPOINT,dump_zone_3,load_zone_26,0.00025,0.00067
552.0,2026-07-02T14:50:59.180,3,-100.737,451.736,0.0,-0.5,1000.0,RETURNING_TO_START,load_zone_22,dump_zone_22,0.00025,0.00067
553.0,2026-07-02T14:51:02.332,1,602.5,-52.39,27.873,0.397,0.0,GOING_TO_ENDPOINT,dump_zone_3,load_zone_26,0.000303,0.000812
553.0,2026-07-02T14:51:02.332,2,602.5,155.863,26.085,0.0833,0.0,GOING_TO_ENDPOINT,dump_zone_3,load_zone_26,0.000274,0.000734
553.0,2026-07-02T14:51:02.332,3,-100.737,451.736,0.0,-0.5,1000.0,RETURNING_TO_START,load_zone_22,dump_zone_22,0.00025,0.00067
554.0,2026-07-02T14:51:04.914,1,602.5,-60.291,28.604,-0.1581,0.0,GOING_TO_ENDPOINT,dump_zone_3,load_zone_26,0.000254,0.000681
554.0,2026-07-02T14:51:04.914,2,602.5,148.417,27.524,0.3592,0.0,GOING_TO_ENDPOINT,dump_zone_3,load_zone_26,0.000299,0.000801
554.0,2026-07-02T14:51:04.914,3,-100.737,451.736,0.0,-0.5,1000.0,RETURNING_TO_START,load_zone_22,dump_zone_22,0.00025,0.00067
555.0,2026-07-02T14:51:06.926,1,602.5,-68.007,26.964,-0.5,0.0,GOING_TO_ENDPOINT,dump_zone_3,load_zone_26,0.00025,0.00067
555.0,2026-07-02T14:51:06.926,2,602.5,140.701,27.968,0.0259,0.0,GOING_TO_ENDPOINT,dump_zone_3,load_zone_26,0.00027,0.000724
555.0,2026-07-02T14:51:06.926,3,-100.737,451.736,0.0,-0.5,1000.0,RETURNING_TO_START,load_zone_22,dump_zone_22,0.00025,0.00067
556.0,2026-07-02T14:51:08.947,1,602.5,-75.227,25.164,-0.5,0.0,GOING_TO_ENDPOINT,dump_zone_3,load_zone_26,0.00025,0.00067
556.0,2026-07-02T14:51:08.947,2,602.5,132.983,27.613,-0.1606,0.0,GOING_TO_ENDPOINT,dump_zone_3,load_zone_26,0.000253,0.000678
556.0,2026-07-02T14:51:08.947,3,-100.737,451.736,0.0,-0.5,1000.0,RETURNING_TO_START,load_zone_22,dump_zone_22,0.00025,0.00067
557.0,2026-07-02T14:51:10.950,1,602.5,-81.946,23.364,-0.5,0.0,GOING_TO_ENDPOINT,dump_zone_3,load_zone_26,0.00025,0.00067
557.0,2026-07-02T14:51:10.950,2,602.5,125.365,27.159,-0.0817,0.0,GOING_TO_ENDPOINT,dump_zone_3,load_zone_26,0.00026,0.000697
557.0,2026-07-02T14:51:10.950,3,-100.737,451.736,0.0,-0.5,1000.0,RETURNING_TO_START,load_zone_22,dump_zone_22,0.00025,0.00067
558.0,2026-07-02T14:51:12.637,1,602.5,-88.165,21.564,-0.5,0.0,GOING_TO_ENDPOINT,dump_zone_3,load_zone_26,0.00025,0.00067
558.0,2026-07-02T14:51:12.637,2,602.5,117.728,27.779,0.0129,0.0,GOING_TO_ENDPOINT,dump_zone_3,load_zone_26,0.000269,0.000721
558.0,2026-07-02T14:51:12.637,3,-100.737,451.736,0.0,-0.5,1000.0,RETURNING_TO_START,load_zone_22,dump_zone_22,0.00025,0.00067
559.0,2026-07-02T14:51:14.465,1,602.5,-93.884,19.764,-0.5,0.0,GOING_TO_ENDPOINT,dump_zone_3,load_zone_26,0.00025,0.00067
559.0,2026-07-02T14:51:14.465,2,602.5,110.017,27.661,-0.0419,0.0,GOING_TO_ENDPOINT,dump_zone_3,load_zone_26,0.000264,0.000708
559.0,2026-07-02T14:51:14.465,3,-100.737,451.736,0.0,-0.5,1000.0,RETURNING_TO_START,load_zone_22,dump_zone_22,0.00025,0.00067
560.0,2026-07-02T14:51:16.678,1,602.502,-99.104,17.989,-0.4167,0.0,GOING_TO_ENDPOINT,dump_zone_3,load_zone_26,0.00025,0.00067
560.0,2026-07-02T14:51:16.678,2,602.5,102.186,28.71,0.1248,0.0,GOING_TO_ENDPOINT,dump_zone_3,load_zone_26,0.00028,0.00075
560.0,2026-07-02T14:51:16.678,3,-100.737,451.736,0.0,-0.5,1000.0,RETURNING_TO_START,load_zone_22,dump_zone_22,0.00025,0.00067
561.0,2026-07-02T14:51:18.745,1,605.554,-102.634,18.439,0.5833,0.0,GOING_TO_ENDPOINT,dump_zone_3,load_zone_26,0.000296,0.000793
561.0,2026-07-02T14:51:18.745,2,602.5,94.332,27.564,-0.5,0.0,GOING_TO_ENDPOINT,dump_zone_3,load_zone_26,0.00025,0.00067
561.0,2026-07-02T14:51:18.745,3,-100.737,451.736,0.0,-0.5,1000.0,RETURNING_TO_START,load_zone_22,dump_zone_22,0.00025,0.00067
562.0,2026-07-02T14:51:20.480,1,610.497,-100.612,21.789,1.0,0.0,GOING_TO_ENDPOINT,dump_zone_3,load_zone_26,0.000334,0.000895
562.0,2026-07-02T14:51:20.480,2,602.5,86.82,26.714,-0.25,0.0,GOING_TO_ENDPOINT,dump_zone_3,load_zone_26,0.00025,0.00067
562.0,2026-07-02T14:51:20.480,3,-100.737,451.736,0.0,-0.5,1000.0,RETURNING_TO_START,load_zone_22,dump_zone_22,0.00025,0.00067
563.0,2026-07-02T14:51:22.673,1,616.163,-97.622,24.264,0.25,0.0,GOING_TO_ENDPOINT,dump_zone_3,load_zone_26,0.000285,0.000764
563.0,2026-07-02T14:51:22.673,2,602.5,79.326,27.714,0.5833,0.0,GOING_TO_ENDPOINT,dump_zone_3,load_zone_26,0.00032,0.000858
563.0,2026-07-02T14:51:22.673,3,-100.737,451.736,0.0,-0.5,1000.0,RETURNING_TO_START,load_zone_22,dump_zone_22,0.00025,0.00067
564.0,2026-07-02T14:51:24.646,1,622.819,-97.414,23.364,-0.5,0.0,GOING_TO_ENDPOINT,dump_zone_3,load_zone_26,0.00025,0.00067
564.0,2026-07-02T14:51:24.646,2,602.5,71.415,28.899,0.1015,0.0,GOING_TO_ENDPOINT,dump_zone_3,load_zone_26,0.000278,0.000745
564.0,2026-07-02T14:51:24.646,3,-100.737,451.736,0.0,-0.5,1000.0,RETURNING_TO_START,load_zone_22,dump_zone_22,0.00025,0.00067
565.0,2026-07-02T14:51:26.507,1,629.037,-97.496,21.564,-0.5,0.0,GOING_TO_ENDPOINT,dump_zone_3,load_zone_26,0.00025,0.00067
565.0,2026-07-02T14:51:26.507,2,602.5,63.475,28.111,-0.3581,0.0,GOING_TO_ENDPOINT,dump_zone_3,load_zone_26,0.00025,0.00067
565.0,2026-07-02T14:51:26.507,3,-100.737,451.736,0.0,-0.5,1000.0,RETURNING_TO_START,load_zone_22,dump_zone_22,0.00025,0.00067
566.0,2026-07-02T14:51:28.609,1,634.756,-97.504,19.764,-0.5,0.0,GOING_TO_ENDPOINT,dump_zone_3,load_zone_26,0.00025,0.00067
566.0,2026-07-02T14:51:28.609,2,602.5,55.746,27.422,-0.3581,0.0,GOING_TO_ENDPOINT,dump_zone_3,load_zone_26,0.00025,0.00067
566.0,2026-07-02T14:51:28.609,3,-100.737,451.736,0.0,-0.5,1000.0,RETURNING_TO_START,load_zone_22,dump_zone_22,0.00025,0.00067
567.0,2026-07-02T14:51:31.004,1,639.975,-97.5,17.964,-0.5,0.0,GOING_TO_ENDPOINT,dump_zone_3,load_zone_26,0.00025,0.00067
567.0,2026-07-02T14:51:31.004,2,602.5,48.123,27.833,0.3086,0.0,GOING_TO_ENDPOINT,dump_zone_3,load_zone_26,0.000295,0.000791
567.0,2026-07-02T14:51:31.004,3,-100.737,451.736,0.0,-0.5,1000.0,RETURNING_TO_START,load_zone_22,dump_zone_22,0.00025,0.00067
568.0,2026-07-02T14:51:33.388,1,644.695,-97.5,16.164,-0.5,0.0,GOING_TO_ENDPOINT,dump_zone_3,load_zone_26,0.00025,0.00067
568.0,2026-07-02T14:51:33.388,2,602.5,40.117,29.446,0.126,0.0,GOING_TO_ENDPOINT,dump_zone_3,load_zone_26,0.000281,0.000753
568.0,2026-07-02T14:51:33.388,3,-100.737,451.736,0.0,-0.5,1000.0,RETURNING_TO_START,load_zone_22,dump_zone_22,0.00025,0.00067
569.0,2026-07-02T14:51:36.320,1,648.91,-97.602,14.364,-0.5,0.0,GOING_TO_ENDPOINT,dump_zone_3,load_zone_26,0.00025,0.00067
569.0,2026-07-02T14:51:36.320,2,602.5,32.023,28.612,-0.5,0.0,GOING_TO_ENDPOINT,dump_zone_3,load_zone_26,0.00025,0.00067
569.0,2026-07-02T14:51:36.320,3,-100.737,451.736,0.0,-0.5,1000.0,RETURNING_TO_START,load_zone_22,dump_zone_22,0.00025,0.00067
570.0,2026-07-02T14:51:39.252,1,652.331,-98.924,12.564,-0.5,0.0,GOING_TO_ENDPOINT,dump_zone_3,load_zone_26,0.00025,0.00067
570.0,2026-07-02T14:51:39.252,2,602.5,24.326,27.187,-0.0833,0.0,GOING_TO_ENDPOINT,dump_zone_3,load_zone_26,0.00026,0.000697
570.0,2026-07-02T14:51:39.252,3,-100.737,451.736,0.0,-0.5,1000.0,RETURNING_TO_START,load_zone_22,dump_zone_22,0.00025,0.00067
571.0,2026-07-02T14:51:41.351,1,654.788,-101.145,11.889,0.25,0.0,GOING_TO_ENDPOINT,dump_zone_3,load_zone_26,0.000267,0.000716
571.0,2026-07-02T14:51:41.351,2,602.5,16.714,27.687,0.0833,0.0,GOING_TO_ENDPOINT,dump_zone_3,load_zone_26,0.000275,0.000737
571.0,2026-07-02T14:51:41.351,3,-100.737,451.736,0.0,-0.5,1000.0,RETURNING_TO_START,load_zone_22,dump_zone_22,0.00025,0.00067
572.0,2026-07-02T14:51:42.931,1,657.35,-103.735,14.589,1.0,0.0,GOING_TO_ENDPOINT,dump_zone_3,load_zone_26,0.000306,0.00082
572.0,2026-07-02T14:51:42.931,2,602.5,8.91,28.602,0.3268,0.0,GOING_TO_ENDPOINT,dump_zone_3,load_zone_26,0.000298,0.000799
572.0,2026-07-02T14:51:42.931,3,-100.737,451.736,0.0,-0.5,1000.0,RETURNING_TO_START,load_zone_22,dump_zone_22,0.00025,0.00067
573.0,2026-07-02T14:51:44.485,1,660.567,-107.015,18.189,1.0,0.0,GOING_TO_ENDPOINT,dump_zone_3,load_zone_26,0.00032,0.000858
573.0,2026-07-02T14:51:44.485,2,602.5,0.86,28.979,-0.2565,0.0,GOING_TO_ENDPOINT,dump_zone_3,load_zone_26,0.00025,0.00067
573.0,2026-07-02T14:51:44.485,3,-100.737,451.736,0.0,-0.5,1000.0,RETURNING_TO_START,load_zone_22,dump_zone_22,0.00025,0.00067
574.0,2026-07-02T14:51:46.444,1,664.513,-110.98,21.789,1.0,0.0,GOING_TO_ENDPOINT,dump_zone_3,load_zone_26,0.000334,0.000895
574.0,2026-07-02T14:51:46.444,2,602.5,-7.131,28.656,-0.2565,0.0,GOING_TO_ENDPOINT,dump_zone_3,load_zone_26,0.00025,0.00067
574.0,2026-07-02T14:51:46.444,3,-100.737,451.736,0.0,-0.5,1000.0,RETURNING_TO_START,load_zone_22,dump_zone_22,0.00025,0.00067
575.0,2026-07-02T14:51:48.714,1,669.176,-115.642,25.389,1.0,0.0,GOING_TO_ENDPOINT,dump_zone_3,load_zone_26,0.000348,0.000933
575.0,2026-07-02T14:51:48.714,2,602.5,-14.942,27.646,-0.1992,0.0,GOING_TO_ENDPOINT,dump_zone_3,load_zone_26,0.00025,0.00067
575.0,2026-07-02T14:51:48.714,3,-100.737,451.736,0.0,-0.5,1000.0,RETURNING_TO_START,load_zone_22,dump_zone_22,0.00025,0.00067
576.0,2026-07-02T14:51:51.164,1,674.482,-120.946,27.895,0.2628,0.0,GOING_TO_ENDPOINT,dump_zone_3,load_zone_26,0.000291,0.00078
576.0,2026-07-02T14:51:51.164,2,602.5,-22.723,28.829,0.6341,0.0,GOING_TO_ENDPOINT,dump_zone_3,load_zone_26,0.000327,0.000876
576.0,2026-07-02T14:51:51.164,3,-100.737,451.736,0.0,-0.5,1000.0,RETURNING_TO_START,load_zone_22,dump_zone_22,0.00025,0.00067
577.0,2026-07-02T14:51:52.979,1,679.916,-126.381,27.03,-0.5,0.0,GOING_TO_ENDPOINT,dump_zone_3,load_zone_26,0.00025,0.00067
577.0,2026-07-02T14:51:52.979,2,602.5,-30.864,29.162,-0.3659,0.0,GOING_TO_ENDPOINT,dump_zone_3,load_zone_26,0.00025,0.00067
577.0,2026-07-02T14:51:52.979,3,-100.737,451.736,0.0,-0.5,1000.0,RETURNING_TO_START,load_zone_22,dump_zone_22,0.00025,0.00067
578.0,2026-07-02T14:51:54.826,1,685.034,-131.498,25.23,-0.5,0.0,GOING_TO_ENDPOINT,dump_zone_3,load_zone_26,0.00025,0.00067
578.0,2026-07-02T14:51:54.826,2,602.5,-38.736,27.827,-0.25,0.0,GOING_TO_ENDPOINT,dump_zone_3,load_zone_26,0.00025,0.00067
578.0,2026-07-02T14:51:54.826,3,-100.737,451.736,0.0,-0.5,1000.0,RETURNING_TO_START,load_zone_22,dump_zone_22,0.00025,0.00067
579.0,2026-07-02T14:51:56.624,1,689.798,-136.262,23.43,-0.5,0.0,GOING_TO_ENDPOINT,dump_zone_3,load_zone_26,0.00025,0.00067
579.0,2026-07-02T14:51:56.624,2,602.5,-46.511,28.377,0.25,0.0,GOING_TO_ENDPOINT,dump_zone_3,load_zone_26,0.000291,0.00078
579.0,2026-07-02T14:51:56.624,3,-100.737,451.736,0.0,-0.5,1000.0,RETURNING_TO_START,load_zone_22,dump_zone_22,0.00025,0.00067
580.0,2026-07-02T14:51:58.325,1,694.208,-140.673,21.63,-0.5,0.0,GOING_TO_ENDPOINT,dump_zone_3,load_zone_26,0.00025,0.00067
580.0,2026-07-02T14:51:58.325,2,602.5,-54.411,28.584,0.1187,0.0,GOING_TO_ENDPOINT,dump_zone_3,load_zone_26,0.000279,0.000748
580.0,2026-07-02T14:51:58.325,3,-100.737,451.736,0.0,-0.5,1000.0,RETURNING_TO_START,load_zone_22,dump_zone_22,0.00025,0.00067
581.0,2026-07-02T14:52:00.180,1,698.265,-144.73,19.83,-0.5,0.0,GOING_TO_ENDPOINT,dump_zone_3,load_zone_26,0.00025,0.00067
581.0,2026-07-02T14:52:00.180,2,602.5,-62.221,27.383,-0.5,0.0,GOING_TO_ENDPOINT,dump_zone_3,load_zone_26,0.00025,0.00067
581.0,2026-07-02T14:52:00.180,3,-100.737,451.736,0.0,-0.5,1000.0,RETURNING_TO_START,load_zone_22,dump_zone_22,0.00025,0.00067
582.0,2026-07-02T14:52:01.838,1,701.742,-148.626,18.03,-0.5,0.0,GOING_TO_ENDPOINT,dump_zone_3,load_zone_26,0.00025,0.00067
582.0,2026-07-02T14:52:01.838,2,602.5,-69.556,25.583,-0.5,0.0,GOING_TO_ENDPOINT,dump_zone_3,load_zone_26,0.00025,0.00067
582.0,2026-07-02T14:52:01.838,3,-100.737,451.736,0.0,-0.5,1000.0,RETURNING_TO_START,load_zone_22,dump_zone_22,0.00025,0.00067
583.0,2026-07-02T14:52:04.313,1,703.144,-153.031,16.355,-0.4167,0.0,GOING_TO_ENDPOINT,dump_zone_3,load_zone_26,0.00025,0.00067
583.0,2026-07-02T14:52:04.313,2,602.5,-76.392,23.783,-0.5,0.0,GOING_TO_ENDPOINT,dump_zone_3,load_zone_26,0.00025,0.00067
583.0,2026-07-02T14:52:04.313,3,-100.737,451.736,0.0,-0.5,1000.0,RETURNING_TO_START,load_zone_22,dump_zone_22,0.00025,0.00067
584.0,2026-07-02T14:52:06.053,1,702.626,-157.527,16.755,0.4167,0.0,GOING_TO_ENDPOINT,dump_zone_3,load_zone_26,0.000283,0.000758
584.0,2026-07-02T14:52:06.053,2,602.5,-82.727,21.983,-0.5,0.0,GOING_TO_ENDPOINT,dump_zone_3,load_zone_26,0.00025,0.00067
584.0,2026-07-02T14:52:06.053,3,-100.737,451.736,0.0,-0.5,1000.0,RETURNING_TO_START,load_zone_22,dump_zone_22,0.00025,0.00067
585.0,2026-07-02T14:52:08.172,1,702.494,-162.427,18.205,0.0833,0.0,GOING_TO_ENDPOINT,dump_zone_3,load_zone_26,0.000266,0.000713
585.0,2026-07-02T14:52:08.172,2,602.5,-88.563,20.183,-0.5,0.0,GOING_TO_ENDPOINT,dump_zone_3,load_zone_26,0.00025,0.00067
585.0,2026-07-02T14:52:08.172,3,-100.737,451.736,0.0,-0.5,1000.0,RETURNING_TO_START,load_zone_22,dump_zone_22,0.00025,0.00067
586.0,2026-07-02T14:52:10.287,1,702.497,-167.339,16.93,-0.5,0.0,GOING_TO_ENDPOINT,dump_zone_3,load_zone_26,0.00025,0.00067
586.0,2026-07-02T14:52:10.287,2,602.5,-93.898,18.383,-0.5,0.0,GOING_TO_ENDPOINT,dump_zone_3,load_zone_26,0.00025,0.00067
586.0,2026-07-02T14:52:10.287,3,-100.737,451.736,0.0,-0.5,1000.0,RETURNING_TO_START,load_zone_22,dump_zone_22,0.00025,0.00067
587.0,2026-07-02T14:52:12.770,1,702.5,-171.844,15.524,-0.5,0.0,GOING_TO_ENDPOINT,dump_zone_3,load_zone_26,0.00025,0.00067
587.0,2026-07-02T14:52:12.770,2,602.676,-98.722,16.733,-0.25,0.0,GOING_TO_ENDPOINT,dump_zone_3,load_zone_26,0.00025,0.00067
587.0,2026-07-02T14:52:12.770,3,-100.737,451.736,0.0,-0.5,1000.0,RETURNING_TO_START,load_zone_22,dump_zone_22,0.00025,0.00067
588.0,2026-07-02T14:52:15.099,1,702.5,-175.885,13.724,-0.5,0.0,GOING_TO_ENDPOINT,dump_zone_3,load_zone_26,0.00025,0.00067
588.0,2026-07-02T14:52:15.099,2,606.137,-101.526,17.783,0.75,0.0,GOING_TO_ENDPOINT,dump_zone_3,load_zone_26,0.000304,0.000815
588.0,2026-07-02T14:52:15.099,3,-100.737,451.736,0.0,-0.5,1000.0,RETURNING_TO_START,load_zone_22,dump_zone_22,0.00025,0.00067
589.0,2026-07-02T14:52:17.573,1,702.5,-179.426,11.924,-0.5,0.0,GOING_TO_ENDPOINT,dump_zone_3,load_zone_26,0.00025,0.00067
589.0,2026-07-02T14:52:17.573,2,610.96,-99.277,21.283,0.9167,0.0,GOING_TO_ENDPOINT,dump_zone_3,load_zone_26,0.000327,0.000876
589.0,2026-07-02T14:52:17.573,3,-100.737,451.736,0.0,-0.5,1000.0,RETURNING_TO_START,load_zone_22,dump_zone_22,0.00025,0.00067
590.0,2026-07-02T14:52:20.177,1,702.5,-182.473,10.274,-0.25,0.0,GOING_TO_ENDPOINT,dump_zone_3,load_zone_26,0.00025,0.00067
590.0,2026-07-02T14:52:20.177,2,616.809,-97.52,22.633,-0.0833,0.0,GOING_TO_ENDPOINT,dump_zone_3,load_zone_26,0.000258,0.000691
590.0,2026-07-02T14:52:20.177,3,-100.737,451.736,0.0,-0.5,1000.0,RETURNING_TO_START,load_zone_22,dump_zone_22,0.00025,0.00067
591.0,2026-07-02T14:52:22.702,1,702.5,-185.12,8.724,-0.5,0.0,GOING_TO_ENDPOINT,dump_zone_3,load_zone_26,0.00025,0.00067
591.0,2026-07-02T14:52:22.702,2,622.887,-97.457,21.083,-0.5,0.0,GOING_TO_ENDPOINT,dump_zone_3,load_zone_26,0.00025,0.00067
591.0,2026-07-02T14:52:22.702,3,-100.737,451.736,0.0,-0.5,1000.0,RETURNING_TO_START,load_zone_22,dump_zone_22,0.00025,0.00067
592.0,2026-07-02T14:52:24.593,1,702.5,-187.278,6.974,-0.5,0.0,GOING_TO_ENDPOINT,dump_zone_3,load_zone_26,0.00025,0.00067
592.0,2026-07-02T14:52:24.593,2,628.472,-97.504,19.283,-0.5,0.0,GOING_TO_ENDPOINT,dump_zone_3,load_zone_26,0.00025,0.00067
592.0,2026-07-02T14:52:24.593,3,-100.737,451.736,0.0,-0.5,1000.0,RETURNING_TO_START,load_zone_22,dump_zone_22,0.00025,0.00067
593.0,2026-07-02T14:52:26.399,1,702.491,-188.944,5.174,-0.5,0.0,GOING_TO_ENDPOINT,dump_zone_3,load_zone_26,0.00025,0.00067
593.0,2026-07-02T14:52:26.399,2,633.558,-97.502,17.483,-0.5,0.0,GOING_TO_ENDPOINT,dump_zone_3,load_zone_26,0.00025,0.00067
593.0,2026-07-02T14:52:26.399,3,-100.737,451.736,0.0,-0.5,1000.0,RETURNING_TO_START,load_zone_22,dump_zone_22,0.00025,0.00067
594.0,2026-07-02T14:52:27.898,1,702.561,-190.105,3.374,-0.5,0.0,LOADING,dump_zone_3,load_zone_26,0.00025,0.00067
594.0,2026-07-02T14:52:27.898,2,638.143,-97.5,15.683,-0.5,0.0,GOING_TO_ENDPOINT,dump_zone_3,load_zone_26,0.00025,0.00067
594.0,2026-07-02T14:52:27.898,3,-100.737,451.736,0.0,-0.5,1000.0,RETURNING_TO_START,load_zone_22,dump_zone_22,0.00025,0.00067
595.0,2026-07-02T14:52:29.413,1,702.742,-190.746,1.574,-0.5,0.0,LOADING,dump_zone_3,load_zone_26,0.00025,0.00067
595.0,2026-07-02T14:52:29.413,2,642.229,-97.5,13.883,-0.5,0.0,GOING_TO_ENDPOINT,dump_zone_3,load_zone_26,0.00025,0.00067
595.0,2026-07-02T14:52:29.413,3,-100.737,451.736,0.0,-0.5,1000.0,RETURNING_TO_START,load_zone_22,dump_zone_22,0.00025,0.00067
596.0,2026-07-02T14:52:30.837,1,702.805,-190.907,0.0,-0.5,0.0,LOADING,dump_zone_3,load_zone_26,0.00025,0.00067
596.0,2026-07-02T14:52:30.837,2,645.814,-97.5,12.083,-0.5,0.0,GOING_TO_ENDPOINT,dump_zone_3,load_zone_26,0.00025,0.00067
596.0,2026-07-02T14:52:30.837,3,-100.737,451.736,0.0,-0.5,1000.0,RETURNING_TO_START,load_zone_22,dump_zone_22,0.00025,0.00067
597.0,2026-07-02T14:52:33.703,1,702.805,-190.907,0.0,-0.5,0.0,LOADING,dump_zone_3,load_zone_26,0.00025,0.00067
597.0,2026-07-02T14:52:33.703,2,648.897,-97.576,10.283,-0.5,0.0,GOING_TO_ENDPOINT,dump_zone_3,load_zone_26,0.00025,0.00067
597.0,2026-07-02T14:52:33.703,3,-100.737,451.736,0.0,-0.5,1000.0,RETURNING_TO_START,load_zone_22,dump_zone_22,0.00025,0.00067
598.0,2026-07-02T14:52:35.504,1,704.028,-192.464,7.2,0.0,1000.0,TURNING_AROUND,load_zone_26,dump_zone_3,0.000258,0.000691
598.0,2026-07-02T14:52:35.504,2,651.37,-98.3,8.583,-0.5,0.0,GOING_TO_ENDPOINT,dump_zone_3,load_zone_26,0.00025,0.00067
598.0,2026-07-02T14:52:35.504,3,-100.737,451.736,0.0,-0.5,1000.0,RETURNING_TO_START,load_zone_22,dump_zone_22,0.00025,0.00067
599.0,2026-07-02T14:52:36.868,1,704.445,-192.852,5.4,0.0,1000.0,TURNING_AROUND,load_zone_26,dump_zone_3,0.000256,0.000686
599.0,2026-07-02T14:52:36.868,2,653.164,-99.581,7.908,0.25,0.0,GOING_TO_ENDPOINT,dump_zone_3,load_zone_26,0.000261,0.000699
599.0,2026-07-02T14:52:36.868,3,-100.737,451.736,0.0,-0.5,1000.0,RETURNING_TO_START,load_zone_22,dump_zone_22,0.00025,0.00067
600.0,2026-07-02T14:52:37.903,1,704.402,-192.666,7.2,0.0,1000.0,TURNING_AROUND,load_zone_26,dump_zone_3,0.000258,0.000691
600.0,2026-07-02T14:52:37.903,2,655.018,-101.312,10.608,1.0,0.0,GOING_TO_ENDPOINT,dump_zone_3,load_zone_26,0.000291,0.00078
600.0,2026-07-02T14:52:37.903,3,-100.737,451.736,0.0,-0.5,1000.0,RETURNING_TO_START,load_zone_22,dump_zone_22,0.00025,0.00067
601.0,2026-07-02T14:52:39.096,1,706.167,-191.769,7.2,0.0,1000.0,TURNING_AROUND,load_zone_26,dump_zone_3,0.000258,0.000691
601.0,2026-07-02T14:52:39.096,2,657.479,-103.784,14.208,1.0,0.0,GOING_TO_ENDPOINT,dump_zone_3,load_zone_26,0.000305,0.000817
601.0,2026-07-02T14:52:39.096,3,-100.737,451.736,0.0,-0.5,1000.0,RETURNING_TO_START,load_zone_22,dump_zone_22,0.00025,0.00067
602.0,2026-07-02T14:52:40.389,1,705.688,-192.555,5.4,0.0,1000.0,TURNING_AROUND,load_zone_26,dump_zone_3,0.000256,0.000686
602.0,2026-07-02T14:52:40.389,2,660.593,-107.017,17.808,1.0,0.0,GOING_TO_ENDPOINT,dump_zone_3,load_zone_26,0.000319,0.000855
602.0,2026-07-02T14:52:40.389,3,-100.737,451.736,0.0,-0.5,1000.0,RETURNING_TO_START,load_zone_22,dump_zone_22,0.00025,0.00067
603.0,2026-07-02T14:52:42.175,1,705.787,-192.148,0.0,-0.0833,1000.0,RETURNING_TO_START,load_zone_26,dump_zone_3,0.00025,0.00067
603.0,2026-07-02T14:52:42.175,2,664.45,-110.92,21.408,1.0,0.0,GOING_TO_ENDPOINT,dump_zone_3,load_zone_26,0.000333,0.000892
603.0,2026-07-02T14:52:42.175,3,-100.737,451.736,0.0,-0.5,1000.0,RETURNING_TO_START,load_zone_22,dump_zone_22,0.00025,0.00067
604.0,2026-07-02T14:52:44.132,1,705.783,-191.982,1.65,0.9167,1000.0,RETURNING_TO_START,load_zone_26,dump_zone_3,0.00026,0.000697
604.0,2026-07-02T14:52:44.132,2,669.039,-115.507,24.983,0.9167,0.0,GOING_TO_ENDPOINT,dump_zone_3,load_zone_26,0.00034,0.000911
604.0,2026-07-02T14:52:44.132,3,-100.737,451.736,0.0,-0.5,1000.0,RETURNING_TO_START,load_zone_22,dump_zone_22,0.00025,0.00067
605.0,2026-07-02T14:52:46.206,1,705.61,-191.0,5.25,1.0,1000.0,RETURNING_TO_START,load_zone_26,dump_zone_3,0.000284,0.000761
605.0,2026-07-02T14:52:46.206,2,674.249,-120.713,27.383,0.25,0.0,GOING_TO_ENDPOINT,dump_zone_3,load_zone_26,0.00029,0.000777
605.0,2026-07-02T14:52:46.206,3,-100.737,451.736,0.0,-0.5,1000.0,RETURNING_TO_START,load_zone_22,dump_zone_22,0.00025,0.00067
606.0,2026-07-02T14:52:48.052,1,704.6,-189.291,8.85,1.0,1000.0,RETURNING_TO_START,load_zone_26,dump_zone_3,0.000307,0.000823
606.0,2026-07-02T14:52:48.052,2,679.578,-126.043,26.483,-0.5,0.0,GOING_TO_ENDPOINT,dump_zone_3,load_zone_26,0.00025,0.00067
606.0,2026-07-02T14:52:48.052,3,-100.737,451.736,0.0,-0.5,1000.0,RETURNING_TO_START,load_zone_22,dump_zone_22,0.00025,0.00067
607.0,2026-07-02T14:52:50.304,1,702.456,-187.195,12.45,1.0,1000.0,RETURNING_TO_START,load_zone_26,dump_zone_3,0.00033,0.000884
607.0,2026-07-02T14:52:50.304,2,684.588,-131.053,24.683,-0.5,0.0,GOING_TO_ENDPOINT,dump_zone_3,load_zone_26,0.00025,0.00067
607.0,2026-07-02T14:52:50.304,3,-100.737,451.736,0.0,-0.5,1000.0,RETURNING_TO_START,load_zone_22,dump_zone_22,0.00025,0.00067
608.0,2026-07-02T14:52:52.741,1,699.759,-184.248,16.05,1.0,1000.0,RETURNING_TO_START,load_zone_26,dump_zone_3,0.000353,0.000946
608.0,2026-07-02T14:52:52.741,2,689.245,-135.71,22.883,-0.5,0.0,GOING_TO_ENDPOINT,dump_zone_3,load_zone_26,0.00025,0.00067
608.0,2026-07-02T14:52:52.741,3,-100.737,451.736,0.0,-0.5,1000.0,RETURNING_TO_START,load_zone_22,dump_zone_22,0.00025,0.00067
609.0,2026-07-02T14:52:55.154,1,697.749,-179.763,19.114,0.5068,1000.0,RETURNING_TO_START,load_zone_26,dump_zone_3,0.000322,0.000863
609.0,2026-07-02T14:52:55.154,2,693.548,-140.013,21.083,-0.5,0.0,GOING_TO_ENDPOINT,dump_zone_3,load_zone_26,0.00025,0.00067
609.0,2026-07-02T14:52:55.154,3,-100.737,451.736,0.0,-0.5,1000.0,RETURNING_TO_START,load_zone_22,dump_zone_22,0.00025,0.00067
610.0,2026-07-02T14:52:56.895,1,697.441,-174.407,18.989,-0.4932,1000.0,RETURNING_TO_START,load_zone_26,dump_zone_3,0.00025,0.00067
610.0,2026-07-02T14:52:56.895,2,697.498,-143.962,19.283,-0.5,0.0,GOING_TO_ENDPOINT,dump_zone_3,load_zone_26,0.00025,0.00067
610.0,2026-07-02T14:52:56.895,3,-100.737,451.736,0.0,-0.5,1000.0,RETURNING_TO_START,load_zone_22,dump_zone_22,0.00025,0.00067
611.0,2026-07-02T14:52:58.922,1,697.486,-169.404,17.189,-0.5,1000.0,RETURNING_TO_START,load_zone_26,dump_zone_3,0.00025,0.00067
611.0,2026-07-02T14:52:58.922,2,701.009,-147.636,17.483,-0.5,0.0,GOING_TO_ENDPOINT,dump_zone_3,load_zone_26,0.00025,0.00067
611.0,2026-07-02T14:52:58.922,3,-100.737,451.736,0.0,-0.5,1000.0,RETURNING_TO_START,load_zone_22,dump_zone_22,0.00025,0.00067
612.0,2026-07-02T14:53:01.416,1,697.501,-164.9,15.389,-0.5,1000.0,RETURNING_TO_START,load_zone_26,dump_zone_3,0.00025,0.00067
612.0,2026-07-02T14:53:01.416,2,702.981,-151.74,15.683,-0.5,0.0,GOING_TO_ENDPOINT,dump_zone_3,load_zone_26,0.00025,0.00067
612.0,2026-07-02T14:53:01.416,3,-100.737,451.736,0.0,-0.5,1000.0,RETURNING_TO_START,load_zone_22,dump_zone_22,0.00025,0.00067
613.0,2026-07-02T14:53:04.513,1,697.5,-160.896,13.589,-0.5,1000.0,RETURNING_TO_START,load_zone_26,dump_zone_3,0.00025,0.00067
613.0,2026-07-02T14:53:04.513,2,702.159,-155.614,13.883,-0.5,0.0,GOING_TO_ENDPOINT,dump_zone_3,load_zone_26,0.00025,0.00067
613.0,2026-07-02T14:53:04.513,3,-100.737,451.736,0.0,-0.5,1000.0,RETURNING_TO_START,load_zone_22,dump_zone_22,0.00025,0.00067
614.0,2026-07-02T14:53:07.443,1,697.498,-157.391,11.824,-0.4167,1000.0,RETURNING_TO_START,load_zone_26,dump_zone_3,0.00025,0.00067
614.0,2026-07-02T14:53:07.443,2,699.429,-157.895,12.083,-0.5,0.0,GOING_TO_ENDPOINT,dump_zone_3,load_zone_26,0.00025,0.00067
614.0,2026-07-02T14:53:07.443,3,-100.737,451.736,0.0,-0.5,1000.0,RETURNING_TO_START,load_zone_22,dump_zone_22,0.00025,0.00067
615.0,2026-07-02T14:53:10.391,1,697.497,-154.232,11.079,-0.1403,1000.0,RETURNING_TO_START,load_zone_26,dump_zone_3,0.000253,0.000678
615.0,2026-07-02T14:53:10.391,2,696.594,-159.092,10.283,-0.5,0.0,GOING_TO_ENDPOINT,dump_zone_3,load_zone_26,0.00025,0.00067
615.0,2026-07-02T14:53:10.391,3,-100.737,451.736,0.0,-0.5,1000.0,RETURNING_TO_START,load_zone_22,dump_zone_22,0.00025,0.00067
616.0,2026-07-02T14:53:12.307,1,697.362,-151.36,9.568,-0.5,1000.0,RETURNING_TO_START,load_zone_26,dump_zone_3,0.00025,0.00067
616.0,2026-07-02T14:53:12.307,2,694.786,-160.907,8.858,-0.0833,0.0,GOING_TO_ENDPOINT,dump_zone_3,load_zone_26,0.000253,0.000678
616.0,2026-07-02T14:53:12.307,3,-100.737,451.736,0.0,-0.5,1000.0,RETURNING_TO_START,load_zone_22,dump_zone_22,0.00025,0.00067
617.0,2026-07-02T14:53:13.884,1,696.565,-149.049,8.893,0.25,1000.0,RETURNING_TO_START,load_zone_26,dump_zone_3,0.000271,0.000726
617.0,2026-07-02T14:53:13.884,2,694.454,-163.464,10.508,0.9167,0.0,GOING_TO_ENDPOINT,dump_zone_3,load_zone_26,0.000288,0.000772
617.0,2026-07-02T14:53:13.884,3,-100.737,451.736,0.0,-0.5,1000.0,RETURNING_TO_START,load_zone_22,dump_zone_22,0.00025,0.00067
618.0,2026-07-02T14:53:15.480,1,694.58,-147.066,11.593,1.0,1000.0,RETURNING_TO_START,load_zone_26,dump_zone_3,0.000325,0.000871
618.0,2026-07-02T14:53:15.480,2,696.427,-166.195,14.108,1.0,0.0,GOING_TO_ENDPOINT,dump_zone_3,load_zone_26,0.000305,0.000817
618.0,2026-07-02T14:53:15.480,3,-100.737,451.736,0.0,-0.5,1000.0,RETURNING_TO_START,load_zone_22,dump_zone_22,0.00025,0.00067
619.0,2026-07-02T14:53:17.482,1,691.683,-144.667,15.193,1.0,1000.0,RETURNING_TO_START,load_zone_26,dump_zone_3,0.000348,0.000933
619.0,2026-07-02T14:53:17.482,2,699.992,-168.861,17.708,1.0,0.0,GOING_TO_ENDPOINT,dump_zone_3,load_zone_26,0.000318,0.000852
619.0,2026-07-02T14:53:17.482,3,-100.737,451.736,0.0,-0.5,1000.0,RETURNING_TO_START,load_zone_22,dump_zone_22,0.00025,0.00067
620.0,2026-07-02T14:53:19.364,1,688.101,-141.53,18.793,1.0,1000.0,RETURNING_TO_START,load_zone_26,dump_zone_3,0.000371,0.000994
620.0,2026-07-02T14:53:19.364,2,702.368,-173.503,19.658,0.0833,0.0,GOING_TO_ENDPOINT,dump_zone_3,load_zone_26,0.000268,0.000718
620.0,2026-07-02T14:53:19.364,3,-100.737,451.736,0.0,-0.5,1000.0,RETURNING_TO_START,load_zone_22,dump_zone_22,0.00025,0.00067
621.0,2026-07-02T14:53:21.010,1,683.986,-137.526,22.018,0.5833,1000.0,RETURNING_TO_START,load_zone_26,dump_zone_3,0.000342,0.000917
621.0,2026-07-02T14:53:21.010,2,702.543,-178.808,18.383,-0.5,0.0,GOING_TO_ENDPOINT,dump_zone_3,load_zone_26,0.00025,0.00067
621.0,2026-07-02T14:53:21.010,3,-100.737,451.736,0.0,-0.5,1000.0,RETURNING_TO_START,load_zone_22,dump_zone_22,0.00025,0.00067
622.0,2026-07-02T14:53:22.878,1,679.522,-133.058,23.027,-0.0534,1000.0,RETURNING_TO_START,load_zone_26,dump_zone_3,0.000268,0.000718
622.0,2026-07-02T14:53:22.878,2,702.503,-183.643,16.583,-0.5,0.0,GOING_TO_ENDPOINT,dump_zone_3,load_zone_26,0.00025,0.00067
622.0,2026-07-02T14:53:22.878,3,-100.737,451.736,0.0,-0.5,1000.0,RETURNING_TO_START,load_zone_22,dump_zone_22,0.00025,0.00067
623.0,2026-07-02T14:53:24.564,1,675.089,-128.625,22.074,-0.2867,1000.0,RETURNING_TO_START,load_zone_26,dump_zone_3,0.00025,0.00067
623.0,2026-07-02T14:53:24.564,2,702.501,-187.979,14.783,-0.5,0.0,GOING_TO_ENDPOINT,dump_zone_3,load_zone_26,0.00025,0.00067
623.0,2026-07-02T14:53:24.564,3,-100.737,451.736,0.0,-0.5,1000.0,RETURNING_TO_START,load_zone_22,dump_zone_22,0.00025,0.00067
624.0,2026-07-02T14:53:26.388,1,670.935,-124.47,20.327,-0.5,1000.0,RETURNING_TO_START,load_zone_26,dump_zone_3,0.00025,0.00067
624.0,2026-07-02T14:53:26.388,2,701.88,-191.722,12.983,-0.5,0.0,GOING_TO_ENDPOINT,dump_zone_3,load_zone_26,0.00025,0.00067
624.0,2026-07-02T14:53:26.388,3,-100.737,451.736,0.0,-0.5,1000.0,RETURNING_TO_START,load_zone_22,dump_zone_22,0.00025,0.00067
625.0,2026-07-02T14:53:28.265,1,667.134,-120.669,18.527,-0.5,1000.0,RETURNING_TO_START,load_zone_26,dump_zone_3,0.00025,0.00067
625.0,2026-07-02T14:53:28.265,2,699.306,-193.691,11.183,-0.5,0.0,GOING_TO_ENDPOINT,dump_zone_3,load_zone_26,0.00025,0.00067
625.0,2026-07-02T14:53:28.265,3,-100.737,451.736,0.0,-0.5,1000.0,RETURNING_TO_START,load_zone_22,dump_zone_22,0.00025,0.00067
626.0,2026-07-02T14:53:30.231,1,663.686,-117.222,16.727,-0.5,1000.0,RETURNING_TO_START,load_zone_26,dump_zone_3,0.00025,0.00067
626.0,2026-07-02T14:53:30.231,2,696.546,-193.376,9.383,-0.5,0.0,GOING_TO_ENDPOINT,dump_zone_3,load_zone_26,0.00025,0.00067
626.0,2026-07-02T14:53:30.231,3,-100.737,451.736,0.0,-0.5,1000.0,RETURNING_TO_START,load_zone_22,dump_zone_22,0.00025,0.00067
627.0,2026-07-02T14:53:31.767,1,660.592,-114.128,14.927,-0.5,1000.0,RETURNING_TO_START,load_zone_26,dump_zone_3,0.00025,0.00067
627.0,2026-07-02T14:53:31.767,2,694.868,-191.798,7.583,-0.5,0.0,GOING_TO_ENDPOINT,dump_zone_3,load_zone_26,0.00025,0.00067
627.0,2026-07-02T14:53:31.767,3,-100.737,451.736,0.0,-0.5,1000.0,RETURNING_TO_START,load_zone_22,dump_zone_22,0.00025,0.00067
628.0,2026-07-02T14:53:33.498,1,657.798,-111.333,13.731,-0.3091,1000.0,RETURNING_TO_START,load_zone_26,dump_zone_3,0.00025,0.00067
628.0,2026-07-02T14:53:33.498,2,694.331,-190.059,5.783,-0.5,0.0,GOING_TO_ENDPOINT,dump_zone_3,load_zone_26,0.00025,0.00067
628.0,2026-07-02T14:53:33.498,3,-100.737,451.736,0.0,-0.5,1000.0,RETURNING_TO_START,load_zone_22,dump_zone_22,0.00025,0.00067
629.0,2026-07-02T14:53:35.542,1,655.277,-108.813,12.012,-0.5,1000.0,RETURNING_TO_START,load_zone_26,dump_zone_3,0.00025,0.00067
629.0,2026-07-02T14:53:35.542,2,694.458,-188.716,4.358,-0.0833,0.0,GOING_TO_ENDPOINT,dump_zone_3,load_zone_26,0.000252,0.000675
629.0,2026-07-02T14:53:35.542,3,-100.737,451.736,0.0,-0.5,1000.0,RETURNING_TO_START,load_zone_22,dump_zone_22,0.00025,0.00067
630.0,2026-07-02T14:53:38.183,1,653.097,-106.632,10.366,-0.4167,1000.0,RETURNING_TO_START,load_zone_26,dump_zone_3,0.00025,0.00067
630.0,2026-07-02T14:53:38.183,2,695.037,-187.475,6.008,0.9167,0.0,GOING_TO_ENDPOINT,dump_zone_3,load_zone_26,0.000272,0.000729
630.0,2026-07-02T14:53:38.183,3,-100.737,451.736,0.0,-0.5,1000.0,RETURNING_TO_START,load_zone_22,dump_zone_22,0.00025,0.00067
631.0,2026-07-02T14:53:42.670,1,651.25,-104.785,8.578,-0.5,1000.0,RETURNING_TO_START,load_zone_26,dump_zone_3,0.00025,0.00067
631.0,2026-07-02T14:53:42.670,2,696.737,-186.108,9.608,1.0,0.0,GOING_TO_ENDPOINT,dump_zone_3,load_zone_26,0.000287,0.000769
631.0,2026-07-02T14:53:42.670,3,-100.737,451.736,0.0,-0.5,1000.0,RETURNING_TO_START,load_zone_22,dump_zone_22,0.00025,0.00067
632.0,2026-07-02T14:53:46.941,1,649.755,-103.294,6.778,-0.5,1000.0,RETURNING_TO_START,load_zone_26,dump_zone_3,0.00025,0.00067
632.0,2026-07-02T14:53:46.941,2,699.86,-186.142,13.183,0.9167,0.0,GOING_TO_ENDPOINT,dump_zone_3,load_zone_26,0.000297,0.000796
632.0,2026-07-02T14:53:46.941,3,-100.737,451.736,0.0,-0.5,1000.0,RETURNING_TO_START,load_zone_22,dump_zone_22,0.00025,0.00067
633.0,2026-07-02T14:53:49.906,1,648.403,-102.347,5.678,0.0833,1000.0,RETURNING_TO_START,load_zone_26,dump_zone_3,0.000259,0.000694
633.0,2026-07-02T14:53:49.906,2,702.38,-188.999,14.533,-0.0833,0.0,GOING_TO_ENDPOINT,dump_zone_3,load_zone_26,0.000255,0.000683
633.0,2026-07-02T14:53:49.906,3,-100.737,451.736,0.0,-0.5,1000.0,RETURNING_TO_START,load_zone_22,dump_zone_22,0.00025,0.00067
634.0,2026-07-02T14:53:54.456,1,646.618,-101.981,7.903,1.0,1000.0,RETURNING_TO_START,load_zone_26,dump_zone_3,0.000301,0.000807
634.0,2026-07-02T14:53:54.456,2,701.522,-192.585,12.983,-0.5,0.0,GOING_TO_ENDPOINT,dump_zone_3,load_zone_26,0.00025,0.00067
634.0,2026-07-02T14:53:54.456,3,-100.737,451.736,0.0,-0.5,1000.0,RETURNING_TO_START,load_zone_22,dump_zone_22,0.00025,0.00067
635.0,2026-07-02T14:53:58.256,1,643.883,-102.034,11.503,1.0,1000.0,RETURNING_TO_START,load_zone_26,dump_zone_3,0.000324,0.000868
635.0,2026-07-02T14:53:58.256,2,698.597,-193.981,11.183,-0.5,0.0,GOING_TO_ENDPOINT,dump_zone_3,load_zone_26,0.00025,0.00067
635.0,2026-07-02T14:53:58.256,3,-100.737,451.736,0.0,-0.5,1000.0,RETURNING_TO_START,load_zone_22,dump_zone_22,0.00025,0.00067
636.0,2026-07-02T14:54:00.519,1,640.152,-102.248,15.103,1.0,1000.0,RETURNING_TO_START,load_zone_26,dump_zone_3,0.000347,0.00093
636.0,2026-07-02T14:54:00.519,2,695.961,-193.105,9.383,-0.5,0.0,GOING_TO_ENDPOINT,dump_zone_3,load_zone_26,0.00025,0.00067
636.0,2026-07-02T14:54:00.519,3,-100.737,451.736,0.0,-0.5,1000.0,RETURNING_TO_START,load_zone_22,dump_zone_22,0.00025,0.00067
637.0,2026-07-02T14:54:05.007,1,635.421,-102.462,18.678,0.9167,1000.0,RETURNING_TO_START,load_zone_26,dump_zone_3,0.000362,0.00097
637.0,2026-07-02T14:54:05.007,2,694.645,-191.214,7.583,-0.5,0.0,GOING_TO_ENDPOINT,dump_zone_3,load_zone_26,0.00025,0.00067
637.0,2026-07-02T14:54:05.007,3,-100.737,451.736,0.0,-0.5,1000.0,RETURNING_TO_START,load_zone_22,dump_zone_22,0.00025,0.00067
638.0,2026-07-02T14:54:08.552,1,629.947,-102.507,20.028,-0.0833,1000.0,RETURNING_TO_START,load_zone_26,dump_zone_3,0.000262,0.000702
638.0,2026-07-02T14:54:08.552,2,694.478,-189.402,5.783,-0.5,0.0,GOING_TO_ENDPOINT,dump_zone_3,load_zone_26,0.00025,0.00067
638.0,2026-07-02T14:54:08.552,3,-100.737,451.736,0.0,-0.5,1000.0,RETURNING_TO_START,load_zone_22,dump_zone_22,0.00025,0.00067
639.0,2026-07-02T14:54:11.910,1,624.591,-102.502,18.478,-0.5,1000.0,RETURNING_TO_START,load_zone_26,dump_zone_3,0.00025,0.00067
639.0,2026-07-02T14:54:11.910,2,694.949,-187.987,5.633,0.4167,0.0,GOING_TO_ENDPOINT,dump_zone_3,load_zone_26,0.000261,0.000699
639.0,2026-07-02T14:54:11.910,3,-100.737,451.736,0.0,-0.5,1000.0,RETURNING_TO_START,load_zone_22,dump_zone_22,0.00025,0.00067
640.0,2026-07-02T14:54:15.673,1,619.73,-102.5,16.678,-0.5,1000.0,RETURNING_TO_START,load_zone_26,dump_zone_3,0.00025,0.00067
640.0,2026-07-02T14:54:15.673,2,696.303,-186.569,8.708,1.0,0.0,GOING_TO_ENDPOINT,dump_zone_3,load_zone_26,0.000284,0.000761
640.0,2026-07-02T14:54:15.673,3,-100.737,451.736,0.0,-0.5,1000.0,RETURNING_TO_START,load_zone_22,dump_zone_22,0.00025,0.00067
641.0,2026-07-02T14:54:20.793,1,615.364,-102.5,14.905,-0.5,1000.0,RETURNING_TO_START,load_zone_26,dump_zone_3,0.00025,0.00067
641.0,2026-07-02T14:54:20.793,2,699.148,-186.05,12.308,1.0,0.0,GOING_TO_ENDPOINT,dump_zone_3,load_zone_26,0.000298,0.000799
641.0,2026-07-02T14:54:20.793,3,-100.737,451.736,0.0,-0.5,1000.0,RETURNING_TO_START,load_zone_22,dump_zone_22,0.00025,0.00067
642.0,2026-07-02T14:54:27.095,1,611.487,-102.5,13.15,-0.5,1000.0,RETURNING_TO_START,load_zone_26,dump_zone_3,0.00025,0.00067
642.0,2026-07-02T14:54:27.095,2,702.126,-188.203,14.258,0.0833,0.0,GOING_TO_ENDPOINT,dump_zone_3,load_zone_26,0.000263,0.000705
642.0,2026-07-02T14:54:27.095,3,-100.737,451.736,0.0,-0.5,1000.0,RETURNING_TO_START,load_zone_22,dump_zone_22,0.00025,0.00067
643.0,2026-07-02T14:54:31.640,1,608.067,-102.5,11.534,-0.5,1000.0,RETURNING_TO_START,load_zone_26,dump_zone_3,0.00025,0.00067
643.0,2026-07-02T14:54:31.640,2,702.363,-191.899,12.983,-0.5,0.0,GOING_TO_ENDPOINT,dump_zone_3,load_zone_26,0.00025,0.00067
643.0,2026-07-02T14:54:31.640,3,-100.737,451.736,0.0,-0.5,1000.0,RETURNING_TO_START,load_zone_22,dump_zone_22,0.00025,0.00067
644.0,2026-07-02T14:54:35.223,1,605.134,-102.5,9.734,-0.5,1000.0,RETURNING_TO_START,load_zone_26,dump_zone_3,0.00025,0.00067
644.0,2026-07-02T14:54:35.223,2,700.043,-194.162,11.183,-0.5,0.0,GOING_TO_ENDPOINT,dump_zone_3,load_zone_26,0.00025,0.00067
644.0,2026-07-02T14:54:35.223,3,-100.737,451.736,0.0,-0.5,1000.0,RETURNING_TO_START,load_zone_22,dump_zone_22,0.00025,0.00067
645.0,2026-07-02T14:54:38.745,1,602.7,-102.498,7.959,-0.4167,1000.0,RETURNING_TO_START,load_zone_26,dump_zone_3,0.00025,0.00067
645.0,2026-07-02T14:54:38.745,2,697.265,-194.18,9.383,-0.5,0.0,GOING_TO_ENDPOINT,dump_zone_3,load_zone_26,0.00025,0.00067
645.0,2026-07-02T14:54:38.745,3,-100.737,451.736,0.0,-0.5,1000.0,RETURNING_TO_START,load_zone_22,dump_zone_22,0.00025,0.00067
646.0,2026-07-02T14:54:42.096,1,600.732,-102.319,6.609,-0.0833,1000.0,RETURNING_TO_START,load_zone_26,dump_zone_3,0.000254,0.000681
646.0,2026-07-02T14:54:42.096,2,695.411,-192.814,7.583,-0.5,0.0,GOING_TO_ENDPOINT,dump_zone_3,load_zone_26,0.00025,0.00067
646.0,2026-07-02T14:54:42.096,3,-100.737,451.736,0.0,-0.5,1000.0,RETURNING_TO_START,load_zone_22,dump_zone_22,0.00025,0.00067
647.0,2026-07-02T14:54:46.698,1,599.003,-101.355,8.259,0.9167,1000.0,RETURNING_TO_START,load_zone_26,dump_zone_3,0.0003,0.000804
647.0,2026-07-02T14:54:46.698,2,694.669,-191.152,5.783,-0.5,0.0,GOING_TO_ENDPOINT,dump_zone_3,load_zone_26,0.00025,0.00067
647.0,2026-07-02T14:54:46.698,3,-100.737,451.736,0.0,-0.5,1000.0,RETURNING_TO_START,load_zone_22,dump_zone_22,0.00025,0.00067
648.0,2026-07-02T14:54:50.703,1,597.675,-99.071,10.209,0.0833,1000.0,RETURNING_TO_START,load_zone_26,dump_zone_3,0.000265,0.00071
648.0,2026-07-02T14:54:50.703,2,694.655,-189.688,5.183,0.0833,0.0,GOING_TO_ENDPOINT,dump_zone_3,load_zone_26,0.000255,0.000683
648.0,2026-07-02T14:54:50.703,3,-100.737,451.736,0.0,-0.5,1000.0,RETURNING_TO_START,load_zone_22,dump_zone_22,0.00025,0.00067
649.0,2026-07-02T14:54:54.396,1,597.408,-96.321,9.959,0.25,1000.0,RETURNING_TO_START,load_zone_26,dump_zone_3,0.000274,0.000734
649.0,2026-07-02T14:54:54.396,2,695.292,-188.132,7.408,1.0,0.0,GOING_TO_ENDPOINT,dump_zone_3,load_zone_26,0.000279,0.000748
649.0,2026-07-02T14:54:54.396,3,-100.737,451.736,0.0,-0.5,1000.0,RETURNING_TO_START,load_zone_22,dump_zone_22,0.00025,0.00067
650.0,2026-07-02T14:54:56.994,1,597.398,-93.215,12.659,1.0,1000.0,RETURNING_TO_START,load_zone_26,dump_zone_3,0.000332,0.00089
650.0,2026-07-02T14:54:56.994,2,697.346,-186.616,11.008,1.0,0.0,GOING_TO_ENDPOINT,dump_zone_3,load_zone_26,0.000293,0.000785
650.0,2026-07-02T14:54:56.994,3,-100.737,451.736,0.0,-0.5,1000.0,RETURNING_TO_START,load_zone_22,dump_zone_22,0.00025,0.00067
651.0,2026-07-02T14:55:00.226,1,597.457,-89.157,16.259,1.0,1000.0,RETURNING_TO_START,load_zone_26,dump_zone_3,0.000355,0.000951
651.0,2026-07-02T14:55:00.226,2,700.785,-187.091,14.233,0.5833,0.0,GOING_TO_ENDPOINT,dump_zone_3,load_zone_26,0.000286,0.000766
651.0,2026-07-02T14:55:00.226,3,-100.737,451.736,0.0,-0.5,1000.0,RETURNING_TO_START,load_zone_22,dump_zone_22,0.00025,0.00067
652.0,2026-07-02T14:55:03.456,1,597.497,-84.099,19.859,1.0,1000.0,RETURNING_TO_START,load_zone_26,dump_zone_3,0.000378,0.001013
652.0,2026-07-02T14:55:03.456,2,703.048,-190.29,14.383,-0.4167,0.0,GOING_TO_ENDPOINT,dump_zone_3,load_zone_26,0.00025,0.00067
652.0,2026-07-02T14:55:03.456,3,-100.737,451.736,0.0,-0.5,1000.0,RETURNING_TO_START,load_zone_22,dump_zone_22,0.00025,0.00067
653.0,2026-07-02T14:55:08.026,1,597.501,-78.061,23.084,0.5833,1000.0,RETURNING_TO_START,load_zone_26,dump_zone_3,0.000347,0.00093
653.0,2026-07-02T14:55:08.026,2,701.876,-193.687,12.583,-0.5,0.0,GOING_TO_ENDPOINT,dump_zone_3,load_zone_26,0.00025,0.00067
653.0,2026-07-02T14:55:08.026,3,-100.737,451.736,0.0,-0.5,1000.0,RETURNING_TO_START,load_zone_22,dump_zone_22,0.00025,0.00067
654.0,2026-07-02T14:55:13.783,1,597.5,-71.533,23.484,-0.0833,1000.0,RETURNING_TO_START,load_zone_26,dump_zone_3,0.000264,0.000708
654.0,2026-07-02T14:55:13.783,2,698.955,-194.837,10.783,-0.5,0.0,GOING_TO_ENDPOINT,dump_zone_3,load_zone_26,0.00025,0.00067
654.0,2026-07-02T14:55:13.783,3,-100.737,451.736,0.0,-0.5,1000.0,RETURNING_TO_START,load_zone_22,dump_zone_22,0.00025,0.00067
655.0,2026-07-02T14:55:18.443,1,597.5,-65.099,22.7,-0.3266,1000.0,RETURNING_TO_START,load_zone_26,dump_zone_3,0.00025,0.00067
655.0,2026-07-02T14:55:18.443,2,696.456,-193.886,8.983,-0.5,0.0,GOING_TO_ENDPOINT,dump_zone_3,load_zone_26,0.00025,0.00067
655.0,2026-07-02T14:55:18.443,3,-100.737,451.736,0.0,-0.5,1000.0,RETURNING_TO_START,load_zone_22,dump_zone_22,0.00025,0.00067
656.0,2026-07-02T14:55:23.240,1,597.5,-58.814,22.738,-0.0103,1000.0,RETURNING_TO_START,load_zone_26,dump_zone_3,0.000273,0.000732
656.0,2026-07-02T14:55:23.240,2,695.228,-192.064,7.208,-0.4167,0.0,GOING_TO_ENDPOINT,dump_zone_3,load_zone_26,0.00025,0.00067
656.0,2026-07-02T14:55:23.240,3,-100.737,451.736,0.0,-0.5,1000.0,RETURNING_TO_START,load_zone_22,dump_zone_22,0.00025,0.00067
657.0,2026-07-02T14:55:27.500,1,597.5,-52.499,22.989,0.2688,1000.0,RETURNING_TO_START,load_zone_26,dump_zone_3,0.000308,0.000825
657.0,2026-07-02T14:55:27.500,2,695.062,-190.269,6.158,-0.0833,0.0,GOING_TO_ENDPOINT,dump_zone_3,load_zone_26,0.000252,0.000675
657.0,2026-07-02T14:55:27.500,3,-100.737,451.736,0.0,-0.5,1000.0,RETURNING_TO_START,load_zone_22,dump_zone_22,0.00025,0.00067
658.0,2026-07-02T14:55:32.793,1,597.5,-46.091,22.857,-0.3421,1000.0,RETURNING_TO_START,load_zone_26,dump_zone_3,0.00025,0.00067
658.0,2026-07-02T14:55:32.793,2,695.654,-188.652,6.758,0.5833,0.0,GOING_TO_ENDPOINT,dump_zone_3,load_zone_26,0.000267,0.000716
658.0,2026-07-02T14:55:32.793,3,-100.737,451.736,0.0,-0.5,1000.0,RETURNING_TO_START,load_zone_22,dump_zone_22,0.00025,0.00067
659.0,2026-07-02T14:55:36.316,1,597.5,-39.919,22.01,-0.0986,1000.0,RETURNING_TO_START,load_zone_26,dump_zone_3,0.000262,0.000702
659.0,2026-07-02T14:55:36.316,2,697.427,-187.155,10.108,1.0,0.0,GOING_TO_ENDPOINT,dump_zone_3,load_zone_26,0.000289,0.000775
659.0,2026-07-02T14:55:36.316,3,-100.737,451.736,0.0,-0.5,1000.0,RETURNING_TO_START,load_zone_22,dump_zone_22,0.00025,0.00067
660.0,2026-07-02T14:55:41.761,1,597.5,-33.833,22.255,0.4847,1000.0,RETURNING_TO_START,load_zone_26,dump_zone_3,0.000332,0.00089
660.0,2026-07-02T14:55:41.761,2,700.659,-187.219,13.333,0.5833,0.0,GOING_TO_ENDPOINT,dump_zone_3,load_zone_26,0.000284,0.000761
660.0,2026-07-02T14:55:41.761,3,-100.737,451.736,0.0,-0.5,1000.0,RETURNING_TO_START,load_zone_22,dump_zone_22,0.00025,0.00067
661.0,2026-07-02T14:55:46.081,1,597.5,-27.423,23.75,0.3181,1000.0,RETURNING_TO_START,load_zone_26,dump_zone_3,0.000316,0.000847
661.0,2026-07-02T14:55:46.081,2,702.89,-190.13,13.483,-0.4167,0.0,GOING_TO_ENDPOINT,dump_zone_3,load_zone_26,0.00025,0.00067
661.0,2026-07-02T14:55:46.081,3,-100.737,451.736,0.0,-0.5,1000.0,RETURNING_TO_START,load_zone_22,dump_zone_22,0.00025,0.00067
662.0,2026-07-02T14:55:49.551,1,597.5,-20.855,23.164,-0.3001,1000.0,RETURNING_TO_START,load_zone_26,dump_zone_3,0.00025,0.00067
662.0,2026-07-02T14:55:49.551,2,702.046,-193.39,11.683,-0.5,0.0,GOING_TO_ENDPOINT,dump_zone_3,load_zone_26,0.00025,0.00067
662.0,2026-07-02T14:55:49.551,3,-100.737,451.736,0.0,-0.5,1000.0,RETURNING_TO_START,load_zone_22,dump_zone_22,0.00025,0.00067
663.0,2026-07-02T14:55:54.187,1,597.5,-14.472,22.959,0.1259,1000.0,RETURNING_TO_START,load_zone_26,dump_zone_3,0.00029,0.000777
663.0,2026-07-02T14:55:54.187,2,699.517,-194.826,9.883,-0.5,0.0,GOING_TO_ENDPOINT,dump_zone_3,load_zone_26,0.00025,0.00067
663.0,2026-07-02T14:55:54.187,3,-100.737,451.736,0.0,-0.5,1000.0,RETURNING_TO_START,load_zone_22,dump_zone_22,0.00025,0.00067
664.0,2026-07-02T14:55:58.182,1,597.5,-7.981,23.36,-0.2557,1000.0,RETURNING_TO_START,load_zone_26,dump_zone_3,0.00025,0.00067
664.0,2026-07-02T14:55:58.182,2,697.112,-194.438,8.083,-0.5,0.0,GOING_TO_ENDPOINT,dump_zone_3,load_zone_26,0.00025,0.00067
664.0,2026-07-02T14:55:58.182,3,-100.737,451.736,0.0,-0.5,1000.0,RETURNING_TO_START,load_zone_22,dump_zone_22,0.00025,0.00067
665.0,2026-07-02T14:56:02.934,1,597.5,-1.477,23.778,0.1514,1000.0,RETURNING_TO_START,load_zone_26,dump_zone_3,0.000295,0.000791
665.0,2026-07-02T14:56:02.934,2,695.631,-193.162,6.283,-0.5,0.0,GOING_TO_ENDPOINT,dump_zone_3,load_zone_26,0.00025,0.00067
665.0,2026-07-02T14:56:02.934,3,-100.737,451.736,0.0,-0.5,1000.0,RETURNING_TO_START,load_zone_22,dump_zone_22,0.00025,0.00067
666.0,2026-07-02T14:56:07.209,1,597.5,5.074,23.392,-0.0859,1000.0,RETURNING_TO_START,load_zone_26,dump_zone_3,0.000264,0.000708
666.0,2026-07-02T14:56:07.209,2,694.99,-191.726,5.483,0.0833,0.0,GOING_TO_ENDPOINT,dump_zone_3,load_zone_26,0.000255,0.000683
666.0,2026-07-02T14:56:07.209,3,-100.737,451.736,0.0,-0.5,1000.0,RETURNING_TO_START,load_zone_22,dump_zone_22,0.00025,0.00067
667.0,2026-07-02T14:56:10.159,1,597.5,11.389,22.24,-0.0833,1000.0,RETURNING_TO_START,load_zone_26,dump_zone_3,0.000264,0.000708
667.0,2026-07-02T14:56:10.159,2,694.971,-190.069,6.923,0.8299,0.0,GOING_TO_ENDPOINT,dump_zone_3,load_zone_26,0.000273,0.000732
667.0,2026-07-02T14:56:10.159,3,-100.737,451.736,0.0,-0.5,1000.0,RETURNING_TO_START,load_zone_22,dump_zone_22,0.00025,0.00067
668.0,2026-07-02T14:56:14.070,1,597.5,17.71,23.519,0.5192,1000.0,RETURNING_TO_START,load_zone_26,dump_zone_3,0.000341,0.000914
668.0,2026-07-02T14:56:14.070,2,696.091,-188.022,10.034,1.0,0.0,GOING_TO_ENDPOINT,dump_zone_3,load_zone_26,0.000289,0.000775
668.0,2026-07-02T14:56:14.070,3,-100.737,451.736,0.0,-0.5,1000.0,RETURNING_TO_START,load_zone_22,dump_zone_22,0.00025,0.00067
669.0,2026-07-02T14:56:19.159,1,597.5,24.346,23.76,-0.3353,1000.0,RETURNING_TO_START,load_zone_26,dump_zone_3,0.00025,0.00067
669.0,2026-07-02T14:56:19.159,2,699.128,-186.921,13.609,0.9167,0.0,GOING_TO_ENDPOINT,dump_zone_3,load_zone_26,0.000299,0.000801
669.0,2026-07-02T14:56:19.159,3,-100.737,451.736,0.0,-0.5,1000.0,RETURNING_TO_START,load_zone_22,dump_zone_22,0.00025,0.00067
670.0,2026-07-02T14:56:22.598,1,597.5,30.777,23.11,0.25,1000.0,RETURNING_TO_START,load_zone_26,dump_zone_3,0.000306,0.00082
670.0,2026-07-02T14:56:22.598,2,702.389,-189.06,14.959,-0.0833,0.0,GOING_TO_ENDPOINT,dump_zone_3,load_zone_26,0.000255,0.000683
670.0,2026-07-02T14:56:22.598,3,-100.737,451.736,0.0,-0.5,1000.0,RETURNING_TO_START,load_zone_22,dump_zone_22,0.00025,0.00067
671.0,2026-07-02T14:56:27.322,1,597.5,37.341,23.638,-0.2699,1000.0,RETURNING_TO_START,load_zone_26,dump_zone_3,0.00025,0.00067
671.0,2026-07-02T14:56:27.322,2,702.673,-192.842,13.409,-0.5,0.0,GOING_TO_ENDPOINT,dump_zone_3,load_zone_26,0.00025,0.00067
671.0,2026-07-02T14:56:27.322,3,-100.737,451.736,0.0,-0.5,1000.0,RETURNING_TO_START,load_zone_22,dump_zone_22,0.00025,0.00067
672.0,2026-07-02T14:56:30.801,1,597.5,43.821,23.125,-0.1897,1000.0,RETURNING_TO_START,load_zone_26,dump_zone_3,0.000251,0.000673
672.0,2026-07-02T14:56:30.801,2,700.167,-195.064,11.609,-0.5,0.0,GOING_TO_ENDPOINT,dump_zone_3,load_zone_26,0.00025,0.00067
672.0,2026-07-02T14:56:30.801,3,-100.737,451.736,0.0,-0.5,1000.0,RETURNING_TO_START,load_zone_22,dump_zone_22,0.00025,0.00067
673.0,2026-07-02T14:56:35.602,1,597.5,50.133,22.654,0.1971,1000.0,RETURNING_TO_START,load_zone_26,dump_zone_3,0.000298,0.000799
673.0,2026-07-02T14:56:35.602,2,697.286,-194.861,9.809,-0.5,0.0,GOING_TO_ENDPOINT,dump_zone_3,load_zone_26,0.00025,0.00067
673.0,2026-07-02T14:56:35.602,3,-100.737,451.736,0.0,-0.5,1000.0,RETURNING_TO_START,load_zone_22,dump_zone_22,0.00025,0.00067
674.0,2026-07-02T14:56:40.493,1,597.5,56.61,23.578,-0.1031,1000.0,RETURNING_TO_START,load_zone_26,dump_zone_3,0.000262,0.000702
674.0,2026-07-02T14:56:40.493,2,695.503,-193.229,8.017,-0.4711,0.0,GOING_TO_ENDPOINT,dump_zone_3,load_zone_26,0.00025,0.00067
674.0,2026-07-02T14:56:40.493,3,-100.737,451.736,0.0,-0.5,1000.0,RETURNING_TO_START,load_zone_22,dump_zone_22,0.00025,0.00067
675.0,2026-07-02T14:56:44.490,1,597.5,63.223,24.068,-0.0306,1000.0,RETURNING_TO_START,load_zone_26,dump_zone_3,0.000271,0.000726
675.0,2026-07-02T14:56:44.490,2,694.962,-191.27,7.351,0.25,0.0,GOING_TO_ENDPOINT,dump_zone_3,load_zone_26,0.000261,0.000699
675.0,2026-07-02T14:56:44.490,3,-100.737,451.736,0.0,-0.5,1000.0,RETURNING_TO_START,load_zone_22,dump_zone_22,0.00025,0.00067
676.0,2026-07-02T14:56:48.446,1,597.5,69.749,22.957,-0.1973,1000.0,RETURNING_TO_START,load_zone_26,dump_zone_3,0.00025,0.00067
676.0,2026-07-02T14:56:48.446,2,695.626,-189.025,9.951,0.9167,0.0,GOING_TO_ENDPOINT,dump_zone_3,load_zone_26,0.000286,0.000766
676.0,2026-07-02T14:56:48.446,3,-100.737,451.736,0.0,-0.5,1000.0,RETURNING_TO_START,load_zone_22,dump_zone_22,0.00025,0.00067
677.0,2026-07-02T14:56:52.925,1,597.5,75.996,22.297,0.136,1000.0,RETURNING_TO_START,load_zone_26,dump_zone_3,0.00029,0.000777
677.0,2026-07-02T14:56:52.925,2,698.342,-187.312,13.551,1.0,0.0,GOING_TO_ENDPOINT,dump_zone_3,load_zone_26,0.000302,0.000809
677.0,2026-07-02T14:56:52.925,3,-100.737,451.736,0.0,-0.5,1000.0,RETURNING_TO_START,load_zone_22,dump_zone_22,0.00025,0.00067
678.0,2026-07-02T14:56:57.353,1,597.5,82.379,23.414,0.1821,1000.0,RETURNING_TO_START,load_zone_26,dump_zone_3,0.000298,0.000799
678.0,2026-07-02T14:56:57.353,2,702.128,-188.638,15.501,0.0833,0.0,GOING_TO_ENDPOINT,dump_zone_3,load_zone_26,0.000264,0.000708
678.0,2026-07-02T14:56:57.353,3,-100.737,451.736,0.0,-0.5,1000.0,RETURNING_TO_START,load_zone_22,dump_zone_22,0.00025,0.00067
679.0,2026-07-02T14:57:01.578,1,597.5,88.926,23.583,0.0175,1000.0,RETURNING_TO_START,load_zone_26,dump_zone_3,0.000277,0.000742
679.0,2026-07-02T14:57:01.578,2,703.353,-192.423,14.226,-0.5,0.0,GOING_TO_ENDPOINT,dump_zone_3,load_zone_26,0.00025,0.00067
679.0,2026-07-02T14:57:01.578,3,-100.737,451.736,0.0,-0.5,1000.0,RETURNING_TO_START,load_zone_22,dump_zone_22,0.00025,0.00067
680.0,2026-07-02T14:57:05.745,1,597.5,95.56,24.172,-0.0235,1000.0,RETURNING_TO_START,load_zone_26,dump_zone_3,0.000272,0.000729
680.0,2026-07-02T14:57:05.745,2,701.166,-195.226,12.426,-0.5,0.0,GOING_TO_ENDPOINT,dump_zone_3,load_zone_26,0.00025,0.00067
680.0,2026-07-02T14:57:05.745,3,-100.737,451.736,0.0,-0.5,1000.0,RETURNING_TO_START,load_zone_22,dump_zone_22,0.00025,0.00067
681.0,2026-07-02T14:57:10.656,1,597.5,102.14,23.284,-0.0702,1000.0,RETURNING_TO_START,load_zone_26,dump_zone_3,0.000266,0.000713
681.0,2026-07-02T14:57:10.656,2,698.072,-195.398,10.626,-0.5,0.0,GOING_TO_ENDPOINT,dump_zone_3,load_zone_26,0.00025,0.00067
681.0,2026-07-02T14:57:10.656,3,-100.737,451.736,0.0,-0.5,1000.0,RETURNING_TO_START,load_zone_22,dump_zone_22,0.00025,0.00067
682.0,2026-07-02T14:57:15.494,1,597.5,108.74,24.231,0.0964,1000.0,RETURNING_TO_START,load_zone_26,dump_zone_3,0.000288,0.000772
682.0,2026-07-02T14:57:15.494,2,696.012,-193.758,8.851,-0.4167,0.0,GOING_TO_ENDPOINT,dump_zone_3,load_zone_26,0.00025,0.00067
682.0,2026-07-02T14:57:15.494,3,-100.737,451.736,0.0,-0.5,1000.0,RETURNING_TO_START,load_zone_22,dump_zone_22,0.00025,0.00067
683.0,2026-07-02T14:57:20.409,1,597.5,115.371,23.325,-0.5,1000.0,RETURNING_TO_START,load_zone_26,dump_zone_3,0.00025,0.00067
683.0,2026-07-02T14:57:20.409,2,695.391,-191.467,8.804,0.1273,0.0,GOING_TO_ENDPOINT,dump_zone_3,load_zone_26,0.000259,0.000694
683.0,2026-07-02T14:57:20.409,3,-100.737,451.736,0.0,-0.5,1000.0,RETURNING_TO_START,load_zone_22,dump_zone_22,0.00025,0.00067
684.0,2026-07-02T14:57:24.664,1,597.5,121.678,22.275,-0.25,1000.0,RETURNING_TO_START,load_zone_26,dump_zone_3,0.00025,0.00067
684.0,2026-07-02T14:57:24.664,2,696.3,-189.079,10.063,0.4576,0.0,GOING_TO_ENDPOINT,dump_zone_3,load_zone_26,0.000271,0.000726
684.0,2026-07-02T14:57:24.664,3,-100.737,451.736,0.0,-0.5,1000.0,RETURNING_TO_START,load_zone_22,dump_zone_22,0.00025,0.00067
685.0,2026-07-02T14:57:29.799,1,597.5,127.866,22.283,-0.0704,1000.0,RETURNING_TO_START,load_zone_26,dump_zone_3,0.000265,0.00071
685.0,2026-07-02T14:57:29.799,2,699.096,-187.653,13.187,0.9167,0.0,GOING_TO_ENDPOINT,dump_zone_3,load_zone_26,0.000297,0.000796
685.0,2026-07-02T14:57:29.799,3,-100.737,451.736,0.0,-0.5,1000.0,RETURNING_TO_START,load_zone_22,dump_zone_22,0.00025,0.00067
686.0,2026-07-02T14:57:33.689,1,597.5,134.182,23.63,0.6796,1000.0,RETURNING_TO_START,load_zone_26,dump_zone_3,0.000362,0.00097
686.0,2026-07-02T14:57:33.689,2,702.537,-189.244,14.537,-0.0833,0.0,GOING_TO_ENDPOINT,dump_zone_3,load_zone_26,0.000255,0.000683
686.0,2026-07-02T14:57:33.689,3,-100.737,451.736,0.0,-0.5,1000.0,RETURNING_TO_START,load_zone_22,dump_zone_22,0.00025,0.00067
687.0,2026-07-02T14:57:37.731,1,597.5,140.905,24.151,-0.2994,1000.0,RETURNING_TO_START,load_zone_26,dump_zone_3,0.00025,0.00067
687.0,2026-07-02T14:57:37.731,2,703.147,-192.882,12.987,-0.5,0.0,GOING_TO_ENDPOINT,dump_zone_3,load_zone_26,0.00025,0.00067
687.0,2026-07-02T14:57:37.731,3,-100.737,451.736,0.0,-0.5,1000.0,RETURNING_TO_START,load_zone_22,dump_zone_22,0.00025,0.00067
688.0,2026-07-02T14:57:42.147,1,597.5,147.398,23.026,0.0442,1000.0,RETURNING_TO_START,load_zone_26,dump_zone_3,0.00028,0.00075
688.0,2026-07-02T14:57:42.147,2,700.997,-195.309,11.187,-0.5,0.0,GOING_TO_ENDPOINT,dump_zone_3,load_zone_26,0.00025,0.00067
688.0,2026-07-02T14:57:42.147,3,-100.737,451.736,0.0,-0.5,1000.0,RETURNING_TO_START,load_zone_22,dump_zone_22,0.00025,0.00067
689.0,2026-07-02T14:57:46.925,1,597.5,153.872,23.285,-0.2667,1000.0,RETURNING_TO_START,load_zone_26,dump_zone_3,0.00025,0.00067
689.0,2026-07-02T14:57:46.925,2,698.227,-195.529,9.387,-0.5,0.0,GOING_TO_ENDPOINT,dump_zone_3,load_zone_26,0.00025,0.00067
689.0,2026-07-02T14:57:46.925,3,-100.737,451.736,0.0,-0.5,1000.0,RETURNING_TO_START,load_zone_22,dump_zone_22,0.00025,0.00067
690.0,2026-07-02T14:57:51.739,1,597.5,160.086,21.55,-0.5,1000.0,RETURNING_TO_START,load_zone_26,dump_zone_3,0.00025,0.00067
690.0,2026-07-02T14:57:51.739,2,696.274,-194.296,7.737,-0.25,0.0,GOING_TO_ENDPOINT,dump_zone_3,load_zone_26,0.00025,0.00067
690.0,2026-07-02T14:57:51.739,3,-100.737,451.736,0.0,-0.5,1000.0,RETURNING_TO_START,load_zone_22,dump_zone_22,0.00025,0.00067
691.0,2026-07-02T14:57:56.417,1,597.5,165.802,19.75,-0.5,1000.0,RETURNING_TO_START,load_zone_26,dump_zone_3,0.00025,0.00067
691.0,2026-07-02T14:57:56.417,2,695.365,-192.446,7.737,0.4167,0.0,GOING_TO_ENDPOINT,dump_zone_3,load_zone_26,0.000265,0.00071
691.0,2026-07-02T14:57:56.417,3,-100.737,451.736,0.0,-0.5,1000.0,RETURNING_TO_START,load_zone_22,dump_zone_22,0.00025,0.00067
692.0,2026-07-02T14:58:00.318,1,597.5,171.017,17.95,-0.5,1000.0,RETURNING_TO_START,load_zone_26,dump_zone_3,0.00025,0.00067
692.0,2026-07-02T14:58:00.318,2,695.689,-189.95,10.724,0.8468,0.0,GOING_TO_ENDPOINT,dump_zone_3,load_zone_26,0.000286,0.000766
692.0,2026-07-02T14:58:00.318,3,-100.737,451.736,0.0,-0.5,1000.0,RETURNING_TO_START,load_zone_22,dump_zone_22,0.00025,0.00067
693.0,2026-07-02T14:58:04.026,1,597.5,175.732,16.15,-0.5,1000.0,RETURNING_TO_START,load_zone_26,dump_zone_3,0.00025,0.00067
693.0,2026-07-02T14:58:04.026,2,698.163,-187.876,13.219,1.0,0.0,GOING_TO_ENDPOINT,dump_zone_3,load_zone_26,0.000301,0.000807
693.0,2026-07-02T14:58:04.026,3,-100.737,451.736,0.0,-0.5,1000.0,RETURNING_TO_START,load_zone_22,dump_zone_22,0.00025,0.00067
694.0,2026-07-02T14:58:07.740,1,597.5,179.947,14.35,-0.5,1000.0,RETURNING_TO_START,load_zone_26,dump_zone_3,0.00025,0.00067
694.0,2026-07-02T14:58:07.740,2,701.937,-188.766,15.169,0.0833,0.0,GOING_TO_ENDPOINT,dump_zone_3,load_zone_26,0.000264,0.000708
694.0,2026-07-02T14:58:07.740,3,-100.737,451.736,0.0,-0.5,1000.0,RETURNING_TO_START,load_zone_22,dump_zone_22,0.00025,0.00067
695.0,2026-07-02T14:58:11.680,1,597.5,183.662,12.55,-0.5,1000.0,RETURNING_TO_START,load_zone_26,dump_zone_3,0.00025,0.00067
695.0,2026-07-02T14:58:11.680,2,703.178,-192.46,13.894,-0.5,0.0,GOING_TO_ENDPOINT,dump_zone_3,load_zone_26,0.00025,0.00067
695.0,2026-07-02T14:58:11.680,3,-100.737,451.736,0.0,-0.5,1000.0,RETURNING_TO_START,load_zone_22,dump_zone_22,0.00025,0.00067
696.0,2026-07-02T14:58:15.637,1,597.41,186.874,10.75,-0.5,1000.0,RETURNING_TO_START,load_zone_26,dump_zone_3,0.00025,0.00067
696.0,2026-07-02T14:58:15.637,2,701.138,-195.269,12.094,-0.5,0.0,GOING_TO_ENDPOINT,dump_zone_3,load_zone_26,0.00025,0.00067
696.0,2026-07-02T14:58:15.637,3,-100.737,451.736,0.0,-0.5,1000.0,RETURNING_TO_START,load_zone_22,dump_zone_22,0.00025,0.00067
697.0,2026-07-02T14:58:19.693,1,596.616,189.461,8.95,-0.5,1000.0,RETURNING_TO_START,load_zone_26,dump_zone_3,0.00025,0.00067
697.0,2026-07-02T14:58:19.693,2,698.143,-195.609,10.294,-0.5,0.0,GOING_TO_ENDPOINT,dump_zone_3,load_zone_26,0.00025,0.00067
697.0,2026-07-02T14:58:19.693,3,-100.737,451.736,0.0,-0.5,1000.0,RETURNING_TO_START,load_zone_22,dump_zone_22,0.00025,0.00067
698.0,2026-07-02T14:58:25.545,1,595.88,191.547,7.15,-0.5,1000.0,RETURNING_TO_START,load_zone_26,dump_zone_3,0.00025,0.00067
698.0,2026-07-02T14:58:25.545,2,696.031,-194.189,8.519,-0.4167,0.0,GOING_TO_ENDPOINT,dump_zone_3,load_zone_26,0.00025,0.00067
698.0,2026-07-02T14:58:25.545,3,-100.737,451.736,0.0,-0.5,1000.0,RETURNING_TO_START,load_zone_22,dump_zone_22,0.00025,0.00067
699.0,2026-07-02T14:58:30.784,1,595.603,193.258,5.475,-0.4167,1000.0,RETURNING_TO_START,load_zone_26,dump_zone_3,0.00025,0.00067
699.0,2026-07-02T14:58:30.784,2,695.216,-192.164,7.903,0.2373,0.0,GOING_TO_ENDPOINT,dump_zone_3,load_zone_26,0.000261,0.000699
699.0,2026-07-02T14:58:30.784,3,-100.737,451.736,0.0,-0.5,1000.0,RETURNING_TO_START,load_zone_22,dump_zone_22,0.00025,0.00067
700.0,2026-07-02T14:58:35.772,1,595.522,194.565,4.174,-0.1855,1000.0,RETURNING_TO_START,load_zone_26,dump_zone_3,0.00025,0.00067
700.0,2026-07-02T14:58:35.772,2,695.742,-189.734,10.559,0.9661,0.0,GOING_TO_ENDPOINT,dump_zone_3,load_zone_26,0.00029,0.000777
700.0,2026-07-02T14:58:35.772,3,-100.737,451.736,0.0,-0.5,1000.0,RETURNING_TO_START,load_zone_22,dump_zone_22,0.00025,0.00067
701.0,2026-07-02T14:58:39.825,1,595.653,195.819,5.363,0.6238,1000.0,RETURNING_TO_START,load_zone_26,dump_zone_3,0.000274,0.000734
701.0,2026-07-02T14:58:39.825,2,698.521,-187.843,14.124,0.9167,0.0,GOING_TO_ENDPOINT,dump_zone_3,load_zone_26,0.000301,0.000807
701.0,2026-07-02T14:58:39.825,3,-100.737,451.736,0.0,-0.5,1000.0,RETURNING_TO_START,load_zone_22,dump_zone_22,0.00025,0.00067
702.0,2026-07-02T14:58:43.605,1,596.241,197.401,6.594,0.2977,1000.0,RETURNING_TO_START,load_zone_26,dump_zone_3,0.000268,0.000718
702.0,2026-07-02T14:58:43.605,2,702.282,-189.282,15.474,-0.0833,0.0,GOING_TO_ENDPOINT,dump_zone_3,load_zone_26,0.000256,0.000686
702.0,2026-07-02T14:58:43.605,3,-100.737,451.736,0.0,-0.5,1000.0,RETURNING_TO_START,load_zone_22,dump_zone_22,0.00025,0.00067
703.0,2026-07-02T14:58:48.017,1,597.132,199.154,7.657,0.4567,1000.0,RETURNING_TO_START,load_zone_26,dump_zone_3,0.000277,0.000742
703.0,2026-07-02T14:58:48.017,2,703.437,-193.027,13.924,-0.5,0.0,GOING_TO_ENDPOINT,dump_zone_3,load_zone_26,0.00025,0.00067
703.0,2026-07-02T14:58:48.017,3,-100.737,451.736,0.0,-0.5,1000.0,RETURNING_TO_START,load_zone_22,dump_zone_22,0.00025,0.00067
704.0,2026-07-02T14:58:51.631,1,598.862,200.897,10.448,0.9852,1000.0,RETURNING_TO_START,load_zone_26,dump_zone_3,0.000317,0.00085
704.0,2026-07-02T14:58:51.631,2,701.313,-195.783,12.124,-0.5,0.0,GOING_TO_ENDPOINT,dump_zone_3,load_zone_26,0.00025,0.00067
704.0,2026-07-02T14:58:51.631,3,-100.737,451.736,0.0,-0.5,1000.0,RETURNING_TO_START,load_zone_22,dump_zone_22,0.00025,0.00067
705.0,2026-07-02T14:58:54.782,1,602.035,201.248,12.345,0.0686,1000.0,RETURNING_TO_START,load_zone_26,dump_zone_3,0.000268,0.000718
705.0,2026-07-02T14:58:54.782,2,698.302,-196.033,10.324,-0.5,0.0,GOING_TO_ENDPOINT,dump_zone_3,load_zone_26,0.00025,0.00067
705.0,2026-07-02T14:58:54.782,3,-100.737,451.736,0.0,-0.5,1000.0,RETURNING_TO_START,load_zone_22,dump_zone_22,0.00025,0.00067
706.0,2026-07-02T14:58:59.411,1,604.943,199.765,11.044,-0.5,1000.0,RETURNING_TO_START,load_zone_26,dump_zone_3,0.00025,0.00067
706.0,2026-07-02T14:58:59.411,2,696.22,-194.525,8.849,-0.25,0.0,GOING_TO_ENDPOINT,dump_zone_3,load_zone_26,0.00025,0.00067
706.0,2026-07-02T14:58:59.411,3,-100.737,451.736,0.0,-0.5,1000.0,RETURNING_TO_START,load_zone_22,dump_zone_22,0.00025,0.00067
707.0,2026-07-02T14:59:03.450,1,607.674,199.1,9.575,-0.1566,1000.0,RETURNING_TO_START,load_zone_26,dump_zone_3,0.000252,0.000675
707.0,2026-07-02T14:59:03.450,2,695.479,-192.221,9.394,0.6035,0.0,GOING_TO_ENDPOINT,dump_zone_3,load_zone_26,0.000274,0.000734
707.0,2026-07-02T14:59:03.450,3,-100.737,451.736,0.0,-0.5,1000.0,RETURNING_TO_START,load_zone_22,dump_zone_22,0.00025,0.00067
708.0,2026-07-02T14:59:08.172,1,610.445,198.848,10.911,0.6767,1000.0,RETURNING_TO_START,load_zone_26,dump_zone_3,0.000301,0.000807
708.0,2026-07-02T14:59:08.172,2,696.614,-189.443,12.467,0.6447,0.0,GOING_TO_ENDPOINT,dump_zone_3,load_zone_26,0.000284,0.000761
708.0,2026-07-02T14:59:08.172,3,-100.737,451.736,0.0,-0.5,1000.0,RETURNING_TO_START,load_zone_22,dump_zone_22,0.00025,0.00067
709.0,2026-07-02T14:59:13.536,1,613.921,198.809,14.081,1.0,1000.0,RETURNING_TO_START,load_zone_26,dump_zone_3,0.000341,0.000914
709.0,2026-07-02T14:59:13.536,2,700.043,-188.298,14.338,0.3114,0.0,GOING_TO_ENDPOINT,dump_zone_3,load_zone_26,0.000274,0.000734
709.0,2026-07-02T14:59:13.536,3,-100.737,451.736,0.0,-0.5,1000.0,RETURNING_TO_START,load_zone_22,dump_zone_22,0.00025,0.00067
710.0,2026-07-02T14:59:17.343,1,618.347,199.049,17.306,0.5833,1000.0,RETURNING_TO_START,load_zone_26,dump_zone_3,0.000323,0.000866
710.0,2026-07-02T14:59:17.343,2,703.077,-190.566,13.604,-0.5,0.0,GOING_TO_ENDPOINT,dump_zone_3,load_zone_26,0.00025,0.00067
710.0,2026-07-02T14:59:17.343,3,-100.737,451.736,0.0,-0.5,1000.0,RETURNING_TO_START,load_zone_22,dump_zone_22,0.00025,0.00067
711.0,2026-07-02T14:59:21.614,1,623.233,199.551,17.456,-0.4167,1000.0,RETURNING_TO_START,load_zone_26,dump_zone_3,0.00025,0.00067
711.0,2026-07-02T14:59:21.614,2,703.081,-193.965,11.804,-0.5,0.0,GOING_TO_ENDPOINT,dump_zone_3,load_zone_26,0.00025,0.00067
711.0,2026-07-02T14:59:21.614,3,-100.737,451.736,0.0,-0.5,1000.0,RETURNING_TO_START,load_zone_22,dump_zone_22,0.00025,0.00067
712.0,2026-07-02T14:59:25.390,1,627.793,200.15,15.749,-0.5,1000.0,RETURNING_TO_START,load_zone_26,dump_zone_3,0.00025,0.00067
712.0,2026-07-02T14:59:25.390,2,700.956,-195.996,10.004,-0.5,0.0,GOING_TO_ENDPOINT,dump_zone_3,load_zone_26,0.00025,0.00067
712.0,2026-07-02T14:59:25.390,3,-100.737,451.736,0.0,-0.5,1000.0,RETURNING_TO_START,load_zone_22,dump_zone_22,0.00025,0.00067
713.0,2026-07-02T14:59:29.805,1,631.875,200.727,14.074,-0.4167,1000.0,RETURNING_TO_START,load_zone_26,dump_zone_3,0.00025,0.00067
713.0,2026-07-02T14:59:29.805,2,698.496,-196.188,8.204,-0.5,0.0,GOING_TO_ENDPOINT,dump_zone_3,load_zone_26,0.00025,0.00067
713.0,2026-07-02T14:59:29.805,3,-100.737,451.736,0.0,-0.5,1000.0,RETURNING_TO_START,load_zone_22,dump_zone_22,0.00025,0.00067
714.0,2026-07-02T14:59:35.042,1,635.649,201.253,13.36,-0.4247,1000.0,RETURNING_TO_START,load_zone_26,dump_zone_3,0.00025,0.00067
714.0,2026-07-02T14:59:35.042,2,696.676,-195.213,7.382,0.1885,0.0,GOING_TO_ENDPOINT,dump_zone_3,load_zone_26,0.000259,0.000694
714.0,2026-07-02T14:59:35.042,3,-100.737,451.736,0.0,-0.5,1000.0,RETURNING_TO_START,load_zone_22,dump_zone_22,0.00025,0.00067
715.0,2026-07-02T14:59:39.733,1,639.098,201.696,11.96,-0.4167,1000.0,RETURNING_TO_START,load_zone_26,dump_zone_3,0.00025,0.00067
715.0,2026-07-02T14:59:39.733,2,695.551,-193.328,8.96,0.8552,0.0,GOING_TO_ENDPOINT,dump_zone_3,load_zone_26,0.00028,0.00075
715.0,2026-07-02T14:59:39.733,3,-100.737,451.736,0.0,-0.5,1000.0,RETURNING_TO_START,load_zone_22,dump_zone_22,0.00025,0.00067
716.0,2026-07-02T14:59:44.387,1,642.154,202.034,10.285,-0.4167,1000.0,RETURNING_TO_START,load_zone_26,dump_zone_3,0.00025,0.00067
716.0,2026-07-02T14:59:44.387,2,695.924,-190.4,12.517,0.9167,0.0,GOING_TO_ENDPOINT,dump_zone_3,load_zone_26,0.000295,0.000791
716.0,2026-07-02T14:59:44.387,3,-100.737,451.736,0.0,-0.5,1000.0,RETURNING_TO_START,load_zone_22,dump_zone_22,0.00025,0.00067
717.0,2026-07-02T14:59:48.002,1,644.769,202.265,8.685,-0.4167,1000.0,RETURNING_TO_START,load_zone_26,dump_zone_3,0.00025,0.00067
717.0,2026-07-02T14:59:48.002,2,698.97,-188.387,14.317,0.25,0.0,GOING_TO_ENDPOINT,dump_zone_3,load_zone_26,0.000271,0.000726
717.0,2026-07-02T14:59:48.002,3,-100.737,451.736,0.0,-0.5,1000.0,RETURNING_TO_START,load_zone_22,dump_zone_22,0.00025,0.00067
718.0,2026-07-02T14:59:51.378,1,646.995,202.402,7.314,-0.4922,1000.0,RETURNING_TO_START,load_zone_26,dump_zone_3,0.00025,0.00067
718.0,2026-07-02T14:59:51.378,2,702.458,-189.779,13.417,-0.5,0.0,GOING_TO_ENDPOINT,dump_zone_3,load_zone_26,0.00025,0.00067
718.0,2026-07-02T14:59:51.378,3,-100.737,451.736,0.0,-0.5,1000.0,RETURNING_TO_START,load_zone_22,dump_zone_22,0.00025,0.00067
719.0,2026-07-02T14:59:55.059,1,648.888,202.36,6.664,-0.0833,1000.0,RETURNING_TO_START,load_zone_26,dump_zone_3,0.000254,0.000681
719.0,2026-07-02T14:59:55.059,2,703.368,-193.005,11.617,-0.5,0.0,GOING_TO_ENDPOINT,dump_zone_3,load_zone_26,0.00025,0.00067
719.0,2026-07-02T14:59:55.059,3,-100.737,451.736,0.0,-0.5,1000.0,RETURNING_TO_START,load_zone_22,dump_zone_22,0.00025,0.00067
720.0,2026-07-02T14:59:59.590,1,650.693,201.734,7.714,0.75,1000.0,RETURNING_TO_START,load_zone_26,dump_zone_3,0.000289,0.000775
720.0,2026-07-02T14:59:59.590,2,701.928,-195.511,9.817,-0.5,0.0,GOING_TO_ENDPOINT,dump_zone_3,load_zone_26,0.00025,0.00067
720.0,2026-07-02T14:59:59.590,3,-100.737,451.736,0.0,-0.5,1000.0,RETURNING_TO_START,load_zone_22,dump_zone_22,0.00025,0.00067
721.0,2026-07-02T15:00:02.696,1,652.272,199.764,10.114,0.25,1000.0,RETURNING_TO_START,load_zone_26,dump_zone_3,0.000274,0.000734
721.0,2026-07-02T15:00:02.696,2,699.68,-196.403,8.017,-0.5,0.0,GOING_TO_ENDPOINT,dump_zone_3,load_zone_26,0.00025,0.00067
721.0,2026-07-02T15:00:02.696,3,-100.737,451.736,0.0,-0.5,1000.0,RETURNING_TO_START,load_zone_22,dump_zone_22,0.00025,0.00067
722.0,2026-07-02T15:00:06.662,1,652.607,196.967,10.464,0.4167,1000.0,RETURNING_TO_START,load_zone_26,dump_zone_3,0.000285,0.000764
722.0,2026-07-02T15:00:06.662,2,697.77,-196.078,6.242,-0.4167,0.0,GOING_TO_ENDPOINT,dump_zone_3,load_zone_26,0.00025,0.00067
722.0,2026-07-02T15:00:06.662,3,-100.737,451.736,0.0,-0.5,1000.0,RETURNING_TO_START,load_zone_22,dump_zone_22,0.00025,0.00067
723.0,2026-07-02T15:00:11.621,1,652.554,193.668,13.124,0.561,1000.0,RETURNING_TO_START,load_zone_26,dump_zone_3,0.000304,0.000815
723.0,2026-07-02T15:00:11.621,2,696.387,-195.078,6.692,0.5833,0.0,GOING_TO_ENDPOINT,dump_zone_3,load_zone_26,0.000267,0.000716
723.0,2026-07-02T15:00:11.621,3,-100.737,451.736,0.0,-0.5,1000.0,RETURNING_TO_START,load_zone_22,dump_zone_22,0.00025,0.00067
724.0,2026-07-02T15:00:15.292,1,652.505,189.93,13.194,-0.439,1000.0,RETURNING_TO_START,load_zone_26,dump_zone_3,0.00025,0.00067
724.0,2026-07-02T15:00:15.292,2,695.425,-192.986,10.042,1.0,0.0,GOING_TO_ENDPOINT,dump_zone_3,load_zone_26,0.000289,0.000775
724.0,2026-07-02T15:00:15.292,3,-100.737,451.736,0.0,-0.5,1000.0,RETURNING_TO_START,load_zone_22,dump_zone_22,0.00025,0.00067
725.0,2026-07-02T15:00:19.040,1,652.498,186.536,11.394,-0.5,1000.0,RETURNING_TO_START,load_zone_26,dump_zone_3,0.00025,0.00067
725.0,2026-07-02T15:00:19.040,2,696.339,-189.89,13.492,0.75,0.0,GOING_TO_ENDPOINT,dump_zone_3,load_zone_26,0.000291,0.00078
725.0,2026-07-02T15:00:19.040,3,-100.737,451.736,0.0,-0.5,1000.0,RETURNING_TO_START,load_zone_22,dump_zone_22,0.00025,0.00067
726.0,2026-07-02T15:00:22.481,1,652.499,183.642,9.594,-0.5,1000.0,RETURNING_TO_START,load_zone_26,dump_zone_3,0.00025,0.00067
726.0,2026-07-02T15:00:22.481,2,699.893,-188.529,14.575,-0.0108,0.0,GOING_TO_ENDPOINT,dump_zone_3,load_zone_26,0.000259,0.000694
726.0,2026-07-02T15:00:22.481,3,-100.737,451.736,0.0,-0.5,1000.0,RETURNING_TO_START,load_zone_22,dump_zone_22,0.00025,0.00067
727.0,2026-07-02T15:00:23.788,1,652.5,181.247,7.794,-0.5,1000.0,RETURNING_TO_START,load_zone_26,dump_zone_3,0.00025,0.00067
727.0,2026-07-02T15:00:23.788,2,702.937,-190.668,13.134,-0.5,0.0,GOING_TO_ENDPOINT,dump_zone_3,load_zone_26,0.00025,0.00067
727.0,2026-07-02T15:00:23.788,3,-100.737,451.736,0.0,-0.5,1000.0,RETURNING_TO_START,load_zone_22,dump_zone_22,0.00025,0.00067
728.0,2026-07-02T15:00:26.022,1,652.48,179.354,5.994,-0.5,1000.0,RETURNING_TO_START,load_zone_26,dump_zone_3,0.00025,0.00067
728.0,2026-07-02T15:00:26.022,2,703.125,-193.943,11.334,-0.5,0.0,GOING_TO_ENDPOINT,dump_zone_3,load_zone_26,0.00025,0.00067
728.0,2026-07-02T15:00:26.022,3,-100.737,451.736,0.0,-0.5,1000.0,RETURNING_TO_START,load_zone_22,dump_zone_22,0.00025,0.00067
729.0,2026-07-02T15:00:27.331,1,652.824,178.01,4.194,-0.5,1000.0,RETURNING_TO_START,load_zone_26,dump_zone_3,0.00025,0.00067
729.0,2026-07-02T15:00:27.331,2,701.268,-196.062,9.534,-0.5,0.0,GOING_TO_ENDPOINT,dump_zone_3,load_zone_26,0.00025,0.00067
729.0,2026-07-02T15:00:27.331,3,-100.737,451.736,0.0,-0.5,1000.0,RETURNING_TO_START,load_zone_22,dump_zone_22,0.00025,0.00067
730.0,2026-07-02T15:00:28.560,1,653.276,177.241,2.394,-0.5,1000.0,UNLOADING,load_zone_26,dump_zone_3,0.00025,0.00067
730.0,2026-07-02T15:00:28.560,2,698.971,-196.526,7.734,-0.5,0.0,GOING_TO_ENDPOINT,dump_zone_3,load_zone_26,0.00025,0.00067
730.0,2026-07-02T15:00:28.560,3,-100.737,451.736,0.0,-0.5,1000.0,RETURNING_TO_START,load_zone_22,dump_zone_22,0.00025,0.00067
731.0,2026-07-02T15:00:30.171,1,653.526,176.936,0.594,-0.5,1000.0,UNLOADING,load_zone_26,dump_zone_3,0.00025,0.00067
731.0,2026-07-02T15:00:30.171,2,697.178,-195.907,6.503,0.0105,0.0,GOING_TO_ENDPOINT,dump_zone_3,load_zone_26,0.000254,0.000681
731.0,2026-07-02T15:00:30.171,3,-100.737,451.736,0.0,-0.5,1000.0,RETURNING_TO_START,load_zone_22,dump_zone_22,0.00025,0.00067
732.0,2026-07-02T15:00:32.174,1,653.54,176.921,0.0,-0.5,1000.0,UNLOADING,load_zone_26,dump_zone_3,0.00025,0.00067
732.0,2026-07-02T15:00:32.174,2,695.822,-194.436,8.488,1.0,0.0,GOING_TO_ENDPOINT,dump_zone_3,load_zone_26,0.000283,0.000758
732.0,2026-07-02T15:00:32.174,3,-100.737,451.736,0.0,-0.5,1000.0,RETURNING_TO_START,load_zone_22,dump_zone_22,0.00025,0.00067
733.0,2026-07-02T15:00:34.199,1,654.453,176.202,7.2,0.0,0.0,TURNING_AROUND,dump_zone_3,load_zone_26,0.000255,0.000683
733.0,2026-07-02T15:00:34.199,2,695.482,-191.621,12.088,1.0,0.0,GOING_TO_ENDPOINT,dump_zone_3,load_zone_26,0.000297,0.000796
733.0,2026-07-02T15:00:34.199,3,-100.737,451.736,0.0,-0.5,1000.0,RETURNING_TO_START,load_zone_22,dump_zone_22,0.00025,0.00067
734.0,2026-07-02T15:00:35.911,1,656.36,175.672,7.2,0.0,0.0,TURNING_AROUND,dump_zone_3,load_zone_26,0.000255,0.000683
734.0,2026-07-02T15:00:35.911,2,697.851,-188.91,14.088,0.25,0.0,GOING_TO_ENDPOINT,dump_zone_3,load_zone_26,0.00027,0.000724
734.0,2026-07-02T15:00:35.911,3,-100.737,451.736,0.0,-0.5,1000.0,RETURNING_TO_START,load_zone_22,dump_zone_22,0.00025,0.00067
735.0,2026-07-02T15:00:37.783,1,654.888,175.432,5.4,0.0,0.0,TURNING_AROUND,dump_zone_3,load_zone_26,0.000253,0.000678
735.0,2026-07-02T15:00:37.783,2,701.693,-189.383,14.459,-0.3264,0.0,GOING_TO_ENDPOINT,dump_zone_3,load_zone_26,0.00025,0.00067
735.0,2026-07-02T15:00:37.783,3,-100.737,451.736,0.0,-0.5,1000.0,RETURNING_TO_START,load_zone_22,dump_zone_22,0.00025,0.00067
736.0,2026-07-02T15:00:39.333,1,656.517,176.557,7.2,0.0,0.0,TURNING_AROUND,dump_zone_3,load_zone_26,0.000255,0.000683
736.0,2026-07-02T15:00:39.333,2,703.354,-192.598,12.688,-0.5,0.0,GOING_TO_ENDPOINT,dump_zone_3,load_zone_26,0.00025,0.00067
736.0,2026-07-02T15:00:39.333,3,-100.737,451.736,0.0,-0.5,1000.0,RETURNING_TO_START,load_zone_22,dump_zone_22,0.00025,0.00067
737.0,2026-07-02T15:00:40.541,1,656.93,176.949,5.4,0.0,0.0,TURNING_AROUND,dump_zone_3,load_zone_26,0.000253,0.000678
737.0,2026-07-02T15:00:40.541,2,702.139,-195.522,10.888,-0.5,0.0,GOING_TO_ENDPOINT,dump_zone_3,load_zone_26,0.00025,0.00067
737.0,2026-07-02T15:00:40.541,3,-100.737,451.736,0.0,-0.5,1000.0,RETURNING_TO_START,load_zone_22,dump_zone_22,0.00025,0.00067
738.0,2026-07-02T15:00:42.299,1,656.898,176.84,0.25,0.3333,0.0,GOING_TO_ENDPOINT,dump_zone_3,load_zone_26,0.00025,0.00067
738.0,2026-07-02T15:00:42.299,2,699.685,-196.65,9.088,-0.5,0.0,GOING_TO_ENDPOINT,dump_zone_3,load_zone_26,0.00025,0.00067
738.0,2026-07-02T15:00:42.299,3,-100.737,451.736,0.0,-0.5,1000.0,RETURNING_TO_START,load_zone_22,dump_zone_22,0.00025,0.00067
739.0,2026-07-02T15:00:44.279,1,656.869,177.288,3.15,1.0,0.0,GOING_TO_ENDPOINT,dump_zone_3,load_zone_26,0.000262,0.000702
739.0,2026-07-02T15:00:44.279,2,697.496,-196.228,7.398,-0.3157,0.0,GOING_TO_ENDPOINT,dump_zone_3,load_zone_26,0.00025,0.00067
739.0,2026-07-02T15:00:44.279,3,-100.737,451.736,0.0,-0.5,1000.0,RETURNING_TO_START,load_zone_22,dump_zone_22,0.00025,0.00067
740.0,2026-07-02T15:00:45.864,1,656.443,178.631,6.75,1.0,0.0,GOING_TO_ENDPOINT,dump_zone_3,load_zone_26,0.000276,0.00074
740.0,2026-07-02T15:00:45.864,2,695.957,-194.842,8.212,0.6843,0.0,GOING_TO_ENDPOINT,dump_zone_3,load_zone_26,0.000273,0.000732
740.0,2026-07-02T15:00:45.864,3,-100.737,451.736,0.0,-0.5,1000.0,RETURNING_TO_START,load_zone_22,dump_zone_22,0.00025,0.00067
741.0,2026-07-02T15:00:47.499,1,654.773,180.339,10.35,1.0,0.0,GOING_TO_ENDPOINT,dump_zone_3,load_zone_26,0.00029,0.000777
741.0,2026-07-02T15:00:47.499,2,695.363,-192.177,11.678,1.0,0.0,GOING_TO_ENDPOINT,dump_zone_3,load_zone_26,0.000295,0.000791
741.0,2026-07-02T15:00:47.499,3,-100.737,451.736,0.0,-0.5,1000.0,RETURNING_TO_START,load_zone_22,dump_zone_22,0.00025,0.00067
742.0,2026-07-02T15:00:48.991,1,651.781,181.985,13.95,1.0,0.0,GOING_TO_ENDPOINT,dump_zone_3,load_zone_26,0.000304,0.000815
742.0,2026-07-02T15:00:48.991,2,697.371,-189.238,14.153,0.25,0.0,GOING_TO_ENDPOINT,dump_zone_3,load_zone_26,0.00027,0.000724
742.0,2026-07-02T15:00:48.991,3,-100.737,451.736,0.0,-0.5,1000.0,RETURNING_TO_START,load_zone_22,dump_zone_22,0.00025,0.00067
743.0,2026-07-02T15:00:51.774,1,648.578,184.928,17.175,0.5833,0.0,GOING_TO_ENDPOINT,dump_zone_3,load_zone_26,0.000293,0.000785
743.0,2026-07-02T15:00:51.774,2,701.204,-189.211,14.153,-0.4167,0.0,GOING_TO_ENDPOINT,dump_zone_3,load_zone_26,0.00025,0.00067
743.0,2026-07-02T15:00:51.774,3,-100.737,451.736,0.0,-0.5,1000.0,RETURNING_TO_START,load_zone_22,dump_zone_22,0.00025,0.00067
744.0,2026-07-02T15:00:53.239,1,647.46,189.618,17.325,-0.4167,0.0,GOING_TO_ENDPOINT,dump_zone_3,load_zone_26,0.00025,0.00067
744.0,2026-07-02T15:00:53.239,2,703.27,-192.081,12.353,-0.5,0.0,GOING_TO_ENDPOINT,dump_zone_3,load_zone_26,0.00025,0.00067
744.0,2026-07-02T15:00:53.239,3,-100.737,451.736,0.0,-0.5,1000.0,RETURNING_TO_START,load_zone_22,dump_zone_22,0.00025,0.00067
745.0,2026-07-02T15:00:54.684,1,647.492,194.159,15.525,-0.5,0.0,GOING_TO_ENDPOINT,dump_zone_3,load_zone_26,0.00025,0.00067
745.0,2026-07-02T15:00:54.684,2,702.587,-195.084,10.553,-0.5,0.0,GOING_TO_ENDPOINT,dump_zone_3,load_zone_26,0.00025,0.00067
745.0,2026-07-02T15:00:54.684,3,-100.737,451.736,0.0,-0.5,1000.0,RETURNING_TO_START,load_zone_22,dump_zone_22,0.00025,0.00067
746.0,2026-07-02T15:00:55.879,1,647.484,198.201,13.725,-0.5,0.0,GOING_TO_ENDPOINT,dump_zone_3,load_zone_26,0.00025,0.00067
746.0,2026-07-02T15:00:55.879,2,700.467,-196.612,8.753,-0.5,0.0,GOING_TO_ENDPOINT,dump_zone_3,load_zone_26,0.00025,0.00067
746.0,2026-07-02T15:00:55.879,3,-100.737,451.736,0.0,-0.5,1000.0,RETURNING_TO_START,load_zone_22,dump_zone_22,0.00025,0.00067
747.0,2026-07-02T15:00:57.909,1,645.614,201.25,13.575,0.4167,0.0,GOING_TO_ENDPOINT,dump_zone_3,load_zone_26,0.000277,0.000742
747.0,2026-07-02T15:00:57.909,2,698.333,-196.67,6.953,-0.5,0.0,GOING_TO_ENDPOINT,dump_zone_3,load_zone_26,0.00025,0.00067
747.0,2026-07-02T15:00:57.909,3,-100.737,451.736,0.0,-0.5,1000.0,RETURNING_TO_START,load_zone_22,dump_zone_22,0.00025,0.00067
748.0,2026-07-02T15:00:59.706,1,641.62,201.364,16.65,1.0,0.0,GOING_TO_ENDPOINT,dump_zone_3,load_zone_26,0.000314,0.000842
748.0,2026-07-02T15:00:59.706,2,696.717,-195.853,6.803,0.4167,0.0,GOING_TO_ENDPOINT,dump_zone_3,load_zone_26,0.000263,0.000705
748.0,2026-07-02T15:00:59.706,3,-100.737,451.736,0.0,-0.5,1000.0,RETURNING_TO_START,load_zone_22,dump_zone_22,0.00025,0.00067
749.0,2026-07-02T15:01:02.562,1,638.009,197.718,20.1,0.75,0.0,GOING_TO_ENDPOINT,dump_zone_3,load_zone_26,0.000311,0.000833
749.0,2026-07-02T15:01:02.562,2,695.47,-193.953,9.878,1.0,0.0,GOING_TO_ENDPOINT,dump_zone_3,load_zone_26,0.000288,0.000772
749.0,2026-07-02T15:01:02.562,3,-100.737,451.736,0.0,-0.5,1000.0,RETURNING_TO_START,load_zone_22,dump_zone_22,0.00025,0.00067
750.0,2026-07-02T15:01:06.631,1,632.644,195.738,20.85,-0.25,0.0,GOING_TO_ENDPOINT,dump_zone_3,load_zone_26,0.00025,0.00067
750.0,2026-07-02T15:01:06.631,2,695.874,-190.795,13.271,0.7118,0.0,GOING_TO_ENDPOINT,dump_zone_3,load_zone_26,0.000289,0.000775
750.0,2026-07-02T15:01:06.631,3,-100.737,451.736,0.0,-0.5,1000.0,RETURNING_TO_START,load_zone_22,dump_zone_22,0.00025,0.00067
751.0,2026-07-02T15:01:10.271,1,627.153,194.999,19.125,-0.5,0.0,GOING_TO_ENDPOINT,dump_zone_3,load_zone_26,0.00025,0.00067
751.0,2026-07-02T15:01:10.271,2,699.059,-188.868,14.133,0.0451,0.0,GOING_TO_ENDPOINT,dump_zone_3,load_zone_26,0.000261,0.000699
751.0,2026-07-02T15:01:10.271,3,-100.737,451.736,0.0,-0.5,1000.0,RETURNING_TO_START,load_zone_22,dump_zone_22,0.00025,0.00067
752.0,2026-07-02T15:01:14.153,1,622.146,194.403,17.325,-0.5,0.0,GOING_TO_ENDPOINT,dump_zone_3,load_zone_26,0.00025,0.00067
752.0,2026-07-02T15:01:14.153,2,702.494,-190.171,12.789,-0.5,0.0,GOING_TO_ENDPOINT,dump_zone_3,load_zone_26,0.00025,0.00067
752.0,2026-07-02T15:01:14.153,3,-100.737,451.736,0.0,-0.5,1000.0,RETURNING_TO_START,load_zone_22,dump_zone_22,0.00025,0.00067
753.0,2026-07-02T15:01:18.356,1,617.624,193.992,15.525,-0.5,0.0,GOING_TO_ENDPOINT,dump_zone_3,load_zone_26,0.00025,0.00067
753.0,2026-07-02T15:01:18.356,2,703.804,-193.082,10.989,-0.5,0.0,GOING_TO_ENDPOINT,dump_zone_3,load_zone_26,0.00025,0.00067
753.0,2026-07-02T15:01:18.356,3,-100.737,451.736,0.0,-0.5,1000.0,RETURNING_TO_START,load_zone_22,dump_zone_22,0.00025,0.00067
754.0,2026-07-02T15:01:21.566,1,613.586,193.83,13.725,-0.5,0.0,GOING_TO_ENDPOINT,dump_zone_3,load_zone_26,0.00025,0.00067
754.0,2026-07-02T15:01:21.566,2,702.92,-195.662,9.189,-0.5,0.0,GOING_TO_ENDPOINT,dump_zone_3,load_zone_26,0.00025,0.00067
754.0,2026-07-02T15:01:21.566,3,-100.737,451.736,0.0,-0.5,1000.0,RETURNING_TO_START,load_zone_22,dump_zone_22,0.00025,0.00067
755.0,2026-07-02T15:01:25.407,1,610.058,194.033,11.925,-0.5,0.0,GOING_TO_ENDPOINT,dump_zone_3,load_zone_26,0.00025,0.00067
755.0,2026-07-02T15:01:25.407,2,701.078,-196.957,7.389,-0.5,0.0,GOING_TO_ENDPOINT,dump_zone_3,load_zone_26,0.00025,0.00067
755.0,2026-07-02T15:01:25.407,3,-100.737,451.736,0.0,-0.5,1000.0,RETURNING_TO_START,load_zone_22,dump_zone_22,0.00025,0.00067
756.0,2026-07-02T15:01:29.285,1,607.263,195.191,10.125,-0.5,0.0,GOING_TO_ENDPOINT,dump_zone_3,load_zone_26,0.00025,0.00067
756.0,2026-07-02T15:01:29.285,2,699.323,-197.223,5.589,-0.5,0.0,GOING_TO_ENDPOINT,dump_zone_3,load_zone_26,0.00025,0.00067
756.0,2026-07-02T15:01:29.285,3,-100.737,451.736,0.0,-0.5,1000.0,RETURNING_TO_START,load_zone_22,dump_zone_22,0.00025,0.00067
757.0,2026-07-02T15:01:32.759,1,605.082,196.492,8.325,-0.5,0.0,GOING_TO_ENDPOINT,dump_zone_3,load_zone_26,0.00025,0.00067
757.0,2026-07-02T15:01:32.759,2,698.104,-197.601,3.789,-0.5,0.0,GOING_TO_ENDPOINT,dump_zone_3,load_zone_26,0.00025,0.00067
757.0,2026-07-02T15:01:32.759,3,-100.737,451.736,0.0,-0.5,1000.0,RETURNING_TO_START,load_zone_22,dump_zone_22,0.00025,0.00067
758.0,2026-07-02T15:01:36.290,1,603.233,197.36,6.55,-0.4167,0.0,GOING_TO_ENDPOINT,dump_zone_3,load_zone_26,0.00025,0.00067
758.0,2026-07-02T15:01:36.290,2,697.44,-198.011,1.989,-0.5,0.0,LOADING,dump_zone_3,load_zone_26,0.00025,0.00067
758.0,2026-07-02T15:01:36.290,3,-100.737,451.736,0.0,-0.5,1000.0,RETURNING_TO_START,load_zone_22,dump_zone_22,0.00025,0.00067
759.0,2026-07-02T15:01:40.177,1,601.78,198.028,5.261,-0.0773,0.0,GOING_TO_ENDPOINT,dump_zone_3,load_zone_26,0.000252,0.000675
759.0,2026-07-02T15:01:40.177,2,697.221,-198.189,0.189,-0.5,0.0,LOADING,dump_zone_3,load_zone_26,0.00025,0.00067
759.0,2026-07-02T15:01:40.177,3,-100.737,451.736,0.0,-0.5,1000.0,RETURNING_TO_START,load_zone_22,dump_zone_22,0.00025,0.00067
760.0,2026-07-02T15:01:43.770,1,600.514,198.391,4.023,-0.4167,0.0,GOING_TO_ENDPOINT,dump_zone_3,load_zone_26,0.00025,0.00067
760.0,2026-07-02T15:01:43.770,2,697.221,-198.189,0.0,-0.5,0.0,LOADING,dump_zone_3,load_zone_26,0.00025,0.00067
760.0,2026-07-02T15:01:43.770,3,-100.737,451.736,0.0,-0.5,1000.0,RETURNING_TO_START,load_zone_22,dump_zone_22,0.00025,0.00067
761.0,2026-07-02T15:01:46.911,1,599.415,198.405,4.473,0.5833,0.0,GOING_TO_ENDPOINT,dump_zone_3,load_zone_26,0.000261,0.000699
761.0,2026-07-02T15:01:46.911,2,695.916,-198.911,7.2,0.0,1000.0,TURNING_AROUND,load_zone_26,dump_zone_3,0.000258,0.000691
761.0,2026-07-02T15:01:46.911,3,-100.737,451.736,0.0,-0.5,1000.0,RETURNING_TO_START,load_zone_22,dump_zone_22,0.00025,0.00067
762.0,2026-07-02T15:01:48.770,1,597.81,197.826,7.823,1.0,0.0,GOING_TO_ENDPOINT,dump_zone_3,load_zone_26,0.00028,0.00075
762.0,2026-07-02T15:01:48.770,2,694.519,-199.123,5.4,0.0,1000.0,TURNING_AROUND,load_zone_26,dump_zone_3,0.000256,0.000686
762.0,2026-07-02T15:01:48.770,3,-100.737,451.736,0.0,-0.5,1000.0,RETURNING_TO_START,load_zone_22,dump_zone_22,0.00025,0.00067
763.0,2026-07-02T15:01:50.410,1,596.179,195.722,11.423,1.0,0.0,GOING_TO_ENDPOINT,dump_zone_3,load_zone_26,0.000294,0.000788
763.0,2026-07-02T15:01:50.410,2,695.413,-199.342,7.2,0.0,1000.0,TURNING_AROUND,load_zone_26,dump_zone_3,0.000258,0.000691
763.0,2026-07-02T15:01:50.410,3,-100.737,451.736,0.0,-0.5,1000.0,RETURNING_TO_START,load_zone_22,dump_zone_22,0.00025,0.00067
764.0,2026-07-02T15:01:53.915,1,596.724,192.18,15.023,1.0,0.0,GOING_TO_ENDPOINT,dump_zone_3,load_zone_26,0.000308,0.000825
764.0,2026-07-02T15:01:53.915,2,694.045,-197.911,7.2,0.0,1000.0,TURNING_AROUND,load_zone_26,dump_zone_3,0.000258,0.000691
764.0,2026-07-02T15:01:53.915,3,-100.737,451.736,0.0,-0.5,1000.0,RETURNING_TO_START,load_zone_22,dump_zone_22,0.00025,0.00067
765.0,2026-07-02T15:01:58.060,1,599.542,188.424,18.623,1.0,0.0,GOING_TO_ENDPOINT,dump_zone_3,load_zone_26,0.000322,0.000863
765.0,2026-07-02T15:01:58.060,2,693.812,-197.51,0.0,-0.25,1000.0,RETURNING_TO_START,load_zone_26,dump_zone_3,0.00025,0.00067
765.0,2026-07-02T15:01:58.060,3,-100.737,451.736,0.0,-0.5,1000.0,RETURNING_TO_START,load_zone_22,dump_zone_22,0.00025,0.00067
766.0,2026-07-02T15:02:01.108,1,601.666,183.128,22.223,1.0,0.0,GOING_TO_ENDPOINT,dump_zone_3,load_zone_26,0.000336,0.0009
766.0,2026-07-02T15:02:01.108,2,693.812,-197.415,1.125,0.75,1000.0,RETURNING_TO_START,load_zone_26,dump_zone_3,0.000256,0.000686
766.0,2026-07-02T15:02:01.108,3,-100.737,451.736,0.0,-0.5,1000.0,RETURNING_TO_START,load_zone_22,dump_zone_22,0.00025,0.00067
767.0,2026-07-02T15:02:05.160,1,602.495,176.482,25.798,0.9167,0.0,GOING_TO_ENDPOINT,dump_zone_3,load_zone_26,0.000343,0.000919
767.0,2026-07-02T15:02:05.160,2,693.863,-196.583,4.65,1.0,1000.0,RETURNING_TO_START,load_zone_26,dump_zone_3,0.00028,0.00075
767.0,2026-07-02T15:02:05.160,3,-100.737,451.736,0.0,-0.5,1000.0,RETURNING_TO_START,load_zone_22,dump_zone_22,0.00025,0.00067
768.0,2026-07-02T15:02:08.431,1,602.502,168.89,28.198,0.25,0.0,GOING_TO_ENDPOINT,dump_zone_3,load_zone_26,0.000291,0.00078
768.0,2026-07-02T15:02:08.431,2,694.246,-194.791,8.25,1.0,1000.0,RETURNING_TO_START,load_zone_26,dump_zone_3,0.000303,0.000812
768.0,2026-07-02T15:02:08.431,3,-100.737,451.736,0.0,-0.5,1000.0,RETURNING_TO_START,load_zone_22,dump_zone_22,0.00025,0.00067
769.0,2026-07-02T15:02:12.443,1,602.499,161.126,27.323,-0.4167,0.0,GOING_TO_ENDPOINT,dump_zone_3,load_zone_26,0.00025,0.00067
769.0,2026-07-02T15:02:12.443,2,695.119,-192.096,11.85,1.0,1000.0,RETURNING_TO_START,load_zone_26,dump_zone_3,0.000326,0.000874
769.0,2026-07-02T15:02:12.443,3,-100.737,451.736,0.0,-0.5,1000.0,RETURNING_TO_START,load_zone_22,dump_zone_22,0.00025,0.00067
770.0,2026-07-02T15:02:16.590,1,602.5,153.58,27.323,0.25,0.0,GOING_TO_ENDPOINT,dump_zone_3,load_zone_26,0.000289,0.000775
770.0,2026-07-02T15:02:16.590,2,696.411,-188.487,15.45,1.0,1000.0,RETURNING_TO_START,load_zone_26,dump_zone_3,0.00035,0.000938
770.0,2026-07-02T15:02:16.590,3,-100.737,451.736,0.0,-0.5,1000.0,RETURNING_TO_START,load_zone_22,dump_zone_22,0.00025,0.00067
771.0,2026-07-02T15:02:21.107,1,602.5,145.946,27.323,-0.25,0.0,GOING_TO_ENDPOINT,dump_zone_3,load_zone_26,0.00025,0.00067
771.0,2026-07-02T15:02:21.107,2,697.346,-183.759,19.05,1.0,1000.0,RETURNING_TO_START,load_zone_26,dump_zone_3,0.000373,0.001
771.0,2026-07-02T15:02:21.107,3,-100.737,451.736,0.0,-0.5,1000.0,RETURNING_TO_START,load_zone_22,dump_zone_22,0.00025,0.00067
772.0,2026-07-02T15:02:25.201,1,602.5,138.467,26.908,0.2451,0.0,GOING_TO_ENDPOINT,dump_zone_3,load_zone_26,0.000288,0.000772
772.0,2026-07-02T15:02:25.201,2,697.509,-178.095,21.0,0.0833,1000.0,RETURNING_TO_START,load_zone_26,dump_zone_3,0.000282,0.000756
772.0,2026-07-02T15:02:25.201,3,-100.737,451.736,0.0,-0.5,1000.0,RETURNING_TO_START,load_zone_22,dump_zone_22,0.00025,0.00067
773.0,2026-07-02T15:02:28.781,1,602.5,130.893,27.454,0.1111,0.0,GOING_TO_ENDPOINT,dump_zone_3,load_zone_26,0.000277,0.000742
773.0,2026-07-02T15:02:28.781,2,697.503,-172.407,19.725,-0.5,1000.0,RETURNING_TO_START,load_zone_26,dump_zone_3,0.00025,0.00067
773.0,2026-07-02T15:02:28.781,3,-100.737,451.736,0.0,-0.5,1000.0,RETURNING_TO_START,load_zone_22,dump_zone_22,0.00025,0.00067
774.0,2026-07-02T15:02:32.399,1,602.5,123.093,28.404,-0.0556,0.0,GOING_TO_ENDPOINT,dump_zone_3,load_zone_26,0.000263,0.000705
774.0,2026-07-02T15:02:32.399,2,697.5,-167.199,17.925,-0.5,1000.0,RETURNING_TO_START,load_zone_26,dump_zone_3,0.00025,0.00067
774.0,2026-07-02T15:02:32.399,3,-100.737,451.736,0.0,-0.5,1000.0,RETURNING_TO_START,load_zone_22,dump_zone_22,0.00025,0.00067
775.0,2026-07-02T15:02:35.627,1,602.5,115.274,27.82,-0.1951,0.0,GOING_TO_ENDPOINT,dump_zone_3,load_zone_26,0.00025,0.00067
775.0,2026-07-02T15:02:35.627,2,697.5,-162.49,16.125,-0.5,1000.0,RETURNING_TO_START,load_zone_26,dump_zone_3,0.00025,0.00067
775.0,2026-07-02T15:02:35.627,3,-100.737,451.736,0.0,-0.5,1000.0,RETURNING_TO_START,load_zone_22,dump_zone_22,0.00025,0.00067
776.0,2026-07-02T15:02:40.666,1,602.5,107.613,27.638,0.222,0.0,GOING_TO_ENDPOINT,dump_zone_3,load_zone_26,0.000287,0.000769
776.0,2026-07-02T15:02:40.666,2,697.5,-158.282,14.325,-0.5,1000.0,RETURNING_TO_START,load_zone_26,dump_zone_3,0.00025,0.00067
776.0,2026-07-02T15:02:40.666,3,-100.737,451.736,0.0,-0.5,1000.0,RETURNING_TO_START,load_zone_22,dump_zone_22,0.00025,0.00067
777.0,2026-07-02T15:02:43.175,1,602.5,99.885,28.137,0.3053,0.0,GOING_TO_ENDPOINT,dump_zone_3,load_zone_26,0.000296,0.000793
777.0,2026-07-02T15:02:43.175,2,697.5,-154.574,12.525,-0.5,1000.0,RETURNING_TO_START,load_zone_26,dump_zone_3,0.00025,0.00067
777.0,2026-07-02T15:02:43.175,3,-100.737,451.736,0.0,-0.5,1000.0,RETURNING_TO_START,load_zone_22,dump_zone_22,0.00025,0.00067
778.0,2026-07-02T15:02:47.958,1,602.5,91.992,28.366,-0.1446,0.0,GOING_TO_ENDPOINT,dump_zone_3,load_zone_26,0.000255,0.000683
778.0,2026-07-02T15:02:47.958,2,697.509,-151.365,10.725,-0.5,1000.0,RETURNING_TO_START,load_zone_26,dump_zone_3,0.00025,0.00067
778.0,2026-07-02T15:02:47.958,3,-100.737,451.736,0.0,-0.5,1000.0,RETURNING_TO_START,load_zone_22,dump_zone_22,0.00025,0.00067
779.0,2026-07-02T15:02:52.151,1,602.5,84.199,27.619,-0.1662,0.0,GOING_TO_ENDPOINT,dump_zone_3,load_zone_26,0.000253,0.000678
779.0,2026-07-02T15:02:52.151,2,696.646,-148.756,10.05,0.25,1000.0,RETURNING_TO_START,load_zone_26,dump_zone_3,0.000274,0.000734
779.0,2026-07-02T15:02:52.151,3,-100.737,451.736,0.0,-0.5,1000.0,RETURNING_TO_START,load_zone_22,dump_zone_22,0.00025,0.00067
780.0,2026-07-02T15:02:56.547,1,602.5,76.428,28.548,0.2576,0.0,GOING_TO_ENDPOINT,dump_zone_3,load_zone_26,0.000292,0.000783
780.0,2026-07-02T15:02:56.547,2,694.336,-146.653,12.75,1.0,1000.0,RETURNING_TO_START,load_zone_26,dump_zone_3,0.000332,0.00089
780.0,2026-07-02T15:02:56.547,3,-100.737,451.736,0.0,-0.5,1000.0,RETURNING_TO_START,load_zone_22,dump_zone_22,0.00025,0.00067
781.0,2026-07-02T15:03:00.919,1,602.5,68.525,28.28,-0.0454,0.0,GOING_TO_ENDPOINT,dump_zone_3,load_zone_26,0.000264,0.000708
781.0,2026-07-02T15:03:00.919,2,691.129,-144.126,16.35,1.0,1000.0,RETURNING_TO_START,load_zone_26,dump_zone_3,0.000355,0.000951
781.0,2026-07-02T15:03:00.919,3,-100.737,451.736,0.0,-0.5,1000.0,RETURNING_TO_START,load_zone_22,dump_zone_22,0.00025,0.00067
782.0,2026-07-02T15:03:05.578,1,602.5,60.793,27.396,-0.1681,0.0,GOING_TO_ENDPOINT,dump_zone_3,load_zone_26,0.000252,0.000675
782.0,2026-07-02T15:03:05.578,2,687.312,-140.771,19.95,1.0,1000.0,RETURNING_TO_START,load_zone_26,dump_zone_3,0.000379,0.001016
782.0,2026-07-02T15:03:05.578,3,-100.737,451.736,0.0,-0.5,1000.0,RETURNING_TO_START,load_zone_22,dump_zone_22,0.00025,0.00067
783.0,2026-07-02T15:03:10.464,1,602.5,53.121,27.962,0.1557,0.0,GOING_TO_ENDPOINT,dump_zone_3,load_zone_26,0.000282,0.000756
783.0,2026-07-02T15:03:10.464,2,682.985,-136.524,23.175,0.5833,1000.0,RETURNING_TO_START,load_zone_26,dump_zone_3,0.000347,0.00093
783.0,2026-07-02T15:03:10.464,3,-100.737,451.736,0.0,-0.5,1000.0,RETURNING_TO_START,load_zone_22,dump_zone_22,0.00025,0.00067
784.0,2026-07-02T15:03:15.221,1,602.5,45.246,28.472,-0.1776,0.0,GOING_TO_ENDPOINT,dump_zone_3,load_zone_26,0.000252,0.000675
784.0,2026-07-02T15:03:15.221,2,678.347,-131.882,23.475,-0.3666,1000.0,RETURNING_TO_START,load_zone_26,dump_zone_3,0.00025,0.00067
784.0,2026-07-02T15:03:15.221,3,-100.737,451.736,0.0,-0.5,1000.0,RETURNING_TO_START,load_zone_22,dump_zone_22,0.00025,0.00067
785.0,2026-07-02T15:03:19.563,1,602.5,37.524,27.462,-0.0833,0.0,GOING_TO_ENDPOINT,dump_zone_3,load_zone_26,0.00026,0.000697
785.0,2026-07-02T15:03:19.563,2,673.924,-127.46,21.69,-0.5,1000.0,RETURNING_TO_START,load_zone_26,dump_zone_3,0.00025,0.00067
785.0,2026-07-02T15:03:19.563,3,-100.737,451.736,0.0,-0.5,1000.0,RETURNING_TO_START,load_zone_22,dump_zone_22,0.00025,0.00067
786.0,2026-07-02T15:03:24.003,1,602.5,29.847,28.163,0.4287,0.0,GOING_TO_ENDPOINT,dump_zone_3,load_zone_26,0.000307,0.000823
786.0,2026-07-02T15:03:24.003,2,669.852,-123.388,19.99,-0.4167,1000.0,RETURNING_TO_START,load_zone_26,dump_zone_3,0.00025,0.00067
786.0,2026-07-02T15:03:24.003,3,-100.737,451.736,0.0,-0.5,1000.0,RETURNING_TO_START,load_zone_22,dump_zone_22,0.00025,0.00067
787.0,2026-07-02T15:03:28.901,1,602.5,21.946,28.204,-0.3532,0.0,GOING_TO_ENDPOINT,dump_zone_3,load_zone_26,0.00025,0.00067
787.0,2026-07-02T15:03:28.901,2,666.107,-119.643,18.248,-0.5,1000.0,RETURNING_TO_START,load_zone_26,dump_zone_3,0.00025,0.00067
787.0,2026-07-02T15:03:28.901,3,-100.737,451.736,0.0,-0.5,1000.0,RETURNING_TO_START,load_zone_22,dump_zone_22,0.00025,0.00067
788.0,2026-07-02T15:03:33.694,1,602.5,14.177,27.882,-0.1032,0.0,GOING_TO_ENDPOINT,dump_zone_3,load_zone_26,0.000258,0.000691
788.0,2026-07-02T15:03:33.694,2,662.711,-116.247,16.548,-0.4167,1000.0,RETURNING_TO_START,load_zone_26,dump_zone_3,0.00025,0.00067
788.0,2026-07-02T15:03:33.694,3,-100.737,451.736,0.0,-0.5,1000.0,RETURNING_TO_START,load_zone_22,dump_zone_22,0.00025,0.00067
789.0,2026-07-02T15:03:38.358,1,602.5,6.512,27.511,0.0635,0.0,GOING_TO_ENDPOINT,dump_zone_3,load_zone_26,0.000273,0.000732
789.0,2026-07-02T15:03:38.358,2,659.642,-113.178,14.848,-0.5,1000.0,RETURNING_TO_START,load_zone_26,dump_zone_3,0.00025,0.00067
789.0,2026-07-02T15:03:38.358,3,-100.737,451.736,0.0,-0.5,1000.0,RETURNING_TO_START,load_zone_22,dump_zone_22,0.00025,0.00067
790.0,2026-07-02T15:03:42.327,1,602.5,-1.05,27.159,0.1784,0.0,GOING_TO_ENDPOINT,dump_zone_3,load_zone_26,0.000283,0.000758
790.0,2026-07-02T15:03:42.327,2,656.904,-110.44,13.148,-0.5,1000.0,RETURNING_TO_START,load_zone_26,dump_zone_3,0.00025,0.00067
790.0,2026-07-02T15:03:42.327,3,-100.737,451.736,0.0,-0.5,1000.0,RETURNING_TO_START,load_zone_22,dump_zone_22,0.00025,0.00067
791.0,2026-07-02T15:03:47.268,1,602.5,-8.796,28.601,0.3451,0.0,GOING_TO_ENDPOINT,dump_zone_3,load_zone_26,0.0003,0.000804
791.0,2026-07-02T15:03:47.268,2,654.499,-108.035,11.598,-0.25,1000.0,RETURNING_TO_START,load_zone_26,dump_zone_3,0.00025,0.00067
791.0,2026-07-02T15:03:47.268,3,-100.737,451.736,0.0,-0.5,1000.0,RETURNING_TO_START,load_zone_22,dump_zone_22,0.00025,0.00067
792.0,2026-07-02T15:03:49.917,1,602.5,-16.719,27.986,-0.4167,0.0,GOING_TO_ENDPOINT,dump_zone_3,load_zone_26,0.00025,0.00067
792.0,2026-07-02T15:03:49.917,2,652.368,-105.903,10.048,-0.5,1000.0,RETURNING_TO_START,load_zone_26,dump_zone_3,0.00025,0.00067
792.0,2026-07-02T15:03:49.917,3,-100.737,451.736,0.0,-0.5,1000.0,RETURNING_TO_START,load_zone_22,dump_zone_22,0.00025,0.00067
793.0,2026-07-02T15:03:55.960,1,602.5,-24.384,27.578,0.2361,0.0,GOING_TO_ENDPOINT,dump_zone_3,load_zone_26,0.000289,0.000775
793.0,2026-07-02T15:03:55.960,2,650.588,-104.119,8.248,-0.5,1000.0,RETURNING_TO_START,load_zone_26,dump_zone_3,0.00025,0.00067
793.0,2026-07-02T15:03:55.960,3,-100.737,451.736,0.0,-0.5,1000.0,RETURNING_TO_START,load_zone_22,dump_zone_22,0.00025,0.00067
794.0,2026-07-02T15:04:01.070,1,602.5,-32.197,28.283,-0.1695,0.0,GOING_TO_ENDPOINT,dump_zone_3,load_zone_26,0.000252,0.000675
794.0,2026-07-02T15:04:01.070,2,649.113,-102.741,6.448,-0.5,1000.0,RETURNING_TO_START,load_zone_26,dump_zone_3,0.00025,0.00067
794.0,2026-07-02T15:04:01.070,3,-100.737,451.736,0.0,-0.5,1000.0,RETURNING_TO_START,load_zone_22,dump_zone_22,0.00025,0.00067
795.0,2026-07-02T15:04:04.574,1,602.5,-39.87,27.33,0.0833,0.0,GOING_TO_ENDPOINT,dump_zone_3,load_zone_26,0.000275,0.000737
795.0,2026-07-02T15:04:04.574,2,647.649,-102.083,5.773,0.25,1000.0,RETURNING_TO_START,load_zone_26,dump_zone_3,0.000264,0.000708
795.0,2026-07-02T15:04:04.574,3,-100.737,451.736,0.0,-0.5,1000.0,RETURNING_TO_START,load_zone_22,dump_zone_22,0.00025,0.00067
796.0,2026-07-02T15:04:08.268,1,602.5,-47.706,29.28,0.5833,0.0,GOING_TO_ENDPOINT,dump_zone_3,load_zone_26,0.000324,0.000868
796.0,2026-07-02T15:04:08.268,2,645.713,-101.967,8.473,1.0,1000.0,RETURNING_TO_START,load_zone_26,dump_zone_3,0.000305,0.000817
796.0,2026-07-02T15:04:08.268,3,-100.737,451.736,0.0,-0.5,1000.0,RETURNING_TO_START,load_zone_22,dump_zone_22,0.00025,0.00067
797.0,2026-07-02T15:04:10.940,1,602.5,-55.945,29.43,-0.4167,0.0,GOING_TO_ENDPOINT,dump_zone_3,load_zone_26,0.00025,0.00067
797.0,2026-07-02T15:04:10.940,2,642.822,-102.119,12.073,1.0,1000.0,RETURNING_TO_START,load_zone_26,dump_zone_3,0.000328,0.000879
797.0,2026-07-02T15:04:10.940,3,-100.737,451.736,0.0,-0.5,1000.0,RETURNING_TO_START,load_zone_22,dump_zone_22,0.00025,0.00067
798.0,2026-07-02T15:04:15.233,1,602.5,-63.863,27.73,-0.5,0.0,GOING_TO_ENDPOINT,dump_zone_3,load_zone_26,0.00025,0.00067
798.0,2026-07-02T15:04:15.233,2,638.934,-102.356,15.673,1.0,1000.0,RETURNING_TO_START,load_zone_26,dump_zone_3,0.000351,0.000941
798.0,2026-07-02T15:04:15.233,3,-100.737,451.736,0.0,-0.5,1000.0,RETURNING_TO_START,load_zone_22,dump_zone_22,0.00025,0.00067
799.0,2026-07-02T15:04:19.156,1,602.5,-71.295,25.93,-0.5,0.0,GOING_TO_ENDPOINT,dump_zone_3,load_zone_26,0.00025,0.00067
799.0,2026-07-02T15:04:19.156,2,634.047,-102.489,19.123,0.75,1000.0,RETURNING_TO_START,load_zone_26,dump_zone_3,0.000347,0.00093
799.0,2026-07-02T15:04:19.156,3,-100.737,451.736,0.0,-0.5,1000.0,RETURNING_TO_START,load_zone_22,dump_zone_22,0.00025,0.00067
800.0,2026-07-02T15:04:22.312,1,602.5,-78.227,24.13,-0.5,0.0,GOING_TO_ENDPOINT,dump_zone_3,load_zone_26,0.00025,0.00067
800.0,2026-07-02T15:04:22.312,2,628.539,-102.503,19.873,-0.25,1000.0,RETURNING_TO_START,load_zone_26,dump_zone_3,0.00025,0.00067
800.0,2026-07-02T15:04:22.312,3,-100.737,451.736,0.0,-0.5,1000.0,RETURNING_TO_START,load_zone_22,dump_zone_22,0.00025,0.00067
801.0,2026-07-02T15:04:25.870,1,602.5,-84.658,22.33,-0.5,0.0,GOING_TO_ENDPOINT,dump_zone_3,load_zone_26,0.00025,0.00067
801.0,2026-07-02T15:04:25.870,2,623.269,-102.5,18.148,-0.5,1000.0,RETURNING_TO_START,load_zone_26,dump_zone_3,0.00025,0.00067
801.0,2026-07-02T15:04:25.870,3,-100.737,451.736,0.0,-0.5,1000.0,RETURNING_TO_START,load_zone_22,dump_zone_22,0.00025,0.00067
802.0,2026-07-02T15:04:28.941,1,602.5,-90.59,20.53,-0.5,0.0,GOING_TO_ENDPOINT,dump_zone_3,load_zone_26,0.00025,0.00067
802.0,2026-07-02T15:04:28.941,2,618.499,-102.5,16.348,-0.5,1000.0,RETURNING_TO_START,load_zone_26,dump_zone_3,0.00025,0.00067
802.0,2026-07-02T15:04:28.941,3,-100.737,451.736,0.0,-0.5,1000.0,RETURNING_TO_START,load_zone_22,dump_zone_22,0.00025,0.00067
803.0,2026-07-02T15:04:33.023,1,602.5,-96.022,18.73,-0.5,0.0,GOING_TO_ENDPOINT,dump_zone_3,load_zone_26,0.00025,0.00067
803.0,2026-07-02T15:04:33.023,2,614.229,-102.471,14.548,-0.5,1000.0,RETURNING_TO_START,load_zone_26,dump_zone_3,0.00025,0.00067
803.0,2026-07-02T15:04:33.023,3,-100.737,451.736,0.0,-0.5,1000.0,RETURNING_TO_START,load_zone_22,dump_zone_22,0.00025,0.00067
804.0,2026-07-02T15:04:38.232,1,602.698,-100.94,16.93,-0.5,0.0,GOING_TO_ENDPOINT,dump_zone_3,load_zone_26,0.00025,0.00067
804.0,2026-07-02T15:04:38.232,2,610.324,-102.877,14.398,0.4167,1000.0,RETURNING_TO_START,load_zone_26,dump_zone_3,0.000298,0.000799
804.0,2026-07-02T15:04:38.232,3,-100.737,451.736,0.0,-0.5,1000.0,RETURNING_TO_START,load_zone_22,dump_zone_22,0.00025,0.00067
805.0,2026-07-02T15:04:44.520,1,604.611,-104.756,15.13,-0.5,0.0,GOING_TO_ENDPOINT,dump_zone_3,load_zone_26,0.00025,0.00067
805.0,2026-07-02T15:04:44.520,2,607.392,-105.874,17.448,0.9167,1000.0,RETURNING_TO_START,load_zone_26,dump_zone_3,0.000355,0.000951
805.0,2026-07-02T15:04:44.520,3,-100.737,451.736,0.0,-0.5,1000.0,RETURNING_TO_START,load_zone_22,dump_zone_22,0.00025,0.00067
806.0,2026-07-02T15:04:51.042,1,608.4,-105.596,13.48,-0.25,0.0,GOING_TO_ENDPOINT,dump_zone_3,load_zone_26,0.00025,0.00067
806.0,2026-07-02T15:04:51.042,2,606.283,-110.721,18.798,-0.0833,1000.0,RETURNING_TO_START,load_zone_26,dump_zone_3,0.000261,0.000699
806.0,2026-07-02T15:04:51.042,3,-100.737,451.736,0.0,-0.5,1000.0,RETURNING_TO_START,load_zone_22,dump_zone_22,0.00025,0.00067
807.0,2026-07-02T15:04:57.535,1,611.498,-103.603,14.53,0.75,0.0,GOING_TO_ENDPOINT,dump_zone_3,load_zone_26,0.000294,0.000788
807.0,2026-07-02T15:04:57.535,2,601.671,-111.611,17.248,-0.5,1000.0,RETURNING_TO_START,load_zone_26,dump_zone_3,0.00025,0.00067
807.0,2026-07-02T15:04:57.535,3,-100.737,451.736,0.0,-0.5,1000.0,RETURNING_TO_START,load_zone_22,dump_zone_22,0.00025,0.00067
808.0,2026-07-02T15:05:01.403,1,614.517,-100.207,18.055,1.0,0.0,GOING_TO_ENDPOINT,dump_zone_3,load_zone_26,0.00032,0.000858
808.0,2026-07-02T15:05:01.403,2,599.185,-107.872,17.098,0.4167,1000.0,RETURNING_TO_START,load_zone_26,dump_zone_3,0.000306,0.00082
808.0,2026-07-02T15:05:01.403,3,-100.737,451.736,0.0,-0.5,1000.0,RETURNING_TO_START,load_zone_22,dump_zone_22,0.00025,0.00067
809.0,2026-07-02T15:05:05.201,1,619.385,-97.769,20.955,0.4167,0.0,GOING_TO_ENDPOINT,dump_zone_3,load_zone_26,0.000292,0.000783
809.0,2026-07-02T15:05:05.201,2,598.101,-102.842,19.798,0.5833,1000.0,RETURNING_TO_START,load_zone_26,dump_zone_3,0.000333,0.000892
809.0,2026-07-02T15:05:05.201,3,-100.737,451.736,0.0,-0.5,1000.0,RETURNING_TO_START,load_zone_22,dump_zone_22,0.00025,0.00067
810.0,2026-07-02T15:05:09.448,1,625.202,-97.443,20.53,-0.5,0.0,GOING_TO_ENDPOINT,dump_zone_3,load_zone_26,0.00025,0.00067
810.0,2026-07-02T15:05:09.448,2,596.898,-97.392,19.998,-0.25,1000.0,RETURNING_TO_START,load_zone_26,dump_zone_3,0.00025,0.00067
810.0,2026-07-02T15:05:09.448,3,-100.737,451.736,0.0,-0.5,1000.0,RETURNING_TO_START,load_zone_22,dump_zone_22,0.00025,0.00067
811.0,2026-07-02T15:05:15.332,1,630.634,-97.496,18.73,-0.5,0.0,GOING_TO_ENDPOINT,dump_zone_3,load_zone_26,0.00025,0.00067
811.0,2026-07-02T15:05:15.332,2,597.119,-91.889,21.048,0.75,1000.0,RETURNING_TO_START,load_zone_26,dump_zone_3,0.000357,0.000957
811.0,2026-07-02T15:05:15.332,3,-100.737,451.736,0.0,-0.5,1000.0,RETURNING_TO_START,load_zone_22,dump_zone_22,0.00025,0.00067
812.0,2026-07-02T15:05:19.956,1,635.566,-97.502,16.93,-0.5,0.0,GOING_TO_ENDPOINT,dump_zone_3,load_zone_26,0.00025,0.00067
812.0,2026-07-02T15:05:19.956,2,597.516,-85.607,23.898,0.5833,1000.0,RETURNING_TO_START,load_zone_26,dump_zone_3,0.00035,0.000938
812.0,2026-07-02T15:05:19.956,3,-100.737,451.736,0.0,-0.5,1000.0,RETURNING_TO_START,load_zone_22,dump_zone_22,0.00025,0.00067
813.0,2026-07-02T15:05:23.792,1,639.998,-97.5,15.13,-0.5,0.0,GOING_TO_ENDPOINT,dump_zone_3,load_zone_26,0.00025,0.00067
813.0,2026-07-02T15:05:23.792,2,597.509,-78.864,24.048,-0.4167,1000.0,RETURNING_TO_START,load_zone_26,dump_zone_3,0.00025,0.00067
813.0,2026-07-02T15:05:23.792,3,-100.737,451.736,0.0,-0.5,1000.0,RETURNING_TO_START,load_zone_22,dump_zone_22,0.00025,0.00067
814.0,2026-07-02T15:05:27.326,1,643.93,-97.5,13.33,-0.5,0.0,GOING_TO_ENDPOINT,dump_zone_3,load_zone_26,0.00025,0.00067
814.0,2026-07-02T15:05:27.326,2,597.5,-72.421,22.671,-0.2215,1000.0,RETURNING_TO_START,load_zone_26,dump_zone_3,0.00025,0.00067
814.0,2026-07-02T15:05:27.326,3,-100.737,451.736,0.0,-0.5,1000.0,RETURNING_TO_START,load_zone_22,dump_zone_22,0.00025,0.00067
815.0,2026-07-02T15:05:30.847,1,647.362,-97.501,11.53,-0.5,0.0,GOING_TO_ENDPOINT,dump_zone_3,load_zone_26,0.00025,0.00067
815.0,2026-07-02T15:05:30.847,2,597.5,-66.341,21.206,-0.25,1000.0,RETURNING_TO_START,load_zone_26,dump_zone_3,0.00025,0.00067
815.0,2026-07-02T15:05:30.847,3,-100.737,451.736,0.0,-0.5,1000.0,RETURNING_TO_START,load_zone_22,dump_zone_22,0.00025,0.00067
816.0,2026-07-02T15:05:35.078,1,650.266,-97.84,9.73,-0.5,0.0,GOING_TO_ENDPOINT,dump_zone_3,load_zone_26,0.00025,0.00067
816.0,2026-07-02T15:05:35.078,2,597.5,-60.38,22.203,0.7211,1000.0,RETURNING_TO_START,load_zone_26,dump_zone_3,0.00036,0.000965
816.0,2026-07-02T15:05:35.078,3,-100.737,451.736,0.0,-0.5,1000.0,RETURNING_TO_START,load_zone_22,dump_zone_22,0.00025,0.00067
817.0,2026-07-02T15:05:39.447,1,652.412,-98.954,7.955,-0.4167,0.0,GOING_TO_ENDPOINT,dump_zone_3,load_zone_26,0.00025,0.00067
817.0,2026-07-02T15:05:39.447,2,597.5,-53.802,24.499,0.2211,1000.0,RETURNING_TO_START,load_zone_26,dump_zone_3,0.000305,0.000817
817.0,2026-07-02T15:05:39.447,3,-100.737,451.736,0.0,-0.5,1000.0,RETURNING_TO_START,load_zone_22,dump_zone_22,0.00025,0.00067
818.0,2026-07-02T15:05:43.083,1,653.968,-100.223,6.93,0.0833,0.0,GOING_TO_ENDPOINT,dump_zone_3,load_zone_26,0.000256,0.000686
818.0,2026-07-02T15:05:43.083,2,597.5,-47.057,23.845,-0.2789,1000.0,RETURNING_TO_START,load_zone_26,dump_zone_3,0.00025,0.00067
818.0,2026-07-02T15:05:43.083,3,-100.737,451.736,0.0,-0.5,1000.0,RETURNING_TO_START,load_zone_22,dump_zone_22,0.00025,0.00067
819.0,2026-07-02T15:05:47.437,1,655.55,-101.722,9.155,1.0,0.0,GOING_TO_ENDPOINT,dump_zone_3,load_zone_26,0.000285,0.000764
819.0,2026-07-02T15:05:47.437,2,597.5,-40.523,23.125,-0.1645,1000.0,RETURNING_TO_START,load_zone_26,dump_zone_3,0.000254,0.000681
819.0,2026-07-02T15:05:47.437,3,-100.737,451.736,0.0,-0.5,1000.0,RETURNING_TO_START,load_zone_22,dump_zone_22,0.00025,0.00067
820.0,2026-07-02T15:05:51.291,1,657.694,-103.94,12.755,1.0,0.0,GOING_TO_ENDPOINT,dump_zone_3,load_zone_26,0.000299,0.000801
820.0,2026-07-02T15:05:51.291,2,597.5,-34.075,23.083,-0.3312,1000.0,RETURNING_TO_START,load_zone_26,dump_zone_3,0.00025,0.00067
820.0,2026-07-02T15:05:51.291,3,-100.737,451.736,0.0,-0.5,1000.0,RETURNING_TO_START,load_zone_22,dump_zone_22,0.00025,0.00067
821.0,2026-07-02T15:05:54.624,1,660.506,-106.902,16.355,1.0,0.0,GOING_TO_ENDPOINT,dump_zone_3,load_zone_26,0.000313,0.000839
821.0,2026-07-02T15:05:54.624,2,597.5,-27.888,21.784,-0.0833,1000.0,RETURNING_TO_START,load_zone_26,dump_zone_3,0.000263,0.000705
821.0,2026-07-02T15:05:54.624,3,-100.737,451.736,0.0,-0.5,1000.0,RETURNING_TO_START,load_zone_22,dump_zone_22,0.00025,0.00067
822.0,2026-07-02T15:05:58.526,1,664.067,-110.532,19.955,1.0,0.0,GOING_TO_ENDPOINT,dump_zone_3,load_zone_26,0.000327,0.000876
822.0,2026-07-02T15:05:58.526,2,597.5,-21.688,23.051,0.3476,1000.0,RETURNING_TO_START,load_zone_26,dump_zone_3,0.000318,0.000852
822.0,2026-07-02T15:05:58.526,3,-100.737,451.736,0.0,-0.5,1000.0,RETURNING_TO_START,load_zone_22,dump_zone_22,0.00025,0.00067
823.0,2026-07-02T15:06:03.573,1,668.366,-114.837,23.555,1.0,0.0,GOING_TO_ENDPOINT,dump_zone_3,load_zone_26,0.000341,0.000914
823.0,2026-07-02T15:06:03.573,2,597.5,-15.305,22.419,-0.5,1000.0,RETURNING_TO_START,load_zone_26,dump_zone_3,0.00025,0.00067
823.0,2026-07-02T15:06:03.573,3,-100.737,451.736,0.0,-0.5,1000.0,RETURNING_TO_START,load_zone_22,dump_zone_22,0.00025,0.00067
824.0,2026-07-02T15:06:08.833,1,673.372,-119.837,27.019,0.8989,0.0,GOING_TO_ENDPOINT,dump_zone_3,load_zone_26,0.000346,0.000927
824.0,2026-07-02T15:06:08.833,2,597.5,-9.183,22.269,0.4167,1000.0,RETURNING_TO_START,load_zone_26,dump_zone_3,0.000324,0.000868
824.0,2026-07-02T15:06:08.833,3,-100.737,451.736,0.0,-0.5,1000.0,RETURNING_TO_START,load_zone_22,dump_zone_22,0.00025,0.00067
825.0,2026-07-02T15:06:13.626,1,678.875,-125.339,28.306,-0.1011,0.0,GOING_TO_ENDPOINT,dump_zone_3,load_zone_26,0.000259,0.000694
825.0,2026-07-02T15:06:13.626,2,597.5,-2.747,23.973,0.3828,1000.0,RETURNING_TO_START,load_zone_26,dump_zone_3,0.000325,0.000871
825.0,2026-07-02T15:06:13.626,3,-100.737,451.736,0.0,-0.5,1000.0,RETURNING_TO_START,load_zone_22,dump_zone_22,0.00025,0.00067
826.0,2026-07-02T15:06:16.638,1,684.284,-130.748,26.734,-0.5,0.0,GOING_TO_ENDPOINT,dump_zone_3,load_zone_26,0.00025,0.00067
826.0,2026-07-02T15:06:16.638,2,597.5,3.91,23.471,-0.4167,1000.0,RETURNING_TO_START,load_zone_26,dump_zone_3,0.00025,0.00067
826.0,2026-07-02T15:06:16.638,3,-100.737,451.736,0.0,-0.5,1000.0,RETURNING_TO_START,load_zone_22,dump_zone_22,0.00025,0.00067
827.0,2026-07-02T15:06:20.241,1,689.343,-135.809,24.934,-0.5,0.0,GOING_TO_ENDPOINT,dump_zone_3,load_zone_26,0.00025,0.00067
827.0,2026-07-02T15:06:20.241,2,597.5,10.386,23.358,-0.1085,1000.0,RETURNING_TO_START,load_zone_26,dump_zone_3,0.000261,0.000699
827.0,2026-07-02T15:06:20.241,3,-100.737,451.736,0.0,-0.5,1000.0,RETURNING_TO_START,load_zone_22,dump_zone_22,0.00025,0.00067
828.0,2026-07-02T15:06:23.604,1,694.05,-140.514,23.134,-0.5,0.0,GOING_TO_ENDPOINT,dump_zone_3,load_zone_26,0.00025,0.00067
828.0,2026-07-02T15:06:23.604,2,597.5,16.784,22.967,-0.1085,1000.0,RETURNING_TO_START,load_zone_26,dump_zone_3,0.000261,0.000699
828.0,2026-07-02T15:06:23.604,3,-100.737,451.736,0.0,-0.5,1000.0,RETURNING_TO_START,load_zone_22,dump_zone_22,0.00025,0.00067
829.0,2026-07-02T15:06:28.557,1,698.412,-144.856,21.334,-0.5,0.0,GOING_TO_ENDPOINT,dump_zone_3,load_zone_26,0.00025,0.00067
829.0,2026-07-02T15:06:28.557,2,597.5,23.168,23.227,0.2248,1000.0,RETURNING_TO_START,load_zone_26,dump_zone_3,0.000303,0.000812
829.0,2026-07-02T15:06:28.557,3,-100.737,451.736,0.0,-0.5,1000.0,RETURNING_TO_START,load_zone_22,dump_zone_22,0.00025,0.00067
830.0,2026-07-02T15:06:33.165,1,702.1,-149.125,19.534,-0.5,0.0,GOING_TO_ENDPOINT,dump_zone_3,load_zone_26,0.00025,0.00067
830.0,2026-07-02T15:06:33.165,2,597.5,29.703,23.564,0.0903,1000.0,RETURNING_TO_START,load_zone_26,dump_zone_3,0.000286,0.000766
830.0,2026-07-02T15:06:33.165,3,-100.737,451.736,0.0,-0.5,1000.0,RETURNING_TO_START,load_zone_22,dump_zone_22,0.00025,0.00067
831.0,2026-07-02T15:06:38.228,1,703.457,-153.968,18.109,-0.0833,0.0,GOING_TO_ENDPOINT,dump_zone_3,load_zone_26,0.000257,0.000689
831.0,2026-07-02T15:06:38.228,2,597.5,36.189,22.837,-0.2458,1000.0,RETURNING_TO_START,load_zone_26,dump_zone_3,0.00025,0.00067
831.0,2026-07-02T15:06:38.228,3,-100.737,451.736,0.0,-0.5,1000.0,RETURNING_TO_START,load_zone_22,dump_zone_22,0.00025,0.00067
832.0,2026-07-02T15:06:42.717,1,702.63,-159.065,19.226,0.2443,0.0,GOING_TO_ENDPOINT,dump_zone_3,load_zone_26,0.000277,0.000742
832.0,2026-07-02T15:06:42.717,2,597.5,42.58,23.402,0.2542,1000.0,RETURNING_TO_START,load_zone_26,dump_zone_3,0.000307,0.000823
832.0,2026-07-02T15:06:42.717,3,-100.737,451.736,0.0,-0.5,1000.0,RETURNING_TO_START,load_zone_22,dump_zone_22,0.00025,0.00067
833.0,2026-07-02T15:06:47.608,1,702.487,-164.331,18.337,-0.4167,0.0,GOING_TO_ENDPOINT,dump_zone_3,load_zone_26,0.00025,0.00067
833.0,2026-07-02T15:06:47.608,2,597.5,49.158,23.668,-0.0791,1000.0,RETURNING_TO_START,load_zone_26,dump_zone_3,0.000265,0.00071
833.0,2026-07-02T15:06:47.608,3,-100.737,451.736,0.0,-0.5,1000.0,RETURNING_TO_START,load_zone_22,dump_zone_22,0.00025,0.00067
834.0,2026-07-02T15:06:52.087,1,702.497,-169.174,16.612,-0.5,0.0,GOING_TO_ENDPOINT,dump_zone_3,load_zone_26,0.00025,0.00067
834.0,2026-07-02T15:06:52.087,2,597.5,55.653,23.131,0.0032,1000.0,RETURNING_TO_START,load_zone_26,dump_zone_3,0.000275,0.000737
834.0,2026-07-02T15:06:52.087,3,-100.737,451.736,0.0,-0.5,1000.0,RETURNING_TO_START,load_zone_22,dump_zone_22,0.00025,0.00067
835.0,2026-07-02T15:06:56.724,1,702.5,-173.517,14.812,-0.5,0.0,GOING_TO_ENDPOINT,dump_zone_3,load_zone_26,0.00025,0.00067
835.0,2026-07-02T15:06:56.724,2,597.5,62.111,23.116,-0.0872,1000.0,RETURNING_TO_START,load_zone_26,dump_zone_3,0.000264,0.000708
835.0,2026-07-02T15:06:56.724,3,-100.737,451.736,0.0,-0.5,1000.0,RETURNING_TO_START,load_zone_22,dump_zone_22,0.00025,0.00067
836.0,2026-07-02T15:07:01.714,1,702.5,-177.361,13.012,-0.5,0.0,GOING_TO_ENDPOINT,dump_zone_3,load_zone_26,0.00025,0.00067
836.0,2026-07-02T15:07:01.714,2,597.5,68.373,22.06,-0.0833,1000.0,RETURNING_TO_START,load_zone_26,dump_zone_3,0.000263,0.000705
836.0,2026-07-02T15:07:01.714,3,-100.737,451.736,0.0,-0.5,1000.0,RETURNING_TO_START,load_zone_22,dump_zone_22,0.00025,0.00067
837.0,2026-07-02T15:07:07.225,1,702.5,-180.742,11.612,-0.4167,0.0,GOING_TO_ENDPOINT,dump_zone_3,load_zone_26,0.00025,0.00067
837.0,2026-07-02T15:07:07.225,2,597.5,74.635,23.179,0.2949,1000.0,RETURNING_TO_START,load_zone_26,dump_zone_3,0.000311,0.000833
837.0,2026-07-02T15:07:07.225,3,-100.737,451.736,0.0,-0.5,1000.0,RETURNING_TO_START,load_zone_22,dump_zone_22,0.00025,0.00067
838.0,2026-07-02T15:07:11.987,1,702.5,-183.705,9.902,-0.5,0.0,GOING_TO_ENDPOINT,dump_zone_3,load_zone_26,0.00025,0.00067
838.0,2026-07-02T15:07:11.987,2,597.5,81.173,23.794,-0.0357,1000.0,RETURNING_TO_START,load_zone_26,dump_zone_3,0.000271,0.000726
838.0,2026-07-02T15:07:11.987,3,-100.737,451.736,0.0,-0.5,1000.0,RETURNING_TO_START,load_zone_22,dump_zone_22,0.00025,0.00067
839.0,2026-07-02T15:07:16.517,1,702.5,-186.185,8.102,-0.5,0.0,GOING_TO_ENDPOINT,dump_zone_3,load_zone_26,0.00025,0.00067
839.0,2026-07-02T15:07:16.517,2,597.5,87.658,22.865,-0.2023,1000.0,RETURNING_TO_START,load_zone_26,dump_zone_3,0.00025,0.00067
839.0,2026-07-02T15:07:16.517,3,-100.737,451.736,0.0,-0.5,1000.0,RETURNING_TO_START,load_zone_22,dump_zone_22,0.00025,0.00067
840.0,2026-07-02T15:07:21.339,1,702.5,-188.169,6.402,-0.4167,0.0,GOING_TO_ENDPOINT,dump_zone_3,load_zone_26,0.00025,0.00067
840.0,2026-07-02T15:07:21.339,2,597.5,93.943,22.564,-0.0423,1000.0,RETURNING_TO_START,load_zone_26,dump_zone_3,0.000269,0.000721
840.0,2026-07-02T15:07:21.339,3,-100.737,451.736,0.0,-0.5,1000.0,RETURNING_TO_START,load_zone_22,dump_zone_22,0.00025,0.00067
841.0,2026-07-02T15:07:25.794,1,702.514,-189.676,4.602,-0.5,0.0,GOING_TO_ENDPOINT,dump_zone_3,load_zone_26,0.00025,0.00067
841.0,2026-07-02T15:07:25.794,2,597.5,100.21,22.937,0.4312,1000.0,RETURNING_TO_START,load_zone_26,dump_zone_3,0.000328,0.000879
841.0,2026-07-02T15:07:25.794,3,-100.737,451.736,0.0,-0.5,1000.0,RETURNING_TO_START,load_zone_22,dump_zone_22,0.00025,0.00067
842.0,2026-07-02T15:07:29.777,1,702.721,-190.659,2.802,-0.5,0.0,LOADING,dump_zone_3,load_zone_26,0.00025,0.00067
842.0,2026-07-02T15:07:29.777,2,597.5,106.807,23.969,-0.1422,1000.0,RETURNING_TO_START,load_zone_26,dump_zone_3,0.000257,0.000689
842.0,2026-07-02T15:07:29.777,3,-100.737,451.736,0.0,-0.5,1000.0,RETURNING_TO_START,load_zone_22,dump_zone_22,0.00025,0.00067
843.0,2026-07-02T15:07:33.323,1,702.915,-191.128,1.002,-0.5,0.0,LOADING,dump_zone_3,load_zone_26,0.00025,0.00067
843.0,2026-07-02T15:07:33.323,2,597.5,113.348,23.376,-0.176,1000.0,RETURNING_TO_START,load_zone_26,dump_zone_3,0.000253,0.000678
843.0,2026-07-02T15:07:33.323,3,-100.737,451.736,0.0,-0.5,1000.0,RETURNING_TO_START,load_zone_22,dump_zone_22,0.00025,0.00067
844.0,2026-07-02T15:07:37.211,1,702.945,-191.187,0.0,-0.5,0.0,LOADING,dump_zone_3,load_zone_26,0.00025,0.00067
844.0,2026-07-02T15:07:37.211,2,597.5,119.67,22.393,-0.0094,1000.0,RETURNING_TO_START,load_zone_26,dump_zone_3,0.000273,0.000732
844.0,2026-07-02T15:07:37.211,3,-100.737,451.736,0.0,-0.5,1000.0,RETURNING_TO_START,load_zone_22,dump_zone_22,0.00025,0.00067
845.0,2026-07-02T15:07:41.049,1,703.304,-191.748,7.2,0.0,1000.0,TURNING_AROUND,load_zone_26,dump_zone_3,0.000258,0.000691
845.0,2026-07-02T15:07:41.049,2,597.5,125.998,23.33,0.375,1000.0,RETURNING_TO_START,load_zone_26,dump_zone_3,0.000322,0.000863
845.0,2026-07-02T15:07:41.049,3,-100.737,451.736,0.0,-0.5,1000.0,RETURNING_TO_START,load_zone_22,dump_zone_22,0.00025,0.00067
846.0,2026-07-02T15:07:43.710,1,704.859,-192.972,7.2,0.0,1000.0,TURNING_AROUND,load_zone_26,dump_zone_3,0.000258,0.000691
846.0,2026-07-02T15:07:43.710,2,597.5,132.476,22.845,-0.4693,1000.0,RETURNING_TO_START,load_zone_26,dump_zone_3,0.00025,0.00067
846.0,2026-07-02T15:07:43.710,3,-100.737,451.736,0.0,-0.5,1000.0,RETURNING_TO_START,load_zone_22,dump_zone_22,0.00025,0.00067
847.0,2026-07-02T15:07:46.358,1,704.22,-192.971,5.4,0.0,1000.0,TURNING_AROUND,load_zone_26,dump_zone_3,0.000256,0.000686
847.0,2026-07-02T15:07:46.358,2,597.5,138.628,21.884,0.0943,1000.0,RETURNING_TO_START,load_zone_26,dump_zone_3,0.000284,0.000761
847.0,2026-07-02T15:07:46.358,3,-100.737,451.736,0.0,-0.5,1000.0,RETURNING_TO_START,load_zone_22,dump_zone_22,0.00025,0.00067
848.0,2026-07-02T15:07:49.784,1,705.283,-192.584,7.2,0.0,1000.0,TURNING_AROUND,load_zone_26,dump_zone_3,0.000258,0.000691
848.0,2026-07-02T15:07:49.784,2,597.5,144.949,23.796,0.6179,1000.0,RETURNING_TO_START,load_zone_26,dump_zone_3,0.000354,0.000949
848.0,2026-07-02T15:07:49.784,3,-100.737,451.736,0.0,-0.5,1000.0,RETURNING_TO_START,load_zone_22,dump_zone_22,0.00025,0.00067
849.0,2026-07-02T15:07:52.640,1,706.428,-191.756,5.4,0.0,1000.0,TURNING_AROUND,load_zone_26,dump_zone_3,0.000256,0.000686
849.0,2026-07-02T15:07:52.640,2,597.5,151.729,24.371,-0.2987,1000.0,RETURNING_TO_START,load_zone_26,dump_zone_3,0.00025,0.00067
849.0,2026-07-02T15:07:52.640,3,-100.737,451.736,0.0,-0.5,1000.0,RETURNING_TO_START,load_zone_22,dump_zone_22,0.00025,0.00067
850.0,2026-07-02T15:07:56.581,1,705.942,-192.539,7.2,0.0,1000.0,TURNING_AROUND,load_zone_26,dump_zone_3,0.000258,0.000691
850.0,2026-07-02T15:07:56.581,2,597.5,158.24,22.617,-0.5,1000.0,RETURNING_TO_START,load_zone_26,dump_zone_3,0.00025,0.00067
850.0,2026-07-02T15:07:56.581,3,-100.737,451.736,0.0,-0.5,1000.0,RETURNING_TO_START,load_zone_22,dump_zone_22,0.00025,0.00067
851.0,2026-07-02T15:08:00.248,1,705.942,-192.519,0.375,0.4167,1000.0,RETURNING_TO_START,load_zone_26,dump_zone_3,0.000251,0.000673
851.0,2026-07-02T15:08:00.248,2,597.5,164.251,20.817,-0.5,1000.0,RETURNING_TO_START,load_zone_26,dump_zone_3,0.00025,0.00067
851.0,2026-07-02T15:08:00.248,3,-100.737,451.736,0.0,-0.5,1000.0,RETURNING_TO_START,load_zone_22,dump_zone_22,0.00025,0.00067
852.0,2026-07-02T15:08:02.784,1,705.904,-192.0,3.45,1.0,1000.0,RETURNING_TO_START,load_zone_26,dump_zone_3,0.000272,0.000729
852.0,2026-07-02T15:08:02.784,2,597.5,169.763,19.017,-0.5,1000.0,RETURNING_TO_START,load_zone_26,dump_zone_3,0.00025,0.00067
852.0,2026-07-02T15:08:02.784,3,-100.737,451.736,0.0,-0.5,1000.0,RETURNING_TO_START,load_zone_22,dump_zone_22,0.00025,0.00067
853.0,2026-07-02T15:08:06.827,1,705.414,-190.593,7.05,1.0,1000.0,RETURNING_TO_START,load_zone_26,dump_zone_3,0.000295,0.000791
853.0,2026-07-02T15:08:06.827,2,597.5,174.774,17.217,-0.5,1000.0,RETURNING_TO_START,load_zone_26,dump_zone_3,0.00025,0.00067
853.0,2026-07-02T15:08:06.827,3,-100.737,451.736,0.0,-0.5,1000.0,RETURNING_TO_START,load_zone_22,dump_zone_22,0.00025,0.00067
854.0,2026-07-02T15:08:09.945,1,703.725,-188.768,10.65,1.0,1000.0,RETURNING_TO_START,load_zone_26,dump_zone_3,0.000319,0.000855
854.0,2026-07-02T15:08:09.945,2,597.5,179.286,15.417,-0.5,1000.0,RETURNING_TO_START,load_zone_26,dump_zone_3,0.00025,0.00067
854.0,2026-07-02T15:08:09.945,3,-100.737,451.736,0.0,-0.5,1000.0,RETURNING_TO_START,load_zone_22,dump_zone_22,0.00025,0.00067
855.0,2026-07-02T15:08:14.864,1,701.23,-186.316,14.25,1.0,1000.0,RETURNING_TO_START,load_zone_26,dump_zone_3,0.000342,0.000917
855.0,2026-07-02T15:08:14.864,2,597.5,183.297,13.617,-0.5,1000.0,RETURNING_TO_START,load_zone_26,dump_zone_3,0.00025,0.00067
855.0,2026-07-02T15:08:14.864,3,-100.737,451.736,0.0,-0.5,1000.0,RETURNING_TO_START,load_zone_22,dump_zone_22,0.00025,0.00067
856.0,2026-07-02T15:08:19.309,1,698.529,-182.749,17.825,0.9167,1000.0,RETURNING_TO_START,load_zone_26,dump_zone_3,0.000357,0.000957
856.0,2026-07-02T15:08:19.309,2,597.406,186.805,11.817,-0.5,1000.0,RETURNING_TO_START,load_zone_26,dump_zone_3,0.00025,0.00067
856.0,2026-07-02T15:08:19.309,3,-100.737,451.736,0.0,-0.5,1000.0,RETURNING_TO_START,load_zone_22,dump_zone_22,0.00025,0.00067
857.0,2026-07-02T15:08:23.612,1,697.482,-177.626,19.381,-0.0198,1000.0,RETURNING_TO_START,load_zone_26,dump_zone_3,0.000268,0.000718
857.0,2026-07-02T15:08:23.612,2,596.54,189.677,10.017,-0.5,1000.0,RETURNING_TO_START,load_zone_26,dump_zone_3,0.00025,0.00067
857.0,2026-07-02T15:08:23.612,3,-100.737,451.736,0.0,-0.5,1000.0,RETURNING_TO_START,load_zone_22,dump_zone_22,0.00025,0.00067
858.0,2026-07-02T15:08:27.747,1,697.471,-172.429,17.926,-0.5,1000.0,RETURNING_TO_START,load_zone_26,dump_zone_3,0.00025,0.00067
858.0,2026-07-02T15:08:27.747,2,595.739,192.05,8.217,-0.5,1000.0,RETURNING_TO_START,load_zone_26,dump_zone_3,0.00025,0.00067
858.0,2026-07-02T15:08:27.747,3,-100.737,451.736,0.0,-0.5,1000.0,RETURNING_TO_START,load_zone_22,dump_zone_22,0.00025,0.00067
859.0,2026-07-02T15:08:32.555,1,697.5,-167.72,16.126,-0.5,1000.0,RETURNING_TO_START,load_zone_26,dump_zone_3,0.00025,0.00067
859.0,2026-07-02T15:08:32.555,2,595.522,194.048,6.417,-0.5,1000.0,RETURNING_TO_START,load_zone_26,dump_zone_3,0.00025,0.00067
859.0,2026-07-02T15:08:32.555,3,-100.737,451.736,0.0,-0.5,1000.0,RETURNING_TO_START,load_zone_22,dump_zone_22,0.00025,0.00067
860.0,2026-07-02T15:08:37.325,1,697.501,-163.512,14.326,-0.5,1000.0,RETURNING_TO_START,load_zone_26,dump_zone_3,0.00025,0.00067
860.0,2026-07-02T15:08:37.325,2,595.592,195.62,5.241,-0.1807,1000.0,RETURNING_TO_START,load_zone_26,dump_zone_3,0.00025,0.00067
860.0,2026-07-02T15:08:37.325,3,-100.737,451.736,0.0,-0.5,1000.0,RETURNING_TO_START,load_zone_22,dump_zone_22,0.00025,0.00067
861.0,2026-07-02T15:08:41.369,1,697.5,-159.803,12.526,-0.5,1000.0,RETURNING_TO_START,load_zone_26,dump_zone_3,0.00025,0.00067
861.0,2026-07-02T15:08:41.369,2,596.044,196.97,5.34,0.236,1000.0,RETURNING_TO_START,load_zone_26,dump_zone_3,0.000262,0.000702
861.0,2026-07-02T15:08:41.369,3,-100.737,451.736,0.0,-0.5,1000.0,RETURNING_TO_START,load_zone_22,dump_zone_22,0.00025,0.00067
862.0,2026-07-02T15:08:46.721,1,697.5,-156.587,10.798,-0.5,1000.0,RETURNING_TO_START,load_zone_26,dump_zone_3,0.00025,0.00067
862.0,2026-07-02T15:08:46.721,2,596.695,198.317,5.59,0.236,1000.0,RETURNING_TO_START,load_zone_26,dump_zone_3,0.000263,0.000705
862.0,2026-07-02T15:08:46.721,3,-100.737,451.736,0.0,-0.5,1000.0,RETURNING_TO_START,load_zone_22,dump_zone_22,0.00025,0.00067
863.0,2026-07-02T15:08:51.981,1,697.5,-153.831,9.198,-0.5,1000.0,RETURNING_TO_START,load_zone_26,dump_zone_3,0.00025,0.00067
863.0,2026-07-02T15:08:51.981,2,597.61,199.858,7.769,1.0,1000.0,RETURNING_TO_START,load_zone_26,dump_zone_3,0.0003,0.000804
863.0,2026-07-02T15:08:51.981,3,-100.737,451.736,0.0,-0.5,1000.0,RETURNING_TO_START,load_zone_22,dump_zone_22,0.00025,0.00067
864.0,2026-07-02T15:08:56.683,1,697.48,-151.548,7.398,-0.5,1000.0,RETURNING_TO_START,load_zone_26,dump_zone_3,0.00025,0.00067
864.0,2026-07-02T15:08:56.683,2,599.899,201.179,11.219,0.75,1000.0,RETURNING_TO_START,load_zone_26,dump_zone_3,0.000307,0.000823
864.0,2026-07-02T15:08:56.683,3,-100.737,451.736,0.0,-0.5,1000.0,RETURNING_TO_START,load_zone_22,dump_zone_22,0.00025,0.00067
865.0,2026-07-02T15:09:00.199,1,696.832,-149.729,7.248,0.4167,1000.0,RETURNING_TO_START,load_zone_26,dump_zone_3,0.000274,0.000734
865.0,2026-07-02T15:09:00.199,2,603.115,200.774,11.969,-0.25,1000.0,RETURNING_TO_START,load_zone_26,dump_zone_3,0.00025,0.00067
865.0,2026-07-02T15:09:00.199,3,-100.737,451.736,0.0,-0.5,1000.0,RETURNING_TO_START,load_zone_22,dump_zone_22,0.00025,0.00067
866.0,2026-07-02T15:09:04.236,1,695.205,-147.931,10.323,1.0,1000.0,RETURNING_TO_START,load_zone_26,dump_zone_3,0.000317,0.00085
866.0,2026-07-02T15:09:04.236,2,605.92,199.54,10.269,-0.4167,1000.0,RETURNING_TO_START,load_zone_26,dump_zone_3,0.00025,0.00067
866.0,2026-07-02T15:09:04.236,3,-100.737,451.736,0.0,-0.5,1000.0,RETURNING_TO_START,load_zone_22,dump_zone_22,0.00025,0.00067
867.0,2026-07-02T15:09:07.838,1,692.643,-145.682,13.923,1.0,1000.0,RETURNING_TO_START,load_zone_26,dump_zone_3,0.00034,0.000911
867.0,2026-07-02T15:09:07.838,2,608.564,199.023,9.667,0.2468,1000.0,RETURNING_TO_START,load_zone_26,dump_zone_3,0.000273,0.000732
867.0,2026-07-02T15:09:07.838,3,-100.737,451.736,0.0,-0.5,1000.0,RETURNING_TO_START,load_zone_22,dump_zone_22,0.00025,0.00067
868.0,2026-07-02T15:09:11.253,1,689.349,-142.752,17.523,1.0,1000.0,RETURNING_TO_START,load_zone_26,dump_zone_3,0.000363,0.000973
868.0,2026-07-02T15:09:11.253,2,611.579,198.809,12.333,0.9167,1000.0,RETURNING_TO_START,load_zone_26,dump_zone_3,0.000324,0.000868
868.0,2026-07-02T15:09:11.253,3,-100.737,451.736,0.0,-0.5,1000.0,RETURNING_TO_START,load_zone_22,dump_zone_22,0.00025,0.00067
869.0,2026-07-02T15:09:15.404,1,685.46,-138.994,21.098,0.9167,1000.0,RETURNING_TO_START,load_zone_26,dump_zone_3,0.000377,0.00101
869.0,2026-07-02T15:09:15.404,2,615.46,198.86,15.558,1.0,1000.0,RETURNING_TO_START,load_zone_26,dump_zone_3,0.00035,0.000938
869.0,2026-07-02T15:09:15.404,3,-100.737,451.736,0.0,-0.5,1000.0,RETURNING_TO_START,load_zone_22,dump_zone_22,0.00025,0.00067
870.0,2026-07-02T15:09:20.827,1,681.063,-134.6,23.352,0.6401,1000.0,RETURNING_TO_START,load_zone_26,dump_zone_3,0.000355,0.000951
870.0,2026-07-02T15:09:20.827,2,620.26,199.229,18.458,0.4167,1000.0,RETURNING_TO_START,load_zone_26,dump_zone_3,0.000311,0.000833
870.0,2026-07-02T15:09:20.827,3,-100.737,451.736,0.0,-0.5,1000.0,RETURNING_TO_START,load_zone_22,dump_zone_22,0.00025,0.00067
871.0,2026-07-02T15:09:25.418,1,676.381,-129.916,23.706,-0.3599,1000.0,RETURNING_TO_START,load_zone_26,dump_zone_3,0.00025,0.00067
871.0,2026-07-02T15:09:25.418,2,625.369,199.823,18.033,-0.5,1000.0,RETURNING_TO_START,load_zone_26,dump_zone_3,0.00025,0.00067
871.0,2026-07-02T15:09:25.418,3,-100.737,451.736,0.0,-0.5,1000.0,RETURNING_TO_START,load_zone_22,dump_zone_22,0.00025,0.00067
872.0,2026-07-02T15:09:29.647,1,671.912,-125.448,21.923,-0.5,1000.0,RETURNING_TO_START,load_zone_26,dump_zone_3,0.00025,0.00067
872.0,2026-07-02T15:09:29.647,2,630.063,200.468,16.233,-0.5,1000.0,RETURNING_TO_START,load_zone_26,dump_zone_3,0.00025,0.00067
872.0,2026-07-02T15:09:29.647,3,-100.737,451.736,0.0,-0.5,1000.0,RETURNING_TO_START,load_zone_22,dump_zone_22,0.00025,0.00067
873.0,2026-07-02T15:09:34.223,1,667.798,-121.333,20.123,-0.5,1000.0,RETURNING_TO_START,load_zone_26,dump_zone_3,0.00025,0.00067
873.0,2026-07-02T15:09:34.223,2,634.26,201.062,14.446,-0.4573,1000.0,RETURNING_TO_START,load_zone_26,dump_zone_3,0.00025,0.00067
873.0,2026-07-02T15:09:34.223,3,-100.737,451.736,0.0,-0.5,1000.0,RETURNING_TO_START,load_zone_22,dump_zone_22,0.00025,0.00067
874.0,2026-07-02T15:09:38.694,1,664.037,-117.572,18.323,-0.5,1000.0,RETURNING_TO_START,load_zone_26,dump_zone_3,0.00025,0.00067
874.0,2026-07-02T15:09:38.694,2,637.992,201.559,12.763,-0.4167,1000.0,RETURNING_TO_START,load_zone_26,dump_zone_3,0.00025,0.00067
874.0,2026-07-02T15:09:38.694,3,-100.737,451.736,0.0,-0.5,1000.0,RETURNING_TO_START,load_zone_22,dump_zone_22,0.00025,0.00067
875.0,2026-07-02T15:09:43.679,1,660.629,-114.165,16.523,-0.5,1000.0,RETURNING_TO_START,load_zone_26,dump_zone_3,0.00025,0.00067
875.0,2026-07-02T15:09:43.679,2,641.282,201.944,11.138,-0.5,1000.0,RETURNING_TO_START,load_zone_26,dump_zone_3,0.00025,0.00067
875.0,2026-07-02T15:09:43.679,3,-100.737,451.736,0.0,-0.5,1000.0,RETURNING_TO_START,load_zone_22,dump_zone_22,0.00025,0.00067
876.0,2026-07-02T15:09:53.471,1,657.575,-111.111,14.723,-0.5,1000.0,RETURNING_TO_START,load_zone_26,dump_zone_3,0.00025,0.00067
876.0,2026-07-02T15:09:53.471,2,644.101,202.213,9.438,-0.5,1000.0,RETURNING_TO_START,load_zone_26,dump_zone_3,0.00025,0.00067
876.0,2026-07-02T15:09:53.471,3,-100.737,451.736,0.0,-0.5,1000.0,RETURNING_TO_START,load_zone_22,dump_zone_22,0.00025,0.00067
877.0,2026-07-02T15:09:57.809,1,654.875,-108.41,12.923,-0.5,1000.0,RETURNING_TO_START,load_zone_26,dump_zone_3,0.00025,0.00067
877.0,2026-07-02T15:09:57.809,2,646.446,202.376,7.638,-0.5,1000.0,RETURNING_TO_START,load_zone_26,dump_zone_3,0.00025,0.00067
877.0,2026-07-02T15:09:57.809,3,-100.737,451.736,0.0,-0.5,1000.0,RETURNING_TO_START,load_zone_22,dump_zone_22,0.00025,0.00067
878.0,2026-07-02T15:10:03.756,1,652.528,-106.063,11.148,-0.4167,1000.0,RETURNING_TO_START,load_zone_26,dump_zone_3,0.00025,0.00067
878.0,2026-07-02T15:10:03.756,2,648.339,202.416,6.188,-0.25,1000.0,RETURNING_TO_START,load_zone_26,dump_zone_3,0.00025,0.00067
878.0,2026-07-02T15:10:03.756,3,-100.737,451.736,0.0,-0.5,1000.0,RETURNING_TO_START,load_zone_22,dump_zone_22,0.00025,0.00067
879.0,2026-07-02T15:10:08.920,1,650.517,-104.048,9.423,-0.5,1000.0,RETURNING_TO_START,load_zone_26,dump_zone_3,0.00025,0.00067
879.0,2026-07-02T15:10:08.920,2,650.012,202.071,6.557,0.4872,1000.0,RETURNING_TO_START,load_zone_26,dump_zone_3,0.000274,0.000734
879.0,2026-07-02T15:10:08.920,3,-100.737,451.736,0.0,-0.5,1000.0,RETURNING_TO_START,load_zone_22,dump_zone_22,0.00025,0.00067
880.0,2026-07-02T15:10:14.969,1,648.76,-102.504,7.648,-0.4167,1000.0,RETURNING_TO_START,load_zone_26,dump_zone_3,0.00025,0.00067
880.0,2026-07-02T15:10:14.969,2,651.725,200.667,9.384,0.5833,1000.0,RETURNING_TO_START,load_zone_26,dump_zone_3,0.000289,0.000775
880.0,2026-07-02T15:10:14.969,3,-100.737,451.736,0.0,-0.5,1000.0,RETURNING_TO_START,load_zone_22,dump_zone_22,0.00025,0.00067
881.0,2026-07-02T15:10:19.690,1,646.742,-101.968,8.098,0.5833,1000.0,RETURNING_TO_START,load_zone_26,dump_zone_3,0.000284,0.000761
881.0,2026-07-02T15:10:19.690,2,652.529,198.111,9.584,-0.25,1000.0,RETURNING_TO_START,load_zone_26,dump_zone_3,0.00025,0.00067
881.0,2026-07-02T15:10:19.690,3,-100.737,451.736,0.0,-0.5,1000.0,RETURNING_TO_START,load_zone_22,dump_zone_22,0.00025,0.00067
882.0,2026-07-02T15:10:23.623,1,644.016,-102.029,11.448,1.0,1000.0,RETURNING_TO_START,load_zone_26,dump_zone_3,0.000324,0.000868
882.0,2026-07-02T15:10:23.623,2,652.592,195.375,10.634,0.75,1000.0,RETURNING_TO_START,load_zone_26,dump_zone_3,0.000304,0.000815
882.0,2026-07-02T15:10:23.623,3,-100.737,451.736,0.0,-0.5,1000.0,RETURNING_TO_START,load_zone_22,dump_zone_22,0.00025,0.00067
883.0,2026-07-02T15:10:27.767,1,640.302,-102.261,15.048,1.0,1000.0,RETURNING_TO_START,load_zone_26,dump_zone_3,0.000347,0.00093
883.0,2026-07-02T15:10:27.767,2,652.532,191.996,13.034,0.25,1000.0,RETURNING_TO_START,load_zone_26,dump_zone_3,0.000281,0.000753
883.0,2026-07-02T15:10:27.767,3,-100.737,451.736,0.0,-0.5,1000.0,RETURNING_TO_START,load_zone_22,dump_zone_22,0.00025,0.00067
884.0,2026-07-02T15:10:30.490,1,635.585,-102.464,18.648,1.0,1000.0,RETURNING_TO_START,load_zone_26,dump_zone_3,0.00037,0.000992
884.0,2026-07-02T15:10:30.490,2,652.501,188.445,12.134,-0.5,1000.0,RETURNING_TO_START,load_zone_26,dump_zone_3,0.00025,0.00067
884.0,2026-07-02T15:10:30.490,3,-100.737,451.736,0.0,-0.5,1000.0,RETURNING_TO_START,load_zone_22,dump_zone_22,0.00025,0.00067
885.0,2026-07-02T15:10:34.769,1,630.029,-102.503,20.598,0.0833,1000.0,RETURNING_TO_START,load_zone_26,dump_zone_3,0.000281,0.000753
885.0,2026-07-02T15:10:34.769,2,652.498,185.345,10.334,-0.5,1000.0,RETURNING_TO_START,load_zone_26,dump_zone_3,0.00025,0.00067
885.0,2026-07-02T15:10:34.769,3,-100.737,451.736,0.0,-0.5,1000.0,RETURNING_TO_START,load_zone_22,dump_zone_22,0.00025,0.00067
886.0,2026-07-02T15:10:38.867,1,624.452,-102.501,19.323,-0.5,1000.0,RETURNING_TO_START,load_zone_26,dump_zone_3,0.00025,0.00067
886.0,2026-07-02T15:10:38.867,2,652.499,182.746,8.534,-0.5,1000.0,RETURNING_TO_START,load_zone_26,dump_zone_3,0.00025,0.00067
886.0,2026-07-02T15:10:38.867,3,-100.737,451.736,0.0,-0.5,1000.0,RETURNING_TO_START,load_zone_22,dump_zone_22,0.00025,0.00067
887.0,2026-07-02T15:10:42.374,1,619.356,-102.5,17.523,-0.5,1000.0,RETURNING_TO_START,load_zone_26,dump_zone_3,0.00025,0.00067
887.0,2026-07-02T15:10:42.374,2,652.499,180.646,6.734,-0.5,1000.0,RETURNING_TO_START,load_zone_26,dump_zone_3,0.00025,0.00067
887.0,2026-07-02T15:10:42.374,3,-100.737,451.736,0.0,-0.5,1000.0,RETURNING_TO_START,load_zone_22,dump_zone_22,0.00025,0.00067
888.0,2026-07-02T15:10:47.049,1,614.759,-102.5,15.723,-0.5,1000.0,RETURNING_TO_START,load_zone_26,dump_zone_3,0.00025,0.00067
888.0,2026-07-02T15:10:47.049,2,652.653,179.06,4.934,-0.5,1000.0,RETURNING_TO_START,load_zone_26,dump_zone_3,0.00025,0.00067
888.0,2026-07-02T15:10:47.049,3,-100.737,451.736,0.0,-0.5,1000.0,RETURNING_TO_START,load_zone_22,dump_zone_22,0.00025,0.00067
889.0,2026-07-02T15:10:51.354,1,610.662,-102.5,13.923,-0.5,1000.0,RETURNING_TO_START,load_zone_26,dump_zone_3,0.00025,0.00067
889.0,2026-07-02T15:10:51.354,2,653.088,178.054,3.134,-0.5,1000.0,UNLOADING,load_zone_26,dump_zone_3,0.00025,0.00067
889.0,2026-07-02T15:10:51.354,3,-100.737,451.736,0.0,-0.5,1000.0,RETURNING_TO_START,load_zone_22,dump_zone_22,0.00025,0.00067
890.0,2026-07-02T15:10:55.364,1,607.065,-102.5,12.123,-0.5,1000.0,RETURNING_TO_START,load_zone_26,dump_zone_3,0.00025,0.00067
890.0,2026-07-02T15:10:55.364,2,653.435,177.565,1.334,-0.5,1000.0,UNLOADING,load_zone_26,dump_zone_3,0.00025,0.00067
890.0,2026-07-02T15:10:55.364,3,-100.737,451.736,0.0,-0.5,1000.0,RETURNING_TO_START,load_zone_22,dump_zone_22,0.00025,0.00067
891.0,2026-07-02T15:10:59.397,1,603.969,-102.5,10.323,-0.5,1000.0,RETURNING_TO_START,load_zone_26,dump_zone_3,0.00025,0.00067
891.0,2026-07-02T15:10:59.397,2,653.513,177.472,0.0,-0.5,1000.0,UNLOADING,load_zone_26,dump_zone_3,0.00025,0.00067
891.0,2026-07-02T15:10:59.397,3,-100.737,451.736,0.0,-0.5,1000.0,RETURNING_TO_START,load_zone_22,dump_zone_22,0.00025,0.00067
892.0,2026-07-02T15:11:03.085,1,601.375,-102.416,8.523,-0.5,1000.0,RETURNING_TO_START,load_zone_26,dump_zone_3,0.00025,0.00067
892.0,2026-07-02T15:11:03.085,2,653.747,177.234,7.2,0.0,0.0,TURNING_AROUND,dump_zone_3,load_zone_26,0.000255,0.000683
892.0,2026-07-02T15:11:03.085,3,-100.737,451.736,0.0,-0.5,1000.0,RETURNING_TO_START,load_zone_22,dump_zone_22,0.00025,0.00067
893.0,2026-07-02T15:11:06.029,1,599.337,-101.733,7.523,0.0833,1000.0,RETURNING_TO_START,load_zone_26,dump_zone_3,0.000261,0.000699
893.0,2026-07-02T15:11:06.029,2,655.482,176.281,7.2,0.0,0.0,TURNING_AROUND,dump_zone_3,load_zone_26,0.000255,0.000683
893.0,2026-07-02T15:11:06.029,3,-100.737,451.736,0.0,-0.5,1000.0,RETURNING_TO_START,load_zone_22,dump_zone_22,0.00025,0.00067
894.0,2026-07-02T15:11:08.847,1,597.886,-100.054,8.373,-0.0833,1000.0,RETURNING_TO_START,load_zone_26,dump_zone_3,0.000255,0.000683
894.0,2026-07-02T15:11:08.847,2,655.433,176.106,5.4,0.0,0.0,TURNING_AROUND,dump_zone_3,load_zone_26,0.000253,0.000678
894.0,2026-07-02T15:11:08.847,3,-100.737,451.736,0.0,-0.5,1000.0,RETURNING_TO_START,load_zone_22,dump_zone_22,0.00025,0.00067
895.0,2026-07-02T15:11:11.932,1,597.413,-97.981,7.073,-0.25,1000.0,RETURNING_TO_START,load_zone_26,dump_zone_3,0.00025,0.00067
895.0,2026-07-02T15:11:11.932,2,655.861,176.486,7.2,0.0,0.0,TURNING_AROUND,dump_zone_3,load_zone_26,0.000255,0.000683
895.0,2026-07-02T15:11:11.932,3,-100.737,451.736,0.0,-0.5,1000.0,RETURNING_TO_START,load_zone_22,dump_zone_22,0.00025,0.00067
896.0,2026-07-02T15:11:14.136,1,597.334,-95.943,8.123,0.75,1000.0,RETURNING_TO_START,load_zone_26,dump_zone_3,0.000291,0.00078
896.0,2026-07-02T15:11:14.136,2,657.132,178.003,7.2,0.0,0.0,TURNING_AROUND,dump_zone_3,load_zone_26,0.000255,0.000683
896.0,2026-07-02T15:11:14.136,3,-100.737,451.736,0.0,-0.5,1000.0,RETURNING_TO_START,load_zone_22,dump_zone_22,0.00025,0.00067
897.0,2026-07-02T15:11:17.104,1,597.36,-93.165,11.648,1.0,1000.0,RETURNING_TO_START,load_zone_26,dump_zone_3,0.000325,0.000871
897.0,2026-07-02T15:11:17.104,2,656.838,177.181,0.0,-0.1667,0.0,GOING_TO_ENDPOINT,dump_zone_3,load_zone_26,0.00025,0.00067
897.0,2026-07-02T15:11:17.104,3,-100.737,451.736,0.0,-0.5,1000.0,RETURNING_TO_START,load_zone_22,dump_zone_22,0.00025,0.00067
898.0,2026-07-02T15:11:19.549,1,597.453,-89.389,15.248,1.0,1000.0,RETURNING_TO_START,load_zone_26,dump_zone_3,0.000348,0.000933
898.0,2026-07-02T15:11:19.549,2,656.836,177.308,1.375,0.8333,0.0,GOING_TO_ENDPOINT,dump_zone_3,load_zone_26,0.000255,0.000683
898.0,2026-07-02T15:11:19.549,3,-100.737,451.736,0.0,-0.5,1000.0,RETURNING_TO_START,load_zone_22,dump_zone_22,0.00025,0.00067
899.0,2026-07-02T15:11:23.026,1,597.5,-84.612,18.848,1.0,1000.0,RETURNING_TO_START,load_zone_26,dump_zone_3,0.000371,0.000994
899.0,2026-07-02T15:11:23.026,2,656.693,178.212,4.95,1.0,0.0,GOING_TO_ENDPOINT,dump_zone_3,load_zone_26,0.000269,0.000721
899.0,2026-07-02T15:11:23.026,3,-100.737,451.736,0.0,-0.5,1000.0,RETURNING_TO_START,load_zone_22,dump_zone_22,0.00025,0.00067
900.0,2026-07-02T15:11:26.808,1,597.501,-78.84,22.309,0.7678,1000.0,RETURNING_TO_START,load_zone_26,dump_zone_3,0.000366,0.000981
900.0,2026-07-02T15:11:26.808,2,655.75,179.858,8.55,1.0,0.0,GOING_TO_ENDPOINT,dump_zone_3,load_zone_26,0.000283,0.000758
900.0,2026-07-02T15:11:26.808,3,-100.737,451.736,0.0,-0.5,1000.0,RETURNING_TO_START,load_zone_22,dump_zone_22,0.00025,0.00067
901.0,2026-07-02T15:11:31.799,1,597.5,-72.421,23.474,0.1717,1000.0,RETURNING_TO_START,load_zone_26,dump_zone_3,0.000297,0.000796
901.0,2026-07-02T15:11:31.799,2,653.37,181.532,12.15,1.0,0.0,GOING_TO_ENDPOINT,dump_zone_3,load_zone_26,0.000297,0.000796
901.0,2026-07-02T15:11:31.799,3,-100.737,451.736,0.0,-0.5,1000.0,RETURNING_TO_START,load_zone_22,dump_zone_22,0.00025,0.00067
902.0,2026-07-02T15:11:36.198,1,597.5,-65.951,23.042,-0.1616,1000.0,RETURNING_TO_START,load_zone_26,dump_zone_3,0.000254,0.000681
902.0,2026-07-02T15:11:36.198,2,650.091,183.65,15.75,1.0,0.0,GOING_TO_ENDPOINT,dump_zone_3,load_zone_26,0.000311,0.000833
902.0,2026-07-02T15:11:36.198,3,-100.737,451.736,0.0,-0.5,1000.0,RETURNING_TO_START,load_zone_22,dump_zone_22,0.00025,0.00067
903.0,2026-07-02T15:11:40.804,1,597.5,-59.646,22.673,0.084,1000.0,RETURNING_TO_START,load_zone_26,dump_zone_3,0.000284,0.000761
903.0,2026-07-02T15:11:40.804,2,647.732,187.681,17.7,0.0833,0.0,GOING_TO_ENDPOINT,dump_zone_3,load_zone_26,0.000266,0.000713
903.0,2026-07-02T15:11:40.804,3,-100.737,451.736,0.0,-0.5,1000.0,RETURNING_TO_START,load_zone_22,dump_zone_22,0.00025,0.00067
904.0,2026-07-02T15:11:45.174,1,597.5,-53.272,22.926,-0.0827,1000.0,RETURNING_TO_START,load_zone_26,dump_zone_3,0.000264,0.000708
904.0,2026-07-02T15:11:45.174,2,647.464,192.435,16.425,-0.5,0.0,GOING_TO_ENDPOINT,dump_zone_3,load_zone_26,0.00025,0.00067
904.0,2026-07-02T15:11:45.174,3,-100.737,451.736,0.0,-0.5,1000.0,RETURNING_TO_START,load_zone_22,dump_zone_22,0.00025,0.00067
905.0,2026-07-02T15:11:49.895,1,597.5,-46.91,22.949,0.1591,1000.0,RETURNING_TO_START,load_zone_26,dump_zone_3,0.000294,0.000788
905.0,2026-07-02T15:11:49.895,2,647.497,196.727,14.625,-0.5,0.0,GOING_TO_ENDPOINT,dump_zone_3,load_zone_26,0.00025,0.00067
905.0,2026-07-02T15:11:49.895,3,-100.737,451.736,0.0,-0.5,1000.0,RETURNING_TO_START,load_zone_22,dump_zone_22,0.00025,0.00067
906.0,2026-07-02T15:11:55.052,1,597.5,-40.43,23.222,-0.3409,1000.0,RETURNING_TO_START,load_zone_26,dump_zone_3,0.00025,0.00067
906.0,2026-07-02T15:11:55.052,2,647.492,200.509,12.825,-0.5,0.0,GOING_TO_ENDPOINT,dump_zone_3,load_zone_26,0.00025,0.00067
906.0,2026-07-02T15:11:55.052,3,-100.737,451.736,0.0,-0.5,1000.0,RETURNING_TO_START,load_zone_22,dump_zone_22,0.00025,0.00067
907.0,2026-07-02T15:12:00.712,1,597.5,-34.1,22.694,0.1591,1000.0,RETURNING_TO_START,load_zone_26,dump_zone_3,0.000293,0.000785
907.0,2026-07-02T15:12:00.712,2,645.535,203.151,12.15,0.25,0.0,GOING_TO_ENDPOINT,dump_zone_3,load_zone_26,0.000268,0.000718
907.0,2026-07-02T15:12:00.712,3,-100.737,451.736,0.0,-0.5,1000.0,RETURNING_TO_START,load_zone_22,dump_zone_22,0.00025,0.00067
908.0,2026-07-02T15:12:04.251,1,597.5,-27.762,22.851,0.1389,1000.0,RETURNING_TO_START,load_zone_26,dump_zone_3,0.000291,0.00078
908.0,2026-07-02T15:12:04.251,2,641.956,203.3,14.85,1.0,0.0,GOING_TO_ENDPOINT,dump_zone_3,load_zone_26,0.000307,0.000823
908.0,2026-07-02T15:12:04.251,3,-100.737,451.736,0.0,-0.5,1000.0,RETURNING_TO_START,load_zone_22,dump_zone_22,0.00025,0.00067
909.0,2026-07-02T15:12:08.780,1,597.5,-21.422,22.686,0.0427,1000.0,RETURNING_TO_START,load_zone_26,dump_zone_3,0.000279,0.000748
909.0,2026-07-02T15:12:08.780,2,639.012,199.792,18.45,1.0,0.0,GOING_TO_ENDPOINT,dump_zone_3,load_zone_26,0.000321,0.00086
909.0,2026-07-02T15:12:08.780,3,-100.737,451.736,0.0,-0.5,1000.0,RETURNING_TO_START,load_zone_22,dump_zone_22,0.00025,0.00067
910.0,2026-07-02T15:12:13.671,1,597.5,-15.012,23.473,0.3829,1000.0,RETURNING_TO_START,load_zone_26,dump_zone_3,0.000323,0.000866
910.0,2026-07-02T15:12:13.671,2,634.721,196.307,21.35,0.4167,0.0,GOING_TO_ENDPOINT,dump_zone_3,load_zone_26,0.000292,0.000783
910.0,2026-07-02T15:12:13.671,3,-100.737,451.736,0.0,-0.5,1000.0,RETURNING_TO_START,load_zone_22,dump_zone_22,0.00025,0.00067
911.0,2026-07-02T15:12:17.888,1,597.5,-8.257,24.62,-0.0884,1000.0,RETURNING_TO_START,load_zone_26,dump_zone_3,0.000264,0.000708
911.0,2026-07-02T15:12:17.888,2,628.907,195.156,20.925,-0.5,0.0,GOING_TO_ENDPOINT,dump_zone_3,load_zone_26,0.00025,0.00067
911.0,2026-07-02T15:12:17.888,3,-100.737,451.736,0.0,-0.5,1000.0,RETURNING_TO_START,load_zone_22,dump_zone_22,0.00025,0.00067
912.0,2026-07-02T15:12:22.407,1,597.5,-1.525,23.975,-0.0985,1000.0,RETURNING_TO_START,load_zone_26,dump_zone_3,0.000263,0.000705
912.0,2026-07-02T15:12:22.407,2,623.401,194.529,19.125,-0.5,0.0,GOING_TO_ENDPOINT,dump_zone_3,load_zone_26,0.00025,0.00067
912.0,2026-07-02T15:12:22.407,3,-100.737,451.736,0.0,-0.5,1000.0,RETURNING_TO_START,load_zone_22,dump_zone_22,0.00025,0.00067
913.0,2026-07-02T15:12:26.890,1,597.5,5.003,23.048,-0.0833,1000.0,RETURNING_TO_START,load_zone_26,dump_zone_3,0.000264,0.000708
913.0,2026-07-02T15:12:26.890,2,618.383,194.042,17.325,-0.5,0.0,GOING_TO_ENDPOINT,dump_zone_3,load_zone_26,0.00025,0.00067
913.0,2026-07-02T15:12:26.890,3,-100.737,451.736,0.0,-0.5,1000.0,RETURNING_TO_START,load_zone_22,dump_zone_22,0.00025,0.00067
914.0,2026-07-02T15:12:31.441,1,597.5,11.447,23.348,0.0833,1000.0,RETURNING_TO_START,load_zone_26,dump_zone_3,0.000285,0.000764
914.0,2026-07-02T15:12:31.441,2,613.847,193.826,15.525,-0.5,0.0,GOING_TO_ENDPOINT,dump_zone_3,load_zone_26,0.00025,0.00067
914.0,2026-07-02T15:12:31.441,3,-100.737,451.736,0.0,-0.5,1000.0,RETURNING_TO_START,load_zone_22,dump_zone_22,0.00025,0.00067
915.0,2026-07-02T15:12:36.896,1,597.5,17.912,23.371,0.2704,1000.0,RETURNING_TO_START,load_zone_26,dump_zone_3,0.000309,0.000828
915.0,2026-07-02T15:12:36.896,2,609.826,194.08,13.725,-0.5,0.0,GOING_TO_ENDPOINT,dump_zone_3,load_zone_26,0.00025,0.00067
915.0,2026-07-02T15:12:36.896,3,-100.737,451.736,0.0,-0.5,1000.0,RETURNING_TO_START,load_zone_22,dump_zone_22,0.00025,0.00067
916.0,2026-07-02T15:12:41.850,1,597.5,24.49,23.747,-0.1175,1000.0,RETURNING_TO_START,load_zone_26,dump_zone_3,0.00026,0.000697
916.0,2026-07-02T15:12:41.850,2,606.71,195.71,11.925,-0.5,0.0,GOING_TO_ENDPOINT,dump_zone_3,load_zone_26,0.00025,0.00067
916.0,2026-07-02T15:12:41.850,3,-100.737,451.736,0.0,-0.5,1000.0,RETURNING_TO_START,load_zone_22,dump_zone_22,0.00025,0.00067
917.0,2026-07-02T15:12:46.409,1,597.5,30.917,22.84,0.0574,1000.0,RETURNING_TO_START,load_zone_26,dump_zone_3,0.000281,0.000753
917.0,2026-07-02T15:12:46.409,2,603.985,197.049,10.125,-0.5,0.0,GOING_TO_ENDPOINT,dump_zone_3,load_zone_26,0.00025,0.00067
917.0,2026-07-02T15:12:46.409,3,-100.737,451.736,0.0,-0.5,1000.0,RETURNING_TO_START,load_zone_22,dump_zone_22,0.00025,0.00067
918.0,2026-07-02T15:12:51.687,1,597.5,37.407,23.597,-0.1092,1000.0,RETURNING_TO_START,load_zone_26,dump_zone_3,0.000261,0.000699
918.0,2026-07-02T15:12:51.687,2,601.663,198.083,8.325,-0.5,0.0,GOING_TO_ENDPOINT,dump_zone_3,load_zone_26,0.00025,0.00067
918.0,2026-07-02T15:12:51.687,3,-100.737,451.736,0.0,-0.5,1000.0,RETURNING_TO_START,load_zone_22,dump_zone_22,0.00025,0.00067
919.0,2026-07-02T15:12:56.818,1,597.5,43.957,23.492,-0.1249,1000.0,RETURNING_TO_START,load_zone_26,dump_zone_3,0.000259,0.000694
919.0,2026-07-02T15:12:56.818,2,599.661,198.445,6.675,-0.25,0.0,GOING_TO_ENDPOINT,dump_zone_3,load_zone_26,0.00025,0.00067
919.0,2026-07-02T15:12:56.818,3,-100.737,451.736,0.0,-0.5,1000.0,RETURNING_TO_START,load_zone_22,dump_zone_22,0.00025,0.00067
920.0,2026-07-02T15:12:59.392,1,597.5,50.34,22.511,-0.0833,1000.0,RETURNING_TO_START,load_zone_26,dump_zone_3,0.000264,0.000708
920.0,2026-07-02T15:12:59.392,2,597.829,197.902,7.725,0.75,0.0,GOING_TO_ENDPOINT,dump_zone_3,load_zone_26,0.000274,0.000734
920.0,2026-07-02T15:12:59.392,3,-100.737,451.736,0.0,-0.5,1000.0,RETURNING_TO_START,load_zone_22,dump_zone_22,0.00025,0.00067
921.0,2026-07-02T15:13:01.186,1,597.5,56.671,23.34,0.494,1000.0,RETURNING_TO_START,load_zone_26,dump_zone_3,0.000337,0.000903
921.0,2026-07-02T15:13:01.186,2,596.143,195.901,11.25,1.0,0.0,GOING_TO_ENDPOINT,dump_zone_3,load_zone_26,0.000294,0.000788
921.0,2026-07-02T15:13:01.186,3,-100.737,451.736,0.0,-0.5,1000.0,RETURNING_TO_START,load_zone_22,dump_zone_22,0.00025,0.00067
922.0,2026-07-02T15:13:05.946,1,597.5,63.453,25.168,0.244,1000.0,RETURNING_TO_START,load_zone_26,dump_zone_3,0.00031,0.000831
922.0,2026-07-02T15:13:05.946,2,596.504,192.382,14.85,1.0,0.0,GOING_TO_ENDPOINT,dump_zone_3,load_zone_26,0.000307,0.000823
922.0,2026-07-02T15:13:05.946,3,-100.737,451.736,0.0,-0.5,1000.0,RETURNING_TO_START,load_zone_22,dump_zone_22,0.00025,0.00067
923.0,2026-07-02T15:13:10.357,1,597.5,70.372,24.279,-0.4167,1000.0,RETURNING_TO_START,load_zone_26,dump_zone_3,0.00025,0.00067
923.0,2026-07-02T15:13:10.357,2,599.443,188.78,18.45,1.0,0.0,GOING_TO_ENDPOINT,dump_zone_3,load_zone_26,0.000321,0.00086
923.0,2026-07-02T15:13:10.357,3,-100.737,451.736,0.0,-0.5,1000.0,RETURNING_TO_START,load_zone_22,dump_zone_22,0.00025,0.00067
924.0,2026-07-02T15:13:14.961,1,597.5,76.913,23.204,-0.0833,1000.0,RETURNING_TO_START,load_zone_26,dump_zone_3,0.000264,0.000708
924.0,2026-07-02T15:13:14.961,2,601.801,183.653,22.05,1.0,0.0,GOING_TO_ENDPOINT,dump_zone_3,load_zone_26,0.000335,0.000898
924.0,2026-07-02T15:13:14.961,3,-100.737,451.736,0.0,-0.5,1000.0,RETURNING_TO_START,load_zone_22,dump_zone_22,0.00025,0.00067
925.0,2026-07-02T15:13:20.185,1,597.5,83.287,22.861,-0.0809,1000.0,RETURNING_TO_START,load_zone_26,dump_zone_3,0.000264,0.000708
925.0,2026-07-02T15:13:20.185,2,602.501,177.045,25.625,0.9167,0.0,GOING_TO_ENDPOINT,dump_zone_3,load_zone_26,0.000342,0.000917
925.0,2026-07-02T15:13:20.185,3,-100.737,451.736,0.0,-0.5,1000.0,RETURNING_TO_START,load_zone_22,dump_zone_22,0.00025,0.00067
926.0,2026-07-02T15:13:25.252,1,597.5,89.61,22.964,0.2436,1000.0,RETURNING_TO_START,load_zone_26,dump_zone_3,0.000304,0.000815
926.0,2026-07-02T15:13:25.252,2,602.503,169.613,27.279,0.1866,0.0,GOING_TO_ENDPOINT,dump_zone_3,load_zone_26,0.000284,0.000761
926.0,2026-07-02T15:13:25.252,3,-100.737,451.736,0.0,-0.5,1000.0,RETURNING_TO_START,load_zone_22,dump_zone_22,0.00025,0.00067
927.0,2026-07-02T15:13:29.719,1,597.5,96.164,23.761,-0.1658,1000.0,RETURNING_TO_START,load_zone_26,dump_zone_3,0.000254,0.000681
927.0,2026-07-02T15:13:29.719,2,602.499,162.069,26.597,-0.4167,0.0,GOING_TO_ENDPOINT,dump_zone_3,load_zone_26,0.00025,0.00067
927.0,2026-07-02T15:13:29.719,3,-100.737,451.736,0.0,-0.5,1000.0,RETURNING_TO_START,load_zone_22,dump_zone_22,0.00025,0.00067
928.0,2026-07-02T15:13:34.827,1,597.5,102.656,23.124,0.0469,1000.0,RETURNING_TO_START,load_zone_26,dump_zone_3,0.00028,0.00075
928.0,2026-07-02T15:13:34.827,2,602.5,154.706,26.797,0.25,0.0,GOING_TO_ENDPOINT,dump_zone_3,load_zone_26,0.000289,0.000775
928.0,2026-07-02T15:13:34.827,3,-100.737,451.736,0.0,-0.5,1000.0,RETURNING_TO_START,load_zone_22,dump_zone_22,0.00025,0.00067
929.0,2026-07-02T15:13:39.716,1,597.5,109.181,23.643,-0.1198,1000.0,RETURNING_TO_START,load_zone_26,dump_zone_3,0.00026,0.000697
929.0,2026-07-02T15:13:39.716,2,602.5,147.207,27.097,0.25,0.0,GOING_TO_ENDPOINT,dump_zone_3,load_zone_26,0.000289,0.000775
929.0,2026-07-02T15:13:39.716,3,-100.737,451.736,0.0,-0.5,1000.0,RETURNING_TO_START,load_zone_22,dump_zone_22,0.00025,0.00067
930.0,2026-07-02T15:13:44.780,1,597.5,115.663,23.462,0.2135,1000.0,RETURNING_TO_START,load_zone_26,dump_zone_3,0.000302,0.000809
930.0,2026-07-02T15:13:44.780,2,602.5,139.59,27.625,0.1781,0.0,GOING_TO_ENDPOINT,dump_zone_3,load_zone_26,0.000283,0.000758
930.0,2026-07-02T15:13:44.780,3,-100.737,451.736,0.0,-0.5,1000.0,RETURNING_TO_START,load_zone_22,dump_zone_22,0.00025,0.00067
931.0,2026-07-02T15:13:49.133,1,597.5,122.108,22.616,-0.4167,1000.0,RETURNING_TO_START,load_zone_26,dump_zone_3,0.00025,0.00067
931.0,2026-07-02T15:13:49.133,2,602.5,131.892,27.467,-0.4052,0.0,GOING_TO_ENDPOINT,dump_zone_3,load_zone_26,0.00025,0.00067
931.0,2026-07-02T15:13:49.133,3,-100.737,451.736,0.0,-0.5,1000.0,RETURNING_TO_START,load_zone_22,dump_zone_22,0.00025,0.00067
932.0,2026-07-02T15:13:54.746,1,597.5,128.374,23.029,0.4596,1000.0,RETURNING_TO_START,load_zone_26,dump_zone_3,0.000331,0.000887
932.0,2026-07-02T15:13:54.746,2,602.5,124.437,26.795,0.25,0.0,GOING_TO_ENDPOINT,dump_zone_3,load_zone_26,0.000289,0.000775
932.0,2026-07-02T15:13:54.746,3,-100.737,451.736,0.0,-0.5,1000.0,RETURNING_TO_START,load_zone_22,dump_zone_22,0.00025,0.00067
933.0,2026-07-02T15:13:59.221,1,597.5,135.089,24.934,0.2096,1000.0,RETURNING_TO_START,load_zone_26,dump_zone_3,0.000305,0.000817
933.0,2026-07-02T15:13:59.221,2,602.5,116.716,28.695,0.4167,0.0,GOING_TO_ENDPOINT,dump_zone_3,load_zone_26,0.000307,0.000823
933.0,2026-07-02T15:13:59.221,3,-100.737,451.736,0.0,-0.5,1000.0,RETURNING_TO_START,load_zone_22,dump_zone_22,0.00025,0.00067
934.0,2026-07-02T15:14:03.414,1,597.5,141.944,24.183,-0.3361,1000.0,RETURNING_TO_START,load_zone_26,dump_zone_3,0.00025,0.00067
934.0,2026-07-02T15:14:03.414,2,602.5,108.729,28.27,-0.5,0.0,GOING_TO_ENDPOINT,dump_zone_3,load_zone_26,0.00025,0.00067
934.0,2026-07-02T15:14:03.414,3,-100.737,451.736,0.0,-0.5,1000.0,RETURNING_TO_START,load_zone_22,dump_zone_22,0.00025,0.00067
935.0,2026-07-02T15:14:08.277,1,597.5,148.554,23.332,-0.3512,1000.0,RETURNING_TO_START,load_zone_26,dump_zone_3,0.00025,0.00067
935.0,2026-07-02T15:14:08.277,2,602.5,101.025,27.745,0.144,0.0,GOING_TO_ENDPOINT,dump_zone_3,load_zone_26,0.000281,0.000753
935.0,2026-07-02T15:14:08.277,3,-100.737,451.736,0.0,-0.5,1000.0,RETURNING_TO_START,load_zone_22,dump_zone_22,0.00025,0.00067
936.0,2026-07-02T15:14:13.783,1,597.5,154.878,22.044,-0.5,1000.0,RETURNING_TO_START,load_zone_26,dump_zone_3,0.00025,0.00067
936.0,2026-07-02T15:14:13.783,2,602.5,93.373,27.402,0.1064,0.0,GOING_TO_ENDPOINT,dump_zone_3,load_zone_26,0.000277,0.000742
936.0,2026-07-02T15:14:13.783,3,-100.737,451.736,0.0,-0.5,1000.0,RETURNING_TO_START,load_zone_22,dump_zone_22,0.00025,0.00067
937.0,2026-07-02T15:14:18.947,1,597.5,160.731,20.269,-0.4167,1000.0,RETURNING_TO_START,load_zone_26,dump_zone_3,0.00025,0.00067
937.0,2026-07-02T15:14:18.947,2,602.5,85.717,27.597,0.1101,0.0,GOING_TO_ENDPOINT,dump_zone_3,load_zone_26,0.000277,0.000742
937.0,2026-07-02T15:14:18.947,3,-100.737,451.736,0.0,-0.5,1000.0,RETURNING_TO_START,load_zone_22,dump_zone_22,0.00025,0.00067
938.0,2026-07-02T15:14:24.681,1,597.5,166.188,18.993,-0.5,1000.0,RETURNING_TO_START,load_zone_26,dump_zone_3,0.00025,0.00067
938.0,2026-07-02T15:14:24.681,2,602.5,78.017,27.963,0.2263,0.0,GOING_TO_ENDPOINT,dump_zone_3,load_zone_26,0.000288,0.000772
938.0,2026-07-02T15:14:24.681,3,-100.737,451.736,0.0,-0.5,1000.0,RETURNING_TO_START,load_zone_22,dump_zone_22,0.00025,0.00067
939.0,2026-07-02T15:14:30.507,1,597.5,171.193,17.193,-0.5,1000.0,RETURNING_TO_START,load_zone_26,dump_zone_3,0.00025,0.00067
939.0,2026-07-02T15:14:30.507,2,602.5,70.229,27.834,-0.2382,0.0,GOING_TO_ENDPOINT,dump_zone_3,load_zone_26,0.00025,0.00067
939.0,2026-07-02T15:14:30.507,3,-100.737,451.736,0.0,-0.5,1000.0,RETURNING_TO_START,load_zone_22,dump_zone_22,0.00025,0.00067
940.0,2026-07-02T15:14:35.178,1,597.5,175.698,15.393,-0.5,1000.0,RETURNING_TO_START,load_zone_26,dump_zone_3,0.00025,0.00067
940.0,2026-07-02T15:14:35.178,2,602.5,62.521,27.776,-0.0716,0.0,GOING_TO_ENDPOINT,dump_zone_3,load_zone_26,0.000261,0.000699
940.0,2026-07-02T15:14:35.178,3,-100.737,451.736,0.0,-0.5,1000.0,RETURNING_TO_START,load_zone_22,dump_zone_22,0.00025,0.00067
941.0,2026-07-02T15:14:39.993,1,597.5,179.703,13.593,-0.5,1000.0,RETURNING_TO_START,load_zone_26,dump_zone_3,0.00025,0.00067
941.0,2026-07-02T15:14:39.993,2,602.5,54.875,27.369,0.0951,0.0,GOING_TO_ENDPOINT,dump_zone_3,load_zone_26,0.000276,0.00074
941.0,2026-07-02T15:14:39.993,3,-100.737,451.736,0.0,-0.5,1000.0,RETURNING_TO_START,load_zone_22,dump_zone_22,0.00025,0.00067
942.0,2026-07-02T15:14:45.010,1,597.5,183.217,11.893,-0.5,1000.0,RETURNING_TO_START,load_zone_26,dump_zone_3,0.00025,0.00067
942.0,2026-07-02T15:14:45.010,2,602.5,47.08,28.613,0.251,0.0,GOING_TO_ENDPOINT,dump_zone_3,load_zone_26,0.000291,0.00078
942.0,2026-07-02T15:14:45.010,3,-100.737,451.736,0.0,-0.5,1000.0,RETURNING_TO_START,load_zone_22,dump_zone_22,0.00025,0.00067
943.0,2026-07-02T15:14:51.753,1,597.447,186.254,10.24,-0.2545,1000.0,RETURNING_TO_START,load_zone_26,dump_zone_3,0.00025,0.00067
943.0,2026-07-02T15:14:51.753,2,602.5,39.113,28.261,-0.342,0.0,GOING_TO_ENDPOINT,dump_zone_3,load_zone_26,0.00025,0.00067
943.0,2026-07-02T15:14:51.753,3,-100.737,451.736,0.0,-0.5,1000.0,RETURNING_TO_START,load_zone_22,dump_zone_22,0.00025,0.00067
944.0,2026-07-02T15:14:57.110,1,596.884,188.808,8.614,-0.5,1000.0,RETURNING_TO_START,load_zone_26,dump_zone_3,0.00025,0.00067
944.0,2026-07-02T15:14:57.110,2,602.5,31.401,27.541,-0.0847,0.0,GOING_TO_ENDPOINT,dump_zone_3,load_zone_26,0.00026,0.000697
944.0,2026-07-02T15:14:57.110,3,-100.737,451.736,0.0,-0.5,1000.0,RETURNING_TO_START,load_zone_22,dump_zone_22,0.00025,0.00067
945.0,2026-07-02T15:15:02.727,1,596.132,190.792,6.814,-0.5,1000.0,RETURNING_TO_START,load_zone_26,dump_zone_3,0.00025,0.00067
945.0,2026-07-02T15:15:02.727,2,602.5,23.82,27.271,0.1365,0.0,GOING_TO_ENDPOINT,dump_zone_3,load_zone_26,0.000279,0.000748
945.0,2026-07-02T15:15:02.727,3,-100.737,451.736,0.0,-0.5,1000.0,RETURNING_TO_START,load_zone_22,dump_zone_22,0.00025,0.00067
946.0,2026-07-02T15:15:07.969,1,595.737,192.391,5.255,-0.5,1000.0,RETURNING_TO_START,load_zone_26,dump_zone_3,0.00025,0.00067
946.0,2026-07-02T15:15:07.969,2,602.5,16.112,28.162,0.3032,0.0,GOING_TO_ENDPOINT,dump_zone_3,load_zone_26,0.000295,0.000791
946.0,2026-07-02T15:15:07.969,3,-100.737,451.736,0.0,-0.5,1000.0,RETURNING_TO_START,load_zone_22,dump_zone_22,0.00025,0.00067
947.0,2026-07-02T15:15:13.450,1,595.585,193.666,4.58,0.25,1000.0,RETURNING_TO_START,load_zone_26,dump_zone_3,0.000261,0.000699
947.0,2026-07-02T15:15:13.450,2,602.5,8.305,27.804,-0.1968,0.0,GOING_TO_ENDPOINT,dump_zone_3,load_zone_26,0.00025,0.00067
947.0,2026-07-02T15:15:13.450,3,-100.737,451.736,0.0,-0.5,1000.0,RETURNING_TO_START,load_zone_22,dump_zone_22,0.00025,0.00067
948.0,2026-07-02T15:15:18.443,1,595.549,195.07,5.446,0.2878,1000.0,RETURNING_TO_START,load_zone_26,dump_zone_3,0.000264,0.000708
948.0,2026-07-02T15:15:18.443,2,602.5,0.647,27.761,0.2603,0.0,GOING_TO_ENDPOINT,dump_zone_3,load_zone_26,0.000291,0.00078
948.0,2026-07-02T15:15:18.443,3,-100.737,451.736,0.0,-0.5,1000.0,RETURNING_TO_START,load_zone_22,dump_zone_22,0.00025,0.00067
949.0,2026-07-02T15:15:23.188,1,595.812,196.505,4.673,-0.4167,1000.0,RETURNING_TO_START,load_zone_26,dump_zone_3,0.00025,0.00067
949.0,2026-07-02T15:15:23.188,2,602.5,-7.19,28.548,0.0103,0.0,GOING_TO_ENDPOINT,dump_zone_3,load_zone_26,0.000269,0.000721
949.0,2026-07-02T15:15:23.188,3,-100.737,451.736,0.0,-0.5,1000.0,RETURNING_TO_START,load_zone_22,dump_zone_22,0.00025,0.00067
950.0,2026-07-02T15:15:28.418,1,596.334,197.676,5.123,0.5833,1000.0,RETURNING_TO_START,load_zone_26,dump_zone_3,0.000272,0.000729
950.0,2026-07-02T15:15:28.418,2,602.5,-15.104,28.813,0.3254,0.0,GOING_TO_ENDPOINT,dump_zone_3,load_zone_26,0.000299,0.000801
950.0,2026-07-02T15:15:28.418,3,-100.737,451.736,0.0,-0.5,1000.0,RETURNING_TO_START,load_zone_22,dump_zone_22,0.00025,0.00067
951.0,2026-07-02T15:15:33.557,1,597.234,199.327,8.148,0.75,1000.0,RETURNING_TO_START,load_zone_26,dump_zone_3,0.000292,0.000783
951.0,2026-07-02T15:15:33.557,2,602.5,-23.091,28.395,-0.2986,0.0,GOING_TO_ENDPOINT,dump_zone_3,load_zone_26,0.00025,0.00067
951.0,2026-07-02T15:15:33.557,3,-100.737,451.736,0.0,-0.5,1000.0,RETURNING_TO_START,load_zone_22,dump_zone_22,0.00025,0.00067
952.0,2026-07-02T15:15:38.255,1,599.322,201.079,11.523,0.75,1000.0,RETURNING_TO_START,load_zone_26,dump_zone_3,0.000309,0.000828
952.0,2026-07-02T15:15:38.255,2,602.5,-30.771,27.35,0.0833,0.0,GOING_TO_ENDPOINT,dump_zone_3,load_zone_26,0.000275,0.000737
952.0,2026-07-02T15:15:38.255,3,-100.737,451.736,0.0,-0.5,1000.0,RETURNING_TO_START,load_zone_22,dump_zone_22,0.00025,0.00067
953.0,2026-07-02T15:15:43.432,1,602.644,201.011,12.273,-0.25,1000.0,RETURNING_TO_START,load_zone_26,dump_zone_3,0.00025,0.00067
953.0,2026-07-02T15:15:43.432,2,602.5,-38.442,27.887,0.0407,0.0,GOING_TO_ENDPOINT,dump_zone_3,load_zone_26,0.000271,0.000726
953.0,2026-07-02T15:15:43.432,3,-100.737,451.736,0.0,-0.5,1000.0,RETURNING_TO_START,load_zone_22,dump_zone_22,0.00025,0.00067
954.0,2026-07-02T15:15:48.513,1,605.527,199.728,10.548,-0.5,1000.0,RETURNING_TO_START,load_zone_26,dump_zone_3,0.00025,0.00067
954.0,2026-07-02T15:15:48.513,2,602.5,-46.273,28.683,0.374,0.0,GOING_TO_ENDPOINT,dump_zone_3,load_zone_26,0.000303,0.000812
954.0,2026-07-02T15:15:48.513,3,-100.737,451.736,0.0,-0.5,1000.0,RETURNING_TO_START,load_zone_22,dump_zone_22,0.00025,0.00067
955.0,2026-07-02T15:15:53.082,1,608.219,199.098,9.748,0.0833,1000.0,RETURNING_TO_START,load_zone_26,dump_zone_3,0.000265,0.00071
955.0,2026-07-02T15:15:53.082,2,602.5,-54.234,28.13,-0.5,0.0,GOING_TO_ENDPOINT,dump_zone_3,load_zone_26,0.00025,0.00067
955.0,2026-07-02T15:15:53.082,3,-100.737,451.736,0.0,-0.5,1000.0,RETURNING_TO_START,load_zone_22,dump_zone_22,0.00025,0.00067
956.0,2026-07-02T15:15:59.134,1,611.168,198.832,11.948,0.9167,1000.0,RETURNING_TO_START,load_zone_26,dump_zone_3,0.000322,0.000863
956.0,2026-07-02T15:15:59.134,2,602.5,-61.931,27.68,-0.0833,0.0,GOING_TO_ENDPOINT,dump_zone_3,load_zone_26,0.00026,0.000697
956.0,2026-07-02T15:15:59.134,3,-100.737,451.736,0.0,-0.5,1000.0,RETURNING_TO_START,load_zone_22,dump_zone_22,0.00025,0.00067
957.0,2026-07-02T15:16:02.821,1,614.988,198.843,15.148,0.75,1000.0,RETURNING_TO_START,load_zone_26,dump_zone_3,0.000327,0.000876
957.0,2026-07-02T15:16:02.821,2,602.5,-69.412,26.13,-0.5,0.0,GOING_TO_ENDPOINT,dump_zone_3,load_zone_26,0.00025,0.00067
957.0,2026-07-02T15:16:02.821,3,-100.737,451.736,0.0,-0.5,1000.0,RETURNING_TO_START,load_zone_22,dump_zone_22,0.00025,0.00067
958.0,2026-07-02T15:16:07.058,1,619.7,199.172,18.523,0.75,1000.0,RETURNING_TO_START,load_zone_26,dump_zone_3,0.000344,0.000922
958.0,2026-07-02T15:16:07.058,2,602.5,-76.4,24.33,-0.5,0.0,GOING_TO_ENDPOINT,dump_zone_3,load_zone_26,0.00025,0.00067
958.0,2026-07-02T15:16:07.058,3,-100.737,451.736,0.0,-0.5,1000.0,RETURNING_TO_START,load_zone_22,dump_zone_22,0.00025,0.00067
959.0,2026-07-02T15:16:11.427,1,625.006,199.772,19.273,-0.25,1000.0,RETURNING_TO_START,load_zone_26,dump_zone_3,0.00025,0.00067
959.0,2026-07-02T15:16:11.427,2,602.5,-82.888,22.53,-0.5,0.0,GOING_TO_ENDPOINT,dump_zone_3,load_zone_26,0.00025,0.00067
959.0,2026-07-02T15:16:11.427,3,-100.737,451.736,0.0,-0.5,1000.0,RETURNING_TO_START,load_zone_22,dump_zone_22,0.00025,0.00067
960.0,2026-07-02T15:16:15.054,1,630.062,200.467,17.548,-0.5,1000.0,RETURNING_TO_START,load_zone_26,dump_zone_3,0.00025,0.00067
960.0,2026-07-02T15:16:15.054,2,602.5,-88.875,20.73,-0.5,0.0,GOING_TO_ENDPOINT,dump_zone_3,load_zone_26,0.00025,0.00067
960.0,2026-07-02T15:16:15.054,3,-100.737,451.736,0.0,-0.5,1000.0,RETURNING_TO_START,load_zone_22,dump_zone_22,0.00025,0.00067
961.0,2026-07-02T15:16:19.067,1,634.62,201.112,15.748,-0.5,1000.0,RETURNING_TO_START,load_zone_26,dump_zone_3,0.00025,0.00067
961.0,2026-07-02T15:16:19.067,2,602.5,-94.363,18.93,-0.5,0.0,GOING_TO_ENDPOINT,dump_zone_3,load_zone_26,0.00025,0.00067
961.0,2026-07-02T15:16:19.067,3,-100.737,451.736,0.0,-0.5,1000.0,RETURNING_TO_START,load_zone_22,dump_zone_22,0.00025,0.00067
962.0,2026-07-02T15:16:22.971,1,638.689,201.646,13.948,-0.5,1000.0,RETURNING_TO_START,load_zone_26,dump_zone_3,0.00025,0.00067
962.0,2026-07-02T15:16:22.971,2,602.692,-99.337,17.28,-0.25,0.0,GOING_TO_ENDPOINT,dump_zone_3,load_zone_26,0.00025,0.00067
962.0,2026-07-02T15:16:22.971,3,-100.737,451.736,0.0,-0.5,1000.0,RETURNING_TO_START,load_zone_22,dump_zone_22,0.00025,0.00067
963.0,2026-07-02T15:16:26.619,1,642.27,202.047,12.148,-0.5,1000.0,RETURNING_TO_START,load_zone_26,dump_zone_3,0.00025,0.00067
963.0,2026-07-02T15:16:26.619,2,606.342,-102.102,18.33,0.75,0.0,GOING_TO_ENDPOINT,dump_zone_3,load_zone_26,0.000306,0.00082
963.0,2026-07-02T15:16:26.619,3,-100.737,451.736,0.0,-0.5,1000.0,RETURNING_TO_START,load_zone_22,dump_zone_22,0.00025,0.00067
964.0,2026-07-02T15:16:30.300,1,645.363,202.308,10.348,-0.5,1000.0,RETURNING_TO_START,load_zone_26,dump_zone_3,0.00025,0.00067
964.0,2026-07-02T15:16:30.300,2,611.18,-99.543,21.855,1.0,0.0,GOING_TO_ENDPOINT,dump_zone_3,load_zone_26,0.000335,0.000898
964.0,2026-07-02T15:16:30.300,3,-100.737,451.736,0.0,-0.5,1000.0,RETURNING_TO_START,load_zone_22,dump_zone_22,0.00025,0.00067
965.0,2026-07-02T15:16:35.484,1,647.964,202.416,8.548,-0.5,1000.0,RETURNING_TO_START,load_zone_26,dump_zone_3,0.00025,0.00067
965.0,2026-07-02T15:16:35.484,2,617.15,-97.39,23.805,0.0833,0.0,GOING_TO_ENDPOINT,dump_zone_3,load_zone_26,0.000272,0.000729
965.0,2026-07-02T15:16:35.484,3,-100.737,451.736,0.0,-0.5,1000.0,RETURNING_TO_START,load_zone_22,dump_zone_22,0.00025,0.00067
966.0,2026-07-02T15:16:39.428,1,650.066,202.036,7.223,-0.0833,1000.0,RETURNING_TO_START,load_zone_26,dump_zone_3,0.000254,0.000681
966.0,2026-07-02T15:16:39.428,2,623.616,-97.477,22.53,-0.5,0.0,GOING_TO_ENDPOINT,dump_zone_3,load_zone_26,0.00025,0.00067
966.0,2026-07-02T15:16:39.428,3,-100.737,451.736,0.0,-0.5,1000.0,RETURNING_TO_START,load_zone_22,dump_zone_22,0.00025,0.00067
967.0,2026-07-02T15:16:43.896,1,651.758,200.736,8.573,0.4167,1000.0,RETURNING_TO_START,load_zone_26,dump_zone_3,0.000278,0.000745
967.0,2026-07-02T15:16:43.896,2,629.603,-97.502,20.73,-0.5,0.0,GOING_TO_ENDPOINT,dump_zone_3,load_zone_26,0.00025,0.00067
967.0,2026-07-02T15:16:43.896,3,-100.737,451.736,0.0,-0.5,1000.0,RETURNING_TO_START,load_zone_22,dump_zone_22,0.00025,0.00067
968.0,2026-07-02T15:16:47.988,1,652.567,198.513,8.173,-0.4167,1000.0,RETURNING_TO_START,load_zone_26,dump_zone_3,0.00025,0.00067
968.0,2026-07-02T15:16:47.988,2,635.091,-97.5,18.93,-0.5,0.0,GOING_TO_ENDPOINT,dump_zone_3,load_zone_26,0.00025,0.00067
968.0,2026-07-02T15:16:47.988,3,-100.737,451.736,0.0,-0.5,1000.0,RETURNING_TO_START,load_zone_22,dump_zone_22,0.00025,0.00067
969.0,2026-07-02T15:16:51.404,1,652.655,196.261,8.623,0.5833,1000.0,RETURNING_TO_START,load_zone_26,dump_zone_3,0.000286,0.000766
969.0,2026-07-02T15:16:51.404,2,640.079,-97.5,17.13,-0.5,0.0,GOING_TO_ENDPOINT,dump_zone_3,load_zone_26,0.00025,0.00067
969.0,2026-07-02T15:16:51.404,3,-100.737,451.736,0.0,-0.5,1000.0,RETURNING_TO_START,load_zone_22,dump_zone_22,0.00025,0.00067
970.0,2026-07-02T15:16:55.670,1,652.588,193.398,11.849,0.9167,1000.0,RETURNING_TO_START,load_zone_26,dump_zone_3,0.000321,0.00086
970.0,2026-07-02T15:16:55.670,2,644.566,-97.5,15.33,-0.5,0.0,GOING_TO_ENDPOINT,dump_zone_3,load_zone_26,0.00025,0.00067
970.0,2026-07-02T15:16:55.670,3,-100.737,451.736,0.0,-0.5,1000.0,RETURNING_TO_START,load_zone_22,dump_zone_22,0.00025,0.00067
971.0,2026-07-02T15:16:59.736,1,652.511,189.822,13.199,-0.0833,1000.0,RETURNING_TO_START,load_zone_26,dump_zone_3,0.000258,0.000691
971.0,2026-07-02T15:16:59.736,2,648.552,-97.552,13.53,-0.5,0.0,GOING_TO_ENDPOINT,dump_zone_3,load_zone_26,0.00025,0.00067
971.0,2026-07-02T15:16:59.736,3,-100.737,451.736,0.0,-0.5,1000.0,RETURNING_TO_START,load_zone_22,dump_zone_22,0.00025,0.00067
972.0,2026-07-02T15:17:04.358,1,652.497,186.362,11.649,-0.5,1000.0,RETURNING_TO_START,load_zone_26,dump_zone_3,0.00025,0.00067
972.0,2026-07-02T15:17:04.358,2,651.836,-98.615,11.73,-0.5,0.0,GOING_TO_ENDPOINT,dump_zone_3,load_zone_26,0.00025,0.00067
972.0,2026-07-02T15:17:04.358,3,-100.737,451.736,0.0,-0.5,1000.0,RETURNING_TO_START,load_zone_22,dump_zone_22,0.00025,0.00067
973.0,2026-07-02T15:17:08.335,1,652.499,183.397,9.849,-0.5,1000.0,RETURNING_TO_START,load_zone_26,dump_zone_3,0.00025,0.00067
973.0,2026-07-02T15:17:08.335,2,654.212,-100.572,11.055,0.25,0.0,GOING_TO_ENDPOINT,dump_zone_3,load_zone_26,0.000266,0.000713
973.0,2026-07-02T15:17:08.335,3,-100.737,451.736,0.0,-0.5,1000.0,RETURNING_TO_START,load_zone_22,dump_zone_22,0.00025,0.00067
974.0,2026-07-02T15:17:10.942,1,652.5,180.932,8.049,-0.5,1000.0,RETURNING_TO_START,load_zone_26,dump_zone_3,0.00025,0.00067
974.0,2026-07-02T15:17:10.942,2,656.641,-102.967,13.755,1.0,0.0,GOING_TO_ENDPOINT,dump_zone_3,load_zone_26,0.000303,0.000812
974.0,2026-07-02T15:17:10.942,3,-100.737,451.736,0.0,-0.5,1000.0,RETURNING_TO_START,load_zone_22,dump_zone_22,0.00025,0.00067
975.0,2026-07-02T15:17:14.161,1,652.344,178.977,6.249,-0.5,1000.0,RETURNING_TO_START,load_zone_26,dump_zone_3,0.00025,0.00067
975.0,2026-07-02T15:17:14.161,2,659.683,-106.095,17.355,1.0,0.0,GOING_TO_ENDPOINT,dump_zone_3,load_zone_26,0.000317,0.00085
975.0,2026-07-02T15:17:14.161,3,-100.737,451.736,0.0,-0.5,1000.0,RETURNING_TO_START,load_zone_22,dump_zone_22,0.00025,0.00067
976.0,2026-07-02T15:17:17.763,1,652.645,177.551,4.449,-0.5,1000.0,RETURNING_TO_START,load_zone_26,dump_zone_3,0.00025,0.00067
976.0,2026-07-02T15:17:17.763,2,663.449,-109.912,20.955,1.0,0.0,GOING_TO_ENDPOINT,dump_zone_3,load_zone_26,0.000331,0.000887
976.0,2026-07-02T15:17:17.763,3,-100.737,451.736,0.0,-0.5,1000.0,RETURNING_TO_START,load_zone_22,dump_zone_22,0.00025,0.00067
977.0,2026-07-02T15:17:22.036,1,653.112,176.709,2.649,-0.5,1000.0,UNLOADING,load_zone_26,dump_zone_3,0.00025,0.00067
977.0,2026-07-02T15:17:22.036,2,667.946,-114.413,24.555,1.0,0.0,GOING_TO_ENDPOINT,dump_zone_3,load_zone_26,0.000345,0.000925
977.0,2026-07-02T15:17:22.036,3,-100.737,451.736,0.0,-0.5,1000.0,RETURNING_TO_START,load_zone_22,dump_zone_22,0.00025,0.00067
978.0,2026-07-02T15:17:26.821,1,653.399,176.343,0.849,-0.5,1000.0,UNLOADING,load_zone_26,dump_zone_3,0.00025,0.00067
978.0,2026-07-02T15:17:26.821,2,673.139,-119.604,27.905,0.75,0.0,GOING_TO_ENDPOINT,dump_zone_3,load_zone_26,0.000335,0.000898
978.0,2026-07-02T15:17:26.821,3,-100.737,451.736,0.0,-0.5,1000.0,RETURNING_TO_START,load_zone_22,dump_zone_22,0.00025,0.00067
979.0,2026-07-02T15:17:31.212,1,653.428,176.308,0.0,-0.5,1000.0,UNLOADING,load_zone_26,dump_zone_3,0.00025,0.00067
979.0,2026-07-02T15:17:31.212,2,678.759,-125.223,28.655,-0.25,0.0,GOING_TO_ENDPOINT,dump_zone_3,load_zone_26,0.00025,0.00067
979.0,2026-07-02T15:17:31.212,3,-100.737,451.736,0.0,-0.5,1000.0,RETURNING_TO_START,load_zone_22,dump_zone_22,0.00025,0.00067
980.0,2026-07-02T15:17:34.512,1,654.032,175.736,7.2,0.0,0.0,TURNING_AROUND,dump_zone_3,load_zone_26,0.000255,0.000683
980.0,2026-07-02T15:17:34.512,2,684.21,-130.675,26.93,-0.5,0.0,GOING_TO_ENDPOINT,dump_zone_3,load_zone_26,0.00025,0.00067
980.0,2026-07-02T15:17:34.512,3,-100.737,451.736,0.0,-0.5,1000.0,RETURNING_TO_START,load_zone_22,dump_zone_22,0.00025,0.00067
981.0,2026-07-02T15:17:36.360,1,655.853,174.959,7.2,0.0,0.0,TURNING_AROUND,dump_zone_3,load_zone_26,0.000255,0.000683
981.0,2026-07-02T15:17:36.360,2,689.308,-135.773,25.13,-0.5,0.0,GOING_TO_ENDPOINT,dump_zone_3,load_zone_26,0.00025,0.00067
981.0,2026-07-02T15:17:36.360,3,-100.737,451.736,0.0,-0.5,1000.0,RETURNING_TO_START,load_zone_22,dump_zone_22,0.00025,0.00067
982.0,2026-07-02T15:17:37.778,1,654.943,174.821,5.4,0.0,0.0,TURNING_AROUND,dump_zone_3,load_zone_26,0.000253,0.000678
982.0,2026-07-02T15:17:37.778,2,694.053,-140.517,23.33,-0.5,0.0,GOING_TO_ENDPOINT,dump_zone_3,load_zone_26,0.00025,0.00067
982.0,2026-07-02T15:17:37.778,3,-100.737,451.736,0.0,-0.5,1000.0,RETURNING_TO_START,load_zone_22,dump_zone_22,0.00025,0.00067
983.0,2026-07-02T15:17:40.712,1,656.143,175.568,7.2,0.0,0.0,TURNING_AROUND,dump_zone_3,load_zone_26,0.000255,0.000683
983.0,2026-07-02T15:17:40.712,2,698.447,-144.905,21.53,-0.5,0.0,GOING_TO_ENDPOINT,dump_zone_3,load_zone_26,0.00025,0.00067
983.0,2026-07-02T15:17:40.712,3,-100.737,451.736,0.0,-0.5,1000.0,RETURNING_TO_START,load_zone_22,dump_zone_22,0.00025,0.00067
984.0,2026-07-02T15:17:43.835,1,656.902,176.405,5.4,0.0,0.0,TURNING_AROUND,dump_zone_3,load_zone_26,0.000253,0.000678
984.0,2026-07-02T15:17:43.835,2,702.193,-149.199,19.73,-0.5,0.0,GOING_TO_ENDPOINT,dump_zone_3,load_zone_26,0.00025,0.00067
984.0,2026-07-02T15:17:43.835,3,-100.737,451.736,0.0,-0.5,1000.0,RETURNING_TO_START,load_zone_22,dump_zone_22,0.00025,0.00067
985.0,2026-07-02T15:17:47.235,1,656.714,175.809,0.0,-0.0,0.0,GOING_TO_ENDPOINT,dump_zone_3,load_zone_26,0.00025,0.00067
985.0,2026-07-02T15:17:47.235,2,703.23,-154.073,18.08,-0.25,0.0,GOING_TO_ENDPOINT,dump_zone_3,load_zone_26,0.00025,0.00067
985.0,2026-07-02T15:17:47.235,3,-100.737,451.736,0.0,-0.5,1000.0,RETURNING_TO_START,load_zone_22,dump_zone_22,0.00025,0.00067
986.0,2026-07-02T15:17:51.381,1,656.708,176.02,1.95,1.0,0.0,GOING_TO_ENDPOINT,dump_zone_3,load_zone_26,0.000258,0.000691
986.0,2026-07-02T15:17:51.381,2,702.554,-159.107,18.83,0.25,0.0,GOING_TO_ENDPOINT,dump_zone_3,load_zone_26,0.000277,0.000742
986.0,2026-07-02T15:17:51.381,3,-100.737,451.736,0.0,-0.5,1000.0,RETURNING_TO_START,load_zone_22,dump_zone_22,0.00025,0.00067
987.0,2026-07-02T15:17:55.357,1,656.495,177.079,5.55,1.0,0.0,GOING_TO_ENDPOINT,dump_zone_3,load_zone_26,0.000271,0.000726
987.0,2026-07-02T15:17:55.357,2,702.485,-164.268,17.955,-0.4167,0.0,GOING_TO_ENDPOINT,dump_zone_3,load_zone_26,0.00025,0.00067
987.0,2026-07-02T15:17:55.357,3,-100.737,451.736,0.0,-0.5,1000.0,RETURNING_TO_START,load_zone_22,dump_zone_22,0.00025,0.00067
988.0,2026-07-02T15:17:59.290,1,655.362,178.808,9.15,1.0,0.0,GOING_TO_ENDPOINT,dump_zone_3,load_zone_26,0.000285,0.000764
988.0,2026-07-02T15:17:59.290,2,702.498,-169.012,16.313,-0.5,0.0,GOING_TO_ENDPOINT,dump_zone_3,load_zone_26,0.00025,0.00067
988.0,2026-07-02T15:17:59.290,3,-100.737,451.736,0.0,-0.5,1000.0,RETURNING_TO_START,load_zone_22,dump_zone_22,0.00025,0.00067
989.0,2026-07-02T15:18:03.356,1,652.875,180.616,12.75,1.0,0.0,GOING_TO_ENDPOINT,dump_zone_3,load_zone_26,0.000299,0.000801
989.0,2026-07-02T15:18:03.356,2,702.5,-173.282,14.613,-0.5,0.0,GOING_TO_ENDPOINT,dump_zone_3,load_zone_26,0.00025,0.00067
989.0,2026-07-02T15:18:03.356,3,-100.737,451.736,0.0,-0.5,1000.0,RETURNING_TO_START,load_zone_22,dump_zone_22,0.00025,0.00067
990.0,2026-07-02T15:18:07.919,1,649.568,182.986,16.325,0.9167,0.0,GOING_TO_ENDPOINT,dump_zone_3,load_zone_26,0.000309,0.000828
990.0,2026-07-02T15:18:07.919,2,702.5,-177.071,12.813,-0.5,0.0,GOING_TO_ENDPOINT,dump_zone_3,load_zone_26,0.00025,0.00067
990.0,2026-07-02T15:18:07.919,3,-100.737,451.736,0.0,-0.5,1000.0,RETURNING_TO_START,load_zone_22,dump_zone_22,0.00025,0.00067
991.0,2026-07-02T15:18:11.709,1,647.526,187.242,17.675,-0.0833,0.0,GOING_TO_ENDPOINT,dump_zone_3,load_zone_26,0.000256,0.000686
991.0,2026-07-02T15:18:11.709,2,702.5,-180.36,11.038,-0.4167,0.0,GOING_TO_ENDPOINT,dump_zone_3,load_zone_26,0.00025,0.00067
991.0,2026-07-02T15:18:11.709,3,-100.737,451.736,0.0,-0.5,1000.0,RETURNING_TO_START,load_zone_22,dump_zone_22,0.00025,0.00067
992.0,2026-07-02T15:18:15.731,1,647.464,191.941,16.125,-0.5,0.0,GOING_TO_ENDPOINT,dump_zone_3,load_zone_26,0.00025,0.00067
992.0,2026-07-02T15:18:15.731,2,702.5,-183.175,9.313,-0.5,0.0,GOING_TO_ENDPOINT,dump_zone_3,load_zone_26,0.00025,0.00067
992.0,2026-07-02T15:18:15.731,3,-100.737,451.736,0.0,-0.5,1000.0,RETURNING_TO_START,load_zone_22,dump_zone_22,0.00025,0.00067
993.0,2026-07-02T15:18:18.934,1,647.497,196.149,14.325,-0.5,0.0,GOING_TO_ENDPOINT,dump_zone_3,load_zone_26,0.00025,0.00067
993.0,2026-07-02T15:18:18.934,2,702.5,-185.514,7.685,-0.5,0.0,GOING_TO_ENDPOINT,dump_zone_3,load_zone_26,0.00025,0.00067
993.0,2026-07-02T15:18:18.934,3,-100.737,451.736,0.0,-0.5,1000.0,RETURNING_TO_START,load_zone_22,dump_zone_22,0.00025,0.00067
994.0,2026-07-02T15:18:23.818,1,647.29,199.833,12.55,-0.4167,0.0,GOING_TO_ENDPOINT,dump_zone_3,load_zone_26,0.00025,0.00067
994.0,2026-07-02T15:18:23.818,2,702.5,-187.397,6.21,-0.25,0.0,GOING_TO_ENDPOINT,dump_zone_3,load_zone_26,0.00025,0.00067
994.0,2026-07-02T15:18:23.818,3,-100.737,451.736,0.0,-0.5,1000.0,RETURNING_TO_START,load_zone_22,dump_zone_22,0.00025,0.00067
995.0,2026-07-02T15:18:28.066,1,644.953,202.252,13.0,0.5833,0.0,GOING_TO_ENDPOINT,dump_zone_3,load_zone_26,0.000283,0.000758
995.0,2026-07-02T15:18:28.066,2,702.488,-188.89,4.585,-0.5,0.0,GOING_TO_ENDPOINT,dump_zone_3,load_zone_26,0.00025,0.00067
995.0,2026-07-02T15:18:28.066,3,-100.737,451.736,0.0,-0.5,1000.0,RETURNING_TO_START,load_zone_22,dump_zone_22,0.00025,0.00067
996.0,2026-07-02T15:18:32.574,1,641.086,201.67,16.35,1.0,0.0,GOING_TO_ENDPOINT,dump_zone_3,load_zone_26,0.000313,0.000839
996.0,2026-07-02T15:18:32.574,2,702.46,-189.891,2.785,-0.5,0.0,LOADING,dump_zone_3,load_zone_26,0.00025,0.00067
996.0,2026-07-02T15:18:32.574,3,-100.737,451.736,0.0,-0.5,1000.0,RETURNING_TO_START,load_zone_22,dump_zone_22,0.00025,0.00067
997.0,2026-07-02T15:18:37.372,1,637.797,197.824,19.852,0.8354,0.0,GOING_TO_ENDPOINT,dump_zone_3,load_zone_26,0.000316,0.000847
997.0,2026-07-02T15:18:37.372,2,702.522,-190.39,0.985,-0.5,0.0,LOADING,dump_zone_3,load_zone_26,0.00025,0.00067
997.0,2026-07-02T15:18:37.372,3,-100.737,451.736,0.0,-0.5,1000.0,RETURNING_TO_START,load_zone_22,dump_zone_22,0.00025,0.00067
998.0,2026-07-02T15:18:41.322,1,632.494,195.744,20.909,-0.1646,0.0,GOING_TO_ENDPOINT,dump_zone_3,load_zone_26,0.000252,0.000675
998.0,2026-07-02T15:18:41.322,2,702.534,-190.452,0.0,-0.5,0.0,LOADING,dump_zone_3,load_zone_26,0.00025,0.00067
998.0,2026-07-02T15:18:41.322,3,-100.737,451.736,0.0,-0.5,1000.0,RETURNING_TO_START,load_zone_22,dump_zone_22,0.00025,0.00067
999.0,2026-07-02T15:18:43.904,1,626.973,194.963,19.262,-0.5,0.0,GOING_TO_ENDPOINT,dump_zone_3,load_zone_26,0.00025,0.00067
999.0,2026-07-02T15:18:43.904,2,702.731,-191.089,7.2,0.0,1000.0,TURNING_AROUND,load_zone_26,dump_zone_3,0.000258,0.000691
999.0,2026-07-02T15:18:43.904,3,-100.737,451.736,0.0,-0.5,1000.0,RETURNING_TO_START,load_zone_22,dump_zone_22,0.00025,0.00067
1000.0,2026-07-02T15:18:45.747,1,621.927,194.379,17.462,-0.5,0.0,GOING_TO_ENDPOINT,dump_zone_3,load_zone_26,0.00025,0.00067
1000.0,2026-07-02T15:18:45.747,2,703.904,-192.683,7.2,0.0,1000.0,TURNING_AROUND,load_zone_26,dump_zone_3,0.000258,0.000691
1000.0,2026-07-02T15:18:45.747,3,-100.737,451.736,0.0,-0.5,1000.0,RETURNING_TO_START,load_zone_22,dump_zone_22,0.00025,0.00067
1001.0,2026-07-02T15:18:48.210,1,617.366,193.977,15.662,-0.5,0.0,GOING_TO_ENDPOINT,dump_zone_3,load_zone_26,0.00025,0.00067
1001.0,2026-07-02T15:18:48.210,2,703.288,-192.512,5.4,0.0,1000.0,TURNING_AROUND,load_zone_26,dump_zone_3,0.000256,0.000686
1001.0,2026-07-02T15:18:48.210,3,-100.737,451.736,0.0,-0.5,1000.0,RETURNING_TO_START,load_zone_22,dump_zone_22,0.00025,0.00067
1002.0,2026-07-02T15:18:51.097,1,613.289,193.824,13.862,-0.5,0.0,GOING_TO_ENDPOINT,dump_zone_3,load_zone_26,0.00025,0.00067
1002.0,2026-07-02T15:18:51.097,2,704.416,-192.421,7.2,0.0,1000.0,TURNING_AROUND,load_zone_26,dump_zone_3,0.000258,0.000691
1002.0,2026-07-02T15:18:51.097,3,-100.737,451.736,0.0,-0.5,1000.0,RETURNING_TO_START,load_zone_22,dump_zone_22,0.00025,0.00067
1003.0,2026-07-02T15:18:53.898,1,609.728,194.079,12.062,-0.5,0.0,GOING_TO_ENDPOINT,dump_zone_3,load_zone_26,0.00025,0.00067
1003.0,2026-07-02T15:18:53.898,2,705.74,-191.929,5.4,0.0,1000.0,TURNING_AROUND,load_zone_26,dump_zone_3,0.000256,0.000686
1003.0,2026-07-02T15:18:53.898,3,-100.737,451.736,0.0,-0.5,1000.0,RETURNING_TO_START,load_zone_22,dump_zone_22,0.00025,0.00067
1004.0,2026-07-02T15:18:57.741,1,606.966,195.405,10.262,-0.5,0.0,GOING_TO_ENDPOINT,dump_zone_3,load_zone_26,0.00025,0.00067
1004.0,2026-07-02T15:18:57.741,2,705.063,-192.554,7.2,0.0,1000.0,TURNING_AROUND,load_zone_26,dump_zone_3,0.000258,0.000691
1004.0,2026-07-02T15:18:57.741,3,-100.737,451.736,0.0,-0.5,1000.0,RETURNING_TO_START,load_zone_22,dump_zone_22,0.00025,0.00067
1005.0,2026-07-02T15:19:01.021,1,604.72,196.671,8.462,-0.5,0.0,GOING_TO_ENDPOINT,dump_zone_3,load_zone_26,0.00025,0.00067
1005.0,2026-07-02T15:19:01.021,2,705.474,-191.467,0.0,-0.1667,1000.0,RETURNING_TO_START,load_zone_26,dump_zone_3,0.00025,0.00067
1005.0,2026-07-02T15:19:01.021,3,-100.737,451.736,0.0,-0.5,1000.0,RETURNING_TO_START,load_zone_22,dump_zone_22,0.00025,0.00067
1006.0,2026-07-02T15:19:05.142,1,602.835,197.548,6.662,-0.5,0.0,GOING_TO_ENDPOINT,dump_zone_3,load_zone_26,0.00025,0.00067
1006.0,2026-07-02T15:19:05.142,2,705.472,-191.339,1.375,0.8333,1000.0,RETURNING_TO_START,load_zone_26,dump_zone_3,0.000258,0.000691
1006.0,2026-07-02T15:19:05.142,3,-100.737,451.736,0.0,-0.5,1000.0,RETURNING_TO_START,load_zone_22,dump_zone_22,0.00025,0.00067
1007.0,2026-07-02T15:19:09.942,1,601.401,198.243,4.983,-0.43,0.0,GOING_TO_ENDPOINT,dump_zone_3,load_zone_26,0.00025,0.00067
1007.0,2026-07-02T15:19:09.942,2,705.332,-190.436,4.95,1.0,1000.0,RETURNING_TO_START,load_zone_26,dump_zone_3,0.000282,0.000756
1007.0,2026-07-02T15:19:09.942,3,-100.737,451.736,0.0,-0.5,1000.0,RETURNING_TO_START,load_zone_22,dump_zone_22,0.00025,0.00067
1008.0,2026-07-02T15:19:14.637,1,600.324,198.539,3.229,-0.4167,0.0,GOING_TO_ENDPOINT,dump_zone_3,load_zone_26,0.00025,0.00067
1008.0,2026-07-02T15:19:14.637,2,704.42,-188.765,8.55,1.0,1000.0,RETURNING_TO_START,load_zone_26,dump_zone_3,0.000305,0.000817
1008.0,2026-07-02T15:19:14.637,3,-100.737,451.736,0.0,-0.5,1000.0,RETURNING_TO_START,load_zone_22,dump_zone_22,0.00025,0.00067
1009.0,2026-07-02T15:19:19.991,1,599.444,198.556,3.679,0.5833,0.0,GOING_TO_ENDPOINT,dump_zone_3,load_zone_26,0.000259,0.000694
1009.0,2026-07-02T15:19:19.991,2,702.432,-186.634,12.15,1.0,1000.0,RETURNING_TO_START,load_zone_26,dump_zone_3,0.000328,0.000879
1009.0,2026-07-02T15:19:19.991,3,-100.737,451.736,0.0,-0.5,1000.0,RETURNING_TO_START,load_zone_22,dump_zone_22,0.00025,0.00067
1010.0,2026-07-02T15:19:24.391,1,598.014,198.137,7.029,1.0,0.0,GOING_TO_ENDPOINT,dump_zone_3,load_zone_26,0.000277,0.000742
1010.0,2026-07-02T15:19:24.391,2,699.842,-183.703,15.75,1.0,1000.0,RETURNING_TO_START,load_zone_26,dump_zone_3,0.000352,0.000943
1010.0,2026-07-02T15:19:24.391,3,-100.737,451.736,0.0,-0.5,1000.0,RETURNING_TO_START,load_zone_22,dump_zone_22,0.00025,0.00067
1011.0,2026-07-02T15:19:28.902,1,596.295,196.388,10.629,1.0,0.0,GOING_TO_ENDPOINT,dump_zone_3,load_zone_26,0.000291,0.00078
1011.0,2026-07-02T15:19:28.902,2,697.806,-179.323,18.741,0.4921,1000.0,RETURNING_TO_START,load_zone_26,dump_zone_3,0.00032,0.000858
1011.0,2026-07-02T15:19:28.902,3,-100.737,451.736,0.0,-0.5,1000.0,RETURNING_TO_START,load_zone_22,dump_zone_22,0.00025,0.00067
1012.0,2026-07-02T15:19:33.407,1,596.236,193.006,14.229,1.0,0.0,GOING_TO_ENDPOINT,dump_zone_3,load_zone_26,0.000305,0.000817
1012.0,2026-07-02T15:19:33.407,2,697.458,-174.08,18.564,-0.5,1000.0,RETURNING_TO_START,load_zone_26,dump_zone_3,0.00025,0.00067
1012.0,2026-07-02T15:19:33.407,3,-100.737,451.736,0.0,-0.5,1000.0,RETURNING_TO_START,load_zone_22,dump_zone_22,0.00025,0.00067
1013.0,2026-07-02T15:19:37.959,1,599.031,189.507,17.829,1.0,0.0,GOING_TO_ENDPOINT,dump_zone_3,load_zone_26,0.000319,0.000855
1013.0,2026-07-02T15:19:37.959,2,697.486,-169.194,16.764,-0.5,1000.0,RETURNING_TO_START,load_zone_26,dump_zone_3,0.00025,0.00067
1013.0,2026-07-02T15:19:37.959,3,-100.737,451.736,0.0,-0.5,1000.0,RETURNING_TO_START,load_zone_22,dump_zone_22,0.00025,0.00067
1014.0,2026-07-02T15:19:41.950,1,601.43,184.577,21.429,1.0,0.0,GOING_TO_ENDPOINT,dump_zone_3,load_zone_26,0.000333,0.000892
1014.0,2026-07-02T15:19:41.950,2,697.501,-164.808,14.964,-0.5,1000.0,RETURNING_TO_START,load_zone_26,dump_zone_3,0.00025,0.00067
1014.0,2026-07-02T15:19:41.950,3,-100.737,451.736,0.0,-0.5,1000.0,RETURNING_TO_START,load_zone_22,dump_zone_22,0.00025,0.00067
1015.0,2026-07-02T15:19:46.941,1,602.469,178.2,25.029,1.0,0.0,GOING_TO_ENDPOINT,dump_zone_3,load_zone_26,0.000347,0.00093
1015.0,2026-07-02T15:19:46.941,2,697.501,-160.922,13.164,-0.5,1000.0,RETURNING_TO_START,load_zone_26,dump_zone_3,0.00025,0.00067
1015.0,2026-07-02T15:19:46.941,3,-100.737,451.736,0.0,-0.5,1000.0,RETURNING_TO_START,load_zone_22,dump_zone_22,0.00025,0.00067
1016.0,2026-07-02T15:19:51.422,1,602.505,170.802,27.504,0.25,0.0,GOING_TO_ENDPOINT,dump_zone_3,load_zone_26,0.00029,0.000777
1016.0,2026-07-02T15:19:51.422,2,697.5,-157.536,11.364,-0.5,1000.0,RETURNING_TO_START,load_zone_26,dump_zone_3,0.00025,0.00067
1016.0,2026-07-02T15:19:51.422,3,-100.737,451.736,0.0,-0.5,1000.0,RETURNING_TO_START,load_zone_22,dump_zone_22,0.00025,0.00067
1017.0,2026-07-02T15:19:56.077,1,602.499,163.143,27.304,-0.4167,0.0,GOING_TO_ENDPOINT,dump_zone_3,load_zone_26,0.00025,0.00067
1017.0,2026-07-02T15:19:56.077,2,697.5,-154.65,9.589,-0.4167,1000.0,RETURNING_TO_START,load_zone_26,dump_zone_3,0.00025,0.00067
1017.0,2026-07-02T15:19:56.077,3,-100.737,451.736,0.0,-0.5,1000.0,RETURNING_TO_START,load_zone_22,dump_zone_22,0.00025,0.00067
1018.0,2026-07-02T15:20:00.544,1,602.5,155.649,27.083,0.1686,0.0,GOING_TO_ENDPOINT,dump_zone_3,load_zone_26,0.000282,0.000756
1018.0,2026-07-02T15:20:00.544,2,697.502,-152.237,7.864,-0.5,1000.0,RETURNING_TO_START,load_zone_26,dump_zone_3,0.00025,0.00067
1018.0,2026-07-02T15:20:00.544,3,-100.737,451.736,0.0,-0.5,1000.0,RETURNING_TO_START,load_zone_22,dump_zone_22,0.00025,0.00067
1019.0,2026-07-02T15:20:04.350,1,602.5,148.085,27.134,-0.2866,0.0,GOING_TO_ENDPOINT,dump_zone_3,load_zone_26,0.00025,0.00067
1019.0,2026-07-02T15:20:04.350,2,697.144,-150.367,6.214,-0.25,1000.0,RETURNING_TO_START,load_zone_26,dump_zone_3,0.00025,0.00067
1019.0,2026-07-02T15:20:04.350,3,-100.737,451.736,0.0,-0.5,1000.0,RETURNING_TO_START,load_zone_22,dump_zone_22,0.00025,0.00067
1020.0,2026-07-02T15:20:08.024,1,602.5,140.751,26.036,0.0115,0.0,GOING_TO_ENDPOINT,dump_zone_3,load_zone_26,0.000267,0.000716
1020.0,2026-07-02T15:20:08.024,2,696.092,-148.917,7.264,0.75,1000.0,RETURNING_TO_START,load_zone_26,dump_zone_3,0.000287,0.000769
1020.0,2026-07-02T15:20:08.024,3,-100.737,451.736,0.0,-0.5,1000.0,RETURNING_TO_START,load_zone_22,dump_zone_22,0.00025,0.00067
1021.0,2026-07-02T15:20:13.029,1,602.5,133.314,27.724,0.5106,0.0,GOING_TO_ENDPOINT,dump_zone_3,load_zone_26,0.000313,0.000839
1021.0,2026-07-02T15:20:13.029,2,694.248,-147.173,10.789,1.0,1000.0,RETURNING_TO_START,load_zone_26,dump_zone_3,0.00032,0.000858
1021.0,2026-07-02T15:20:13.029,3,-100.737,451.736,0.0,-0.5,1000.0,RETURNING_TO_START,load_zone_22,dump_zone_22,0.00025,0.00067
1022.0,2026-07-02T15:20:17.368,1,602.5,125.546,27.662,-0.3227,0.0,GOING_TO_ENDPOINT,dump_zone_3,load_zone_26,0.00025,0.00067
1022.0,2026-07-02T15:20:17.368,2,691.609,-144.816,14.389,1.0,1000.0,RETURNING_TO_START,load_zone_26,dump_zone_3,0.000343,0.000919
1022.0,2026-07-02T15:20:17.368,3,-100.737,451.736,0.0,-0.5,1000.0,RETURNING_TO_START,load_zone_22,dump_zone_22,0.00025,0.00067
1023.0,2026-07-02T15:20:21.581,1,602.5,117.859,27.903,0.1996,0.0,GOING_TO_ENDPOINT,dump_zone_3,load_zone_26,0.000286,0.000766
1023.0,2026-07-02T15:20:21.581,2,688.267,-141.746,17.989,1.0,1000.0,RETURNING_TO_START,load_zone_26,dump_zone_3,0.000366,0.000981
1023.0,2026-07-02T15:20:21.581,3,-100.737,451.736,0.0,-0.5,1000.0,RETURNING_TO_START,load_zone_22,dump_zone_22,0.00025,0.00067
1024.0,2026-07-02T15:20:26.789,1,602.5,110.125,27.722,0.1163,0.0,GOING_TO_ENDPOINT,dump_zone_3,load_zone_26,0.000278,0.000745
1024.0,2026-07-02T15:20:26.789,2,684.323,-137.863,21.489,0.9167,1000.0,RETURNING_TO_START,load_zone_26,dump_zone_3,0.000379,0.001016
1024.0,2026-07-02T15:20:26.789,3,-100.737,451.736,0.0,-0.5,1000.0,RETURNING_TO_START,load_zone_22,dump_zone_22,0.00025,0.00067
1025.0,2026-07-02T15:20:31.341,1,602.5,102.378,27.89,-0.0504,0.0,GOING_TO_ENDPOINT,dump_zone_3,load_zone_26,0.000263,0.000705
1025.0,2026-07-02T15:20:31.341,2,679.789,-133.325,23.964,0.25,1000.0,RETURNING_TO_START,load_zone_26,dump_zone_3,0.000308,0.000825
1025.0,2026-07-02T15:20:31.341,3,-100.737,451.736,0.0,-0.5,1000.0,RETURNING_TO_START,load_zone_22,dump_zone_22,0.00025,0.00067
1026.0,2026-07-02T15:20:35.995,1,602.5,94.542,28.704,0.307,0.0,GOING_TO_ENDPOINT,dump_zone_3,load_zone_26,0.000297,0.000796
1026.0,2026-07-02T15:20:35.995,2,675.132,-128.667,23.064,-0.5,1000.0,RETURNING_TO_START,load_zone_26,dump_zone_3,0.00025,0.00067
1026.0,2026-07-02T15:20:35.995,3,-100.737,451.736,0.0,-0.5,1000.0,RETURNING_TO_START,load_zone_22,dump_zone_22,0.00025,0.00067
1027.0,2026-07-02T15:20:40.766,1,602.5,86.441,29.203,-0.2414,0.0,GOING_TO_ENDPOINT,dump_zone_3,load_zone_26,0.00025,0.00067
1027.0,2026-07-02T15:20:40.766,2,670.793,-124.329,21.264,-0.5,1000.0,RETURNING_TO_START,load_zone_26,dump_zone_3,0.00025,0.00067
1027.0,2026-07-02T15:20:40.766,3,-100.737,451.736,0.0,-0.5,1000.0,RETURNING_TO_START,load_zone_22,dump_zone_22,0.00025,0.00067
1028.0,2026-07-02T15:20:45.650,1,602.5,78.462,28.134,-0.5,0.0,GOING_TO_ENDPOINT,dump_zone_3,load_zone_26,0.00025,0.00067
1028.0,2026-07-02T15:20:45.650,2,666.808,-120.343,19.464,-0.5,1000.0,RETURNING_TO_START,load_zone_26,dump_zone_3,0.00025,0.00067
1028.0,2026-07-02T15:20:45.650,3,-100.737,451.736,0.0,-0.5,1000.0,RETURNING_TO_START,load_zone_22,dump_zone_22,0.00025,0.00067
1029.0,2026-07-02T15:20:50.810,1,602.5,70.793,27.519,0.1834,0.0,GOING_TO_ENDPOINT,dump_zone_3,load_zone_26,0.000284,0.000761
1029.0,2026-07-02T15:20:50.810,2,663.176,-116.712,17.664,-0.5,1000.0,RETURNING_TO_START,load_zone_26,dump_zone_3,0.00025,0.00067
1029.0,2026-07-02T15:20:50.810,3,-100.737,451.736,0.0,-0.5,1000.0,RETURNING_TO_START,load_zone_22,dump_zone_22,0.00025,0.00067
1030.0,2026-07-02T15:20:56.129,1,602.5,63.112,27.53,-0.1499,0.0,GOING_TO_ENDPOINT,dump_zone_3,load_zone_26,0.000254,0.000681
1030.0,2026-07-02T15:20:56.129,2,659.898,-113.434,15.864,-0.5,1000.0,RETURNING_TO_START,load_zone_26,dump_zone_3,0.00025,0.00067
1030.0,2026-07-02T15:20:56.129,3,-100.737,451.736,0.0,-0.5,1000.0,RETURNING_TO_START,load_zone_22,dump_zone_22,0.00025,0.00067
1031.0,2026-07-02T15:21:01.073,1,602.5,55.421,27.828,0.1445,0.0,GOING_TO_ENDPOINT,dump_zone_3,load_zone_26,0.000281,0.000753
1031.0,2026-07-02T15:21:01.073,2,656.974,-110.51,14.064,-0.5,1000.0,RETURNING_TO_START,load_zone_26,dump_zone_3,0.00025,0.00067
1031.0,2026-07-02T15:21:01.073,3,-100.737,451.736,0.0,-0.5,1000.0,RETURNING_TO_START,load_zone_22,dump_zone_22,0.00025,0.00067
1032.0,2026-07-02T15:21:06.730,1,602.5,47.606,28.581,0.1996,0.0,GOING_TO_ENDPOINT,dump_zone_3,load_zone_26,0.000287,0.000769
1032.0,2026-07-02T15:21:06.730,2,654.399,-107.935,12.3,-0.5,1000.0,RETURNING_TO_START,load_zone_26,dump_zone_3,0.00025,0.00067
1032.0,2026-07-02T15:21:06.730,3,-100.737,451.736,0.0,-0.5,1000.0,RETURNING_TO_START,load_zone_22,dump_zone_22,0.00025,0.00067
1033.0,2026-07-02T15:21:11.706,1,602.5,39.683,28.499,0.0329,0.0,GOING_TO_ENDPOINT,dump_zone_3,load_zone_26,0.000271,0.000726
1033.0,2026-07-02T15:21:11.706,2,652.175,-105.71,10.5,-0.5,1000.0,RETURNING_TO_START,load_zone_26,dump_zone_3,0.00025,0.00067
1033.0,2026-07-02T15:21:11.706,3,-100.737,451.736,0.0,-0.5,1000.0,RETURNING_TO_START,load_zone_22,dump_zone_22,0.00025,0.00067
1034.0,2026-07-02T15:21:17.028,1,602.5,31.838,27.811,-0.2277,0.0,GOING_TO_ENDPOINT,dump_zone_3,load_zone_26,0.00025,0.00067
1034.0,2026-07-02T15:21:17.028,2,650.305,-103.839,8.7,-0.5,1000.0,RETURNING_TO_START,load_zone_26,dump_zone_3,0.00025,0.00067
1034.0,2026-07-02T15:21:17.028,3,-100.737,451.736,0.0,-0.5,1000.0,RETURNING_TO_START,load_zone_22,dump_zone_22,0.00025,0.00067
1035.0,2026-07-02T15:21:22.363,1,602.5,24.166,27.841,0.2723,0.0,GOING_TO_ENDPOINT,dump_zone_3,load_zone_26,0.000292,0.000783
1035.0,2026-07-02T15:21:22.363,2,648.671,-102.461,6.9,-0.5,1000.0,RETURNING_TO_START,load_zone_26,dump_zone_3,0.00025,0.00067
1035.0,2026-07-02T15:21:22.363,3,-100.737,451.736,0.0,-0.5,1000.0,RETURNING_TO_START,load_zone_22,dump_zone_22,0.00025,0.00067
1036.0,2026-07-02T15:21:27.545,1,602.5,16.388,28.123,0.1631,0.0,GOING_TO_ENDPOINT,dump_zone_3,load_zone_26,0.000283,0.000758
1036.0,2026-07-02T15:21:27.545,2,646.941,-101.975,6.75,0.4167,1000.0,RETURNING_TO_START,load_zone_26,dump_zone_3,0.000272,0.000729
1036.0,2026-07-02T15:21:27.545,3,-100.737,451.736,0.0,-0.5,1000.0,RETURNING_TO_START,load_zone_22,dump_zone_22,0.00025,0.00067
1037.0,2026-07-02T15:21:31.616,1,602.5,8.597,27.66,-0.1703,0.0,GOING_TO_ENDPOINT,dump_zone_3,load_zone_26,0.000252,0.000675
1037.0,2026-07-02T15:21:31.616,2,644.652,-102.004,9.825,1.0,1000.0,RETURNING_TO_START,load_zone_26,dump_zone_3,0.000313,0.000839
1037.0,2026-07-02T15:21:31.616,3,-100.737,451.736,0.0,-0.5,1000.0,RETURNING_TO_START,load_zone_22,dump_zone_22,0.00025,0.00067
1038.0,2026-07-02T15:21:36.156,1,602.5,0.882,27.847,-0.0036,0.0,GOING_TO_ENDPOINT,dump_zone_3,load_zone_26,0.000267,0.000716
1038.0,2026-07-02T15:21:36.156,2,641.386,-102.18,13.425,1.0,1000.0,RETURNING_TO_START,load_zone_26,dump_zone_3,0.000337,0.000903
1038.0,2026-07-02T15:21:36.156,3,-100.737,451.736,0.0,-0.5,1000.0,RETURNING_TO_START,load_zone_22,dump_zone_22,0.00025,0.00067
1039.0,2026-07-02T15:21:40.861,1,602.5,-6.821,27.884,0.1631,0.0,GOING_TO_ENDPOINT,dump_zone_3,load_zone_26,0.000282,0.000756
1039.0,2026-07-02T15:21:40.861,2,637.121,-102.41,17.025,1.0,1000.0,RETURNING_TO_START,load_zone_26,dump_zone_3,0.00036,0.000965
1039.0,2026-07-02T15:21:40.861,3,-100.737,451.736,0.0,-0.5,1000.0,RETURNING_TO_START,load_zone_22,dump_zone_22,0.00025,0.00067
1040.0,2026-07-02T15:21:46.336,1,602.5,-14.679,28.535,-0.0515,0.0,GOING_TO_ENDPOINT,dump_zone_3,load_zone_26,0.000263,0.000705
1040.0,2026-07-02T15:21:46.336,2,631.9,-102.496,19.925,0.4167,1000.0,RETURNING_TO_START,load_zone_26,dump_zone_3,0.000316,0.000847
1040.0,2026-07-02T15:21:46.336,3,-100.737,451.736,0.0,-0.5,1000.0,RETURNING_TO_START,load_zone_22,dump_zone_22,0.00025,0.00067
1041.0,2026-07-02T15:21:51.597,1,602.5,-22.501,28.0,0.1152,0.0,GOING_TO_ENDPOINT,dump_zone_3,load_zone_26,0.000278,0.000745
1041.0,2026-07-02T15:21:51.597,2,626.35,-102.502,19.5,-0.5,1000.0,RETURNING_TO_START,load_zone_26,dump_zone_3,0.00025,0.00067
1041.0,2026-07-02T15:21:51.597,3,-100.737,451.736,0.0,-0.5,1000.0,RETURNING_TO_START,load_zone_22,dump_zone_22,0.00025,0.00067
1042.0,2026-07-02T15:21:57.150,1,602.5,-30.258,27.754,0.0651,0.0,GOING_TO_ENDPOINT,dump_zone_3,load_zone_26,0.000273,0.000732
1042.0,2026-07-02T15:21:57.150,2,621.204,-102.5,17.7,-0.5,1000.0,RETURNING_TO_START,load_zone_26,dump_zone_3,0.00025,0.00067
1042.0,2026-07-02T15:21:57.150,3,-100.737,451.736,0.0,-0.5,1000.0,RETURNING_TO_START,load_zone_22,dump_zone_22,0.00025,0.00067
1043.0,2026-07-02T15:22:02.158,1,602.5,-38.201,29.639,0.5651,0.0,GOING_TO_ENDPOINT,dump_zone_3,load_zone_26,0.000323,0.000866
1043.0,2026-07-02T15:22:02.158,2,616.558,-102.5,15.9,-0.5,1000.0,RETURNING_TO_START,load_zone_26,dump_zone_3,0.00025,0.00067
1043.0,2026-07-02T15:22:02.158,3,-100.737,451.736,0.0,-0.5,1000.0,RETURNING_TO_START,load_zone_22,dump_zone_22,0.00025,0.00067
1044.0,2026-07-02T15:22:06.065,1,602.5,-46.505,29.592,-0.4349,0.0,GOING_TO_ENDPOINT,dump_zone_3,load_zone_26,0.00025,0.00067
1044.0,2026-07-02T15:22:06.065,2,612.412,-102.5,14.1,-0.5,1000.0,RETURNING_TO_START,load_zone_26,dump_zone_3,0.00025,0.00067
1044.0,2026-07-02T15:22:06.065,3,-100.737,451.736,0.0,-0.5,1000.0,RETURNING_TO_START,load_zone_22,dump_zone_22,0.00025,0.00067
1045.0,2026-07-02T15:22:10.936,1,602.5,-54.483,28.042,-0.25,0.0,GOING_TO_ENDPOINT,dump_zone_3,load_zone_26,0.00025,0.00067
1045.0,2026-07-02T15:22:10.936,2,608.766,-102.5,12.3,-0.5,1000.0,RETURNING_TO_START,load_zone_26,dump_zone_3,0.00025,0.00067
1045.0,2026-07-02T15:22:10.936,3,-100.737,451.736,0.0,-0.5,1000.0,RETURNING_TO_START,load_zone_22,dump_zone_22,0.00025,0.00067
1046.0,2026-07-02T15:22:16.021,1,602.5,-62.251,27.956,-0.1351,0.0,GOING_TO_ENDPOINT,dump_zone_3,load_zone_26,0.000256,0.000686
1046.0,2026-07-02T15:22:16.021,2,605.62,-102.5,10.5,-0.5,1000.0,RETURNING_TO_START,load_zone_26,dump_zone_3,0.00025,0.00067
1046.0,2026-07-02T15:22:16.021,3,-100.737,451.736,0.0,-0.5,1000.0,RETURNING_TO_START,load_zone_22,dump_zone_22,0.00025,0.00067
1047.0,2026-07-02T15:22:19.595,1,602.5,-69.794,26.344,-0.5,0.0,GOING_TO_ENDPOINT,dump_zone_3,load_zone_26,0.00025,0.00067
1047.0,2026-07-02T15:22:19.595,2,602.974,-102.5,8.7,-0.5,1000.0,RETURNING_TO_START,load_zone_26,dump_zone_3,0.00025,0.00067
1047.0,2026-07-02T15:22:19.595,3,-100.737,451.736,0.0,-0.5,1000.0,RETURNING_TO_START,load_zone_22,dump_zone_22,0.00025,0.00067
1048.0,2026-07-02T15:22:24.276,1,602.5,-76.841,24.544,-0.5,0.0,GOING_TO_ENDPOINT,dump_zone_3,load_zone_26,0.00025,0.00067
1048.0,2026-07-02T15:22:24.276,2,600.802,-102.314,7.43,-0.1051,1000.0,RETURNING_TO_START,load_zone_26,dump_zone_3,0.000254,0.000681
1048.0,2026-07-02T15:22:24.276,3,-100.737,451.736,0.0,-0.5,1000.0,RETURNING_TO_START,load_zone_22,dump_zone_22,0.00025,0.00067
1049.0,2026-07-02T15:22:27.508,1,602.5,-83.388,22.744,-0.5,0.0,GOING_TO_ENDPOINT,dump_zone_3,load_zone_26,0.00025,0.00067
1049.0,2026-07-02T15:22:27.508,2,598.888,-101.254,8.951,0.7282,1000.0,RETURNING_TO_START,load_zone_26,dump_zone_3,0.000295,0.000791
1049.0,2026-07-02T15:22:27.508,3,-100.737,451.736,0.0,-0.5,1000.0,RETURNING_TO_START,load_zone_22,dump_zone_22,0.00025,0.00067
1050.0,2026-07-02T15:22:31.244,1,602.5,-89.435,20.944,-0.5,0.0,GOING_TO_ENDPOINT,dump_zone_3,load_zone_26,0.00025,0.00067
1050.0,2026-07-02T15:22:31.244,2,597.636,-98.931,9.673,-0.1051,1000.0,RETURNING_TO_START,load_zone_26,dump_zone_3,0.000255,0.000683
1050.0,2026-07-02T15:22:31.244,3,-100.737,451.736,0.0,-0.5,1000.0,RETURNING_TO_START,load_zone_22,dump_zone_22,0.00025,0.00067
1051.0,2026-07-02T15:22:34.450,1,602.5,-94.982,19.144,-0.5,0.0,GOING_TO_ENDPOINT,dump_zone_3,load_zone_26,0.00025,0.00067
1051.0,2026-07-02T15:22:34.450,2,597.447,-96.336,9.344,0.2282,1000.0,RETURNING_TO_START,load_zone_26,dump_zone_3,0.000271,0.000726
1051.0,2026-07-02T15:22:34.450,3,-100.737,451.736,0.0,-0.5,1000.0,RETURNING_TO_START,load_zone_22,dump_zone_22,0.00025,0.00067
1052.0,2026-07-02T15:22:38.311,1,603.031,-99.942,17.444,-0.4167,0.0,GOING_TO_ENDPOINT,dump_zone_3,load_zone_26,0.00025,0.00067
1052.0,2026-07-02T15:22:38.311,2,597.438,-93.411,11.985,1.0,1000.0,RETURNING_TO_START,load_zone_26,dump_zone_3,0.000327,0.000876
1052.0,2026-07-02T15:22:38.311,3,-100.737,451.736,0.0,-0.5,1000.0,RETURNING_TO_START,load_zone_22,dump_zone_22,0.00025,0.00067
1053.0,2026-07-02T15:22:42.044,1,606.968,-101.933,16.769,0.25,0.0,GOING_TO_ENDPOINT,dump_zone_3,load_zone_26,0.000274,0.000734
1053.0,2026-07-02T15:22:42.044,2,597.465,-89.54,15.585,1.0,1000.0,RETURNING_TO_START,load_zone_26,dump_zone_3,0.00035,0.000938
1053.0,2026-07-02T15:22:42.044,3,-100.737,451.736,0.0,-0.5,1000.0,RETURNING_TO_START,load_zone_22,dump_zone_22,0.00025,0.00067
1054.0,2026-07-02T15:22:47.350,1,611.253,-99.479,19.469,1.0,0.0,GOING_TO_ENDPOINT,dump_zone_3,load_zone_26,0.000325,0.000871
1054.0,2026-07-02T15:22:47.350,2,597.495,-84.669,19.185,1.0,1000.0,RETURNING_TO_START,load_zone_26,dump_zone_3,0.000374,0.001002
1054.0,2026-07-02T15:22:47.350,3,-100.737,451.736,0.0,-0.5,1000.0,RETURNING_TO_START,load_zone_22,dump_zone_22,0.00025,0.00067
1055.0,2026-07-02T15:22:53.220,1,616.692,-97.554,21.935,0.2474,0.0,GOING_TO_ENDPOINT,dump_zone_3,load_zone_26,0.000281,0.000753
1055.0,2026-07-02T15:22:53.220,2,597.5,-78.847,22.085,0.4167,1000.0,RETURNING_TO_START,load_zone_26,dump_zone_3,0.000323,0.000866
1055.0,2026-07-02T15:22:53.220,3,-100.737,451.736,0.0,-0.5,1000.0,RETURNING_TO_START,load_zone_22,dump_zone_22,0.00025,0.00067
1056.0,2026-07-02T15:22:58.862,1,622.711,-97.458,21.029,-0.5,0.0,GOING_TO_ENDPOINT,dump_zone_3,load_zone_26,0.00025,0.00067
1056.0,2026-07-02T15:22:58.862,2,597.5,-72.547,22.935,0.0833,1000.0,RETURNING_TO_START,load_zone_26,dump_zone_3,0.000285,0.000764
1056.0,2026-07-02T15:22:58.862,3,-100.737,451.736,0.0,-0.5,1000.0,RETURNING_TO_START,load_zone_22,dump_zone_22,0.00025,0.00067
1057.0,2026-07-02T15:23:02.645,1,628.281,-97.498,19.229,-0.5,0.0,GOING_TO_ENDPOINT,dump_zone_3,load_zone_26,0.00025,0.00067
1057.0,2026-07-02T15:23:02.645,2,597.5,-66.269,22.203,-0.1858,1000.0,RETURNING_TO_START,load_zone_26,dump_zone_3,0.000251,0.000673
1057.0,2026-07-02T15:23:02.645,3,-100.737,451.736,0.0,-0.5,1000.0,RETURNING_TO_START,load_zone_22,dump_zone_22,0.00025,0.00067
1058.0,2026-07-02T15:23:07.702,1,633.352,-97.502,17.429,-0.5,0.0,GOING_TO_ENDPOINT,dump_zone_3,load_zone_26,0.00025,0.00067
1058.0,2026-07-02T15:23:07.702,2,597.5,-60.117,22.514,0.3578,1000.0,RETURNING_TO_START,load_zone_26,dump_zone_3,0.000317,0.00085
1058.0,2026-07-02T15:23:07.702,3,-100.737,451.736,0.0,-0.5,1000.0,RETURNING_TO_START,load_zone_22,dump_zone_22,0.00025,0.00067
1059.0,2026-07-02T15:23:13.341,1,637.923,-97.5,15.629,-0.5,0.0,GOING_TO_ENDPOINT,dump_zone_3,load_zone_26,0.00025,0.00067
1059.0,2026-07-02T15:23:13.341,2,597.5,-53.639,23.975,0.3486,1000.0,RETURNING_TO_START,load_zone_26,dump_zone_3,0.00032,0.000858
1059.0,2026-07-02T15:23:13.341,3,-100.737,451.736,0.0,-0.5,1000.0,RETURNING_TO_START,load_zone_22,dump_zone_22,0.00025,0.00067
1060.0,2026-07-02T15:23:18.465,1,641.993,-97.5,13.829,-0.5,0.0,GOING_TO_ENDPOINT,dump_zone_3,load_zone_26,0.00025,0.00067
1060.0,2026-07-02T15:23:18.465,2,597.5,-46.984,23.542,-0.4598,1000.0,RETURNING_TO_START,load_zone_26,dump_zone_3,0.00025,0.00067
1060.0,2026-07-02T15:23:18.465,3,-100.737,451.736,0.0,-0.5,1000.0,RETURNING_TO_START,load_zone_22,dump_zone_22,0.00025,0.00067
1061.0,2026-07-02T15:23:22.666,1,645.564,-97.5,12.029,-0.5,0.0,GOING_TO_ENDPOINT,dump_zone_3,load_zone_26,0.00025,0.00067
1061.0,2026-07-02T15:23:22.666,2,597.5,-40.706,21.838,-0.5,1000.0,RETURNING_TO_START,load_zone_26,dump_zone_3,0.00025,0.00067
1061.0,2026-07-02T15:23:22.666,3,-100.737,451.736,0.0,-0.5,1000.0,RETURNING_TO_START,load_zone_22,dump_zone_22,0.00025,0.00067
1062.0,2026-07-02T15:23:28.291,1,648.633,-97.564,10.229,-0.5,0.0,GOING_TO_ENDPOINT,dump_zone_3,load_zone_26,0.00025,0.00067
1062.0,2026-07-02T15:23:28.291,2,597.5,-34.746,21.688,0.4167,1000.0,RETURNING_TO_START,load_zone_26,dump_zone_3,0.000322,0.000863
1062.0,2026-07-02T15:23:28.291,3,-100.737,451.736,0.0,-0.5,1000.0,RETURNING_TO_START,load_zone_22,dump_zone_22,0.00025,0.00067
1063.0,2026-07-02T15:23:34.071,1,651.167,-98.277,9.254,-0.25,0.0,GOING_TO_ENDPOINT,dump_zone_3,load_zone_26,0.00025,0.00067
1063.0,2026-07-02T15:23:34.071,2,597.5,-28.382,23.738,0.25,1000.0,RETURNING_TO_START,load_zone_26,dump_zone_3,0.000307,0.000823
1063.0,2026-07-02T15:23:34.071,3,-100.737,451.736,0.0,-0.5,1000.0,RETURNING_TO_START,load_zone_22,dump_zone_22,0.00025,0.00067
1064.0,2026-07-02T15:23:39.554,1,653.121,-99.606,8.229,0.0833,0.0,GOING_TO_ENDPOINT,dump_zone_3,load_zone_26,0.000257,0.000689
1064.0,2026-07-02T15:23:39.554,2,597.5,-21.702,24.08,-0.1009,1000.0,RETURNING_TO_START,load_zone_26,dump_zone_3,0.000262,0.000702
1064.0,2026-07-02T15:23:39.554,3,-100.737,451.736,0.0,-0.5,1000.0,RETURNING_TO_START,load_zone_22,dump_zone_22,0.00025,0.00067
1065.0,2026-07-02T15:23:43.436,1,654.987,-101.331,10.454,1.0,0.0,GOING_TO_ENDPOINT,dump_zone_3,load_zone_26,0.00029,0.000777
1065.0,2026-07-02T15:23:43.436,2,597.5,-15.137,23.008,-0.5,1000.0,RETURNING_TO_START,load_zone_26,dump_zone_3,0.00025,0.00067
1065.0,2026-07-02T15:23:43.436,3,-100.737,451.736,0.0,-0.5,1000.0,RETURNING_TO_START,load_zone_22,dump_zone_22,0.00025,0.00067
1066.0,2026-07-02T15:23:48.375,1,657.43,-103.76,14.054,1.0,0.0,GOING_TO_ENDPOINT,dump_zone_3,load_zone_26,0.000304,0.000815
1066.0,2026-07-02T15:23:48.375,2,597.5,-8.873,22.5,0.0385,1000.0,RETURNING_TO_START,load_zone_26,dump_zone_3,0.000278,0.000745
1066.0,2026-07-02T15:23:48.375,3,-100.737,451.736,0.0,-0.5,1000.0,RETURNING_TO_START,load_zone_22,dump_zone_22,0.00025,0.00067
1067.0,2026-07-02T15:23:52.216,1,660.531,-106.946,17.654,1.0,0.0,GOING_TO_ENDPOINT,dump_zone_3,load_zone_26,0.000318,0.000852
1067.0,2026-07-02T15:23:52.216,2,597.5,-2.486,23.683,0.5342,1000.0,RETURNING_TO_START,load_zone_26,dump_zone_3,0.000343,0.000919
1067.0,2026-07-02T15:23:52.216,3,-100.737,451.736,0.0,-0.5,1000.0,RETURNING_TO_START,load_zone_22,dump_zone_22,0.00025,0.00067
1068.0,2026-07-02T15:23:56.669,1,664.356,-110.821,21.254,1.0,0.0,GOING_TO_ENDPOINT,dump_zone_3,load_zone_26,0.000332,0.00089
1068.0,2026-07-02T15:23:56.669,2,597.5,4.19,23.987,-0.1642,1000.0,RETURNING_TO_START,load_zone_26,dump_zone_3,0.000254,0.000681
1068.0,2026-07-02T15:23:56.669,3,-100.737,451.736,0.0,-0.5,1000.0,RETURNING_TO_START,load_zone_22,dump_zone_22,0.00025,0.00067
1069.0,2026-07-02T15:24:01.770,1,668.913,-115.38,24.854,1.0,0.0,GOING_TO_ENDPOINT,dump_zone_3,load_zone_26,0.000346,0.000927
1069.0,2026-07-02T15:24:01.770,2,597.5,10.633,22.535,-0.2771,1000.0,RETURNING_TO_START,load_zone_26,dump_zone_3,0.00025,0.00067
1069.0,2026-07-02T15:24:01.770,3,-100.737,451.736,0.0,-0.5,1000.0,RETURNING_TO_START,load_zone_22,dump_zone_22,0.00025,0.00067
1070.0,2026-07-02T15:24:06.369,1,674.145,-120.609,27.754,0.4167,0.0,GOING_TO_ENDPOINT,dump_zone_3,load_zone_26,0.000305,0.000817
1070.0,2026-07-02T15:24:06.369,2,597.5,16.898,23.069,0.5736,1000.0,RETURNING_TO_START,load_zone_26,dump_zone_3,0.000346,0.000927
1070.0,2026-07-02T15:24:06.369,3,-100.737,451.736,0.0,-0.5,1000.0,RETURNING_TO_START,load_zone_22,dump_zone_22,0.00025,0.00067
1071.0,2026-07-02T15:24:08.940,1,679.607,-126.072,27.329,-0.5,0.0,GOING_TO_ENDPOINT,dump_zone_3,load_zone_26,0.00025,0.00067
1071.0,2026-07-02T15:24:08.940,2,597.5,23.497,23.784,-0.2597,1000.0,RETURNING_TO_START,load_zone_26,dump_zone_3,0.00025,0.00067
1071.0,2026-07-02T15:24:08.940,3,-100.737,451.736,0.0,-0.5,1000.0,RETURNING_TO_START,load_zone_22,dump_zone_22,0.00025,0.00067
1072.0,2026-07-02T15:24:13.383,1,684.784,-131.248,25.529,-0.5,0.0,GOING_TO_ENDPOINT,dump_zone_3,load_zone_26,0.00025,0.00067
1072.0,2026-07-02T15:24:13.383,2,597.5,29.898,22.674,-0.0043,1000.0,RETURNING_TO_START,load_zone_26,dump_zone_3,0.000273,0.000732
1072.0,2026-07-02T15:24:13.383,3,-100.737,451.736,0.0,-0.5,1000.0,RETURNING_TO_START,load_zone_22,dump_zone_22,0.00025,0.00067
1073.0,2026-07-02T15:24:16.986,1,689.606,-136.071,23.729,-0.5,0.0,GOING_TO_ENDPOINT,dump_zone_3,load_zone_26,0.00025,0.00067
1073.0,2026-07-02T15:24:16.986,2,597.5,36.23,22.937,-0.0004,1000.0,RETURNING_TO_START,load_zone_26,dump_zone_3,0.000274,0.000734
1073.0,2026-07-02T15:24:16.986,3,-100.737,451.736,0.0,-0.5,1000.0,RETURNING_TO_START,load_zone_22,dump_zone_22,0.00025,0.00067
1074.0,2026-07-02T15:24:20.886,1,694.076,-140.54,21.929,-0.5,0.0,GOING_TO_ENDPOINT,dump_zone_3,load_zone_26,0.00025,0.00067
1074.0,2026-07-02T15:24:20.886,2,597.5,42.681,23.535,-0.0004,1000.0,RETURNING_TO_START,load_zone_26,dump_zone_3,0.000275,0.000737
1074.0,2026-07-02T15:24:20.886,3,-100.737,451.736,0.0,-0.5,1000.0,RETURNING_TO_START,load_zone_22,dump_zone_22,0.00025,0.00067
1075.0,2026-07-02T15:24:25.486,1,698.192,-144.656,20.129,-0.5,0.0,GOING_TO_ENDPOINT,dump_zone_3,load_zone_26,0.00025,0.00067
1075.0,2026-07-02T15:24:25.486,2,597.5,49.157,22.915,-0.1733,1000.0,RETURNING_TO_START,load_zone_26,dump_zone_3,0.000253,0.000678
1075.0,2026-07-02T15:24:25.486,3,-100.737,451.736,0.0,-0.5,1000.0,RETURNING_TO_START,load_zone_22,dump_zone_22,0.00025,0.00067
1076.0,2026-07-02T15:24:30.536,1,701.732,-148.611,18.329,-0.5,0.0,GOING_TO_ENDPOINT,dump_zone_3,load_zone_26,0.00025,0.00067
1076.0,2026-07-02T15:24:30.536,2,597.5,55.627,23.941,0.3267,1000.0,RETURNING_TO_START,load_zone_26,dump_zone_3,0.000317,0.00085
1076.0,2026-07-02T15:24:30.536,3,-100.737,451.736,0.0,-0.5,1000.0,RETURNING_TO_START,load_zone_22,dump_zone_22,0.00025,0.00067
1077.0,2026-07-02T15:24:35.819,1,703.169,-153.058,16.679,-0.25,0.0,GOING_TO_ENDPOINT,dump_zone_3,load_zone_26,0.00025,0.00067
1077.0,2026-07-02T15:24:35.819,2,597.5,62.306,23.863,-0.1713,1000.0,RETURNING_TO_START,load_zone_26,dump_zone_3,0.000253,0.000678
1077.0,2026-07-02T15:24:35.819,3,-100.737,451.736,0.0,-0.5,1000.0,RETURNING_TO_START,load_zone_22,dump_zone_22,0.00025,0.00067
1078.0,2026-07-02T15:24:41.160,1,702.627,-157.723,17.479,0.4167,0.0,GOING_TO_ENDPOINT,dump_zone_3,load_zone_26,0.000285,0.000764
1078.0,2026-07-02T15:24:41.160,2,597.5,68.741,22.62,-0.1984,1000.0,RETURNING_TO_START,load_zone_26,dump_zone_3,0.00025,0.00067
1078.0,2026-07-02T15:24:41.160,3,-100.737,451.736,0.0,-0.5,1000.0,RETURNING_TO_START,load_zone_22,dump_zone_22,0.00025,0.00067
1079.0,2026-07-02T15:24:45.352,1,702.497,-162.922,19.729,0.4073,0.0,GOING_TO_ENDPOINT,dump_zone_3,load_zone_26,0.000288,0.000772
1079.0,2026-07-02T15:24:45.352,2,597.5,75.033,22.976,0.441,1000.0,RETURNING_TO_START,load_zone_26,dump_zone_3,0.000329,0.000882
1079.0,2026-07-02T15:24:45.352,3,-100.737,451.736,0.0,-0.5,1000.0,RETURNING_TO_START,load_zone_22,dump_zone_22,0.00025,0.00067
1080.0,2026-07-02T15:24:49.552,1,702.497,-168.413,19.276,-0.5,0.0,GOING_TO_ENDPOINT,dump_zone_3,load_zone_26,0.00025,0.00067
1080.0,2026-07-02T15:24:49.552,2,597.5,81.699,24.682,0.2638,1000.0,RETURNING_TO_START,load_zone_26,dump_zone_3,0.000311,0.000833
1080.0,2026-07-02T15:24:49.552,3,-100.737,451.736,0.0,-0.5,1000.0,RETURNING_TO_START,load_zone_22,dump_zone_22,0.00025,0.00067
1081.0,2026-07-02T15:24:53.431,1,702.5,-173.496,17.476,-0.5,0.0,GOING_TO_ENDPOINT,dump_zone_3,load_zone_26,0.00025,0.00067
1081.0,2026-07-02T15:24:53.431,2,597.5,88.493,23.845,-0.4167,1000.0,RETURNING_TO_START,load_zone_26,dump_zone_3,0.00025,0.00067
1081.0,2026-07-02T15:24:53.431,3,-100.737,451.736,0.0,-0.5,1000.0,RETURNING_TO_START,load_zone_22,dump_zone_22,0.00025,0.00067
1082.0,2026-07-02T15:24:56.814,1,702.5,-178.08,15.676,-0.5,0.0,GOING_TO_ENDPOINT,dump_zone_3,load_zone_26,0.00025,0.00067
1082.0,2026-07-02T15:24:56.814,2,597.5,95.073,23.848,0.0265,1000.0,RETURNING_TO_START,load_zone_26,dump_zone_3,0.000279,0.000748
1082.0,2026-07-02T15:24:56.814,3,-100.737,451.736,0.0,-0.5,1000.0,RETURNING_TO_START,load_zone_22,dump_zone_22,0.00025,0.00067
1083.0,2026-07-02T15:25:02.808,1,702.5,-182.164,13.876,-0.5,0.0,GOING_TO_ENDPOINT,dump_zone_3,load_zone_26,0.00025,0.00067
1083.0,2026-07-02T15:25:02.808,2,597.5,101.56,22.767,-0.25,1000.0,RETURNING_TO_START,load_zone_26,dump_zone_3,0.00025,0.00067
1083.0,2026-07-02T15:25:02.808,3,-100.737,451.736,0.0,-0.5,1000.0,RETURNING_TO_START,load_zone_22,dump_zone_22,0.00025,0.00067
1084.0,2026-07-02T15:25:07.081,1,702.5,-185.747,12.076,-0.5,0.0,GOING_TO_ENDPOINT,dump_zone_3,load_zone_26,0.00025,0.00067
1084.0,2026-07-02T15:25:07.081,2,597.5,107.837,22.517,0.0833,1000.0,RETURNING_TO_START,load_zone_26,dump_zone_3,0.000284,0.000761
1084.0,2026-07-02T15:25:07.081,3,-100.737,451.736,0.0,-0.5,1000.0,RETURNING_TO_START,load_zone_22,dump_zone_22,0.00025,0.00067
1085.0,2026-07-02T15:25:12.911,1,702.5,-188.831,10.276,-0.5,0.0,GOING_TO_ENDPOINT,dump_zone_3,load_zone_26,0.00025,0.00067
1085.0,2026-07-02T15:25:12.911,2,597.5,114.279,23.817,0.25,1000.0,RETURNING_TO_START,load_zone_26,dump_zone_3,0.000307,0.000823
1085.0,2026-07-02T15:25:12.911,3,-100.737,451.736,0.0,-0.5,1000.0,RETURNING_TO_START,load_zone_22,dump_zone_22,0.00025,0.00067
1086.0,2026-07-02T15:25:18.313,1,702.058,-191.345,8.476,-0.5,0.0,GOING_TO_ENDPOINT,dump_zone_3,load_zone_26,0.00025,0.00067
1086.0,2026-07-02T15:25:18.313,2,597.5,121.017,24.33,-0.2175,1000.0,RETURNING_TO_START,load_zone_26,dump_zone_3,0.00025,0.00067
1086.0,2026-07-02T15:25:18.313,3,-100.737,451.736,0.0,-0.5,1000.0,RETURNING_TO_START,load_zone_22,dump_zone_22,0.00025,0.00067
1087.0,2026-07-02T15:25:22.443,1,701.47,-193.323,6.676,-0.5,0.0,GOING_TO_ENDPOINT,dump_zone_3,load_zone_26,0.00025,0.00067
1087.0,2026-07-02T15:25:22.443,2,597.5,127.637,23.797,0.1158,1000.0,RETURNING_TO_START,load_zone_26,dump_zone_3,0.00029,0.000777
1087.0,2026-07-02T15:25:22.443,3,-100.737,451.736,0.0,-0.5,1000.0,RETURNING_TO_START,load_zone_22,dump_zone_22,0.00025,0.00067
1088.0,2026-07-02T15:25:27.305,1,701.715,-194.878,4.876,-0.5,0.0,GOING_TO_ENDPOINT,dump_zone_3,load_zone_26,0.00025,0.00067
1088.0,2026-07-02T15:25:27.305,2,597.5,134.317,24.284,0.0127,1000.0,RETURNING_TO_START,load_zone_26,dump_zone_3,0.000277,0.000742
1088.0,2026-07-02T15:25:27.305,3,-100.737,451.736,0.0,-0.5,1000.0,RETURNING_TO_START,load_zone_22,dump_zone_22,0.00025,0.00067
1089.0,2026-07-02T15:25:30.804,1,702.218,-195.834,3.076,-0.5,0.0,LOADING,dump_zone_3,load_zone_26,0.00025,0.00067
1089.0,2026-07-02T15:25:30.804,2,597.5,140.917,23.097,-0.5,1000.0,RETURNING_TO_START,load_zone_26,dump_zone_3,0.00025,0.00067
1089.0,2026-07-02T15:25:30.804,3,-100.737,451.736,0.0,-0.5,1000.0,RETURNING_TO_START,load_zone_22,dump_zone_22,0.00025,0.00067
1090.0,2026-07-02T15:25:35.630,1,702.585,-196.287,1.276,-0.5,0.0,LOADING,dump_zone_3,load_zone_26,0.00025,0.00067
1090.0,2026-07-02T15:25:35.630,2,597.5,147.217,22.697,0.0833,1000.0,RETURNING_TO_START,load_zone_26,dump_zone_3,0.000284,0.000761
1090.0,2026-07-02T15:25:35.630,3,-100.737,451.736,0.0,-0.5,1000.0,RETURNING_TO_START,load_zone_22,dump_zone_22,0.00025,0.00067
1091.0,2026-07-02T15:25:40.310,1,702.659,-196.37,0.0,-0.5,0.0,LOADING,dump_zone_3,load_zone_26,0.00025,0.00067
1091.0,2026-07-02T15:25:40.310,2,597.5,153.644,23.347,-0.0833,1000.0,RETURNING_TO_START,load_zone_26,dump_zone_3,0.000264,0.000708
1091.0,2026-07-02T15:25:40.310,3,-100.737,451.736,0.0,-0.5,1000.0,RETURNING_TO_START,load_zone_22,dump_zone_22,0.00025,0.00067
1092.0,2026-07-02T15:25:44.954,1,702.896,-196.605,7.2,0.0,1000.0,TURNING_AROUND,load_zone_26,dump_zone_3,0.000258,0.000691
1092.0,2026-07-02T15:25:44.954,2,597.5,159.922,21.797,-0.5,1000.0,RETURNING_TO_START,load_zone_26,dump_zone_3,0.00025,0.00067
1092.0,2026-07-02T15:25:44.954,3,-100.737,451.736,0.0,-0.5,1000.0,RETURNING_TO_START,load_zone_22,dump_zone_22,0.00025,0.00067
1093.0,2026-07-02T15:25:47.197,1,704.642,-197.538,7.2,0.0,1000.0,TURNING_AROUND,load_zone_26,dump_zone_3,0.000258,0.000691
1093.0,2026-07-02T15:25:47.197,2,597.5,165.706,19.997,-0.5,1000.0,RETURNING_TO_START,load_zone_26,dump_zone_3,0.00025,0.00067
1093.0,2026-07-02T15:25:47.197,3,-100.737,451.736,0.0,-0.5,1000.0,RETURNING_TO_START,load_zone_22,dump_zone_22,0.00025,0.00067
1094.0,2026-07-02T15:25:49.688,1,704.595,-197.713,5.4,0.0,1000.0,TURNING_AROUND,load_zone_26,dump_zone_3,0.000256,0.000686
1094.0,2026-07-02T15:25:49.688,2,597.5,170.989,18.197,-0.5,1000.0,RETURNING_TO_START,load_zone_26,dump_zone_3,0.00025,0.00067
1094.0,2026-07-02T15:25:49.688,3,-100.737,451.736,0.0,-0.5,1000.0,RETURNING_TO_START,load_zone_22,dump_zone_22,0.00025,0.00067
1095.0,2026-07-02T15:25:51.705,1,705.018,-197.328,7.2,0.0,1000.0,TURNING_AROUND,load_zone_26,dump_zone_3,0.000258,0.000691
1095.0,2026-07-02T15:25:51.705,2,597.5,175.773,16.397,-0.5,1000.0,RETURNING_TO_START,load_zone_26,dump_zone_3,0.00025,0.00067
1095.0,2026-07-02T15:25:51.705,3,-100.737,451.736,0.0,-0.5,1000.0,RETURNING_TO_START,load_zone_22,dump_zone_22,0.00025,0.00067
1096.0,2026-07-02T15:25:53.801,1,706.271,-195.796,7.2,0.0,1000.0,TURNING_AROUND,load_zone_26,dump_zone_3,0.000258,0.000691
1096.0,2026-07-02T15:25:53.801,2,597.5,180.057,14.597,-0.5,1000.0,RETURNING_TO_START,load_zone_26,dump_zone_3,0.00025,0.00067
1096.0,2026-07-02T15:25:53.801,3,-100.737,451.736,0.0,-0.5,1000.0,RETURNING_TO_START,load_zone_22,dump_zone_22,0.00025,0.00067
1097.0,2026-07-02T15:25:56.833,1,705.987,-196.621,0.032,0.0951,1000.0,RETURNING_TO_START,load_zone_26,dump_zone_3,0.00025,0.00067
1097.0,2026-07-02T15:25:56.833,2,597.5,183.841,12.797,-0.5,1000.0,RETURNING_TO_START,load_zone_26,dump_zone_3,0.00025,0.00067
1097.0,2026-07-02T15:25:56.833,3,-100.737,451.736,0.0,-0.5,1000.0,RETURNING_TO_START,load_zone_22,dump_zone_22,0.00025,0.00067
1098.0,2026-07-02T15:25:59.888,1,705.98,-196.351,2.292,1.0,1000.0,RETURNING_TO_START,load_zone_26,dump_zone_3,0.000265,0.00071
1098.0,2026-07-02T15:25:59.888,2,597.335,187.117,10.997,-0.5,1000.0,RETURNING_TO_START,load_zone_26,dump_zone_3,0.00025,0.00067
1098.0,2026-07-02T15:25:59.888,3,-100.737,451.736,0.0,-0.5,1000.0,RETURNING_TO_START,load_zone_22,dump_zone_22,0.00025,0.00067
1099.0,2026-07-02T15:26:04.432,1,705.74,-195.201,5.892,1.0,1000.0,RETURNING_TO_START,load_zone_26,dump_zone_3,0.000288,0.000772
1099.0,2026-07-02T15:26:04.432,2,596.478,189.751,9.197,-0.5,1000.0,RETURNING_TO_START,load_zone_26,dump_zone_3,0.00025,0.00067
1099.0,2026-07-02T15:26:04.432,3,-100.737,451.736,0.0,-0.5,1000.0,RETURNING_TO_START,load_zone_22,dump_zone_22,0.00025,0.00067
1100.0,2026-07-02T15:26:08.311,1,704.632,-193.333,9.492,1.0,1000.0,RETURNING_TO_START,load_zone_26,dump_zone_3,0.000311,0.000833
1100.0,2026-07-02T15:26:08.311,2,595.778,191.919,7.397,-0.5,1000.0,RETURNING_TO_START,load_zone_26,dump_zone_3,0.00025,0.00067
1100.0,2026-07-02T15:26:08.311,3,-100.737,451.736,0.0,-0.5,1000.0,RETURNING_TO_START,load_zone_22,dump_zone_22,0.00025,0.00067
1101.0,2026-07-02T15:26:12.828,1,702.648,-190.852,13.092,1.0,1000.0,RETURNING_TO_START,load_zone_26,dump_zone_3,0.000334,0.000895
1101.0,2026-07-02T15:26:12.828,2,595.559,193.688,5.597,-0.5,1000.0,RETURNING_TO_START,load_zone_26,dump_zone_3,0.00025,0.00067
1101.0,2026-07-02T15:26:12.828,3,-100.737,451.736,0.0,-0.5,1000.0,RETURNING_TO_START,load_zone_22,dump_zone_22,0.00025,0.00067
1102.0,2026-07-02T15:26:17.520,1,699.832,-187.769,16.692,1.0,1000.0,RETURNING_TO_START,load_zone_26,dump_zone_3,0.000358,0.000959
1102.0,2026-07-02T15:26:17.520,2,595.552,195.018,4.447,-0.0833,1000.0,RETURNING_TO_START,load_zone_26,dump_zone_3,0.000253,0.000678
1102.0,2026-07-02T15:26:17.520,3,-100.737,451.736,0.0,-0.5,1000.0,RETURNING_TO_START,load_zone_22,dump_zone_22,0.00025,0.00067
1103.0,2026-07-02T15:26:23.002,1,697.809,-183.06,20.136,0.864,1000.0,RETURNING_TO_START,load_zone_26,dump_zone_3,0.000365,0.000978
1103.0,2026-07-02T15:26:23.002,2,595.841,196.293,5.497,0.75,1000.0,RETURNING_TO_START,load_zone_26,dump_zone_3,0.000278,0.000745
1103.0,2026-07-02T15:26:23.002,3,-100.737,451.736,0.0,-0.5,1000.0,RETURNING_TO_START,load_zone_22,dump_zone_22,0.00025,0.00067
1104.0,2026-07-02T15:26:28.450,1,697.454,-177.23,21.296,-0.136,1000.0,RETURNING_TO_START,load_zone_26,dump_zone_3,0.000257,0.000689
1104.0,2026-07-02T15:26:28.450,2,596.647,198.071,7.897,0.25,1000.0,RETURNING_TO_START,load_zone_26,dump_zone_3,0.000269,0.000721
1104.0,2026-07-02T15:26:28.450,3,-100.737,451.736,0.0,-0.5,1000.0,RETURNING_TO_START,load_zone_22,dump_zone_22,0.00025,0.00067
1105.0,2026-07-02T15:26:32.357,1,697.492,-171.537,19.683,-0.5,1000.0,RETURNING_TO_START,load_zone_26,dump_zone_3,0.00025,0.00067
1105.0,2026-07-02T15:26:32.357,2,597.674,199.998,7.797,0.0833,1000.0,RETURNING_TO_START,load_zone_26,dump_zone_3,0.000262,0.000702
1105.0,2026-07-02T15:26:32.357,3,-100.737,451.736,0.0,-0.5,1000.0,RETURNING_TO_START,load_zone_22,dump_zone_22,0.00025,0.00067
1106.0,2026-07-02T15:26:36.372,1,697.501,-166.34,17.883,-0.5,1000.0,RETURNING_TO_START,load_zone_26,dump_zone_3,0.00025,0.00067
1106.0,2026-07-02T15:26:36.372,2,599.606,201.383,9.86,0.7371,1000.0,RETURNING_TO_START,load_zone_26,dump_zone_3,0.0003,0.000804
1106.0,2026-07-02T15:26:36.372,3,-100.737,451.736,0.0,-0.5,1000.0,RETURNING_TO_START,load_zone_22,dump_zone_22,0.00025,0.00067
1107.0,2026-07-02T15:26:40.541,1,697.5,-161.644,16.083,-0.5,1000.0,RETURNING_TO_START,load_zone_26,dump_zone_3,0.00025,0.00067
1107.0,2026-07-02T15:26:40.541,2,602.465,201.238,10.564,-0.2629,1000.0,RETURNING_TO_START,load_zone_26,dump_zone_3,0.00025,0.00067
1107.0,2026-07-02T15:26:40.541,3,-100.737,451.736,0.0,-0.5,1000.0,RETURNING_TO_START,load_zone_22,dump_zone_22,0.00025,0.00067
1108.0,2026-07-02T15:26:44.929,1,697.5,-157.447,14.283,-0.5,1000.0,RETURNING_TO_START,load_zone_26,dump_zone_3,0.00025,0.00067
1108.0,2026-07-02T15:26:44.929,2,604.863,200.03,8.931,-0.4167,1000.0,RETURNING_TO_START,load_zone_26,dump_zone_3,0.00025,0.00067
1108.0,2026-07-02T15:26:44.929,3,-100.737,451.736,0.0,-0.5,1000.0,RETURNING_TO_START,load_zone_22,dump_zone_22,0.00025,0.00067
1109.0,2026-07-02T15:26:49.253,1,697.5,-153.751,12.483,-0.5,1000.0,RETURNING_TO_START,load_zone_26,dump_zone_3,0.00025,0.00067
1109.0,2026-07-02T15:26:49.253,2,607.077,199.32,8.191,0.0999,1000.0,RETURNING_TO_START,load_zone_26,dump_zone_3,0.000263,0.000705
1109.0,2026-07-02T15:26:49.253,3,-100.737,451.736,0.0,-0.5,1000.0,RETURNING_TO_START,load_zone_22,dump_zone_22,0.00025,0.00067
1110.0,2026-07-02T15:26:53.259,1,697.351,-150.565,10.708,-0.4167,1000.0,RETURNING_TO_START,load_zone_26,dump_zone_3,0.00025,0.00067
1110.0,2026-07-02T15:26:53.259,2,609.583,198.927,10.466,1.0,1000.0,RETURNING_TO_START,load_zone_26,dump_zone_3,0.000317,0.00085
1110.0,2026-07-02T15:26:53.259,3,-100.737,451.736,0.0,-0.5,1000.0,RETURNING_TO_START,load_zone_22,dump_zone_22,0.00025,0.00067
1111.0,2026-07-02T15:26:57.278,1,695.733,-148.136,11.158,0.5833,1000.0,RETURNING_TO_START,load_zone_26,dump_zone_3,0.000297,0.000796
1111.0,2026-07-02T15:26:57.278,2,613.0,198.793,13.866,0.9167,1000.0,RETURNING_TO_START,load_zone_26,dump_zone_3,0.000333,0.000892
1111.0,2026-07-02T15:26:57.278,3,-100.737,451.736,0.0,-0.5,1000.0,RETURNING_TO_START,load_zone_22,dump_zone_22,0.00025,0.00067
1112.0,2026-07-02T15:27:00.921,1,692.99,-145.841,14.508,1.0,1000.0,RETURNING_TO_START,load_zone_26,dump_zone_3,0.000344,0.000922
1112.0,2026-07-02T15:27:00.921,2,617.258,198.966,16.401,0.5944,1000.0,RETURNING_TO_START,load_zone_26,dump_zone_3,0.00032,0.000858
1112.0,2026-07-02T15:27:00.921,3,-100.737,451.736,0.0,-0.5,1000.0,RETURNING_TO_START,load_zone_22,dump_zone_22,0.00025,0.00067
1113.0,2026-07-02T15:27:05.501,1,689.496,-142.894,18.108,1.0,1000.0,RETURNING_TO_START,load_zone_26,dump_zone_3,0.000367,0.000984
1113.0,2026-07-02T15:27:05.501,2,622.044,199.414,17.641,-0.0723,1000.0,RETURNING_TO_START,load_zone_26,dump_zone_3,0.000262,0.000702
1113.0,2026-07-02T15:27:05.501,3,-100.737,451.736,0.0,-0.5,1000.0,RETURNING_TO_START,load_zone_22,dump_zone_22,0.00025,0.00067
1114.0,2026-07-02T15:27:09.581,1,685.485,-139.028,21.708,1.0,1000.0,RETURNING_TO_START,load_zone_26,dump_zone_3,0.00039,0.001045
1114.0,2026-07-02T15:27:09.581,2,626.744,200.008,16.58,-0.2389,1000.0,RETURNING_TO_START,load_zone_26,dump_zone_3,0.00025,0.00067
1114.0,2026-07-02T15:27:09.581,3,-100.737,451.736,0.0,-0.5,1000.0,RETURNING_TO_START,load_zone_22,dump_zone_22,0.00025,0.00067
1115.0,2026-07-02T15:27:13.655,1,680.958,-134.495,23.658,0.0833,1000.0,RETURNING_TO_START,load_zone_26,dump_zone_3,0.000286,0.000766
1115.0,2026-07-02T15:27:13.655,2,631.104,200.617,15.047,-0.5,1000.0,RETURNING_TO_START,load_zone_26,dump_zone_3,0.00025,0.00067
1115.0,2026-07-02T15:27:13.655,3,-100.737,451.736,0.0,-0.5,1000.0,RETURNING_TO_START,load_zone_22,dump_zone_22,0.00025,0.00067
1116.0,2026-07-02T15:27:19.526,1,676.406,-129.941,22.573,-0.3165,1000.0,RETURNING_TO_START,load_zone_26,dump_zone_3,0.00025,0.00067
1116.0,2026-07-02T15:27:19.526,2,634.995,201.163,13.622,-0.0833,1000.0,RETURNING_TO_START,load_zone_26,dump_zone_3,0.000258,0.000691
1116.0,2026-07-02T15:27:19.526,3,-100.737,451.736,0.0,-0.5,1000.0,RETURNING_TO_START,load_zone_22,dump_zone_22,0.00025,0.00067
1117.0,2026-07-02T15:27:23.760,1,672.132,-125.668,20.943,-0.5,1000.0,RETURNING_TO_START,load_zone_26,dump_zone_3,0.00025,0.00067
1117.0,2026-07-02T15:27:23.760,2,638.603,201.636,12.372,-0.4167,1000.0,RETURNING_TO_START,load_zone_26,dump_zone_3,0.00025,0.00067
1117.0,2026-07-02T15:27:23.760,3,-100.737,451.736,0.0,-0.5,1000.0,RETURNING_TO_START,load_zone_22,dump_zone_22,0.00025,0.00067
1118.0,2026-07-02T15:27:28.208,1,668.203,-121.739,19.268,-0.4167,1000.0,RETURNING_TO_START,load_zone_26,dump_zone_3,0.00025,0.00067
1118.0,2026-07-02T15:27:28.208,2,641.819,202.0,11.009,-0.5,1000.0,RETURNING_TO_START,load_zone_26,dump_zone_3,0.00025,0.00067
1118.0,2026-07-02T15:27:28.208,3,-100.737,451.736,0.0,-0.5,1000.0,RETURNING_TO_START,load_zone_22,dump_zone_22,0.00025,0.00067
1119.0,2026-07-02T15:27:32.294,1,664.596,-118.131,17.543,-0.5,1000.0,RETURNING_TO_START,load_zone_26,dump_zone_3,0.00025,0.00067
1119.0,2026-07-02T15:27:32.294,2,644.595,202.252,9.209,-0.5,1000.0,RETURNING_TO_START,load_zone_26,dump_zone_3,0.00025,0.00067
1119.0,2026-07-02T15:27:32.294,3,-100.737,451.736,0.0,-0.5,1000.0,RETURNING_TO_START,load_zone_22,dump_zone_22,0.00025,0.00067
1120.0,2026-07-02T15:27:37.933,1,661.342,-114.877,15.743,-0.5,1000.0,RETURNING_TO_START,load_zone_26,dump_zone_3,0.00025,0.00067
1120.0,2026-07-02T15:27:37.933,2,646.892,202.398,7.493,-0.4766,1000.0,RETURNING_TO_START,load_zone_26,dump_zone_3,0.00025,0.00067
1120.0,2026-07-02T15:27:37.933,3,-100.737,451.736,0.0,-0.5,1000.0,RETURNING_TO_START,load_zone_22,dump_zone_22,0.00025,0.00067
1121.0,2026-07-02T15:27:42.781,1,658.434,-111.97,14.043,-0.5,1000.0,RETURNING_TO_START,load_zone_26,dump_zone_3,0.00025,0.00067
1121.0,2026-07-02T15:27:42.781,2,648.757,202.37,6.127,-0.2266,1000.0,RETURNING_TO_START,load_zone_26,dump_zone_3,0.00025,0.00067
1121.0,2026-07-02T15:27:42.781,3,-100.737,451.736,0.0,-0.5,1000.0,RETURNING_TO_START,load_zone_22,dump_zone_22,0.00025,0.00067
1122.0,2026-07-02T15:27:47.703,1,655.864,-109.4,12.284,-0.5,1000.0,RETURNING_TO_START,load_zone_26,dump_zone_3,0.00025,0.00067
1122.0,2026-07-02T15:27:47.703,2,650.33,201.909,6.211,0.44,1000.0,RETURNING_TO_START,load_zone_26,dump_zone_3,0.000271,0.000726
1122.0,2026-07-02T15:27:47.703,3,-100.737,451.736,0.0,-0.5,1000.0,RETURNING_TO_START,load_zone_22,dump_zone_22,0.00025,0.00067
1123.0,2026-07-02T15:27:51.812,1,653.623,-107.158,10.657,-0.5,1000.0,RETURNING_TO_START,load_zone_26,dump_zone_3,0.00025,0.00067
1123.0,2026-07-02T15:27:51.812,2,651.856,200.46,8.954,0.5833,1000.0,RETURNING_TO_START,load_zone_26,dump_zone_3,0.000288,0.000772
1123.0,2026-07-02T15:27:51.812,3,-100.737,451.736,0.0,-0.5,1000.0,RETURNING_TO_START,load_zone_22,dump_zone_22,0.00025,0.00067
1124.0,2026-07-02T15:27:56.918,1,651.705,-105.24,9.055,-0.4207,1000.0,RETURNING_TO_START,load_zone_26,dump_zone_3,0.00025,0.00067
1124.0,2026-07-02T15:27:56.918,2,652.568,197.951,9.854,0.4167,1000.0,RETURNING_TO_START,load_zone_26,dump_zone_3,0.000283,0.000758
1124.0,2026-07-02T15:27:56.918,3,-100.737,451.736,0.0,-0.5,1000.0,RETURNING_TO_START,load_zone_22,dump_zone_22,0.00025,0.00067
1125.0,2026-07-02T15:28:02.141,1,650.108,-103.636,7.355,-0.5,1000.0,RETURNING_TO_START,load_zone_26,dump_zone_3,0.00025,0.00067
1125.0,2026-07-02T15:28:02.141,2,652.603,194.806,12.779,0.75,1000.0,RETURNING_TO_START,load_zone_26,dump_zone_3,0.000315,0.000844
1125.0,2026-07-02T15:28:02.141,3,-100.737,451.736,0.0,-0.5,1000.0,RETURNING_TO_START,load_zone_22,dump_zone_22,0.00025,0.00067
1126.0,2026-07-02T15:28:07.439,1,648.727,-102.539,5.58,-0.4167,1000.0,RETURNING_TO_START,load_zone_26,dump_zone_3,0.00025,0.00067
1126.0,2026-07-02T15:28:07.439,2,652.518,191.061,13.529,-0.25,1000.0,RETURNING_TO_START,load_zone_26,dump_zone_3,0.00025,0.00067
1126.0,2026-07-02T15:28:07.439,3,-100.737,451.736,0.0,-0.5,1000.0,RETURNING_TO_START,load_zone_22,dump_zone_22,0.00025,0.00067
1127.0,2026-07-02T15:28:11.995,1,647.264,-102.105,6.03,0.5833,1000.0,RETURNING_TO_START,load_zone_26,dump_zone_3,0.000275,0.000737
1127.0,2026-07-02T15:28:11.995,2,652.498,187.554,11.804,-0.5,1000.0,RETURNING_TO_START,load_zone_26,dump_zone_3,0.00025,0.00067
1127.0,2026-07-02T15:28:11.995,3,-100.737,451.736,0.0,-0.5,1000.0,RETURNING_TO_START,load_zone_22,dump_zone_22,0.00025,0.00067
1128.0,2026-07-02T15:28:15.394,1,645.113,-102.06,9.38,1.0,1000.0,RETURNING_TO_START,load_zone_26,dump_zone_3,0.00031,0.000831
1128.0,2026-07-02T15:28:15.394,2,652.498,184.546,10.004,-0.5,1000.0,RETURNING_TO_START,load_zone_26,dump_zone_3,0.00025,0.00067
1128.0,2026-07-02T15:28:15.394,3,-100.737,451.736,0.0,-0.5,1000.0,RETURNING_TO_START,load_zone_22,dump_zone_22,0.00025,0.00067
1129.0,2026-07-02T15:28:17.985,1,641.969,-102.203,12.98,1.0,1000.0,RETURNING_TO_START,load_zone_26,dump_zone_3,0.000334,0.000895
1129.0,2026-07-02T15:28:17.985,2,652.499,182.038,8.204,-0.5,1000.0,RETURNING_TO_START,load_zone_26,dump_zone_3,0.00025,0.00067
1129.0,2026-07-02T15:28:17.985,3,-100.737,451.736,0.0,-0.5,1000.0,RETURNING_TO_START,load_zone_22,dump_zone_22,0.00025,0.00067
1130.0,2026-07-02T15:28:20.657,1,637.827,-102.409,16.58,1.0,1000.0,RETURNING_TO_START,load_zone_26,dump_zone_3,0.000357,0.000957
1130.0,2026-07-02T15:28:20.657,2,652.504,180.03,6.404,-0.5,1000.0,RETURNING_TO_START,load_zone_26,dump_zone_3,0.00025,0.00067
1130.0,2026-07-02T15:28:20.657,3,-100.737,451.736,0.0,-0.5,1000.0,RETURNING_TO_START,load_zone_22,dump_zone_22,0.00025,0.00067
1131.0,2026-07-02T15:28:24.520,1,632.73,-102.497,19.48,0.4167,1000.0,RETURNING_TO_START,load_zone_26,dump_zone_3,0.000314,0.000842
1131.0,2026-07-02T15:28:24.520,2,652.814,178.563,4.604,-0.5,1000.0,RETURNING_TO_START,load_zone_26,dump_zone_3,0.00025,0.00067
1131.0,2026-07-02T15:28:24.520,3,-100.737,451.736,0.0,-0.5,1000.0,RETURNING_TO_START,load_zone_22,dump_zone_22,0.00025,0.00067
1132.0,2026-07-02T15:28:34.640,1,627.303,-102.501,19.055,-0.5,1000.0,RETURNING_TO_START,load_zone_26,dump_zone_3,0.00025,0.00067
1132.0,2026-07-02T15:28:34.640,2,653.31,177.688,2.804,-0.5,1000.0,UNLOADING,load_zone_26,dump_zone_3,0.00025,0.00067
1132.0,2026-07-02T15:28:34.640,3,-100.737,451.736,0.0,-0.5,1000.0,RETURNING_TO_START,load_zone_22,dump_zone_22,0.00025,0.00067
1133.0,2026-07-02T15:28:41.419,1,622.281,-102.5,17.255,-0.5,1000.0,RETURNING_TO_START,load_zone_26,dump_zone_3,0.00025,0.00067
1133.0,2026-07-02T15:28:41.419,2,653.634,177.298,1.004,-0.5,1000.0,UNLOADING,load_zone_26,dump_zone_3,0.00025,0.00067
1133.0,2026-07-02T15:28:41.419,3,-100.737,451.736,0.0,-0.5,1000.0,RETURNING_TO_START,load_zone_22,dump_zone_22,0.00025,0.00067
1134.0,2026-07-02T15:28:47.562,1,617.759,-102.5,15.455,-0.5,1000.0,RETURNING_TO_START,load_zone_26,dump_zone_3,0.00025,0.00067
1134.0,2026-07-02T15:28:47.562,2,653.679,177.249,0.0,-0.5,1000.0,UNLOADING,load_zone_26,dump_zone_3,0.00025,0.00067
1134.0,2026-07-02T15:28:47.562,3,-100.737,451.736,0.0,-0.5,1000.0,RETURNING_TO_START,load_zone_22,dump_zone_22,0.00025,0.00067
1135.0,2026-07-02T15:28:52.379,1,613.737,-102.5,13.655,-0.5,1000.0,RETURNING_TO_START,load_zone_26,dump_zone_3,0.00025,0.00067
1135.0,2026-07-02T15:28:52.379,2,654.176,176.805,7.2,0.0,0.0,TURNING_AROUND,dump_zone_3,load_zone_26,0.000255,0.000683
1135.0,2026-07-02T15:28:52.379,3,-100.737,451.736,0.0,-0.5,1000.0,RETURNING_TO_START,load_zone_22,dump_zone_22,0.00025,0.00067
1136.0,2026-07-02T15:28:55.860,1,610.215,-102.5,11.855,-0.5,1000.0,RETURNING_TO_START,load_zone_26,dump_zone_3,0.00025,0.00067
1136.0,2026-07-02T15:28:55.860,2,656.003,176.044,7.2,0.0,0.0,TURNING_AROUND,dump_zone_3,load_zone_26,0.000255,0.000683
1136.0,2026-07-02T15:28:55.860,3,-100.737,451.736,0.0,-0.5,1000.0,RETURNING_TO_START,load_zone_22,dump_zone_22,0.00025,0.00067
1137.0,2026-07-02T15:28:59.625,1,607.147,-102.5,10.668,-0.1143,1000.0,RETURNING_TO_START,load_zone_26,dump_zone_3,0.000255,0.000683
1137.0,2026-07-02T15:28:59.625,2,655.387,175.874,5.4,0.0,0.0,TURNING_AROUND,dump_zone_3,load_zone_26,0.000253,0.000678
1137.0,2026-07-02T15:28:59.625,3,-100.737,451.736,0.0,-0.5,1000.0,RETURNING_TO_START,load_zone_22,dump_zone_22,0.00025,0.00067
1138.0,2026-07-02T15:29:02.446,1,604.4,-102.5,9.08,-0.5,1000.0,RETURNING_TO_START,load_zone_26,dump_zone_3,0.00025,0.00067
1138.0,2026-07-02T15:29:02.446,2,656.306,176.532,7.2,0.0,0.0,TURNING_AROUND,dump_zone_3,load_zone_26,0.000255,0.000683
1138.0,2026-07-02T15:29:02.446,3,-100.737,451.736,0.0,-0.5,1000.0,RETURNING_TO_START,load_zone_22,dump_zone_22,0.00025,0.00067
1139.0,2026-07-02T15:29:06.314,1,602.145,-102.486,7.37,-0.4347,1000.0,RETURNING_TO_START,load_zone_26,dump_zone_3,0.00025,0.00067
1139.0,2026-07-02T15:29:06.314,2,657.187,177.637,5.4,0.0,0.0,TURNING_AROUND,dump_zone_3,load_zone_26,0.000253,0.000678
1139.0,2026-07-02T15:29:06.314,3,-100.737,451.736,0.0,-0.5,1000.0,RETURNING_TO_START,load_zone_22,dump_zone_22,0.00025,0.00067
1140.0,2026-07-02T15:29:10.451,1,600.287,-102.209,6.57,0.0833,1000.0,RETURNING_TO_START,load_zone_26,dump_zone_3,0.00026,0.000697
1140.0,2026-07-02T15:29:10.451,2,657.038,177.161,0.025,0.0833,0.0,GOING_TO_ENDPOINT,dump_zone_3,load_zone_26,0.00025,0.00067
1140.0,2026-07-02T15:29:10.451,3,-100.737,451.736,0.0,-0.5,1000.0,RETURNING_TO_START,load_zone_22,dump_zone_22,0.00025,0.00067
1141.0,2026-07-02T15:29:14.429,1,598.572,-101.075,8.77,0.9167,1000.0,RETURNING_TO_START,load_zone_26,dump_zone_3,0.000303,0.000812
1141.0,2026-07-02T15:29:14.429,2,657.028,177.423,2.25,1.0,0.0,GOING_TO_ENDPOINT,dump_zone_3,load_zone_26,0.000259,0.000694
1141.0,2026-07-02T15:29:14.429,3,-100.737,451.736,0.0,-0.5,1000.0,RETURNING_TO_START,load_zone_22,dump_zone_22,0.00025,0.00067
1142.0,2026-07-02T15:29:18.631,1,597.511,-98.612,10.12,-0.0833,1000.0,RETURNING_TO_START,load_zone_26,dump_zone_3,0.000256,0.000686
1142.0,2026-07-02T15:29:18.631,2,656.771,178.556,5.85,1.0,0.0,GOING_TO_ENDPOINT,dump_zone_3,load_zone_26,0.000273,0.000732
1142.0,2026-07-02T15:29:18.631,3,-100.737,451.736,0.0,-0.5,1000.0,RETURNING_TO_START,load_zone_22,dump_zone_22,0.00025,0.00067
1143.0,2026-07-02T15:29:22.462,1,597.39,-95.729,11.17,0.75,1000.0,RETURNING_TO_START,load_zone_26,dump_zone_3,0.000307,0.000823
1143.0,2026-07-02T15:29:22.462,2,655.477,180.261,9.45,1.0,0.0,GOING_TO_ENDPOINT,dump_zone_3,load_zone_26,0.000287,0.000769
1143.0,2026-07-02T15:29:22.462,3,-100.737,451.736,0.0,-0.5,1000.0,RETURNING_TO_START,load_zone_22,dump_zone_22,0.00025,0.00067
1144.0,2026-07-02T15:29:25.417,1,597.416,-92.105,14.695,1.0,1000.0,RETURNING_TO_START,load_zone_26,dump_zone_3,0.000345,0.000925
1144.0,2026-07-02T15:29:25.417,2,652.729,181.826,13.05,1.0,0.0,GOING_TO_ENDPOINT,dump_zone_3,load_zone_26,0.0003,0.000804
1144.0,2026-07-02T15:29:25.417,3,-100.737,451.736,0.0,-0.5,1000.0,RETURNING_TO_START,load_zone_22,dump_zone_22,0.00025,0.00067
1145.0,2026-07-02T15:29:30.628,1,597.477,-87.482,18.295,1.0,1000.0,RETURNING_TO_START,load_zone_26,dump_zone_3,0.000368,0.000986
1145.0,2026-07-02T15:29:30.628,2,649.434,184.348,16.585,0.8723,0.0,GOING_TO_ENDPOINT,dump_zone_3,load_zone_26,0.000307,0.000823
1145.0,2026-07-02T15:29:30.628,3,-100.737,451.736,0.0,-0.5,1000.0,RETURNING_TO_START,load_zone_22,dump_zone_22,0.00025,0.00067
1146.0,2026-07-02T15:29:35.635,1,597.499,-81.859,21.895,1.0,1000.0,RETURNING_TO_START,load_zone_26,dump_zone_3,0.000391,0.001048
1146.0,2026-07-02T15:29:35.635,2,647.52,188.712,17.775,-0.1277,0.0,GOING_TO_ENDPOINT,dump_zone_3,load_zone_26,0.000254,0.000681
1146.0,2026-07-02T15:29:35.635,3,-100.737,451.736,0.0,-0.5,1000.0,RETURNING_TO_START,load_zone_22,dump_zone_22,0.00025,0.00067
1147.0,2026-07-02T15:29:39.485,1,597.5,-75.375,24.045,0.1502,1000.0,RETURNING_TO_START,load_zone_26,dump_zone_3,0.000295,0.000791
1147.0,2026-07-02T15:29:39.485,2,647.478,193.427,16.172,-0.5,0.0,GOING_TO_ENDPOINT,dump_zone_3,load_zone_26,0.00025,0.00067
1147.0,2026-07-02T15:29:39.485,3,-100.737,451.736,0.0,-0.5,1000.0,RETURNING_TO_START,load_zone_22,dump_zone_22,0.00025,0.00067
1148.0,2026-07-02T15:29:43.811,1,597.5,-68.731,23.491,-0.5,1000.0,RETURNING_TO_START,load_zone_26,dump_zone_3,0.00025,0.00067
1148.0,2026-07-02T15:29:43.811,2,647.499,197.649,14.372,-0.5,0.0,GOING_TO_ENDPOINT,dump_zone_3,load_zone_26,0.00025,0.00067
1148.0,2026-07-02T15:29:43.811,3,-100.737,451.736,0.0,-0.5,1000.0,RETURNING_TO_START,load_zone_22,dump_zone_22,0.00025,0.00067
1149.0,2026-07-02T15:29:48.986,1,597.5,-62.471,21.841,-0.25,1000.0,RETURNING_TO_START,load_zone_26,dump_zone_3,0.00025,0.00067
1149.0,2026-07-02T15:29:48.986,2,646.696,201.195,12.722,-0.25,0.0,GOING_TO_ENDPOINT,dump_zone_3,load_zone_26,0.00025,0.00067
1149.0,2026-07-02T15:29:48.986,3,-100.737,451.736,0.0,-0.5,1000.0,RETURNING_TO_START,load_zone_22,dump_zone_22,0.00025,0.00067
1150.0,2026-07-02T15:29:53.358,1,597.5,-56.358,22.445,0.3532,1000.0,RETURNING_TO_START,load_zone_26,dump_zone_3,0.000316,0.000847
1150.0,2026-07-02T15:29:53.358,2,643.581,202.765,13.772,0.75,0.0,GOING_TO_ENDPOINT,dump_zone_3,load_zone_26,0.000292,0.000783
1150.0,2026-07-02T15:29:53.358,3,-100.737,451.736,0.0,-0.5,1000.0,RETURNING_TO_START,load_zone_22,dump_zone_22,0.00025,0.00067
1151.0,2026-07-02T15:29:58.285,1,597.5,-49.984,23.081,-0.0524,1000.0,RETURNING_TO_START,load_zone_26,dump_zone_3,0.000268,0.000718
1151.0,2026-07-02T15:29:58.285,2,639.973,200.695,17.297,1.0,0.0,GOING_TO_ENDPOINT,dump_zone_3,load_zone_26,0.000317,0.00085
1151.0,2026-07-02T15:29:58.285,3,-100.737,451.736,0.0,-0.5,1000.0,RETURNING_TO_START,load_zone_22,dump_zone_22,0.00025,0.00067
1152.0,2026-07-02T15:30:03.937,1,597.5,-43.464,24.081,0.3365,1000.0,RETURNING_TO_START,load_zone_26,dump_zone_3,0.000319,0.000855
1152.0,2026-07-02T15:30:03.937,2,636.253,196.962,20.553,0.6088,0.0,GOING_TO_ENDPOINT,dump_zone_3,load_zone_26,0.000303,0.000812
1152.0,2026-07-02T15:30:03.937,3,-100.737,451.736,0.0,-0.5,1000.0,RETURNING_TO_START,load_zone_22,dump_zone_22,0.00025,0.00067
1153.0,2026-07-02T15:30:07.540,1,597.5,-36.792,23.612,-0.268,1000.0,RETURNING_TO_START,load_zone_26,dump_zone_3,0.00025,0.00067
1153.0,2026-07-02T15:30:07.540,2,630.672,195.399,20.794,-0.3912,0.0,GOING_TO_ENDPOINT,dump_zone_3,load_zone_26,0.00025,0.00067
1153.0,2026-07-02T15:30:07.540,3,-100.737,451.736,0.0,-0.5,1000.0,RETURNING_TO_START,load_zone_22,dump_zone_22,0.00025,0.00067
1154.0,2026-07-02T15:30:12.471,1,597.5,-30.347,22.637,-0.4023,1000.0,RETURNING_TO_START,load_zone_26,dump_zone_3,0.00025,0.00067
1154.0,2026-07-02T15:30:12.471,2,625.205,194.739,19.002,-0.5,0.0,GOING_TO_ENDPOINT,dump_zone_3,load_zone_26,0.00025,0.00067
1154.0,2026-07-02T15:30:12.471,3,-100.737,451.736,0.0,-0.5,1000.0,RETURNING_TO_START,load_zone_22,dump_zone_22,0.00025,0.00067
1155.0,2026-07-02T15:30:18.109,1,597.5,-24.066,23.139,0.5977,1000.0,RETURNING_TO_START,load_zone_26,dump_zone_3,0.000349,0.000935
1155.0,2026-07-02T15:30:18.109,2,620.226,194.201,17.202,-0.5,0.0,GOING_TO_ENDPOINT,dump_zone_3,load_zone_26,0.00025,0.00067
1155.0,2026-07-02T15:30:18.109,3,-100.737,451.736,0.0,-0.5,1000.0,RETURNING_TO_START,load_zone_22,dump_zone_22,0.00025,0.00067
1156.0,2026-07-02T15:30:22.515,1,597.5,-17.378,24.458,-0.0343,1000.0,RETURNING_TO_START,load_zone_26,dump_zone_3,0.000271,0.000726
1156.0,2026-07-02T15:30:22.515,2,615.73,193.883,15.402,-0.5,0.0,GOING_TO_ENDPOINT,dump_zone_3,load_zone_26,0.00025,0.00067
1156.0,2026-07-02T15:30:22.515,3,-100.737,451.736,0.0,-0.5,1000.0,RETURNING_TO_START,load_zone_22,dump_zone_22,0.00025,0.00067
1157.0,2026-07-02T15:30:27.467,1,597.5,-10.708,23.532,-0.2068,1000.0,RETURNING_TO_START,load_zone_26,dump_zone_3,0.00025,0.00067
1157.0,2026-07-02T15:30:27.467,2,611.724,193.844,13.602,-0.5,0.0,GOING_TO_ENDPOINT,dump_zone_3,load_zone_26,0.00025,0.00067
1157.0,2026-07-02T15:30:27.467,3,-100.737,451.736,0.0,-0.5,1000.0,RETURNING_TO_START,load_zone_22,dump_zone_22,0.00025,0.00067
1158.0,2026-07-02T15:30:33.012,1,597.5,-4.291,22.828,-0.1069,1000.0,RETURNING_TO_START,load_zone_26,dump_zone_3,0.000261,0.000699
1158.0,2026-07-02T15:30:33.012,2,608.336,194.629,11.802,-0.5,0.0,GOING_TO_ENDPOINT,dump_zone_3,load_zone_26,0.00025,0.00067
1158.0,2026-07-02T15:30:33.012,3,-100.737,451.736,0.0,-0.5,1000.0,RETURNING_TO_START,load_zone_22,dump_zone_22,0.00025,0.00067
1159.0,2026-07-02T15:30:38.072,1,597.5,2.066,23.206,0.4229,1000.0,RETURNING_TO_START,load_zone_26,dump_zone_3,0.000327,0.000876
1159.0,2026-07-02T15:30:38.072,2,605.767,196.189,10.002,-0.5,0.0,GOING_TO_ENDPOINT,dump_zone_3,load_zone_26,0.00025,0.00067
1159.0,2026-07-02T15:30:38.072,3,-100.737,451.736,0.0,-0.5,1000.0,RETURNING_TO_START,load_zone_22,dump_zone_22,0.00025,0.00067
1160.0,2026-07-02T15:30:43.211,1,597.5,8.586,23.344,-0.0516,1000.0,RETURNING_TO_START,load_zone_26,dump_zone_3,0.000268,0.000718
1160.0,2026-07-02T15:30:43.211,2,603.501,197.26,8.202,-0.5,0.0,GOING_TO_ENDPOINT,dump_zone_3,load_zone_26,0.00025,0.00067
1160.0,2026-07-02T15:30:43.211,3,-100.737,451.736,0.0,-0.5,1000.0,RETURNING_TO_START,load_zone_22,dump_zone_22,0.00025,0.00067
1161.0,2026-07-02T15:30:48.562,1,597.5,15.01,22.946,0.0266,1000.0,RETURNING_TO_START,load_zone_26,dump_zone_3,0.000278,0.000745
1161.0,2026-07-02T15:30:48.562,2,601.672,198.087,6.402,-0.5,0.0,GOING_TO_ENDPOINT,dump_zone_3,load_zone_26,0.00025,0.00067
1161.0,2026-07-02T15:30:48.562,3,-100.737,451.736,0.0,-0.5,1000.0,RETURNING_TO_START,load_zone_22,dump_zone_22,0.00025,0.00067
1162.0,2026-07-02T15:30:53.984,1,597.5,21.457,23.36,0.2049,1000.0,RETURNING_TO_START,load_zone_26,dump_zone_3,0.0003,0.000804
1162.0,2026-07-02T15:30:53.984,2,600.154,198.389,5.302,0.0833,0.0,GOING_TO_ENDPOINT,dump_zone_3,load_zone_26,0.000255,0.000683
1162.0,2026-07-02T15:30:53.984,3,-100.737,451.736,0.0,-0.5,1000.0,RETURNING_TO_START,load_zone_22,dump_zone_22,0.00025,0.00067
1163.0,2026-07-02T15:30:58.627,1,597.5,28.106,24.248,0.0382,1000.0,RETURNING_TO_START,load_zone_26,dump_zone_3,0.000281,0.000753
1163.0,2026-07-02T15:30:58.627,2,598.479,198.025,7.527,1.0,0.0,GOING_TO_ENDPOINT,dump_zone_3,load_zone_26,0.000279,0.000748
1163.0,2026-07-02T15:30:58.627,3,-100.737,451.736,0.0,-0.5,1000.0,RETURNING_TO_START,load_zone_22,dump_zone_22,0.00025,0.00067
1164.0,2026-07-02T15:31:02.218,1,597.5,34.717,23.2,-0.5,1000.0,RETURNING_TO_START,load_zone_26,dump_zone_3,0.00025,0.00067
1164.0,2026-07-02T15:31:02.218,2,596.622,196.229,11.127,1.0,0.0,GOING_TO_ENDPOINT,dump_zone_3,load_zone_26,0.000293,0.000785
1164.0,2026-07-02T15:31:02.218,3,-100.737,451.736,0.0,-0.5,1000.0,RETURNING_TO_START,load_zone_22,dump_zone_22,0.00025,0.00067
1165.0,2026-07-02T15:31:07.793,1,597.5,41.049,22.9,0.2222,1000.0,RETURNING_TO_START,load_zone_26,dump_zone_3,0.000302,0.000809
1165.0,2026-07-02T15:31:07.793,2,596.592,192.722,14.727,1.0,0.0,GOING_TO_ENDPOINT,dump_zone_3,load_zone_26,0.000307,0.000823
1165.0,2026-07-02T15:31:07.793,3,-100.737,451.736,0.0,-0.5,1000.0,RETURNING_TO_START,load_zone_22,dump_zone_22,0.00025,0.00067
1166.0,2026-07-02T15:31:11.117,1,597.5,47.649,24.399,0.1738,1000.0,RETURNING_TO_START,load_zone_26,dump_zone_3,0.000299,0.000801
1166.0,2026-07-02T15:31:11.117,2,599.353,189.018,18.327,1.0,0.0,GOING_TO_ENDPOINT,dump_zone_3,load_zone_26,0.000321,0.00086
1166.0,2026-07-02T15:31:11.117,3,-100.737,451.736,0.0,-0.5,1000.0,RETURNING_TO_START,load_zone_22,dump_zone_22,0.00025,0.00067
1167.0,2026-07-02T15:31:17.162,1,597.5,54.376,23.947,-0.2801,1000.0,RETURNING_TO_START,load_zone_26,dump_zone_3,0.00025,0.00067
1167.0,2026-07-02T15:31:17.162,2,601.843,183.986,21.927,1.0,0.0,GOING_TO_ENDPOINT,dump_zone_3,load_zone_26,0.000335,0.000898
1167.0,2026-07-02T15:31:17.162,3,-100.737,451.736,0.0,-0.5,1000.0,RETURNING_TO_START,load_zone_22,dump_zone_22,0.00025,0.00067
1168.0,2026-07-02T15:31:26.681,1,597.5,60.782,22.321,-0.4167,1000.0,RETURNING_TO_START,load_zone_26,dump_zone_3,0.00025,0.00067
1168.0,2026-07-02T15:31:26.681,2,602.497,177.405,25.527,1.0,0.0,GOING_TO_ENDPOINT,dump_zone_3,load_zone_26,0.000349,0.000935
1168.0,2026-07-02T15:31:26.681,3,-100.737,451.736,0.0,-0.5,1000.0,RETURNING_TO_START,load_zone_22,dump_zone_22,0.00025,0.00067
1169.0,2026-07-02T15:31:34.708,1,597.5,66.874,21.921,0.25,1000.0,RETURNING_TO_START,load_zone_26,dump_zone_3,0.000303,0.000812
1169.0,2026-07-02T15:31:34.708,2,602.502,169.868,28.002,0.25,0.0,GOING_TO_ENDPOINT,dump_zone_3,load_zone_26,0.00029,0.000777
1169.0,2026-07-02T15:31:34.708,3,-100.737,451.736,0.0,-0.5,1000.0,RETURNING_TO_START,load_zone_22,dump_zone_22,0.00025,0.00067
1170.0,2026-07-02T15:31:41.836,1,597.5,73.177,23.224,0.1646,1000.0,RETURNING_TO_START,load_zone_26,dump_zone_3,0.000295,0.000791
1170.0,2026-07-02T15:31:41.836,2,602.5,162.153,27.246,-0.2685,0.0,GOING_TO_ENDPOINT,dump_zone_3,load_zone_26,0.00025,0.00067
1170.0,2026-07-02T15:31:41.836,3,-100.737,451.736,0.0,-0.5,1000.0,RETURNING_TO_START,load_zone_22,dump_zone_22,0.00025,0.00067
1171.0,2026-07-02T15:31:47.143,1,597.5,79.685,23.816,0.1646,1000.0,RETURNING_TO_START,load_zone_26,dump_zone_3,0.000296,0.000793
1171.0,2026-07-02T15:31:47.143,2,602.5,154.58,27.563,0.0928,0.0,GOING_TO_ENDPOINT,dump_zone_3,load_zone_26,0.000276,0.00074
1171.0,2026-07-02T15:31:47.143,3,-100.737,451.736,0.0,-0.5,1000.0,RETURNING_TO_START,load_zone_22,dump_zone_22,0.00025,0.00067
1172.0,2026-07-02T15:31:52.079,1,597.5,86.283,23.348,-0.4879,1000.0,RETURNING_TO_START,load_zone_26,dump_zone_3,0.00025,0.00067
1172.0,2026-07-02T15:31:52.079,2,602.5,147.053,26.457,-0.3911,0.0,GOING_TO_ENDPOINT,dump_zone_3,load_zone_26,0.00025,0.00067
1172.0,2026-07-02T15:31:52.079,3,-100.737,451.736,0.0,-0.5,1000.0,RETURNING_TO_START,load_zone_22,dump_zone_22,0.00025,0.00067
1173.0,2026-07-02T15:31:57.626,1,597.5,92.657,23.06,0.2357,1000.0,RETURNING_TO_START,load_zone_26,dump_zone_3,0.000304,0.000815
1173.0,2026-07-02T15:31:57.626,2,602.5,139.714,26.847,0.4347,0.0,GOING_TO_ENDPOINT,dump_zone_3,load_zone_26,0.000305,0.000817
1173.0,2026-07-02T15:31:57.626,3,-100.737,451.736,0.0,-0.5,1000.0,RETURNING_TO_START,load_zone_22,dump_zone_22,0.00025,0.00067
1174.0,2026-07-02T15:32:02.741,1,597.5,99.21,23.622,-0.2176,1000.0,RETURNING_TO_START,load_zone_26,dump_zone_3,0.00025,0.00067
1174.0,2026-07-02T15:32:02.741,2,602.5,132.175,27.062,0.018,0.0,GOING_TO_ENDPOINT,dump_zone_3,load_zone_26,0.000269,0.000721
1174.0,2026-07-02T15:32:02.741,3,-100.737,451.736,0.0,-0.5,1000.0,RETURNING_TO_START,load_zone_22,dump_zone_22,0.00025,0.00067
1175.0,2026-07-02T15:32:08.504,1,597.5,105.665,23.06,-0.0938,1000.0,RETURNING_TO_START,load_zone_26,dump_zone_3,0.000263,0.000705
1175.0,2026-07-02T15:32:08.504,2,602.5,124.63,27.08,-0.064,0.0,GOING_TO_ENDPOINT,dump_zone_3,load_zone_26,0.000262,0.000702
1175.0,2026-07-02T15:32:08.504,3,-100.737,451.736,0.0,-0.5,1000.0,RETURNING_TO_START,load_zone_22,dump_zone_22,0.00025,0.00067
1176.0,2026-07-02T15:32:13.610,1,597.5,111.999,22.973,0.2395,1000.0,RETURNING_TO_START,load_zone_26,dump_zone_3,0.000304,0.000815
1176.0,2026-07-02T15:32:13.610,2,602.5,117.112,26.993,0.0474,0.0,GOING_TO_ENDPOINT,dump_zone_3,load_zone_26,0.000271,0.000726
1176.0,2026-07-02T15:32:13.610,3,-100.737,451.736,0.0,-0.5,1000.0,RETURNING_TO_START,load_zone_22,dump_zone_22,0.00025,0.00067
1177.0,2026-07-02T15:32:19.498,1,597.5,118.534,23.835,0.0729,1000.0,RETURNING_TO_START,load_zone_26,dump_zone_3,0.000285,0.000764
1177.0,2026-07-02T15:32:19.498,2,602.5,109.441,28.19,0.1561,0.0,GOING_TO_ENDPOINT,dump_zone_3,load_zone_26,0.000282,0.000756
1177.0,2026-07-02T15:32:19.498,3,-100.737,451.736,0.0,-0.5,1000.0,RETURNING_TO_START,load_zone_22,dump_zone_22,0.00025,0.00067
1178.0,2026-07-02T15:32:24.161,1,597.5,125.156,23.424,-0.4441,1000.0,RETURNING_TO_START,load_zone_26,dump_zone_3,0.00025,0.00067
1178.0,2026-07-02T15:32:24.161,2,602.5,101.558,28.281,-0.2943,0.0,GOING_TO_ENDPOINT,dump_zone_3,load_zone_26,0.00025,0.00067
1178.0,2026-07-02T15:32:24.161,3,-100.737,451.736,0.0,-0.5,1000.0,RETURNING_TO_START,load_zone_22,dump_zone_22,0.00025,0.00067
1179.0,2026-07-02T15:32:28.962,1,597.5,131.557,23.274,0.4167,1000.0,RETURNING_TO_START,load_zone_26,dump_zone_3,0.000327,0.000876
1179.0,2026-07-02T15:32:28.962,2,602.5,93.94,26.904,-0.0833,0.0,GOING_TO_ENDPOINT,dump_zone_3,load_zone_26,0.00026,0.000697
1179.0,2026-07-02T15:32:28.962,3,-100.737,451.736,0.0,-0.5,1000.0,RETURNING_TO_START,load_zone_22,dump_zone_22,0.00025,0.00067
1180.0,2026-07-02T15:32:34.172,1,597.5,138.134,23.61,-0.0714,1000.0,RETURNING_TO_START,load_zone_26,dump_zone_3,0.000266,0.000713
1180.0,2026-07-02T15:32:34.172,2,602.5,86.424,27.254,0.25,0.0,GOING_TO_ENDPOINT,dump_zone_3,load_zone_26,0.000289,0.000775
1180.0,2026-07-02T15:32:34.172,3,-100.737,451.736,0.0,-0.5,1000.0,RETURNING_TO_START,load_zone_22,dump_zone_22,0.00025,0.00067
1181.0,2026-07-02T15:32:39.688,1,597.5,144.568,22.57,-0.25,1000.0,RETURNING_TO_START,load_zone_26,dump_zone_3,0.00025,0.00067
1181.0,2026-07-02T15:32:39.688,2,602.5,78.604,28.704,0.0833,0.0,GOING_TO_ENDPOINT,dump_zone_3,load_zone_26,0.000276,0.00074
1181.0,2026-07-02T15:32:39.688,3,-100.737,451.736,0.0,-0.5,1000.0,RETURNING_TO_START,load_zone_22,dump_zone_22,0.00025,0.00067
1182.0,2026-07-02T15:32:45.446,1,597.5,150.87,23.098,0.3465,1000.0,RETURNING_TO_START,load_zone_26,dump_zone_3,0.000318,0.000852
1182.0,2026-07-02T15:32:45.446,2,602.5,70.756,27.775,-0.1814,0.0,GOING_TO_ENDPOINT,dump_zone_3,load_zone_26,0.000251,0.000673
1182.0,2026-07-02T15:32:45.446,3,-100.737,451.736,0.0,-0.5,1000.0,RETURNING_TO_START,load_zone_22,dump_zone_22,0.00025,0.00067
1183.0,2026-07-02T15:32:50.307,1,597.5,157.265,22.462,-0.5,1000.0,RETURNING_TO_START,load_zone_26,dump_zone_3,0.00025,0.00067
1183.0,2026-07-02T15:32:50.307,2,602.5,63.082,27.657,0.2205,0.0,GOING_TO_ENDPOINT,dump_zone_3,load_zone_26,0.000287,0.000769
1183.0,2026-07-02T15:32:50.307,3,-100.737,451.736,0.0,-0.5,1000.0,RETURNING_TO_START,load_zone_22,dump_zone_22,0.00025,0.00067
1184.0,2026-07-02T15:32:55.942,1,597.5,163.234,20.662,-0.5,1000.0,RETURNING_TO_START,load_zone_26,dump_zone_3,0.00025,0.00067
1184.0,2026-07-02T15:32:55.942,2,602.5,55.249,28.511,0.0654,0.0,GOING_TO_ENDPOINT,dump_zone_3,load_zone_26,0.000274,0.000734
1184.0,2026-07-02T15:32:55.942,3,-100.737,451.736,0.0,-0.5,1000.0,RETURNING_TO_START,load_zone_22,dump_zone_22,0.00025,0.00067
1185.0,2026-07-02T15:33:00.466,1,597.5,168.702,18.862,-0.5,1000.0,RETURNING_TO_START,load_zone_26,dump_zone_3,0.00025,0.00067
1185.0,2026-07-02T15:33:00.466,2,602.5,47.407,27.726,-0.4148,0.0,GOING_TO_ENDPOINT,dump_zone_3,load_zone_26,0.00025,0.00067
1185.0,2026-07-02T15:33:00.466,3,-100.737,451.736,0.0,-0.5,1000.0,RETURNING_TO_START,load_zone_22,dump_zone_22,0.00025,0.00067
1186.0,2026-07-02T15:33:04.179,1,597.5,173.671,17.062,-0.5,1000.0,RETURNING_TO_START,load_zone_26,dump_zone_3,0.00025,0.00067
1186.0,2026-07-02T15:33:04.179,2,602.5,39.842,27.265,0.1555,0.0,GOING_TO_ENDPOINT,dump_zone_3,load_zone_26,0.000281,0.000753
1186.0,2026-07-02T15:33:04.179,3,-100.737,451.736,0.0,-0.5,1000.0,RETURNING_TO_START,load_zone_22,dump_zone_22,0.00025,0.00067
1187.0,2026-07-02T15:33:09.228,1,597.5,178.14,15.262,-0.5,1000.0,RETURNING_TO_START,load_zone_26,dump_zone_3,0.00025,0.00067
1187.0,2026-07-02T15:33:09.228,2,602.5,32.13,28.166,0.1631,0.0,GOING_TO_ENDPOINT,dump_zone_3,load_zone_26,0.000283,0.000758
1187.0,2026-07-02T15:33:09.228,3,-100.737,451.736,0.0,-0.5,1000.0,RETURNING_TO_START,load_zone_22,dump_zone_22,0.00025,0.00067
1188.0,2026-07-02T15:33:13.552,1,597.5,182.109,13.462,-0.5,1000.0,RETURNING_TO_START,load_zone_26,dump_zone_3,0.00025,0.00067
1188.0,2026-07-02T15:33:13.552,2,602.5,24.159,29.123,0.2798,0.0,GOING_TO_ENDPOINT,dump_zone_3,load_zone_26,0.000295,0.000791
1188.0,2026-07-02T15:33:13.552,3,-100.737,451.736,0.0,-0.5,1000.0,RETURNING_TO_START,load_zone_22,dump_zone_22,0.00025,0.00067
1189.0,2026-07-02T15:33:18.243,1,597.498,185.577,11.662,-0.5,1000.0,RETURNING_TO_START,load_zone_26,dump_zone_3,0.00025,0.00067
1189.0,2026-07-02T15:33:18.243,2,602.5,16.124,28.304,-0.5,0.0,GOING_TO_ENDPOINT,dump_zone_3,load_zone_26,0.00025,0.00067
1189.0,2026-07-02T15:33:18.243,3,-100.737,451.736,0.0,-0.5,1000.0,RETURNING_TO_START,load_zone_22,dump_zone_22,0.00025,0.00067
1190.0,2026-07-02T15:33:24.125,1,596.998,188.49,9.862,-0.5,1000.0,RETURNING_TO_START,load_zone_26,dump_zone_3,0.00025,0.00067
1190.0,2026-07-02T15:33:24.125,2,602.5,8.367,28.154,0.4167,0.0,GOING_TO_ENDPOINT,dump_zone_3,load_zone_26,0.000306,0.00082
1190.0,2026-07-02T15:33:24.125,3,-100.737,451.736,0.0,-0.5,1000.0,RETURNING_TO_START,load_zone_22,dump_zone_22,0.00025,0.00067
1191.0,2026-07-02T15:33:30.174,1,596.137,190.804,8.062,-0.5,1000.0,RETURNING_TO_START,load_zone_26,dump_zone_3,0.00025,0.00067
1191.0,2026-07-02T15:33:30.174,2,602.5,0.441,28.315,-0.3778,0.0,GOING_TO_ENDPOINT,dump_zone_3,load_zone_26,0.00025,0.00067
1191.0,2026-07-02T15:33:30.174,3,-100.737,451.736,0.0,-0.5,1000.0,RETURNING_TO_START,load_zone_22,dump_zone_22,0.00025,0.00067
1192.0,2026-07-02T15:33:35.769,1,595.69,192.718,6.262,-0.5,1000.0,RETURNING_TO_START,load_zone_26,dump_zone_3,0.00025,0.00067
1192.0,2026-07-02T15:33:35.769,2,602.5,-7.384,28.555,0.3722,0.0,GOING_TO_ENDPOINT,dump_zone_3,load_zone_26,0.000302,0.000809
1192.0,2026-07-02T15:33:35.769,3,-100.737,451.736,0.0,-0.5,1000.0,RETURNING_TO_START,load_zone_22,dump_zone_22,0.00025,0.00067
1193.0,2026-07-02T15:33:40.969,1,595.546,194.264,5.287,-0.25,1000.0,RETURNING_TO_START,load_zone_26,dump_zone_3,0.00025,0.00067
1193.0,2026-07-02T15:33:40.969,2,602.5,-15.428,29.107,-0.1339,0.0,GOING_TO_ENDPOINT,dump_zone_3,load_zone_26,0.000256,0.000686
1193.0,2026-07-02T15:33:40.969,3,-100.737,451.736,0.0,-0.5,1000.0,RETURNING_TO_START,load_zone_22,dump_zone_22,0.00025,0.00067
1194.0,2026-07-02T15:33:46.359,1,595.589,195.523,4.118,-0.0387,1000.0,RETURNING_TO_START,load_zone_26,dump_zone_3,0.000253,0.000678
1194.0,2026-07-02T15:33:46.359,2,602.5,-23.33,27.831,-0.25,0.0,GOING_TO_ENDPOINT,dump_zone_3,load_zone_26,0.00025,0.00067
1194.0,2026-07-02T15:33:46.359,3,-100.737,451.736,0.0,-0.5,1000.0,RETURNING_TO_START,load_zone_22,dump_zone_22,0.00025,0.00067
1195.0,2026-07-02T15:33:51.644,1,595.969,196.797,5.878,0.7946,1000.0,RETURNING_TO_START,load_zone_26,dump_zone_3,0.000281,0.000753
1195.0,2026-07-02T15:33:51.644,2,602.5,-31.079,28.206,0.331,0.0,GOING_TO_ENDPOINT,dump_zone_3,load_zone_26,0.000298,0.000799
1195.0,2026-07-02T15:33:51.644,3,-100.737,451.736,0.0,-0.5,1000.0,RETURNING_TO_START,load_zone_22,dump_zone_22,0.00025,0.00067
1196.0,2026-07-02T15:33:57.240,1,596.788,198.502,7.489,0.4613,1000.0,RETURNING_TO_START,load_zone_26,dump_zone_3,0.000277,0.000742
1196.0,2026-07-02T15:33:57.240,2,602.5,-39.01,28.403,-0.2278,0.0,GOING_TO_ENDPOINT,dump_zone_3,load_zone_26,0.00025,0.00067
1196.0,2026-07-02T15:33:57.240,3,-100.737,451.736,0.0,-0.5,1000.0,RETURNING_TO_START,load_zone_22,dump_zone_22,0.00025,0.00067
1197.0,2026-07-02T15:34:02.636,1,598.193,200.47,10.181,1.0,1000.0,RETURNING_TO_START,load_zone_26,dump_zone_3,0.000316,0.000847
1197.0,2026-07-02T15:34:02.636,2,602.5,-46.861,28.118,-0.1616,0.0,GOING_TO_ENDPOINT,dump_zone_3,load_zone_26,0.000253,0.000678
1197.0,2026-07-02T15:34:02.636,3,-100.737,451.736,0.0,-0.5,1000.0,RETURNING_TO_START,load_zone_22,dump_zone_22,0.00025,0.00067
1198.0,2026-07-02T15:34:07.690,1,601.207,201.492,12.656,0.25,1000.0,RETURNING_TO_START,load_zone_26,dump_zone_3,0.00028,0.00075
1198.0,2026-07-02T15:34:07.690,2,602.5,-54.49,27.174,0.0833,0.0,GOING_TO_ENDPOINT,dump_zone_3,load_zone_26,0.000275,0.000737
1198.0,2026-07-02T15:34:07.690,3,-100.737,451.736,0.0,-0.5,1000.0,RETURNING_TO_START,load_zone_22,dump_zone_22,0.00025,0.00067
1199.0,2026-07-02T15:34:12.827,1,604.393,200.238,11.756,-0.5,1000.0,RETURNING_TO_START,load_zone_26,dump_zone_3,0.00025,0.00067
1199.0,2026-07-02T15:34:12.827,2,602.5,-62.226,28.474,0.25,0.0,GOING_TO_ENDPOINT,dump_zone_3,load_zone_26,0.000291,0.00078
1199.0,2026-07-02T15:34:12.827,3,-100.737,451.736,0.0,-0.5,1000.0,RETURNING_TO_START,load_zone_22,dump_zone_22,0.00025,0.00067
1200.0,2026-07-02T15:34:17.197,1,607.227,199.276,10.056,-0.4167,1000.0,RETURNING_TO_START,load_zone_26,dump_zone_3,0.00025,0.00067
1200.0,2026-07-02T15:34:17.197,2,602.5,-70.066,27.574,-0.5,0.0,GOING_TO_ENDPOINT,dump_zone_3,load_zone_26,0.00025,0.00067
1200.0,2026-07-02T15:34:17.197,3,-100.737,451.736,0.0,-0.5,1000.0,RETURNING_TO_START,load_zone_22,dump_zone_22,0.00025,0.00067
1201.0,2026-07-02T15:34:21.031,1,609.886,198.892,9.906,0.4167,1000.0,RETURNING_TO_START,load_zone_26,dump_zone_3,0.000283,0.000758
1201.0,2026-07-02T15:34:21.031,2,602.5,-77.455,25.774,-0.5,0.0,GOING_TO_ENDPOINT,dump_zone_3,load_zone_26,0.00025,0.00067
1201.0,2026-07-02T15:34:21.031,3,-100.737,451.736,0.0,-0.5,1000.0,RETURNING_TO_START,load_zone_22,dump_zone_22,0.00025,0.00067
1202.0,2026-07-02T15:34:24.481,1,613.048,198.787,12.963,1.0,1000.0,RETURNING_TO_START,load_zone_26,dump_zone_3,0.000334,0.000895
1202.0,2026-07-02T15:34:24.481,2,602.5,-84.343,23.974,-0.5,0.0,GOING_TO_ENDPOINT,dump_zone_3,load_zone_26,0.00025,0.00067
1202.0,2026-07-02T15:34:24.481,3,-100.737,451.736,0.0,-0.5,1000.0,RETURNING_TO_START,load_zone_22,dump_zone_22,0.00025,0.00067
1203.0,2026-07-02T15:34:28.424,1,617.186,198.964,16.563,1.0,1000.0,RETURNING_TO_START,load_zone_26,dump_zone_3,0.000357,0.000957
1203.0,2026-07-02T15:34:28.424,2,602.5,-90.732,22.174,-0.5,0.0,GOING_TO_ENDPOINT,dump_zone_3,load_zone_26,0.00025,0.00067
1203.0,2026-07-02T15:34:28.424,3,-100.737,451.736,0.0,-0.5,1000.0,RETURNING_TO_START,load_zone_22,dump_zone_22,0.00025,0.00067
1204.0,2026-07-02T15:34:32.513,1,622.153,199.427,18.611,0.1161,1000.0,RETURNING_TO_START,load_zone_26,dump_zone_3,0.000281,0.000753
1204.0,2026-07-02T15:34:32.513,2,602.5,-96.621,20.374,-0.5,0.0,GOING_TO_ENDPOINT,dump_zone_3,load_zone_26,0.00025,0.00067
1204.0,2026-07-02T15:34:32.513,3,-100.737,451.736,0.0,-0.5,1000.0,RETURNING_TO_START,load_zone_22,dump_zone_22,0.00025,0.00067
1205.0,2026-07-02T15:34:37.817,1,627.152,200.06,17.405,-0.5,1000.0,RETURNING_TO_START,load_zone_26,dump_zone_3,0.00025,0.00067
1205.0,2026-07-02T15:34:37.817,2,602.486,-101.957,18.949,-0.0833,0.0,GOING_TO_ENDPOINT,dump_zone_3,load_zone_26,0.000257,0.000689
1205.0,2026-07-02T15:34:37.817,3,-100.737,451.736,0.0,-0.5,1000.0,RETURNING_TO_START,load_zone_22,dump_zone_22,0.00025,0.00067
1206.0,2026-07-02T15:34:41.860,1,631.672,200.696,15.605,-0.5,1000.0,RETURNING_TO_START,load_zone_26,dump_zone_3,0.00025,0.00067
1206.0,2026-07-02T15:34:41.860,2,606.93,-104.295,20.599,0.9167,0.0,GOING_TO_ENDPOINT,dump_zone_3,load_zone_26,0.000324,0.000868
1206.0,2026-07-02T15:34:41.860,3,-100.737,451.736,0.0,-0.5,1000.0,RETURNING_TO_START,load_zone_22,dump_zone_22,0.00025,0.00067
1207.0,2026-07-02T15:34:46.198,1,635.696,201.259,13.805,-0.5,1000.0,RETURNING_TO_START,load_zone_26,dump_zone_3,0.00025,0.00067
1207.0,2026-07-02T15:34:46.198,2,611.461,-100.183,24.174,0.9167,0.0,GOING_TO_ENDPOINT,dump_zone_3,load_zone_26,0.000337,0.000903
1207.0,2026-07-02T15:34:46.198,3,-100.737,451.736,0.0,-0.5,1000.0,RETURNING_TO_START,load_zone_22,dump_zone_22,0.00025,0.00067
1208.0,2026-07-02T15:34:50.630,1,639.231,201.712,12.007,-0.494,1000.0,RETURNING_TO_START,load_zone_26,dump_zone_3,0.00025,0.00067
1208.0,2026-07-02T15:34:50.630,2,617.629,-97.373,25.524,-0.0833,0.0,GOING_TO_ENDPOINT,dump_zone_3,load_zone_26,0.000259,0.000694
1208.0,2026-07-02T15:34:50.630,3,-100.737,451.736,0.0,-0.5,1000.0,RETURNING_TO_START,load_zone_22,dump_zone_22,0.00025,0.00067
1209.0,2026-07-02T15:34:55.314,1,642.354,202.053,10.623,-0.5,1000.0,RETURNING_TO_START,load_zone_26,dump_zone_3,0.00025,0.00067
1209.0,2026-07-02T15:34:55.314,2,624.507,-97.461,23.974,-0.5,0.0,GOING_TO_ENDPOINT,dump_zone_3,load_zone_26,0.00025,0.00067
1209.0,2026-07-02T15:34:55.314,3,-100.737,451.736,0.0,-0.5,1000.0,RETURNING_TO_START,load_zone_22,dump_zone_22,0.00025,0.00067
1210.0,2026-07-02T15:34:59.500,1,645.025,202.284,8.848,-0.4167,1000.0,RETURNING_TO_START,load_zone_26,dump_zone_3,0.00025,0.00067
1210.0,2026-07-02T15:34:59.500,2,630.895,-97.552,22.174,-0.5,0.0,GOING_TO_ENDPOINT,dump_zone_3,load_zone_26,0.00025,0.00067
1210.0,2026-07-02T15:34:59.500,3,-100.737,451.736,0.0,-0.5,1000.0,RETURNING_TO_START,load_zone_22,dump_zone_22,0.00025,0.00067
1211.0,2026-07-02T15:35:03.222,1,647.228,202.415,7.123,-0.5,1000.0,RETURNING_TO_START,load_zone_26,dump_zone_3,0.00025,0.00067
1211.0,2026-07-02T15:35:03.222,2,636.784,-97.533,20.374,-0.5,0.0,GOING_TO_ENDPOINT,dump_zone_3,load_zone_26,0.00025,0.00067
1211.0,2026-07-02T15:35:03.222,3,-100.737,451.736,0.0,-0.5,1000.0,RETURNING_TO_START,load_zone_22,dump_zone_22,0.00025,0.00067
1212.0,2026-07-02T15:35:07.509,1,648.98,202.365,6.023,0.0833,1000.0,RETURNING_TO_START,load_zone_26,dump_zone_3,0.000259,0.000694
1212.0,2026-07-02T15:35:07.509,2,642.172,-97.5,18.574,-0.5,0.0,GOING_TO_ENDPOINT,dump_zone_3,load_zone_26,0.00025,0.00067
1212.0,2026-07-02T15:35:07.509,3,-100.737,451.736,0.0,-0.5,1000.0,RETURNING_TO_START,load_zone_22,dump_zone_22,0.00025,0.00067
1213.0,2026-07-02T15:35:11.255,1,650.731,201.603,8.248,1.0,1000.0,RETURNING_TO_START,load_zone_26,dump_zone_3,0.000303,0.000812
1213.0,2026-07-02T15:35:11.255,2,647.061,-97.5,16.774,-0.5,0.0,GOING_TO_ENDPOINT,dump_zone_3,load_zone_26,0.00025,0.00067
1213.0,2026-07-02T15:35:11.255,3,-100.737,451.736,0.0,-0.5,1000.0,RETURNING_TO_START,load_zone_22,dump_zone_22,0.00025,0.00067
1214.0,2026-07-02T15:35:15.573,1,652.238,199.421,10.358,0.1366,1000.0,RETURNING_TO_START,load_zone_26,dump_zone_3,0.000269,0.000721
1214.0,2026-07-02T15:35:15.573,2,651.336,-98.267,14.974,-0.5,0.0,GOING_TO_ENDPOINT,dump_zone_3,load_zone_26,0.00025,0.00067
1214.0,2026-07-02T15:35:15.573,3,-100.737,451.736,0.0,-0.5,1000.0,RETURNING_TO_START,load_zone_22,dump_zone_22,0.00025,0.00067
1215.0,2026-07-02T15:35:20.013,1,652.58,196.673,9.65,-0.0301,1000.0,RETURNING_TO_START,load_zone_26,dump_zone_3,0.000259,0.000694
1215.0,2026-07-02T15:35:20.013,2,654.386,-100.811,14.299,0.25,0.0,GOING_TO_ENDPOINT,dump_zone_3,load_zone_26,0.000271,0.000726
1215.0,2026-07-02T15:35:20.013,3,-100.737,451.736,0.0,-0.5,1000.0,RETURNING_TO_START,load_zone_22,dump_zone_22,0.00025,0.00067
1216.0,2026-07-02T15:35:23.788,1,652.554,193.801,11.416,0.7819,1000.0,RETURNING_TO_START,load_zone_26,dump_zone_3,0.00031,0.000831
1216.0,2026-07-02T15:35:23.788,2,657.44,-103.855,16.999,1.0,0.0,GOING_TO_ENDPOINT,dump_zone_3,load_zone_26,0.000316,0.000847
1216.0,2026-07-02T15:35:23.788,3,-100.737,451.736,0.0,-0.5,1000.0,RETURNING_TO_START,load_zone_22,dump_zone_22,0.00025,0.00067
1217.0,2026-07-02T15:35:27.625,1,652.509,190.418,12.281,-0.2181,1000.0,RETURNING_TO_START,load_zone_26,dump_zone_3,0.00025,0.00067
1217.0,2026-07-02T15:35:27.625,2,661.141,-107.597,20.599,1.0,0.0,GOING_TO_ENDPOINT,dump_zone_3,load_zone_26,0.00033,0.000884
1217.0,2026-07-02T15:35:27.625,3,-100.737,451.736,0.0,-0.5,1000.0,RETURNING_TO_START,load_zone_22,dump_zone_22,0.00025,0.00067
1218.0,2026-07-02T15:35:33.815,1,652.499,187.25,10.584,-0.5,1000.0,RETURNING_TO_START,load_zone_26,dump_zone_3,0.00025,0.00067
1218.0,2026-07-02T15:35:33.815,2,665.565,-112.032,24.199,1.0,0.0,GOING_TO_ENDPOINT,dump_zone_3,load_zone_26,0.000344,0.000922
1218.0,2026-07-02T15:35:33.815,3,-100.737,451.736,0.0,-0.5,1000.0,RETURNING_TO_START,load_zone_22,dump_zone_22,0.00025,0.00067
1219.0,2026-07-02T15:35:39.169,1,652.499,184.58,8.784,-0.5,1000.0,RETURNING_TO_START,load_zone_26,dump_zone_3,0.00025,0.00067
1219.0,2026-07-02T15:35:39.169,2,670.668,-117.133,27.099,0.4167,0.0,GOING_TO_ENDPOINT,dump_zone_3,load_zone_26,0.000304,0.000815
1219.0,2026-07-02T15:35:39.169,3,-100.737,451.736,0.0,-0.5,1000.0,RETURNING_TO_START,load_zone_22,dump_zone_22,0.00025,0.00067
1220.0,2026-07-02T15:35:42.837,1,652.5,182.404,7.067,-0.5,1000.0,RETURNING_TO_START,load_zone_26,dump_zone_3,0.00025,0.00067
1220.0,2026-07-02T15:35:42.837,2,676.1,-122.565,27.699,-0.25,0.0,GOING_TO_ENDPOINT,dump_zone_3,load_zone_26,0.00025,0.00067
1220.0,2026-07-02T15:35:42.837,3,-100.737,451.736,0.0,-0.5,1000.0,RETURNING_TO_START,load_zone_22,dump_zone_22,0.00025,0.00067
1221.0,2026-07-02T15:35:45.604,1,652.502,180.712,5.267,-0.5,1000.0,RETURNING_TO_START,load_zone_26,dump_zone_3,0.00025,0.00067
1221.0,2026-07-02T15:35:45.604,2,681.364,-127.828,25.974,-0.5,0.0,GOING_TO_ENDPOINT,dump_zone_3,load_zone_26,0.00025,0.00067
1221.0,2026-07-02T15:35:45.604,3,-100.737,451.736,0.0,-0.5,1000.0,RETURNING_TO_START,load_zone_22,dump_zone_22,0.00025,0.00067
1222.0,2026-07-02T15:35:49.152,1,652.693,179.54,3.467,-0.5,1000.0,RETURNING_TO_START,load_zone_26,dump_zone_3,0.00025,0.00067
1222.0,2026-07-02T15:35:49.152,2,686.274,-132.739,24.174,-0.5,0.0,GOING_TO_ENDPOINT,dump_zone_3,load_zone_26,0.00025,0.00067
1222.0,2026-07-02T15:35:49.152,3,-100.737,451.736,0.0,-0.5,1000.0,RETURNING_TO_START,load_zone_22,dump_zone_22,0.00025,0.00067
1223.0,2026-07-02T15:35:53.218,1,652.958,178.901,1.667,-0.5,1000.0,UNLOADING,load_zone_26,dump_zone_3,0.00025,0.00067
1223.0,2026-07-02T15:35:53.218,2,690.831,-137.295,22.374,-0.5,0.0,GOING_TO_ENDPOINT,dump_zone_3,load_zone_26,0.00025,0.00067
1223.0,2026-07-02T15:35:53.218,3,-100.737,451.736,0.0,-0.5,1000.0,RETURNING_TO_START,load_zone_22,dump_zone_22,0.00025,0.00067
1224.0,2026-07-02T15:35:55.583,1,653.051,178.73,0.0,-0.5,1000.0,UNLOADING,load_zone_26,dump_zone_3,0.00025,0.00067
1224.0,2026-07-02T15:35:55.583,2,695.034,-141.498,20.574,-0.5,0.0,GOING_TO_ENDPOINT,dump_zone_3,load_zone_26,0.00025,0.00067
1224.0,2026-07-02T15:35:55.583,3,-100.737,451.736,0.0,-0.5,1000.0,RETURNING_TO_START,load_zone_22,dump_zone_22,0.00025,0.00067
1225.0,2026-07-02T15:35:58.401,1,653.051,178.73,0.0,-0.5,1000.0,UNLOADING,load_zone_26,dump_zone_3,0.00025,0.00067
1225.0,2026-07-02T15:35:58.401,2,698.884,-145.348,18.774,-0.5,0.0,GOING_TO_ENDPOINT,dump_zone_3,load_zone_26,0.00025,0.00067
1225.0,2026-07-02T15:35:58.401,3,-100.737,451.736,0.0,-0.5,1000.0,RETURNING_TO_START,load_zone_22,dump_zone_22,0.00025,0.00067
1226.0,2026-07-02T15:36:01.654,1,654.317,177.425,7.2,0.0,0.0,TURNING_AROUND,dump_zone_3,load_zone_26,0.000255,0.000683
1226.0,2026-07-02T15:36:01.654,2,702.001,-149.152,16.974,-0.5,0.0,GOING_TO_ENDPOINT,dump_zone_3,load_zone_26,0.00025,0.00067
1226.0,2026-07-02T15:36:01.654,3,-100.737,451.736,0.0,-0.5,1000.0,RETURNING_TO_START,load_zone_22,dump_zone_22,0.00025,0.00067
1227.0,2026-07-02T15:36:05.191,1,655.045,176.993,5.4,0.0,0.0,TURNING_AROUND,dump_zone_3,load_zone_26,0.000253,0.000678
1227.0,2026-07-02T15:36:05.191,2,703.006,-153.406,15.549,-0.0833,0.0,GOING_TO_ENDPOINT,dump_zone_3,load_zone_26,0.000256,0.000686
1227.0,2026-07-02T15:36:05.191,3,-100.737,451.736,0.0,-0.5,1000.0,RETURNING_TO_START,load_zone_22,dump_zone_22,0.00025,0.00067
1228.0,2026-07-02T15:36:08.217,1,654.698,177.131,7.2,0.0,0.0,TURNING_AROUND,dump_zone_3,load_zone_26,0.000255,0.000683
1228.0,2026-07-02T15:36:08.217,2,702.62,-157.874,17.199,0.9167,0.0,GOING_TO_ENDPOINT,dump_zone_3,load_zone_26,0.000312,0.000836
1228.0,2026-07-02T15:36:08.217,3,-100.737,451.736,0.0,-0.5,1000.0,RETURNING_TO_START,load_zone_22,dump_zone_22,0.00025,0.00067
1229.0,2026-07-02T15:36:12.136,1,656.381,178.173,7.2,0.0,0.0,TURNING_AROUND,dump_zone_3,load_zone_26,0.000255,0.000683
1229.0,2026-07-02T15:36:12.136,2,702.505,-163.096,19.674,0.25,0.0,GOING_TO_ENDPOINT,dump_zone_3,load_zone_26,0.000278,0.000745
1229.0,2026-07-02T15:36:12.136,3,-100.737,451.736,0.0,-0.5,1000.0,RETURNING_TO_START,load_zone_22,dump_zone_22,0.00025,0.00067
1230.0,2026-07-02T15:36:14.174,1,656.161,177.573,5.4,0.0,0.0,TURNING_AROUND,dump_zone_3,load_zone_26,0.000253,0.000678
1230.0,2026-07-02T15:36:14.174,2,702.498,-168.492,18.774,-0.5,0.0,GOING_TO_ENDPOINT,dump_zone_3,load_zone_26,0.00025,0.00067
1230.0,2026-07-02T15:36:14.174,3,-100.737,451.736,0.0,-0.5,1000.0,RETURNING_TO_START,load_zone_22,dump_zone_22,0.00025,0.00067
1231.0,2026-07-02T15:36:17.280,1,656.084,177.379,0.025,0.0833,0.0,GOING_TO_ENDPOINT,dump_zone_3,load_zone_26,0.00025,0.00067
1231.0,2026-07-02T15:36:17.280,2,702.5,-173.436,16.974,-0.5,0.0,GOING_TO_ENDPOINT,dump_zone_3,load_zone_26,0.00025,0.00067
1231.0,2026-07-02T15:36:17.280,3,-100.737,451.736,0.0,-0.5,1000.0,RETURNING_TO_START,load_zone_22,dump_zone_22,0.00025,0.00067
1232.0,2026-07-02T15:36:20.525,1,656.074,177.641,2.25,1.0,0.0,GOING_TO_ENDPOINT,dump_zone_3,load_zone_26,0.000259,0.000694
1232.0,2026-07-02T15:36:20.525,2,702.5,-177.88,15.174,-0.5,0.0,GOING_TO_ENDPOINT,dump_zone_3,load_zone_26,0.00025,0.00067
1232.0,2026-07-02T15:36:20.525,3,-100.737,451.736,0.0,-0.5,1000.0,RETURNING_TO_START,load_zone_22,dump_zone_22,0.00025,0.00067
1233.0,2026-07-02T15:36:24.044,1,655.817,178.775,5.85,1.0,0.0,GOING_TO_ENDPOINT,dump_zone_3,load_zone_26,0.000273,0.000732
1233.0,2026-07-02T15:36:24.044,2,702.5,-181.824,13.374,-0.5,0.0,GOING_TO_ENDPOINT,dump_zone_3,load_zone_26,0.00025,0.00067
1233.0,2026-07-02T15:36:24.044,3,-100.737,451.736,0.0,-0.5,1000.0,RETURNING_TO_START,load_zone_22,dump_zone_22,0.00025,0.00067
1234.0,2026-07-02T15:36:27.495,1,654.527,180.483,9.45,1.0,0.0,GOING_TO_ENDPOINT,dump_zone_3,load_zone_26,0.000287,0.000769
1234.0,2026-07-02T15:36:27.495,2,702.5,-185.268,11.574,-0.5,0.0,GOING_TO_ENDPOINT,dump_zone_3,load_zone_26,0.00025,0.00067
1234.0,2026-07-02T15:36:27.495,3,-100.737,451.736,0.0,-0.5,1000.0,RETURNING_TO_START,load_zone_22,dump_zone_22,0.00025,0.00067
1235.0,2026-07-02T15:36:31.757,1,651.863,182.193,13.05,1.0,0.0,GOING_TO_ENDPOINT,dump_zone_3,load_zone_26,0.0003,0.000804
1235.0,2026-07-02T15:36:31.757,2,702.5,-188.212,9.774,-0.5,0.0,GOING_TO_ENDPOINT,dump_zone_3,load_zone_26,0.00025,0.00067
1235.0,2026-07-02T15:36:31.757,3,-100.737,451.736,0.0,-0.5,1000.0,RETURNING_TO_START,load_zone_22,dump_zone_22,0.00025,0.00067
1236.0,2026-07-02T15:36:36.332,1,648.731,184.879,16.275,0.5833,0.0,GOING_TO_ENDPOINT,dump_zone_3,load_zone_26,0.000291,0.00078
1236.0,2026-07-02T15:36:36.332,2,702.125,-190.605,7.974,-0.5,0.0,GOING_TO_ENDPOINT,dump_zone_3,load_zone_26,0.00025,0.00067
1236.0,2026-07-02T15:36:36.332,3,-100.737,451.736,0.0,-0.5,1000.0,RETURNING_TO_START,load_zone_22,dump_zone_22,0.00025,0.00067
1237.0,2026-07-02T15:36:40.716,1,647.466,189.266,16.425,-0.4167,0.0,GOING_TO_ENDPOINT,dump_zone_3,load_zone_26,0.00025,0.00067
1237.0,2026-07-02T15:36:40.716,2,701.88,-192.515,6.174,-0.5,0.0,GOING_TO_ENDPOINT,dump_zone_3,load_zone_26,0.00025,0.00067
1237.0,2026-07-02T15:36:40.716,3,-100.737,451.736,0.0,-0.5,1000.0,RETURNING_TO_START,load_zone_22,dump_zone_22,0.00025,0.00067
1238.0,2026-07-02T15:36:44.331,1,647.47,193.557,14.625,-0.5,0.0,GOING_TO_ENDPOINT,dump_zone_3,load_zone_26,0.00025,0.00067
1238.0,2026-07-02T15:36:44.331,2,702.293,-193.891,4.374,-0.5,0.0,GOING_TO_ENDPOINT,dump_zone_3,load_zone_26,0.00025,0.00067
1238.0,2026-07-02T15:36:44.331,3,-100.737,451.736,0.0,-0.5,1000.0,RETURNING_TO_START,load_zone_22,dump_zone_22,0.00025,0.00067
1239.0,2026-07-02T15:36:48.852,1,647.498,197.348,12.825,-0.5,0.0,GOING_TO_ENDPOINT,dump_zone_3,load_zone_26,0.00025,0.00067
1239.0,2026-07-02T15:36:48.852,2,702.813,-194.677,2.574,-0.5,0.0,LOADING,dump_zone_3,load_zone_26,0.00025,0.00067
1239.0,2026-07-02T15:36:48.852,3,-100.737,451.736,0.0,-0.5,1000.0,RETURNING_TO_START,load_zone_22,dump_zone_22,0.00025,0.00067
1240.0,2026-07-02T15:36:54.143,1,646.744,200.53,11.725,0.0833,0.0,GOING_TO_ENDPOINT,dump_zone_3,load_zone_26,0.000261,0.000699
1240.0,2026-07-02T15:36:54.143,2,703.113,-195.004,0.774,-0.5,0.0,LOADING,dump_zone_3,load_zone_26,0.00025,0.00067
1240.0,2026-07-02T15:36:54.143,3,-100.737,451.736,0.0,-0.5,1000.0,RETURNING_TO_START,load_zone_22,dump_zone_22,0.00025,0.00067
1241.0,2026-07-02T15:36:58.581,1,643.769,202.173,13.95,1.0,0.0,GOING_TO_ENDPOINT,dump_zone_3,load_zone_26,0.000304,0.000815
1241.0,2026-07-02T15:36:58.581,2,703.14,-195.031,0.0,-0.5,0.0,LOADING,dump_zone_3,load_zone_26,0.00025,0.00067
1241.0,2026-07-02T15:36:58.581,3,-100.737,451.736,0.0,-0.5,1000.0,RETURNING_TO_START,load_zone_22,dump_zone_22,0.00025,0.00067
1242.0,2026-07-02T15:37:01.873,1,640.002,200.242,17.55,1.0,0.0,GOING_TO_ENDPOINT,dump_zone_3,load_zone_26,0.000318,0.000852
1242.0,2026-07-02T15:37:01.873,2,703.798,-195.539,7.2,0.0,1000.0,TURNING_AROUND,load_zone_26,dump_zone_3,0.000258,0.000691
1242.0,2026-07-02T15:37:01.873,3,-100.737,451.736,0.0,-0.5,1000.0,RETURNING_TO_START,load_zone_22,dump_zone_22,0.00025,0.00067
1243.0,2026-07-02T15:37:04.966,1,636.063,196.675,20.45,0.4167,0.0,GOING_TO_ENDPOINT,dump_zone_3,load_zone_26,0.000291,0.00078
1243.0,2026-07-02T15:37:04.966,2,705.686,-196.132,7.2,0.0,1000.0,TURNING_AROUND,load_zone_26,dump_zone_3,0.000258,0.000691
1243.0,2026-07-02T15:37:04.966,3,-100.737,451.736,0.0,-0.5,1000.0,RETURNING_TO_START,load_zone_22,dump_zone_22,0.00025,0.00067
1244.0,2026-07-02T15:37:07.327,1,630.542,195.385,20.025,-0.5,0.0,GOING_TO_ENDPOINT,dump_zone_3,load_zone_26,0.00025,0.00067
1244.0,2026-07-02T15:37:07.327,2,704.795,-196.359,5.4,0.0,1000.0,TURNING_AROUND,load_zone_26,dump_zone_3,0.000256,0.000686
1244.0,2026-07-02T15:37:07.327,3,-100.737,451.736,0.0,-0.5,1000.0,RETURNING_TO_START,load_zone_22,dump_zone_22,0.00025,0.00067
1245.0,2026-07-02T15:37:09.454,1,625.286,194.775,18.225,-0.5,0.0,GOING_TO_ENDPOINT,dump_zone_3,load_zone_26,0.00025,0.00067
1245.0,2026-07-02T15:37:09.454,2,705.915,-195.497,7.2,0.0,1000.0,TURNING_AROUND,load_zone_26,dump_zone_3,0.000258,0.000691
1245.0,2026-07-02T15:37:09.454,3,-100.737,451.736,0.0,-0.5,1000.0,RETURNING_TO_START,load_zone_22,dump_zone_22,0.00025,0.00067
1246.0,2026-07-02T15:37:12.108,1,620.525,194.236,16.425,-0.5,0.0,GOING_TO_ENDPOINT,dump_zone_3,load_zone_26,0.00025,0.00067
1246.0,2026-07-02T15:37:12.108,2,706.587,-194.589,5.4,0.0,1000.0,TURNING_AROUND,load_zone_26,dump_zone_3,0.000256,0.000686
1246.0,2026-07-02T15:37:12.108,3,-100.737,451.736,0.0,-0.5,1000.0,RETURNING_TO_START,load_zone_22,dump_zone_22,0.00025,0.00067
1247.0,2026-07-02T15:37:15.583,1,616.246,193.908,14.625,-0.5,0.0,GOING_TO_ENDPOINT,dump_zone_3,load_zone_26,0.00025,0.00067
1247.0,2026-07-02T15:37:15.583,2,706.524,-194.826,0.15,0.25,1000.0,RETURNING_TO_START,load_zone_26,dump_zone_3,0.00025,0.00067
1247.0,2026-07-02T15:37:15.583,3,-100.737,451.736,0.0,-0.5,1000.0,RETURNING_TO_START,load_zone_22,dump_zone_22,0.00025,0.00067
1248.0,2026-07-02T15:37:18.845,1,612.456,193.828,12.825,-0.5,0.0,GOING_TO_ENDPOINT,dump_zone_3,load_zone_26,0.00025,0.00067
1248.0,2026-07-02T15:37:18.845,2,706.507,-194.444,2.85,1.0,1000.0,RETURNING_TO_START,load_zone_26,dump_zone_3,0.000268,0.000718
1248.0,2026-07-02T15:37:18.845,3,-100.737,451.736,0.0,-0.5,1000.0,RETURNING_TO_START,load_zone_22,dump_zone_22,0.00025,0.00067
1249.0,2026-07-02T15:37:23.142,1,609.202,194.244,11.025,-0.5,0.0,GOING_TO_ENDPOINT,dump_zone_3,load_zone_26,0.00025,0.00067
1249.0,2026-07-02T15:37:23.142,2,706.16,-193.163,6.45,1.0,1000.0,RETURNING_TO_START,load_zone_26,dump_zone_3,0.000292,0.000783
1249.0,2026-07-02T15:37:23.142,3,-100.737,451.736,0.0,-0.5,1000.0,RETURNING_TO_START,load_zone_22,dump_zone_22,0.00025,0.00067
1250.0,2026-07-02T15:37:27.583,1,606.723,195.502,9.225,-0.5,0.0,GOING_TO_ENDPOINT,dump_zone_3,load_zone_26,0.00025,0.00067
1250.0,2026-07-02T15:37:27.583,2,704.794,-191.285,10.05,1.0,1000.0,RETURNING_TO_START,load_zone_26,dump_zone_3,0.000315,0.000844
1250.0,2026-07-02T15:37:27.583,3,-100.737,451.736,0.0,-0.5,1000.0,RETURNING_TO_START,load_zone_22,dump_zone_22,0.00025,0.00067
1251.0,2026-07-02T15:37:31.533,1,604.727,196.624,7.425,-0.5,0.0,GOING_TO_ENDPOINT,dump_zone_3,load_zone_26,0.00025,0.00067
1251.0,2026-07-02T15:37:31.533,2,702.359,-189.012,13.65,1.0,1000.0,RETURNING_TO_START,load_zone_26,dump_zone_3,0.000338,0.000906
1251.0,2026-07-02T15:37:31.533,3,-100.737,451.736,0.0,-0.5,1000.0,RETURNING_TO_START,load_zone_22,dump_zone_22,0.00025,0.00067
1252.0,2026-07-02T15:37:37.460,1,603.104,197.396,5.775,-0.25,0.0,GOING_TO_ENDPOINT,dump_zone_3,load_zone_26,0.00025,0.00067
1252.0,2026-07-02T15:37:37.460,2,699.365,-185.9,17.25,1.0,1000.0,RETURNING_TO_START,load_zone_26,dump_zone_3,0.000361,0.000967
1252.0,2026-07-02T15:37:37.460,3,-100.737,451.736,0.0,-0.5,1000.0,RETURNING_TO_START,load_zone_22,dump_zone_22,0.00025,0.00067
1253.0,2026-07-02T15:37:42.419,1,601.663,198.051,5.44,-0.3651,0.0,GOING_TO_ENDPOINT,dump_zone_3,load_zone_26,0.00025,0.00067
1253.0,2026-07-02T15:37:42.419,2,697.607,-180.961,20.15,0.4167,1000.0,RETURNING_TO_START,load_zone_26,dump_zone_3,0.000317,0.00085
1253.0,2026-07-02T15:37:42.419,3,-100.737,451.736,0.0,-0.5,1000.0,RETURNING_TO_START,load_zone_22,dump_zone_22,0.00025,0.00067
1254.0,2026-07-02T15:37:44.304,1,600.455,198.376,3.696,-0.5,0.0,GOING_TO_ENDPOINT,dump_zone_3,load_zone_26,0.00025,0.00067
1254.0,2026-07-02T15:37:44.304,2,697.444,-175.356,19.725,-0.5,1000.0,RETURNING_TO_START,load_zone_26,dump_zone_3,0.00025,0.00067
1254.0,2026-07-02T15:37:44.304,3,-100.737,451.736,0.0,-0.5,1000.0,RETURNING_TO_START,load_zone_22,dump_zone_22,0.00025,0.00067
1255.0,2026-07-02T15:37:48.363,1,599.535,198.377,3.546,0.4167,0.0,GOING_TO_ENDPOINT,dump_zone_3,load_zone_26,0.000257,0.000689
1255.0,2026-07-02T15:37:48.363,2,697.495,-170.148,17.925,-0.5,1000.0,RETURNING_TO_START,load_zone_26,dump_zone_3,0.00025,0.00067
1255.0,2026-07-02T15:37:48.363,3,-100.737,451.736,0.0,-0.5,1000.0,RETURNING_TO_START,load_zone_22,dump_zone_22,0.00025,0.00067
1256.0,2026-07-02T15:37:52.653,1,598.201,197.973,6.621,1.0,0.0,GOING_TO_ENDPOINT,dump_zone_3,load_zone_26,0.000276,0.00074
1256.0,2026-07-02T15:37:52.653,2,697.502,-165.44,16.125,-0.5,1000.0,RETURNING_TO_START,load_zone_26,dump_zone_3,0.00025,0.00067
1256.0,2026-07-02T15:37:52.653,3,-100.737,451.736,0.0,-0.5,1000.0,RETURNING_TO_START,load_zone_22,dump_zone_22,0.00025,0.00067
1257.0,2026-07-02T15:37:56.943,1,596.53,196.329,10.221,1.0,0.0,GOING_TO_ENDPOINT,dump_zone_3,load_zone_26,0.00029,0.000777
1257.0,2026-07-02T15:37:56.943,2,697.5,-161.231,14.325,-0.5,1000.0,RETURNING_TO_START,load_zone_26,dump_zone_3,0.00025,0.00067
1257.0,2026-07-02T15:37:56.943,3,-100.737,451.736,0.0,-0.5,1000.0,RETURNING_TO_START,load_zone_22,dump_zone_22,0.00025,0.00067
1258.0,2026-07-02T15:38:01.742,1,596.324,193.056,13.821,1.0,0.0,GOING_TO_ENDPOINT,dump_zone_3,load_zone_26,0.000303,0.000812
1258.0,2026-07-02T15:38:01.742,2,697.5,-157.523,12.525,-0.5,1000.0,RETURNING_TO_START,load_zone_26,dump_zone_3,0.00025,0.00067
1258.0,2026-07-02T15:38:01.742,3,-100.737,451.736,0.0,-0.5,1000.0,RETURNING_TO_START,load_zone_22,dump_zone_22,0.00025,0.00067
1259.0,2026-07-02T15:38:07.691,1,598.853,189.498,17.421,1.0,0.0,GOING_TO_ENDPOINT,dump_zone_3,load_zone_26,0.000317,0.00085
1259.0,2026-07-02T15:38:07.691,2,697.5,-154.315,10.725,-0.5,1000.0,RETURNING_TO_START,load_zone_26,dump_zone_3,0.00025,0.00067
1259.0,2026-07-02T15:38:07.691,3,-100.737,451.736,0.0,-0.5,1000.0,RETURNING_TO_START,load_zone_22,dump_zone_22,0.00025,0.00067
1260.0,2026-07-02T15:38:11.799,1,601.258,184.695,21.021,1.0,0.0,GOING_TO_ENDPOINT,dump_zone_3,load_zone_26,0.000331,0.000887
1260.0,2026-07-02T15:38:11.799,2,697.484,-151.607,8.925,-0.5,1000.0,RETURNING_TO_START,load_zone_26,dump_zone_3,0.00025,0.00067
1260.0,2026-07-02T15:38:11.799,3,-100.737,451.736,0.0,-0.5,1000.0,RETURNING_TO_START,load_zone_22,dump_zone_22,0.00025,0.00067
1261.0,2026-07-02T15:38:16.079,1,602.429,178.451,24.621,1.0,0.0,GOING_TO_ENDPOINT,dump_zone_3,load_zone_26,0.000345,0.000925
1261.0,2026-07-02T15:38:16.079,2,696.809,-149.483,7.825,0.0833,1000.0,RETURNING_TO_START,load_zone_26,dump_zone_3,0.000262,0.000702
1261.0,2026-07-02T15:38:16.079,3,-100.737,451.736,0.0,-0.5,1000.0,RETURNING_TO_START,load_zone_22,dump_zone_22,0.00025,0.00067
1262.0,2026-07-02T15:38:21.220,1,602.508,171.189,27.145,0.5129,0.0,GOING_TO_ENDPOINT,dump_zone_3,load_zone_26,0.000312,0.000836
1262.0,2026-07-02T15:38:21.220,2,695.147,-147.719,10.05,1.0,1000.0,RETURNING_TO_START,load_zone_26,dump_zone_3,0.000315,0.000844
1262.0,2026-07-02T15:38:21.220,3,-100.737,451.736,0.0,-0.5,1000.0,RETURNING_TO_START,load_zone_22,dump_zone_22,0.00025,0.00067
1263.0,2026-07-02T15:38:25.807,1,602.499,163.492,27.641,-0.3205,0.0,GOING_TO_ENDPOINT,dump_zone_3,load_zone_26,0.00025,0.00067
1263.0,2026-07-02T15:38:25.807,2,692.585,-145.587,13.65,1.0,1000.0,RETURNING_TO_START,load_zone_26,dump_zone_3,0.000338,0.000906
1263.0,2026-07-02T15:38:25.807,3,-100.737,451.736,0.0,-0.5,1000.0,RETURNING_TO_START,load_zone_22,dump_zone_22,0.00025,0.00067
1264.0,2026-07-02T15:38:30.214,1,602.5,156.017,26.414,-0.0833,0.0,GOING_TO_ENDPOINT,dump_zone_3,load_zone_26,0.00026,0.000697
1264.0,2026-07-02T15:38:30.214,2,689.319,-142.739,17.25,1.0,1000.0,RETURNING_TO_START,load_zone_26,dump_zone_3,0.000361,0.000967
1264.0,2026-07-02T15:38:30.214,3,-100.737,451.736,0.0,-0.5,1000.0,RETURNING_TO_START,load_zone_22,dump_zone_22,0.00025,0.00067
1265.0,2026-07-02T15:38:34.121,1,602.5,148.637,26.764,0.25,0.0,GOING_TO_ENDPOINT,dump_zone_3,load_zone_26,0.000289,0.000775
1265.0,2026-07-02T15:38:34.121,2,685.489,-139.029,20.85,1.0,1000.0,RETURNING_TO_START,load_zone_26,dump_zone_3,0.000384,0.001029
1265.0,2026-07-02T15:38:34.121,3,-100.737,451.736,0.0,-0.5,1000.0,RETURNING_TO_START,load_zone_22,dump_zone_22,0.00025,0.00067
1266.0,2026-07-02T15:38:39.124,1,602.5,141.086,27.607,0.4603,0.0,GOING_TO_ENDPOINT,dump_zone_3,load_zone_26,0.000309,0.000828
1266.0,2026-07-02T15:38:39.124,2,681.129,-134.666,22.8,0.0833,1000.0,RETURNING_TO_START,load_zone_26,dump_zone_3,0.000284,0.000761
1266.0,2026-07-02T15:38:39.124,3,-100.737,451.736,0.0,-0.5,1000.0,RETURNING_TO_START,load_zone_22,dump_zone_22,0.00025,0.00067
1267.0,2026-07-02T15:38:44.260,1,602.5,133.263,28.215,-0.2179,0.0,GOING_TO_ENDPOINT,dump_zone_3,load_zone_26,0.00025,0.00067
1267.0,2026-07-02T15:38:44.260,2,676.637,-130.172,23.167,0.1384,1000.0,RETURNING_TO_START,load_zone_26,dump_zone_3,0.000292,0.000783
1267.0,2026-07-02T15:38:44.260,3,-100.737,451.736,0.0,-0.5,1000.0,RETURNING_TO_START,load_zone_22,dump_zone_22,0.00025,0.00067
1268.0,2026-07-02T15:38:49.035,1,602.5,125.579,27.244,-0.1366,0.0,GOING_TO_ENDPOINT,dump_zone_3,load_zone_26,0.000255,0.000683
1268.0,2026-07-02T15:38:49.035,2,672.172,-125.708,22.008,-0.5,1000.0,RETURNING_TO_START,load_zone_26,dump_zone_3,0.00025,0.00067
1268.0,2026-07-02T15:38:49.035,3,-100.737,451.736,0.0,-0.5,1000.0,RETURNING_TO_START,load_zone_22,dump_zone_22,0.00025,0.00067
1269.0,2026-07-02T15:38:53.210,1,602.5,118.101,26.593,-0.1104,0.0,GOING_TO_ENDPOINT,dump_zone_3,load_zone_26,0.000257,0.000689
1269.0,2026-07-02T15:38:53.210,2,668.041,-121.576,20.208,-0.5,1000.0,RETURNING_TO_START,load_zone_26,dump_zone_3,0.00025,0.00067
1269.0,2026-07-02T15:38:53.210,3,-100.737,451.736,0.0,-0.5,1000.0,RETURNING_TO_START,load_zone_22,dump_zone_22,0.00025,0.00067
1270.0,2026-07-02T15:38:57.931,1,602.5,110.581,27.741,0.3027,0.0,GOING_TO_ENDPOINT,dump_zone_3,load_zone_26,0.000295,0.000791
1270.0,2026-07-02T15:38:57.931,2,664.263,-117.799,18.408,-0.5,1000.0,RETURNING_TO_START,load_zone_26,dump_zone_3,0.00025,0.00067
1270.0,2026-07-02T15:38:57.931,3,-100.737,451.736,0.0,-0.5,1000.0,RETURNING_TO_START,load_zone_22,dump_zone_22,0.00025,0.00067
1271.0,2026-07-02T15:39:02.550,1,602.5,102.821,27.918,-0.0163,0.0,GOING_TO_ENDPOINT,dump_zone_3,load_zone_26,0.000266,0.000713
1271.0,2026-07-02T15:39:02.550,2,660.839,-114.374,16.608,-0.5,1000.0,RETURNING_TO_START,load_zone_26,dump_zone_3,0.00025,0.00067
1271.0,2026-07-02T15:39:02.550,3,-100.737,451.736,0.0,-0.5,1000.0,RETURNING_TO_START,load_zone_22,dump_zone_22,0.00025,0.00067
1272.0,2026-07-02T15:39:06.957,1,602.5,94.961,28.41,-0.1829,0.0,GOING_TO_ENDPOINT,dump_zone_3,load_zone_26,0.000251,0.000673
1272.0,2026-07-02T15:39:06.957,2,657.768,-111.304,14.808,-0.5,1000.0,RETURNING_TO_START,load_zone_26,dump_zone_3,0.00025,0.00067
1272.0,2026-07-02T15:39:06.957,3,-100.737,451.736,0.0,-0.5,1000.0,RETURNING_TO_START,load_zone_22,dump_zone_22,0.00025,0.00067
1273.0,2026-07-02T15:39:11.567,1,602.5,87.106,28.286,-0.108,0.0,GOING_TO_ENDPOINT,dump_zone_3,load_zone_26,0.000258,0.000691
1273.0,2026-07-02T15:39:11.567,2,655.051,-108.587,13.008,-0.5,1000.0,RETURNING_TO_START,load_zone_26,dump_zone_3,0.00025,0.00067
1273.0,2026-07-02T15:39:11.567,3,-100.737,451.736,0.0,-0.5,1000.0,RETURNING_TO_START,load_zone_22,dump_zone_22,0.00025,0.00067
1274.0,2026-07-02T15:39:17.212,1,602.5,79.383,27.547,0.0587,0.0,GOING_TO_ENDPOINT,dump_zone_3,load_zone_26,0.000273,0.000732
1274.0,2026-07-02T15:39:17.212,2,652.688,-106.223,11.208,-0.5,1000.0,RETURNING_TO_START,load_zone_26,dump_zone_3,0.00025,0.00067
1274.0,2026-07-02T15:39:17.212,3,-100.737,451.736,0.0,-0.5,1000.0,RETURNING_TO_START,load_zone_22,dump_zone_22,0.00025,0.00067
1275.0,2026-07-02T15:39:22.037,1,602.5,71.595,28.343,0.085,0.0,GOING_TO_ENDPOINT,dump_zone_3,load_zone_26,0.000276,0.00074
1275.0,2026-07-02T15:39:22.037,2,650.678,-104.213,9.408,-0.5,1000.0,RETURNING_TO_START,load_zone_26,dump_zone_3,0.00025,0.00067
1275.0,2026-07-02T15:39:22.037,3,-100.737,451.736,0.0,-0.5,1000.0,RETURNING_TO_START,load_zone_22,dump_zone_22,0.00025,0.00067
1276.0,2026-07-02T15:39:27.547,1,602.5,63.697,28.283,-0.0213,0.0,GOING_TO_ENDPOINT,dump_zone_3,load_zone_26,0.000266,0.000713
1276.0,2026-07-02T15:39:27.547,2,648.949,-102.64,7.633,-0.4167,1000.0,RETURNING_TO_START,load_zone_26,dump_zone_3,0.00025,0.00067
1276.0,2026-07-02T15:39:27.547,3,-100.737,451.736,0.0,-0.5,1000.0,RETURNING_TO_START,load_zone_22,dump_zone_22,0.00025,0.00067
1277.0,2026-07-02T15:39:32.205,1,602.5,55.934,27.556,-0.188,0.0,GOING_TO_ENDPOINT,dump_zone_3,load_zone_26,0.000251,0.000673
1277.0,2026-07-02T15:39:32.205,2,646.964,-102.011,8.083,0.5833,1000.0,RETURNING_TO_START,load_zone_26,dump_zone_3,0.000284,0.000761
1277.0,2026-07-02T15:39:32.205,3,-100.737,451.736,0.0,-0.5,1000.0,RETURNING_TO_START,load_zone_22,dump_zone_22,0.00025,0.00067
1278.0,2026-07-02T15:39:36.232,1,602.5,48.411,26.93,-0.0213,0.0,GOING_TO_ENDPOINT,dump_zone_3,load_zone_26,0.000265,0.00071
1278.0,2026-07-02T15:39:36.232,2,644.243,-102.049,11.433,1.0,1000.0,RETURNING_TO_START,load_zone_26,dump_zone_3,0.000324,0.000868
1278.0,2026-07-02T15:39:36.232,3,-100.737,451.736,0.0,-0.5,1000.0,RETURNING_TO_START,load_zone_22,dump_zone_22,0.00025,0.00067
1279.0,2026-07-02T15:39:40.002,1,602.5,40.747,28.432,0.4193,0.0,GOING_TO_ENDPOINT,dump_zone_3,load_zone_26,0.000307,0.000823
1279.0,2026-07-02T15:39:40.002,2,640.535,-102.315,15.033,1.0,1000.0,RETURNING_TO_START,load_zone_26,dump_zone_3,0.000347,0.00093
1279.0,2026-07-02T15:39:40.002,3,-100.737,451.736,0.0,-0.5,1000.0,RETURNING_TO_START,load_zone_22,dump_zone_22,0.00025,0.00067
1280.0,2026-07-02T15:39:44.839,1,602.5,32.822,28.255,-0.154,0.0,GOING_TO_ENDPOINT,dump_zone_3,load_zone_26,0.000254,0.000681
1280.0,2026-07-02T15:39:44.839,2,635.821,-102.478,18.633,1.0,1000.0,RETURNING_TO_START,load_zone_26,dump_zone_3,0.00037,0.000992
1280.0,2026-07-02T15:39:44.839,3,-100.737,451.736,0.0,-0.5,1000.0,RETURNING_TO_START,load_zone_22,dump_zone_22,0.00025,0.00067
1281.0,2026-07-02T15:39:50.396,1,602.5,25.042,27.851,0.096,0.0,GOING_TO_ENDPOINT,dump_zone_3,load_zone_26,0.000276,0.00074
1281.0,2026-07-02T15:39:50.396,2,630.269,-102.502,20.583,0.0833,1000.0,RETURNING_TO_START,load_zone_26,dump_zone_3,0.000281,0.000753
1281.0,2026-07-02T15:39:50.396,3,-100.737,451.736,0.0,-0.5,1000.0,RETURNING_TO_START,load_zone_22,dump_zone_22,0.00025,0.00067
1282.0,2026-07-02T15:39:55.384,1,602.5,17.287,27.996,0.096,0.0,GOING_TO_ENDPOINT,dump_zone_3,load_zone_26,0.000276,0.00074
1282.0,2026-07-02T15:39:55.384,2,624.697,-102.5,19.308,-0.5,1000.0,RETURNING_TO_START,load_zone_26,dump_zone_3,0.00025,0.00067
1282.0,2026-07-02T15:39:55.384,3,-100.737,451.736,0.0,-0.5,1000.0,RETURNING_TO_START,load_zone_22,dump_zone_22,0.00025,0.00067
1283.0,2026-07-02T15:39:59.689,1,602.5,9.547,27.451,-0.1843,0.0,GOING_TO_ENDPOINT,dump_zone_3,load_zone_26,0.000251,0.000673
1283.0,2026-07-02T15:39:59.689,2,619.604,-102.5,17.508,-0.5,1000.0,RETURNING_TO_START,load_zone_26,dump_zone_3,0.00025,0.00067
1283.0,2026-07-02T15:39:59.689,3,-100.737,451.736,0.0,-0.5,1000.0,RETURNING_TO_START,load_zone_22,dump_zone_22,0.00025,0.00067
1284.0,2026-07-02T15:40:04.458,1,602.5,1.931,27.429,-0.0034,0.0,GOING_TO_ENDPOINT,dump_zone_3,load_zone_26,0.000267,0.000716
1284.0,2026-07-02T15:40:04.458,2,615.012,-102.5,15.708,-0.5,1000.0,RETURNING_TO_START,load_zone_26,dump_zone_3,0.00025,0.00067
1284.0,2026-07-02T15:40:04.458,3,-100.737,451.736,0.0,-0.5,1000.0,RETURNING_TO_START,load_zone_22,dump_zone_22,0.00025,0.00067
1285.0,2026-07-02T15:40:10.170,1,602.5,-5.812,28.367,0.2466,0.0,GOING_TO_ENDPOINT,dump_zone_3,load_zone_26,0.000291,0.00078
1285.0,2026-07-02T15:40:10.170,2,610.919,-102.5,13.908,-0.5,1000.0,RETURNING_TO_START,load_zone_26,dump_zone_3,0.00025,0.00067
1285.0,2026-07-02T15:40:10.170,3,-100.737,451.736,0.0,-0.5,1000.0,RETURNING_TO_START,load_zone_22,dump_zone_22,0.00025,0.00067
1286.0,2026-07-02T15:40:15.793,1,602.5,-13.687,28.081,-0.0559,0.0,GOING_TO_ENDPOINT,dump_zone_3,load_zone_26,0.000263,0.000705
1286.0,2026-07-02T15:40:15.793,2,607.327,-102.5,12.108,-0.5,1000.0,RETURNING_TO_START,load_zone_26,dump_zone_3,0.00025,0.00067
1286.0,2026-07-02T15:40:15.793,3,-100.737,451.736,0.0,-0.5,1000.0,RETURNING_TO_START,load_zone_22,dump_zone_22,0.00025,0.00067
1287.0,2026-07-02T15:40:20.382,1,602.5,-21.57,28.43,-0.2225,0.0,GOING_TO_ENDPOINT,dump_zone_3,load_zone_26,0.00025,0.00067
1287.0,2026-07-02T15:40:20.382,2,604.234,-102.5,10.308,-0.5,1000.0,RETURNING_TO_START,load_zone_26,dump_zone_3,0.00025,0.00067
1287.0,2026-07-02T15:40:20.382,3,-100.737,451.736,0.0,-0.5,1000.0,RETURNING_TO_START,load_zone_22,dump_zone_22,0.00025,0.00067
1288.0,2026-07-02T15:40:24.905,1,602.5,-29.271,27.279,-0.0559,0.0,GOING_TO_ENDPOINT,dump_zone_3,load_zone_26,0.000262,0.000702
1288.0,2026-07-02T15:40:24.905,2,601.642,-102.468,8.508,-0.5,1000.0,RETURNING_TO_START,load_zone_26,dump_zone_3,0.00025,0.00067
1288.0,2026-07-02T15:40:24.905,3,-100.737,451.736,0.0,-0.5,1000.0,RETURNING_TO_START,load_zone_22,dump_zone_22,0.00025,0.00067
1289.0,2026-07-02T15:40:29.268,1,602.5,-37.017,28.728,0.4441,0.0,GOING_TO_ENDPOINT,dump_zone_3,load_zone_26,0.000309,0.000828
1289.0,2026-07-02T15:40:29.268,2,599.589,-101.944,7.408,0.0833,1000.0,RETURNING_TO_START,load_zone_26,dump_zone_3,0.000261,0.000699
1289.0,2026-07-02T15:40:29.268,3,-100.737,451.736,0.0,-0.5,1000.0,RETURNING_TO_START,load_zone_22,dump_zone_22,0.00025,0.00067
1290.0,2026-07-02T15:40:33.378,1,602.5,-45.037,28.627,-0.2225,0.0,GOING_TO_ENDPOINT,dump_zone_3,load_zone_26,0.00025,0.00067
1290.0,2026-07-02T15:40:33.378,2,598.019,-100.342,8.908,0.25,1000.0,RETURNING_TO_START,load_zone_26,dump_zone_3,0.000271,0.000726
1290.0,2026-07-02T15:40:33.378,3,-100.737,451.736,0.0,-0.5,1000.0,RETURNING_TO_START,load_zone_22,dump_zone_22,0.00025,0.00067
1291.0,2026-07-02T15:40:38.422,1,602.5,-52.777,27.375,-0.1011,0.0,GOING_TO_ENDPOINT,dump_zone_3,load_zone_26,0.000258,0.000691
1291.0,2026-07-02T15:40:38.422,2,597.434,-98.024,8.131,-0.2954,1000.0,RETURNING_TO_START,load_zone_26,dump_zone_3,0.00025,0.00067
1291.0,2026-07-02T15:40:38.422,3,-100.737,451.736,0.0,-0.5,1000.0,RETURNING_TO_START,load_zone_22,dump_zone_22,0.00025,0.00067
1292.0,2026-07-02T15:40:42.080,1,602.5,-60.423,27.399,-0.3355,0.0,GOING_TO_ENDPOINT,dump_zone_3,load_zone_26,0.00025,0.00067
1292.0,2026-07-02T15:40:42.080,2,597.356,-95.717,9.017,0.7046,1000.0,RETURNING_TO_START,load_zone_26,dump_zone_3,0.000294,0.000788
1292.0,2026-07-02T15:40:42.080,3,-100.737,451.736,0.0,-0.5,1000.0,RETURNING_TO_START,load_zone_22,dump_zone_22,0.00025,0.00067
1293.0,2026-07-02T15:40:44.485,1,602.5,-67.77,25.623,-0.5,0.0,GOING_TO_ENDPOINT,dump_zone_3,load_zone_26,0.00025,0.00067
1293.0,2026-07-02T15:40:44.485,2,597.387,-92.701,12.501,1.0,1000.0,RETURNING_TO_START,load_zone_26,dump_zone_3,0.000331,0.000887
1293.0,2026-07-02T15:40:44.485,3,-100.737,451.736,0.0,-0.5,1000.0,RETURNING_TO_START,load_zone_22,dump_zone_22,0.00025,0.00067
1294.0,2026-07-02T15:40:47.703,1,602.5,-74.616,23.823,-0.5,0.0,GOING_TO_ENDPOINT,dump_zone_3,load_zone_26,0.00025,0.00067
1294.0,2026-07-02T15:40:47.703,2,597.466,-88.688,16.101,1.0,1000.0,RETURNING_TO_START,load_zone_26,dump_zone_3,0.000354,0.000949
1294.0,2026-07-02T15:40:47.703,3,-100.737,451.736,0.0,-0.5,1000.0,RETURNING_TO_START,load_zone_22,dump_zone_22,0.00025,0.00067
1295.0,2026-07-02T15:40:51.942,1,602.5,-80.963,22.023,-0.5,0.0,GOING_TO_ENDPOINT,dump_zone_3,load_zone_26,0.00025,0.00067
1295.0,2026-07-02T15:40:51.942,2,597.501,-83.674,19.701,1.0,1000.0,RETURNING_TO_START,load_zone_26,dump_zone_3,0.000377,0.00101
1295.0,2026-07-02T15:40:51.942,3,-100.737,451.736,0.0,-0.5,1000.0,RETURNING_TO_START,load_zone_22,dump_zone_22,0.00025,0.00067
1296.0,2026-07-02T15:40:55.719,1,602.5,-86.81,20.223,-0.5,0.0,GOING_TO_ENDPOINT,dump_zone_3,load_zone_26,0.00025,0.00067
1296.0,2026-07-02T15:40:55.719,2,597.501,-77.679,23.051,0.75,1000.0,RETURNING_TO_START,load_zone_26,dump_zone_3,0.000368,0.000986
1296.0,2026-07-02T15:40:55.719,3,-100.737,451.736,0.0,-0.5,1000.0,RETURNING_TO_START,load_zone_22,dump_zone_22,0.00025,0.00067
1297.0,2026-07-02T15:40:59.275,1,602.5,-92.156,18.423,-0.5,0.0,GOING_TO_ENDPOINT,dump_zone_3,load_zone_26,0.00025,0.00067
1297.0,2026-07-02T15:40:59.275,2,597.5,-71.08,23.801,-0.25,1000.0,RETURNING_TO_START,load_zone_26,dump_zone_3,0.00025,0.00067
1297.0,2026-07-02T15:40:59.275,3,-100.737,451.736,0.0,-0.5,1000.0,RETURNING_TO_START,load_zone_22,dump_zone_22,0.00025,0.00067
1298.0,2026-07-02T15:41:03.292,1,602.5,-97.003,16.623,-0.5,0.0,GOING_TO_ENDPOINT,dump_zone_3,load_zone_26,0.00025,0.00067
1298.0,2026-07-02T15:41:03.292,2,597.5,-64.638,22.878,-0.2597,1000.0,RETURNING_TO_START,load_zone_26,dump_zone_3,0.00025,0.00067
1298.0,2026-07-02T15:41:03.292,3,-100.737,451.736,0.0,-0.5,1000.0,RETURNING_TO_START,load_zone_22,dump_zone_22,0.00025,0.00067
1299.0,2026-07-02T15:41:07.574,1,602.723,-101.341,15.523,0.0833,0.0,GOING_TO_ENDPOINT,dump_zone_3,load_zone_26,0.000264,0.000708
1299.0,2026-07-02T15:41:07.574,2,597.5,-58.487,21.847,0.0833,1000.0,RETURNING_TO_START,load_zone_26,dump_zone_3,0.000283,0.000758
1299.0,2026-07-02T15:41:07.574,3,-100.737,451.736,0.0,-0.5,1000.0,RETURNING_TO_START,load_zone_22,dump_zone_22,0.00025,0.00067
1300.0,2026-07-02T15:41:11.657,1,606.361,-103.674,17.748,1.0,0.0,GOING_TO_ENDPOINT,dump_zone_3,load_zone_26,0.000319,0.000855
1300.0,2026-07-02T15:41:11.657,2,597.5,-52.342,22.143,0.082,1000.0,RETURNING_TO_START,load_zone_26,dump_zone_3,0.000283,0.000758
1300.0,2026-07-02T15:41:11.657,3,-100.737,451.736,0.0,-0.5,1000.0,RETURNING_TO_START,load_zone_22,dump_zone_22,0.00025,0.00067
1301.0,2026-07-02T15:41:15.778,1,610.824,-100.828,21.348,1.0,0.0,GOING_TO_ENDPOINT,dump_zone_3,load_zone_26,0.000333,0.000892
1301.0,2026-07-02T15:41:15.778,2,597.5,-46.004,23.438,0.2486,1000.0,RETURNING_TO_START,load_zone_26,dump_zone_3,0.000306,0.00082
1301.0,2026-07-02T15:41:15.778,3,-100.737,451.736,0.0,-0.5,1000.0,RETURNING_TO_START,load_zone_22,dump_zone_22,0.00025,0.00067
1302.0,2026-07-02T15:41:19.321,1,616.205,-97.645,23.823,0.25,0.0,GOING_TO_ENDPOINT,dump_zone_3,load_zone_26,0.000284,0.000761
1302.0,2026-07-02T15:41:19.321,2,597.5,-39.558,22.685,-0.25,1000.0,RETURNING_TO_START,load_zone_26,dump_zone_3,0.00025,0.00067
1302.0,2026-07-02T15:41:19.321,3,-100.737,451.736,0.0,-0.5,1000.0,RETURNING_TO_START,load_zone_22,dump_zone_22,0.00025,0.00067
1303.0,2026-07-02T15:41:24.145,1,622.732,-97.372,22.923,-0.5,0.0,GOING_TO_ENDPOINT,dump_zone_3,load_zone_26,0.00025,0.00067
1303.0,2026-07-02T15:41:24.145,2,597.5,-33.315,22.565,0.1267,1000.0,RETURNING_TO_START,load_zone_26,dump_zone_3,0.000289,0.000775
1303.0,2026-07-02T15:41:24.145,3,-100.737,451.736,0.0,-0.5,1000.0,RETURNING_TO_START,load_zone_22,dump_zone_22,0.00025,0.00067
1304.0,2026-07-02T15:41:27.264,1,628.827,-97.497,21.123,-0.5,0.0,GOING_TO_ENDPOINT,dump_zone_3,load_zone_26,0.00025,0.00067
1304.0,2026-07-02T15:41:27.264,2,597.5,-26.849,23.854,0.2987,1000.0,RETURNING_TO_START,load_zone_26,dump_zone_3,0.000314,0.000842
1304.0,2026-07-02T15:41:27.264,3,-100.737,451.736,0.0,-0.5,1000.0,RETURNING_TO_START,load_zone_22,dump_zone_22,0.00025,0.00067
1305.0,2026-07-02T15:41:30.760,1,634.424,-97.499,19.323,-0.5,0.0,GOING_TO_ENDPOINT,dump_zone_3,load_zone_26,0.00025,0.00067
1305.0,2026-07-02T15:41:30.760,2,597.5,-20.163,23.959,-0.0984,1000.0,RETURNING_TO_START,load_zone_26,dump_zone_3,0.000263,0.000705
1305.0,2026-07-02T15:41:30.760,3,-100.737,451.736,0.0,-0.5,1000.0,RETURNING_TO_START,load_zone_22,dump_zone_22,0.00025,0.00067
1306.0,2026-07-02T15:41:34.032,1,639.521,-97.499,17.523,-0.5,0.0,GOING_TO_ENDPOINT,dump_zone_3,load_zone_26,0.00025,0.00067
1306.0,2026-07-02T15:41:34.032,2,597.5,-13.699,22.766,-0.0833,1000.0,RETURNING_TO_START,load_zone_26,dump_zone_3,0.000264,0.000708
1306.0,2026-07-02T15:41:34.032,3,-100.737,451.736,0.0,-0.5,1000.0,RETURNING_TO_START,load_zone_22,dump_zone_22,0.00025,0.00067
1307.0,2026-07-02T15:41:37.262,1,644.117,-97.5,15.723,-0.5,0.0,GOING_TO_ENDPOINT,dump_zone_3,load_zone_26,0.00025,0.00067
1307.0,2026-07-02T15:41:37.262,2,597.5,-7.222,24.116,0.4167,1000.0,RETURNING_TO_START,load_zone_26,dump_zone_3,0.00033,0.000884
1307.0,2026-07-02T15:41:37.262,3,-100.737,451.736,0.0,-0.5,1000.0,RETURNING_TO_START,load_zone_22,dump_zone_22,0.00025,0.00067
1308.0,2026-07-02T15:41:40.314,1,648.214,-97.518,13.923,-0.5,0.0,GOING_TO_ENDPOINT,dump_zone_3,load_zone_26,0.00025,0.00067
1308.0,2026-07-02T15:41:40.314,2,597.5,-0.478,24.007,-0.4091,1000.0,RETURNING_TO_START,load_zone_26,dump_zone_3,0.00025,0.00067
1308.0,2026-07-02T15:41:40.314,3,-100.737,451.736,0.0,-0.5,1000.0,RETURNING_TO_START,load_zone_22,dump_zone_22,0.00025,0.00067
1309.0,2026-07-02T15:41:45.139,1,651.647,-98.445,12.123,-0.5,0.0,GOING_TO_ENDPOINT,dump_zone_3,load_zone_26,0.00025,0.00067
1309.0,2026-07-02T15:41:45.139,2,597.5,5.959,22.684,-0.0833,1000.0,RETURNING_TO_START,load_zone_26,dump_zone_3,0.000264,0.000708
1309.0,2026-07-02T15:41:45.139,3,-100.737,451.736,0.0,-0.5,1000.0,RETURNING_TO_START,load_zone_22,dump_zone_22,0.00025,0.00067
1310.0,2026-07-02T15:41:49.746,1,654.071,-100.439,11.023,0.0833,0.0,GOING_TO_ENDPOINT,dump_zone_3,load_zone_26,0.00026,0.000697
1310.0,2026-07-02T15:41:49.746,2,597.5,12.324,23.312,0.3189,1000.0,RETURNING_TO_START,load_zone_26,dump_zone_3,0.000315,0.000844
1310.0,2026-07-02T15:41:49.746,3,-100.737,451.736,0.0,-0.5,1000.0,RETURNING_TO_START,load_zone_22,dump_zone_22,0.00025,0.00067
1311.0,2026-07-02T15:41:53.935,1,656.425,-102.776,13.248,1.0,0.0,GOING_TO_ENDPOINT,dump_zone_3,load_zone_26,0.000301,0.000807
1311.0,2026-07-02T15:41:53.935,2,597.5,18.801,23.237,0.0751,1000.0,RETURNING_TO_START,load_zone_26,dump_zone_3,0.000284,0.000761
1311.0,2026-07-02T15:41:53.935,3,-100.737,451.736,0.0,-0.5,1000.0,RETURNING_TO_START,load_zone_22,dump_zone_22,0.00025,0.00067
1312.0,2026-07-02T15:41:57.410,1,659.372,-105.798,16.848,1.0,0.0,GOING_TO_ENDPOINT,dump_zone_3,load_zone_26,0.000315,0.000844
1312.0,2026-07-02T15:41:57.410,2,597.5,25.349,23.865,-0.0134,1000.0,RETURNING_TO_START,load_zone_26,dump_zone_3,0.000274,0.000734
1312.0,2026-07-02T15:41:57.410,3,-100.737,451.736,0.0,-0.5,1000.0,RETURNING_TO_START,load_zone_22,dump_zone_22,0.00025,0.00067
1313.0,2026-07-02T15:42:01.705,1,663.044,-109.511,20.448,1.0,0.0,GOING_TO_ENDPOINT,dump_zone_3,load_zone_26,0.000329,0.000882
1313.0,2026-07-02T15:42:01.705,2,597.5,31.889,23.358,-0.1927,1000.0,RETURNING_TO_START,load_zone_26,dump_zone_3,0.00025,0.00067
1313.0,2026-07-02T15:42:01.705,3,-100.737,451.736,0.0,-0.5,1000.0,RETURNING_TO_START,load_zone_22,dump_zone_22,0.00025,0.00067
1314.0,2026-07-02T15:42:06.279,1,667.443,-113.91,24.048,1.0,0.0,GOING_TO_ENDPOINT,dump_zone_3,load_zone_26,0.000343,0.000919
1314.0,2026-07-02T15:42:06.279,2,597.5,38.302,22.955,-0.0901,1000.0,RETURNING_TO_START,load_zone_26,dump_zone_3,0.000263,0.000705
1314.0,2026-07-02T15:42:06.279,3,-100.737,451.736,0.0,-0.5,1000.0,RETURNING_TO_START,load_zone_22,dump_zone_22,0.00025,0.00067
1315.0,2026-07-02T15:42:11.805,1,672.547,-119.011,27.498,0.75,0.0,GOING_TO_ENDPOINT,dump_zone_3,load_zone_26,0.000334,0.000895
1315.0,2026-07-02T15:42:11.805,2,597.5,44.647,22.817,0.18,1000.0,RETURNING_TO_START,load_zone_26,dump_zone_3,0.000296,0.000793
1315.0,2026-07-02T15:42:11.805,3,-100.737,451.736,0.0,-0.5,1000.0,RETURNING_TO_START,load_zone_22,dump_zone_22,0.00025,0.00067
1316.0,2026-07-02T15:42:16.825,1,678.086,-124.551,28.248,-0.25,0.0,GOING_TO_ENDPOINT,dump_zone_3,load_zone_26,0.00025,0.00067
1316.0,2026-07-02T15:42:16.825,2,597.5,51.068,23.515,0.2949,1000.0,RETURNING_TO_START,load_zone_26,dump_zone_3,0.000312,0.000836
1316.0,2026-07-02T15:42:16.825,3,-100.737,451.736,0.0,-0.5,1000.0,RETURNING_TO_START,load_zone_22,dump_zone_22,0.00025,0.00067
1317.0,2026-07-02T15:42:21.036,1,683.458,-129.922,26.523,-0.5,0.0,GOING_TO_ENDPOINT,dump_zone_3,load_zone_26,0.00025,0.00067
1317.0,2026-07-02T15:42:21.036,2,597.5,57.645,23.973,0.2891,1000.0,RETURNING_TO_START,load_zone_26,dump_zone_3,0.000313,0.000839
1317.0,2026-07-02T15:42:21.036,3,-100.737,451.736,0.0,-0.5,1000.0,RETURNING_TO_START,load_zone_22,dump_zone_22,0.00025,0.00067
1318.0,2026-07-02T15:42:24.964,1,688.476,-134.94,24.723,-0.5,0.0,GOING_TO_ENDPOINT,dump_zone_3,load_zone_26,0.00025,0.00067
1318.0,2026-07-02T15:42:24.964,2,597.5,64.262,23.369,-0.2062,1000.0,RETURNING_TO_START,load_zone_26,dump_zone_3,0.00025,0.00067
1318.0,2026-07-02T15:42:24.964,3,-100.737,451.736,0.0,-0.5,1000.0,RETURNING_TO_START,load_zone_22,dump_zone_22,0.00025,0.00067
1319.0,2026-07-02T15:42:29.408,1,693.14,-139.605,22.923,-0.5,0.0,GOING_TO_ENDPOINT,dump_zone_3,load_zone_26,0.00025,0.00067
1319.0,2026-07-02T15:42:29.408,2,597.5,70.755,23.187,-0.365,1000.0,RETURNING_TO_START,load_zone_26,dump_zone_3,0.00025,0.00067
1319.0,2026-07-02T15:42:29.408,3,-100.737,451.736,0.0,-0.5,1000.0,RETURNING_TO_START,load_zone_22,dump_zone_22,0.00025,0.00067
1320.0,2026-07-02T15:42:34.201,1,697.453,-143.914,21.123,-0.5,0.0,GOING_TO_ENDPOINT,dump_zone_3,load_zone_26,0.00025,0.00067
1320.0,2026-07-02T15:42:34.201,2,597.5,77.025,22.528,0.25,1000.0,RETURNING_TO_START,load_zone_26,dump_zone_3,0.000304,0.000815
1320.0,2026-07-02T15:42:34.201,3,-100.737,451.736,0.0,-0.5,1000.0,RETURNING_TO_START,load_zone_22,dump_zone_22,0.00025,0.00067
1321.0,2026-07-02T15:42:39.382,1,701.297,-147.974,19.323,-0.5,0.0,GOING_TO_ENDPOINT,dump_zone_3,load_zone_26,0.00025,0.00067
1321.0,2026-07-02T15:42:39.382,2,597.5,83.476,23.788,0.351,1000.0,RETURNING_TO_START,load_zone_26,dump_zone_3,0.00032,0.000858
1321.0,2026-07-02T15:42:39.382,3,-100.737,451.736,0.0,-0.5,1000.0,RETURNING_TO_START,load_zone_22,dump_zone_22,0.00025,0.00067
1322.0,2026-07-02T15:42:44.693,1,703.324,-152.533,17.548,-0.4167,0.0,GOING_TO_ENDPOINT,dump_zone_3,load_zone_26,0.00025,0.00067
1322.0,2026-07-02T15:42:44.693,2,597.5,90.12,23.752,-0.3156,1000.0,RETURNING_TO_START,load_zone_26,dump_zone_3,0.00025,0.00067
1322.0,2026-07-02T15:42:44.693,3,-100.737,451.736,0.0,-0.5,1000.0,RETURNING_TO_START,load_zone_22,dump_zone_22,0.00025,0.00067
1323.0,2026-07-02T15:42:50.118,1,702.69,-157.349,17.998,0.5833,0.0,GOING_TO_ENDPOINT,dump_zone_3,load_zone_26,0.000295,0.000791
1323.0,2026-07-02T15:42:50.118,2,597.5,96.665,23.917,0.4373,1000.0,RETURNING_TO_START,load_zone_26,dump_zone_3,0.000332,0.00089
1323.0,2026-07-02T15:42:50.118,3,-100.737,451.736,0.0,-0.5,1000.0,RETURNING_TO_START,load_zone_22,dump_zone_22,0.00025,0.00067
1324.0,2026-07-02T15:42:55.879,1,702.493,-162.539,18.748,-0.25,0.0,GOING_TO_ENDPOINT,dump_zone_3,load_zone_26,0.00025,0.00067
1324.0,2026-07-02T15:42:55.879,2,597.5,103.469,24.704,-0.0869,1000.0,RETURNING_TO_START,load_zone_26,dump_zone_3,0.000265,0.00071
1324.0,2026-07-02T15:42:55.879,3,-100.737,451.736,0.0,-0.5,1000.0,RETURNING_TO_START,load_zone_22,dump_zone_22,0.00025,0.00067
1325.0,2026-07-02T15:43:00.334,1,702.496,-167.496,17.023,-0.5,0.0,GOING_TO_ENDPOINT,dump_zone_3,load_zone_26,0.00025,0.00067
1325.0,2026-07-02T15:43:00.334,2,597.5,110.16,23.663,-0.1596,1000.0,RETURNING_TO_START,load_zone_26,dump_zone_3,0.000255,0.000683
1325.0,2026-07-02T15:43:00.334,3,-100.737,451.736,0.0,-0.5,1000.0,RETURNING_TO_START,load_zone_22,dump_zone_22,0.00025,0.00067
1326.0,2026-07-02T15:43:05.687,1,702.5,-171.954,15.223,-0.5,0.0,GOING_TO_ENDPOINT,dump_zone_3,load_zone_26,0.00025,0.00067
1326.0,2026-07-02T15:43:05.687,2,597.5,116.598,22.864,-0.1924,1000.0,RETURNING_TO_START,load_zone_26,dump_zone_3,0.00025,0.00067
1326.0,2026-07-02T15:43:05.687,3,-100.737,451.736,0.0,-0.5,1000.0,RETURNING_TO_START,load_zone_22,dump_zone_22,0.00025,0.00067
1327.0,2026-07-02T15:43:09.968,1,702.5,-175.915,13.476,-0.4948,0.0,GOING_TO_ENDPOINT,dump_zone_3,load_zone_26,0.00025,0.00067
1327.0,2026-07-02T15:43:09.968,2,597.5,122.957,23.049,0.2346,1000.0,RETURNING_TO_START,load_zone_26,dump_zone_3,0.000304,0.000815
1327.0,2026-07-02T15:43:09.968,3,-100.737,451.736,0.0,-0.5,1000.0,RETURNING_TO_START,load_zone_22,dump_zone_22,0.00025,0.00067
1328.0,2026-07-02T15:43:15.219,1,702.5,-179.393,11.712,-0.5,0.0,GOING_TO_ENDPOINT,dump_zone_3,load_zone_26,0.00025,0.00067
1328.0,2026-07-02T15:43:15.219,2,597.5,129.486,23.526,-0.2495,1000.0,RETURNING_TO_START,load_zone_26,dump_zone_3,0.00025,0.00067
1328.0,2026-07-02T15:43:15.219,3,-100.737,451.736,0.0,-0.5,1000.0,RETURNING_TO_START,load_zone_22,dump_zone_22,0.00025,0.00067
1329.0,2026-07-02T15:43:20.953,1,702.5,-182.431,10.312,-0.5,0.0,GOING_TO_ENDPOINT,dump_zone_3,load_zone_26,0.00025,0.00067
1329.0,2026-07-02T15:43:20.953,2,597.5,135.866,22.928,0.2505,1000.0,RETURNING_TO_START,load_zone_26,dump_zone_3,0.000305,0.000817
1329.0,2026-07-02T15:43:20.953,3,-100.737,451.736,0.0,-0.5,1000.0,RETURNING_TO_START,load_zone_22,dump_zone_22,0.00025,0.00067
1330.0,2026-07-02T15:43:26.141,1,702.5,-185.034,8.573,-0.4167,0.0,GOING_TO_ENDPOINT,dump_zone_3,load_zone_26,0.00025,0.00067
1330.0,2026-07-02T15:43:26.141,2,597.5,142.392,24.027,0.2214,1000.0,RETURNING_TO_START,load_zone_26,dump_zone_3,0.000304,0.000815
1330.0,2026-07-02T15:43:26.141,3,-100.737,451.736,0.0,-0.5,1000.0,RETURNING_TO_START,load_zone_22,dump_zone_22,0.00025,0.00067
1331.0,2026-07-02T15:43:31.399,1,702.5,-187.177,6.925,-0.5,0.0,GOING_TO_ENDPOINT,dump_zone_3,load_zone_26,0.00025,0.00067
1331.0,2026-07-02T15:43:31.399,2,597.5,149.072,24.224,0.2214,1000.0,RETURNING_TO_START,load_zone_26,dump_zone_3,0.000305,0.000817
1331.0,2026-07-02T15:43:31.399,3,-100.737,451.736,0.0,-0.5,1000.0,RETURNING_TO_START,load_zone_22,dump_zone_22,0.00025,0.00067
1332.0,2026-07-02T15:43:35.778,1,702.5,-188.83,5.125,-0.5,0.0,GOING_TO_ENDPOINT,dump_zone_3,load_zone_26,0.00025,0.00067
1332.0,2026-07-02T15:43:35.778,2,597.5,155.718,23.255,-0.5,1000.0,RETURNING_TO_START,load_zone_26,dump_zone_3,0.00025,0.00067
1332.0,2026-07-02T15:43:35.778,3,-100.737,451.736,0.0,-0.5,1000.0,RETURNING_TO_START,load_zone_22,dump_zone_22,0.00025,0.00067
1333.0,2026-07-02T15:43:39.285,1,702.508,-189.983,3.325,-0.5,0.0,LOADING,dump_zone_3,load_zone_26,0.00025,0.00067
1333.0,2026-07-02T15:43:39.285,2,597.5,161.907,21.455,-0.5,1000.0,RETURNING_TO_START,load_zone_26,dump_zone_3,0.00025,0.00067
1333.0,2026-07-02T15:43:39.285,3,-100.737,451.736,0.0,-0.5,1000.0,RETURNING_TO_START,load_zone_22,dump_zone_22,0.00025,0.00067
1334.0,2026-07-02T15:43:43.037,1,702.599,-190.628,1.525,-0.5,0.0,LOADING,dump_zone_3,load_zone_26,0.00025,0.00067
1334.0,2026-07-02T15:43:43.037,2,597.5,167.595,19.655,-0.5,1000.0,RETURNING_TO_START,load_zone_26,dump_zone_3,0.00025,0.00067
1334.0,2026-07-02T15:43:43.037,3,-100.737,451.736,0.0,-0.5,1000.0,RETURNING_TO_START,load_zone_22,dump_zone_22,0.00025,0.00067
1335.0,2026-07-02T15:43:46.814,1,702.637,-190.785,0.0,-0.5,0.0,LOADING,dump_zone_3,load_zone_26,0.00025,0.00067
1335.0,2026-07-02T15:43:46.814,2,597.5,172.784,17.855,-0.5,1000.0,RETURNING_TO_START,load_zone_26,dump_zone_3,0.00025,0.00067
1335.0,2026-07-02T15:43:46.814,3,-100.737,451.736,0.0,-0.5,1000.0,RETURNING_TO_START,load_zone_22,dump_zone_22,0.00025,0.00067
1336.0,2026-07-02T15:43:49.948,1,702.637,-190.785,0.0,-0.5,0.0,LOADING,dump_zone_3,load_zone_26,0.00025,0.00067
1336.0,2026-07-02T15:43:49.948,2,597.5,177.473,16.055,-0.5,1000.0,RETURNING_TO_START,load_zone_26,dump_zone_3,0.00025,0.00067
1336.0,2026-07-02T15:43:49.948,3,-100.737,451.736,0.0,-0.5,1000.0,RETURNING_TO_START,load_zone_22,dump_zone_22,0.00025,0.00067
1337.0,2026-07-02T15:43:53.011,1,703.631,-192.497,7.2,0.0,0.0,TURNING_AROUND,load_zone_26,load_zone_29,0.000255,0.000683
1337.0,2026-07-02T15:43:53.011,2,597.5,181.662,14.255,-0.5,1000.0,RETURNING_TO_START,load_zone_26,dump_zone_3,0.00025,0.00067
1337.0,2026-07-02T15:43:53.011,3,-100.737,451.736,0.0,-0.5,1000.0,RETURNING_TO_START,load_zone_22,dump_zone_22,0.00025,0.00067
1338.0,2026-07-02T15:43:55.290,1,703.99,-192.939,5.4,0.0,0.0,TURNING_AROUND,load_zone_26,load_zone_29,0.000253,0.000678
1338.0,2026-07-02T15:43:55.290,2,597.486,185.351,12.455,-0.5,1000.0,RETURNING_TO_START,load_zone_26,dump_zone_3,0.00025,0.00067
1338.0,2026-07-02T15:43:55.290,3,-100.737,451.736,0.0,-0.5,1000.0,RETURNING_TO_START,load_zone_22,dump_zone_22,0.00025,0.00067
1339.0,2026-07-02T15:43:58.457,1,703.974,-192.749,7.2,0.0,0.0,TURNING_AROUND,load_zone_26,load_zone_29,0.000255,0.000683
1339.0,2026-07-02T15:43:58.457,2,596.967,188.48,10.655,-0.5,1000.0,RETURNING_TO_START,load_zone_26,dump_zone_3,0.00025,0.00067
1339.0,2026-07-02T15:43:58.457,3,-100.737,451.736,0.0,-0.5,1000.0,RETURNING_TO_START,load_zone_22,dump_zone_22,0.00025,0.00067
1340.0,2026-07-02T15:44:01.803,1,705.846,-192.107,7.2,0.0,0.0,TURNING_AROUND,load_zone_26,load_zone_29,0.000255,0.000683
1340.0,2026-07-02T15:44:01.803,2,596.0,190.988,8.855,-0.5,1000.0,RETURNING_TO_START,load_zone_26,dump_zone_3,0.00025,0.00067
1340.0,2026-07-02T15:44:01.803,3,-100.737,451.736,0.0,-0.5,1000.0,RETURNING_TO_START,load_zone_22,dump_zone_22,0.00025,0.00067
1341.0,2026-07-02T15:44:05.019,1,705.263,-192.819,5.4,0.0,0.0,TURNING_AROUND,load_zone_26,load_zone_29,0.000253,0.000678
1341.0,2026-07-02T15:44:05.019,2,595.59,193.134,7.055,-0.5,1000.0,RETURNING_TO_START,load_zone_26,dump_zone_3,0.00025,0.00067
1341.0,2026-07-02T15:44:05.019,3,-100.737,451.736,0.0,-0.5,1000.0,RETURNING_TO_START,load_zone_22,dump_zone_22,0.00025,0.00067
1342.0,2026-07-02T15:44:08.541,1,705.566,-191.952,0.0,-0.3333,0.0,RETURNING_TO_START,load_zone_26,load_zone_29,0.00025,0.00067
1342.0,2026-07-02T15:44:08.541,2,595.58,194.882,5.753,-0.3906,1000.0,RETURNING_TO_START,load_zone_26,dump_zone_3,0.00025,0.00067
1342.0,2026-07-02T15:44:08.541,3,-100.737,451.736,0.0,-0.5,1000.0,RETURNING_TO_START,load_zone_22,dump_zone_22,0.00025,0.00067
1343.0,2026-07-02T15:44:13.025,1,705.565,-191.883,0.9,0.6667,0.0,RETURNING_TO_START,load_zone_26,load_zone_29,0.000253,0.000678
1343.0,2026-07-02T15:44:13.025,2,595.845,196.279,5.086,0.25,1000.0,RETURNING_TO_START,load_zone_26,dump_zone_3,0.000262,0.000702
1343.0,2026-07-02T15:44:13.025,3,-100.737,451.736,0.0,-0.5,1000.0,RETURNING_TO_START,load_zone_22,dump_zone_22,0.00025,0.00067
1344.0,2026-07-02T15:44:16.988,1,705.478,-191.137,4.35,1.0,0.0,RETURNING_TO_START,load_zone_26,load_zone_29,0.000267,0.000716
1344.0,2026-07-02T15:44:16.988,2,596.443,197.78,6.886,0.9167,1000.0,RETURNING_TO_START,load_zone_26,dump_zone_3,0.000291,0.00078
1344.0,2026-07-02T15:44:16.988,3,-100.737,451.736,0.0,-0.5,1000.0,RETURNING_TO_START,load_zone_22,dump_zone_22,0.00025,0.00067
1345.0,2026-07-02T15:44:22.111,1,704.744,-189.563,7.95,1.0,0.0,RETURNING_TO_START,load_zone_26,load_zone_29,0.000281,0.000753
1345.0,2026-07-02T15:44:22.111,2,597.582,199.808,9.586,0.9167,1000.0,RETURNING_TO_START,load_zone_26,dump_zone_3,0.000307,0.000823
1345.0,2026-07-02T15:44:22.111,3,-100.737,451.736,0.0,-0.5,1000.0,RETURNING_TO_START,load_zone_22,dump_zone_22,0.00025,0.00067
1346.0,2026-07-02T15:44:26.796,1,702.831,-187.594,11.55,1.0,0.0,RETURNING_TO_START,load_zone_26,load_zone_29,0.000295,0.000791
1346.0,2026-07-02T15:44:26.796,2,600.251,201.333,12.486,0.4167,1000.0,RETURNING_TO_START,load_zone_26,dump_zone_3,0.000291,0.00078
1346.0,2026-07-02T15:44:26.796,3,-100.737,451.736,0.0,-0.5,1000.0,RETURNING_TO_START,load_zone_22,dump_zone_22,0.00025,0.00067
1347.0,2026-07-02T15:44:31.427,1,700.268,-184.858,15.15,1.0,0.0,RETURNING_TO_START,load_zone_26,load_zone_29,0.000309,0.000828
1347.0,2026-07-02T15:44:31.427,2,603.554,200.524,12.061,-0.5,1000.0,RETURNING_TO_START,load_zone_26,dump_zone_3,0.00025,0.00067
1347.0,2026-07-02T15:44:31.427,3,-100.737,451.736,0.0,-0.5,1000.0,RETURNING_TO_START,load_zone_22,dump_zone_22,0.00025,0.00067
1348.0,2026-07-02T15:44:37.122,1,697.987,-180.746,18.716,0.9065,0.0,RETURNING_TO_START,load_zone_26,load_zone_29,0.000317,0.00085
1348.0,2026-07-02T15:44:37.122,2,606.407,199.397,10.286,-0.4167,1000.0,RETURNING_TO_START,load_zone_26,dump_zone_3,0.00025,0.00067
1348.0,2026-07-02T15:44:37.122,3,-100.737,451.736,0.0,-0.5,1000.0,RETURNING_TO_START,load_zone_22,dump_zone_22,0.00025,0.00067
1349.0,2026-07-02T15:44:41.624,1,697.447,-175.311,20.029,-0.0935,0.0,RETURNING_TO_START,load_zone_26,load_zone_29,0.000257,0.000689
1349.0,2026-07-02T15:44:41.624,2,609.181,198.947,10.236,0.0833,1000.0,RETURNING_TO_START,load_zone_26,dump_zone_3,0.000265,0.00071
1349.0,2026-07-02T15:44:41.624,3,-100.737,451.736,0.0,-0.5,1000.0,RETURNING_TO_START,load_zone_22,dump_zone_22,0.00025,0.00067
1350.0,2026-07-02T15:44:46.478,1,697.489,-169.957,18.467,-0.5,0.0,RETURNING_TO_START,load_zone_26,load_zone_29,0.00025,0.00067
1350.0,2026-07-02T15:44:46.478,2,612.144,198.794,11.426,0.6857,1000.0,RETURNING_TO_START,load_zone_26,dump_zone_3,0.000304,0.000815
1350.0,2026-07-02T15:44:46.478,3,-100.737,451.736,0.0,-0.5,1000.0,RETURNING_TO_START,load_zone_22,dump_zone_22,0.00025,0.00067
1351.0,2026-07-02T15:44:50.117,1,697.502,-165.098,16.667,-0.5,0.0,RETURNING_TO_START,load_zone_26,load_zone_29,0.00025,0.00067
1351.0,2026-07-02T15:44:50.117,2,615.823,198.878,14.893,1.0,1000.0,RETURNING_TO_START,load_zone_26,dump_zone_3,0.000346,0.000927
1351.0,2026-07-02T15:44:50.117,3,-100.737,451.736,0.0,-0.5,1000.0,RETURNING_TO_START,load_zone_22,dump_zone_22,0.00025,0.00067
1352.0,2026-07-02T15:44:55.077,1,697.501,-160.739,14.867,-0.5,0.0,RETURNING_TO_START,load_zone_26,load_zone_29,0.00025,0.00067
1352.0,2026-07-02T15:44:55.077,2,620.371,199.232,17.447,0.5571,1000.0,RETURNING_TO_START,load_zone_26,dump_zone_3,0.000321,0.00086
1352.0,2026-07-02T15:44:55.077,3,-100.737,451.736,0.0,-0.5,1000.0,RETURNING_TO_START,load_zone_22,dump_zone_22,0.00025,0.00067
1353.0,2026-07-02T15:45:00.199,1,697.5,-156.881,13.067,-0.5,0.0,RETURNING_TO_START,load_zone_26,load_zone_29,0.00025,0.00067
1353.0,2026-07-02T15:45:00.199,2,625.274,199.812,17.503,-0.4429,1000.0,RETURNING_TO_START,load_zone_26,dump_zone_3,0.00025,0.00067
1353.0,2026-07-02T15:45:00.199,3,-100.737,451.736,0.0,-0.5,1000.0,RETURNING_TO_START,load_zone_22,dump_zone_22,0.00025,0.00067
1354.0,2026-07-02T15:45:04.532,1,697.5,-153.522,11.267,-0.5,0.0,RETURNING_TO_START,load_zone_26,load_zone_29,0.00025,0.00067
1354.0,2026-07-02T15:45:04.532,2,629.841,200.438,15.903,-0.4167,1000.0,RETURNING_TO_START,load_zone_26,dump_zone_3,0.00025,0.00067
1354.0,2026-07-02T15:45:04.532,3,-100.737,451.736,0.0,-0.5,1000.0,RETURNING_TO_START,load_zone_22,dump_zone_22,0.00025,0.00067
1355.0,2026-07-02T15:45:08.499,1,697.39,-150.672,9.492,-0.4167,0.0,RETURNING_TO_START,load_zone_26,load_zone_29,0.00025,0.00067
1355.0,2026-07-02T15:45:08.499,2,633.958,201.02,14.162,-0.5,1000.0,RETURNING_TO_START,load_zone_26,dump_zone_3,0.00025,0.00067
1355.0,2026-07-02T15:45:08.499,3,-100.737,451.736,0.0,-0.5,1000.0,RETURNING_TO_START,load_zone_22,dump_zone_22,0.00025,0.00067
1356.0,2026-07-02T15:45:14.651,1,696.042,-148.464,9.942,0.5833,0.0,RETURNING_TO_START,load_zone_26,load_zone_29,0.000275,0.000737
1356.0,2026-07-02T15:45:14.651,2,637.616,201.512,12.562,-0.5,1000.0,RETURNING_TO_START,load_zone_26,dump_zone_3,0.00025,0.00067
1356.0,2026-07-02T15:45:14.651,3,-100.737,451.736,0.0,-0.5,1000.0,RETURNING_TO_START,load_zone_22,dump_zone_22,0.00025,0.00067
1357.0,2026-07-02T15:45:19.050,1,693.614,-146.323,13.292,1.0,0.0,RETURNING_TO_START,load_zone_26,load_zone_29,0.000301,0.000807
1357.0,2026-07-02T15:45:19.050,2,640.835,201.896,10.887,-0.4167,1000.0,RETURNING_TO_START,load_zone_26,dump_zone_3,0.00025,0.00067
1357.0,2026-07-02T15:45:19.050,3,-100.737,451.736,0.0,-0.5,1000.0,RETURNING_TO_START,load_zone_22,dump_zone_22,0.00025,0.00067
1358.0,2026-07-02T15:45:22.943,1,690.353,-143.623,16.892,1.0,0.0,RETURNING_TO_START,load_zone_26,load_zone_29,0.000315,0.000844
1358.0,2026-07-02T15:45:22.943,2,643.665,202.175,9.566,-0.4167,1000.0,RETURNING_TO_START,load_zone_26,dump_zone_3,0.00025,0.00067
1358.0,2026-07-02T15:45:22.943,3,-100.737,451.736,0.0,-0.5,1000.0,RETURNING_TO_START,load_zone_22,dump_zone_22,0.00025,0.00067
1359.0,2026-07-02T15:45:27.452,1,686.525,-140.055,20.492,1.0,0.0,RETURNING_TO_START,load_zone_26,load_zone_29,0.000329,0.000882
1359.0,2026-07-02T15:45:27.452,2,646.053,202.353,7.857,-0.5,1000.0,RETURNING_TO_START,load_zone_26,dump_zone_3,0.00025,0.00067
1359.0,2026-07-02T15:45:27.452,3,-100.737,451.736,0.0,-0.5,1000.0,RETURNING_TO_START,load_zone_22,dump_zone_22,0.00025,0.00067
1360.0,2026-07-02T15:45:32.335,1,682.147,-135.686,23.392,0.4167,0.0,RETURNING_TO_START,load_zone_26,load_zone_29,0.000296,0.000793
1360.0,2026-07-02T15:45:32.335,2,648.001,202.424,6.507,-0.25,1000.0,RETURNING_TO_START,load_zone_26,dump_zone_3,0.00025,0.00067
1360.0,2026-07-02T15:45:32.335,3,-100.737,451.736,0.0,-0.5,1000.0,RETURNING_TO_START,load_zone_22,dump_zone_22,0.00025,0.00067
1361.0,2026-07-02T15:45:37.077,1,677.543,-131.078,22.967,-0.5,0.0,RETURNING_TO_START,load_zone_26,load_zone_29,0.00025,0.00067
1361.0,2026-07-02T15:45:37.077,2,649.844,202.099,7.557,0.75,1000.0,RETURNING_TO_START,load_zone_26,dump_zone_3,0.000289,0.000775
1361.0,2026-07-02T15:45:37.077,3,-100.737,451.736,0.0,-0.5,1000.0,RETURNING_TO_START,load_zone_22,dump_zone_22,0.00025,0.00067
1362.0,2026-07-02T15:45:42.093,1,673.223,-126.759,21.167,-0.5,0.0,RETURNING_TO_START,load_zone_26,load_zone_29,0.00025,0.00067
1362.0,2026-07-02T15:45:42.093,2,651.775,200.426,10.707,0.5833,1000.0,RETURNING_TO_START,load_zone_26,dump_zone_3,0.000295,0.000791
1362.0,2026-07-02T15:45:42.093,3,-100.737,451.736,0.0,-0.5,1000.0,RETURNING_TO_START,load_zone_22,dump_zone_22,0.00025,0.00067
1363.0,2026-07-02T15:45:46.203,1,669.257,-122.793,19.367,-0.5,0.0,RETURNING_TO_START,load_zone_26,load_zone_29,0.00025,0.00067
1363.0,2026-07-02T15:45:46.203,2,652.523,197.471,11.157,0.0833,1000.0,RETURNING_TO_START,load_zone_26,dump_zone_3,0.000267,0.000716
1363.0,2026-07-02T15:45:46.203,3,-100.737,451.736,0.0,-0.5,1000.0,RETURNING_TO_START,load_zone_22,dump_zone_22,0.00025,0.00067
1364.0,2026-07-02T15:45:51.495,1,665.645,-119.18,17.567,-0.5,0.0,RETURNING_TO_START,load_zone_26,load_zone_29,0.00025,0.00067
1364.0,2026-07-02T15:45:51.495,2,652.537,194.157,12.657,0.25,1000.0,RETURNING_TO_START,load_zone_26,dump_zone_3,0.00028,0.00075
1364.0,2026-07-02T15:45:51.495,3,-100.737,451.736,0.0,-0.5,1000.0,RETURNING_TO_START,load_zone_22,dump_zone_22,0.00025,0.00067
1365.0,2026-07-02T15:45:55.486,1,662.386,-115.921,15.767,-0.5,0.0,RETURNING_TO_START,load_zone_26,load_zone_29,0.00025,0.00067
1365.0,2026-07-02T15:45:55.486,2,652.507,190.71,11.757,-0.5,1000.0,RETURNING_TO_START,load_zone_26,dump_zone_3,0.00025,0.00067
1365.0,2026-07-02T15:45:55.486,3,-100.737,451.736,0.0,-0.5,1000.0,RETURNING_TO_START,load_zone_22,dump_zone_22,0.00025,0.00067
1366.0,2026-07-02T15:45:58.952,1,659.48,-113.016,13.967,-0.5,0.0,RETURNING_TO_START,load_zone_26,load_zone_29,0.00025,0.00067
1366.0,2026-07-02T15:45:58.952,2,652.5,187.697,10.112,-0.4167,1000.0,RETURNING_TO_START,load_zone_26,dump_zone_3,0.00025,0.00067
1366.0,2026-07-02T15:45:58.952,3,-100.737,451.736,0.0,-0.5,1000.0,RETURNING_TO_START,load_zone_22,dump_zone_22,0.00025,0.00067
1367.0,2026-07-02T15:46:02.779,1,656.755,-110.676,12.167,-0.5,0.0,RETURNING_TO_START,load_zone_26,load_zone_29,0.00025,0.00067
1367.0,2026-07-02T15:46:02.779,2,652.499,185.13,8.487,-0.5,1000.0,RETURNING_TO_START,load_zone_26,dump_zone_3,0.00025,0.00067
1367.0,2026-07-02T15:46:02.779,3,-100.737,451.736,0.0,-0.5,1000.0,RETURNING_TO_START,load_zone_22,dump_zone_22,0.00025,0.00067
1368.0,2026-07-02T15:46:07.534,1,653.91,-109.426,10.367,-0.5,0.0,RETURNING_TO_START,load_zone_26,load_zone_29,0.00025,0.00067
1368.0,2026-07-02T15:46:07.534,2,652.5,183.024,7.012,-0.25,1000.0,RETURNING_TO_START,load_zone_26,dump_zone_3,0.00025,0.00067
1368.0,2026-07-02T15:46:07.534,3,-100.737,451.736,0.0,-0.5,1000.0,RETURNING_TO_START,load_zone_22,dump_zone_22,0.00025,0.00067
1369.0,2026-07-02T15:46:12.101,1,651.734,-108.0,8.567,-0.5,0.0,RETURNING_TO_START,load_zone_26,load_zone_29,0.00025,0.00067
1369.0,2026-07-02T15:46:12.101,2,652.5,181.327,5.287,-0.5,1000.0,RETURNING_TO_START,load_zone_26,dump_zone_3,0.00025,0.00067
1369.0,2026-07-02T15:46:12.101,3,-100.737,451.736,0.0,-0.5,1000.0,RETURNING_TO_START,load_zone_22,dump_zone_22,0.00025,0.00067
1370.0,2026-07-02T15:46:16.755,1,650.182,-106.573,6.767,-0.5,0.0,RETURNING_TO_START,load_zone_26,load_zone_29,0.00025,0.00067
1370.0,2026-07-02T15:46:16.755,2,652.498,180.13,3.487,-0.5,1000.0,RETURNING_TO_START,load_zone_26,dump_zone_3,0.00025,0.00067
1370.0,2026-07-02T15:46:16.755,3,-100.737,451.736,0.0,-0.5,1000.0,RETURNING_TO_START,load_zone_22,dump_zone_22,0.00025,0.00067
1371.0,2026-07-02T15:46:20.584,1,649.044,-105.37,5.661,0.0739,0.0,RETURNING_TO_START,load_zone_26,load_zone_29,0.000255,0.000683
1371.0,2026-07-02T15:46:20.584,2,652.596,179.44,1.687,-0.5,1000.0,UNLOADING,load_zone_26,dump_zone_3,0.00025,0.00067
1371.0,2026-07-02T15:46:20.584,3,-100.737,451.736,0.0,-0.5,1000.0,RETURNING_TO_START,load_zone_22,dump_zone_22,0.00025,0.00067
1372.0,2026-07-02T15:46:25.526,1,648.178,-104.148,5.076,-0.1487,0.0,RETURNING_TO_START,load_zone_26,load_zone_29,0.000251,0.000673
1372.0,2026-07-02T15:46:25.526,2,652.645,179.246,0.0,-0.5,1000.0,UNLOADING,load_zone_26,dump_zone_3,0.00025,0.00067
1372.0,2026-07-02T15:46:25.526,3,-100.737,451.736,0.0,-0.5,1000.0,RETURNING_TO_START,load_zone_22,dump_zone_22,0.00025,0.00067
1373.0,2026-07-02T15:46:28.190,1,647.684,-102.768,6.046,0.7279,0.0,RETURNING_TO_START,load_zone_26,load_zone_29,0.000268,0.000718
1373.0,2026-07-02T15:46:28.190,2,652.645,179.246,0.0,-0.5,1000.0,UNLOADING,load_zone_26,dump_zone_3,0.00025,0.00067
1373.0,2026-07-02T15:46:28.190,3,-100.737,451.736,0.0,-0.5,1000.0,RETURNING_TO_START,load_zone_22,dump_zone_22,0.00025,0.00067
1374.0,2026-07-02T15:46:30.521,1,647.94,-100.615,9.552,1.0,0.0,RETURNING_TO_START,load_zone_26,load_zone_29,0.000287,0.000769
1374.0,2026-07-02T15:46:30.521,2,653.55,177.669,7.2,0.0,0.0,TURNING_AROUND,dump_zone_3,load_zone_25,0.000255,0.000683
1374.0,2026-07-02T15:46:30.521,3,-100.737,451.736,0.0,-0.5,1000.0,RETURNING_TO_START,load_zone_22,dump_zone_22,0.00025,0.00067
1375.0,2026-07-02T15:46:33.882,1,649.987,-98.276,12.452,0.4167,0.0,RETURNING_TO_START,load_zone_26,load_zone_29,0.000275,0.000737
1375.0,2026-07-02T15:46:33.882,2,654.149,177.07,5.4,0.0,0.0,TURNING_AROUND,dump_zone_3,load_zone_25,0.000253,0.000678
1375.0,2026-07-02T15:46:33.882,3,-100.737,451.736,0.0,-0.5,1000.0,RETURNING_TO_START,load_zone_22,dump_zone_22,0.00025,0.00067
1376.0,2026-07-02T15:46:36.377,1,653.324,-97.389,12.752,0.25,0.0,RETURNING_TO_START,load_zone_26,load_zone_29,0.000268,0.000718
1376.0,2026-07-02T15:46:36.377,2,653.846,177.291,7.2,0.0,0.0,TURNING_AROUND,dump_zone_3,load_zone_25,0.000255,0.000683
1376.0,2026-07-02T15:46:36.377,3,-100.737,451.736,0.0,-0.5,1000.0,RETURNING_TO_START,load_zone_22,dump_zone_22,0.00025,0.00067
1377.0,2026-07-02T15:46:38.104,1,657.206,-97.387,15.452,1.0,0.0,RETURNING_TO_START,load_zone_26,load_zone_29,0.00031,0.000831
1377.0,2026-07-02T15:46:38.104,2,655.734,177.884,7.2,0.0,0.0,TURNING_AROUND,dump_zone_3,load_zone_25,0.000255,0.000683
1377.0,2026-07-02T15:46:38.104,3,-100.737,451.736,0.0,-0.5,1000.0,RETURNING_TO_START,load_zone_22,dump_zone_22,0.00025,0.00067
1378.0,2026-07-02T15:46:40.482,1,662.039,-97.473,19.027,0.9167,0.0,RETURNING_TO_START,load_zone_26,load_zone_29,0.000318,0.000852
1378.0,2026-07-02T15:46:40.482,2,655.373,177.357,5.4,0.0,0.0,TURNING_AROUND,dump_zone_3,load_zone_25,0.000253,0.000678
1378.0,2026-07-02T15:46:40.482,3,-100.737,451.736,0.0,-0.5,1000.0,RETURNING_TO_START,load_zone_22,dump_zone_22,0.00025,0.00067
1379.0,2026-07-02T15:46:43.453,1,667.61,-97.502,20.377,-0.0833,0.0,RETURNING_TO_START,load_zone_26,load_zone_29,0.000257,0.000689
1379.0,2026-07-02T15:46:43.453,2,655.592,178.125,0.0,-0.4167,0.0,GOING_TO_ENDPOINT,dump_zone_3,load_zone_25,0.00025,0.00067
1379.0,2026-07-02T15:46:43.453,3,-100.737,451.736,0.0,-0.5,1000.0,RETURNING_TO_START,load_zone_22,dump_zone_22,0.00025,0.00067
1380.0,2026-07-02T15:46:47.001,1,673.063,-97.501,18.852,-0.4167,0.0,RETURNING_TO_START,load_zone_26,load_zone_29,0.00025,0.00067
1380.0,2026-07-02T15:46:47.001,2,655.592,178.174,0.7,0.5833,0.0,GOING_TO_ENDPOINT,dump_zone_3,load_zone_25,0.000252,0.000675
1380.0,2026-07-02T15:46:47.001,3,-100.737,451.736,0.0,-0.5,1000.0,RETURNING_TO_START,load_zone_22,dump_zone_22,0.00025,0.00067
1381.0,2026-07-02T15:46:50.114,1,678.056,-97.5,17.18,-0.5,0.0,RETURNING_TO_START,load_zone_26,load_zone_29,0.00025,0.00067
1381.0,2026-07-02T15:46:50.114,2,655.522,178.842,4.05,1.0,0.0,GOING_TO_ENDPOINT,dump_zone_3,load_zone_25,0.000266,0.000713
1381.0,2026-07-02T15:46:50.114,3,-100.737,451.736,0.0,-0.5,1000.0,RETURNING_TO_START,load_zone_22,dump_zone_22,0.00025,0.00067
1382.0,2026-07-02T15:46:53.899,1,682.558,-97.5,15.405,-0.4167,0.0,RETURNING_TO_START,load_zone_26,load_zone_29,0.00025,0.00067
1382.0,2026-07-02T15:46:53.899,2,654.87,180.362,7.65,1.0,0.0,GOING_TO_ENDPOINT,dump_zone_3,load_zone_25,0.00028,0.00075
1382.0,2026-07-02T15:46:53.899,3,-100.737,451.736,0.0,-0.5,1000.0,RETURNING_TO_START,load_zone_22,dump_zone_22,0.00025,0.00067
1383.0,2026-07-02T15:46:58.409,1,686.62,-97.5,14.043,-0.4439,0.0,RETURNING_TO_START,load_zone_26,load_zone_29,0.00025,0.00067
1383.0,2026-07-02T15:46:58.409,2,652.819,182.035,11.25,1.0,0.0,GOING_TO_ENDPOINT,dump_zone_3,load_zone_25,0.000294,0.000788
1383.0,2026-07-02T15:46:58.409,3,-100.737,451.736,0.0,-0.5,1000.0,RETURNING_TO_START,load_zone_22,dump_zone_22,0.00025,0.00067
1384.0,2026-07-02T15:47:02.252,1,690.25,-97.5,12.243,-0.5,0.0,RETURNING_TO_START,load_zone_26,load_zone_29,0.00025,0.00067
1384.0,2026-07-02T15:47:02.252,2,649.836,184.152,14.85,1.0,0.0,GOING_TO_ENDPOINT,dump_zone_3,load_zone_25,0.000307,0.000823
1384.0,2026-07-02T15:47:02.252,3,-100.737,451.736,0.0,-0.5,1000.0,RETURNING_TO_START,load_zone_22,dump_zone_22,0.00025,0.00067
1385.0,2026-07-02T15:47:06.871,1,693.38,-97.5,10.443,-0.5,0.0,RETURNING_TO_START,load_zone_26,load_zone_29,0.00025,0.00067
1385.0,2026-07-02T15:47:06.871,2,647.727,188.052,16.8,0.0833,0.0,GOING_TO_ENDPOINT,dump_zone_3,load_zone_25,0.000265,0.00071
1385.0,2026-07-02T15:47:06.871,3,-100.737,451.736,0.0,-0.5,1000.0,RETURNING_TO_START,load_zone_22,dump_zone_22,0.00025,0.00067
1386.0,2026-07-02T15:47:11.019,1,696.01,-97.5,8.643,-0.5,0.0,RETURNING_TO_START,load_zone_26,load_zone_29,0.00025,0.00067
1386.0,2026-07-02T15:47:11.019,2,647.462,192.555,15.525,-0.5,0.0,GOING_TO_ENDPOINT,dump_zone_3,load_zone_25,0.00025,0.00067
1386.0,2026-07-02T15:47:11.019,3,-100.737,451.736,0.0,-0.5,1000.0,RETURNING_TO_START,load_zone_22,dump_zone_22,0.00025,0.00067
1387.0,2026-07-02T15:47:13.698,1,698.277,-97.555,8.039,-0.1475,0.0,RETURNING_TO_START,load_zone_26,load_zone_29,0.000251,0.000673
1387.0,2026-07-02T15:47:13.698,2,647.497,196.596,13.725,-0.5,0.0,GOING_TO_ENDPOINT,dump_zone_3,load_zone_25,0.00025,0.00067
1387.0,2026-07-02T15:47:13.698,3,-100.737,451.736,0.0,-0.5,1000.0,RETURNING_TO_START,load_zone_22,dump_zone_22,0.00025,0.00067
1388.0,2026-07-02T15:47:16.105,1,700.449,-97.954,8.208,0.3525,0.0,RETURNING_TO_START,load_zone_26,load_zone_29,0.000265,0.00071
1388.0,2026-07-02T15:47:16.105,2,646.633,199.991,12.625,0.0833,0.0,GOING_TO_ENDPOINT,dump_zone_3,load_zone_25,0.000261,0.000699
1388.0,2026-07-02T15:47:16.105,3,-100.737,451.736,0.0,-0.5,1000.0,RETURNING_TO_START,load_zone_22,dump_zone_22,0.00025,0.00067
1389.0,2026-07-02T15:47:17.784,1,702.493,-99.099,8.126,-0.4809,0.0,RETURNING_TO_START,load_zone_26,load_zone_29,0.00025,0.00067
1389.0,2026-07-02T15:47:17.784,2,643.335,201.494,14.85,1.0,0.0,GOING_TO_ENDPOINT,dump_zone_3,load_zone_25,0.000307,0.000823
1389.0,2026-07-02T15:47:17.784,3,-100.737,451.736,0.0,-0.5,1000.0,RETURNING_TO_START,load_zone_22,dump_zone_22,0.00025,0.00067
1390.0,2026-07-02T15:47:19.187,1,704.066,-100.462,7.451,0.25,0.0,RETURNING_TO_START,load_zone_26,load_zone_29,0.000261,0.000699
1390.0,2026-07-02T15:47:19.187,2,639.567,199.033,18.45,1.0,0.0,GOING_TO_ENDPOINT,dump_zone_3,load_zone_25,0.000321,0.00086
1390.0,2026-07-02T15:47:19.187,3,-100.737,451.736,0.0,-0.5,1000.0,RETURNING_TO_START,load_zone_22,dump_zone_22,0.00025,0.00067
1391.0,2026-07-02T15:47:20.993,1,705.795,-102.14,10.151,1.0,0.0,RETURNING_TO_START,load_zone_26,load_zone_29,0.000289,0.000775
1391.0,2026-07-02T15:47:20.993,2,634.86,196.213,20.925,0.25,0.0,GOING_TO_ENDPOINT,dump_zone_3,load_zone_25,0.00028,0.00075
1391.0,2026-07-02T15:47:20.993,3,-100.737,451.736,0.0,-0.5,1000.0,RETURNING_TO_START,load_zone_22,dump_zone_22,0.00025,0.00067
1392.0,2026-07-02T15:47:22.152,1,708.143,-104.546,13.751,1.0,0.0,RETURNING_TO_START,load_zone_26,load_zone_29,0.000303,0.000812
1392.0,2026-07-02T15:47:22.152,2,629.205,195.239,20.025,-0.5,0.0,GOING_TO_ENDPOINT,dump_zone_3,load_zone_25,0.00025,0.00067
1392.0,2026-07-02T15:47:22.152,3,-100.737,451.736,0.0,-0.5,1000.0,RETURNING_TO_START,load_zone_22,dump_zone_22,0.00025,0.00067
1393.0,2026-07-02T15:47:23.946,1,711.199,-107.658,17.351,1.0,0.0,RETURNING_TO_START,load_zone_26,load_zone_29,0.000317,0.00085
1393.0,2026-07-02T15:47:23.946,2,623.953,194.598,18.225,-0.5,0.0,GOING_TO_ENDPOINT,dump_zone_3,load_zone_25,0.00025,0.00067
1393.0,2026-07-02T15:47:23.946,3,-100.737,451.736,0.0,-0.5,1000.0,RETURNING_TO_START,load_zone_22,dump_zone_22,0.00025,0.00067
1394.0,2026-07-02T15:47:25.794,1,714.986,-111.453,20.951,1.0,0.0,RETURNING_TO_START,load_zone_26,load_zone_29,0.000331,0.000887
1394.0,2026-07-02T15:47:25.794,2,619.186,194.112,16.425,-0.5,0.0,GOING_TO_ENDPOINT,dump_zone_3,load_zone_25,0.00025,0.00067
1394.0,2026-07-02T15:47:25.794,3,-100.737,451.736,0.0,-0.5,1000.0,RETURNING_TO_START,load_zone_22,dump_zone_22,0.00025,0.00067
1395.0,2026-07-02T15:47:28.142,1,719.451,-115.916,23.851,0.4167,0.0,RETURNING_TO_START,load_zone_26,load_zone_29,0.000297,0.000796
1395.0,2026-07-02T15:47:28.142,2,614.902,193.856,14.625,-0.5,0.0,GOING_TO_ENDPOINT,dump_zone_3,load_zone_25,0.00025,0.00067
1395.0,2026-07-02T15:47:28.142,3,-100.737,451.736,0.0,-0.5,1000.0,RETURNING_TO_START,load_zone_22,dump_zone_22,0.00025,0.00067
1396.0,2026-07-02T15:47:30.019,1,724.147,-120.612,23.426,-0.5,0.0,RETURNING_TO_START,load_zone_26,load_zone_29,0.00025,0.00067
1396.0,2026-07-02T15:47:30.019,2,611.112,193.882,12.825,-0.5,0.0,GOING_TO_ENDPOINT,dump_zone_3,load_zone_25,0.00025,0.00067
1396.0,2026-07-02T15:47:30.019,3,-100.737,451.736,0.0,-0.5,1000.0,RETURNING_TO_START,load_zone_22,dump_zone_22,0.00025,0.00067
1397.0,2026-07-02T15:47:32.149,1,728.557,-125.021,21.626,-0.5,0.0,RETURNING_TO_START,load_zone_26,load_zone_29,0.00025,0.00067
1397.0,2026-07-02T15:47:32.149,2,607.98,194.811,11.025,-0.5,0.0,GOING_TO_ENDPOINT,dump_zone_3,load_zone_25,0.00025,0.00067
1397.0,2026-07-02T15:47:32.149,3,-100.737,451.736,0.0,-0.5,1000.0,RETURNING_TO_START,load_zone_22,dump_zone_22,0.00025,0.00067
1398.0,2026-07-02T15:47:34.160,1,732.613,-129.078,19.826,-0.5,0.0,RETURNING_TO_START,load_zone_26,load_zone_29,0.00025,0.00067
1398.0,2026-07-02T15:47:34.160,2,605.577,196.23,9.225,-0.5,0.0,GOING_TO_ENDPOINT,dump_zone_3,load_zone_25,0.00025,0.00067
1398.0,2026-07-02T15:47:34.160,3,-100.737,451.736,0.0,-0.5,1000.0,RETURNING_TO_START,load_zone_22,dump_zone_22,0.00025,0.00067
1399.0,2026-07-02T15:47:36.440,1,736.316,-132.78,18.026,-0.5,0.0,RETURNING_TO_START,load_zone_26,load_zone_29,0.00025,0.00067
1399.0,2026-07-02T15:47:36.440,2,603.509,197.217,7.425,-0.5,0.0,GOING_TO_ENDPOINT,dump_zone_3,load_zone_25,0.00025,0.00067
1399.0,2026-07-02T15:47:36.440,3,-100.737,451.736,0.0,-0.5,1000.0,RETURNING_TO_START,load_zone_22,dump_zone_22,0.00025,0.00067
1400.0,2026-07-02T15:47:38.661,1,739.665,-136.13,16.226,-0.5,0.0,RETURNING_TO_START,load_zone_26,load_zone_29,0.00025,0.00067
1400.0,2026-07-02T15:47:38.661,2,601.897,197.998,5.625,-0.5,0.0,GOING_TO_ENDPOINT,dump_zone_3,load_zone_25,0.00025,0.00067
1400.0,2026-07-02T15:47:38.661,3,-100.737,451.736,0.0,-0.5,1000.0,RETURNING_TO_START,load_zone_22,dump_zone_22,0.00025,0.00067
1401.0,2026-07-02T15:47:40.392,1,742.661,-139.125,14.426,-0.5,0.0,RETURNING_TO_START,load_zone_26,load_zone_29,0.00025,0.00067
1401.0,2026-07-02T15:47:40.392,2,600.659,198.39,3.876,-0.5,0.0,GOING_TO_ENDPOINT,dump_zone_3,load_zone_25,0.00025,0.00067
1401.0,2026-07-02T15:47:40.392,3,-100.737,451.736,0.0,-0.5,1000.0,RETURNING_TO_START,load_zone_22,dump_zone_22,0.00025,0.00067
1402.0,2026-07-02T15:47:42.930,1,745.303,-141.767,12.626,-0.5,0.0,RETURNING_TO_START,load_zone_26,load_zone_29,0.00025,0.00067
1402.0,2026-07-02T15:47:42.930,2,599.69,198.418,3.726,0.4167,0.0,GOING_TO_ENDPOINT,dump_zone_3,load_zone_25,0.000257,0.000689
1402.0,2026-07-02T15:47:42.930,3,-100.737,451.736,0.0,-0.5,1000.0,RETURNING_TO_START,load_zone_22,dump_zone_22,0.00025,0.00067
1403.0,2026-07-02T15:47:45.040,1,747.606,-144.071,10.946,-0.5,0.0,RETURNING_TO_START,load_zone_26,load_zone_29,0.00025,0.00067
1403.0,2026-07-02T15:47:45.040,2,598.32,198.03,6.476,0.75,0.0,GOING_TO_ENDPOINT,dump_zone_3,load_zone_25,0.00027,0.000724
1403.0,2026-07-02T15:47:45.040,3,-100.737,451.736,0.0,-0.5,1000.0,RETURNING_TO_START,load_zone_22,dump_zone_22,0.00025,0.00067
1404.0,2026-07-02T15:47:47.038,1,749.564,-146.029,9.146,-0.5,0.0,RETURNING_TO_START,load_zone_26,load_zone_29,0.00025,0.00067
1404.0,2026-07-02T15:47:47.038,2,596.654,196.463,10.001,1.0,0.0,GOING_TO_ENDPOINT,dump_zone_3,load_zone_25,0.000289,0.000775
1404.0,2026-07-02T15:47:47.038,3,-100.737,451.736,0.0,-0.5,1000.0,RETURNING_TO_START,load_zone_22,dump_zone_22,0.00025,0.00067
1405.0,2026-07-02T15:47:49.262,1,751.098,-147.764,7.996,-0.0833,0.0,RETURNING_TO_START,load_zone_26,load_zone_29,0.000253,0.000678
1405.0,2026-07-02T15:47:49.262,2,596.33,193.256,13.601,1.0,0.0,GOING_TO_ENDPOINT,dump_zone_3,load_zone_25,0.000303,0.000812
1405.0,2026-07-02T15:47:49.262,3,-100.737,451.736,0.0,-0.5,1000.0,RETURNING_TO_START,load_zone_22,dump_zone_22,0.00025,0.00067
1406.0,2026-07-02T15:47:51.497,1,752.084,-149.802,8.635,0.1595,0.0,RETURNING_TO_START,load_zone_26,load_zone_29,0.00026,0.000697
1406.0,2026-07-02T15:47:51.497,2,598.731,189.686,17.201,1.0,0.0,GOING_TO_ENDPOINT,dump_zone_3,load_zone_25,0.000317,0.00085
1406.0,2026-07-02T15:47:51.497,3,-100.737,451.736,0.0,-0.5,1000.0,RETURNING_TO_START,load_zone_22,dump_zone_22,0.00025,0.00067
1407.0,2026-07-02T15:47:53.418,1,752.481,-152.077,8.01,-0.0071,0.0,RETURNING_TO_START,load_zone_26,load_zone_29,0.000255,0.000683
1407.0,2026-07-02T15:47:53.418,2,601.095,184.931,20.801,1.0,0.0,GOING_TO_ENDPOINT,dump_zone_3,load_zone_25,0.00033,0.000884
1407.0,2026-07-02T15:47:53.418,3,-100.737,451.736,0.0,-0.5,1000.0,RETURNING_TO_START,load_zone_22,dump_zone_22,0.00025,0.00067
1408.0,2026-07-02T15:47:55.052,1,752.582,-154.507,9.934,0.9929,0.0,RETURNING_TO_START,load_zone_26,load_zone_29,0.000288,0.000772
1408.0,2026-07-02T15:47:55.052,2,602.371,178.768,24.401,1.0,0.0,GOING_TO_ENDPOINT,dump_zone_3,load_zone_25,0.000344,0.000922
1408.0,2026-07-02T15:47:55.052,3,-100.737,451.736,0.0,-0.5,1000.0,RETURNING_TO_START,load_zone_22,dump_zone_22,0.00025,0.00067
1409.0,2026-07-02T15:47:57.106,1,752.581,-157.808,13.534,1.0,0.0,RETURNING_TO_START,load_zone_26,load_zone_29,0.000302,0.000809
1409.0,2026-07-02T15:47:57.106,2,602.507,171.472,27.626,0.5833,0.0,GOING_TO_ENDPOINT,dump_zone_3,load_zone_25,0.00032,0.000858
1409.0,2026-07-02T15:47:57.106,3,-100.737,451.736,0.0,-0.5,1000.0,RETURNING_TO_START,load_zone_22,dump_zone_22,0.00025,0.00067
1410.0,2026-07-02T15:47:58.796,1,752.52,-162.108,17.109,0.9167,0.0,RETURNING_TO_START,load_zone_26,load_zone_29,0.000312,0.000836
1410.0,2026-07-02T15:47:58.796,2,602.499,163.692,27.776,-0.4167,0.0,GOING_TO_ENDPOINT,dump_zone_3,load_zone_25,0.00025,0.00067
1410.0,2026-07-02T15:47:58.796,3,-100.737,451.736,0.0,-0.5,1000.0,RETURNING_TO_START,load_zone_22,dump_zone_22,0.00025,0.00067
1411.0,2026-07-02T15:48:01.130,1,752.499,-167.146,18.459,-0.0833,0.0,RETURNING_TO_START,load_zone_26,load_zone_29,0.000257,0.000689
1411.0,2026-07-02T15:48:01.130,2,602.5,156.14,26.939,-0.0415,0.0,GOING_TO_ENDPOINT,dump_zone_3,load_zone_25,0.000263,0.000705
1411.0,2026-07-02T15:48:01.130,3,-100.737,451.736,0.0,-0.5,1000.0,RETURNING_TO_START,load_zone_22,dump_zone_22,0.00025,0.00067
1412.0,2026-07-02T15:48:02.802,1,752.499,-172.066,16.909,-0.5,0.0,RETURNING_TO_START,load_zone_26,load_zone_29,0.00025,0.00067
1412.0,2026-07-02T15:48:02.802,2,602.5,148.644,27.108,0.081,0.0,GOING_TO_ENDPOINT,dump_zone_3,load_zone_25,0.000274,0.000734
1412.0,2026-07-02T15:48:02.802,3,-100.737,451.736,0.0,-0.5,1000.0,RETURNING_TO_START,load_zone_22,dump_zone_22,0.00025,0.00067
1413.0,2026-07-02T15:48:04.890,1,752.5,-176.492,15.109,-0.5,0.0,RETURNING_TO_START,load_zone_26,load_zone_29,0.00025,0.00067
1413.0,2026-07-02T15:48:04.890,2,602.5,140.95,28.341,0.2582,0.0,GOING_TO_ENDPOINT,dump_zone_3,load_zone_25,0.000292,0.000783
1413.0,2026-07-02T15:48:04.890,3,-100.737,451.736,0.0,-0.5,1000.0,RETURNING_TO_START,load_zone_22,dump_zone_22,0.00025,0.00067
1414.0,2026-07-02T15:48:06.563,1,752.5,-180.418,13.309,-0.5,0.0,RETURNING_TO_START,load_zone_26,load_zone_29,0.00025,0.00067
1414.0,2026-07-02T15:48:06.563,2,602.5,133.086,28.113,-0.2225,0.0,GOING_TO_ENDPOINT,dump_zone_3,load_zone_25,0.00025,0.00067
1414.0,2026-07-02T15:48:06.563,3,-100.737,451.736,0.0,-0.5,1000.0,RETURNING_TO_START,load_zone_22,dump_zone_22,0.00025,0.00067
1415.0,2026-07-02T15:48:08.589,1,752.5,-183.844,11.509,-0.5,0.0,RETURNING_TO_START,load_zone_26,load_zone_29,0.00025,0.00067
1415.0,2026-07-02T15:48:08.589,2,602.5,125.491,26.789,-0.25,0.0,GOING_TO_ENDPOINT,dump_zone_3,load_zone_25,0.00025,0.00067
1415.0,2026-07-02T15:48:08.589,3,-100.737,451.736,0.0,-0.5,1000.0,RETURNING_TO_START,load_zone_22,dump_zone_22,0.00025,0.00067
1416.0,2026-07-02T15:48:10.358,1,752.5,-186.77,9.709,-0.5,0.0,RETURNING_TO_START,load_zone_26,load_zone_29,0.00025,0.00067
1416.0,2026-07-02T15:48:10.358,2,602.5,118.158,26.389,0.25,0.0,GOING_TO_ENDPOINT,dump_zone_3,load_zone_25,0.000288,0.000772
1416.0,2026-07-02T15:48:10.358,3,-100.737,451.736,0.0,-0.5,1000.0,RETURNING_TO_START,load_zone_22,dump_zone_22,0.00025,0.00067
1417.0,2026-07-02T15:48:12.244,1,752.495,-189.196,7.909,-0.5,0.0,RETURNING_TO_START,load_zone_26,load_zone_29,0.00025,0.00067
1417.0,2026-07-02T15:48:12.244,2,602.5,110.518,28.601,0.5697,0.0,GOING_TO_ENDPOINT,dump_zone_3,load_zone_25,0.000321,0.00086
1417.0,2026-07-02T15:48:12.244,3,-100.737,451.736,0.0,-0.5,1000.0,RETURNING_TO_START,load_zone_22,dump_zone_22,0.00025,0.00067
1418.0,2026-07-02T15:48:14.371,1,752.389,-191.117,6.109,-0.5,0.0,RETURNING_TO_START,load_zone_26,load_zone_29,0.00025,0.00067
1418.0,2026-07-02T15:48:14.371,2,602.5,102.44,29.292,0.0862,0.0,GOING_TO_ENDPOINT,dump_zone_3,load_zone_25,0.000277,0.000742
1418.0,2026-07-02T15:48:14.371,3,-100.737,451.736,0.0,-0.5,1000.0,RETURNING_TO_START,load_zone_22,dump_zone_22,0.00025,0.00067
1419.0,2026-07-02T15:48:16.378,1,752.75,-192.489,4.309,-0.5,0.0,RETURNING_TO_START,load_zone_26,load_zone_29,0.00025,0.00067
1419.0,2026-07-02T15:48:16.378,2,602.5,94.447,28.023,-0.5,0.0,GOING_TO_ENDPOINT,dump_zone_3,load_zone_25,0.00025,0.00067
1419.0,2026-07-02T15:48:16.378,3,-100.737,451.736,0.0,-0.5,1000.0,RETURNING_TO_START,load_zone_22,dump_zone_22,0.00025,0.00067
1420.0,2026-07-02T15:48:18.642,1,753.23,-193.279,2.509,-0.5,0.0,UNLOADING,load_zone_26,load_zone_29,0.00025,0.00067
1420.0,2026-07-02T15:48:18.642,2,602.5,86.887,26.652,-0.1845,0.0,GOING_TO_ENDPOINT,dump_zone_3,load_zone_25,0.000251,0.000673
1420.0,2026-07-02T15:48:18.642,3,-100.737,451.736,0.0,-0.5,1000.0,RETURNING_TO_START,load_zone_22,dump_zone_22,0.00025,0.00067
1421.0,2026-07-02T15:48:20.892,1,753.506,-193.603,0.709,-0.5,0.0,UNLOADING,load_zone_26,load_zone_29,0.00025,0.00067
1421.0,2026-07-02T15:48:20.892,2,602.5,79.43,27.238,0.3155,0.0,GOING_TO_ENDPOINT,dump_zone_3,load_zone_25,0.000295,0.000791
1421.0,2026-07-02T15:48:20.892,3,-100.737,451.736,0.0,-0.5,1000.0,RETURNING_TO_START,load_zone_22,dump_zone_22,0.00025,0.00067
1422.0,2026-07-02T15:48:23.493,1,753.527,-193.626,0.0,-0.5,0.0,UNLOADING,load_zone_26,load_zone_29,0.00025,0.00067
1422.0,2026-07-02T15:48:23.493,2,602.5,71.774,27.949,0.3053,0.0,GOING_TO_ENDPOINT,dump_zone_3,load_zone_25,0.000295,0.000791
1422.0,2026-07-02T15:48:23.493,3,-100.737,451.736,0.0,-0.5,1000.0,RETURNING_TO_START,load_zone_22,dump_zone_22,0.00025,0.00067
1423.0,2026-07-02T15:48:25.995,1,754.298,-194.259,7.2,0.0,0.0,TURNING_AROUND,load_zone_29,load_zone_29,0.000255,0.000683
1423.0,2026-07-02T15:48:25.995,2,602.5,63.975,28.162,0.0904,0.0,GOING_TO_ENDPOINT,dump_zone_3,load_zone_25,0.000276,0.00074
1423.0,2026-07-02T15:48:25.995,3,-100.737,451.736,0.0,-0.5,1000.0,RETURNING_TO_START,load_zone_22,dump_zone_22,0.00025,0.00067
1424.0,2026-07-02T15:48:27.494,1,756.182,-194.866,7.2,0.0,0.0,TURNING_AROUND,load_zone_29,load_zone_29,0.000255,0.000683
1424.0,2026-07-02T15:48:27.494,2,602.5,56.049,28.842,-0.0072,0.0,GOING_TO_ENDPOINT,dump_zone_3,load_zone_25,0.000268,0.000718
1424.0,2026-07-02T15:48:27.494,3,-100.737,451.736,0.0,-0.5,1000.0,RETURNING_TO_START,load_zone_22,dump_zone_22,0.00025,0.00067
1425.0,2026-07-02T15:48:29.179,1,754.995,-195.073,5.4,0.0,0.0,TURNING_AROUND,load_zone_29,load_zone_29,0.000253,0.000678
1425.0,2026-07-02T15:48:29.179,2,602.5,48.156,28.216,-0.0072,0.0,GOING_TO_ENDPOINT,dump_zone_3,load_zone_25,0.000267,0.000716
1425.0,2026-07-02T15:48:29.179,3,-100.737,451.736,0.0,-0.5,1000.0,RETURNING_TO_START,load_zone_22,dump_zone_22,0.00025,0.00067
1426.0,2026-07-02T15:48:30.439,1,756.393,-194.111,7.2,0.0,0.0,TURNING_AROUND,load_zone_29,load_zone_29,0.000255,0.000683
1426.0,2026-07-02T15:48:30.439,2,602.5,40.494,26.905,-0.2916,0.0,GOING_TO_ENDPOINT,dump_zone_3,load_zone_25,0.00025,0.00067
1426.0,2026-07-02T15:48:30.439,3,-100.737,451.736,0.0,-0.5,1000.0,RETURNING_TO_START,load_zone_22,dump_zone_22,0.00025,0.00067
1427.0,2026-07-02T15:48:32.471,1,756.953,-193.475,5.4,0.0,0.0,TURNING_AROUND,load_zone_29,load_zone_29,0.000253,0.000678
1427.0,2026-07-02T15:48:32.471,2,602.5,32.995,27.376,0.3923,0.0,GOING_TO_ENDPOINT,dump_zone_3,load_zone_25,0.000302,0.000809
1427.0,2026-07-02T15:48:32.471,3,-100.737,451.736,0.0,-0.5,1000.0,RETURNING_TO_START,load_zone_22,dump_zone_22,0.00025,0.00067
1428.0,2026-07-02T15:48:34.615,1,756.885,-193.71,0.15,0.25,0.0,GOING_TO_ENDPOINT,load_zone_29,load_zone_29,0.00025,0.00067
1428.0,2026-07-02T15:48:34.615,2,602.5,25.02,29.874,0.5074,0.0,GOING_TO_ENDPOINT,dump_zone_3,load_zone_25,0.000318,0.000852
1428.0,2026-07-02T15:48:34.615,3,-100.737,451.736,0.0,-0.5,1000.0,RETURNING_TO_START,load_zone_22,dump_zone_22,0.00025,0.00067
1429.0,2026-07-02T15:48:35.974,1,756.865,-193.328,2.85,1.0,0.0,GOING_TO_ENDPOINT,load_zone_29,load_zone_29,0.000261,0.000699
1429.0,2026-07-02T15:48:35.974,2,602.5,16.718,29.488,-0.4926,0.0,GOING_TO_ENDPOINT,dump_zone_3,load_zone_25,0.00025,0.00067
1429.0,2026-07-02T15:48:35.974,3,-100.737,451.736,0.0,-0.5,1000.0,RETURNING_TO_START,load_zone_22,dump_zone_22,0.00025,0.00067
1430.0,2026-07-02T15:48:37.456,1,756.5,-192.053,6.45,1.0,0.0,GOING_TO_ENDPOINT,load_zone_29,load_zone_29,0.000275,0.000737
1430.0,2026-07-02T15:48:37.456,2,602.5,8.792,27.838,-0.25,0.0,GOING_TO_ENDPOINT,dump_zone_3,load_zone_25,0.00025,0.00067
1430.0,2026-07-02T15:48:37.456,3,-100.737,451.736,0.0,-0.5,1000.0,RETURNING_TO_START,load_zone_22,dump_zone_22,0.00025,0.00067
1431.0,2026-07-02T15:48:39.233,1,754.939,-190.365,10.05,1.0,0.0,GOING_TO_ENDPOINT,load_zone_29,load_zone_29,0.000289,0.000775
1431.0,2026-07-02T15:48:39.233,2,602.5,1.149,27.248,-0.1575,0.0,GOING_TO_ENDPOINT,dump_zone_3,load_zone_25,0.000253,0.000678
1431.0,2026-07-02T15:48:39.233,3,-100.737,451.736,0.0,-0.5,1000.0,RETURNING_TO_START,load_zone_22,dump_zone_22,0.00025,0.00067
1432.0,2026-07-02T15:48:40.968,1,751.734,-189.552,13.65,1.0,0.0,GOING_TO_ENDPOINT,load_zone_29,load_zone_29,0.000303,0.000812
1432.0,2026-07-02T15:48:40.968,2,602.5,-6.52,28.172,0.3474,0.0,GOING_TO_ENDPOINT,dump_zone_3,load_zone_25,0.0003,0.000804
1432.0,2026-07-02T15:48:40.968,3,-100.737,451.736,0.0,-0.5,1000.0,RETURNING_TO_START,load_zone_22,dump_zone_22,0.00025,0.00067
1433.0,2026-07-02T15:48:42.802,1,747.407,-189.329,17.25,1.0,0.0,GOING_TO_ENDPOINT,load_zone_29,load_zone_29,0.000317,0.00085
1433.0,2026-07-02T15:48:42.802,2,602.5,-14.508,28.823,-0.2359,0.0,GOING_TO_ENDPOINT,dump_zone_3,load_zone_25,0.00025,0.00067
1433.0,2026-07-02T15:48:42.802,3,-100.737,451.736,0.0,-0.5,1000.0,RETURNING_TO_START,load_zone_22,dump_zone_22,0.00025,0.00067
1434.0,2026-07-02T15:48:44.641,1,742.084,-189.012,20.85,1.0,0.0,GOING_TO_ENDPOINT,load_zone_29,load_zone_29,0.000331,0.000887
1434.0,2026-07-02T15:48:44.641,2,602.5,-22.288,27.446,-0.25,0.0,GOING_TO_ENDPOINT,dump_zone_3,load_zone_25,0.00025,0.00067
1434.0,2026-07-02T15:48:44.641,3,-100.737,451.736,0.0,-0.5,1000.0,RETURNING_TO_START,load_zone_22,dump_zone_22,0.00025,0.00067
1435.0,2026-07-02T15:48:46.415,1,735.774,-188.479,24.45,1.0,0.0,GOING_TO_ENDPOINT,load_zone_29,load_zone_29,0.000345,0.000925
1435.0,2026-07-02T15:48:46.415,2,602.5,-29.71,26.421,0.0833,0.0,GOING_TO_ENDPOINT,dump_zone_3,load_zone_25,0.000274,0.000734
1435.0,2026-07-02T15:48:46.415,3,-100.737,451.736,0.0,-0.5,1000.0,RETURNING_TO_START,load_zone_22,dump_zone_22,0.00025,0.00067
1436.0,2026-07-02T15:48:48.706,1,728.486,-187.669,28.05,1.0,0.0,GOING_TO_ENDPOINT,load_zone_29,load_zone_29,0.000358,0.000959
1436.0,2026-07-02T15:48:48.706,2,602.5,-37.164,27.571,0.5833,0.0,GOING_TO_ENDPOINT,dump_zone_3,load_zone_25,0.000319,0.000855
1436.0,2026-07-02T15:48:48.706,3,-100.737,451.736,0.0,-0.5,1000.0,RETURNING_TO_START,load_zone_22,dump_zone_22,0.00025,0.00067
1437.0,2026-07-02T15:48:50.269,1,720.367,-186.471,30.0,1.0,0.0,GOING_TO_ENDPOINT,load_zone_29,load_zone_29,0.000366,0.000981
1437.0,2026-07-02T15:48:50.269,2,602.5,-44.929,27.771,-0.25,0.0,GOING_TO_ENDPOINT,dump_zone_3,load_zone_25,0.00025,0.00067
1437.0,2026-07-02T15:48:50.269,3,-100.737,451.736,0.0,-0.5,1000.0,RETURNING_TO_START,load_zone_22,dump_zone_22,0.00025,0.00067
1438.0,2026-07-02T15:48:52.659,1,712.23,-184.689,30.0,1.0,0.0,GOING_TO_ENDPOINT,load_zone_29,load_zone_29,0.000366,0.000981
1438.0,2026-07-02T15:48:52.659,2,602.5,-52.624,27.921,0.25,0.0,GOING_TO_ENDPOINT,dump_zone_3,load_zone_25,0.00029,0.000777
1438.0,2026-07-02T15:48:52.659,3,-100.737,451.736,0.0,-0.5,1000.0,RETURNING_TO_START,load_zone_22,dump_zone_22,0.00025,0.00067
1439.0,2026-07-02T15:48:54.750,1,704.284,-182.205,30.0,1.0,0.0,GOING_TO_ENDPOINT,load_zone_29,load_zone_29,0.000366,0.000981
1439.0,2026-07-02T15:48:54.750,2,602.5,-60.398,27.864,-0.1281,0.0,GOING_TO_ENDPOINT,dump_zone_3,load_zone_25,0.000256,0.000686
1439.0,2026-07-02T15:48:54.750,3,-100.737,451.736,0.0,-0.5,1000.0,RETURNING_TO_START,load_zone_22,dump_zone_22,0.00025,0.00067
1440.0,2026-07-02T15:48:56.908,1,697.213,-177.87,30.0,0.0833,0.0,GOING_TO_ENDPOINT,load_zone_29,load_zone_29,0.000277,0.000742
1440.0,2026-07-02T15:48:56.908,2,602.5,-67.917,26.26,-0.5,0.0,GOING_TO_ENDPOINT,dump_zone_3,load_zone_25,0.00025,0.00067
1440.0,2026-07-02T15:48:56.908,3,-100.737,451.736,0.0,-0.5,1000.0,RETURNING_TO_START,load_zone_22,dump_zone_22,0.00025,0.00067
1441.0,2026-07-02T15:48:58.776,1,695.358,-170.324,28.725,-0.5,0.0,GOING_TO_ENDPOINT,load_zone_29,load_zone_29,0.00025,0.00067
1441.0,2026-07-02T15:48:58.776,2,602.5,-74.941,24.46,-0.5,0.0,GOING_TO_ENDPOINT,dump_zone_3,load_zone_25,0.00025,0.00067
1441.0,2026-07-02T15:48:58.776,3,-100.737,451.736,0.0,-0.5,1000.0,RETURNING_TO_START,load_zone_22,dump_zone_22,0.00025,0.00067
1442.0,2026-07-02T15:49:00.769,1,700.196,-164.54,26.925,-0.5,0.0,GOING_TO_ENDPOINT,load_zone_29,load_zone_29,0.00025,0.00067
1442.0,2026-07-02T15:49:00.769,2,602.5,-81.465,22.66,-0.5,0.0,GOING_TO_ENDPOINT,dump_zone_3,load_zone_25,0.00025,0.00067
1442.0,2026-07-02T15:49:00.769,3,-100.737,451.736,0.0,-0.5,1000.0,RETURNING_TO_START,load_zone_22,dump_zone_22,0.00025,0.00067
1443.0,2026-07-02T15:49:02.577,1,700.473,-157.393,25.125,-0.5,0.0,GOING_TO_ENDPOINT,load_zone_29,load_zone_29,0.00025,0.00067
1443.0,2026-07-02T15:49:02.577,2,602.5,-87.489,20.86,-0.5,0.0,GOING_TO_ENDPOINT,dump_zone_3,load_zone_25,0.00025,0.00067
1443.0,2026-07-02T15:49:02.577,3,-100.737,451.736,0.0,-0.5,1000.0,RETURNING_TO_START,load_zone_22,dump_zone_22,0.00025,0.00067
1444.0,2026-07-02T15:49:04.126,1,699.11,-150.881,23.325,-0.5,0.0,GOING_TO_ENDPOINT,load_zone_29,load_zone_29,0.00025,0.00067
1444.0,2026-07-02T15:49:04.126,2,602.5,-93.012,19.06,-0.5,0.0,GOING_TO_ENDPOINT,dump_zone_3,load_zone_25,0.00025,0.00067
1444.0,2026-07-02T15:49:04.126,3,-100.737,451.736,0.0,-0.5,1000.0,RETURNING_TO_START,load_zone_22,dump_zone_22,0.00025,0.00067
1445.0,2026-07-02T15:49:05.527,1,693.996,-147.417,22.225,0.0833,0.0,GOING_TO_ENDPOINT,load_zone_29,load_zone_29,0.00027,0.000724
1445.0,2026-07-02T15:49:05.527,2,602.494,-98.036,17.26,-0.5,0.0,GOING_TO_ENDPOINT,dump_zone_3,load_zone_25,0.00025,0.00067
1445.0,2026-07-02T15:49:05.527,3,-100.737,451.736,0.0,-0.5,1000.0,RETURNING_TO_START,load_zone_22,dump_zone_22,0.00025,0.00067
1446.0,2026-07-02T15:49:07.382,1,689.388,-142.935,24.45,1.0,0.0,GOING_TO_ENDPOINT,load_zone_29,load_zone_29,0.000345,0.000925
1446.0,2026-07-02T15:49:07.382,2,600.669,-101.952,15.46,-0.5,0.0,GOING_TO_ENDPOINT,dump_zone_3,load_zone_25,0.00025,0.00067
1446.0,2026-07-02T15:49:07.382,3,-100.737,451.736,0.0,-0.5,1000.0,RETURNING_TO_START,load_zone_22,dump_zone_22,0.00025,0.00067
1447.0,2026-07-02T15:49:09.426,1,684.212,-137.748,27.9,0.75,0.0,GOING_TO_ENDPOINT,load_zone_29,load_zone_29,0.000335,0.000898
1447.0,2026-07-02T15:49:09.426,2,596.775,-102.541,13.81,-0.25,0.0,GOING_TO_ENDPOINT,dump_zone_3,load_zone_25,0.00025,0.00067
1447.0,2026-07-02T15:49:09.426,3,-100.737,451.736,0.0,-0.5,1000.0,RETURNING_TO_START,load_zone_22,dump_zone_22,0.00025,0.00067
1448.0,2026-07-02T15:49:10.842,1,678.594,-132.129,28.65,-0.25,0.0,GOING_TO_ENDPOINT,load_zone_29,load_zone_29,0.00025,0.00067
1448.0,2026-07-02T15:49:10.842,2,592.864,-102.487,14.86,0.75,0.0,GOING_TO_ENDPOINT,dump_zone_3,load_zone_25,0.000295,0.000791
1448.0,2026-07-02T15:49:10.842,3,-100.737,451.736,0.0,-0.5,1000.0,RETURNING_TO_START,load_zone_22,dump_zone_22,0.00025,0.00067
1449.0,2026-07-02T15:49:12.526,1,673.144,-126.679,26.925,-0.5,0.0,GOING_TO_ENDPOINT,load_zone_29,load_zone_29,0.00025,0.00067
1449.0,2026-07-02T15:49:12.526,2,588.215,-102.497,18.36,0.9167,0.0,GOING_TO_ENDPOINT,dump_zone_3,load_zone_25,0.000316,0.000847
1449.0,2026-07-02T15:49:12.526,3,-100.737,451.736,0.0,-0.5,1000.0,RETURNING_TO_START,load_zone_22,dump_zone_22,0.00025,0.00067
1450.0,2026-07-02T15:49:14.035,1,668.046,-121.583,25.125,-0.5,0.0,GOING_TO_ENDPOINT,load_zone_29,load_zone_29,0.00025,0.00067
1450.0,2026-07-02T15:49:14.035,2,582.696,-102.5,20.708,0.2325,0.0,GOING_TO_ENDPOINT,dump_zone_3,load_zone_25,0.000279,0.000748
1450.0,2026-07-02T15:49:14.035,3,-100.737,451.736,0.0,-0.5,1000.0,RETURNING_TO_START,load_zone_22,dump_zone_22,0.00025,0.00067
1451.0,2026-07-02T15:49:15.236,1,663.303,-116.839,23.325,-0.5,0.0,GOING_TO_ENDPOINT,load_zone_29,load_zone_29,0.00025,0.00067
1451.0,2026-07-02T15:49:15.236,2,577.021,-102.5,19.766,-0.5,0.0,GOING_TO_ENDPOINT,dump_zone_3,load_zone_25,0.00025,0.00067
1451.0,2026-07-02T15:49:15.236,3,-100.737,451.736,0.0,-0.5,1000.0,RETURNING_TO_START,load_zone_22,dump_zone_22,0.00025,0.00067
1452.0,2026-07-02T15:49:16.909,1,658.939,-112.423,21.525,-0.5,0.0,GOING_TO_ENDPOINT,load_zone_29,load_zone_29,0.00025,0.00067
1452.0,2026-07-02T15:49:16.909,2,571.802,-102.5,17.966,-0.5,0.0,GOING_TO_ENDPOINT,dump_zone_3,load_zone_25,0.00025,0.00067
1452.0,2026-07-02T15:49:16.909,3,-100.737,451.736,0.0,-0.5,1000.0,RETURNING_TO_START,load_zone_22,dump_zone_22,0.00025,0.00067
1453.0,2026-07-02T15:49:18.968,1,654.848,-108.475,19.725,-0.5,0.0,GOING_TO_ENDPOINT,load_zone_29,load_zone_29,0.00025,0.00067
1453.0,2026-07-02T15:49:18.968,2,567.082,-102.5,16.166,-0.5,0.0,GOING_TO_ENDPOINT,dump_zone_3,load_zone_25,0.00025,0.00067
1453.0,2026-07-02T15:49:18.968,3,-100.737,451.736,0.0,-0.5,1000.0,RETURNING_TO_START,load_zone_22,dump_zone_22,0.00025,0.00067
1454.0,2026-07-02T15:49:21.042,1,649.888,-107.35,17.925,-0.5,0.0,GOING_TO_ENDPOINT,load_zone_29,load_zone_29,0.00025,0.00067
1454.0,2026-07-02T15:49:21.042,2,562.862,-102.5,14.366,-0.5,0.0,GOING_TO_ENDPOINT,dump_zone_3,load_zone_25,0.00025,0.00067
1454.0,2026-07-02T15:49:21.042,3,-100.737,451.736,0.0,-0.5,1000.0,RETURNING_TO_START,load_zone_22,dump_zone_22,0.00025,0.00067
1455.0,2026-07-02T15:49:23.212,1,647.189,-103.819,16.125,-0.5,0.0,GOING_TO_ENDPOINT,load_zone_29,load_zone_29,0.00025,0.00067
1455.0,2026-07-02T15:49:23.212,2,559.143,-102.5,12.566,-0.5,0.0,GOING_TO_ENDPOINT,dump_zone_3,load_zone_25,0.00025,0.00067
1455.0,2026-07-02T15:49:23.212,3,-100.737,451.736,0.0,-0.5,1000.0,RETURNING_TO_START,load_zone_22,dump_zone_22,0.00025,0.00067
1456.0,2026-07-02T15:49:25.225,1,648.8,-99.878,15.675,-0.0833,0.0,GOING_TO_ENDPOINT,load_zone_29,load_zone_29,0.000256,0.000686
1456.0,2026-07-02T15:49:25.225,2,555.923,-102.5,10.766,-0.5,0.0,GOING_TO_ENDPOINT,dump_zone_3,load_zone_25,0.00025,0.00067
1456.0,2026-07-02T15:49:25.225,3,-100.737,451.736,0.0,-0.5,1000.0,RETURNING_TO_START,load_zone_22,dump_zone_22,0.00025,0.00067
1457.0,2026-07-02T15:49:26.897,1,651.875,-97.177,14.125,-0.5,0.0,GOING_TO_ENDPOINT,load_zone_29,load_zone_29,0.00025,0.00067
1457.0,2026-07-02T15:49:26.897,2,553.203,-102.5,8.966,-0.5,0.0,GOING_TO_ENDPOINT,dump_zone_3,load_zone_25,0.00025,0.00067
1457.0,2026-07-02T15:49:26.897,3,-100.737,451.736,0.0,-0.5,1000.0,RETURNING_TO_START,load_zone_22,dump_zone_22,0.00025,0.00067
1458.0,2026-07-02T15:49:28.546,1,655.659,-96.917,13.975,0.4167,0.0,GOING_TO_ENDPOINT,load_zone_29,load_zone_29,0.000278,0.000745
1458.0,2026-07-02T15:49:28.546,2,550.992,-102.62,7.166,-0.5,0.0,GOING_TO_ENDPOINT,dump_zone_3,load_zone_25,0.00025,0.00067
1458.0,2026-07-02T15:49:28.546,3,-100.737,451.736,0.0,-0.5,1000.0,RETURNING_TO_START,load_zone_22,dump_zone_22,0.00025,0.00067
1459.0,2026-07-02T15:49:30.212,1,659.943,-97.261,17.05,1.0,0.0,GOING_TO_ENDPOINT,load_zone_29,load_zone_29,0.000316,0.000847
1459.0,2026-07-02T15:49:30.212,2,549.374,-103.41,6.491,0.25,0.0,GOING_TO_ENDPOINT,dump_zone_3,load_zone_25,0.000259,0.000694
1459.0,2026-07-02T15:49:30.212,3,-100.737,451.736,0.0,-0.5,1000.0,RETURNING_TO_START,load_zone_22,dump_zone_22,0.00025,0.00067
1460.0,2026-07-02T15:49:31.987,1,665.195,-97.483,20.275,0.5833,0.0,GOING_TO_ENDPOINT,load_zone_29,load_zone_29,0.000301,0.000807
1460.0,2026-07-02T15:49:31.987,2,547.847,-104.912,9.191,1.0,0.0,GOING_TO_ENDPOINT,dump_zone_3,load_zone_25,0.000286,0.000766
1460.0,2026-07-02T15:49:31.987,3,-100.737,451.736,0.0,-0.5,1000.0,RETURNING_TO_START,load_zone_22,dump_zone_22,0.00025,0.00067
1461.0,2026-07-02T15:49:33.499,1,670.932,-97.506,20.425,-0.4167,0.0,GOING_TO_ENDPOINT,load_zone_29,load_zone_29,0.00025,0.00067
1461.0,2026-07-02T15:49:33.499,2,545.776,-107.211,12.791,1.0,0.0,GOING_TO_ENDPOINT,dump_zone_3,load_zone_25,0.000299,0.000801
1461.0,2026-07-02T15:49:33.499,3,-100.737,451.736,0.0,-0.5,1000.0,RETURNING_TO_START,load_zone_22,dump_zone_22,0.00025,0.00067
1462.0,2026-07-02T15:49:35.212,1,676.335,-97.5,18.625,-0.5,0.0,GOING_TO_ENDPOINT,load_zone_29,load_zone_29,0.00025,0.00067
1462.0,2026-07-02T15:49:35.212,2,543.04,-110.258,16.391,1.0,0.0,GOING_TO_ENDPOINT,dump_zone_3,load_zone_25,0.000313,0.000839
1462.0,2026-07-02T15:49:35.212,3,-100.737,451.736,0.0,-0.5,1000.0,RETURNING_TO_START,load_zone_22,dump_zone_22,0.00025,0.00067
1463.0,2026-07-02T15:49:36.514,1,681.238,-97.5,16.825,-0.5,0.0,GOING_TO_ENDPOINT,load_zone_29,load_zone_29,0.00025,0.00067
1463.0,2026-07-02T15:49:36.514,2,539.537,-113.957,19.991,1.0,0.0,GOING_TO_ENDPOINT,dump_zone_3,load_zone_25,0.000327,0.000876
1463.0,2026-07-02T15:49:36.514,3,-100.737,451.736,0.0,-0.5,1000.0,RETURNING_TO_START,load_zone_22,dump_zone_22,0.00025,0.00067
1464.0,2026-07-02T15:49:38.202,1,685.64,-97.5,15.025,-0.5,0.0,GOING_TO_ENDPOINT,load_zone_29,load_zone_29,0.00025,0.00067
1464.0,2026-07-02T15:49:38.202,2,535.249,-118.288,23.591,1.0,0.0,GOING_TO_ENDPOINT,dump_zone_3,load_zone_25,0.000341,0.000914
1464.0,2026-07-02T15:49:38.202,3,-100.737,451.736,0.0,-0.5,1000.0,RETURNING_TO_START,load_zone_22,dump_zone_22,0.00025,0.00067
1465.0,2026-07-02T15:49:40.142,1,689.543,-97.5,13.225,-0.5,0.0,GOING_TO_ENDPOINT,load_zone_29,load_zone_29,0.00025,0.00067
1465.0,2026-07-02T15:49:40.142,2,530.247,-123.29,26.816,0.5833,0.0,GOING_TO_ENDPOINT,dump_zone_3,load_zone_25,0.000318,0.000852
1465.0,2026-07-02T15:49:40.142,3,-100.737,451.736,0.0,-0.5,1000.0,RETURNING_TO_START,load_zone_22,dump_zone_22,0.00025,0.00067
1466.0,2026-07-02T15:49:41.913,1,692.957,-97.5,11.47,-0.5,0.0,GOING_TO_ENDPOINT,load_zone_29,load_zone_29,0.00025,0.00067
1466.0,2026-07-02T15:49:41.913,2,524.892,-128.643,27.083,-0.3842,0.0,GOING_TO_ENDPOINT,dump_zone_3,load_zone_25,0.00025,0.00067
1466.0,2026-07-02T15:49:41.913,3,-100.737,451.736,0.0,-0.5,1000.0,RETURNING_TO_START,load_zone_22,dump_zone_22,0.00025,0.00067
1467.0,2026-07-02T15:49:43.471,1,695.872,-97.5,9.67,-0.5,0.0,GOING_TO_ENDPOINT,load_zone_29,load_zone_29,0.00025,0.00067
1467.0,2026-07-02T15:49:43.471,2,519.762,-133.773,25.292,-0.5,0.0,GOING_TO_ENDPOINT,dump_zone_3,load_zone_25,0.00025,0.00067
1467.0,2026-07-02T15:49:43.471,3,-100.737,451.736,0.0,-0.5,1000.0,RETURNING_TO_START,load_zone_22,dump_zone_22,0.00025,0.00067
1468.0,2026-07-02T15:49:45.272,1,698.288,-97.531,7.895,-0.4167,0.0,GOING_TO_ENDPOINT,load_zone_29,load_zone_29,0.00025,0.00067
1468.0,2026-07-02T15:49:45.272,2,514.986,-138.55,23.492,-0.5,0.0,GOING_TO_ENDPOINT,dump_zone_3,load_zone_25,0.00025,0.00067
1468.0,2026-07-02T15:49:45.272,3,-100.737,451.736,0.0,-0.5,1000.0,RETURNING_TO_START,load_zone_22,dump_zone_22,0.00025,0.00067
1469.0,2026-07-02T15:49:47.152,1,700.412,-97.957,8.295,0.4167,0.0,GOING_TO_ENDPOINT,load_zone_29,load_zone_29,0.000266,0.000713
1469.0,2026-07-02T15:49:47.152,2,510.563,-142.973,21.692,-0.5,0.0,GOING_TO_ENDPOINT,dump_zone_3,load_zone_25,0.00025,0.00067
1469.0,2026-07-02T15:49:47.152,3,-100.737,451.736,0.0,-0.5,1000.0,RETURNING_TO_START,load_zone_22,dump_zone_22,0.00025,0.00067
1470.0,2026-07-02T15:49:48.913,1,702.439,-99.071,7.87,-0.5,0.0,GOING_TO_ENDPOINT,load_zone_29,load_zone_29,0.00025,0.00067
1470.0,2026-07-02T15:49:48.913,2,506.494,-147.043,19.892,-0.5,0.0,GOING_TO_ENDPOINT,dump_zone_3,load_zone_25,0.00025,0.00067
1470.0,2026-07-02T15:49:48.913,3,-100.737,451.736,0.0,-0.5,1000.0,RETURNING_TO_START,load_zone_22,dump_zone_22,0.00025,0.00067
1471.0,2026-07-02T15:49:50.202,1,704.018,-100.423,7.72,0.4167,0.0,GOING_TO_ENDPOINT,load_zone_29,load_zone_29,0.000265,0.00071
1471.0,2026-07-02T15:49:50.202,2,502.94,-150.896,18.242,-0.25,0.0,GOING_TO_ENDPOINT,dump_zone_3,load_zone_25,0.00025,0.00067
1471.0,2026-07-02T15:49:50.202,3,-100.737,451.736,0.0,-0.5,1000.0,RETURNING_TO_START,load_zone_22,dump_zone_22,0.00025,0.00067
1472.0,2026-07-02T15:49:51.377,1,705.838,-102.224,10.795,1.0,0.0,GOING_TO_ENDPOINT,load_zone_29,load_zone_29,0.000292,0.000783
1472.0,2026-07-02T15:49:51.377,2,503.822,-155.61,19.292,0.75,0.0,GOING_TO_ENDPOINT,dump_zone_3,load_zone_25,0.000309,0.000828
1472.0,2026-07-02T15:49:51.377,3,-100.737,451.736,0.0,-0.5,1000.0,RETURNING_TO_START,load_zone_22,dump_zone_22,0.00025,0.00067
1473.0,2026-07-02T15:49:52.685,1,708.318,-104.751,14.395,1.0,0.0,GOING_TO_ENDPOINT,load_zone_29,load_zone_29,0.000306,0.00082
1473.0,2026-07-02T15:49:52.685,2,509.29,-157.615,22.817,1.0,0.0,GOING_TO_ENDPOINT,dump_zone_3,load_zone_25,0.000338,0.000906
1473.0,2026-07-02T15:49:52.685,3,-100.737,451.736,0.0,-0.5,1000.0,RETURNING_TO_START,load_zone_22,dump_zone_22,0.00025,0.00067
1474.0,2026-07-02T15:49:54.201,1,711.516,-107.974,17.995,1.0,0.0,GOING_TO_ENDPOINT,load_zone_29,load_zone_29,0.00032,0.000858
1474.0,2026-07-02T15:49:54.201,2,514.955,-161.464,26.417,1.0,0.0,GOING_TO_ENDPOINT,dump_zone_3,load_zone_25,0.000352,0.000943
1474.0,2026-07-02T15:49:54.201,3,-100.737,451.736,0.0,-0.5,1000.0,RETURNING_TO_START,load_zone_22,dump_zone_22,0.00025,0.00067
1475.0,2026-07-02T15:49:56.026,1,715.43,-111.896,21.595,1.0,0.0,GOING_TO_ENDPOINT,load_zone_29,load_zone_29,0.000334,0.000895
1475.0,2026-07-02T15:49:56.026,2,520.435,-166.893,28.367,0.0833,0.0,GOING_TO_ENDPOINT,dump_zone_3,load_zone_25,0.000276,0.00074
1475.0,2026-07-02T15:49:56.026,3,-100.737,451.736,0.0,-0.5,1000.0,RETURNING_TO_START,load_zone_22,dump_zone_22,0.00025,0.00067
1476.0,2026-07-02T15:49:57.762,1,720.055,-116.52,25.195,1.0,0.0,GOING_TO_ENDPOINT,load_zone_29,load_zone_29,0.000347,0.00093
1476.0,2026-07-02T15:49:57.762,2,525.9,-172.366,27.092,-0.5,0.0,GOING_TO_ENDPOINT,dump_zone_3,load_zone_25,0.00025,0.00067
1476.0,2026-07-02T15:49:57.762,3,-100.737,451.736,0.0,-0.5,1000.0,RETURNING_TO_START,load_zone_22,dump_zone_22,0.00025,0.00067
1477.0,2026-07-02T15:49:59.358,1,725.32,-121.785,27.689,0.2651,0.0,GOING_TO_ENDPOINT,load_zone_29,load_zone_29,0.000291,0.00078
1477.0,2026-07-02T15:49:59.358,2,531.031,-177.495,25.292,-0.5,0.0,GOING_TO_ENDPOINT,dump_zone_3,load_zone_25,0.00025,0.00067
1477.0,2026-07-02T15:49:59.358,3,-100.737,451.736,0.0,-0.5,1000.0,RETURNING_TO_START,load_zone_22,dump_zone_22,0.00025,0.00067
1478.0,2026-07-02T15:50:00.625,1,730.715,-127.18,26.829,-0.5,0.0,GOING_TO_ENDPOINT,load_zone_29,load_zone_29,0.00025,0.00067
1478.0,2026-07-02T15:50:00.625,2,535.807,-182.272,23.492,-0.5,0.0,GOING_TO_ENDPOINT,dump_zone_3,load_zone_25,0.00025,0.00067
1478.0,2026-07-02T15:50:00.625,3,-100.737,451.736,0.0,-0.5,1000.0,RETURNING_TO_START,load_zone_22,dump_zone_22,0.00025,0.00067
1479.0,2026-07-02T15:50:01.788,1,735.793,-132.258,25.029,-0.5,0.0,GOING_TO_ENDPOINT,load_zone_29,load_zone_29,0.00025,0.00067
1479.0,2026-07-02T15:50:01.788,2,540.23,-186.694,21.692,-0.5,0.0,GOING_TO_ENDPOINT,dump_zone_3,load_zone_25,0.00025,0.00067
1479.0,2026-07-02T15:50:01.788,3,-100.737,451.736,0.0,-0.5,1000.0,RETURNING_TO_START,load_zone_22,dump_zone_22,0.00025,0.00067
1480.0,2026-07-02T15:50:02.997,1,740.518,-136.982,23.229,-0.5,0.0,GOING_TO_ENDPOINT,load_zone_29,load_zone_29,0.00025,0.00067
1480.0,2026-07-02T15:50:02.997,2,544.299,-190.764,19.892,-0.5,0.0,GOING_TO_ENDPOINT,dump_zone_3,load_zone_25,0.00025,0.00067
1480.0,2026-07-02T15:50:02.997,3,-100.737,451.736,0.0,-0.5,1000.0,RETURNING_TO_START,load_zone_22,dump_zone_22,0.00025,0.00067
1481.0,2026-07-02T15:50:04.321,1,744.889,-141.354,21.429,-0.5,0.0,GOING_TO_ENDPOINT,load_zone_29,load_zone_29,0.00025,0.00067
1481.0,2026-07-02T15:50:04.321,2,548.015,-194.48,18.092,-0.5,0.0,GOING_TO_ENDPOINT,dump_zone_3,load_zone_25,0.00025,0.00067
1481.0,2026-07-02T15:50:04.321,3,-100.737,451.736,0.0,-0.5,1000.0,RETURNING_TO_START,load_zone_22,dump_zone_22,0.00025,0.00067
1482.0,2026-07-02T15:50:05.708,1,748.907,-145.371,19.629,-0.5,0.0,GOING_TO_ENDPOINT,load_zone_29,load_zone_29,0.00025,0.00067
1482.0,2026-07-02T15:50:05.708,2,551.431,-197.784,16.292,-0.5,0.0,GOING_TO_ENDPOINT,dump_zone_3,load_zone_25,0.00025,0.00067
1482.0,2026-07-02T15:50:05.708,3,-100.737,451.736,0.0,-0.5,1000.0,RETURNING_TO_START,load_zone_22,dump_zone_22,0.00025,0.00067
1483.0,2026-07-02T15:50:07.517,1,752.184,-149.355,17.829,-0.5,0.0,GOING_TO_ENDPOINT,load_zone_29,load_zone_29,0.00025,0.00067
1483.0,2026-07-02T15:50:07.517,2,555.399,-199.516,15.617,0.25,0.0,GOING_TO_ENDPOINT,dump_zone_3,load_zone_25,0.000273,0.000732
1483.0,2026-07-02T15:50:07.517,3,-100.737,451.736,0.0,-0.5,1000.0,RETURNING_TO_START,load_zone_22,dump_zone_22,0.00025,0.00067
1484.0,2026-07-02T15:50:09.182,1,753.048,-153.865,16.729,0.0833,0.0,GOING_TO_ENDPOINT,load_zone_29,load_zone_29,0.000265,0.00071
1484.0,2026-07-02T15:50:09.182,2,559.852,-200.95,18.317,1.0,0.0,GOING_TO_ENDPOINT,dump_zone_3,load_zone_25,0.000321,0.00086
1484.0,2026-07-02T15:50:09.182,3,-100.737,451.736,0.0,-0.5,1000.0,RETURNING_TO_START,load_zone_22,dump_zone_22,0.00025,0.00067
1485.0,2026-07-02T15:50:11.998,1,752.583,-158.736,18.778,0.7209,0.0,GOING_TO_ENDPOINT,load_zone_29,load_zone_29,0.000306,0.00082
1485.0,2026-07-02T15:50:11.998,2,565.204,-202.695,21.892,0.9167,0.0,GOING_TO_ENDPOINT,dump_zone_3,load_zone_25,0.000329,0.000882
1485.0,2026-07-02T15:50:11.998,3,-100.737,451.736,0.0,-0.5,1000.0,RETURNING_TO_START,load_zone_22,dump_zone_22,0.00025,0.00067
1486.0,2026-07-02T15:50:14.484,1,752.494,-164.131,19.423,-0.2791,0.0,GOING_TO_ENDPOINT,load_zone_29,load_zone_29,0.00025,0.00067
1486.0,2026-07-02T15:50:14.484,2,571.288,-204.783,23.825,0.1418,0.0,GOING_TO_ENDPOINT,dump_zone_3,load_zone_25,0.000276,0.00074
1486.0,2026-07-02T15:50:14.484,3,-100.737,451.736,0.0,-0.5,1000.0,RETURNING_TO_START,load_zone_22,dump_zone_22,0.00025,0.00067
1487.0,2026-07-02T15:50:16.159,1,752.498,-169.271,17.681,-0.5,0.0,GOING_TO_ENDPOINT,load_zone_29,load_zone_29,0.00025,0.00067
1487.0,2026-07-02T15:50:16.159,2,577.408,-206.968,22.673,-0.5,0.0,GOING_TO_ENDPOINT,dump_zone_3,load_zone_25,0.00025,0.00067
1487.0,2026-07-02T15:50:16.159,3,-100.737,451.736,0.0,-0.5,1000.0,RETURNING_TO_START,load_zone_22,dump_zone_22,0.00025,0.00067
1488.0,2026-07-02T15:50:17.861,1,752.5,-173.911,15.881,-0.5,0.0,GOING_TO_ENDPOINT,load_zone_29,load_zone_29,0.00025,0.00067
1488.0,2026-07-02T15:50:17.861,2,583.054,-209.078,20.873,-0.5,0.0,GOING_TO_ENDPOINT,dump_zone_3,load_zone_25,0.00025,0.00067
1488.0,2026-07-02T15:50:17.861,3,-100.737,451.736,0.0,-0.5,1000.0,RETURNING_TO_START,load_zone_22,dump_zone_22,0.00025,0.00067
1489.0,2026-07-02T15:50:19.671,1,752.5,-178.052,14.081,-0.5,0.0,GOING_TO_ENDPOINT,load_zone_29,load_zone_29,0.00025,0.00067
1489.0,2026-07-02T15:50:19.671,2,588.189,-211.123,19.073,-0.5,0.0,GOING_TO_ENDPOINT,dump_zone_3,load_zone_25,0.00025,0.00067
1489.0,2026-07-02T15:50:19.671,3,-100.737,451.736,0.0,-0.5,1000.0,RETURNING_TO_START,load_zone_22,dump_zone_22,0.00025,0.00067
1490.0,2026-07-02T15:50:21.751,1,752.5,-181.692,12.281,-0.5,0.0,GOING_TO_ENDPOINT,load_zone_29,load_zone_29,0.00025,0.00067
1490.0,2026-07-02T15:50:21.751,2,592.799,-213.127,17.273,-0.5,0.0,GOING_TO_ENDPOINT,dump_zone_3,load_zone_25,0.00025,0.00067
1490.0,2026-07-02T15:50:21.751,3,-100.737,451.736,0.0,-0.5,1000.0,RETURNING_TO_START,load_zone_22,dump_zone_22,0.00025,0.00067
1491.0,2026-07-02T15:50:23.908,1,752.5,-184.833,10.481,-0.5,0.0,GOING_TO_ENDPOINT,load_zone_29,load_zone_29,0.00025,0.00067
1491.0,2026-07-02T15:50:23.908,2,596.858,-215.131,15.473,-0.5,0.0,GOING_TO_ENDPOINT,dump_zone_3,load_zone_25,0.00025,0.00067
1491.0,2026-07-02T15:50:23.908,3,-100.737,451.736,0.0,-0.5,1000.0,RETURNING_TO_START,load_zone_22,dump_zone_22,0.00025,0.00067
1492.0,2026-07-02T15:50:25.937,1,752.5,-187.473,8.681,-0.5,0.0,GOING_TO_ENDPOINT,load_zone_29,load_zone_29,0.00025,0.00067
1492.0,2026-07-02T15:50:25.937,2,600.302,-217.214,13.673,-0.5,0.0,GOING_TO_ENDPOINT,dump_zone_3,load_zone_25,0.00025,0.00067
1492.0,2026-07-02T15:50:25.937,3,-100.737,451.736,0.0,-0.5,1000.0,RETURNING_TO_START,load_zone_22,dump_zone_22,0.00025,0.00067
1493.0,2026-07-02T15:50:27.941,1,752.469,-189.613,6.881,-0.5,0.0,GOING_TO_ENDPOINT,load_zone_29,load_zone_29,0.00025,0.00067
1493.0,2026-07-02T15:50:27.941,2,602.974,-219.543,11.998,-0.4167,0.0,GOING_TO_ENDPOINT,dump_zone_3,load_zone_25,0.00025,0.00067
1493.0,2026-07-02T15:50:27.941,3,-100.737,451.736,0.0,-0.5,1000.0,RETURNING_TO_START,load_zone_22,dump_zone_22,0.00025,0.00067
1494.0,2026-07-02T15:50:30.189,1,752.664,-191.232,5.081,-0.5,0.0,GOING_TO_ENDPOINT,load_zone_29,load_zone_29,0.00025,0.00067
1494.0,2026-07-02T15:50:30.189,2,604.795,-222.156,11.148,-0.0833,0.0,GOING_TO_ENDPOINT,dump_zone_3,load_zone_25,0.000254,0.000681
1494.0,2026-07-02T15:50:30.189,3,-100.737,451.736,0.0,-0.5,1000.0,RETURNING_TO_START,load_zone_22,dump_zone_22,0.00025,0.00067
1495.0,2026-07-02T15:50:32.443,1,753.169,-192.25,3.281,-0.5,0.0,LOADING,load_zone_29,load_zone_29,0.00025,0.00067
1495.0,2026-07-02T15:50:32.443,2,605.824,-225.043,10.934,-0.0973,0.0,GOING_TO_ENDPOINT,dump_zone_3,load_zone_25,0.000253,0.000678
1495.0,2026-07-02T15:50:32.443,3,-100.737,451.736,0.0,-0.5,1000.0,RETURNING_TO_START,load_zone_22,dump_zone_22,0.00025,0.00067
1496.0,2026-07-02T15:50:34.327,1,753.57,-192.749,1.481,-0.5,0.0,LOADING,load_zone_29,load_zone_29,0.00025,0.00067
1496.0,2026-07-02T15:50:34.327,2,605.943,-227.896,9.651,-0.5,0.0,GOING_TO_ENDPOINT,dump_zone_3,load_zone_25,0.00025,0.00067
1496.0,2026-07-02T15:50:34.327,3,-100.737,451.736,0.0,-0.5,1000.0,RETURNING_TO_START,load_zone_22,dump_zone_22,0.00025,0.00067
1497.0,2026-07-02T15:50:35.898,1,753.676,-192.858,0.0,-0.5,0.0,LOADING,load_zone_29,load_zone_29,0.00025,0.00067
1497.0,2026-07-02T15:50:35.898,2,605.187,-230.169,7.851,-0.5,0.0,GOING_TO_ENDPOINT,dump_zone_3,load_zone_25,0.00025,0.00067
1497.0,2026-07-02T15:50:35.898,3,-100.737,451.736,0.0,-0.5,1000.0,RETURNING_TO_START,load_zone_22,dump_zone_22,0.00025,0.00067
1498.0,2026-07-02T15:50:37.348,1,753.799,-192.97,7.2,0.0,1000.0,TURNING_AROUND,load_zone_29,dump_zone_3,0.000258,0.000691
1498.0,2026-07-02T15:50:37.348,2,604.14,-231.767,6.051,-0.5,0.0,GOING_TO_ENDPOINT,dump_zone_3,load_zone_25,0.00025,0.00067
1498.0,2026-07-02T15:50:37.348,3,-100.737,451.736,0.0,-0.5,1000.0,RETURNING_TO_START,load_zone_22,dump_zone_22,0.00025,0.00067
1499.0,2026-07-02T15:50:38.897,1,755.564,-193.866,7.2,0.0,1000.0,TURNING_AROUND,load_zone_29,dump_zone_3,0.000258,0.000691
1499.0,2026-07-02T15:50:38.897,2,603.397,-232.992,4.642,-0.0833,0.0,GOING_TO_ENDPOINT,dump_zone_3,load_zone_25,0.000252,0.000675
1499.0,2026-07-02T15:50:38.897,3,-100.737,451.736,0.0,-0.5,1000.0,RETURNING_TO_START,load_zone_22,dump_zone_22,0.00025,0.00067
1500.0,2026-07-02T15:50:40.215,1,755.814,-194.049,5.4,0.0,1000.0,TURNING_AROUND,load_zone_29,dump_zone_3,0.000256,0.000686
1500.0,2026-07-02T15:50:40.215,2,602.798,-234.13,4.298,-0.4497,0.0,GOING_TO_ENDPOINT,dump_zone_3,load_zone_25,0.00025,0.00067
1500.0,2026-07-02T15:50:40.215,3,-100.737,451.736,0.0,-0.5,1000.0,RETURNING_TO_START,load_zone_22,dump_zone_22,0.00025,0.00067
1501.0,2026-07-02T15:50:41.627,1,755.96,-193.77,7.2,0.0,1000.0,TURNING_AROUND,load_zone_29,dump_zone_3,0.000258,0.000691
1501.0,2026-07-02T15:50:41.627,2,602.317,-235.13,4.291,0.4565,0.0,GOING_TO_ENDPOINT,dump_zone_3,load_zone_25,0.000259,0.000694
1501.0,2026-07-02T15:50:41.627,3,-100.737,451.736,0.0,-0.5,1000.0,RETURNING_TO_START,load_zone_22,dump_zone_22,0.00025,0.00067
1502.0,2026-07-02T15:50:42.928,1,757.181,-192.212,7.2,0.0,1000.0,TURNING_AROUND,load_zone_29,dump_zone_3,0.000258,0.000691
1502.0,2026-07-02T15:50:42.928,2,601.767,-236.34,4.834,-0.0435,0.0,GOING_TO_ENDPOINT,dump_zone_3,load_zone_25,0.000252,0.000675
1502.0,2026-07-02T15:50:42.928,3,-100.737,451.736,0.0,-0.5,1000.0,RETURNING_TO_START,load_zone_22,dump_zone_22,0.00025,0.00067
1503.0,2026-07-02T15:50:44.453,1,757.061,-192.655,0.0,-0.0833,1000.0,RETURNING_TO_START,load_zone_29,dump_zone_3,0.00025,0.00067
1503.0,2026-07-02T15:50:44.453,2,601.317,-237.622,5.105,-0.0041,0.0,GOING_TO_ENDPOINT,dump_zone_3,load_zone_25,0.000253,0.000678
1503.0,2026-07-02T15:50:44.453,3,-100.737,451.736,0.0,-0.5,1000.0,RETURNING_TO_START,load_zone_22,dump_zone_22,0.00025,0.00067
1504.0,2026-07-02T15:50:45.701,1,757.057,-192.489,1.65,0.9167,1000.0,RETURNING_TO_START,load_zone_29,dump_zone_3,0.00026,0.000697
1504.0,2026-07-02T15:50:45.701,2,601.197,-238.916,4.194,-0.3569,0.0,GOING_TO_ENDPOINT,dump_zone_3,load_zone_25,0.00025,0.00067
1504.0,2026-07-02T15:50:45.701,3,-100.737,451.736,0.0,-0.5,1000.0,RETURNING_TO_START,load_zone_22,dump_zone_22,0.00025,0.00067
1505.0,2026-07-02T15:50:47.108,1,756.882,-191.507,5.25,1.0,1000.0,RETURNING_TO_START,load_zone_29,dump_zone_3,0.000284,0.000761
1505.0,2026-07-02T15:50:47.108,2,601.358,-239.912,3.047,-0.5,0.0,LOADING,dump_zone_3,load_zone_25,0.00025,0.00067
1505.0,2026-07-02T15:50:47.108,3,-100.737,451.736,0.0,-0.5,1000.0,RETURNING_TO_START,load_zone_22,dump_zone_22,0.00025,0.00067
1506.0,2026-07-02T15:50:48.601,1,755.844,-189.82,8.85,1.0,1000.0,RETURNING_TO_START,load_zone_29,dump_zone_3,0.000307,0.000823
1506.0,2026-07-02T15:50:48.601,2,601.515,-240.465,1.247,-0.5,0.0,LOADING,dump_zone_3,load_zone_25,0.00025,0.00067
1506.0,2026-07-02T15:50:48.601,3,-100.737,451.736,0.0,-0.5,1000.0,RETURNING_TO_START,load_zone_22,dump_zone_22,0.00025,0.00067
1507.0,2026-07-02T15:50:50.418,1,753.545,-187.895,12.45,1.0,1000.0,RETURNING_TO_START,load_zone_29,dump_zone_3,0.00033,0.000884
1507.0,2026-07-02T15:50:50.418,2,601.553,-240.564,0.0,-0.5,0.0,LOADING,dump_zone_3,load_zone_25,0.00025,0.00067
1507.0,2026-07-02T15:50:50.418,3,-100.737,451.736,0.0,-0.5,1000.0,RETURNING_TO_START,load_zone_22,dump_zone_22,0.00025,0.00067
1508.0,2026-07-02T15:50:51.684,1,750.533,-185.264,16.05,1.0,1000.0,RETURNING_TO_START,load_zone_29,dump_zone_3,0.000353,0.000946
1508.0,2026-07-02T15:50:51.684,2,601.77,-241.014,7.2,0.0,1000.0,TURNING_AROUND,load_zone_25,dump_zone_3,0.000258,0.000691
1508.0,2026-07-02T15:50:51.684,3,-100.737,451.736,0.0,-0.5,1000.0,RETURNING_TO_START,load_zone_22,dump_zone_22,0.00025,0.00067
1509.0,2026-07-02T15:50:53.235,1,747.927,-181.087,19.275,0.5833,1000.0,RETURNING_TO_START,load_zone_29,dump_zone_3,0.000331,0.000887
1509.0,2026-07-02T15:50:53.235,2,603.139,-242.444,7.2,0.0,1000.0,TURNING_AROUND,load_zone_25,dump_zone_3,0.000258,0.000691
1509.0,2026-07-02T15:50:53.235,3,-100.737,451.736,0.0,-0.5,1000.0,RETURNING_TO_START,load_zone_22,dump_zone_22,0.00025,0.00067
1510.0,2026-07-02T15:50:54.404,1,747.432,-175.672,19.425,-0.4167,1000.0,RETURNING_TO_START,load_zone_29,dump_zone_3,0.00025,0.00067
1510.0,2026-07-02T15:50:54.404,2,602.771,-242.481,5.4,0.0,1000.0,TURNING_AROUND,load_zone_25,dump_zone_3,0.000256,0.000686
1510.0,2026-07-02T15:50:54.404,3,-100.737,451.736,0.0,-0.5,1000.0,RETURNING_TO_START,load_zone_22,dump_zone_22,0.00025,0.00067
1511.0,2026-07-02T15:50:55.450,1,747.489,-170.548,17.625,-0.5,1000.0,RETURNING_TO_START,load_zone_29,dump_zone_3,0.00025,0.00067
1511.0,2026-07-02T15:50:55.450,2,603.585,-242.239,7.2,0.0,1000.0,TURNING_AROUND,load_zone_25,dump_zone_3,0.000258,0.000691
1511.0,2026-07-02T15:50:55.450,3,-100.737,451.736,0.0,-0.5,1000.0,RETURNING_TO_START,load_zone_22,dump_zone_22,0.00025,0.00067
1512.0,2026-07-02T15:50:56.588,1,747.501,-165.923,15.825,-0.5,1000.0,RETURNING_TO_START,load_zone_29,dump_zone_3,0.00025,0.00067
1512.0,2026-07-02T15:50:56.588,2,605.048,-241.382,5.4,0.0,1000.0,TURNING_AROUND,load_zone_25,dump_zone_3,0.000256,0.000686
1512.0,2026-07-02T15:50:56.588,3,-100.737,451.736,0.0,-0.5,1000.0,RETURNING_TO_START,load_zone_22,dump_zone_22,0.00025,0.00067
1513.0,2026-07-02T15:50:57.719,1,747.501,-161.798,14.025,-0.5,1000.0,RETURNING_TO_START,load_zone_29,dump_zone_3,0.00025,0.00067
1513.0,2026-07-02T15:50:57.719,2,604.345,-242.36,7.2,0.0,1000.0,TURNING_AROUND,load_zone_25,dump_zone_3,0.000258,0.000691
1513.0,2026-07-02T15:50:57.719,3,-100.737,451.736,0.0,-0.5,1000.0,RETURNING_TO_START,load_zone_22,dump_zone_22,0.00025,0.00067
1514.0,2026-07-02T15:50:59.493,1,747.5,-158.173,12.225,-0.5,1000.0,RETURNING_TO_START,load_zone_29,dump_zone_3,0.00025,0.00067
1514.0,2026-07-02T15:50:59.493,2,604.404,-242.193,0.25,0.3333,1000.0,RETURNING_TO_START,load_zone_25,dump_zone_3,0.000251,0.000673
1514.0,2026-07-02T15:50:59.493,3,-100.737,451.736,0.0,-0.5,1000.0,RETURNING_TO_START,load_zone_22,dump_zone_22,0.00025,0.00067
1515.0,2026-07-02T15:51:01.316,1,747.5,-155.048,10.425,-0.5,1000.0,RETURNING_TO_START,load_zone_29,dump_zone_3,0.00025,0.00067
1515.0,2026-07-02T15:51:01.316,2,604.424,-241.744,3.15,1.0,1000.0,RETURNING_TO_START,load_zone_25,dump_zone_3,0.00027,0.000724
1515.0,2026-07-02T15:51:01.316,3,-100.737,451.736,0.0,-0.5,1000.0,RETURNING_TO_START,load_zone_22,dump_zone_22,0.00025,0.00067
1516.0,2026-07-02T15:51:03.038,1,747.504,-152.423,8.625,-0.5,1000.0,RETURNING_TO_START,load_zone_29,dump_zone_3,0.00025,0.00067
1516.0,2026-07-02T15:51:03.038,2,604.148,-240.363,6.75,1.0,1000.0,RETURNING_TO_START,load_zone_25,dump_zone_3,0.000294,0.000788
1516.0,2026-07-02T15:51:03.038,3,-100.737,451.736,0.0,-0.5,1000.0,RETURNING_TO_START,load_zone_22,dump_zone_22,0.00025,0.00067
1517.0,2026-07-02T15:51:04.857,1,747.193,-150.316,7.2,-0.0833,1000.0,RETURNING_TO_START,load_zone_29,dump_zone_3,0.000254,0.000681
1517.0,2026-07-02T15:51:04.857,2,602.75,-238.408,10.35,1.0,1000.0,RETURNING_TO_START,load_zone_25,dump_zone_3,0.000317,0.00085
1517.0,2026-07-02T15:51:04.857,3,-100.737,451.736,0.0,-0.5,1000.0,RETURNING_TO_START,load_zone_22,dump_zone_22,0.00025,0.00067
1518.0,2026-07-02T15:51:07.093,1,745.929,-148.577,8.85,0.9167,1000.0,RETURNING_TO_START,load_zone_29,dump_zone_3,0.000303,0.000812
1518.0,2026-07-02T15:51:07.093,2,601.023,-235.476,13.95,1.0,1000.0,RETURNING_TO_START,load_zone_25,dump_zone_3,0.00034,0.000911
1518.0,2026-07-02T15:51:07.093,3,-100.737,451.736,0.0,-0.5,1000.0,RETURNING_TO_START,load_zone_22,dump_zone_22,0.00025,0.00067
1519.0,2026-07-02T15:51:08.623,1,743.711,-146.558,12.45,1.0,1000.0,RETURNING_TO_START,load_zone_29,dump_zone_3,0.00033,0.000884
1519.0,2026-07-02T15:51:08.623,2,600.613,-231.288,15.9,0.0833,1000.0,RETURNING_TO_START,load_zone_25,dump_zone_3,0.000274,0.000734
1519.0,2026-07-02T15:51:08.623,3,-100.737,451.736,0.0,-0.5,1000.0,RETURNING_TO_START,load_zone_22,dump_zone_22,0.00025,0.00067
1520.0,2026-07-02T15:51:09.880,1,740.682,-143.946,16.05,1.0,1000.0,RETURNING_TO_START,load_zone_29,dump_zone_3,0.000353,0.000946
1520.0,2026-07-02T15:51:09.880,2,601.142,-227.055,14.625,-0.5,1000.0,RETURNING_TO_START,load_zone_25,dump_zone_3,0.00025,0.00067
1520.0,2026-07-02T15:51:09.880,3,-100.737,451.736,0.0,-0.5,1000.0,RETURNING_TO_START,load_zone_22,dump_zone_22,0.00025,0.00067
1521.0,2026-07-02T15:51:12.006,1,737.028,-140.533,19.65,1.0,1000.0,RETURNING_TO_START,load_zone_29,dump_zone_3,0.000377,0.00101
1521.0,2026-07-02T15:51:12.006,2,600.031,-223.482,12.825,-0.5,1000.0,RETURNING_TO_START,load_zone_25,dump_zone_3,0.00025,0.00067
1521.0,2026-07-02T15:51:12.006,3,-100.737,451.736,0.0,-0.5,1000.0,RETURNING_TO_START,load_zone_22,dump_zone_22,0.00025,0.00067
1522.0,2026-07-02T15:51:14.110,1,732.784,-136.321,22.875,0.5833,1000.0,RETURNING_TO_START,load_zone_29,dump_zone_3,0.000346,0.000927
1522.0,2026-07-02T15:51:14.110,2,597.62,-221.257,11.171,-0.265,1000.0,RETURNING_TO_START,load_zone_25,dump_zone_3,0.00025,0.00067
1522.0,2026-07-02T15:51:14.110,3,-100.737,451.736,0.0,-0.5,1000.0,RETURNING_TO_START,load_zone_22,dump_zone_22,0.00025,0.00067
1523.0,2026-07-02T15:51:15.935,1,728.21,-131.745,23.275,-0.0833,1000.0,RETURNING_TO_START,load_zone_29,dump_zone_3,0.000264,0.000708
1523.0,2026-07-02T15:51:15.935,2,594.969,-219.697,11.436,0.4831,1000.0,RETURNING_TO_START,load_zone_25,dump_zone_3,0.000292,0.000783
1523.0,2026-07-02T15:51:15.935,3,-100.737,451.736,0.0,-0.5,1000.0,RETURNING_TO_START,load_zone_22,dump_zone_22,0.00025,0.00067
1524.0,2026-07-02T15:51:17.467,1,723.713,-127.249,22.253,-0.5,1000.0,RETURNING_TO_START,load_zone_29,dump_zone_3,0.00025,0.00067
1524.0,2026-07-02T15:51:17.467,2,591.723,-218.098,14.631,1.0,1000.0,RETURNING_TO_START,load_zone_25,dump_zone_3,0.000344,0.000922
1524.0,2026-07-02T15:51:17.467,3,-100.737,451.736,0.0,-0.5,1000.0,RETURNING_TO_START,load_zone_22,dump_zone_22,0.00025,0.00067
1525.0,2026-07-02T15:51:19.081,1,719.534,-123.069,20.453,-0.5,1000.0,RETURNING_TO_START,load_zone_29,dump_zone_3,0.00025,0.00067
1525.0,2026-07-02T15:51:19.081,2,587.507,-216.245,18.231,1.0,1000.0,RETURNING_TO_START,load_zone_25,dump_zone_3,0.000368,0.000986
1525.0,2026-07-02T15:51:19.081,3,-100.737,451.736,0.0,-0.5,1000.0,RETURNING_TO_START,load_zone_22,dump_zone_22,0.00025,0.00067
1526.0,2026-07-02T15:51:20.959,1,715.708,-119.244,18.653,-0.5,1000.0,RETURNING_TO_START,load_zone_29,dump_zone_3,0.00025,0.00067
1526.0,2026-07-02T15:51:20.959,2,582.397,-214.183,20.706,0.25,1000.0,RETURNING_TO_START,load_zone_25,dump_zone_3,0.0003,0.000804
1526.0,2026-07-02T15:51:20.959,3,-100.737,451.736,0.0,-0.5,1000.0,RETURNING_TO_START,load_zone_22,dump_zone_22,0.00025,0.00067
1527.0,2026-07-02T15:51:23.303,1,712.231,-115.767,16.894,-0.5,1000.0,RETURNING_TO_START,load_zone_29,dump_zone_3,0.00025,0.00067
1527.0,2026-07-02T15:51:23.303,2,577.083,-212.171,19.806,-0.5,1000.0,RETURNING_TO_START,load_zone_25,dump_zone_3,0.00025,0.00067
1527.0,2026-07-02T15:51:23.303,3,-100.737,451.736,0.0,-0.5,1000.0,RETURNING_TO_START,load_zone_22,dump_zone_22,0.00025,0.00067
1528.0,2026-07-02T15:51:25.284,1,709.104,-112.64,15.104,-0.4653,1000.0,RETURNING_TO_START,load_zone_29,dump_zone_3,0.00025,0.00067
1528.0,2026-07-02T15:51:25.284,2,572.155,-210.39,18.106,-0.5,1000.0,RETURNING_TO_START,load_zone_25,dump_zone_3,0.00025,0.00067
1528.0,2026-07-02T15:51:25.284,3,-100.737,451.736,0.0,-0.5,1000.0,RETURNING_TO_START,load_zone_22,dump_zone_22,0.00025,0.00067
1529.0,2026-07-02T15:51:27.330,1,706.327,-109.863,13.315,-0.5,1000.0,RETURNING_TO_START,load_zone_29,dump_zone_3,0.00025,0.00067
1529.0,2026-07-02T15:51:27.330,2,567.652,-208.809,16.406,-0.5,1000.0,RETURNING_TO_START,load_zone_25,dump_zone_3,0.00025,0.00067
1529.0,2026-07-02T15:51:27.330,3,-100.737,451.736,0.0,-0.5,1000.0,RETURNING_TO_START,load_zone_22,dump_zone_22,0.00025,0.00067
1530.0,2026-07-02T15:51:29.351,1,703.9,-107.436,11.615,-0.4167,1000.0,RETURNING_TO_START,load_zone_29,dump_zone_3,0.00025,0.00067
1530.0,2026-07-02T15:51:29.351,2,563.589,-207.408,14.651,-0.5,1000.0,RETURNING_TO_START,load_zone_25,dump_zone_3,0.00025,0.00067
1530.0,2026-07-02T15:51:29.351,3,-100.737,451.736,0.0,-0.5,1000.0,RETURNING_TO_START,load_zone_22,dump_zone_22,0.00025,0.00067
1531.0,2026-07-02T15:51:31.575,1,701.804,-105.339,9.921,-0.4444,1000.0,RETURNING_TO_START,load_zone_29,dump_zone_3,0.00025,0.00067
1531.0,2026-07-02T15:51:31.575,2,559.978,-206.174,12.943,-0.5,1000.0,RETURNING_TO_START,load_zone_25,dump_zone_3,0.00025,0.00067
1531.0,2026-07-02T15:51:31.575,3,-100.737,451.736,0.0,-0.5,1000.0,RETURNING_TO_START,load_zone_22,dump_zone_22,0.00025,0.00067
1532.0,2026-07-02T15:51:33.769,1,700.05,-103.579,8.121,-0.5,1000.0,RETURNING_TO_START,load_zone_29,dump_zone_3,0.00025,0.00067
1532.0,2026-07-02T15:51:33.769,2,556.832,-205.097,11.168,-0.4167,1000.0,RETURNING_TO_START,load_zone_25,dump_zone_3,0.00025,0.00067
1532.0,2026-07-02T15:51:33.769,3,-100.737,451.736,0.0,-0.5,1000.0,RETURNING_TO_START,load_zone_22,dump_zone_22,0.00025,0.00067
1533.0,2026-07-02T15:51:36.257,1,698.468,-102.394,6.421,-0.4167,1000.0,RETURNING_TO_START,load_zone_29,dump_zone_3,0.00025,0.00067
1533.0,2026-07-02T15:51:36.257,2,554.038,-204.13,10.261,-0.1946,1000.0,RETURNING_TO_START,load_zone_25,dump_zone_3,0.00025,0.00067
1533.0,2026-07-02T15:51:36.257,3,-100.737,451.736,0.0,-0.5,1000.0,RETURNING_TO_START,load_zone_22,dump_zone_22,0.00025,0.00067
1534.0,2026-07-02T15:51:38.770,1,696.845,-102.009,6.271,0.4167,1000.0,RETURNING_TO_START,load_zone_29,dump_zone_3,0.000271,0.000726
1534.0,2026-07-02T15:51:38.770,2,551.488,-203.205,9.56,-0.1946,1000.0,RETURNING_TO_START,load_zone_25,dump_zone_3,0.00025,0.00067
1534.0,2026-07-02T15:51:38.770,3,-100.737,451.736,0.0,-0.5,1000.0,RETURNING_TO_START,load_zone_22,dump_zone_22,0.00025,0.00067
1535.0,2026-07-02T15:51:40.563,1,694.688,-102.048,9.346,1.0,1000.0,RETURNING_TO_START,load_zone_29,dump_zone_3,0.00031,0.000831
1535.0,2026-07-02T15:51:40.563,2,549.147,-202.123,8.982,-0.2315,1000.0,RETURNING_TO_START,load_zone_25,dump_zone_3,0.00025,0.00067
1535.0,2026-07-02T15:51:40.563,3,-100.737,451.736,0.0,-0.5,1000.0,RETURNING_TO_START,load_zone_22,dump_zone_22,0.00025,0.00067
1536.0,2026-07-02T15:51:41.981,1,691.557,-102.252,12.946,1.0,1000.0,RETURNING_TO_START,load_zone_29,dump_zone_3,0.000333,0.000892
1536.0,2026-07-02T15:51:41.981,2,547.279,-200.768,7.657,-0.25,1000.0,RETURNING_TO_START,load_zone_25,dump_zone_3,0.00025,0.00067
1536.0,2026-07-02T15:51:41.981,3,-100.737,451.736,0.0,-0.5,1000.0,RETURNING_TO_START,load_zone_22,dump_zone_22,0.00025,0.00067
1537.0,2026-07-02T15:51:43.043,1,687.424,-102.451,16.546,1.0,1000.0,RETURNING_TO_START,load_zone_29,dump_zone_3,0.000357,0.000957
1537.0,2026-07-02T15:51:43.043,2,545.663,-199.273,8.707,0.75,1000.0,RETURNING_TO_START,load_zone_25,dump_zone_3,0.000294,0.000788
1537.0,2026-07-02T15:51:43.043,3,-100.737,451.736,0.0,-0.5,1000.0,RETURNING_TO_START,load_zone_22,dump_zone_22,0.00025,0.00067
1538.0,2026-07-02T15:51:44.402,1,682.287,-102.507,20.146,1.0,1000.0,RETURNING_TO_START,load_zone_29,dump_zone_3,0.00038,0.001018
1538.0,2026-07-02T15:51:44.402,2,543.591,-197.187,12.232,1.0,1000.0,RETURNING_TO_START,load_zone_25,dump_zone_3,0.000329,0.000882
1538.0,2026-07-02T15:51:44.402,3,-100.737,451.736,0.0,-0.5,1000.0,RETURNING_TO_START,load_zone_22,dump_zone_22,0.00025,0.00067
1539.0,2026-07-02T15:51:46.087,1,676.238,-102.501,22.785,0.5502,1000.0,RETURNING_TO_START,load_zone_29,dump_zone_3,0.000342,0.000917
1539.0,2026-07-02T15:51:46.087,2,540.828,-194.379,15.832,1.0,1000.0,RETURNING_TO_START,load_zone_25,dump_zone_3,0.000352,0.000943
1539.0,2026-07-02T15:51:46.087,3,-100.737,451.736,0.0,-0.5,1000.0,RETURNING_TO_START,load_zone_22,dump_zone_22,0.00025,0.00067
1540.0,2026-07-02T15:51:48.005,1,669.72,-102.5,23.666,0.0502,1000.0,RETURNING_TO_START,load_zone_29,dump_zone_3,0.000281,0.000753
1540.0,2026-07-02T15:51:48.005,2,537.343,-190.878,19.432,1.0,1000.0,RETURNING_TO_START,load_zone_25,dump_zone_3,0.000375,0.001005
1540.0,2026-07-02T15:51:48.005,3,-100.737,451.736,0.0,-0.5,1000.0,RETURNING_TO_START,load_zone_22,dump_zone_22,0.00025,0.00067
1541.0,2026-07-02T15:51:49.831,1,663.292,-102.5,22.495,-0.3895,1000.0,RETURNING_TO_START,load_zone_29,dump_zone_3,0.00025,0.00067
1541.0,2026-07-02T15:51:49.831,2,533.155,-186.69,22.88,0.9167,1000.0,RETURNING_TO_START,load_zone_25,dump_zone_3,0.000387,0.001037
1541.0,2026-07-02T15:51:49.831,3,-100.737,451.736,0.0,-0.5,1000.0,RETURNING_TO_START,load_zone_22,dump_zone_22,0.00025,0.00067
1542.0,2026-07-02T15:51:51.696,1,657.154,-102.5,22.027,0.172,1000.0,RETURNING_TO_START,load_zone_29,dump_zone_3,0.000294,0.000788
1542.0,2026-07-02T15:51:51.696,2,528.458,-181.994,24.23,-0.0833,1000.0,RETURNING_TO_START,load_zone_25,dump_zone_3,0.000265,0.00071
1542.0,2026-07-02T15:51:51.696,3,-100.737,451.736,0.0,-0.5,1000.0,RETURNING_TO_START,load_zone_22,dump_zone_22,0.00025,0.00067
1543.0,2026-07-02T15:51:54.925,1,650.764,-102.5,24.052,0.5437,1000.0,RETURNING_TO_START,load_zone_29,dump_zone_3,0.000346,0.000927
1543.0,2026-07-02T15:51:54.925,2,523.845,-177.381,22.68,-0.5,1000.0,RETURNING_TO_START,load_zone_25,dump_zone_3,0.00025,0.00067
1543.0,2026-07-02T15:51:54.925,3,-100.737,451.736,0.0,-0.5,1000.0,RETURNING_TO_START,load_zone_22,dump_zone_22,0.00025,0.00067
1544.0,2026-07-02T15:52:00.412,1,643.998,-102.5,24.109,-0.2897,1000.0,RETURNING_TO_START,load_zone_29,dump_zone_3,0.00025,0.00067
1544.0,2026-07-02T15:52:00.412,2,519.582,-173.118,20.88,-0.5,1000.0,RETURNING_TO_START,load_zone_25,dump_zone_3,0.00025,0.00067
1544.0,2026-07-02T15:52:00.412,3,-100.737,451.736,0.0,-0.5,1000.0,RETURNING_TO_START,load_zone_22,dump_zone_22,0.00025,0.00067
1545.0,2026-07-02T15:52:04.019,1,637.512,-102.5,22.565,-0.5,1000.0,RETURNING_TO_START,load_zone_29,dump_zone_3,0.00025,0.00067
1545.0,2026-07-02T15:52:04.019,2,515.672,-169.208,19.08,-0.5,1000.0,RETURNING_TO_START,load_zone_25,dump_zone_3,0.00025,0.00067
1545.0,2026-07-02T15:52:04.019,3,-100.737,451.736,0.0,-0.5,1000.0,RETURNING_TO_START,load_zone_22,dump_zone_22,0.00025,0.00067
1546.0,2026-07-02T15:52:07.740,1,631.515,-102.5,20.765,-0.5,1000.0,RETURNING_TO_START,load_zone_29,dump_zone_3,0.00025,0.00067
1546.0,2026-07-02T15:52:07.740,2,512.116,-165.652,17.28,-0.5,1000.0,RETURNING_TO_START,load_zone_25,dump_zone_3,0.00025,0.00067
1546.0,2026-07-02T15:52:07.740,3,-100.737,451.736,0.0,-0.5,1000.0,RETURNING_TO_START,load_zone_22,dump_zone_22,0.00025,0.00067
1547.0,2026-07-02T15:59:18.253,1,626.017,-102.5,18.965,-0.5,1000.0,RETURNING_TO_START,load_zone_29,dump_zone_3,0.00025,0.00067
1547.0,2026-07-02T15:59:18.253,2,508.913,-162.449,15.48,-0.5,1000.0,RETURNING_TO_START,load_zone_25,dump_zone_3,0.00025,0.00067
1547.0,2026-07-02T15:59:18.253,3,-100.737,451.736,0.0,-0.5,1000.0,RETURNING_TO_START,load_zone_22,dump_zone_22,0.00025,0.00067
1548.0,2026-07-02T16:30:55.408,1,621.006,-102.5,17.242,-0.5,1000.0,RETURNING_TO_START,load_zone_29,dump_zone_3,0.00025,0.00067
1548.0,2026-07-02T16:30:55.408,2,506.064,-159.6,13.68,-0.5,1000.0,RETURNING_TO_START,load_zone_25,dump_zone_3,0.00025,0.00067
1548.0,2026-07-02T16:30:55.408,3,-100.737,451.736,0.0,-0.5,1000.0,RETURNING_TO_START,load_zone_22,dump_zone_22,0.00025,0.00067
1549.0,2026-07-02T16:30:59.220,1,616.487,-102.5,15.442,-0.5,1000.0,RETURNING_TO_START,load_zone_29,dump_zone_3,0.00025,0.00067
1549.0,2026-07-02T16:30:59.220,2,503.569,-157.104,11.88,-0.5,1000.0,RETURNING_TO_START,load_zone_25,dump_zone_3,0.00025,0.00067
1549.0,2026-07-02T16:30:59.220,3,-100.737,451.736,0.0,-0.5,1000.0,RETURNING_TO_START,load_zone_22,dump_zone_22,0.00025,0.00067
1550.0,2026-07-02T16:31:02.179,1,612.427,-102.5,13.929,-0.5,1000.0,RETURNING_TO_START,load_zone_29,dump_zone_3,0.00025,0.00067
1550.0,2026-07-02T16:31:02.179,2,501.427,-154.962,10.08,-0.5,1000.0,RETURNING_TO_START,load_zone_25,dump_zone_3,0.00025,0.00067
1550.0,2026-07-02T16:31:02.179,3,-100.737,451.736,0.0,-0.5,1000.0,RETURNING_TO_START,load_zone_22,dump_zone_22,0.00025,0.00067
1551.0,2026-07-02T16:31:04.114,1,608.828,-102.5,12.129,-0.5,1000.0,RETURNING_TO_START,load_zone_29,dump_zone_3,0.00025,0.00067
1551.0,2026-07-02T16:31:04.114,2,499.647,-153.165,8.28,-0.5,1000.0,RETURNING_TO_START,load_zone_25,dump_zone_3,0.00025,0.00067
1551.0,2026-07-02T16:31:04.114,3,-100.737,451.736,0.0,-0.5,1000.0,RETURNING_TO_START,load_zone_22,dump_zone_22,0.00025,0.00067
1552.0,2026-07-02T16:31:06.072,1,605.73,-102.5,10.329,-0.5,1000.0,RETURNING_TO_START,load_zone_29,dump_zone_3,0.00025,0.00067
1552.0,2026-07-02T16:31:06.072,2,498.521,-151.433,6.889,-0.2254,1000.0,RETURNING_TO_START,load_zone_25,dump_zone_3,0.00025,0.00067
1552.0,2026-07-02T16:31:06.072,3,-100.737,451.736,0.0,-0.5,1000.0,RETURNING_TO_START,load_zone_22,dump_zone_22,0.00025,0.00067
1553.0,2026-07-02T16:31:08.053,1,603.132,-102.5,8.529,-0.5,1000.0,RETURNING_TO_START,load_zone_29,dump_zone_3,0.00025,0.00067
1553.0,2026-07-02T16:31:08.053,2,498.301,-149.465,7.978,0.6079,1000.0,RETURNING_TO_START,load_zone_25,dump_zone_3,0.000285,0.000764
1553.0,2026-07-02T16:31:08.053,3,-100.737,451.736,0.0,-0.5,1000.0,RETURNING_TO_START,load_zone_22,dump_zone_22,0.00025,0.00067
1554.0,2026-07-02T16:31:10.268,1,601.02,-102.379,7.104,-0.0833,1000.0,RETURNING_TO_START,load_zone_29,dump_zone_3,0.000254,0.000681
1554.0,2026-07-02T16:31:10.268,2,499.179,-147.323,8.217,-0.3921,1000.0,RETURNING_TO_START,load_zone_25,dump_zone_3,0.00025,0.00067
1554.0,2026-07-02T16:31:10.268,3,-100.737,451.736,0.0,-0.5,1000.0,RETURNING_TO_START,load_zone_22,dump_zone_22,0.00025,0.00067
1555.0,2026-07-02T16:31:14.366,1,599.103,-101.488,8.754,0.9167,1000.0,RETURNING_TO_START,load_zone_29,dump_zone_3,0.000302,0.000809
1555.0,2026-07-02T16:31:14.366,2,500.638,-145.691,8.155,0.4413,1000.0,RETURNING_TO_START,load_zone_25,dump_zone_3,0.000278,0.000745
1555.0,2026-07-02T16:31:14.366,3,-100.737,451.736,0.0,-0.5,1000.0,RETURNING_TO_START,load_zone_22,dump_zone_22,0.00025,0.00067
1556.0,2026-07-02T16:31:16.444,1,597.659,-99.125,10.704,0.0833,1000.0,RETURNING_TO_START,load_zone_29,dump_zone_3,0.000266,0.000713
1556.0,2026-07-02T16:31:16.444,2,502.532,-143.779,11.274,1.0,1000.0,RETURNING_TO_START,load_zone_25,dump_zone_3,0.000323,0.000866
1556.0,2026-07-02T16:31:16.444,3,-100.737,451.736,0.0,-0.5,1000.0,RETURNING_TO_START,load_zone_22,dump_zone_22,0.00025,0.00067
1557.0,2026-07-02T16:31:18.844,1,597.396,-96.296,9.804,-0.0833,1000.0,RETURNING_TO_START,load_zone_29,dump_zone_3,0.000256,0.000686
1557.0,2026-07-02T16:31:18.844,2,505.162,-141.215,14.874,1.0,1000.0,RETURNING_TO_START,load_zone_25,dump_zone_3,0.000346,0.000927
1557.0,2026-07-02T16:31:18.844,3,-100.737,451.736,0.0,-0.5,1000.0,RETURNING_TO_START,load_zone_22,dump_zone_22,0.00025,0.00067
1558.0,2026-07-02T16:31:20.672,1,597.402,-93.408,11.454,0.9167,1000.0,RETURNING_TO_START,load_zone_29,dump_zone_3,0.000319,0.000855
1558.0,2026-07-02T16:31:20.672,2,508.502,-137.946,18.474,1.0,1000.0,RETURNING_TO_START,load_zone_25,dump_zone_3,0.000369,0.000989
1558.0,2026-07-02T16:31:20.672,3,-100.737,451.736,0.0,-0.5,1000.0,RETURNING_TO_START,load_zone_22,dump_zone_22,0.00025,0.00067
1559.0,2026-07-02T16:31:22.396,1,597.457,-89.685,15.054,1.0,1000.0,RETURNING_TO_START,load_zone_29,dump_zone_3,0.000347,0.00093
1559.0,2026-07-02T16:31:22.396,2,512.522,-133.943,22.049,0.9167,1000.0,RETURNING_TO_START,load_zone_25,dump_zone_3,0.000382,0.001024
1559.0,2026-07-02T16:31:22.396,3,-100.737,451.736,0.0,-0.5,1000.0,RETURNING_TO_START,load_zone_22,dump_zone_22,0.00025,0.00067
1560.0,2026-07-02T16:31:24.525,1,597.5,-84.962,18.654,1.0,1000.0,RETURNING_TO_START,load_zone_29,dump_zone_3,0.00037,0.000992
1560.0,2026-07-02T16:31:24.525,2,517.054,-129.41,23.399,-0.0833,1000.0,RETURNING_TO_START,load_zone_25,dump_zone_3,0.000264,0.000708
1560.0,2026-07-02T16:31:24.525,3,-100.737,451.736,0.0,-0.5,1000.0,RETURNING_TO_START,load_zone_22,dump_zone_22,0.00025,0.00067
1561.0,2026-07-02T16:31:26.272,1,597.501,-79.244,22.116,0.7698,1000.0,RETURNING_TO_START,load_zone_29,dump_zone_3,0.000365,0.000978
1561.0,2026-07-02T16:31:26.272,2,521.514,-124.951,21.949,-0.5,1000.0,RETURNING_TO_START,load_zone_25,dump_zone_3,0.00025,0.00067
1561.0,2026-07-02T16:31:26.272,3,-100.737,451.736,0.0,-0.5,1000.0,RETURNING_TO_START,load_zone_22,dump_zone_22,0.00025,0.00067
1562.0,2026-07-02T16:31:28.076,1,597.5,-72.884,23.187,0.1031,1000.0,RETURNING_TO_START,load_zone_29,dump_zone_3,0.000287,0.000769
1562.0,2026-07-02T16:31:28.076,2,525.644,-120.821,20.209,-0.5,1000.0,RETURNING_TO_START,load_zone_25,dump_zone_3,0.00025,0.00067
1562.0,2026-07-02T16:31:28.076,3,-100.737,451.736,0.0,-0.5,1000.0,RETURNING_TO_START,load_zone_22,dump_zone_22,0.00025,0.00067
1563.0,2026-07-02T16:31:30.066,1,597.5,-66.547,22.349,-0.2605,1000.0,RETURNING_TO_START,load_zone_29,dump_zone_3,0.00025,0.00067
1563.0,2026-07-02T16:31:30.066,2,529.422,-117.043,18.409,-0.5,1000.0,RETURNING_TO_START,load_zone_25,dump_zone_3,0.00025,0.00067
1563.0,2026-07-02T16:31:30.066,3,-100.737,451.736,0.0,-0.5,1000.0,RETURNING_TO_START,load_zone_22,dump_zone_22,0.00025,0.00067
1564.0,2026-07-02T16:31:32.525,1,597.5,-60.429,21.919,0.0945,1000.0,RETURNING_TO_START,load_zone_29,dump_zone_3,0.000284,0.000761
1564.0,2026-07-02T16:31:32.525,2,532.853,-113.612,16.709,-0.5,1000.0,RETURNING_TO_START,load_zone_25,dump_zone_3,0.00025,0.00067
1564.0,2026-07-02T16:31:32.525,3,-100.737,451.736,0.0,-0.5,1000.0,RETURNING_TO_START,load_zone_22,dump_zone_22,0.00025,0.00067
1565.0,2026-07-02T16:31:34.504,1,597.5,-54.265,22.429,0.2747,1000.0,RETURNING_TO_START,load_zone_29,dump_zone_3,0.000307,0.000823
1565.0,2026-07-02T16:31:34.504,2,535.995,-110.469,15.304,-0.5,1000.0,RETURNING_TO_START,load_zone_25,dump_zone_3,0.00025,0.00067
1565.0,2026-07-02T16:31:34.504,3,-100.737,451.736,0.0,-0.5,1000.0,RETURNING_TO_START,load_zone_22,dump_zone_22,0.00025,0.00067
1566.0,2026-07-02T16:31:36.422,1,597.5,-47.842,23.994,0.6387,1000.0,RETURNING_TO_START,load_zone_29,dump_zone_3,0.000358,0.000959
1566.0,2026-07-02T16:31:36.422,2,538.81,-107.655,13.504,-0.5,1000.0,RETURNING_TO_START,load_zone_25,dump_zone_3,0.00025,0.00067
1566.0,2026-07-02T16:31:36.422,3,-100.737,451.736,0.0,-0.5,1000.0,RETURNING_TO_START,load_zone_22,dump_zone_22,0.00025,0.00067
1567.0,2026-07-02T16:31:38.388,1,597.5,-41.042,24.343,-0.3613,1000.0,RETURNING_TO_START,load_zone_29,dump_zone_3,0.00025,0.00067
1567.0,2026-07-02T16:31:38.388,2,541.295,-105.169,12.186,-0.0791,1000.0,RETURNING_TO_START,load_zone_25,dump_zone_3,0.000258,0.000691
1567.0,2026-07-02T16:31:38.388,3,-100.737,451.736,0.0,-0.5,1000.0,RETURNING_TO_START,load_zone_22,dump_zone_22,0.00025,0.00067
1568.0,2026-07-02T16:31:40.215,1,597.5,-34.526,22.935,-0.0833,1000.0,RETURNING_TO_START,load_zone_29,dump_zone_3,0.000264,0.000708
1568.0,2026-07-02T16:31:40.215,2,543.581,-102.884,10.899,-0.4167,1000.0,RETURNING_TO_START,load_zone_25,dump_zone_3,0.00025,0.00067
1568.0,2026-07-02T16:31:40.215,3,-100.737,451.736,0.0,-0.5,1000.0,RETURNING_TO_START,load_zone_22,dump_zone_22,0.00025,0.00067
1569.0,2026-07-02T16:31:42.187,1,597.5,-28.28,22.035,-0.0833,1000.0,RETURNING_TO_START,load_zone_29,dump_zone_3,0.000263,0.000705
1569.0,2026-07-02T16:31:42.187,2,545.544,-100.92,9.174,-0.5,1000.0,RETURNING_TO_START,load_zone_25,dump_zone_3,0.00025,0.00067
1569.0,2026-07-02T16:31:42.187,3,-100.737,451.736,0.0,-0.5,1000.0,RETURNING_TO_START,load_zone_22,dump_zone_22,0.00025,0.00067
1570.0,2026-07-02T16:31:44.323,1,597.5,-22.016,23.264,0.3497,1000.0,RETURNING_TO_START,load_zone_29,dump_zone_3,0.000318,0.000852
1570.0,2026-07-02T16:31:44.323,2,547.248,-99.32,7.904,-0.2729,1000.0,RETURNING_TO_START,load_zone_25,dump_zone_3,0.00025,0.00067
1570.0,2026-07-02T16:31:44.323,3,-100.737,451.736,0.0,-0.5,1000.0,RETURNING_TO_START,load_zone_22,dump_zone_22,0.00025,0.00067
1571.0,2026-07-02T16:31:46.358,1,597.5,-15.501,23.439,-0.1761,1000.0,RETURNING_TO_START,load_zone_29,dump_zone_3,0.000253,0.000678
1571.0,2026-07-02T16:31:46.358,2,548.937,-98.208,7.026,0.0833,1000.0,RETURNING_TO_START,load_zone_25,dump_zone_3,0.000261,0.000699
1571.0,2026-07-02T16:31:46.358,3,-100.737,451.736,0.0,-0.5,1000.0,RETURNING_TO_START,load_zone_22,dump_zone_22,0.00025,0.00067
1572.0,2026-07-02T16:31:48.731,1,597.5,-9.005,23.435,-0.1261,1000.0,RETURNING_TO_START,load_zone_29,dump_zone_3,0.000259,0.000694
1572.0,2026-07-02T16:31:48.731,2,550.872,-97.656,7.076,-0.25,1000.0,RETURNING_TO_START,load_zone_25,dump_zone_3,0.00025,0.00067
1572.0,2026-07-02T16:31:48.731,3,-100.737,451.736,0.0,-0.5,1000.0,RETURNING_TO_START,load_zone_22,dump_zone_22,0.00025,0.00067
1573.0,2026-07-02T16:31:50.431,1,597.5,-2.511,23.381,-0.1261,1000.0,RETURNING_TO_START,load_zone_29,dump_zone_3,0.000259,0.000694
1573.0,2026-07-02T16:31:50.431,2,552.905,-97.496,8.126,0.75,1000.0,RETURNING_TO_START,load_zone_25,dump_zone_3,0.000291,0.00078
1573.0,2026-07-02T16:31:50.431,3,-100.737,451.736,0.0,-0.5,1000.0,RETURNING_TO_START,load_zone_22,dump_zone_22,0.00025,0.00067
1574.0,2026-07-02T16:31:51.912,1,597.5,3.995,23.532,-0.111,1000.0,RETURNING_TO_START,load_zone_29,dump_zone_3,0.000261,0.000699
1574.0,2026-07-02T16:31:51.912,2,555.683,-97.464,11.651,1.0,1000.0,RETURNING_TO_START,load_zone_25,dump_zone_3,0.000325,0.000871
1574.0,2026-07-02T16:31:51.912,3,-100.737,451.736,0.0,-0.5,1000.0,RETURNING_TO_START,load_zone_22,dump_zone_22,0.00025,0.00067
1575.0,2026-07-02T16:31:53.808,1,597.5,10.428,22.813,-0.2025,1000.0,RETURNING_TO_START,load_zone_29,dump_zone_3,0.00025,0.00067
1575.0,2026-07-02T16:31:53.808,2,559.461,-97.485,15.251,1.0,1000.0,RETURNING_TO_START,load_zone_25,dump_zone_3,0.000348,0.000933
1575.0,2026-07-02T16:31:53.808,3,-100.737,451.736,0.0,-0.5,1000.0,RETURNING_TO_START,load_zone_22,dump_zone_22,0.00025,0.00067
1576.0,2026-07-02T16:31:55.853,1,597.5,16.838,23.534,0.1905,1000.0,RETURNING_TO_START,load_zone_29,dump_zone_3,0.000299,0.000801
1576.0,2026-07-02T16:31:55.853,2,564.24,-97.499,18.851,1.0,1000.0,RETURNING_TO_START,load_zone_25,dump_zone_3,0.000372,0.000997
1576.0,2026-07-02T16:31:55.853,3,-100.737,451.736,0.0,-0.5,1000.0,RETURNING_TO_START,load_zone_22,dump_zone_22,0.00025,0.00067
1577.0,2026-07-02T16:31:57.687,1,597.5,23.412,23.949,0.239,1000.0,RETURNING_TO_START,load_zone_29,dump_zone_3,0.000306,0.00082
1577.0,2026-07-02T16:31:57.687,2,569.852,-97.5,20.801,0.0833,1000.0,RETURNING_TO_START,load_zone_25,dump_zone_3,0.000281,0.000753
1577.0,2026-07-02T16:31:57.687,3,-100.737,451.736,0.0,-0.5,1000.0,RETURNING_TO_START,load_zone_22,dump_zone_22,0.00025,0.00067
1578.0,2026-07-02T16:31:59.596,1,597.5,30.028,23.251,-0.4167,1000.0,RETURNING_TO_START,load_zone_29,dump_zone_3,0.00025,0.00067
1578.0,2026-07-02T16:31:59.596,2,575.485,-97.5,19.526,-0.5,1000.0,RETURNING_TO_START,load_zone_25,dump_zone_3,0.00025,0.00067
1578.0,2026-07-02T16:31:59.596,3,-100.737,451.736,0.0,-0.5,1000.0,RETURNING_TO_START,load_zone_22,dump_zone_22,0.00025,0.00067
1579.0,2026-07-02T16:32:01.584,1,597.5,36.442,23.385,0.309,1000.0,RETURNING_TO_START,load_zone_29,dump_zone_3,0.000314,0.000842
1579.0,2026-07-02T16:32:01.584,2,580.638,-97.5,17.726,-0.5,1000.0,RETURNING_TO_START,load_zone_25,dump_zone_3,0.00025,0.00067
1579.0,2026-07-02T16:32:01.584,3,-100.737,451.736,0.0,-0.5,1000.0,RETURNING_TO_START,load_zone_22,dump_zone_22,0.00025,0.00067
1580.0,2026-07-02T16:32:03.515,1,597.5,42.999,23.648,-0.0243,1000.0,RETURNING_TO_START,load_zone_29,dump_zone_3,0.000272,0.000729
1580.0,2026-07-02T16:32:03.515,2,585.291,-97.5,15.926,-0.5,1000.0,RETURNING_TO_START,load_zone_25,dump_zone_3,0.00025,0.00067
1580.0,2026-07-02T16:32:03.515,3,-100.737,451.736,0.0,-0.5,1000.0,RETURNING_TO_START,load_zone_22,dump_zone_22,0.00025,0.00067
1581.0,2026-07-02T16:32:05.895,1,597.5,49.446,22.578,-0.4167,1000.0,RETURNING_TO_START,load_zone_29,dump_zone_3,0.00025,0.00067
1581.0,2026-07-02T16:32:05.895,2,589.444,-97.5,14.126,-0.5,1000.0,RETURNING_TO_START,load_zone_25,dump_zone_3,0.00025,0.00067
1581.0,2026-07-02T16:32:05.895,3,-100.737,451.736,0.0,-0.5,1000.0,RETURNING_TO_START,load_zone_22,dump_zone_22,0.00025,0.00067
1582.0,2026-07-02T16:32:07.689,1,597.5,55.673,22.573,0.2411,1000.0,RETURNING_TO_START,load_zone_29,dump_zone_3,0.000303,0.000812
1582.0,2026-07-02T16:32:07.689,2,593.097,-97.5,12.326,-0.5,1000.0,RETURNING_TO_START,load_zone_25,dump_zone_3,0.00025,0.00067
1582.0,2026-07-02T16:32:07.689,3,-100.737,451.736,0.0,-0.5,1000.0,RETURNING_TO_START,load_zone_22,dump_zone_22,0.00025,0.00067
1583.0,2026-07-02T16:32:09.728,1,597.5,62.104,23.391,0.0745,1000.0,RETURNING_TO_START,load_zone_29,dump_zone_3,0.000284,0.000761
1583.0,2026-07-02T16:32:09.728,2,596.25,-97.5,10.526,-0.5,1000.0,RETURNING_TO_START,load_zone_25,dump_zone_3,0.00025,0.00067
1583.0,2026-07-02T16:32:09.728,3,-100.737,451.736,0.0,-0.5,1000.0,RETURNING_TO_START,load_zone_22,dump_zone_22,0.00025,0.00067
1584.0,2026-07-02T16:32:11.361,1,597.5,68.694,23.985,0.1094,1000.0,RETURNING_TO_START,load_zone_29,dump_zone_3,0.000289,0.000775
1584.0,2026-07-02T16:32:11.361,2,598.913,-97.196,9.426,0.0833,1000.0,RETURNING_TO_START,load_zone_25,dump_zone_3,0.000264,0.000708
1584.0,2026-07-02T16:32:11.361,3,-100.737,451.736,0.0,-0.5,1000.0,RETURNING_TO_START,load_zone_22,dump_zone_22,0.00025,0.00067
1585.0,2026-07-02T16:32:12.627,1,597.5,75.242,23.064,-0.324,1000.0,RETURNING_TO_START,load_zone_29,dump_zone_3,0.00025,0.00067
1585.0,2026-07-02T16:32:12.627,2,600.962,-95.272,11.651,1.0,1000.0,RETURNING_TO_START,load_zone_25,dump_zone_3,0.000325,0.000871
1585.0,2026-07-02T16:32:12.627,3,-100.737,451.736,0.0,-0.5,1000.0,RETURNING_TO_START,load_zone_22,dump_zone_22,0.00025,0.00067
1586.0,2026-07-02T16:32:14.187,1,597.5,81.582,22.947,0.0093,1000.0,RETURNING_TO_START,load_zone_29,dump_zone_3,0.000275,0.000737
1586.0,2026-07-02T16:32:14.187,2,600.882,-91.632,15.251,1.0,1000.0,RETURNING_TO_START,load_zone_25,dump_zone_3,0.000348,0.000933
1586.0,2026-07-02T16:32:14.187,3,-100.737,451.736,0.0,-0.5,1000.0,RETURNING_TO_START,load_zone_22,dump_zone_22,0.00025,0.00067
1587.0,2026-07-02T16:32:15.861,1,597.5,87.923,22.919,0.1137,1000.0,RETURNING_TO_START,load_zone_29,dump_zone_3,0.000288,0.000772
1587.0,2026-07-02T16:32:15.861,2,598.546,-87.479,18.851,1.0,1000.0,RETURNING_TO_START,load_zone_25,dump_zone_3,0.000372,0.000997
1587.0,2026-07-02T16:32:15.861,3,-100.737,451.736,0.0,-0.5,1000.0,RETURNING_TO_START,load_zone_22,dump_zone_22,0.00025,0.00067
1588.0,2026-07-02T16:32:18.000,1,597.5,94.39,23.428,0.1572,1000.0,RETURNING_TO_START,load_zone_29,dump_zone_3,0.000295,0.000791
1588.0,2026-07-02T16:32:18.000,2,597.535,-81.834,22.076,0.5833,1000.0,RETURNING_TO_START,load_zone_25,dump_zone_3,0.000343,0.000919
1588.0,2026-07-02T16:32:18.000,3,-100.737,451.736,0.0,-0.5,1000.0,RETURNING_TO_START,load_zone_22,dump_zone_22,0.00025,0.00067
1589.0,2026-07-02T16:32:20.047,1,597.5,100.968,23.643,-0.0928,1000.0,RETURNING_TO_START,load_zone_29,dump_zone_3,0.000263,0.000705
1589.0,2026-07-02T16:32:20.047,2,597.487,-75.571,22.628,-0.1237,1000.0,RETURNING_TO_START,load_zone_25,dump_zone_3,0.000259,0.000694
1589.0,2026-07-02T16:32:20.047,3,-100.737,451.736,0.0,-0.5,1000.0,RETURNING_TO_START,load_zone_22,dump_zone_22,0.00025,0.00067
1590.0,2026-07-02T16:32:22.422,1,597.5,107.422,22.596,-0.4167,1000.0,RETURNING_TO_START,load_zone_29,dump_zone_3,0.00025,0.00067
1590.0,2026-07-02T16:32:22.422,2,597.5,-69.338,22.412,0.0316,1000.0,RETURNING_TO_START,load_zone_25,dump_zone_3,0.000278,0.000745
1590.0,2026-07-02T16:32:22.422,3,-100.737,451.736,0.0,-0.5,1000.0,RETURNING_TO_START,load_zone_22,dump_zone_22,0.00025,0.00067
1591.0,2026-07-02T16:32:24.669,1,597.5,113.63,22.368,0.1564,1000.0,RETURNING_TO_START,load_zone_29,dump_zone_3,0.000292,0.000783
1591.0,2026-07-02T16:32:24.669,2,597.5,-63.111,22.326,0.0316,1000.0,RETURNING_TO_START,load_zone_25,dump_zone_3,0.000277,0.000742
1591.0,2026-07-02T16:32:24.669,3,-100.737,451.736,0.0,-0.5,1000.0,RETURNING_TO_START,load_zone_22,dump_zone_22,0.00025,0.00067
1592.0,2026-07-02T16:32:27.138,1,597.5,119.994,23.395,0.3499,1000.0,RETURNING_TO_START,load_zone_29,dump_zone_3,0.000319,0.000855
1592.0,2026-07-02T16:32:27.138,2,597.5,-56.774,23.432,0.4803,1000.0,RETURNING_TO_START,load_zone_25,dump_zone_3,0.000335,0.000898
1592.0,2026-07-02T16:32:27.138,3,-100.737,451.736,0.0,-0.5,1000.0,RETURNING_TO_START,load_zone_22,dump_zone_22,0.00025,0.00067
1593.0,2026-07-02T16:32:29.246,1,597.5,126.562,23.649,0.08,1000.0,RETURNING_TO_START,load_zone_29,dump_zone_3,0.000285,0.000764
1593.0,2026-07-02T16:32:29.246,2,597.5,-50.125,23.812,-0.353,1000.0,RETURNING_TO_START,load_zone_25,dump_zone_3,0.00025,0.00067
1593.0,2026-07-02T16:32:29.246,3,-100.737,451.736,0.0,-0.5,1000.0,RETURNING_TO_START,load_zone_22,dump_zone_22,0.00025,0.00067
1594.0,2026-07-02T16:32:31.355,1,597.5,133.061,22.753,-0.5,1000.0,RETURNING_TO_START,load_zone_29,dump_zone_3,0.00025,0.00067
1594.0,2026-07-02T16:32:31.355,2,597.5,-43.676,22.892,0.0084,1000.0,RETURNING_TO_START,load_zone_25,dump_zone_3,0.000275,0.000737
1594.0,2026-07-02T16:32:31.355,3,-100.737,451.736,0.0,-0.5,1000.0,RETURNING_TO_START,load_zone_22,dump_zone_22,0.00025,0.00067
1595.0,2026-07-02T16:32:33.466,1,597.5,139.276,22.603,0.4167,1000.0,RETURNING_TO_START,load_zone_29,dump_zone_3,0.000325,0.000871
1595.0,2026-07-02T16:32:33.466,2,597.5,-37.292,22.672,-0.325,1000.0,RETURNING_TO_START,load_zone_25,dump_zone_3,0.00025,0.00067
1595.0,2026-07-02T16:32:33.466,3,-100.737,451.736,0.0,-0.5,1000.0,RETURNING_TO_START,load_zone_22,dump_zone_22,0.00025,0.00067
1596.0,2026-07-02T16:32:35.621,1,597.5,145.857,24.453,0.25,1000.0,RETURNING_TO_START,load_zone_29,dump_zone_3,0.000309,0.000828
1596.0,2026-07-02T16:32:35.621,2,597.5,-31.077,22.29,0.0035,1000.0,RETURNING_TO_START,load_zone_25,dump_zone_3,0.000274,0.000734
1596.0,2026-07-02T16:32:35.621,3,-100.737,451.736,0.0,-0.5,1000.0,RETURNING_TO_START,load_zone_22,dump_zone_22,0.00025,0.00067
1597.0,2026-07-02T16:32:37.591,1,597.5,152.58,23.553,-0.5,1000.0,RETURNING_TO_START,load_zone_29,dump_zone_3,0.00025,0.00067
1597.0,2026-07-02T16:32:37.591,2,597.5,-24.719,23.682,0.5538,1000.0,RETURNING_TO_START,load_zone_25,dump_zone_3,0.000346,0.000927
1597.0,2026-07-02T16:32:37.591,3,-100.737,451.736,0.0,-0.5,1000.0,RETURNING_TO_START,load_zone_22,dump_zone_22,0.00025,0.00067
1598.0,2026-07-02T16:32:39.653,1,597.5,158.852,21.753,-0.5,1000.0,RETURNING_TO_START,load_zone_29,dump_zone_3,0.00025,0.00067
1598.0,2026-07-02T16:32:39.653,2,597.5,-18.049,23.77,-0.3717,1000.0,RETURNING_TO_START,load_zone_25,dump_zone_3,0.00025,0.00067
1598.0,2026-07-02T16:32:39.653,3,-100.737,451.736,0.0,-0.5,1000.0,RETURNING_TO_START,load_zone_22,dump_zone_22,0.00025,0.00067
1599.0,2026-07-02T16:32:41.465,1,597.5,164.624,19.953,-0.5,1000.0,RETURNING_TO_START,load_zone_29,dump_zone_3,0.00025,0.00067
1599.0,2026-07-02T16:32:41.465,2,597.5,-11.539,23.482,-0.0383,1000.0,RETURNING_TO_START,load_zone_25,dump_zone_3,0.00027,0.000724
1599.0,2026-07-02T16:32:41.465,3,-100.737,451.736,0.0,-0.5,1000.0,RETURNING_TO_START,load_zone_22,dump_zone_22,0.00025,0.00067
1600.0,2026-07-02T16:32:43.276,1,597.5,169.895,18.153,-0.5,1000.0,RETURNING_TO_START,load_zone_29,dump_zone_3,0.00025,0.00067
1600.0,2026-07-02T16:32:43.276,2,597.5,-5.187,22.375,-0.0833,1000.0,RETURNING_TO_START,load_zone_25,dump_zone_3,0.000264,0.000708
1600.0,2026-07-02T16:32:43.276,3,-100.737,451.736,0.0,-0.5,1000.0,RETURNING_TO_START,load_zone_22,dump_zone_22,0.00025,0.00067
1601.0,2026-07-02T16:32:45.546,1,597.5,174.667,16.353,-0.5,1000.0,RETURNING_TO_START,load_zone_29,dump_zone_3,0.00025,0.00067
1601.0,2026-07-02T16:32:45.546,2,597.5,1.129,23.091,0.0221,1000.0,RETURNING_TO_START,load_zone_25,dump_zone_3,0.000277,0.000742
1601.0,2026-07-02T16:32:45.546,3,-100.737,451.736,0.0,-0.5,1000.0,RETURNING_TO_START,load_zone_22,dump_zone_22,0.00025,0.00067
1602.0,2026-07-02T16:32:47.678,1,597.5,178.939,14.553,-0.5,1000.0,RETURNING_TO_START,load_zone_29,dump_zone_3,0.00025,0.00067
1602.0,2026-07-02T16:32:47.678,2,597.5,7.564,23.471,0.3066,1000.0,RETURNING_TO_START,load_zone_25,dump_zone_3,0.000314,0.000842
1602.0,2026-07-02T16:32:47.678,3,-100.737,451.736,0.0,-0.5,1000.0,RETURNING_TO_START,load_zone_22,dump_zone_22,0.00025,0.00067
1603.0,2026-07-02T16:32:49.526,1,597.5,182.71,12.753,-0.5,1000.0,RETURNING_TO_START,load_zone_29,dump_zone_3,0.00025,0.00067
1603.0,2026-07-02T16:32:49.526,2,597.5,14.131,23.275,-0.3601,1000.0,RETURNING_TO_START,load_zone_25,dump_zone_3,0.00025,0.00067
1603.0,2026-07-02T16:32:49.526,3,-100.737,451.736,0.0,-0.5,1000.0,RETURNING_TO_START,load_zone_22,dump_zone_22,0.00025,0.00067
1604.0,2026-07-02T16:32:51.710,1,597.481,185.982,10.953,-0.5,1000.0,RETURNING_TO_START,load_zone_29,dump_zone_3,0.00025,0.00067
1604.0,2026-07-02T16:32:51.710,2,597.5,20.581,23.429,0.1399,1000.0,RETURNING_TO_START,load_zone_25,dump_zone_3,0.000292,0.000783
1604.0,2026-07-02T16:32:51.710,3,-100.737,451.736,0.0,-0.5,1000.0,RETURNING_TO_START,load_zone_22,dump_zone_22,0.00025,0.00067
1605.0,2026-07-02T16:32:54.095,1,596.891,188.678,9.153,-0.5,1000.0,RETURNING_TO_START,load_zone_29,dump_zone_3,0.00025,0.00067
1605.0,2026-07-02T16:32:54.095,2,597.5,27.023,22.933,-0.0267,1000.0,RETURNING_TO_START,load_zone_25,dump_zone_3,0.000271,0.000726
1605.0,2026-07-02T16:32:54.095,3,-100.737,451.736,0.0,-0.5,1000.0,RETURNING_TO_START,load_zone_22,dump_zone_22,0.00025,0.00067
1606.0,2026-07-02T16:32:56.494,1,596.065,190.793,7.353,-0.5,1000.0,RETURNING_TO_START,load_zone_29,dump_zone_3,0.00025,0.00067
1606.0,2026-07-02T16:32:56.494,2,597.5,33.34,22.41,-0.2352,1000.0,RETURNING_TO_START,load_zone_25,dump_zone_3,0.00025,0.00067
1606.0,2026-07-02T16:32:56.494,3,-100.737,451.736,0.0,-0.5,1000.0,RETURNING_TO_START,load_zone_22,dump_zone_22,0.00025,0.00067
1607.0,2026-07-02T16:32:58.634,1,595.683,192.542,5.803,-0.25,1000.0,RETURNING_TO_START,load_zone_29,dump_zone_3,0.00025,0.00067
1607.0,2026-07-02T16:32:58.634,2,597.5,39.648,23.463,0.5981,1000.0,RETURNING_TO_START,load_zone_25,dump_zone_3,0.00035,0.000938
1607.0,2026-07-02T16:32:58.634,3,-100.737,451.736,0.0,-0.5,1000.0,RETURNING_TO_START,load_zone_22,dump_zone_22,0.00025,0.00067
1608.0,2026-07-02T16:33:01.814,1,595.545,194.094,5.573,0.0569,1000.0,RETURNING_TO_START,load_zone_29,dump_zone_3,0.000258,0.000691
1608.0,2026-07-02T16:33:01.814,2,597.5,46.407,24.723,-0.0281,1000.0,RETURNING_TO_START,load_zone_25,dump_zone_3,0.000272,0.000729
1608.0,2026-07-02T16:33:01.814,3,-100.737,451.736,0.0,-0.5,1000.0,RETURNING_TO_START,load_zone_22,dump_zone_22,0.00025,0.00067
1609.0,2026-07-02T16:33:05.995,1,595.57,195.526,4.728,-0.2764,1000.0,RETURNING_TO_START,load_zone_29,dump_zone_3,0.00025,0.00067
1609.0,2026-07-02T16:33:05.995,2,597.5,53.146,23.622,-0.5,1000.0,RETURNING_TO_START,load_zone_25,dump_zone_3,0.00025,0.00067
1609.0,2026-07-02T16:33:05.995,3,-100.737,451.736,0.0,-0.5,1000.0,RETURNING_TO_START,load_zone_22,dump_zone_22,0.00025,0.00067
1610.0,2026-07-02T16:33:08.327,1,595.9,196.751,4.891,0.4128,1000.0,RETURNING_TO_START,load_zone_29,dump_zone_3,0.000266,0.000713
1610.0,2026-07-02T16:33:08.327,2,597.5,59.487,22.368,-0.0498,1000.0,RETURNING_TO_START,load_zone_25,dump_zone_3,0.000268,0.000718
1610.0,2026-07-02T16:33:08.327,3,-100.737,451.736,0.0,-0.5,1000.0,RETURNING_TO_START,load_zone_22,dump_zone_22,0.00025,0.00067
1611.0,2026-07-02T16:33:10.821,1,596.642,198.339,7.627,0.7461,1000.0,RETURNING_TO_START,load_zone_29,dump_zone_3,0.000289,0.000775
1611.0,2026-07-02T16:33:10.821,2,597.5,65.816,23.189,0.1169,1000.0,RETURNING_TO_START,load_zone_25,dump_zone_3,0.000289,0.000775
1611.0,2026-07-02T16:33:10.821,3,-100.737,451.736,0.0,-0.5,1000.0,RETURNING_TO_START,load_zone_22,dump_zone_22,0.00025,0.00067
1612.0,2026-07-02T16:33:13.246,1,598.024,200.333,9.65,0.7287,1000.0,RETURNING_TO_START,load_zone_29,dump_zone_3,0.000298,0.000799
1612.0,2026-07-02T16:33:13.246,2,597.5,72.272,23.459,0.2835,1000.0,RETURNING_TO_START,load_zone_25,dump_zone_3,0.000311,0.000833
1612.0,2026-07-02T16:33:13.246,3,-100.737,451.736,0.0,-0.5,1000.0,RETURNING_TO_START,load_zone_22,dump_zone_22,0.00025,0.00067
1613.0,2026-07-02T16:33:15.174,1,600.825,201.488,12.098,0.2804,1000.0,RETURNING_TO_START,load_zone_29,dump_zone_3,0.000281,0.000753
1613.0,2026-07-02T16:33:15.174,2,597.5,78.878,23.78,-0.2165,1000.0,RETURNING_TO_START,load_zone_25,dump_zone_3,0.00025,0.00067
1613.0,2026-07-02T16:33:15.174,3,-100.737,451.736,0.0,-0.5,1000.0,RETURNING_TO_START,load_zone_22,dump_zone_22,0.00025,0.00067
1614.0,2026-07-02T16:33:17.386,1,603.868,200.34,11.28,-0.5,1000.0,RETURNING_TO_START,load_zone_29,dump_zone_3,0.00025,0.00067
1614.0,2026-07-02T16:33:17.386,2,597.5,85.347,23.301,0.2835,1000.0,RETURNING_TO_START,load_zone_25,dump_zone_3,0.00031,0.000831
1614.0,2026-07-02T16:33:17.386,3,-100.737,451.736,0.0,-0.5,1000.0,RETURNING_TO_START,load_zone_22,dump_zone_22,0.00025,0.00067
1615.0,2026-07-02T16:33:19.898,1,606.56,199.361,9.605,-0.4167,1000.0,RETURNING_TO_START,load_zone_29,dump_zone_3,0.00025,0.00067
1615.0,2026-07-02T16:33:19.898,2,597.5,91.976,23.912,-0.247,1000.0,RETURNING_TO_START,load_zone_25,dump_zone_3,0.00025,0.00067
1615.0,2026-07-02T16:33:19.898,3,-100.737,451.736,0.0,-0.5,1000.0,RETURNING_TO_START,load_zone_22,dump_zone_22,0.00025,0.00067
1616.0,2026-07-02T16:33:21.943,1,609.178,198.947,10.055,0.5833,1000.0,RETURNING_TO_START,load_zone_29,dump_zone_3,0.000292,0.000783
1616.0,2026-07-02T16:33:21.943,2,597.5,98.46,22.823,-0.2338,1000.0,RETURNING_TO_START,load_zone_25,dump_zone_3,0.00025,0.00067
1616.0,2026-07-02T16:33:21.943,3,-100.737,451.736,0.0,-0.5,1000.0,RETURNING_TO_START,load_zone_22,dump_zone_22,0.00025,0.00067
1617.0,2026-07-02T16:33:24.633,1,612.444,198.794,13.387,0.9397,1000.0,RETURNING_TO_START,load_zone_29,dump_zone_3,0.000332,0.00089
1617.0,2026-07-02T16:33:24.633,2,597.5,104.799,22.932,0.0162,1000.0,RETURNING_TO_START,load_zone_25,dump_zone_3,0.000276,0.00074
1617.0,2026-07-02T16:33:24.633,3,-100.737,451.736,0.0,-0.5,1000.0,RETURNING_TO_START,load_zone_22,dump_zone_22,0.00025,0.00067
1618.0,2026-07-02T16:33:27.075,1,616.662,198.93,16.609,0.95,1000.0,RETURNING_TO_START,load_zone_29,dump_zone_3,0.000353,0.000946
1618.0,2026-07-02T16:33:27.075,2,597.5,111.255,23.418,0.0676,1000.0,RETURNING_TO_START,load_zone_25,dump_zone_3,0.000283,0.000758
1618.0,2026-07-02T16:33:27.075,3,-100.737,451.736,0.0,-0.5,1000.0,RETURNING_TO_START,load_zone_22,dump_zone_22,0.00025,0.00067
1619.0,2026-07-02T16:33:30.421,1,621.632,199.368,18.559,0.0833,1000.0,RETURNING_TO_START,load_zone_29,dump_zone_3,0.000278,0.000745
1619.0,2026-07-02T16:33:30.421,2,597.5,117.741,23.344,0.2143,1000.0,RETURNING_TO_START,load_zone_25,dump_zone_3,0.000302,0.000809
1619.0,2026-07-02T16:33:30.421,3,-100.737,451.736,0.0,-0.5,1000.0,RETURNING_TO_START,load_zone_22,dump_zone_22,0.00025,0.00067
1620.0,2026-07-02T16:33:34.611,1,626.603,199.985,17.284,-0.5,1000.0,RETURNING_TO_START,load_zone_29,dump_zone_3,0.00025,0.00067
1620.0,2026-07-02T16:33:34.611,2,597.5,124.352,23.795,-0.2693,1000.0,RETURNING_TO_START,load_zone_25,dump_zone_3,0.00025,0.00067
1620.0,2026-07-02T16:33:34.611,3,-100.737,451.736,0.0,-0.5,1000.0,RETURNING_TO_START,load_zone_22,dump_zone_22,0.00025,0.00067
1621.0,2026-07-02T16:33:39.116,1,631.102,200.617,15.534,-0.5,1000.0,RETURNING_TO_START,load_zone_29,dump_zone_3,0.00025,0.00067
1621.0,2026-07-02T16:33:39.116,2,597.5,130.732,22.321,-0.2228,1000.0,RETURNING_TO_START,load_zone_25,dump_zone_3,0.00025,0.00067
1621.0,2026-07-02T16:33:39.116,3,-100.737,451.736,0.0,-0.5,1000.0,RETURNING_TO_START,load_zone_22,dump_zone_22,0.00025,0.00067
1622.0,2026-07-02T16:33:44.504,1,635.108,201.179,13.743,-0.5,1000.0,RETURNING_TO_START,load_zone_29,dump_zone_3,0.00025,0.00067
1622.0,2026-07-02T16:33:44.504,2,597.5,136.933,22.66,0.461,1000.0,RETURNING_TO_START,load_zone_25,dump_zone_3,0.00033,0.000884
1622.0,2026-07-02T16:33:44.504,3,-100.737,451.736,0.0,-0.5,1000.0,RETURNING_TO_START,load_zone_22,dump_zone_22,0.00025,0.00067
1623.0,2026-07-02T16:33:50.330,1,638.638,201.64,12.092,-0.5,1000.0,RETURNING_TO_START,load_zone_29,dump_zone_3,0.00025,0.00067
1623.0,2026-07-02T16:33:50.330,2,597.5,143.406,23.796,0.3644,1000.0,RETURNING_TO_START,load_zone_25,dump_zone_3,0.000322,0.000863
1623.0,2026-07-02T16:33:50.330,3,-100.737,451.736,0.0,-0.5,1000.0,RETURNING_TO_START,load_zone_22,dump_zone_22,0.00025,0.00067
1624.0,2026-07-02T16:33:55.997,1,641.744,201.993,10.546,-0.4167,1000.0,RETURNING_TO_START,load_zone_29,dump_zone_3,0.00025,0.00067
1624.0,2026-07-02T16:33:55.997,2,597.5,150.013,23.408,-0.3022,1000.0,RETURNING_TO_START,load_zone_25,dump_zone_3,0.00025,0.00067
1624.0,2026-07-02T16:33:55.997,3,-100.737,451.736,0.0,-0.5,1000.0,RETURNING_TO_START,load_zone_22,dump_zone_22,0.00025,0.00067
1625.0,2026-07-02T16:34:00.870,1,644.414,202.238,8.846,-0.5,1000.0,RETURNING_TO_START,load_zone_29,dump_zone_3,0.00025,0.00067
1625.0,2026-07-02T16:34:00.870,2,597.5,156.257,21.651,-0.5,1000.0,RETURNING_TO_START,load_zone_25,dump_zone_3,0.00025,0.00067
1625.0,2026-07-02T16:34:00.870,3,-100.737,451.736,0.0,-0.5,1000.0,RETURNING_TO_START,load_zone_22,dump_zone_22,0.00025,0.00067
1626.0,2026-07-02T16:34:05.480,1,646.614,202.384,7.146,-0.5,1000.0,RETURNING_TO_START,load_zone_29,dump_zone_3,0.00025,0.00067
1626.0,2026-07-02T16:34:05.480,2,597.5,162.0,19.851,-0.5,1000.0,RETURNING_TO_START,load_zone_25,dump_zone_3,0.00025,0.00067
1626.0,2026-07-02T16:34:05.480,3,-100.737,451.736,0.0,-0.5,1000.0,RETURNING_TO_START,load_zone_22,dump_zone_22,0.00025,0.00067
1627.0,2026-07-02T16:34:10.415,1,648.462,202.405,6.504,-0.0558,1000.0,RETURNING_TO_START,load_zone_29,dump_zone_3,0.000255,0.000683
1627.0,2026-07-02T16:34:10.415,2,597.5,167.243,18.051,-0.5,1000.0,RETURNING_TO_START,load_zone_25,dump_zone_3,0.00025,0.00067
1627.0,2026-07-02T16:34:10.415,3,-100.737,451.736,0.0,-0.5,1000.0,RETURNING_TO_START,load_zone_22,dump_zone_22,0.00025,0.00067
1628.0,2026-07-02T16:34:14.760,1,650.324,201.904,7.953,0.8609,1000.0,RETURNING_TO_START,load_zone_29,dump_zone_3,0.000295,0.000791
1628.0,2026-07-02T16:34:14.760,2,597.5,172.005,16.351,-0.5,1000.0,RETURNING_TO_START,load_zone_25,dump_zone_3,0.00025,0.00067
1628.0,2026-07-02T16:34:14.760,3,-100.737,451.736,0.0,-0.5,1000.0,RETURNING_TO_START,load_zone_22,dump_zone_22,0.00025,0.00067
1629.0,2026-07-02T16:34:19.658,1,652.1,199.987,10.517,0.2939,1000.0,RETURNING_TO_START,load_zone_29,dump_zone_3,0.000278,0.000745
1629.0,2026-07-02T16:34:19.658,2,597.5,176.276,14.551,-0.5,1000.0,RETURNING_TO_START,load_zone_25,dump_zone_3,0.00025,0.00067
1629.0,2026-07-02T16:34:19.658,3,-100.737,451.736,0.0,-0.5,1000.0,RETURNING_TO_START,load_zone_22,dump_zone_22,0.00025,0.00067
1630.0,2026-07-02T16:34:24.579,1,652.583,197.139,10.375,0.1272,1000.0,RETURNING_TO_START,load_zone_29,dump_zone_3,0.000268,0.000718
1630.0,2026-07-02T16:34:24.579,2,597.5,180.048,12.751,-0.5,1000.0,RETURNING_TO_START,load_zone_25,dump_zone_3,0.00025,0.00067
1630.0,2026-07-02T16:34:24.579,3,-100.737,451.736,0.0,-0.5,1000.0,RETURNING_TO_START,load_zone_22,dump_zone_22,0.00025,0.00067
1631.0,2026-07-02T16:34:29.327,1,652.56,194.015,12.114,0.4863,1000.0,RETURNING_TO_START,load_zone_29,dump_zone_3,0.000295,0.000791
1631.0,2026-07-02T16:34:29.327,2,597.5,183.319,10.951,-0.5,1000.0,RETURNING_TO_START,load_zone_25,dump_zone_3,0.00025,0.00067
1631.0,2026-07-02T16:34:29.327,3,-100.737,451.736,0.0,-0.5,1000.0,RETURNING_TO_START,load_zone_22,dump_zone_22,0.00025,0.00067
1632.0,2026-07-02T16:34:31.674,1,652.509,190.524,12.406,-0.3771,1000.0,RETURNING_TO_START,load_zone_29,dump_zone_3,0.00025,0.00067
1632.0,2026-07-02T16:34:31.674,2,597.453,186.094,9.299,-0.2567,1000.0,RETURNING_TO_START,load_zone_25,dump_zone_3,0.00025,0.00067
1632.0,2026-07-02T16:34:31.674,3,-100.737,451.736,0.0,-0.5,1000.0,RETURNING_TO_START,load_zone_22,dump_zone_22,0.00025,0.00067
1633.0,2026-07-02T16:34:33.493,1,652.498,187.345,10.618,-0.5,1000.0,RETURNING_TO_START,load_zone_29,dump_zone_3,0.00025,0.00067
1633.0,2026-07-02T16:34:33.493,2,597.016,188.449,7.863,-0.5,1000.0,RETURNING_TO_START,load_zone_25,dump_zone_3,0.00025,0.00067
1633.0,2026-07-02T16:34:33.493,3,-100.737,451.736,0.0,-0.5,1000.0,RETURNING_TO_START,load_zone_22,dump_zone_22,0.00025,0.00067
1634.0,2026-07-02T16:34:35.888,1,652.499,184.667,8.818,-0.5,1000.0,RETURNING_TO_START,load_zone_29,dump_zone_3,0.00025,0.00067
1634.0,2026-07-02T16:34:35.888,2,596.336,190.27,6.358,-0.5,1000.0,RETURNING_TO_START,load_zone_25,dump_zone_3,0.00025,0.00067
1634.0,2026-07-02T16:34:35.888,3,-100.737,451.736,0.0,-0.5,1000.0,RETURNING_TO_START,load_zone_22,dump_zone_22,0.00025,0.00067
1635.0,2026-07-02T16:34:38.247,1,652.499,182.488,7.018,-0.5,1000.0,RETURNING_TO_START,load_zone_29,dump_zone_3,0.00025,0.00067
1635.0,2026-07-02T16:34:38.247,2,595.868,191.807,5.481,-0.2338,1000.0,RETURNING_TO_START,load_zone_25,dump_zone_3,0.00025,0.00067
1635.0,2026-07-02T16:34:38.247,3,-100.737,451.736,0.0,-0.5,1000.0,RETURNING_TO_START,load_zone_22,dump_zone_22,0.00025,0.00067
1636.0,2026-07-02T16:34:40.582,1,652.5,180.81,5.218,-0.5,1000.0,RETURNING_TO_START,load_zone_29,dump_zone_3,0.00025,0.00067
1636.0,2026-07-02T16:34:40.582,2,595.645,193.147,4.768,0.1946,1000.0,RETURNING_TO_START,load_zone_25,dump_zone_3,0.00026,0.000697
1636.0,2026-07-02T16:34:40.582,3,-100.737,451.736,0.0,-0.5,1000.0,RETURNING_TO_START,load_zone_22,dump_zone_22,0.00025,0.00067
1637.0,2026-07-02T16:34:42.128,1,652.588,179.638,3.418,-0.5,1000.0,UNLOADING,load_zone_29,dump_zone_3,0.00025,0.00067
1637.0,2026-07-02T16:34:42.128,2,595.551,194.66,5.774,-0.0718,1000.0,RETURNING_TO_START,load_zone_25,dump_zone_3,0.000254,0.000681
1637.0,2026-07-02T16:34:42.128,3,-100.737,451.736,0.0,-0.5,1000.0,RETURNING_TO_START,load_zone_22,dump_zone_22,0.00025,0.00067
1638.0,2026-07-02T16:34:44.060,1,652.782,178.988,1.618,-0.5,1000.0,UNLOADING,load_zone_29,dump_zone_3,0.00025,0.00067
1638.0,2026-07-02T16:34:44.060,2,595.742,196.114,4.696,-0.25,1000.0,RETURNING_TO_START,load_zone_25,dump_zone_3,0.00025,0.00067
1638.0,2026-07-02T16:34:44.060,3,-100.737,451.736,0.0,-0.5,1000.0,RETURNING_TO_START,load_zone_22,dump_zone_22,0.00025,0.00067
1639.0,2026-07-02T16:34:45.988,1,652.853,178.819,0.0,-0.5,1000.0,UNLOADING,load_zone_29,dump_zone_3,0.00025,0.00067
1639.0,2026-07-02T16:34:45.988,2,596.172,197.377,5.347,0.5929,1000.0,RETURNING_TO_START,load_zone_25,dump_zone_3,0.000273,0.000732
1639.0,2026-07-02T16:34:45.988,3,-100.737,451.736,0.0,-0.5,1000.0,RETURNING_TO_START,load_zone_22,dump_zone_22,0.00025,0.00067
1640.0,2026-07-02T16:34:48.053,1,652.853,178.819,0.0,-0.5,1000.0,UNLOADING,load_zone_29,dump_zone_3,0.00025,0.00067
1640.0,2026-07-02T16:34:48.053,2,596.966,198.987,7.41,0.7608,1000.0,RETURNING_TO_START,load_zone_25,dump_zone_3,0.000288,0.000772
1640.0,2026-07-02T16:34:48.053,3,-100.737,451.736,0.0,-0.5,1000.0,RETURNING_TO_START,load_zone_22,dump_zone_22,0.00025,0.00067
1641.0,2026-07-02T16:34:49.471,1,654.105,177.286,7.2,0.0,0.0,TURNING_AROUND,dump_zone_3,load_zone_29,0.000255,0.000683
1641.0,2026-07-02T16:34:49.471,2,598.714,200.856,10.917,0.9167,1000.0,RETURNING_TO_START,load_zone_25,dump_zone_3,0.000315,0.000844
1641.0,2026-07-02T16:34:49.471,3,-100.737,451.736,0.0,-0.5,1000.0,RETURNING_TO_START,load_zone_22,dump_zone_22,0.00025,0.00067
1642.0,2026-07-02T16:34:51.499,1,654.529,176.906,5.4,0.0,0.0,TURNING_AROUND,dump_zone_3,load_zone_29,0.000253,0.000678
1642.0,2026-07-02T16:34:51.499,2,601.955,201.302,12.553,-0.0039,1000.0,RETURNING_TO_START,load_zone_25,dump_zone_3,0.000263,0.000705
1642.0,2026-07-02T16:34:51.499,3,-100.737,451.736,0.0,-0.5,1000.0,RETURNING_TO_START,load_zone_22,dump_zone_22,0.00025,0.00067
1643.0,2026-07-02T16:34:53.450,1,654.483,177.091,7.2,0.0,0.0,TURNING_AROUND,dump_zone_3,load_zone_29,0.000255,0.000683
1643.0,2026-07-02T16:34:53.450,2,604.968,199.948,11.122,-0.5,1000.0,RETURNING_TO_START,load_zone_25,dump_zone_3,0.00025,0.00067
1643.0,2026-07-02T16:34:53.450,3,-100.737,451.736,0.0,-0.5,1000.0,RETURNING_TO_START,load_zone_22,dump_zone_22,0.00025,0.00067
1644.0,2026-07-02T16:35:00.437,1,656.23,178.022,7.2,0.0,0.0,TURNING_AROUND,dump_zone_3,load_zone_29,0.000255,0.000683
1644.0,2026-07-02T16:35:00.437,2,607.713,199.178,9.722,-0.4167,1000.0,RETURNING_TO_START,load_zone_25,dump_zone_3,0.00025,0.00067
1644.0,2026-07-02T16:35:00.437,3,-100.737,451.736,0.0,-0.5,1000.0,RETURNING_TO_START,load_zone_22,dump_zone_22,0.00025,0.00067
1645.0,2026-07-02T16:35:04.162,1,655.767,177.227,5.4,0.0,0.0,TURNING_AROUND,dump_zone_3,load_zone_29,0.000253,0.000678
1645.0,2026-07-02T16:35:04.162,2,610.288,198.864,9.572,0.4167,1000.0,RETURNING_TO_START,load_zone_25,dump_zone_3,0.000282,0.000756
1645.0,2026-07-02T16:35:04.162,3,-100.737,451.736,0.0,-0.5,1000.0,RETURNING_TO_START,load_zone_22,dump_zone_22,0.00025,0.00067
1646.0,2026-07-02T16:35:07.625,1,655.858,177.636,0.0,-0.0833,0.0,GOING_TO_ENDPOINT,dump_zone_3,load_zone_29,0.00025,0.00067
1646.0,2026-07-02T16:35:07.625,2,613.361,198.78,12.647,1.0,1000.0,RETURNING_TO_START,load_zone_25,dump_zone_3,0.000332,0.00089
1646.0,2026-07-02T16:35:07.625,3,-100.737,451.736,0.0,-0.5,1000.0,RETURNING_TO_START,load_zone_22,dump_zone_22,0.00025,0.00067
1647.0,2026-07-02T16:35:10.834,1,655.854,177.801,1.65,0.9167,0.0,GOING_TO_ENDPOINT,dump_zone_3,load_zone_29,0.000256,0.000686
1647.0,2026-07-02T16:35:10.834,2,617.409,198.973,16.222,0.9167,1000.0,RETURNING_TO_START,load_zone_25,dump_zone_3,0.000347,0.00093
1647.0,2026-07-02T16:35:10.834,3,-100.737,451.736,0.0,-0.5,1000.0,RETURNING_TO_START,load_zone_22,dump_zone_22,0.00025,0.00067
1648.0,2026-07-02T16:35:14.336,1,655.679,178.783,5.25,1.0,0.0,GOING_TO_ENDPOINT,dump_zone_3,load_zone_29,0.00027,0.000724
1648.0,2026-07-02T16:35:14.336,2,622.223,199.434,17.968,0.0725,1000.0,RETURNING_TO_START,load_zone_25,dump_zone_3,0.000276,0.00074
1648.0,2026-07-02T16:35:14.336,3,-100.737,451.736,0.0,-0.5,1000.0,RETURNING_TO_START,load_zone_22,dump_zone_22,0.00025,0.00067
1649.0,2026-07-02T16:35:16.793,1,654.627,180.459,8.85,1.0,0.0,GOING_TO_ENDPOINT,dump_zone_3,load_zone_29,0.000284,0.000761
1649.0,2026-07-02T16:35:16.793,2,627.025,200.044,16.673,-0.5,1000.0,RETURNING_TO_START,load_zone_25,dump_zone_3,0.00025,0.00067
1649.0,2026-07-02T16:35:16.793,3,-100.737,451.736,0.0,-0.5,1000.0,RETURNING_TO_START,load_zone_22,dump_zone_22,0.00025,0.00067
1650.0,2026-07-02T16:35:24.685,1,652.183,182.191,12.45,1.0,0.0,GOING_TO_ENDPOINT,dump_zone_3,load_zone_29,0.000298,0.000799
1650.0,2026-07-02T16:35:24.685,2,631.353,200.652,14.925,-0.5,1000.0,RETURNING_TO_START,load_zone_25,dump_zone_3,0.00025,0.00067
1650.0,2026-07-02T16:35:24.685,3,-100.737,451.736,0.0,-0.5,1000.0,RETURNING_TO_START,load_zone_22,dump_zone_22,0.00025,0.00067
1651.0,2026-07-02T16:35:31.778,1,649.094,184.675,15.955,0.8389,0.0,GOING_TO_ENDPOINT,dump_zone_3,load_zone_29,0.000303,0.000812
1651.0,2026-07-02T16:35:31.778,2,635.246,201.198,13.55,-0.4167,1000.0,RETURNING_TO_START,load_zone_25,dump_zone_3,0.00025,0.00067
1651.0,2026-07-02T16:35:31.778,3,-100.737,451.736,0.0,-0.5,1000.0,RETURNING_TO_START,load_zone_22,dump_zone_22,0.00025,0.00067
1652.0,2026-07-02T16:35:36.072,1,647.515,189.013,17.025,-0.1611,0.0,GOING_TO_ENDPOINT,dump_zone_3,load_zone_29,0.000252,0.000675
1652.0,2026-07-02T16:35:36.072,2,638.785,201.657,12.225,-0.5,1000.0,RETURNING_TO_START,load_zone_25,dump_zone_3,0.00025,0.00067
1652.0,2026-07-02T16:35:36.072,3,-100.737,451.736,0.0,-0.5,1000.0,RETURNING_TO_START,load_zone_22,dump_zone_22,0.00025,0.00067
1653.0,2026-07-02T16:35:40.890,1,647.128,193.487,15.757,-0.0833,0.0,GOING_TO_ENDPOINT,dump_zone_3,load_zone_29,0.000256,0.000686
1653.0,2026-07-02T16:35:40.890,2,641.888,202.03,10.425,-0.5,1000.0,RETURNING_TO_START,load_zone_25,dump_zone_3,0.00025,0.00067
1653.0,2026-07-02T16:35:40.890,3,-100.737,451.736,0.0,-0.5,1000.0,RETURNING_TO_START,load_zone_22,dump_zone_22,0.00025,0.00067
1654.0,2026-07-02T16:35:45.977,1,644.278,196.885,16.957,0.5833,0.0,GOING_TO_ENDPOINT,dump_zone_3,load_zone_29,0.000293,0.000785
1654.0,2026-07-02T16:35:45.977,2,644.506,202.396,8.825,-0.4167,1000.0,RETURNING_TO_START,load_zone_25,dump_zone_3,0.00025,0.00067
1654.0,2026-07-02T16:35:45.977,3,-100.737,451.736,0.0,-0.5,1000.0,RETURNING_TO_START,load_zone_22,dump_zone_22,0.00025,0.00067
1655.0,2026-07-02T16:35:49.048,1,639.349,197.212,19.152,0.2632,0.0,GOING_TO_ENDPOINT,dump_zone_3,load_zone_29,0.000278,0.000745
1655.0,2026-07-02T16:35:49.048,2,646.71,202.523,7.199,-0.5,1000.0,RETURNING_TO_START,load_zone_25,dump_zone_3,0.00025,0.00067
1655.0,2026-07-02T16:35:49.048,3,-100.737,451.736,0.0,-0.5,1000.0,RETURNING_TO_START,load_zone_22,dump_zone_22,0.00025,0.00067
1656.0,2026-07-02T16:35:52.106,1,634.229,196.029,18.288,-0.5,0.0,GOING_TO_ENDPOINT,dump_zone_3,load_zone_29,0.00025,0.00067
1656.0,2026-07-02T16:35:52.106,2,648.59,202.427,6.799,0.0833,1000.0,RETURNING_TO_START,load_zone_25,dump_zone_3,0.00026,0.000697
1656.0,2026-07-02T16:35:52.106,3,-100.737,451.736,0.0,-0.5,1000.0,RETURNING_TO_START,load_zone_22,dump_zone_22,0.00025,0.00067
1657.0,2026-07-02T16:35:55.687,1,629.443,195.324,16.738,-0.25,0.0,GOING_TO_ENDPOINT,dump_zone_3,load_zone_29,0.00025,0.00067
1657.0,2026-07-02T16:35:55.687,2,650.398,201.855,7.149,0.4167,1000.0,RETURNING_TO_START,load_zone_25,dump_zone_3,0.000274,0.000734
1657.0,2026-07-02T16:35:55.687,3,-100.737,451.736,0.0,-0.5,1000.0,RETURNING_TO_START,load_zone_22,dump_zone_22,0.00025,0.00067
1658.0,2026-07-02T16:35:59.825,1,625.039,194.744,15.188,-0.5,0.0,GOING_TO_ENDPOINT,dump_zone_3,load_zone_29,0.00025,0.00067
1658.0,2026-07-02T16:35:59.825,2,651.956,200.173,9.199,0.25,1000.0,RETURNING_TO_START,load_zone_25,dump_zone_3,0.000272,0.000729
1658.0,2026-07-02T16:35:59.825,3,-100.737,451.736,0.0,-0.5,1000.0,RETURNING_TO_START,load_zone_22,dump_zone_22,0.00025,0.00067
1659.0,2026-07-02T16:36:02.938,1,621.085,194.289,13.729,-0.4495,0.0,GOING_TO_ENDPOINT,dump_zone_3,load_zone_29,0.00025,0.00067
1659.0,2026-07-02T16:36:02.938,2,652.601,197.695,9.549,0.4167,1000.0,RETURNING_TO_START,load_zone_25,dump_zone_3,0.000282,0.000756
1659.0,2026-07-02T16:36:02.938,3,-100.737,451.736,0.0,-0.5,1000.0,RETURNING_TO_START,load_zone_22,dump_zone_22,0.00025,0.00067
1660.0,2026-07-02T16:36:05.947,1,617.499,193.985,12.353,-0.4202,0.0,GOING_TO_ENDPOINT,dump_zone_3,load_zone_29,0.00025,0.00067
1660.0,2026-07-02T16:36:05.947,2,652.622,194.634,12.474,0.75,1000.0,RETURNING_TO_START,load_zone_25,dump_zone_3,0.000314,0.000842
1660.0,2026-07-02T16:36:05.947,3,-100.737,451.736,0.0,-0.5,1000.0,RETURNING_TO_START,load_zone_22,dump_zone_22,0.00025,0.00067
1661.0,2026-07-02T16:36:08.306,1,614.298,193.841,10.977,-0.4167,0.0,GOING_TO_ENDPOINT,dump_zone_3,load_zone_29,0.00025,0.00067
1661.0,2026-07-02T16:36:08.306,2,652.52,190.975,13.224,-0.25,1000.0,RETURNING_TO_START,load_zone_25,dump_zone_3,0.00025,0.00067
1661.0,2026-07-02T16:36:08.306,3,-100.737,451.736,0.0,-0.5,1000.0,RETURNING_TO_START,load_zone_22,dump_zone_22,0.00025,0.00067
1662.0,2026-07-02T16:36:10.967,1,611.39,193.872,10.219,-0.2304,0.0,GOING_TO_ENDPOINT,dump_zone_3,load_zone_29,0.00025,0.00067
1662.0,2026-07-02T16:36:10.967,2,652.496,187.552,11.499,-0.5,1000.0,RETURNING_TO_START,load_zone_25,dump_zone_3,0.00025,0.00067
1662.0,2026-07-02T16:36:10.967,3,-100.737,451.736,0.0,-0.5,1000.0,RETURNING_TO_START,load_zone_22,dump_zone_22,0.00025,0.00067
1663.0,2026-07-02T16:36:13.679,1,608.858,194.397,8.512,-0.5,0.0,GOING_TO_ENDPOINT,dump_zone_3,load_zone_29,0.00025,0.00067
1663.0,2026-07-02T16:36:13.679,2,652.498,184.629,9.699,-0.5,1000.0,RETURNING_TO_START,load_zone_25,dump_zone_3,0.00025,0.00067
1663.0,2026-07-02T16:36:13.679,3,-100.737,451.736,0.0,-0.5,1000.0,RETURNING_TO_START,load_zone_22,dump_zone_22,0.00025,0.00067
1664.0,2026-07-02T16:36:16.265,1,606.996,195.36,6.862,-0.25,0.0,GOING_TO_ENDPOINT,dump_zone_3,load_zone_29,0.00025,0.00067
1664.0,2026-07-02T16:36:16.265,2,652.5,182.206,7.899,-0.5,1000.0,RETURNING_TO_START,load_zone_25,dump_zone_3,0.00025,0.00067
1664.0,2026-07-02T16:36:16.265,3,-100.737,451.736,0.0,-0.5,1000.0,RETURNING_TO_START,load_zone_22,dump_zone_22,0.00025,0.00067
1665.0,2026-07-02T16:36:18.722,1,605.438,196.241,5.894,-0.25,0.0,GOING_TO_ENDPOINT,dump_zone_3,load_zone_29,0.00025,0.00067
1665.0,2026-07-02T16:36:18.722,2,652.5,180.283,6.099,-0.5,1000.0,RETURNING_TO_START,load_zone_25,dump_zone_3,0.00025,0.00067
1665.0,2026-07-02T16:36:18.722,3,-100.737,451.736,0.0,-0.5,1000.0,RETURNING_TO_START,load_zone_22,dump_zone_22,0.00025,0.00067
1666.0,2026-07-02T16:36:20.902,1,604.063,196.918,4.994,-0.25,0.0,GOING_TO_ENDPOINT,dump_zone_3,load_zone_29,0.00025,0.00067
1666.0,2026-07-02T16:36:20.902,2,652.706,178.881,4.299,-0.5,1000.0,RETURNING_TO_START,load_zone_25,dump_zone_3,0.00025,0.00067
1666.0,2026-07-02T16:36:20.902,3,-100.737,451.736,0.0,-0.5,1000.0,RETURNING_TO_START,load_zone_22,dump_zone_22,0.00025,0.00067
1667.0,2026-07-02T16:36:23.405,1,602.827,197.522,4.906,0.0209,0.0,GOING_TO_ENDPOINT,dump_zone_3,load_zone_29,0.000253,0.000678
1667.0,2026-07-02T16:36:23.405,2,653.093,178.045,2.499,-0.5,1000.0,UNLOADING,load_zone_25,dump_zone_3,0.00025,0.00067
1667.0,2026-07-02T16:36:23.405,3,-100.737,451.736,0.0,-0.5,1000.0,RETURNING_TO_START,load_zone_22,dump_zone_22,0.00025,0.00067
1668.0,2026-07-02T16:36:26.445,1,601.492,198.087,5.332,-0.1457,0.0,GOING_TO_ENDPOINT,dump_zone_3,load_zone_29,0.000251,0.000673
1668.0,2026-07-02T16:36:26.445,2,653.327,177.693,0.699,-0.5,1000.0,UNLOADING,load_zone_25,dump_zone_3,0.00025,0.00067
1668.0,2026-07-02T16:36:26.445,3,-100.737,451.736,0.0,-0.5,1000.0,RETURNING_TO_START,load_zone_22,dump_zone_22,0.00025,0.00067
1669.0,2026-07-02T16:36:29.308,1,600.28,198.414,3.717,-0.5,0.0,GOING_TO_ENDPOINT,dump_zone_3,load_zone_29,0.00025,0.00067
1669.0,2026-07-02T16:36:29.308,2,653.345,177.669,0.0,-0.5,1000.0,UNLOADING,load_zone_25,dump_zone_3,0.00025,0.00067
1669.0,2026-07-02T16:36:29.308,3,-100.737,451.736,0.0,-0.5,1000.0,RETURNING_TO_START,load_zone_22,dump_zone_22,0.00025,0.00067
1670.0,2026-07-02T16:36:31.500,1,599.355,198.428,3.567,0.4167,0.0,GOING_TO_ENDPOINT,dump_zone_3,load_zone_29,0.000257,0.000689
1670.0,2026-07-02T16:36:31.500,2,654.032,176.946,7.2,0.0,0.0,TURNING_AROUND,dump_zone_3,load_zone_25,0.000255,0.000683
1670.0,2026-07-02T16:36:31.500,3,-100.737,451.736,0.0,-0.5,1000.0,RETURNING_TO_START,load_zone_22,dump_zone_22,0.00025,0.00067
1671.0,2026-07-02T16:36:32.398,1,598.011,198.039,6.642,1.0,0.0,GOING_TO_ENDPOINT,dump_zone_3,load_zone_29,0.000276,0.00074
1671.0,2026-07-02T16:36:32.398,2,655.826,176.11,7.2,0.0,0.0,TURNING_AROUND,dump_zone_3,load_zone_25,0.000255,0.000683
1671.0,2026-07-02T16:36:32.398,3,-100.737,451.736,0.0,-0.5,1000.0,RETURNING_TO_START,load_zone_22,dump_zone_22,0.00025,0.00067
1672.0,2026-07-02T16:36:33.613,1,596.317,196.409,10.242,1.0,0.0,GOING_TO_ENDPOINT,dump_zone_3,load_zone_29,0.00029,0.000777
1672.0,2026-07-02T16:36:33.613,2,654.623,176.052,5.4,0.0,0.0,TURNING_AROUND,dump_zone_3,load_zone_25,0.000253,0.000678
1672.0,2026-07-02T16:36:33.613,3,-100.737,451.736,0.0,-0.5,1000.0,RETURNING_TO_START,load_zone_22,dump_zone_22,0.00025,0.00067
1673.0,2026-07-02T16:36:34.971,1,596.08,193.133,13.842,1.0,0.0,GOING_TO_ENDPOINT,dump_zone_3,load_zone_29,0.000304,0.000815
1673.0,2026-07-02T16:36:34.971,2,656.129,176.833,7.2,0.0,0.0,TURNING_AROUND,dump_zone_3,load_zone_25,0.000255,0.000683
1673.0,2026-07-02T16:36:34.971,3,-100.737,451.736,0.0,-0.5,1000.0,RETURNING_TO_START,load_zone_22,dump_zone_22,0.00025,0.00067
1674.0,2026-07-02T16:36:36.394,1,598.546,189.521,17.442,1.0,0.0,GOING_TO_ENDPOINT,dump_zone_3,load_zone_29,0.000317,0.00085
1674.0,2026-07-02T16:36:36.394,2,656.763,177.395,5.4,0.0,0.0,TURNING_AROUND,dump_zone_3,load_zone_25,0.000253,0.000678
1674.0,2026-07-02T16:36:36.394,3,-100.737,451.736,0.0,-0.5,1000.0,RETURNING_TO_START,load_zone_22,dump_zone_22,0.00025,0.00067
1675.0,2026-07-02T16:36:38.150,1,600.962,184.718,21.042,1.0,0.0,GOING_TO_ENDPOINT,dump_zone_3,load_zone_29,0.000331,0.000887
1675.0,2026-07-02T16:36:38.150,2,656.517,176.689,0.057,0.1359,0.0,GOING_TO_ENDPOINT,dump_zone_3,load_zone_25,0.00025,0.00067
1675.0,2026-07-02T16:36:38.150,3,-100.737,451.736,0.0,-0.5,1000.0,RETURNING_TO_START,load_zone_22,dump_zone_22,0.00025,0.00067
1676.0,2026-07-02T16:36:39.626,1,602.434,178.544,24.642,1.0,0.0,GOING_TO_ENDPOINT,dump_zone_3,load_zone_29,0.000345,0.000925
1676.0,2026-07-02T16:36:39.626,2,656.505,176.987,2.439,1.0,0.0,GOING_TO_ENDPOINT,dump_zone_3,load_zone_25,0.000259,0.000694
1676.0,2026-07-02T16:36:39.626,3,-100.737,451.736,0.0,-0.5,1000.0,RETURNING_TO_START,load_zone_22,dump_zone_22,0.00025,0.00067
1677.0,2026-07-02T16:36:41.312,1,602.508,171.208,27.542,0.4167,0.0,GOING_TO_ENDPOINT,dump_zone_3,load_zone_29,0.000305,0.000817
1677.0,2026-07-02T16:36:41.312,2,656.218,178.167,6.039,1.0,0.0,GOING_TO_ENDPOINT,dump_zone_3,load_zone_25,0.000273,0.000732
1677.0,2026-07-02T16:36:41.312,3,-100.737,451.736,0.0,-0.5,1000.0,RETURNING_TO_START,load_zone_22,dump_zone_22,0.00025,0.00067
1678.0,2026-07-02T16:36:42.996,1,602.499,163.505,27.765,0.0611,0.0,GOING_TO_ENDPOINT,dump_zone_3,load_zone_29,0.000273,0.000732
1678.0,2026-07-02T16:36:42.996,2,654.866,179.897,9.639,1.0,0.0,GOING_TO_ENDPOINT,dump_zone_3,load_zone_25,0.000287,0.000769
1678.0,2026-07-02T16:36:42.996,3,-100.737,451.736,0.0,-0.5,1000.0,RETURNING_TO_START,load_zone_22,dump_zone_22,0.00025,0.00067
1679.0,2026-07-02T16:36:44.855,1,602.5,155.902,26.985,-0.1056,0.0,GOING_TO_ENDPOINT,dump_zone_3,load_zone_29,0.000258,0.000691
1679.0,2026-07-02T16:36:44.855,2,652.116,181.564,13.239,1.0,0.0,GOING_TO_ENDPOINT,dump_zone_3,load_zone_25,0.000301,0.000807
1679.0,2026-07-02T16:36:44.855,3,-100.737,451.736,0.0,-0.5,1000.0,RETURNING_TO_START,load_zone_22,dump_zone_22,0.00025,0.00067
1680.0,2026-07-02T16:36:47.054,1,602.5,148.264,28.255,0.3944,0.0,GOING_TO_ENDPOINT,dump_zone_3,load_zone_29,0.000304,0.000815
1680.0,2026-07-02T16:36:47.054,2,648.881,184.19,16.689,0.75,0.0,GOING_TO_ENDPOINT,dump_zone_3,load_zone_25,0.000301,0.000807
1680.0,2026-07-02T16:36:47.054,3,-100.737,451.736,0.0,-0.5,1000.0,RETURNING_TO_START,load_zone_22,dump_zone_22,0.00025,0.00067
1681.0,2026-07-02T16:36:48.981,1,602.5,140.401,28.002,-0.182,0.0,GOING_TO_ENDPOINT,dump_zone_3,load_zone_29,0.000251,0.000673
1681.0,2026-07-02T16:36:48.981,2,647.488,188.749,17.439,-0.25,0.0,GOING_TO_ENDPOINT,dump_zone_3,load_zone_25,0.00025,0.00067
1681.0,2026-07-02T16:36:48.981,3,-100.737,451.736,0.0,-0.5,1000.0,RETURNING_TO_START,load_zone_22,dump_zone_22,0.00025,0.00067
1682.0,2026-07-02T16:36:50.882,1,602.5,132.774,26.917,-0.3464,0.0,GOING_TO_ENDPOINT,dump_zone_3,load_zone_29,0.00025,0.00067
1682.0,2026-07-02T16:36:50.882,2,647.488,193.342,15.714,-0.5,0.0,GOING_TO_ENDPOINT,dump_zone_3,load_zone_25,0.00025,0.00067
1682.0,2026-07-02T16:36:50.882,3,-100.737,451.736,0.0,-0.5,1000.0,RETURNING_TO_START,load_zone_22,dump_zone_22,0.00025,0.00067
1683.0,2026-07-02T16:36:52.734,1,602.5,125.331,27.093,0.2691,0.0,GOING_TO_ENDPOINT,dump_zone_3,load_zone_29,0.000291,0.00078
1683.0,2026-07-02T16:36:52.734,2,647.499,197.436,13.914,-0.5,0.0,GOING_TO_ENDPOINT,dump_zone_3,load_zone_25,0.00025,0.00067
1683.0,2026-07-02T16:36:52.734,3,-100.737,451.736,0.0,-0.5,1000.0,RETURNING_TO_START,load_zone_22,dump_zone_22,0.00025,0.00067
1684.0,2026-07-02T16:36:54.847,1,602.5,117.614,28.354,0.1873,0.0,GOING_TO_ENDPOINT,dump_zone_3,load_zone_29,0.000285,0.000764
1684.0,2026-07-02T16:36:54.847,2,646.142,200.734,13.239,0.25,0.0,GOING_TO_ENDPOINT,dump_zone_3,load_zone_25,0.000269,0.000721
1684.0,2026-07-02T16:36:54.847,3,-100.737,451.736,0.0,-0.5,1000.0,RETURNING_TO_START,load_zone_22,dump_zone_22,0.00025,0.00067
1685.0,2026-07-02T16:36:56.728,1,602.5,109.759,28.196,-0.1411,0.0,GOING_TO_ENDPOINT,dump_zone_3,load_zone_29,0.000255,0.000683
1685.0,2026-07-02T16:36:56.728,2,642.382,201.558,15.939,1.0,0.0,GOING_TO_ENDPOINT,dump_zone_3,load_zone_25,0.000312,0.000836
1685.0,2026-07-02T16:36:56.728,3,-100.737,451.736,0.0,-0.5,1000.0,RETURNING_TO_START,load_zone_22,dump_zone_22,0.00025,0.00067
1686.0,2026-07-02T16:36:59.135,1,602.5,101.919,28.387,-0.0035,0.0,GOING_TO_ENDPOINT,dump_zone_3,load_zone_29,0.000268,0.000718
1686.0,2026-07-02T16:36:59.135,2,638.647,198.38,19.539,1.0,0.0,GOING_TO_ENDPOINT,dump_zone_3,load_zone_25,0.000326,0.000874
1686.0,2026-07-02T16:36:59.135,3,-100.737,451.736,0.0,-0.5,1000.0,RETURNING_TO_START,load_zone_22,dump_zone_22,0.00025,0.00067
1687.0,2026-07-02T16:37:01.607,1,602.5,94.161,27.524,-0.21,0.0,GOING_TO_ENDPOINT,dump_zone_3,load_zone_29,0.00025,0.00067
1687.0,2026-07-02T16:37:01.607,2,633.478,195.907,21.489,0.0833,0.0,GOING_TO_ENDPOINT,dump_zone_3,load_zone_25,0.000269,0.000721
1687.0,2026-07-02T16:37:01.607,3,-100.737,451.736,0.0,-0.5,1000.0,RETURNING_TO_START,load_zone_22,dump_zone_22,0.00025,0.00067
1688.0,2026-07-02T16:37:03.473,1,602.5,86.513,27.818,0.29,0.0,GOING_TO_ENDPOINT,dump_zone_3,load_zone_29,0.000294,0.000788
1688.0,2026-07-02T16:37:03.473,2,627.72,195.047,20.214,-0.5,0.0,GOING_TO_ENDPOINT,dump_zone_3,load_zone_25,0.00025,0.00067
1688.0,2026-07-02T16:37:03.473,3,-100.737,451.736,0.0,-0.5,1000.0,RETURNING_TO_START,load_zone_22,dump_zone_22,0.00025,0.00067
1689.0,2026-07-02T16:37:05.069,1,602.5,78.589,29.292,0.3564,0.0,GOING_TO_ENDPOINT,dump_zone_3,load_zone_29,0.000302,0.000809
1689.0,2026-07-02T16:37:05.069,2,622.413,194.421,18.414,-0.5,0.0,GOING_TO_ENDPOINT,dump_zone_3,load_zone_25,0.00025,0.00067
1689.0,2026-07-02T16:37:05.069,3,-100.737,451.736,0.0,-0.5,1000.0,RETURNING_TO_START,load_zone_22,dump_zone_22,0.00025,0.00067
1690.0,2026-07-02T16:37:06.626,1,602.5,70.468,28.686,-0.5,0.0,GOING_TO_ENDPOINT,dump_zone_3,load_zone_29,0.00025,0.00067
1690.0,2026-07-02T16:37:06.626,2,617.588,193.987,16.614,-0.5,0.0,GOING_TO_ENDPOINT,dump_zone_3,load_zone_25,0.00025,0.00067
1690.0,2026-07-02T16:37:06.626,3,-100.737,451.736,0.0,-0.5,1000.0,RETURNING_TO_START,load_zone_22,dump_zone_22,0.00025,0.00067
1691.0,2026-07-02T16:37:08.655,1,602.5,62.699,27.743,-0.0068,0.0,GOING_TO_ENDPOINT,dump_zone_3,load_zone_29,0.000267,0.000716
1691.0,2026-07-02T16:37:08.655,2,613.248,193.825,14.814,-0.5,0.0,GOING_TO_ENDPOINT,dump_zone_3,load_zone_25,0.00025,0.00067
1691.0,2026-07-02T16:37:08.655,3,-100.737,451.736,0.0,-0.5,1000.0,RETURNING_TO_START,load_zone_22,dump_zone_22,0.00025,0.00067
1692.0,2026-07-02T16:37:11.071,1,602.5,54.944,28.258,0.1281,0.0,GOING_TO_ENDPOINT,dump_zone_3,load_zone_29,0.00028,0.00075
1692.0,2026-07-02T16:37:11.071,2,609.439,194.213,13.014,-0.5,0.0,GOING_TO_ENDPOINT,dump_zone_3,load_zone_25,0.00025,0.00067
1692.0,2026-07-02T16:37:11.071,3,-100.737,451.736,0.0,-0.5,1000.0,RETURNING_TO_START,load_zone_22,dump_zone_22,0.00025,0.00067
1693.0,2026-07-02T16:37:13.354,1,602.5,47.205,27.282,-0.3648,0.0,GOING_TO_ENDPOINT,dump_zone_3,load_zone_29,0.00025,0.00067
1693.0,2026-07-02T16:37:13.354,2,606.496,195.762,11.214,-0.5,0.0,GOING_TO_ENDPOINT,dump_zone_3,load_zone_25,0.00025,0.00067
1693.0,2026-07-02T16:37:13.354,3,-100.737,451.736,0.0,-0.5,1000.0,RETURNING_TO_START,load_zone_22,dump_zone_22,0.00025,0.00067
1694.0,2026-07-02T16:37:15.178,1,602.5,39.614,27.919,0.6352,0.0,GOING_TO_ENDPOINT,dump_zone_3,load_zone_29,0.000325,0.000871
1694.0,2026-07-02T16:37:15.178,2,603.964,197.048,9.414,-0.5,0.0,GOING_TO_ENDPOINT,dump_zone_3,load_zone_25,0.00025,0.00067
1694.0,2026-07-02T16:37:15.178,3,-100.737,451.736,0.0,-0.5,1000.0,RETURNING_TO_START,load_zone_22,dump_zone_22,0.00025,0.00067
1695.0,2026-07-02T16:37:17.593,1,602.5,31.523,29.684,0.0615,0.0,GOING_TO_ENDPOINT,dump_zone_3,load_zone_29,0.000275,0.000737
1695.0,2026-07-02T16:37:17.593,2,601.831,198.021,7.614,-0.5,0.0,GOING_TO_ENDPOINT,dump_zone_3,load_zone_25,0.00025,0.00067
1695.0,2026-07-02T16:37:17.593,3,-100.737,451.736,0.0,-0.5,1000.0,RETURNING_TO_START,load_zone_22,dump_zone_22,0.00025,0.00067
1696.0,2026-07-02T16:37:19.763,1,602.5,23.402,28.56,-0.5,0.0,GOING_TO_ENDPOINT,dump_zone_3,load_zone_29,0.00025,0.00067
1696.0,2026-07-02T16:37:19.763,2,600.083,198.578,5.839,-0.4167,0.0,GOING_TO_ENDPOINT,dump_zone_3,load_zone_25,0.00025,0.00067
1696.0,2026-07-02T16:37:19.763,3,-100.737,451.736,0.0,-0.5,1000.0,RETURNING_TO_START,load_zone_22,dump_zone_22,0.00025,0.00067
1697.0,2026-07-02T16:37:22.123,1,602.5,15.701,27.235,-0.0833,0.0,GOING_TO_ENDPOINT,dump_zone_3,load_zone_29,0.00026,0.000697
1697.0,2026-07-02T16:37:22.123,2,598.495,198.418,6.289,0.5833,0.0,GOING_TO_ENDPOINT,dump_zone_3,load_zone_25,0.000266,0.000713
1697.0,2026-07-02T16:37:22.123,3,-100.737,451.736,0.0,-0.5,1000.0,RETURNING_TO_START,load_zone_22,dump_zone_22,0.00025,0.00067
1698.0,2026-07-02T16:37:24.140,1,602.5,7.993,28.591,0.7166,0.0,GOING_TO_ENDPOINT,dump_zone_3,load_zone_29,0.000334,0.000895
1698.0,2026-07-02T16:37:24.140,2,596.667,197.202,9.639,1.0,0.0,GOING_TO_ENDPOINT,dump_zone_3,load_zone_25,0.000287,0.000769
1698.0,2026-07-02T16:37:24.140,3,-100.737,451.736,0.0,-0.5,1000.0,RETURNING_TO_START,load_zone_22,dump_zone_22,0.00025,0.00067
1699.0,2026-07-02T16:37:26.292,1,602.5,-0.217,29.821,-0.1167,0.0,GOING_TO_ENDPOINT,dump_zone_3,load_zone_29,0.000258,0.000691
1699.0,2026-07-02T16:37:26.292,2,595.762,194.205,13.239,1.0,0.0,GOING_TO_ENDPOINT,dump_zone_3,load_zone_25,0.000301,0.000807
1699.0,2026-07-02T16:37:26.292,3,-100.737,451.736,0.0,-0.5,1000.0,RETURNING_TO_START,load_zone_22,dump_zone_22,0.00025,0.00067
1700.0,2026-07-02T16:37:28.858,1,602.5,-8.288,28.331,-0.4167,0.0,GOING_TO_ENDPOINT,dump_zone_3,load_zone_29,0.00025,0.00067
1700.0,2026-07-02T16:37:28.858,2,597.876,190.639,16.839,1.0,0.0,GOING_TO_ENDPOINT,dump_zone_3,load_zone_25,0.000315,0.000844
1700.0,2026-07-02T16:37:28.858,3,-100.737,451.736,0.0,-0.5,1000.0,RETURNING_TO_START,load_zone_22,dump_zone_22,0.00025,0.00067
1701.0,2026-07-02T16:37:31.294,1,602.5,-15.93,27.006,-0.0833,0.0,GOING_TO_ENDPOINT,dump_zone_3,load_zone_29,0.00026,0.000697
1701.0,2026-07-02T16:37:31.294,2,600.477,186.132,20.439,1.0,0.0,GOING_TO_ENDPOINT,dump_zone_3,load_zone_25,0.000329,0.000882
1701.0,2026-07-02T16:37:31.294,3,-100.737,451.736,0.0,-0.5,1000.0,RETURNING_TO_START,load_zone_22,dump_zone_22,0.00025,0.00067
1702.0,2026-07-02T16:37:37.089,1,602.5,-23.472,27.68,0.4581,0.0,GOING_TO_ENDPOINT,dump_zone_3,load_zone_29,0.000309,0.000828
1702.0,2026-07-02T16:37:37.089,2,602.261,180.208,24.039,1.0,0.0,GOING_TO_ENDPOINT,dump_zone_3,load_zone_25,0.000343,0.000919
1702.0,2026-07-02T16:37:37.089,3,-100.737,451.736,0.0,-0.5,1000.0,RETURNING_TO_START,load_zone_22,dump_zone_22,0.00025,0.00067
1703.0,2026-07-02T16:37:40.398,1,602.5,-31.209,27.629,-0.2086,0.0,GOING_TO_ENDPOINT,dump_zone_3,load_zone_29,0.00025,0.00067
1703.0,2026-07-02T16:37:40.398,2,602.51,173.016,27.264,0.5833,0.0,GOING_TO_ENDPOINT,dump_zone_3,load_zone_25,0.000319,0.000855
1703.0,2026-07-02T16:37:40.398,3,-100.737,451.736,0.0,-0.5,1000.0,RETURNING_TO_START,load_zone_22,dump_zone_22,0.00025,0.00067
1704.0,2026-07-02T16:37:44.671,1,602.5,-38.74,26.728,-0.0419,0.0,GOING_TO_ENDPOINT,dump_zone_3,load_zone_29,0.000263,0.000705
1704.0,2026-07-02T16:37:44.671,2,602.501,165.281,28.064,-0.0833,0.0,GOING_TO_ENDPOINT,dump_zone_3,load_zone_25,0.00026,0.000697
1704.0,2026-07-02T16:37:44.671,3,-100.737,451.736,0.0,-0.5,1000.0,RETURNING_TO_START,load_zone_22,dump_zone_22,0.00025,0.00067
1705.0,2026-07-02T16:37:47.465,1,602.5,-46.341,28.227,0.4581,0.0,GOING_TO_ENDPOINT,dump_zone_3,load_zone_29,0.00031,0.000831
1705.0,2026-07-02T16:37:47.465,2,602.5,157.687,26.664,-0.25,0.0,GOING_TO_ENDPOINT,dump_zone_3,load_zone_25,0.00025,0.00067
1705.0,2026-07-02T16:37:47.465,3,-100.737,451.736,0.0,-0.5,1000.0,RETURNING_TO_START,load_zone_22,dump_zone_22,0.00025,0.00067
1706.0,2026-07-02T16:37:49.592,1,602.5,-54.231,28.227,-0.0419,0.0,GOING_TO_ENDPOINT,dump_zone_3,load_zone_29,0.000264,0.000708
1706.0,2026-07-02T16:37:49.592,2,602.5,150.217,27.414,0.25,0.0,GOING_TO_ENDPOINT,dump_zone_3,load_zone_25,0.00029,0.000777
1706.0,2026-07-02T16:37:49.592,3,-100.737,451.736,0.0,-0.5,1000.0,RETURNING_TO_START,load_zone_22,dump_zone_22,0.00025,0.00067
1707.0,2026-07-02T16:37:52.945,1,602.5,-62.079,28.226,-0.2086,0.0,GOING_TO_ENDPOINT,dump_zone_3,load_zone_29,0.00025,0.00067
1707.0,2026-07-02T16:37:52.945,2,602.5,142.554,27.642,-0.0267,0.0,GOING_TO_ENDPOINT,dump_zone_3,load_zone_25,0.000265,0.00071
1707.0,2026-07-02T16:37:52.945,3,-100.737,451.736,0.0,-0.5,1000.0,RETURNING_TO_START,load_zone_22,dump_zone_22,0.00025,0.00067
1708.0,2026-07-02T16:37:56.428,1,602.5,-69.679,26.538,-0.5,0.0,GOING_TO_ENDPOINT,dump_zone_3,load_zone_29,0.00025,0.00067
1708.0,2026-07-02T16:37:56.428,2,602.5,134.895,27.707,0.2746,0.0,GOING_TO_ENDPOINT,dump_zone_3,load_zone_25,0.000292,0.000783
1708.0,2026-07-02T16:37:56.428,3,-100.737,451.736,0.0,-0.5,1000.0,RETURNING_TO_START,load_zone_22,dump_zone_22,0.00025,0.00067
1709.0,2026-07-02T16:37:58.497,1,602.5,-76.78,24.738,-0.5,0.0,GOING_TO_ENDPOINT,dump_zone_3,load_zone_29,0.00025,0.00067
1709.0,2026-07-02T16:37:58.497,2,602.5,127.14,27.845,-0.0588,0.0,GOING_TO_ENDPOINT,dump_zone_3,load_zone_25,0.000262,0.000702
1709.0,2026-07-02T16:37:58.497,3,-100.737,451.736,0.0,-0.5,1000.0,RETURNING_TO_START,load_zone_22,dump_zone_22,0.00025,0.00067
1710.0,2026-07-02T16:38:00.554,1,602.5,-83.38,22.938,-0.5,0.0,GOING_TO_ENDPOINT,dump_zone_3,load_zone_29,0.00025,0.00067
1710.0,2026-07-02T16:38:00.554,2,602.5,119.415,27.574,-0.0754,0.0,GOING_TO_ENDPOINT,dump_zone_3,load_zone_25,0.000261,0.000699
1710.0,2026-07-02T16:38:00.554,3,-100.737,451.736,0.0,-0.5,1000.0,RETURNING_TO_START,load_zone_22,dump_zone_22,0.00025,0.00067
1711.0,2026-07-02T16:38:02.910,1,602.5,-89.481,21.138,-0.5,0.0,GOING_TO_ENDPOINT,dump_zone_3,load_zone_29,0.00025,0.00067
1711.0,2026-07-02T16:38:02.910,2,602.5,111.626,28.502,0.0912,0.0,GOING_TO_ENDPOINT,dump_zone_3,load_zone_25,0.000276,0.00074
1711.0,2026-07-02T16:38:02.910,3,-100.737,451.736,0.0,-0.5,1000.0,RETURNING_TO_START,load_zone_22,dump_zone_22,0.00025,0.00067
1712.0,2026-07-02T16:38:04.897,1,602.5,-95.082,19.338,-0.5,0.0,GOING_TO_ENDPOINT,dump_zone_3,load_zone_29,0.00025,0.00067
1712.0,2026-07-02T16:38:04.897,2,602.5,103.831,27.581,-0.2421,0.0,GOING_TO_ENDPOINT,dump_zone_3,load_zone_25,0.00025,0.00067
1712.0,2026-07-02T16:38:04.897,3,-100.737,451.736,0.0,-0.5,1000.0,RETURNING_TO_START,load_zone_22,dump_zone_22,0.00025,0.00067
1713.0,2026-07-02T16:38:06.970,1,603.046,-100.107,17.913,-0.0833,0.0,GOING_TO_ENDPOINT,dump_zone_3,load_zone_29,0.000257,0.000689
1713.0,2026-07-02T16:38:06.970,2,602.5,96.237,27.409,0.2579,0.0,GOING_TO_ENDPOINT,dump_zone_3,load_zone_25,0.00029,0.000777
1713.0,2026-07-02T16:38:06.970,3,-100.737,451.736,0.0,-0.5,1000.0,RETURNING_TO_START,load_zone_22,dump_zone_22,0.00025,0.00067
1714.0,2026-07-02T16:38:09.317,1,607.467,-101.962,19.563,0.9167,0.0,GOING_TO_ENDPOINT,dump_zone_3,load_zone_29,0.00032,0.000858
1714.0,2026-07-02T16:38:09.317,2,602.5,88.552,27.421,-0.285,0.0,GOING_TO_ENDPOINT,dump_zone_3,load_zone_25,0.00025,0.00067
1714.0,2026-07-02T16:38:09.317,3,-100.737,451.736,0.0,-0.5,1000.0,RETURNING_TO_START,load_zone_22,dump_zone_22,0.00025,0.00067
1715.0,2026-07-02T16:38:11.590,1,612.48,-98.8,23.163,1.0,0.0,GOING_TO_ENDPOINT,dump_zone_3,load_zone_29,0.00034,0.000911
1715.0,2026-07-02T16:38:11.590,2,602.5,80.892,28.087,0.3118,0.0,GOING_TO_ENDPOINT,dump_zone_3,load_zone_25,0.000296,0.000793
1715.0,2026-07-02T16:38:11.590,3,-100.737,451.736,0.0,-0.5,1000.0,RETURNING_TO_START,load_zone_22,dump_zone_22,0.00025,0.00067
1716.0,2026-07-02T16:38:16.569,1,619.303,-97.575,26.738,0.9167,0.0,GOING_TO_ENDPOINT,dump_zone_3,load_zone_29,0.000346,0.000927
1716.0,2026-07-02T16:38:16.569,2,602.5,73.092,27.96,-0.0215,0.0,GOING_TO_ENDPOINT,dump_zone_3,load_zone_25,0.000266,0.000713
1716.0,2026-07-02T16:38:16.569,3,-100.737,451.736,0.0,-0.5,1000.0,RETURNING_TO_START,load_zone_22,dump_zone_22,0.00025,0.00067
1717.0,2026-07-02T16:38:23.412,1,627.057,-97.491,28.368,-0.0055,0.0,GOING_TO_ENDPOINT,dump_zone_3,load_zone_29,0.000267,0.000716
1717.0,2026-07-02T16:38:23.412,2,602.5,65.434,27.479,0.1975,0.0,GOING_TO_ENDPOINT,dump_zone_3,load_zone_25,0.000285,0.000764
1717.0,2026-07-02T16:38:23.412,3,-100.737,451.736,0.0,-0.5,1000.0,RETURNING_TO_START,load_zone_22,dump_zone_22,0.00025,0.00067
1718.0,2026-07-02T16:38:28.268,1,634.768,-97.5,27.079,-0.3844,0.0,GOING_TO_ENDPOINT,dump_zone_3,load_zone_29,0.00025,0.00067
1718.0,2026-07-02T16:38:28.268,2,602.5,57.654,28.215,-0.0641,0.0,GOING_TO_ENDPOINT,dump_zone_3,load_zone_25,0.000262,0.000702
1718.0,2026-07-02T16:38:28.268,3,-100.737,451.736,0.0,-0.5,1000.0,RETURNING_TO_START,load_zone_22,dump_zone_22,0.00025,0.00067
1719.0,2026-07-02T16:38:32.433,1,642.151,-97.5,26.545,0.1156,0.0,GOING_TO_ENDPOINT,dump_zone_3,load_zone_29,0.000277,0.000742
1719.0,2026-07-02T16:38:32.433,2,602.5,49.874,27.472,-0.4167,0.0,GOING_TO_ENDPOINT,dump_zone_3,load_zone_25,0.00025,0.00067
1719.0,2026-07-02T16:38:32.433,3,-100.737,451.736,0.0,-0.5,1000.0,RETURNING_TO_START,load_zone_22,dump_zone_22,0.00025,0.00067
1720.0,2026-07-02T16:38:36.626,1,649.673,-97.5,27.599,0.1259,0.0,GOING_TO_ENDPOINT,dump_zone_3,load_zone_29,0.000279,0.000748
1720.0,2026-07-02T16:38:36.626,2,602.5,42.274,27.675,0.4015,0.0,GOING_TO_ENDPOINT,dump_zone_3,load_zone_25,0.000303,0.000812
1720.0,2026-07-02T16:38:36.626,3,-100.737,451.736,0.0,-0.5,1000.0,RETURNING_TO_START,load_zone_22,dump_zone_22,0.00025,0.00067
1721.0,2026-07-02T16:38:39.679,1,657.293,-97.5,27.455,0.1351,0.0,GOING_TO_ENDPOINT,dump_zone_3,load_zone_29,0.000279,0.000748
1721.0,2026-07-02T16:38:39.679,2,602.5,34.396,28.62,-0.0985,0.0,GOING_TO_ENDPOINT,dump_zone_3,load_zone_25,0.000259,0.000694
1721.0,2026-07-02T16:38:39.679,3,-100.737,451.736,0.0,-0.5,1000.0,RETURNING_TO_START,load_zone_22,dump_zone_22,0.00025,0.00067
1722.0,2026-07-02T16:38:42.941,1,664.834,-97.5,26.479,-0.5,0.0,GOING_TO_ENDPOINT,dump_zone_3,load_zone_29,0.00025,0.00067
1722.0,2026-07-02T16:38:42.941,2,602.5,26.609,27.752,0.0833,0.0,GOING_TO_ENDPOINT,dump_zone_3,load_zone_25,0.000275,0.000737
1722.0,2026-07-02T16:38:42.941,3,-100.737,451.736,0.0,-0.5,1000.0,RETURNING_TO_START,load_zone_22,dump_zone_22,0.00025,0.00067
1723.0,2026-07-02T16:38:45.525,1,671.919,-97.5,24.679,-0.5,0.0,GOING_TO_ENDPOINT,dump_zone_3,load_zone_29,0.00025,0.00067
1723.0,2026-07-02T16:38:45.525,2,602.5,18.854,27.77,-0.1609,0.0,GOING_TO_ENDPOINT,dump_zone_3,load_zone_25,0.000253,0.000678
1723.0,2026-07-02T16:38:45.525,3,-100.737,451.736,0.0,-0.5,1000.0,RETURNING_TO_START,load_zone_22,dump_zone_22,0.00025,0.00067
1724.0,2026-07-02T16:38:49.159,1,678.503,-97.5,22.879,-0.5,0.0,GOING_TO_ENDPOINT,dump_zone_3,load_zone_29,0.00025,0.00067
1724.0,2026-07-02T16:38:49.159,2,602.5,11.228,27.602,0.2263,0.0,GOING_TO_ENDPOINT,dump_zone_3,load_zone_25,0.000288,0.000772
1724.0,2026-07-02T16:38:49.159,3,-100.737,451.736,0.0,-0.5,1000.0,RETURNING_TO_START,load_zone_22,dump_zone_22,0.00025,0.00067
1725.0,2026-07-02T16:38:51.889,1,684.588,-97.5,21.079,-0.5,0.0,GOING_TO_ENDPOINT,dump_zone_3,load_zone_29,0.00025,0.00067
1725.0,2026-07-02T16:38:51.889,2,602.5,3.53,27.699,-0.1633,0.0,GOING_TO_ENDPOINT,dump_zone_3,load_zone_25,0.000253,0.000678
1725.0,2026-07-02T16:38:51.889,3,-100.737,451.736,0.0,-0.5,1000.0,RETURNING_TO_START,load_zone_22,dump_zone_22,0.00025,0.00067
1726.0,2026-07-02T16:38:54.917,1,690.172,-97.5,19.279,-0.5,0.0,GOING_TO_ENDPOINT,dump_zone_3,load_zone_29,0.00025,0.00067
1726.0,2026-07-02T16:38:54.917,2,602.5,-4.185,28.161,0.17,0.0,GOING_TO_ENDPOINT,dump_zone_3,load_zone_25,0.000283,0.000758
1726.0,2026-07-02T16:38:54.917,3,-100.737,451.736,0.0,-0.5,1000.0,RETURNING_TO_START,load_zone_22,dump_zone_22,0.00025,0.00067
1727.0,2026-07-02T16:38:57.667,1,695.256,-97.5,17.479,-0.5,0.0,GOING_TO_ENDPOINT,dump_zone_3,load_zone_29,0.00025,0.00067
1727.0,2026-07-02T16:38:57.667,2,602.5,-12.099,28.688,-0.0277,0.0,GOING_TO_ENDPOINT,dump_zone_3,load_zone_25,0.000266,0.000713
1727.0,2026-07-02T16:38:57.667,3,-100.737,451.736,0.0,-0.5,1000.0,RETURNING_TO_START,load_zone_22,dump_zone_22,0.00025,0.00067
1728.0,2026-07-02T16:39:00.871,1,699.826,-97.729,15.679,-0.5,0.0,GOING_TO_ENDPOINT,dump_zone_3,load_zone_29,0.00025,0.00067
1728.0,2026-07-02T16:39:00.871,2,602.5,-19.935,27.945,0.0075,0.0,GOING_TO_ENDPOINT,dump_zone_3,load_zone_25,0.000268,0.000718
1728.0,2026-07-02T16:39:00.871,3,-100.737,451.736,0.0,-0.5,1000.0,RETURNING_TO_START,load_zone_22,dump_zone_22,0.00025,0.00067
1729.0,2026-07-02T16:39:03.815,1,703.306,-99.744,13.904,-0.4167,0.0,GOING_TO_ENDPOINT,dump_zone_3,load_zone_29,0.00025,0.00067
1729.0,2026-07-02T16:39:03.815,2,602.5,-27.656,27.675,0.0929,0.0,GOING_TO_ENDPOINT,dump_zone_3,load_zone_25,0.000276,0.00074
1729.0,2026-07-02T16:39:03.815,3,-100.737,451.736,0.0,-0.5,1000.0,RETURNING_TO_START,load_zone_22,dump_zone_22,0.00025,0.00067
1730.0,2026-07-02T16:39:05.858,1,706.055,-102.436,14.354,0.5833,0.0,GOING_TO_ENDPOINT,dump_zone_3,load_zone_29,0.000286,0.000766
1730.0,2026-07-02T16:39:05.858,2,602.5,-35.499,28.81,0.2596,0.0,GOING_TO_ENDPOINT,dump_zone_3,load_zone_25,0.000292,0.000783
1730.0,2026-07-02T16:39:05.858,3,-100.737,451.736,0.0,-0.5,1000.0,RETURNING_TO_START,load_zone_22,dump_zone_22,0.00025,0.00067
1731.0,2026-07-02T16:39:08.242,1,709.185,-105.62,17.704,1.0,0.0,GOING_TO_ENDPOINT,dump_zone_3,load_zone_29,0.000318,0.000852
1731.0,2026-07-02T16:39:08.242,2,602.5,-43.438,27.961,-0.4167,0.0,GOING_TO_ENDPOINT,dump_zone_3,load_zone_25,0.00025,0.00067
1731.0,2026-07-02T16:39:08.242,3,-100.737,451.736,0.0,-0.5,1000.0,RETURNING_TO_START,load_zone_22,dump_zone_22,0.00025,0.00067
1732.0,2026-07-02T16:39:10.819,1,713.031,-109.495,21.304,1.0,0.0,GOING_TO_ENDPOINT,dump_zone_3,load_zone_29,0.000332,0.00089
1732.0,2026-07-02T16:39:10.819,2,602.5,-51.132,27.711,0.0833,0.0,GOING_TO_ENDPOINT,dump_zone_3,load_zone_25,0.000275,0.000737
1732.0,2026-07-02T16:39:10.819,3,-100.737,451.736,0.0,-0.5,1000.0,RETURNING_TO_START,load_zone_22,dump_zone_22,0.00025,0.00067
1733.0,2026-07-02T16:39:15.123,1,717.598,-114.063,24.904,1.0,0.0,GOING_TO_ENDPOINT,dump_zone_3,load_zone_29,0.000346,0.000927
1733.0,2026-07-02T16:39:15.123,2,602.5,-58.964,28.845,0.391,0.0,GOING_TO_ENDPOINT,dump_zone_3,load_zone_25,0.000305,0.000817
1733.0,2026-07-02T16:39:15.123,3,-100.737,451.736,0.0,-0.5,1000.0,RETURNING_TO_START,load_zone_22,dump_zone_22,0.00025,0.00067
1734.0,2026-07-02T16:39:19.180,1,722.864,-119.329,28.391,0.9167,0.0,GOING_TO_ENDPOINT,dump_zone_3,load_zone_29,0.000352,0.000943
1734.0,2026-07-02T16:39:19.180,2,602.5,-66.979,28.343,-0.5,0.0,GOING_TO_ENDPOINT,dump_zone_3,load_zone_25,0.00025,0.00067
1734.0,2026-07-02T16:39:19.180,3,-100.737,451.736,0.0,-0.5,1000.0,RETURNING_TO_START,load_zone_22,dump_zone_22,0.00025,0.00067
1735.0,2026-07-02T16:39:20.918,1,728.643,-125.107,29.741,-0.0833,0.0,GOING_TO_ENDPOINT,dump_zone_3,load_zone_29,0.000261,0.000699
1735.0,2026-07-02T16:39:20.918,2,602.5,-74.581,26.543,-0.5,0.0,GOING_TO_ENDPOINT,dump_zone_3,load_zone_25,0.00025,0.00067
1735.0,2026-07-02T16:39:20.918,3,-100.737,451.736,0.0,-0.5,1000.0,RETURNING_TO_START,load_zone_22,dump_zone_22,0.00025,0.00067
1736.0,2026-07-02T16:39:22.334,1,734.338,-130.802,28.191,-0.5,0.0,GOING_TO_ENDPOINT,dump_zone_3,load_zone_29,0.00025,0.00067
1736.0,2026-07-02T16:39:22.334,2,602.5,-81.684,24.743,-0.5,0.0,GOING_TO_ENDPOINT,dump_zone_3,load_zone_25,0.00025,0.00067
1736.0,2026-07-02T16:39:22.334,3,-100.737,451.736,0.0,-0.5,1000.0,RETURNING_TO_START,load_zone_22,dump_zone_22,0.00025,0.00067
1737.0,2026-07-02T16:39:24.386,1,739.684,-136.148,26.391,-0.5,0.0,GOING_TO_ENDPOINT,dump_zone_3,load_zone_29,0.00025,0.00067
1737.0,2026-07-02T16:39:24.386,2,602.5,-88.286,22.943,-0.5,0.0,GOING_TO_ENDPOINT,dump_zone_3,load_zone_25,0.00025,0.00067
1737.0,2026-07-02T16:39:24.386,3,-100.737,451.736,0.0,-0.5,1000.0,RETURNING_TO_START,load_zone_22,dump_zone_22,0.00025,0.00067
1738.0,2026-07-02T16:39:25.501,1,744.676,-141.139,24.591,-0.5,0.0,GOING_TO_ENDPOINT,dump_zone_3,load_zone_29,0.00025,0.00067
1738.0,2026-07-02T16:39:25.501,2,602.5,-94.388,21.143,-0.5,0.0,GOING_TO_ENDPOINT,dump_zone_3,load_zone_25,0.00025,0.00067
1738.0,2026-07-02T16:39:25.501,3,-100.737,451.736,0.0,-0.5,1000.0,RETURNING_TO_START,load_zone_22,dump_zone_22,0.00025,0.00067
1739.0,2026-07-02T16:39:27.479,1,749.317,-145.776,22.791,-0.5,0.0,GOING_TO_ENDPOINT,dump_zone_3,load_zone_29,0.00025,0.00067
1739.0,2026-07-02T16:39:27.479,2,602.131,-99.943,19.343,-0.5,0.0,GOING_TO_ENDPOINT,dump_zone_3,load_zone_25,0.00025,0.00067
1739.0,2026-07-02T16:39:27.479,3,-100.737,451.736,0.0,-0.5,1000.0,RETURNING_TO_START,load_zone_22,dump_zone_22,0.00025,0.00067
1740.0,2026-07-02T16:39:31.514,1,753.29,-150.243,20.991,-0.5,0.0,GOING_TO_ENDPOINT,dump_zone_3,load_zone_29,0.00025,0.00067
1740.0,2026-07-02T16:39:31.514,2,598.423,-103.282,17.543,-0.5,0.0,GOING_TO_ENDPOINT,dump_zone_3,load_zone_25,0.00025,0.00067
1740.0,2026-07-02T16:39:31.514,3,-100.737,451.736,0.0,-0.5,1000.0,RETURNING_TO_START,load_zone_22,dump_zone_22,0.00025,0.00067
1741.0,2026-07-02T16:39:34.738,1,753.218,-155.655,19.491,-0.366,0.0,GOING_TO_ENDPOINT,dump_zone_3,load_zone_29,0.00025,0.00067
1741.0,2026-07-02T16:39:34.738,2,593.694,-103.05,17.393,0.4167,0.0,GOING_TO_ENDPOINT,dump_zone_3,load_zone_25,0.000284,0.000761
1741.0,2026-07-02T16:39:34.738,3,-100.737,451.736,0.0,-0.5,1000.0,RETURNING_TO_START,load_zone_22,dump_zone_22,0.00025,0.00067
1742.0,2026-07-02T16:39:37.303,1,752.504,-160.827,18.173,-0.4167,0.0,GOING_TO_ENDPOINT,dump_zone_3,load_zone_29,0.00025,0.00067
1742.0,2026-07-02T16:39:37.303,2,588.472,-102.603,20.355,0.8104,0.0,GOING_TO_ENDPOINT,dump_zone_3,load_zone_25,0.000316,0.000847
1742.0,2026-07-02T16:39:37.303,3,-100.737,451.736,0.0,-0.5,1000.0,RETURNING_TO_START,load_zone_22,dump_zone_22,0.00025,0.00067
1743.0,2026-07-02T16:39:40.480,1,752.489,-165.79,17.642,-0.2757,0.0,GOING_TO_ENDPOINT,dump_zone_3,load_zone_29,0.00025,0.00067
1743.0,2026-07-02T16:39:40.480,2,582.591,-102.493,21.322,-0.1896,0.0,GOING_TO_ENDPOINT,dump_zone_3,load_zone_25,0.00025,0.00067
1743.0,2026-07-02T16:39:40.480,3,-100.737,451.736,0.0,-0.5,1000.0,RETURNING_TO_START,load_zone_22,dump_zone_22,0.00025,0.00067
1744.0,2026-07-02T16:39:43.421,1,752.5,-170.435,15.902,-0.5,0.0,GOING_TO_ENDPOINT,dump_zone_3,load_zone_29,0.00025,0.00067
1744.0,2026-07-02T16:39:43.421,2,576.905,-102.497,19.651,-0.5,0.0,GOING_TO_ENDPOINT,dump_zone_3,load_zone_25,0.00025,0.00067
1744.0,2026-07-02T16:39:43.421,3,-100.737,451.736,0.0,-0.5,1000.0,RETURNING_TO_START,load_zone_22,dump_zone_22,0.00025,0.00067
1745.0,2026-07-02T16:39:45.803,1,752.5,-174.582,14.102,-0.5,0.0,GOING_TO_ENDPOINT,dump_zone_3,load_zone_29,0.00025,0.00067
1745.0,2026-07-02T16:39:45.803,2,571.717,-102.5,17.851,-0.5,0.0,GOING_TO_ENDPOINT,dump_zone_3,load_zone_25,0.00025,0.00067
1745.0,2026-07-02T16:39:45.803,3,-100.737,451.736,0.0,-0.5,1000.0,RETURNING_TO_START,load_zone_22,dump_zone_22,0.00025,0.00067
1746.0,2026-07-02T16:39:48.379,1,752.5,-178.241,12.371,-0.5,0.0,GOING_TO_ENDPOINT,dump_zone_3,load_zone_29,0.00025,0.00067
1746.0,2026-07-02T16:39:48.379,2,567.03,-102.5,16.051,-0.5,0.0,GOING_TO_ENDPOINT,dump_zone_3,load_zone_25,0.00025,0.00067
1746.0,2026-07-02T16:39:48.379,3,-100.737,451.736,0.0,-0.5,1000.0,RETURNING_TO_START,load_zone_22,dump_zone_22,0.00025,0.00067
1747.0,2026-07-02T16:39:50.702,1,752.5,-181.407,10.571,-0.5,0.0,GOING_TO_ENDPOINT,dump_zone_3,load_zone_29,0.00025,0.00067
1747.0,2026-07-02T16:39:50.702,2,562.842,-102.5,14.251,-0.5,0.0,GOING_TO_ENDPOINT,dump_zone_3,load_zone_25,0.00025,0.00067
1747.0,2026-07-02T16:39:50.702,3,-100.737,451.736,0.0,-0.5,1000.0,RETURNING_TO_START,load_zone_22,dump_zone_22,0.00025,0.00067
1748.0,2026-07-02T16:39:53.288,1,752.5,-184.095,8.926,-0.4167,0.0,GOING_TO_ENDPOINT,dump_zone_3,load_zone_29,0.00025,0.00067
1748.0,2026-07-02T16:39:53.288,2,559.154,-102.5,12.451,-0.5,0.0,GOING_TO_ENDPOINT,dump_zone_3,load_zone_25,0.00025,0.00067
1748.0,2026-07-02T16:39:53.288,3,-100.737,451.736,0.0,-0.5,1000.0,RETURNING_TO_START,load_zone_22,dump_zone_22,0.00025,0.00067
1749.0,2026-07-02T16:39:56.404,1,752.5,-186.441,7.858,-0.5,0.0,GOING_TO_ENDPOINT,dump_zone_3,load_zone_29,0.00025,0.00067
1749.0,2026-07-02T16:39:56.404,2,555.966,-102.5,10.651,-0.5,0.0,GOING_TO_ENDPOINT,dump_zone_3,load_zone_25,0.00025,0.00067
1749.0,2026-07-02T16:39:56.404,3,-100.737,451.736,0.0,-0.5,1000.0,RETURNING_TO_START,load_zone_22,dump_zone_22,0.00025,0.00067
1750.0,2026-07-02T16:39:58.910,1,752.5,-188.376,6.158,-0.5,0.0,GOING_TO_ENDPOINT,dump_zone_3,load_zone_29,0.00025,0.00067
1750.0,2026-07-02T16:39:58.910,2,553.278,-102.499,8.851,-0.5,0.0,GOING_TO_ENDPOINT,dump_zone_3,load_zone_25,0.00025,0.00067
1750.0,2026-07-02T16:39:58.910,3,-100.737,451.736,0.0,-0.5,1000.0,RETURNING_TO_START,load_zone_22,dump_zone_22,0.00025,0.00067
1751.0,2026-07-02T16:40:01.796,1,752.492,-189.815,4.358,-0.5,0.0,GOING_TO_ENDPOINT,dump_zone_3,load_zone_29,0.00025,0.00067
1751.0,2026-07-02T16:40:01.796,2,551.096,-102.595,7.051,-0.5,0.0,GOING_TO_ENDPOINT,dump_zone_3,load_zone_25,0.00025,0.00067
1751.0,2026-07-02T16:40:01.796,3,-100.737,451.736,0.0,-0.5,1000.0,RETURNING_TO_START,load_zone_22,dump_zone_22,0.00025,0.00067
1752.0,2026-07-02T16:40:03.999,1,752.691,-190.731,2.558,-0.5,0.0,LOADING,dump_zone_3,load_zone_29,0.00025,0.00067
1752.0,2026-07-02T16:40:03.999,2,549.484,-103.323,6.376,0.25,0.0,GOING_TO_ENDPOINT,dump_zone_3,load_zone_25,0.000259,0.000694
1752.0,2026-07-02T16:40:03.999,3,-100.737,451.736,0.0,-0.5,1000.0,RETURNING_TO_START,load_zone_22,dump_zone_22,0.00025,0.00067
1753.0,2026-07-02T16:40:06.102,1,752.855,-191.139,0.758,-0.5,0.0,LOADING,dump_zone_3,load_zone_29,0.00025,0.00067
1753.0,2026-07-02T16:40:06.102,2,547.955,-104.776,9.076,1.0,0.0,GOING_TO_ENDPOINT,dump_zone_3,load_zone_25,0.000285,0.000764
1753.0,2026-07-02T16:40:06.102,3,-100.737,451.736,0.0,-0.5,1000.0,RETURNING_TO_START,load_zone_22,dump_zone_22,0.00025,0.00067
1754.0,2026-07-02T16:40:07.756,1,752.87,-191.171,0.0,-0.5,0.0,LOADING,dump_zone_3,load_zone_29,0.00025,0.00067
1754.0,2026-07-02T16:40:07.756,2,545.906,-107.053,12.676,1.0,0.0,GOING_TO_ENDPOINT,dump_zone_3,load_zone_25,0.000299,0.000801
1754.0,2026-07-02T16:40:07.756,3,-100.737,451.736,0.0,-0.5,1000.0,RETURNING_TO_START,load_zone_22,dump_zone_22,0.00025,0.00067
1755.0,2026-07-02T16:40:09.237,1,753.316,-191.873,7.2,0.0,1000.0,TURNING_AROUND,load_zone_29,dump_zone_3,0.000258,0.000691
1755.0,2026-07-02T16:40:09.237,2,543.204,-110.086,16.276,1.0,0.0,GOING_TO_ENDPOINT,dump_zone_3,load_zone_25,0.000313,0.000839
1755.0,2026-07-02T16:40:09.237,3,-100.737,451.736,0.0,-0.5,1000.0,RETURNING_TO_START,load_zone_22,dump_zone_22,0.00025,0.00067
1756.0,2026-07-02T16:40:10.243,1,754.892,-193.072,7.2,0.0,1000.0,TURNING_AROUND,load_zone_29,dump_zone_3,0.000258,0.000691
1756.0,2026-07-02T16:40:10.243,2,539.728,-113.768,19.876,1.0,0.0,GOING_TO_ENDPOINT,dump_zone_3,load_zone_25,0.000327,0.000876
1756.0,2026-07-02T16:40:10.243,3,-100.737,451.736,0.0,-0.5,1000.0,RETURNING_TO_START,load_zone_22,dump_zone_22,0.00025,0.00067
1757.0,2026-07-02T16:40:11.436,1,753.976,-192.983,5.4,0.0,1000.0,TURNING_AROUND,load_zone_29,dump_zone_3,0.000256,0.000686
1757.0,2026-07-02T16:40:11.436,2,535.466,-118.08,23.476,1.0,0.0,GOING_TO_ENDPOINT,dump_zone_3,load_zone_25,0.000341,0.000914
1757.0,2026-07-02T16:40:11.436,3,-100.737,451.736,0.0,-0.5,1000.0,RETURNING_TO_START,load_zone_22,dump_zone_22,0.00025,0.00067
1758.0,2026-07-02T16:40:12.874,1,755.322,-192.553,7.2,0.0,1000.0,TURNING_AROUND,load_zone_29,dump_zone_3,0.000258,0.000691
1758.0,2026-07-02T16:40:12.874,2,530.481,-123.056,26.751,0.75,0.0,GOING_TO_ENDPOINT,dump_zone_3,load_zone_25,0.000332,0.00089
1758.0,2026-07-02T16:40:12.874,3,-100.737,451.736,0.0,-0.5,1000.0,RETURNING_TO_START,load_zone_22,dump_zone_22,0.00025,0.00067
1759.0,2026-07-02T16:40:14.244,1,756.263,-191.927,5.4,0.0,1000.0,TURNING_AROUND,load_zone_29,dump_zone_3,0.000256,0.000686
1759.0,2026-07-02T16:40:14.244,2,525.023,-128.512,28.101,-0.0833,0.0,GOING_TO_ENDPOINT,dump_zone_3,load_zone_25,0.00026,0.000697
1759.0,2026-07-02T16:40:14.244,3,-100.737,451.736,0.0,-0.5,1000.0,RETURNING_TO_START,load_zone_22,dump_zone_22,0.00025,0.00067
1760.0,2026-07-02T16:40:15.297,1,755.873,-192.436,7.2,0.0,1000.0,TURNING_AROUND,load_zone_29,dump_zone_3,0.000258,0.000691
1760.0,2026-07-02T16:40:15.297,2,519.65,-133.885,26.551,-0.5,0.0,GOING_TO_ENDPOINT,dump_zone_3,load_zone_25,0.00025,0.00067
1760.0,2026-07-02T16:40:15.297,3,-100.737,451.736,0.0,-0.5,1000.0,RETURNING_TO_START,load_zone_22,dump_zone_22,0.00025,0.00067
1761.0,2026-07-02T16:40:17.188,1,755.873,-192.416,0.375,0.4167,1000.0,RETURNING_TO_START,load_zone_29,dump_zone_3,0.000251,0.000673
1761.0,2026-07-02T16:40:17.188,2,514.627,-138.909,24.751,-0.5,0.0,GOING_TO_ENDPOINT,dump_zone_3,load_zone_25,0.00025,0.00067
1761.0,2026-07-02T16:40:17.188,3,-100.737,451.736,0.0,-0.5,1000.0,RETURNING_TO_START,load_zone_22,dump_zone_22,0.00025,0.00067
1762.0,2026-07-02T16:40:18.248,1,755.835,-191.897,3.45,1.0,1000.0,RETURNING_TO_START,load_zone_29,dump_zone_3,0.000272,0.000729
1762.0,2026-07-02T16:40:18.248,2,509.959,-143.581,22.951,-0.5,0.0,GOING_TO_ENDPOINT,dump_zone_3,load_zone_25,0.00025,0.00067
1762.0,2026-07-02T16:40:18.248,3,-100.737,451.736,0.0,-0.5,1000.0,RETURNING_TO_START,load_zone_22,dump_zone_22,0.00025,0.00067
1763.0,2026-07-02T16:40:19.980,1,755.344,-190.49,7.05,1.0,1000.0,RETURNING_TO_START,load_zone_29,dump_zone_3,0.000295,0.000791
1763.0,2026-07-02T16:40:19.980,2,505.623,-147.878,21.151,-0.5,0.0,GOING_TO_ENDPOINT,dump_zone_3,load_zone_25,0.00025,0.00067
1763.0,2026-07-02T16:40:19.980,3,-100.737,451.736,0.0,-0.5,1000.0,RETURNING_TO_START,load_zone_22,dump_zone_22,0.00025,0.00067
1764.0,2026-07-02T16:40:22.203,1,753.623,-188.695,10.65,1.0,1000.0,RETURNING_TO_START,load_zone_29,dump_zone_3,0.000319,0.000855
1764.0,2026-07-02T16:40:22.203,2,502.229,-152.25,19.726,-0.0833,0.0,GOING_TO_ENDPOINT,dump_zone_3,load_zone_25,0.000257,0.000689
1764.0,2026-07-02T16:40:22.203,3,-100.737,451.736,0.0,-0.5,1000.0,RETURNING_TO_START,load_zone_22,dump_zone_22,0.00025,0.00067
1765.0,2026-07-02T16:40:24.109,1,751.025,-186.351,14.25,1.0,1000.0,RETURNING_TO_START,load_zone_29,dump_zone_3,0.000342,0.000917
1765.0,2026-07-02T16:40:24.109,2,504.775,-156.77,21.376,0.9167,0.0,GOING_TO_ENDPOINT,dump_zone_3,load_zone_25,0.000327,0.000876
1765.0,2026-07-02T16:40:24.109,3,-100.737,451.736,0.0,-0.5,1000.0,RETURNING_TO_START,load_zone_22,dump_zone_22,0.00025,0.00067
1766.0,2026-07-02T16:40:26.362,1,748.501,-182.675,17.85,1.0,1000.0,RETURNING_TO_START,load_zone_29,dump_zone_3,0.000365,0.000978
1766.0,2026-07-02T16:40:26.362,2,511.011,-158.466,24.976,1.0,0.0,GOING_TO_ENDPOINT,dump_zone_3,load_zone_25,0.000347,0.00093
1766.0,2026-07-02T16:40:26.362,3,-100.737,451.736,0.0,-0.5,1000.0,RETURNING_TO_START,load_zone_22,dump_zone_22,0.00025,0.00067
1767.0,2026-07-02T16:40:30.257,1,747.459,-177.469,19.8,0.0833,1000.0,RETURNING_TO_START,load_zone_29,dump_zone_3,0.00028,0.00075
1767.0,2026-07-02T16:40:30.257,2,516.669,-163.031,26.949,0.1216,0.0,GOING_TO_ENDPOINT,dump_zone_3,load_zone_25,0.000278,0.000745
1767.0,2026-07-02T16:40:30.257,3,-100.737,451.736,0.0,-0.5,1000.0,RETURNING_TO_START,load_zone_22,dump_zone_22,0.00025,0.00067
1768.0,2026-07-02T16:40:32.164,1,747.472,-172.115,18.525,-0.5,1000.0,RETURNING_TO_START,load_zone_29,dump_zone_3,0.00025,0.00067
1768.0,2026-07-02T16:40:32.164,2,521.84,-168.305,26.255,-0.0073,0.0,GOING_TO_ENDPOINT,dump_zone_3,load_zone_25,0.000266,0.000713
1768.0,2026-07-02T16:40:32.164,3,-100.737,451.736,0.0,-0.5,1000.0,RETURNING_TO_START,load_zone_22,dump_zone_22,0.00025,0.00067
1769.0,2026-07-02T16:40:34.007,1,747.5,-167.24,16.725,-0.5,1000.0,RETURNING_TO_START,load_zone_29,dump_zone_3,0.00025,0.00067
1769.0,2026-07-02T16:40:34.007,2,527.075,-173.54,26.779,-0.174,0.0,GOING_TO_ENDPOINT,dump_zone_3,load_zone_25,0.000252,0.000675
1769.0,2026-07-02T16:40:34.007,3,-100.737,451.736,0.0,-0.5,1000.0,RETURNING_TO_START,load_zone_22,dump_zone_22,0.00025,0.00067
1770.0,2026-07-02T16:40:35.977,1,747.501,-162.865,14.925,-0.5,1000.0,RETURNING_TO_START,load_zone_29,dump_zone_3,0.00025,0.00067
1770.0,2026-07-02T16:40:35.977,2,532.17,-178.634,25.122,-0.5,0.0,GOING_TO_ENDPOINT,dump_zone_3,load_zone_25,0.00025,0.00067
1770.0,2026-07-02T16:40:35.977,3,-100.737,451.736,0.0,-0.5,1000.0,RETURNING_TO_START,load_zone_22,dump_zone_22,0.00025,0.00067
1771.0,2026-07-02T16:40:37.909,1,747.5,-158.99,13.125,-0.5,1000.0,RETURNING_TO_START,load_zone_29,dump_zone_3,0.00025,0.00067
1771.0,2026-07-02T16:40:37.909,2,536.913,-183.377,23.322,-0.5,0.0,GOING_TO_ENDPOINT,dump_zone_3,load_zone_25,0.00025,0.00067
1771.0,2026-07-02T16:40:37.909,3,-100.737,451.736,0.0,-0.5,1000.0,RETURNING_TO_START,load_zone_22,dump_zone_22,0.00025,0.00067
1772.0,2026-07-02T16:40:39.422,1,747.5,-155.615,11.325,-0.5,1000.0,RETURNING_TO_START,load_zone_29,dump_zone_3,0.00025,0.00067
1772.0,2026-07-02T16:40:39.422,2,541.302,-187.767,21.522,-0.5,0.0,GOING_TO_ENDPOINT,dump_zone_3,load_zone_25,0.00025,0.00067
1772.0,2026-07-02T16:40:39.422,3,-100.737,451.736,0.0,-0.5,1000.0,RETURNING_TO_START,load_zone_22,dump_zone_22,0.00025,0.00067
1773.0,2026-07-02T16:40:41.363,1,747.511,-152.74,9.525,-0.5,1000.0,RETURNING_TO_START,load_zone_29,dump_zone_3,0.00025,0.00067
1773.0,2026-07-02T16:40:41.363,2,545.338,-191.802,19.722,-0.5,0.0,GOING_TO_ENDPOINT,dump_zone_3,load_zone_25,0.00025,0.00067
1773.0,2026-07-02T16:40:41.363,3,-100.737,451.736,0.0,-0.5,1000.0,RETURNING_TO_START,load_zone_22,dump_zone_22,0.00025,0.00067
1774.0,2026-07-02T16:40:42.840,1,747.217,-150.399,7.75,-0.4167,1000.0,RETURNING_TO_START,load_zone_29,dump_zone_3,0.00025,0.00067
1774.0,2026-07-02T16:40:42.840,2,549.02,-195.485,17.922,-0.5,0.0,GOING_TO_ENDPOINT,dump_zone_3,load_zone_25,0.00025,0.00067
1774.0,2026-07-02T16:40:42.840,3,-100.737,451.736,0.0,-0.5,1000.0,RETURNING_TO_START,load_zone_22,dump_zone_22,0.00025,0.00067
1775.0,2026-07-02T16:40:44.733,1,746.01,-148.656,8.2,0.5833,1000.0,RETURNING_TO_START,load_zone_29,dump_zone_3,0.000284,0.000761
1775.0,2026-07-02T16:40:44.733,2,552.58,-198.541,16.122,-0.5,0.0,GOING_TO_ENDPOINT,dump_zone_3,load_zone_25,0.00025,0.00067
1775.0,2026-07-02T16:40:44.733,3,-100.737,451.736,0.0,-0.5,1000.0,RETURNING_TO_START,load_zone_22,dump_zone_22,0.00025,0.00067
1776.0,2026-07-02T16:40:46.002,1,743.974,-146.8,11.55,1.0,1000.0,RETURNING_TO_START,load_zone_29,dump_zone_3,0.000324,0.000868
1776.0,2026-07-02T16:40:46.002,2,556.709,-199.972,15.972,0.4167,0.0,GOING_TO_ENDPOINT,dump_zone_3,load_zone_25,0.000282,0.000756
1776.0,2026-07-02T16:40:46.002,3,-100.737,451.736,0.0,-0.5,1000.0,RETURNING_TO_START,load_zone_22,dump_zone_22,0.00025,0.00067
1777.0,2026-07-02T16:40:47.497,1,741.13,-144.356,15.15,1.0,1000.0,RETURNING_TO_START,load_zone_29,dump_zone_3,0.000348,0.000933
1777.0,2026-07-02T16:40:47.497,2,561.34,-201.42,19.047,1.0,0.0,GOING_TO_ENDPOINT,dump_zone_3,load_zone_25,0.000324,0.000868
1777.0,2026-07-02T16:40:47.497,3,-100.737,451.736,0.0,-0.5,1000.0,RETURNING_TO_START,load_zone_22,dump_zone_22,0.00025,0.00067
1778.0,2026-07-02T16:40:49.372,1,737.635,-141.14,18.75,1.0,1000.0,RETURNING_TO_START,load_zone_29,dump_zone_3,0.000371,0.000994
1778.0,2026-07-02T16:40:49.372,2,566.871,-203.254,22.497,0.75,0.0,GOING_TO_ENDPOINT,dump_zone_3,load_zone_25,0.000319,0.000855
1778.0,2026-07-02T16:40:49.372,3,-100.737,451.736,0.0,-0.5,1000.0,RETURNING_TO_START,load_zone_22,dump_zone_22,0.00025,0.00067
1779.0,2026-07-02T16:40:51.512,1,733.549,-137.094,22.35,1.0,1000.0,RETURNING_TO_START,load_zone_29,dump_zone_3,0.000394,0.001056
1779.0,2026-07-02T16:40:51.512,2,572.958,-205.37,23.247,-0.25,0.0,GOING_TO_ENDPOINT,dump_zone_3,load_zone_25,0.00025,0.00067
1779.0,2026-07-02T16:40:51.512,3,-100.737,451.736,0.0,-0.5,1000.0,RETURNING_TO_START,load_zone_22,dump_zone_22,0.00025,0.00067
1780.0,2026-07-02T16:40:54.175,1,728.898,-132.433,24.3,0.0833,1000.0,RETURNING_TO_START,load_zone_29,dump_zone_3,0.000287,0.000769
1780.0,2026-07-02T16:40:54.175,2,578.797,-207.477,21.522,-0.5,0.0,GOING_TO_ENDPOINT,dump_zone_3,load_zone_25,0.00025,0.00067
1780.0,2026-07-02T16:40:54.175,3,-100.737,451.736,0.0,-0.5,1000.0,RETURNING_TO_START,load_zone_22,dump_zone_22,0.00025,0.00067
1781.0,2026-07-02T16:40:56.128,1,724.228,-127.763,23.025,-0.5,1000.0,RETURNING_TO_START,load_zone_29,dump_zone_3,0.00025,0.00067
1781.0,2026-07-02T16:40:56.128,2,584.135,-209.496,19.722,-0.5,0.0,GOING_TO_ENDPOINT,dump_zone_3,load_zone_25,0.00025,0.00067
1781.0,2026-07-02T16:40:56.128,3,-100.737,451.736,0.0,-0.5,1000.0,RETURNING_TO_START,load_zone_22,dump_zone_22,0.00025,0.00067
1782.0,2026-07-02T16:40:57.526,1,719.897,-123.432,21.225,-0.5,1000.0,RETURNING_TO_START,load_zone_29,dump_zone_3,0.00025,0.00067
1782.0,2026-07-02T16:40:57.526,2,588.963,-211.447,17.922,-0.5,0.0,GOING_TO_ENDPOINT,dump_zone_3,load_zone_25,0.00025,0.00067
1782.0,2026-07-02T16:40:57.526,3,-100.737,451.736,0.0,-0.5,1000.0,RETURNING_TO_START,load_zone_22,dump_zone_22,0.00025,0.00067
1783.0,2026-07-02T16:40:59.277,1,715.919,-119.455,19.425,-0.5,1000.0,RETURNING_TO_START,load_zone_29,dump_zone_3,0.00025,0.00067
1783.0,2026-07-02T16:40:59.277,2,593.271,-213.345,16.122,-0.5,0.0,GOING_TO_ENDPOINT,dump_zone_3,load_zone_25,0.00025,0.00067
1783.0,2026-07-02T16:40:59.277,3,-100.737,451.736,0.0,-0.5,1000.0,RETURNING_TO_START,load_zone_22,dump_zone_22,0.00025,0.00067
1784.0,2026-07-02T16:41:01.177,1,712.295,-115.831,17.625,-0.5,1000.0,RETURNING_TO_START,load_zone_29,dump_zone_3,0.00025,0.00067
1784.0,2026-07-02T16:41:01.177,2,597.035,-215.224,14.322,-0.5,0.0,GOING_TO_ENDPOINT,dump_zone_3,load_zone_25,0.00025,0.00067
1784.0,2026-07-02T16:41:01.177,3,-100.737,451.736,0.0,-0.5,1000.0,RETURNING_TO_START,load_zone_22,dump_zone_22,0.00025,0.00067
1785.0,2026-07-02T16:41:03.150,1,709.025,-112.56,15.825,-0.5,1000.0,RETURNING_TO_START,load_zone_29,dump_zone_3,0.00025,0.00067
1785.0,2026-07-02T16:41:03.150,2,600.211,-217.159,12.622,-0.5,0.0,GOING_TO_ENDPOINT,dump_zone_3,load_zone_25,0.00025,0.00067
1785.0,2026-07-02T16:41:03.150,3,-100.737,451.736,0.0,-0.5,1000.0,RETURNING_TO_START,load_zone_22,dump_zone_22,0.00025,0.00067
1786.0,2026-07-02T16:41:04.981,1,706.108,-109.644,14.025,-0.5,1000.0,RETURNING_TO_START,load_zone_29,dump_zone_3,0.00025,0.00067
1786.0,2026-07-02T16:41:04.981,2,602.698,-219.229,10.972,-0.25,0.0,GOING_TO_ENDPOINT,dump_zone_3,load_zone_25,0.00025,0.00067
1786.0,2026-07-02T16:41:04.981,3,-100.737,451.736,0.0,-0.5,1000.0,RETURNING_TO_START,load_zone_22,dump_zone_22,0.00025,0.00067
1787.0,2026-07-02T16:41:07.182,1,703.545,-107.08,12.225,-0.5,1000.0,RETURNING_TO_START,load_zone_29,dump_zone_3,0.00025,0.00067
1787.0,2026-07-02T16:41:07.182,2,604.521,-221.641,11.149,0.346,0.0,GOING_TO_ENDPOINT,dump_zone_3,load_zone_25,0.00027,0.000724
1787.0,2026-07-02T16:41:07.182,3,-100.737,451.736,0.0,-0.5,1000.0,RETURNING_TO_START,load_zone_22,dump_zone_22,0.00025,0.00067
1788.0,2026-07-02T16:41:08.969,1,701.335,-104.871,10.425,-0.5,1000.0,RETURNING_TO_START,load_zone_29,dump_zone_3,0.00025,0.00067
1788.0,2026-07-02T16:41:08.969,2,605.733,-224.584,11.528,-0.001,0.0,GOING_TO_ENDPOINT,dump_zone_3,load_zone_25,0.000257,0.000689
1788.0,2026-07-02T16:41:08.969,3,-100.737,451.736,0.0,-0.5,1000.0,RETURNING_TO_START,load_zone_22,dump_zone_22,0.00025,0.00067
1789.0,2026-07-02T16:41:11.048,1,699.472,-103.021,8.625,-0.5,1000.0,RETURNING_TO_START,load_zone_29,dump_zone_3,0.00025,0.00067
1789.0,2026-07-02T16:41:11.048,2,605.981,-227.654,10.456,-0.5,0.0,GOING_TO_ENDPOINT,dump_zone_3,load_zone_25,0.00025,0.00067
1789.0,2026-07-02T16:41:11.048,3,-100.737,451.736,0.0,-0.5,1000.0,RETURNING_TO_START,load_zone_22,dump_zone_22,0.00025,0.00067
1790.0,2026-07-02T16:41:13.076,1,697.579,-102.005,7.525,0.0833,1000.0,RETURNING_TO_START,load_zone_29,dump_zone_3,0.000261,0.000699
1790.0,2026-07-02T16:41:13.076,2,605.189,-230.152,8.656,-0.5,0.0,GOING_TO_ENDPOINT,dump_zone_3,load_zone_25,0.00025,0.00067
1790.0,2026-07-02T16:41:13.076,3,-100.737,451.736,0.0,-0.5,1000.0,RETURNING_TO_START,load_zone_22,dump_zone_22,0.00025,0.00067
1791.0,2026-07-02T16:41:14.661,1,695.241,-101.903,9.75,1.0,1000.0,RETURNING_TO_START,load_zone_29,dump_zone_3,0.000313,0.000839
1791.0,2026-07-02T16:41:14.661,2,604.024,-231.939,6.856,-0.5,0.0,GOING_TO_ENDPOINT,dump_zone_3,load_zone_25,0.00025,0.00067
1791.0,2026-07-02T16:41:14.661,3,-100.737,451.736,0.0,-0.5,1000.0,RETURNING_TO_START,load_zone_22,dump_zone_22,0.00025,0.00067
1792.0,2026-07-02T16:41:16.610,1,691.999,-102.13,13.35,1.0,1000.0,RETURNING_TO_START,load_zone_29,dump_zone_3,0.000336,0.0009
1792.0,2026-07-02T16:41:16.610,2,603.192,-233.347,5.084,-0.4603,0.0,GOING_TO_ENDPOINT,dump_zone_3,load_zone_25,0.00025,0.00067
1792.0,2026-07-02T16:41:16.610,3,-100.737,451.736,0.0,-0.5,1000.0,RETURNING_TO_START,load_zone_22,dump_zone_22,0.00025,0.00067
1793.0,2026-07-02T16:41:18.604,1,687.757,-102.386,16.95,1.0,1000.0,RETURNING_TO_START,load_zone_29,dump_zone_3,0.000359,0.000962
1793.0,2026-07-02T16:41:18.604,2,602.652,-234.409,3.957,0.0186,0.0,GOING_TO_ENDPOINT,dump_zone_3,load_zone_25,0.000253,0.000678
1793.0,2026-07-02T16:41:18.604,3,-100.737,451.736,0.0,-0.5,1000.0,RETURNING_TO_START,load_zone_22,dump_zone_22,0.00025,0.00067
1794.0,2026-07-02T16:41:21.203,1,682.509,-102.496,20.55,1.0,1000.0,RETURNING_TO_START,load_zone_29,dump_zone_3,0.000382,0.001024
1794.0,2026-07-02T16:41:21.203,2,602.128,-235.525,4.87,0.2472,0.0,GOING_TO_ENDPOINT,dump_zone_3,load_zone_25,0.000257,0.000689
1794.0,2026-07-02T16:41:21.203,3,-100.737,451.736,0.0,-0.5,1000.0,RETURNING_TO_START,load_zone_22,dump_zone_22,0.00025,0.00067
1795.0,2026-07-02T16:41:24.024,1,676.311,-102.501,23.435,0.4167,1000.0,RETURNING_TO_START,load_zone_29,dump_zone_3,0.000327,0.000876
1795.0,2026-07-02T16:41:24.024,2,601.59,-236.854,5.514,0.2795,0.0,GOING_TO_ENDPOINT,dump_zone_3,load_zone_25,0.000258,0.000691
1795.0,2026-07-02T16:41:24.024,3,-100.737,451.736,0.0,-0.5,1000.0,RETURNING_TO_START,load_zone_22,dump_zone_22,0.00025,0.00067
1796.0,2026-07-02T16:41:25.994,1,669.775,-102.5,23.285,-0.0833,1000.0,RETURNING_TO_START,load_zone_29,dump_zone_3,0.000264,0.000708
1796.0,2026-07-02T16:41:25.994,2,601.266,-238.379,5.186,-0.5,0.0,GOING_TO_ENDPOINT,dump_zone_3,load_zone_25,0.00025,0.00067
1796.0,2026-07-02T16:41:25.994,3,-100.737,451.736,0.0,-0.5,1000.0,RETURNING_TO_START,load_zone_22,dump_zone_22,0.00025,0.00067
1797.0,2026-07-02T16:41:28.492,1,663.293,-102.5,23.593,0.111,1000.0,RETURNING_TO_START,load_zone_29,dump_zone_3,0.000289,0.000775
1797.0,2026-07-02T16:41:28.492,2,601.347,-239.549,3.423,-0.5,0.0,LOADING,dump_zone_3,load_zone_25,0.00025,0.00067
1797.0,2026-07-02T16:41:28.492,3,-100.737,451.736,0.0,-0.5,1000.0,RETURNING_TO_START,load_zone_22,dump_zone_22,0.00025,0.00067
1798.0,2026-07-02T16:41:30.778,1,656.638,-102.5,24.146,-0.062,1000.0,RETURNING_TO_START,load_zone_29,dump_zone_3,0.000267,0.000716
1798.0,2026-07-02T16:41:30.778,2,601.458,-240.219,1.623,-0.5,0.0,LOADING,dump_zone_3,load_zone_25,0.00025,0.00067
1798.0,2026-07-02T16:41:30.778,3,-100.737,451.736,0.0,-0.5,1000.0,RETURNING_TO_START,load_zone_22,dump_zone_22,0.00025,0.00067
1799.0,2026-07-02T16:41:32.665,1,650.106,-102.5,23.022,-0.0833,1000.0,RETURNING_TO_START,load_zone_29,dump_zone_3,0.000264,0.000708
1799.0,2026-07-02T16:41:32.665,2,601.503,-240.398,0.0,-0.5,0.0,LOADING,dump_zone_3,load_zone_25,0.00025,0.00067
1799.0,2026-07-02T16:41:32.665,3,-100.737,451.736,0.0,-0.5,1000.0,RETURNING_TO_START,load_zone_22,dump_zone_22,0.00025,0.00067
1800.0,2026-07-02T16:41:34.322,1,643.701,-102.5,23.041,-0.0346,1000.0,RETURNING_TO_START,load_zone_29,dump_zone_3,0.00027,0.000724
1800.0,2026-07-02T16:41:34.322,2,601.503,-240.398,0.0,-0.5,0.0,LOADING,dump_zone_3,load_zone_25,0.00025,0.00067
1800.0,2026-07-02T16:41:34.322,3,-100.737,451.736,0.0,-0.5,1000.0,RETURNING_TO_START,load_zone_22,dump_zone_22,0.00025,0.00067
