policy,trip_id,sim_time_s,truck_id,current_node,chosen_mine,chosen_dump,actual_mine,actual_dump,est_duration,actual_duration,est_fuel,cargo_kg,queue_factor
GREEDY_NEAREST,3,118.2,1,dump_zone_3,load_zone_22,dump_zone_23,load_zone_26,dump_zone_3,102.4,245.0,0.3318,1000.0,1.0
GREEDY_NEAREST,1,137.5,2,dump_zone_22,load_zone_22,dump_zone_23,load_zone_22,dump_zone_22,102.1,185.9,0.3309,1000.0,1.0
GREEDY_NEAREST,2,166.8,3,dump_zone_23,load_zone_22,dump_zone_23,load_zone_22,dump_zone_23,102.7,211.2,0.3327,1000.0,1.0
GREEDY_NEAREST,4,189.0,2,load_zone_22,load_zone_22,dump_zone_23,load_zone_22,dump_zone_22,102.4,99.4,0.3318,1000.0,1.0
GREEDY_NEAREST,5,215.6,3,load_zone_22,load_zone_22,dump_zone_23,load_zone_22,dump_zone_23,102.4,85.0,0.3318,1000.0,1.0
GREEDY_NEAREST,8,251.7,1,load_zone_26,load_zone_22,dump_zone_23,load_zone_26,dump_zone_3,102.4,227.6,0.3318,1000.0,1.0
GREEDY_NEAREST,6,288.7,2,load_zone_22,load_zone_22,dump_zone_23,load_zone_22,dump_zone_22,102.4,98.8,0.3318,1000.0,1.0
GREEDY_NEAREST,7,300.5,3,load_zone_22,load_zone_22,dump_zone_23,load_zone_22,dump_zone_23,102.4,98.2,0.3318,1000.0,1.0
GREEDY_NEAREST,11,391.0,2,load_zone_22,load_zone_22,dump_zone_23,load_zone_22,dump_zone_22,102.4,300.0,0.3318,1000.0,1.0
GREEDY_NEAREST,9,397.4,3,load_zone_22,load_zone_22,dump_zone_23,load_zone_22,dump_zone_23,102.4,99.4,0.3318,1000.0,1.0
GREEDY_NEAREST,12,480.4,1,load_zone_26,load_zone_23,dump_zone_22,load_zone_26,dump_zone_3,110.4,227.0,0.3584,1000.0,1.0
GREEDY_NEAREST,10,498.4,3,load_zone_22,load_zone_23,dump_zone_22,load_zone_22,dump_zone_23,110.4,128.4,0.3584,1000.0,1.0
GREEDY_NEAREST,13,625.1,3,load_zone_22,load_zone_23,dump_zone_22,load_zone_22,dump_zone_23,110.4,83.6,0.3584,1000.0,1.0
GREEDY_NEAREST,15,687.4,2,load_zone_23,load_zone_23,dump_zone_22,load_zone_23,dump_zone_23,110.4,124.9,0.3584,1000.0,1.0
GREEDY_NEAREST,18,706.4,1,load_zone_26,load_zone_23,dump_zone_22,load_zone_26,dump_zone_3,110.4,232.2,0.3584,1000.0,1.0
GREEDY_NEAREST,14,709.2,3,load_zone_23,load_zone_23,dump_zone_22,load_zone_23,dump_zone_22,110.4,93.5,0.3584,1000.0,1.0
GREEDY_NEAREST,16,802.6,3,load_zone_23,load_zone_23,dump_zone_22,load_zone_23,dump_zone_22,110.4,107.1,0.3584,1000.0,1.0
GREEDY_NEAREST,17,813.8,2,load_zone_23,load_zone_23,dump_zone_22,load_zone_23,dump_zone_23,110.4,112.5,0.3584,1000.0,1.0
GREEDY_NEAREST,19,913.8,3,load_zone_23,load_zone_23,dump_zone_22,load_zone_23,dump_zone_22,110.4,113.3,0.3584,1000.0,1.0
GREEDY_NEAREST,20,926.4,2,load_zone_23,load_zone_23,dump_zone_22,load_zone_23,dump_zone_23,110.4,104.1,0.3584,1000.0,1.0
GREEDY_NEAREST,23,938.1,1,load_zone_26,load_zone_1,dump_zone_2,load_zone_26,dump_zone_3,183.0,229.8,0.5877,1000.0,1.0
GREEDY_NEAREST,22,1022.9,3,load_zone_23,load_zone_1,dump_zone_2,load_zone_23,dump_zone_22,183.0,100.9,0.5877,1000.0,1.0
GREEDY_NEAREST,21,1030.2,2,load_zone_23,load_zone_1,dump_zone_2,load_zone_23,dump_zone_23,183.0,95.0,0.5877,1000.0,1.0
GREEDY_NEAREST,25,1124.2,3,load_zone_23,load_zone_1,dump_zone_2,load_zone_23,dump_zone_23,183.0,108.4,0.5877,1000.0,1.0
GREEDY_NEAREST,24,1126.1,2,load_zone_23,load_zone_1,dump_zone_2,load_zone_23,dump_zone_22,183.0,103.8,0.5877,1000.0,1.0
GREEDY_NEAREST,26,1168.3,1,load_zone_26,load_zone_1,dump_zone_2,load_zone_26,dump_zone_3,183.0,230.7,0.5877,1000.0,1.0
GREEDY_NEAREST,27,1228.3,2,load_zone_1,load_zone_1,dump_zone_2,load_zone_1,dump_zone_1,183.0,200.3,0.5877,1000.0,1.0
GREEDY_NEAREST,28,1233.8,3,load_zone_2,load_zone_1,dump_zone_2,load_zone_2,dump_zone_2,183.0,201.5,0.5877,1000.0,1.0
GREEDY_NEAREST,31,1398.9,1,load_zone_26,load_zone_1,dump_zone_2,load_zone_26,dump_zone_3,183.0,229.5,0.5877,1000.0,1.0
GREEDY_NEAREST,30,1429.1,2,load_zone_1,load_zone_1,dump_zone_2,load_zone_1,dump_zone_1,183.0,193.2,0.5877,1000.0,1.0
GREEDY_NEAREST,29,1437.5,3,load_zone_1,load_zone_26,load_zone_29,load_zone_1,dump_zone_2,197.4,175.0,0.6311,1000.0,1.0
GREEDY_NEAREST,33,1836.6,3,dump_zone_2,load_zone_2,dump_zone_2,load_zone_26,dump_zone_3,208.4,235.6,0.6764,1000.0,1.0
GREEDY_NEAREST,34,1847.3,1,dump_zone_3,load_zone_26,load_zone_29,load_zone_26,dump_zone_3,197.0,245.7,0.6298,1000.0,1.0
GREEDY_NEAREST,32,1891.4,2,dump_zone_1,load_zone_26,load_zone_29,load_zone_22,dump_zone_22,197.4,224.2,0.6311,1000.0,1.0
GREEDY_NEAREST,35,1973.3,3,load_zone_26,load_zone_26,load_zone_29,load_zone_26,dump_zone_3,197.4,231.8,0.6311,1000.0,1.0
GREEDY_NEAREST,36,1982.7,1,load_zone_26,load_zone_26,load_zone_29,load_zone_26,dump_zone_3,197.4,231.2,0.6311,1000.0,1.0
GREEDY_NEAREST,38,2719.8,2,dump_zone_22,load_zone_26,load_zone_29,load_zone_26,dump_zone_3,197.4,239.4,0.6311,1000.0,1.0
GREEDY_NEAREST,37,2750.3,1,dump_zone_3,load_zone_26,load_zone_29,load_zone_22,dump_zone_22,197.0,216.2,0.6298,1000.0,1.0
GREEDY_NEAREST,39,2823.4,3,dump_zone_3,load_zone_26,load_zone_29,load_zone_22,dump_zone_22,197.0,262.6,0.6298,1000.0,1.0
GREEDY_NEAREST,40,3150.8,3,dump_zone_22,load_zone_26,load_zone_29,load_zone_26,dump_zone_3,197.4,368.8,0.6311,1000.0,1.0
GREEDY_NEAREST,41,3213.6,2,dump_zone_3,load_zone_26,load_zone_29,load_zone_26,dump_zone_3,197.0,426.1,0.6298,1000.0,1.0
GREEDY_NEAREST,42,3334.3,3,load_zone_26,load_zone_2,dump_zone_2,load_zone_26,dump_zone_3,208.4,312.6,0.6764,1000.0,1.0
GREEDY_NEAREST,43,3391.5,2,load_zone_26,load_zone_2,dump_zone_2,load_zone_26,dump_zone_3,208.4,320.1,0.6764,1000.0,1.0
GREEDY_NEAREST,44,3646.9,3,load_zone_26,load_zone_2,dump_zone_2,load_zone_26,dump_zone_3,208.4,315.8,0.6764,1000.0,1.0
GREEDY_NEAREST,45,3711.6,2,load_zone_26,load_zone_2,dump_zone_2,load_zone_26,dump_zone_3,208.4,360.3,0.6764,1000.0,1.0
GREEDY_NEAREST,46,3962.7,3,load_zone_26,load_zone_2,dump_zone_2,load_zone_26,dump_zone_3,208.4,322.4,0.6764,1000.0,1.0
GREEDY_NEAREST,47,4071.9,2,load_zone_26,load_zone_2,dump_zone_2,load_zone_26,dump_zone_3,208.4,307.2,0.6764,1000.0,1.0
GREEDY_NEAREST,48,4285.0,3,load_zone_26,load_zone_2,dump_zone_2,load_zone_26,dump_zone_3,208.4,317.0,0.6764,1000.0,1.0
GREEDY_NEAREST,49,4379.1,2,load_zone_26,load_zone_2,dump_zone_2,load_zone_26,dump_zone_3,208.4,322.0,0.6764,1000.0,1.0
GREEDY_NEAREST,50,4601.9,3,load_zone_29,load_zone_2,dump_zone_2,load_zone_29,dump_zone_3,208.4,343.2,0.6764,1000.0,1.0
GREEDY_NEAREST,51,4701.0,2,load_zone_25,load_zone_27,dump_zone_3,load_zone_25,dump_zone_3,319.6,387.6,1.0295,1000.0,1.0
GREEDY_NEAREST,52,4945.2,3,load_zone_29,load_zone_27,dump_zone_3,load_zone_29,dump_zone_3,319.6,345.5,1.0295,1000.0,1.0
GREEDY_NEAREST,53,5088.6,2,load_zone_25,load_zone_27,dump_zone_3,load_zone_25,dump_zone_3,319.6,382.9,1.0295,1000.0,1.0
GREEDY_NEAREST,54,5290.6,3,load_zone_29,load_zone_27,dump_zone_3,load_zone_29,dump_zone_3,319.6,343.2,1.0295,1000.0,1.0
GREEDY_NEAREST,55,5471.5,2,load_zone_25,load_zone_27,dump_zone_3,load_zone_25,dump_zone_3,319.6,379.2,1.0295,1000.0,1.0
GREEDY_NEAREST,56,5634.1,3,load_zone_29,load_zone_27,dump_zone_3,load_zone_29,dump_zone_3,319.6,358.3,1.0295,1000.0,1.0
GREEDY_NEAREST,57,5851.0,2,load_zone_25,load_zone_27,dump_zone_3,load_zone_25,dump_zone_3,319.6,388.9,1.0295,1000.0,1.0
GREEDY_NEAREST,58,5992.3,3,load_zone_29,load_zone_27,dump_zone_3,load_zone_29,dump_zone_3,319.6,343.3,1.0295,1000.0,1.0
GREEDY_NEAREST,59,6239.6,2,load_zone_25,load_zone_27,dump_zone_3,load_zone_25,dump_zone_3,319.6,399.1,1.0295,1000.0,1.0
GREEDY_NEAREST,60,6335.9,3,load_zone_29,load_zone_27,dump_zone_3,load_zone_29,dump_zone_3,319.6,333.9,1.0295,1000.0,1.0
GREEDY_NEAREST,65,6638.8,2,load_zone_25,load_zone_24,dump_zone_3,load_zone_25,dump_zone_3,320.2,1689.2,1.0265,1000.0,1.0
GREEDY_NEAREST,61,6664.3,3,load_zone_29,load_zone_24,dump_zone_3,load_zone_29,dump_zone_3,320.2,329.4,1.0265,1000.0,1.0
GREEDY_NEAREST,62,6998.7,3,load_zone_29,load_zone_24,dump_zone_3,load_zone_29,dump_zone_3,320.2,317.2,1.0265,1000.0,1.0
GREEDY_NEAREST,63,7316.1,3,load_zone_29,load_zone_24,dump_zone_3,load_zone_29,dump_zone_3,320.2,316.2,1.0265,1000.0,1.0
GREEDY_NEAREST,64,7632.3,3,load_zone_29,load_zone_24,dump_zone_3,load_zone_29,dump_zone_3,320.2,323.3,1.0265,1000.0,1.0
GREEDY_NEAREST,67,7955.6,3,load_zone_24,load_zone_24,dump_zone_3,load_zone_24,dump_zone_3,320.2,1054.0,1.0265,1000.0,1.0
GREEDY_NEAREST,66,8327.9,2,load_zone_25,load_zone_24,dump_zone_3,load_zone_25,dump_zone_3,320.2,375.1,1.0265,1000.0,1.0
GREEDY_NEAREST,69,8703.0,2,load_zone_25,load_zone_24,dump_zone_3,load_zone_25,dump_zone_3,320.2,671.1,1.0265,1000.0,1.0
GREEDY_NEAREST,68,9009.4,3,load_zone_24,load_zone_24,dump_zone_3,load_zone_24,dump_zone_3,320.2,319.1,1.0265,1000.0,1.0
GREEDY_NEAREST,70,9329.0,3,load_zone_24,load_zone_24,dump_zone_3,load_zone_24,dump_zone_3,320.2,326.9,1.0265,1000.0,1.0
GREEDY_NEAREST,71,9374.1,2,load_zone_25,load_zone_29,dump_zone_3,load_zone_25,dump_zone_3,333.9,392.1,1.0749,1000.0,1.0
GREEDY_NEAREST,72,9655.7,3,load_zone_24,load_zone_29,dump_zone_3,load_zone_24,dump_zone_3,333.9,318.7,1.0749,1000.0,1.0
GREEDY_NEAREST,73,9766.5,2,load_zone_25,load_zone_29,dump_zone_3,load_zone_25,dump_zone_3,333.9,380.4,1.0749,1000.0,1.0
GREEDY_NEAREST,74,9974.6,3,load_zone_24,load_zone_29,dump_zone_3,load_zone_24,dump_zone_3,333.9,311.2,1.0749,1000.0,1.0
GREEDY_NEAREST,75,10146.8,2,load_zone_24,load_zone_29,dump_zone_3,load_zone_24,dump_zone_3,333.9,307.4,1.0749,1000.0,1.0
GREEDY_NEAREST,76,10285.4,3,load_zone_24,load_zone_29,dump_zone_3,load_zone_24,dump_zone_3,333.9,320.2,1.0749,1000.0,1.0
GREEDY_NEAREST,77,10454.2,2,load_zone_24,load_zone_29,dump_zone_3,load_zone_24,dump_zone_3,333.9,320.9,1.0749,1000.0,1.0
GREEDY_NEAREST,78,10605.6,3,load_zone_24,load_zone_29,dump_zone_3,load_zone_24,dump_zone_3,333.9,321.1,1.0749,1000.0,1.0
GREEDY_NEAREST,79,10774.9,2,load_zone_24,load_zone_29,dump_zone_3,load_zone_24,dump_zone_3,333.9,326.3,1.0749,1000.0,1.0
GREEDY_NEAREST,80,11101.2,2,load_zone_27,load_zone_29,dump_zone_3,load_zone_27,dump_zone_3,333.9,324.4,1.0749,1000.0,1.0
GREEDY_NEAREST,81,11425.7,2,load_zone_27,load_zone_25,dump_zone_3,load_zone_27,dump_zone_3,382.9,314.7,1.2265,1000.0,1.0
GREEDY_NEAREST,84,62787.6,1,dump_zone_22,load_zone_25,dump_zone_3,load_zone_26,dump_zone_3,382.9,268.4,1.2265,1000.0,1.0
GREEDY_NEAREST,82,62804.9,2,dump_zone_3,load_zone_25,dump_zone_3,load_zone_22,dump_zone_22,382.9,222.2,1.2265,1000.0,1.0
GREEDY_NEAREST,83,62823.4,3,dump_zone_3,load_zone_25,dump_zone_3,load_zone_22,dump_zone_23,382.9,223.0,1.2265,1000.0,1.0
GREEDY_NEAREST,85,62883.2,2,load_zone_22,load_zone_25,dump_zone_3,load_zone_22,dump_zone_23,382.9,131.8,1.2265,1000.0,1.0
GREEDY_NEAREST,86,62884.3,3,load_zone_22,load_zone_25,dump_zone_3,load_zone_22,dump_zone_22,382.9,132.8,1.2265,1000.0,1.0
GREEDY_NEAREST,89,62929.6,1,load_zone_26,load_zone_25,dump_zone_3,load_zone_26,dump_zone_3,382.9,245.2,1.2265,1000.0,1.0
GREEDY_NEAREST,87,63013.1,3,load_zone_22,load_zone_25,dump_zone_3,load_zone_22,dump_zone_23,382.9,110.8,1.2265,1000.0,1.0
GREEDY_NEAREST,88,63013.5,2,load_zone_22,load_zone_25,dump_zone_3,load_zone_22,dump_zone_22,382.9,125.9,1.2265,1000.0,1.0
GREEDY_NEAREST,91,63126.5,3,load_zone_22,load_zone_25,dump_zone_3,load_zone_22,dump_zone_22,382.9,114.9,1.2265,1000.0,1.0
GREEDY_NEAREST,90,63140.6,2,load_zone_22,load_zone_22,dump_zone_23,load_zone_22,dump_zone_23,102.4,99.9,0.3318,1000.0,1.0
GREEDY_NEAREST,94,63440.2,1,dump_zone_3,load_zone_26,load_zone_29,load_zone_26,dump_zone_3,197.0,264.8,0.6298,1000.0,1.0
GREEDY_NEAREST,92,63471.9,3,dump_zone_22,load_zone_22,dump_zone_23,load_zone_22,dump_zone_22,102.1,217.8,0.3309,1000.0,1.0
GREEDY_NEAREST,93,63483.3,2,dump_zone_23,load_zone_22,dump_zone_23,load_zone_22,dump_zone_23,102.7,220.9,0.3327,1000.0,1.0
GREEDY_NEAREST,95,63538.9,3,load_zone_22,load_zone_22,dump_zone_23,load_zone_22,dump_zone_23,102.4,103.0,0.3318,1000.0,1.0
GREEDY_NEAREST,96,63541.8,2,load_zone_22,load_zone_22,dump_zone_23,load_zone_22,dump_zone_22,102.4,111.7,0.3318,1000.0,1.0
GREEDY_NEAREST,97,63585.5,1,load_zone_26,load_zone_26,load_zone_29,load_zone_26,dump_zone_3,197.4,246.0,0.6311,1000.0,1.0
GREEDY_NEAREST,98,63831.6,1,load_zone_26,load_zone_26,load_zone_29,load_zone_26,dump_zone_3,197.4,240.0,0.6311,1000.0,1.0
GREEDY_NEAREST,99,64072.7,1,load_zone_26,load_zone_26,load_zone_29,load_zone_26,dump_zone_3,197.4,241.8,0.6311,1000.0,1.0
GREEDY_NEAREST,100,64314.0,1,load_zone_26,load_zone_26,load_zone_29,load_zone_26,dump_zone_3,197.4,247.2,0.6311,1000.0,1.0
GREEDY_NEAREST,101,64560.4,1,load_zone_26,load_zone_26,load_zone_29,load_zone_26,dump_zone_3,213.2,243.5,0.6816,1000.0,1.08
GREEDY_NEAREST,102,64804.5,1,load_zone_26,load_zone_26,load_zone_29,load_zone_26,dump_zone_3,197.4,243.6,0.6311,1000.0,1.0
GREEDY_NEAREST,104,65209.7,3,dump_zone_23,load_zone_22,dump_zone_23,load_zone_22,dump_zone_22,110.9,110.7,0.3594,1000.0,1.08
GREEDY_NEAREST,103,65225.7,1,dump_zone_3,load_zone_22,dump_zone_23,load_zone_22,dump_zone_23,110.6,104.3,0.3583,1000.0,1.08
GREEDY_NEAREST,106,65285.1,1,load_zone_22,load_zone_22,dump_zone_23,load_zone_22,dump_zone_22,102.4,116.8,0.3318,1000.0,1.0
GREEDY_NEAREST,105,65287.7,3,load_zone_22,load_zone_22,dump_zone_23,load_zone_22,dump_zone_23,102.4,103.5,0.3318,1000.0,1.0
GREEDY_NEAREST,107,65305.2,2,dump_zone_22,load_zone_26,load_zone_29,load_zone_26,dump_zone_3,197.4,265.8,0.6311,1000.0,1.0
GREEDY_NEAREST,108,65393.2,3,load_zone_22,load_zone_22,dump_zone_23,load_zone_22,dump_zone_22,102.4,103.3,0.3318,1000.0,1.0
GREEDY_NEAREST,109,65398.2,1,load_zone_22,load_zone_22,dump_zone_23,load_zone_22,dump_zone_23,102.4,99.0,0.3318,1000.0,1.0
GREEDY_NEAREST,112,65447.4,2,load_zone_26,load_zone_26,load_zone_29,load_zone_26,dump_zone_3,197.4,244.7,0.6311,1000.0,1.0
GREEDY_NEAREST,111,65498.4,3,load_zone_22,load_zone_22,dump_zone_23,load_zone_22,dump_zone_22,102.4,119.6,0.3318,1000.0,1.0
GREEDY_NEAREST,110,65500.4,1,load_zone_22,load_zone_22,dump_zone_23,load_zone_22,dump_zone_23,102.4,110.6,0.3318,1000.0,1.0
GREEDY_NEAREST,113,65608.5,1,load_zone_22,load_zone_22,dump_zone_23,load_zone_22,dump_zone_22,102.4,102.6,0.3318,1000.0,1.0
GREEDY_NEAREST,114,65614.4,3,load_zone_22,load_zone_22,dump_zone_23,load_zone_22,dump_zone_23,102.4,97.5,0.3318,1000.0,1.0
GREEDY_NEAREST,117,65691.8,2,load_zone_26,load_zone_26,load_zone_29,load_zone_26,dump_zone_3,197.4,244.2,0.6311,1000.0,1.0
GREEDY_NEAREST,116,65714.0,1,load_zone_23,load_zone_23,dump_zone_22,load_zone_23,dump_zone_23,110.4,117.6,0.3584,1000.0,1.0
GREEDY_NEAREST,115,65715.8,3,load_zone_23,load_zone_23,dump_zone_22,load_zone_23,dump_zone_22,110.4,114.0,0.3584,1000.0,1.0
GREEDY_NEAREST,118,65829.5,3,load_zone_23,load_zone_23,dump_zone_22,load_zone_23,dump_zone_23,110.4,117.4,0.3584,1000.0,1.0
GREEDY_NEAREST,119,65829.7,1,load_zone_23,load_zone_23,dump_zone_22,load_zone_23,dump_zone_22,110.4,119.3,0.3584,1000.0,1.0
GREEDY_NEAREST,124,65936.4,2,load_zone_26,load_zone_26,load_zone_29,load_zone_26,dump_zone_3,197.4,248.2,0.6311,1000.0,1.0
GREEDY_NEAREST,121,65946.1,3,load_zone_23,load_zone_23,dump_zone_22,load_zone_23,dump_zone_23,110.4,117.0,0.3584,1000.0,1.0
GREEDY_NEAREST,120,65947.4,1,load_zone_23,load_zone_23,dump_zone_22,load_zone_23,dump_zone_22,110.4,110.4,0.3584,1000.0,1.0
GREEDY_NEAREST,122,66057.2,1,load_zone_23,load_zone_23,dump_zone_22,load_zone_23,dump_zone_22,110.4,109.8,0.3584,1000.0,1.0
GREEDY_NEAREST,123,66060.9,3,load_zone_23,load_zone_23,dump_zone_22,load_zone_23,dump_zone_23,110.4,116.3,0.3584,1000.0,1.0
GREEDY_NEAREST,125,66171.4,1,load_zone_23,load_zone_23,dump_zone_22,load_zone_23,dump_zone_22,110.4,122.2,0.3584,1000.0,1.0
GREEDY_NEAREST,126,66180.3,3,load_zone_23,load_zone_23,dump_zone_22,load_zone_23,dump_zone_23,110.4,114.2,0.3584,1000.0,1.0
GREEDY_NEAREST,127,66183.3,2,load_zone_26,load_zone_26,load_zone_29,load_zone_26,dump_zone_3,197.4,235.9,0.6311,1000.0,1.0
GREEDY_NEAREST,133,66289.3,1,load_zone_1,load_zone_1,dump_zone_2,load_zone_1,dump_zone_1,183.0,647.7,0.5877,1000.0,1.0
GREEDY_NEAREST,128,66290.7,3,load_zone_2,load_zone_2,dump_zone_2,load_zone_2,dump_zone_2,208.4,215.3,0.6764,1000.0,1.0
GREEDY_NEAREST,129,66420.4,2,load_zone_26,load_zone_26,load_zone_29,load_zone_26,dump_zone_3,197.4,242.5,0.6311,1000.0,1.0
GREEDY_NEAREST,130,66508.4,3,load_zone_1,load_zone_1,dump_zone_2,load_zone_1,dump_zone_2,183.0,191.0,0.5877,1000.0,1.0
GREEDY_NEAREST,132,66663.1,2,load_zone_26,load_zone_26,load_zone_29,load_zone_26,dump_zone_3,197.4,245.3,0.6311,1000.0,1.0
GREEDY_NEAREST,131,66701.0,3,load_zone_1,load_zone_1,dump_zone_2,load_zone_1,dump_zone_2,183.0,185.1,0.5877,1000.0,1.0
GREEDY_NEAREST,134,66885.3,3,load_zone_1,load_zone_1,dump_zone_2,load_zone_1,dump_zone_1,183.0,193.3,0.5877,1000.0,1.0
GREEDY_NEAREST,136,66907.2,2,load_zone_26,load_zone_26,load_zone_29,load_zone_26,dump_zone_3,197.4,239.2,0.6311,1000.0,1.0
GREEDY_NEAREST,135,66939.0,1,load_zone_1,load_zone_1,dump_zone_2,load_zone_1,dump_zone_2,183.0,176.6,0.5877,1000.0,1.0
GREEDY_NEAREST,137,67077.7,3,load_zone_1,load_zone_1,dump_zone_2,load_zone_1,dump_zone_1,183.0,192.2,0.5877,1000.0,1.0
GREEDY_NEAREST,138,67118.2,1,load_zone_1,load_zone_1,dump_zone_2,load_zone_1,dump_zone_2,183.0,183.5,0.5877,1000.0,1.0
GREEDY_NEAREST,139,67146.5,2,load_zone_26,load_zone_26,load_zone_29,load_zone_26,dump_zone_3,197.4,243.1,0.6311,1000.0,1.0
GREEDY_NEAREST,140,67270.1,3,load_zone_1,load_zone_1,dump_zone_2,load_zone_1,dump_zone_1,183.0,190.9,0.5877,1000.0,1.0
GREEDY_NEAREST,141,67301.3,1,load_zone_1,load_zone_1,dump_zone_2,load_zone_1,dump_zone_2,183.0,182.5,0.5877,1000.0,1.0
GREEDY_NEAREST,144,67757.6,3,dump_zone_1,load_zone_26,load_zone_29,load_zone_26,dump_zone_3,197.4,260.0,0.6311,1000.0,1.0
GREEDY_NEAREST,142,67782.4,2,dump_zone_3,load_zone_22,dump_zone_23,load_zone_22,dump_zone_22,102.4,217.4,0.3318,1000.0,1.0
GREEDY_NEAREST,143,67813.3,1,dump_zone_2,load_zone_22,dump_zone_23,load_zone_22,dump_zone_23,102.4,225.2,0.3318,1000.0,1.0
GREEDY_NEAREST,145,67854.0,2,load_zone_22,load_zone_22,dump_zone_23,load_zone_22,dump_zone_23,102.4,97.8,0.3318,1000.0,1.0
GREEDY_NEAREST,146,67865.7,1,load_zone_22,load_zone_22,dump_zone_23,load_zone_22,dump_zone_22,102.4,120.2,0.3318,1000.0,1.0
GREEDY_NEAREST,149,67901.7,3,load_zone_26,load_zone_26,load_zone_29,load_zone_26,dump_zone_3,197.4,244.3,0.6311,1000.0,1.0
GREEDY_NEAREST,147,67954.0,2,load_zone_22,load_zone_22,dump_zone_23,load_zone_22,dump_zone_22,102.4,115.5,0.3318,1000.0,1.0
GREEDY_NEAREST,148,67982.4,1,load_zone_22,load_zone_22,dump_zone_23,load_zone_22,dump_zone_23,102.4,99.2,0.3318,1000.0,1.0
GREEDY_NEAREST,153,68067.7,2,load_zone_22,load_zone_22,dump_zone_23,load_zone_22,dump_zone_22,102.4,313.1,0.3318,1000.0,1.0
GREEDY_NEAREST,150,68085.2,1,load_zone_22,load_zone_22,dump_zone_23,load_zone_22,dump_zone_23,102.4,102.4,0.3318,1000.0,1.0
GREEDY_NEAREST,154,68145.1,3,load_zone_26,load_zone_26,load_zone_29,load_zone_26,dump_zone_3,197.4,245.1,0.6311,1000.0,1.0
GREEDY_NEAREST,151,68188.3,1,load_zone_22,load_zone_22,dump_zone_23,load_zone_22,dump_zone_23,102.4,97.6,0.3318,1000.0,1.0
GREEDY_NEAREST,152,68284.4,1,load_zone_22,load_zone_22,dump_zone_23,load_zone_22,dump_zone_23,102.4,99.0,0.3318,1000.0,1.0
GREEDY_NEAREST,155,68384.7,2,load_zone_23,load_zone_23,dump_zone_22,load_zone_23,dump_zone_23,110.4,114.9,0.3584,1000.0,1.0
GREEDY_NEAREST,156,68385.0,1,load_zone_23,load_zone_23,dump_zone_22,load_zone_23,dump_zone_22,110.4,129.9,0.3584,1000.0,1.0
GREEDY_NEAREST,157,68390.0,3,load_zone_26,load_zone_26,load_zone_29,load_zone_26,dump_zone_3,197.4,239.8,0.6311,1000.0,1.0
GREEDY_NEAREST,158,68499.5,2,load_zone_23,load_zone_23,dump_zone_22,load_zone_23,dump_zone_23,110.4,140.2,0.3584,1000.0,1.0
GREEDY_NEAREST,159,68510.4,1,load_zone_23,load_zone_23,dump_zone_22,load_zone_23,dump_zone_22,110.4,128.2,0.3584,1000.0,1.0
GREEDY_NEAREST,164,68630.9,3,load_zone_26,load_zone_26,load_zone_29,load_zone_26,dump_zone_3,197.4,244.4,0.6311,1000.0,1.0
GREEDY_NEAREST,161,68637.4,2,load_zone_23,load_zone_23,dump_zone_22,load_zone_23,dump_zone_23,110.4,116.3,0.3584,1000.0,1.0
GREEDY_NEAREST,160,68643.0,1,load_zone_23,load_zone_23,dump_zone_22,load_zone_23,dump_zone_22,110.4,108.7,0.3584,1000.0,1.0
GREEDY_NEAREST,163,68747.5,1,load_zone_23,load_zone_23,dump_zone_22,load_zone_23,dump_zone_22,110.4,119.7,0.3584,1000.0,1.0
GREEDY_NEAREST,162,68755.2,2,load_zone_23,load_zone_23,dump_zone_22,load_zone_23,dump_zone_23,110.4,107.5,0.3584,1000.0,1.0
GREEDY_NEAREST,166,68862.6,2,load_zone_23,load_zone_23,dump_zone_22,load_zone_23,dump_zone_22,110.4,109.2,0.3584,1000.0,1.0
GREEDY_NEAREST,165,68866.9,1,load_zone_23,load_zone_23,dump_zone_22,load_zone_23,dump_zone_23,110.4,95.2,0.3584,1000.0,1.0
GREEDY_NEAREST,167,68875.4,3,load_zone_26,load_zone_26,load_zone_29,load_zone_26,dump_zone_3,197.4,245.8,0.6311,1000.0,1.0
GREEDY_NEAREST,168,69120.4,3,load_zone_26,load_zone_26,load_zone_29,load_zone_26,dump_zone_3,197.4,244.8,0.6311,1000.0,1.0
GREEDY_NEAREST,169,69615.2,3,dump_zone_3,load_zone_22,dump_zone_23,load_zone_22,dump_zone_22,102.4,99.4,0.3318,1000.0,1.0
GREEDY_NEAREST,170,69680.7,1,dump_zone_23,load_zone_26,load_zone_29,load_zone_26,dump_zone_3,197.4,241.1,0.6311,1000.0,1.0
GREEDY_NEAREST,171,69707.1,2,dump_zone_22,load_zone_26,load_zone_29,load_zone_26,dump_zone_3,197.4,270.4,0.6311,1000.0,1.0
GREEDY_NEAREST,172,69821.9,1,load_zone_26,load_zone_26,load_zone_29,load_zone_26,dump_zone_3,197.4,246.2,0.6311,1000.0,1.0
GREEDY_NEAREST,173,69851.0,2,load_zone_26,load_zone_26,load_zone_29,load_zone_26,dump_zone_3,197.4,244.2,0.6311,1000.0,1.0
GREEDY_NEAREST,174,70068.9,1,load_zone_26,load_zone_26,load_zone_29,load_zone_26,dump_zone_3,197.4,245.1,0.6311,1000.0,1.0
GREEDY_NEAREST,175,70095.9,2,load_zone_26,load_zone_26,load_zone_29,load_zone_26,dump_zone_3,197.4,377.2,0.6311,1000.0,1.0
GREEDY_NEAREST,176,70313.0,1,load_zone_26,load_zone_26,load_zone_29,load_zone_26,dump_zone_3,197.4,247.2,0.6311,1000.0,1.0
GREEDY_NEAREST,177,70472.5,2,load_zone_26,load_zone_26,load_zone_29,load_zone_26,dump_zone_3,197.4,242.8,0.6311,1000.0,1.0
GREEDY_NEAREST,178,70560.4,1,load_zone_26,load_zone_26,load_zone_29,load_zone_26,dump_zone_3,197.4,245.5,0.6311,1000.0,1.0
GREEDY_NEAREST,179,70715.3,2,load_zone_26,load_zone_26,load_zone_29,load_zone_26,dump_zone_3,197.4,238.4,0.6311,1000.0,1.0
GREEDY_NEAREST,180,70806.3,1,load_zone_26,load_zone_26,load_zone_29,load_zone_26,load_zone_29,197.4,197.4,0.6311,0.0,1.0
GREEDY_NEAREST,182,70954.8,2,load_zone_25,load_zone_25,dump_zone_3,load_zone_25,dump_zone_3,382.9,296.4,1.2265,1000.0,1.0
GREEDY_NEAREST,181,71003.1,1,load_zone_29,load_zone_29,dump_zone_3,load_zone_29,dump_zone_3,333.9,217.5,1.0749,1000.0,1.0
ETA_MIN,3,118.2,1,dump_zone_3,load_zone_22,dump_zone_23,load_zone_26,dump_zone_3,102.4,245.0,0.3318,1000.0,1.0
ETA_MIN,1,137.5,2,dump_zone_22,load_zone_22,dump_zone_23,load_zone_22,dump_zone_22,102.1,185.9,0.3309,1000.0,1.0
ETA_MIN,2,166.8,3,dump_zone_23,load_zone_22,dump_zone_23,load_zone_22,dump_zone_23,102.7,211.2,0.3327,1000.0,1.0
ETA_MIN,4,189.0,2,load_zone_22,load_zone_22,dump_zone_23,load_zone_22,dump_zone_22,102.4,99.4,0.3318,1000.0,1.0
ETA_MIN,5,215.6,3,load_zone_22,load_zone_22,dump_zone_23,load_zone_22,dump_zone_23,102.4,85.0,0.3318,1000.0,1.0
ETA_MIN,8,251.7,1,load_zone_26,load_zone_22,dump_zone_23,load_zone_26,dump_zone_3,102.4,227.6,0.3318,1000.0,1.0
ETA_MIN,6,288.7,2,load_zone_22,load_zone_22,dump_zone_23,load_zone_22,dump_zone_22,102.4,98.8,0.3318,1000.0,1.0
ETA_MIN,7,300.5,3,load_zone_22,load_zone_22,dump_zone_23,load_zone_22,dump_zone_23,102.4,98.2,0.3318,1000.0,1.0
ETA_MIN,11,391.0,2,load_zone_22,load_zone_22,dump_zone_23,load_zone_22,dump_zone_22,102.4,300.0,0.3318,1000.0,1.0
ETA_MIN,9,397.4,3,load_zone_22,load_zone_22,dump_zone_23,load_zone_22,dump_zone_23,102.4,99.4,0.3318,1000.0,1.0
ETA_MIN,12,480.4,1,load_zone_26,load_zone_23,dump_zone_22,load_zone_26,dump_zone_3,110.4,227.0,0.3584,1000.0,1.0
ETA_MIN,10,498.4,3,load_zone_22,load_zone_23,dump_zone_22,load_zone_22,dump_zone_23,110.4,128.4,0.3584,1000.0,1.0
ETA_MIN,13,625.1,3,load_zone_22,load_zone_23,dump_zone_22,load_zone_22,dump_zone_23,110.4,83.6,0.3584,1000.0,1.0
ETA_MIN,15,687.4,2,load_zone_23,load_zone_23,dump_zone_22,load_zone_23,dump_zone_23,110.4,124.9,0.3584,1000.0,1.0
ETA_MIN,18,706.4,1,load_zone_26,load_zone_23,dump_zone_22,load_zone_26,dump_zone_3,110.4,232.2,0.3584,1000.0,1.0
ETA_MIN,14,709.2,3,load_zone_23,load_zone_23,dump_zone_22,load_zone_23,dump_zone_22,110.4,93.5,0.3584,1000.0,1.0
ETA_MIN,16,802.6,3,load_zone_23,load_zone_23,dump_zone_22,load_zone_23,dump_zone_22,110.4,107.1,0.3584,1000.0,1.0
ETA_MIN,17,813.8,2,load_zone_23,load_zone_23,dump_zone_22,load_zone_23,dump_zone_23,110.4,112.5,0.3584,1000.0,1.0
ETA_MIN,19,913.8,3,load_zone_23,load_zone_23,dump_zone_22,load_zone_23,dump_zone_22,110.4,113.3,0.3584,1000.0,1.0
ETA_MIN,20,926.4,2,load_zone_23,load_zone_23,dump_zone_22,load_zone_23,dump_zone_23,110.4,104.1,0.3584,1000.0,1.0
ETA_MIN,23,938.1,1,load_zone_26,load_zone_1,dump_zone_2,load_zone_26,dump_zone_3,183.0,229.8,0.5877,1000.0,1.0
ETA_MIN,22,1022.9,3,load_zone_23,load_zone_1,dump_zone_2,load_zone_23,dump_zone_22,183.0,100.9,0.5877,1000.0,1.0
ETA_MIN,21,1030.2,2,load_zone_23,load_zone_1,dump_zone_2,load_zone_23,dump_zone_23,183.0,95.0,0.5877,1000.0,1.0
ETA_MIN,25,1124.2,3,load_zone_23,load_zone_1,dump_zone_2,load_zone_23,dump_zone_23,183.0,108.4,0.5877,1000.0,1.0
ETA_MIN,24,1126.1,2,load_zone_23,load_zone_1,dump_zone_2,load_zone_23,dump_zone_22,183.0,103.8,0.5877,1000.0,1.0
ETA_MIN,26,1168.3,1,load_zone_26,load_zone_1,dump_zone_2,load_zone_26,dump_zone_3,183.0,230.7,0.5877,1000.0,1.0
ETA_MIN,27,1228.3,2,load_zone_1,load_zone_1,dump_zone_2,load_zone_1,dump_zone_1,183.0,200.3,0.5877,1000.0,1.0
ETA_MIN,28,1233.8,3,load_zone_2,load_zone_1,dump_zone_2,load_zone_2,dump_zone_2,183.0,201.5,0.5877,1000.0,1.0
ETA_MIN,31,1398.9,1,load_zone_26,load_zone_1,dump_zone_2,load_zone_26,dump_zone_3,183.0,229.5,0.5877,1000.0,1.0
ETA_MIN,30,1429.1,2,load_zone_1,load_zone_1,dump_zone_2,load_zone_1,dump_zone_1,183.0,193.2,0.5877,1000.0,1.0
ETA_MIN,29,1437.5,3,load_zone_1,load_zone_26,load_zone_29,load_zone_1,dump_zone_2,197.4,175.0,0.6311,1000.0,1.0
ETA_MIN,33,1836.6,3,dump_zone_2,load_zone_26,load_zone_29,load_zone_26,dump_zone_3,197.4,235.6,0.6311,1000.0,1.0
ETA_MIN,34,1847.3,1,dump_zone_3,load_zone_26,load_zone_29,load_zone_26,dump_zone_3,197.0,245.7,0.6298,1000.0,1.0
ETA_MIN,32,1891.4,2,dump_zone_1,load_zone_26,load_zone_29,load_zone_22,dump_zone_22,197.4,224.2,0.6311,1000.0,1.0
ETA_MIN,35,1973.3,3,load_zone_26,load_zone_26,load_zone_29,load_zone_26,dump_zone_3,197.4,231.8,0.6311,1000.0,1.0
ETA_MIN,36,1982.7,1,load_zone_26,load_zone_26,load_zone_29,load_zone_26,dump_zone_3,197.4,231.2,0.6311,1000.0,1.0
ETA_MIN,38,2719.8,2,dump_zone_22,load_zone_26,load_zone_29,load_zone_26,dump_zone_3,197.4,239.4,0.6311,1000.0,1.0
ETA_MIN,37,2750.3,1,dump_zone_3,load_zone_26,load_zone_29,load_zone_22,dump_zone_22,197.0,216.2,0.6298,1000.0,1.0
ETA_MIN,39,2823.4,3,dump_zone_3,load_zone_26,load_zone_29,load_zone_22,dump_zone_22,197.0,262.6,0.6298,1000.0,1.0
ETA_MIN,40,3150.8,3,dump_zone_22,load_zone_26,load_zone_29,load_zone_26,dump_zone_3,197.4,368.8,0.6311,1000.0,1.0
ETA_MIN,41,3213.6,2,dump_zone_3,load_zone_2,dump_zone_2,load_zone_26,dump_zone_3,208.4,426.1,0.6764,1000.0,1.0
ETA_MIN,42,3334.3,3,load_zone_26,load_zone_2,dump_zone_2,load_zone_26,dump_zone_3,208.4,312.6,0.6764,1000.0,1.0
ETA_MIN,43,3391.5,2,load_zone_26,load_zone_2,dump_zone_2,load_zone_26,dump_zone_3,208.4,320.1,0.6764,1000.0,1.0
ETA_MIN,44,3646.9,3,load_zone_26,load_zone_2,dump_zone_2,load_zone_26,dump_zone_3,208.4,315.8,0.6764,1000.0,1.0
ETA_MIN,45,3711.6,2,load_zone_26,load_zone_2,dump_zone_2,load_zone_26,dump_zone_3,208.4,360.3,0.6764,1000.0,1.0
ETA_MIN,46,3962.7,3,load_zone_26,load_zone_2,dump_zone_2,load_zone_26,dump_zone_3,208.4,322.4,0.6764,1000.0,1.0
ETA_MIN,47,4071.9,2,load_zone_26,load_zone_2,dump_zone_2,load_zone_26,dump_zone_3,208.4,307.2,0.6764,1000.0,1.0
ETA_MIN,48,4285.0,3,load_zone_26,load_zone_2,dump_zone_2,load_zone_26,dump_zone_3,208.4,317.0,0.6764,1000.0,1.0
ETA_MIN,49,4379.1,2,load_zone_26,load_zone_2,dump_zone_2,load_zone_26,dump_zone_3,208.4,322.0,0.6764,1000.0,1.0
ETA_MIN,50,4601.9,3,load_zone_29,load_zone_2,dump_zone_2,load_zone_29,dump_zone_3,208.4,343.2,0.6764,1000.0,1.0
ETA_MIN,51,4701.0,2,load_zone_25,load_zone_27,dump_zone_3,load_zone_25,dump_zone_3,319.6,387.6,1.0295,1000.0,1.0
ETA_MIN,52,4945.2,3,load_zone_29,load_zone_27,dump_zone_3,load_zone_29,dump_zone_3,319.6,345.5,1.0295,1000.0,1.0
ETA_MIN,53,5088.6,2,load_zone_25,load_zone_27,dump_zone_3,load_zone_25,dump_zone_3,319.6,382.9,1.0295,1000.0,1.0
ETA_MIN,54,5290.6,3,load_zone_29,load_zone_27,dump_zone_3,load_zone_29,dump_zone_3,319.6,343.2,1.0295,1000.0,1.0
ETA_MIN,55,5471.5,2,load_zone_25,load_zone_27,dump_zone_3,load_zone_25,dump_zone_3,319.6,379.2,1.0295,1000.0,1.0
ETA_MIN,56,5634.1,3,load_zone_29,load_zone_27,dump_zone_3,load_zone_29,dump_zone_3,319.6,358.3,1.0295,1000.0,1.0
ETA_MIN,57,5851.0,2,load_zone_25,load_zone_27,dump_zone_3,load_zone_25,dump_zone_3,319.6,388.9,1.0295,1000.0,1.0
ETA_MIN,58,5992.3,3,load_zone_29,load_zone_27,dump_zone_3,load_zone_29,dump_zone_3,319.6,343.3,1.0295,1000.0,1.0
ETA_MIN,59,6239.6,2,load_zone_25,load_zone_27,dump_zone_3,load_zone_25,dump_zone_3,319.6,399.1,1.0295,1000.0,1.0
ETA_MIN,60,6335.9,3,load_zone_29,load_zone_27,dump_zone_3,load_zone_29,dump_zone_3,319.6,333.9,1.0295,1000.0,1.0
ETA_MIN,65,6638.8,2,load_zone_25,load_zone_24,dump_zone_3,load_zone_25,dump_zone_3,320.2,1689.2,1.0265,1000.0,1.0
ETA_MIN,61,6664.3,3,load_zone_29,load_zone_24,dump_zone_3,load_zone_29,dump_zone_3,320.2,329.4,1.0265,1000.0,1.0
ETA_MIN,62,6998.7,3,load_zone_29,load_zone_24,dump_zone_3,load_zone_29,dump_zone_3,320.2,317.2,1.0265,1000.0,1.0
ETA_MIN,63,7316.1,3,load_zone_29,load_zone_24,dump_zone_3,load_zone_29,dump_zone_3,320.2,316.2,1.0265,1000.0,1.0
ETA_MIN,64,7632.3,3,load_zone_29,load_zone_24,dump_zone_3,load_zone_29,dump_zone_3,320.2,323.3,1.0265,1000.0,1.0
ETA_MIN,67,7955.6,3,load_zone_24,load_zone_24,dump_zone_3,load_zone_24,dump_zone_3,320.2,1054.0,1.0265,1000.0,1.0
ETA_MIN,66,8327.9,2,load_zone_25,load_zone_24,dump_zone_3,load_zone_25,dump_zone_3,320.2,375.1,1.0265,1000.0,1.0
ETA_MIN,69,8703.0,2,load_zone_25,load_zone_24,dump_zone_3,load_zone_25,dump_zone_3,320.2,671.1,1.0265,1000.0,1.0
ETA_MIN,68,9009.4,3,load_zone_24,load_zone_24,dump_zone_3,load_zone_24,dump_zone_3,320.2,319.1,1.0265,1000.0,1.0
ETA_MIN,70,9329.0,3,load_zone_24,load_zone_24,dump_zone_3,load_zone_24,dump_zone_3,320.2,326.9,1.0265,1000.0,1.0
ETA_MIN,71,9374.1,2,load_zone_25,load_zone_29,dump_zone_3,load_zone_25,dump_zone_3,333.9,392.1,1.0749,1000.0,1.0
ETA_MIN,72,9655.7,3,load_zone_24,load_zone_29,dump_zone_3,load_zone_24,dump_zone_3,333.9,318.7,1.0749,1000.0,1.0
ETA_MIN,73,9766.5,2,load_zone_25,load_zone_29,dump_zone_3,load_zone_25,dump_zone_3,333.9,380.4,1.0749,1000.0,1.0
ETA_MIN,74,9974.6,3,load_zone_24,load_zone_29,dump_zone_3,load_zone_24,dump_zone_3,333.9,311.2,1.0749,1000.0,1.0
ETA_MIN,75,10146.8,2,load_zone_24,load_zone_29,dump_zone_3,load_zone_24,dump_zone_3,333.9,307.4,1.0749,1000.0,1.0
ETA_MIN,76,10285.4,3,load_zone_24,load_zone_29,dump_zone_3,load_zone_24,dump_zone_3,333.9,320.2,1.0749,1000.0,1.0
ETA_MIN,77,10454.2,2,load_zone_24,load_zone_29,dump_zone_3,load_zone_24,dump_zone_3,333.9,320.9,1.0749,1000.0,1.0
ETA_MIN,78,10605.6,3,load_zone_24,load_zone_29,dump_zone_3,load_zone_24,dump_zone_3,333.9,321.1,1.0749,1000.0,1.0
ETA_MIN,79,10774.9,2,load_zone_24,load_zone_29,dump_zone_3,load_zone_24,dump_zone_3,333.9,326.3,1.0749,1000.0,1.0
ETA_MIN,80,11101.2,2,load_zone_27,load_zone_29,dump_zone_3,load_zone_27,dump_zone_3,333.9,324.4,1.0749,1000.0,1.0
ETA_MIN,81,11425.7,2,load_zone_27,load_zone_25,dump_zone_3,load_zone_27,dump_zone_3,382.9,314.7,1.2265,1000.0,1.0
ETA_MIN,84,62787.6,1,dump_zone_22,load_zone_25,dump_zone_3,load_zone_26,dump_zone_3,382.9,268.4,1.2265,1000.0,1.0
ETA_MIN,82,62804.9,2,dump_zone_3,load_zone_25,dump_zone_3,load_zone_22,dump_zone_22,382.9,222.2,1.2265,1000.0,1.0
ETA_MIN,83,62823.4,3,dump_zone_3,load_zone_25,dump_zone_3,load_zone_22,dump_zone_23,382.9,223.0,1.2265,1000.0,1.0
ETA_MIN,85,62883.2,2,load_zone_22,load_zone_25,dump_zone_3,load_zone_22,dump_zone_23,382.9,131.8,1.2265,1000.0,1.0
ETA_MIN,86,62884.3,3,load_zone_22,load_zone_25,dump_zone_3,load_zone_22,dump_zone_22,382.9,132.8,1.2265,1000.0,1.0
ETA_MIN,89,62929.6,1,load_zone_26,load_zone_25,dump_zone_3,load_zone_26,dump_zone_3,382.9,245.2,1.2265,1000.0,1.0
ETA_MIN,87,63013.1,3,load_zone_22,load_zone_25,dump_zone_3,load_zone_22,dump_zone_23,382.9,110.8,1.2265,1000.0,1.0
ETA_MIN,88,63013.5,2,load_zone_22,load_zone_25,dump_zone_3,load_zone_22,dump_zone_22,382.9,125.9,1.2265,1000.0,1.0
ETA_MIN,91,63126.5,3,load_zone_22,load_zone_25,dump_zone_3,load_zone_22,dump_zone_22,382.9,114.9,1.2265,1000.0,1.0
ETA_MIN,90,63140.6,2,load_zone_22,load_zone_22,dump_zone_23,load_zone_22,dump_zone_23,102.4,99.9,0.3318,1000.0,1.0
ETA_MIN,94,63440.2,1,dump_zone_3,load_zone_26,load_zone_29,load_zone_26,dump_zone_3,197.0,264.8,0.6298,1000.0,1.0
ETA_MIN,92,63471.9,3,dump_zone_22,load_zone_22,dump_zone_23,load_zone_22,dump_zone_22,102.1,217.8,0.3309,1000.0,1.0
ETA_MIN,93,63483.3,2,dump_zone_23,load_zone_22,dump_zone_23,load_zone_22,dump_zone_23,102.7,220.9,0.3327,1000.0,1.0
ETA_MIN,95,63538.9,3,load_zone_22,load_zone_22,dump_zone_23,load_zone_22,dump_zone_23,102.4,103.0,0.3318,1000.0,1.0
ETA_MIN,96,63541.8,2,load_zone_22,load_zone_22,dump_zone_23,load_zone_22,dump_zone_22,102.4,111.7,0.3318,1000.0,1.0
ETA_MIN,97,63585.5,1,load_zone_26,load_zone_26,load_zone_29,load_zone_26,dump_zone_3,197.4,246.0,0.6311,1000.0,1.0
ETA_MIN,98,63831.6,1,load_zone_26,load_zone_26,load_zone_29,load_zone_26,dump_zone_3,197.4,240.0,0.6311,1000.0,1.0
ETA_MIN,99,64072.7,1,load_zone_26,load_zone_26,load_zone_29,load_zone_26,dump_zone_3,197.4,241.8,0.6311,1000.0,1.0
ETA_MIN,100,64314.0,1,load_zone_26,load_zone_26,load_zone_29,load_zone_26,dump_zone_3,197.4,247.2,0.6311,1000.0,1.0
ETA_MIN,101,64560.4,1,load_zone_26,load_zone_26,load_zone_29,load_zone_26,dump_zone_3,213.2,243.5,0.6816,1000.0,1.08
ETA_MIN,102,64804.5,1,load_zone_26,load_zone_26,load_zone_29,load_zone_26,dump_zone_3,197.4,243.6,0.6311,1000.0,1.0
ETA_MIN,104,65209.7,3,dump_zone_23,load_zone_22,dump_zone_23,load_zone_22,dump_zone_22,110.9,110.7,0.3594,1000.0,1.08
ETA_MIN,103,65225.7,1,dump_zone_3,load_zone_22,dump_zone_23,load_zone_22,dump_zone_23,110.6,104.3,0.3583,1000.0,1.08
ETA_MIN,106,65285.1,1,load_zone_22,load_zone_22,dump_zone_23,load_zone_22,dump_zone_22,102.4,116.8,0.3318,1000.0,1.0
ETA_MIN,105,65287.7,3,load_zone_22,load_zone_22,dump_zone_23,load_zone_22,dump_zone_23,102.4,103.5,0.3318,1000.0,1.0
ETA_MIN,107,65305.2,2,dump_zone_22,load_zone_26,load_zone_29,load_zone_26,dump_zone_3,197.4,265.8,0.6311,1000.0,1.0
ETA_MIN,108,65393.2,3,load_zone_22,load_zone_22,dump_zone_23,load_zone_22,dump_zone_22,102.4,103.3,0.3318,1000.0,1.0
ETA_MIN,109,65398.2,1,load_zone_22,load_zone_22,dump_zone_23,load_zone_22,dump_zone_23,102.4,99.0,0.3318,1000.0,1.0
ETA_MIN,112,65447.4,2,load_zone_26,load_zone_26,load_zone_29,load_zone_26,dump_zone_3,197.4,244.7,0.6311,1000.0,1.0
ETA_MIN,111,65498.4,3,load_zone_22,load_zone_22,dump_zone_23,load_zone_22,dump_zone_22,102.4,119.6,0.3318,1000.0,1.0
ETA_MIN,110,65500.4,1,load_zone_22,load_zone_22,dump_zone_23,load_zone_22,dump_zone_23,102.4,110.6,0.3318,1000.0,1.0
ETA_MIN,113,65608.5,1,load_zone_22,load_zone_22,dump_zone_23,load_zone_22,dump_zone_22,102.4,102.6,0.3318,1000.0,1.0
ETA_MIN,114,65614.4,3,load_zone_22,load_zone_22,dump_zone_23,load_zone_22,dump_zone_23,102.4,97.5,0.3318,1000.0,1.0
ETA_MIN,117,65691.8,2,load_zone_26,load_zone_26,load_zone_29,load_zone_26,dump_zone_3,197.4,244.2,0.6311,1000.0,1.0
ETA_MIN,116,65714.0,1,load_zone_23,load_zone_23,dump_zone_22,load_zone_23,dump_zone_23,110.4,117.6,0.3584,1000.0,1.0
ETA_MIN,115,65715.8,3,load_zone_23,load_zone_23,dump_zone_22,load_zone_23,dump_zone_22,110.4,114.0,0.3584,1000.0,1.0
ETA_MIN,118,65829.5,3,load_zone_23,load_zone_23,dump_zone_22,load_zone_23,dump_zone_23,110.4,117.4,0.3584,1000.0,1.0
ETA_MIN,119,65829.7,1,load_zone_23,load_zone_23,dump_zone_22,load_zone_23,dump_zone_22,110.4,119.3,0.3584,1000.0,1.0
ETA_MIN,124,65936.4,2,load_zone_26,load_zone_26,load_zone_29,load_zone_26,dump_zone_3,197.4,248.2,0.6311,1000.0,1.0
ETA_MIN,121,65946.1,3,load_zone_23,load_zone_23,dump_zone_22,load_zone_23,dump_zone_23,110.4,117.0,0.3584,1000.0,1.0
ETA_MIN,120,65947.4,1,load_zone_23,load_zone_23,dump_zone_22,load_zone_23,dump_zone_22,110.4,110.4,0.3584,1000.0,1.0
ETA_MIN,122,66057.2,1,load_zone_23,load_zone_23,dump_zone_22,load_zone_23,dump_zone_22,110.4,109.8,0.3584,1000.0,1.0
ETA_MIN,123,66060.9,3,load_zone_23,load_zone_23,dump_zone_22,load_zone_23,dump_zone_23,110.4,116.3,0.3584,1000.0,1.0
ETA_MIN,125,66171.4,1,load_zone_23,load_zone_23,dump_zone_22,load_zone_23,dump_zone_22,110.4,122.2,0.3584,1000.0,1.0
ETA_MIN,126,66180.3,3,load_zone_23,load_zone_23,dump_zone_22,load_zone_23,dump_zone_23,110.4,114.2,0.3584,1000.0,1.0
ETA_MIN,127,66183.3,2,load_zone_26,load_zone_26,load_zone_29,load_zone_26,dump_zone_3,197.4,235.9,0.6311,1000.0,1.0
ETA_MIN,133,66289.3,1,load_zone_1,load_zone_1,dump_zone_2,load_zone_1,dump_zone_1,183.0,647.7,0.5877,1000.0,1.0
ETA_MIN,128,66290.7,3,load_zone_2,load_zone_2,dump_zone_2,load_zone_2,dump_zone_2,208.4,215.3,0.6764,1000.0,1.0
ETA_MIN,129,66420.4,2,load_zone_26,load_zone_26,load_zone_29,load_zone_26,dump_zone_3,197.4,242.5,0.6311,1000.0,1.0
ETA_MIN,130,66508.4,3,load_zone_1,load_zone_1,dump_zone_2,load_zone_1,dump_zone_2,183.0,191.0,0.5877,1000.0,1.0
ETA_MIN,132,66663.1,2,load_zone_26,load_zone_26,load_zone_29,load_zone_26,dump_zone_3,197.4,245.3,0.6311,1000.0,1.0
ETA_MIN,131,66701.0,3,load_zone_1,load_zone_1,dump_zone_2,load_zone_1,dump_zone_2,183.0,185.1,0.5877,1000.0,1.0
ETA_MIN,134,66885.3,3,load_zone_1,load_zone_1,dump_zone_2,load_zone_1,dump_zone_1,183.0,193.3,0.5877,1000.0,1.0
ETA_MIN,136,66907.2,2,load_zone_26,load_zone_26,load_zone_29,load_zone_26,dump_zone_3,197.4,239.2,0.6311,1000.0,1.0
ETA_MIN,135,66939.0,1,load_zone_1,load_zone_1,dump_zone_2,load_zone_1,dump_zone_2,183.0,176.6,0.5877,1000.0,1.0
ETA_MIN,137,67077.7,3,load_zone_1,load_zone_1,dump_zone_2,load_zone_1,dump_zone_1,183.0,192.2,0.5877,1000.0,1.0
ETA_MIN,138,67118.2,1,load_zone_1,load_zone_1,dump_zone_2,load_zone_1,dump_zone_2,183.0,183.5,0.5877,1000.0,1.0
ETA_MIN,139,67146.5,2,load_zone_26,load_zone_26,load_zone_29,load_zone_26,dump_zone_3,197.4,243.1,0.6311,1000.0,1.0
ETA_MIN,140,67270.1,3,load_zone_1,load_zone_1,dump_zone_2,load_zone_1,dump_zone_1,183.0,190.9,0.5877,1000.0,1.0
ETA_MIN,141,67301.3,1,load_zone_1,load_zone_1,dump_zone_2,load_zone_1,dump_zone_2,183.0,182.5,0.5877,1000.0,1.0
ETA_MIN,144,67757.6,3,dump_zone_1,load_zone_26,load_zone_29,load_zone_26,dump_zone_3,197.4,260.0,0.6311,1000.0,1.0
ETA_MIN,142,67782.4,2,dump_zone_3,load_zone_22,dump_zone_23,load_zone_22,dump_zone_22,102.4,217.4,0.3318,1000.0,1.0
ETA_MIN,143,67813.3,1,dump_zone_2,load_zone_22,dump_zone_23,load_zone_22,dump_zone_23,102.4,225.2,0.3318,1000.0,1.0
ETA_MIN,145,67854.0,2,load_zone_22,load_zone_22,dump_zone_23,load_zone_22,dump_zone_23,102.4,97.8,0.3318,1000.0,1.0
ETA_MIN,146,67865.7,1,load_zone_22,load_zone_22,dump_zone_23,load_zone_22,dump_zone_22,102.4,120.2,0.3318,1000.0,1.0
ETA_MIN,149,67901.7,3,load_zone_26,load_zone_26,load_zone_29,load_zone_26,dump_zone_3,197.4,244.3,0.6311,1000.0,1.0
ETA_MIN,147,67954.0,2,load_zone_22,load_zone_22,dump_zone_23,load_zone_22,dump_zone_22,102.4,115.5,0.3318,1000.0,1.0
ETA_MIN,148,67982.4,1,load_zone_22,load_zone_22,dump_zone_23,load_zone_22,dump_zone_23,102.4,99.2,0.3318,1000.0,1.0
ETA_MIN,153,68067.7,2,load_zone_22,load_zone_22,dump_zone_23,load_zone_22,dump_zone_22,102.4,313.1,0.3318,1000.0,1.0
ETA_MIN,150,68085.2,1,load_zone_22,load_zone_22,dump_zone_23,load_zone_22,dump_zone_23,102.4,102.4,0.3318,1000.0,1.0
ETA_MIN,154,68145.1,3,load_zone_26,load_zone_26,load_zone_29,load_zone_26,dump_zone_3,197.4,245.1,0.6311,1000.0,1.0
ETA_MIN,151,68188.3,1,load_zone_22,load_zone_22,dump_zone_23,load_zone_22,dump_zone_23,102.4,97.6,0.3318,1000.0,1.0
ETA_MIN,152,68284.4,1,load_zone_22,load_zone_22,dump_zone_23,load_zone_22,dump_zone_23,102.4,99.0,0.3318,1000.0,1.0
ETA_MIN,155,68384.7,2,load_zone_23,load_zone_23,dump_zone_22,load_zone_23,dump_zone_23,110.4,114.9,0.3584,1000.0,1.0
ETA_MIN,156,68385.0,1,load_zone_23,load_zone_23,dump_zone_22,load_zone_23,dump_zone_22,110.4,129.9,0.3584,1000.0,1.0
ETA_MIN,157,68390.0,3,load_zone_26,load_zone_26,load_zone_29,load_zone_26,dump_zone_3,197.4,239.8,0.6311,1000.0,1.0
ETA_MIN,158,68499.5,2,load_zone_23,load_zone_23,dump_zone_22,load_zone_23,dump_zone_23,110.4,140.2,0.3584,1000.0,1.0
ETA_MIN,159,68510.4,1,load_zone_23,load_zone_23,dump_zone_22,load_zone_23,dump_zone_22,110.4,128.2,0.3584,1000.0,1.0
ETA_MIN,164,68630.9,3,load_zone_26,load_zone_26,load_zone_29,load_zone_26,dump_zone_3,197.4,244.4,0.6311,1000.0,1.0
ETA_MIN,161,68637.4,2,load_zone_23,load_zone_23,dump_zone_22,load_zone_23,dump_zone_23,110.4,116.3,0.3584,1000.0,1.0
ETA_MIN,160,68643.0,1,load_zone_23,load_zone_23,dump_zone_22,load_zone_23,dump_zone_22,110.4,108.7,0.3584,1000.0,1.0
ETA_MIN,163,68747.5,1,load_zone_23,load_zone_23,dump_zone_22,load_zone_23,dump_zone_22,110.4,119.7,0.3584,1000.0,1.0
ETA_MIN,162,68755.2,2,load_zone_23,load_zone_23,dump_zone_22,load_zone_23,dump_zone_23,110.4,107.5,0.3584,1000.0,1.0
ETA_MIN,166,68862.6,2,load_zone_23,load_zone_23,dump_zone_22,load_zone_23,dump_zone_22,110.4,109.2,0.3584,1000.0,1.0
ETA_MIN,165,68866.9,1,load_zone_23,load_zone_23,dump_zone_22,load_zone_23,dump_zone_23,110.4,95.2,0.3584,1000.0,1.0
ETA_MIN,167,68875.4,3,load_zone_26,load_zone_26,load_zone_29,load_zone_26,dump_zone_3,197.4,245.8,0.6311,1000.0,1.0
ETA_MIN,168,69120.4,3,load_zone_26,load_zone_26,load_zone_29,load_zone_26,dump_zone_3,197.4,244.8,0.6311,1000.0,1.0
ETA_MIN,169,69615.2,3,dump_zone_3,load_zone_22,dump_zone_23,load_zone_22,dump_zone_22,102.4,99.4,0.3318,1000.0,1.0
ETA_MIN,170,69680.7,1,dump_zone_23,load_zone_26,load_zone_29,load_zone_26,dump_zone_3,197.4,241.1,0.6311,1000.0,1.0
ETA_MIN,171,69707.1,2,dump_zone_22,load_zone_26,load_zone_29,load_zone_26,dump_zone_3,197.4,270.4,0.6311,1000.0,1.0
ETA_MIN,172,69821.9,1,load_zone_26,load_zone_26,load_zone_29,load_zone_26,dump_zone_3,197.4,246.2,0.6311,1000.0,1.0
ETA_MIN,173,69851.0,2,load_zone_26,load_zone_26,load_zone_29,load_zone_26,dump_zone_3,197.4,244.2,0.6311,1000.0,1.0
ETA_MIN,174,70068.9,1,load_zone_26,load_zone_26,load_zone_29,load_zone_26,dump_zone_3,197.4,245.1,0.6311,1000.0,1.0
ETA_MIN,175,70095.9,2,load_zone_26,load_zone_26,load_zone_29,load_zone_26,dump_zone_3,197.4,377.2,0.6311,1000.0,1.0
ETA_MIN,176,70313.0,1,load_zone_26,load_zone_26,load_zone_29,load_zone_26,dump_zone_3,197.4,247.2,0.6311,1000.0,1.0
ETA_MIN,177,70472.5,2,load_zone_26,load_zone_26,load_zone_29,load_zone_26,dump_zone_3,197.4,242.8,0.6311,1000.0,1.0
ETA_MIN,178,70560.4,1,load_zone_26,load_zone_26,load_zone_29,load_zone_26,dump_zone_3,197.4,245.5,0.6311,1000.0,1.0
ETA_MIN,179,70715.3,2,load_zone_26,load_zone_26,load_zone_29,load_zone_26,dump_zone_3,197.4,238.4,0.6311,1000.0,1.0
ETA_MIN,180,70806.3,1,load_zone_26,load_zone_26,load_zone_29,load_zone_26,load_zone_29,197.4,197.4,0.6311,0.0,1.0
ETA_MIN,182,70954.8,2,load_zone_25,load_zone_25,dump_zone_3,load_zone_25,dump_zone_3,382.9,296.4,1.2265,1000.0,1.0
ETA_MIN,181,71003.1,1,load_zone_29,load_zone_29,dump_zone_3,load_zone_29,dump_zone_3,333.9,217.5,1.0749,1000.0,1.0
ETA_AWARE,3,118.2,1,dump_zone_3,load_zone_22,dump_zone_23,load_zone_26,dump_zone_3,101.6,245.0,0.3318,1000.0,1.0
ETA_AWARE,1,137.5,2,dump_zone_22,load_zone_22,dump_zone_23,load_zone_22,dump_zone_22,101.8,185.9,0.3309,1000.0,1.0
ETA_AWARE,2,166.8,3,dump_zone_23,load_zone_22,dump_zone_23,load_zone_22,dump_zone_23,102.4,211.2,0.3327,1000.0,1.0
ETA_AWARE,4,189.0,2,load_zone_22,load_zone_22,dump_zone_23,load_zone_22,dump_zone_22,102.1,99.4,0.3318,1000.0,1.0
ETA_AWARE,5,215.6,3,load_zone_22,load_zone_22,dump_zone_23,load_zone_22,dump_zone_23,102.1,85.0,0.3318,1000.0,1.0
ETA_AWARE,8,251.7,1,load_zone_26,load_zone_22,dump_zone_23,load_zone_26,dump_zone_3,101.6,227.6,0.3318,1000.0,1.0
ETA_AWARE,6,288.7,2,load_zone_22,load_zone_22,dump_zone_23,load_zone_22,dump_zone_22,102.1,98.8,0.3318,1000.0,1.0
ETA_AWARE,7,300.5,3,load_zone_22,load_zone_22,dump_zone_23,load_zone_22,dump_zone_23,102.1,98.2,0.3318,1000.0,1.0
ETA_AWARE,11,391.0,2,load_zone_22,load_zone_22,dump_zone_23,load_zone_22,dump_zone_22,102.1,300.0,0.3318,1000.0,1.0
ETA_AWARE,9,397.4,3,load_zone_22,load_zone_22,dump_zone_23,load_zone_22,dump_zone_23,102.1,99.4,0.3318,1000.0,1.0
ETA_AWARE,12,480.4,1,load_zone_26,load_zone_23,dump_zone_22,load_zone_26,dump_zone_3,109.9,227.0,0.3584,1000.0,1.0
ETA_AWARE,10,498.4,3,load_zone_22,load_zone_23,dump_zone_22,load_zone_22,dump_zone_23,110.4,128.4,0.3584,1000.0,1.0
ETA_AWARE,13,625.1,3,load_zone_22,load_zone_23,dump_zone_22,load_zone_22,dump_zone_23,110.4,83.6,0.3584,1000.0,1.0
ETA_AWARE,15,687.4,2,load_zone_23,load_zone_23,dump_zone_22,load_zone_23,dump_zone_23,110.4,124.9,0.3584,1000.0,1.0
ETA_AWARE,18,706.4,1,load_zone_26,load_zone_23,dump_zone_22,load_zone_26,dump_zone_3,109.9,232.2,0.3584,1000.0,1.0
ETA_AWARE,14,709.2,3,load_zone_23,load_zone_23,dump_zone_22,load_zone_23,dump_zone_22,110.4,93.5,0.3584,1000.0,1.0
ETA_AWARE,16,802.6,3,load_zone_23,load_zone_23,dump_zone_22,load_zone_23,dump_zone_22,110.4,107.1,0.3584,1000.0,1.0
ETA_AWARE,17,813.8,2,load_zone_23,load_zone_23,dump_zone_22,load_zone_23,dump_zone_23,110.4,112.5,0.3584,1000.0,1.0
ETA_AWARE,19,913.8,3,load_zone_23,load_zone_23,dump_zone_22,load_zone_23,dump_zone_22,110.4,113.3,0.3584,1000.0,1.0
ETA_AWARE,20,926.4,2,load_zone_23,load_zone_23,dump_zone_22,load_zone_23,dump_zone_23,110.4,104.1,0.3584,1000.0,1.0
ETA_AWARE,23,938.1,1,load_zone_26,load_zone_1,dump_zone_2,load_zone_26,dump_zone_3,182.6,229.8,0.5877,1000.0,1.0
ETA_AWARE,22,1022.9,3,load_zone_23,load_zone_1,dump_zone_2,load_zone_23,dump_zone_22,183.1,100.9,0.5877,1000.0,1.0
ETA_AWARE,21,1030.2,2,load_zone_23,load_zone_1,dump_zone_2,load_zone_23,dump_zone_23,183.1,95.0,0.5877,1000.0,1.0
ETA_AWARE,25,1124.2,3,load_zone_23,load_zone_1,dump_zone_2,load_zone_23,dump_zone_23,183.1,108.4,0.5877,1000.0,1.0
ETA_AWARE,24,1126.1,2,load_zone_23,load_zone_1,dump_zone_2,load_zone_23,dump_zone_22,183.1,103.8,0.5877,1000.0,1.0
ETA_AWARE,26,1168.3,1,load_zone_26,load_zone_1,dump_zone_2,load_zone_26,dump_zone_3,182.6,230.7,0.5877,1000.0,1.0
ETA_AWARE,27,1228.3,2,load_zone_1,load_zone_1,dump_zone_2,load_zone_1,dump_zone_1,183.1,200.3,0.5877,1000.0,1.0
ETA_AWARE,28,1233.8,3,load_zone_2,load_zone_1,dump_zone_2,load_zone_2,dump_zone_2,183.1,201.5,0.5877,1000.0,1.0
ETA_AWARE,31,1398.9,1,load_zone_26,load_zone_1,dump_zone_2,load_zone_26,dump_zone_3,182.6,229.5,0.5877,1000.0,1.0
ETA_AWARE,30,1429.1,2,load_zone_1,load_zone_1,dump_zone_2,load_zone_1,dump_zone_1,183.1,193.2,0.5877,1000.0,1.0
ETA_AWARE,29,1437.5,3,load_zone_1,load_zone_26,load_zone_29,load_zone_1,dump_zone_2,197.0,175.0,0.6311,1000.0,1.0
ETA_AWARE,33,1836.6,3,dump_zone_2,load_zone_26,load_zone_29,load_zone_26,dump_zone_3,197.0,235.6,0.6311,1000.0,1.0
ETA_AWARE,34,1847.3,1,dump_zone_3,load_zone_26,load_zone_29,load_zone_26,dump_zone_3,196.1,245.7,0.6298,1000.0,1.0
ETA_AWARE,32,1891.4,2,dump_zone_1,load_zone_26,load_zone_29,load_zone_22,dump_zone_22,197.0,224.2,0.6311,1000.0,1.0
ETA_AWARE,35,1973.3,3,load_zone_26,load_zone_26,load_zone_29,load_zone_26,dump_zone_3,197.0,231.8,0.6311,1000.0,1.0
ETA_AWARE,36,1982.7,1,load_zone_26,load_zone_26,load_zone_29,load_zone_26,dump_zone_3,196.5,231.2,0.6311,1000.0,1.0
ETA_AWARE,38,2719.8,2,dump_zone_22,load_zone_26,load_zone_29,load_zone_26,dump_zone_3,197.0,239.4,0.6311,1000.0,1.0
ETA_AWARE,37,2750.3,1,dump_zone_3,load_zone_26,load_zone_29,load_zone_22,dump_zone_22,196.1,216.2,0.6298,1000.0,1.0
ETA_AWARE,39,2823.4,3,dump_zone_3,load_zone_26,load_zone_29,load_zone_22,dump_zone_22,196.6,262.6,0.6298,1000.0,1.0
ETA_AWARE,40,3150.8,3,dump_zone_22,load_zone_26,load_zone_29,load_zone_26,dump_zone_3,197.0,368.8,0.6311,1000.0,1.0
ETA_AWARE,41,3213.6,2,dump_zone_3,load_zone_2,dump_zone_2,load_zone_26,dump_zone_3,208.4,426.1,0.6764,1000.0,1.0
ETA_AWARE,42,3334.3,3,load_zone_26,load_zone_2,dump_zone_2,load_zone_26,dump_zone_3,208.4,312.6,0.6764,1000.0,1.0
ETA_AWARE,43,3391.5,2,load_zone_26,load_zone_2,dump_zone_2,load_zone_26,dump_zone_3,208.4,320.1,0.6764,1000.0,1.0
ETA_AWARE,44,3646.9,3,load_zone_26,load_zone_2,dump_zone_2,load_zone_26,dump_zone_3,208.4,315.8,0.6764,1000.0,1.0
ETA_AWARE,45,3711.6,2,load_zone_26,load_zone_2,dump_zone_2,load_zone_26,dump_zone_3,208.4,360.3,0.6764,1000.0,1.0
ETA_AWARE,46,3962.7,3,load_zone_26,load_zone_2,dump_zone_2,load_zone_26,dump_zone_3,208.4,322.4,0.6764,1000.0,1.0
ETA_AWARE,47,4071.9,2,load_zone_26,load_zone_2,dump_zone_2,load_zone_26,dump_zone_3,208.4,307.2,0.6764,1000.0,1.0
ETA_AWARE,48,4285.0,3,load_zone_26,load_zone_2,dump_zone_2,load_zone_26,dump_zone_3,208.4,317.0,0.6764,1000.0,1.0
ETA_AWARE,49,4379.1,2,load_zone_26,load_zone_2,dump_zone_2,load_zone_26,dump_zone_3,208.4,322.0,0.6764,1000.0,1.0
ETA_AWARE,50,4601.9,3,load_zone_29,load_zone_2,dump_zone_2,load_zone_29,dump_zone_3,208.4,343.2,0.6764,1000.0,1.0
ETA_AWARE,51,4701.0,2,load_zone_25,load_zone_27,dump_zone_3,load_zone_25,dump_zone_3,319.6,387.6,1.0295,1000.0,1.0
ETA_AWARE,52,4945.2,3,load_zone_29,load_zone_27,dump_zone_3,load_zone_29,dump_zone_3,319.6,345.5,1.0295,1000.0,1.0
ETA_AWARE,53,5088.6,2,load_zone_25,load_zone_27,dump_zone_3,load_zone_25,dump_zone_3,319.6,382.9,1.0295,1000.0,1.0
ETA_AWARE,54,5290.6,3,load_zone_29,load_zone_27,dump_zone_3,load_zone_29,dump_zone_3,319.6,343.2,1.0295,1000.0,1.0
ETA_AWARE,55,5471.5,2,load_zone_25,load_zone_27,dump_zone_3,load_zone_25,dump_zone_3,319.6,379.2,1.0295,1000.0,1.0
ETA_AWARE,56,5634.1,3,load_zone_29,load_zone_27,dump_zone_3,load_zone_29,dump_zone_3,319.6,358.3,1.0295,1000.0,1.0
ETA_AWARE,57,5851.0,2,load_zone_25,load_zone_27,dump_zone_3,load_zone_25,dump_zone_3,319.6,388.9,1.0295,1000.0,1.0
ETA_AWARE,58,5992.3,3,load_zone_29,load_zone_27,dump_zone_3,load_zone_29,dump_zone_3,319.6,343.3,1.0295,1000.0,1.0
ETA_AWARE,59,6239.6,2,load_zone_25,load_zone_27,dump_zone_3,load_zone_25,dump_zone_3,319.6,399.1,1.0295,1000.0,1.0
ETA_AWARE,60,6335.9,3,load_zone_29,load_zone_27,dump_zone_3,load_zone_29,dump_zone_3,319.6,333.9,1.0295,1000.0,1.0
ETA_AWARE,65,6638.8,2,load_zone_25,load_zone_24,dump_zone_3,load_zone_25,dump_zone_3,320.5,1689.2,1.0265,1000.0,1.0
ETA_AWARE,61,6664.3,3,load_zone_29,load_zone_24,dump_zone_3,load_zone_29,dump_zone_3,320.5,329.4,1.0265,1000.0,1.0
ETA_AWARE,62,6998.7,3,load_zone_29,load_zone_24,dump_zone_3,load_zone_29,dump_zone_3,320.5,317.2,1.0265,1000.0,1.0
ETA_AWARE,63,7316.1,3,load_zone_29,load_zone_24,dump_zone_3,load_zone_29,dump_zone_3,320.5,316.2,1.0265,1000.0,1.0
ETA_AWARE,64,7632.3,3,load_zone_29,load_zone_24,dump_zone_3,load_zone_29,dump_zone_3,320.5,323.3,1.0265,1000.0,1.0
ETA_AWARE,67,7955.6,3,load_zone_24,load_zone_24,dump_zone_3,load_zone_24,dump_zone_3,320.5,1054.0,1.0265,1000.0,1.0
ETA_AWARE,66,8327.9,2,load_zone_25,load_zone_24,dump_zone_3,load_zone_25,dump_zone_3,320.5,375.1,1.0265,1000.0,1.0
ETA_AWARE,69,8703.0,2,load_zone_25,load_zone_24,dump_zone_3,load_zone_25,dump_zone_3,320.5,671.1,1.0265,1000.0,1.0
ETA_AWARE,68,9009.4,3,load_zone_24,load_zone_24,dump_zone_3,load_zone_24,dump_zone_3,320.5,319.1,1.0265,1000.0,1.0
ETA_AWARE,70,9329.0,3,load_zone_24,load_zone_24,dump_zone_3,load_zone_24,dump_zone_3,320.5,326.9,1.0265,1000.0,1.0
ETA_AWARE,71,9374.1,2,load_zone_25,load_zone_29,dump_zone_3,load_zone_25,dump_zone_3,333.9,392.1,1.0749,1000.0,1.0
ETA_AWARE,72,9655.7,3,load_zone_24,load_zone_29,dump_zone_3,load_zone_24,dump_zone_3,333.9,318.7,1.0749,1000.0,1.0
ETA_AWARE,73,9766.5,2,load_zone_25,load_zone_29,dump_zone_3,load_zone_25,dump_zone_3,333.9,380.4,1.0749,1000.0,1.0
ETA_AWARE,74,9974.6,3,load_zone_24,load_zone_29,dump_zone_3,load_zone_24,dump_zone_3,333.9,311.2,1.0749,1000.0,1.0
ETA_AWARE,75,10146.8,2,load_zone_24,load_zone_29,dump_zone_3,load_zone_24,dump_zone_3,333.9,307.4,1.0749,1000.0,1.0
ETA_AWARE,76,10285.4,3,load_zone_24,load_zone_29,dump_zone_3,load_zone_24,dump_zone_3,333.9,320.2,1.0749,1000.0,1.0
ETA_AWARE,77,10454.2,2,load_zone_24,load_zone_29,dump_zone_3,load_zone_24,dump_zone_3,333.9,320.9,1.0749,1000.0,1.0
ETA_AWARE,78,10605.6,3,load_zone_24,load_zone_29,dump_zone_3,load_zone_24,dump_zone_3,333.9,321.1,1.0749,1000.0,1.0
ETA_AWARE,79,10774.9,2,load_zone_24,load_zone_29,dump_zone_3,load_zone_24,dump_zone_3,333.9,326.3,1.0749,1000.0,1.0
ETA_AWARE,80,11101.2,2,load_zone_27,load_zone_29,dump_zone_3,load_zone_27,dump_zone_3,333.9,324.4,1.0749,1000.0,1.0
ETA_AWARE,81,11425.7,2,load_zone_27,load_zone_25,dump_zone_3,load_zone_27,dump_zone_3,387.6,314.7,1.2265,1000.0,1.0
ETA_AWARE,84,62787.6,1,dump_zone_22,load_zone_25,dump_zone_3,load_zone_26,dump_zone_3,387.1,268.4,1.2265,1000.0,1.0
ETA_AWARE,82,62804.9,2,dump_zone_3,load_zone_25,dump_zone_3,load_zone_22,dump_zone_22,387.6,222.2,1.2265,1000.0,1.0
ETA_AWARE,83,62823.4,3,dump_zone_3,load_zone_25,dump_zone_3,load_zone_22,dump_zone_23,387.6,223.0,1.2265,1000.0,1.0
ETA_AWARE,85,62883.2,2,load_zone_22,load_zone_25,dump_zone_3,load_zone_22,dump_zone_23,387.6,131.8,1.2265,1000.0,1.0
ETA_AWARE,86,62884.3,3,load_zone_22,load_zone_25,dump_zone_3,load_zone_22,dump_zone_22,387.6,132.8,1.2265,1000.0,1.0
ETA_AWARE,89,62929.6,1,load_zone_26,load_zone_25,dump_zone_3,load_zone_26,dump_zone_3,387.1,245.2,1.2265,1000.0,1.0
ETA_AWARE,87,63013.1,3,load_zone_22,load_zone_25,dump_zone_3,load_zone_22,dump_zone_23,387.6,110.8,1.2265,1000.0,1.0
ETA_AWARE,88,63013.5,2,load_zone_22,load_zone_25,dump_zone_3,load_zone_22,dump_zone_22,387.6,125.9,1.2265,1000.0,1.0
ETA_AWARE,91,63126.5,3,load_zone_22,load_zone_25,dump_zone_3,load_zone_22,dump_zone_22,387.6,114.9,1.2265,1000.0,1.0
ETA_AWARE,90,63140.6,2,load_zone_22,load_zone_22,dump_zone_23,load_zone_22,dump_zone_23,102.1,99.9,0.3318,1000.0,1.0
ETA_AWARE,94,63440.2,1,dump_zone_3,load_zone_26,load_zone_29,load_zone_26,dump_zone_3,196.1,264.8,0.6298,1000.0,1.0
ETA_AWARE,92,63471.9,3,dump_zone_22,load_zone_22,dump_zone_23,load_zone_22,dump_zone_22,101.8,217.8,0.3309,1000.0,1.0
ETA_AWARE,93,63483.3,2,dump_zone_23,load_zone_22,dump_zone_23,load_zone_22,dump_zone_23,102.4,220.9,0.3327,1000.0,1.0
ETA_AWARE,95,63538.9,3,load_zone_22,load_zone_22,dump_zone_23,load_zone_22,dump_zone_23,102.1,103.0,0.3318,1000.0,1.0
ETA_AWARE,96,63541.8,2,load_zone_22,load_zone_22,dump_zone_23,load_zone_22,dump_zone_22,102.1,111.7,0.3318,1000.0,1.0
ETA_AWARE,97,63585.5,1,load_zone_26,load_zone_26,load_zone_29,load_zone_26,dump_zone_3,196.5,246.0,0.6311,1000.0,1.0
ETA_AWARE,98,63831.6,1,load_zone_26,load_zone_26,load_zone_29,load_zone_26,dump_zone_3,196.5,240.0,0.6311,1000.0,1.0
ETA_AWARE,99,64072.7,1,load_zone_26,load_zone_26,load_zone_29,load_zone_26,dump_zone_3,196.5,241.8,0.6311,1000.0,1.0
ETA_AWARE,100,64314.0,1,load_zone_26,load_zone_26,load_zone_29,load_zone_26,dump_zone_3,196.5,247.2,0.6311,1000.0,1.0
ETA_AWARE,101,64560.4,1,load_zone_26,load_zone_26,load_zone_29,load_zone_26,dump_zone_3,212.3,243.5,0.6816,1000.0,1.08
ETA_AWARE,102,64804.5,1,load_zone_26,load_zone_26,load_zone_29,load_zone_26,dump_zone_3,196.5,243.6,0.6311,1000.0,1.0
ETA_AWARE,104,65209.7,3,dump_zone_23,load_zone_22,dump_zone_23,load_zone_22,dump_zone_22,102.4,110.7,0.3327,1000.0,1.0
ETA_AWARE,103,65225.7,1,dump_zone_3,load_zone_22,dump_zone_23,load_zone_22,dump_zone_23,101.6,104.3,0.3318,1000.0,1.0
ETA_AWARE,106,65285.1,1,load_zone_22,load_zone_22,dump_zone_23,load_zone_22,dump_zone_22,101.6,116.8,0.3318,1000.0,1.0
ETA_AWARE,105,65287.7,3,load_zone_22,load_zone_22,dump_zone_23,load_zone_22,dump_zone_23,102.1,103.5,0.3318,1000.0,1.0
ETA_AWARE,107,65305.2,2,dump_zone_22,load_zone_26,load_zone_29,load_zone_26,dump_zone_3,197.0,265.8,0.6311,1000.0,1.0
ETA_AWARE,108,65393.2,3,load_zone_22,load_zone_22,dump_zone_23,load_zone_22,dump_zone_22,102.1,103.3,0.3318,1000.0,1.0
ETA_AWARE,109,65398.2,1,load_zone_22,load_zone_22,dump_zone_23,load_zone_22,dump_zone_23,101.6,99.0,0.3318,1000.0,1.0
ETA_AWARE,112,65447.4,2,load_zone_26,load_zone_26,load_zone_29,load_zone_26,dump_zone_3,197.0,244.7,0.6311,1000.0,1.0
ETA_AWARE,111,65498.4,3,load_zone_22,load_zone_22,dump_zone_23,load_zone_22,dump_zone_22,102.1,119.6,0.3318,1000.0,1.0
ETA_AWARE,110,65500.4,1,load_zone_22,load_zone_22,dump_zone_23,load_zone_22,dump_zone_23,101.6,110.6,0.3318,1000.0,1.0
ETA_AWARE,113,65608.5,1,load_zone_22,load_zone_22,dump_zone_23,load_zone_22,dump_zone_22,101.6,102.6,0.3318,1000.0,1.0
ETA_AWARE,114,65614.4,3,load_zone_22,load_zone_22,dump_zone_23,load_zone_22,dump_zone_23,102.1,97.5,0.3318,1000.0,1.0
ETA_AWARE,117,65691.8,2,load_zone_26,load_zone_26,load_zone_29,load_zone_26,dump_zone_3,197.0,244.2,0.6311,1000.0,1.0
ETA_AWARE,116,65714.0,1,load_zone_23,load_zone_23,dump_zone_22,load_zone_23,dump_zone_23,109.9,117.6,0.3584,1000.0,1.0
ETA_AWARE,115,65715.8,3,load_zone_23,load_zone_23,dump_zone_22,load_zone_23,dump_zone_22,110.4,114.0,0.3584,1000.0,1.0
ETA_AWARE,118,65829.5,3,load_zone_23,load_zone_23,dump_zone_22,load_zone_23,dump_zone_23,110.4,117.4,0.3584,1000.0,1.0
ETA_AWARE,119,65829.7,1,load_zone_23,load_zone_23,dump_zone_22,load_zone_23,dump_zone_22,109.9,119.3,0.3584,1000.0,1.0
ETA_AWARE,124,65936.4,2,load_zone_26,load_zone_26,load_zone_29,load_zone_26,dump_zone_3,197.0,248.2,0.6311,1000.0,1.0
ETA_AWARE,121,65946.1,3,load_zone_23,load_zone_23,dump_zone_22,load_zone_23,dump_zone_23,110.4,117.0,0.3584,1000.0,1.0
ETA_AWARE,120,65947.4,1,load_zone_23,load_zone_23,dump_zone_22,load_zone_23,dump_zone_22,109.9,110.4,0.3584,1000.0,1.0
ETA_AWARE,122,66057.2,1,load_zone_23,load_zone_23,dump_zone_22,load_zone_23,dump_zone_22,109.9,109.8,0.3584,1000.0,1.0
ETA_AWARE,123,66060.9,3,load_zone_23,load_zone_23,dump_zone_22,load_zone_23,dump_zone_23,110.4,116.3,0.3584,1000.0,1.0
ETA_AWARE,125,66171.4,1,load_zone_23,load_zone_23,dump_zone_22,load_zone_23,dump_zone_22,109.9,122.2,0.3584,1000.0,1.0
ETA_AWARE,126,66180.3,3,load_zone_23,load_zone_23,dump_zone_22,load_zone_23,dump_zone_23,110.4,114.2,0.3584,1000.0,1.0
ETA_AWARE,127,66183.3,2,load_zone_26,load_zone_26,load_zone_29,load_zone_26,dump_zone_3,197.0,235.9,0.6311,1000.0,1.0
ETA_AWARE,133,66289.3,1,load_zone_1,load_zone_1,dump_zone_2,load_zone_1,dump_zone_1,182.6,647.7,0.5877,1000.0,1.0
ETA_AWARE,128,66290.7,3,load_zone_2,load_zone_2,dump_zone_2,load_zone_2,dump_zone_2,208.4,215.3,0.6764,1000.0,1.0
ETA_AWARE,129,66420.4,2,load_zone_26,load_zone_26,load_zone_29,load_zone_26,dump_zone_3,197.0,242.5,0.6311,1000.0,1.0
ETA_AWARE,130,66508.4,3,load_zone_1,load_zone_1,dump_zone_2,load_zone_1,dump_zone_2,183.1,191.0,0.5877,1000.0,1.0
ETA_AWARE,132,66663.1,2,load_zone_26,load_zone_26,load_zone_29,load_zone_26,dump_zone_3,197.0,245.3,0.6311,1000.0,1.0
ETA_AWARE,131,66701.0,3,load_zone_1,load_zone_1,dump_zone_2,load_zone_1,dump_zone_2,183.1,185.1,0.5877,1000.0,1.0
ETA_AWARE,134,66885.3,3,load_zone_1,load_zone_1,dump_zone_2,load_zone_1,dump_zone_1,183.1,193.3,0.5877,1000.0,1.0
ETA_AWARE,136,66907.2,2,load_zone_26,load_zone_26,load_zone_29,load_zone_26,dump_zone_3,197.0,239.2,0.6311,1000.0,1.0
ETA_AWARE,135,66939.0,1,load_zone_1,load_zone_1,dump_zone_2,load_zone_1,dump_zone_2,182.6,176.6,0.5877,1000.0,1.0
ETA_AWARE,137,67077.7,3,load_zone_1,load_zone_1,dump_zone_2,load_zone_1,dump_zone_1,183.1,192.2,0.5877,1000.0,1.0
ETA_AWARE,138,67118.2,1,load_zone_1,load_zone_1,dump_zone_2,load_zone_1,dump_zone_2,182.6,183.5,0.5877,1000.0,1.0
ETA_AWARE,139,67146.5,2,load_zone_26,load_zone_26,load_zone_29,load_zone_26,dump_zone_3,197.0,243.1,0.6311,1000.0,1.0
ETA_AWARE,140,67270.1,3,load_zone_1,load_zone_1,dump_zone_2,load_zone_1,dump_zone_1,183.1,190.9,0.5877,1000.0,1.0
ETA_AWARE,141,67301.3,1,load_zone_1,load_zone_1,dump_zone_2,load_zone_1,dump_zone_2,182.6,182.5,0.5877,1000.0,1.0
ETA_AWARE,144,67757.6,3,dump_zone_1,load_zone_26,load_zone_29,load_zone_26,dump_zone_3,197.0,260.0,0.6311,1000.0,1.0
ETA_AWARE,142,67782.4,2,dump_zone_3,load_zone_22,dump_zone_23,load_zone_22,dump_zone_22,102.1,217.4,0.3318,1000.0,1.0
ETA_AWARE,143,67813.3,1,dump_zone_2,load_zone_22,dump_zone_23,load_zone_22,dump_zone_23,101.6,225.2,0.3318,1000.0,1.0
ETA_AWARE,145,67854.0,2,load_zone_22,load_zone_22,dump_zone_23,load_zone_22,dump_zone_23,102.1,97.8,0.3318,1000.0,1.0
ETA_AWARE,146,67865.7,1,load_zone_22,load_zone_22,dump_zone_23,load_zone_22,dump_zone_22,101.6,120.2,0.3318,1000.0,1.0
ETA_AWARE,149,67901.7,3,load_zone_26,load_zone_26,load_zone_29,load_zone_26,dump_zone_3,197.0,244.3,0.6311,1000.0,1.0
ETA_AWARE,147,67954.0,2,load_zone_22,load_zone_22,dump_zone_23,load_zone_22,dump_zone_22,102.1,115.5,0.3318,1000.0,1.0
ETA_AWARE,148,67982.4,1,load_zone_22,load_zone_22,dump_zone_23,load_zone_22,dump_zone_23,101.6,99.2,0.3318,1000.0,1.0
ETA_AWARE,153,68067.7,2,load_zone_22,load_zone_22,dump_zone_23,load_zone_22,dump_zone_22,102.1,313.1,0.3318,1000.0,1.0
ETA_AWARE,150,68085.2,1,load_zone_22,load_zone_22,dump_zone_23,load_zone_22,dump_zone_23,101.6,102.4,0.3318,1000.0,1.0
ETA_AWARE,154,68145.1,3,load_zone_26,load_zone_26,load_zone_29,load_zone_26,dump_zone_3,197.0,245.1,0.6311,1000.0,1.0
ETA_AWARE,151,68188.3,1,load_zone_22,load_zone_22,dump_zone_23,load_zone_22,dump_zone_23,101.6,97.6,0.3318,1000.0,1.0
ETA_AWARE,152,68284.4,1,load_zone_22,load_zone_22,dump_zone_23,load_zone_22,dump_zone_23,101.6,99.0,0.3318,1000.0,1.0
ETA_AWARE,155,68384.7,2,load_zone_23,load_zone_23,dump_zone_22,load_zone_23,dump_zone_23,110.4,114.9,0.3584,1000.0,1.0
ETA_AWARE,156,68385.0,1,load_zone_23,load_zone_23,dump_zone_22,load_zone_23,dump_zone_22,109.9,129.9,0.3584,1000.0,1.0
ETA_AWARE,157,68390.0,3,load_zone_26,load_zone_26,load_zone_29,load_zone_26,dump_zone_3,197.0,239.8,0.6311,1000.0,1.0
ETA_AWARE,158,68499.5,2,load_zone_23,load_zone_23,dump_zone_22,load_zone_23,dump_zone_23,110.4,140.2,0.3584,1000.0,1.0
ETA_AWARE,159,68510.4,1,load_zone_23,load_zone_23,dump_zone_22,load_zone_23,dump_zone_22,109.9,128.2,0.3584,1000.0,1.0
ETA_AWARE,164,68630.9,3,load_zone_26,load_zone_26,load_zone_29,load_zone_26,dump_zone_3,197.0,244.4,0.6311,1000.0,1.0
ETA_AWARE,161,68637.4,2,load_zone_23,load_zone_23,dump_zone_22,load_zone_23,dump_zone_23,110.4,116.3,0.3584,1000.0,1.0
ETA_AWARE,160,68643.0,1,load_zone_23,load_zone_23,dump_zone_22,load_zone_23,dump_zone_22,109.9,108.7,0.3584,1000.0,1.0
ETA_AWARE,163,68747.5,1,load_zone_23,load_zone_23,dump_zone_22,load_zone_23,dump_zone_22,109.9,119.7,0.3584,1000.0,1.0
ETA_AWARE,162,68755.2,2,load_zone_23,load_zone_23,dump_zone_22,load_zone_23,dump_zone_23,110.4,107.5,0.3584,1000.0,1.0
ETA_AWARE,166,68862.6,2,load_zone_23,load_zone_23,dump_zone_22,load_zone_23,dump_zone_22,110.4,109.2,0.3584,1000.0,1.0
ETA_AWARE,165,68866.9,1,load_zone_23,load_zone_23,dump_zone_22,load_zone_23,dump_zone_23,109.9,95.2,0.3584,1000.0,1.0
ETA_AWARE,167,68875.4,3,load_zone_26,load_zone_26,load_zone_29,load_zone_26,dump_zone_3,197.0,245.8,0.6311,1000.0,1.0
ETA_AWARE,168,69120.4,3,load_zone_26,load_zone_26,load_zone_29,load_zone_26,dump_zone_3,197.0,244.8,0.6311,1000.0,1.0
ETA_AWARE,169,69615.2,3,dump_zone_3,load_zone_22,dump_zone_23,load_zone_22,dump_zone_22,102.1,99.4,0.3318,1000.0,1.0
ETA_AWARE,170,69680.7,1,dump_zone_23,load_zone_26,load_zone_29,load_zone_26,dump_zone_3,196.5,241.1,0.6311,1000.0,1.0
ETA_AWARE,171,69707.1,2,dump_zone_22,load_zone_26,load_zone_29,load_zone_26,dump_zone_3,197.0,270.4,0.6311,1000.0,1.0
ETA_AWARE,172,69821.9,1,load_zone_26,load_zone_26,load_zone_29,load_zone_26,dump_zone_3,196.5,246.2,0.6311,1000.0,1.0
ETA_AWARE,173,69851.0,2,load_zone_26,load_zone_26,load_zone_29,load_zone_26,dump_zone_3,197.0,244.2,0.6311,1000.0,1.0
ETA_AWARE,174,70068.9,1,load_zone_26,load_zone_26,load_zone_29,load_zone_26,dump_zone_3,196.5,245.1,0.6311,1000.0,1.0
ETA_AWARE,175,70095.9,2,load_zone_26,load_zone_26,load_zone_29,load_zone_26,dump_zone_3,197.0,377.2,0.6311,1000.0,1.0
ETA_AWARE,176,70313.0,1,load_zone_26,load_zone_26,load_zone_29,load_zone_26,dump_zone_3,196.5,247.2,0.6311,1000.0,1.0
ETA_AWARE,177,70472.5,2,load_zone_26,load_zone_26,load_zone_29,load_zone_26,dump_zone_3,197.0,242.8,0.6311,1000.0,1.0
ETA_AWARE,178,70560.4,1,load_zone_26,load_zone_26,load_zone_29,load_zone_26,dump_zone_3,196.5,245.5,0.6311,1000.0,1.0
ETA_AWARE,179,70715.3,2,load_zone_26,load_zone_26,load_zone_29,load_zone_26,dump_zone_3,197.0,238.4,0.6311,1000.0,1.0
ETA_AWARE,180,70806.3,1,load_zone_26,load_zone_26,load_zone_29,load_zone_26,load_zone_29,196.5,197.4,0.6311,0.0,1.0
ETA_AWARE,182,70954.8,2,load_zone_25,load_zone_25,dump_zone_3,load_zone_25,dump_zone_3,387.6,296.4,1.2265,1000.0,1.0
ETA_AWARE,181,71003.1,1,load_zone_29,load_zone_29,dump_zone_3,load_zone_29,dump_zone_3,333.4,217.5,1.0749,1000.0,1.0
FIFO,3,118.2,1,dump_zone_3,load_zone_1,dump_zone_2,load_zone_26,dump_zone_3,183.0,245.0,0.5877,1000.0,1.0
FIFO,1,137.5,2,dump_zone_22,load_zone_2,dump_zone_2,load_zone_22,dump_zone_22,208.4,185.9,0.6764,1000.0,1.0
FIFO,2,166.8,3,dump_zone_23,load_zone_22,dump_zone_23,load_zone_22,dump_zone_23,102.7,211.2,0.3327,1000.0,1.0
FIFO,4,189.0,2,load_zone_22,load_zone_23,dump_zone_22,load_zone_22,dump_zone_22,110.4,99.4,0.3584,1000.0,1.0
FIFO,5,215.6,3,load_zone_22,load_zone_24,dump_zone_3,load_zone_22,dump_zone_23,320.2,85.0,1.0265,1000.0,1.0
FIFO,8,251.7,1,load_zone_26,load_zone_25,dump_zone_3,load_zone_26,dump_zone_3,382.9,227.6,1.2265,1000.0,1.0
FIFO,6,288.7,2,load_zone_22,load_zone_26,load_zone_29,load_zone_22,dump_zone_22,197.4,98.8,0.6311,1000.0,1.0
FIFO,7,300.5,3,load_zone_22,load_zone_27,dump_zone_3,load_zone_22,dump_zone_23,319.6,98.2,1.0295,1000.0,1.0
FIFO,11,391.0,2,load_zone_22,load_zone_29,dump_zone_3,load_zone_22,dump_zone_22,333.9,300.0,1.0749,1000.0,1.0
FIFO,9,397.4,3,load_zone_22,load_zone_1,dump_zone_2,load_zone_22,dump_zone_23,183.0,99.4,0.5877,1000.0,1.0
FIFO,12,480.4,1,load_zone_26,load_zone_2,dump_zone_2,load_zone_26,dump_zone_3,208.4,227.0,0.6764,1000.0,1.0
FIFO,10,498.4,3,load_zone_22,load_zone_22,dump_zone_23,load_zone_22,dump_zone_23,102.4,128.4,0.3318,1000.0,1.0
FIFO,13,625.1,3,load_zone_22,load_zone_23,dump_zone_22,load_zone_22,dump_zone_23,110.4,83.6,0.3584,1000.0,1.0
FIFO,15,687.4,2,load_zone_23,load_zone_24,dump_zone_3,load_zone_23,dump_zone_23,320.2,124.9,1.0265,1000.0,1.0
FIFO,18,706.4,1,load_zone_26,load_zone_25,dump_zone_3,load_zone_26,dump_zone_3,382.9,232.2,1.2265,1000.0,1.0
FIFO,14,709.2,3,load_zone_23,load_zone_26,load_zone_29,load_zone_23,dump_zone_22,197.4,93.5,0.6311,1000.0,1.0
FIFO,16,802.6,3,load_zone_23,load_zone_27,dump_zone_3,load_zone_23,dump_zone_22,319.6,107.1,1.0295,1000.0,1.0
FIFO,17,813.8,2,load_zone_23,load_zone_29,dump_zone_3,load_zone_23,dump_zone_23,333.9,112.5,1.0749,1000.0,1.0
FIFO,19,913.8,3,load_zone_23,load_zone_1,dump_zone_2,load_zone_23,dump_zone_22,183.0,113.3,0.5877,1000.0,1.0
FIFO,20,926.4,2,load_zone_23,load_zone_2,dump_zone_2,load_zone_23,dump_zone_23,208.4,104.1,0.6764,1000.0,1.0
FIFO,23,938.1,1,load_zone_26,load_zone_22,dump_zone_23,load_zone_26,dump_zone_3,102.4,229.8,0.3318,1000.0,1.0
FIFO,22,1022.9,3,load_zone_23,load_zone_23,dump_zone_22,load_zone_23,dump_zone_22,110.4,100.9,0.3584,1000.0,1.0
FIFO,21,1030.2,2,load_zone_23,load_zone_24,dump_zone_3,load_zone_23,dump_zone_23,320.2,95.0,1.0265,1000.0,1.0
FIFO,25,1124.2,3,load_zone_23,load_zone_25,dump_zone_3,load_zone_23,dump_zone_23,382.9,108.4,1.2265,1000.0,1.0
FIFO,24,1126.1,2,load_zone_23,load_zone_26,load_zone_29,load_zone_23,dump_zone_22,197.4,103.8,0.6311,1000.0,1.0
FIFO,26,1168.3,1,load_zone_26,load_zone_27,dump_zone_3,load_zone_26,dump_zone_3,319.6,230.7,1.0295,1000.0,1.0
FIFO,27,1228.3,2,load_zone_1,load_zone_29,dump_zone_3,load_zone_1,dump_zone_1,333.9,200.3,1.0749,1000.0,1.0
FIFO,28,1233.8,3,load_zone_2,load_zone_1,dump_zone_2,load_zone_2,dump_zone_2,183.0,201.5,0.5877,1000.0,1.0
FIFO,31,1398.9,1,load_zone_26,load_zone_2,dump_zone_2,load_zone_26,dump_zone_3,208.4,229.5,0.6764,1000.0,1.0
FIFO,30,1429.1,2,load_zone_1,load_zone_22,dump_zone_23,load_zone_1,dump_zone_1,102.4,193.2,0.3318,1000.0,1.0
FIFO,29,1437.5,3,load_zone_1,load_zone_23,dump_zone_22,load_zone_1,dump_zone_2,110.4,175.0,0.3584,1000.0,1.0
FIFO,33,1836.6,3,dump_zone_2,load_zone_24,dump_zone_3,load_zone_26,dump_zone_3,320.2,235.6,1.0265,1000.0,1.0
FIFO,34,1847.3,1,dump_zone_3,load_zone_25,dump_zone_3,load_zone_26,dump_zone_3,382.9,245.7,1.2265,1000.0,1.0
FIFO,32,1891.4,2,dump_zone_1,load_zone_26,load_zone_29,load_zone_22,dump_zone_22,197.4,224.2,0.6311,1000.0,1.0
FIFO,35,1973.3,3,load_zone_26,load_zone_27,dump_zone_3,load_zone_26,dump_zone_3,319.6,231.8,1.0295,1000.0,1.0
FIFO,36,1982.7,1,load_zone_26,load_zone_29,dump_zone_3,load_zone_26,dump_zone_3,333.9,231.2,1.0749,1000.0,1.0
FIFO,38,2719.8,2,dump_zone_22,load_zone_1,dump_zone_2,load_zone_26,dump_zone_3,183.0,239.4,0.5877,1000.0,1.0
FIFO,37,2750.3,1,dump_zone_3,load_zone_2,dump_zone_2,load_zone_22,dump_zone_22,208.4,216.2,0.6764,1000.0,1.0
FIFO,39,2823.4,3,dump_zone_3,load_zone_22,dump_zone_23,load_zone_22,dump_zone_22,102.4,262.6,0.3318,1000.0,1.0
FIFO,40,3150.8,3,dump_zone_22,load_zone_23,dump_zone_22,load_zone_26,dump_zone_3,108.4,368.8,0.3518,1000.0,1.0
FIFO,41,3213.6,2,dump_zone_3,load_zone_24,dump_zone_3,load_zone_26,dump_zone_3,320.2,426.1,1.0265,1000.0,1.0
FIFO,42,3334.3,3,load_zone_26,load_zone_25,dump_zone_3,load_zone_26,dump_zone_3,382.9,312.6,1.2265,1000.0,1.0
FIFO,43,3391.5,2,load_zone_26,load_zone_26,load_zone_29,load_zone_26,dump_zone_3,197.4,320.1,0.6311,1000.0,1.0
FIFO,44,3646.9,3,load_zone_26,load_zone_27,dump_zone_3,load_zone_26,dump_zone_3,319.6,315.8,1.0295,1000.0,1.0
FIFO,45,3711.6,2,load_zone_26,load_zone_29,dump_zone_3,load_zone_26,dump_zone_3,333.9,360.3,1.0749,1000.0,1.0
FIFO,46,3962.7,3,load_zone_26,load_zone_1,dump_zone_2,load_zone_26,dump_zone_3,183.0,322.4,0.5877,1000.0,1.0
FIFO,47,4071.9,2,load_zone_26,load_zone_2,dump_zone_2,load_zone_26,dump_zone_3,208.4,307.2,0.6764,1000.0,1.0
FIFO,48,4285.0,3,load_zone_26,load_zone_22,dump_zone_23,load_zone_26,dump_zone_3,102.4,317.0,0.3318,1000.0,1.0
FIFO,49,4379.1,2,load_zone_26,load_zone_23,dump_zone_22,load_zone_26,dump_zone_3,110.4,322.0,0.3584,1000.0,1.0
FIFO,50,4601.9,3,load_zone_29,load_zone_24,dump_zone_3,load_zone_29,dump_zone_3,320.2,343.2,1.0265,1000.0,1.0
FIFO,51,4701.0,2,load_zone_25,load_zone_25,dump_zone_3,load_zone_25,dump_zone_3,382.9,387.6,1.2265,1000.0,1.0
FIFO,52,4945.2,3,load_zone_29,load_zone_26,load_zone_29,load_zone_29,dump_zone_3,197.8,345.5,0.6324,1000.0,1.0
FIFO,53,5088.6,2,load_zone_25,load_zone_27,dump_zone_3,load_zone_25,dump_zone_3,319.6,382.9,1.0295,1000.0,1.0
FIFO,54,5290.6,3,load_zone_29,load_zone_29,dump_zone_3,load_zone_29,dump_zone_3,333.9,343.2,1.0749,1000.0,1.0
FIFO,55,5471.5,2,load_zone_25,load_zone_1,dump_zone_2,load_zone_25,dump_zone_3,183.0,379.2,0.5877,1000.0,1.0
FIFO,56,5634.1,3,load_zone_29,load_zone_2,dump_zone_2,load_zone_29,dump_zone_3,208.4,358.3,0.6764,1000.0,1.0
FIFO,57,5851.0,2,load_zone_25,load_zone_22,dump_zone_23,load_zone_25,dump_zone_3,102.4,388.9,0.3318,1000.0,1.0
FIFO,58,5992.3,3,load_zone_29,load_zone_23,dump_zone_22,load_zone_29,dump_zone_3,110.4,343.3,0.3584,1000.0,1.0
FIFO,59,6239.6,2,load_zone_25,load_zone_24,dump_zone_3,load_zone_25,dump_zone_3,320.2,399.1,1.0265,1000.0,1.0
FIFO,60,6335.9,3,load_zone_29,load_zone_25,dump_zone_3,load_zone_29,dump_zone_3,382.9,333.9,1.2265,1000.0,1.0
FIFO,65,6638.8,2,load_zone_25,load_zone_26,load_zone_29,load_zone_25,dump_zone_3,197.4,1689.2,0.6311,1000.0,1.0
FIFO,61,6664.3,3,load_zone_29,load_zone_27,dump_zone_3,load_zone_29,dump_zone_3,319.6,329.4,1.0295,1000.0,1.0
FIFO,62,6998.7,3,load_zone_29,load_zone_29,dump_zone_3,load_zone_29,dump_zone_3,333.9,317.2,1.0749,1000.0,1.0
FIFO,63,7316.1,3,load_zone_29,load_zone_1,dump_zone_2,load_zone_29,dump_zone_3,183.0,316.2,0.5877,1000.0,1.0
FIFO,64,7632.3,3,load_zone_29,load_zone_2,dump_zone_2,load_zone_29,dump_zone_3,208.4,323.3,0.6764,1000.0,1.0
FIFO,67,7955.6,3,load_zone_24,load_zone_22,dump_zone_23,load_zone_24,dump_zone_3,102.4,1054.0,0.3318,1000.0,1.0
FIFO,66,8327.9,2,load_zone_25,load_zone_23,dump_zone_22,load_zone_25,dump_zone_3,110.4,375.1,0.3584,1000.0,1.0
FIFO,69,8703.0,2,load_zone_25,load_zone_24,dump_zone_3,load_zone_25,dump_zone_3,320.2,671.1,1.0265,1000.0,1.0
FIFO,68,9009.4,3,load_zone_24,load_zone_25,dump_zone_3,load_zone_24,dump_zone_3,382.9,319.1,1.2265,1000.0,1.0
FIFO,70,9329.0,3,load_zone_24,load_zone_26,load_zone_29,load_zone_24,dump_zone_3,197.4,326.9,0.6311,1000.0,1.0
FIFO,71,9374.1,2,load_zone_25,load_zone_27,dump_zone_3,load_zone_25,dump_zone_3,319.6,392.1,1.0295,1000.0,1.0
FIFO,72,9655.7,3,load_zone_24,load_zone_29,dump_zone_3,load_zone_24,dump_zone_3,333.9,318.7,1.0749,1000.0,1.0
FIFO,73,9766.5,2,load_zone_25,load_zone_1,dump_zone_2,load_zone_25,dump_zone_3,183.0,380.4,0.5877,1000.0,1.0
FIFO,74,9974.6,3,load_zone_24,load_zone_2,dump_zone_2,load_zone_24,dump_zone_3,208.4,311.2,0.6764,1000.0,1.0
FIFO,75,10146.8,2,load_zone_24,load_zone_22,dump_zone_23,load_zone_24,dump_zone_3,102.4,307.4,0.3318,1000.0,1.0
FIFO,76,10285.4,3,load_zone_24,load_zone_23,dump_zone_22,load_zone_24,dump_zone_3,110.4,320.2,0.3584,1000.0,1.0
FIFO,77,10454.2,2,load_zone_24,load_zone_24,dump_zone_3,load_zone_24,dump_zone_3,320.2,320.9,1.0265,1000.0,1.0
FIFO,78,10605.6,3,load_zone_24,load_zone_25,dump_zone_3,load_zone_24,dump_zone_3,382.9,321.1,1.2265,1000.0,1.0
FIFO,79,10774.9,2,load_zone_24,load_zone_26,load_zone_29,load_zone_24,dump_zone_3,197.4,326.3,0.6311,1000.0,1.0
FIFO,80,11101.2,2,load_zone_27,load_zone_27,dump_zone_3,load_zone_27,dump_zone_3,319.6,324.4,1.0295,1000.0,1.0
FIFO,81,11425.7,2,load_zone_27,load_zone_29,dump_zone_3,load_zone_27,dump_zone_3,333.9,314.7,1.0749,1000.0,1.0
FIFO,84,62787.6,1,dump_zone_22,load_zone_1,dump_zone_2,load_zone_26,dump_zone_3,183.0,268.4,0.5877,1000.0,1.0
FIFO,82,62804.9,2,dump_zone_3,load_zone_2,dump_zone_2,load_zone_22,dump_zone_22,208.4,222.2,0.6764,1000.0,1.0
FIFO,83,62823.4,3,dump_zone_3,load_zone_22,dump_zone_23,load_zone_22,dump_zone_23,118.8,223.0,0.3849,1000.0,1.16
FIFO,85,62883.2,2,load_zone_22,load_zone_23,dump_zone_22,load_zone_22,dump_zone_23,110.4,131.8,0.3584,1000.0,1.0
FIFO,86,62884.3,3,load_zone_22,load_zone_24,dump_zone_3,load_zone_22,dump_zone_22,320.2,132.8,1.0265,1000.0,1.0
FIFO,89,62929.6,1,load_zone_26,load_zone_25,dump_zone_3,load_zone_26,dump_zone_3,382.9,245.2,1.2265,1000.0,1.0
FIFO,87,63013.1,3,load_zone_22,load_zone_26,load_zone_29,load_zone_22,dump_zone_23,197.4,110.8,0.6311,1000.0,1.0
FIFO,88,63013.5,2,load_zone_22,load_zone_27,dump_zone_3,load_zone_22,dump_zone_22,319.6,125.9,1.0295,1000.0,1.0
FIFO,91,63126.5,3,load_zone_22,load_zone_29,dump_zone_3,load_zone_22,dump_zone_22,333.9,114.9,1.0749,1000.0,1.0
FIFO,90,63140.6,2,load_zone_22,load_zone_22,dump_zone_23,load_zone_22,dump_zone_23,102.4,99.9,0.3318,1000.0,1.0
FIFO,94,63440.2,1,dump_zone_3,load_zone_26,load_zone_29,load_zone_26,dump_zone_3,197.0,264.8,0.6298,1000.0,1.0
FIFO,92,63471.9,3,dump_zone_22,load_zone_22,dump_zone_23,load_zone_22,dump_zone_22,102.1,217.8,0.3309,1000.0,1.0
FIFO,93,63483.3,2,dump_zone_23,load_zone_22,dump_zone_23,load_zone_22,dump_zone_23,102.7,220.9,0.3327,1000.0,1.0
FIFO,95,63538.9,3,load_zone_22,load_zone_22,dump_zone_23,load_zone_22,dump_zone_23,110.6,103.0,0.3583,1000.0,1.08
FIFO,96,63541.8,2,load_zone_22,load_zone_22,dump_zone_23,load_zone_22,dump_zone_22,110.6,111.7,0.3583,1000.0,1.08
FIFO,97,63585.5,1,load_zone_26,load_zone_26,load_zone_29,load_zone_26,dump_zone_3,197.4,246.0,0.6311,1000.0,1.0
FIFO,98,63831.6,1,load_zone_26,load_zone_26,load_zone_29,load_zone_26,dump_zone_3,197.4,240.0,0.6311,1000.0,1.0
FIFO,99,64072.7,1,load_zone_26,load_zone_26,load_zone_29,load_zone_26,dump_zone_3,197.4,241.8,0.6311,1000.0,1.0
FIFO,100,64314.0,1,load_zone_26,load_zone_26,load_zone_29,load_zone_26,dump_zone_3,197.4,247.2,0.6311,1000.0,1.0
FIFO,101,64560.4,1,load_zone_26,load_zone_26,load_zone_29,load_zone_26,dump_zone_3,197.4,243.5,0.6311,1000.0,1.0
FIFO,102,64804.5,1,load_zone_26,load_zone_26,load_zone_29,load_zone_26,dump_zone_3,197.4,243.6,0.6311,1000.0,1.0
FIFO,104,65209.7,3,dump_zone_23,load_zone_22,dump_zone_23,load_zone_22,dump_zone_22,102.7,110.7,0.3327,1000.0,1.0
FIFO,103,65225.7,1,dump_zone_3,load_zone_22,dump_zone_23,load_zone_22,dump_zone_23,102.4,104.3,0.3318,1000.0,1.0
FIFO,106,65285.1,1,load_zone_22,load_zone_22,dump_zone_23,load_zone_22,dump_zone_22,102.4,116.8,0.3318,1000.0,1.0
FIFO,105,65287.7,3,load_zone_22,load_zone_22,dump_zone_23,load_zone_22,dump_zone_23,102.4,103.5,0.3318,1000.0,1.0
FIFO,107,65305.2,2,dump_zone_22,load_zone_26,load_zone_29,load_zone_26,dump_zone_3,197.4,265.8,0.6311,1000.0,1.0
FIFO,108,65393.2,3,load_zone_22,load_zone_22,dump_zone_23,load_zone_22,dump_zone_22,102.4,103.3,0.3318,1000.0,1.0
FIFO,109,65398.2,1,load_zone_22,load_zone_22,dump_zone_23,load_zone_22,dump_zone_23,102.4,99.0,0.3318,1000.0,1.0
FIFO,112,65447.4,2,load_zone_26,load_zone_26,load_zone_29,load_zone_26,dump_zone_3,197.4,244.7,0.6311,1000.0,1.0
FIFO,111,65498.4,3,load_zone_22,load_zone_22,dump_zone_23,load_zone_22,dump_zone_22,102.4,119.6,0.3318,1000.0,1.0
FIFO,110,65500.4,1,load_zone_22,load_zone_22,dump_zone_23,load_zone_22,dump_zone_23,102.4,110.6,0.3318,1000.0,1.0
FIFO,113,65608.5,1,load_zone_22,load_zone_22,dump_zone_23,load_zone_22,dump_zone_22,102.4,102.6,0.3318,1000.0,1.0
FIFO,114,65614.4,3,load_zone_22,load_zone_22,dump_zone_23,load_zone_22,dump_zone_23,102.4,97.5,0.3318,1000.0,1.0
FIFO,117,65691.8,2,load_zone_26,load_zone_26,load_zone_29,load_zone_26,dump_zone_3,197.4,244.2,0.6311,1000.0,1.0
FIFO,116,65714.0,1,load_zone_23,load_zone_23,dump_zone_22,load_zone_23,dump_zone_23,110.4,117.6,0.3584,1000.0,1.0
FIFO,115,65715.8,3,load_zone_23,load_zone_23,dump_zone_22,load_zone_23,dump_zone_22,119.3,114.0,0.3871,1000.0,1.08
FIFO,118,65829.5,3,load_zone_23,load_zone_23,dump_zone_22,load_zone_23,dump_zone_23,119.3,117.4,0.3871,1000.0,1.08
FIFO,119,65829.7,1,load_zone_23,load_zone_23,dump_zone_22,load_zone_23,dump_zone_22,110.4,119.3,0.3584,1000.0,1.0
FIFO,124,65936.4,2,load_zone_26,load_zone_26,load_zone_29,load_zone_26,dump_zone_3,197.4,248.2,0.6311,1000.0,1.0
FIFO,121,65946.1,3,load_zone_23,load_zone_23,dump_zone_22,load_zone_23,dump_zone_23,110.4,117.0,0.3584,1000.0,1.0
FIFO,120,65947.4,1,load_zone_23,load_zone_23,dump_zone_22,load_zone_23,dump_zone_22,110.4,110.4,0.3584,1000.0,1.0
FIFO,122,66057.2,1,load_zone_23,load_zone_23,dump_zone_22,load_zone_23,dump_zone_22,110.4,109.8,0.3584,1000.0,1.0
FIFO,123,66060.9,3,load_zone_23,load_zone_23,dump_zone_22,load_zone_23,dump_zone_23,110.4,116.3,0.3584,1000.0,1.0
FIFO,125,66171.4,1,load_zone_23,load_zone_23,dump_zone_22,load_zone_23,dump_zone_22,110.4,122.2,0.3584,1000.0,1.0
FIFO,126,66180.3,3,load_zone_23,load_zone_23,dump_zone_22,load_zone_23,dump_zone_23,110.4,114.2,0.3584,1000.0,1.0
FIFO,127,66183.3,2,load_zone_26,load_zone_26,load_zone_29,load_zone_26,dump_zone_3,197.4,235.9,0.6311,1000.0,1.0
FIFO,133,66289.3,1,load_zone_1,load_zone_1,dump_zone_2,load_zone_1,dump_zone_1,183.0,647.7,0.5877,1000.0,1.0
FIFO,128,66290.7,3,load_zone_2,load_zone_2,dump_zone_2,load_zone_2,dump_zone_2,208.4,215.3,0.6764,1000.0,1.0
FIFO,129,66420.4,2,load_zone_26,load_zone_26,load_zone_29,load_zone_26,dump_zone_3,213.2,242.5,0.6816,1000.0,1.08
FIFO,130,66508.4,3,load_zone_1,load_zone_1,dump_zone_2,load_zone_1,dump_zone_2,183.0,191.0,0.5877,1000.0,1.0
FIFO,132,66663.1,2,load_zone_26,load_zone_26,load_zone_29,load_zone_26,dump_zone_3,197.4,245.3,0.6311,1000.0,1.0
FIFO,131,66701.0,3,load_zone_1,load_zone_1,dump_zone_2,load_zone_1,dump_zone_2,183.0,185.1,0.5877,1000.0,1.0
FIFO,134,66885.3,3,load_zone_1,load_zone_1,dump_zone_2,load_zone_1,dump_zone_1,183.0,193.3,0.5877,1000.0,1.0
FIFO,136,66907.2,2,load_zone_26,load_zone_26,load_zone_29,load_zone_26,dump_zone_3,197.4,239.2,0.6311,1000.0,1.0
FIFO,135,66939.0,1,load_zone_1,load_zone_1,dump_zone_2,load_zone_1,dump_zone_2,183.0,176.6,0.5877,1000.0,1.0
FIFO,137,67077.7,3,load_zone_1,load_zone_1,dump_zone_2,load_zone_1,dump_zone_1,183.0,192.2,0.5877,1000.0,1.0
FIFO,138,67118.2,1,load_zone_1,load_zone_1,dump_zone_2,load_zone_1,dump_zone_2,183.0,183.5,0.5877,1000.0,1.0
FIFO,139,67146.5,2,load_zone_26,load_zone_26,load_zone_29,load_zone_26,dump_zone_3,197.4,243.1,0.6311,1000.0,1.0
FIFO,140,67270.1,3,load_zone_1,load_zone_1,dump_zone_2,load_zone_1,dump_zone_1,183.0,190.9,0.5877,1000.0,1.0
FIFO,141,67301.3,1,load_zone_1,load_zone_1,dump_zone_2,load_zone_1,dump_zone_2,183.0,182.5,0.5877,1000.0,1.0
FIFO,144,67757.6,3,dump_zone_1,load_zone_26,load_zone_29,load_zone_26,dump_zone_3,197.4,260.0,0.6311,1000.0,1.0
FIFO,142,67782.4,2,dump_zone_3,load_zone_22,dump_zone_23,load_zone_22,dump_zone_22,102.4,217.4,0.3318,1000.0,1.0
FIFO,143,67813.3,1,dump_zone_2,load_zone_22,dump_zone_23,load_zone_22,dump_zone_23,102.4,225.2,0.3318,1000.0,1.0
FIFO,145,67854.0,2,load_zone_22,load_zone_22,dump_zone_23,load_zone_22,dump_zone_23,102.4,97.8,0.3318,1000.0,1.0
FIFO,146,67865.7,1,load_zone_22,load_zone_22,dump_zone_23,load_zone_22,dump_zone_22,102.4,120.2,0.3318,1000.0,1.0
FIFO,149,67901.7,3,load_zone_26,load_zone_26,load_zone_29,load_zone_26,dump_zone_3,197.4,244.3,0.6311,1000.0,1.0
FIFO,147,67954.0,2,load_zone_22,load_zone_22,dump_zone_23,load_zone_22,dump_zone_22,102.4,115.5,0.3318,1000.0,1.0
FIFO,148,67982.4,1,load_zone_22,load_zone_22,dump_zone_23,load_zone_22,dump_zone_23,102.4,99.2,0.3318,1000.0,1.0
FIFO,153,68067.7,2,load_zone_22,load_zone_22,dump_zone_23,load_zone_22,dump_zone_22,102.4,313.1,0.3318,1000.0,1.0
FIFO,150,68085.2,1,load_zone_22,load_zone_22,dump_zone_23,load_zone_22,dump_zone_23,102.4,102.4,0.3318,1000.0,1.0
FIFO,154,68145.1,3,load_zone_26,load_zone_26,load_zone_29,load_zone_26,dump_zone_3,197.4,245.1,0.6311,1000.0,1.0
FIFO,151,68188.3,1,load_zone_22,load_zone_22,dump_zone_23,load_zone_22,dump_zone_23,102.4,97.6,0.3318,1000.0,1.0
FIFO,152,68284.4,1,load_zone_22,load_zone_22,dump_zone_23,load_zone_22,dump_zone_23,102.4,99.0,0.3318,1000.0,1.0
FIFO,155,68384.7,2,load_zone_23,load_zone_23,dump_zone_22,load_zone_23,dump_zone_23,110.4,114.9,0.3584,1000.0,1.0
FIFO,156,68385.0,1,load_zone_23,load_zone_23,dump_zone_22,load_zone_23,dump_zone_22,110.4,129.9,0.3584,1000.0,1.0
FIFO,157,68390.0,3,load_zone_26,load_zone_26,load_zone_29,load_zone_26,dump_zone_3,197.4,239.8,0.6311,1000.0,1.0
FIFO,158,68499.5,2,load_zone_23,load_zone_23,dump_zone_22,load_zone_23,dump_zone_23,110.4,140.2,0.3584,1000.0,1.0
FIFO,159,68510.4,1,load_zone_23,load_zone_23,dump_zone_22,load_zone_23,dump_zone_22,110.4,128.2,0.3584,1000.0,1.0
FIFO,164,68630.9,3,load_zone_26,load_zone_26,load_zone_29,load_zone_26,dump_zone_3,197.4,244.4,0.6311,1000.0,1.0
FIFO,161,68637.4,2,load_zone_23,load_zone_23,dump_zone_22,load_zone_23,dump_zone_23,110.4,116.3,0.3584,1000.0,1.0
FIFO,160,68643.0,1,load_zone_23,load_zone_23,dump_zone_22,load_zone_23,dump_zone_22,110.4,108.7,0.3584,1000.0,1.0
FIFO,163,68747.5,1,load_zone_23,load_zone_23,dump_zone_22,load_zone_23,dump_zone_22,110.4,119.7,0.3584,1000.0,1.0
FIFO,162,68755.2,2,load_zone_23,load_zone_23,dump_zone_22,load_zone_23,dump_zone_23,110.4,107.5,0.3584,1000.0,1.0
FIFO,166,68862.6,2,load_zone_23,load_zone_23,dump_zone_22,load_zone_23,dump_zone_22,110.4,109.2,0.3584,1000.0,1.0
FIFO,165,68866.9,1,load_zone_23,load_zone_23,dump_zone_22,load_zone_23,dump_zone_23,110.4,95.2,0.3584,1000.0,1.0
FIFO,167,68875.4,3,load_zone_26,load_zone_26,load_zone_29,load_zone_26,dump_zone_3,197.4,245.8,0.6311,1000.0,1.0
FIFO,168,69120.4,3,load_zone_26,load_zone_26,load_zone_29,load_zone_26,dump_zone_3,197.4,244.8,0.6311,1000.0,1.0
FIFO,169,69615.2,3,dump_zone_3,load_zone_22,dump_zone_23,load_zone_22,dump_zone_22,102.4,99.4,0.3318,1000.0,1.0
FIFO,170,69680.7,1,dump_zone_23,load_zone_26,load_zone_29,load_zone_26,dump_zone_3,197.4,241.1,0.6311,1000.0,1.0
FIFO,171,69707.1,2,dump_zone_22,load_zone_26,load_zone_29,load_zone_26,dump_zone_3,197.4,270.4,0.6311,1000.0,1.0
FIFO,172,69821.9,1,load_zone_26,load_zone_26,load_zone_29,load_zone_26,dump_zone_3,197.4,246.2,0.6311,1000.0,1.0
FIFO,173,69851.0,2,load_zone_26,load_zone_26,load_zone_29,load_zone_26,dump_zone_3,197.4,244.2,0.6311,1000.0,1.0
FIFO,174,70068.9,1,load_zone_26,load_zone_26,load_zone_29,load_zone_26,dump_zone_3,197.4,245.1,0.6311,1000.0,1.0
FIFO,175,70095.9,2,load_zone_26,load_zone_26,load_zone_29,load_zone_26,dump_zone_3,197.4,377.2,0.6311,1000.0,1.0
FIFO,176,70313.0,1,load_zone_26,load_zone_26,load_zone_29,load_zone_26,dump_zone_3,197.4,247.2,0.6311,1000.0,1.0
FIFO,177,70472.5,2,load_zone_26,load_zone_26,load_zone_29,load_zone_26,dump_zone_3,197.4,242.8,0.6311,1000.0,1.0
FIFO,178,70560.4,1,load_zone_26,load_zone_26,load_zone_29,load_zone_26,dump_zone_3,197.4,245.5,0.6311,1000.0,1.0
FIFO,179,70715.3,2,load_zone_26,load_zone_26,load_zone_29,load_zone_26,dump_zone_3,197.4,238.4,0.6311,1000.0,1.0
FIFO,180,70806.3,1,load_zone_26,load_zone_26,load_zone_29,load_zone_26,load_zone_29,197.4,197.4,0.6311,0.0,1.0
FIFO,182,70954.8,2,load_zone_25,load_zone_25,dump_zone_3,load_zone_25,dump_zone_3,382.9,296.4,1.2265,1000.0,1.0
FIFO,181,71003.1,1,load_zone_29,load_zone_29,dump_zone_3,load_zone_29,dump_zone_3,333.9,217.5,1.0749,1000.0,1.0
LOAD_BALANCE,3,118.2,1,dump_zone_3,load_zone_1,dump_zone_2,load_zone_26,dump_zone_3,183.0,245.0,0.5877,1000.0,1.0
LOAD_BALANCE,1,137.5,2,dump_zone_22,load_zone_2,dump_zone_2,load_zone_22,dump_zone_22,208.4,185.9,0.6764,1000.0,1.0
LOAD_BALANCE,2,166.8,3,dump_zone_23,load_zone_22,dump_zone_23,load_zone_22,dump_zone_23,102.7,211.2,0.3327,1000.0,1.0
LOAD_BALANCE,4,189.0,2,load_zone_22,load_zone_23,dump_zone_22,load_zone_22,dump_zone_22,110.4,99.4,0.3584,1000.0,1.0
LOAD_BALANCE,5,215.6,3,load_zone_22,load_zone_24,dump_zone_3,load_zone_22,dump_zone_23,320.2,85.0,1.0265,1000.0,1.0
LOAD_BALANCE,8,251.7,1,load_zone_26,load_zone_25,dump_zone_3,load_zone_26,dump_zone_3,382.9,227.6,1.2265,1000.0,1.0
LOAD_BALANCE,6,288.7,2,load_zone_22,load_zone_26,load_zone_29,load_zone_22,dump_zone_22,197.4,98.8,0.6311,1000.0,1.0
LOAD_BALANCE,7,300.5,3,load_zone_22,load_zone_27,dump_zone_3,load_zone_22,dump_zone_23,319.6,98.2,1.0295,1000.0,1.0
LOAD_BALANCE,11,391.0,2,load_zone_22,load_zone_29,dump_zone_3,load_zone_22,dump_zone_22,333.9,300.0,1.0749,1000.0,1.0
LOAD_BALANCE,9,397.4,3,load_zone_22,load_zone_1,dump_zone_2,load_zone_22,dump_zone_23,183.0,99.4,0.5877,1000.0,1.0
LOAD_BALANCE,12,480.4,1,load_zone_26,load_zone_2,dump_zone_2,load_zone_26,dump_zone_3,208.4,227.0,0.6764,1000.0,1.0
LOAD_BALANCE,10,498.4,3,load_zone_22,load_zone_22,dump_zone_23,load_zone_22,dump_zone_23,102.4,128.4,0.3318,1000.0,1.0
LOAD_BALANCE,13,625.1,3,load_zone_22,load_zone_23,dump_zone_22,load_zone_22,dump_zone_23,110.4,83.6,0.3584,1000.0,1.0
LOAD_BALANCE,15,687.4,2,load_zone_23,load_zone_24,dump_zone_3,load_zone_23,dump_zone_23,320.2,124.9,1.0265,1000.0,1.0
LOAD_BALANCE,18,706.4,1,load_zone_26,load_zone_25,dump_zone_3,load_zone_26,dump_zone_3,382.9,232.2,1.2265,1000.0,1.0
LOAD_BALANCE,14,709.2,3,load_zone_23,load_zone_26,load_zone_29,load_zone_23,dump_zone_22,197.4,93.5,0.6311,1000.0,1.0
LOAD_BALANCE,16,802.6,3,load_zone_23,load_zone_27,dump_zone_3,load_zone_23,dump_zone_22,319.6,107.1,1.0295,1000.0,1.0
LOAD_BALANCE,17,813.8,2,load_zone_23,load_zone_29,dump_zone_3,load_zone_23,dump_zone_23,333.9,112.5,1.0749,1000.0,1.0
LOAD_BALANCE,19,913.8,3,load_zone_23,load_zone_1,dump_zone_2,load_zone_23,dump_zone_22,183.0,113.3,0.5877,1000.0,1.0
LOAD_BALANCE,20,926.4,2,load_zone_23,load_zone_2,dump_zone_2,load_zone_23,dump_zone_23,208.4,104.1,0.6764,1000.0,1.0
LOAD_BALANCE,23,938.1,1,load_zone_26,load_zone_22,dump_zone_23,load_zone_26,dump_zone_3,102.4,229.8,0.3318,1000.0,1.0
LOAD_BALANCE,22,1022.9,3,load_zone_23,load_zone_23,dump_zone_22,load_zone_23,dump_zone_22,110.4,100.9,0.3584,1000.0,1.0
LOAD_BALANCE,21,1030.2,2,load_zone_23,load_zone_24,dump_zone_3,load_zone_23,dump_zone_23,320.2,95.0,1.0265,1000.0,1.0
LOAD_BALANCE,25,1124.2,3,load_zone_23,load_zone_25,dump_zone_3,load_zone_23,dump_zone_23,382.9,108.4,1.2265,1000.0,1.0
LOAD_BALANCE,24,1126.1,2,load_zone_23,load_zone_26,load_zone_29,load_zone_23,dump_zone_22,197.4,103.8,0.6311,1000.0,1.0
LOAD_BALANCE,26,1168.3,1,load_zone_26,load_zone_27,dump_zone_3,load_zone_26,dump_zone_3,319.6,230.7,1.0295,1000.0,1.0
LOAD_BALANCE,27,1228.3,2,load_zone_1,load_zone_29,dump_zone_3,load_zone_1,dump_zone_1,333.9,200.3,1.0749,1000.0,1.0
LOAD_BALANCE,28,1233.8,3,load_zone_2,load_zone_1,dump_zone_2,load_zone_2,dump_zone_2,183.0,201.5,0.5877,1000.0,1.0
LOAD_BALANCE,31,1398.9,1,load_zone_26,load_zone_2,dump_zone_2,load_zone_26,dump_zone_3,208.4,229.5,0.6764,1000.0,1.0
LOAD_BALANCE,30,1429.1,2,load_zone_1,load_zone_22,dump_zone_23,load_zone_1,dump_zone_1,102.4,193.2,0.3318,1000.0,1.0
LOAD_BALANCE,29,1437.5,3,load_zone_1,load_zone_23,dump_zone_22,load_zone_1,dump_zone_2,110.4,175.0,0.3584,1000.0,1.0
LOAD_BALANCE,33,1836.6,3,dump_zone_2,load_zone_24,dump_zone_3,load_zone_26,dump_zone_3,320.2,235.6,1.0265,1000.0,1.0
LOAD_BALANCE,34,1847.3,1,dump_zone_3,load_zone_25,dump_zone_3,load_zone_26,dump_zone_3,382.9,245.7,1.2265,1000.0,1.0
LOAD_BALANCE,32,1891.4,2,dump_zone_1,load_zone_26,load_zone_29,load_zone_22,dump_zone_22,197.4,224.2,0.6311,1000.0,1.0
LOAD_BALANCE,35,1973.3,3,load_zone_26,load_zone_27,dump_zone_3,load_zone_26,dump_zone_3,319.6,231.8,1.0295,1000.0,1.0
LOAD_BALANCE,36,1982.7,1,load_zone_26,load_zone_29,dump_zone_3,load_zone_26,dump_zone_3,333.9,231.2,1.0749,1000.0,1.0
LOAD_BALANCE,38,2719.8,2,dump_zone_22,load_zone_1,dump_zone_2,load_zone_26,dump_zone_3,183.0,239.4,0.5877,1000.0,1.0
LOAD_BALANCE,37,2750.3,1,dump_zone_3,load_zone_2,dump_zone_2,load_zone_22,dump_zone_22,208.4,216.2,0.6764,1000.0,1.0
LOAD_BALANCE,39,2823.4,3,dump_zone_3,load_zone_22,dump_zone_23,load_zone_22,dump_zone_22,102.4,262.6,0.3318,1000.0,1.0
LOAD_BALANCE,40,3150.8,3,dump_zone_22,load_zone_23,dump_zone_22,load_zone_26,dump_zone_3,108.4,368.8,0.3518,1000.0,1.0
LOAD_BALANCE,41,3213.6,2,dump_zone_3,load_zone_24,dump_zone_3,load_zone_26,dump_zone_3,320.2,426.1,1.0265,1000.0,1.0
LOAD_BALANCE,42,3334.3,3,load_zone_26,load_zone_25,dump_zone_3,load_zone_26,dump_zone_3,382.9,312.6,1.2265,1000.0,1.0
LOAD_BALANCE,43,3391.5,2,load_zone_26,load_zone_26,load_zone_29,load_zone_26,dump_zone_3,197.4,320.1,0.6311,1000.0,1.0
LOAD_BALANCE,44,3646.9,3,load_zone_26,load_zone_27,dump_zone_3,load_zone_26,dump_zone_3,319.6,315.8,1.0295,1000.0,1.0
LOAD_BALANCE,45,3711.6,2,load_zone_26,load_zone_29,dump_zone_3,load_zone_26,dump_zone_3,333.9,360.3,1.0749,1000.0,1.0
LOAD_BALANCE,46,3962.7,3,load_zone_26,load_zone_1,dump_zone_2,load_zone_26,dump_zone_3,183.0,322.4,0.5877,1000.0,1.0
LOAD_BALANCE,47,4071.9,2,load_zone_26,load_zone_2,dump_zone_2,load_zone_26,dump_zone_3,208.4,307.2,0.6764,1000.0,1.0
LOAD_BALANCE,48,4285.0,3,load_zone_26,load_zone_22,dump_zone_23,load_zone_26,dump_zone_3,102.4,317.0,0.3318,1000.0,1.0
LOAD_BALANCE,49,4379.1,2,load_zone_26,load_zone_23,dump_zone_22,load_zone_26,dump_zone_3,110.4,322.0,0.3584,1000.0,1.0
LOAD_BALANCE,50,4601.9,3,load_zone_29,load_zone_24,dump_zone_3,load_zone_29,dump_zone_3,320.2,343.2,1.0265,1000.0,1.0
LOAD_BALANCE,51,4701.0,2,load_zone_25,load_zone_25,dump_zone_3,load_zone_25,dump_zone_3,382.9,387.6,1.2265,1000.0,1.0
LOAD_BALANCE,52,4945.2,3,load_zone_29,load_zone_26,load_zone_29,load_zone_29,dump_zone_3,197.8,345.5,0.6324,1000.0,1.0
LOAD_BALANCE,53,5088.6,2,load_zone_25,load_zone_27,dump_zone_3,load_zone_25,dump_zone_3,319.6,382.9,1.0295,1000.0,1.0
LOAD_BALANCE,54,5290.6,3,load_zone_29,load_zone_29,dump_zone_3,load_zone_29,dump_zone_3,333.9,343.2,1.0749,1000.0,1.0
LOAD_BALANCE,55,5471.5,2,load_zone_25,load_zone_1,dump_zone_2,load_zone_25,dump_zone_3,183.0,379.2,0.5877,1000.0,1.0
LOAD_BALANCE,56,5634.1,3,load_zone_29,load_zone_2,dump_zone_2,load_zone_29,dump_zone_3,208.4,358.3,0.6764,1000.0,1.0
LOAD_BALANCE,57,5851.0,2,load_zone_25,load_zone_22,dump_zone_23,load_zone_25,dump_zone_3,102.4,388.9,0.3318,1000.0,1.0
LOAD_BALANCE,58,5992.3,3,load_zone_29,load_zone_23,dump_zone_22,load_zone_29,dump_zone_3,110.4,343.3,0.3584,1000.0,1.0
LOAD_BALANCE,59,6239.6,2,load_zone_25,load_zone_24,dump_zone_3,load_zone_25,dump_zone_3,320.2,399.1,1.0265,1000.0,1.0
LOAD_BALANCE,60,6335.9,3,load_zone_29,load_zone_25,dump_zone_3,load_zone_29,dump_zone_3,382.9,333.9,1.2265,1000.0,1.0
LOAD_BALANCE,65,6638.8,2,load_zone_25,load_zone_26,load_zone_29,load_zone_25,dump_zone_3,197.4,1689.2,0.6311,1000.0,1.0
LOAD_BALANCE,61,6664.3,3,load_zone_29,load_zone_27,dump_zone_3,load_zone_29,dump_zone_3,319.6,329.4,1.0295,1000.0,1.0
LOAD_BALANCE,62,6998.7,3,load_zone_29,load_zone_29,dump_zone_3,load_zone_29,dump_zone_3,333.9,317.2,1.0749,1000.0,1.0
LOAD_BALANCE,63,7316.1,3,load_zone_29,load_zone_1,dump_zone_2,load_zone_29,dump_zone_3,183.0,316.2,0.5877,1000.0,1.0
LOAD_BALANCE,64,7632.3,3,load_zone_29,load_zone_2,dump_zone_2,load_zone_29,dump_zone_3,208.4,323.3,0.6764,1000.0,1.0
LOAD_BALANCE,67,7955.6,3,load_zone_24,load_zone_22,dump_zone_23,load_zone_24,dump_zone_3,102.4,1054.0,0.3318,1000.0,1.0
LOAD_BALANCE,66,8327.9,2,load_zone_25,load_zone_23,dump_zone_22,load_zone_25,dump_zone_3,110.4,375.1,0.3584,1000.0,1.0
LOAD_BALANCE,69,8703.0,2,load_zone_25,load_zone_24,dump_zone_3,load_zone_25,dump_zone_3,320.2,671.1,1.0265,1000.0,1.0
LOAD_BALANCE,68,9009.4,3,load_zone_24,load_zone_25,dump_zone_3,load_zone_24,dump_zone_3,382.9,319.1,1.2265,1000.0,1.0
LOAD_BALANCE,70,9329.0,3,load_zone_24,load_zone_26,load_zone_29,load_zone_24,dump_zone_3,197.4,326.9,0.6311,1000.0,1.0
LOAD_BALANCE,71,9374.1,2,load_zone_25,load_zone_27,dump_zone_3,load_zone_25,dump_zone_3,319.6,392.1,1.0295,1000.0,1.0
LOAD_BALANCE,72,9655.7,3,load_zone_24,load_zone_29,dump_zone_3,load_zone_24,dump_zone_3,333.9,318.7,1.0749,1000.0,1.0
LOAD_BALANCE,73,9766.5,2,load_zone_25,load_zone_1,dump_zone_2,load_zone_25,dump_zone_3,183.0,380.4,0.5877,1000.0,1.0
LOAD_BALANCE,74,9974.6,3,load_zone_24,load_zone_2,dump_zone_2,load_zone_24,dump_zone_3,208.4,311.2,0.6764,1000.0,1.0
LOAD_BALANCE,75,10146.8,2,load_zone_24,load_zone_22,dump_zone_23,load_zone_24,dump_zone_3,102.4,307.4,0.3318,1000.0,1.0
LOAD_BALANCE,76,10285.4,3,load_zone_24,load_zone_23,dump_zone_22,load_zone_24,dump_zone_3,110.4,320.2,0.3584,1000.0,1.0
LOAD_BALANCE,77,10454.2,2,load_zone_24,load_zone_24,dump_zone_3,load_zone_24,dump_zone_3,320.2,320.9,1.0265,1000.0,1.0
LOAD_BALANCE,78,10605.6,3,load_zone_24,load_zone_25,dump_zone_3,load_zone_24,dump_zone_3,382.9,321.1,1.2265,1000.0,1.0
LOAD_BALANCE,79,10774.9,2,load_zone_24,load_zone_26,load_zone_29,load_zone_24,dump_zone_3,197.4,326.3,0.6311,1000.0,1.0
LOAD_BALANCE,80,11101.2,2,load_zone_27,load_zone_27,dump_zone_3,load_zone_27,dump_zone_3,319.6,324.4,1.0295,1000.0,1.0
LOAD_BALANCE,81,11425.7,2,load_zone_27,load_zone_29,dump_zone_3,load_zone_27,dump_zone_3,333.9,314.7,1.0749,1000.0,1.0
LOAD_BALANCE,84,62787.6,1,dump_zone_22,load_zone_1,dump_zone_2,load_zone_26,dump_zone_3,183.0,268.4,0.5877,1000.0,1.0
LOAD_BALANCE,82,62804.9,2,dump_zone_3,load_zone_2,dump_zone_2,load_zone_22,dump_zone_22,208.4,222.2,0.6764,1000.0,1.0
LOAD_BALANCE,83,62823.4,3,dump_zone_3,load_zone_22,dump_zone_23,load_zone_22,dump_zone_23,118.8,223.0,0.3849,1000.0,1.16
LOAD_BALANCE,85,62883.2,2,load_zone_22,load_zone_23,dump_zone_22,load_zone_22,dump_zone_23,110.4,131.8,0.3584,1000.0,1.0
LOAD_BALANCE,86,62884.3,3,load_zone_22,load_zone_24,dump_zone_3,load_zone_22,dump_zone_22,320.2,132.8,1.0265,1000.0,1.0
LOAD_BALANCE,89,62929.6,1,load_zone_26,load_zone_25,dump_zone_3,load_zone_26,dump_zone_3,382.9,245.2,1.2265,1000.0,1.0
LOAD_BALANCE,87,63013.1,3,load_zone_22,load_zone_26,load_zone_29,load_zone_22,dump_zone_23,197.4,110.8,0.6311,1000.0,1.0
LOAD_BALANCE,88,63013.5,2,load_zone_22,load_zone_27,dump_zone_3,load_zone_22,dump_zone_22,319.6,125.9,1.0295,1000.0,1.0
LOAD_BALANCE,91,63126.5,3,load_zone_22,load_zone_29,dump_zone_3,load_zone_22,dump_zone_22,333.9,114.9,1.0749,1000.0,1.0
LOAD_BALANCE,90,63140.6,2,load_zone_22,load_zone_22,dump_zone_23,load_zone_22,dump_zone_23,102.4,99.9,0.3318,1000.0,1.0
LOAD_BALANCE,94,63440.2,1,dump_zone_3,load_zone_26,load_zone_29,load_zone_26,dump_zone_3,197.0,264.8,0.6298,1000.0,1.0
LOAD_BALANCE,92,63471.9,3,dump_zone_22,load_zone_22,dump_zone_23,load_zone_22,dump_zone_22,102.1,217.8,0.3309,1000.0,1.0
LOAD_BALANCE,93,63483.3,2,dump_zone_23,load_zone_22,dump_zone_23,load_zone_22,dump_zone_23,102.7,220.9,0.3327,1000.0,1.0
LOAD_BALANCE,95,63538.9,3,load_zone_22,load_zone_22,dump_zone_23,load_zone_22,dump_zone_23,110.6,103.0,0.3583,1000.0,1.08
LOAD_BALANCE,96,63541.8,2,load_zone_22,load_zone_22,dump_zone_23,load_zone_22,dump_zone_22,110.6,111.7,0.3583,1000.0,1.08
LOAD_BALANCE,97,63585.5,1,load_zone_26,load_zone_26,load_zone_29,load_zone_26,dump_zone_3,197.4,246.0,0.6311,1000.0,1.0
LOAD_BALANCE,98,63831.6,1,load_zone_26,load_zone_26,load_zone_29,load_zone_26,dump_zone_3,197.4,240.0,0.6311,1000.0,1.0
LOAD_BALANCE,99,64072.7,1,load_zone_26,load_zone_26,load_zone_29,load_zone_26,dump_zone_3,197.4,241.8,0.6311,1000.0,1.0
LOAD_BALANCE,100,64314.0,1,load_zone_26,load_zone_26,load_zone_29,load_zone_26,dump_zone_3,197.4,247.2,0.6311,1000.0,1.0
LOAD_BALANCE,101,64560.4,1,load_zone_26,load_zone_26,load_zone_29,load_zone_26,dump_zone_3,197.4,243.5,0.6311,1000.0,1.0
LOAD_BALANCE,102,64804.5,1,load_zone_26,load_zone_26,load_zone_29,load_zone_26,dump_zone_3,197.4,243.6,0.6311,1000.0,1.0
LOAD_BALANCE,104,65209.7,3,dump_zone_23,load_zone_22,dump_zone_23,load_zone_22,dump_zone_22,102.7,110.7,0.3327,1000.0,1.0
LOAD_BALANCE,103,65225.7,1,dump_zone_3,load_zone_22,dump_zone_23,load_zone_22,dump_zone_23,102.4,104.3,0.3318,1000.0,1.0
LOAD_BALANCE,106,65285.1,1,load_zone_22,load_zone_22,dump_zone_23,load_zone_22,dump_zone_22,102.4,116.8,0.3318,1000.0,1.0
LOAD_BALANCE,105,65287.7,3,load_zone_22,load_zone_22,dump_zone_23,load_zone_22,dump_zone_23,102.4,103.5,0.3318,1000.0,1.0
LOAD_BALANCE,107,65305.2,2,dump_zone_22,load_zone_26,load_zone_29,load_zone_26,dump_zone_3,197.4,265.8,0.6311,1000.0,1.0
LOAD_BALANCE,108,65393.2,3,load_zone_22,load_zone_22,dump_zone_23,load_zone_22,dump_zone_22,102.4,103.3,0.3318,1000.0,1.0
LOAD_BALANCE,109,65398.2,1,load_zone_22,load_zone_22,dump_zone_23,load_zone_22,dump_zone_23,102.4,99.0,0.3318,1000.0,1.0
LOAD_BALANCE,112,65447.4,2,load_zone_26,load_zone_26,load_zone_29,load_zone_26,dump_zone_3,197.4,244.7,0.6311,1000.0,1.0
LOAD_BALANCE,111,65498.4,3,load_zone_22,load_zone_22,dump_zone_23,load_zone_22,dump_zone_22,102.4,119.6,0.3318,1000.0,1.0
LOAD_BALANCE,110,65500.4,1,load_zone_22,load_zone_22,dump_zone_23,load_zone_22,dump_zone_23,102.4,110.6,0.3318,1000.0,1.0
LOAD_BALANCE,113,65608.5,1,load_zone_22,load_zone_22,dump_zone_23,load_zone_22,dump_zone_22,102.4,102.6,0.3318,1000.0,1.0
LOAD_BALANCE,114,65614.4,3,load_zone_22,load_zone_22,dump_zone_23,load_zone_22,dump_zone_23,102.4,97.5,0.3318,1000.0,1.0
LOAD_BALANCE,117,65691.8,2,load_zone_26,load_zone_26,load_zone_29,load_zone_26,dump_zone_3,197.4,244.2,0.6311,1000.0,1.0
LOAD_BALANCE,116,65714.0,1,load_zone_23,load_zone_23,dump_zone_22,load_zone_23,dump_zone_23,110.4,117.6,0.3584,1000.0,1.0
LOAD_BALANCE,115,65715.8,3,load_zone_23,load_zone_23,dump_zone_22,load_zone_23,dump_zone_22,119.3,114.0,0.3871,1000.0,1.08
LOAD_BALANCE,118,65829.5,3,load_zone_23,load_zone_23,dump_zone_22,load_zone_23,dump_zone_23,119.3,117.4,0.3871,1000.0,1.08
LOAD_BALANCE,119,65829.7,1,load_zone_23,load_zone_23,dump_zone_22,load_zone_23,dump_zone_22,110.4,119.3,0.3584,1000.0,1.0
LOAD_BALANCE,124,65936.4,2,load_zone_26,load_zone_26,load_zone_29,load_zone_26,dump_zone_3,197.4,248.2,0.6311,1000.0,1.0
LOAD_BALANCE,121,65946.1,3,load_zone_23,load_zone_23,dump_zone_22,load_zone_23,dump_zone_23,110.4,117.0,0.3584,1000.0,1.0
LOAD_BALANCE,120,65947.4,1,load_zone_23,load_zone_23,dump_zone_22,load_zone_23,dump_zone_22,110.4,110.4,0.3584,1000.0,1.0
LOAD_BALANCE,122,66057.2,1,load_zone_23,load_zone_23,dump_zone_22,load_zone_23,dump_zone_22,110.4,109.8,0.3584,1000.0,1.0
LOAD_BALANCE,123,66060.9,3,load_zone_23,load_zone_23,dump_zone_22,load_zone_23,dump_zone_23,110.4,116.3,0.3584,1000.0,1.0
LOAD_BALANCE,125,66171.4,1,load_zone_23,load_zone_23,dump_zone_22,load_zone_23,dump_zone_22,110.4,122.2,0.3584,1000.0,1.0
LOAD_BALANCE,126,66180.3,3,load_zone_23,load_zone_23,dump_zone_22,load_zone_23,dump_zone_23,110.4,114.2,0.3584,1000.0,1.0
LOAD_BALANCE,127,66183.3,2,load_zone_26,load_zone_26,load_zone_29,load_zone_26,dump_zone_3,197.4,235.9,0.6311,1000.0,1.0
LOAD_BALANCE,133,66289.3,1,load_zone_1,load_zone_1,dump_zone_2,load_zone_1,dump_zone_1,183.0,647.7,0.5877,1000.0,1.0
LOAD_BALANCE,128,66290.7,3,load_zone_2,load_zone_2,dump_zone_2,load_zone_2,dump_zone_2,208.4,215.3,0.6764,1000.0,1.0
LOAD_BALANCE,129,66420.4,2,load_zone_26,load_zone_26,load_zone_29,load_zone_26,dump_zone_3,213.2,242.5,0.6816,1000.0,1.08
LOAD_BALANCE,130,66508.4,3,load_zone_1,load_zone_1,dump_zone_2,load_zone_1,dump_zone_2,183.0,191.0,0.5877,1000.0,1.0
LOAD_BALANCE,132,66663.1,2,load_zone_26,load_zone_26,load_zone_29,load_zone_26,dump_zone_3,197.4,245.3,0.6311,1000.0,1.0
LOAD_BALANCE,131,66701.0,3,load_zone_1,load_zone_1,dump_zone_2,load_zone_1,dump_zone_2,183.0,185.1,0.5877,1000.0,1.0
LOAD_BALANCE,134,66885.3,3,load_zone_1,load_zone_1,dump_zone_2,load_zone_1,dump_zone_1,183.0,193.3,0.5877,1000.0,1.0
LOAD_BALANCE,136,66907.2,2,load_zone_26,load_zone_26,load_zone_29,load_zone_26,dump_zone_3,197.4,239.2,0.6311,1000.0,1.0
LOAD_BALANCE,135,66939.0,1,load_zone_1,load_zone_1,dump_zone_2,load_zone_1,dump_zone_2,183.0,176.6,0.5877,1000.0,1.0
LOAD_BALANCE,137,67077.7,3,load_zone_1,load_zone_1,dump_zone_2,load_zone_1,dump_zone_1,183.0,192.2,0.5877,1000.0,1.0
LOAD_BALANCE,138,67118.2,1,load_zone_1,load_zone_1,dump_zone_2,load_zone_1,dump_zone_2,183.0,183.5,0.5877,1000.0,1.0
LOAD_BALANCE,139,67146.5,2,load_zone_26,load_zone_26,load_zone_29,load_zone_26,dump_zone_3,197.4,243.1,0.6311,1000.0,1.0
LOAD_BALANCE,140,67270.1,3,load_zone_1,load_zone_1,dump_zone_2,load_zone_1,dump_zone_1,183.0,190.9,0.5877,1000.0,1.0
LOAD_BALANCE,141,67301.3,1,load_zone_1,load_zone_1,dump_zone_2,load_zone_1,dump_zone_2,183.0,182.5,0.5877,1000.0,1.0
LOAD_BALANCE,144,67757.6,3,dump_zone_1,load_zone_26,load_zone_29,load_zone_26,dump_zone_3,197.4,260.0,0.6311,1000.0,1.0
LOAD_BALANCE,142,67782.4,2,dump_zone_3,load_zone_22,dump_zone_23,load_zone_22,dump_zone_22,102.4,217.4,0.3318,1000.0,1.0
LOAD_BALANCE,143,67813.3,1,dump_zone_2,load_zone_22,dump_zone_23,load_zone_22,dump_zone_23,102.4,225.2,0.3318,1000.0,1.0
LOAD_BALANCE,145,67854.0,2,load_zone_22,load_zone_22,dump_zone_23,load_zone_22,dump_zone_23,102.4,97.8,0.3318,1000.0,1.0
LOAD_BALANCE,146,67865.7,1,load_zone_22,load_zone_22,dump_zone_23,load_zone_22,dump_zone_22,102.4,120.2,0.3318,1000.0,1.0
LOAD_BALANCE,149,67901.7,3,load_zone_26,load_zone_26,load_zone_29,load_zone_26,dump_zone_3,197.4,244.3,0.6311,1000.0,1.0
LOAD_BALANCE,147,67954.0,2,load_zone_22,load_zone_22,dump_zone_23,load_zone_22,dump_zone_22,102.4,115.5,0.3318,1000.0,1.0
LOAD_BALANCE,148,67982.4,1,load_zone_22,load_zone_22,dump_zone_23,load_zone_22,dump_zone_23,102.4,99.2,0.3318,1000.0,1.0
LOAD_BALANCE,153,68067.7,2,load_zone_22,load_zone_22,dump_zone_23,load_zone_22,dump_zone_22,102.4,313.1,0.3318,1000.0,1.0
LOAD_BALANCE,150,68085.2,1,load_zone_22,load_zone_22,dump_zone_23,load_zone_22,dump_zone_23,102.4,102.4,0.3318,1000.0,1.0
LOAD_BALANCE,154,68145.1,3,load_zone_26,load_zone_26,load_zone_29,load_zone_26,dump_zone_3,197.4,245.1,0.6311,1000.0,1.0
LOAD_BALANCE,151,68188.3,1,load_zone_22,load_zone_22,dump_zone_23,load_zone_22,dump_zone_23,102.4,97.6,0.3318,1000.0,1.0
LOAD_BALANCE,152,68284.4,1,load_zone_22,load_zone_22,dump_zone_23,load_zone_22,dump_zone_23,102.4,99.0,0.3318,1000.0,1.0
LOAD_BALANCE,155,68384.7,2,load_zone_23,load_zone_23,dump_zone_22,load_zone_23,dump_zone_23,110.4,114.9,0.3584,1000.0,1.0
LOAD_BALANCE,156,68385.0,1,load_zone_23,load_zone_23,dump_zone_22,load_zone_23,dump_zone_22,110.4,129.9,0.3584,1000.0,1.0
LOAD_BALANCE,157,68390.0,3,load_zone_26,load_zone_26,load_zone_29,load_zone_26,dump_zone_3,197.4,239.8,0.6311,1000.0,1.0
LOAD_BALANCE,158,68499.5,2,load_zone_23,load_zone_23,dump_zone_22,load_zone_23,dump_zone_23,110.4,140.2,0.3584,1000.0,1.0
LOAD_BALANCE,159,68510.4,1,load_zone_23,load_zone_23,dump_zone_22,load_zone_23,dump_zone_22,110.4,128.2,0.3584,1000.0,1.0
LOAD_BALANCE,164,68630.9,3,load_zone_26,load_zone_26,load_zone_29,load_zone_26,dump_zone_3,197.4,244.4,0.6311,1000.0,1.0
LOAD_BALANCE,161,68637.4,2,load_zone_23,load_zone_23,dump_zone_22,load_zone_23,dump_zone_23,110.4,116.3,0.3584,1000.0,1.0
LOAD_BALANCE,160,68643.0,1,load_zone_23,load_zone_23,dump_zone_22,load_zone_23,dump_zone_22,110.4,108.7,0.3584,1000.0,1.0
LOAD_BALANCE,163,68747.5,1,load_zone_23,load_zone_23,dump_zone_22,load_zone_23,dump_zone_22,110.4,119.7,0.3584,1000.0,1.0
LOAD_BALANCE,162,68755.2,2,load_zone_23,load_zone_23,dump_zone_22,load_zone_23,dump_zone_23,110.4,107.5,0.3584,1000.0,1.0
LOAD_BALANCE,166,68862.6,2,load_zone_23,load_zone_23,dump_zone_22,load_zone_23,dump_zone_22,110.4,109.2,0.3584,1000.0,1.0
LOAD_BALANCE,165,68866.9,1,load_zone_23,load_zone_23,dump_zone_22,load_zone_23,dump_zone_23,110.4,95.2,0.3584,1000.0,1.0
LOAD_BALANCE,167,68875.4,3,load_zone_26,load_zone_26,load_zone_29,load_zone_26,dump_zone_3,197.4,245.8,0.6311,1000.0,1.0
LOAD_BALANCE,168,69120.4,3,load_zone_26,load_zone_26,load_zone_29,load_zone_26,dump_zone_3,197.4,244.8,0.6311,1000.0,1.0
LOAD_BALANCE,169,69615.2,3,dump_zone_3,load_zone_22,dump_zone_23,load_zone_22,dump_zone_22,102.4,99.4,0.3318,1000.0,1.0
LOAD_BALANCE,170,69680.7,1,dump_zone_23,load_zone_26,load_zone_29,load_zone_26,dump_zone_3,197.4,241.1,0.6311,1000.0,1.0
LOAD_BALANCE,171,69707.1,2,dump_zone_22,load_zone_26,load_zone_29,load_zone_26,dump_zone_3,197.4,270.4,0.6311,1000.0,1.0
LOAD_BALANCE,172,69821.9,1,load_zone_26,load_zone_26,load_zone_29,load_zone_26,dump_zone_3,197.4,246.2,0.6311,1000.0,1.0
LOAD_BALANCE,173,69851.0,2,load_zone_26,load_zone_26,load_zone_29,load_zone_26,dump_zone_3,197.4,244.2,0.6311,1000.0,1.0
LOAD_BALANCE,174,70068.9,1,load_zone_26,load_zone_26,load_zone_29,load_zone_26,dump_zone_3,197.4,245.1,0.6311,1000.0,1.0
LOAD_BALANCE,175,70095.9,2,load_zone_26,load_zone_26,load_zone_29,load_zone_26,dump_zone_3,197.4,377.2,0.6311,1000.0,1.0
LOAD_BALANCE,176,70313.0,1,load_zone_26,load_zone_26,load_zone_29,load_zone_26,dump_zone_3,197.4,247.2,0.6311,1000.0,1.0
LOAD_BALANCE,177,70472.5,2,load_zone_26,load_zone_26,load_zone_29,load_zone_26,dump_zone_3,197.4,242.8,0.6311,1000.0,1.0
LOAD_BALANCE,178,70560.4,1,load_zone_26,load_zone_26,load_zone_29,load_zone_26,dump_zone_3,197.4,245.5,0.6311,1000.0,1.0
LOAD_BALANCE,179,70715.3,2,load_zone_26,load_zone_26,load_zone_29,load_zone_26,dump_zone_3,197.4,238.4,0.6311,1000.0,1.0
LOAD_BALANCE,180,70806.3,1,load_zone_26,load_zone_26,load_zone_29,load_zone_26,load_zone_29,197.4,197.4,0.6311,0.0,1.0
LOAD_BALANCE,182,70954.8,2,load_zone_25,load_zone_25,dump_zone_3,load_zone_25,dump_zone_3,382.9,296.4,1.2265,1000.0,1.0
LOAD_BALANCE,181,71003.1,1,load_zone_29,load_zone_29,dump_zone_3,load_zone_29,dump_zone_3,333.9,217.5,1.0749,1000.0,1.0
ROUND_ROBIN,3,118.2,1,dump_zone_3,load_zone_1,dump_zone_2,load_zone_26,dump_zone_3,183.0,245.0,0.5877,1000.0,1.0
ROUND_ROBIN,1,137.5,2,dump_zone_22,load_zone_2,dump_zone_2,load_zone_22,dump_zone_22,208.4,185.9,0.6764,1000.0,1.0
ROUND_ROBIN,2,166.8,3,dump_zone_23,load_zone_22,dump_zone_23,load_zone_22,dump_zone_23,102.7,211.2,0.3327,1000.0,1.0
ROUND_ROBIN,4,189.0,2,load_zone_22,load_zone_23,dump_zone_22,load_zone_22,dump_zone_22,110.4,99.4,0.3584,1000.0,1.0
ROUND_ROBIN,5,215.6,3,load_zone_22,load_zone_24,dump_zone_3,load_zone_22,dump_zone_23,320.2,85.0,1.0265,1000.0,1.0
ROUND_ROBIN,8,251.7,1,load_zone_26,load_zone_25,dump_zone_3,load_zone_26,dump_zone_3,382.9,227.6,1.2265,1000.0,1.0
ROUND_ROBIN,6,288.7,2,load_zone_22,load_zone_26,load_zone_29,load_zone_22,dump_zone_22,197.4,98.8,0.6311,1000.0,1.0
ROUND_ROBIN,7,300.5,3,load_zone_22,load_zone_27,dump_zone_3,load_zone_22,dump_zone_23,319.6,98.2,1.0295,1000.0,1.0
ROUND_ROBIN,11,391.0,2,load_zone_22,load_zone_29,dump_zone_3,load_zone_22,dump_zone_22,333.9,300.0,1.0749,1000.0,1.0
ROUND_ROBIN,9,397.4,3,load_zone_22,load_zone_1,dump_zone_2,load_zone_22,dump_zone_23,183.0,99.4,0.5877,1000.0,1.0
ROUND_ROBIN,12,480.4,1,load_zone_26,load_zone_2,dump_zone_2,load_zone_26,dump_zone_3,208.4,227.0,0.6764,1000.0,1.0
ROUND_ROBIN,10,498.4,3,load_zone_22,load_zone_22,dump_zone_23,load_zone_22,dump_zone_23,102.4,128.4,0.3318,1000.0,1.0
ROUND_ROBIN,13,625.1,3,load_zone_22,load_zone_23,dump_zone_22,load_zone_22,dump_zone_23,110.4,83.6,0.3584,1000.0,1.0
ROUND_ROBIN,15,687.4,2,load_zone_23,load_zone_24,dump_zone_3,load_zone_23,dump_zone_23,320.2,124.9,1.0265,1000.0,1.0
ROUND_ROBIN,18,706.4,1,load_zone_26,load_zone_25,dump_zone_3,load_zone_26,dump_zone_3,382.9,232.2,1.2265,1000.0,1.0
ROUND_ROBIN,14,709.2,3,load_zone_23,load_zone_26,load_zone_29,load_zone_23,dump_zone_22,197.4,93.5,0.6311,1000.0,1.0
ROUND_ROBIN,16,802.6,3,load_zone_23,load_zone_27,dump_zone_3,load_zone_23,dump_zone_22,319.6,107.1,1.0295,1000.0,1.0
ROUND_ROBIN,17,813.8,2,load_zone_23,load_zone_29,dump_zone_3,load_zone_23,dump_zone_23,333.9,112.5,1.0749,1000.0,1.0
ROUND_ROBIN,19,913.8,3,load_zone_23,load_zone_1,dump_zone_2,load_zone_23,dump_zone_22,183.0,113.3,0.5877,1000.0,1.0
ROUND_ROBIN,20,926.4,2,load_zone_23,load_zone_2,dump_zone_2,load_zone_23,dump_zone_23,208.4,104.1,0.6764,1000.0,1.0
ROUND_ROBIN,23,938.1,1,load_zone_26,load_zone_22,dump_zone_23,load_zone_26,dump_zone_3,102.4,229.8,0.3318,1000.0,1.0
ROUND_ROBIN,22,1022.9,3,load_zone_23,load_zone_23,dump_zone_22,load_zone_23,dump_zone_22,110.4,100.9,0.3584,1000.0,1.0
ROUND_ROBIN,21,1030.2,2,load_zone_23,load_zone_24,dump_zone_3,load_zone_23,dump_zone_23,320.2,95.0,1.0265,1000.0,1.0
ROUND_ROBIN,25,1124.2,3,load_zone_23,load_zone_25,dump_zone_3,load_zone_23,dump_zone_23,382.9,108.4,1.2265,1000.0,1.0
ROUND_ROBIN,24,1126.1,2,load_zone_23,load_zone_26,load_zone_29,load_zone_23,dump_zone_22,197.4,103.8,0.6311,1000.0,1.0
ROUND_ROBIN,26,1168.3,1,load_zone_26,load_zone_27,dump_zone_3,load_zone_26,dump_zone_3,319.6,230.7,1.0295,1000.0,1.0
ROUND_ROBIN,27,1228.3,2,load_zone_1,load_zone_29,dump_zone_3,load_zone_1,dump_zone_1,333.9,200.3,1.0749,1000.0,1.0
ROUND_ROBIN,28,1233.8,3,load_zone_2,load_zone_1,dump_zone_2,load_zone_2,dump_zone_2,183.0,201.5,0.5877,1000.0,1.0
ROUND_ROBIN,31,1398.9,1,load_zone_26,load_zone_2,dump_zone_2,load_zone_26,dump_zone_3,208.4,229.5,0.6764,1000.0,1.0
ROUND_ROBIN,30,1429.1,2,load_zone_1,load_zone_22,dump_zone_23,load_zone_1,dump_zone_1,102.4,193.2,0.3318,1000.0,1.0
ROUND_ROBIN,29,1437.5,3,load_zone_1,load_zone_23,dump_zone_22,load_zone_1,dump_zone_2,110.4,175.0,0.3584,1000.0,1.0
ROUND_ROBIN,33,1836.6,3,dump_zone_2,load_zone_24,dump_zone_3,load_zone_26,dump_zone_3,320.2,235.6,1.0265,1000.0,1.0
ROUND_ROBIN,34,1847.3,1,dump_zone_3,load_zone_25,dump_zone_3,load_zone_26,dump_zone_3,382.9,245.7,1.2265,1000.0,1.0
ROUND_ROBIN,32,1891.4,2,dump_zone_1,load_zone_26,load_zone_29,load_zone_22,dump_zone_22,197.4,224.2,0.6311,1000.0,1.0
ROUND_ROBIN,35,1973.3,3,load_zone_26,load_zone_27,dump_zone_3,load_zone_26,dump_zone_3,319.6,231.8,1.0295,1000.0,1.0
ROUND_ROBIN,36,1982.7,1,load_zone_26,load_zone_29,dump_zone_3,load_zone_26,dump_zone_3,333.9,231.2,1.0749,1000.0,1.0
ROUND_ROBIN,38,2719.8,2,dump_zone_22,load_zone_1,dump_zone_2,load_zone_26,dump_zone_3,183.0,239.4,0.5877,1000.0,1.0
ROUND_ROBIN,37,2750.3,1,dump_zone_3,load_zone_2,dump_zone_2,load_zone_22,dump_zone_22,208.4,216.2,0.6764,1000.0,1.0
ROUND_ROBIN,39,2823.4,3,dump_zone_3,load_zone_22,dump_zone_23,load_zone_22,dump_zone_22,102.4,262.6,0.3318,1000.0,1.0
ROUND_ROBIN,40,3150.8,3,dump_zone_22,load_zone_23,dump_zone_22,load_zone_26,dump_zone_3,108.4,368.8,0.3518,1000.0,1.0
ROUND_ROBIN,41,3213.6,2,dump_zone_3,load_zone_24,dump_zone_3,load_zone_26,dump_zone_3,320.2,426.1,1.0265,1000.0,1.0
ROUND_ROBIN,42,3334.3,3,load_zone_26,load_zone_25,dump_zone_3,load_zone_26,dump_zone_3,382.9,312.6,1.2265,1000.0,1.0
ROUND_ROBIN,43,3391.5,2,load_zone_26,load_zone_26,load_zone_29,load_zone_26,dump_zone_3,197.4,320.1,0.6311,1000.0,1.0
ROUND_ROBIN,44,3646.9,3,load_zone_26,load_zone_27,dump_zone_3,load_zone_26,dump_zone_3,319.6,315.8,1.0295,1000.0,1.0
ROUND_ROBIN,45,3711.6,2,load_zone_26,load_zone_29,dump_zone_3,load_zone_26,dump_zone_3,333.9,360.3,1.0749,1000.0,1.0
ROUND_ROBIN,46,3962.7,3,load_zone_26,load_zone_1,dump_zone_2,load_zone_26,dump_zone_3,183.0,322.4,0.5877,1000.0,1.0
ROUND_ROBIN,47,4071.9,2,load_zone_26,load_zone_2,dump_zone_2,load_zone_26,dump_zone_3,208.4,307.2,0.6764,1000.0,1.0
ROUND_ROBIN,48,4285.0,3,load_zone_26,load_zone_22,dump_zone_23,load_zone_26,dump_zone_3,102.4,317.0,0.3318,1000.0,1.0
ROUND_ROBIN,49,4379.1,2,load_zone_26,load_zone_23,dump_zone_22,load_zone_26,dump_zone_3,110.4,322.0,0.3584,1000.0,1.0
ROUND_ROBIN,50,4601.9,3,load_zone_29,load_zone_24,dump_zone_3,load_zone_29,dump_zone_3,320.2,343.2,1.0265,1000.0,1.0
ROUND_ROBIN,51,4701.0,2,load_zone_25,load_zone_25,dump_zone_3,load_zone_25,dump_zone_3,382.9,387.6,1.2265,1000.0,1.0
ROUND_ROBIN,52,4945.2,3,load_zone_29,load_zone_26,load_zone_29,load_zone_29,dump_zone_3,197.8,345.5,0.6324,1000.0,1.0
ROUND_ROBIN,53,5088.6,2,load_zone_25,load_zone_27,dump_zone_3,load_zone_25,dump_zone_3,319.6,382.9,1.0295,1000.0,1.0
ROUND_ROBIN,54,5290.6,3,load_zone_29,load_zone_29,dump_zone_3,load_zone_29,dump_zone_3,333.9,343.2,1.0749,1000.0,1.0
ROUND_ROBIN,55,5471.5,2,load_zone_25,load_zone_1,dump_zone_2,load_zone_25,dump_zone_3,183.0,379.2,0.5877,1000.0,1.0
ROUND_ROBIN,56,5634.1,3,load_zone_29,load_zone_2,dump_zone_2,load_zone_29,dump_zone_3,208.4,358.3,0.6764,1000.0,1.0
ROUND_ROBIN,57,5851.0,2,load_zone_25,load_zone_22,dump_zone_23,load_zone_25,dump_zone_3,102.4,388.9,0.3318,1000.0,1.0
ROUND_ROBIN,58,5992.3,3,load_zone_29,load_zone_23,dump_zone_22,load_zone_29,dump_zone_3,110.4,343.3,0.3584,1000.0,1.0
ROUND_ROBIN,59,6239.6,2,load_zone_25,load_zone_24,dump_zone_3,load_zone_25,dump_zone_3,320.2,399.1,1.0265,1000.0,1.0
ROUND_ROBIN,60,6335.9,3,load_zone_29,load_zone_25,dump_zone_3,load_zone_29,dump_zone_3,382.9,333.9,1.2265,1000.0,1.0
ROUND_ROBIN,65,6638.8,2,load_zone_25,load_zone_26,load_zone_29,load_zone_25,dump_zone_3,197.4,1689.2,0.6311,1000.0,1.0
ROUND_ROBIN,61,6664.3,3,load_zone_29,load_zone_27,dump_zone_3,load_zone_29,dump_zone_3,319.6,329.4,1.0295,1000.0,1.0
ROUND_ROBIN,62,6998.7,3,load_zone_29,load_zone_29,dump_zone_3,load_zone_29,dump_zone_3,333.9,317.2,1.0749,1000.0,1.0
ROUND_ROBIN,63,7316.1,3,load_zone_29,load_zone_1,dump_zone_2,load_zone_29,dump_zone_3,183.0,316.2,0.5877,1000.0,1.0
ROUND_ROBIN,64,7632.3,3,load_zone_29,load_zone_2,dump_zone_2,load_zone_29,dump_zone_3,208.4,323.3,0.6764,1000.0,1.0
ROUND_ROBIN,67,7955.6,3,load_zone_24,load_zone_22,dump_zone_23,load_zone_24,dump_zone_3,102.4,1054.0,0.3318,1000.0,1.0
ROUND_ROBIN,66,8327.9,2,load_zone_25,load_zone_23,dump_zone_22,load_zone_25,dump_zone_3,110.4,375.1,0.3584,1000.0,1.0
ROUND_ROBIN,69,8703.0,2,load_zone_25,load_zone_24,dump_zone_3,load_zone_25,dump_zone_3,320.2,671.1,1.0265,1000.0,1.0
ROUND_ROBIN,68,9009.4,3,load_zone_24,load_zone_25,dump_zone_3,load_zone_24,dump_zone_3,382.9,319.1,1.2265,1000.0,1.0
ROUND_ROBIN,70,9329.0,3,load_zone_24,load_zone_26,load_zone_29,load_zone_24,dump_zone_3,197.4,326.9,0.6311,1000.0,1.0
ROUND_ROBIN,71,9374.1,2,load_zone_25,load_zone_27,dump_zone_3,load_zone_25,dump_zone_3,319.6,392.1,1.0295,1000.0,1.0
ROUND_ROBIN,72,9655.7,3,load_zone_24,load_zone_29,dump_zone_3,load_zone_24,dump_zone_3,333.9,318.7,1.0749,1000.0,1.0
ROUND_ROBIN,73,9766.5,2,load_zone_25,load_zone_1,dump_zone_2,load_zone_25,dump_zone_3,183.0,380.4,0.5877,1000.0,1.0
ROUND_ROBIN,74,9974.6,3,load_zone_24,load_zone_2,dump_zone_2,load_zone_24,dump_zone_3,208.4,311.2,0.6764,1000.0,1.0
ROUND_ROBIN,75,10146.8,2,load_zone_24,load_zone_22,dump_zone_23,load_zone_24,dump_zone_3,102.4,307.4,0.3318,1000.0,1.0
ROUND_ROBIN,76,10285.4,3,load_zone_24,load_zone_23,dump_zone_22,load_zone_24,dump_zone_3,110.4,320.2,0.3584,1000.0,1.0
ROUND_ROBIN,77,10454.2,2,load_zone_24,load_zone_24,dump_zone_3,load_zone_24,dump_zone_3,320.2,320.9,1.0265,1000.0,1.0
ROUND_ROBIN,78,10605.6,3,load_zone_24,load_zone_25,dump_zone_3,load_zone_24,dump_zone_3,382.9,321.1,1.2265,1000.0,1.0
ROUND_ROBIN,79,10774.9,2,load_zone_24,load_zone_26,load_zone_29,load_zone_24,dump_zone_3,197.4,326.3,0.6311,1000.0,1.0
ROUND_ROBIN,80,11101.2,2,load_zone_27,load_zone_27,dump_zone_3,load_zone_27,dump_zone_3,319.6,324.4,1.0295,1000.0,1.0
ROUND_ROBIN,81,11425.7,2,load_zone_27,load_zone_29,dump_zone_3,load_zone_27,dump_zone_3,333.9,314.7,1.0749,1000.0,1.0
ROUND_ROBIN,84,62787.6,1,dump_zone_22,load_zone_1,dump_zone_2,load_zone_26,dump_zone_3,183.0,268.4,0.5877,1000.0,1.0
ROUND_ROBIN,82,62804.9,2,dump_zone_3,load_zone_23,dump_zone_22,load_zone_22,dump_zone_22,110.4,222.2,0.3584,1000.0,1.0
ROUND_ROBIN,83,62823.4,3,dump_zone_3,load_zone_29,dump_zone_3,load_zone_22,dump_zone_23,333.9,223.0,1.0749,1000.0,1.0
ROUND_ROBIN,85,62883.2,2,load_zone_22,load_zone_2,dump_zone_2,load_zone_22,dump_zone_23,208.4,131.8,0.6764,1000.0,1.0
ROUND_ROBIN,86,62884.3,3,load_zone_22,load_zone_22,dump_zone_23,load_zone_22,dump_zone_22,102.4,132.8,0.3318,1000.0,1.0
ROUND_ROBIN,89,62929.6,1,load_zone_26,load_zone_26,load_zone_29,load_zone_26,dump_zone_3,197.4,245.2,0.6311,1000.0,1.0
ROUND_ROBIN,87,63013.1,3,load_zone_22,load_zone_24,dump_zone_3,load_zone_22,dump_zone_23,320.2,110.8,1.0265,1000.0,1.0
ROUND_ROBIN,88,63013.5,2,load_zone_22,load_zone_25,dump_zone_3,load_zone_22,dump_zone_22,382.9,125.9,1.2265,1000.0,1.0
ROUND_ROBIN,91,63126.5,3,load_zone_22,load_zone_27,dump_zone_3,load_zone_22,dump_zone_22,319.6,114.9,1.0295,1000.0,1.0
ROUND_ROBIN,90,63140.6,2,load_zone_22,load_zone_22,dump_zone_23,load_zone_22,dump_zone_23,102.4,99.9,0.3318,1000.0,1.0
ROUND_ROBIN,94,63440.2,1,dump_zone_3,load_zone_26,load_zone_29,load_zone_26,dump_zone_3,197.0,264.8,0.6298,1000.0,1.0
ROUND_ROBIN,92,63471.9,3,dump_zone_22,load_zone_22,dump_zone_23,load_zone_22,dump_zone_22,134.8,217.8,0.4367,1000.0,1.32
ROUND_ROBIN,93,63483.3,2,dump_zone_23,load_zone_22,dump_zone_23,load_zone_22,dump_zone_23,102.7,220.9,0.3327,1000.0,1.0
ROUND_ROBIN,95,63538.9,3,load_zone_22,load_zone_22,dump_zone_23,load_zone_22,dump_zone_23,102.4,103.0,0.3318,1000.0,1.0
ROUND_ROBIN,96,63541.8,2,load_zone_22,load_zone_22,dump_zone_23,load_zone_22,dump_zone_22,102.4,111.7,0.3318,1000.0,1.0
ROUND_ROBIN,97,63585.5,1,load_zone_26,load_zone_26,load_zone_29,load_zone_26,dump_zone_3,197.4,246.0,0.6311,1000.0,1.0
ROUND_ROBIN,98,63831.6,1,load_zone_26,load_zone_26,load_zone_29,load_zone_26,dump_zone_3,197.4,240.0,0.6311,1000.0,1.0
ROUND_ROBIN,99,64072.7,1,load_zone_26,load_zone_26,load_zone_29,load_zone_26,dump_zone_3,197.4,241.8,0.6311,1000.0,1.0
ROUND_ROBIN,100,64314.0,1,load_zone_26,load_zone_26,load_zone_29,load_zone_26,dump_zone_3,197.4,247.2,0.6311,1000.0,1.0
ROUND_ROBIN,101,64560.4,1,load_zone_26,load_zone_26,load_zone_29,load_zone_26,dump_zone_3,197.4,243.5,0.6311,1000.0,1.0
ROUND_ROBIN,102,64804.5,1,load_zone_26,load_zone_26,load_zone_29,load_zone_26,dump_zone_3,197.4,243.6,0.6311,1000.0,1.0
ROUND_ROBIN,104,65209.7,3,dump_zone_23,load_zone_22,dump_zone_23,load_zone_22,dump_zone_22,102.7,110.7,0.3327,1000.0,1.0
ROUND_ROBIN,103,65225.7,1,dump_zone_3,load_zone_22,dump_zone_23,load_zone_22,dump_zone_23,102.4,104.3,0.3318,1000.0,1.0
ROUND_ROBIN,106,65285.1,1,load_zone_22,load_zone_22,dump_zone_23,load_zone_22,dump_zone_22,102.4,116.8,0.3318,1000.0,1.0
ROUND_ROBIN,105,65287.7,3,load_zone_22,load_zone_22,dump_zone_23,load_zone_22,dump_zone_23,102.4,103.5,0.3318,1000.0,1.0
ROUND_ROBIN,107,65305.2,2,dump_zone_22,load_zone_26,load_zone_29,load_zone_26,dump_zone_3,197.4,265.8,0.6311,1000.0,1.0
ROUND_ROBIN,108,65393.2,3,load_zone_22,load_zone_22,dump_zone_23,load_zone_22,dump_zone_22,102.4,103.3,0.3318,1000.0,1.0
ROUND_ROBIN,109,65398.2,1,load_zone_22,load_zone_22,dump_zone_23,load_zone_22,dump_zone_23,102.4,99.0,0.3318,1000.0,1.0
ROUND_ROBIN,112,65447.4,2,load_zone_26,load_zone_26,load_zone_29,load_zone_26,dump_zone_3,197.4,244.7,0.6311,1000.0,1.0
ROUND_ROBIN,111,65498.4,3,load_zone_22,load_zone_22,dump_zone_23,load_zone_22,dump_zone_22,102.4,119.6,0.3318,1000.0,1.0
ROUND_ROBIN,110,65500.4,1,load_zone_22,load_zone_22,dump_zone_23,load_zone_22,dump_zone_23,102.4,110.6,0.3318,1000.0,1.0
ROUND_ROBIN,113,65608.5,1,load_zone_22,load_zone_22,dump_zone_23,load_zone_22,dump_zone_22,102.4,102.6,0.3318,1000.0,1.0
ROUND_ROBIN,114,65614.4,3,load_zone_22,load_zone_22,dump_zone_23,load_zone_22,dump_zone_23,102.4,97.5,0.3318,1000.0,1.0
ROUND_ROBIN,117,65691.8,2,load_zone_26,load_zone_26,load_zone_29,load_zone_26,dump_zone_3,197.4,244.2,0.6311,1000.0,1.0
ROUND_ROBIN,116,65714.0,1,load_zone_23,load_zone_23,dump_zone_22,load_zone_23,dump_zone_23,110.4,117.6,0.3584,1000.0,1.0
ROUND_ROBIN,115,65715.8,3,load_zone_23,load_zone_23,dump_zone_22,load_zone_23,dump_zone_22,119.3,114.0,0.3871,1000.0,1.08
ROUND_ROBIN,118,65829.5,3,load_zone_23,load_zone_23,dump_zone_22,load_zone_23,dump_zone_23,119.3,117.4,0.3871,1000.0,1.08
ROUND_ROBIN,119,65829.7,1,load_zone_23,load_zone_23,dump_zone_22,load_zone_23,dump_zone_22,110.4,119.3,0.3584,1000.0,1.0
ROUND_ROBIN,124,65936.4,2,load_zone_26,load_zone_26,load_zone_29,load_zone_26,dump_zone_3,197.4,248.2,0.6311,1000.0,1.0
ROUND_ROBIN,121,65946.1,3,load_zone_23,load_zone_23,dump_zone_22,load_zone_23,dump_zone_23,110.4,117.0,0.3584,1000.0,1.0
ROUND_ROBIN,120,65947.4,1,load_zone_23,load_zone_23,dump_zone_22,load_zone_23,dump_zone_22,110.4,110.4,0.3584,1000.0,1.0
ROUND_ROBIN,122,66057.2,1,load_zone_23,load_zone_23,dump_zone_22,load_zone_23,dump_zone_22,110.4,109.8,0.3584,1000.0,1.0
ROUND_ROBIN,123,66060.9,3,load_zone_23,load_zone_23,dump_zone_22,load_zone_23,dump_zone_23,110.4,116.3,0.3584,1000.0,1.0
ROUND_ROBIN,125,66171.4,1,load_zone_23,load_zone_23,dump_zone_22,load_zone_23,dump_zone_22,110.4,122.2,0.3584,1000.0,1.0
ROUND_ROBIN,126,66180.3,3,load_zone_23,load_zone_23,dump_zone_22,load_zone_23,dump_zone_23,110.4,114.2,0.3584,1000.0,1.0
ROUND_ROBIN,127,66183.3,2,load_zone_26,load_zone_26,load_zone_29,load_zone_26,dump_zone_3,197.4,235.9,0.6311,1000.0,1.0
ROUND_ROBIN,133,66289.3,1,load_zone_1,load_zone_1,dump_zone_2,load_zone_1,dump_zone_1,183.0,647.7,0.5877,1000.0,1.0
ROUND_ROBIN,128,66290.7,3,load_zone_2,load_zone_2,dump_zone_2,load_zone_2,dump_zone_2,208.4,215.3,0.6764,1000.0,1.0
ROUND_ROBIN,129,66420.4,2,load_zone_26,load_zone_26,load_zone_29,load_zone_26,dump_zone_3,213.2,242.5,0.6816,1000.0,1.08
ROUND_ROBIN,130,66508.4,3,load_zone_1,load_zone_1,dump_zone_2,load_zone_1,dump_zone_2,183.0,191.0,0.5877,1000.0,1.0
ROUND_ROBIN,132,66663.1,2,load_zone_26,load_zone_26,load_zone_29,load_zone_26,dump_zone_3,197.4,245.3,0.6311,1000.0,1.0
ROUND_ROBIN,131,66701.0,3,load_zone_1,load_zone_1,dump_zone_2,load_zone_1,dump_zone_2,183.0,185.1,0.5877,1000.0,1.0
ROUND_ROBIN,134,66885.3,3,load_zone_1,load_zone_1,dump_zone_2,load_zone_1,dump_zone_1,183.0,193.3,0.5877,1000.0,1.0
ROUND_ROBIN,136,66907.2,2,load_zone_26,load_zone_26,load_zone_29,load_zone_26,dump_zone_3,197.4,239.2,0.6311,1000.0,1.0
ROUND_ROBIN,135,66939.0,1,load_zone_1,load_zone_1,dump_zone_2,load_zone_1,dump_zone_2,183.0,176.6,0.5877,1000.0,1.0
ROUND_ROBIN,137,67077.7,3,load_zone_1,load_zone_1,dump_zone_2,load_zone_1,dump_zone_1,183.0,192.2,0.5877,1000.0,1.0
ROUND_ROBIN,138,67118.2,1,load_zone_1,load_zone_1,dump_zone_2,load_zone_1,dump_zone_2,183.0,183.5,0.5877,1000.0,1.0
ROUND_ROBIN,139,67146.5,2,load_zone_26,load_zone_26,load_zone_29,load_zone_26,dump_zone_3,197.4,243.1,0.6311,1000.0,1.0
ROUND_ROBIN,140,67270.1,3,load_zone_1,load_zone_1,dump_zone_2,load_zone_1,dump_zone_1,183.0,190.9,0.5877,1000.0,1.0
ROUND_ROBIN,141,67301.3,1,load_zone_1,load_zone_1,dump_zone_2,load_zone_1,dump_zone_2,183.0,182.5,0.5877,1000.0,1.0
ROUND_ROBIN,144,67757.6,3,dump_zone_1,load_zone_26,load_zone_29,load_zone_26,dump_zone_3,197.4,260.0,0.6311,1000.0,1.0
ROUND_ROBIN,142,67782.4,2,dump_zone_3,load_zone_22,dump_zone_23,load_zone_22,dump_zone_22,102.4,217.4,0.3318,1000.0,1.0
ROUND_ROBIN,143,67813.3,1,dump_zone_2,load_zone_22,dump_zone_23,load_zone_22,dump_zone_23,102.4,225.2,0.3318,1000.0,1.0
ROUND_ROBIN,145,67854.0,2,load_zone_22,load_zone_22,dump_zone_23,load_zone_22,dump_zone_23,102.4,97.8,0.3318,1000.0,1.0
ROUND_ROBIN,146,67865.7,1,load_zone_22,load_zone_22,dump_zone_23,load_zone_22,dump_zone_22,102.4,120.2,0.3318,1000.0,1.0
ROUND_ROBIN,149,67901.7,3,load_zone_26,load_zone_26,load_zone_29,load_zone_26,dump_zone_3,197.4,244.3,0.6311,1000.0,1.0
ROUND_ROBIN,147,67954.0,2,load_zone_22,load_zone_22,dump_zone_23,load_zone_22,dump_zone_22,102.4,115.5,0.3318,1000.0,1.0
ROUND_ROBIN,148,67982.4,1,load_zone_22,load_zone_22,dump_zone_23,load_zone_22,dump_zone_23,102.4,99.2,0.3318,1000.0,1.0
ROUND_ROBIN,153,68067.7,2,load_zone_22,load_zone_22,dump_zone_23,load_zone_22,dump_zone_22,102.4,313.1,0.3318,1000.0,1.0
ROUND_ROBIN,150,68085.2,1,load_zone_22,load_zone_22,dump_zone_23,load_zone_22,dump_zone_23,102.4,102.4,0.3318,1000.0,1.0
ROUND_ROBIN,154,68145.1,3,load_zone_26,load_zone_26,load_zone_29,load_zone_26,dump_zone_3,197.4,245.1,0.6311,1000.0,1.0
ROUND_ROBIN,151,68188.3,1,load_zone_22,load_zone_22,dump_zone_23,load_zone_22,dump_zone_23,102.4,97.6,0.3318,1000.0,1.0
ROUND_ROBIN,152,68284.4,1,load_zone_22,load_zone_22,dump_zone_23,load_zone_22,dump_zone_23,102.4,99.0,0.3318,1000.0,1.0
ROUND_ROBIN,155,68384.7,2,load_zone_23,load_zone_23,dump_zone_22,load_zone_23,dump_zone_23,110.4,114.9,0.3584,1000.0,1.0
ROUND_ROBIN,156,68385.0,1,load_zone_23,load_zone_23,dump_zone_22,load_zone_23,dump_zone_22,110.4,129.9,0.3584,1000.0,1.0
ROUND_ROBIN,157,68390.0,3,load_zone_26,load_zone_26,load_zone_29,load_zone_26,dump_zone_3,197.4,239.8,0.6311,1000.0,1.0
ROUND_ROBIN,158,68499.5,2,load_zone_23,load_zone_23,dump_zone_22,load_zone_23,dump_zone_23,110.4,140.2,0.3584,1000.0,1.0
ROUND_ROBIN,159,68510.4,1,load_zone_23,load_zone_23,dump_zone_22,load_zone_23,dump_zone_22,110.4,128.2,0.3584,1000.0,1.0
ROUND_ROBIN,164,68630.9,3,load_zone_26,load_zone_26,load_zone_29,load_zone_26,dump_zone_3,197.4,244.4,0.6311,1000.0,1.0
ROUND_ROBIN,161,68637.4,2,load_zone_23,load_zone_23,dump_zone_22,load_zone_23,dump_zone_23,110.4,116.3,0.3584,1000.0,1.0
ROUND_ROBIN,160,68643.0,1,load_zone_23,load_zone_23,dump_zone_22,load_zone_23,dump_zone_22,110.4,108.7,0.3584,1000.0,1.0
ROUND_ROBIN,163,68747.5,1,load_zone_23,load_zone_23,dump_zone_22,load_zone_23,dump_zone_22,110.4,119.7,0.3584,1000.0,1.0
ROUND_ROBIN,162,68755.2,2,load_zone_23,load_zone_23,dump_zone_22,load_zone_23,dump_zone_23,110.4,107.5,0.3584,1000.0,1.0
ROUND_ROBIN,166,68862.6,2,load_zone_23,load_zone_23,dump_zone_22,load_zone_23,dump_zone_22,110.4,109.2,0.3584,1000.0,1.0
ROUND_ROBIN,165,68866.9,1,load_zone_23,load_zone_23,dump_zone_22,load_zone_23,dump_zone_23,110.4,95.2,0.3584,1000.0,1.0
ROUND_ROBIN,167,68875.4,3,load_zone_26,load_zone_26,load_zone_29,load_zone_26,dump_zone_3,197.4,245.8,0.6311,1000.0,1.0
ROUND_ROBIN,168,69120.4,3,load_zone_26,load_zone_26,load_zone_29,load_zone_26,dump_zone_3,197.4,244.8,0.6311,1000.0,1.0
ROUND_ROBIN,169,69615.2,3,dump_zone_3,load_zone_22,dump_zone_23,load_zone_22,dump_zone_22,102.4,99.4,0.3318,1000.0,1.0
ROUND_ROBIN,170,69680.7,1,dump_zone_23,load_zone_26,load_zone_29,load_zone_26,dump_zone_3,197.4,241.1,0.6311,1000.0,1.0
ROUND_ROBIN,171,69707.1,2,dump_zone_22,load_zone_26,load_zone_29,load_zone_26,dump_zone_3,197.4,270.4,0.6311,1000.0,1.0
ROUND_ROBIN,172,69821.9,1,load_zone_26,load_zone_26,load_zone_29,load_zone_26,dump_zone_3,197.4,246.2,0.6311,1000.0,1.0
ROUND_ROBIN,173,69851.0,2,load_zone_26,load_zone_26,load_zone_29,load_zone_26,dump_zone_3,197.4,244.2,0.6311,1000.0,1.0
ROUND_ROBIN,174,70068.9,1,load_zone_26,load_zone_26,load_zone_29,load_zone_26,dump_zone_3,197.4,245.1,0.6311,1000.0,1.0
ROUND_ROBIN,175,70095.9,2,load_zone_26,load_zone_26,load_zone_29,load_zone_26,dump_zone_3,197.4,377.2,0.6311,1000.0,1.0
ROUND_ROBIN,176,70313.0,1,load_zone_26,load_zone_26,load_zone_29,load_zone_26,dump_zone_3,197.4,247.2,0.6311,1000.0,1.0
ROUND_ROBIN,177,70472.5,2,load_zone_26,load_zone_26,load_zone_29,load_zone_26,dump_zone_3,197.4,242.8,0.6311,1000.0,1.0
ROUND_ROBIN,178,70560.4,1,load_zone_26,load_zone_26,load_zone_29,load_zone_26,dump_zone_3,197.4,245.5,0.6311,1000.0,1.0
ROUND_ROBIN,179,70715.3,2,load_zone_26,load_zone_26,load_zone_29,load_zone_26,dump_zone_3,197.4,238.4,0.6311,1000.0,1.0
ROUND_ROBIN,180,70806.3,1,load_zone_26,load_zone_26,load_zone_29,load_zone_26,load_zone_29,197.4,197.4,0.6311,0.0,1.0
ROUND_ROBIN,182,70954.8,2,load_zone_25,load_zone_25,dump_zone_3,load_zone_25,dump_zone_3,382.9,296.4,1.2265,1000.0,1.0
ROUND_ROBIN,181,71003.1,1,load_zone_29,load_zone_29,dump_zone_3,load_zone_29,dump_zone_3,333.9,217.5,1.0749,1000.0,1.0
